user,timestamp,number_of_emails_dispatched,number_of_files_interacted,total_logon_attempts,usb_connection_incidents,nighttime_email_events,number_of_night_logons,trait_openness_score,trait_conscientiousness_score,trait_extraversion_score,trait_agreeableness_score,trait_neuroticism_score,weekday_index,is_weekend_day,email_volume_change_1d,logon_variation_1d,logon_rolling_average_7d,logon_to_email_event_ratio,usb_to_logon_ratio,file_to_email_ratio,email_volume_volatility_3d,logon_volatility_3d,predicted_threat_label
user_5000,2021-03-01 00:27:00,15,11,7,1,0,0,16,13,20,13,10,0,0,3.4196746433660334,2.16997379015518,8.688612328715156,0.4666666666666667,0.14285714285714285,0.7333333333333333,0.8836853804794115,0.38516556831592086,0
user_5001,2021-03-01 00:42:00,23,11,6,1,3,0,18,14,8,20,16,0,0,1.5747584063767408,5.730484911801911,7.828678649591965,0.2608695652173913,0.16666666666666666,0.4782608695652174,0.3611880116759093,0.7842273804645342,0
user_5002,2021-03-01 00:57:00,22,6,8,1,3,1,13,20,12,5,19,0,0,6.992209092349444,3.210118946243058,8.827409286516218,0.36363636363636365,0.125,0.2727272727272727,0.4321219565427574,0.8208567818562691,0
user_5003,2021-03-01 01:12:00,21,8,8,1,2,1,9,5,8,5,5,0,0,9.376982413598006,2.690534982524471,2.786315076822429,0.38095238095238093,0.125,0.38095238095238093,0.7524361389192459,0.6475499589366283,0
user_5004,2021-03-01 01:27:00,16,10,2,0,1,0,8,9,8,5,12,0,0,3.414071037755458,3.8285459447146604,2.3417178725351264,0.125,0.0,0.625,0.22633462201147475,0.5019153796472208,0
user_5005,2021-03-01 01:42:00,25,9,4,0,2,1,9,15,15,17,17,0,0,3.7533481398888124,1.557376983906043,6.130893152914557,0.16,0.0,0.36,0.44320282428428626,0.8373550479104093,0
user_5006,2021-03-01 01:57:00,20,10,4,0,2,0,11,19,11,19,7,0,0,1.1491964491353008,5.027953192542198,7.743156784227934,0.2,0.0,0.5,0.4602969665514086,0.3117393431367128,0
user_5007,2021-03-01 02:12:00,19,11,3,0,2,0,9,11,8,19,14,0,0,3.770228079946903,7.06233481614591,1.6141745406109864,0.15789473684210525,0.0,0.5789473684210527,0.3166211564505685,0.13034629489249608,0
user_5008,2021-03-01 02:27:00,25,11,14,2,1,0,19,12,16,5,10,0,0,9.091220564267942,2.5427908516531623,5.850815562020724,0.56,0.14285714285714285,0.44,0.28594190885845383,0.31744805532364967,0
user_5009,2021-03-01 02:42:00,22,9,10,0,0,1,8,9,18,19,15,0,0,2.617497116185616,2.4153109800371064,7.930255905749377,0.45454545454545453,0.0,0.4090909090909091,0.8180252462862561,0.39586542942866176,0
user_5010,2021-03-01 02:57:00,21,6,2,1,4,1,16,20,7,6,15,0,0,2.917865769771713,5.736192277059869,10.048975875919458,0.09523809523809523,0.5,0.2857142857142857,0.8275145687738571,0.3667680873334027,0
user_5011,2021-03-01 03:12:00,22,8,7,0,3,0,13,18,5,7,11,0,0,6.601541057666459,4.458182702234781,11.3563656670021,0.3181818181818182,0.0,0.36363636363636365,0.1638528818882286,0.7598036669587542,1
user_5012,2021-03-01 03:27:00,12,10,10,1,2,1,17,20,9,7,16,0,0,3.8467692690612645,6.150488647843058,7.696998722771988,0.8333333333333334,0.1,0.8333333333333334,0.7188382558148741,0.2651683373419882,1
user_5013,2021-03-01 03:42:00,14,6,7,1,4,1,17,16,13,13,14,0,0,4.209449821319299,6.996268856470938,7.185682579201002,0.5,0.14285714285714285,0.42857142857142855,0.5499569393144175,0.6582835727368144,0
user_5014,2021-03-01 03:57:00,23,11,6,2,3,0,19,11,11,8,15,0,0,1.6798023164173488,1.5076085948258444,8.855678636893467,0.2608695652173913,0.3333333333333333,0.4782608695652174,0.24312688903644908,0.48349687616026404,0
user_5015,2021-03-01 04:12:00,24,4,5,1,1,1,18,17,18,20,7,0,0,7.450980577357061,0.10364730897841816,4.97352305823468,0.20833333333333334,0.2,0.16666666666666666,0.6461625301696532,0.2249569906666054,0
user_5016,2021-03-01 04:27:00,22,9,7,2,1,0,10,17,19,16,9,0,0,5.736948658979272,7.7500894879943925,10.393729922248005,0.3181818181818182,0.2857142857142857,0.4090909090909091,0.8724634905014776,0.12744988034077365,0
user_5017,2021-03-01 04:42:00,18,7,5,1,1,1,5,11,12,20,13,0,0,3.775975238111176,6.038824836168384,2.5466180812651547,0.2777777777777778,0.2,0.3888888888888889,0.5765645944663149,0.8841974265973089,0
user_5018,2021-03-01 04:57:00,24,11,4,2,1,0,8,17,13,10,5,0,0,0.994938679721366,5.627869338458187,2.9809934592214438,0.16666666666666666,0.5,0.4583333333333333,0.5833786871487653,0.8688119245513616,0
user_5019,2021-03-01 05:12:00,29,6,5,1,2,1,20,9,17,5,15,0,0,0.8512333367873216,7.727711245106333,4.619047344564619,0.1724137931034483,0.2,0.20689655172413793,0.8814948666175916,0.8851087218876109,0
user_5020,2021-03-01 05:27:00,22,12,3,1,4,0,18,9,16,16,20,0,0,9.437485553073916,4.558880663761678,8.005691091922674,0.13636363636363635,0.3333333333333333,0.5454545454545454,0.32082429397428336,0.7511308779659291,0
user_5021,2021-03-01 05:42:00,21,11,4,0,1,0,19,9,13,15,17,0,0,7.136406384012443,4.24446196918396,1.9659265603022706,0.19047619047619047,0.0,0.5238095238095238,0.40521875098978744,0.7317122671393824,0
user_5022,2021-03-01 05:57:00,15,13,4,1,3,0,14,13,19,8,18,0,0,8.542421984719715,2.3818211287057816,5.825878447502078,0.26666666666666666,0.25,0.8666666666666667,0.6482034411009847,0.2743649296065356,0
user_5023,2021-03-01 06:12:00,17,11,6,1,1,0,16,6,15,5,13,0,0,7.96925294606668,5.301807987920614,3.730675469604318,0.35294117647058826,0.16666666666666666,0.6470588235294118,0.7415737936442551,0.1112446968506619,0
user_5024,2021-03-01 06:27:00,20,14,8,2,3,1,19,8,10,9,10,0,0,4.179103657791952,4.420131103306347,8.477959106411753,0.4,0.25,0.7,0.6036536817726715,0.48400806667706264,0
user_5025,2021-03-01 06:42:00,28,11,9,1,0,1,5,6,15,15,6,0,0,6.673089660377617,4.27956409970284,1.5698341732915284,0.32142857142857145,0.1111111111111111,0.39285714285714285,0.35717833267611987,0.8962494654716626,0
user_5026,2021-03-01 06:57:00,16,6,8,1,1,2,11,20,8,19,20,0,0,6.114605532964883,7.628801418743825,10.913722483164614,0.5,0.125,0.375,0.846726553113344,0.4693367790613584,0
user_5027,2021-03-01 07:12:00,22,16,5,2,5,0,9,20,5,19,11,0,0,2.2771993960514267,4.864649932517797,5.709563356231108,0.22727272727272727,0.4,0.7272727272727273,0.34705365717759373,0.3945991721895107,0
user_5028,2021-03-01 07:27:00,18,11,6,1,0,2,15,16,19,5,19,0,0,8.572578419651853,4.468461535331024,9.576332072961385,0.3333333333333333,0.16666666666666666,0.6111111111111112,0.8274227846923279,0.319791593884904,0
user_5029,2021-03-01 07:42:00,21,7,3,1,1,2,6,11,17,13,5,0,0,7.700086445484871,2.6292896866650417,2.449353456989551,0.14285714285714285,0.3333333333333333,0.3333333333333333,0.474363341214981,0.8146788085130285,0
user_5030,2021-03-01 07:57:00,19,14,6,0,2,0,8,10,13,6,6,0,0,3.4215715570164007,3.021754507828656,9.143189446915537,0.3157894736842105,0.0,0.7368421052631579,0.1769772666524666,0.5288920168070365,1
user_5031,2021-03-01 08:12:00,19,6,12,0,1,1,13,12,8,11,5,0,0,5.553097714619865,5.400162603679722,7.811281597984971,0.631578947368421,0.0,0.3157894736842105,0.30935470260687103,0.7891549410237224,0
user_5032,2021-03-01 08:27:00,22,10,5,1,1,0,7,6,8,12,7,0,0,6.712834423914174,5.188251896314406,1.853621059347635,0.22727272727272727,0.2,0.45454545454545453,0.2023092569254609,0.988504144107706,0
user_5033,2021-03-01 08:42:00,16,11,7,1,4,0,15,10,5,6,13,0,0,2.3781006808724703,1.1294602028107092,2.9739699804407898,0.4375,0.14285714285714285,0.6875,0.8755128697545361,0.9772932302787443,0
user_5034,2021-03-01 08:57:00,24,17,5,0,3,0,14,19,6,19,10,0,0,6.082214629271823,6.991257830211003,4.855119711318914,0.20833333333333334,0.0,0.7083333333333334,0.5533868994220589,0.3446631258855913,0
user_5035,2021-03-01 09:12:00,24,10,5,1,1,1,15,18,8,12,18,0,0,7.421475273753777,3.895491887090614,5.292636543721946,0.20833333333333334,0.2,0.4166666666666667,0.6472275068028503,0.8577271809538476,1
user_5036,2021-03-01 09:27:00,18,14,7,3,3,1,19,10,12,18,9,0,0,2.679556102563828,6.5324206173715265,4.678767175768865,0.3888888888888889,0.42857142857142855,0.7777777777777778,0.2320432503451104,0.8839709853295412,0
user_5037,2021-03-01 09:42:00,18,5,8,1,3,2,17,14,7,18,10,0,0,1.9888761681981646,2.0219358080981644,2.0002301126103292,0.4444444444444444,0.125,0.2777777777777778,0.6973821628695193,0.8149507596241049,0
user_5038,2021-03-01 09:57:00,25,10,5,0,3,0,17,14,20,15,18,0,0,7.21032969872879,6.602073634733341,7.630446945252383,0.2,0.0,0.4,0.25130724936102267,0.11123785086614423,0
user_5039,2021-03-01 10:12:00,21,12,3,1,3,2,15,8,6,5,14,0,0,1.859598901458226,2.9928485535127254,1.6201172874718006,0.14285714285714285,0.3333333333333333,0.5714285714285714,0.22188127518389417,0.8840531702966762,0
user_5040,2021-03-01 10:27:00,22,12,7,1,1,0,9,5,7,19,15,0,0,9.580989154938916,6.274288555259063,4.040520864468293,0.3181818181818182,0.14285714285714285,0.5454545454545454,0.7606880376898117,0.12742130278147928,0
user_5041,2021-03-01 10:42:00,14,8,7,0,1,1,10,20,11,9,6,0,0,4.600627293511357,3.811751268422454,2.6934591015583687,0.5,0.0,0.5714285714285714,0.4332058277445645,0.3209289867174622,0
user_5042,2021-03-01 10:57:00,13,9,4,3,4,0,11,19,6,15,15,0,0,1.2852741217379715,6.121168932089523,10.681245340743505,0.3076923076923077,0.75,0.6923076923076923,0.7236893724432382,0.7104646193633095,0
user_5043,2021-03-01 11:12:00,21,7,6,1,0,1,7,16,18,19,13,0,0,3.8957699529137932,3.9633273019228814,10.062383204573873,0.2857142857142857,0.16666666666666666,0.3333333333333333,0.5174843883931712,0.8127022023547836,0
user_5044,2021-03-01 11:27:00,24,15,7,1,2,2,20,11,15,8,8,0,0,0.3616745319090222,2.5463111761123054,8.91613173816966,0.2916666666666667,0.14285714285714285,0.625,0.15532513322566344,0.11231599545288377,0
user_5045,2021-03-01 11:42:00,25,10,7,0,1,0,9,15,15,20,12,0,0,3.550496218245884,3.9934523367112194,9.83425581171709,0.28,0.0,0.4,0.1540248508007058,0.8002836801122593,0
user_5046,2021-03-01 11:57:00,28,12,5,0,2,1,18,17,9,5,10,0,0,5.444403937205899,4.55700430332944,0.6631633785387117,0.17857142857142858,0.0,0.42857142857142855,0.7294783029266843,0.3096913284440283,0
user_5047,2021-03-01 12:12:00,25,18,11,0,1,1,15,9,20,18,13,0,0,4.693212618644609,0.4346657966252272,3.9171092110030705,0.44,0.0,0.72,0.231763401546203,0.33017227067789745,0
user_5048,2021-03-01 12:27:00,21,9,5,1,1,1,7,5,13,19,13,0,0,8.196428252131975,5.194429697086953,8.402257384291378,0.23809523809523808,0.2,0.42857142857142855,0.9539889577681222,0.8992780183899367,0
user_5049,2021-03-01 12:42:00,29,11,6,1,0,2,10,13,15,9,14,0,0,0.2648352317585053,1.2839836701344116,3.797424778514061,0.20689655172413793,0.16666666666666666,0.3793103448275862,0.32651899908790677,0.8156974205217598,0
user_5050,2021-03-01 12:57:00,22,11,6,2,1,0,15,6,5,7,5,0,0,6.767420006864953,2.3912264532156424,3.124177571458793,0.2727272727272727,0.3333333333333333,0.5,0.4293369446229848,0.39541953191652335,0
user_5051,2021-03-01 13:12:00,18,12,7,1,1,0,13,12,11,20,20,0,0,9.971905051603468,2.5643167602602985,7.034583655068383,0.3888888888888889,0.14285714285714285,0.6666666666666666,0.7684558740422812,0.3377078503953469,0
user_5052,2021-03-01 13:27:00,21,14,5,1,2,0,10,13,18,12,10,0,0,6.433073714859533,1.933010340601356,2.115230581861381,0.23809523809523808,0.2,0.6666666666666666,0.8925166558735647,0.3282113793311191,0
user_5053,2021-03-01 13:42:00,17,7,7,0,4,0,15,6,11,9,16,0,0,8.115087617743908,2.456638745949379,11.514439928599828,0.4117647058823529,0.0,0.4117647058823529,0.7309024296734367,0.5118955261541577,0
user_5054,2021-03-01 13:57:00,18,9,4,0,4,0,14,20,9,13,15,0,0,8.211928269259365,2.762364255182669,2.2926967394109057,0.2222222222222222,0.0,0.5,0.4172342480237351,0.686491470360947,0
user_5055,2021-03-01 14:12:00,16,7,7,0,3,1,5,12,8,17,12,0,0,2.839778561894902,5.839978154269782,0.9722139497470776,0.4375,0.0,0.4375,0.8883175170168042,0.42560641099793817,0
user_5056,2021-03-01 14:27:00,17,12,8,0,0,0,11,12,12,7,18,0,0,5.657219785116564,3.6711126537950753,10.965971675114941,0.47058823529411764,0.0,0.7058823529411765,0.98260122268526,0.744104673842642,0
user_5057,2021-03-01 14:42:00,24,9,4,1,1,1,9,13,5,13,18,0,0,0.6997300724252009,4.496103156676528,4.377108715249026,0.16666666666666666,0.25,0.375,0.34876850248657176,0.10944732414729855,0
user_5058,2021-03-01 14:57:00,19,16,7,0,1,0,6,6,20,6,20,0,0,3.5791518823371185,2.072277824684977,4.018970843394703,0.3684210526315789,0.0,0.8421052631578947,0.7159112667239543,0.8061217145065285,0
user_5059,2021-03-01 15:12:00,21,5,3,2,1,0,6,6,12,20,8,0,0,0.17990227941445713,5.4566739987483235,9.936078637170773,0.14285714285714285,0.6666666666666666,0.23809523809523808,0.9278967207755834,0.7634586600873475,0
user_5060,2021-03-01 15:27:00,16,7,7,1,1,1,6,17,5,11,18,0,0,5.188775330529747,6.536453399617189,10.438578360823188,0.4375,0.14285714285714285,0.4375,0.13583214495202384,0.6693286851487821,0
user_5061,2021-03-01 15:42:00,26,10,8,1,2,0,10,19,19,20,6,0,0,3.7506326222602966,3.960389266381359,4.708856031510384,0.3076923076923077,0.125,0.38461538461538464,0.4727746738072688,0.6924708644149702,0
user_5062,2021-03-01 15:57:00,12,16,12,0,1,2,13,17,9,12,15,0,0,1.021991107447186,5.755449490834036,11.85661085152178,1.0,0.0,1.3333333333333333,0.857512559599083,0.1406415338169491,0
user_5063,2021-03-01 16:12:00,14,7,9,1,3,1,5,10,19,7,11,0,0,6.969550625281379,4.250544226420293,3.6209970421115547,0.6428571428571429,0.1111111111111111,0.5,0.5487559602228939,0.4086215765671829,0
user_5064,2021-03-01 16:27:00,18,8,10,2,2,1,13,14,12,11,7,0,0,6.345152018660437,4.354853417701613,7.013676936078582,0.5555555555555556,0.2,0.4444444444444444,0.18557083716428774,0.40665208450320955,0
user_5065,2021-03-01 16:42:00,17,13,10,1,3,0,6,11,17,10,11,0,0,6.633887466617274,0.6514110449991669,6.140945738565816,0.5882352941176471,0.1,0.7647058823529411,0.6411632596985875,0.5777650446417607,0
user_5066,2021-03-01 16:57:00,17,6,4,1,1,1,14,10,10,8,11,0,0,5.889449830756542,7.869120022823191,7.369427953384319,0.23529411764705882,0.25,0.35294117647058826,0.8756708278863558,0.5231517722548106,0
user_5067,2021-03-01 17:12:00,22,15,5,0,2,1,11,19,16,8,17,0,0,1.027377663666344,6.142906033432993,11.120317414508996,0.22727272727272727,0.0,0.6818181818181818,0.613817535619825,0.653633187369181,0
user_5068,2021-03-01 17:27:00,9,12,6,0,3,1,18,7,8,20,16,0,0,6.163374018566424,0.5692044932338959,6.420538066133199,0.6666666666666666,0.0,1.3333333333333333,0.5241228210247904,0.13764850565576112,0
user_5069,2021-03-01 17:42:00,19,12,4,0,2,0,15,16,6,20,8,0,0,8.79850499416319,2.701155430279959,4.907176767805188,0.21052631578947367,0.0,0.631578947368421,0.2697490912369477,0.46975900678049265,0
user_5070,2021-03-01 17:57:00,27,10,4,1,2,0,7,12,11,17,19,0,0,8.275760701541056,5.601709958344502,0.6669415673762578,0.14814814814814814,0.25,0.37037037037037035,0.30618517506848547,0.8341097273572611,0
user_5071,2021-03-01 18:12:00,22,11,7,0,3,0,10,14,9,14,17,0,0,8.685115466192586,4.535303236158004,11.60891811308368,0.3181818181818182,0.0,0.5,0.14414830044813592,0.5954478978353519,0
user_5072,2021-03-01 18:27:00,20,14,7,0,1,3,15,5,11,5,8,0,0,3.7877382347853614,2.712916464773903,5.033825824937056,0.35,0.0,0.7,0.9323359297788287,0.9169814688195908,0
user_5073,2021-03-01 18:42:00,22,13,6,2,0,1,15,19,7,15,12,0,0,8.258895985051977,4.3191557861539405,1.6322085182873378,0.2727272727272727,0.3333333333333333,0.5909090909090909,0.9486597165458016,0.2411097248468711,0
user_5074,2021-03-01 18:57:00,19,7,7,1,4,1,15,11,5,18,12,0,0,5.307433436282347,0.6726118072428459,10.025012661913193,0.3684210526315789,0.14285714285714285,0.3684210526315789,0.6580677613629374,0.45232637061393866,0
user_5075,2021-03-01 19:12:00,20,10,8,0,3,0,13,7,18,15,17,0,0,4.501633518192196,6.535772835893084,4.298733973992644,0.4,0.0,0.5,0.6221839342658654,0.9066044822570215,0
user_5076,2021-03-01 19:27:00,27,5,5,0,2,0,8,15,8,6,19,0,0,4.199525470755227,3.3130556390248374,8.127593122347715,0.18518518518518517,0.0,0.18518518518518517,0.9858754111393284,0.6327331838969601,0
user_5077,2021-03-01 19:42:00,24,10,9,2,3,1,14,17,12,17,6,0,0,8.229241357355072,6.460798833113904,10.31459859058451,0.375,0.2222222222222222,0.4166666666666667,0.42000826070238806,0.4031700945206821,0
user_5078,2021-03-01 19:57:00,25,11,2,0,0,1,6,6,5,10,10,0,0,1.509171027635208,1.9452038840161274,6.080415142866444,0.08,0.0,0.44,0.6460028189741366,0.16374878833513762,0
user_5079,2021-03-01 20:12:00,24,16,6,1,1,0,18,11,11,8,12,0,0,3.359481049234015,3.294497466008093,4.340717217925707,0.25,0.16666666666666666,0.6666666666666666,0.8315243415769523,0.9107218572389286,0
user_5080,2021-03-01 20:27:00,19,15,7,0,2,0,7,14,5,13,19,0,0,9.303439998930534,5.61603549743605,11.577038336619221,0.3684210526315789,0.0,0.7894736842105263,0.5053395021537582,0.20357953271871354,0
user_5081,2021-03-01 20:42:00,22,13,10,2,2,2,13,8,18,14,15,0,0,3.5523020268625194,2.2887915354456125,11.606855426862435,0.45454545454545453,0.2,0.5909090909090909,0.23442941958144048,0.49298905395510706,0
user_5082,2021-03-01 20:57:00,21,10,8,0,1,0,17,15,16,5,12,0,0,9.621364304150271,4.896860227705856,2.5937207602643237,0.38095238095238093,0.0,0.47619047619047616,0.6342375936996415,0.958183640338054,0
user_5083,2021-03-01 21:12:00,27,8,2,1,4,1,11,20,6,12,9,0,0,3.1610596321622704,3.6350199187882377,6.952502787264453,0.07407407407407407,0.5,0.2962962962962963,0.2843361441900932,0.7179153887407123,0
user_5084,2021-03-01 21:27:00,24,10,6,0,2,0,17,15,15,16,14,0,0,7.9960365119570715,7.152123408878588,1.9650725481271685,0.25,0.0,0.4166666666666667,0.9492504818011177,0.2111529023070905,0
user_5085,2021-03-01 21:42:00,29,12,7,2,5,1,16,18,8,14,15,0,0,7.088762633348243,5.72747330997673,3.2778186802978175,0.2413793103448276,0.2857142857142857,0.41379310344827586,0.9258764419825612,0.3384463402498393,0
user_5086,2021-03-01 21:57:00,21,7,5,1,4,0,20,8,17,13,13,0,0,6.210555360712081,6.476298797439288,2.5098519590992443,0.23809523809523808,0.2,0.3333333333333333,0.48154358234700045,0.5233228362639533,1
user_5087,2021-03-01 22:12:00,27,9,2,1,1,1,19,18,13,7,13,0,0,2.715356416464654,0.347936841870504,8.350719576810768,0.07407407407407407,0.5,0.3333333333333333,0.27889486995437635,0.8577025675753354,0
user_5088,2021-03-01 22:27:00,19,8,9,2,1,0,19,16,5,20,7,0,0,0.6202640131891755,4.425176776257622,9.240844111608249,0.47368421052631576,0.2222222222222222,0.42105263157894735,0.17816513954551505,0.2891592522707694,0
user_5089,2021-03-01 22:42:00,25,7,3,1,1,0,19,5,17,5,8,0,0,6.8675028200364014,5.769206667148326,0.8766586814225645,0.12,0.3333333333333333,0.28,0.1040672545504376,0.38615123934599294,0
user_5090,2021-03-01 22:57:00,23,9,5,0,3,1,13,10,7,10,19,0,0,1.1982587695380937,7.363439942521175,3.6418580158076463,0.21739130434782608,0.0,0.391304347826087,0.9644770932894716,0.7516570468280502,0
user_5091,2021-03-01 23:12:00,20,9,6,0,4,0,5,6,14,9,5,0,0,5.100645649379428,7.241965286938092,10.55196954950992,0.3,0.0,0.45,0.8762564263038287,0.5208834338516195,0
user_5092,2021-03-01 23:27:00,9,8,7,1,3,0,20,13,5,16,6,0,0,2.876462870179766,6.451827435914073,2.786718313421572,0.7777777777777778,0.14285714285714285,0.8888888888888888,0.2041175033002732,0.6900322568184437,0
user_5093,2021-03-01 23:42:00,26,7,5,1,0,0,17,12,10,12,9,0,0,5.2207356362999615,0.38173933716392483,7.533845228236099,0.19230769230769232,0.2,0.2692307692307692,0.8934147842585305,0.8770399913541002,0
user_5094,2021-03-01 23:57:00,20,9,11,0,2,0,20,16,20,19,20,0,0,2.8217255921807434,0.9306763203429016,9.874048753410445,0.55,0.0,0.45,0.6673288356117345,0.6432368226572214,0
user_5095,2021-03-02 00:12:00,23,5,2,0,1,1,5,15,16,6,16,1,0,8.269716258401399,6.213964417578424,7.354092698114134,0.08695652173913043,0.0,0.21739130434782608,0.9348963969184882,0.714841435165121,0
user_5096,2021-03-02 00:27:00,23,10,8,2,2,0,9,17,13,8,9,1,0,6.804512872420521,2.732778116717502,10.293186298822913,0.34782608695652173,0.25,0.43478260869565216,0.2537828401858285,0.9267376520147782,1
user_5097,2021-03-02 00:42:00,21,6,5,0,1,0,12,9,11,15,19,1,0,8.344627526993971,2.5253371849098953,6.951235665219782,0.23809523809523808,0.0,0.2857142857142857,0.46890653013879224,0.6338652879160415,0
user_5098,2021-03-02 00:57:00,22,10,5,0,1,1,5,10,10,11,20,1,0,9.769094600478997,2.458579463176958,11.565672360710353,0.22727272727272727,0.0,0.45454545454545453,0.9190218827094242,0.6940071452472929,0
user_5099,2021-03-02 01:12:00,23,7,5,2,3,0,10,14,11,15,18,1,0,4.2258480209678995,7.5604169101497245,9.993069077325307,0.21739130434782608,0.4,0.30434782608695654,0.9361997918289605,0.6933121177315098,0
user_5100,2021-03-02 01:27:00,13,12,5,0,0,1,5,10,13,8,14,1,0,8.255920932096478,6.58392862468302,10.80311480470143,0.38461538461538464,0.0,0.9230769230769231,0.21899893061541026,0.39776924476550246,0
user_5101,2021-03-02 01:42:00,15,5,5,2,2,0,17,17,12,12,11,1,0,1.5997209989008259,0.6855219988518275,4.141038857684251,0.3333333333333333,0.4,0.3333333333333333,0.5599110007226727,0.3938895409534232,0
user_5102,2021-03-02 01:57:00,23,12,4,1,3,0,18,14,5,11,10,1,0,5.239947358745583,6.210729378590845,9.260112233505499,0.17391304347826086,0.25,0.5217391304347826,0.9223296338123286,0.7317873295881521,1
user_5103,2021-03-02 02:12:00,14,7,3,0,3,0,18,19,18,5,7,1,0,1.032646786352196,6.38962722682663,5.550264814262692,0.21428571428571427,0.0,0.5,0.8978819818966729,0.7146381241579244,0
user_5104,2021-03-02 02:27:00,17,10,6,0,4,0,20,14,18,5,14,1,0,6.172012956585382,3.2577594030404344,3.543373676192346,0.35294117647058826,0.0,0.5882352941176471,0.5220375600996469,0.8637587710827214,0
user_5105,2021-03-02 02:42:00,27,6,6,3,0,0,18,20,18,15,14,1,0,3.392559810338489,6.87266519894774,9.976843795167309,0.2222222222222222,0.5,0.2222222222222222,0.9515192907211326,0.4952491936391712,0
user_5106,2021-03-02 02:57:00,23,13,7,1,2,1,14,20,13,18,13,1,0,5.206687105144337,6.953824299424019,8.558335170316557,0.30434782608695654,0.14285714285714285,0.5652173913043478,0.7280965550722862,0.7364391370114919,0
user_5107,2021-03-02 03:12:00,13,11,8,2,3,0,16,13,8,20,14,1,0,9.57007663284092,0.4747286842516869,2.024058359571779,0.6153846153846154,0.25,0.8461538461538461,0.7664049618735832,0.40293039252909635,0
user_5108,2021-03-02 03:27:00,21,11,8,0,3,0,16,18,16,18,12,1,0,3.400967550342868,7.374230782210808,8.136307600788419,0.38095238095238093,0.0,0.5238095238095238,0.9799485216462998,0.1166616034175199,0
user_5109,2021-03-02 03:42:00,17,14,7,2,4,0,12,14,16,9,15,1,0,4.601576304631611,3.538023770577514,11.402995233271158,0.4117647058823529,0.2857142857142857,0.8235294117647058,0.6659030126604502,0.8560951838770914,0
user_5110,2021-03-02 03:57:00,19,11,2,0,0,1,10,10,15,19,5,1,0,0.3963065777084077,3.2048133231772304,8.385466653545883,0.10526315789473684,0.0,0.5789473684210527,0.5742021994206319,0.3998127085444534,0
user_5111,2021-03-02 04:12:00,19,7,8,1,1,0,16,9,18,10,7,1,0,5.588785841781971,4.2916809926490425,10.057265444082654,0.42105263157894735,0.125,0.3684210526315789,0.5187500843752181,0.4415545643389731,0
user_5112,2021-03-02 04:27:00,15,11,2,0,1,0,10,17,9,15,5,1,0,7.813894313639164,4.851978249031443,3.4683368951184343,0.13333333333333333,0.0,0.7333333333333333,0.462152490454102,0.6491768322532391,0
user_5113,2021-03-02 04:42:00,33,18,10,0,6,0,6,11,14,19,12,1,0,5.711251401758196,3.2455229629730047,10.489026443720311,0.30303030303030304,0.0,0.5454545454545454,0.9583099933733887,0.444175740379394,1
user_5114,2021-03-02 04:57:00,15,7,2,0,5,0,10,10,20,11,13,1,0,3.836828808573702,4.198196242549984,10.366538811270743,0.13333333333333333,0.0,0.4666666666666667,0.4734666690193118,0.7466170332522587,1
user_5115,2021-03-02 05:12:00,17,7,6,1,2,1,6,6,9,9,7,1,0,3.138767702017018,3.644864680192766,10.838004111698957,0.35294117647058826,0.16666666666666666,0.4117647058823529,0.5705857267146012,0.6993803375398361,0
user_5116,2021-03-02 05:27:00,13,6,7,0,2,1,20,20,8,10,18,1,0,6.277543616516781,5.984466015319243,10.136816687210496,0.5384615384615384,0.0,0.46153846153846156,0.5330713939576524,0.5453673402394266,0
user_5117,2021-03-02 05:42:00,22,12,7,0,4,1,6,19,12,15,17,1,0,9.374427509444605,3.652476619456402,1.8897562358288036,0.3181818181818182,0.0,0.5454545454545454,0.9166604500109704,0.22872686793494051,0
user_5118,2021-03-02 05:57:00,14,13,11,1,2,1,17,19,7,8,7,1,0,2.9375616159679057,5.209943453764902,11.878354806233558,0.7857142857142857,0.09090909090909091,0.9285714285714286,0.8033724911374114,0.8275812876222101,0
user_5119,2021-03-02 06:12:00,27,5,6,1,2,0,18,11,8,10,10,1,0,8.932580075706003,2.214378820372574,7.330035954525294,0.2222222222222222,0.16666666666666666,0.18518518518518517,0.6924794174807944,0.1043289724694979,0
user_5120,2021-03-02 06:27:00,31,16,12,0,1,1,11,19,9,8,12,1,0,8.234728854770768,3.7210357397623786,10.776860330834118,0.3870967741935484,0.0,0.5161290322580645,0.9471072528553903,0.46761480472614325,1
user_5121,2021-03-02 06:42:00,22,12,2,1,3,1,10,12,15,18,16,1,0,5.757592825428406,0.4383937204498689,8.264180665176683,0.09090909090909091,0.5,0.5454545454545454,0.5401230750099507,0.2520517817449277,0
user_5122,2021-03-02 06:57:00,26,10,11,0,2,0,18,20,8,15,15,1,0,8.108681824833075,4.972834632775821,1.0096546975841796,0.4230769230769231,0.0,0.38461538461538464,0.3648313143635329,0.4944665808942207,0
user_5123,2021-03-02 07:12:00,16,13,5,1,2,0,9,11,18,5,11,1,0,5.392547762549958,3.4376223814563547,1.7774499865246123,0.3125,0.2,0.8125,0.659098070699271,0.7231288090184318,0
user_5124,2021-03-02 07:27:00,26,16,6,0,3,2,15,8,13,12,6,1,0,0.18526293855917741,6.888473735561342,3.721996466021,0.23076923076923078,0.0,0.6153846153846154,0.10147133714941524,0.3930373753385884,0
user_5125,2021-03-02 07:42:00,19,9,6,1,2,0,9,16,5,18,13,1,0,8.305899454066738,6.654567383547951,1.8393659444826613,0.3157894736842105,0.16666666666666666,0.47368421052631576,0.17233184053583206,0.7991533264395372,0
user_5126,2021-03-02 07:57:00,11,3,2,0,1,1,19,12,5,12,15,1,0,1.8148040565719445,5.357359827530231,4.683088361359541,0.18181818181818182,0.0,0.2727272727272727,0.3260598857935335,0.30025420636612443,0
user_5127,2021-03-02 08:12:00,19,11,5,1,1,1,15,17,15,6,19,1,0,8.612800858797579,3.7887103374331312,4.248906891343505,0.2631578947368421,0.2,0.5789473684210527,0.5166062074280549,0.4215579790983305,0
user_5128,2021-03-02 08:27:00,15,13,8,0,4,2,12,9,10,5,7,1,0,8.25213665670793,6.550149138343177,9.943939805961417,0.5333333333333333,0.0,0.8666666666666667,0.904911166561289,0.6602941122932433,0
user_5129,2021-03-02 08:42:00,13,13,1,2,2,2,12,8,15,13,5,1,0,7.019792238197365,6.566876888338112,0.964805817977464,0.07692307692307693,2.0,1.0,0.9731205669628101,0.9011528036526812,1
user_5130,2021-03-02 08:57:00,24,8,2,0,1,1,9,6,12,19,18,1,0,1.1570192958178538,5.049948390193938,6.472661663067333,0.08333333333333333,0.0,0.3333333333333333,0.628688869301144,0.7005052154817712,0
user_5131,2021-03-02 09:12:00,23,9,10,1,3,2,13,18,7,17,10,1,0,1.5829863329343226,2.648958533208419,2.9080394269537506,0.43478260869565216,0.1,0.391304347826087,0.8789306207015728,0.6404307312777783,0
user_5132,2021-03-02 09:27:00,25,6,10,1,3,2,12,6,18,15,14,1,0,7.783980187931413,1.731105650905139,5.360042847474969,0.4,0.1,0.24,0.3873159754919512,0.22983234979294537,0
user_5133,2021-03-02 09:42:00,25,11,8,1,2,1,14,5,18,19,10,1,0,2.879869341014939,6.904884621095014,3.4862231572075975,0.32,0.125,0.44,0.9861979978361918,0.20626247070233134,0
user_5134,2021-03-02 09:57:00,22,11,4,1,2,1,7,17,9,17,17,1,0,3.0516211454848525,5.505560866470833,3.4275564478957223,0.18181818181818182,0.25,0.5,0.1610553146724582,0.4848939252726494,0
user_5135,2021-03-02 10:12:00,18,12,8,2,4,3,17,11,8,16,18,1,0,2.2429691122273265,5.828403315545738,1.3560562919753028,0.4444444444444444,0.25,0.6666666666666666,0.9252156442302922,0.2842179105994357,0
user_5136,2021-03-02 10:27:00,18,15,2,0,1,1,6,12,13,16,6,1,0,2.3656546440540467,3.501598933117431,5.049724938377073,0.1111111111111111,0.0,0.8333333333333334,0.6233668404216294,0.9305498171896341,0
user_5137,2021-03-02 10:42:00,16,10,6,1,2,1,11,13,13,8,12,1,0,8.367511227635111,7.549402127453364,3.373803434070287,0.375,0.16666666666666666,0.625,0.889357875187574,0.12112510154847583,0
user_5138,2021-03-02 10:57:00,21,6,4,1,3,2,11,13,15,15,9,1,0,2.739900360735963,6.891233382652447,8.321211767340671,0.19047619047619047,0.25,0.2857142857142857,0.527251701246599,0.40354303280219983,0
user_5139,2021-03-02 11:12:00,23,6,8,2,3,0,18,10,8,16,11,1,0,1.0633035252718661,5.441142412889945,4.3420158744025406,0.34782608695652173,0.25,0.2608695652173913,0.11092590649927918,0.2003135884260313,0
user_5140,2021-03-02 11:27:00,20,11,5,1,4,1,15,6,8,19,12,1,0,1.0392399924027755,0.8996719381277332,11.34528131466121,0.25,0.2,0.55,0.26419852640315555,0.6695319022212556,0
user_5141,2021-03-02 11:42:00,21,6,4,1,1,0,20,20,16,19,11,1,0,9.143558048539631,6.61313012065665,9.996239390851525,0.19047619047619047,0.25,0.2857142857142857,0.5623131584303125,0.879309694778072,0
user_5142,2021-03-02 11:57:00,22,10,7,0,5,0,13,6,17,8,10,1,0,0.7821463890998659,4.607735680353764,7.354764638707484,0.3181818181818182,0.0,0.45454545454545453,0.8189627384969197,0.465125264134725,0
user_5143,2021-03-02 12:12:00,12,8,4,0,2,1,14,8,20,8,12,1,0,1.3330820389809461,6.1958700200214984,3.4736362195408996,0.3333333333333333,0.0,0.6666666666666666,0.7458028825143441,0.7265771217582603,0
user_5144,2021-03-02 12:27:00,16,5,4,0,2,0,18,16,5,14,6,1,0,4.260541220064877,3.843746625989254,8.321838322596157,0.25,0.0,0.3125,0.177958657802391,0.8690382989801955,0
user_5145,2021-03-02 12:42:00,19,9,4,1,3,2,14,13,20,8,19,1,0,4.1199666005393745,7.318500905784437,11.300702146571153,0.21052631578947367,0.25,0.47368421052631576,0.698964189281781,0.9255105680773397,0
user_5146,2021-03-02 12:57:00,14,12,6,2,1,0,15,19,18,20,7,1,0,0.7733629872842886,6.738823152535113,8.261459973713908,0.42857142857142855,0.3333333333333333,0.8571428571428571,0.6123961078781119,0.6401326130390113,0
user_5147,2021-03-02 13:12:00,24,10,6,1,1,0,18,20,8,9,12,1,0,6.280220688721727,3.0508282934552047,5.296304027450024,0.25,0.16666666666666666,0.4166666666666667,0.7238152278289304,0.1656814776812285,0
user_5148,2021-03-02 13:27:00,19,10,5,2,2,1,11,12,8,16,6,1,0,9.05300056803569,5.463710624513852,4.631954060549154,0.2631578947368421,0.4,0.5263157894736842,0.23978817764234966,0.33510396419424626,0
user_5149,2021-03-02 13:42:00,19,11,4,1,2,1,11,20,18,16,13,1,0,2.042500490776029,4.077641466321502,2.854343521916852,0.21052631578947367,0.25,0.5789473684210527,0.8409523822885778,0.9638025345608413,0
user_5150,2021-03-02 13:57:00,22,8,5,0,1,0,8,8,7,18,16,1,0,9.588057484548605,6.9041463814452175,3.49182346028453,0.22727272727272727,0.0,0.36363636363636365,0.5413755993419329,0.6826987267152788,0
user_5151,2021-03-02 14:12:00,22,7,2,1,1,1,13,19,18,19,10,1,0,7.005029327828179,5.916182723469321,10.65142615281771,0.09090909090909091,0.5,0.3181818181818182,0.47891213338688987,0.39401056405803914,0
user_5152,2021-03-02 14:27:00,23,6,3,1,0,0,8,11,10,10,5,1,0,7.919008075965843,3.6735192436951403,10.156924148215266,0.13043478260869565,0.3333333333333333,0.2608695652173913,0.499815599845725,0.7150135093824852,0
user_5153,2021-03-02 14:42:00,20,7,8,1,2,1,12,19,17,12,12,1,0,6.1262815324437465,0.4872163630107058,0.6101329753877343,0.4,0.125,0.35,0.10685806401053734,0.891201984097827,0
user_5154,2021-03-02 14:57:00,10,9,7,1,1,1,17,19,12,14,19,1,0,6.3777937749778175,2.572414134109187,5.831438568090203,0.7,0.14285714285714285,0.9,0.8186119742445948,0.9746997230231624,1
user_5155,2021-03-02 15:12:00,24,15,4,0,3,0,17,19,9,9,5,1,0,0.5781473982161389,7.787753363222528,8.035920416649006,0.16666666666666666,0.0,0.625,0.7410781048295076,0.6906952061280613,0
user_5156,2021-03-02 15:27:00,24,9,8,0,0,1,7,11,5,17,8,1,0,5.498460735718371,7.83725622653719,8.220533268141462,0.3333333333333333,0.0,0.375,0.10432187020247731,0.16111940871314076,1
user_5157,2021-03-02 15:42:00,17,8,9,0,2,0,7,18,5,19,6,1,0,7.755845225790021,7.064425425677346,3.5845113348773956,0.5294117647058824,0.0,0.47058823529411764,0.6079255991921897,0.608522977513319,0
user_5158,2021-03-02 15:57:00,19,11,7,0,2,0,20,11,19,17,17,1,0,2.408935277946702,5.724534775099265,5.722495626371682,0.3684210526315789,0.0,0.5789473684210527,0.20532038686386478,0.13421013937698995,0
user_5159,2021-03-02 16:12:00,19,10,11,1,0,1,13,8,20,10,8,1,0,6.045640360995014,6.165830063393376,2.0689196962726895,0.5789473684210527,0.09090909090909091,0.5263157894736842,0.571904498630111,0.18928447481929728,0
user_5160,2021-03-02 16:27:00,22,11,5,1,4,3,5,14,17,8,11,1,0,1.5252507818305219,2.6694837358762196,0.7443831503420428,0.22727272727272727,0.2,0.5,0.6563453776552023,0.9818022123073464,0
user_5161,2021-03-02 16:42:00,19,6,3,0,2,0,16,6,12,15,5,1,0,4.040948433075392,7.62227994135399,11.051805748905698,0.15789473684210525,0.0,0.3157894736842105,0.661736028432275,0.7392267389446673,0
user_5162,2021-03-02 16:57:00,18,8,5,0,1,0,5,12,5,9,11,1,0,5.719290566907027,4.228309898251115,4.390769824467853,0.2777777777777778,0.0,0.4444444444444444,0.5123502696566311,0.378422366869974,0
user_5163,2021-03-02 17:12:00,19,9,8,0,1,1,12,16,11,12,10,1,0,5.0116087637074935,5.167350584697408,11.535602895397197,0.42105263157894735,0.0,0.47368421052631576,0.11673744202842051,0.17658100415535066,0
user_5164,2021-03-02 17:27:00,17,6,3,1,0,1,20,19,12,10,11,1,0,0.1343472730711438,0.19869834355202595,10.39932466318844,0.17647058823529413,0.3333333333333333,0.35294117647058826,0.6932265583735466,0.6425937266457491,0
user_5165,2021-03-02 17:42:00,16,8,4,2,4,0,15,8,9,17,18,1,0,5.753567949207662,4.7734956222409535,9.286810946034398,0.25,0.5,0.5,0.8992622110619237,0.8298413593099941,0
user_5166,2021-03-02 17:57:00,23,20,5,0,5,0,6,19,13,19,15,1,0,3.585372114013124,7.006178803205527,9.106482556097319,0.21739130434782608,0.0,0.8695652173913043,0.1636204383496682,0.9380512394017282,0
user_5167,2021-03-02 18:12:00,25,17,2,0,1,0,6,5,16,12,10,1,0,1.772212442300943,7.727297659785473,3.1766554846464277,0.08,0.0,0.68,0.12975069668333977,0.3184794752692523,0
user_5168,2021-03-02 18:27:00,20,5,6,2,3,1,16,20,10,18,6,1,0,2.303060349529021,2.0296349161782863,3.858818944281635,0.3,0.3333333333333333,0.25,0.27778284170649337,0.6833534541364119,0
user_5169,2021-03-02 18:42:00,20,13,6,2,1,0,11,20,9,19,8,1,0,9.292757043406288,4.340667487098157,1.3785471169602785,0.3,0.3333333333333333,0.65,0.3540993316058688,0.8945360360395409,0
user_5170,2021-03-02 18:57:00,21,7,7,1,2,1,13,18,19,5,8,1,0,3.5420676374828552,3.670511288934474,10.687850803417279,0.3333333333333333,0.14285714285714285,0.3333333333333333,0.6176637774904551,0.6493918932881899,0
user_5171,2021-03-02 19:12:00,27,8,8,1,1,0,20,6,14,11,7,1,0,2.5777606502514097,6.381943299058304,8.738379231770946,0.2962962962962963,0.125,0.2962962962962963,0.6642152355205336,0.28347154444260253,0
user_5172,2021-03-02 19:27:00,25,8,3,1,1,0,18,19,7,14,17,1,0,5.64052565949995,0.1233048038052836,1.3442758730073399,0.12,0.3333333333333333,0.32,0.7873694216396115,0.2377335100489891,0
user_5173,2021-03-02 19:42:00,19,9,6,1,3,0,5,9,20,7,12,1,0,2.8733908650059083,6.463835702091806,1.623727926043461,0.3157894736842105,0.16666666666666666,0.47368421052631576,0.3141474213441967,0.6250310743155546,0
user_5174,2021-03-02 19:57:00,18,10,8,1,0,0,8,6,14,19,20,1,0,3.6965949442403714,4.5670407788024034,1.3435619939895176,0.4444444444444444,0.125,0.5555555555555556,0.9857108525950343,0.20575720285042645,0
user_5175,2021-03-02 20:12:00,17,7,6,0,1,0,5,15,17,10,11,1,0,0.16890121239199235,5.144689714225538,5.046259382507254,0.35294117647058826,0.0,0.4117647058823529,0.54967050566368,0.745585229421353,0
user_5176,2021-03-02 20:27:00,29,19,8,1,2,1,15,17,11,7,7,1,0,0.48086183527682647,5.674273871935177,1.9897935759680272,0.27586206896551724,0.125,0.6551724137931034,0.6582579466612472,0.35266920509707267,0
user_5177,2021-03-02 20:42:00,17,9,6,0,0,0,12,15,15,11,13,1,0,7.154858215920612,7.407685519763494,4.1756656449792935,0.35294117647058826,0.0,0.5294117647058824,0.5558203176770316,0.5477215670766763,0
user_5178,2021-03-02 20:57:00,14,12,10,1,2,0,14,20,19,5,7,1,0,7.505356697427892,0.8060834816866487,5.510035904233025,0.7142857142857143,0.1,0.8571428571428571,0.8219083944361386,0.9289867165119634,0
user_5179,2021-03-02 21:12:00,22,10,7,0,1,0,8,5,17,5,6,1,0,4.809792915770385,0.12153386423245993,2.5406887028837115,0.3181818181818182,0.0,0.45454545454545453,0.9795215042280012,0.8121096207646487,0
user_5180,2021-03-02 21:27:00,17,9,14,1,2,2,17,5,8,8,19,1,0,9.94990000104199,5.662128167765872,1.985149442530691,0.8235294117647058,0.07142857142857142,0.5294117647058824,0.2905282100179972,0.5337801578577608,0
user_5181,2021-03-02 21:42:00,17,15,9,1,3,0,8,20,20,14,13,1,0,1.433558550865741,7.964456553727098,1.7561676204014414,0.5294117647058824,0.1111111111111111,0.8823529411764706,0.6848228037825329,0.4564116806775409,0
user_5182,2021-03-02 21:57:00,25,12,10,1,1,0,6,6,18,9,6,1,0,1.9028965293178746,7.8729644491766395,5.252204658979581,0.4,0.1,0.48,0.17950615130466788,0.4378981368284314,0
user_5183,2021-03-02 22:12:00,17,5,3,2,0,0,12,12,5,15,20,1,0,6.827894071420174,3.4169704550340745,5.228745561791191,0.17647058823529413,0.6666666666666666,0.29411764705882354,0.602889967258492,0.389068471368628,0
user_5184,2021-03-02 22:27:00,23,13,5,1,1,0,20,5,12,16,20,1,0,1.1909948669488457,1.4951882441903936,1.4763964808265522,0.21739130434782608,0.2,0.5652173913043478,0.9076938103511772,0.4148648425654142,0
user_5185,2021-03-02 22:42:00,21,12,5,1,2,0,14,12,15,8,7,1,0,5.665706984246284,7.327005393539923,4.896856853166128,0.23809523809523808,0.2,0.5714285714285714,0.20679863292294667,0.8054272088180424,0
user_5186,2021-03-02 22:57:00,25,12,7,2,1,2,5,6,15,15,13,1,0,4.615126710923669,1.4241572622734264,3.960273513865917,0.28,0.2857142857142857,0.48,0.16921062037483037,0.3039994038972402,0
user_5187,2021-03-02 23:12:00,19,6,6,0,4,1,18,19,9,16,6,1,0,8.090042150569872,7.182708290242491,3.3048967927004536,0.3157894736842105,0.0,0.3157894736842105,0.6546088236145344,0.4570489285430467,0
user_5188,2021-03-02 23:27:00,22,9,5,1,2,0,11,9,10,18,15,1,0,4.6315697473000155,5.659142535771947,5.390390950745388,0.22727272727272727,0.2,0.4090909090909091,0.8117993303474031,0.6072800593094442,1
user_5189,2021-03-02 23:42:00,24,9,8,1,2,0,11,10,6,14,7,1,0,9.352207984047645,0.3941659155614128,11.761381639410995,0.3333333333333333,0.125,0.375,0.6112578559840932,0.9751764095964107,0
user_5190,2021-03-02 23:57:00,20,5,0,1,3,0,16,12,12,15,6,1,0,2.0270768561873997,5.463124109854761,7.909401676095741,0.0,0.0,0.25,0.46749526651067597,0.14711679384824267,0
user_5191,2021-03-03 00:12:00,18,11,5,0,2,1,12,8,17,14,8,2,0,5.596829627212534,1.7787200178620945,8.370047740539988,0.2777777777777778,0.0,0.6111111111111112,0.6156917853602714,0.6855734656070576,0
user_5192,2021-03-03 00:27:00,22,10,4,0,2,1,7,7,8,15,13,2,0,2.7315316957701437,6.945458355108951,2.252547546103857,0.18181818181818182,0.0,0.45454545454545453,0.8648247885261883,0.43933713454529344,1
user_5193,2021-03-03 00:42:00,22,8,6,0,3,0,6,18,19,8,16,2,0,1.840788589123301,6.1934516561553465,0.5568909681694043,0.2727272727272727,0.0,0.36363636363636365,0.3424817551845182,0.8557352141696457,0
user_5194,2021-03-03 00:57:00,20,13,7,1,1,0,17,20,5,6,5,2,0,6.44143057238697,5.482379580035093,6.197204493286802,0.35,0.14285714285714285,0.65,0.9022147603046053,0.6295436330065132,0
user_5195,2021-03-03 01:12:00,22,10,5,0,1,1,20,9,14,11,19,2,0,9.791648257141716,4.263045545420509,11.759050968212,0.22727272727272727,0.0,0.45454545454545453,0.5661267078182429,0.693428698996104,0
user_5196,2021-03-03 01:27:00,20,8,4,2,3,1,19,14,20,20,10,2,0,3.4227672739610084,4.920230599329204,9.31773491103943,0.2,0.5,0.4,0.2334943193316399,0.7091277547031856,0
user_5197,2021-03-03 01:42:00,17,10,8,0,1,1,6,7,19,16,8,2,0,2.730944063725859,0.31519393418649555,5.636635844426387,0.47058823529411764,0.0,0.5882352941176471,0.10534044358086166,0.7647344800073255,0
user_5198,2021-03-03 01:57:00,23,10,4,2,0,0,10,14,17,11,13,2,0,9.821465855817308,1.821603637847331,11.311362071961259,0.17391304347826086,0.5,0.43478260869565216,0.14157224764777138,0.774695475240627,0
user_5199,2021-03-03 02:12:00,16,3,7,1,1,1,5,8,11,19,5,2,0,5.904527173904703,6.30166911043937,11.496338863857915,0.4375,0.14285714285714285,0.1875,0.9298628573552611,0.32285742291326996,1
user_5200,2021-03-03 02:27:00,12,11,2,1,2,1,20,9,6,16,12,2,0,7.027806891993135,2.7666076572489056,8.589177506971618,0.16666666666666666,0.5,0.9166666666666666,0.4790160712426681,0.5736172658489378,0
user_5201,2021-03-03 02:42:00,21,12,9,1,2,1,16,8,15,11,16,2,0,1.966181807421554,1.7180519437846433,4.819721646212969,0.42857142857142855,0.1111111111111111,0.5714285714285714,0.5116643384714529,0.20191299480317662,0
user_5202,2021-03-03 02:57:00,22,10,7,1,2,2,7,9,20,8,17,2,0,4.750084720772883,2.301943788063847,10.989220210569462,0.3181818181818182,0.14285714285714285,0.45454545454545453,0.49410046891220905,0.3240825678321048,0
user_5203,2021-03-03 03:12:00,13,7,7,0,3,0,6,16,17,10,19,2,0,3.9219967583576087,1.4609975378486686,9.276143974498833,0.5384615384615384,0.0,0.5384615384615384,0.370715639910988,0.24778992526860233,0
user_5204,2021-03-03 03:27:00,27,8,10,1,0,2,10,19,8,11,13,2,0,2.777707839256521,5.282886099675723,6.8176927154949025,0.37037037037037035,0.1,0.2962962962962963,0.5542719826996299,0.77892293016603,1
user_5205,2021-03-03 03:42:00,16,8,7,2,3,0,6,12,10,17,17,2,0,2.923964893456489,4.474913586989504,1.2152605853365142,0.4375,0.2857142857142857,0.5,0.8081296690526172,0.4911750085835733,0
user_5206,2021-03-03 03:57:00,15,11,9,1,2,0,6,14,20,15,15,2,0,2.2596050729530304,5.648896255760591,11.168606403302888,0.6,0.1111111111111111,0.7333333333333333,0.1429450836748703,0.3439425110885784,0
user_5207,2021-03-03 04:12:00,17,8,3,2,0,0,5,16,16,5,9,2,0,5.659981051314101,5.046375378734242,4.809955276469774,0.17647058823529413,0.6666666666666666,0.47058823529411764,0.5489057073373445,0.6219443856158434,1
user_5208,2021-03-03 04:27:00,9,7,9,0,0,0,9,9,10,16,11,2,0,6.311402392301642,2.6756143263118712,2.6727492770625227,1.0,0.0,0.7777777777777778,0.9481607569383493,0.666924946983624,0
user_5209,2021-03-03 04:42:00,32,6,7,0,2,1,6,12,9,18,11,2,0,3.4220658295395343,4.87725274284018,8.074707257244494,0.21875,0.0,0.1875,0.349496758851189,0.35983758257069576,0
user_5210,2021-03-03 04:57:00,26,12,8,2,0,1,6,9,16,14,9,2,0,0.7921279113294466,7.725136398787878,8.773851953344208,0.3076923076923077,0.25,0.46153846153846156,0.6436708633492393,0.7180718427705796,0
user_5211,2021-03-03 05:12:00,24,9,6,1,1,0,15,14,8,20,18,2,0,4.180086271574134,1.2446617994189049,2.2513317869549825,0.25,0.16666666666666666,0.375,0.3205075268488322,0.516630005652005,0
user_5212,2021-03-03 05:27:00,12,14,4,0,1,0,18,5,10,13,18,2,0,0.6189601225063288,0.7134468149469325,9.062153514991708,0.3333333333333333,0.0,1.1666666666666667,0.7098120373982729,0.53028048459143,1
user_5213,2021-03-03 05:42:00,14,9,5,0,1,0,15,6,20,19,18,2,0,8.949750979256248,6.534974796595085,6.495939698695433,0.35714285714285715,0.0,0.6428571428571429,0.9786844056733434,0.7395539372581875,0
user_5214,2021-03-03 05:57:00,27,11,8,0,1,0,7,14,17,16,16,2,0,1.8234800173111974,4.7370823961047,10.85930671926752,0.2962962962962963,0.0,0.4074074074074074,0.9502259631713895,0.7800479432042708,0
user_5215,2021-03-03 06:12:00,24,6,12,2,1,0,13,17,11,17,12,2,0,4.57563039974566,1.3459819465901046,10.28615180341442,0.5,0.16666666666666666,0.25,0.17748080478422618,0.6645268341715924,0
user_5216,2021-03-03 06:27:00,14,9,3,2,5,0,10,6,8,18,19,2,0,9.47311637876346,1.0687254855389543,2.8600814982862515,0.21428571428571427,0.6666666666666666,0.6428571428571429,0.3583896255905139,0.17964391949054836,1
user_5217,2021-03-03 06:42:00,18,9,6,1,2,1,16,20,8,9,13,2,0,3.9202083476906022,6.392696050532465,10.879409216419257,0.3333333333333333,0.16666666666666666,0.5,0.455665136973496,0.2230761623449926,0
user_5218,2021-03-03 06:57:00,23,7,4,1,2,2,20,13,10,12,10,2,0,2.663134796310202,2.21098701298167,10.298292781307625,0.17391304347826086,0.25,0.30434782608695654,0.910867759149757,0.2529274898018784,0
user_5219,2021-03-03 07:12:00,18,17,3,1,0,1,19,11,11,12,16,2,0,1.835365887204272,1.3900900816830197,1.6927827524161574,0.16666666666666666,0.3333333333333333,0.9444444444444444,0.8142525271707092,0.7431133812403039,0
user_5220,2021-03-03 07:27:00,20,17,14,1,1,0,9,9,14,18,9,2,0,6.9816503323176216,4.838278268289692,4.291685402923754,0.7,0.07142857142857142,0.85,0.2983908461156621,0.7423236649615932,0
user_5221,2021-03-03 07:42:00,19,9,8,2,2,1,6,9,7,12,9,2,0,2.2434066707692306,6.5291897723483965,3.962740525638852,0.42105263157894735,0.25,0.47368421052631576,0.4035595500775814,0.1066827310504248,0
user_5222,2021-03-03 07:57:00,26,12,6,1,0,1,11,12,6,8,14,2,0,1.5896383138434937,4.586150867917627,5.2803657154651535,0.23076923076923078,0.16666666666666666,0.46153846153846156,0.14265855661918564,0.21937444198509698,0
user_5223,2021-03-03 08:12:00,16,13,7,3,5,2,16,14,16,15,16,2,0,1.5840076208255827,0.19305641558981065,11.569733251732288,0.4375,0.42857142857142855,0.8125,0.28520819463688796,0.12439470995701563,0
user_5224,2021-03-03 08:27:00,12,13,8,0,3,0,5,8,7,12,15,2,0,3.557036254270348,4.125712172172895,7.890812323084083,0.6666666666666666,0.0,1.0833333333333333,0.5751705946274528,0.9077803577217765,0
user_5225,2021-03-03 08:42:00,20,11,2,2,1,0,13,18,17,7,11,2,0,5.997837099437936,7.099652945651031,1.6351650683060486,0.1,1.0,0.55,0.7457315888601926,0.5194332686827937,0
user_5226,2021-03-03 08:57:00,17,9,3,1,4,0,19,14,12,9,19,2,0,5.776751339933339,6.668986055558787,3.494060642702838,0.17647058823529413,0.3333333333333333,0.5294117647058824,0.9397519659495635,0.9347926460867529,0
user_5227,2021-03-03 09:12:00,12,9,3,2,2,1,20,7,8,11,5,2,0,3.970511283824435,6.6201035961734,0.9392834953362842,0.25,0.6666666666666666,0.75,0.21123435864082904,0.8741664313761456,1
user_5228,2021-03-03 09:27:00,30,7,4,1,4,0,14,6,7,20,12,2,0,2.55715667168605,3.42621565099043,1.170536719468687,0.13333333333333333,0.25,0.23333333333333334,0.8900538813525559,0.5407020761488108,0
user_5229,2021-03-03 09:42:00,22,8,4,0,3,1,12,7,10,7,14,2,0,8.778474102165633,3.883320076373251,8.106274850934732,0.18181818181818182,0.0,0.36363636363636365,0.4119819537380782,0.5801814218338798,0
user_5230,2021-03-03 09:57:00,23,12,6,0,1,1,9,9,11,15,19,2,0,1.2104609668170794,4.326893843860058,4.6523128825080935,0.2608695652173913,0.0,0.5217391304347826,0.4104157173827784,0.8584326312563206,0
user_5231,2021-03-03 10:12:00,18,10,7,1,1,0,19,12,16,6,16,2,0,5.556650139363635,7.8854342723390385,5.7900242125415495,0.3888888888888889,0.14285714285714285,0.5555555555555556,0.8307827947517773,0.9540572951773177,0
user_5232,2021-03-03 10:27:00,23,7,3,3,3,0,11,19,12,5,8,2,0,1.5952819057945515,4.466061652918957,10.85193879758508,0.13043478260869565,1.0,0.30434782608695654,0.12359209022742701,0.6023968326189068,0
user_5233,2021-03-03 10:42:00,20,8,4,3,1,2,7,11,15,17,9,2,0,7.826879171994668,5.043859949838606,0.5521909458518706,0.2,0.75,0.4,0.6339612220077808,0.1618045713172626,0
user_5234,2021-03-03 10:57:00,19,10,8,0,4,1,13,7,15,17,8,2,0,9.290312112612558,1.3454856965599,0.6583395425290577,0.42105263157894735,0.0,0.5263157894736842,0.5127206222331219,0.7874068093721702,0
user_5235,2021-03-03 11:12:00,27,12,4,1,3,1,10,8,7,5,13,2,0,8.66434829179381,6.174528314957838,8.155946940731184,0.14814814814814814,0.25,0.4444444444444444,0.8608733351471295,0.44323719512205684,0
user_5236,2021-03-03 11:27:00,12,13,3,2,1,1,6,14,13,9,14,2,0,8.997447032140407,0.15801053406290044,2.7046052129772415,0.25,0.6666666666666666,1.0833333333333333,0.5440343669224408,0.22278325659390796,0
user_5237,2021-03-03 11:42:00,18,11,6,0,1,0,20,11,7,5,14,2,0,3.825832698085289,3.3518973661461477,6.0804608179260455,0.3333333333333333,0.0,0.6111111111111112,0.6380583249903323,0.10989355276831209,0
user_5238,2021-03-03 11:57:00,27,10,7,0,1,0,14,20,19,8,7,2,0,8.54049970713049,4.278350785078846,5.234954664106135,0.25925925925925924,0.0,0.37037037037037035,0.5541252730857473,0.3540465757210989,1
user_5239,2021-03-03 12:12:00,17,6,7,1,4,1,10,8,11,6,8,2,0,2.969503478185634,5.460253303242373,3.3600041779115775,0.4117647058823529,0.14285714285714285,0.35294117647058826,0.512975854143425,0.776855505206987,0
user_5240,2021-03-03 12:27:00,24,16,4,1,2,2,13,7,5,11,5,2,0,6.05556051277171,6.1297771266501,4.325374578478258,0.16666666666666666,0.25,0.6666666666666666,0.9841570463628408,0.3913830600091641,0
user_5241,2021-03-03 12:42:00,20,12,13,1,2,1,12,10,18,17,5,2,0,9.240017301639059,7.9701090801796095,2.9603027596267073,0.65,0.07692307692307693,0.6,0.5475853986386363,0.7321886054676023,0
user_5242,2021-03-03 12:57:00,35,4,1,0,6,1,12,16,5,5,15,2,0,0.7196079974690349,6.671696471347631,1.285702007249372,0.02857142857142857,0.0,0.11428571428571428,0.317269818825763,0.46472059868720317,0
user_5243,2021-03-03 13:12:00,21,6,9,1,2,1,10,7,13,15,14,2,0,4.364328844632248,4.277992059790974,2.2823734301497476,0.42857142857142855,0.1111111111111111,0.2857142857142857,0.7752756080299974,0.17747378938793318,0
user_5244,2021-03-03 13:27:00,19,16,8,2,0,0,19,13,16,17,12,2,0,6.1464851434473085,6.970213818139611,10.768180414971415,0.42105263157894735,0.25,0.8421052631578947,0.2292352933191749,0.8704694130561383,1
user_5245,2021-03-03 13:42:00,19,17,8,0,2,0,14,6,5,11,14,2,0,9.876197971982949,7.129021884191041,0.9497623418548273,0.42105263157894735,0.0,0.8947368421052632,0.12065351912394025,0.7286526052155863,0
user_5246,2021-03-03 13:57:00,15,10,7,2,2,2,15,18,13,15,14,2,0,4.154663355393265,0.9004384761873504,8.26225700818173,0.4666666666666667,0.2857142857142857,0.6666666666666666,0.8667251388481986,0.65321022354935,0
user_5247,2021-03-03 14:12:00,15,8,9,1,2,0,16,20,13,5,16,2,0,7.893194429427051,4.997924039902352,2.6496731121240096,0.6,0.1111111111111111,0.5333333333333333,0.17803298461689565,0.8746056681745955,0
user_5248,2021-03-03 14:27:00,22,7,5,2,2,0,18,5,15,14,6,2,0,0.39452401407114446,6.69224574215935,8.486730275312485,0.22727272727272727,0.4,0.3181818181818182,0.4143096712936877,0.24653967580941422,0
user_5249,2021-03-03 14:42:00,20,15,7,1,5,0,8,20,11,15,12,2,0,7.468101802676844,5.078523301251006,0.82884877247758,0.35,0.14285714285714285,0.75,0.42793816855639544,0.6203414179101047,0
user_5250,2021-03-03 14:57:00,15,9,3,1,3,1,12,13,17,13,12,2,0,6.776471856413733,7.890850675474304,5.623179736192302,0.2,0.3333333333333333,0.6,0.7787117029424984,0.8692973624242758,0
user_5251,2021-03-03 15:12:00,28,11,5,1,2,1,5,18,8,8,16,2,0,7.608180224454499,0.962434367449779,4.824734443186037,0.17857142857142858,0.2,0.39285714285714285,0.4789547303587547,0.4529547948101623,0
user_5252,2021-03-03 15:27:00,18,10,10,1,1,1,20,11,20,18,6,2,0,4.825172586514398,1.3960625235343158,5.42693155348822,0.5555555555555556,0.1,0.5555555555555556,0.4591022888551489,0.8020220390349548,0
user_5253,2021-03-03 15:42:00,14,13,7,1,2,0,9,15,11,17,20,2,0,7.088018056967425,0.9482115071338134,6.59449146078097,0.5,0.14285714285714285,0.9285714285714286,0.9826979567509077,0.933247919070828,0
user_5254,2021-03-03 15:57:00,15,7,7,0,3,1,14,6,8,12,15,2,0,0.6847742758408808,0.30196986795292924,4.65274266655285,0.4666666666666667,0.0,0.4666666666666667,0.49843713890594843,0.3051662661263984,0
user_5255,2021-03-03 16:12:00,23,10,6,1,1,1,16,13,12,6,10,2,0,9.291440518687725,2.759947364528848,5.602132893309015,0.2608695652173913,0.16666666666666666,0.43478260869565216,0.7706374492807855,0.7690870647448439,0
user_5256,2021-03-03 16:27:00,16,12,5,0,3,1,9,16,15,16,18,2,0,7.2786372952483065,6.687953561943386,7.501260029040424,0.3125,0.0,0.75,0.8929874453956929,0.12038178337976559,0
user_5257,2021-03-03 16:42:00,11,15,5,1,0,0,13,18,19,16,7,2,0,1.2226196749329061,4.852221269485987,7.981698203949596,0.45454545454545453,0.2,1.3636363636363635,0.9657739670771728,0.5790198125677151,0
user_5258,2021-03-03 16:57:00,22,6,7,1,1,0,18,20,14,12,18,2,0,5.335725270978257,2.8298642253412836,6.0615175724137185,0.3181818181818182,0.14285714285714285,0.2727272727272727,0.3783428778824657,0.8287541038891151,0
user_5259,2021-03-03 17:12:00,17,11,6,2,0,2,19,15,6,19,16,2,0,6.35294442965935,6.484750973554261,5.661791437189972,0.35294117647058826,0.3333333333333333,0.6470588235294118,0.36975428105115005,0.21219434599648068,0
user_5260,2021-03-03 17:27:00,21,17,11,0,2,1,20,18,5,9,10,2,0,8.369712780553353,5.625677685617919,5.064429515917651,0.5238095238095238,0.0,0.8095238095238095,0.15936361912166017,0.7559384751494507,0
user_5261,2021-03-03 17:42:00,17,10,5,0,6,1,11,18,19,13,5,2,0,9.253745646903115,6.981717052175528,10.567668053505539,0.29411764705882354,0.0,0.5882352941176471,0.3028614517588337,0.4722749263758522,1
user_5262,2021-03-03 17:57:00,26,7,8,1,2,1,10,15,6,19,10,2,0,8.631861137686453,6.919304845623241,11.785635803799991,0.3076923076923077,0.125,0.2692307692307692,0.2411749774741792,0.2400664051534922,0
user_5263,2021-03-03 18:12:00,23,12,7,1,2,0,19,7,5,10,18,2,0,8.682463215485036,0.23175247018547632,11.208886698775572,0.30434782608695654,0.14285714285714285,0.5217391304347826,0.9912784769424092,0.16605154929003482,0
user_5264,2021-03-03 18:27:00,22,17,7,2,3,0,14,16,19,13,18,2,0,4.45209423417759,4.187405517001843,11.719364270011337,0.3181818181818182,0.2857142857142857,0.7727272727272727,0.2450117457737894,0.4056012313906746,0
user_5265,2021-03-03 18:42:00,13,13,5,1,2,2,19,7,11,15,9,2,0,3.423027005792365,0.7570944489490956,10.00746806373163,0.38461538461538464,0.2,1.0,0.6113755934024346,0.3793626555304921,0
user_5266,2021-03-03 18:57:00,16,9,7,1,3,1,12,20,16,18,16,2,0,8.959981535887488,6.010974813417602,2.6574774046165954,0.4375,0.14285714285714285,0.5625,0.43192426507944603,0.21711713475237293,0
user_5267,2021-03-03 19:12:00,26,9,8,2,4,1,17,12,20,18,10,2,0,3.670622793206249,3.1346549971827846,11.63153720532629,0.3076923076923077,0.25,0.34615384615384615,0.16662506051025006,0.8291772324972431,0
user_5268,2021-03-03 19:27:00,21,15,9,1,3,0,15,6,17,10,11,2,0,1.6760734733457576,2.6811721119274208,6.660225854364902,0.42857142857142855,0.1111111111111111,0.7142857142857143,0.7090746457937872,0.6557798638194254,0
user_5269,2021-03-03 19:42:00,15,12,5,2,2,0,10,8,20,13,17,2,0,8.931675716417923,2.124093329717412,5.964679330956465,0.3333333333333333,0.4,0.8,0.3579794787601074,0.559443707681419,0
user_5270,2021-03-03 19:57:00,17,11,2,1,2,2,20,7,14,6,9,2,0,5.488144996866892,6.685502918364909,2.836506364300207,0.11764705882352941,0.5,0.6470588235294118,0.7460372120939669,0.8261420331071742,0
user_5271,2021-03-03 20:12:00,20,8,10,2,1,1,7,12,20,18,8,2,0,5.818181578283164,5.463020730744266,7.976334092676944,0.5,0.2,0.4,0.4858376219812479,0.3792878591176526,0
user_5272,2021-03-03 20:27:00,26,13,11,0,3,1,8,13,19,7,17,2,0,3.0394216594788017,3.8171841206836614,9.702774929212913,0.4230769230769231,0.0,0.5,0.8294195447533378,0.25199467362073935,0
user_5273,2021-03-03 20:42:00,27,9,5,1,3,2,20,17,9,12,6,2,0,0.30369001772080084,6.246713254650008,6.6269572052151675,0.18518518518518517,0.2,0.3333333333333333,0.12241244365193564,0.13586166007089048,1
user_5274,2021-03-03 20:57:00,18,12,4,2,2,2,11,9,20,5,10,2,0,9.368587164282436,4.888000436256158,8.770314307698499,0.2222222222222222,0.5,0.6666666666666666,0.14789740771009782,0.9231912532574347,0
user_5275,2021-03-03 21:12:00,21,8,6,2,2,0,16,9,14,7,19,2,0,5.344140343947784,0.22045913885435048,2.5597269204834694,0.2857142857142857,0.3333333333333333,0.38095238095238093,0.6733837335759356,0.3165863548760617,0
user_5276,2021-03-03 21:27:00,19,9,6,1,4,1,12,17,16,11,18,2,0,3.90632991896344,4.004416979894515,10.802094650760253,0.3157894736842105,0.16666666666666666,0.47368421052631576,0.3921136418038925,0.7826369295168203,0
user_5277,2021-03-03 21:42:00,15,8,6,2,3,0,9,20,15,17,10,2,0,9.495838207636712,2.5470654262238503,8.351202562957294,0.4,0.3333333333333333,0.5333333333333333,0.555519501518293,0.4204736650809915,0
user_5278,2021-03-03 21:57:00,12,8,7,2,3,0,15,18,13,7,20,2,0,9.99581775421464,1.3779316824945815,2.767647833105172,0.5833333333333334,0.2857142857142857,0.6666666666666666,0.810670308183278,0.8197993550293501,0
user_5279,2021-03-03 22:12:00,22,9,6,0,2,0,20,13,19,19,14,2,0,4.492653230433487,5.703367570551647,6.801746776610924,0.2727272727272727,0.0,0.4090909090909091,0.45471742327031817,0.30346582968395697,0
user_5280,2021-03-03 22:27:00,25,12,11,1,3,0,10,12,15,11,20,2,0,6.645620908411397,7.996822157251877,2.8926692472020705,0.44,0.09090909090909091,0.48,0.23211933226639553,0.6048803868245033,0
user_5281,2021-03-03 22:42:00,19,8,7,0,3,0,17,20,19,13,18,2,0,5.035078408883226,3.523442052034681,6.250716703772323,0.3684210526315789,0.0,0.42105263157894735,0.4664779327877253,0.558803620673774,1
user_5282,2021-03-03 22:57:00,19,7,4,0,1,1,5,6,6,15,10,2,0,1.1055239278889366,2.569801643441709,3.878373050934202,0.21052631578947367,0.0,0.3684210526315789,0.4364093932314096,0.3421739971824495,1
user_5283,2021-03-03 23:12:00,27,9,5,2,2,2,5,20,12,7,8,2,0,6.682658466212647,5.517781903772241,8.358093880008155,0.18518518518518517,0.4,0.3333333333333333,0.8605328479388589,0.46774387788476735,0
user_5284,2021-03-03 23:27:00,17,8,5,1,0,0,17,16,16,17,17,2,0,6.848499523874625,4.700031603959332,4.2859794672424885,0.29411764705882354,0.2,0.47058823529411764,0.794828258418084,0.9981350358336966,1
user_5285,2021-03-03 23:42:00,15,6,3,1,3,0,16,8,17,19,14,2,0,9.097460379131475,7.988638756050845,5.463064322932425,0.2,0.3333333333333333,0.4,0.9856601720291913,0.4439586834501511,0
user_5286,2021-03-03 23:57:00,18,11,4,1,2,1,8,15,5,15,12,2,0,0.3471175008997981,6.422308339017514,10.349736842442034,0.2222222222222222,0.25,0.6111111111111112,0.3525055461203903,0.8752511981691817,0
user_5287,2021-03-04 00:12:00,16,5,5,0,3,0,10,17,7,12,14,3,0,9.610146885394336,4.0693478958071445,1.9183462378215728,0.3125,0.0,0.3125,0.41337803237672655,0.5957908371108482,0
user_5288,2021-03-04 00:27:00,22,7,12,1,2,1,17,13,9,15,15,3,0,2.5391121914641093,4.316525037367475,3.7899523582779837,0.5454545454545454,0.08333333333333333,0.3181818181818182,0.8874428165430295,0.1582254641712335,0
user_5289,2021-03-04 00:42:00,21,8,6,2,3,0,19,9,17,16,16,3,0,6.700046838728255,6.175576488284652,4.405420923575903,0.2857142857142857,0.3333333333333333,0.38095238095238093,0.5619300389855133,0.6858413801607063,0
user_5290,2021-03-04 00:57:00,22,7,5,1,2,0,20,8,16,16,20,3,0,0.5566386211501623,7.014924284679579,6.8895379576568105,0.22727272727272727,0.2,0.3181818181818182,0.2564294261796541,0.9975905897486095,0
user_5291,2021-03-04 01:12:00,22,8,4,0,2,0,17,12,19,20,12,3,0,5.211195756911628,6.198083642154296,6.009534236153656,0.18181818181818182,0.0,0.36363636363636365,0.8326163733229064,0.9066912436351601,0
user_5292,2021-03-04 01:27:00,22,8,8,1,2,1,12,14,20,20,12,3,0,1.4296089723185623,0.1408121091100974,4.204140792181952,0.36363636363636365,0.125,0.36363636363636365,0.7398805212477617,0.33435245074582143,0
user_5293,2021-03-04 01:42:00,23,10,8,0,2,1,9,13,5,7,20,3,0,7.449318096782263,0.49114953148135554,11.954969153845356,0.34782608695652173,0.0,0.43478260869565216,0.32939376958199684,0.7169310875259237,0
user_5294,2021-03-04 01:57:00,30,15,5,1,1,1,19,16,16,19,15,3,0,8.872341122465532,7.1872755872801,11.863343053539266,0.16666666666666666,0.2,0.5,0.2980207866308583,0.9287317312231665,0
user_5295,2021-03-04 02:12:00,18,12,8,2,1,1,7,19,17,6,17,3,0,8.858198283986933,3.7483750186971574,2.2526308366636068,0.4444444444444444,0.25,0.6666666666666666,0.7890783082445857,0.5101598842437136,0
user_5296,2021-03-04 02:27:00,16,7,7,1,0,0,13,19,19,7,14,3,0,5.00090338037376,1.6146950396207405,7.173806462352633,0.4375,0.14285714285714285,0.4375,0.3366487071981939,0.9859248030603598,1
user_5297,2021-03-04 02:42:00,25,9,6,1,1,1,13,8,19,17,10,3,0,6.023063290830224,6.0626506823060655,0.5561029451638233,0.24,0.16666666666666666,0.36,0.7947978958536295,0.14610991924262115,0
user_5298,2021-03-04 02:57:00,18,5,6,1,1,1,11,11,19,12,5,3,0,7.433474177402152,7.2470900571611505,3.7249586747637573,0.3333333333333333,0.16666666666666666,0.2777777777777778,0.6981617563318254,0.7362884082126074,0
user_5299,2021-03-04 03:12:00,25,10,4,0,3,1,16,9,19,17,14,3,0,1.4957525219747274,7.793240325352942,8.625926955520793,0.16,0.0,0.4,0.45992562366075773,0.5775666721388923,0
user_5300,2021-03-04 03:27:00,17,8,7,0,0,0,12,16,17,7,8,3,0,9.900334132329268,7.384448498296607,7.53990620094197,0.4117647058823529,0.0,0.47058823529411764,0.8263962510855626,0.91445135003671,0
user_5301,2021-03-04 03:42:00,28,13,10,2,1,0,18,13,8,10,15,3,0,9.735472651467754,2.385942452361899,2.618592442305047,0.35714285714285715,0.2,0.4642857142857143,0.3146085680423026,0.6791561426961086,0
user_5302,2021-03-04 03:57:00,25,4,3,1,3,0,8,18,8,12,12,3,0,7.9756556059438095,1.8655817128081478,1.1412789963703818,0.12,0.3333333333333333,0.16,0.8796904405482378,0.6431950516102201,0
user_5303,2021-03-04 04:12:00,18,8,7,1,2,1,11,6,16,19,8,3,0,4.527195363723085,2.3742689549338025,1.390557149208626,0.3888888888888889,0.14285714285714285,0.4444444444444444,0.32437706594319743,0.17035332170809203,0
user_5304,2021-03-04 04:27:00,26,13,9,2,0,0,19,12,11,17,18,3,0,4.209144715548114,0.9257311758635285,4.650891154891396,0.34615384615384615,0.2222222222222222,0.5,0.5888037044123002,0.17066213906097732,0
user_5305,2021-03-04 04:42:00,21,10,6,0,1,0,5,5,6,13,16,3,0,1.2021228794408498,5.596471124825986,3.2237968532702714,0.2857142857142857,0.0,0.47619047619047616,0.5299599772736749,0.8480078030640368,0
user_5306,2021-03-04 04:57:00,17,8,0,1,2,1,14,20,11,7,14,3,0,6.761111893200153,5.23975324759073,2.5927935649015112,0.0,0.0,0.47058823529411764,0.7527062013217815,0.12596608136429496,0
user_5307,2021-03-04 05:12:00,18,8,9,0,5,0,8,19,9,18,11,3,0,2.445245311011429,6.163695041277017,4.708118333018263,0.5,0.0,0.4444444444444444,0.6729398118273866,0.4733572356822049,0
user_5308,2021-03-04 05:27:00,23,14,12,0,2,0,13,18,12,16,10,3,0,4.867527447192036,6.951391604771994,6.720191508894875,0.5217391304347826,0.0,0.6086956521739131,0.988698256704941,0.6874790946460649,0
user_5309,2021-03-04 05:42:00,25,10,8,0,5,2,18,6,13,7,16,3,0,7.819835874140668,7.79295373882317,4.573865542452318,0.32,0.0,0.4,0.39043231160523184,0.5914573096621684,0
user_5310,2021-03-04 05:57:00,17,9,6,1,4,0,10,6,11,19,10,3,0,5.3742043145976,5.25581318012354,5.523225046040856,0.35294117647058826,0.16666666666666666,0.5294117647058824,0.2793870074812628,0.6908470938209386,0
user_5311,2021-03-04 06:12:00,19,12,3,0,2,0,13,12,9,16,10,3,0,4.465372066796399,2.1547435285554646,10.56067407415549,0.15789473684210525,0.0,0.631578947368421,0.35037667795824456,0.5507182878958782,0
user_5312,2021-03-04 06:27:00,17,9,3,1,0,1,10,9,15,15,19,3,0,3.294173907508386,4.25869672658005,4.252297321333464,0.17647058823529413,0.3333333333333333,0.5294117647058824,0.6254875528610025,0.8919500254875853,0
user_5313,2021-03-04 06:42:00,21,12,9,1,4,0,19,9,15,14,20,3,0,2.575802764066413,0.6057608632399503,7.851226223330531,0.42857142857142855,0.1111111111111111,0.5714285714285714,0.4999035395291106,0.9417523538002988,0
user_5314,2021-03-04 06:57:00,25,9,4,0,2,2,18,19,5,17,7,3,0,3.4071343809961125,5.5484898854774505,9.966215430992811,0.16,0.0,0.36,0.610910657350958,0.2942792962657928,0
user_5315,2021-03-04 07:12:00,14,10,6,2,4,2,5,15,5,9,14,3,0,4.98720719050996,2.5739462269224505,1.8612709307232917,0.42857142857142855,0.3333333333333333,0.7142857142857143,0.36738008107711384,0.3140613249647638,0
user_5316,2021-03-04 07:27:00,28,13,7,1,4,1,18,9,14,8,5,3,0,6.441302675004668,7.830717463264594,8.021034259459167,0.25,0.14285714285714285,0.4642857142857143,0.7639180273828491,0.6334911491842493,0
user_5317,2021-03-04 07:42:00,24,6,3,1,2,0,20,8,5,19,6,3,0,8.685435614808625,0.2582794036225619,4.979882305382209,0.125,0.3333333333333333,0.25,0.8616172902483625,0.43331921774548,0
user_5318,2021-03-04 07:57:00,18,12,10,2,1,1,14,14,8,17,12,3,0,1.9726294388569166,5.05311826418294,0.8667640730929735,0.5555555555555556,0.2,0.6666666666666666,0.11795840850728405,0.9425069009248654,0
user_5319,2021-03-04 08:12:00,24,13,2,2,1,2,18,10,19,14,12,3,0,6.205190719699067,4.933852562083526,6.203930126188735,0.08333333333333333,1.0,0.5416666666666666,0.8300884409821536,0.91984088488769,0
user_5320,2021-03-04 08:27:00,19,9,7,0,0,0,11,11,9,12,11,3,0,6.967276735060814,3.8591986733687373,10.776393375076806,0.3684210526315789,0.0,0.47368421052631576,0.2161378726361264,0.47445084367353896,1
user_5321,2021-03-04 08:42:00,23,10,4,0,3,0,5,12,7,16,6,3,0,5.014380171457206,6.0478394581190775,5.191872808987777,0.17391304347826086,0.0,0.43478260869565216,0.504494170934479,0.40194371598687006,0
user_5322,2021-03-04 08:57:00,17,8,9,2,4,2,11,14,15,7,13,3,0,5.317320893799054,7.530549386781194,1.8103502735361539,0.5294117647058824,0.2222222222222222,0.47058823529411764,0.26066980452392774,0.7670993212909233,0
user_5323,2021-03-04 09:12:00,18,14,4,2,0,2,14,10,8,9,14,3,0,9.855034582303274,3.1545735571730495,7.11965951963284,0.2222222222222222,0.5,0.7777777777777778,0.5044933434363948,0.6402047250454731,0
user_5324,2021-03-04 09:27:00,30,6,4,1,1,1,20,19,19,6,15,3,0,3.029202679563692,2.5923170369377226,1.9170878589909957,0.13333333333333333,0.25,0.2,0.12270329650920155,0.2445452867809369,0
user_5325,2021-03-04 09:42:00,18,7,2,0,4,1,19,19,5,17,8,3,0,2.1620453374913544,0.7228172472936776,7.012160607691852,0.1111111111111111,0.0,0.3888888888888889,0.9873797947597426,0.707173071868929,0
user_5326,2021-03-04 09:57:00,21,6,12,1,1,0,9,14,15,13,10,3,0,6.081708547690177,2.677083647733648,8.86399881474164,0.5714285714285714,0.08333333333333333,0.2857142857142857,0.6536195150308323,0.29084917853954695,0
user_5327,2021-03-04 10:12:00,18,9,2,0,2,0,16,5,18,12,18,3,0,8.899414577020705,4.277771949552822,7.720933665070566,0.1111111111111111,0.0,0.5,0.8824479976947448,0.6984815688346174,0
user_5328,2021-03-04 10:27:00,18,14,9,0,4,0,20,9,20,9,5,3,0,4.451419625495283,0.16175291465150937,7.894837558100699,0.5,0.0,0.7777777777777778,0.24303494795432296,0.8891412378462202,0
user_5329,2021-03-04 10:42:00,31,8,5,0,2,1,17,18,9,17,5,3,0,2.4603430263020902,3.5939425614713714,9.347599385196139,0.16129032258064516,0.0,0.25806451612903225,0.10205148929727326,0.8251823856280356,1
user_5330,2021-03-04 10:57:00,17,11,6,1,2,0,11,8,20,19,6,3,0,3.6079480567643656,0.2618363207536861,11.971556339519287,0.35294117647058826,0.16666666666666666,0.6470588235294118,0.27900855079187487,0.23794766314192592,0
user_5331,2021-03-04 11:12:00,24,10,5,1,2,1,20,5,18,13,19,3,0,8.532300402708506,4.731793923933066,0.5720600417920394,0.20833333333333334,0.2,0.4166666666666667,0.7958402255768201,0.22000164816161746,0
user_5332,2021-03-04 11:27:00,23,6,9,1,2,0,9,12,17,6,19,3,0,5.63203680433847,1.7204393584169502,10.546584916230326,0.391304347826087,0.1111111111111111,0.2608695652173913,0.27928106695595845,0.8975635148811234,0
user_5333,2021-03-04 11:42:00,25,7,9,0,3,0,8,11,9,8,15,3,0,5.367239984618362,4.990372649467691,2.782439349384514,0.36,0.0,0.28,0.11831420598270757,0.9831622065737818,0
user_5334,2021-03-04 11:57:00,17,9,5,0,1,0,20,20,16,15,17,3,0,9.816218766661127,6.660378086860019,3.579450184970436,0.29411764705882354,0.0,0.5294117647058824,0.8290482695528607,0.9689251489935065,0
user_5335,2021-03-04 12:12:00,23,8,8,1,0,0,16,16,10,10,18,3,0,1.8392386349627416,5.367410781056249,4.4819422336694,0.34782608695652173,0.125,0.34782608695652173,0.8013528705967172,0.6944966242342336,0
user_5336,2021-03-04 12:27:00,20,8,9,1,3,0,19,18,16,20,15,3,0,1.5481429153515565,0.8687762218752366,11.529209818277385,0.45,0.1111111111111111,0.4,0.7262407121373803,0.5133745938685991,0
user_5337,2021-03-04 12:42:00,14,14,4,2,4,0,14,9,20,7,17,3,0,0.1408266151035362,7.898705396688119,9.857870547831741,0.2857142857142857,0.5,1.0,0.9069630515329488,0.10883843704401773,0
user_5338,2021-03-04 12:57:00,5,7,7,0,2,1,20,18,19,16,6,3,0,5.4413385105153305,3.789599732611951,11.521490594287327,1.4,0.0,1.4,0.5924470731391271,0.7489525715826318,0
user_5339,2021-03-04 13:12:00,20,8,5,1,1,1,17,11,10,9,17,3,0,9.344778520536451,1.9320518351243108,7.706410862219093,0.25,0.2,0.4,0.5060980356494859,0.42461229042264814,0
user_5340,2021-03-04 13:27:00,20,8,4,3,0,0,16,7,14,5,15,3,0,5.151739144270663,7.3744410066544175,3.122494302043871,0.2,0.75,0.4,0.4704722012458068,0.12169253030278981,0
user_5341,2021-03-04 13:42:00,25,9,5,0,4,2,9,18,20,16,9,3,0,6.014719409366623,4.1501629980640224,1.3628186590127498,0.2,0.0,0.36,0.414784349362889,0.9916689823264322,0
user_5342,2021-03-04 13:57:00,16,12,2,2,1,0,17,17,7,6,12,3,0,5.196226828477343,3.362533802974441,10.25018397578762,0.125,1.0,0.75,0.4923460588496107,0.29516432708503476,0
user_5343,2021-03-04 14:12:00,20,4,5,2,2,0,5,8,12,17,19,3,0,1.295084776897502,4.710863036910682,9.740898455725157,0.25,0.4,0.2,0.31050797444391803,0.4991814406079884,0
user_5344,2021-03-04 14:27:00,21,14,5,0,2,0,8,10,6,7,6,3,0,9.088349866565066,2.629186065288724,10.594229316088574,0.23809523809523808,0.0,0.6666666666666666,0.18463730470826156,0.2542053724484959,0
user_5345,2021-03-04 14:42:00,24,12,6,1,3,0,19,16,17,5,10,3,0,1.491832237721558,0.7487546529189416,3.944525155361411,0.25,0.16666666666666666,0.5,0.20088907584946508,0.44114463707295093,0
user_5346,2021-03-04 14:57:00,23,8,11,1,5,0,15,18,17,13,8,3,0,6.32027175955966,6.702070292707736,1.0487246049137993,0.4782608695652174,0.09090909090909091,0.34782608695652173,0.3754134294916732,0.5815658273267094,0
user_5347,2021-03-04 15:12:00,17,12,5,0,2,1,15,8,19,19,19,3,0,0.37632364860340894,2.0203582062339622,8.113329573554935,0.29411764705882354,0.0,0.7058823529411765,0.5543934876801052,0.20849306234028936,1
user_5348,2021-03-04 15:27:00,18,10,3,1,4,0,18,11,7,16,16,3,0,3.120514349295211,6.0602348108834265,5.345848565218961,0.16666666666666666,0.3333333333333333,0.5555555555555556,0.9421584595064177,0.9723946950175862,0
user_5349,2021-03-04 15:42:00,20,11,4,1,2,1,12,6,5,7,9,3,0,6.857331894793386,2.566713267445356,5.564162168222115,0.2,0.25,0.55,0.24162564712777743,0.10070952719852459,0
user_5350,2021-03-04 15:57:00,26,10,3,0,3,0,14,12,11,15,7,3,0,1.9831116653412573,7.37924866839311,5.752289641306387,0.11538461538461539,0.0,0.38461538461538464,0.8504831857202907,0.9494785030870196,0
user_5351,2021-03-04 16:12:00,25,7,3,1,1,1,9,17,14,10,5,3,0,0.2307313189605651,1.9970698271685712,5.669604668697242,0.12,0.3333333333333333,0.28,0.3036866834701659,0.24806590716869825,0
user_5352,2021-03-04 16:27:00,19,11,9,1,3,1,14,6,5,14,10,3,0,6.9671890140067605,2.5420598172745548,8.56535433712591,0.47368421052631576,0.1111111111111111,0.5789473684210527,0.3427383184882091,0.14081929026939216,0
user_5353,2021-03-04 16:42:00,29,10,5,1,1,1,7,5,15,7,11,3,0,2.5312977686999925,0.6737222213292305,0.937138117720284,0.1724137931034483,0.2,0.3448275862068966,0.12870860210345433,0.6216318217643075,0
user_5354,2021-03-04 16:57:00,17,9,3,0,2,0,18,13,5,19,5,3,0,1.9845086322014345,7.99891528655614,2.327647549078677,0.17647058823529413,0.0,0.5294117647058824,0.13857082642943078,0.9634740936417971,0
user_5355,2021-03-04 17:12:00,16,13,4,1,3,1,16,20,12,14,7,3,0,3.707409141345766,6.81288399011769,5.027135624972218,0.25,0.25,0.8125,0.13291357751130797,0.8746390048905677,0
user_5356,2021-03-04 17:27:00,16,9,9,0,2,1,18,5,5,19,12,3,0,9.00328428008637,7.006206809433842,10.468629013966837,0.5625,0.0,0.5625,0.4588981500631243,0.3909900955249158,0
user_5357,2021-03-04 17:42:00,18,6,7,1,1,0,5,13,11,20,17,3,0,7.219693997385545,3.2585364691358047,1.204252408937303,0.3888888888888889,0.14285714285714285,0.3333333333333333,0.3744762031285891,0.7863339726978122,0
user_5358,2021-03-04 17:57:00,25,8,3,1,2,1,9,16,16,16,8,3,0,6.445669631577152,5.7909974595603035,5.1458480172343295,0.12,0.3333333333333333,0.32,0.4210331867591123,0.4887871612029938,0
user_5359,2021-03-04 18:12:00,22,14,8,2,4,0,18,20,10,19,14,3,0,2.4166317586884296,1.3544570710515103,9.086792768926376,0.36363636363636365,0.25,0.6363636363636364,0.7769849203811143,0.6705487527723226,0
user_5360,2021-03-04 18:27:00,25,6,10,1,4,0,20,9,19,11,12,3,0,8.355249458189755,4.231956398446554,0.6412820480971679,0.4,0.1,0.24,0.19558062797388698,0.986297044967914,0
user_5361,2021-03-04 18:42:00,18,17,2,1,1,0,12,7,13,16,15,3,0,9.86736341953401,1.2404481613676654,8.115049545478923,0.1111111111111111,0.5,0.9444444444444444,0.2524127622152967,0.667436745318374,0
user_5362,2021-03-04 18:57:00,22,12,4,1,1,1,19,6,6,18,8,3,0,7.5482475875539965,6.674224888897908,4.236093783268435,0.18181818181818182,0.25,0.5454545454545454,0.7700669974535245,0.8784842669014787,0
user_5363,2021-03-04 19:12:00,18,9,7,1,4,1,18,8,17,6,5,3,0,5.065529362595302,6.0459352388884415,8.116642478503955,0.3888888888888889,0.14285714285714285,0.5,0.3746097761044762,0.2623305244751952,0
user_5364,2021-03-04 19:27:00,28,12,4,1,1,0,17,7,12,16,8,3,0,0.5250575375118947,4.757953150887478,2.3593518708878105,0.14285714285714285,0.25,0.42857142857142855,0.602164638335393,0.9975507199191253,0
user_5365,2021-03-04 19:42:00,18,5,7,2,3,2,20,5,10,15,20,3,0,4.7874570464712285,4.304658802004099,2.1244978730102027,0.3888888888888889,0.2857142857142857,0.2777777777777778,0.9147905048821082,0.897442297194901,0
user_5366,2021-03-04 19:57:00,11,7,9,1,1,1,16,15,10,14,6,3,0,4.014342922206985,0.7264149098040582,1.689642349999466,0.8181818181818182,0.1111111111111111,0.6363636363636364,0.2901428474309434,0.5175088458713479,0
user_5367,2021-03-04 20:12:00,15,7,7,0,2,1,12,16,11,8,7,3,0,0.8265649181228599,6.311192636241565,5.708403237020727,0.4666666666666667,0.0,0.4666666666666667,0.7346082735379651,0.7489056397081592,0
user_5368,2021-03-04 20:27:00,15,11,5,1,1,0,16,14,10,12,13,3,0,9.468934438305842,1.527922445395008,8.548839066823689,0.3333333333333333,0.2,0.7333333333333333,0.4810218152948158,0.4220009697027607,1
user_5369,2021-03-04 20:42:00,18,16,8,1,5,0,16,6,5,18,11,3,0,7.850580298187141,5.628643163465275,1.5837928344335848,0.4444444444444444,0.125,0.8888888888888888,0.553890415626343,0.7898373370228344,0
user_5370,2021-03-04 20:57:00,14,7,6,1,5,0,9,11,13,20,8,3,0,1.7274637546891993,5.606708989681366,10.520098055934781,0.42857142857142855,0.16666666666666666,0.5,0.7301426481805147,0.6474202767372486,0
user_5371,2021-03-04 21:12:00,17,4,6,0,3,1,7,6,5,15,13,3,0,7.850924842116261,5.37725569135353,9.292845365991095,0.35294117647058826,0.0,0.23529411764705882,0.11074177674310887,0.7735413316180145,0
user_5372,2021-03-04 21:27:00,22,15,6,0,2,1,9,15,19,8,13,3,0,3.7686322292656382,4.128975847252982,5.386729159726875,0.2727272727272727,0.0,0.6818181818181818,0.20108864195401263,0.43397699830485315,0
user_5373,2021-03-04 21:42:00,16,12,6,1,1,1,18,19,16,6,19,3,0,7.20601087227001,0.9815884351948407,4.584293650280179,0.375,0.16666666666666666,0.75,0.513657831888977,0.9092928921746168,0
user_5374,2021-03-04 21:57:00,24,12,4,2,1,1,16,20,7,12,19,3,0,2.3566045937454065,1.9633524606347634,11.29551179604373,0.16666666666666666,0.5,0.5,0.9887797370024142,0.9133049336064916,0
user_5375,2021-03-04 22:12:00,20,13,10,0,1,1,17,10,16,7,18,3,0,9.006347393787117,5.891174743080161,9.34024978200484,0.5,0.0,0.65,0.33046241168567986,0.8798324714730144,0
user_5376,2021-03-04 22:27:00,17,8,7,1,2,0,19,16,20,10,13,3,0,3.6233279826802405,0.8944143103909036,4.609565406780437,0.4117647058823529,0.14285714285714285,0.47058823529411764,0.1777725120105323,0.515867993998299,0
user_5377,2021-03-04 22:42:00,24,11,2,0,1,0,7,10,19,16,18,3,0,8.522388871075927,5.603352510988318,1.7162743100657387,0.08333333333333333,0.0,0.4583333333333333,0.49354113159856683,0.527377025088327,0
user_5378,2021-03-04 22:57:00,20,13,8,0,2,0,7,14,19,18,11,3,0,1.4904083615907375,1.9336240394532107,9.855339739033964,0.4,0.0,0.65,0.3794108588593269,0.8210432701953297,0
user_5379,2021-03-04 23:12:00,20,12,5,2,0,0,12,10,18,8,17,3,0,3.905637146149711,5.192142567457644,6.108278317980913,0.25,0.4,0.6,0.9276039650620836,0.5632330607879179,0
user_5380,2021-03-04 23:27:00,22,8,10,1,2,0,7,6,11,11,19,3,0,8.712201230685325,2.065637699750918,9.728606359695124,0.45454545454545453,0.1,0.36363636363636365,0.369211730544067,0.9769102690024983,0
user_5381,2021-03-04 23:42:00,20,7,9,0,0,0,15,5,20,18,13,3,0,5.801952216233509,7.379666256370082,2.389389850985541,0.45,0.0,0.35,0.7542786667751417,0.8483279832246261,0
user_5382,2021-03-04 23:57:00,18,9,7,1,1,1,15,7,16,10,18,3,0,2.760870906063791,7.7249117678950645,10.633732946761105,0.3888888888888889,0.14285714285714285,0.5,0.6692253910995782,0.30737197664081783,0
user_5383,2021-03-05 00:12:00,19,12,4,1,1,0,17,5,11,14,13,4,0,3.3175478838261623,1.3676331781197593,2.1695208336933387,0.21052631578947367,0.25,0.631578947368421,0.26973310902864645,0.9240632573494819,0
user_5384,2021-03-05 00:27:00,18,11,7,2,4,1,8,16,19,15,10,4,0,1.0619783962859422,4.864611007028544,10.777503790583207,0.3888888888888889,0.2857142857142857,0.6111111111111112,0.8759953630569758,0.5693640213557151,0
user_5385,2021-03-05 00:42:00,20,10,5,1,5,0,5,16,13,7,11,4,0,8.923321028766102,6.607191283927913,7.447762409638168,0.25,0.2,0.5,0.33864484844142506,0.21148679454946928,0
user_5386,2021-03-05 00:57:00,19,13,9,0,0,0,9,9,14,19,6,4,0,4.10947964487419,1.2185553448017938,5.512103145382112,0.47368421052631576,0.0,0.6842105263157895,0.616983678409069,0.8264227828655497,0
user_5387,2021-03-05 01:12:00,17,12,3,1,4,0,14,11,19,9,10,4,0,9.331371730281688,5.494830044105185,9.539188261768732,0.17647058823529413,0.3333333333333333,0.7058823529411765,0.6278917867233613,0.7809593914632472,0
user_5388,2021-03-05 01:27:00,22,11,3,2,1,1,17,7,11,19,17,4,0,8.238051335201678,1.6980428011600015,3.5347279301685885,0.13636363636363635,0.6666666666666666,0.5,0.5319939408106017,0.7009716475516281,0
user_5389,2021-03-05 01:42:00,17,11,9,1,3,0,5,15,11,12,5,4,0,0.8805517650627573,7.3187405020785175,1.9905869334120467,0.5294117647058824,0.1111111111111111,0.6470588235294118,0.8296017572763507,0.2573331279895622,0
user_5390,2021-03-05 01:57:00,23,11,8,2,4,0,10,16,15,20,5,4,0,3.003135953951683,2.679317797188983,7.422090826267753,0.34782608695652173,0.25,0.4782608695652174,0.2758444143249254,0.6298936757380919,1
user_5391,2021-03-05 02:12:00,18,3,8,2,2,1,12,20,15,10,10,4,0,4.103681710368637,2.0096985126728866,3.4329766988837283,0.4444444444444444,0.25,0.16666666666666666,0.21371172778736672,0.9931370157476249,0
user_5392,2021-03-05 02:27:00,13,9,7,0,1,1,7,19,5,15,6,4,0,5.101083983240821,6.197931866092517,5.0262948491995125,0.5384615384615384,0.0,0.6923076923076923,0.42133072793515824,0.7188603586389909,0
user_5393,2021-03-05 02:42:00,20,6,5,0,1,0,6,14,7,19,14,4,0,4.59159103887648,0.11609760736366882,9.961396702241675,0.25,0.0,0.3,0.6148582591668158,0.6674456418845209,1
user_5394,2021-03-05 02:57:00,24,14,9,1,2,1,15,10,16,14,14,4,0,2.02342795777842,5.947124071124688,1.8359608688617925,0.375,0.1111111111111111,0.5833333333333334,0.35132835673175333,0.4074340281829434,1
user_5395,2021-03-05 03:12:00,20,10,3,1,1,1,16,10,9,7,7,4,0,5.726938343740703,3.2876582642484085,11.231953485530546,0.15,0.3333333333333333,0.5,0.7330870945841303,0.37326002371288813,0
user_5396,2021-03-05 03:27:00,16,9,11,0,2,0,16,19,6,8,7,4,0,3.6468003607924495,3.554775618974177,8.778694854026465,0.6875,0.0,0.5625,0.8006367180965643,0.24000374377731037,0
user_5397,2021-03-05 03:42:00,12,13,8,0,3,1,20,14,14,11,20,4,0,1.3397142861853681,1.260601623410891,2.351380958508348,0.6666666666666666,0.0,1.0833333333333333,0.1732785714875776,0.6236133346494562,0
user_5398,2021-03-05 03:57:00,17,13,5,1,3,0,11,15,17,11,10,4,0,7.558786392893449,1.5126727997799905,7.215111637675393,0.29411764705882354,0.2,0.7647058823529411,0.359922597776522,0.2839174006174183,0
user_5399,2021-03-05 04:12:00,16,7,7,1,4,1,5,8,16,8,16,4,0,2.409837705278941,4.969071730557991,11.06095633197633,0.4375,0.14285714285714285,0.4375,0.7575160213259399,0.4095732881962677,0
user_5400,2021-03-05 04:27:00,18,10,6,0,0,1,14,18,9,9,20,4,0,1.580356839761357,5.502116017006448,9.415178838497445,0.3333333333333333,0.0,0.5555555555555556,0.4380932154466346,0.19737316065820987,0
user_5401,2021-03-05 04:42:00,22,9,6,1,1,0,17,7,16,15,7,4,0,0.23571634276134074,1.7676001022145456,4.62972709366948,0.2727272727272727,0.16666666666666666,0.4090909090909091,0.7003980791586192,0.474408758372762,0
user_5402,2021-03-05 04:57:00,28,9,4,2,0,0,18,12,19,18,8,4,0,5.634609872490191,0.8481602685604768,3.2609737374021552,0.14285714285714285,0.5,0.32142857142857145,0.9164961677481216,0.12662622576728186,0
user_5403,2021-03-05 05:12:00,24,11,2,0,1,0,20,19,9,7,17,4,0,0.8028010945622948,5.8968769848577915,4.416478932218986,0.08333333333333333,0.0,0.4583333333333333,0.1741514706041763,0.6940021268590597,0
user_5404,2021-03-05 05:27:00,13,12,0,1,2,0,20,16,20,11,6,4,0,9.693072481338302,4.048025706003077,9.80563840388407,0.0,0.0,0.9230769230769231,0.6146042666997046,0.7745105987987636,0
user_5405,2021-03-05 05:42:00,27,19,3,0,2,1,18,12,15,11,11,4,0,9.000589200953868,1.8205654283466712,2.8825248866337594,0.1111111111111111,0.0,0.7037037037037037,0.13836719879836723,0.761491998506345,0
user_5406,2021-03-05 05:57:00,21,7,3,1,1,1,8,7,18,20,7,4,0,7.753089195972301,0.4232285396723411,9.189502331913161,0.14285714285714285,0.3333333333333333,0.3333333333333333,0.5577936583871693,0.9484726411099598,0
user_5407,2021-03-05 06:12:00,29,10,4,1,2,1,6,16,8,13,17,4,0,3.0989486195907645,4.305298235236137,9.38099237116,0.13793103448275862,0.25,0.3448275862068966,0.5383796273484677,0.45271123742474106,0
user_5408,2021-03-05 06:27:00,31,6,2,1,4,1,6,7,8,19,12,4,0,3.570985070786771,3.471073805312664,8.778985107877336,0.06451612903225806,0.5,0.1935483870967742,0.7622255495382793,0.14126004216982327,1
user_5409,2021-03-05 06:42:00,29,15,7,0,7,1,7,17,18,16,14,4,0,6.948708355230337,7.454384228405028,5.902023544918617,0.2413793103448276,0.0,0.5172413793103449,0.9074593103126325,0.31259203947924197,0
user_5410,2021-03-05 06:57:00,21,8,3,0,0,0,20,17,19,6,19,4,0,4.755529243292618,7.020894286041407,3.2143287073222147,0.14285714285714285,0.0,0.38095238095238093,0.510906031732298,0.6818497497511907,0
user_5411,2021-03-05 07:12:00,21,11,6,0,1,0,5,10,6,13,13,4,0,9.780426178481457,7.444883151287271,8.020620741201675,0.2857142857142857,0.0,0.5238095238095238,0.7968649685115966,0.5380791262511738,0
user_5412,2021-03-05 07:27:00,19,12,5,1,3,0,5,5,20,7,10,4,0,0.802167672868817,1.3566450309559048,2.7291797343535786,0.2631578947368421,0.2,0.631578947368421,0.9139260492702457,0.5710440807825253,0
user_5413,2021-03-05 07:42:00,12,9,5,1,1,0,15,19,5,17,11,4,0,4.608920743868494,1.784003530858208,9.69506757443371,0.4166666666666667,0.2,0.75,0.773015121336363,0.5143524351510294,0
user_5414,2021-03-05 07:57:00,22,5,1,0,3,0,9,18,7,12,17,4,0,8.49705243954987,1.1674475570749188,8.620319705729138,0.045454545454545456,0.0,0.22727272727272727,0.2781736887288412,0.18804569116056624,0
user_5415,2021-03-05 08:12:00,16,13,4,0,1,1,9,19,12,14,18,4,0,6.474697151959394,6.478839139892621,6.5400458941715005,0.25,0.0,0.8125,0.7472611296572972,0.8824186508843701,1
user_5416,2021-03-05 08:27:00,27,5,4,0,1,1,9,15,7,7,19,4,0,9.736247939168923,3.184799513817529,0.5619873145935782,0.14814814814814814,0.0,0.18518518518518517,0.9798719936900853,0.21035001960831248,0
user_5417,2021-03-05 08:42:00,21,8,3,1,1,1,15,15,8,19,10,4,0,4.607247309514305,7.168025132917177,10.317483773254263,0.14285714285714285,0.3333333333333333,0.38095238095238093,0.5623205347473536,0.6951681092041572,0
user_5418,2021-03-05 08:57:00,22,5,8,0,4,0,10,5,7,20,7,4,0,1.4844671207738926,6.5437773406497275,9.821657294307714,0.36363636363636365,0.0,0.22727272727272727,0.75290001507223,0.12868663849151324,0
user_5419,2021-03-05 09:12:00,21,8,5,1,3,1,13,13,6,11,18,4,0,6.4254486167503675,5.109057866029273,9.353981841866778,0.23809523809523808,0.2,0.38095238095238093,0.6419223489412165,0.30704776486912744,0
user_5420,2021-03-05 09:27:00,13,11,5,1,1,1,16,17,17,19,17,4,0,4.001304522132421,3.47745873124181,10.037145776249892,0.38461538461538464,0.2,0.8461538461538461,0.7203499313404944,0.5573804968151866,0
user_5421,2021-03-05 09:42:00,15,15,4,2,4,0,17,17,10,10,15,4,0,8.532460519831451,3.3815286016347246,9.352656229269982,0.26666666666666666,0.5,1.0,0.6458133635756373,0.5160750713684706,0
user_5422,2021-03-05 09:57:00,9,16,7,1,3,1,19,7,16,20,18,4,0,9.651347213378209,2.359651527747953,10.041150862759398,0.7777777777777778,0.14285714285714285,1.7777777777777777,0.30130022619624125,0.4431109168082755,0
user_5423,2021-03-05 10:12:00,20,10,8,1,1,1,6,6,7,19,13,4,0,6.665106552771319,1.0817439670808982,2.6648403587949514,0.4,0.125,0.5,0.41410586851067077,0.7164565709108289,0
user_5424,2021-03-05 10:27:00,24,13,2,1,2,1,18,11,7,9,12,4,0,0.654459442915832,6.894181784812166,7.412635086911516,0.08333333333333333,0.5,0.5416666666666666,0.40044312874131527,0.9048633627697547,0
user_5425,2021-03-05 10:42:00,18,5,4,0,2,0,15,10,7,13,19,4,0,6.486523142211579,5.744600551697699,4.3720400999855,0.2222222222222222,0.0,0.2777777777777778,0.30000943489554993,0.6394533687000957,0
user_5426,2021-03-05 10:57:00,26,8,3,1,4,0,6,19,19,9,10,4,0,0.565616578155603,0.10512121207914243,4.960851020878807,0.11538461538461539,0.3333333333333333,0.3076923076923077,0.34574046754759125,0.9427734996617562,0
user_5427,2021-03-05 11:12:00,21,8,7,2,0,0,13,20,13,6,10,4,0,5.515919063564277,4.156324543986392,9.643446906917262,0.3333333333333333,0.2857142857142857,0.38095238095238093,0.40439911260397554,0.42258943115506453,0
user_5428,2021-03-05 11:27:00,18,8,3,0,0,0,19,10,18,14,8,4,0,2.2830127918385354,4.978311755569098,9.458296580028236,0.16666666666666666,0.0,0.4444444444444444,0.20256472272668558,0.6890730555799797,0
user_5429,2021-03-05 11:42:00,20,13,8,2,1,1,7,13,10,17,13,4,0,9.603754286631066,0.9191743103124234,1.0707524298246365,0.4,0.25,0.65,0.8470346355523939,0.324805240343061,0
user_5430,2021-03-05 11:57:00,22,9,6,0,1,1,8,12,8,15,8,4,0,4.6525956385921985,7.075057161076599,2.149845444750524,0.2727272727272727,0.0,0.4090909090909091,0.4521255171870361,0.49321920823291265,0
user_5431,2021-03-05 12:12:00,18,13,5,0,3,1,7,19,13,9,10,4,0,8.449194503007915,6.081011910510728,3.796359629154197,0.2777777777777778,0.0,0.7222222222222222,0.4687585256752195,0.3234449919591968,0
user_5432,2021-03-05 12:27:00,19,12,1,0,2,1,16,12,7,6,18,4,0,8.220262464990888,4.415325281489593,2.112713437596386,0.05263157894736842,0.0,0.631578947368421,0.7398307334665651,0.3472353082633818,0
user_5433,2021-03-05 12:42:00,17,12,8,0,4,1,15,6,5,5,11,4,0,4.213932653458522,3.832947682601964,2.715890688177235,0.47058823529411764,0.0,0.7058823529411765,0.434730421396491,0.9654446399987983,0
user_5434,2021-03-05 12:57:00,16,11,4,1,4,1,17,8,11,15,10,4,0,8.665508384362468,4.090629255494086,10.006108652941787,0.25,0.25,0.6875,0.7141043400428613,0.2799495395444728,0
user_5435,2021-03-05 13:12:00,21,10,9,1,4,1,16,9,20,6,11,4,0,4.862033347274587,6.2916498734319095,10.601095440469452,0.42857142857142855,0.1111111111111111,0.47619047619047616,0.920222032797042,0.5742381189950064,0
user_5436,2021-03-05 13:27:00,25,13,3,2,2,1,18,13,18,16,20,4,0,4.352733853451804,7.667630490261944,9.293594281428074,0.12,0.6666666666666666,0.52,0.7038784541060941,0.5875412025948551,0
user_5437,2021-03-05 13:42:00,22,8,5,1,3,0,12,17,8,5,18,4,0,5.771290640722693,0.9169771191226435,8.891089626784694,0.22727272727272727,0.2,0.36363636363636365,0.38863064345261733,0.13051865545136587,0
user_5438,2021-03-05 13:57:00,14,13,9,1,3,0,19,10,9,5,20,4,0,5.709174617509727,1.9069374464401767,7.844541068755123,0.6428571428571429,0.1111111111111111,0.9285714285714286,0.4174766944510101,0.8359538027293163,0
user_5439,2021-03-05 14:12:00,18,10,7,1,5,1,9,10,14,14,8,4,0,2.6290106645813043,5.204562825283552,4.115469934483849,0.3888888888888889,0.14285714285714285,0.5555555555555556,0.9426688865505884,0.7539142771455927,0
user_5440,2021-03-05 14:27:00,21,10,4,0,1,1,15,12,5,8,17,4,0,7.693075114234499,4.0461850194841995,7.889088027631841,0.19047619047619047,0.0,0.47619047619047616,0.6026120053547007,0.28314953291725165,0
user_5441,2021-03-05 14:42:00,24,15,9,1,1,1,20,10,13,17,18,4,0,5.865468390190133,6.348823470512337,0.7443827402133092,0.375,0.1111111111111111,0.625,0.8423351952352772,0.5849230529847059,0
user_5442,2021-03-05 14:57:00,18,9,3,2,0,1,11,5,7,5,17,4,0,0.5172727917162112,0.6507327018446677,8.349993327997105,0.16666666666666666,0.6666666666666666,0.5,0.6735618655212502,0.7372562511520048,0
user_5443,2021-03-05 15:12:00,21,12,12,0,3,1,15,5,15,10,18,4,0,6.310901432412287,2.085757983563439,2.2275106686584216,0.5714285714285714,0.0,0.5714285714285714,0.11634086408962799,0.256147196864841,0
user_5444,2021-03-05 15:27:00,25,13,3,2,2,0,5,6,7,19,12,4,0,3.4603027112289384,3.219803937639057,11.470778958426719,0.12,0.6666666666666666,0.52,0.6181635674332878,0.19937856964936373,0
user_5445,2021-03-05 15:42:00,26,9,2,0,4,0,18,18,19,15,15,4,0,4.533417971967925,1.4527353496880866,9.319907571598828,0.07692307692307693,0.0,0.34615384615384615,0.4685864016676965,0.5460243637678365,0
user_5446,2021-03-05 15:57:00,13,8,6,0,5,0,8,5,17,15,9,4,0,8.399304400810962,6.479646092832901,6.356274629375974,0.46153846153846156,0.0,0.6153846153846154,0.8209618142986682,0.6939882294301354,0
user_5447,2021-03-05 16:12:00,19,11,1,0,3,1,6,5,16,13,5,4,0,3.3331599359281383,3.1193950814928977,2.507014049642071,0.05263157894736842,0.0,0.5789473684210527,0.7277241391808775,0.8425084093215802,0
user_5448,2021-03-05 16:27:00,19,10,7,1,0,0,14,11,6,9,9,4,0,0.19581674609866628,0.7599430169214552,4.718388167655206,0.3684210526315789,0.14285714285714285,0.5263157894736842,0.19550397650137114,0.4627134485364969,0
user_5449,2021-03-05 16:42:00,26,10,3,2,1,1,11,9,20,13,19,4,0,4.4426181116990815,4.176157952029263,10.825015744297259,0.11538461538461539,0.6666666666666666,0.38461538461538464,0.8814356042612481,0.6985206824368847,0
user_5450,2021-03-05 16:57:00,21,6,8,0,0,2,7,12,15,9,16,4,0,1.9482485876351991,7.256534087286133,6.793645040497666,0.38095238095238093,0.0,0.2857142857142857,0.9518321844695042,0.46318714547127837,0
user_5451,2021-03-05 17:12:00,24,14,7,1,4,0,19,11,11,10,10,4,0,2.4985529009600387,6.317992529541096,8.7188412825345,0.2916666666666667,0.14285714285714285,0.5833333333333334,0.8095490829431384,0.39468885135055576,0
user_5452,2021-03-05 17:27:00,22,8,8,2,1,1,11,13,18,12,10,4,0,8.744696753363966,4.2010291628192915,9.387972279695429,0.36363636363636365,0.25,0.36363636363636365,0.7127586104248312,0.7675590359006947,0
user_5453,2021-03-05 17:42:00,21,11,6,1,2,0,8,18,15,14,9,4,0,2.6702410286617257,6.480088389116822,8.887988476082825,0.2857142857142857,0.16666666666666666,0.5238095238095238,0.6766727417276787,0.5044619558620937,0
user_5454,2021-03-05 17:57:00,12,11,6,1,1,1,13,11,20,14,19,4,0,1.845470946846861,2.9707560808091587,2.5798900193470486,0.5,0.16666666666666666,0.9166666666666666,0.4035299313382438,0.14282091317853934,0
user_5455,2021-03-05 18:12:00,18,6,4,1,2,0,16,10,18,12,20,4,0,5.04959935170989,4.64128261294452,2.2787940129356756,0.2222222222222222,0.25,0.3333333333333333,0.4318164626434067,0.832500191805326,0
user_5456,2021-03-05 18:27:00,27,11,2,2,1,0,13,16,6,12,5,4,0,2.044526480756989,0.9817124648446247,7.374077393095947,0.07407407407407407,1.0,0.4074074074074074,0.31395125818826175,0.8944758520754046,0
user_5457,2021-03-05 18:42:00,16,6,7,0,1,0,9,5,12,6,16,4,0,8.258844430243816,2.688066463590056,9.619996143454568,0.4375,0.0,0.375,0.8044323560613734,0.8297331873945394,0
user_5458,2021-03-05 18:57:00,20,8,4,1,1,1,19,17,7,16,16,4,0,7.51042184495253,7.601823996410104,3.4644689789679446,0.2,0.25,0.4,0.31946169139669556,0.642339289384257,0
user_5459,2021-03-05 19:12:00,20,10,6,0,2,1,13,19,7,7,7,4,0,5.061930954396739,0.1600433436300559,9.118509182521993,0.3,0.0,0.5,0.9583287883570574,0.9899001491469486,0
user_5460,2021-03-05 19:27:00,15,10,5,2,3,2,9,8,10,20,16,4,0,0.8171753613742834,2.122805287904308,6.769311750380927,0.3333333333333333,0.4,0.6666666666666666,0.8523629642003809,0.2692818885192397,0
user_5461,2021-03-05 19:42:00,23,13,4,0,2,0,12,16,12,18,11,4,0,8.628927609427057,5.247469031047262,10.102583744180778,0.17391304347826086,0.0,0.5652173913043478,0.5938802220703839,0.31930159973990735,0
user_5462,2021-03-05 19:57:00,24,8,9,1,3,0,20,6,13,15,14,4,0,7.59977786530245,1.6674208359776292,10.87368426444878,0.375,0.1111111111111111,0.3333333333333333,0.5745593842225214,0.8684981752255404,1
user_5463,2021-03-05 20:12:00,12,13,8,1,2,0,9,16,7,15,14,4,0,8.93993210569944,2.3124338855276783,2.82134555664076,0.6666666666666666,0.125,1.0833333333333333,0.5370424033188584,0.33018839662952626,1
user_5464,2021-03-05 20:27:00,20,12,7,0,2,1,14,13,19,11,5,4,0,5.398122661656594,2.012419199136079,9.643308438952104,0.35,0.0,0.6,0.9233385708453239,0.15395416067800996,1
user_5465,2021-03-05 20:42:00,25,7,6,1,1,1,6,10,11,18,5,4,0,1.6630424281384437,7.918451521426325,3.984254351451041,0.24,0.16666666666666666,0.28,0.8233284639383317,0.6545833246652358,0
user_5466,2021-03-05 20:57:00,21,11,5,1,2,1,16,14,15,10,19,4,0,4.664804940429503,7.792521839574143,4.130065033688185,0.23809523809523808,0.2,0.5238095238095238,0.9101744588573173,0.32294061374993877,1
user_5467,2021-03-05 21:12:00,20,11,6,0,0,1,20,18,8,10,11,4,0,6.831975990925602,2.9600330691136088,9.865023560930341,0.3,0.0,0.55,0.3411070731779845,0.13822111414091862,0
user_5468,2021-03-05 21:27:00,22,12,6,2,4,0,12,6,12,16,10,4,0,9.648219259291118,4.824822804223909,7.984520802810951,0.2727272727272727,0.3333333333333333,0.5454545454545454,0.4218353362866549,0.9668256001907031,0
user_5469,2021-03-05 21:42:00,24,10,7,0,2,0,18,14,18,8,5,4,0,9.588273050931736,4.082591306371396,8.542028643614117,0.2916666666666667,0.0,0.4166666666666667,0.9604368709283603,0.7140694359275004,0
user_5470,2021-03-05 21:57:00,26,10,6,1,2,0,15,18,19,11,12,4,0,5.6077410090796445,7.425749742961007,8.589162547623047,0.23076923076923078,0.16666666666666666,0.38461538461538464,0.7670584727035414,0.23195287592905384,0
user_5471,2021-03-05 22:12:00,20,13,4,1,2,0,19,13,18,12,14,4,0,5.494076006508484,7.974658827436411,8.064936134622217,0.2,0.25,0.65,0.20047127150018867,0.5431746648304989,0
user_5472,2021-03-05 22:27:00,24,13,3,2,2,0,7,10,17,19,15,4,0,8.25378765802842,5.402886517365438,4.958604718387536,0.125,0.6666666666666666,0.5416666666666666,0.7575667302577928,0.2622173761244205,0
user_5473,2021-03-05 22:42:00,22,10,6,1,1,0,7,7,16,16,17,4,0,7.162759152362228,6.6900583808938325,5.060443359829095,0.2727272727272727,0.16666666666666666,0.45454545454545453,0.7085728584902292,0.4418163798379644,0
user_5474,2021-03-05 22:57:00,21,11,7,1,3,1,9,16,15,8,11,4,0,4.33404188886381,3.142682840322492,11.47202980766902,0.3333333333333333,0.14285714285714285,0.5238095238095238,0.9622438724466525,0.2923851248620377,0
user_5475,2021-03-05 23:12:00,26,7,7,1,2,0,11,20,11,7,10,4,0,6.92241348057332,2.2909805191614927,7.9638946854371815,0.2692307692307692,0.14285714285714285,0.2692307692307692,0.48632047294563874,0.8766134194559543,0
user_5476,2021-03-05 23:27:00,27,11,2,2,1,1,10,20,8,17,20,4,0,8.084744317357613,6.368112806836808,7.901471271835163,0.07407407407407407,1.0,0.4074074074074074,0.425230534513227,0.6898714421804933,0
user_5477,2021-03-05 23:42:00,32,7,6,1,3,0,14,15,16,13,15,4,0,6.761509879269907,1.424621292487201,2.3503094936763724,0.1875,0.16666666666666666,0.21875,0.9673714404799025,0.46122762497542746,0
user_5478,2021-03-05 23:57:00,20,18,9,1,0,0,15,17,13,5,18,4,0,4.074244977134287,6.5707156649478256,7.7996751869040635,0.45,0.1111111111111111,0.9,0.9737725353256643,0.910694669113904,0
user_5479,2021-03-06 00:12:00,18,16,3,1,1,1,12,6,11,16,15,5,1,0.6981368078686463,5.810092852174147,9.811131371123455,0.16666666666666666,0.3333333333333333,0.8888888888888888,0.2157931955024931,0.9184557419322013,0
user_5480,2021-03-06 00:27:00,25,9,8,1,3,1,6,10,8,6,19,5,1,6.549615460276292,1.7430873900442125,3.688640759797469,0.32,0.125,0.36,0.3997977309306491,0.7372002237127052,0
user_5481,2021-03-06 00:42:00,21,11,4,0,2,0,13,19,5,8,6,5,1,6.998859926061952,3.3764155736829315,3.4378258658207197,0.19047619047619047,0.0,0.5238095238095238,0.2915716687958165,0.7717398936398473,0
user_5482,2021-03-06 00:57:00,21,11,6,1,3,0,8,13,13,20,6,5,1,1.7319873103347225,4.782681581389797,11.614937141483797,0.2857142857142857,0.16666666666666666,0.5238095238095238,0.7767689896718551,0.7291903814590307,1
user_5483,2021-03-06 01:12:00,24,5,6,0,3,0,16,6,6,15,20,5,1,7.889557270524898,1.0252324235004924,1.54616942647241,0.25,0.0,0.20833333333333334,0.5827211497973117,0.8297688667147682,0
user_5484,2021-03-06 01:27:00,21,10,6,2,4,0,18,20,6,9,6,5,1,3.5634026287461986,5.5025399999112645,11.852195405418525,0.2857142857142857,0.3333333333333333,0.47619047619047616,0.78875471729275,0.43974558473975234,0
user_5485,2021-03-06 01:42:00,24,13,8,0,2,2,19,17,17,15,6,5,1,6.384742573217177,5.6063199029033886,11.05642592238071,0.3333333333333333,0.0,0.5416666666666666,0.5924936115682636,0.4317537260226547,0
user_5486,2021-03-06 01:57:00,20,10,8,0,2,0,20,13,17,13,17,5,1,8.555288719488377,1.1545505112623997,7.879954524088839,0.4,0.0,0.5,0.6187001450860908,0.5904423458024557,0
user_5487,2021-03-06 02:12:00,24,10,9,3,4,1,8,10,10,14,16,5,1,3.9470368005080076,3.609473577912335,10.572614092525855,0.375,0.3333333333333333,0.4166666666666667,0.8279315518224705,0.30121762903111204,0
user_5488,2021-03-06 02:27:00,20,8,7,0,2,1,14,16,13,8,14,5,1,4.950693532135737,2.1817848536619193,1.896266862963302,0.35,0.0,0.4,0.6582472330931681,0.30796838484064093,0
user_5489,2021-03-06 02:42:00,11,11,13,1,4,0,19,5,15,15,16,5,1,8.523708660190394,4.687094677365767,4.486081257819792,1.1818181818181819,0.07692307692307693,1.0,0.4657441430510201,0.7149246011707281,0
user_5490,2021-03-06 02:57:00,14,8,6,2,1,1,5,5,6,8,14,5,1,7.257818166506394,6.862709780148087,5.5878114529392,0.42857142857142855,0.3333333333333333,0.5714285714285714,0.31907702477735583,0.19865395271093755,0
user_5491,2021-03-06 03:12:00,28,13,7,3,2,0,8,6,19,12,7,5,1,1.3771569500312169,5.8553366532953595,5.887251674292535,0.25,0.42857142857142855,0.4642857142857143,0.6857013384747438,0.8581349680536424,0
user_5492,2021-03-06 03:27:00,18,8,7,3,2,2,10,6,13,7,9,5,1,7.094373247518401,1.8149791520742504,10.612987253157653,0.3888888888888889,0.42857142857142855,0.4444444444444444,0.9951957351635213,0.8055349895943928,0
user_5493,2021-03-06 03:42:00,19,6,8,1,2,2,9,18,11,10,8,5,1,6.7058092088672145,2.011849448685293,9.906965859814315,0.42105263157894735,0.125,0.3157894736842105,0.20388356828603182,0.6931656187870288,0
user_5494,2021-03-06 03:57:00,21,10,10,1,4,1,7,5,6,12,8,5,1,4.977834165041798,0.2882614138863516,3.0177569556972523,0.47619047619047616,0.1,0.47619047619047616,0.1224177044359011,0.4263455623315485,0
user_5495,2021-03-06 04:12:00,24,10,6,2,2,1,10,5,14,12,18,5,1,3.998521447802077,1.7160934204289258,2.2417955470901516,0.25,0.3333333333333333,0.4166666666666667,0.33780197494217146,0.8427183560915961,0
user_5496,2021-03-06 04:27:00,13,5,4,1,3,0,19,10,10,6,6,5,1,2.5222043269042516,4.017260634978819,3.3712382539361783,0.3076923076923077,0.25,0.38461538461538464,0.40797515057618605,0.5635135790398551,0
user_5497,2021-03-06 04:42:00,19,4,7,0,0,1,11,19,18,16,16,5,1,8.434926721418709,7.26893544346761,1.0379974488060983,0.3684210526315789,0.0,0.21052631578947367,0.7883500780371016,0.3619561306524258,0
user_5498,2021-03-06 04:57:00,18,11,3,0,4,1,19,13,8,8,20,5,1,1.4766213931907308,0.4334617339896747,11.846803686158117,0.16666666666666666,0.0,0.6111111111111112,0.10311206103790424,0.8717746693849849,0
user_5499,2021-03-06 05:12:00,20,16,5,1,0,1,12,8,19,6,20,5,1,1.8986846740059142,2.594269748575751,4.639350705738642,0.25,0.2,0.8,0.3303024437412154,0.7528086324758209,0
user_5500,2021-03-06 05:27:00,28,12,7,1,2,1,13,16,20,20,13,5,1,9.610199739015606,2.284373554843516,9.22575331398901,0.25,0.14285714285714285,0.42857142857142855,0.9807346966792719,0.827387597293224,1
user_5501,2021-03-06 05:42:00,18,12,3,0,1,0,17,12,6,14,9,5,1,6.615116808754881,7.8045998413660875,10.859112041412105,0.16666666666666666,0.0,0.6666666666666666,0.60190773598392,0.9774291361928497,0
user_5502,2021-03-06 05:57:00,21,13,8,3,1,2,7,12,20,18,8,5,1,3.5344201825781743,0.579841705131479,1.189549299686787,0.38095238095238093,0.375,0.6190476190476191,0.22465350924509278,0.5537773707498589,0
user_5503,2021-03-06 06:12:00,22,12,3,2,1,0,19,7,10,9,17,5,1,5.3076994631117715,2.2161005200308934,2.553273287234754,0.13636363636363635,0.6666666666666666,0.5454545454545454,0.37522366076835434,0.8627211865068615,0
user_5504,2021-03-06 06:27:00,22,14,7,1,3,1,16,5,14,5,7,5,1,7.155785802393507,3.191504927857638,2.367530544381843,0.3181818181818182,0.14285714285714285,0.6363636363636364,0.41278064657812175,0.46793627237753055,0
user_5505,2021-03-06 06:42:00,24,11,4,0,3,0,15,15,20,20,16,5,1,0.4454000965320586,6.524646415707168,6.04242898623848,0.16666666666666666,0.0,0.4583333333333333,0.16117268700360768,0.2269486857101499,0
user_5506,2021-03-06 06:57:00,17,11,3,3,3,0,8,6,18,11,19,5,1,2.4175054851756923,2.321334869020065,1.9141510099783619,0.17647058823529413,1.0,0.6470588235294118,0.4876367799962662,0.5014678327878719,1
user_5507,2021-03-06 07:12:00,28,12,4,0,2,0,19,6,8,6,6,5,1,4.574067932544676,2.701140918254776,6.213670068531927,0.14285714285714285,0.0,0.42857142857142855,0.7227597918398969,0.7978606752318878,0
user_5508,2021-03-06 07:27:00,27,7,6,2,2,0,17,10,19,14,20,5,1,7.229733807917644,6.5481167552204225,10.065963486621646,0.2222222222222222,0.3333333333333333,0.25925925925925924,0.734577064437953,0.49457249342492204,0
user_5509,2021-03-06 07:42:00,16,12,4,1,1,0,6,18,8,15,12,5,1,7.111475635698162,6.377178672738434,0.8795123355310721,0.25,0.25,0.75,0.31463532577385034,0.4741737874954757,0
user_5510,2021-03-06 07:57:00,18,3,4,0,0,1,19,12,7,12,15,5,1,3.1704546084239422,4.365733939888696,7.312466488165924,0.2222222222222222,0.0,0.16666666666666666,0.22632454590654433,0.9158711641507651,0
user_5511,2021-03-06 08:12:00,20,14,6,0,2,1,16,11,11,15,16,5,1,9.830673028266947,0.6012096309500959,0.7515831395377495,0.3,0.0,0.7,0.2212493688437568,0.8860203460236677,0
user_5512,2021-03-06 08:27:00,21,7,6,2,0,1,11,6,5,15,15,5,1,6.2906429251193865,7.028530939798338,7.418027244084903,0.2857142857142857,0.3333333333333333,0.3333333333333333,0.4648376887639484,0.2752495491301512,0
user_5513,2021-03-06 08:42:00,22,9,6,2,3,0,6,10,19,20,10,5,1,6.113415184782337,2.718459733347724,8.26668501248014,0.2727272727272727,0.3333333333333333,0.4090909090909091,0.2997841768983998,0.7491342651927445,0
user_5514,2021-03-06 08:57:00,28,11,7,0,0,1,16,20,14,19,15,5,1,1.3899845662811419,5.87231195020987,7.924395660676579,0.25,0.0,0.39285714285714285,0.262482177830665,0.4365205026228437,0
user_5515,2021-03-06 09:12:00,26,5,5,0,1,1,13,13,8,5,6,5,1,5.14481686764437,1.4715211145711748,11.310051788216594,0.19230769230769232,0.0,0.19230769230769232,0.6185770376044415,0.6245100023255925,0
user_5516,2021-03-06 09:27:00,24,14,4,2,2,1,19,15,6,13,17,5,1,4.16473346951167,2.8957809986871728,6.800227856365294,0.16666666666666666,0.5,0.5833333333333334,0.10349022545084557,0.9250724546748003,0
user_5517,2021-03-06 09:42:00,23,16,7,0,2,2,9,14,15,18,19,5,1,8.545148984560202,4.11190198939046,8.133519440762875,0.30434782608695654,0.0,0.6956521739130435,0.4461594439005647,0.742181399587471,0
user_5518,2021-03-06 09:57:00,19,11,2,1,1,0,6,10,18,19,12,5,1,6.059235343331362,5.690568187540775,10.928511694442578,0.10526315789473684,0.5,0.5789473684210527,0.5162940164568273,0.9852176202890656,0
user_5519,2021-03-06 10:12:00,19,11,6,1,1,1,10,6,9,16,6,5,1,7.906868807066013,1.8000498929412208,6.6727995782837946,0.3157894736842105,0.16666666666666666,0.5789473684210527,0.4408001338385291,0.18020023406982866,0
user_5520,2021-03-06 10:27:00,23,8,7,1,0,0,17,17,6,6,7,5,1,5.717037713815831,5.82838756370271,10.091449494747042,0.30434782608695654,0.14285714285714285,0.34782608695652173,0.22487985584582276,0.4457383199944793,0
user_5521,2021-03-06 10:42:00,27,14,5,0,1,0,9,13,13,11,9,5,1,7.551119329810327,7.50178932182192,5.27687515809579,0.18518518518518517,0.0,0.5185185185185185,0.44552760867114494,0.7220404146956794,0
user_5522,2021-03-06 10:57:00,21,14,5,0,2,0,10,13,10,18,9,5,1,2.05204045437204,7.354979511802368,10.136325868321222,0.23809523809523808,0.0,0.6666666666666666,0.2540143184489391,0.6714855978767712,0
user_5523,2021-03-06 11:12:00,24,7,6,1,1,1,16,9,19,19,10,5,1,4.388912297675877,4.175999127389673,10.75726426072489,0.25,0.16666666666666666,0.2916666666666667,0.7157551174103775,0.9100614111520664,0
user_5524,2021-03-06 11:27:00,13,8,4,0,3,1,10,17,8,5,11,5,1,0.6675937848150314,0.30499460068464657,3.0124110935549435,0.3076923076923077,0.0,0.6153846153846154,0.7871894614149996,0.41417082284406204,1
user_5525,2021-03-06 11:42:00,31,9,8,1,3,2,14,13,18,15,12,5,1,7.192812370516026,7.1963895565965315,11.368044578834443,0.25806451612903225,0.125,0.2903225806451613,0.6869318998407293,0.1354513220186147,1
user_5526,2021-03-06 11:57:00,11,8,8,1,2,1,6,9,8,12,5,5,1,8.710188098194118,5.259986495858948,3.0557934178932853,0.7272727272727273,0.125,0.7272727272727273,0.9856349649027875,0.2007147285410506,0
user_5527,2021-03-06 12:12:00,21,10,7,0,3,0,7,13,12,9,14,5,1,3.2112071353565383,7.971052814511458,5.629143183295065,0.3333333333333333,0.0,0.47619047619047616,0.43577354527388334,0.5114474811857709,0
user_5528,2021-03-06 12:27:00,19,10,11,0,1,0,7,13,6,12,5,5,1,1.1446751456886164,6.863936781712355,3.661163829414963,0.5789473684210527,0.0,0.5263157894736842,0.18721602200111614,0.800191338948022,0
user_5529,2021-03-06 12:42:00,29,10,9,1,3,0,15,12,20,6,17,5,1,9.470725612071522,3.391198847927592,10.072477371375209,0.3103448275862069,0.1111111111111111,0.3448275862068966,0.5256957997076759,0.6432205441406474,0
user_5530,2021-03-06 12:57:00,17,8,8,1,5,1,19,13,8,13,19,5,1,9.835097080999327,7.478134284436403,9.88611684939444,0.47058823529411764,0.125,0.47058823529411764,0.8256869939958749,0.8908169407907377,0
user_5531,2021-03-06 13:12:00,25,7,7,1,2,1,18,13,18,14,16,5,1,0.38577121448085705,0.14737952576163288,3.849043523753209,0.28,0.14285714285714285,0.28,0.38279705903516925,0.7115900296604198,0
user_5532,2021-03-06 13:27:00,16,18,4,0,3,0,7,19,11,16,20,5,1,3.658783608150609,0.7988590827382385,10.247121140470277,0.25,0.0,1.125,0.891379259924962,0.39526923976839057,0
user_5533,2021-03-06 13:42:00,20,9,5,2,2,0,19,10,7,12,18,5,1,5.5333876030587765,0.5566791206664391,7.593882176343855,0.25,0.4,0.45,0.8691452431891947,0.9046556667540403,0
user_5534,2021-03-06 13:57:00,17,12,9,1,2,0,14,5,20,8,13,5,1,2.249675219053449,5.025857649410391,0.9589838462784265,0.5294117647058824,0.1111111111111111,0.7058823529411765,0.4170122727122413,0.49861196085976633,1
user_5535,2021-03-06 14:12:00,17,10,4,0,4,1,14,15,9,14,16,5,1,0.7637440543208304,4.5457636092942435,2.0726576996963555,0.23529411764705882,0.0,0.5882352941176471,0.5782482359440931,0.8296969665236639,0
user_5536,2021-03-06 14:27:00,23,13,7,0,1,0,7,8,15,12,12,5,1,8.104311518199689,3.886711299237953,2.415951725737025,0.30434782608695654,0.0,0.5652173913043478,0.5743603403287527,0.33733928528797386,1
user_5537,2021-03-06 14:42:00,28,9,4,0,3,0,10,8,19,19,20,5,1,4.176263374614657,0.6901506337655443,10.142253514611227,0.14285714285714285,0.0,0.32142857142857145,0.12148321230949743,0.9988140108753777,0
user_5538,2021-03-06 14:57:00,17,7,6,1,3,0,19,7,13,7,18,5,1,5.748721069401631,0.5671710847051238,7.991500528248866,0.35294117647058826,0.16666666666666666,0.4117647058823529,0.9611081614333593,0.8313086310431491,0
user_5539,2021-03-06 15:12:00,20,12,8,0,2,1,17,17,20,18,20,5,1,1.1869624898956235,6.131056343180919,6.5078766914194635,0.4,0.0,0.6,0.591469878660254,0.8540085757912456,0
user_5540,2021-03-06 15:27:00,15,13,6,2,0,1,8,6,5,13,6,5,1,0.23937352725262626,0.5621033144901751,4.932215044677765,0.4,0.3333333333333333,0.8666666666666667,0.24313923718724115,0.3956788255132625,0
user_5541,2021-03-06 15:42:00,21,10,6,1,2,1,10,13,7,10,8,5,1,5.0716191352437106,0.8784571302185565,6.660567004261677,0.2857142857142857,0.16666666666666666,0.47619047619047616,0.9348335219170755,0.655574498832623,0
user_5542,2021-03-06 15:57:00,19,12,8,1,3,2,15,13,17,5,5,5,1,9.57746637677079,1.924164882434302,9.427355376445506,0.42105263157894735,0.125,0.631578947368421,0.6800693914542857,0.414128481306419,0
user_5543,2021-03-06 16:12:00,17,6,7,1,1,0,18,6,14,10,19,5,1,4.23689696293835,1.276058838392128,6.75774630227864,0.4117647058823529,0.14285714285714285,0.35294117647058826,0.4523106290873079,0.7114868350705905,0
user_5544,2021-03-06 16:27:00,19,10,5,1,1,0,10,12,9,16,16,5,1,7.301362417025951,3.302501457548253,4.229973891630415,0.2631578947368421,0.2,0.5263157894736842,0.14925416120591475,0.2840489588350298,0
user_5545,2021-03-06 16:42:00,20,13,10,1,3,0,18,14,13,8,14,5,1,7.809095351253778,4.41003328309789,5.748409243373901,0.5,0.1,0.65,0.5284475441079203,0.8080257856038463,0
user_5546,2021-03-06 16:57:00,15,12,9,2,4,0,6,9,6,9,6,5,1,8.87574546865454,7.001526522059885,7.092885693051842,0.6,0.2222222222222222,0.8,0.9734274211952784,0.169266025406401,0
user_5547,2021-03-06 17:12:00,22,10,4,1,3,3,9,19,14,17,10,5,1,9.684595630133057,7.578018165809202,6.020656509737723,0.18181818181818182,0.25,0.45454545454545453,0.871888886649625,0.7171717619153204,0
user_5548,2021-03-06 17:27:00,19,9,11,2,3,0,13,12,11,18,15,5,1,8.910335989126047,5.702053765911706,6.246932675570391,0.5789473684210527,0.18181818181818182,0.47368421052631576,0.7998541455875661,0.3484331614119305,0
user_5549,2021-03-06 17:42:00,19,9,6,1,3,0,18,20,15,14,18,5,1,6.058661693182372,5.690299866024191,2.6812886152241653,0.3157894736842105,0.16666666666666666,0.47368421052631576,0.3351067792641964,0.8307978534200798,0
user_5550,2021-03-06 17:57:00,22,14,4,1,5,0,10,19,6,9,18,5,1,8.537868297657779,2.6197450934378796,3.4304053203451095,0.18181818181818182,0.25,0.6363636363636364,0.4937136037763433,0.9137463647010158,0
user_5551,2021-03-06 18:12:00,22,10,4,1,3,0,5,16,19,7,7,5,1,8.738560433835591,3.9960986399014056,4.227090000760988,0.18181818181818182,0.25,0.45454545454545453,0.2921216221551906,0.7057163448638937,0
user_5552,2021-03-06 18:27:00,16,17,3,1,2,1,11,12,6,5,18,5,1,8.781762451588603,3.7250952726047677,8.946850823375579,0.1875,0.3333333333333333,1.0625,0.7763671487037884,0.8684991415060064,0
user_5553,2021-03-06 18:42:00,20,13,8,0,2,0,14,16,17,12,9,5,1,0.42717013795292136,7.120660652837536,9.301059779239209,0.4,0.0,0.65,0.32244513054405843,0.7281981382276822,0
user_5554,2021-03-06 18:57:00,24,12,1,2,1,0,7,9,10,12,12,5,1,8.646953567530865,5.0823704165549906,0.7036229414445502,0.041666666666666664,2.0,0.5,0.5908690155032197,0.4139647527612106,0
user_5555,2021-03-06 19:12:00,23,9,7,2,0,1,11,17,19,5,9,5,1,0.6005201509860294,6.5039375165645446,8.722522309084498,0.30434782608695654,0.2857142857142857,0.391304347826087,0.7136875806729159,0.899445627057626,0
user_5556,2021-03-06 19:27:00,27,11,9,1,1,0,12,6,14,9,18,5,1,4.124584110671317,7.799880854217595,6.7717026928621635,0.3333333333333333,0.1111111111111111,0.4074074074074074,0.6952404831991389,0.2821361212122663,0
user_5557,2021-03-06 19:42:00,19,14,4,1,2,0,5,14,16,20,9,5,1,2.9844194893446425,4.864317807835045,8.664499086198468,0.21052631578947367,0.25,0.7368421052631579,0.8869173828834419,0.8082937547520138,0
user_5558,2021-03-06 19:57:00,22,16,7,1,2,2,5,8,15,15,7,5,1,3.925459607104956,4.569825648724599,5.8950881858974205,0.3181818181818182,0.14285714285714285,0.7272727272727273,0.665658392932393,0.452433941792582,1
user_5559,2021-03-06 20:12:00,22,14,7,2,4,2,14,14,5,9,5,5,1,6.396523889172145,1.5650461864404748,8.938495123614501,0.3181818181818182,0.2857142857142857,0.6363636363636364,0.3899961468118558,0.6442759536363957,0
user_5560,2021-03-06 20:27:00,17,7,2,0,4,1,14,17,13,12,6,5,1,3.1337731126724746,2.6684776755786777,6.915506544557257,0.11764705882352941,0.0,0.4117647058823529,0.5451717571064,0.87004175208925,0
user_5561,2021-03-06 20:42:00,18,12,4,0,1,1,6,6,15,19,10,5,1,4.359500870035565,4.291939365761928,7.104143410113982,0.2222222222222222,0.0,0.6666666666666666,0.45673582650904876,0.7959915347077828,0
user_5562,2021-03-06 20:57:00,20,9,9,2,2,1,12,20,10,9,7,5,1,4.239225628208744,1.8555040192169212,5.308709546150584,0.45,0.2222222222222222,0.45,0.4427736109507454,0.8093861108342635,0
user_5563,2021-03-06 21:12:00,20,8,11,1,4,0,12,11,7,12,15,5,1,8.651788488344256,5.841878862485614,3.9136319248084854,0.55,0.09090909090909091,0.4,0.2835390188891505,0.9860161047422777,0
user_5564,2021-03-06 21:27:00,19,12,8,1,2,0,11,8,17,5,9,5,1,0.2753203994059541,5.751780813895221,3.65168090322729,0.42105263157894735,0.125,0.631578947368421,0.7806159343745128,0.8302530693880329,0
user_5565,2021-03-06 21:42:00,22,17,10,0,1,0,15,5,8,9,11,5,1,4.092698159556984,4.427041798147254,11.127062232468685,0.45454545454545453,0.0,0.7727272727272727,0.5915291553418186,0.9380175662337312,0
user_5566,2021-03-06 21:57:00,15,15,9,1,2,1,20,9,5,5,6,5,1,0.42386856054633715,5.60762524784054,9.995664398173508,0.6,0.1111111111111111,1.0,0.7183182624041777,0.7990074003097459,0
user_5567,2021-03-06 22:12:00,18,10,6,1,3,1,10,18,11,12,8,5,1,3.734715543119482,6.836047102555108,3.7992871747062624,0.3333333333333333,0.16666666666666666,0.5555555555555556,0.5270011592693852,0.4445595060031655,0
user_5568,2021-03-06 22:27:00,19,11,6,2,4,1,5,18,18,17,14,5,1,1.1281888634101058,0.411963365132448,6.717442191095712,0.3157894736842105,0.3333333333333333,0.5789473684210527,0.9479729451942804,0.858274917955124,1
user_5569,2021-03-06 22:42:00,25,15,6,0,1,0,7,14,18,20,15,5,1,3.6462648449552244,4.446431368900528,11.575193649879248,0.24,0.0,0.6,0.5833696865384487,0.29039505085344774,0
user_5570,2021-03-06 22:57:00,21,7,8,1,1,0,9,10,6,15,8,5,1,4.43265131246581,4.27282674864675,0.832766288000635,0.38095238095238093,0.125,0.3333333333333333,0.30337019335084037,0.44048473161627666,0
user_5571,2021-03-06 23:12:00,25,14,5,0,1,1,11,9,13,11,13,5,1,8.65181897076873,6.286898962518438,3.143413783578076,0.2,0.0,0.56,0.1700301248759995,0.33456851421711353,0
user_5572,2021-03-06 23:27:00,19,13,3,3,2,0,10,20,13,9,5,5,1,5.006123950055947,0.6607998416020069,9.362832226580537,0.15789473684210525,1.0,0.6842105263157895,0.5730292179804891,0.2513594978680975,1
user_5573,2021-03-06 23:42:00,17,9,6,0,3,0,14,8,17,19,13,5,1,5.724615100925888,1.4641527463726973,11.815194918139172,0.35294117647058826,0.0,0.5294117647058824,0.26461008598528807,0.12101976582505429,0
user_5574,2021-03-06 23:57:00,25,16,4,1,4,2,8,15,13,13,20,5,1,0.4123459303470415,1.904201948256481,6.85841112377462,0.16,0.25,0.64,0.31264295266501857,0.9227768129077416,0
user_5575,2021-03-07 00:12:00,18,10,8,2,2,1,20,19,16,19,8,6,1,6.11949904982494,2.790410049247183,4.65607930867667,0.4444444444444444,0.25,0.5555555555555556,0.10134919538005019,0.9066573245379642,0
user_5576,2021-03-07 00:27:00,23,13,7,1,7,0,8,8,17,6,20,6,1,6.264718564196914,7.999324903346426,4.088275564857001,0.30434782608695654,0.14285714285714285,0.5652173913043478,0.43552546725094055,0.952598394138624,0
user_5577,2021-03-07 00:42:00,13,17,8,0,0,0,17,18,13,7,20,6,1,8.298604210425868,4.889356844601425,0.9647805269589638,0.6153846153846154,0.0,1.3076923076923077,0.6617904038780895,0.33930453318890286,0
user_5578,2021-03-07 00:57:00,23,14,7,0,2,1,10,12,15,13,15,6,1,6.090750676583373,4.888452075713067,1.644854230110784,0.30434782608695654,0.0,0.6086956521739131,0.2067082567476014,0.7700917244390886,1
user_5579,2021-03-07 01:12:00,21,11,5,0,3,0,16,12,18,18,15,6,1,8.26291642298354,0.9047849125720476,9.74784656936794,0.23809523809523808,0.0,0.5238095238095238,0.27134010667383696,0.4908542151523424,0
user_5580,2021-03-07 01:27:00,14,5,4,1,2,0,15,17,18,19,10,6,1,6.695320111903543,4.088556408014337,4.561421321139562,0.2857142857142857,0.25,0.35714285714285715,0.8417564437789673,0.8361226857123586,0
user_5581,2021-03-07 01:42:00,18,12,4,3,1,1,19,15,6,10,12,6,1,9.59934079504397,0.9106797170009177,1.7226260796714365,0.2222222222222222,0.75,0.6666666666666666,0.530684133443609,0.43185536684050785,0
user_5582,2021-03-07 01:57:00,22,16,2,0,2,0,7,15,14,9,6,6,1,7.754994040816192,5.880269343744838,5.213071721306729,0.09090909090909091,0.0,0.7272727272727273,0.22273850515801213,0.2876768796016719,1
user_5583,2021-03-07 02:12:00,18,17,3,0,2,1,17,12,14,19,11,6,1,3.9550147388710357,4.104038768570241,8.647534033047416,0.16666666666666666,0.0,0.9444444444444444,0.7616163949609539,0.7009530318012028,0
user_5584,2021-03-07 02:27:00,21,11,3,1,3,0,17,13,10,17,6,6,1,2.6309231150182737,5.987290997966655,9.35325128077504,0.14285714285714285,0.3333333333333333,0.5238095238095238,0.6583326813066908,0.7226503407041119,0
user_5585,2021-03-07 02:42:00,29,5,6,0,4,1,7,20,18,9,20,6,1,0.319083196181953,2.3297234284185913,1.879994233410082,0.20689655172413793,0.0,0.1724137931034483,0.3127465548513535,0.3179795378936756,0
user_5586,2021-03-07 02:57:00,16,6,9,0,2,0,12,15,8,12,11,6,1,6.819896986877004,6.9545282108730015,8.02414028982231,0.5625,0.0,0.375,0.35782092863101844,0.74199272986134,0
user_5587,2021-03-07 03:12:00,18,8,1,1,3,1,17,19,14,10,14,6,1,5.624384643229578,0.28323010378125824,9.346749125359878,0.05555555555555555,1.0,0.4444444444444444,0.2512678862285489,0.13583393377616515,0
user_5588,2021-03-07 03:27:00,24,9,7,2,3,0,12,14,10,18,14,6,1,2.7746722689724908,5.101472606702096,10.840804754074732,0.2916666666666667,0.2857142857142857,0.375,0.30820985924604555,0.6917622064807245,0
user_5589,2021-03-07 03:42:00,22,12,7,1,2,0,12,17,7,13,20,6,1,7.183327715741202,2.2150858458870113,7.409716105413352,0.3181818181818182,0.14285714285714285,0.5454545454545454,0.9201037103762126,0.3652823895260858,0
user_5590,2021-03-07 03:57:00,22,11,7,1,2,2,18,16,14,20,16,6,1,6.6755198472851065,7.6550579437755495,1.7227969710635143,0.3181818181818182,0.14285714285714285,0.5,0.9473957789511129,0.9133054174009818,0
user_5591,2021-03-07 04:12:00,24,14,5,1,2,0,8,10,17,20,17,6,1,7.890981887565047,0.9646102225294617,9.406440002821789,0.20833333333333334,0.2,0.5833333333333334,0.4550748316071631,0.5679936864454004,0
user_5592,2021-03-07 04:27:00,22,13,9,0,2,0,11,14,20,11,14,6,1,0.569934160855689,5.425330724091624,9.10853582652344,0.4090909090909091,0.0,0.5909090909090909,0.22164981309005666,0.47276042196402857,0
user_5593,2021-03-07 04:42:00,22,10,6,1,4,0,7,13,8,11,15,6,1,2.585102024042387,5.510122224787848,2.891432646909235,0.2727272727272727,0.16666666666666666,0.45454545454545453,0.3131333981575507,0.9799753379772649,0
user_5594,2021-03-07 04:57:00,14,8,8,1,1,0,18,9,13,9,19,6,1,7.497461685920836,7.86427729234057,6.957861378875081,0.5714285714285714,0.125,0.5714285714285714,0.16598474790975987,0.5909017261467672,0
user_5595,2021-03-07 05:12:00,20,11,5,1,4,2,17,7,17,5,7,6,1,2.2648320145208958,4.166655822781704,7.534366543649552,0.25,0.2,0.55,0.2339694789459261,0.7179284232022632,0
user_5596,2021-03-07 05:27:00,17,6,2,1,6,0,20,9,13,12,13,6,1,4.77335578961094,6.2211551947892785,3.2705828667943826,0.11764705882352941,0.5,0.35294117647058826,0.541123734573221,0.8168877576090597,0
user_5597,2021-03-07 05:42:00,37,8,2,0,0,1,18,19,10,10,20,6,1,1.5689369791076428,4.145194198044106,5.003207261593123,0.05405405405405406,0.0,0.21621621621621623,0.31217864903591924,0.4685299166005312,0
user_5598,2021-03-07 05:57:00,13,11,7,1,3,0,8,6,14,6,17,6,1,6.972912598864808,7.2706054380433995,3.1555647398999276,0.5384615384615384,0.14285714285714285,0.8461538461538461,0.7060817112355526,0.6553018302544075,0
user_5599,2021-03-07 06:12:00,16,9,4,1,1,0,20,7,9,11,10,6,1,9.913403512925594,1.8210204169738786,6.2295538440492,0.25,0.25,0.5625,0.9003414956637499,0.10520754852211657,0
user_5600,2021-03-07 06:27:00,26,12,9,0,3,0,13,9,18,8,15,6,1,3.5266788198519374,6.981588164808404,5.945758060080494,0.34615384615384615,0.0,0.46153846153846156,0.6307876776164063,0.8762902452214228,0
user_5601,2021-03-07 06:42:00,19,12,4,2,2,0,7,17,15,11,5,6,1,5.616619568605322,6.30484688504714,9.079159446904844,0.21052631578947367,0.5,0.631578947368421,0.41382484639668415,0.17121575408368034,0
user_5602,2021-03-07 06:57:00,17,9,1,1,1,0,12,20,7,12,15,6,1,0.8410165187257714,7.418451525610095,1.730818277529649,0.058823529411764705,1.0,0.5294117647058824,0.7793769251806423,0.19757325698535372,0
user_5603,2021-03-07 07:12:00,18,7,6,2,1,0,10,6,17,13,17,6,1,3.809014964831841,4.778297280956236,4.264963416678201,0.3333333333333333,0.3333333333333333,0.3888888888888889,0.8663302566593583,0.15351032266263906,0
user_5604,2021-03-07 07:27:00,23,7,3,1,0,1,12,14,18,17,11,6,1,2.953091290318584,0.734798551876963,6.982250280768866,0.13043478260869565,0.3333333333333333,0.30434782608695654,0.8516644442141393,0.2846913657814128,0
user_5605,2021-03-07 07:42:00,31,6,5,2,1,1,5,14,14,19,12,6,1,8.776417160439985,1.3092984005290513,2.637914934027035,0.16129032258064516,0.4,0.1935483870967742,0.9296928740856418,0.1545667372311613,0
user_5606,2021-03-07 07:57:00,23,10,7,2,0,0,7,14,5,6,8,6,1,3.2670750651754106,1.0586981102678346,11.847058629790878,0.30434782608695654,0.2857142857142857,0.43478260869565216,0.7833929781739605,0.9793735616252446,0
user_5607,2021-03-07 08:12:00,24,7,4,0,3,0,16,9,12,13,19,6,1,5.418591164193816,0.15468907218610423,4.057472686407901,0.16666666666666666,0.0,0.2916666666666667,0.4686754541340097,0.5795549934657014,0
user_5608,2021-03-07 08:27:00,26,9,3,2,1,1,6,19,16,17,8,6,1,4.600632166943005,4.87301559721888,3.75889340509152,0.11538461538461539,0.6666666666666666,0.34615384615384615,0.8412899198228012,0.18876311883718305,0
user_5609,2021-03-07 08:42:00,21,11,4,2,0,1,12,14,19,7,16,6,1,0.22788460860914656,4.684575408018211,5.0290021725406335,0.19047619047619047,0.5,0.5238095238095238,0.9800371090391945,0.5758970898730532,0
user_5610,2021-03-07 08:57:00,18,13,8,0,4,1,8,18,5,15,7,6,1,9.095080653700952,5.948378446359165,0.5966360981228015,0.4444444444444444,0.0,0.7222222222222222,0.7278412742910041,0.12364789486348496,0
user_5611,2021-03-07 09:12:00,17,11,6,1,2,0,18,6,14,12,11,6,1,9.265010712733682,1.9959926555393233,7.588273006602407,0.35294117647058826,0.16666666666666666,0.6470588235294118,0.6350853655950791,0.9862078350305662,0
user_5612,2021-03-07 09:27:00,11,15,5,1,4,0,8,10,6,15,20,6,1,8.225072129811084,5.794747682380377,1.677909797516411,0.45454545454545453,0.2,1.3636363636363635,0.6368480667329051,0.14878645512439245,0
user_5613,2021-03-07 09:42:00,21,5,3,2,3,1,12,11,9,13,20,6,1,8.205858066921497,7.884825366740679,9.320830401018442,0.14285714285714285,0.6666666666666666,0.23809523809523808,0.2838058193374409,0.7619875409417126,0
user_5614,2021-03-07 09:57:00,24,6,7,0,2,1,12,16,8,8,19,6,1,9.9032266749336,1.809861447543435,3.209358448166242,0.2916666666666667,0.0,0.25,0.4336751004312216,0.9625451534285802,0
user_5615,2021-03-07 10:12:00,17,8,8,1,5,1,6,15,8,11,12,6,1,0.11505172225782313,1.462547662805906,2.777584387172187,0.47058823529411764,0.125,0.47058823529411764,0.7454937470203201,0.9702336788152739,0
user_5616,2021-03-07 10:27:00,17,12,6,1,2,0,6,10,9,5,19,6,1,6.333193044528338,3.9099762887291725,1.8654482724842152,0.35294117647058826,0.16666666666666666,0.7058823529411765,0.7655608166689427,0.43849280413338865,0
user_5617,2021-03-07 10:42:00,17,9,4,0,5,2,15,16,11,13,13,6,1,6.18349499955381,0.9971514848212055,4.963400040989982,0.23529411764705882,0.0,0.5294117647058824,0.3373728975296813,0.20486797159165,0
user_5618,2021-03-07 10:57:00,22,9,4,1,5,0,15,20,10,18,10,6,1,5.4652416454032124,0.9399725246857575,9.932266995045211,0.18181818181818182,0.25,0.4090909090909091,0.8956171944912978,0.15624477426002975,0
user_5619,2021-03-07 11:12:00,15,12,3,1,2,1,18,6,7,17,7,6,1,5.615739838171442,0.6261827003920594,4.59428907518284,0.2,0.3333333333333333,0.8,0.7968587193030642,0.42739671357081854,0
user_5620,2021-03-07 11:27:00,21,12,10,1,2,1,5,15,19,9,5,6,1,3.7233320288534286,5.0397280092735635,3.5699178250989583,0.47619047619047616,0.1,0.5714285714285714,0.26095954361148666,0.4040372885808271,0
user_5621,2021-03-07 11:42:00,13,10,6,1,1,1,6,12,20,9,5,6,1,9.47469798347999,7.515661121407275,10.788989912970811,0.46153846153846156,0.16666666666666666,0.7692307692307693,0.5297137088106532,0.9488502495420698,0
user_5622,2021-03-07 11:57:00,32,4,4,1,1,3,6,7,20,6,18,6,1,7.152076903073802,3.7652237610756774,1.384494932065329,0.125,0.25,0.125,0.4200116168634096,0.6747010617056177,0
user_5623,2021-03-07 12:12:00,17,14,6,1,2,1,5,19,15,8,12,6,1,1.8219851188744953,3.0679740321784466,11.244618200035655,0.35294117647058826,0.16666666666666666,0.8235294117647058,0.7948029282721816,0.7876741070331976,0
user_5624,2021-03-07 12:27:00,28,9,4,1,2,1,20,16,15,7,19,6,1,0.807399295867314,3.9696098797159305,7.216884361283697,0.14285714285714285,0.25,0.32142857142857145,0.8323877728934256,0.5029481390237129,0
user_5625,2021-03-07 12:42:00,15,10,6,1,2,0,8,17,10,10,15,6,1,6.812443463968182,6.992604971320034,2.1663085576832337,0.4,0.16666666666666666,0.6666666666666666,0.6881279354220289,0.521324985232367,0
user_5626,2021-03-07 12:57:00,22,8,7,1,2,0,14,10,8,19,12,6,1,8.237108278461129,3.9087729102104234,5.910645450670068,0.3181818181818182,0.14285714285714285,0.36363636363636365,0.25087461943866973,0.19323537675203106,0
user_5627,2021-03-07 13:12:00,24,15,8,0,1,0,20,9,17,6,9,6,1,2.8245182620143585,4.540495921205368,7.586207696786408,0.3333333333333333,0.0,0.625,0.42131501678457417,0.5401526401655704,0
user_5628,2021-03-07 13:27:00,20,8,4,2,4,1,14,20,14,19,9,6,1,1.6900344214989242,3.908435628567117,9.249122692848912,0.2,0.5,0.4,0.469962569715786,0.30238270999414996,0
user_5629,2021-03-07 13:42:00,13,10,7,0,3,1,10,19,15,16,17,6,1,9.448950612041715,4.190297453976477,8.537463675814495,0.5384615384615384,0.0,0.7692307692307693,0.22539162669332066,0.8640951095799885,0
user_5630,2021-03-07 13:57:00,13,12,6,0,4,1,14,14,13,5,15,6,1,4.968230823123433,4.971545212279067,5.280800783647035,0.46153846153846156,0.0,0.9230769230769231,0.7476927608877657,0.26036547062520515,0
user_5631,2021-03-07 14:12:00,14,8,4,2,2,0,17,17,10,8,7,6,1,1.1731444393233244,2.1029915883030466,5.400164016501577,0.2857142857142857,0.5,0.5714285714285714,0.769915775644665,0.4505412617728801,0
user_5632,2021-03-07 14:27:00,27,11,5,1,2,0,15,12,9,15,8,6,1,5.120465254758712,4.679268697784118,3.928733224553911,0.18518518518518517,0.2,0.4074074074074074,0.6633779238696987,0.30105585939226653,0
user_5633,2021-03-07 14:42:00,19,16,5,1,2,0,20,13,13,13,10,6,1,2.551045953492412,3.820552899052233,10.775607111730235,0.2631578947368421,0.2,0.8421052631578947,0.1124296188697977,0.31170493393318743,0
user_5634,2021-03-07 14:57:00,15,9,12,0,1,0,14,6,12,18,9,6,1,1.5118130288302223,3.08023969139842,5.7547058285433605,0.8,0.0,0.6,0.4077012716961149,0.5898669431540576,0
user_5635,2021-03-07 15:12:00,29,8,6,1,3,0,20,13,7,15,7,6,1,6.744743588267692,5.690794775577026,3.862007421984898,0.20689655172413793,0.16666666666666666,0.27586206896551724,0.28584716469000254,0.3692202848942234,0
user_5636,2021-03-07 15:27:00,15,11,8,1,5,0,13,14,15,9,10,6,1,2.6774854680097673,7.734415891358733,5.0924069900502404,0.5333333333333333,0.125,0.7333333333333333,0.3142049072268067,0.339769197557975,1
user_5637,2021-03-07 15:42:00,33,8,7,0,1,1,16,16,9,5,9,6,1,8.89145533453316,5.122834307105567,9.374390842143455,0.21212121212121213,0.0,0.24242424242424243,0.5865513785098988,0.6608247019339986,0
user_5638,2021-03-07 15:57:00,27,12,6,0,3,0,17,11,6,5,20,6,1,9.419973383814934,5.989875416120003,11.784367353196522,0.2222222222222222,0.0,0.4444444444444444,0.696699942267764,0.3249115970831162,0
user_5639,2021-03-07 16:12:00,20,13,11,1,2,1,11,7,19,10,12,6,1,5.793281508256239,7.290892636397651,4.104864262665599,0.55,0.09090909090909091,0.65,0.5116409140177443,0.32353692231992753,0
user_5640,2021-03-07 16:27:00,18,12,8,1,3,0,16,15,14,8,12,6,1,5.117118325869239,4.6369991018310275,10.85875331754204,0.4444444444444444,0.125,0.6666666666666666,0.22626773268665723,0.44144174402770775,0
user_5641,2021-03-07 16:42:00,20,3,6,1,0,1,17,19,8,7,8,6,1,1.7784269078876638,7.931913444917981,8.840828472903986,0.3,0.16666666666666666,0.15,0.29075428339055753,0.36128927109896347,0
user_5642,2021-03-07 16:57:00,23,9,7,0,2,1,14,8,13,8,14,6,1,8.968035653258449,4.105990337844615,8.084346955910817,0.30434782608695654,0.0,0.391304347826087,0.4055072847287353,0.34344625029948406,0
user_5643,2021-03-07 17:12:00,24,13,4,1,0,0,10,18,14,19,17,6,1,5.842254058065201,2.917184278923258,8.85998383821254,0.16666666666666666,0.25,0.5416666666666666,0.9043776218577814,0.8963709293452946,0
user_5644,2021-03-07 17:27:00,22,9,5,0,1,1,14,14,12,15,5,6,1,3.67954584635083,6.750238233613174,2.211069855069491,0.22727272727272727,0.0,0.4090909090909091,0.13247270354277316,0.8459626576129611,0
user_5645,2021-03-07 17:42:00,22,14,4,2,2,2,19,11,17,13,18,6,1,3.0998786704092236,3.4486864539277304,7.027421071276193,0.18181818181818182,0.5,0.6363636363636364,0.9526720880682722,0.8980648601678135,0
user_5646,2021-03-07 17:57:00,21,6,5,0,0,1,12,8,15,15,15,6,1,1.932172060489093,3.558964074736405,11.264380557205513,0.23809523809523808,0.0,0.2857142857142857,0.2893309888720308,0.605955666164203,0
user_5647,2021-03-07 18:12:00,21,12,6,1,0,1,6,6,7,17,20,6,1,4.9882073060413745,6.6916449978733485,11.52848060088522,0.2857142857142857,0.16666666666666666,0.5714285714285714,0.19751611615087758,0.13703255533392925,0
user_5648,2021-03-07 18:27:00,18,3,3,1,0,0,9,14,6,10,18,6,1,3.5179400654856714,0.5403107499698497,6.459828502570018,0.16666666666666666,0.3333333333333333,0.16666666666666666,0.926134215910495,0.9226650546457756,0
user_5649,2021-03-07 18:42:00,21,10,6,0,1,2,12,11,10,11,15,6,1,6.436955948149467,1.9572977245623697,4.809570521460715,0.2857142857142857,0.0,0.47619047619047616,0.25872622680946367,0.699502078223464,0
user_5650,2021-03-07 18:57:00,18,10,9,1,2,0,6,6,16,11,17,6,1,0.8752748417255765,5.114045703830881,2.418179196761524,0.5,0.1111111111111111,0.5555555555555556,0.42853329667590223,0.12641460335465982,0
user_5651,2021-03-07 19:12:00,26,7,6,0,2,0,15,16,17,12,20,6,1,3.0966184031851056,2.5017975378250976,7.94495889990307,0.23076923076923078,0.0,0.2692307692307692,0.2993571522610169,0.10986908320195093,1
user_5652,2021-03-07 19:27:00,22,7,6,3,2,0,8,8,9,6,17,6,1,3.1553784779553533,3.5626446418203632,9.087722316109426,0.2727272727272727,0.5,0.3181818181818182,0.3876292105256842,0.39364623343402694,0
user_5653,2021-03-07 19:42:00,13,13,7,1,0,0,13,11,8,7,5,6,1,8.653003125139636,0.5811922802900639,6.387358590073101,0.5384615384615384,0.14285714285714285,1.0,0.9697683946088951,0.6795955212881858,0
user_5654,2021-03-07 19:57:00,22,2,7,1,2,0,12,12,16,5,10,6,1,1.1661487208082173,6.752019589226036,7.153399186801889,0.3181818181818182,0.14285714285714285,0.09090909090909091,0.9166846305193062,0.57425434174728,0
user_5655,2021-03-07 20:12:00,18,8,5,1,3,1,20,18,15,10,20,6,1,4.879482164859797,1.6346356082778397,2.011056879188355,0.2777777777777778,0.2,0.4444444444444444,0.40534119581571104,0.5692922628203927,0
user_5656,2021-03-07 20:27:00,14,4,4,1,0,0,14,6,10,16,12,6,1,7.587499063065251,3.4022966650216495,1.748454139084732,0.2857142857142857,0.25,0.2857142857142857,0.3002495644536639,0.943459524672999,0
user_5657,2021-03-07 20:42:00,12,9,5,2,3,1,15,12,5,18,17,6,1,5.697599595376767,7.3487442817508954,6.803793073696371,0.4166666666666667,0.4,0.75,0.37367051763449755,0.23185979480030322,0
user_5658,2021-03-07 20:57:00,17,12,5,0,1,0,18,5,8,17,11,6,1,7.1786105230539725,3.40904940770089,6.809778865037547,0.29411764705882354,0.0,0.7058823529411765,0.9235946666168632,0.44151375217623734,0
user_5659,2021-03-07 21:12:00,27,7,7,1,2,0,15,13,8,15,14,6,1,3.8754476720580753,1.13797554734299,4.700359566735532,0.25925925925925924,0.14285714285714285,0.25925925925925924,0.3230454452589857,0.5187937803092393,0
user_5660,2021-03-07 21:27:00,27,6,10,0,1,0,19,19,20,15,8,6,1,5.340758996471676,7.544851706176009,6.344720080820764,0.37037037037037035,0.0,0.2222222222222222,0.2766172974574217,0.6970485858073785,0
user_5661,2021-03-07 21:42:00,21,10,10,1,2,0,13,7,8,18,7,6,1,1.4886327776595576,7.249353738158793,3.577033451775306,0.47619047619047616,0.1,0.47619047619047616,0.2246182088895367,0.6991720048182004,0
user_5662,2021-03-07 21:57:00,21,10,8,1,2,1,6,18,19,7,10,6,1,3.1267041282534795,3.3183340297231765,4.238390495453569,0.38095238095238093,0.125,0.47619047619047616,0.695712450283958,0.23104973124368614,1
user_5663,2021-03-07 22:12:00,18,12,7,1,1,2,7,13,14,8,8,6,1,6.807510702421661,6.099549268842153,9.775017910485774,0.3888888888888889,0.14285714285714285,0.6666666666666666,0.4160380487076196,0.233518353087171,0
user_5664,2021-03-07 22:27:00,24,11,3,0,1,0,13,11,10,6,8,6,1,1.1634237579402384,5.710409481575869,10.591284341901124,0.125,0.0,0.4583333333333333,0.34825763165845736,0.42824314057658475,1
user_5665,2021-03-07 22:42:00,9,11,4,1,0,0,12,9,6,15,9,6,1,1.587272754581665,6.110240245320992,6.187267942717574,0.4444444444444444,0.25,1.2222222222222223,0.5308327392221418,0.5149684395790864,0
user_5666,2021-03-07 22:57:00,19,12,4,1,2,0,14,5,13,13,8,6,1,8.891177234454249,3.4322838510176084,3.0990816064438578,0.21052631578947367,0.25,0.631578947368421,0.20664186032457366,0.26199650665875757,0
user_5667,2021-03-07 23:12:00,26,14,4,0,1,1,19,7,18,18,17,6,1,6.209111727773573,3.2884701389326767,8.174952698382985,0.15384615384615385,0.0,0.5384615384615384,0.5869374169396504,0.9694914190869609,0
user_5668,2021-03-07 23:27:00,16,11,5,1,2,1,5,5,12,17,9,6,1,6.639814881319045,2.184682939895207,5.801657028942705,0.3125,0.2,0.6875,0.47009913115131363,0.5520667870320264,0
user_5669,2021-03-07 23:42:00,15,9,14,1,0,0,8,5,5,20,18,6,1,6.85397553726093,0.5010074363416653,4.235038722526545,0.9333333333333333,0.07142857142857142,0.6,0.6759460314759475,0.5301221822171015,0
user_5670,2021-03-07 23:57:00,28,8,5,1,2,2,7,16,13,17,9,6,1,6.286523940927858,1.469843964709769,6.8351198578729,0.17857142857142858,0.2,0.2857142857142857,0.9121416023986181,0.4457867703185593,1
user_5671,2021-03-08 00:12:00,23,8,6,2,2,0,7,9,15,16,12,0,0,3.7445120789073933,4.7184480807102105,4.7649382129195645,0.2608695652173913,0.3333333333333333,0.34782608695652173,0.2108221080665521,0.4411480225953397,0
user_5672,2021-03-08 00:27:00,21,16,5,0,2,0,5,16,19,12,20,0,0,0.2897359274648471,6.6168461502339175,7.848578174600438,0.23809523809523808,0.0,0.7619047619047619,0.9138641913006409,0.3051619937760388,0
user_5673,2021-03-08 00:42:00,29,9,7,1,4,1,14,8,15,15,13,0,0,0.5325972745397357,4.651810356327909,4.030537867200204,0.2413793103448276,0.14285714285714285,0.3103448275862069,0.42360897146058385,0.2691449892876653,0
user_5674,2021-03-08 00:57:00,22,10,5,1,1,0,9,20,5,12,12,0,0,6.799441516314167,3.431199352488718,0.712549728077883,0.22727272727272727,0.2,0.45454545454545453,0.2583838510222656,0.4799007754070209,0
user_5675,2021-03-08 01:12:00,22,17,9,1,2,2,8,6,10,7,17,0,0,2.8586202156493923,6.868865597449995,10.536677611636609,0.4090909090909091,0.1111111111111111,0.7727272727272727,0.9521618372872129,0.6797840097055418,0
user_5676,2021-03-08 01:27:00,17,15,5,0,4,0,20,7,20,12,12,0,0,5.472330056878415,6.787438823220176,9.400462229428491,0.29411764705882354,0.0,0.8823529411764706,0.3293503713867213,0.9074033626010162,0
user_5677,2021-03-08 01:42:00,18,8,5,1,1,2,14,15,19,11,10,0,0,7.087937148071437,3.625279117203306,3.035626129105251,0.2777777777777778,0.2,0.4444444444444444,0.2574751998035797,0.686423708544295,0
user_5678,2021-03-08 01:57:00,16,5,8,0,2,2,15,9,6,19,16,0,0,1.1634903043294924,6.454040885041851,7.872349022905103,0.5,0.0,0.3125,0.6239839133134084,0.914812640720916,0
user_5679,2021-03-08 02:12:00,17,14,5,0,2,0,18,13,18,6,19,0,0,4.682707490508188,2.549162219247495,10.110459083493062,0.29411764705882354,0.0,0.8235294117647058,0.7660399817157834,0.5179095516636598,0
user_5680,2021-03-08 02:27:00,20,16,5,0,0,1,14,16,11,7,5,0,0,9.090892518067278,4.880847160477583,10.607865952709114,0.25,0.0,0.8,0.996866868076732,0.5473432086241569,0
user_5681,2021-03-08 02:42:00,20,7,8,1,2,0,14,19,13,15,19,0,0,1.4846810870779932,3.176045050922631,10.068562746706258,0.4,0.125,0.35,0.7940698026104399,0.13818613551679745,0
user_5682,2021-03-08 02:57:00,18,13,7,0,3,1,5,14,9,16,9,0,0,8.632430045001318,0.10461480703518686,7.006390105274872,0.3888888888888889,0.0,0.7222222222222222,0.40618857774016215,0.8810343373882412,1
user_5683,2021-03-08 03:12:00,27,8,10,2,2,0,17,8,12,19,12,0,0,3.3618697169084295,1.9608512819821526,3.053663580721408,0.37037037037037035,0.2,0.2962962962962963,0.10750479476893417,0.17015845652754297,0
user_5684,2021-03-08 03:27:00,10,9,5,0,3,0,15,16,13,17,7,0,0,1.7766530055572083,5.626164734395079,6.494472027473594,0.5,0.0,0.9,0.5570308461147672,0.5892282607978762,0
user_5685,2021-03-08 03:42:00,22,5,8,1,2,1,20,7,5,11,12,0,0,3.7526442662030886,1.5372064755869015,4.597156131081355,0.36363636363636365,0.125,0.22727272727272727,0.4416793791476983,0.3311031552890207,0
user_5686,2021-03-08 03:57:00,22,8,4,1,2,2,18,7,20,10,7,0,0,0.727934285584852,7.03684954519375,5.9443186537086135,0.18181818181818182,0.25,0.36363636363636365,0.38567256517710236,0.31981113532608163,0
user_5687,2021-03-08 04:12:00,17,11,5,0,3,0,7,7,15,9,14,0,0,2.257637258966478,0.8248428158678411,1.445856379560834,0.29411764705882354,0.0,0.6470588235294118,0.8729715287964538,0.8294221832999353,0
user_5688,2021-03-08 04:27:00,20,13,10,0,0,0,9,5,8,5,19,0,0,8.163482336022733,2.0866181571620963,3.242104410284228,0.5,0.0,0.65,0.7961708690397827,0.9136252077164142,0
user_5689,2021-03-08 04:42:00,28,13,5,1,2,2,10,10,12,14,5,0,0,5.591825829385818,3.137080265554277,2.637677723525325,0.17857142857142858,0.2,0.4642857142857143,0.1176800674123889,0.8072369519190897,0
user_5690,2021-03-08 04:57:00,18,8,5,0,3,0,9,16,14,16,14,0,0,7.723772036319356,6.13624758371883,11.192437785267668,0.2777777777777778,0.0,0.4444444444444444,0.6214769649661698,0.11238663747251489,0
user_5691,2021-03-08 05:12:00,23,8,5,0,1,0,6,8,15,9,13,0,0,9.457377462806889,3.90862967039629,6.5399977577443,0.21739130434782608,0.0,0.34782608695652173,0.810693199350179,0.33072179523455264,0
user_5692,2021-03-08 05:27:00,17,8,5,0,4,0,14,19,12,16,9,0,0,3.0212302879256256,6.557008483532979,1.3158104557660493,0.29411764705882354,0.0,0.47058823529411764,0.5432384220260714,0.8953874185749544,0
user_5693,2021-03-08 05:42:00,19,9,10,2,2,0,18,12,14,19,7,0,0,0.3678643757354009,0.12277014951912117,2.2182769405800467,0.5263157894736842,0.2,0.47368421052631576,0.45454575425337385,0.5976240433493359,0
user_5694,2021-03-08 05:57:00,14,8,9,1,4,0,13,10,15,13,5,0,0,6.065195898929659,7.430684080998548,5.009263647901539,0.6428571428571429,0.1111111111111111,0.5714285714285714,0.8400548794875696,0.3447662974270563,0
user_5695,2021-03-08 06:12:00,19,20,6,1,0,0,12,9,15,6,18,0,0,2.4840908847674537,0.4741515172131199,4.865645570808891,0.3157894736842105,0.16666666666666666,1.0526315789473684,0.5675963439844011,0.5679014380091755,0
user_5696,2021-03-08 06:27:00,17,9,4,1,1,0,7,9,10,20,9,0,0,4.662101114308881,4.424206448604305,1.7302378705546928,0.23529411764705882,0.25,0.5294117647058824,0.7556255557031324,0.578322859550645,0
user_5697,2021-03-08 06:42:00,24,10,11,1,2,2,15,11,12,8,17,0,0,6.891730866248867,1.8360394239298186,6.312031111821134,0.4583333333333333,0.09090909090909091,0.4166666666666667,0.38369197843692404,0.39668972034667505,0
user_5698,2021-03-08 06:57:00,26,9,4,1,4,1,9,13,12,12,7,0,0,7.231596482403598,6.755588023134716,5.3086907705516335,0.15384615384615385,0.25,0.34615384615384615,0.26947918863708875,0.8540509523506761,0
user_5699,2021-03-08 07:12:00,22,17,5,2,3,2,10,9,6,15,11,0,0,2.4120945743805846,7.145325253630533,3.0241501246937377,0.22727272727272727,0.4,0.7727272727272727,0.6886803855558276,0.9355519601955155,0
user_5700,2021-03-08 07:27:00,21,7,4,1,1,0,18,15,9,20,18,0,0,8.658681269014354,0.5349461925697493,3.2041547937122634,0.19047619047619047,0.25,0.3333333333333333,0.7930888511381793,0.29680579318001393,0
user_5701,2021-03-08 07:42:00,18,9,4,2,3,1,15,17,7,9,20,0,0,3.542102629333143,6.222941019890702,3.539093861526111,0.2222222222222222,0.5,0.5,0.7421005271490255,0.8775843578582395,0
user_5702,2021-03-08 07:57:00,24,11,3,0,3,1,6,10,7,16,10,0,0,4.7927990816694805,6.766284415680697,6.3949856785273544,0.125,0.0,0.4583333333333333,0.5357773586371174,0.4355897128063473,1
user_5703,2021-03-08 08:12:00,20,8,4,1,2,2,12,8,15,12,14,0,0,7.115137190322546,3.7960510696677288,10.212088862753479,0.2,0.25,0.4,0.5922455922265013,0.34601549054130354,0
user_5704,2021-03-08 08:27:00,19,11,10,0,1,0,13,6,8,18,15,0,0,6.963974155338237,0.9170385082514008,4.920569212233069,0.5263157894736842,0.0,0.5789473684210527,0.812963929266727,0.23936373129282043,0
user_5705,2021-03-08 08:42:00,20,7,4,0,2,0,14,14,19,12,17,0,0,6.8671326559819885,3.5944023449861753,10.965190836168079,0.2,0.0,0.35,0.9345221447700304,0.13792879486342366,0
user_5706,2021-03-08 08:57:00,18,7,5,0,2,0,18,14,18,15,9,0,0,9.896286048352351,0.24806465439350076,9.849286392917918,0.2777777777777778,0.0,0.3888888888888889,0.9736762836746501,0.6691371804813618,0
user_5707,2021-03-08 09:12:00,19,12,6,0,1,0,13,19,17,19,14,0,0,9.343795166161328,0.9724240719573957,3.2233320955861062,0.3157894736842105,0.0,0.631578947368421,0.8316100684185151,0.3594215662567046,0
user_5708,2021-03-08 09:27:00,24,6,6,0,2,0,5,9,7,8,9,0,0,5.838100087759494,2.9805444794596214,5.213791708785104,0.25,0.0,0.25,0.8186117728540049,0.8575458450620168,0
user_5709,2021-03-08 09:42:00,19,6,12,0,2,0,14,16,12,8,16,0,0,5.966884471298332,3.7558299647373787,4.66469789314411,0.631578947368421,0.0,0.3157894736842105,0.36393517421273747,0.5101544388564485,0
user_5710,2021-03-08 09:57:00,25,9,4,0,2,1,20,16,8,10,13,0,0,9.890624593595549,7.410218918917279,8.191188046244022,0.16,0.0,0.36,0.9968315029084615,0.7040800466970525,0
user_5711,2021-03-08 10:12:00,20,5,4,1,4,0,17,17,10,13,5,0,0,4.365460648740651,7.607347788437545,8.393234192200474,0.2,0.25,0.25,0.7149974508553698,0.9827369480315892,0
user_5712,2021-03-08 10:27:00,20,9,1,2,1,0,9,8,10,10,9,0,0,0.918880344709118,6.790288987349458,5.059519648753386,0.05,2.0,0.45,0.616481867723974,0.792400898621878,0
user_5713,2021-03-08 10:42:00,15,7,6,2,4,0,7,17,8,19,16,0,0,9.370193428212133,7.784769321337518,3.02574100601115,0.4,0.3333333333333333,0.4666666666666667,0.40647727339030415,0.49805467244349755,0
user_5714,2021-03-08 10:57:00,24,10,3,2,1,0,11,13,17,20,7,0,0,1.2523613876418083,2.6073261734603936,2.182268469246436,0.125,0.6666666666666666,0.4166666666666667,0.713248435181537,0.7407844994824113,0
user_5715,2021-03-08 11:12:00,10,10,6,1,4,0,20,7,11,9,19,0,0,4.974506902386583,4.9528775549851005,8.24722674493447,0.6,0.16666666666666666,1.0,0.21999823576438518,0.6771415859196706,0
user_5716,2021-03-08 11:27:00,23,14,4,3,0,2,13,5,15,7,8,0,0,2.5014778762096697,7.965466007813053,6.8884105373514934,0.17391304347826086,0.75,0.6086956521739131,0.3541744434709785,0.9612619230144112,0
user_5717,2021-03-08 11:42:00,23,11,4,1,4,0,17,19,10,12,17,0,0,1.1147343522119793,3.821733016362945,5.2111775909460984,0.17391304347826086,0.25,0.4782608695652174,0.41568196042242345,0.5443028902381017,0
user_5718,2021-03-08 11:57:00,26,8,5,2,0,3,13,11,19,6,7,0,0,0.207670183510056,2.1258584010105834,9.417105959239667,0.19230769230769232,0.4,0.3076923076923077,0.171784966632265,0.6095400701124696,1
user_5719,2021-03-08 12:12:00,22,7,6,3,4,0,19,5,5,12,13,0,0,3.074174621970687,0.36158737760549253,10.560457734375948,0.2727272727272727,0.5,0.3181818181818182,0.8705923236955283,0.1377020703572605,0
user_5720,2021-03-08 12:27:00,19,10,5,0,4,0,5,18,20,15,5,0,0,4.0732346530032455,5.335177215385625,11.420736671043512,0.2631578947368421,0.0,0.5263157894736842,0.8455365845441698,0.31119807593171533,0
user_5721,2021-03-08 12:42:00,27,5,6,0,1,2,18,18,18,17,15,0,0,8.71842736060863,0.8632373539552173,10.610846031472576,0.2222222222222222,0.0,0.18518518518518517,0.31232657282543363,0.9771844208022656,0
user_5722,2021-03-08 12:57:00,22,6,7,1,3,1,17,12,13,10,10,0,0,9.012976738057864,7.143314671883777,6.485757798020208,0.3181818181818182,0.14285714285714285,0.2727272727272727,0.9575814955632924,0.9346021904546518,0
user_5723,2021-03-08 13:12:00,18,12,4,2,2,2,6,13,14,19,8,0,0,0.1795364357573255,0.6327606087815361,11.552095205310797,0.2222222222222222,0.5,0.6666666666666666,0.18916670725493046,0.13416232677685527,0
user_5724,2021-03-08 13:27:00,25,13,8,2,3,2,6,13,12,6,10,0,0,0.30748376931738236,4.852236580378787,8.553676071237188,0.32,0.25,0.52,0.7355065553456724,0.14862249510085432,0
user_5725,2021-03-08 13:42:00,28,7,6,1,2,2,18,16,8,10,6,0,0,1.9562723676184666,7.7053828097311845,10.912486467448105,0.21428571428571427,0.16666666666666666,0.25,0.34901227284248576,0.4418488286934714,0
user_5726,2021-03-08 13:57:00,18,8,6,0,3,0,16,20,14,9,18,0,0,4.487774631581686,6.563236562732204,8.738794910282328,0.3333333333333333,0.0,0.4444444444444444,0.5784251211316944,0.7568922415249191,0
user_5727,2021-03-08 14:12:00,18,7,8,0,2,1,20,9,12,5,12,0,0,7.1088711777680995,7.02902221590297,7.928241099952746,0.4444444444444444,0.0,0.3888888888888889,0.9136949213888579,0.217417322680843,0
user_5728,2021-03-08 14:27:00,16,7,3,0,1,0,8,13,6,14,6,0,0,7.504645497107311,5.732762441534872,0.9452432758788032,0.1875,0.0,0.4375,0.4743680570272173,0.7518577321545392,0
user_5729,2021-03-08 14:42:00,22,11,8,1,2,0,6,12,6,15,12,0,0,4.773407922158599,5.0164805001783925,1.16754951541636,0.36363636363636365,0.125,0.5,0.4732538615580053,0.7517964464746462,0
user_5730,2021-03-08 14:57:00,17,3,2,0,2,0,10,20,18,9,18,0,0,0.3874450972176158,7.665281924868822,6.257476966202933,0.11764705882352941,0.0,0.17647058823529413,0.6306588620704667,0.16692275654361793,1
user_5731,2021-03-08 15:12:00,17,13,4,1,2,0,5,5,9,6,8,0,0,0.5744376646638671,2.6242343368768575,9.518009747253348,0.23529411764705882,0.25,0.7647058823529411,0.14677103487167092,0.5576291824605047,1
user_5732,2021-03-08 15:27:00,18,18,8,1,2,1,7,16,15,11,7,0,0,8.044421117580871,1.3927435745389665,0.9896056203894206,0.4444444444444444,0.125,1.0,0.8319223772156555,0.9348290295733122,0
user_5733,2021-03-08 15:42:00,17,9,2,0,2,1,7,20,16,5,7,0,0,1.8945872766412728,1.4654134668157075,10.322923613436767,0.11764705882352941,0.0,0.5294117647058824,0.46408715713974746,0.8743539159670244,0
user_5734,2021-03-08 15:57:00,12,15,6,0,1,1,19,9,13,11,11,0,0,6.947711288463618,3.08098108510796,8.750936156788079,0.5,0.0,1.25,0.966556129802688,0.29822392824821287,0
user_5735,2021-03-08 16:12:00,19,7,4,1,0,0,16,19,17,20,18,0,0,6.882652573414589,6.697077719528084,0.8135266801437149,0.21052631578947367,0.25,0.3684210526315789,0.8219313242591626,0.2694411971914661,0
user_5736,2021-03-08 16:27:00,26,8,8,1,2,0,15,15,20,12,12,0,0,8.365114799842857,2.4504378477019237,10.805988977567523,0.3076923076923077,0.125,0.3076923076923077,0.3549823887828589,0.8270654110168779,0
user_5737,2021-03-08 16:42:00,18,10,6,2,0,1,14,9,7,5,9,0,0,3.5760446589789634,0.18375856105953597,9.949718690847213,0.3333333333333333,0.3333333333333333,0.5555555555555556,0.7459495387983563,0.4268032381369421,0
user_5738,2021-03-08 16:57:00,28,7,9,1,5,0,13,11,15,19,6,0,0,7.943059417064038,6.729451483283094,5.1665461612246535,0.32142857142857145,0.1111111111111111,0.25,0.365227686486274,0.49266008415635554,0
user_5739,2021-03-08 17:12:00,25,11,4,1,1,2,5,9,13,13,7,0,0,5.902269552770165,7.668818696400309,2.7278968364254097,0.16,0.25,0.44,0.8711417336325779,0.5084376732797405,0
user_5740,2021-03-08 17:27:00,20,11,7,3,2,1,17,16,15,16,7,0,0,1.2607717296376892,3.7722861092530007,3.5247616296692756,0.35,0.42857142857142855,0.55,0.5290943448727407,0.4256831200363643,0
user_5741,2021-03-08 17:42:00,19,8,7,1,4,2,12,14,6,9,18,0,0,0.9465506316938914,0.4986448479350871,0.7088450083848346,0.3684210526315789,0.14285714285714285,0.42105263157894735,0.6622495498412588,0.908352316331431,0
user_5742,2021-03-08 17:57:00,20,14,6,1,3,1,7,19,10,16,13,0,0,4.898572500335638,1.4695235211678048,9.345201735100533,0.3,0.16666666666666666,0.7,0.8078704503674851,0.20062268973584807,0
user_5743,2021-03-08 18:12:00,21,10,6,1,1,0,17,5,14,16,13,0,0,7.15978978780695,1.2818960337133392,0.573961060458231,0.2857142857142857,0.16666666666666666,0.47619047619047616,0.3489784126329013,0.34209923154506233,0
user_5744,2021-03-08 18:27:00,24,13,7,0,4,0,6,18,13,6,20,0,0,2.6722389366249732,7.308252723938594,1.5818002147954044,0.2916666666666667,0.0,0.5416666666666666,0.13969805652018633,0.2603686421105922,0
user_5745,2021-03-08 18:42:00,14,16,8,0,4,1,20,14,8,5,11,0,0,2.4838883000401912,2.2398228179605577,10.427611649533478,0.5714285714285714,0.0,1.1428571428571428,0.9653125416092564,0.18844331241938814,0
user_5746,2021-03-08 18:57:00,18,8,13,0,3,0,8,5,12,8,9,0,0,6.6889159667367615,6.051195923185715,0.7138526789879381,0.7222222222222222,0.0,0.4444444444444444,0.20783163835800195,0.9580624418629823,0
user_5747,2021-03-08 19:12:00,19,6,3,0,5,0,8,14,9,18,9,0,0,5.854792810116304,1.0653869912433371,10.185233887661834,0.15789473684210525,0.0,0.3157894736842105,0.7511956808749382,0.8830099709567837,0
user_5748,2021-03-08 19:27:00,21,7,11,1,0,0,11,20,8,13,20,0,0,2.473239936396189,1.8780207462051324,8.947803397271304,0.5238095238095238,0.09090909090909091,0.3333333333333333,0.41707923271759806,0.7604455799303537,0
user_5749,2021-03-08 19:42:00,26,12,14,2,0,0,10,6,16,11,7,0,0,3.391476125807655,4.000817087858563,6.039382787744257,0.5384615384615384,0.14285714285714285,0.46153846153846156,0.7986498806941345,0.965514406465127,0
user_5750,2021-03-08 19:57:00,29,10,8,1,0,0,5,7,9,9,5,0,0,1.7937160731087618,6.624855359573752,11.306794481023127,0.27586206896551724,0.125,0.3448275862068966,0.7515287389257647,0.7278070508604384,0
user_5751,2021-03-08 20:12:00,23,16,4,0,6,0,5,6,8,9,10,0,0,7.776916392703286,5.455721073383942,9.896810899661363,0.17391304347826086,0.0,0.6956521739130435,0.4951080039440806,0.10478757866629917,0
user_5752,2021-03-08 20:27:00,20,11,5,3,2,2,9,20,11,8,12,0,0,1.531484833339158,4.8164114956080235,1.6986271691659816,0.25,0.6,0.55,0.8778809171398209,0.42830247190311965,0
user_5753,2021-03-08 20:42:00,16,7,10,1,4,0,19,9,8,16,17,0,0,4.961678598390385,1.0370711837074489,6.039029383235942,0.625,0.1,0.4375,0.8306212149352379,0.2918395306193995,0
user_5754,2021-03-08 20:57:00,17,12,5,0,2,1,10,17,20,6,7,0,0,3.6386045169096675,2.084795814668459,6.797142928690313,0.29411764705882354,0.0,0.7058823529411765,0.24909091535244354,0.5147095804358445,0
user_5755,2021-03-08 21:12:00,21,13,4,1,2,0,9,17,9,15,14,0,0,7.917065674913323,3.3268865369287903,1.0011382080002822,0.19047619047619047,0.25,0.6190476190476191,0.14474078821771094,0.13587836488260507,0
user_5756,2021-03-08 21:27:00,18,11,7,1,3,1,13,14,10,20,6,0,0,1.1534989922826426,0.333473301104533,5.696577790456365,0.3888888888888889,0.14285714285714285,0.6111111111111112,0.14186645624300687,0.8188574672037838,0
user_5757,2021-03-08 21:42:00,18,14,4,1,4,1,9,18,20,10,6,0,0,3.361178038261209,7.2999664327592,3.570213238164939,0.2222222222222222,0.25,0.7777777777777778,0.8400959199438656,0.8606728717819321,0
user_5758,2021-03-08 21:57:00,23,11,7,1,2,0,5,19,13,7,8,0,0,4.948295419103055,1.5645706779158066,2.8014323709587936,0.30434782608695654,0.14285714285714285,0.4782608695652174,0.8379443458281082,0.9593346508160112,0
user_5759,2021-03-08 22:12:00,15,13,3,2,2,1,13,15,11,17,13,0,0,4.943086371948239,7.635225822241269,8.114846975531766,0.2,0.6666666666666666,0.8666666666666667,0.6981437602916832,0.9129533673588737,0
user_5760,2021-03-08 22:27:00,16,13,12,1,3,1,18,19,13,10,16,0,0,9.745079173994974,4.987756118580026,8.774748221904911,0.75,0.08333333333333333,0.8125,0.22024552528325486,0.3085256115741851,0
user_5761,2021-03-08 22:42:00,21,12,4,2,1,1,13,9,5,14,19,0,0,3.0048803008346576,4.891078083611286,7.532969091890473,0.19047619047619047,0.5,0.5714285714285714,0.4057198438357992,0.5481473979424543,0
user_5762,2021-03-08 22:57:00,21,12,7,2,1,1,16,13,14,11,8,0,0,8.01690842012352,6.545876910071743,2.9293465269088963,0.3333333333333333,0.2857142857142857,0.5714285714285714,0.22214052619300156,0.45389519514648624,0
user_5763,2021-03-08 23:12:00,20,12,7,0,1,2,8,18,11,14,12,0,0,1.0568189472887417,2.9390193202525805,9.052214152397863,0.35,0.0,0.6,0.3983687304544229,0.41636579945848684,0
user_5764,2021-03-08 23:27:00,28,12,6,2,3,0,6,17,8,10,13,0,0,8.532086676592906,3.0535170761179042,4.151567350348474,0.21428571428571427,0.3333333333333333,0.42857142857142855,0.8716549855037783,0.5628709011293228,0
user_5765,2021-03-08 23:42:00,25,12,5,2,4,0,7,7,16,14,15,0,0,8.738361365334207,4.702609372489428,11.170760447027256,0.2,0.4,0.48,0.21532595182763276,0.6215020113852826,1
user_5766,2021-03-08 23:57:00,24,9,6,0,2,0,5,19,15,18,10,0,0,0.5116102906017795,6.420786826020935,5.4270703975059,0.25,0.0,0.375,0.5748118683556671,0.17160470412262388,0
user_5767,2021-03-09 00:12:00,24,9,5,1,4,2,15,18,18,13,10,1,0,7.266428043111902,4.934394338470759,11.127357219066132,0.20833333333333334,0.2,0.375,0.643630358839568,0.8588287974779545,0
user_5768,2021-03-09 00:27:00,25,8,6,1,1,0,19,9,10,20,9,1,0,9.111680848980848,2.6835778630999294,7.190701632859432,0.24,0.16666666666666666,0.32,0.23588973091303275,0.20488645775908992,0
user_5769,2021-03-09 00:42:00,22,17,4,1,2,2,14,20,6,16,16,1,0,0.7505085721420095,0.5539479759968507,1.8315069251039726,0.18181818181818182,0.25,0.7727272727272727,0.7259666197274961,0.683407448238035,0
user_5770,2021-03-09 00:57:00,19,13,4,1,1,1,6,8,20,17,5,1,0,8.92656119720393,4.998032213136239,4.646143611741229,0.21052631578947367,0.25,0.6842105263157895,0.5456991404977957,0.5487434706886226,0
user_5771,2021-03-09 01:12:00,24,10,2,0,1,0,9,13,13,10,15,1,0,1.821963367095263,1.6464513481745326,10.010412430609115,0.08333333333333333,0.0,0.4166666666666667,0.1970231852407089,0.5113322866097191,0
user_5772,2021-03-09 01:27:00,17,7,2,1,1,1,19,15,7,15,8,1,0,0.8674486353807142,4.546706038648437,10.467198191126645,0.11764705882352941,0.5,0.4117647058823529,0.12947644958615107,0.9283008841280641,0
user_5773,2021-03-09 01:42:00,15,16,3,1,3,2,20,7,20,17,13,1,0,9.71855215171132,2.348447647836422,7.449082166867891,0.2,0.3333333333333333,1.0666666666666667,0.37838767301144827,0.41535809521031675,0
user_5774,2021-03-09 01:57:00,22,7,5,1,1,0,12,6,13,14,18,1,0,7.3107384677487515,0.16632115199489184,1.228253490177197,0.22727272727272727,0.2,0.3181818181818182,0.7486430324851908,0.6841075035791215,0
user_5775,2021-03-09 02:12:00,10,11,3,2,2,1,17,13,7,15,5,1,0,7.680278183433214,4.806048358165728,5.761394337877983,0.3,0.6666666666666666,1.1,0.4533719941705999,0.16842871425496692,0
user_5776,2021-03-09 02:27:00,32,10,6,0,5,0,15,5,17,17,14,1,0,8.117465817843886,3.904454594617727,4.1566994190733,0.1875,0.0,0.3125,0.5769868904847414,0.6153917967200928,0
user_5777,2021-03-09 02:42:00,33,8,2,1,3,1,18,14,18,15,8,1,0,5.416262446168176,2.0605481874898284,7.330784979963369,0.06060606060606061,0.5,0.24242424242424243,0.9071952964780313,0.32158924805629724,0
user_5778,2021-03-09 02:57:00,25,9,5,0,2,0,7,20,11,19,15,1,0,3.3808260183437233,2.1618992509072656,1.687358064998429,0.2,0.0,0.36,0.19030955979529693,0.14451898889205103,0
user_5779,2021-03-09 03:12:00,16,10,7,1,3,0,5,7,17,16,9,1,0,6.611415624995997,2.3804960994562028,8.8779800910355,0.4375,0.14285714285714285,0.625,0.24177785685094055,0.9459689754127798,0
user_5780,2021-03-09 03:27:00,24,6,9,0,2,0,18,14,19,10,12,1,0,1.8365760909057172,5.507363271757006,6.615585686115436,0.375,0.0,0.25,0.30079874341257223,0.27971933294780194,0
user_5781,2021-03-09 03:42:00,15,10,3,1,2,0,18,17,17,20,20,1,0,7.603842818492381,0.809224113907202,9.97539192082645,0.2,0.3333333333333333,0.6666666666666666,0.670127487043842,0.7890768581496846,0
user_5782,2021-03-09 03:57:00,20,10,7,1,0,0,9,12,7,18,15,1,0,6.1531389182520675,4.730849939428512,6.857594694158856,0.35,0.14285714285714285,0.5,0.6920175798551504,0.6959123572232865,0
user_5783,2021-03-09 04:12:00,17,15,7,2,0,0,20,18,8,17,19,1,0,4.84664377207318,0.7919599681031456,6.410559362243638,0.4117647058823529,0.2857142857142857,0.8823529411764706,0.23687124544559873,0.9735168588750082,0
user_5784,2021-03-09 04:27:00,19,12,9,1,0,1,14,10,8,13,12,1,0,2.128539441309371,0.8643254868497782,4.956677618297447,0.47368421052631576,0.1111111111111111,0.631578947368421,0.8215934191408907,0.3049496218044059,1
user_5785,2021-03-09 04:42:00,17,9,13,1,2,0,18,8,15,19,12,1,0,0.6243294461094032,3.692564283413666,3.2047140744740554,0.7647058823529411,0.07692307692307693,0.5294117647058824,0.840527117440225,0.6324962634333421,0
user_5786,2021-03-09 04:57:00,17,11,7,2,3,1,17,20,20,6,18,1,0,9.144295209575281,2.4568987886213245,7.718899539529326,0.4117647058823529,0.2857142857142857,0.6470588235294118,0.9021791362289383,0.3218180434035873,0
user_5787,2021-03-09 05:12:00,20,4,5,1,2,1,6,6,16,13,19,1,0,9.269239743154188,6.444374163663323,5.457296812135616,0.25,0.2,0.2,0.9694514495917613,0.30785899664292804,0
user_5788,2021-03-09 05:27:00,23,9,7,0,3,1,9,8,15,17,10,1,0,8.84621266919483,0.18688068166344435,11.999431127432878,0.30434782608695654,0.0,0.391304347826087,0.25932067217951227,0.6620924808613396,0
user_5789,2021-03-09 05:42:00,25,9,5,0,5,1,20,10,7,13,15,1,0,5.750453347723995,4.6513570997234,4.795854513090757,0.2,0.0,0.36,0.617783001327842,0.4016069987262051,0
user_5790,2021-03-09 05:57:00,20,13,7,1,0,1,16,19,16,18,6,1,0,3.8095685797383325,5.628485300322884,3.7932223158655916,0.35,0.14285714285714285,0.65,0.8908175134257627,0.6575997962963096,0
user_5791,2021-03-09 06:12:00,19,12,6,0,3,2,7,13,6,7,6,1,0,5.790627803943018,4.138006450616748,3.3640938707201276,0.3157894736842105,0.0,0.631578947368421,0.8919575248212053,0.2636091046215705,0
user_5792,2021-03-09 06:27:00,23,10,1,1,6,0,19,9,9,9,7,1,0,6.348966933332734,6.492031988458534,10.817183293360081,0.043478260869565216,1.0,0.43478260869565216,0.8792561307661032,0.21603071755403652,0
user_5793,2021-03-09 06:42:00,18,9,11,1,2,1,11,5,6,18,8,1,0,0.10324604532570358,2.8980359147969397,3.1840533465105976,0.6111111111111112,0.09090909090909091,0.5,0.8891216906225314,0.9534631707346821,0
user_5794,2021-03-09 06:57:00,24,12,9,2,1,1,19,7,13,6,8,1,0,2.63044653073566,5.556620460471176,9.35014860446051,0.375,0.2222222222222222,0.5,0.5536410145453031,0.1572725809840353,0
user_5795,2021-03-09 07:12:00,15,4,6,0,2,0,7,5,12,20,19,1,0,3.4811701636441907,0.685519022103156,8.54893731321565,0.4,0.0,0.26666666666666666,0.4963872675081118,0.16945499599052744,1
user_5796,2021-03-09 07:27:00,15,14,7,1,2,0,12,14,16,16,15,1,0,3.971907914537327,7.357168502351446,4.242691715626506,0.4666666666666667,0.14285714285714285,0.9333333333333333,0.8036784901004964,0.9838046630181476,0
user_5797,2021-03-09 07:42:00,16,9,9,0,1,1,11,16,6,15,17,1,0,8.454271662790553,4.421682116610115,3.7890137855638057,0.5625,0.0,0.5625,0.5893927343493048,0.3048940734682273,0
user_5798,2021-03-09 07:57:00,21,8,5,2,1,0,18,16,15,5,17,1,0,4.167538948157841,5.954227407203359,11.754255217502664,0.23809523809523808,0.4,0.38095238095238093,0.13136383556263762,0.17560695287831776,0
user_5799,2021-03-09 08:12:00,14,7,5,0,1,0,20,7,18,18,9,1,0,9.828015769432387,6.481472233506063,6.43374997043188,0.35714285714285715,0.0,0.5,0.15242843436360573,0.938422626892923,0
user_5800,2021-03-09 08:27:00,25,8,6,1,1,1,14,7,16,14,7,1,0,4.7113825352698795,1.9494680860740548,4.1048205805703635,0.24,0.16666666666666666,0.32,0.9751503473428996,0.44501433402424806,0
user_5801,2021-03-09 08:42:00,21,15,5,1,3,1,11,9,16,5,8,1,0,8.97065529717956,1.4712410197842436,8.608554896849254,0.23809523809523808,0.2,0.7142857142857143,0.8242519543238763,0.21629455038625583,0
user_5802,2021-03-09 08:57:00,19,9,3,1,2,0,10,12,6,7,10,1,0,5.410345459510667,4.652713255325473,7.544748370637479,0.15789473684210525,0.3333333333333333,0.47368421052631576,0.4597758567834829,0.9301527139095606,0
user_5803,2021-03-09 09:12:00,28,8,9,1,2,1,9,10,18,9,20,1,0,5.4848270673210875,0.9053240691142678,6.253299958002778,0.32142857142857145,0.1111111111111111,0.2857142857142857,0.18814024118510447,0.3116400143000286,0
user_5804,2021-03-09 09:27:00,23,13,3,1,1,0,17,12,19,5,9,1,0,2.6032917156975848,3.413297427070054,11.616616965279354,0.13043478260869565,0.3333333333333333,0.5652173913043478,0.9899970537608559,0.2383484605238999,1
user_5805,2021-03-09 09:42:00,20,11,4,3,4,0,11,8,5,10,15,1,0,6.292129675750434,2.9223277211453933,11.52221356375106,0.2,0.75,0.55,0.2692930692720741,0.5637742912313717,0
user_5806,2021-03-09 09:57:00,14,8,3,1,2,1,7,12,8,11,16,1,0,0.1714543574838604,2.726316365225585,7.930827760596722,0.21428571428571427,0.3333333333333333,0.5714285714285714,0.22471955006341315,0.38877762346028677,1
user_5807,2021-03-09 10:12:00,22,10,9,1,0,1,5,6,7,14,6,1,0,9.061728752440489,6.747672953121474,2.7267570867786124,0.4090909090909091,0.1111111111111111,0.45454545454545453,0.28781805219761925,0.27888877698690706,0
user_5808,2021-03-09 10:27:00,14,9,9,1,4,1,11,18,11,11,14,1,0,5.8709315256687225,5.490302981445631,7.442470481534786,0.6428571428571429,0.1111111111111111,0.6428571428571429,0.671701217967972,0.17526038953602907,0
user_5809,2021-03-09 10:42:00,13,13,5,0,2,1,11,16,6,5,9,1,0,9.862464045018854,7.850356090469555,5.227455323079296,0.38461538461538464,0.0,1.0,0.36699909452536217,0.27730253412985995,0
user_5810,2021-03-09 10:57:00,21,13,8,0,3,0,14,20,14,8,15,1,0,0.8952524975653803,5.752213195185582,11.158318200764754,0.38095238095238093,0.0,0.6190476190476191,0.7789487400477066,0.8876098806089965,0
user_5811,2021-03-09 11:12:00,18,10,3,2,0,0,19,12,12,18,17,1,0,9.568041934570653,5.306820306613689,7.072097370868598,0.16666666666666666,0.6666666666666666,0.5555555555555556,0.7801585015156249,0.9339473476320226,0
user_5812,2021-03-09 11:27:00,19,9,8,0,0,0,6,11,11,8,11,1,0,6.891721225471582,2.37376676565107,0.7649995064747785,0.42105263157894735,0.0,0.47368421052631576,0.2934987653580755,0.6311659129561483,1
user_5813,2021-03-09 11:42:00,16,17,3,2,1,0,7,18,13,16,10,1,0,9.82794514771389,7.2162544452583,1.838346737059319,0.1875,0.6666666666666666,1.0625,0.7733738957095687,0.38835660220199153,0
user_5814,2021-03-09 11:57:00,17,10,3,1,1,0,9,16,13,7,14,1,0,8.310038951064566,5.287786604899813,11.562000465031748,0.17647058823529413,0.3333333333333333,0.5882352941176471,0.40315714761019983,0.23771798014384932,0
user_5815,2021-03-09 12:12:00,22,9,4,2,2,1,12,17,8,20,20,1,0,7.540350930441574,0.8989088223084211,7.901379787732172,0.18181818181818182,0.5,0.4090909090909091,0.5281814251208395,0.6331174943533632,0
user_5816,2021-03-09 12:27:00,19,8,7,1,3,0,19,11,14,12,9,1,0,6.721154118111669,6.4231424099848935,3.4609445027077497,0.3684210526315789,0.14285714285714285,0.42105263157894735,0.5690716559932634,0.2508015912674742,1
user_5817,2021-03-09 12:42:00,16,11,9,0,5,1,9,9,20,16,12,1,0,3.2259090219586373,5.878068521877462,7.265722583195809,0.5625,0.0,0.6875,0.8162444600113428,0.620604873413937,0
user_5818,2021-03-09 12:57:00,22,15,8,2,0,1,14,20,14,20,15,1,0,6.8160079164178144,1.714729505115742,8.92271832098965,0.36363636363636365,0.25,0.6818181818181818,0.6641496754788384,0.5299225482051769,0
user_5819,2021-03-09 13:12:00,22,9,6,1,1,2,15,10,14,5,18,1,0,6.818541882642551,5.9472200046185355,11.852808585182297,0.2727272727272727,0.16666666666666666,0.4090909090909091,0.12077504857351623,0.6562693885090537,0
user_5820,2021-03-09 13:27:00,22,6,6,0,4,2,16,12,13,13,17,1,0,9.986221416851086,0.7090278166071228,3.9378686113357446,0.2727272727272727,0.0,0.2727272727272727,0.7044850069478839,0.17033039890340834,0
user_5821,2021-03-09 13:42:00,23,15,5,0,1,0,17,5,20,17,13,1,0,8.590480124307328,5.018215023661345,7.0947383509407,0.21739130434782608,0.0,0.6521739130434783,0.5318128332057525,0.2071030449743036,0
user_5822,2021-03-09 13:57:00,22,18,3,3,2,0,16,15,20,10,7,1,0,9.585255979349952,0.6385837955327669,0.894242318426886,0.13636363636363635,1.0,0.8181818181818182,0.8773413057196799,0.3846512343810391,0
user_5823,2021-03-09 14:12:00,16,11,8,1,3,0,15,9,14,12,18,1,0,0.11847307455681465,4.515484197550516,10.717569549877883,0.5,0.125,0.6875,0.9075955032157247,0.34511462568251305,0
user_5824,2021-03-09 14:27:00,9,9,4,2,3,0,20,5,14,19,5,1,0,6.470807064081907,7.701808013023315,2.2888951227969017,0.4444444444444444,0.5,1.0,0.8858123184622394,0.5134867407054446,0
user_5825,2021-03-09 14:42:00,19,5,6,3,0,0,12,7,17,16,5,1,0,7.973018854774584,6.645218098476102,9.1361027706485,0.3157894736842105,0.5,0.2631578947368421,0.7231751805264585,0.5142373089196206,0
user_5826,2021-03-09 14:57:00,20,14,6,2,3,0,15,13,8,8,20,1,0,0.753292460248112,5.639264218750808,5.881883058913362,0.3,0.3333333333333333,0.7,0.8902561437419501,0.5883510213292004,0
user_5827,2021-03-09 15:12:00,27,14,4,1,2,1,13,13,7,15,12,1,0,9.707532917942483,7.34969498095564,10.51577772936693,0.14814814814814814,0.25,0.5185185185185185,0.2954683069502285,0.12580732173396098,0
user_5828,2021-03-09 15:27:00,19,13,6,0,2,0,16,17,12,5,8,1,0,8.253083487125227,6.20158364772042,3.4425769619782502,0.3157894736842105,0.0,0.6842105263157895,0.7242562871010617,0.1996392791611476,0
user_5829,2021-03-09 15:42:00,19,11,6,1,3,0,16,15,15,17,15,1,0,0.8014894720255079,7.887150764635293,11.502874689254556,0.3157894736842105,0.16666666666666666,0.5789473684210527,0.6004183198066407,0.8721413515678081,0
user_5830,2021-03-09 15:57:00,19,7,8,1,3,0,8,14,8,16,8,1,0,6.558704801901882,1.2499916226012449,4.4099761623753935,0.42105263157894735,0.125,0.3684210526315789,0.43345814386110615,0.48682724405520705,0
user_5831,2021-03-09 16:12:00,12,13,5,0,0,1,14,7,15,10,7,1,0,5.571700793439359,1.2275887660309388,10.646650209924168,0.4166666666666667,0.0,1.0833333333333333,0.11021973240618031,0.6904579544802503,1
user_5832,2021-03-09 16:27:00,26,14,7,1,1,0,5,20,7,5,12,1,0,2.8752504168357516,2.140339196470429,11.492601951157463,0.2692307692307692,0.14285714285714285,0.5384615384615384,0.5431673895682152,0.7370612147400167,0
user_5833,2021-03-09 16:42:00,17,7,8,2,1,2,14,14,10,16,5,1,0,9.084218483417184,2.0910584207155396,9.429979976210852,0.47058823529411764,0.25,0.4117647058823529,0.9882888581366658,0.7726410490932012,0
user_5834,2021-03-09 16:57:00,23,6,7,1,3,1,11,16,11,16,16,1,0,8.96764794644191,6.084714020327409,7.67045436636391,0.30434782608695654,0.14285714285714285,0.2608695652173913,0.5996402588671635,0.6132069051384749,0
user_5835,2021-03-09 17:12:00,21,11,5,1,2,0,12,12,9,9,8,1,0,1.9409572985457748,5.665094303465406,6.551141250082452,0.23809523809523808,0.2,0.5238095238095238,0.6168543882983324,0.7368578167772087,0
user_5836,2021-03-09 17:27:00,25,15,9,1,1,0,9,18,6,10,20,1,0,3.573584182897776,4.4169586516314725,9.53077245493195,0.36,0.1111111111111111,0.6,0.4022695066328401,0.5076480999432675,0
user_5837,2021-03-09 17:42:00,15,6,3,1,2,1,9,16,17,5,18,1,0,3.076808044154577,2.0432523711686796,1.3317554302280703,0.2,0.3333333333333333,0.4,0.4257898197549622,0.9496933534429934,0
user_5838,2021-03-09 17:57:00,21,7,6,0,3,0,19,14,19,13,9,1,0,2.1924177906572186,1.4125342244066068,3.9579152485984275,0.2857142857142857,0.0,0.3333333333333333,0.5067882892299157,0.37812124563613225,0
user_5839,2021-03-09 18:12:00,22,11,6,0,1,1,6,20,14,8,11,1,0,2.335954913617701,1.07947474720635,2.3683902553432064,0.2727272727272727,0.0,0.5,0.29835700255496145,0.625723654870136,0
user_5840,2021-03-09 18:27:00,21,13,9,1,2,1,17,13,11,17,13,1,0,5.9469221984694345,4.0261235859786755,2.069259337033513,0.42857142857142855,0.1111111111111111,0.6190476190476191,0.783784587008378,0.9452167226820766,0
user_5841,2021-03-09 18:42:00,22,14,4,1,1,2,15,8,14,11,7,1,0,2.8568170184044606,3.5977594942333786,2.861437768981506,0.18181818181818182,0.25,0.6363636363636364,0.22962485336271968,0.3463286062266173,0
user_5842,2021-03-09 18:57:00,25,9,6,1,2,0,7,19,11,18,5,1,0,7.8929216442166545,0.72579586119703,10.266101814057192,0.24,0.16666666666666666,0.36,0.692948457805398,0.6259360216383579,0
user_5843,2021-03-09 19:12:00,33,12,7,0,3,0,19,14,10,10,17,1,0,6.511093885372315,2.872291452530166,4.98549182910394,0.21212121212121213,0.0,0.36363636363636365,0.7465922336508579,0.3887304740849902,0
user_5844,2021-03-09 19:27:00,19,11,8,1,2,0,10,16,15,17,12,1,0,3.7096741246127882,5.105265237464799,9.498823900583943,0.42105263157894735,0.125,0.5789473684210527,0.8541280007983518,0.39055635600043426,0
user_5845,2021-03-09 19:42:00,16,11,8,1,4,0,19,7,14,20,7,1,0,1.9242253382204424,1.6587008333713158,11.88651701909294,0.5,0.125,0.6875,0.9933908107178062,0.2685609510041178,0
user_5846,2021-03-09 19:57:00,21,12,8,2,3,0,8,11,7,5,9,1,0,7.5692053079719965,2.0658321344896833,8.212491141216834,0.38095238095238093,0.25,0.5714285714285714,0.7187085594610211,0.9453204334649051,0
user_5847,2021-03-09 20:12:00,29,11,7,0,2,0,7,8,15,13,15,1,0,2.0640323325923315,2.0685136953866863,7.2366252300367515,0.2413793103448276,0.0,0.3793103448275862,0.7938740234878207,0.6758062251863995,0
user_5848,2021-03-09 20:27:00,23,7,5,1,0,0,16,14,19,8,20,1,0,5.459672134620463,1.8425296987324602,2.710631190786717,0.21739130434782608,0.2,0.30434782608695654,0.7240771848394162,0.24017622210188744,0
user_5849,2021-03-09 20:42:00,22,6,3,0,2,1,6,12,13,16,8,1,0,3.3839603653471,3.3883802315297973,3.252248351222543,0.13636363636363635,0.0,0.2727272727272727,0.6239511540918999,0.1932417578877332,1
user_5850,2021-03-09 20:57:00,15,8,3,1,3,0,13,16,7,20,14,1,0,9.04788051121487,1.659371141671717,2.653622339513927,0.2,0.3333333333333333,0.5333333333333333,0.4427594236407426,0.7058381128497653,0
user_5851,2021-03-09 21:12:00,23,9,5,1,3,0,15,14,11,12,15,1,0,9.334480571248386,2.4112838283938163,11.518905816553168,0.21739130434782608,0.2,0.391304347826087,0.9891449880226167,0.9662870864893307,0
user_5852,2021-03-09 21:27:00,26,13,3,1,2,1,6,16,20,18,11,1,0,6.152717861502191,7.357102398031666,9.882362178859546,0.11538461538461539,0.3333333333333333,0.5,0.4485220121612019,0.890712276459636,0
user_5853,2021-03-09 21:42:00,25,10,3,1,3,0,6,10,16,19,19,1,0,9.892211335593904,6.1022865681254554,0.9685391972247887,0.12,0.3333333333333333,0.4,0.921024168180429,0.2677123225981315,0
user_5854,2021-03-09 21:57:00,27,12,7,1,1,0,17,14,11,7,13,1,0,5.762675197717217,0.7313155982433273,5.5102891146058015,0.25925925925925924,0.14285714285714285,0.4444444444444444,0.8630600922504938,0.7016730818475032,0
user_5855,2021-03-09 22:12:00,23,10,7,0,3,1,9,16,6,17,19,1,0,7.249489037517898,5.695599912217546,6.351440961162616,0.30434782608695654,0.0,0.43478260869565216,0.19328727428386286,0.6001891732338461,0
user_5856,2021-03-09 22:27:00,21,14,4,1,2,0,5,5,18,5,13,1,0,3.355503353430544,4.51938098448347,9.144819646772174,0.19047619047619047,0.25,0.6666666666666666,0.5780551541705091,0.7682259166963163,0
user_5857,2021-03-09 22:42:00,24,14,8,1,2,2,9,16,14,5,12,1,0,9.906603333293061,3.1577491671012035,9.25883744491978,0.3333333333333333,0.125,0.5833333333333334,0.5623437309019067,0.6281611920345791,0
user_5858,2021-03-09 22:57:00,18,18,6,2,4,1,12,18,20,13,9,1,0,2.8715532102385257,5.590708525481104,5.769492848402101,0.3333333333333333,0.3333333333333333,1.0,0.8459492192593817,0.7054455125994366,0
user_5859,2021-03-09 23:12:00,28,8,5,0,1,1,18,5,5,6,9,1,0,8.930768884103705,1.4780671600939879,8.116795571061644,0.17857142857142858,0.0,0.2857142857142857,0.9177214336113542,0.8417975186545634,0
user_5860,2021-03-09 23:27:00,16,6,8,2,3,1,19,6,13,8,10,1,0,1.004715463141698,3.418681789172655,4.290067284703457,0.5,0.25,0.375,0.28392952164373386,0.44275198379314706,1
user_5861,2021-03-09 23:42:00,27,9,5,1,4,0,8,6,12,8,6,1,0,8.710220616608185,7.994527036682884,3.6435133191828424,0.18518518518518517,0.2,0.3333333333333333,0.45687856252281045,0.7854592093238273,0
user_5862,2021-03-09 23:57:00,19,13,3,0,2,0,18,9,11,6,10,1,0,5.2398379988235915,7.552800705186692,8.508885540770395,0.15789473684210525,0.0,0.6842105263157895,0.8689983368125818,0.5387920807909459,0
user_5863,2021-03-10 00:12:00,15,10,8,0,3,0,20,14,10,7,9,2,0,8.714017153069356,5.6663792627358776,11.630138708559803,0.5333333333333333,0.0,0.6666666666666666,0.6502072478654384,0.35182229113958874,0
user_5864,2021-03-10 00:27:00,18,8,6,1,2,1,16,9,8,5,14,2,0,6.5660134931601135,6.338332264970548,0.8301938374421534,0.3333333333333333,0.16666666666666666,0.4444444444444444,0.4174982831263049,0.25910461713689475,0
user_5865,2021-03-10 00:42:00,12,10,8,0,2,0,17,15,6,9,18,2,0,8.403323900608676,5.264953832424897,10.39881447992428,0.6666666666666666,0.0,0.8333333333333334,0.9030113453356974,0.11660455087320172,0
user_5866,2021-03-10 00:57:00,24,7,5,1,0,2,17,13,12,20,17,2,0,3.542190282152453,3.480315662775596,8.378091483817325,0.20833333333333334,0.2,0.2916666666666667,0.5572600727635935,0.11302989561697521,0
user_5867,2021-03-10 01:12:00,33,13,6,1,1,0,10,11,8,6,20,2,0,2.8763268851001347,5.381723892604167,3.6896171844785446,0.18181818181818182,0.16666666666666666,0.3939393939393939,0.33448254727068927,0.4056511321580487,0
user_5868,2021-03-10 01:27:00,18,7,6,2,3,1,19,9,7,5,17,2,0,5.316662282568063,7.977422638561658,2.6266797637653063,0.3333333333333333,0.3333333333333333,0.3888888888888889,0.7736346930404684,0.8138165209865414,0
user_5869,2021-03-10 01:42:00,19,17,3,1,0,0,17,18,7,17,7,2,0,4.109425021759013,6.129893252280198,10.276380976883337,0.15789473684210525,0.3333333333333333,0.8947368421052632,0.561268387917933,0.1001206063272433,0
user_5870,2021-03-10 01:57:00,18,12,1,0,0,0,5,15,20,19,11,2,0,3.3368145623587893,5.423365532427162,6.006470353423666,0.05555555555555555,0.0,0.6666666666666666,0.5364885715424553,0.30841310586469084,0
user_5871,2021-03-10 02:12:00,15,7,16,1,2,0,9,18,12,11,11,2,0,4.927182494981955,4.09456260005106,6.232931456844402,1.0666666666666667,0.0625,0.4666666666666667,0.3565883228654174,0.32534389424331434,0
user_5872,2021-03-10 02:27:00,19,17,5,2,2,0,8,10,15,17,9,2,0,3.2466915362683513,1.8374696503714394,8.180217367060905,0.2631578947368421,0.4,0.8947368421052632,0.4431484855029091,0.9026771137648001,0
user_5873,2021-03-10 02:42:00,18,8,5,1,0,0,11,20,16,20,9,2,0,3.152856881933355,4.094848720318778,1.3411222691075222,0.2777777777777778,0.2,0.4444444444444444,0.9370550217831366,0.16450745455656024,0
user_5874,2021-03-10 02:57:00,18,10,4,0,0,0,19,8,12,12,9,2,0,5.736341159279908,5.0430175572721305,2.934853548382077,0.2222222222222222,0.0,0.5555555555555556,0.8253977050426247,0.38117552669432375,0
user_5875,2021-03-10 03:12:00,14,10,4,0,0,2,10,5,7,14,16,2,0,0.7875805001559371,1.894825970714664,4.300963679397745,0.2857142857142857,0.0,0.7142857142857143,0.539355048298127,0.9447440099890754,1
user_5876,2021-03-10 03:27:00,13,16,8,1,3,1,20,8,9,5,6,2,0,7.78607589266678,1.8612672953179101,7.561160263552406,0.6153846153846154,0.125,1.2307692307692308,0.1268364888956631,0.2547508134373242,0
user_5877,2021-03-10 03:42:00,21,14,8,1,2,1,8,10,15,9,11,2,0,9.753559013840317,7.51213744694625,10.916750543146335,0.38095238095238093,0.125,0.6666666666666666,0.7144730485403991,0.737862793388439,0
user_5878,2021-03-10 03:57:00,21,12,8,2,2,0,17,17,11,5,16,2,0,6.166321910809412,4.296324733958419,3.1426437393640114,0.38095238095238093,0.25,0.5714285714285714,0.6371535308463546,0.40600712007702633,0
user_5879,2021-03-10 04:12:00,24,7,11,0,1,0,8,13,8,9,7,2,0,4.400091431319147,7.876248733049114,4.746720497928768,0.4583333333333333,0.0,0.2916666666666667,0.34326909844808684,0.5095960065987137,0
user_5880,2021-03-10 04:27:00,28,14,8,3,1,1,15,11,9,6,9,2,0,2.021543499871462,5.162629703964241,1.7220762888090988,0.2857142857142857,0.375,0.5,0.7361144846233009,0.1926852333253732,0
user_5881,2021-03-10 04:42:00,20,15,3,1,0,0,7,18,5,12,5,2,0,0.8875629767589253,3.4177334448316663,2.41605230812988,0.15,0.3333333333333333,0.75,0.9252871778430876,0.5024231866305348,0
user_5882,2021-03-10 04:57:00,19,10,8,1,3,1,8,7,18,12,16,2,0,2.960787914577501,5.053865491539918,2.4338051240738094,0.42105263157894735,0.125,0.5263157894736842,0.8734668392964975,0.9139838127778764,0
user_5883,2021-03-10 05:12:00,16,7,12,0,2,2,16,7,11,18,6,2,0,5.272313042229024,7.7010963556591125,7.8470509060645135,0.75,0.0,0.4375,0.8450834955500249,0.9174888888683075,0
user_5884,2021-03-10 05:27:00,30,8,6,1,3,2,15,13,5,20,20,2,0,4.964088252300473,2.808123702801403,8.171880876147426,0.2,0.16666666666666666,0.26666666666666666,0.8452281439328942,0.9392426982974525,0
user_5885,2021-03-10 05:42:00,27,7,3,0,2,0,6,11,15,15,18,2,0,7.037935990310206,2.1032284870734106,1.0770451652349635,0.1111111111111111,0.0,0.25925925925925924,0.12128690394367787,0.7684903467305869,0
user_5886,2021-03-10 05:57:00,21,11,5,0,3,0,18,14,13,11,10,2,0,1.3514641340904954,3.0330247346190395,7.331269964562324,0.23809523809523808,0.0,0.5238095238095238,0.21522132379042172,0.6465860973986742,0
user_5887,2021-03-10 06:12:00,22,8,4,2,2,1,15,10,8,18,14,2,0,7.230565718152923,5.121511460108932,9.774351226063116,0.18181818181818182,0.5,0.36363636363636365,0.7365192690298306,0.8060803306194962,0
user_5888,2021-03-10 06:27:00,15,11,4,1,1,2,7,14,19,7,10,2,0,6.488820714772348,7.932454286590512,10.731073770490012,0.26666666666666666,0.25,0.7333333333333333,0.9993678145499815,0.6057602541661564,0
user_5889,2021-03-10 06:42:00,18,11,3,0,3,0,8,16,10,13,20,2,0,3.3547345542022398,4.315793783675609,3.5681616714670046,0.16666666666666666,0.0,0.6111111111111112,0.1627660068924014,0.872567006274903,0
user_5890,2021-03-10 06:57:00,25,11,8,1,2,0,15,6,16,11,11,2,0,8.932789310142427,1.7663196640137768,1.482777189162999,0.32,0.125,0.44,0.5867363508793064,0.8454372287220083,0
user_5891,2021-03-10 07:12:00,18,3,9,0,1,0,14,6,11,20,8,2,0,4.6243325744307215,4.607657981806541,11.539855108356374,0.5,0.0,0.16666666666666666,0.6908872548171637,0.9750862727989705,0
user_5892,2021-03-10 07:27:00,20,12,5,2,3,1,15,6,5,16,8,2,0,0.10122074181892948,2.868050271860191,10.828340043141907,0.25,0.4,0.6,0.4905027078963443,0.8567753124569015,0
user_5893,2021-03-10 07:42:00,15,15,5,0,3,1,18,13,7,19,7,2,0,7.812315162825415,7.041919222661036,2.4776897735581818,0.3333333333333333,0.0,1.0,0.6035220301606586,0.9786011235260892,0
user_5894,2021-03-10 07:57:00,18,7,3,2,2,0,10,17,8,10,12,2,0,6.896572277561372,4.153058006431414,9.532796854953286,0.16666666666666666,0.6666666666666666,0.3888888888888889,0.7540678361601677,0.894925899932868,1
user_5895,2021-03-10 08:12:00,21,14,6,1,4,0,6,8,16,16,14,2,0,6.780604410918416,4.275616687256179,3.564508502019128,0.2857142857142857,0.16666666666666666,0.6666666666666666,0.5852848782963195,0.3140667526401689,0
user_5896,2021-03-10 08:27:00,20,10,6,1,1,0,10,9,6,16,20,2,0,9.969528807232864,5.520177509815123,11.077117976295854,0.3,0.16666666666666666,0.5,0.634755280104218,0.9737797188766321,0
user_5897,2021-03-10 08:42:00,27,7,3,1,1,0,9,20,15,10,20,2,0,5.649376118982709,5.5628081282692525,10.131698406001929,0.1111111111111111,0.3333333333333333,0.25925925925925924,0.4636982973952505,0.2965794227692436,0
user_5898,2021-03-10 08:57:00,20,8,5,1,1,1,5,20,7,11,10,2,0,1.3508756455812874,6.761791811950818,3.2142734469325434,0.25,0.2,0.4,0.37101752445027314,0.5039167883636536,0
user_5899,2021-03-10 09:12:00,15,18,4,1,1,1,16,20,15,8,15,2,0,8.9264876576207,5.484341848299905,9.22961448243789,0.26666666666666666,0.25,1.2,0.5639510591767587,0.10953428471177247,0
user_5900,2021-03-10 09:27:00,19,12,10,2,4,2,6,14,12,17,13,2,0,1.0737274664432408,2.9222196479709783,2.4732281187287883,0.5263157894736842,0.2,0.631578947368421,0.1271158261933512,0.629826555235195,0
user_5901,2021-03-10 09:42:00,20,10,9,0,3,1,17,9,19,8,7,2,0,7.726669788493615,7.743567558564704,9.797803848106343,0.45,0.0,0.5,0.5196194674369119,0.22596811661769042,0
user_5902,2021-03-10 09:57:00,13,12,8,0,2,1,11,9,15,8,7,2,0,4.449550471681785,1.4550896585178326,7.5046179466196,0.6153846153846154,0.0,0.9230769230769231,0.8775957774429933,0.19375726500093143,0
user_5903,2021-03-10 10:12:00,29,9,5,1,4,2,19,14,18,7,20,2,0,4.132266965171939,4.081094833882351,4.378864066113619,0.1724137931034483,0.2,0.3103448275862069,0.9685867285156962,0.8332408973222083,0
user_5904,2021-03-10 10:27:00,21,11,6,1,3,0,8,12,5,8,6,2,0,1.6828407594450872,3.1031769181384115,7.205715791022023,0.2857142857142857,0.16666666666666666,0.5238095238095238,0.8445261127545713,0.10478075757380913,0
user_5905,2021-03-10 10:42:00,29,7,3,1,4,0,5,13,9,15,11,2,0,2.9332965212909756,3.8098982212233374,5.805588814317063,0.10344827586206896,0.3333333333333333,0.2413793103448276,0.49085934792669395,0.8115685084220283,0
user_5906,2021-03-10 10:57:00,16,8,6,0,1,0,14,8,5,10,13,2,0,4.454685167986997,1.6124604853079574,11.091817866448803,0.375,0.0,0.5,0.7575190429453862,0.4303082384725556,0
user_5907,2021-03-10 11:12:00,27,6,5,0,3,0,14,6,18,20,14,2,0,5.98213395181588,7.689264982178879,0.9355727267740945,0.18518518518518517,0.0,0.2222222222222222,0.561884100814546,0.20651792326339072,0
user_5908,2021-03-10 11:27:00,21,6,4,0,2,0,18,17,5,12,11,2,0,5.309194527435695,0.7352757353654717,1.6569186584414914,0.19047619047619047,0.0,0.2857142857142857,0.3297208670093262,0.7298044720189282,0
user_5909,2021-03-10 11:42:00,21,9,6,2,2,0,18,19,13,13,7,2,0,8.198097143874632,3.380068074884156,8.989649261008985,0.2857142857142857,0.3333333333333333,0.42857142857142855,0.16561411410037774,0.5664105940978862,1
user_5910,2021-03-10 11:57:00,16,10,5,0,2,2,16,14,8,6,12,2,0,3.3264614562697923,5.256727796982517,1.1825195488498685,0.3125,0.0,0.625,0.6514777405462273,0.8932305035610721,1
user_5911,2021-03-10 12:12:00,24,13,9,0,4,2,14,14,18,18,6,2,0,7.00169757336003,6.04288462449591,5.475786975301663,0.375,0.0,0.5416666666666666,0.3564939652853417,0.6515574510938935,0
user_5912,2021-03-10 12:27:00,20,8,7,0,2,0,20,5,18,20,16,2,0,0.49835296977064325,7.122478369901224,6.969856149056019,0.35,0.0,0.4,0.648939400602155,0.8521856571138013,0
user_5913,2021-03-10 12:42:00,14,9,6,2,1,0,20,17,16,16,12,2,0,5.5978308577369,0.9969956736569615,0.968233259676669,0.42857142857142855,0.3333333333333333,0.6428571428571429,0.4847535988770659,0.4386051186144412,0
user_5914,2021-03-10 12:57:00,18,10,7,0,1,2,16,13,7,10,20,2,0,7.345044983675101,3.220654000180425,6.698446935061595,0.3888888888888889,0.0,0.5555555555555556,0.6628307437710863,0.46825118794718923,0
user_5915,2021-03-10 13:12:00,25,10,4,1,2,1,16,7,13,6,9,2,0,7.343061331678139,4.433784473229816,4.719203159532645,0.16,0.25,0.4,0.2632725844627227,0.8840595817085508,0
user_5916,2021-03-10 13:27:00,25,11,8,1,2,1,13,12,13,6,18,2,0,6.971052745362369,7.274806549625324,2.099679902027706,0.32,0.125,0.44,0.565562825797136,0.5224985895585804,0
user_5917,2021-03-10 13:42:00,19,8,9,0,1,0,17,8,14,11,12,2,0,2.992457402493083,5.89888996960512,4.930009989884154,0.47368421052631576,0.0,0.42105263157894735,0.5830891175558435,0.6318424811682181,0
user_5918,2021-03-10 13:57:00,16,15,3,1,7,1,6,6,9,10,9,2,0,8.426048405504847,1.0794459848930655,2.3698430517984193,0.1875,0.3333333333333333,0.9375,0.8498581916495012,0.18819501672794348,0
user_5919,2021-03-10 14:12:00,25,14,7,0,0,0,10,6,19,19,18,2,0,8.679257512395017,2.738745072646867,2.231844652856739,0.28,0.0,0.56,0.3077784111730997,0.899561652216129,1
user_5920,2021-03-10 14:27:00,23,12,9,1,0,1,15,13,14,13,9,2,0,9.964341233371261,1.7883206437340444,6.110128124325217,0.391304347826087,0.1111111111111111,0.5217391304347826,0.560021787206933,0.6996429090443601,0
user_5921,2021-03-10 14:42:00,20,10,5,1,3,0,9,20,20,9,9,2,0,2.5853466132036873,3.5436472686000076,3.4209734824908806,0.25,0.2,0.5,0.925381635778783,0.9973432981634871,0
user_5922,2021-03-10 14:57:00,26,10,6,0,0,0,20,8,12,13,20,2,0,2.150079673622055,7.430671073044971,6.456274232818152,0.23076923076923078,0.0,0.38461538461538464,0.3913576325608902,0.8637697250018677,0
user_5923,2021-03-10 15:12:00,24,5,8,0,2,1,13,13,12,16,20,2,0,8.181712013297643,3.5991320727448586,7.7690292841007995,0.3333333333333333,0.0,0.20833333333333334,0.43256907917357956,0.3710860453051317,0
user_5924,2021-03-10 15:27:00,29,13,6,1,2,0,16,18,15,11,13,2,0,9.012837134093727,3.3868155131854025,11.589461244825324,0.20689655172413793,0.16666666666666666,0.4482758620689655,0.216097095526272,0.1526062174721536,0
user_5925,2021-03-10 15:42:00,19,9,5,1,3,1,13,6,8,17,6,2,0,5.41004305603741,4.184700096602765,7.51705806487537,0.2631578947368421,0.2,0.47368421052631576,0.5036292658407246,0.8528312101734854,0
user_5926,2021-03-10 15:57:00,24,8,8,1,1,1,12,9,19,10,18,2,0,5.8291466952091415,0.6900452099867945,2.843673331635347,0.3333333333333333,0.125,0.3333333333333333,0.2943546678993922,0.1906611435069706,0
user_5927,2021-03-10 16:12:00,16,11,11,1,2,0,19,20,18,7,17,2,0,3.9620045821777197,5.514419955069246,10.037506668833185,0.6875,0.09090909090909091,0.6875,0.9225381338362763,0.7041937594031326,0
user_5928,2021-03-10 16:27:00,14,5,7,3,2,2,8,9,19,12,12,2,0,5.905769098925833,3.603076976122213,10.782574049902015,0.5,0.42857142857142855,0.35714285714285715,0.6746564436158872,0.5213620544657389,0
user_5929,2021-03-10 16:42:00,18,9,9,0,5,1,12,18,20,14,9,2,0,3.1152660544104505,6.677966119868981,5.053278332051127,0.5,0.0,0.5,0.5431329473994255,0.8235207233756056,0
user_5930,2021-03-10 16:57:00,16,5,11,0,3,0,18,15,11,6,6,2,0,9.688209409514084,2.4375074977181006,7.52184833947554,0.6875,0.0,0.3125,0.4080342968002635,0.7221194157167146,0
user_5931,2021-03-10 17:12:00,19,10,4,0,2,1,11,14,18,16,6,2,0,0.5505172908827565,6.581328592581941,10.103995917586833,0.21052631578947367,0.0,0.5263157894736842,0.2264806942274486,0.7887953733942079,0
user_5932,2021-03-10 17:27:00,19,8,6,1,2,0,18,8,11,5,8,2,0,9.192863987083191,3.900429441219243,1.0778126197795346,0.3157894736842105,0.16666666666666666,0.42105263157894735,0.4980965640632826,0.7558436515945374,0
user_5933,2021-03-10 17:42:00,23,13,10,1,3,0,11,6,19,13,16,2,0,0.3192861050305493,1.968161850282472,9.973393894074352,0.43478260869565216,0.1,0.5652173913043478,0.1404674633675083,0.5881478475795259,0
user_5934,2021-03-10 17:57:00,18,5,3,0,2,0,9,8,14,15,16,2,0,4.4676289905588655,4.106327900243874,0.6759446095339453,0.16666666666666666,0.0,0.2777777777777778,0.2327403133943005,0.2628162097362571,0
user_5935,2021-03-10 18:12:00,18,11,5,0,2,1,11,11,5,6,17,2,0,2.1472888615040553,4.810793563769259,6.381310888094335,0.2777777777777778,0.0,0.6111111111111112,0.8362242439172403,0.40394803317971406,0
user_5936,2021-03-10 18:27:00,29,5,7,2,1,0,11,15,13,20,13,2,0,2.8886033365183184,1.1012374318206537,1.00794867102509,0.2413793103448276,0.2857142857142857,0.1724137931034483,0.9335604646410489,0.728399566458467,0
user_5937,2021-03-10 18:42:00,13,9,5,1,1,0,19,7,9,8,13,2,0,1.9636715052202591,4.723564751699874,4.073162218325486,0.38461538461538464,0.2,0.6923076923076923,0.2430730371391609,0.565184323361713,0
user_5938,2021-03-10 18:57:00,16,10,11,2,2,1,18,12,11,14,7,2,0,4.779473908151383,0.13206867157505695,8.77350256328289,0.6875,0.18181818181818182,0.625,0.37679631014960535,0.4139460136377655,0
user_5939,2021-03-10 19:12:00,13,5,5,1,3,0,16,16,13,6,9,2,0,6.797747953929248,3.855660133954532,6.778619775919483,0.38461538461538464,0.2,0.38461538461538464,0.43167257363770806,0.36747154008873373,0
user_5940,2021-03-10 19:27:00,22,6,13,0,0,1,6,16,18,6,6,2,0,1.973494968789905,6.69625763343978,10.694599201602147,0.5909090909090909,0.0,0.2727272727272727,0.15907844247064978,0.1766753223616545,0
user_5941,2021-03-10 19:42:00,16,8,7,2,3,1,20,10,19,19,12,2,0,6.744214643806589,3.2225511635349986,1.3063277620341638,0.4375,0.2857142857142857,0.5,0.710491669439661,0.867091017811196,0
user_5942,2021-03-10 19:57:00,16,5,7,0,1,0,9,18,16,6,14,2,0,3.325359845955768,4.6352375574802425,8.637718599991924,0.4375,0.0,0.3125,0.7111819655411618,0.7138498422847088,0
user_5943,2021-03-10 20:12:00,20,12,5,0,1,0,10,13,19,13,9,2,0,4.114290854353407,7.509815550084977,11.113031071605405,0.25,0.0,0.6,0.4635280735475915,0.12802534287070738,0
user_5944,2021-03-10 20:27:00,17,8,5,0,3,0,16,20,16,15,9,2,0,7.009648679839975,0.8942165457063386,4.799894197067471,0.29411764705882354,0.0,0.47058823529411764,0.2966827162210326,0.72022607580215,1
user_5945,2021-03-10 20:42:00,23,9,4,0,3,1,9,13,10,10,19,2,0,4.021731298829769,7.019557968413253,10.292571730386852,0.17391304347826086,0.0,0.391304347826087,0.8020239281021538,0.5067302234959425,0
user_5946,2021-03-10 20:57:00,14,11,4,0,2,0,8,16,20,16,9,2,0,8.905700937103047,0.9780502529033666,7.085214452382334,0.2857142857142857,0.0,0.7857142857142857,0.7116373255630896,0.918829384834728,0
user_5947,2021-03-10 21:12:00,18,4,12,1,5,1,14,18,12,15,10,2,0,2.8790360986602344,6.7413767312687405,11.447303137544449,0.6666666666666666,0.08333333333333333,0.2222222222222222,0.2781602475172803,0.3591818337284569,0
user_5948,2021-03-10 21:27:00,17,6,6,2,5,0,18,20,15,9,6,2,0,2.9921423102534708,4.887988519978713,1.0572753489496372,0.35294117647058826,0.3333333333333333,0.35294117647058826,0.5760810300403251,0.8902244984524053,0
user_5949,2021-03-10 21:42:00,22,7,4,2,3,0,5,13,19,10,9,2,0,5.563383969674721,7.8436946058851245,10.39353084060388,0.18181818181818182,0.5,0.3181818181818182,0.41728325068758787,0.924269840787485,0
user_5950,2021-03-10 21:57:00,25,6,7,0,1,0,5,9,19,16,9,2,0,4.059737466668462,3.5739076345683163,7.327993414238247,0.28,0.0,0.24,0.7789379358221162,0.19204511170061545,0
user_5951,2021-03-10 22:12:00,15,11,5,2,3,0,5,15,8,12,9,2,0,6.82345671423422,6.669013988697953,2.7387292175606968,0.3333333333333333,0.4,0.7333333333333333,0.278916743786099,0.8502419548102991,0
user_5952,2021-03-10 22:27:00,24,16,9,0,4,1,8,8,5,10,9,2,0,9.789183546262237,4.825847982073989,1.1540608497259843,0.375,0.0,0.6666666666666666,0.34749480886654516,0.44786489732285506,0
user_5953,2021-03-10 22:42:00,21,9,6,2,1,0,11,11,20,11,16,2,0,3.0687533082220426,4.109027893866874,5.5449228792692535,0.2857142857142857,0.3333333333333333,0.42857142857142855,0.8188689448433184,0.3645355487490072,0
user_5954,2021-03-10 22:57:00,20,18,3,2,3,1,15,16,20,16,16,2,0,8.09059249084727,5.965335447233106,1.93029028901537,0.15,0.6666666666666666,0.9,0.2689679047873511,0.11792748295385615,0
user_5955,2021-03-10 23:12:00,22,8,3,1,3,2,16,9,7,5,15,2,0,3.134752938477955,6.228646951449005,6.743596078323582,0.13636363636363635,0.3333333333333333,0.36363636363636365,0.8063724838858711,0.29162635557921796,0
user_5956,2021-03-10 23:27:00,18,7,6,1,2,0,14,13,10,14,6,2,0,9.387801866455609,2.7977702657780887,5.8686711742087745,0.3333333333333333,0.16666666666666666,0.3888888888888889,0.8906704742650244,0.757601300268735,0
user_5957,2021-03-10 23:42:00,16,12,7,0,1,0,11,16,7,12,17,2,0,3.0128792146621075,6.497304517603735,6.304788803528835,0.4375,0.0,0.75,0.38963862772137503,0.10661366144225923,0
user_5958,2021-03-10 23:57:00,17,11,8,0,2,1,15,13,8,19,8,2,0,3.1999912717303847,5.579283424195929,2.124327212640462,0.47058823529411764,0.0,0.6470588235294118,0.47504921787025167,0.9105064322822974,1
user_5959,2021-03-11 00:12:00,16,9,4,2,2,0,17,14,13,13,20,3,0,0.7093448323264617,5.786625606483331,4.269735761962591,0.25,0.5,0.5625,0.21930490719715323,0.9460818619859662,0
user_5960,2021-03-11 00:27:00,26,12,5,0,1,0,11,16,13,9,5,3,0,7.4126926652185015,7.917009160082705,0.9271091356230896,0.19230769230769232,0.0,0.46153846153846156,0.6501085228579622,0.5213123727270522,0
user_5961,2021-03-11 00:42:00,19,9,3,0,1,0,16,6,17,19,15,3,0,3.7553149579494707,6.380252107957859,7.454814097429539,0.15789473684210525,0.0,0.47368421052631576,0.7607752748283791,0.10815137588178775,0
user_5962,2021-03-11 00:57:00,21,11,3,1,0,1,13,16,19,7,5,3,0,6.895338290842369,2.012749034132301,8.828410686537234,0.14285714285714285,0.3333333333333333,0.5238095238095238,0.8232351431040511,0.9802907445673019,0
user_5963,2021-03-11 01:12:00,15,10,3,0,3,1,14,8,16,14,10,3,0,1.3906937450819126,2.259774374542737,5.1449090884374105,0.2,0.0,0.6666666666666666,0.5170336121976694,0.29335273633953063,1
user_5964,2021-03-11 01:27:00,18,13,4,2,1,1,7,20,6,13,8,3,0,4.932471573221792,5.797081504925688,7.226459751284231,0.2222222222222222,0.5,0.7222222222222222,0.19836794814878872,0.5327920145333962,0
user_5965,2021-03-11 01:42:00,20,10,3,0,3,0,16,19,5,15,14,3,0,0.8324605290205038,3.5482970812853805,4.734954688340007,0.15,0.0,0.5,0.4781030081072415,0.9075049641507202,0
user_5966,2021-03-11 01:57:00,18,13,5,0,2,0,18,8,6,9,14,3,0,2.788482623668887,0.9698701113975582,6.357835647802109,0.2777777777777778,0.0,0.7222222222222222,0.8168916024536638,0.6158669194108132,0
user_5967,2021-03-11 02:12:00,20,8,2,1,0,0,15,19,13,7,18,3,0,1.4234198709748362,2.392511959986683,9.226592891506325,0.1,0.5,0.4,0.28419978802551554,0.771823162370463,0
user_5968,2021-03-11 02:27:00,10,17,3,2,3,0,19,11,13,20,20,3,0,1.7411171292985534,7.067767483150117,7.665732623895575,0.3,0.6666666666666666,1.7,0.9223741811048434,0.729631116332534,0
user_5969,2021-03-11 02:42:00,18,14,8,1,3,1,13,17,12,11,12,3,0,7.954523481506051,6.273638326676821,6.969393430644,0.4444444444444444,0.125,0.7777777777777778,0.9163974668838911,0.32899748701688375,0
user_5970,2021-03-11 02:57:00,27,7,8,1,1,1,6,8,9,11,5,3,0,2.128047572622132,5.7868767443953155,3.1835189560356034,0.2962962962962963,0.125,0.25925925925925924,0.16545374766725046,0.6426988167716463,0
user_5971,2021-03-11 03:12:00,16,8,7,1,1,1,20,19,19,10,12,3,0,3.977972397461074,0.8291158299640984,2.0988913854163154,0.4375,0.14285714285714285,0.5,0.29456696218348777,0.7670095560430138,1
user_5972,2021-03-11 03:27:00,21,15,10,1,0,1,15,10,10,11,13,3,0,0.7277299250027768,2.494196688100149,4.090265712206167,0.47619047619047616,0.1,0.7142857142857143,0.2837512248807388,0.11129317619502582,0
user_5973,2021-03-11 03:42:00,20,10,8,1,3,1,10,6,17,9,11,3,0,0.7832796552656786,5.114732598916014,2.5880618609484105,0.4,0.125,0.5,0.8964026355469943,0.18865340146623233,0
user_5974,2021-03-11 03:57:00,26,10,8,0,1,2,9,5,9,13,7,3,0,7.020119645778037,3.784630602139462,11.490847538276888,0.3076923076923077,0.0,0.38461538461538464,0.31808016596156075,0.1858941871082928,0
user_5975,2021-03-11 04:12:00,23,11,7,1,1,1,5,9,15,14,13,3,0,3.3362797807426996,7.0344574671639695,2.229641441079538,0.30434782608695654,0.14285714285714285,0.4782608695652174,0.9976679401634226,0.19609060842741466,0
user_5976,2021-03-11 04:27:00,17,11,7,1,1,1,18,16,6,20,15,3,0,9.488607177653904,1.5340731606968974,5.14463689300087,0.4117647058823529,0.14285714285714285,0.6470588235294118,0.9670577966009445,0.836301172753695,0
user_5977,2021-03-11 04:42:00,17,5,2,2,1,0,19,16,18,5,16,3,0,5.583172299576126,4.870488303859145,9.98928198172146,0.11764705882352941,1.0,0.29411764705882354,0.2627234909001983,0.7508961280734014,0
user_5978,2021-03-11 04:57:00,22,14,11,1,2,2,19,18,20,8,17,3,0,7.983481348105105,7.448304582041938,2.168372722676902,0.5,0.09090909090909091,0.6363636363636364,0.48247011225354586,0.8835084672171853,0
user_5979,2021-03-11 05:12:00,23,14,5,2,2,0,15,9,6,6,10,3,0,6.920205272278653,1.3543390229765384,3.6669566757752032,0.21739130434782608,0.4,0.6086956521739131,0.36728457939344794,0.4997856205735013,0
user_5980,2021-03-11 05:27:00,25,7,4,0,1,2,16,15,5,11,15,3,0,1.6030894859851559,1.8021124902088121,10.481501357791016,0.16,0.0,0.28,0.8389154009063524,0.3736594778692244,0
user_5981,2021-03-11 05:42:00,15,10,6,0,3,0,18,5,5,18,19,3,0,4.981312998252827,0.10548398917608748,3.4882726586327113,0.4,0.0,0.6666666666666666,0.42854964541953744,0.8449547120625863,0
user_5982,2021-03-11 05:57:00,23,10,6,2,1,0,13,10,12,8,16,3,0,6.117261230616861,7.662608065506921,8.441245219777846,0.2608695652173913,0.3333333333333333,0.43478260869565216,0.7692022345301005,0.9581492097014895,0
user_5983,2021-03-11 06:12:00,13,8,8,1,1,1,8,18,13,17,7,3,0,3.8360542014998864,3.086020868344475,7.060526570774232,0.6153846153846154,0.125,0.6153846153846154,0.28570172685947387,0.7256877136650717,0
user_5984,2021-03-11 06:27:00,21,18,8,0,2,0,18,10,11,20,10,3,0,6.817002877920827,0.32581815421283244,5.702185413124096,0.38095238095238093,0.0,0.8571428571428571,0.5435031976720873,0.501960848289176,1
user_5985,2021-03-11 06:42:00,29,7,10,2,2,1,12,18,15,9,15,3,0,4.860185517721407,3.647789232006915,2.9443529203767724,0.3448275862068966,0.2,0.2413793103448276,0.5289063124407231,0.43000561579748053,1
user_5986,2021-03-11 06:57:00,17,11,10,1,3,0,9,8,9,11,8,3,0,5.803239390308656,7.676682144428906,10.01145992362855,0.5882352941176471,0.1,0.6470588235294118,0.417942433313674,0.8204245546995521,0
user_5987,2021-03-11 07:12:00,25,14,5,0,2,0,20,14,11,8,17,3,0,1.7232290180857728,2.3643893417427164,3.0599953100239663,0.2,0.0,0.56,0.8103542074906307,0.9592009795197963,0
user_5988,2021-03-11 07:27:00,19,19,4,1,0,0,8,7,9,16,11,3,0,4.808139201838429,6.754901618691664,3.366532621712545,0.21052631578947367,0.25,1.0,0.33772364841143326,0.6886407080826289,0
user_5989,2021-03-11 07:42:00,9,10,10,1,1,2,20,18,9,18,17,3,0,4.836962918412791,6.366249982271536,10.063695214541827,1.1111111111111112,0.1,1.1111111111111112,0.39902032183998626,0.1968787575608906,0
user_5990,2021-03-11 07:57:00,17,13,8,0,1,1,8,14,13,11,7,3,0,0.9191413393870885,3.336490307228875,1.2546297839050249,0.47058823529411764,0.0,0.7647058823529411,0.44109594230792315,0.5542174511199512,0
user_5991,2021-03-11 08:12:00,19,9,6,1,2,1,17,9,11,6,17,3,0,3.60227281167594,7.4451760604614465,9.874409225763179,0.3157894736842105,0.16666666666666666,0.47368421052631576,0.5786540002083691,0.9850132410471079,0
user_5992,2021-03-11 08:27:00,24,7,7,1,2,1,18,10,6,5,15,3,0,0.2018178017761991,0.8867527191121507,7.827560638488074,0.2916666666666667,0.14285714285714285,0.2916666666666667,0.8261293878467074,0.23828085089541676,0
user_5993,2021-03-11 08:42:00,24,11,10,2,1,0,12,6,19,5,20,3,0,5.589220538988876,3.399369425867804,8.969308929051959,0.4166666666666667,0.2,0.4583333333333333,0.5156938404081746,0.629044128712626,1
user_5994,2021-03-11 08:57:00,15,8,7,2,1,1,14,12,14,9,18,3,0,8.626392412224192,6.018375657474868,5.474791918465975,0.4666666666666667,0.2857142857142857,0.5333333333333333,0.5057827330441462,0.1747433060694764,1
user_5995,2021-03-11 09:12:00,25,12,8,2,2,1,16,20,17,7,10,3,0,8.992069203598339,7.040122226574423,2.603952162104424,0.32,0.25,0.48,0.6362725395133103,0.13305123238874786,0
user_5996,2021-03-11 09:27:00,22,8,6,0,1,1,19,11,12,16,8,3,0,3.432860240938135,1.5739025016580148,9.634817217305333,0.2727272727272727,0.0,0.36363636363636365,0.3300908935566809,0.800548779720392,0
user_5997,2021-03-11 09:42:00,10,13,4,2,2,2,14,14,9,15,18,3,0,5.870661584260417,0.8098217724609715,2.834388479531941,0.4,0.5,1.3,0.9930405713464514,0.12371454150349542,0
user_5998,2021-03-11 09:57:00,23,4,5,0,2,0,9,5,14,15,11,3,0,7.5310126443775065,0.5606491611566355,11.464801962456551,0.21739130434782608,0.0,0.17391304347826086,0.7113481697302456,0.18203703978968122,1
user_5999,2021-03-11 10:12:00,21,10,6,2,3,1,17,15,8,9,20,3,0,8.419481911717474,3.941621661308825,11.644702812039801,0.2857142857142857,0.3333333333333333,0.47619047619047616,0.5125659183471005,0.6973570542432239,0
user_6000,2021-03-11 10:27:00,14,8,4,2,3,1,14,16,19,16,12,3,0,8.783270381580923,4.501757679512806,1.2477705028429162,0.2857142857142857,0.5,0.5714285714285714,0.11548672405744453,0.28779604873185133,0
user_6001,2021-03-11 10:42:00,25,9,4,0,1,1,11,6,15,10,15,3,0,9.16794338789374,2.156808148102423,7.979341814666403,0.16,0.0,0.36,0.11579747226437279,0.457554883166004,0
user_6002,2021-03-11 10:57:00,23,11,4,0,1,0,18,13,17,15,8,3,0,7.094842189270889,0.5578509317407871,1.6432361413280778,0.17391304347826086,0.0,0.4782608695652174,0.8299474144262627,0.19764880767859364,0
user_6003,2021-03-11 11:12:00,19,6,3,2,3,0,14,19,12,12,7,3,0,1.68572644754303,6.657719095505901,3.3425120234217403,0.15789473684210525,0.6666666666666666,0.3157894736842105,0.2573672961787915,0.45276444294479523,1
user_6004,2021-03-11 11:27:00,15,13,4,1,1,0,12,12,9,6,5,3,0,6.2888216749598636,1.6232225618809573,6.835499311295571,0.26666666666666666,0.25,0.8666666666666667,0.8918447538400689,0.9957985858613249,0
user_6005,2021-03-11 11:42:00,17,11,7,0,3,0,20,12,6,18,9,3,0,3.0821842057690763,0.543024085983199,4.665181688148749,0.4117647058823529,0.0,0.6470588235294118,0.2282895168227754,0.6048446584521723,0
user_6006,2021-03-11 11:57:00,18,4,4,0,1,0,16,7,19,16,19,3,0,5.8929675721580965,3.026860696004007,5.217766388772287,0.2222222222222222,0.0,0.2222222222222222,0.8641138418664697,0.3544085056440718,0
user_6007,2021-03-11 12:12:00,16,9,6,0,2,0,10,8,11,10,9,3,0,2.7220268961625953,2.101360035719963,10.887034236891637,0.375,0.0,0.5625,0.22527532310623655,0.6567799465135917,0
user_6008,2021-03-11 12:27:00,21,6,3,0,2,2,18,12,20,7,19,3,0,1.12039619443866,7.559506324350069,9.985896276351491,0.14285714285714285,0.0,0.2857142857142857,0.6855368827618004,0.8912078234040445,0
user_6009,2021-03-11 12:42:00,14,8,4,1,2,1,10,18,12,17,20,3,0,9.691640218975436,2.0702346630299493,4.251254497972127,0.2857142857142857,0.25,0.5714285714285714,0.13585417615478784,0.46117512203839395,0
user_6010,2021-03-11 12:57:00,22,10,3,1,2,1,10,11,7,20,18,3,0,5.925111070794965,3.447901884880517,7.667115966500581,0.13636363636363635,0.3333333333333333,0.45454545454545453,0.20231534648921884,0.1878711488380787,0
user_6011,2021-03-11 13:12:00,23,7,5,2,2,0,16,12,6,12,16,3,0,1.1239751887013298,4.104594637383958,6.492942418493464,0.21739130434782608,0.4,0.30434782608695654,0.10746420825032932,0.15489630291747683,0
user_6012,2021-03-11 13:27:00,25,11,9,0,1,1,14,5,16,5,19,3,0,0.8540309595905455,1.7666881627896447,6.642854879448919,0.36,0.0,0.44,0.4391726124828186,0.8837950493110068,0
user_6013,2021-03-11 13:42:00,18,10,5,1,2,1,18,6,19,10,7,3,0,3.822627517938533,7.328418133143931,10.687450986628209,0.2777777777777778,0.2,0.5555555555555556,0.6326199659024924,0.3641283997201432,0
user_6014,2021-03-11 13:57:00,23,10,2,2,1,1,18,13,15,9,16,3,0,8.280254480597197,3.599056712506887,2.9762318964391064,0.08695652173913043,1.0,0.43478260869565216,0.987775845656792,0.3994123038732218,0
user_6015,2021-03-11 14:12:00,14,7,4,2,0,0,9,10,18,8,14,3,0,2.090009484137073,5.068372377514678,11.87704067070147,0.2857142857142857,0.5,0.5,0.6214831673922686,0.4474792613548825,0
user_6016,2021-03-11 14:27:00,20,8,5,0,2,0,10,19,7,10,20,3,0,9.095445026616781,5.689982418114272,1.9478975373922731,0.25,0.0,0.4,0.9889983339919122,0.3491746932383287,0
user_6017,2021-03-11 14:42:00,17,12,4,0,1,1,17,5,18,13,10,3,0,3.6429059820707517,0.5685229599380094,3.800896566486347,0.23529411764705882,0.0,0.7058823529411765,0.2496289463274966,0.9094463012078432,0
user_6018,2021-03-11 14:57:00,17,5,3,3,1,0,16,20,10,18,15,3,0,8.060759050539431,7.093599706626153,7.054724946470451,0.17647058823529413,1.0,0.29411764705882354,0.16678087507077238,0.41841312177534795,0
user_6019,2021-03-11 15:12:00,16,11,8,0,4,0,8,11,8,19,7,3,0,8.013118756794928,1.1601223814489776,11.51301521284915,0.5,0.0,0.6875,0.4285218701263094,0.5403880476728236,0
user_6020,2021-03-11 15:27:00,21,9,7,0,1,0,5,6,17,18,8,3,0,7.942263419126725,1.9026565359874603,3.316330324993694,0.3333333333333333,0.0,0.42857142857142855,0.4058387133450815,0.9486630356380548,0
user_6021,2021-03-11 15:42:00,20,11,4,0,1,1,20,19,6,8,19,3,0,2.7928146039986466,3.933283470402223,3.8485996418787742,0.2,0.0,0.55,0.1471065528536914,0.6664660114026685,0
user_6022,2021-03-11 15:57:00,14,11,8,3,0,2,7,5,19,20,18,3,0,3.374893907471392,4.2638073964949434,10.623463842841577,0.5714285714285714,0.375,0.7857142857142857,0.27497362194917274,0.6220418772406391,0
user_6023,2021-03-11 16:12:00,17,11,5,2,0,1,15,8,18,5,20,3,0,9.156233285944728,1.9137168717910649,6.165950925475569,0.29411764705882354,0.4,0.6470588235294118,0.2127254778294252,0.74048194024531,0
user_6024,2021-03-11 16:27:00,29,5,7,0,3,1,12,15,18,5,7,3,0,2.0518329879383557,0.8030847194127098,3.1913507583899055,0.2413793103448276,0.0,0.1724137931034483,0.9732485537904384,0.2408672480736711,1
user_6025,2021-03-11 16:42:00,17,18,6,2,2,1,6,20,20,15,15,3,0,9.611103721574613,5.381080699422074,1.0056652317281696,0.35294117647058826,0.3333333333333333,1.0588235294117647,0.11359109787371365,0.4357799576794066,0
user_6026,2021-03-11 16:57:00,20,8,11,0,2,1,10,8,10,16,9,3,0,7.425777270852785,0.8127453910453811,8.365803372922985,0.55,0.0,0.4,0.5706608449784559,0.9232819413530896,0
user_6027,2021-03-11 17:12:00,16,8,11,0,4,0,8,15,12,18,5,3,0,5.2367724368948645,5.617831503708302,11.495693436857326,0.6875,0.0,0.5,0.3961569787958674,0.7374871779836304,0
user_6028,2021-03-11 17:27:00,14,11,2,2,2,1,14,12,9,12,8,3,0,2.185846799548157,3.002229280701078,2.6685056107087943,0.14285714285714285,1.0,0.7857142857142857,0.8662492306281983,0.971327832439085,0
user_6029,2021-03-11 17:42:00,15,8,7,0,2,0,7,11,19,14,7,3,0,7.901261262071874,6.580911485267896,10.693916344046489,0.4666666666666667,0.0,0.5333333333333333,0.43855550282131417,0.47871150078337465,0
user_6030,2021-03-11 17:57:00,22,7,9,0,1,1,6,10,8,5,15,3,0,3.50642193094946,4.0958444150880124,5.6579674192057645,0.4090909090909091,0.0,0.3181818181818182,0.45035633806259345,0.49737176107927494,0
user_6031,2021-03-11 18:12:00,22,10,2,0,2,0,19,5,7,15,19,3,0,9.550095415722277,6.191080301682679,9.672052932746073,0.09090909090909091,0.0,0.45454545454545453,0.3739418934378429,0.2925124748794722,0
user_6032,2021-03-11 18:27:00,27,8,3,3,3,1,13,6,12,6,14,3,0,0.7297322696160469,4.440672433021107,2.055034232327713,0.1111111111111111,1.0,0.2962962962962963,0.34610952507765136,0.97286961308408,0
user_6033,2021-03-11 18:42:00,20,11,9,0,3,1,16,7,13,17,7,3,0,9.091243511442805,4.7109820091001575,7.2910955718773245,0.45,0.0,0.55,0.6943254208817858,0.20046991386269886,1
user_6034,2021-03-11 18:57:00,24,6,4,1,0,0,16,7,7,11,14,3,0,5.840307787021966,1.909933976098206,4.399820610290503,0.16666666666666666,0.25,0.25,0.17742264358495285,0.3732238791306277,0
user_6035,2021-03-11 19:12:00,22,6,4,1,3,0,20,14,16,10,12,3,0,7.371640670564773,5.68444565811312,10.550890597981985,0.18181818181818182,0.25,0.2727272727272727,0.45138219979808336,0.9895060026829711,0
user_6036,2021-03-11 19:27:00,19,8,12,1,0,1,19,14,13,20,18,3,0,8.46264557171644,3.3094641665644646,11.910879544552705,0.631578947368421,0.08333333333333333,0.42105263157894735,0.5677517814416176,0.8351233154447163,0
user_6037,2021-03-11 19:42:00,18,6,10,0,4,0,12,16,7,11,15,3,0,7.336172984108526,6.53707820273936,8.608025430278081,0.5555555555555556,0.0,0.3333333333333333,0.7339041413614411,0.4917003289718883,0
user_6038,2021-03-11 19:57:00,17,4,3,1,4,1,11,20,16,19,8,3,0,3.1884564578530052,7.337256097704827,6.948168162969124,0.17647058823529413,0.3333333333333333,0.23529411764705882,0.8934610074585216,0.7184900735724281,0
user_6039,2021-03-11 20:12:00,21,12,5,0,4,0,16,6,16,6,5,3,0,2.3935194156344113,0.5168806408648342,6.2499954112909215,0.23809523809523808,0.0,0.5714285714285714,0.15492907637400716,0.4104669902411303,0
user_6040,2021-03-11 20:27:00,20,4,3,1,0,0,8,10,12,14,14,3,0,5.069452771974985,4.307353824802936,5.717978401817409,0.15,0.3333333333333333,0.2,0.7610696622821652,0.2559349605623092,0
user_6041,2021-03-11 20:42:00,18,13,9,2,1,1,16,11,6,14,16,3,0,6.802852251039977,7.171923765275658,5.099671942971712,0.5,0.2222222222222222,0.7222222222222222,0.9633082031389844,0.28979000525117016,0
user_6042,2021-03-11 20:57:00,24,6,10,1,2,0,9,11,17,9,9,3,0,5.6459678322809905,1.742198957384857,5.365944364112771,0.4166666666666667,0.1,0.25,0.4194932750078567,0.4179159550461704,0
user_6043,2021-03-11 21:12:00,18,9,3,1,2,0,5,18,15,15,6,3,0,4.4835081156774255,3.2531851227574946,8.55927149779547,0.16666666666666666,0.3333333333333333,0.5,0.834354909327861,0.47272382278466285,0
user_6044,2021-03-11 21:27:00,17,9,7,2,3,0,8,8,12,13,5,3,0,1.922569063270053,6.775080583483556,5.5571350331270075,0.4117647058823529,0.2857142857142857,0.5294117647058824,0.9984253450314622,0.5755922656458903,0
user_6045,2021-03-11 21:42:00,11,11,7,2,1,1,6,18,5,19,5,3,0,0.2581535433999047,1.9178153103166864,3.2901083298032536,0.6363636363636364,0.2857142857142857,1.0,0.10463030427168771,0.20203132926856018,0
user_6046,2021-03-11 21:57:00,19,7,11,0,2,1,6,19,13,5,18,3,0,2.855670762945199,3.771505082433439,0.6402625537809261,0.5789473684210527,0.0,0.3684210526315789,0.3982578020399479,0.1439426121260018,0
user_6047,2021-03-11 22:12:00,23,8,3,2,0,0,5,20,14,20,10,3,0,5.270745337390112,1.5018414012778307,4.35767006243817,0.13043478260869565,0.6666666666666666,0.34782608695652173,0.8770849229248965,0.5441092688480826,1
user_6048,2021-03-11 22:27:00,12,15,5,2,2,0,15,15,16,15,8,3,0,9.955703954504378,0.5206280297276159,5.565884968588088,0.4166666666666667,0.4,1.25,0.6164011432455956,0.8598033419358393,0
user_6049,2021-03-11 22:42:00,25,11,1,0,1,0,7,14,14,20,13,3,0,4.870315293610005,6.287297795435155,9.603220321303258,0.04,0.0,0.44,0.35479388207536233,0.721162487242731,0
user_6050,2021-03-11 22:57:00,30,9,5,1,2,1,16,16,13,19,15,3,0,6.708111293289152,3.450722938915943,8.456600480710229,0.16666666666666666,0.2,0.3,0.41094380485808035,0.9738973414329762,0
user_6051,2021-03-11 23:12:00,22,7,5,0,3,0,7,19,10,6,10,3,0,0.7038779603131402,2.7906898599076015,10.322754920919074,0.22727272727272727,0.0,0.3181818181818182,0.8977262659427859,0.39179865158820537,0
user_6052,2021-03-11 23:27:00,15,8,6,2,4,1,9,12,8,11,15,3,0,3.745386261571225,2.3945174090419123,11.11259937280339,0.4,0.3333333333333333,0.5333333333333333,0.9494205876815682,0.18230102190917388,0
user_6053,2021-03-11 23:42:00,23,14,9,1,3,1,16,6,17,11,18,3,0,1.974306995083186,2.1261699571313484,5.417786137194888,0.391304347826087,0.1111111111111111,0.6086956521739131,0.28101352074522934,0.3794069122429987,0
user_6054,2021-03-11 23:57:00,25,12,3,0,2,0,19,19,17,16,5,3,0,8.585864644417482,6.10764091692175,6.154983083029155,0.12,0.0,0.48,0.10521178135061737,0.47544823523197777,1
user_6055,2021-03-12 00:12:00,27,9,4,2,2,0,20,20,7,10,10,4,0,9.445949596611202,3.918299223015991,2.642144030133091,0.14814814814814814,0.5,0.3333333333333333,0.3211381370492749,0.32004846614202476,0
user_6056,2021-03-12 00:27:00,25,9,6,0,4,1,13,14,15,5,19,4,0,6.134690076641692,5.795603229202685,9.285703958187549,0.24,0.0,0.36,0.3032184604614056,0.6881893871623326,0
user_6057,2021-03-12 00:42:00,22,7,7,0,1,1,15,18,17,9,13,4,0,1.0978317295562765,1.9838260091120599,9.62760570150463,0.3181818181818182,0.0,0.3181818181818182,0.9099543262315347,0.10563511528250069,0
user_6058,2021-03-12 00:57:00,21,10,3,0,1,2,10,19,9,16,7,4,0,2.2464013656771438,5.464366881752533,6.5689976525363045,0.14285714285714285,0.0,0.47619047619047616,0.24512095034213888,0.8345561766483535,0
user_6059,2021-03-12 01:12:00,13,11,8,2,3,0,5,16,8,13,10,4,0,2.6323993271479,4.361836117819292,5.165111285584102,0.6153846153846154,0.25,0.8461538461538461,0.4374390684054593,0.5586594536598545,0
user_6060,2021-03-12 01:27:00,16,11,3,0,2,0,11,11,5,6,7,4,0,0.5856328089730443,0.8102115181572481,5.058007622288816,0.1875,0.0,0.6875,0.8606301360966511,0.9957906976891231,0
user_6061,2021-03-12 01:42:00,16,9,4,3,1,2,17,5,20,12,6,4,0,3.013975172993101,3.302443577387697,8.935694305888651,0.25,0.75,0.5625,0.6922734131807319,0.6839838478066638,0
user_6062,2021-03-12 01:57:00,12,5,7,1,2,0,9,14,20,6,7,4,0,4.21676458877443,7.372737541350335,7.2719144124573205,0.5833333333333334,0.14285714285714285,0.4166666666666667,0.7720046503740987,0.8264694064015156,0
user_6063,2021-03-12 02:12:00,21,9,6,0,2,0,19,11,8,9,20,4,0,8.333517189850989,5.068918090215417,3.5329024471196497,0.2857142857142857,0.0,0.42857142857142855,0.1516412156111836,0.5559406820252226,0
user_6064,2021-03-12 02:27:00,18,12,10,1,2,1,19,11,14,13,15,4,0,4.370315421174483,3.6104174033864367,6.538610849392768,0.5555555555555556,0.1,0.6666666666666666,0.5183311267032371,0.32702027442265247,1
user_6065,2021-03-12 02:42:00,18,10,6,2,4,0,18,9,12,14,7,4,0,2.6594462314645924,5.962914160868212,11.075412123302376,0.3333333333333333,0.3333333333333333,0.5555555555555556,0.37177794322569,0.7359935867193762,0
user_6066,2021-03-12 02:57:00,23,17,5,0,2,2,12,6,19,15,14,4,0,2.083471167133339,5.976989587418974,6.54377074171406,0.21739130434782608,0.0,0.7391304347826086,0.34851224803963476,0.576527913715627,0
user_6067,2021-03-12 03:12:00,20,6,7,2,3,1,18,19,18,13,13,4,0,9.098616758304697,0.20186052334375545,1.1948642495067832,0.35,0.2857142857142857,0.3,0.2508954576090823,0.6408234506110284,1
user_6068,2021-03-12 03:27:00,23,6,6,1,2,1,17,12,20,10,11,4,0,4.670789994646795,5.103580136172142,5.54127842541288,0.2608695652173913,0.16666666666666666,0.2608695652173913,0.3646759407241188,0.914686748017279,0
user_6069,2021-03-12 03:42:00,21,11,6,0,3,2,9,14,13,12,9,4,0,9.442190254053745,7.471225189401653,5.516022914422269,0.2857142857142857,0.0,0.5238095238095238,0.7773704243026035,0.6743338206375649,0
user_6070,2021-03-12 03:57:00,16,7,5,1,4,2,6,11,7,14,13,4,0,1.1226658950777946,1.3113015975955031,7.064073215673664,0.3125,0.2,0.4375,0.40615738158247705,0.5674700016120289,0
user_6071,2021-03-12 04:12:00,29,13,10,0,0,2,5,10,11,19,13,4,0,6.480719574304953,6.518206814060409,7.9627265688567475,0.3448275862068966,0.0,0.4482758620689655,0.9615965154996449,0.5199747657693645,0
user_6072,2021-03-12 04:27:00,22,12,7,1,4,0,5,12,16,17,18,4,0,2.916208321500176,3.750701729589371,11.72079725735194,0.3181818181818182,0.14285714285714285,0.5454545454545454,0.2587884645939118,0.4616736297611247,0
user_6073,2021-03-12 04:42:00,18,13,4,2,2,0,14,8,9,12,7,4,0,8.342671887357099,6.724333205747655,3.2282517613076216,0.2222222222222222,0.5,0.7222222222222222,0.7210526962143994,0.5980071403984882,0
user_6074,2021-03-12 04:57:00,15,8,8,1,1,0,9,5,15,5,18,4,0,4.054710019618505,7.217166157289038,6.828449451097383,0.5333333333333333,0.125,0.5333333333333333,0.6396954911292649,0.6924977025859961,0
user_6075,2021-03-12 05:12:00,18,11,6,0,3,1,16,19,9,16,13,4,0,0.4759363430653265,6.65780497645336,6.222040484674845,0.3333333333333333,0.0,0.6111111111111112,0.44343768104254555,0.10671512277507664,0
user_6076,2021-03-12 05:27:00,17,4,4,1,3,0,8,8,9,20,14,4,0,4.004415113657543,4.185803836883296,1.9454039380595238,0.23529411764705882,0.25,0.23529411764705882,0.41466267011070246,0.47959412049153394,0
user_6077,2021-03-12 05:42:00,18,9,6,1,1,1,12,6,7,9,18,4,0,3.7155316856911256,0.9515844325945444,11.988887518234156,0.3333333333333333,0.16666666666666666,0.5,0.8831124243380442,0.8211311377581404,1
user_6078,2021-03-12 05:57:00,15,11,7,0,4,2,13,19,13,14,10,4,0,3.9288034515673282,6.142027383916539,9.919359610507051,0.4666666666666667,0.0,0.7333333333333333,0.274824929326146,0.8452986371280119,0
user_6079,2021-03-12 06:12:00,12,9,5,0,1,2,12,19,12,6,9,4,0,4.84884711539484,7.487984477830988,10.050576342858372,0.4166666666666667,0.0,0.75,0.6204720538667732,0.7357491667537847,0
user_6080,2021-03-12 06:27:00,17,9,7,1,3,0,9,17,20,19,10,4,0,2.8714227183721466,0.5471345320459933,7.28560962891589,0.4117647058823529,0.14285714285714285,0.5294117647058824,0.3656386747787843,0.8520642310932742,1
user_6081,2021-03-12 06:42:00,8,12,8,1,2,1,5,19,11,17,15,4,0,4.632800002883068,5.401537360577057,1.2518068203759674,1.0,0.125,1.5,0.9977542579277411,0.7626382811636943,0
user_6082,2021-03-12 06:57:00,22,10,2,0,4,0,12,18,6,14,12,4,0,3.115060813519488,3.178365810457117,3.028044360059502,0.09090909090909091,0.0,0.45454545454545453,0.37591841170866647,0.6160612576916393,0
user_6083,2021-03-12 07:12:00,19,10,5,1,4,0,6,16,9,14,15,4,0,9.048186089112786,3.8079562035376258,6.530509432169655,0.2631578947368421,0.2,0.5263157894736842,0.4678277312954694,0.5604621721137104,0
user_6084,2021-03-12 07:27:00,22,14,7,2,2,1,5,15,20,9,17,4,0,2.9174877738974674,4.220378494305595,3.404713495373415,0.3181818181818182,0.2857142857142857,0.6363636363636364,0.3279695063737645,0.30006526324219845,0
user_6085,2021-03-12 07:42:00,18,10,9,0,2,0,13,20,13,20,15,4,0,9.214573817463199,0.35736634253678967,11.167336977261382,0.5,0.0,0.5555555555555556,0.672959553564176,0.9935580194829257,0
user_6086,2021-03-12 07:57:00,16,13,9,0,4,0,9,11,17,10,12,4,0,3.1221202158250048,1.6715651017794464,3.2748840115690245,0.5625,0.0,0.8125,0.84646531907058,0.20125581815447205,1
user_6087,2021-03-12 08:12:00,20,13,7,1,3,0,8,19,14,10,9,4,0,7.291246100298226,2.7066268839400998,4.969032741262507,0.35,0.14285714285714285,0.65,0.3901032797039953,0.5201222476875925,0
user_6088,2021-03-12 08:27:00,21,11,5,2,1,0,15,19,15,14,9,4,0,5.3184045588657805,5.564108072384409,3.9251593153261637,0.23809523809523808,0.4,0.5238095238095238,0.7453043386337973,0.38593110252902596,0
user_6089,2021-03-12 08:42:00,24,12,9,1,2,1,10,7,15,8,18,4,0,2.9606518839891587,7.9733468923482755,3.654920057182638,0.375,0.1111111111111111,0.5,0.13340536436710593,0.7423655037772086,0
user_6090,2021-03-12 08:57:00,21,9,5,1,2,0,11,13,14,11,16,4,0,9.621391127932512,6.379058923204002,2.408206800784466,0.23809523809523808,0.2,0.42857142857142855,0.9090821701139405,0.27192722550544607,0
user_6091,2021-03-12 09:12:00,22,7,4,1,3,2,5,6,12,19,14,4,0,1.5504226964128274,2.612591429416586,9.862594152687151,0.18181818181818182,0.25,0.3181818181818182,0.9604604224438235,0.22205496490613053,0
user_6092,2021-03-12 09:27:00,16,4,5,1,2,1,19,5,6,20,10,4,0,9.129367146041073,0.6812133566608891,1.8511088935480369,0.3125,0.2,0.25,0.9922233645548426,0.9008826877130597,0
user_6093,2021-03-12 09:42:00,25,5,5,3,1,1,6,10,7,14,13,4,0,5.999123438223724,5.910961720544097,3.937265653795164,0.2,0.6,0.2,0.7984191645808444,0.2579739158276407,1
user_6094,2021-03-12 09:57:00,11,10,11,1,3,0,19,18,7,16,20,4,0,3.0659314676852625,0.3924737998214054,8.50710044278119,1.0,0.09090909090909091,0.9090909090909091,0.5506941652348208,0.7316424222037248,0
user_6095,2021-03-12 10:12:00,24,14,5,1,5,1,20,16,17,14,20,4,0,8.065693767827193,4.450332597947825,1.309192733433271,0.20833333333333334,0.2,0.5833333333333334,0.4927115514237056,0.5688731389849856,0
user_6096,2021-03-12 10:27:00,28,16,5,2,2,0,10,13,5,20,13,4,0,9.031463906902992,5.303640946183945,0.8681170287598823,0.17857142857142858,0.4,0.5714285714285714,0.49695517926630384,0.44298028494195796,0
user_6097,2021-03-12 10:42:00,19,3,7,0,4,0,9,12,6,12,10,4,0,6.597839917392803,2.8130288390553986,9.813356822340555,0.3684210526315789,0.0,0.15789473684210525,0.35829405601456565,0.15103090178563436,0
user_6098,2021-03-12 10:57:00,19,12,6,1,0,1,18,20,16,11,6,4,0,7.16153942126218,6.842933139088205,2.1408699067512185,0.3157894736842105,0.16666666666666666,0.631578947368421,0.7010052729419433,0.3417631298611957,0
user_6099,2021-03-12 11:12:00,26,12,4,1,4,0,16,10,17,7,18,4,0,5.9607880029828735,7.308696865308079,11.526654066398088,0.15384615384615385,0.25,0.46153846153846156,0.2554060689037825,0.9082149648022828,0
user_6100,2021-03-12 11:27:00,21,12,6,1,2,0,9,15,12,19,9,4,0,1.0171853663808819,5.563687561260914,3.985297297096552,0.2857142857142857,0.16666666666666666,0.5714285714285714,0.9338771641012378,0.3435577946983208,0
user_6101,2021-03-12 11:42:00,31,14,4,1,5,0,7,12,11,12,19,4,0,3.025446588421944,2.3332216020432495,11.814639689098891,0.12903225806451613,0.25,0.45161290322580644,0.8958704465014088,0.6128232395962744,0
user_6102,2021-03-12 11:57:00,18,6,4,1,3,1,14,11,17,5,17,4,0,9.877023718303255,4.565901350150323,1.6739050137295517,0.2222222222222222,0.25,0.3333333333333333,0.5817611976010733,0.5354286825928265,0
user_6103,2021-03-12 12:12:00,16,12,2,3,3,0,13,6,7,17,20,4,0,4.752105761868695,7.7877920092648,7.062619146497504,0.125,1.5,0.75,0.32912435311021443,0.23112963965770356,0
user_6104,2021-03-12 12:27:00,25,11,3,0,1,1,7,17,11,18,13,4,0,9.774733871529799,7.698563377361208,8.552194405856948,0.12,0.0,0.44,0.7383923085098085,0.7204380556037003,0
user_6105,2021-03-12 12:42:00,15,10,10,0,2,1,6,15,15,12,7,4,0,2.0308758165218683,4.670796861742128,9.459258718603362,0.6666666666666666,0.0,0.6666666666666666,0.5144828687267612,0.1714312027709371,0
user_6106,2021-03-12 12:57:00,24,9,6,0,1,1,13,18,17,9,14,4,0,9.153934528585227,4.858482733102244,2.3732009604643203,0.25,0.0,0.375,0.6255534378945948,0.857318625954519,0
user_6107,2021-03-12 13:12:00,26,10,3,3,1,0,18,11,14,8,7,4,0,4.851693223552788,4.813591528217117,4.012124967290448,0.11538461538461539,1.0,0.38461538461538464,0.46630708139841226,0.5684191352547279,0
user_6108,2021-03-12 13:27:00,15,12,10,2,3,0,12,6,20,12,16,4,0,0.17349826512904892,5.193249072269769,11.5404377239343,0.6666666666666666,0.2,0.8,0.533451514504385,0.13756525601346153,0
user_6109,2021-03-12 13:42:00,19,6,10,1,3,0,19,12,20,15,12,4,0,1.0266836457666524,6.106171113372626,4.975338676850135,0.5263157894736842,0.1,0.3157894736842105,0.48099858714413024,0.16624248076252152,0
user_6110,2021-03-12 13:57:00,21,8,6,1,3,1,12,7,5,11,19,4,0,1.5206926829283498,4.474325860066425,3.8655552314494854,0.2857142857142857,0.16666666666666666,0.38095238095238093,0.2842530389069132,0.9838336185343985,0
user_6111,2021-03-12 14:12:00,17,10,8,1,0,0,10,10,17,6,13,4,0,4.775764370130794,0.49662021698887937,10.279138123464637,0.47058823529411764,0.125,0.5882352941176471,0.8879342970340273,0.24990840605373482,0
user_6112,2021-03-12 14:27:00,12,10,7,1,2,0,9,19,15,15,7,4,0,3.772680872410513,2.267333766383695,4.089748532593841,0.5833333333333334,0.14285714285714285,0.8333333333333334,0.10541057541079789,0.7909361808741882,0
user_6113,2021-03-12 14:42:00,22,17,7,2,2,0,8,6,19,16,5,4,0,1.968012312573715,3.252887375280587,1.2944149571228318,0.3181818181818182,0.2857142857142857,0.7727272727272727,0.6571920115844316,0.4974645612367611,0
user_6114,2021-03-12 14:57:00,27,9,6,0,2,0,18,8,8,18,6,4,0,1.6429286637591218,1.7377279980038514,6.937905788811305,0.2222222222222222,0.0,0.3333333333333333,0.2150805702266912,0.24338253755784192,1
user_6115,2021-03-12 15:12:00,13,12,5,2,3,2,17,5,14,13,18,4,0,2.2289809139884915,1.1154711377180069,4.586966207005562,0.38461538461538464,0.4,0.9230769230769231,0.5106030003922615,0.36261209885978496,0
user_6116,2021-03-12 15:27:00,16,6,6,1,1,1,12,11,10,9,18,4,0,1.4082606662174397,1.4628537845345082,2.4917006624457314,0.375,0.16666666666666666,0.375,0.4294819990890302,0.29538046968390175,0
user_6117,2021-03-12 15:42:00,24,17,4,2,2,0,14,9,7,9,10,4,0,4.559339426465709,5.890652287595951,5.1212976968426105,0.16666666666666666,0.5,0.7083333333333334,0.5678491276993909,0.415762721693101,1
user_6118,2021-03-12 15:57:00,17,10,3,1,2,0,20,13,20,11,15,4,0,6.957157309032377,0.8725248162868731,1.1005406647976828,0.17647058823529413,0.3333333333333333,0.5882352941176471,0.9003694925055697,0.9841527687897093,0
user_6119,2021-03-12 16:12:00,13,8,9,2,1,0,13,7,7,6,7,4,0,9.525253509475009,3.712742966226059,7.728216807438248,0.6923076923076923,0.2222222222222222,0.6153846153846154,0.8766434436549315,0.7899137095913812,0
user_6120,2021-03-12 16:27:00,25,8,5,0,3,0,5,14,13,9,14,4,0,7.639334634846193,6.668287226192335,8.475171742122455,0.2,0.0,0.32,0.6912026094373254,0.7247020305343964,0
user_6121,2021-03-12 16:42:00,20,11,10,1,3,0,18,19,9,16,11,4,0,3.567692542058306,3.041146891283336,7.153039606340432,0.5,0.1,0.55,0.3620082470275705,0.5718754636992328,0
user_6122,2021-03-12 16:57:00,21,8,10,0,2,1,11,17,9,11,10,4,0,4.115354421539955,6.229690757372557,11.81219035157768,0.47619047619047616,0.0,0.38095238095238093,0.3259813627655822,0.4589510420970163,0
user_6123,2021-03-12 17:12:00,33,12,10,0,5,1,17,10,14,8,18,4,0,9.920429040351204,6.898182987928001,1.9382008134025306,0.30303030303030304,0.0,0.36363636363636365,0.9209646267538223,0.2679799172704741,0
user_6124,2021-03-12 17:27:00,19,7,5,2,1,0,10,11,9,9,17,4,0,7.276848621209606,6.137960399148427,6.314888889499522,0.2631578947368421,0.4,0.3684210526315789,0.41893154340254357,0.15177016753416378,0
user_6125,2021-03-12 17:42:00,15,12,7,0,4,1,18,8,7,11,19,4,0,8.639719906146011,2.718905809754573,11.55044228989699,0.4666666666666667,0.0,0.8,0.4050222250425255,0.528447939404449,0
user_6126,2021-03-12 17:57:00,23,15,4,3,0,1,17,5,19,7,14,4,0,3.940266905049606,0.3804767659109727,8.501949481814242,0.17391304347826086,0.75,0.6521739130434783,0.21033151396609995,0.3396012644338512,0
user_6127,2021-03-12 18:12:00,18,10,9,0,1,0,9,13,6,18,18,4,0,7.887601905407396,6.0664752170672935,3.522694542280394,0.5,0.0,0.5555555555555556,0.583005177170787,0.7896060158491532,0
user_6128,2021-03-12 18:27:00,20,7,3,0,1,0,20,9,16,7,14,4,0,0.13550023175133408,3.9786559881706647,11.57623321600624,0.15,0.0,0.35,0.8502742740258791,0.5717825756686902,1
user_6129,2021-03-12 18:42:00,17,4,7,1,3,1,10,9,13,11,19,4,0,6.541702936905469,7.972667397951836,6.516266043972558,0.4117647058823529,0.14285714285714285,0.23529411764705882,0.6488641999994678,0.8484667573513147,0
user_6130,2021-03-12 18:57:00,20,9,8,0,2,2,6,13,6,14,15,4,0,9.446202647552935,0.14470479492383162,6.783767721080838,0.4,0.0,0.45,0.49362747845185484,0.6900673437419528,0
user_6131,2021-03-12 19:12:00,22,9,5,1,1,1,16,12,16,20,20,4,0,4.111293126098485,2.145702086345891,4.749777607929658,0.22727272727272727,0.2,0.4090909090909091,0.9947765699454695,0.7157160255757531,0
user_6132,2021-03-12 19:27:00,22,10,4,2,1,1,6,13,12,6,11,4,0,9.315839769622489,5.132080012545264,8.269626924172805,0.18181818181818182,0.5,0.45454545454545453,0.49112919800690213,0.531044631801192,0
user_6133,2021-03-12 19:42:00,21,11,7,3,2,1,12,11,7,11,15,4,0,0.2074533046770511,3.6694801512818715,8.19974844984608,0.3333333333333333,0.42857142857142855,0.5238095238095238,0.3262499444132294,0.6575243015295381,0
user_6134,2021-03-12 19:57:00,18,11,6,2,3,0,13,7,8,12,6,4,0,6.838582806387973,2.1310554451565844,4.512809490779061,0.3333333333333333,0.3333333333333333,0.6111111111111112,0.7282130067897178,0.21622846553643366,0
user_6135,2021-03-12 20:12:00,21,6,10,1,0,2,20,13,15,5,13,4,0,7.580824648106247,0.29405355793527077,10.509111146331055,0.47619047619047616,0.1,0.2857142857142857,0.8070059908455551,0.2506318785131273,0
user_6136,2021-03-12 20:27:00,14,13,5,0,0,0,10,10,7,12,18,4,0,5.88847086232575,2.4907176389059638,6.200913502012791,0.35714285714285715,0.0,0.9285714285714286,0.34205237026119284,0.4981845170722572,0
user_6137,2021-03-12 20:42:00,15,12,3,1,3,0,16,16,9,6,5,4,0,8.39869587659663,0.7203106382553311,7.672563645848279,0.2,0.3333333333333333,0.8,0.8504344968668693,0.1842977421682251,0
user_6138,2021-03-12 20:57:00,13,13,10,2,3,0,16,6,17,20,12,4,0,2.380568129887987,7.925668117556954,6.487186478378078,0.7692307692307693,0.2,1.0,0.44612138081326413,0.25858538645587525,1
user_6139,2021-03-12 21:12:00,15,10,7,0,1,2,17,17,15,11,10,4,0,3.441988779653622,5.926256739342457,0.9776040904789864,0.4666666666666667,0.0,0.6666666666666666,0.48480927349468395,0.8626537378351978,0
user_6140,2021-03-12 21:27:00,21,11,7,1,2,2,20,20,17,5,7,4,0,2.822359535827423,3.7980299624083593,0.7473509903421933,0.3333333333333333,0.14285714285714285,0.5238095238095238,0.6170288269830915,0.27555369692858506,0
user_6141,2021-03-12 21:42:00,18,8,7,0,3,1,10,15,11,19,5,4,0,8.917811352071775,2.1493547267942947,8.389969652530127,0.3888888888888889,0.0,0.4444444444444444,0.9379646040455415,0.7518365356776556,0
user_6142,2021-03-12 21:57:00,27,6,6,0,2,1,13,14,17,6,11,4,0,1.246362948439661,7.501364359550019,5.0613188280036905,0.2222222222222222,0.0,0.2222222222222222,0.6360310338257112,0.3492299143670062,0
user_6143,2021-03-12 22:12:00,13,10,4,2,2,0,17,5,7,17,5,4,0,9.025683057982288,1.9977454649920066,9.049057520745286,0.3076923076923077,0.5,0.7692307692307693,0.5659582078936866,0.12264660672100762,0
user_6144,2021-03-12 22:27:00,25,16,7,0,0,2,11,5,9,10,7,4,0,2.1251259690162043,5.200429052177692,8.846306802808066,0.28,0.0,0.64,0.4033936292045185,0.5723352821358202,0
user_6145,2021-03-12 22:42:00,29,5,3,1,4,0,5,6,11,6,10,4,0,2.360002440902414,7.101959434376576,0.5783965499982623,0.10344827586206896,0.3333333333333333,0.1724137931034483,0.8568566286058832,0.7130655845179992,0
user_6146,2021-03-12 22:57:00,24,9,6,1,1,0,11,5,11,6,16,4,0,1.738783030665322,1.2576995917036533,2.29588326741989,0.25,0.16666666666666666,0.375,0.895864939028044,0.7831016462055903,0
user_6147,2021-03-12 23:12:00,16,12,5,1,4,1,11,16,12,8,19,4,0,3.2547952309678774,6.388718572292833,10.213166995183391,0.3125,0.2,0.75,0.9982371728596001,0.8860785261007649,0
user_6148,2021-03-12 23:27:00,21,15,4,1,2,0,13,12,12,19,8,4,0,9.576892356885944,1.958404856068001,3.2517456644186455,0.19047619047619047,0.25,0.7142857142857143,0.7554315373749357,0.24580164968376933,0
user_6149,2021-03-12 23:42:00,20,12,4,1,2,1,13,12,19,19,20,4,0,3.8638886539670474,7.135127430558157,1.8873920457467808,0.2,0.25,0.6,0.14669276550055188,0.5949952683985896,0
user_6150,2021-03-12 23:57:00,15,10,6,1,2,0,5,6,10,15,15,4,0,8.29453810002779,1.6401456417975029,8.702536436987462,0.4,0.16666666666666666,0.6666666666666666,0.7865484191396028,0.7495321701848977,0
user_6151,2021-03-13 00:12:00,24,12,8,0,3,0,12,20,12,16,6,5,1,5.250799615696787,0.17261668253380325,10.540885461653419,0.3333333333333333,0.0,0.5,0.5008009544790374,0.38713672223588036,0
user_6152,2021-03-13 00:27:00,22,5,3,0,3,0,6,20,12,13,7,5,1,1.726650963761868,7.890929443996655,3.656859388372096,0.13636363636363635,0.0,0.22727272727272727,0.5636023275535325,0.7657293609686647,0
user_6153,2021-03-13 00:42:00,22,8,9,1,3,2,15,15,14,20,9,5,1,2.491720121230131,1.5256317693580799,11.887686432216904,0.4090909090909091,0.1111111111111111,0.36363636363636365,0.21417604068232132,0.40022192606498797,0
user_6154,2021-03-13 00:57:00,21,10,7,0,0,1,17,6,19,20,13,5,1,8.225457713797564,3.4034435632330537,2.8841387430491,0.3333333333333333,0.0,0.47619047619047616,0.26102949704436607,0.4877048861132447,0
user_6155,2021-03-13 01:12:00,14,8,6,2,1,0,19,19,7,15,19,5,1,2.6281847615846834,7.466373288140957,4.474896562134189,0.42857142857142855,0.3333333333333333,0.5714285714285714,0.9501300073088573,0.9909895098988177,0
user_6156,2021-03-13 01:27:00,12,11,2,1,1,0,6,14,17,7,6,5,1,5.537378988311658,7.435182424532901,8.126868525477855,0.16666666666666666,0.5,0.9166666666666666,0.6520542272345122,0.26746713725016547,0
user_6157,2021-03-13 01:42:00,22,10,7,1,0,0,11,17,13,6,14,5,1,7.946705115616719,1.9096943014509309,8.536592278061915,0.3181818181818182,0.14285714285714285,0.45454545454545453,0.5698357454781252,0.10915634167895256,0
user_6158,2021-03-13 01:57:00,26,5,9,2,1,1,12,11,18,7,6,5,1,3.065158776029441,7.82032123988364,0.7507022661287402,0.34615384615384615,0.2222222222222222,0.19230769230769232,0.24186618737165574,0.5834096685750494,0
user_6159,2021-03-13 02:12:00,28,11,6,0,4,1,8,7,17,16,12,5,1,2.1796269319131385,1.372131020128285,2.009841290145631,0.21428571428571427,0.0,0.39285714285714285,0.9991420796511133,0.2180611365695968,0
user_6160,2021-03-13 02:27:00,19,13,7,2,0,1,13,8,7,14,12,5,1,4.120804416925303,1.7507755553109285,6.265521170915046,0.3684210526315789,0.2857142857142857,0.6842105263157895,0.32642747966719865,0.9830001163426949,0
user_6161,2021-03-13 02:42:00,30,8,6,1,5,0,5,14,14,15,14,5,1,1.3687058990576462,6.215081306354836,6.0915587055518925,0.2,0.16666666666666666,0.26666666666666666,0.1847258823638196,0.501093275538787,0
user_6162,2021-03-13 02:57:00,25,13,11,1,2,1,8,6,5,7,20,5,1,4.539680993226311,1.4607401694875959,9.577235360626977,0.44,0.09090909090909091,0.52,0.5600547342924872,0.9654250022881598,1
user_6163,2021-03-13 03:12:00,23,10,4,2,3,1,18,15,16,9,5,5,1,5.811290119886822,0.48305822434677603,7.8873986139894585,0.17391304347826086,0.5,0.43478260869565216,0.22475343986679192,0.10759444135375273,0
user_6164,2021-03-13 03:27:00,22,13,10,2,2,1,18,10,15,9,15,5,1,5.780122372416521,1.1014269423395526,7.867049126720844,0.45454545454545453,0.2,0.5909090909090909,0.6755387465776469,0.6549208159306795,1
user_6165,2021-03-13 03:42:00,26,15,7,1,2,1,15,16,14,19,15,5,1,9.651830412504202,1.8501568317420067,4.268490667593278,0.2692307692307692,0.14285714285714285,0.5769230769230769,0.2762481391946593,0.8808644439499591,0
user_6166,2021-03-13 03:57:00,18,6,5,1,3,1,20,16,14,10,11,5,1,8.98404751708701,7.888631706248823,3.738556209260945,0.2777777777777778,0.2,0.3333333333333333,0.6954023312207958,0.2682742074960887,1
user_6167,2021-03-13 04:12:00,31,14,7,1,3,0,9,17,6,14,13,5,1,5.705907347289658,6.982900765429357,2.4381495736978076,0.22580645161290322,0.14285714285714285,0.45161290322580644,0.7184119540919873,0.8733228768376525,0
user_6168,2021-03-13 04:27:00,20,9,4,0,3,1,5,17,7,7,5,5,1,0.5379009801883465,6.5029669854994205,11.978964891463894,0.2,0.0,0.45,0.1271508803815347,0.5051369566398543,0
user_6169,2021-03-13 04:42:00,22,7,4,0,3,0,6,19,9,11,9,5,1,8.050964137421547,7.659906691027323,4.249123428577372,0.18181818181818182,0.0,0.3181818181818182,0.5149593704910105,0.5283723222262542,0
user_6170,2021-03-13 04:57:00,16,7,6,1,3,0,20,15,20,11,17,5,1,0.8149749095900068,6.1619912451741055,0.8761794074951067,0.375,0.16666666666666666,0.4375,0.6179052674434606,0.5476945567560172,0
user_6171,2021-03-13 05:12:00,21,15,6,1,6,1,16,5,8,9,15,5,1,6.4362224860219825,5.185258254636985,9.8405907425756,0.2857142857142857,0.16666666666666666,0.7142857142857143,0.15308445468404436,0.7647886491443783,0
user_6172,2021-03-13 05:27:00,21,6,2,1,2,0,20,18,7,12,18,5,1,9.415307333996333,1.8811418819815848,8.530514455847069,0.09523809523809523,0.5,0.2857142857142857,0.8896440049619938,0.8099668879386407,0
user_6173,2021-03-13 05:42:00,24,11,6,2,1,0,7,8,20,13,5,5,1,6.8423961182271915,4.74159531841614,11.154901399095753,0.25,0.3333333333333333,0.4583333333333333,0.27365470738060915,0.6807369958351366,0
user_6174,2021-03-13 05:57:00,23,9,10,0,3,0,19,11,15,17,13,5,1,4.470252443318896,0.5557836750117288,6.956136293781736,0.43478260869565216,0.0,0.391304347826087,0.8395580489684096,0.18714932053997324,0
user_6175,2021-03-13 06:12:00,22,8,3,1,3,0,6,5,9,13,10,5,1,3.5177537794172586,2.5993947019180044,0.9352561152452932,0.13636363636363635,0.3333333333333333,0.36363636363636365,0.1602243123555258,0.513701662726142,0
user_6176,2021-03-13 06:27:00,20,13,6,1,1,0,7,13,16,16,6,5,1,6.656028103078649,5.286508323021265,10.643003463234004,0.3,0.16666666666666666,0.65,0.9043180047305884,0.7936219887757441,0
user_6177,2021-03-13 06:42:00,22,7,5,1,3,1,14,18,5,9,20,5,1,4.685357245426659,2.7260217875931625,4.013698733760425,0.22727272727272727,0.2,0.3181818181818182,0.45871273050624306,0.5168192702761905,1
user_6178,2021-03-13 06:57:00,16,14,4,0,3,0,7,7,15,18,13,5,1,7.670518161217614,7.421720941781339,9.623030610621646,0.25,0.0,0.875,0.15419151691271135,0.23926331455233035,0
user_6179,2021-03-13 07:12:00,18,11,4,2,2,0,15,17,19,12,16,5,1,5.114876805836071,5.746885257012688,9.703142743689758,0.2222222222222222,0.5,0.6111111111111112,0.4052461731107788,0.5751657113368696,0
user_6180,2021-03-13 07:27:00,16,7,9,0,3,1,19,5,8,16,17,5,1,5.443815643616134,1.1272417458780042,7.636177072694961,0.5625,0.0,0.4375,0.28881526341616237,0.16523395683649073,0
user_6181,2021-03-13 07:42:00,23,14,11,1,1,1,15,19,19,7,20,5,1,5.386369029254837,4.098335912727614,7.811967907599678,0.4782608695652174,0.09090909090909091,0.6086956521739131,0.7322702055805985,0.6245150295908664,0
user_6182,2021-03-13 07:57:00,13,10,8,2,3,0,11,12,15,9,18,5,1,7.8399139670607685,1.3541979879981663,5.4461635676969875,0.6153846153846154,0.25,0.7692307692307693,0.9626758078807048,0.9773040018264698,1
user_6183,2021-03-13 08:12:00,25,8,3,1,1,0,11,8,19,9,6,5,1,1.9754072208154814,1.9654384115450965,4.685045497306137,0.12,0.3333333333333333,0.32,0.5543047695685636,0.4444508012785219,0
user_6184,2021-03-13 08:27:00,20,14,7,0,0,0,20,12,18,12,16,5,1,4.205273398485203,4.27658159662766,10.083716031962709,0.35,0.0,0.7,0.6566567266666152,0.7071743308860897,0
user_6185,2021-03-13 08:42:00,15,16,2,2,0,0,14,8,6,20,8,5,1,7.386774535799639,3.976769432275722,5.219668883541705,0.13333333333333333,1.0,1.0666666666666667,0.43665616205682956,0.7525559527594221,0
user_6186,2021-03-13 08:57:00,20,10,8,1,3,0,8,14,5,9,13,5,1,6.69986378261644,5.038758019353275,3.8253882432556026,0.4,0.125,0.5,0.4366472136425027,0.2928808133507233,0
user_6187,2021-03-13 09:12:00,22,11,6,0,3,1,10,11,5,18,17,5,1,9.232301356448106,3.477985375570063,1.2016619460729272,0.2727272727272727,0.0,0.5,0.41491341820283845,0.6880980216429925,0
user_6188,2021-03-13 09:27:00,19,11,8,1,3,2,5,14,19,8,5,5,1,3.542812255957841,0.6085604470362751,5.9197159991325075,0.42105263157894735,0.125,0.5789473684210527,0.1432314395946917,0.9621046898218004,0
user_6189,2021-03-13 09:42:00,27,17,6,2,2,0,12,20,13,14,9,5,1,6.1692313395098966,7.730935470135217,9.020945903939532,0.2222222222222222,0.3333333333333333,0.6296296296296297,0.14609551975860108,0.9270854923869056,0
user_6190,2021-03-13 09:57:00,23,10,14,1,0,0,16,7,6,17,19,5,1,6.48483242887743,7.86199334535926,10.27861222490414,0.6086956521739131,0.07142857142857142,0.43478260869565216,0.40176779348602387,0.7201778416580775,0
user_6191,2021-03-13 10:12:00,13,18,8,2,3,1,17,8,18,17,8,5,1,3.9127687627102827,4.0084675757096955,6.721447434361615,0.6153846153846154,0.25,1.3846153846153846,0.6861740427050775,0.18260472371962244,0
user_6192,2021-03-13 10:27:00,25,7,9,0,1,1,13,13,5,12,14,5,1,9.174035798476009,5.327498762020594,6.391615309362898,0.36,0.0,0.28,0.879641932696353,0.2016580825641967,0
user_6193,2021-03-13 10:42:00,24,8,9,2,0,1,18,6,6,13,18,5,1,2.15968009344601,2.6597684820281815,7.383777806599135,0.375,0.2222222222222222,0.3333333333333333,0.45263400712601987,0.20242631126286653,0
user_6194,2021-03-13 10:57:00,15,7,9,0,1,1,16,17,11,8,10,5,1,3.98326226564388,7.212314882369609,9.928393198734828,0.6,0.0,0.4666666666666667,0.13401292921849395,0.7216339131564331,0
user_6195,2021-03-13 11:12:00,25,16,8,0,3,0,13,13,11,7,13,5,1,1.5451068483882364,0.6308344819949707,10.402931291082783,0.32,0.0,0.64,0.9429095022885554,0.8853143141009391,0
user_6196,2021-03-13 11:27:00,17,9,2,1,0,0,10,6,11,13,19,5,1,5.678891142389424,7.611145220784599,11.680826600146757,0.11764705882352941,0.5,0.5294117647058824,0.7823740290343207,0.9537443211856874,0
user_6197,2021-03-13 11:42:00,25,4,5,0,2,0,8,10,18,11,9,5,1,7.3765278357574005,2.3394318570226784,4.205295301075399,0.2,0.0,0.16,0.7082913915057736,0.8675946434547339,1
user_6198,2021-03-13 11:57:00,18,6,3,1,1,0,9,19,15,10,15,5,1,7.860002202314098,4.8033183244156366,5.882222905878403,0.16666666666666666,0.3333333333333333,0.3333333333333333,0.6299338276322277,0.3579828094780053,1
user_6199,2021-03-13 12:12:00,18,11,4,1,1,1,9,14,10,5,6,5,1,9.943068094608055,6.16402873243904,1.0439951264633534,0.2222222222222222,0.25,0.6111111111111112,0.8128764547806663,0.1999502012567414,0
user_6200,2021-03-13 12:27:00,19,18,5,1,3,1,18,12,9,5,16,5,1,9.730195395906625,0.7424060056499444,3.7793405494617476,0.2631578947368421,0.2,0.9473684210526315,0.9213139266387615,0.2710564024447128,0
user_6201,2021-03-13 12:42:00,23,12,6,1,0,0,18,16,9,20,15,5,1,6.872851315122996,0.567357033644217,3.3711524182110493,0.2608695652173913,0.16666666666666666,0.5217391304347826,0.44485276208373314,0.6623097098433012,0
user_6202,2021-03-13 12:57:00,25,3,7,0,2,1,15,20,11,13,6,5,1,6.369815680325141,0.9418922857173015,4.183037744758577,0.28,0.0,0.12,0.8061511709783128,0.8924131403918284,0
user_6203,2021-03-13 13:12:00,18,11,8,2,1,1,12,14,12,15,13,5,1,6.131065998863677,2.6878362771582647,10.271622983543303,0.4444444444444444,0.25,0.6111111111111112,0.7713615267085959,0.7061055591410155,0
user_6204,2021-03-13 13:27:00,20,12,4,0,3,0,19,20,8,6,20,5,1,5.7969676424579575,3.439557908068056,7.70350762704771,0.2,0.0,0.6,0.446898472891999,0.24564930300008547,1
user_6205,2021-03-13 13:42:00,19,7,6,2,4,0,20,6,17,17,14,5,1,1.5020078121724456,2.4350541814500564,5.549186688309264,0.3157894736842105,0.3333333333333333,0.3684210526315789,0.4556223738026881,0.8484156473184306,0
user_6206,2021-03-13 13:57:00,13,6,6,0,2,2,5,19,17,13,17,5,1,9.558965826206194,7.002309725265832,8.652559929096975,0.46153846153846156,0.0,0.46153846153846156,0.3003278676142624,0.6467681122533311,0
user_6207,2021-03-13 14:12:00,21,12,4,1,3,0,7,7,14,19,12,5,1,4.005666237763207,7.825426165098826,6.6724911506485185,0.19047619047619047,0.25,0.5714285714285714,0.17809091370853833,0.23603736075146692,0
user_6208,2021-03-13 14:27:00,23,9,8,0,4,0,11,18,7,9,7,5,1,3.5225937315260123,3.020326205536535,5.023814500012384,0.34782608695652173,0.0,0.391304347826087,0.6384434751317607,0.38870543527870005,0
user_6209,2021-03-13 14:42:00,14,9,5,1,1,1,7,9,7,14,13,5,1,0.9948311511100207,2.1515805768450726,8.367197890666356,0.35714285714285715,0.2,0.6428571428571429,0.4952538216925384,0.1664646446350585,0
user_6210,2021-03-13 14:57:00,22,6,13,1,3,1,11,14,20,13,18,5,1,8.140591328617749,1.183312333212049,6.316317916608614,0.5909090909090909,0.07692307692307693,0.2727272727272727,0.4654878976203968,0.39665400428439546,0
user_6211,2021-03-13 15:12:00,19,7,6,0,2,0,15,18,10,14,18,5,1,4.674792545392914,5.64383543809428,6.5545324990980784,0.3157894736842105,0.0,0.3684210526315789,0.8125419973112262,0.7455165602044719,0
user_6212,2021-03-13 15:27:00,16,14,4,0,2,0,18,20,9,11,16,5,1,3.2896492397781607,1.6807846734644099,8.795948718817455,0.25,0.0,0.875,0.8099071633279453,0.2063053670013384,0
user_6213,2021-03-13 15:42:00,25,14,8,1,2,1,20,9,17,20,10,5,1,6.373006525554581,0.7529548984193083,0.6921169470409158,0.32,0.125,0.56,0.27994158761325816,0.6633913214837418,0
user_6214,2021-03-13 15:57:00,32,11,6,2,2,1,10,16,14,15,16,5,1,9.53407794324244,7.9677284167624745,4.602253759511542,0.1875,0.3333333333333333,0.34375,0.8812622817220384,0.8343846052143693,0
user_6215,2021-03-13 16:12:00,28,10,7,0,1,2,20,13,7,17,5,5,1,1.933289821264501,7.666444544421449,9.573745125568273,0.25,0.0,0.35714285714285715,0.11762072304239658,0.42700903706816595,0
user_6216,2021-03-13 16:27:00,28,11,5,0,4,1,19,17,19,10,14,5,1,2.640402083524293,4.02888401926798,8.235605942920447,0.17857142857142858,0.0,0.39285714285714285,0.7494037767374012,0.35523392783700336,0
user_6217,2021-03-13 16:42:00,24,10,15,2,0,0,18,16,17,16,18,5,1,0.6795541193013475,1.7779825573117434,5.723462254312991,0.625,0.13333333333333333,0.4166666666666667,0.3753220831357589,0.3441835744701044,0
user_6218,2021-03-13 16:57:00,24,11,10,2,2,0,7,15,16,12,13,5,1,7.075125557890394,7.215457241279255,0.5883493177925994,0.4166666666666667,0.2,0.4583333333333333,0.6158614961404633,0.6159280474422922,0
user_6219,2021-03-13 17:12:00,18,8,6,0,1,0,5,19,18,17,9,5,1,1.9244859161977126,0.45904225310285873,7.444284778787033,0.3333333333333333,0.0,0.4444444444444444,0.5321634906649854,0.9350037039489519,0
user_6220,2021-03-13 17:27:00,9,14,7,0,1,1,8,15,17,17,13,5,1,5.246646362615601,0.382555835692158,11.673740099732685,0.7777777777777778,0.0,1.5555555555555556,0.477088491709159,0.6963698732203842,0
user_6221,2021-03-13 17:42:00,15,7,3,1,1,1,14,19,17,8,5,5,1,6.382538051304007,4.9715262233664665,11.283997680044147,0.2,0.3333333333333333,0.4666666666666667,0.2426212922644817,0.4726280724155455,0
user_6222,2021-03-13 17:57:00,25,15,2,0,1,0,15,9,8,5,11,5,1,7.482997688641197,6.546148132023071,0.872431669535517,0.08,0.0,0.6,0.8079593495763563,0.7195455255468939,0
user_6223,2021-03-13 18:12:00,15,10,9,0,4,0,13,20,18,17,8,5,1,6.598945421247256,7.00543497648693,1.1910561196389535,0.6,0.0,0.6666666666666666,0.4240957255153046,0.4449658894823716,0
user_6224,2021-03-13 18:27:00,23,5,4,0,3,0,16,18,5,11,17,5,1,8.899966298884598,5.193350253274257,10.51821907396302,0.17391304347826086,0.0,0.21739130434782608,0.9458602995135702,0.27143233952883933,0
user_6225,2021-03-13 18:42:00,17,8,9,0,1,1,6,17,11,19,17,5,1,9.142136273090278,6.39139940106141,5.797523824113022,0.5294117647058824,0.0,0.47058823529411764,0.8521094090907039,0.8101603510470332,0
user_6226,2021-03-13 18:57:00,21,11,3,1,2,0,19,11,19,10,7,5,1,9.627997231907734,1.1350734726703913,2.052418415286406,0.14285714285714285,0.3333333333333333,0.5238095238095238,0.8316241290718989,0.996620190076442,0
user_6227,2021-03-13 19:12:00,15,7,5,1,1,1,13,20,19,6,7,5,1,8.874346853265058,6.071290433559288,4.1636635817853005,0.3333333333333333,0.2,0.4666666666666667,0.4684846937620497,0.8400284894788372,0
user_6228,2021-03-13 19:27:00,17,9,6,0,0,0,9,6,8,9,19,5,1,7.9858709488118,0.45692933880200404,11.114384625233047,0.35294117647058826,0.0,0.5294117647058824,0.2333828961579374,0.7524057774892062,0
user_6229,2021-03-13 19:42:00,19,5,4,1,2,3,6,13,10,7,19,5,1,9.960461884660376,4.881160863477696,3.3222241938281303,0.21052631578947367,0.25,0.2631578947368421,0.11516921393278665,0.21185690940867113,0
user_6230,2021-03-13 19:57:00,22,12,2,1,3,0,7,17,13,10,11,5,1,8.3812497469624,0.8065313260491666,3.3060884636258008,0.09090909090909091,0.5,0.5454545454545454,0.11616487722491499,0.861777218173422,0
user_6231,2021-03-13 20:12:00,20,9,6,2,2,0,8,11,20,15,20,5,1,2.680116034411953,0.4421256658901729,4.23127254096804,0.3,0.3333333333333333,0.45,0.5739999193082799,0.829289829124097,0
user_6232,2021-03-13 20:27:00,27,7,5,1,4,1,6,5,5,17,18,5,1,2.758267823432604,5.555938751787907,2.397724964711723,0.18518518518518517,0.2,0.25925925925925924,0.37336583850722616,0.9326256856016376,0
user_6233,2021-03-13 20:42:00,15,6,12,1,2,0,13,5,6,16,9,5,1,8.482627796236773,0.16467930295068928,2.7687392845678973,0.8,0.08333333333333333,0.4,0.23492146158545577,0.7033979395406115,0
user_6234,2021-03-13 20:57:00,19,12,7,0,3,1,17,16,5,15,15,5,1,8.94751594696824,4.559148268619426,10.106335876571997,0.3684210526315789,0.0,0.631578947368421,0.9633549391762132,0.7530640327200152,0
user_6235,2021-03-13 21:12:00,22,9,5,1,1,1,14,20,18,16,15,5,1,0.6716699870324359,7.529454578766782,2.410856688268483,0.22727272727272727,0.2,0.4090909090909091,0.1392276440454154,0.8242141454839371,0
user_6236,2021-03-13 21:27:00,27,8,14,0,1,1,12,10,16,10,5,5,1,2.73514506050625,4.908125114773759,7.28118053043329,0.5185185185185185,0.0,0.2962962962962963,0.6992257266890718,0.9545256706001474,0
user_6237,2021-03-13 21:42:00,15,10,9,1,4,0,9,16,19,20,9,5,1,1.640493419507401,0.20748387275134644,7.087606354555298,0.6,0.1111111111111111,0.6666666666666666,0.9496754879387389,0.9651343227702001,0
user_6238,2021-03-13 21:57:00,17,11,7,3,3,0,8,11,7,18,9,5,1,2.5392674651557985,7.39952364470002,6.7042615143657,0.4117647058823529,0.42857142857142855,0.6470588235294118,0.10023500412400119,0.6009240774143609,0
user_6239,2021-03-13 22:12:00,14,10,5,1,1,0,19,10,13,9,19,5,1,2.500533373067809,4.8123491645746475,6.210418460946356,0.35714285714285715,0.2,0.7142857142857143,0.6108709349690009,0.18109701600324324,0
user_6240,2021-03-13 22:27:00,18,9,14,3,2,0,13,11,19,7,9,5,1,5.415988321640338,3.277559709934206,1.2349711349025982,0.7777777777777778,0.21428571428571427,0.5,0.4142212179084499,0.8129408311673132,0
user_6241,2021-03-13 22:42:00,19,4,7,2,1,1,6,7,13,14,10,5,1,2.8940124543269716,1.1621080840253992,5.653355264900172,0.3684210526315789,0.2857142857142857,0.21052631578947367,0.5282667799253468,0.6351987423684663,0
user_6242,2021-03-13 22:57:00,24,9,7,0,0,1,17,13,13,14,19,5,1,5.057739626803606,5.124894921280932,5.757227941878752,0.2916666666666667,0.0,0.375,0.16351518886869332,0.6333025903408013,0
user_6243,2021-03-13 23:12:00,21,14,6,0,2,1,18,18,18,11,9,5,1,5.844931350259564,2.6259786453002905,5.859677025520423,0.2857142857142857,0.0,0.6666666666666666,0.6961692777674231,0.11448317383559897,0
user_6244,2021-03-13 23:27:00,25,12,3,0,2,2,5,8,13,8,17,5,1,1.6216300152297405,0.9987005288531642,8.245719791274388,0.12,0.0,0.48,0.7258686779090889,0.2591484653023328,0
user_6245,2021-03-13 23:42:00,14,12,9,0,1,2,9,11,14,13,18,5,1,6.808164623231713,6.457254676575342,3.542406269137625,0.6428571428571429,0.0,0.8571428571428571,0.6594718544632909,0.48219037149591737,0
user_6246,2021-03-13 23:57:00,19,10,8,0,0,0,7,6,17,19,13,5,1,9.200155138244087,0.7557458270055427,10.323766453943415,0.42105263157894735,0.0,0.5263157894736842,0.2461193226748245,0.6834820744570724,0
user_6247,2021-03-14 00:12:00,25,9,5,0,3,1,15,10,18,12,9,6,1,6.160725895422017,3.2991888872169657,8.224217502250488,0.2,0.0,0.36,0.3323723009249052,0.32948867148924205,0
user_6248,2021-03-14 00:27:00,27,8,8,0,2,1,11,7,9,8,19,6,1,3.443332460565508,5.596205220295866,2.018104903317101,0.2962962962962963,0.0,0.2962962962962963,0.8604610664030399,0.8515143510369506,0
user_6249,2021-03-14 00:42:00,24,13,10,0,1,1,16,10,20,19,6,6,1,7.84786080284054,1.212375087636308,1.5778601598286939,0.4166666666666667,0.0,0.5416666666666666,0.3090106756988022,0.5271344007474134,0
user_6250,2021-03-14 00:57:00,17,7,4,1,1,0,7,5,11,16,20,6,1,6.94199940034128,0.8826565416202039,4.368324403795643,0.23529411764705882,0.25,0.4117647058823529,0.23069107498005634,0.7736489245878753,0
user_6251,2021-03-14 01:12:00,23,11,5,0,1,0,16,18,12,11,15,6,1,4.565579433201687,5.936885133625044,5.4895086369346915,0.21739130434782608,0.0,0.4782608695652174,0.24812832757011005,0.1726494778974964,0
user_6252,2021-03-14 01:27:00,33,6,3,1,3,0,18,8,19,13,17,6,1,9.39902657490374,1.2046638721544878,2.5170663505105635,0.09090909090909091,0.3333333333333333,0.18181818181818182,0.8657414796887835,0.7618963383715857,0
user_6253,2021-03-14 01:42:00,21,8,6,0,1,2,14,17,11,5,8,6,1,1.1705759773040192,6.877053409823499,7.421205244420371,0.2857142857142857,0.0,0.38095238095238093,0.13286726868702653,0.6014551320143371,0
user_6254,2021-03-14 01:57:00,20,9,10,2,4,0,15,7,17,15,9,6,1,1.7142985654812717,0.6127314617118442,5.02887982979785,0.5,0.2,0.45,0.34983099615069446,0.8324482465434926,0
user_6255,2021-03-14 02:12:00,13,7,3,2,4,1,6,12,18,15,12,6,1,1.191398367624038,1.542825601892876,4.124305904282569,0.23076923076923078,0.6666666666666666,0.5384615384615384,0.10942027633286436,0.9669350424769132,0
user_6256,2021-03-14 02:27:00,18,12,3,2,4,0,13,9,18,9,17,6,1,0.8591221959846577,7.650341816192446,3.454170089418333,0.16666666666666666,0.6666666666666666,0.6666666666666666,0.20667642206163617,0.6411233453077737,0
user_6257,2021-03-14 02:42:00,20,14,8,2,3,1,13,10,11,13,9,6,1,7.497620165396641,2.821203823945419,5.366206142400577,0.4,0.25,0.7,0.42453059469134247,0.8467686428202582,0
user_6258,2021-03-14 02:57:00,21,6,4,0,2,0,8,16,17,17,7,6,1,2.5880788452391363,4.923372121452345,5.017159276835182,0.19047619047619047,0.0,0.2857142857142857,0.9639945667293582,0.25313972184063416,0
user_6259,2021-03-14 03:12:00,13,10,8,3,2,1,8,16,18,9,19,6,1,8.18276758443706,0.5874751573351972,10.026714752875323,0.6153846153846154,0.375,0.7692307692307693,0.6693450203543515,0.4434748272715743,0
user_6260,2021-03-14 03:27:00,29,4,4,2,0,1,14,6,8,20,12,6,1,3.140313462603301,5.245238121794353,5.07973349793,0.13793103448275862,0.5,0.13793103448275862,0.20624602684842297,0.4344072937267083,0
user_6261,2021-03-14 03:42:00,20,12,4,1,3,0,5,10,10,19,13,6,1,6.5725384284919235,1.3817014617327295,0.7944893401043902,0.2,0.25,0.6,0.22621262449122775,0.8447417665865066,0
user_6262,2021-03-14 03:57:00,17,9,8,1,3,2,15,11,5,8,13,6,1,4.0949894554862745,2.4184846379680365,2.6026395547219012,0.47058823529411764,0.125,0.5294117647058824,0.5404394702905243,0.5989925213408671,0
user_6263,2021-03-14 04:12:00,17,14,3,0,2,0,12,9,13,9,9,6,1,2.246955817202274,1.8220391114467507,6.024364886654153,0.17647058823529413,0.0,0.8235294117647058,0.6980940035217413,0.2494802290430332,0
user_6264,2021-03-14 04:27:00,14,7,4,2,1,0,18,17,5,19,17,6,1,5.423068292253735,6.4705373667389114,6.2254998280841045,0.2857142857142857,0.5,0.5,0.7578163888759453,0.4890788471633485,0
user_6265,2021-03-14 04:42:00,24,9,9,1,2,1,16,16,5,18,16,6,1,4.55452801667495,6.270229214354126,6.935256076948389,0.375,0.1111111111111111,0.375,0.13906446304574077,0.1792244728361182,0
user_6266,2021-03-14 04:57:00,25,13,8,0,3,0,15,15,14,12,5,6,1,4.938927975544468,2.0666142309418047,4.97316686210466,0.32,0.0,0.52,0.8864420512624148,0.4351752996597752,0
user_6267,2021-03-14 05:12:00,18,11,7,0,3,1,12,15,16,11,17,6,1,3.901817148526206,0.9924362653030743,4.854291067986566,0.3888888888888889,0.0,0.6111111111111112,0.6228868793771926,0.32435783186988776,0
user_6268,2021-03-14 05:27:00,13,6,5,0,2,0,14,15,12,19,16,6,1,6.312781716905334,4.519560681814707,5.524981883919352,0.38461538461538464,0.0,0.46153846153846156,0.5067245531695574,0.7599532488123667,0
user_6269,2021-03-14 05:42:00,22,9,5,2,2,2,19,15,7,14,12,6,1,1.043968226355373,4.329498688903549,11.243296171502047,0.22727272727272727,0.4,0.4090909090909091,0.22399557161583483,0.5933393361568482,0
user_6270,2021-03-14 05:57:00,17,6,3,0,2,0,5,5,9,17,15,6,1,8.781406071898346,6.3968693607052085,0.6612628710676405,0.17647058823529413,0.0,0.35294117647058826,0.612863129539156,0.39722527220514525,0
user_6271,2021-03-14 06:12:00,24,11,7,1,0,0,7,11,12,13,11,6,1,1.5909566810260312,5.329707034860816,2.837352385712579,0.2916666666666667,0.14285714285714285,0.4583333333333333,0.4680850253546326,0.1305355521018833,0
user_6272,2021-03-14 06:27:00,18,20,5,3,2,1,7,6,13,6,5,6,1,7.040886982423757,7.361930218970502,6.877080856985944,0.2777777777777778,0.6,1.1111111111111112,0.4883256233832738,0.8380110534747899,1
user_6273,2021-03-14 06:42:00,14,5,6,1,2,1,13,14,19,11,6,6,1,5.370411574319585,4.321001342197199,4.551406687638889,0.42857142857142855,0.16666666666666666,0.35714285714285715,0.2553866282957781,0.9713588324135124,0
user_6274,2021-03-14 06:57:00,16,12,7,0,1,1,17,15,8,12,13,6,1,0.8635740418216674,4.311296902467964,8.67100748262396,0.4375,0.0,0.75,0.9621059837707139,0.950520157912552,0
user_6275,2021-03-14 07:12:00,16,10,4,1,4,0,15,17,16,20,17,6,1,2.598783919826272,5.283445750482011,5.124627419421614,0.25,0.25,0.625,0.6711831232258606,0.3443117190879583,0
user_6276,2021-03-14 07:27:00,21,10,6,1,4,0,15,13,14,8,9,6,1,5.179988102774033,0.9759482296554515,9.080904647407307,0.2857142857142857,0.16666666666666666,0.47619047619047616,0.11689421920906318,0.7025591418341328,0
user_6277,2021-03-14 07:42:00,19,13,8,1,1,1,9,8,18,10,18,6,1,9.23926373617781,6.013079073582781,8.228472619646398,0.42105263157894735,0.125,0.6842105263157895,0.6791979095434124,0.5439997463709355,0
user_6278,2021-03-14 07:57:00,31,9,7,2,1,0,6,17,8,11,7,6,1,0.648573736903289,1.1534369126875714,1.8426591757587767,0.22580645161290322,0.2857142857142857,0.2903225806451613,0.7564064892108,0.49845203315438735,0
user_6279,2021-03-14 08:12:00,25,12,4,1,1,1,10,16,14,13,12,6,1,5.453436532457958,4.874835312839961,3.908150480067281,0.16,0.25,0.48,0.18455842057263122,0.1657097038302578,0
user_6280,2021-03-14 08:27:00,33,8,1,0,2,0,17,14,17,19,15,6,1,1.3722649960352027,6.548634714786806,4.392806951913824,0.030303030303030304,0.0,0.24242424242424243,0.7394622526094397,0.6399079256487088,0
user_6281,2021-03-14 08:42:00,21,8,7,1,1,1,6,5,10,13,11,6,1,0.46882940725984157,5.350673375864677,6.263860973390757,0.3333333333333333,0.14285714285714285,0.38095238095238093,0.12284664699547919,0.60596159508914,0
user_6282,2021-03-14 08:57:00,19,11,7,0,0,0,20,8,14,11,13,6,1,5.017674644687969,7.331335333698638,7.956876713797305,0.3684210526315789,0.0,0.5789473684210527,0.10902715842937122,0.6267970137938074,0
user_6283,2021-03-14 09:12:00,26,8,3,0,4,1,13,15,11,12,11,6,1,6.847700122301303,7.536164364473289,8.407387509358113,0.11538461538461539,0.0,0.3076923076923077,0.513122132027868,0.6237700479865397,0
user_6284,2021-03-14 09:27:00,18,10,5,0,3,0,19,8,18,5,8,6,1,1.7278997006548271,0.3031399797931976,7.792760258960494,0.2777777777777778,0.0,0.5555555555555556,0.6671879709687767,0.46513526506047687,1
user_6285,2021-03-14 09:42:00,36,11,6,1,0,0,10,20,8,6,5,6,1,2.866051529184102,1.1669926370741657,1.683183207571985,0.16666666666666666,0.16666666666666666,0.3055555555555556,0.9152422433772699,0.3742307591168935,0
user_6286,2021-03-14 09:57:00,16,6,9,1,3,0,14,20,5,17,18,6,1,0.9531877139270091,7.053804633820316,8.368585597918266,0.5625,0.1111111111111111,0.375,0.157183455001497,0.848011783490288,0
user_6287,2021-03-14 10:12:00,15,10,6,0,2,1,5,20,15,19,7,6,1,8.541715508607002,6.375549842991774,5.489095082967099,0.4,0.0,0.6666666666666666,0.12972038214158363,0.93224588534316,0
user_6288,2021-03-14 10:27:00,19,8,7,2,0,0,14,9,7,10,15,6,1,0.13291041963294148,0.5849207365557336,7.110125305908179,0.3684210526315789,0.2857142857142857,0.42105263157894735,0.29793744246656095,0.8872541563277776,0
user_6289,2021-03-14 10:42:00,19,7,5,0,2,0,17,16,8,16,14,6,1,0.5150990669240908,2.024476423212854,10.920155397290472,0.2631578947368421,0.0,0.3684210526315789,0.116958729209715,0.7328773504706777,1
user_6290,2021-03-14 10:57:00,15,12,8,0,1,0,10,5,20,20,15,6,1,1.6202366111270678,5.115763318974947,7.5347280716608305,0.5333333333333333,0.0,0.8,0.5628918841112128,0.4940166913081314,0
user_6291,2021-03-14 11:12:00,12,10,5,0,2,0,13,10,5,5,5,6,1,9.728569955460067,7.792188915517484,3.5601820509338724,0.4166666666666667,0.0,0.8333333333333334,0.14093177115272434,0.24775625262427525,0
user_6292,2021-03-14 11:27:00,22,9,8,1,2,0,19,13,17,16,16,6,1,5.391958070137468,0.1754136558577747,3.644186428068907,0.36363636363636365,0.125,0.4090909090909091,0.6718825729313982,0.5522196654123015,0
user_6293,2021-03-14 11:42:00,19,11,4,0,2,1,13,19,14,9,10,6,1,2.261980256512917,1.5946943770936048,5.5713807878505115,0.21052631578947367,0.0,0.5789473684210527,0.23565507172063246,0.5748217980618407,0
user_6294,2021-03-14 11:57:00,15,9,5,0,2,1,12,11,17,10,10,6,1,2.3039916506589466,3.283906458412396,11.990451899596255,0.3333333333333333,0.0,0.6,0.7371682794237048,0.10758083913830674,0
user_6295,2021-03-14 12:12:00,26,4,3,2,0,0,17,18,7,8,7,6,1,0.9880228454684589,2.5478642814432844,8.690206750209029,0.11538461538461539,0.6666666666666666,0.15384615384615385,0.971582165864363,0.9562350458176025,0
user_6296,2021-03-14 12:27:00,22,7,9,0,1,1,14,12,5,7,17,6,1,9.358639334403291,5.460907459918679,11.0898365890285,0.4090909090909091,0.0,0.3181818181818182,0.8023706246702372,0.44651135816175125,0
user_6297,2021-03-14 12:42:00,16,8,9,0,2,0,5,13,12,15,11,6,1,2.5797070351558795,5.411877375075142,4.495395062183968,0.5625,0.0,0.5,0.480590196784356,0.6648192853936241,0
user_6298,2021-03-14 12:57:00,18,12,9,1,2,1,20,19,17,16,9,6,1,2.485166695494387,6.219516503613293,7.67456473660242,0.5,0.1111111111111111,0.6666666666666666,0.922536658801477,0.1582475111794211,0
user_6299,2021-03-14 13:12:00,24,7,10,2,3,1,12,20,16,10,14,6,1,2.9044151523192885,6.157672528786798,10.946337382655447,0.4166666666666667,0.2,0.2916666666666667,0.36532106416014487,0.5833089407728964,0
user_6300,2021-03-14 13:27:00,17,21,5,1,2,2,18,5,13,12,18,6,1,6.114300292308742,4.854584913546648,9.164143415368601,0.29411764705882354,0.2,1.2352941176470589,0.7675492082331583,0.1895658905632182,0
user_6301,2021-03-14 13:42:00,20,9,6,2,1,0,11,5,14,10,19,6,1,1.7088655217970432,5.7168321050119575,6.255785596708787,0.3,0.3333333333333333,0.45,0.12430292701570034,0.5134166203715567,1
user_6302,2021-03-14 13:57:00,18,5,6,1,3,0,12,16,8,18,13,6,1,4.696977108121447,5.13351452361142,8.093055711300693,0.3333333333333333,0.16666666666666666,0.2777777777777778,0.8797464074009645,0.6145599866535163,0
user_6303,2021-03-14 14:12:00,19,5,4,1,2,2,14,7,7,17,6,6,1,6.36376922489457,6.225181590290731,2.9426014931709266,0.21052631578947367,0.25,0.2631578947368421,0.5059903780797342,0.36858978346714233,0
user_6304,2021-03-14 14:27:00,17,7,5,3,3,0,14,11,8,13,9,6,1,6.893724476361081,7.842047971238528,1.9377332658064166,0.29411764705882354,0.6,0.4117647058823529,0.7046786840756837,0.7414766383258631,0
user_6305,2021-03-14 14:42:00,18,7,6,1,2,0,13,6,5,5,15,6,1,3.613106565944081,4.930936166296676,6.407805474208597,0.3333333333333333,0.16666666666666666,0.3888888888888889,0.5540039462276125,0.4881663357390692,0
user_6306,2021-03-14 14:57:00,19,5,8,1,2,1,11,7,19,5,16,6,1,8.069301693720917,7.608473395226693,1.940260757346426,0.42105263157894735,0.125,0.2631578947368421,0.6821876409288723,0.1486991544179775,0
user_6307,2021-03-14 15:12:00,21,9,3,0,1,2,9,11,18,5,16,6,1,5.118871240543544,1.778030179016837,6.691592585720583,0.14285714285714285,0.0,0.42857142857142855,0.423038693074565,0.379394252591874,0
user_6308,2021-03-14 15:27:00,22,8,7,2,1,0,17,10,19,15,5,6,1,7.756584034169858,0.5578402426060947,7.043550349284184,0.3181818181818182,0.2857142857142857,0.36363636363636365,0.9038453825371532,0.12480287896028397,0
user_6309,2021-03-14 15:42:00,19,15,3,0,3,1,6,9,20,18,18,6,1,6.707987324423827,0.4372501945450743,6.705786218005921,0.15789473684210525,0.0,0.7894736842105263,0.6874991119304914,0.6987417844477315,0
user_6310,2021-03-14 15:57:00,21,8,9,0,1,1,7,9,16,10,6,6,1,7.408594056935466,1.9877869005808473,9.93524095347773,0.42857142857142855,0.0,0.38095238095238093,0.5727884107917344,0.11061084045128294,0
user_6311,2021-03-14 16:12:00,14,15,8,2,4,0,9,7,17,6,12,6,1,9.99766157690413,1.6741719855960135,4.83970245987089,0.5714285714285714,0.25,1.0714285714285714,0.11814240844905213,0.3587790791748684,0
user_6312,2021-03-14 16:27:00,13,10,7,2,2,1,8,13,13,16,18,6,1,1.1803805092642157,6.373391481127366,0.7161673303496947,0.5384615384615384,0.2857142857142857,0.7692307692307693,0.8991162252501691,0.25889827114505315,0
user_6313,2021-03-14 16:42:00,24,15,12,0,2,1,17,11,14,13,17,6,1,7.2145630939632515,4.5775430140665145,7.29901270922573,0.5,0.0,0.625,0.2463605300481185,0.32837479789475543,0
user_6314,2021-03-14 16:57:00,24,10,6,0,1,0,10,8,13,9,20,6,1,0.5719987826219689,6.592461389808399,6.835310756134233,0.25,0.0,0.4166666666666667,0.6483856485436259,0.6250743323641762,0
user_6315,2021-03-14 17:12:00,18,17,4,0,1,0,6,18,17,15,10,6,1,8.694950297868072,2.8285116394066816,7.220442874295538,0.2222222222222222,0.0,0.9444444444444444,0.8867583532142116,0.7705847852560745,0
user_6316,2021-03-14 17:27:00,15,6,5,2,1,1,6,6,14,10,9,6,1,1.2528379316361538,5.317496197400287,9.332295855853726,0.3333333333333333,0.4,0.4,0.32145381530913425,0.4455645184457866,0
user_6317,2021-03-14 17:42:00,17,14,5,0,3,2,19,20,6,11,19,6,1,4.359437161047882,0.7869585419972843,1.327606609994656,0.29411764705882354,0.0,0.8235294117647058,0.12323212732146399,0.4414778800936914,0
user_6318,2021-03-14 17:57:00,26,11,5,2,1,1,15,19,9,18,8,6,1,6.729858074938777,3.9759074933660044,4.980383069169036,0.19230769230769232,0.4,0.4230769230769231,0.5239224205650567,0.1496138340978405,0
user_6319,2021-03-14 18:12:00,21,10,9,2,2,1,13,5,20,11,7,6,1,1.0388218122105137,4.276682160444597,2.6078363234188706,0.42857142857142855,0.2222222222222222,0.47619047619047616,0.4302736127164941,0.7662322806805673,0
user_6320,2021-03-14 18:27:00,18,9,7,1,3,1,16,19,8,18,16,6,1,1.7655321528135561,6.498190036800714,10.610246837496279,0.3888888888888889,0.14285714285714285,0.5,0.9198814968106407,0.9133718550439929,1
user_6321,2021-03-14 18:42:00,10,7,5,1,2,2,7,18,15,8,15,6,1,9.373483832907954,0.2791945438131415,7.191933016758622,0.5,0.2,0.7,0.16740242044913445,0.8923405387829331,0
user_6322,2021-03-14 18:57:00,30,8,9,1,3,2,12,5,11,12,20,6,1,0.5948286219442558,5.013843443364019,7.872721841519442,0.3,0.1111111111111111,0.26666666666666666,0.1640188304200087,0.736580191698804,0
user_6323,2021-03-14 19:12:00,26,9,6,1,3,1,8,11,20,11,11,6,1,5.868828500542139,7.316589911028034,2.347226785838643,0.23076923076923078,0.16666666666666666,0.34615384615384615,0.6330473644473313,0.9382414366052012,0
user_6324,2021-03-14 19:27:00,20,5,5,2,2,1,19,9,10,14,12,6,1,6.916389822563721,3.912553216441149,1.917924843703072,0.25,0.4,0.25,0.6539493120480551,0.5517979066707845,0
user_6325,2021-03-14 19:42:00,20,10,7,2,2,1,5,10,11,14,13,6,1,5.256932378996839,2.0962202122661195,1.1459947287381882,0.35,0.2857142857142857,0.5,0.9241415456616273,0.28618917918067643,0
user_6326,2021-03-14 19:57:00,25,9,6,1,1,0,19,17,16,5,8,6,1,2.618557174229569,5.098643004890655,7.766191907918839,0.24,0.16666666666666666,0.36,0.5640194701547543,0.7444755686804166,0
user_6327,2021-03-14 20:12:00,29,17,3,0,2,1,13,8,15,6,11,6,1,6.840547584713069,4.839247878260103,10.861487959513664,0.10344827586206896,0.0,0.5862068965517241,0.3628976887576003,0.8419233539423614,0
user_6328,2021-03-14 20:27:00,16,7,2,1,2,0,8,20,14,9,17,6,1,6.112917956671543,7.017343941722948,7.550813453379671,0.125,0.5,0.4375,0.20595490894473295,0.4780370791202574,0
user_6329,2021-03-14 20:42:00,22,6,6,0,2,2,8,7,20,13,15,6,1,5.712496892864427,7.552309012847577,7.746054579695733,0.2727272727272727,0.0,0.2727272727272727,0.14978331934637845,0.5805507998340694,0
user_6330,2021-03-14 20:57:00,18,3,9,1,1,0,15,20,6,5,7,6,1,4.350703737457559,7.332651505758652,9.977352404129837,0.5,0.1111111111111111,0.16666666666666666,0.829991303788439,0.938670885548201,0
user_6331,2021-03-14 21:12:00,17,9,3,1,0,1,20,14,11,20,12,6,1,9.2212985571114,3.5709313090379737,10.309225611985642,0.17647058823529413,0.3333333333333333,0.5294117647058824,0.8125120125082025,0.9013681343958178,0
user_6332,2021-03-14 21:27:00,14,11,3,0,1,0,15,12,14,12,19,6,1,7.926014363940271,5.2182546809045,5.190043339478748,0.21428571428571427,0.0,0.7857142857142857,0.6415439032920816,0.16358451767302462,0
user_6333,2021-03-14 21:42:00,19,6,5,1,0,1,13,10,9,8,6,6,1,4.2464547630795035,7.776884688461971,8.715525799224244,0.2631578947368421,0.2,0.3157894736842105,0.3576029227438703,0.15935834114294717,0
user_6334,2021-03-14 21:57:00,20,8,9,0,1,0,18,5,20,19,13,6,1,0.8641591727559756,5.559462900119782,10.44983647042434,0.45,0.0,0.4,0.817040989313455,0.6158390899238576,1
user_6335,2021-03-14 22:12:00,20,12,7,0,1,1,19,20,17,16,15,6,1,9.233550324027547,4.440060468723799,5.684270599800147,0.35,0.0,0.6,0.7560977538098222,0.2818453129446223,0
user_6336,2021-03-14 22:27:00,16,15,4,0,0,0,10,20,8,8,13,6,1,6.356702751794714,4.649826876073396,0.8413095868503857,0.25,0.0,0.9375,0.1798656552307244,0.7243402857630619,1
user_6337,2021-03-14 22:42:00,21,16,6,0,4,0,20,10,7,11,12,6,1,9.572640555259666,0.27821992367392673,10.612975630473853,0.2857142857142857,0.0,0.7619047619047619,0.17232255100355348,0.8594156203394765,0
user_6338,2021-03-14 22:57:00,24,7,6,1,1,0,12,14,17,20,6,6,1,4.184352469319239,7.147707946518884,11.3594089216391,0.25,0.16666666666666666,0.2916666666666667,0.14840944125173525,0.6791680907486023,0
user_6339,2021-03-14 23:12:00,19,13,6,0,1,0,14,12,11,7,10,6,1,5.89403184484983,5.853166459095268,8.117625931467673,0.3157894736842105,0.0,0.6842105263157895,0.7951801478999584,0.8068771078407365,0
user_6340,2021-03-14 23:27:00,22,14,7,1,1,1,13,18,17,18,15,6,1,1.1082635891867356,0.792939606716874,0.660436484047711,0.3181818181818182,0.14285714285714285,0.6363636363636364,0.14002481143346596,0.4125807428132453,0
user_6341,2021-03-14 23:42:00,21,8,6,2,2,1,6,5,11,11,10,6,1,6.204507503227621,7.76219221067382,9.667973422869693,0.2857142857142857,0.3333333333333333,0.38095238095238093,0.938189689937018,0.9625484039159325,0
user_6342,2021-03-14 23:57:00,14,11,5,1,1,1,8,18,9,14,13,6,1,4.706680149893044,3.6457609923615237,3.829668172635852,0.35714285714285715,0.2,0.7857142857142857,0.6825331059764904,0.11787298320058733,0
user_6343,2021-03-15 00:12:00,18,11,8,0,4,1,17,19,14,5,11,0,0,5.027015251763212,5.523472852338243,10.854207446745416,0.4444444444444444,0.0,0.6111111111111112,0.8909598245706954,0.5306746876171409,0
user_6344,2021-03-15 00:27:00,20,10,4,0,1,0,16,19,15,19,5,0,0,0.5629240536328194,1.234602349632254,5.592797220703137,0.2,0.0,0.5,0.14182303919450856,0.8321959715051427,1
user_6345,2021-03-15 00:42:00,17,7,7,1,3,0,14,19,17,13,14,0,0,2.0255634399887454,6.034272762162408,11.720884908654527,0.4117647058823529,0.14285714285714285,0.4117647058823529,0.9774390240805295,0.9900491669152056,0
user_6346,2021-03-15 00:57:00,28,12,5,1,5,0,9,18,14,19,17,0,0,3.0187336735321506,4.9582741831262584,2.156623823006089,0.17857142857142858,0.2,0.42857142857142855,0.6377770305888801,0.8089823875429196,0
user_6347,2021-03-15 01:12:00,16,11,7,0,0,1,6,14,10,13,12,0,0,2.9536398761664335,4.4915567939159375,0.9833768230218791,0.4375,0.0,0.6875,0.482545352785105,0.7647032325868185,0
user_6348,2021-03-15 01:27:00,16,9,1,2,3,1,20,17,12,15,13,0,0,4.641573978826717,7.391371564187528,0.7049181139485625,0.0625,2.0,0.5625,0.17593600949097318,0.6514875119458814,0
user_6349,2021-03-15 01:42:00,24,11,4,2,3,1,5,6,19,9,9,0,0,6.005415089200316,7.366606447685704,11.351271897311921,0.16666666666666666,0.5,0.4583333333333333,0.9312525752810344,0.6011520660312674,0
user_6350,2021-03-15 01:57:00,26,10,11,1,2,1,11,19,13,20,12,0,0,3.1204617858794004,0.2555729056598284,3.4339685412208034,0.4230769230769231,0.09090909090909091,0.38461538461538464,0.45509397790948947,0.9120538666717013,0
user_6351,2021-03-15 02:12:00,15,8,5,1,2,0,12,8,6,5,17,0,0,0.3377308779467493,7.062965999384506,8.88695516706766,0.3333333333333333,0.2,0.5333333333333333,0.6953578218792136,0.7680854350632366,0
user_6352,2021-03-15 02:27:00,21,8,5,0,3,0,17,11,15,7,15,0,0,8.476513512157611,3.143265076300655,11.658070788216179,0.23809523809523808,0.0,0.38095238095238093,0.14344803039527457,0.9393544584239324,0
user_6353,2021-03-15 02:42:00,20,8,3,1,1,2,12,9,7,16,15,0,0,5.740590950042303,4.173576883777808,2.5918105552237556,0.15,0.3333333333333333,0.4,0.8959732267308751,0.9965855238875206,1
user_6354,2021-03-15 02:57:00,32,10,9,0,1,1,14,17,9,6,6,0,0,9.83418209667991,7.868639353563278,1.4503892616155343,0.28125,0.0,0.3125,0.7179747993911783,0.5763757621342338,0
user_6355,2021-03-15 03:12:00,24,7,5,1,3,1,7,20,14,14,16,0,0,8.418739053588574,5.744039521581869,10.458204720579932,0.20833333333333334,0.2,0.2916666666666667,0.24904192401416927,0.7165764108345768,0
user_6356,2021-03-15 03:27:00,25,6,5,0,3,0,5,11,17,12,17,0,0,0.14404158070072398,7.195890549927354,9.78213779943474,0.2,0.0,0.24,0.9457400360828497,0.5975850279460512,0
user_6357,2021-03-15 03:42:00,17,8,5,1,3,0,5,16,7,12,6,0,0,8.831725594754639,5.921954875724424,8.946293456814795,0.29411764705882354,0.2,0.47058823529411764,0.9224776762662223,0.33070095768530605,0
user_6358,2021-03-15 03:57:00,21,7,7,1,2,2,8,8,14,7,12,0,0,8.675466754254893,5.7648506789510465,6.474204804822786,0.3333333333333333,0.14285714285714285,0.3333333333333333,0.1457560397324896,0.9011056135376708,0
user_6359,2021-03-15 04:12:00,26,12,2,1,1,0,14,17,16,19,10,0,0,9.015584261622735,5.430296127482156,3.3355923349212375,0.07692307692307693,0.5,0.46153846153846156,0.6778734870538703,0.14999731128455485,0
user_6360,2021-03-15 04:27:00,23,13,8,1,3,0,7,14,15,10,8,0,0,7.108067551647781,0.20503591565679738,9.358527929903314,0.34782608695652173,0.125,0.5652173913043478,0.17703354252691056,0.7375098375951751,1
user_6361,2021-03-15 04:42:00,22,10,6,1,3,0,7,6,19,8,8,0,0,3.2374796597119846,3.6079001740010423,9.969921972298241,0.2727272727272727,0.16666666666666666,0.45454545454545453,0.504357770502356,0.7366632817981189,0
user_6362,2021-03-15 04:57:00,19,6,6,2,3,0,13,19,15,5,13,0,0,8.908871712266928,1.1535616376008413,5.259762395400397,0.3157894736842105,0.3333333333333333,0.3157894736842105,0.9885851310571101,0.7232912066013378,0
user_6363,2021-03-15 05:12:00,12,12,6,0,5,0,19,19,16,15,5,0,0,7.84636443651028,4.9070549074683205,1.7294986000103512,0.5,0.0,1.0,0.17893789486961156,0.39666551389381266,0
user_6364,2021-03-15 05:27:00,26,4,12,1,2,0,16,5,9,10,12,0,0,4.358706361357095,6.06152058719017,9.107341504318931,0.46153846153846156,0.08333333333333333,0.15384615384615385,0.29441096236161934,0.9081647447588318,0
user_6365,2021-03-15 05:42:00,27,8,8,0,0,0,15,7,16,15,19,0,0,5.694308551973969,0.7131654946736041,6.900423385042886,0.2962962962962963,0.0,0.2962962962962963,0.6539694810568438,0.8005001226255838,0
user_6366,2021-03-15 05:57:00,20,14,8,1,1,1,6,19,7,8,11,0,0,4.122983905648275,2.2804116016165774,9.578940898486435,0.4,0.125,0.7,0.5196431374613386,0.901141446358007,0
user_6367,2021-03-15 06:12:00,17,9,6,0,2,1,11,15,14,13,9,0,0,8.572000327217918,5.155887606701411,8.377431813501985,0.35294117647058826,0.0,0.5294117647058824,0.3478504934408412,0.8484663362471379,0
user_6368,2021-03-15 06:27:00,26,9,3,1,4,0,9,12,6,6,12,0,0,9.582785670487441,3.445487243566016,9.258515729834297,0.11538461538461539,0.3333333333333333,0.34615384615384615,0.107840943391781,0.9642497466886799,0
user_6369,2021-03-15 06:42:00,24,4,9,0,2,2,20,8,16,8,12,0,0,9.836334273338037,2.8201376434747423,5.233629366017899,0.375,0.0,0.16666666666666666,0.15382985872158028,0.9349469783017925,0
user_6370,2021-03-15 06:57:00,26,7,8,1,4,0,6,6,14,14,16,0,0,6.834588467457008,4.008375308071036,10.003782257225318,0.3076923076923077,0.125,0.2692307692307692,0.9442579966512071,0.24844505092870173,0
user_6371,2021-03-15 07:12:00,17,10,7,0,2,0,20,6,18,20,11,0,0,0.9306183474357997,0.9493857990239635,1.8231767051290158,0.4117647058823529,0.0,0.5882352941176471,0.96626042204518,0.1993719438468337,1
user_6372,2021-03-15 07:27:00,18,12,3,1,2,0,15,5,15,13,19,0,0,0.8254508579887984,7.682104548261722,0.679853994465319,0.16666666666666666,0.3333333333333333,0.6666666666666666,0.8371709752981141,0.9976296866455474,0
user_6373,2021-03-15 07:42:00,19,6,3,1,3,1,18,15,11,20,18,0,0,2.788900628389607,0.15733025814058077,11.272336697361546,0.15789473684210525,0.3333333333333333,0.3157894736842105,0.2535770224881989,0.8335413830171748,0
user_6374,2021-03-15 07:57:00,17,7,5,1,5,1,19,15,17,14,20,0,0,6.942748079555951,4.2604917247885075,7.9884493137369095,0.29411764705882354,0.2,0.4117647058823529,0.8968762598168393,0.3524654231986577,0
user_6375,2021-03-15 08:12:00,22,9,7,0,3,1,18,14,7,10,20,0,0,8.836087126987191,6.163215302112428,2.1851502498993223,0.3181818181818182,0.0,0.4090909090909091,0.24099508083271237,0.6206613305152134,0
user_6376,2021-03-15 08:27:00,14,7,5,0,3,0,11,10,19,5,9,0,0,9.023293604255679,4.112585466821185,10.946534271493553,0.35714285714285715,0.0,0.5,0.4900972134656968,0.3835725224387725,0
user_6377,2021-03-15 08:42:00,23,10,4,2,1,1,12,15,14,7,18,0,0,5.788031116529656,7.6439349249793125,4.489788833697326,0.17391304347826086,0.5,0.43478260869565216,0.32575765606359275,0.968736876551198,0
user_6378,2021-03-15 08:57:00,22,7,5,1,0,0,18,10,8,17,8,0,0,2.750596780270517,1.4315399682992818,1.8340017566188138,0.22727272727272727,0.2,0.3181818181818182,0.958381879147319,0.8445578461372393,0
user_6379,2021-03-15 09:12:00,20,10,3,1,3,0,19,14,17,20,19,0,0,4.749504353797711,1.5074814651930035,6.280244743155951,0.15,0.3333333333333333,0.5,0.972251253715388,0.16816776623932503,0
user_6380,2021-03-15 09:27:00,28,6,6,0,2,0,13,13,14,12,7,0,0,3.630907609006998,2.202434104342668,0.8815234957991006,0.21428571428571427,0.0,0.21428571428571427,0.4310351344042951,0.32207931302129844,0
user_6381,2021-03-15 09:42:00,24,9,8,2,3,1,11,13,6,12,11,0,0,2.3937257017246782,7.497773973444791,7.936869721855288,0.3333333333333333,0.25,0.375,0.9118644747347582,0.21622575883188985,0
user_6382,2021-03-15 09:57:00,18,11,2,1,3,1,18,9,8,20,13,0,0,2.4727385406849627,5.717672771581161,7.530520382320232,0.1111111111111111,0.5,0.6111111111111112,0.5549471352317659,0.4475363712181638,1
user_6383,2021-03-15 10:12:00,20,8,7,0,2,1,8,5,17,17,6,0,0,6.593994658443038,2.7124676940730885,7.76419758926321,0.35,0.0,0.4,0.30819945957913464,0.9244159864104284,0
user_6384,2021-03-15 10:27:00,16,10,6,2,2,1,19,5,15,17,14,0,0,8.924124971645112,0.37062742788081326,7.334540004591066,0.375,0.3333333333333333,0.625,0.6301693207270456,0.7558182166481908,0
user_6385,2021-03-15 10:42:00,18,5,8,1,4,1,8,13,13,17,13,0,0,3.2650452899315305,5.6549345053160245,11.92086283638744,0.4444444444444444,0.125,0.2777777777777778,0.8597635682901463,0.3804105396353358,1
user_6386,2021-03-15 10:57:00,21,6,6,1,4,0,13,6,19,17,20,0,0,9.146352585329188,7.74201946279001,1.1277518755028269,0.2857142857142857,0.16666666666666666,0.2857142857142857,0.17996249071152548,0.4973531811974584,0
user_6387,2021-03-15 11:12:00,23,11,6,0,1,2,18,11,15,13,10,0,0,8.727681267710247,6.5082425914479,10.340509695949303,0.2608695652173913,0.0,0.4782608695652174,0.20862693108546054,0.2999272392309924,0
user_6388,2021-03-15 11:27:00,19,9,6,1,6,2,20,16,14,18,14,0,0,1.897363777014688,2.8177014129540354,7.033195746822153,0.3157894736842105,0.16666666666666666,0.47368421052631576,0.6580333868959537,0.22769446771917942,0
user_6389,2021-03-15 11:42:00,12,15,4,2,4,1,6,16,12,13,16,0,0,1.7355206942788466,3.490084259088455,8.974774563983836,0.3333333333333333,0.5,1.25,0.3156271231365877,0.447049695805942,0
user_6390,2021-03-15 11:57:00,16,11,2,0,0,0,7,9,10,5,20,0,0,7.837591245507649,6.125736299902489,3.7027274549013267,0.125,0.0,0.6875,0.34763789080178087,0.20550492558239067,1
user_6391,2021-03-15 12:12:00,24,4,5,1,1,1,10,16,19,5,20,0,0,1.8168723338039072,6.63435009035803,10.081343924726653,0.20833333333333334,0.2,0.16666666666666666,0.9341663345086761,0.5868417362095577,0
user_6392,2021-03-15 12:27:00,27,9,4,0,4,0,6,11,10,18,13,0,0,8.882646822796401,4.135368577573501,7.347491902375984,0.14814814814814814,0.0,0.3333333333333333,0.15125648427702745,0.13297958179762512,0
user_6393,2021-03-15 12:42:00,19,8,6,2,4,0,6,20,17,13,15,0,0,0.5045476831315939,6.352415286048974,5.913877722977529,0.3157894736842105,0.3333333333333333,0.42105263157894735,0.7808524416013941,0.6739661662749485,0
user_6394,2021-03-15 12:57:00,26,13,5,2,2,2,7,8,14,16,19,0,0,5.770710133929922,0.6583261913001446,1.3205697953680189,0.19230769230769232,0.4,0.5,0.3587198263711263,0.37265621957988315,0
user_6395,2021-03-15 13:12:00,23,11,8,1,2,1,20,19,18,15,16,0,0,4.7974181648834096,1.0427279470987876,2.2574674982260796,0.34782608695652173,0.125,0.4782608695652174,0.22546674682355072,0.947727814095332,0
user_6396,2021-03-15 13:27:00,25,10,8,0,3,1,5,15,15,16,12,0,0,1.1788103631211613,6.358286663398524,7.113300192479461,0.32,0.0,0.4,0.23951903243962525,0.5403015189482878,1
user_6397,2021-03-15 13:42:00,30,10,6,1,1,2,17,18,20,11,5,0,0,1.6051240016299353,7.042740155233087,4.135516845501014,0.2,0.16666666666666666,0.3333333333333333,0.27375839306380984,0.6746703145598876,1
user_6398,2021-03-15 13:57:00,18,9,7,0,2,1,16,15,19,19,20,0,0,2.5324478288832273,5.160888041378429,2.299648761067379,0.3888888888888889,0.0,0.5,0.16575979731757862,0.867863523062401,0
user_6399,2021-03-15 14:12:00,20,10,4,3,0,1,6,14,16,11,11,0,0,6.911112487739939,2.2264483865902407,9.240615955355548,0.2,0.75,0.5,0.42854512310832715,0.6868325548547899,0
user_6400,2021-03-15 14:27:00,21,7,5,2,1,0,18,11,18,19,12,0,0,6.098742350638293,1.48809054526349,7.250336798428263,0.23809523809523808,0.4,0.3333333333333333,0.7037356837453345,0.6847384101799504,0
user_6401,2021-03-15 14:42:00,18,9,7,1,2,0,15,14,6,12,13,0,0,5.8412224720440875,3.4703997148389467,4.186206067165865,0.3888888888888889,0.14285714285714285,0.5,0.8597496346028733,0.2425636645726929,0
user_6402,2021-03-15 14:57:00,20,11,6,1,1,1,18,12,14,6,15,0,0,6.028096327029352,1.7059554813979034,7.604068714977539,0.3,0.16666666666666666,0.55,0.9922763438497133,0.5919592301574157,0
user_6403,2021-03-15 15:12:00,23,10,7,0,3,0,7,7,14,9,14,0,0,4.470460477886413,3.419104881222386,4.260693185960442,0.30434782608695654,0.0,0.43478260869565216,0.3236385556650783,0.7806790088971812,0
user_6404,2021-03-15 15:27:00,23,8,4,1,1,0,16,13,20,19,5,0,0,2.8728888206153416,5.94642144326733,10.990192662527104,0.17391304347826086,0.25,0.34782608695652173,0.8301166709788037,0.45260169943591344,0
user_6405,2021-03-15 15:42:00,25,11,5,0,0,1,6,6,5,20,7,0,0,2.6285395558902516,1.8584832955235677,10.896593052069534,0.2,0.0,0.44,0.6150720197164767,0.16189314148458175,0
user_6406,2021-03-15 15:57:00,15,8,6,0,1,0,18,9,7,13,11,0,0,5.750934261049615,3.5970319740780146,11.808164150055587,0.4,0.0,0.5333333333333333,0.9684578470569508,0.18985355108553564,1
user_6407,2021-03-15 16:12:00,18,7,5,0,1,0,15,11,13,15,7,0,0,1.8111870163298935,7.936607297146147,1.7533388958351144,0.2777777777777778,0.0,0.3888888888888889,0.4361936328042444,0.19801534788309816,0
user_6408,2021-03-15 16:27:00,12,11,5,1,3,1,18,8,17,18,11,0,0,2.6433539248007123,4.9921642311667656,10.275221208350882,0.4166666666666667,0.2,0.9166666666666666,0.5823037140409579,0.6319251162156222,0
user_6409,2021-03-15 16:42:00,20,9,14,2,1,1,7,12,10,7,6,0,0,8.847746220878518,1.4942677255519807,11.006955498035099,0.7,0.14285714285714285,0.45,0.5336206767674854,0.3686922678944232,0
user_6410,2021-03-15 16:57:00,23,16,7,0,0,1,15,7,5,14,9,0,0,6.963707918085439,4.152913779919025,9.294677314890166,0.30434782608695654,0.0,0.6956521739130435,0.12047837641633247,0.7190764265254099,0
user_6411,2021-03-15 17:12:00,23,5,4,1,3,0,19,6,15,19,12,0,0,4.408253906785409,5.536730430699703,0.7768949333819712,0.17391304347826086,0.25,0.21739130434782608,0.6497643059355539,0.9202826881730218,0
user_6412,2021-03-15 17:27:00,15,9,5,1,1,0,12,11,9,11,9,0,0,6.2061784229058965,4.71085229237787,9.323978658314738,0.3333333333333333,0.2,0.6,0.9536920454514137,0.15360873727183266,0
user_6413,2021-03-15 17:42:00,18,9,4,0,2,1,11,20,11,13,17,0,0,6.389499271720675,1.1664809394791458,11.138447762819881,0.2222222222222222,0.0,0.5,0.6256794843577499,0.5545011841279507,1
user_6414,2021-03-15 17:57:00,18,11,12,0,2,1,5,14,12,8,7,0,0,1.1871758636933403,5.367724408970405,3.0818792402066792,0.6666666666666666,0.0,0.6111111111111112,0.8723707919797477,0.1280464003356803,0
user_6415,2021-03-15 18:12:00,24,12,6,1,1,2,7,17,7,19,20,0,0,1.130615085878364,6.617210703657133,7.614309561204085,0.25,0.16666666666666666,0.5,0.8337757545872284,0.4825379358094095,0
user_6416,2021-03-15 18:27:00,19,10,2,1,0,1,8,12,5,10,19,0,0,3.828786126330345,5.517659259307926,3.5198434796253446,0.10526315789473684,0.5,0.5263157894736842,0.7133637143902515,0.4708273565027342,0
user_6417,2021-03-15 18:42:00,22,8,4,0,3,0,12,6,7,20,9,0,0,6.983612521616984,1.3914231931693852,8.913437210910201,0.18181818181818182,0.0,0.36363636363636365,0.29219548723325567,0.9450651363256589,0
user_6418,2021-03-15 18:57:00,20,16,7,1,2,1,9,15,16,5,12,0,0,2.4174520083012223,2.3454104693435616,0.9222192392239408,0.35,0.14285714285714285,0.8,0.17579147463071204,0.9388249885014126,1
user_6419,2021-03-15 19:12:00,23,11,10,1,1,1,13,12,5,9,13,0,0,4.369488454115878,5.12383063327209,6.974278242327919,0.43478260869565216,0.1,0.4782608695652174,0.6217195798047129,0.3132884000765829,0
user_6420,2021-03-15 19:27:00,15,11,2,0,6,1,11,11,12,13,7,0,0,8.883460633919025,5.740458850382716,4.246236364116603,0.13333333333333333,0.0,0.7333333333333333,0.28512479542975167,0.6288568695352319,0
user_6421,2021-03-15 19:42:00,25,11,11,1,3,1,14,8,18,20,20,0,0,1.2543570774194455,2.9108673490062054,6.957289132471066,0.44,0.09090909090909091,0.44,0.9841352453659031,0.15317346473371224,0
user_6422,2021-03-15 19:57:00,26,12,5,0,1,1,10,5,12,5,20,0,0,7.5404139900069005,5.674846931042343,9.084808565199118,0.19230769230769232,0.0,0.46153846153846156,0.6757551639947591,0.9328372424874694,0
user_6423,2021-03-15 20:12:00,22,15,4,2,2,0,20,11,6,17,11,0,0,4.2559466536385155,6.231172108169695,10.644071094950132,0.18181818181818182,0.5,0.6818181818181818,0.48279141751713706,0.5627055154788467,0
user_6424,2021-03-15 20:27:00,18,12,6,1,2,0,17,11,17,18,5,0,0,5.2372181374196956,6.366297582109782,7.090802713366171,0.3333333333333333,0.16666666666666666,0.6666666666666666,0.9378094679365472,0.31134779140784885,0
user_6425,2021-03-15 20:42:00,19,9,4,1,2,0,11,10,5,17,16,0,0,5.318141591309888,6.434364248156729,10.85611254563215,0.21052631578947367,0.25,0.47368421052631576,0.6049646428332381,0.28573105500692497,0
user_6426,2021-03-15 20:57:00,22,11,4,2,3,1,9,9,13,11,15,0,0,5.083446646460795,1.751939594523171,4.581980233822948,0.18181818181818182,0.5,0.5,0.9166271954915589,0.7999675855094525,0
user_6427,2021-03-15 21:12:00,14,8,4,0,2,0,9,13,20,18,9,0,0,8.599105012487705,1.908592589631038,6.418371642556472,0.2857142857142857,0.0,0.5714285714285714,0.3004099323798602,0.4659792750044017,0
user_6428,2021-03-15 21:27:00,14,12,8,0,1,0,12,15,5,5,19,0,0,4.0432434006229165,2.879922592749095,2.4034126807073815,0.5714285714285714,0.0,0.8571428571428571,0.36018601397182115,0.32953979174921644,0
user_6429,2021-03-15 21:42:00,15,10,5,0,2,0,18,15,8,20,7,0,0,3.7059623208790446,2.2374935239918865,5.648936485048958,0.3333333333333333,0.0,0.6666666666666666,0.9223262169221512,0.5657175669806196,0
user_6430,2021-03-15 21:57:00,19,9,9,2,1,0,14,7,11,9,8,0,0,4.778156753970321,7.119481715685453,7.044099118130695,0.47368421052631576,0.2222222222222222,0.47368421052631576,0.30865530153561144,0.8145697688534168,0
user_6431,2021-03-15 22:12:00,22,8,5,0,2,0,8,12,12,8,5,0,0,5.300947905167996,5.924334089764255,9.251163713864077,0.22727272727272727,0.0,0.36363636363636365,0.5577329222677759,0.6928569272296533,0
user_6432,2021-03-15 22:27:00,23,6,7,2,2,1,18,7,5,17,17,0,0,5.463708544186033,0.565695364229527,9.91852329785908,0.30434782608695654,0.2857142857142857,0.2608695652173913,0.7478532262413563,0.7061081648544391,0
user_6433,2021-03-15 22:42:00,12,5,7,0,0,1,17,12,7,19,20,0,0,0.6380973801914925,6.710352847978601,11.218171212908036,0.5833333333333334,0.0,0.4166666666666667,0.9396556528014526,0.8441377334305568,0
user_6434,2021-03-15 22:57:00,16,14,5,1,2,0,12,17,16,12,11,0,0,6.530738056985003,7.421001296774458,11.553759665346215,0.3125,0.2,0.875,0.5372170693110877,0.15216231814023867,0
user_6435,2021-03-15 23:12:00,19,11,9,0,3,0,9,10,13,17,20,0,0,0.4482445331814985,7.268951975482145,3.6311558672542796,0.47368421052631576,0.0,0.5789473684210527,0.5768642544227005,0.4170838735408421,0
user_6436,2021-03-15 23:27:00,21,10,6,0,1,1,20,17,17,18,20,0,0,1.003755280298422,4.879282552019816,7.690536495054699,0.2857142857142857,0.0,0.47619047619047616,0.40054256725659887,0.30152975092794665,0
user_6437,2021-03-15 23:42:00,17,9,8,1,0,1,15,11,12,20,5,0,0,4.753627437788492,2.5864996978355754,5.575289509888756,0.47058823529411764,0.125,0.5294117647058824,0.35765608696426066,0.6555045642036451,0
user_6438,2021-03-15 23:57:00,26,9,6,2,3,0,8,14,16,17,9,0,0,6.7181014235420085,1.7969489607754026,11.357151532315463,0.23076923076923078,0.3333333333333333,0.34615384615384615,0.23241415583427996,0.16618729154165146,0
user_6439,2021-03-16 00:12:00,19,11,10,2,1,0,15,10,6,8,7,1,0,0.6735269685315524,4.567641930840272,11.683637474259786,0.5263157894736842,0.2,0.5789473684210527,0.9689731197259058,0.3152333886595858,0
user_6440,2021-03-16 00:27:00,22,11,7,2,0,1,13,11,17,8,18,1,0,5.299735844402415,2.346715438904074,10.33921465675647,0.3181818181818182,0.2857142857142857,0.5,0.6474232632653614,0.5094747677165277,0
user_6441,2021-03-16 00:42:00,26,8,4,0,3,1,7,9,14,15,7,1,0,3.576493124306874,3.698451706095576,5.139651674182144,0.15384615384615385,0.0,0.3076923076923077,0.40883536654181796,0.19179782475493173,0
user_6442,2021-03-16 00:57:00,14,8,3,1,0,0,18,17,10,6,6,1,0,7.515468482788707,2.0966006762419647,8.783195633853023,0.21428571428571427,0.3333333333333333,0.5714285714285714,0.577650223796415,0.5968364538020333,0
user_6443,2021-03-16 01:12:00,24,10,7,0,1,1,7,6,19,16,15,1,0,1.544323225888402,6.952852190220602,6.658162513027951,0.2916666666666667,0.0,0.4166666666666667,0.335995568397691,0.7360508439843759,0
user_6444,2021-03-16 01:27:00,31,6,8,0,0,2,7,10,11,12,9,1,0,3.851993007819906,2.609436996865471,8.28596308347155,0.25806451612903225,0.0,0.1935483870967742,0.7726844572311173,0.5585335224988512,0
user_6445,2021-03-16 01:42:00,23,7,4,1,1,0,17,12,19,10,9,1,0,7.444057606816086,3.382464688947053,4.82748936599822,0.17391304347826086,0.25,0.30434782608695654,0.2768621831276178,0.8036060774538611,0
user_6446,2021-03-16 01:57:00,27,8,7,0,1,1,15,12,6,12,18,1,0,5.962035239793888,4.445281523205447,11.576303947974887,0.25925925925925924,0.0,0.2962962962962963,0.3008109670727304,0.2781371340490801,0
user_6447,2021-03-16 02:12:00,18,13,4,1,3,1,16,14,16,14,17,1,0,3.3643092871830036,3.1165353219486325,0.551930757631321,0.2222222222222222,0.25,0.7222222222222222,0.9334685073638349,0.8015665253628037,0
user_6448,2021-03-16 02:27:00,29,10,2,1,1,0,16,10,7,10,20,1,0,2.6834036253872022,0.9739151292306026,6.902954640600676,0.06896551724137931,0.5,0.3448275862068966,0.2465535007077732,0.8632772814458708,0
user_6449,2021-03-16 02:42:00,30,14,5,1,0,0,9,5,20,14,12,1,0,4.171874720048954,0.7464962897207844,8.120785611103404,0.16666666666666666,0.2,0.4666666666666667,0.3328551677993873,0.7885298948503501,0
user_6450,2021-03-16 02:57:00,18,11,11,1,3,1,5,20,20,18,10,1,0,6.757655590749695,5.528069519408798,6.281107456280684,0.6111111111111112,0.09090909090909091,0.6111111111111112,0.935133202424943,0.44303011429730077,0
user_6451,2021-03-16 03:12:00,12,4,7,1,1,1,13,10,16,7,14,1,0,0.4861738769119819,1.455122058463955,8.982257941170166,0.5833333333333334,0.14285714285714285,0.3333333333333333,0.929807747295163,0.6927302796226454,0
user_6452,2021-03-16 03:27:00,19,8,8,0,2,2,8,19,14,6,20,1,0,4.631517082841756,5.621445323119204,4.376610207747193,0.42105263157894735,0.0,0.42105263157894735,0.35456093314912696,0.1927456529749053,1
user_6453,2021-03-16 03:42:00,26,12,7,0,4,0,11,11,18,11,20,1,0,7.984749820288473,1.3025253873214127,11.633362705376848,0.2692307692307692,0.0,0.46153846153846156,0.7926676869226043,0.9821834561331892,1
user_6454,2021-03-16 03:57:00,13,11,8,0,2,1,7,15,17,7,18,1,0,0.20970221729561545,1.850815298954166,10.931287112462892,0.6153846153846154,0.0,0.8461538461538461,0.29557456252361247,0.35867209707215675,0
user_6455,2021-03-16 04:12:00,15,16,2,2,2,0,17,15,17,11,13,1,0,9.361721384627808,5.927102621807677,1.1097106937935657,0.13333333333333333,1.0,1.0666666666666667,0.986204302781626,0.8474899823774236,0
user_6456,2021-03-16 04:27:00,16,11,3,2,3,0,17,17,12,15,5,1,0,1.8654338861343598,5.422409218566075,3.3324639208876214,0.1875,0.6666666666666666,0.6875,0.17459312680600308,0.4208451187968464,0
user_6457,2021-03-16 04:42:00,26,10,6,2,3,2,15,12,12,8,9,1,0,2.389870584241595,2.7516494799498274,7.232867003813231,0.23076923076923078,0.3333333333333333,0.38461538461538464,0.26778611287707926,0.3291017226517017,0
user_6458,2021-03-16 04:57:00,24,7,9,1,2,0,8,11,15,13,13,1,0,6.912192892582195,3.6708154111373497,0.9863093579918931,0.375,0.1111111111111111,0.2916666666666667,0.8200087609593475,0.3145146752255298,0
user_6459,2021-03-16 05:12:00,22,5,7,1,0,0,5,5,15,12,20,1,0,6.681984776143805,2.6273674017664863,1.9098001023836737,0.3181818181818182,0.14285714285714285,0.22727272727272727,0.20099376439994082,0.4890635663968793,1
user_6460,2021-03-16 05:27:00,25,16,5,1,3,1,20,7,19,13,9,1,0,2.585339429417381,1.1246179298273804,10.512720964522938,0.2,0.2,0.64,0.6271312549965101,0.360468581447999,0
user_6461,2021-03-16 05:42:00,18,15,7,2,4,1,9,20,16,11,9,1,0,5.040490573417741,7.825093502988182,7.332074640150327,0.3888888888888889,0.2857142857142857,0.8333333333333334,0.10061512738633892,0.6591202070228204,0
user_6462,2021-03-16 05:57:00,20,11,3,2,0,0,16,10,6,7,11,1,0,8.724636403912589,7.22068131315085,3.3368208095532026,0.15,0.6666666666666666,0.55,0.9021643325234459,0.7318615971154642,0
user_6463,2021-03-16 06:12:00,13,11,4,0,3,1,11,11,7,16,13,1,0,6.855254089652777,2.212151692811022,5.918096328260362,0.3076923076923077,0.0,0.8461538461538461,0.4576127881163313,0.32979572349923486,1
user_6464,2021-03-16 06:27:00,23,7,6,1,3,1,7,6,19,19,9,1,0,8.533170088969646,6.733005764797779,10.53019570265181,0.2608695652173913,0.16666666666666666,0.30434782608695654,0.6332589166124449,0.533376605191097,0
user_6465,2021-03-16 06:42:00,13,17,4,2,0,1,7,17,13,12,13,1,0,5.577443213218042,5.839565709281148,3.793890766792157,0.3076923076923077,0.5,1.3076923076923077,0.9804921925865748,0.20384333810647826,0
user_6466,2021-03-16 06:57:00,22,7,6,1,0,0,11,11,20,11,14,1,0,9.840762634293029,3.247922521919323,2.737890978534813,0.2727272727272727,0.16666666666666666,0.3181818181818182,0.24965964012978972,0.38110206634019383,0
user_6467,2021-03-16 07:12:00,15,14,9,2,2,1,15,9,10,12,20,1,0,9.652691553768072,5.320914791021972,1.5381189689323111,0.6,0.2222222222222222,0.9333333333333333,0.5132796224356551,0.6289170720588179,0
user_6468,2021-03-16 07:27:00,20,13,0,3,2,2,11,8,7,13,17,1,0,3.4760339461641565,0.660160350787904,3.994382773351594,0.0,0.0,0.65,0.48900037056303725,0.6329581266865225,0
user_6469,2021-03-16 07:42:00,18,6,4,0,3,2,19,9,18,12,13,1,0,8.088303126533452,7.671780869336312,11.412259776417681,0.2222222222222222,0.0,0.3333333333333333,0.46677910765277275,0.3745112351198454,0
user_6470,2021-03-16 07:57:00,17,8,8,0,4,1,8,16,17,6,16,1,0,3.269998281511689,0.3186540438869879,4.309890937115949,0.47058823529411764,0.0,0.47058823529411764,0.39251995412028107,0.672608768481056,0
user_6471,2021-03-16 08:12:00,26,10,8,1,2,2,12,15,9,20,18,1,0,4.910917325071252,1.5251210299059894,9.548368571436542,0.3076923076923077,0.125,0.38461538461538464,0.2954482294478802,0.6322469373457202,0
user_6472,2021-03-16 08:27:00,19,18,4,0,4,1,20,6,13,14,19,1,0,5.007940714854409,4.142485055745518,2.8596266847254532,0.21052631578947367,0.0,0.9473684210526315,0.9841528580478985,0.7006231432439405,0
user_6473,2021-03-16 08:42:00,17,9,6,0,1,0,5,13,18,12,12,1,0,1.117620897159927,6.809964629297909,0.9211956396432031,0.35294117647058826,0.0,0.5294117647058824,0.5434142688215112,0.5329182455463181,0
user_6474,2021-03-16 08:57:00,20,14,5,1,1,0,15,10,11,5,13,1,0,8.355116781409173,1.8817775544778073,11.383438402314527,0.25,0.2,0.7,0.20984180018019777,0.926368185611703,0
user_6475,2021-03-16 09:12:00,27,13,6,1,1,0,14,17,5,17,14,1,0,3.8694566802290185,1.2609056307764832,1.456398500904958,0.2222222222222222,0.16666666666666666,0.48148148148148145,0.16245035909077007,0.8481547102261232,0
user_6476,2021-03-16 09:27:00,12,11,5,1,1,1,14,11,12,12,18,1,0,2.792882551798225,3.0282826841923067,6.34059156030802,0.4166666666666667,0.2,0.9166666666666666,0.9881611572760906,0.1667625279921848,0
user_6477,2021-03-16 09:42:00,18,9,8,1,0,2,10,19,7,19,11,1,0,4.404713415218148,1.3958650432451818,7.17393543081608,0.4444444444444444,0.125,0.5,0.4804486012850432,0.1704245941708045,0
user_6478,2021-03-16 09:57:00,17,9,5,0,2,0,10,20,11,13,16,1,0,8.349922618400319,7.845376062624685,10.709875291620813,0.29411764705882354,0.0,0.5294117647058824,0.42200843512653585,0.48063497099284846,0
user_6479,2021-03-16 10:12:00,16,10,10,1,1,0,12,9,17,15,5,1,0,2.4005496650455385,5.8266154435880395,9.622633422750821,0.625,0.1,0.625,0.9335743172518665,0.4514583951923886,0
user_6480,2021-03-16 10:27:00,20,9,6,1,3,1,15,12,11,13,17,1,0,1.3503569457097195,4.031792278238256,9.077627809570174,0.3,0.16666666666666666,0.45,0.6929872220607658,0.1480046498290535,0
user_6481,2021-03-16 10:42:00,19,9,5,2,3,1,18,17,19,18,5,1,0,4.978362348038371,6.941673513387223,10.893812309522485,0.2631578947368421,0.4,0.47368421052631576,0.3387363998210811,0.95948957808309,0
user_6482,2021-03-16 10:57:00,22,12,3,1,2,0,14,9,18,8,19,1,0,2.783627504697165,4.161275360423033,7.9234388428912,0.13636363636363635,0.3333333333333333,0.5454545454545454,0.6486527192017684,0.28769533691540916,0
user_6483,2021-03-16 11:12:00,26,14,4,1,2,1,11,9,20,20,16,1,0,6.15366738056553,3.5858974364814755,10.98683417497066,0.15384615384615385,0.25,0.5384615384615384,0.9084542313437584,0.2522291309727833,0
user_6484,2021-03-16 11:27:00,22,11,5,1,3,1,17,7,19,18,5,1,0,8.673945314892576,5.9881230067224696,7.500744056177095,0.22727272727272727,0.2,0.5,0.3548523398567561,0.3558867359239082,0
user_6485,2021-03-16 11:42:00,15,9,4,0,5,1,13,15,8,9,20,1,0,5.747805567838578,0.9159001489455136,6.47786183654855,0.26666666666666666,0.0,0.6,0.2531495838446938,0.9371011590799331,0
user_6486,2021-03-16 11:57:00,23,7,5,1,3,0,7,5,10,8,15,1,0,1.6482895342258972,1.8599279822537047,5.180566223971138,0.21739130434782608,0.2,0.30434782608695654,0.5733665142976818,0.26352367454396564,0
user_6487,2021-03-16 12:12:00,20,6,5,2,3,1,6,17,12,16,13,1,0,2.8239332730956357,0.624147578958649,1.4456419453817746,0.25,0.4,0.3,0.7736311832188562,0.609259350355595,0
user_6488,2021-03-16 12:27:00,27,7,3,1,3,2,19,5,19,12,13,1,0,9.296270404519909,1.023393877342202,3.231566655808495,0.1111111111111111,0.3333333333333333,0.25925925925925924,0.2874753162220022,0.7035225834666669,0
user_6489,2021-03-16 12:42:00,19,12,4,1,5,1,8,13,10,9,7,1,0,4.066303758783893,5.497703125897764,0.7162331472975703,0.21052631578947367,0.25,0.631578947368421,0.9126835963769533,0.4464187466845081,0
user_6490,2021-03-16 12:57:00,15,14,8,2,3,1,20,18,15,18,15,1,0,5.975984502530425,1.6043398679163068,3.4186706878989286,0.5333333333333333,0.25,0.9333333333333333,0.9526991098887689,0.8106612023917837,0
user_6491,2021-03-16 13:12:00,27,5,11,2,2,1,12,12,12,16,13,1,0,8.031701023748955,4.369406595942056,9.08483785222675,0.4074074074074074,0.18181818181818182,0.18518518518518517,0.8615585832436002,0.646575626698874,0
user_6492,2021-03-16 13:27:00,22,9,8,2,1,0,9,8,12,11,7,1,0,1.6724890768317096,3.999719637994981,10.433135933199994,0.36363636363636365,0.25,0.4090909090909091,0.4616072484943269,0.6393828259835046,0
user_6493,2021-03-16 13:42:00,23,12,5,1,0,1,7,15,5,11,5,1,0,2.2775580218617066,2.6420899023838413,6.66605369081696,0.21739130434782608,0.2,0.5217391304347826,0.6185728466764772,0.4217780642696414,0
user_6494,2021-03-16 13:57:00,20,11,7,0,1,1,19,12,9,14,10,1,0,4.260691117866284,4.17923230675897,11.339458323832698,0.35,0.0,0.55,0.5498181594984374,0.1687601211194421,0
user_6495,2021-03-16 14:12:00,28,14,6,2,1,1,13,17,11,18,8,1,0,7.2633935330257895,6.375214661281407,4.781753818208724,0.21428571428571427,0.3333333333333333,0.5,0.7211346483438799,0.5804803837535212,0
user_6496,2021-03-16 14:27:00,15,14,4,1,4,0,16,17,15,20,11,1,0,4.781737076956163,1.7629163257549463,7.129828601406512,0.26666666666666666,0.25,0.9333333333333333,0.437636547782844,0.9367428810926288,0
user_6497,2021-03-16 14:42:00,16,14,9,0,1,0,9,11,17,9,5,1,0,2.3087609738115757,2.462770409625868,1.4382991097703706,0.5625,0.0,0.875,0.37166587550300545,0.8691130934118834,1
user_6498,2021-03-16 14:57:00,26,15,10,0,1,2,11,16,19,17,18,1,0,1.5244630978984977,0.29335555325096785,7.427772451274238,0.38461538461538464,0.0,0.5769230769230769,0.31327602069849725,0.5684248415527795,0
user_6499,2021-03-16 15:12:00,20,5,5,0,3,1,9,14,11,14,12,1,0,1.5618660609711783,2.628879543965157,2.008250682362926,0.25,0.0,0.25,0.8460613016845563,0.8970267019239454,0
user_6500,2021-03-16 15:27:00,20,9,4,1,1,0,15,19,13,11,17,1,0,9.975407138077927,2.5777277283543802,1.2654454950716059,0.2,0.25,0.45,0.5691776659127917,0.7092183645886405,0
user_6501,2021-03-16 15:42:00,12,11,2,0,5,0,10,17,13,11,14,1,0,0.3777166023228653,6.813415641671429,4.213801406383263,0.16666666666666666,0.0,0.9166666666666666,0.41968812654801,0.43746837796905913,0
user_6502,2021-03-16 15:57:00,18,9,6,1,1,1,15,6,19,8,18,1,0,6.172784491036275,1.305574416467575,0.8198737179910474,0.3333333333333333,0.16666666666666666,0.5,0.2524421900646899,0.7738503888892915,0
user_6503,2021-03-16 16:12:00,19,6,8,0,2,1,9,6,17,9,12,1,0,3.8857872883267057,1.6014172586032605,1.7651706436769985,0.42105263157894735,0.0,0.3157894736842105,0.6848220020327456,0.8036294400646827,0
user_6504,2021-03-16 16:27:00,20,11,6,2,2,0,6,13,11,9,18,1,0,9.904478714694466,1.9215216767741081,8.802696688424875,0.3,0.3333333333333333,0.55,0.26880286160452177,0.46050367748015475,0
user_6505,2021-03-16 16:42:00,13,19,12,1,3,0,5,12,18,18,11,1,0,5.842970612979506,6.60217097770532,4.906264768424978,0.9230769230769231,0.08333333333333333,1.4615384615384615,0.9356711070234542,0.16718225867569644,0
user_6506,2021-03-16 16:57:00,24,11,7,2,0,1,14,16,20,14,6,1,0,5.510396907584507,7.920986642252736,5.521775842623071,0.2916666666666667,0.2857142857142857,0.4583333333333333,0.8910325521393375,0.7456028494029668,0
user_6507,2021-03-16 17:12:00,18,5,5,1,2,2,15,19,11,20,5,1,0,6.540261481543321,0.36587577088735146,5.923118569852462,0.2777777777777778,0.2,0.2777777777777778,0.6253251875816852,0.42618476309152786,0
user_6508,2021-03-16 17:27:00,25,16,6,1,2,0,11,10,20,6,6,1,0,2.71076878769509,4.498163577925329,8.672266752788545,0.24,0.16666666666666666,0.64,0.3446023122705797,0.18522419202314405,0
user_6509,2021-03-16 17:42:00,20,12,13,2,1,1,16,7,11,10,5,1,0,6.290172997018405,4.254955164958723,5.923256816307362,0.65,0.15384615384615385,0.6,0.15475464660022786,0.7942926205560662,0
user_6510,2021-03-16 17:57:00,23,11,5,2,1,2,10,20,6,19,16,1,0,2.067826816217445,0.17768820992468093,7.432142522968434,0.21739130434782608,0.4,0.4782608695652174,0.42677568973186275,0.7602399917815246,1
user_6511,2021-03-16 18:12:00,21,9,11,1,1,0,11,12,14,6,11,1,0,1.9660704309857482,6.177610039709266,2.0446094783078603,0.5238095238095238,0.09090909090909091,0.42857142857142855,0.38273248213433764,0.982658640803603,0
user_6512,2021-03-16 18:27:00,22,13,6,1,1,1,15,8,17,13,10,1,0,8.612904599460574,7.5611562694805725,2.109197694042795,0.2727272727272727,0.16666666666666666,0.5909090909090909,0.6157192584853999,0.8658310854941393,0
user_6513,2021-03-16 18:42:00,22,9,7,1,1,0,8,11,20,20,8,1,0,2.39579787457729,6.740353693059484,5.519042247665353,0.3181818181818182,0.14285714285714285,0.4090909090909091,0.4737645880263722,0.8836718496131082,0
user_6514,2021-03-16 18:57:00,16,14,5,1,0,1,8,11,10,16,10,1,0,2.134148887278837,5.954340925969983,8.569122883996044,0.3125,0.2,0.875,0.911415991865639,0.26784757508757095,0
user_6515,2021-03-16 19:12:00,24,14,6,1,1,0,16,15,19,14,6,1,0,1.9762258906234211,3.337304803885683,4.419879098521007,0.25,0.16666666666666666,0.5833333333333334,0.9505722873039562,0.40457654630385975,1
user_6516,2021-03-16 19:27:00,23,11,5,0,0,0,6,8,10,11,14,1,0,8.78964972050559,5.411036481572908,4.922691206792067,0.21739130434782608,0.0,0.4782608695652174,0.7381989989182325,0.6543559141403981,0
user_6517,2021-03-16 19:42:00,19,7,6,2,2,1,7,5,20,16,11,1,0,8.21398885384709,5.618281203010377,4.505945913091606,0.3157894736842105,0.3333333333333333,0.3684210526315789,0.6167904932617976,0.16301934769545862,0
user_6518,2021-03-16 19:57:00,12,9,5,1,2,0,6,11,9,12,20,1,0,3.0250897109913697,7.759362626818849,11.026665269128623,0.4166666666666667,0.2,0.75,0.593584397352702,0.9672302411151279,0
user_6519,2021-03-16 20:12:00,20,10,2,1,2,0,11,14,10,20,11,1,0,5.285039461170916,3.537110477005058,3.64638972096118,0.1,0.5,0.5,0.5617638488654633,0.8281370694617476,0
user_6520,2021-03-16 20:27:00,15,7,4,0,1,1,15,14,8,20,11,1,0,9.893473008615661,6.70330726024248,8.905283954162384,0.26666666666666666,0.0,0.4666666666666667,0.8239696788330326,0.6149487295416591,1
user_6521,2021-03-16 20:42:00,19,10,5,0,3,2,14,14,8,10,13,1,0,3.701468868142167,5.704473539328071,8.150938602750696,0.2631578947368421,0.0,0.5263157894736842,0.8189083468613195,0.507134014686734,0
user_6522,2021-03-16 20:57:00,15,7,3,1,1,1,12,10,13,10,12,1,0,1.8423584532338884,3.1809499571348003,1.7963446326839831,0.2,0.3333333333333333,0.4666666666666667,0.3989278540115109,0.1260795661814538,0
user_6523,2021-03-16 21:12:00,13,7,7,0,4,2,9,17,6,15,16,1,0,7.820567686227721,6.333025518541515,9.503625844432644,0.5384615384615384,0.0,0.5384615384615384,0.5244679532658892,0.5179951929811294,0
user_6524,2021-03-16 21:27:00,13,10,5,0,4,0,10,5,5,10,20,1,0,3.562687206408054,1.0713032424132163,1.290303608323215,0.38461538461538464,0.0,0.7692307692307693,0.1746557878331676,0.49064089135433775,0
user_6525,2021-03-16 21:42:00,25,11,10,1,2,1,16,15,7,10,11,1,0,5.769309118423472,0.13493798648450314,9.16074287032701,0.4,0.1,0.44,0.4759110934122215,0.22188276076734692,0
user_6526,2021-03-16 21:57:00,26,8,5,0,4,1,9,16,16,7,18,1,0,2.4777075303647287,0.4919319549441403,11.668393934440077,0.19230769230769232,0.0,0.3076923076923077,0.8532461844787688,0.4305646792056945,0
user_6527,2021-03-16 22:12:00,23,9,3,2,3,1,6,6,20,17,13,1,0,6.706846313958859,1.1413075799374672,7.145690288284558,0.13043478260869565,0.6666666666666666,0.391304347826087,0.8324212616642397,0.26699391995391625,0
user_6528,2021-03-16 22:27:00,20,9,8,1,1,1,17,6,20,5,12,1,0,0.5845515878809497,7.267024873170907,0.5112704691072388,0.4,0.125,0.45,0.18186311655140075,0.4425675889533427,0
user_6529,2021-03-16 22:42:00,15,6,4,1,0,1,18,6,17,11,5,1,0,7.261788382520174,1.262672545917809,3.241454141986326,0.26666666666666666,0.25,0.4,0.8692373384788802,0.39891154891611735,0
user_6530,2021-03-16 22:57:00,24,6,9,2,2,1,7,11,20,6,13,1,0,6.997778547178147,6.630128506795981,4.683119186489373,0.375,0.2222222222222222,0.25,0.4909155846637252,0.30182875374301277,1
user_6531,2021-03-16 23:12:00,21,16,4,0,3,0,11,18,14,10,7,1,0,0.6866543392564518,6.5303911328730635,9.442665523170545,0.19047619047619047,0.0,0.7619047619047619,0.41739011055972275,0.3888324464709473,0
user_6532,2021-03-16 23:27:00,24,8,4,1,2,0,18,16,7,9,8,1,0,9.55666490379354,7.326740892337302,9.450756092334792,0.16666666666666666,0.25,0.3333333333333333,0.21376405902580534,0.2974187401446323,0
user_6533,2021-03-16 23:42:00,23,8,3,3,1,1,20,14,9,11,12,1,0,5.812062970310091,2.92954995061062,3.653345208314443,0.13043478260869565,1.0,0.34782608695652173,0.23029033414476402,0.7673115052243324,0
user_6534,2021-03-16 23:57:00,23,8,5,0,2,1,19,5,12,7,20,1,0,8.592186804656421,4.312073739593006,6.42801005363665,0.21739130434782608,0.0,0.34782608695652173,0.1459011620112421,0.16575399837239346,0
user_6535,2021-03-17 00:12:00,20,10,5,0,2,2,18,16,12,14,11,2,0,9.421009037262817,1.3336918008305636,10.97962657537563,0.25,0.0,0.5,0.682126698274689,0.3346869775763253,0
user_6536,2021-03-17 00:27:00,28,10,9,0,1,0,7,19,10,8,18,2,0,8.513337657116985,2.0245016053947875,1.7199971428371792,0.32142857142857145,0.0,0.35714285714285715,0.24221378862061713,0.26103237176167904,0
user_6537,2021-03-17 00:42:00,30,8,5,0,2,1,9,5,16,16,11,2,0,6.959976753976655,6.939170739243662,3.7341917606843826,0.16666666666666666,0.0,0.26666666666666666,0.7281758781102552,0.43244832879473805,0
user_6538,2021-03-17 00:57:00,23,4,2,0,4,1,12,6,20,20,9,2,0,5.67075176995402,4.74304809230979,11.589457028263388,0.08695652173913043,0.0,0.17391304347826086,0.6006212593637058,0.4014494801271612,0
user_6539,2021-03-17 01:12:00,21,10,4,0,3,1,10,9,10,19,11,2,0,0.8843690456375194,5.333140826280344,7.675402474109692,0.19047619047619047,0.0,0.47619047619047616,0.8704121989220448,0.607038436898683,0
user_6540,2021-03-17 01:27:00,26,4,9,0,2,1,13,8,18,5,14,2,0,6.001782966524991,1.3356546076606965,4.588554666060763,0.34615384615384615,0.0,0.15384615384615385,0.929340667343163,0.10357767388970819,0
user_6541,2021-03-17 01:42:00,14,14,4,1,2,0,19,14,20,16,20,2,0,7.55576066910124,2.93851009173886,5.771192189236651,0.2857142857142857,0.25,1.0,0.26367435423960917,0.6554881233729959,0
user_6542,2021-03-17 01:57:00,21,6,6,1,4,0,12,13,13,12,17,2,0,7.121607199477669,6.028584826093155,7.695122098814045,0.2857142857142857,0.16666666666666666,0.2857142857142857,0.36457246354352124,0.36299369284233407,0
user_6543,2021-03-17 02:12:00,22,9,3,0,2,1,7,6,18,6,10,2,0,3.519645408438077,5.691373674796471,5.674728709311415,0.13636363636363635,0.0,0.4090909090909091,0.8147788902692503,0.8508914655786133,0
user_6544,2021-03-17 02:27:00,25,18,11,2,3,1,17,5,16,14,15,2,0,7.504300162133423,4.717166674451344,7.3859242287429865,0.44,0.18181818181818182,0.72,0.10735517751242898,0.8601314107419646,0
user_6545,2021-03-17 02:42:00,18,14,3,1,6,1,8,11,6,10,15,2,0,2.812661721346604,2.164833635609072,0.5812722724097679,0.16666666666666666,0.3333333333333333,0.7777777777777778,0.8411172591985513,0.3238175119066795,0
user_6546,2021-03-17 02:57:00,11,12,4,1,1,0,15,18,17,15,19,2,0,6.453225509313562,2.6904250007352397,9.80203857082541,0.36363636363636365,0.25,1.0909090909090908,0.618655092138736,0.3405356547138845,0
user_6547,2021-03-17 03:12:00,15,9,7,1,3,2,17,8,20,18,12,2,0,7.210266538448665,7.319502154260373,8.857236150745045,0.4666666666666667,0.14285714285714285,0.6,0.3993642238907317,0.6552323070793218,0
user_6548,2021-03-17 03:27:00,21,13,7,0,0,0,15,9,14,15,13,2,0,0.6257478830294537,1.8202645838050602,4.643046605157809,0.3333333333333333,0.0,0.6190476190476191,0.5775929550775116,0.1231277284729459,0
user_6549,2021-03-17 03:42:00,23,9,4,0,4,0,8,20,7,16,9,2,0,0.16089363695872333,6.448366921703546,11.987582589455364,0.17391304347826086,0.0,0.391304347826087,0.7309314957946108,0.5203927423888032,0
user_6550,2021-03-17 03:57:00,25,11,7,1,2,1,7,17,13,7,7,2,0,2.0172666890659374,3.8708769147767876,5.710659939626947,0.28,0.14285714285714285,0.44,0.4560681310789436,0.28834705866974125,0
user_6551,2021-03-17 04:12:00,20,4,5,0,0,1,10,10,5,5,14,2,0,0.5972621948096777,7.850065799934832,8.609002514868472,0.25,0.0,0.2,0.36696558522232015,0.9842131793688705,0
user_6552,2021-03-17 04:27:00,16,13,2,1,1,1,18,6,7,16,6,2,0,7.884194364336952,1.9228173718882922,5.2430258161202685,0.125,0.5,0.8125,0.7287334665371333,0.9048873024450627,0
user_6553,2021-03-17 04:42:00,16,4,5,1,3,1,10,14,17,13,13,2,0,6.310767119771151,1.0417765739400588,8.450079545652738,0.3125,0.2,0.25,0.8264204402899069,0.1883381626050768,0
user_6554,2021-03-17 04:57:00,25,12,5,1,2,0,13,14,19,17,20,2,0,8.464026272344572,2.4270297938734475,6.071719871785188,0.2,0.2,0.48,0.1695352359135347,0.6951447842466715,0
user_6555,2021-03-17 05:12:00,18,9,5,2,0,2,14,12,6,17,7,2,0,1.5534848979518336,4.061316876542149,3.1560414506160344,0.2777777777777778,0.4,0.5,0.6379444427877096,0.598081698583792,0
user_6556,2021-03-17 05:27:00,17,10,8,0,3,0,18,19,20,18,17,2,0,1.6439988109007888,2.575850787145568,7.981834640735702,0.47058823529411764,0.0,0.5882352941176471,0.7053720439236298,0.7874539989515205,0
user_6557,2021-03-17 05:42:00,16,9,5,1,4,1,10,12,5,7,15,2,0,0.9592413675183491,4.826277159057108,5.142296742611514,0.3125,0.2,0.5625,0.7459847855833479,0.33774462348102646,0
user_6558,2021-03-17 05:57:00,24,12,7,1,0,1,18,18,16,20,14,2,0,3.8253523254198267,0.7722697672845129,8.0612140562585,0.2916666666666667,0.14285714285714285,0.5,0.23388842255833117,0.7446610686546281,0
user_6559,2021-03-17 06:12:00,20,11,4,1,4,0,17,11,6,12,10,2,0,2.0009617123814585,3.9841373232479094,1.7234532414739814,0.2,0.25,0.55,0.7612318844728393,0.652390818286961,0
user_6560,2021-03-17 06:27:00,28,7,5,1,1,1,15,17,6,7,19,2,0,9.597281516440873,7.297544369778718,2.98254497884511,0.17857142857142858,0.2,0.25,0.24921147744574454,0.6555007543985826,1
user_6561,2021-03-17 06:42:00,26,9,6,0,3,1,19,13,14,11,17,2,0,5.607096016451338,4.537566124793009,0.7383148551145552,0.23076923076923078,0.0,0.34615384615384615,0.3080668038909351,0.8782317902081632,0
user_6562,2021-03-17 06:57:00,18,10,5,1,1,0,7,6,12,5,6,2,0,5.199581322401219,1.662021325763562,7.589703157670874,0.2777777777777778,0.2,0.5555555555555556,0.46403066152708694,0.27590522266638207,0
user_6563,2021-03-17 07:12:00,17,11,3,1,3,2,20,11,10,13,11,2,0,0.48034697054794717,1.051917094308866,9.773571391283136,0.17647058823529413,0.3333333333333333,0.6470588235294118,0.7001168095918717,0.10768232587279912,0
user_6564,2021-03-17 07:27:00,18,9,1,0,2,1,10,19,17,17,19,2,0,5.950862288302642,5.117319694993014,5.74523180575919,0.05555555555555555,0.0,0.5,0.25671469129351154,0.7688782094815695,0
user_6565,2021-03-17 07:42:00,19,10,7,2,2,0,20,15,19,15,10,2,0,1.3865674349992156,4.925401191555064,9.168580493827472,0.3684210526315789,0.2857142857142857,0.5263157894736842,0.10453551838242753,0.8453977853703701,0
user_6566,2021-03-17 07:57:00,18,8,5,0,1,1,7,8,11,7,11,2,0,5.233574514915872,4.463350194674002,4.0817436992499925,0.2777777777777778,0.0,0.4444444444444444,0.41898252387435264,0.7447650648669257,0
user_6567,2021-03-17 08:12:00,21,7,7,0,3,0,17,9,7,9,6,2,0,4.509926163307631,4.424528683173511,11.922455534412247,0.3333333333333333,0.0,0.3333333333333333,0.8492586357887121,0.9361421389645753,0
user_6568,2021-03-17 08:27:00,29,6,6,1,3,1,13,9,18,8,10,2,0,6.134696427022919,2.8183752353907594,2.8081425947222387,0.20689655172413793,0.16666666666666666,0.20689655172413793,0.6667376528957665,0.9896575076504149,0
user_6569,2021-03-17 08:42:00,16,8,6,1,0,0,19,7,7,16,14,2,0,2.647161839941329,7.12273338946999,8.329163080465422,0.375,0.16666666666666666,0.5,0.9607319676204177,0.39801988528195464,0
user_6570,2021-03-17 08:57:00,31,11,4,0,0,0,9,14,17,10,16,2,0,1.0680798509094593,7.096477617592743,4.526700336135589,0.12903225806451613,0.0,0.3548387096774194,0.3292418789854882,0.39062114296925854,0
user_6571,2021-03-17 09:12:00,19,9,12,0,3,0,7,5,12,15,19,2,0,5.332964836853711,4.232527492800547,9.976744357440705,0.631578947368421,0.0,0.47368421052631576,0.4610962254814589,0.2830882457866979,0
user_6572,2021-03-17 09:27:00,25,7,4,2,2,1,8,10,6,19,9,2,0,7.74760858570673,3.0429668503274345,5.6590025119234255,0.16,0.5,0.28,0.540598654126911,0.811333318364358,0
user_6573,2021-03-17 09:42:00,27,12,6,2,1,2,10,5,15,19,8,2,0,3.7223091849960595,5.301122599725252,3.579788064545223,0.2222222222222222,0.3333333333333333,0.4444444444444444,0.20612671251929787,0.27504391961433167,0
user_6574,2021-03-17 09:57:00,13,5,3,1,1,2,14,8,13,6,18,2,0,4.8040032971235025,4.693687786546382,7.967387356069834,0.23076923076923078,0.3333333333333333,0.38461538461538464,0.8589898062896861,0.4838007957022613,0
user_6575,2021-03-17 10:12:00,28,6,4,0,1,0,5,9,20,7,9,2,0,6.933929451258728,4.442630172845091,2.752347052072952,0.14285714285714285,0.0,0.21428571428571427,0.3402081538339772,0.9609952010889585,0
user_6576,2021-03-17 10:27:00,21,7,6,0,2,1,6,20,20,20,10,2,0,5.0082665020373875,5.086004940534816,11.599043022436243,0.2857142857142857,0.0,0.3333333333333333,0.1114336725909477,0.6285779328746663,0
user_6577,2021-03-17 10:42:00,15,12,8,3,1,0,12,7,13,12,13,2,0,1.0836912709313957,1.9392602594224335,7.707132729981902,0.5333333333333333,0.375,0.8,0.4832806422973611,0.7740352896397178,0
user_6578,2021-03-17 10:57:00,16,15,9,0,1,0,12,9,12,20,16,2,0,9.263355711173382,3.8663041008404813,7.679684603324429,0.5625,0.0,0.9375,0.3782783911482698,0.829549584187111,0
user_6579,2021-03-17 11:12:00,18,12,5,1,2,1,7,19,17,6,12,2,0,2.6207949702288396,2.6195172771543005,10.072894873645348,0.2777777777777778,0.2,0.6666666666666666,0.7811935944236191,0.5599638225192878,0
user_6580,2021-03-17 11:27:00,15,10,4,0,2,2,6,7,9,8,11,2,0,4.463573122441237,2.567507339647055,8.834267360498767,0.26666666666666666,0.0,0.6666666666666666,0.48892985018930946,0.22129189218812292,0
user_6581,2021-03-17 11:42:00,24,4,5,1,2,0,16,15,13,11,14,2,0,9.751871993080758,0.825196582490599,3.1274565228470204,0.20833333333333334,0.2,0.16666666666666666,0.5950707890093621,0.5196898252095865,0
user_6582,2021-03-17 11:57:00,13,11,4,0,2,0,6,5,11,5,10,2,0,7.914638359397832,5.048120939226519,3.6382969805827834,0.3076923076923077,0.0,0.8461538461538461,0.3331967816707675,0.347902554193542,0
user_6583,2021-03-17 12:12:00,23,9,9,1,3,0,7,13,19,19,17,2,0,4.528732253335865,4.206350738632717,0.6164265510568918,0.391304347826087,0.1111111111111111,0.391304347826087,0.33886887660307685,0.7632093279916836,0
user_6584,2021-03-17 12:27:00,25,10,7,0,1,0,20,19,10,20,19,2,0,1.5626792342049183,4.339366237658197,9.55140320735621,0.28,0.0,0.4,0.7087509663090112,0.3262389333003835,0
user_6585,2021-03-17 12:42:00,25,10,7,0,3,0,12,12,15,6,6,2,0,2.585403251590108,6.4975175768089874,4.752049394665017,0.28,0.0,0.4,0.2980934646322938,0.2783669450750113,0
user_6586,2021-03-17 12:57:00,23,8,4,1,1,1,8,5,12,5,18,2,0,4.865475472819455,2.463496717805703,10.01549094068455,0.17391304347826086,0.25,0.34782608695652173,0.6247692967714197,0.6251441514073123,1
user_6587,2021-03-17 13:12:00,14,6,5,1,1,2,11,17,9,8,8,2,0,2.920524081516096,4.543651670641751,10.829766535348906,0.35714285714285715,0.2,0.42857142857142855,0.7827539703673355,0.6205179759895441,0
user_6588,2021-03-17 13:27:00,18,5,8,1,3,1,14,8,15,19,17,2,0,3.8388238318592998,3.1559490006915434,7.7722075894461975,0.4444444444444444,0.125,0.2777777777777778,0.9531459289634286,0.8827443515794303,0
user_6589,2021-03-17 13:42:00,15,11,8,0,5,2,16,10,16,19,16,2,0,0.918390052784472,0.8409882826347916,3.136986496110088,0.5333333333333333,0.0,0.7333333333333333,0.9811627885705956,0.14560350444227385,0
user_6590,2021-03-17 13:57:00,22,8,3,0,0,0,12,9,15,10,17,2,0,3.3118423050933083,0.8567326779010715,8.053414240402633,0.13636363636363635,0.0,0.36363636363636365,0.3008111389171817,0.5933126987867492,0
user_6591,2021-03-17 14:12:00,23,10,5,1,1,0,11,7,11,12,11,2,0,8.287926123003526,7.925214412142727,10.79591606268067,0.21739130434782608,0.2,0.43478260869565216,0.561976934928796,0.8470506145493242,0
user_6592,2021-03-17 14:27:00,20,9,2,1,2,1,18,8,8,17,12,2,0,1.0431442530821444,5.933047803649135,8.131549526683337,0.1,0.5,0.45,0.6231134848050701,0.2848355804748387,0
user_6593,2021-03-17 14:42:00,19,11,10,1,2,0,5,10,5,13,15,2,0,5.58330324865995,0.8036684548687437,9.657602311693243,0.5263157894736842,0.1,0.5789473684210527,0.9991561013601818,0.749055069518485,0
user_6594,2021-03-17 14:57:00,15,8,8,1,3,0,6,9,19,15,12,2,0,9.865047137162527,6.800573198384145,4.59941432455979,0.5333333333333333,0.125,0.5333333333333333,0.3111066771765016,0.6013653292393207,0
user_6595,2021-03-17 15:12:00,23,9,10,1,2,1,11,6,14,17,9,2,0,8.381949802502648,2.5284998408612616,8.318030975437583,0.43478260869565216,0.1,0.391304347826087,0.6209720638921836,0.40600804221835607,0
user_6596,2021-03-17 15:27:00,26,10,3,0,3,0,19,13,14,11,18,2,0,6.067437386780733,1.7906674605485868,11.444030525769017,0.11538461538461539,0.0,0.38461538461538464,0.7157768116357791,0.19870912625939802,0
user_6597,2021-03-17 15:42:00,20,14,6,1,2,0,10,18,15,11,6,2,0,1.6550270485733807,0.42271636919721256,2.9391492050077948,0.3,0.16666666666666666,0.7,0.6649164943693777,0.30322757207371726,0
user_6598,2021-03-17 15:57:00,15,13,6,0,3,0,6,5,17,5,10,2,0,9.87973980045817,3.0869292951400804,11.164064936565085,0.4,0.0,0.8666666666666667,0.4940164551255153,0.9634068516226693,0
user_6599,2021-03-17 16:12:00,24,8,2,1,0,1,16,8,13,18,12,2,0,9.835910317644291,0.5439939258164755,8.986793380541812,0.08333333333333333,0.5,0.3333333333333333,0.8976120484306609,0.3429727554056812,0
user_6600,2021-03-17 16:27:00,15,7,3,0,2,1,5,20,6,20,19,2,0,5.60909759486275,4.455821201092201,5.5225865870425395,0.2,0.0,0.4666666666666667,0.360323369714321,0.6908911985544326,0
user_6601,2021-03-17 16:42:00,19,13,3,1,5,0,19,5,13,16,13,2,0,5.056328281654093,4.392631406965739,0.8953890985836923,0.15789473684210525,0.3333333333333333,0.6842105263157895,0.36816280052302885,0.7825840718624916,0
user_6602,2021-03-17 16:57:00,13,11,4,0,1,0,11,10,16,16,14,2,0,3.9525591429575355,7.476130784174235,9.54510547516124,0.3076923076923077,0.0,0.8461538461538461,0.3831429034812659,0.8093296353033113,0
user_6603,2021-03-17 17:12:00,14,13,2,0,2,0,12,19,14,17,20,2,0,1.6322710119966857,6.813449256176772,8.364672398935735,0.14285714285714285,0.0,0.9285714285714286,0.6647328244439836,0.8422124626260202,0
user_6604,2021-03-17 17:27:00,25,13,4,0,0,0,10,10,11,19,11,2,0,8.830777992817856,2.826974052998416,3.0681835708142846,0.16,0.0,0.52,0.7200579053831416,0.8894263289317021,0
user_6605,2021-03-17 17:42:00,19,9,3,0,1,0,14,15,9,7,17,2,0,1.6377369910322372,5.613608545465212,2.430053071813476,0.15789473684210525,0.0,0.47368421052631576,0.15639738239702541,0.5619059694105315,0
user_6606,2021-03-17 17:57:00,24,12,6,0,0,0,7,16,7,19,8,2,0,8.860368908796893,5.337052094087387,4.1656574615741775,0.25,0.0,0.5,0.7934314292586898,0.7150490710533851,0
user_6607,2021-03-17 18:12:00,23,11,3,0,1,0,15,13,9,13,7,2,0,8.034736851589996,1.749022480857934,2.9658475987667656,0.13043478260869565,0.0,0.4782608695652174,0.9462813321313125,0.9129142837086311,0
user_6608,2021-03-17 18:27:00,23,13,6,1,5,2,8,8,7,9,6,2,0,3.5154105334387316,5.903122761401272,5.903558447197112,0.2608695652173913,0.16666666666666666,0.5652173913043478,0.7787041494692104,0.12170091136976334,0
user_6609,2021-03-17 18:42:00,19,10,9,1,3,1,15,15,15,12,19,2,0,3.895960304068489,1.1050284466268334,1.1914876307032112,0.47368421052631576,0.1111111111111111,0.5263157894736842,0.45971373710491825,0.24535780540239222,0
user_6610,2021-03-17 18:57:00,19,12,2,2,1,0,8,12,17,10,8,2,0,6.417098273880877,3.4671512469645203,10.22094154655617,0.10526315789473684,1.0,0.631578947368421,0.29828965183538936,0.7096367782053379,0
user_6611,2021-03-17 19:12:00,22,18,3,2,3,2,8,8,7,9,19,2,0,5.979419348477056,0.6446258556182384,4.909373414531253,0.13636363636363635,0.6666666666666666,0.8181818181818182,0.48333762898043864,0.6017328701050934,0
user_6612,2021-03-17 19:27:00,16,7,7,1,1,2,11,19,15,5,5,2,0,1.6854431964378644,6.571332078352119,8.238183093924368,0.4375,0.14285714285714285,0.4375,0.881043093247299,0.5432946890848004,1
user_6613,2021-03-17 19:42:00,21,14,5,0,2,0,6,16,15,9,11,2,0,8.506909842685424,7.328641474640351,2.9893180896252782,0.23809523809523808,0.0,0.6666666666666666,0.48206407973168264,0.4815022685031215,0
user_6614,2021-03-17 19:57:00,20,9,6,1,0,1,13,18,14,5,6,2,0,9.165314977328585,7.791745457287166,9.328600473330448,0.3,0.16666666666666666,0.45,0.8181297010710107,0.9202974079193234,0
user_6615,2021-03-17 20:12:00,18,10,5,0,6,0,18,12,5,7,18,2,0,2.8071252122922745,7.525132864329073,10.40136190260306,0.2777777777777778,0.0,0.5555555555555556,0.42854996913946697,0.7502047544554626,0
user_6616,2021-03-17 20:27:00,20,11,3,0,2,0,14,12,18,19,7,2,0,2.4260619594298967,5.440420436355744,11.94424019396137,0.15,0.0,0.55,0.5120352813273505,0.7745714655416641,1
user_6617,2021-03-17 20:42:00,14,9,7,1,1,0,7,12,6,17,12,2,0,4.383365883755615,3.424255365073553,3.8010057599088856,0.5,0.14285714285714285,0.6428571428571429,0.3615239309851501,0.401507262860581,0
user_6618,2021-03-17 20:57:00,21,8,3,1,4,0,15,7,10,9,14,2,0,7.650605102712726,4.248773778998661,10.36947257197412,0.14285714285714285,0.3333333333333333,0.38095238095238093,0.3071255276094922,0.7303431157167927,0
user_6619,2021-03-17 21:12:00,18,9,8,0,1,0,7,9,5,10,20,2,0,6.266690836317043,4.922842358236116,11.057682103116864,0.4444444444444444,0.0,0.5,0.1066891869520471,0.36149130522331996,0
user_6620,2021-03-17 21:27:00,20,7,7,1,4,1,12,5,8,12,15,2,0,5.461392753566638,2.1750589627971553,8.414559256705402,0.35,0.14285714285714285,0.35,0.1283028515362203,0.5223261854726415,0
user_6621,2021-03-17 21:42:00,23,10,9,1,1,1,9,5,12,17,12,2,0,6.6081686410998906,3.802790971359462,10.579174452744063,0.391304347826087,0.1111111111111111,0.43478260869565216,0.4294832990306001,0.4666155719042624,0
user_6622,2021-03-17 21:57:00,15,7,10,0,3,1,15,12,8,5,18,2,0,7.2305226874822655,5.7292350250299835,1.438357582224165,0.6666666666666666,0.0,0.4666666666666667,0.40598415222481077,0.6740695378587689,0
user_6623,2021-03-17 22:12:00,16,14,10,0,1,1,12,13,8,20,10,2,0,7.160038970237592,7.651964731424905,3.198790804526749,0.625,0.0,0.875,0.9805101199319286,0.23826795702168047,0
user_6624,2021-03-17 22:27:00,16,10,5,1,1,1,12,15,10,14,19,2,0,3.147007461960672,1.3685773759769664,8.185568132259766,0.3125,0.2,0.625,0.4312487940528774,0.6554073724315056,0
user_6625,2021-03-17 22:42:00,16,11,3,0,3,1,18,19,17,5,14,2,0,1.0483533471348447,7.107860067580799,4.444565757281831,0.1875,0.0,0.6875,0.5170386694694472,0.5977220120692938,0
user_6626,2021-03-17 22:57:00,20,12,6,1,2,1,19,10,5,8,9,2,0,1.0692666330766354,2.536600475731243,8.283183510532716,0.3,0.16666666666666666,0.6,0.13911254969536557,0.727461148664069,0
user_6627,2021-03-17 23:12:00,16,10,4,2,2,1,16,17,16,19,15,2,0,3.391659342589885,7.2133269590969356,5.794427436174349,0.25,0.5,0.625,0.49475126626668364,0.6096398398139886,0
user_6628,2021-03-17 23:27:00,17,8,7,0,2,0,15,10,14,5,16,2,0,7.535515456824244,7.934638190487617,4.726465292164318,0.4117647058823529,0.0,0.47058823529411764,0.7676692815010119,0.5519467162869934,0
user_6629,2021-03-17 23:42:00,22,16,4,2,1,0,13,19,12,5,15,2,0,4.733172886633831,2.3470796716792575,3.4556605668438407,0.18181818181818182,0.5,0.7272727272727273,0.6685857645048535,0.9528536186658323,0
user_6630,2021-03-17 23:57:00,12,13,7,1,4,1,20,12,14,17,12,2,0,0.3888990580977234,2.9081644013531105,3.738653304450842,0.5833333333333334,0.14285714285714285,1.0833333333333333,0.4750133458895044,0.7604221356002074,0
user_6631,2021-03-18 00:12:00,23,10,8,2,2,1,16,9,13,15,14,3,0,1.3959296801902024,2.088387405622152,8.733994501793052,0.34782608695652173,0.25,0.43478260869565216,0.5680703436541299,0.6355640499830918,0
user_6632,2021-03-18 00:27:00,18,11,8,1,1,0,8,6,17,18,8,3,0,4.105709304431433,7.9819817361199075,11.196499673945643,0.4444444444444444,0.125,0.6111111111111112,0.9077666456609204,0.6513808948876512,0
user_6633,2021-03-18 00:42:00,19,7,5,0,2,1,11,18,12,20,9,3,0,7.927156480062062,2.1705759401996305,2.4787811365596704,0.2631578947368421,0.0,0.3684210526315789,0.5308546769812648,0.8332978504702968,0
user_6634,2021-03-18 00:57:00,23,8,12,2,3,0,11,17,7,6,9,3,0,5.887857296636371,6.3649222718457095,7.800233838796121,0.5217391304347826,0.16666666666666666,0.34782608695652173,0.6783412170891413,0.31986050281358247,0
user_6635,2021-03-18 01:12:00,20,13,6,2,4,1,15,9,10,7,20,3,0,7.115003779291915,2.0019556476240545,9.872755141347666,0.3,0.3333333333333333,0.65,0.6194554302490255,0.15818036546386105,1
user_6636,2021-03-18 01:27:00,14,14,3,3,3,0,19,8,12,11,19,3,0,7.014320170512748,3.8310699359555866,2.414787581873649,0.21428571428571427,1.0,1.0,0.9894567047115093,0.3855770442915042,0
user_6637,2021-03-18 01:42:00,20,10,1,2,1,1,12,8,18,8,15,3,0,5.556010918003807,1.7725922925635476,5.355124947199391,0.05,2.0,0.5,0.20488420730338164,0.5231058265388063,0
user_6638,2021-03-18 01:57:00,19,9,11,2,0,1,9,14,14,18,14,3,0,8.35564526204175,3.328949099089349,5.25469082894127,0.5789473684210527,0.18181818181818182,0.47368421052631576,0.9282754282687572,0.7853202979257902,1
user_6639,2021-03-18 02:12:00,16,6,6,2,4,0,6,7,19,15,10,3,0,1.8587822476480187,4.840277080966462,7.471509502947327,0.375,0.3333333333333333,0.375,0.22409738719485042,0.856971326085752,0
user_6640,2021-03-18 02:27:00,22,12,6,0,3,1,7,10,10,10,8,3,0,6.450218103526908,2.5074183654500866,9.09980652552165,0.2727272727272727,0.0,0.5454545454545454,0.2436251558305936,0.7858112382564034,0
user_6641,2021-03-18 02:42:00,27,7,7,1,2,1,17,10,19,7,6,3,0,9.226082391526914,5.583466549852544,7.153433215880512,0.25925925925925924,0.14285714285714285,0.25925925925925924,0.37736113361596535,0.9075340282360159,0
user_6642,2021-03-18 02:57:00,21,11,9,3,3,2,16,14,9,9,15,3,0,7.789490193433745,1.7391381102983685,0.9447972217255057,0.42857142857142855,0.3333333333333333,0.5238095238095238,0.9631614013440178,0.29270443640672195,0
user_6643,2021-03-18 03:12:00,19,5,11,1,0,1,12,17,6,17,20,3,0,2.0943608903751953,0.14129706881652537,10.242700154208414,0.5789473684210527,0.09090909090909091,0.2631578947368421,0.9894552686464909,0.24236665589372075,0
user_6644,2021-03-18 03:27:00,30,6,4,1,3,0,12,20,6,16,17,3,0,3.235258631565073,5.18628655569592,8.821940431376401,0.13333333333333333,0.25,0.2,0.5517401549234193,0.48036517882856566,0
user_6645,2021-03-18 03:42:00,27,9,7,0,3,1,7,6,15,17,14,3,0,7.5148283877283655,5.2807101039643065,2.069066578938303,0.25925925925925924,0.0,0.3333333333333333,0.5775688663539601,0.6129054556263239,0
user_6646,2021-03-18 03:57:00,24,7,4,0,0,0,18,12,20,15,11,3,0,1.1995039861148027,7.77663460307025,4.621793427364989,0.16666666666666666,0.0,0.2916666666666667,0.5412881602488817,0.740587053134146,0
user_6647,2021-03-18 04:12:00,20,15,10,1,2,1,12,7,15,19,11,3,0,4.030598859177733,0.6726795061894935,11.169183926258938,0.5,0.1,0.75,0.41918576402895746,0.3924404870005952,0
user_6648,2021-03-18 04:27:00,28,16,6,1,2,0,8,16,8,14,15,3,0,0.1330584052160017,6.110735247189228,2.0097977051477214,0.21428571428571427,0.16666666666666666,0.5714285714285714,0.5703378223680138,0.3326451177783433,0
user_6649,2021-03-18 04:42:00,17,10,2,1,2,1,10,11,13,18,12,3,0,3.4890911969052762,0.6789812003042259,7.484825674415756,0.11764705882352941,0.5,0.5882352941176471,0.38794632731734746,0.8084670768875206,0
user_6650,2021-03-18 04:57:00,12,10,6,0,3,0,11,18,10,9,18,3,0,3.668633708166364,3.6075842071742206,1.0062007473308605,0.5,0.0,0.8333333333333334,0.6043412918266948,0.5617357698422661,0
user_6651,2021-03-18 05:12:00,25,4,5,2,2,1,15,8,8,15,15,3,0,9.696666246538848,7.444449880692468,7.176250244151933,0.2,0.4,0.16,0.940528480704956,0.8902451926075767,0
user_6652,2021-03-18 05:27:00,19,8,4,1,4,1,16,14,10,12,11,3,0,5.739933195677746,2.980981290595636,10.654146423915373,0.21052631578947367,0.25,0.42105263157894735,0.7181313125919065,0.37931974547820835,0
user_6653,2021-03-18 05:42:00,16,10,5,1,2,1,20,14,16,17,8,3,0,9.08668437038992,1.8206694965932444,6.851695978583191,0.3125,0.2,0.625,0.8464595511640592,0.7653486543250266,0
user_6654,2021-03-18 05:57:00,17,15,4,1,1,0,8,9,14,7,20,3,0,4.543370689760508,5.800820848721007,9.845427758273537,0.23529411764705882,0.25,0.8823529411764706,0.9878183093616081,0.31737616272715985,0
user_6655,2021-03-18 06:12:00,12,2,3,1,1,0,8,8,17,12,11,3,0,2.468993994706778,4.759429343518242,5.865936556165964,0.25,0.3333333333333333,0.16666666666666666,0.17325348584484113,0.15458735749444455,0
user_6656,2021-03-18 06:27:00,23,16,3,1,2,1,13,11,10,11,17,3,0,4.3682516522750925,2.9410550883572393,7.733479540208357,0.13043478260869565,0.3333333333333333,0.6956521739130435,0.592350884186948,0.8561549358860492,0
user_6657,2021-03-18 06:42:00,22,18,9,0,1,1,10,15,14,7,10,3,0,0.43260717397349246,5.147198937052244,5.669018134551673,0.4090909090909091,0.0,0.8181818181818182,0.5469470683422131,0.8249783401495271,0
user_6658,2021-03-18 06:57:00,23,12,5,0,2,0,15,15,19,8,5,3,0,7.5714714136804115,0.23561116486402703,10.749972930586205,0.21739130434782608,0.0,0.5217391304347826,0.7088023824127672,0.7021111051489763,1
user_6659,2021-03-18 07:12:00,28,10,9,1,4,0,7,10,19,5,14,3,0,2.146264626795544,4.4533451769381465,8.552274164177208,0.32142857142857145,0.1111111111111111,0.35714285714285715,0.9737644639162428,0.35778644453775454,0
user_6660,2021-03-18 07:27:00,19,10,3,2,2,0,12,6,8,12,9,3,0,2.2318232901320716,7.18353465151172,10.666120692714399,0.15789473684210525,0.6666666666666666,0.5263157894736842,0.7449857399257984,0.45572504983525475,0
user_6661,2021-03-18 07:42:00,19,8,5,1,3,1,15,8,8,14,19,3,0,5.551715312432101,2.7426092221999174,10.548188296156551,0.2631578947368421,0.2,0.42105263157894735,0.2603359935062894,0.6356848497575206,0
user_6662,2021-03-18 07:57:00,18,10,3,0,4,0,19,10,17,6,5,3,0,2.5646339981541932,0.2740321327253734,3.823753145194067,0.16666666666666666,0.0,0.5555555555555556,0.39844320502802777,0.7573832241476616,0
user_6663,2021-03-18 08:12:00,29,9,5,0,2,1,6,16,8,9,15,3,0,1.4579857397351474,0.6492467431684928,7.05932311034,0.1724137931034483,0.0,0.3103448275862069,0.8407271137829351,0.11367312576936298,0
user_6664,2021-03-18 08:27:00,16,12,4,1,3,0,15,18,15,9,20,3,0,1.82016628681912,1.6427574624086927,0.7622114020530479,0.25,0.25,0.75,0.49599959101783064,0.5593413235263281,0
user_6665,2021-03-18 08:42:00,25,8,4,1,1,1,16,9,20,12,11,3,0,5.5146994708281145,5.831419915391056,8.986401636519881,0.16,0.25,0.32,0.7295295921204862,0.753133481183222,0
user_6666,2021-03-18 08:57:00,14,6,6,0,1,2,7,8,20,7,5,3,0,8.185563093434384,7.038996184399386,2.796425735263762,0.42857142857142855,0.0,0.42857142857142855,0.10440026933947717,0.28871342217626783,1
user_6667,2021-03-18 09:12:00,25,7,8,2,2,0,14,9,6,18,9,3,0,9.796710306094255,7.8825851359988395,7.622737088137972,0.32,0.25,0.28,0.3405198763880054,0.2956186465455309,1
user_6668,2021-03-18 09:27:00,17,7,5,1,3,1,13,8,14,12,8,3,0,2.7114243863935217,0.792286706770325,6.281784287237185,0.29411764705882354,0.2,0.4117647058823529,0.9537316012201832,0.9938060546069841,0
user_6669,2021-03-18 09:42:00,24,17,5,2,4,0,6,12,11,15,17,3,0,9.449938075102967,7.621727973944752,9.428810384443844,0.20833333333333334,0.4,0.7083333333333334,0.573820674999631,0.5240298705009755,0
user_6670,2021-03-18 09:57:00,18,11,8,0,1,1,11,19,8,9,13,3,0,1.0016951060929236,5.239581459317273,3.743460755256985,0.4444444444444444,0.0,0.6111111111111112,0.15133459592622256,0.1297639726386025,0
user_6671,2021-03-18 10:12:00,12,10,2,1,2,1,20,10,15,18,19,3,0,8.97818811576101,6.5397053038834905,3.521725083623165,0.16666666666666666,0.5,0.8333333333333334,0.7907666136531754,0.9373276108827808,0
user_6672,2021-03-18 10:27:00,21,8,5,1,2,0,17,17,6,18,15,3,0,9.9303068781822,2.9024534830801634,3.854819513032408,0.23809523809523808,0.2,0.38095238095238093,0.4936489339738074,0.9795466569805038,0
user_6673,2021-03-18 10:42:00,20,11,6,0,2,0,11,20,20,5,7,3,0,7.419340461354552,2.4756881821802,4.414970142465327,0.3,0.0,0.55,0.959907148196234,0.5235265654048908,0
user_6674,2021-03-18 10:57:00,24,14,7,1,2,1,7,12,5,14,7,3,0,7.1445350525428095,4.478334598925271,0.8871078601447794,0.2916666666666667,0.14285714285714285,0.5833333333333334,0.9256423549798259,0.5836822565843308,1
user_6675,2021-03-18 11:12:00,21,5,4,0,0,0,18,10,19,17,17,3,0,2.3072836371875454,0.5104539238495824,1.5644749979838146,0.19047619047619047,0.0,0.23809523809523808,0.8994817901453733,0.7075053701860858,0
user_6676,2021-03-18 11:27:00,16,15,6,1,2,0,16,20,15,13,8,3,0,4.627539015792489,3.1517808779485583,8.075851318621478,0.375,0.16666666666666666,0.9375,0.5221926982563795,0.8212568888526052,0
user_6677,2021-03-18 11:42:00,20,11,6,1,3,1,8,18,6,19,5,3,0,6.629772311178394,2.5491604273386503,4.9436038212797095,0.3,0.16666666666666666,0.55,0.3260809036012959,0.9028459248642975,0
user_6678,2021-03-18 11:57:00,20,8,4,0,2,1,11,19,17,9,5,3,0,4.508823288777081,2.256602054811434,10.576664013844782,0.2,0.0,0.4,0.6882575751589857,0.435932569627526,0
user_6679,2021-03-18 12:12:00,22,12,4,0,1,1,11,10,20,17,20,3,0,8.263162266180936,6.7599236660058555,9.85343659174992,0.18181818181818182,0.0,0.5454545454545454,0.749084068810359,0.9736459979105322,0
user_6680,2021-03-18 12:27:00,21,14,5,2,0,0,13,16,20,6,9,3,0,5.150247398490077,7.868526775229573,11.202708829522788,0.23809523809523808,0.4,0.6666666666666666,0.5089833363367708,0.194306688250774,0
user_6681,2021-03-18 12:42:00,22,10,3,1,0,1,12,20,13,16,9,3,0,5.073398849561986,2.1960732098350397,7.827984679822693,0.13636363636363635,0.3333333333333333,0.45454545454545453,0.8357732120761272,0.11362037615761367,0
user_6682,2021-03-18 12:57:00,17,16,3,0,2,0,15,14,13,16,20,3,0,0.875792167420096,5.991764613254622,10.081322076516821,0.17647058823529413,0.0,0.9411764705882353,0.41185316527730276,0.861364497201647,0
user_6683,2021-03-18 13:12:00,25,8,5,1,4,3,18,13,10,19,6,3,0,0.42973982853896764,6.698485405239781,11.237577464447181,0.2,0.2,0.32,0.7748163047732746,0.42067755314733346,1
user_6684,2021-03-18 13:27:00,29,12,8,1,1,0,20,12,11,9,19,3,0,1.3437909596504745,7.863639892266437,5.1679266087825955,0.27586206896551724,0.125,0.41379310344827586,0.9375902368194866,0.6362089091466618,0
user_6685,2021-03-18 13:42:00,15,14,7,0,3,0,11,12,19,14,16,3,0,2.6869421157863713,1.935171898265169,11.058067447529465,0.4666666666666667,0.0,0.9333333333333333,0.1829521125044713,0.9827150175706143,0
user_6686,2021-03-18 13:57:00,26,12,7,2,1,0,14,8,9,14,8,3,0,6.378940209915178,5.673337155083613,11.556858785742092,0.2692307692307692,0.2857142857142857,0.46153846153846156,0.373209930804394,0.5623267620032848,0
user_6687,2021-03-18 14:12:00,20,7,6,1,0,1,20,10,15,7,12,3,0,5.164226811475122,6.662649157833395,10.298649057600205,0.3,0.16666666666666666,0.35,0.8617115365534942,0.3770972298432148,0
user_6688,2021-03-18 14:27:00,19,12,3,1,4,1,16,18,20,16,15,3,0,7.370198469724092,5.959425292727918,3.682519297272287,0.15789473684210525,0.3333333333333333,0.631578947368421,0.4470007008403867,0.395173698987377,0
user_6689,2021-03-18 14:42:00,20,11,8,0,3,0,15,9,6,13,8,3,0,4.167728786770827,4.397580225363639,6.452814570670449,0.4,0.0,0.55,0.5874064155456029,0.27221660938551767,0
user_6690,2021-03-18 14:57:00,20,9,7,1,3,0,7,18,8,5,20,3,0,7.4534360987295845,3.236581706057281,10.155106454186884,0.35,0.14285714285714285,0.45,0.2896433498104421,0.9991770898537216,0
user_6691,2021-03-18 15:12:00,22,9,5,0,2,2,20,5,14,11,20,3,0,4.105863322724551,3.361786844509263,10.953485633032429,0.22727272727272727,0.0,0.4090909090909091,0.38782750047895675,0.6614337638739931,0
user_6692,2021-03-18 15:27:00,17,12,10,1,2,1,20,15,6,10,11,3,0,3.2186657003539665,5.507599688400017,3.524012453829187,0.5882352941176471,0.1,0.7058823529411765,0.7754686444354667,0.7457503570191744,0
user_6693,2021-03-18 15:42:00,17,14,8,2,0,0,14,9,14,16,20,3,0,0.7219020767843517,0.16503005335471316,3.1289108585225067,0.47058823529411764,0.25,0.8235294117647058,0.18009787063439942,0.47612081558619124,0
user_6694,2021-03-18 15:57:00,21,10,2,1,2,0,12,13,15,7,8,3,0,4.052231644071425,5.306876676682926,8.654079259063016,0.09523809523809523,0.5,0.47619047619047616,0.48225340315653176,0.9834186896618834,1
user_6695,2021-03-18 16:12:00,21,8,6,1,0,0,20,14,17,13,13,3,0,3.0353852740003067,5.842713090223678,6.505732513050251,0.2857142857142857,0.16666666666666666,0.38095238095238093,0.8500304204992204,0.18505142060303575,0
user_6696,2021-03-18 16:27:00,18,16,4,0,4,1,16,20,12,12,6,3,0,2.623876442099312,5.601380973395427,7.4435690395902485,0.2222222222222222,0.0,0.8888888888888888,0.21210957832571126,0.13274235004662907,1
user_6697,2021-03-18 16:42:00,21,9,7,1,2,3,11,17,6,16,5,3,0,7.658071753429309,4.283470854560363,4.709569658550649,0.3333333333333333,0.14285714285714285,0.42857142857142855,0.8683745310552201,0.8673184989513721,0
user_6698,2021-03-18 16:57:00,24,17,10,0,0,0,6,5,19,12,6,3,0,2.993094480190349,5.7820503105211305,9.995021153986945,0.4166666666666667,0.0,0.7083333333333334,0.2815110329287581,0.748252524405751,0
user_6699,2021-03-18 17:12:00,21,12,11,0,3,1,20,16,11,19,5,3,0,9.752239458885947,3.353647398707262,9.281786359630177,0.5238095238095238,0.0,0.5714285714285714,0.74003334773775,0.5057510390339518,0
user_6700,2021-03-18 17:27:00,19,9,10,1,1,1,8,7,5,19,20,3,0,6.3779199998674425,0.4120329761203435,11.89787052388072,0.5263157894736842,0.1,0.47368421052631576,0.4823529407407249,0.8359336525398371,1
user_6701,2021-03-18 17:42:00,22,13,7,1,3,0,18,16,19,8,6,3,0,1.9523944803642346,3.6470444133434285,11.409298416405695,0.3181818181818182,0.14285714285714285,0.5909090909090909,0.5000503798637095,0.9001167757068655,0
user_6702,2021-03-18 17:57:00,18,13,5,1,3,1,12,17,19,18,12,3,0,0.10083522302152932,5.704976356741563,7.947482455736693,0.2777777777777778,0.2,0.7222222222222222,0.1588189537990193,0.24013638656269296,1
user_6703,2021-03-18 18:12:00,24,7,6,1,1,0,18,6,7,18,12,3,0,5.879751683707566,7.9274017944876425,11.89747800132359,0.25,0.16666666666666666,0.2916666666666667,0.7230250940003966,0.4571584071481517,0
user_6704,2021-03-18 18:27:00,30,11,5,1,4,0,11,15,19,15,20,3,0,0.35095656840216305,1.4281632093079137,3.543454273898538,0.16666666666666666,0.2,0.36666666666666664,0.10610760878053903,0.7432471289704304,0
user_6705,2021-03-18 18:42:00,16,9,4,1,2,0,15,20,6,18,10,3,0,9.029091133631644,7.807097116133072,7.2158998162057,0.25,0.25,0.5625,0.1156073935496517,0.14583188031764957,0
user_6706,2021-03-18 18:57:00,14,14,3,1,3,1,5,13,15,5,10,3,0,1.7646567614440007,4.900859400033472,10.508769366777296,0.21428571428571427,0.3333333333333333,1.0,0.44535198185454183,0.7959402126872773,0
user_6707,2021-03-18 19:12:00,22,10,3,2,1,1,15,10,11,20,5,3,0,5.483008401019276,0.6173098138920331,6.1365199453786,0.13636363636363635,0.6666666666666666,0.45454545454545453,0.7347681427246139,0.7043285190093663,0
user_6708,2021-03-18 19:27:00,22,12,7,1,3,0,8,5,14,19,16,3,0,7.41851336598822,7.9702265865554836,7.982461595738509,0.3181818181818182,0.14285714285714285,0.5454545454545454,0.3949270224186814,0.6816690797743828,1
user_6709,2021-03-18 19:42:00,22,8,6,3,3,2,16,12,5,7,13,3,0,1.142991687303438,1.4351219432308338,9.084292774157893,0.2727272727272727,0.5,0.36363636363636365,0.20219801553046407,0.10536635766259612,0
user_6710,2021-03-18 19:57:00,17,11,8,1,1,1,17,18,14,10,5,3,0,5.313270162683557,7.481758764902222,4.975778961997812,0.47058823529411764,0.125,0.6470588235294118,0.7116902337067871,0.8611925978253517,1
user_6711,2021-03-18 20:12:00,17,8,1,0,3,1,18,20,8,13,6,3,0,7.851453321804738,5.154348107155857,4.401627137600471,0.058823529411764705,0.0,0.47058823529411764,0.9700337115073067,0.9596784036665904,0
user_6712,2021-03-18 20:27:00,11,12,11,2,3,1,13,16,20,8,10,3,0,6.803495391680547,5.878986899351231,7.083683677027264,1.0,0.18181818181818182,1.0909090909090908,0.20279026074489093,0.6831265486453993,0
user_6713,2021-03-18 20:42:00,10,9,7,1,1,0,6,9,5,19,15,3,0,5.080415765118659,2.3154311122885765,11.802014880736769,0.7,0.14285714285714285,0.9,0.8780690020454199,0.48077347491873823,0
user_6714,2021-03-18 20:57:00,11,7,5,1,2,0,14,20,12,13,14,3,0,5.458023401220723,4.346428013179201,6.761687129078603,0.45454545454545453,0.2,0.6363636363636364,0.9109543018840942,0.552168881389959,0
user_6715,2021-03-18 21:12:00,22,7,10,2,5,0,17,14,14,19,5,3,0,9.553646502162863,6.248790896429481,6.075723778078389,0.45454545454545453,0.2,0.3181818181818182,0.3648064952763501,0.30244289259378376,1
user_6716,2021-03-18 21:27:00,15,8,4,1,1,0,8,20,10,7,20,3,0,0.54845360095032,4.191636776727367,7.105723823418981,0.26666666666666666,0.25,0.5333333333333333,0.5038028716989222,0.7360866273461892,0
user_6717,2021-03-18 21:42:00,13,7,6,1,5,0,20,9,8,19,16,3,0,5.871069257452846,0.6978957089186268,8.7013169170977,0.46153846153846156,0.16666666666666666,0.5384615384615384,0.7640120458434132,0.4921804035275763,0
user_6718,2021-03-18 21:57:00,12,12,6,1,0,3,8,7,6,11,20,3,0,4.28226436826275,7.252852469716832,7.652735649312726,0.5,0.16666666666666666,1.0,0.8507167463685886,0.3598844091715644,0
user_6719,2021-03-18 22:12:00,23,13,4,1,2,1,11,17,7,7,20,3,0,2.0222206351674292,5.152281257100022,1.6956673849115707,0.17391304347826086,0.25,0.5652173913043478,0.22248972239373555,0.8817615846748506,0
user_6720,2021-03-18 22:27:00,18,6,5,1,4,2,7,18,14,10,19,3,0,5.916094893144322,6.340325353710882,1.862365035572104,0.2777777777777778,0.2,0.3333333333333333,0.854054901727989,0.13496114184999888,0
user_6721,2021-03-18 22:42:00,25,12,4,2,0,2,9,15,11,15,8,3,0,0.38752265195711355,2.362156409661836,2.4034010222252107,0.16,0.5,0.48,0.8629521886670108,0.41765231252953283,0
user_6722,2021-03-18 22:57:00,20,8,3,1,1,1,13,5,7,14,11,3,0,5.884437080796897,2.6098545035940224,9.40702547805545,0.15,0.3333333333333333,0.4,0.544602306775431,0.8350554152431348,1
user_6723,2021-03-18 23:12:00,20,13,3,2,2,0,12,19,5,15,9,3,0,0.9182468220733592,6.124578400578252,11.394877433152834,0.15,0.6666666666666666,0.65,0.48447219312109246,0.9986984095415189,0
user_6724,2021-03-18 23:27:00,25,12,4,0,0,2,13,20,11,20,20,3,0,1.0020938679893492,3.1349375987753545,10.965377347878112,0.16,0.0,0.48,0.657783065132214,0.5901809460472225,0
user_6725,2021-03-18 23:42:00,29,11,3,0,2,1,10,20,9,16,11,3,0,0.8905926253949137,2.8294283229784645,3.693089109925339,0.10344827586206896,0.0,0.3793103448275862,0.8572803713166632,0.534180755778975,1
user_6726,2021-03-18 23:57:00,21,10,4,0,1,1,15,9,8,7,10,3,0,1.6249968027168677,5.903918376678934,7.1444892182193405,0.19047619047619047,0.0,0.47619047619047616,0.34148233152550933,0.11191549215527835,0
user_6727,2021-03-19 00:12:00,19,11,4,0,0,0,15,16,9,18,19,4,0,5.345142563603298,5.252576143803271,0.7659578135055494,0.21052631578947367,0.0,0.5789473684210527,0.11524655463719603,0.8117139894570389,0
user_6728,2021-03-19 00:27:00,13,14,8,1,0,0,17,12,19,18,8,4,0,5.635786690037098,0.7489851171412825,10.410279122744711,0.6153846153846154,0.125,1.0769230769230769,0.612379149386096,0.6672957072657191,0
user_6729,2021-03-19 00:42:00,18,8,4,1,2,0,13,17,9,13,15,4,0,2.967965083168293,2.5339135767695735,5.042433278855752,0.2222222222222222,0.25,0.4444444444444444,0.4842740230731096,0.8004960371545438,0
user_6730,2021-03-19 00:57:00,15,10,4,1,1,1,8,11,14,13,14,4,0,3.94762322363908,0.5883084222303415,1.5608721046942813,0.26666666666666666,0.25,0.6666666666666666,0.2884083813372208,0.5312608175044978,0
user_6731,2021-03-19 01:12:00,24,11,12,0,3,1,9,13,11,20,6,4,0,0.5480918838078851,3.797447893484065,2.0864032574206073,0.5,0.0,0.4583333333333333,0.2735572137855257,0.6593611825265863,0
user_6732,2021-03-19 01:27:00,22,7,6,2,1,0,12,14,10,13,18,4,0,5.526899103914678,2.1830707321983276,3.387211119205129,0.2727272727272727,0.3333333333333333,0.3181818181818182,0.40669131720076035,0.7058038031793527,0
user_6733,2021-03-19 01:42:00,20,14,5,1,1,2,14,12,18,9,18,4,0,8.054455217843966,7.096715464201128,10.005390584989419,0.25,0.2,0.7,0.8071976241957303,0.7741069897185142,0
user_6734,2021-03-19 01:57:00,20,5,5,1,3,0,16,15,16,20,17,4,0,8.81242206423061,4.800295900335046,10.458012259385725,0.25,0.2,0.25,0.6843458727264757,0.2571890085067001,0
user_6735,2021-03-19 02:12:00,17,13,4,2,1,0,20,11,5,20,19,4,0,9.33658447009232,7.496989425291756,8.331718275843397,0.23529411764705882,0.5,0.7647058823529411,0.33048214348989663,0.6036827934948966,0
user_6736,2021-03-19 02:27:00,25,14,2,1,0,0,10,8,18,12,18,4,0,7.196758076038965,3.661787384179564,8.194125115408388,0.08,0.5,0.56,0.7370610262703403,0.6899465768987247,0
user_6737,2021-03-19 02:42:00,10,13,6,0,2,0,6,5,5,11,18,4,0,5.068725341550443,0.20609569813917517,5.187410579774676,0.6,0.0,1.3,0.4656231820799833,0.9541913593764019,0
user_6738,2021-03-19 02:57:00,23,14,8,3,4,1,14,11,16,19,13,4,0,3.1368336821602405,1.9101905918115563,6.989251673310023,0.34782608695652173,0.375,0.6086956521739131,0.3046328938976436,0.6237999866992023,0
user_6739,2021-03-19 03:12:00,26,11,2,0,3,0,16,13,11,5,7,4,0,6.363988851562526,7.60026370519125,3.840479021470216,0.07692307692307693,0.0,0.4230769230769231,0.6908681788574053,0.6481255095189897,0
user_6740,2021-03-19 03:27:00,25,13,5,1,4,0,18,8,12,12,9,4,0,0.5165744780288705,4.297312015159249,7.248698947047067,0.2,0.2,0.52,0.732221646745186,0.8838930144987627,0
user_6741,2021-03-19 03:42:00,21,15,5,1,1,1,13,7,16,20,11,4,0,3.2437247560062343,1.482464978448043,5.793844615447815,0.23809523809523808,0.2,0.7142857142857143,0.842632484608007,0.7005083264113388,1
user_6742,2021-03-19 03:57:00,23,9,7,2,4,1,9,5,14,13,10,4,0,5.043896150641636,1.9176708409976058,11.15446527519591,0.30434782608695654,0.2857142857142857,0.391304347826087,0.6716814727790817,0.10519560257917322,0
user_6743,2021-03-19 04:12:00,19,10,4,1,2,0,6,20,5,20,16,4,0,9.22326818107497,3.1066702748531436,7.54481811727999,0.21052631578947367,0.25,0.5263157894736842,0.9236973706774335,0.7088654152876078,0
user_6744,2021-03-19 04:27:00,16,9,7,1,1,1,16,17,17,8,20,4,0,6.8855972952722935,0.7344528074672111,4.727954345879451,0.4375,0.14285714285714285,0.5625,0.8907872375502756,0.6753050932027691,0
user_6745,2021-03-19 04:42:00,20,11,8,1,3,1,8,14,11,17,19,4,0,2.9353995456874924,3.2642400862796563,3.782071455146303,0.4,0.125,0.55,0.23707463805487278,0.4436630475502231,0
user_6746,2021-03-19 04:57:00,26,13,2,0,1,1,14,9,8,5,8,4,0,2.4469413649056597,3.9234981402745617,1.8004898446784892,0.07692307692307693,0.0,0.5,0.2308824953231985,0.4006118185353271,0
user_6747,2021-03-19 05:12:00,18,9,3,1,3,1,7,16,17,18,18,4,0,7.423307336036079,7.4592486175749935,9.889502050124005,0.16666666666666666,0.3333333333333333,0.5,0.8555591642743371,0.9381289881614152,0
user_6748,2021-03-19 05:27:00,20,12,3,2,0,0,10,7,16,20,5,4,0,3.2495989601399735,7.7473570392778415,1.8120478602583736,0.15,0.6666666666666666,0.6,0.7199200529827375,0.9970514372685144,0
user_6749,2021-03-19 05:42:00,22,12,4,1,1,0,9,17,13,17,18,4,0,8.552016756321416,1.1492582287641246,1.1634930526589777,0.18181818181818182,0.25,0.5454545454545454,0.35873785262240765,0.23596982568861286,1
user_6750,2021-03-19 05:57:00,16,8,5,2,1,0,5,14,6,11,11,4,0,9.11244829154223,7.696745092221466,11.811644140994467,0.3125,0.4,0.5,0.8286016313178441,0.8639684099300977,1
user_6751,2021-03-19 06:12:00,13,5,2,2,2,1,7,5,13,13,5,4,0,9.890994121718947,5.3520499841456814,4.664044500836793,0.15384615384615385,1.0,0.38461538461538464,0.670201828693424,0.7525876537903787,0
user_6752,2021-03-19 06:27:00,21,13,1,0,1,0,18,16,5,9,6,4,0,8.111138200137178,2.6005201302182543,8.503276977744994,0.047619047619047616,0.0,0.6190476190476191,0.8573086269041637,0.917571433344457,0
user_6753,2021-03-19 06:42:00,12,8,6,1,3,0,8,20,17,12,9,4,0,5.046110734897667,1.8012710403899077,1.2909642137797783,0.5,0.16666666666666666,0.6666666666666666,0.5434134440496355,0.24331231099402645,0
user_6754,2021-03-19 06:57:00,20,14,10,0,2,0,12,10,9,14,12,4,0,5.848675221568965,3.2130745547153103,0.8723320404141306,0.5,0.0,0.7,0.5924469880468067,0.3790138095016514,0
user_6755,2021-03-19 07:12:00,19,6,5,1,3,1,5,12,14,14,9,4,0,3.9704359193990997,5.66063646891098,8.520441232094543,0.2631578947368421,0.2,0.3157894736842105,0.8149720532973687,0.3707455600428663,0
user_6756,2021-03-19 07:27:00,16,8,6,2,0,1,6,5,12,6,14,4,0,9.693909603397147,7.9931856631548746,4.835040932791456,0.375,0.3333333333333333,0.5,0.48805900280475056,0.8352562803446826,0
user_6757,2021-03-19 07:42:00,19,9,4,0,1,0,19,5,18,15,18,4,0,9.608557490660877,2.689069127914118,2.7178804649060146,0.21052631578947367,0.0,0.47368421052631576,0.9881160803505227,0.4979404631518557,0
user_6758,2021-03-19 07:57:00,20,4,4,1,1,0,16,12,15,9,13,4,0,2.3136677198754345,6.794066592761762,8.187011131314886,0.2,0.25,0.2,0.23636882006498242,0.1436821358573226,0
user_6759,2021-03-19 08:12:00,21,11,4,1,2,0,5,7,10,9,11,4,0,2.10000856810289,6.742866752357802,10.955578010055723,0.19047619047619047,0.25,0.5238095238095238,0.2162598774677426,0.7628873586214057,0
user_6760,2021-03-19 08:27:00,9,9,8,0,3,0,8,9,20,5,8,4,0,6.174802106575857,0.18253461394531525,7.820433253145443,0.8888888888888888,0.0,1.0,0.40901111365220943,0.7686613951254304,0
user_6761,2021-03-19 08:42:00,20,13,4,0,1,2,8,17,5,6,12,4,0,5.799133841417765,6.762236705074251,7.298403898105555,0.2,0.0,0.65,0.682113750745319,0.689386400079295,0
user_6762,2021-03-19 08:57:00,13,10,3,1,2,1,16,11,14,18,11,4,0,0.272783639918061,3.43192418677419,0.7534722055268686,0.23076923076923078,0.3333333333333333,0.7692307692307693,0.5380440211690012,0.7803142375661712,0
user_6763,2021-03-19 09:12:00,16,15,3,0,5,0,14,11,9,20,10,4,0,7.24542697488405,5.285188772964801,11.361634108346264,0.1875,0.0,0.9375,0.9723383640005219,0.8433978374208976,0
user_6764,2021-03-19 09:27:00,13,7,7,1,0,1,8,13,13,8,15,4,0,4.413941915127165,5.645152816256344,11.940581886887909,0.5384615384615384,0.14285714285714285,0.5384615384615384,0.35845551856995994,0.6561486677059797,0
user_6765,2021-03-19 09:42:00,27,12,6,1,0,0,9,11,20,5,6,4,0,1.2253930873939556,4.4289200381002765,8.66228300808204,0.2222222222222222,0.16666666666666666,0.4444444444444444,0.49013209130207425,0.8015149296712808,0
user_6766,2021-03-19 09:57:00,15,11,8,2,1,2,6,16,8,14,5,4,0,4.9654372826600515,2.7649311840110977,1.3559122790134701,0.5333333333333333,0.25,0.7333333333333333,0.9877988030644933,0.6295936380646923,0
user_6767,2021-03-19 10:12:00,24,8,15,1,4,2,9,8,6,16,10,4,0,9.704022011877347,4.3138877848766635,3.0762558559571653,0.625,0.06666666666666667,0.3333333333333333,0.8054141358756935,0.18078457191056777,0
user_6768,2021-03-19 10:27:00,16,11,7,2,3,1,11,11,9,8,8,4,0,2.025174641894669,1.4688127944127145,4.810711248650375,0.4375,0.2857142857142857,0.6875,0.687812110230125,0.6731240496691386,0
user_6769,2021-03-19 10:42:00,20,11,11,1,5,1,9,8,8,14,6,4,0,0.7840758503816038,0.22862303897911587,3.231145929996383,0.55,0.09090909090909091,0.55,0.4176598305500552,0.17970453890218008,0
user_6770,2021-03-19 10:57:00,21,7,4,0,2,1,17,9,16,18,10,4,0,0.4086249974928897,6.597358791753625,4.988714891612612,0.19047619047619047,0.0,0.3333333333333333,0.39521126140938434,0.5210215337602544,0
user_6771,2021-03-19 11:12:00,24,10,5,1,1,0,12,13,9,15,13,4,0,5.131626740948697,0.9751537222463967,0.9867938763291779,0.20833333333333334,0.2,0.4166666666666667,0.9183385226856309,0.7514370354259088,0
user_6772,2021-03-19 11:27:00,20,7,11,2,1,1,11,20,12,19,15,4,0,9.38048592468558,3.004478921188858,4.990258716034083,0.55,0.18181818181818182,0.35,0.7719982590227933,0.5657959767258995,0
user_6773,2021-03-19 11:42:00,22,10,5,0,3,1,20,20,18,20,20,4,0,3.085445456632992,0.4530465586523247,4.893738610482368,0.22727272727272727,0.0,0.45454545454545453,0.806414370333912,0.32422934505393647,0
user_6774,2021-03-19 11:57:00,27,11,9,1,2,0,13,9,7,16,17,4,0,3.87658506407394,0.2675597175194351,4.501677509642631,0.3333333333333333,0.1111111111111111,0.4074074074074074,0.5674555825509058,0.581246681990271,0
user_6775,2021-03-19 12:12:00,19,14,1,0,3,1,15,9,10,12,6,4,0,9.074983349988317,6.936300514345482,5.7331993036727456,0.05263157894736842,0.0,0.7368421052631579,0.6311497821750937,0.4038144957770812,0
user_6776,2021-03-19 12:27:00,19,8,5,0,3,0,20,16,14,13,5,4,0,8.75947210750488,1.8704452350170373,11.890857874367606,0.2631578947368421,0.0,0.42105263157894735,0.7357452514060796,0.4696779426353127,0
user_6777,2021-03-19 12:42:00,16,8,5,0,4,0,13,18,19,8,20,4,0,5.118157878636687,2.3570053730121088,8.52676715157762,0.3125,0.0,0.5,0.682692718758122,0.9924616762183298,0
user_6778,2021-03-19 12:57:00,13,6,4,2,2,1,13,9,14,12,14,4,0,3.3633903745454106,4.360174577307763,11.881489498607323,0.3076923076923077,0.5,0.46153846153846156,0.5058213588954221,0.7788240342594668,0
user_6779,2021-03-19 13:12:00,21,12,9,1,2,2,17,20,11,18,16,4,0,2.872225774977106,5.683345069631348,10.809927196623544,0.42857142857142855,0.1111111111111111,0.5714285714285714,0.5403950109435732,0.6332594093403277,0
user_6780,2021-03-19 13:27:00,24,7,10,2,1,0,13,10,5,16,20,4,0,7.329700571148437,5.108080637872299,7.904625489306331,0.4166666666666667,0.2,0.2916666666666667,0.9096165034561722,0.2020068129220085,0
user_6781,2021-03-19 13:42:00,22,7,3,1,3,1,17,17,5,10,18,4,0,2.5292935970622743,4.093394846833743,8.897824052302639,0.13636363636363635,0.3333333333333333,0.3181818181818182,0.6817133788419554,0.7980021609738093,0
user_6782,2021-03-19 13:57:00,23,7,6,2,0,1,13,15,7,14,12,4,0,3.1679631735808442,5.760338203935249,4.667512589159727,0.2608695652173913,0.3333333333333333,0.30434782608695654,0.9921564798707149,0.4217366551931542,1
user_6783,2021-03-19 14:12:00,15,12,9,2,1,0,5,19,7,9,11,4,0,0.5334358268321173,7.0391220502236225,2.2370264338784986,0.6,0.2222222222222222,0.8,0.5506637910859419,0.6106680934242201,0
user_6784,2021-03-19 14:27:00,19,13,5,1,5,0,13,13,11,6,20,4,0,1.1175117730288933,0.8331044944211088,7.077666812949758,0.2631578947368421,0.2,0.6842105263157895,0.5684251414654513,0.6832533810591184,0
user_6785,2021-03-19 14:42:00,10,10,8,0,1,0,9,13,10,5,10,4,0,4.09243493164177,3.4105767077808538,10.755022628251105,0.8,0.0,1.0,0.38628574158528795,0.4084839108879921,0
user_6786,2021-03-19 14:57:00,26,12,5,0,4,0,9,10,20,13,16,4,0,7.097783799967631,1.2530120674324554,4.4016759341194085,0.19230769230769232,0.0,0.46153846153846156,0.6523778569556935,0.5375487450473656,0
user_6787,2021-03-19 15:12:00,14,7,6,3,3,2,19,9,14,15,13,4,0,0.8254618826098505,7.152229336782137,11.60070778326067,0.42857142857142855,0.5,0.5,0.8611248256981541,0.7097179686258164,0
user_6788,2021-03-19 15:27:00,19,11,8,1,2,0,12,10,20,15,17,4,0,0.8063494182002096,7.034476093997908,10.401248005271338,0.42105263157894735,0.125,0.5789473684210527,0.36296706083228003,0.16345319948271247,0
user_6789,2021-03-19 15:42:00,16,15,5,1,3,1,7,5,8,6,10,4,0,4.001854495733941,4.467514941906771,2.346272468228642,0.3125,0.2,0.9375,0.3488716710003502,0.4011075379889627,0
user_6790,2021-03-19 15:57:00,18,12,3,1,3,0,14,8,18,5,9,4,0,3.808028342621986,7.189245990649862,8.256392734504923,0.16666666666666666,0.3333333333333333,0.6666666666666666,0.2705953981388587,0.19410488319557587,0
user_6791,2021-03-19 16:12:00,19,10,5,2,2,0,13,12,18,13,20,4,0,2.373261679990437,3.5349512268435173,1.3495972125455884,0.2631578947368421,0.4,0.5263157894736842,0.5353477732584401,0.6459988770359334,0
user_6792,2021-03-19 16:27:00,19,16,6,2,0,0,18,6,7,13,13,4,0,3.6800562632860525,6.942466597169407,10.08156672266562,0.3157894736842105,0.3333333333333333,0.8421052631578947,0.5397787002440414,0.5099928361148598,0
user_6793,2021-03-19 16:42:00,18,14,6,1,1,1,11,19,19,13,9,4,0,7.623856362378227,3.8800403858591213,2.0666949673611614,0.3333333333333333,0.16666666666666666,0.7777777777777778,0.3458651613100423,0.518401418991985,0
user_6794,2021-03-19 16:57:00,19,12,4,1,3,0,6,15,15,12,16,4,0,0.3976158900360728,0.2477818840277192,8.825183673173786,0.21052631578947367,0.25,0.631578947368421,0.772290671758062,0.8371670587866693,0
user_6795,2021-03-19 17:12:00,18,16,4,0,2,1,8,6,18,7,10,4,0,7.3784188654909215,1.2531795221473183,3.0502431098060727,0.2222222222222222,0.0,0.8888888888888888,0.759209084813564,0.8481212696681719,0
user_6796,2021-03-19 17:27:00,22,11,4,0,3,1,11,7,10,19,18,4,0,3.060794713427543,6.077472851491765,7.638054060470859,0.18181818181818182,0.0,0.5,0.9988493761097297,0.1608089247514728,0
user_6797,2021-03-19 17:42:00,21,12,8,2,1,0,20,20,17,15,10,4,0,1.9139704714437995,7.746333071107794,10.038779575792763,0.38095238095238093,0.25,0.5714285714285714,0.7176090479324673,0.577178424938296,0
user_6798,2021-03-19 17:57:00,19,12,3,1,3,0,7,19,19,13,11,4,0,4.4830734828796315,0.2649678779731728,6.562256116015051,0.15789473684210525,0.3333333333333333,0.631578947368421,0.71960113617677,0.480421524619853,0
user_6799,2021-03-19 18:12:00,26,11,5,1,1,0,13,14,17,19,7,4,0,9.424216434420014,3.74222901687918,6.394654673764097,0.19230769230769232,0.2,0.4230769230769231,0.4016940332471637,0.8550210933659835,0
user_6800,2021-03-19 18:27:00,19,7,4,0,1,0,12,9,10,5,8,4,0,3.272544222433385,5.801613667464566,2.233871787222499,0.21052631578947367,0.0,0.3684210526315789,0.6249019284540691,0.33765263906217663,0
user_6801,2021-03-19 18:42:00,13,10,5,0,2,2,20,12,7,18,18,4,0,0.8248963524279551,3.477815414573774,6.96243829746992,0.38461538461538464,0.0,0.7692307692307693,0.4862240675701358,0.4561052937858153,0
user_6802,2021-03-19 18:57:00,22,13,7,1,2,0,12,16,14,18,18,4,0,0.20246288277803615,1.1225015832374516,10.097674814848267,0.3181818181818182,0.14285714285714285,0.5909090909090909,0.7469449772324849,0.9419611426364537,0
user_6803,2021-03-19 19:12:00,29,7,10,1,3,1,13,10,19,10,10,4,0,3.5994024393493618,2.508701364653106,10.738490898541121,0.3448275862068966,0.1,0.2413793103448276,0.15930705503723422,0.9634151621503677,0
user_6804,2021-03-19 19:27:00,26,13,1,1,1,0,10,7,10,16,13,4,0,2.0621822945902193,5.239816822946208,4.08353675095924,0.038461538461538464,1.0,0.5,0.34993348457276197,0.47556515237395725,0
user_6805,2021-03-19 19:42:00,19,18,6,2,2,0,19,8,20,14,10,4,0,1.8614646103534855,6.432327386337685,7.935641383703813,0.3157894736842105,0.3333333333333333,0.9473684210526315,0.28486095970302877,0.9702598542543517,0
user_6806,2021-03-19 19:57:00,27,11,8,1,3,0,16,11,19,10,20,4,0,3.2740626817566167,1.8313941007710808,2.8013424233028728,0.2962962962962963,0.125,0.4074074074074074,0.8191904111938163,0.9484318676847996,0
user_6807,2021-03-19 20:12:00,22,7,7,1,3,1,14,17,12,20,6,4,0,0.9152029313665339,7.944198856366261,5.736029268479441,0.3181818181818182,0.14285714285714285,0.3181818181818182,0.4028135562386874,0.7234570088694331,0
user_6808,2021-03-19 20:27:00,23,14,3,2,4,1,20,16,7,13,15,4,0,6.197794261598638,5.7503050447881225,10.314523655848488,0.13043478260869565,0.6666666666666666,0.6086956521739131,0.3614027281806603,0.716514739734649,0
user_6809,2021-03-19 20:42:00,15,10,7,0,3,0,10,6,19,6,18,4,0,8.11468925786347,6.703020343786715,7.28941135719704,0.4666666666666667,0.0,0.6666666666666666,0.43528483607515467,0.1640520628849658,0
user_6810,2021-03-19 20:57:00,29,14,5,0,2,1,8,12,7,17,18,4,0,3.2994386118569583,6.862946681557179,9.368970870081714,0.1724137931034483,0.0,0.4827586206896552,0.6034496260226614,0.9474020596984318,0
user_6811,2021-03-19 21:12:00,32,6,2,1,1,0,18,15,7,12,8,4,0,0.3534547944229631,1.2773072433275061,1.684065775536898,0.0625,0.5,0.1875,0.5008517610945723,0.20009357624863555,0
user_6812,2021-03-19 21:27:00,20,12,8,0,2,1,11,7,14,6,5,4,0,1.680316016379798,5.225897227306043,8.745413277530622,0.4,0.0,0.6,0.11267758537971043,0.20276715566456155,1
user_6813,2021-03-19 21:42:00,19,11,3,2,3,0,13,14,17,10,14,4,0,2.0241775955681405,4.892091878398192,7.707403650599584,0.15789473684210525,0.6666666666666666,0.5789473684210527,0.5116265041560445,0.20167792596769957,0
user_6814,2021-03-19 21:57:00,30,9,5,1,2,0,15,17,6,8,5,4,0,6.813074870235042,7.214249982450703,6.211407594810458,0.16666666666666666,0.2,0.3,0.9110101143051446,0.6523671390728047,0
user_6815,2021-03-19 22:12:00,21,8,5,1,0,1,18,19,13,14,11,4,0,6.1775632319140605,0.640595100106907,2.876310311560789,0.23809523809523808,0.2,0.38095238095238093,0.37318843766829335,0.7051297243898978,0
user_6816,2021-03-19 22:27:00,17,8,8,0,5,1,5,7,11,9,10,4,0,5.396912606148016,0.4610217970547139,2.9245255255113407,0.47058823529411764,0.0,0.47058823529411764,0.9680129910681236,0.25188698428954814,0
user_6817,2021-03-19 22:42:00,15,6,0,2,3,1,10,14,15,8,18,4,0,9.693049384942476,1.0161584125313659,5.95200980749019,0.0,0.0,0.4,0.8872525554814781,0.7236463865073476,0
user_6818,2021-03-19 22:57:00,20,6,4,1,5,2,10,17,5,12,18,4,0,1.3201434300256418,1.762313182414523,1.5192047193610625,0.2,0.25,0.3,0.7443644742102544,0.61248284539406,0
user_6819,2021-03-19 23:12:00,20,7,6,2,1,0,10,15,5,11,19,4,0,2.2258816087400413,0.2419488809131227,6.661773299103166,0.3,0.3333333333333333,0.35,0.5695420443287076,0.12978261362403884,1
user_6820,2021-03-19 23:27:00,23,9,10,1,1,0,14,16,9,20,11,4,0,4.949455499605569,1.2052418468075674,7.589822318190963,0.43478260869565216,0.1,0.391304347826087,0.8164073236452729,0.7144665335514936,0
user_6821,2021-03-19 23:42:00,23,9,5,0,2,1,20,5,10,11,15,4,0,5.988443513534032,2.1402096608946426,2.7648095365360885,0.21739130434782608,0.0,0.391304347826087,0.3560962659444341,0.19600745280750287,0
user_6822,2021-03-19 23:57:00,19,13,8,1,3,0,8,10,16,14,16,4,0,4.201980899128593,7.788465222146942,2.383350806168758,0.42105263157894735,0.125,0.6842105263157895,0.2168499197843326,0.5635213156173206,1
user_6823,2021-03-20 00:12:00,18,12,3,0,1,0,11,17,8,18,15,5,1,4.757136875303508,2.472248406752129,1.393747100736825,0.16666666666666666,0.0,0.6666666666666666,0.30036334343460364,0.46994678579699933,0
user_6824,2021-03-20 00:27:00,13,8,2,1,3,1,11,8,16,11,5,5,1,0.5114069966014639,1.0402600800941797,5.649132558098315,0.15384615384615385,0.5,0.6153846153846154,0.6374811535582715,0.6280268583187308,0
user_6825,2021-03-20 00:42:00,21,9,6,1,1,1,15,10,7,5,16,5,1,5.892823455184989,1.6858987485853862,0.8720580111634995,0.2857142857142857,0.16666666666666666,0.42857142857142855,0.8862744072298634,0.6643265602763939,0
user_6826,2021-03-20 00:57:00,17,16,6,1,0,0,13,18,20,15,18,5,1,0.10084890485540526,3.939182525408412,7.885486865722193,0.35294117647058826,0.16666666666666666,0.9411764705882353,0.989297097926196,0.6875987489290565,0
user_6827,2021-03-20 01:12:00,20,16,10,1,2,1,18,6,10,10,17,5,1,8.130305744387634,3.583545651220416,11.500440556734047,0.5,0.1,0.8,0.39913896373531466,0.1016412448409239,0
user_6828,2021-03-20 01:27:00,20,5,7,1,3,0,18,20,6,12,12,5,1,5.419656553779703,3.358186030333284,1.8311835104872543,0.35,0.14285714285714285,0.25,0.9753678904139103,0.14497131730396845,0
user_6829,2021-03-20 01:42:00,24,11,11,0,2,0,11,10,6,20,16,5,1,9.109402280494567,3.433270051887747,1.040985051216556,0.4583333333333333,0.0,0.4583333333333333,0.1316451213365496,0.7075292995402909,0
user_6830,2021-03-20 01:57:00,21,7,4,1,3,0,16,18,7,20,6,5,1,1.5067728409797665,1.0908117925751653,5.324090780800075,0.19047619047619047,0.25,0.3333333333333333,0.8398701691677402,0.14169655709237253,0
user_6831,2021-03-20 02:12:00,20,8,6,1,0,0,6,16,8,13,16,5,1,5.156464672454399,1.0490534317457592,0.7620746185938221,0.3,0.16666666666666666,0.4,0.9662512012108078,0.3510019321496102,0
user_6832,2021-03-20 02:27:00,14,16,5,1,3,1,6,10,16,5,14,5,1,3.151649852910028,5.63711873187009,8.909917318800057,0.35714285714285715,0.2,1.1428571428571428,0.9066530403165739,0.1552824135712478,0
user_6833,2021-03-20 02:42:00,16,6,4,1,4,1,18,17,5,10,8,5,1,5.502382106898391,4.478800166437314,1.7612517149820388,0.25,0.25,0.375,0.41817281856145616,0.1947110797185992,0
user_6834,2021-03-20 02:57:00,17,9,8,0,0,2,5,12,9,12,5,5,1,4.187779255120686,5.430418180727007,1.3175755589272269,0.47058823529411764,0.0,0.5294117647058824,0.9844176473895041,0.10981790935299657,0
user_6835,2021-03-20 03:12:00,24,9,9,0,3,0,5,5,9,17,20,5,1,9.935154314217252,0.30868725437524214,6.997379879417414,0.375,0.0,0.375,0.5561013883942661,0.3482950027117994,0
user_6836,2021-03-20 03:27:00,17,9,6,2,2,0,12,20,9,13,6,5,1,0.7180237796443818,0.7227878348107191,5.953424197952563,0.35294117647058826,0.3333333333333333,0.5294117647058824,0.15850174978601705,0.32091014094601833,0
user_6837,2021-03-20 03:42:00,20,9,5,1,2,1,17,18,9,19,7,5,1,8.719839896591004,6.055568848915008,4.551303171031404,0.25,0.2,0.45,0.5914681111872556,0.4564018659026715,0
user_6838,2021-03-20 03:57:00,16,10,7,0,1,1,10,6,11,18,7,5,1,8.248129263973343,2.510056065291893,1.6274026469151983,0.4375,0.0,0.625,0.7675228915627673,0.9837096208695455,0
user_6839,2021-03-20 04:12:00,14,11,8,1,3,1,10,9,17,12,19,5,1,5.219354029401676,6.15672603789958,1.7361505570191564,0.5714285714285714,0.125,0.7857142857142857,0.7723739967733465,0.9858242024684492,0
user_6840,2021-03-20 04:27:00,29,10,8,1,3,1,7,12,8,8,16,5,1,0.30826741913357786,4.27013464136251,4.203026715943388,0.27586206896551724,0.125,0.3448275862068966,0.1149173503250307,0.7101134139167702,0
user_6841,2021-03-20 04:42:00,17,13,8,1,3,2,11,15,7,8,19,5,1,5.635143014953647,2.077044336287833,10.695059924568007,0.47058823529411764,0.125,0.7647058823529411,0.7875640761502872,0.9910831044435374,0
user_6842,2021-03-20 04:57:00,10,11,3,0,2,2,14,15,12,13,13,5,1,4.329155563259347,4.634375725941889,6.873726707306398,0.3,0.0,1.1,0.6059041536717874,0.49975601359641775,0
user_6843,2021-03-20 05:12:00,21,10,2,0,2,0,9,5,19,13,16,5,1,2.6290286607451283,1.5643564857182264,10.233114182082637,0.09523809523809523,0.0,0.47619047619047616,0.2930954641068383,0.841173115280513,0
user_6844,2021-03-20 05:27:00,14,10,5,1,2,1,20,9,12,17,5,5,1,6.384052231270532,2.854104491073159,7.982092402991944,0.35714285714285715,0.2,0.7142857142857143,0.6126732404803552,0.9276601995063519,0
user_6845,2021-03-20 05:42:00,26,12,4,2,2,0,14,14,10,19,9,5,1,4.14000987843138,3.2015344479090837,2.1397602978752484,0.15384615384615385,0.5,0.46153846153846156,0.49996437865166476,0.37156797329643787,0
user_6846,2021-03-20 05:57:00,18,12,3,1,1,0,20,14,13,12,7,5,1,8.863992687421803,1.1351927638660455,9.336507304058866,0.16666666666666666,0.3333333333333333,0.6666666666666666,0.6930324661111426,0.12578951735083296,0
user_6847,2021-03-20 06:12:00,17,10,11,1,1,0,20,20,10,12,18,5,1,7.026087972552849,7.058613038590225,4.739092437839354,0.6470588235294118,0.09090909090909091,0.5882352941176471,0.707094504739329,0.1690748635630958,0
user_6848,2021-03-20 06:27:00,13,12,8,1,1,0,12,16,11,15,16,5,1,1.2719353915443432,0.7261298517995447,5.277543790292769,0.6153846153846154,0.125,0.9230769230769231,0.3451670557095848,0.8813480099757881,0
user_6849,2021-03-20 06:42:00,13,5,7,1,2,0,12,17,9,9,6,5,1,4.419438571820661,3.8834705084128704,2.48312065343518,0.5384615384615384,0.14285714285714285,0.38461538461538464,0.20663340982264117,0.27691050943768664,0
user_6850,2021-03-20 06:57:00,13,10,7,1,1,0,17,10,18,5,14,5,1,0.38810116245147486,3.2176720714318554,1.8968136692430746,0.5384615384615384,0.14285714285714285,0.7692307692307693,0.8019564701827477,0.9499217422859515,0
user_6851,2021-03-20 07:12:00,19,7,7,1,0,1,11,14,10,16,15,5,1,2.507071362787052,5.328317662197851,1.9492926004113387,0.3684210526315789,0.14285714285714285,0.3684210526315789,0.8848129032132082,0.1453377935399697,0
user_6852,2021-03-20 07:27:00,27,8,4,1,1,0,13,8,5,5,15,5,1,9.667566244200552,2.4541780909853994,7.453545388154042,0.14814814814814814,0.25,0.2962962962962963,0.43211299307529094,0.45441621293978585,0
user_6853,2021-03-20 07:42:00,29,14,4,1,0,0,6,14,11,10,13,5,1,5.707634921115522,7.0233132164963665,5.966714719132693,0.13793103448275862,0.25,0.4827586206896552,0.6712655589907547,0.2611751078819563,0
user_6854,2021-03-20 07:57:00,12,6,6,1,2,0,13,9,15,11,20,5,1,7.603477858459765,1.7010205674232484,5.338177772293685,0.5,0.16666666666666666,0.5,0.9774991720142061,0.514885096153209,0
user_6855,2021-03-20 08:12:00,23,9,9,1,5,0,14,6,13,6,19,5,1,2.754311363297475,4.972940002210735,6.906934782973527,0.391304347826087,0.1111111111111111,0.391304347826087,0.17104899977630555,0.7684726127290594,1
user_6856,2021-03-20 08:27:00,21,11,6,0,2,0,12,20,10,12,15,5,1,8.166470150427905,3.81496781510655,5.928165845312617,0.2857142857142857,0.0,0.5238095238095238,0.22534638080110708,0.7557219905013386,0
user_6857,2021-03-20 08:42:00,21,14,2,1,2,1,15,9,6,19,15,5,1,7.106010419576533,3.295151636474597,3.815653824977667,0.09523809523809523,0.5,0.6666666666666666,0.4175298096994188,0.5484250431711891,0
user_6858,2021-03-20 08:57:00,18,13,2,0,3,0,15,16,9,13,6,5,1,4.601618208526991,5.434386060447855,1.9659501578075254,0.1111111111111111,0.0,0.7222222222222222,0.6207992167811737,0.5001204577999305,0
user_6859,2021-03-20 09:12:00,25,10,7,1,5,0,14,7,15,15,5,5,1,3.5563444144373895,7.286981462461195,11.897727601081517,0.28,0.14285714285714285,0.4,0.19186302929937862,0.9556265208448536,0
user_6860,2021-03-20 09:27:00,22,5,12,0,2,0,14,8,15,5,8,5,1,1.7711242912382756,2.60852321553668,0.8096253296471472,0.5454545454545454,0.0,0.22727272727272727,0.2509115137675252,0.5190305728653312,0
user_6861,2021-03-20 09:42:00,19,19,5,1,1,0,10,13,15,15,11,5,1,5.225125986589835,2.700112176682645,1.8228468178107358,0.2631578947368421,0.2,1.0,0.8082319093703894,0.6176206548251988,0
user_6862,2021-03-20 09:57:00,19,12,9,1,3,0,13,16,15,19,12,5,1,0.6998509098867604,0.8456138619133575,1.716444752363213,0.47368421052631576,0.1111111111111111,0.631578947368421,0.33285279391401434,0.9510497924988017,0
user_6863,2021-03-20 10:12:00,15,9,5,1,1,2,8,13,12,18,19,5,1,1.3554510395850383,3.098298793873154,1.2445240711703396,0.3333333333333333,0.2,0.6,0.9439701603921746,0.8417297829448629,0
user_6864,2021-03-20 10:27:00,15,8,2,1,3,1,7,8,14,17,19,5,1,6.809829417217132,4.049451141094048,0.9623494271587241,0.13333333333333333,0.5,0.5333333333333333,0.5277997999588779,0.6778459918207315,0
user_6865,2021-03-20 10:42:00,15,11,10,0,3,1,16,5,6,7,15,5,1,1.4326817746208484,0.4799869059006686,6.5231338311419975,0.6666666666666666,0.0,0.7333333333333333,0.595571105710515,0.22681287317952223,0
user_6866,2021-03-20 10:57:00,22,9,4,0,2,2,15,18,20,20,20,5,1,8.009552403053966,4.201141769539451,11.998254187584582,0.18181818181818182,0.0,0.4090909090909091,0.8590450856123727,0.8306567707418566,0
user_6867,2021-03-20 11:12:00,17,8,7,2,1,2,15,14,20,7,19,5,1,6.656230679105864,4.898590944868627,10.693852702644547,0.4117647058823529,0.2857142857142857,0.47058823529411764,0.6098707490866908,0.18017663602412734,0
user_6868,2021-03-20 11:27:00,18,11,6,0,3,0,16,11,15,17,16,5,1,3.9219963392167867,3.498818197287255,0.8630465925696187,0.3333333333333333,0.0,0.6111111111111112,0.7730294277181594,0.3031527119464192,0
user_6869,2021-03-20 11:42:00,16,6,9,0,1,1,11,11,13,14,13,5,1,3.5157454420651213,7.698547797418582,7.698609914634058,0.5625,0.0,0.375,0.5166631376450849,0.12156720824740223,0
user_6870,2021-03-20 11:57:00,26,14,3,1,2,0,17,10,16,8,13,5,1,7.352457542428483,2.91146447594688,8.433005712606281,0.11538461538461539,0.3333333333333333,0.5384615384615384,0.2547491009316725,0.8947096074236158,0
user_6871,2021-03-20 12:12:00,22,8,9,1,2,0,11,9,16,8,20,5,1,6.609570380816336,3.859883412447952,1.1496930549374138,0.4090909090909091,0.1111111111111111,0.36363636363636365,0.9095390345675993,0.2289177803279572,0
user_6872,2021-03-20 12:27:00,16,10,8,1,2,1,15,20,5,7,9,5,1,3.2395081365390688,2.835164549057517,5.079943239037534,0.5,0.125,0.625,0.6451876938385532,0.768110140597591,1
user_6873,2021-03-20 12:42:00,23,14,6,1,4,0,18,9,14,11,14,5,1,4.93057622998104,1.735023027694812,5.078100120038029,0.2608695652173913,0.16666666666666666,0.6086956521739131,0.7798386756776984,0.22094944507451345,0
user_6874,2021-03-20 12:57:00,15,10,9,0,1,0,16,19,10,18,5,5,1,3.188020071464805,6.868726787238182,10.208514451367378,0.6,0.0,0.6666666666666666,0.47966057020286,0.4338185037948604,0
user_6875,2021-03-20 13:12:00,23,8,6,0,3,0,19,18,13,9,18,5,1,9.345601066514991,0.2805149510647701,6.704904307250479,0.2608695652173913,0.0,0.34782608695652173,0.5437484576008054,0.6275060675572245,0
user_6876,2021-03-20 13:27:00,18,10,4,0,3,0,8,8,11,11,7,5,1,1.802521019486307,2.762171036669682,6.098569102946415,0.2222222222222222,0.0,0.5555555555555556,0.6070158987660117,0.8464250230167758,0
user_6877,2021-03-20 13:42:00,22,10,6,2,4,1,6,14,15,13,6,5,1,3.9467291316948074,2.739755435031379,4.209101777013128,0.2727272727272727,0.3333333333333333,0.45454545454545453,0.2651585276632379,0.5973901145246573,0
user_6878,2021-03-20 13:57:00,20,10,2,1,2,0,11,6,6,8,13,5,1,7.395364376680889,1.93390660296514,4.138598800090252,0.1,0.5,0.5,0.9241501709137688,0.3656353501099223,0
user_6879,2021-03-20 14:12:00,20,8,2,1,0,0,9,7,11,5,5,5,1,1.2159749946740641,0.8125289421172576,3.4419541584632873,0.1,0.5,0.4,0.4523768099854052,0.9781550559863456,1
user_6880,2021-03-20 14:27:00,18,9,4,1,3,0,19,18,17,10,10,5,1,0.13335997443649192,6.048123352615327,11.736856663146316,0.2222222222222222,0.25,0.5,0.1374709065851985,0.8878237886914978,0
user_6881,2021-03-20 14:42:00,10,12,9,0,1,0,11,16,9,5,10,5,1,3.3493046524698933,5.757922354771865,3.3391999968269097,0.9,0.0,1.2,0.9885776107245146,0.7627971678097096,0
user_6882,2021-03-20 14:57:00,24,9,10,1,4,0,19,8,19,17,17,5,1,4.3629388147007075,7.290318696266847,9.086161487187395,0.4166666666666667,0.1,0.375,0.7928403747723677,0.5009308181699257,0
user_6883,2021-03-20 15:12:00,24,11,4,0,4,2,16,11,12,20,19,5,1,8.648268413801377,3.269279176326958,9.20045869462906,0.16666666666666666,0.0,0.4583333333333333,0.969855874468927,0.5339289681817853,0
user_6884,2021-03-20 15:27:00,21,17,4,1,1,0,7,20,11,9,9,5,1,3.322096101812274,4.722938559926291,0.8149351090319549,0.19047619047619047,0.25,0.8095238095238095,0.3058398560872317,0.3271602736111914,0
user_6885,2021-03-20 15:42:00,22,12,6,1,2,1,13,18,16,5,13,5,1,9.207924303580022,5.308311361713343,8.059318335971073,0.2727272727272727,0.16666666666666666,0.5454545454545454,0.42657731991621206,0.989199176443091,0
user_6886,2021-03-20 15:57:00,23,10,5,0,2,2,10,18,15,12,19,5,1,4.225191967765824,3.15278922568473,5.563353135486162,0.21739130434782608,0.0,0.43478260869565216,0.9923173838199832,0.1525672237160889,1
user_6887,2021-03-20 16:12:00,31,11,9,2,3,0,16,5,15,16,12,5,1,7.779392627742948,0.94556655174751,9.472511029830043,0.2903225806451613,0.2222222222222222,0.3548387096774194,0.5081400131468304,0.6692665420746158,1
user_6888,2021-03-20 16:27:00,14,8,5,1,2,1,7,15,9,9,17,5,1,1.018604593630798,0.5650268764239925,10.919874412983665,0.35714285714285715,0.2,0.5714285714285714,0.14081981573037888,0.2874674805987739,0
user_6889,2021-03-20 16:42:00,16,7,6,0,3,1,19,7,19,19,9,5,1,4.3858495491616125,0.29610090266785255,2.6860300635729275,0.375,0.0,0.4375,0.7108516259446768,0.5299170727067258,0
user_6890,2021-03-20 16:57:00,13,6,6,1,2,0,12,19,6,11,19,5,1,8.066674032223212,3.521374231071713,4.68429683617739,0.46153846153846156,0.16666666666666666,0.46153846153846156,0.945237455115897,0.428120233845671,0
user_6891,2021-03-20 17:12:00,27,9,9,0,2,1,11,11,20,6,13,5,1,1.4234348373513528,3.4239758448459305,8.210037417837018,0.3333333333333333,0.0,0.3333333333333333,0.36264115509747685,0.4140542322376478,0
user_6892,2021-03-20 17:27:00,23,8,5,2,2,0,17,5,14,20,16,5,1,4.834041699040654,7.276664001041882,1.800265506333126,0.21739130434782608,0.4,0.34782608695652173,0.23371229047346706,0.8909891484348689,0
user_6893,2021-03-20 17:42:00,21,12,5,1,1,1,12,13,14,12,12,5,1,8.671318376804876,3.226393625310974,3.053040637289325,0.23809523809523808,0.2,0.5714285714285714,0.9735117626803599,0.45621206832708294,1
user_6894,2021-03-20 17:57:00,16,11,9,0,3,0,14,7,14,18,18,5,1,5.671754456003932,2.0677030423868725,4.313741126284484,0.5625,0.0,0.6875,0.6980126235071731,0.2333104461152381,0
user_6895,2021-03-20 18:12:00,25,20,3,0,2,3,12,8,19,19,10,5,1,7.2335070197595694,3.719542716094917,7.470829736492325,0.12,0.0,0.8,0.4333046833080476,0.8360951421814404,0
user_6896,2021-03-20 18:27:00,18,12,3,0,1,0,12,11,9,12,20,5,1,6.958580178181083,0.636089373364671,4.339187518306325,0.16666666666666666,0.0,0.6666666666666666,0.7389035265223952,0.17630701081120376,0
user_6897,2021-03-20 18:42:00,14,16,5,1,2,0,11,10,15,6,16,5,1,8.653918428815356,4.376264405911929,8.241643191986604,0.35714285714285715,0.2,1.1428571428571428,0.8003722532975688,0.5861221997561273,0
user_6898,2021-03-20 18:57:00,18,7,3,0,1,0,16,9,17,11,7,5,1,8.983284054254874,3.5329949130165597,2.3981280733217623,0.16666666666666666,0.0,0.3888888888888889,0.7687200139170146,0.16068177743572987,1
user_6899,2021-03-20 19:12:00,16,8,3,2,2,0,8,19,7,11,14,5,1,3.251356395771695,2.5264200787642443,6.5339719462686725,0.1875,0.6666666666666666,0.5,0.8239758131159834,0.6038264134301213,0
user_6900,2021-03-20 19:27:00,21,7,9,0,1,2,5,9,11,16,20,5,1,4.936829103738488,2.6908167241507956,3.8319548189655137,0.42857142857142855,0.0,0.3333333333333333,0.1696265815415655,0.18113571513093202,0
user_6901,2021-03-20 19:42:00,18,10,3,1,1,0,14,9,11,8,14,5,1,3.847232890806818,2.273413249160528,5.009759332580437,0.16666666666666666,0.3333333333333333,0.5555555555555556,0.24250283344501603,0.794324750641444,0
user_6902,2021-03-20 19:57:00,12,6,5,1,1,0,19,19,5,11,10,5,1,2.9322808750765685,2.207243149006966,5.427452431030385,0.4166666666666667,0.2,0.5,0.8602481418562407,0.11930696734951868,0
user_6903,2021-03-20 20:12:00,27,11,8,0,1,1,7,11,17,12,18,5,1,5.87214923072036,7.502089018442923,11.16316551258666,0.2962962962962963,0.0,0.4074074074074074,0.21035144519517474,0.4434321397402041,0
user_6904,2021-03-20 20:27:00,17,10,0,1,2,2,12,10,7,10,17,5,1,8.494648218545573,7.742108837009313,3.0868501866546616,0.0,0.0,0.5882352941176471,0.6476696754443085,0.6456190511451878,0
user_6905,2021-03-20 20:42:00,18,9,3,0,1,0,9,9,11,9,9,5,1,3.259855909039863,5.13258594253429,11.625423029920043,0.16666666666666666,0.0,0.5,0.15785624484067567,0.2110201997622978,0
user_6906,2021-03-20 20:57:00,19,15,7,1,0,0,16,18,18,11,10,5,1,5.758117660302192,1.3416676482680938,8.154306606336577,0.3684210526315789,0.14285714285714285,0.7894736842105263,0.48172282651592857,0.7883902489775776,0
user_6907,2021-03-20 21:12:00,17,7,1,0,1,0,16,12,9,19,20,5,1,3.3888748020957022,2.4736941206721057,10.601592391976602,0.058823529411764705,0.0,0.4117647058823529,0.43605616170342076,0.3652297670478234,0
user_6908,2021-03-20 21:27:00,32,4,8,1,1,2,12,20,17,7,10,5,1,9.67445610635687,5.646673323635101,9.453050638604777,0.25,0.125,0.125,0.5760479335415389,0.3368865264015521,0
user_6909,2021-03-20 21:42:00,24,12,4,1,1,0,17,17,12,14,16,5,1,3.020851737110615,6.926205965863334,4.31208105785093,0.16666666666666666,0.25,0.5,0.18724615569704559,0.44709092284850604,0
user_6910,2021-03-20 21:57:00,20,13,7,0,0,0,17,12,19,8,16,5,1,2.509573788059448,3.6623486807073244,5.575151348048116,0.35,0.0,0.65,0.7549361667214298,0.5222883212951306,0
user_6911,2021-03-20 22:12:00,19,4,5,1,3,2,9,9,7,11,12,5,1,7.813836230070786,5.022765096644819,9.590448444915411,0.2631578947368421,0.2,0.21052631578947367,0.9535557532616887,0.10734265203028001,0
user_6912,2021-03-20 22:27:00,25,7,2,0,1,0,8,18,12,12,14,5,1,1.0717294462149314,7.88165550776414,5.1116277273012285,0.08,0.0,0.28,0.5683064876011062,0.8719092394937504,0
user_6913,2021-03-20 22:42:00,12,13,3,2,4,1,8,12,14,7,20,5,1,3.3113424084461633,1.42439660225459,1.3798690232422302,0.25,0.6666666666666666,1.0833333333333333,0.9866340516535261,0.9409360299416034,0
user_6914,2021-03-20 22:57:00,16,5,4,1,4,1,11,13,13,5,12,5,1,8.08158952771752,7.600555487008809,9.514685016837117,0.25,0.25,0.3125,0.5750165924024825,0.7529384769104331,0
user_6915,2021-03-20 23:12:00,16,9,8,2,4,0,6,17,16,18,10,5,1,8.03178780479792,3.611525582651585,2.4651937140678637,0.5,0.25,0.5625,0.7611587981322402,0.523371628504444,0
user_6916,2021-03-20 23:27:00,27,8,4,1,2,0,15,12,17,19,5,5,1,4.156550563356522,0.3954079675256258,7.620273837852108,0.14814814814814814,0.25,0.2962962962962963,0.22042937407562346,0.583051812549467,0
user_6917,2021-03-20 23:42:00,21,12,2,2,2,0,12,12,12,13,5,5,1,7.353055152042425,4.354902985795269,2.1025036218591455,0.09523809523809523,1.0,0.5714285714285714,0.7368507526647611,0.18593246811069603,0
user_6918,2021-03-20 23:57:00,13,9,6,2,1,0,10,12,5,19,6,5,1,0.21919524291562723,2.9389449427813665,8.863004064715106,0.46153846153846156,0.3333333333333333,0.6923076923076923,0.39128397705962814,0.5140756623464751,0
user_6919,2021-03-21 00:12:00,16,6,2,1,1,1,6,5,9,5,15,6,1,9.652079459290645,2.491481790360691,11.511679715691368,0.125,0.5,0.375,0.1058131284579571,0.9381429051881492,0
user_6920,2021-03-21 00:27:00,24,12,6,0,0,0,14,16,11,15,20,6,1,4.162133220684019,2.2230444028026595,9.988851907346284,0.25,0.0,0.5,0.9457107533515982,0.3951238876045359,0
user_6921,2021-03-21 00:42:00,21,10,5,1,5,1,6,16,12,19,9,6,1,6.005927782155743,3.5251601827594383,10.465756678969806,0.23809523809523808,0.2,0.47619047619047616,0.8839119632437779,0.6635179060002662,0
user_6922,2021-03-21 00:57:00,15,13,5,1,0,1,15,14,15,13,10,6,1,0.2911392453431362,1.4806752452594891,8.667133272540466,0.3333333333333333,0.2,0.8666666666666667,0.5201735195905711,0.8879223561720655,0
user_6923,2021-03-21 01:12:00,21,8,7,3,0,1,8,13,17,14,10,6,1,2.455994901665976,5.225229065797414,11.622656542375786,0.3333333333333333,0.42857142857142855,0.38095238095238093,0.47058434372500424,0.7201931988413958,0
user_6924,2021-03-21 01:27:00,27,10,9,0,1,2,12,7,20,5,8,6,1,4.531666090114547,3.66332090671098,5.310475243413119,0.3333333333333333,0.0,0.37037037037037035,0.14374882977021697,0.7546338291294417,0
user_6925,2021-03-21 01:42:00,15,11,3,1,3,1,8,7,9,5,20,6,1,0.19390936990222357,6.76572873288013,4.891886437072869,0.2,0.3333333333333333,0.7333333333333333,0.8067880292557336,0.774195363954827,0
user_6926,2021-03-21 01:57:00,24,10,5,0,2,2,13,11,5,12,15,6,1,4.123961430851285,4.750662114775667,1.487588057859666,0.20833333333333334,0.0,0.4166666666666667,0.38376850900456116,0.4859317677772138,0
user_6927,2021-03-21 02:12:00,19,13,2,0,1,0,13,18,10,7,8,6,1,9.662048322087436,1.9751727223215252,4.9842724584741855,0.10526315789473684,0.0,0.6842105263157895,0.5725573724788703,0.7948039244142111,0
user_6928,2021-03-21 02:27:00,23,13,5,1,3,0,7,11,10,8,6,6,1,9.936428343289295,1.6259941663405606,10.131369044899566,0.21739130434782608,0.2,0.5652173913043478,0.767880395157862,0.7322315858504278,0
user_6929,2021-03-21 02:42:00,22,10,5,1,0,3,19,5,9,7,11,6,1,2.2027921744332235,4.158150284216601,4.550523958012285,0.22727272727272727,0.2,0.45454545454545453,0.8377668029980776,0.9193704165242449,0
user_6930,2021-03-21 02:57:00,17,10,6,1,4,0,18,8,14,14,6,6,1,1.322675976949901,4.249555048217232,1.5443651163756575,0.35294117647058826,0.16666666666666666,0.5882352941176471,0.5560346541912172,0.8904272165120689,0
user_6931,2021-03-21 03:12:00,23,8,5,2,3,2,18,6,16,17,14,6,1,7.237413581729556,6.679975032792955,5.443192063457964,0.21739130434782608,0.4,0.34782608695652173,0.8120177734484963,0.37891705397273134,0
user_6932,2021-03-21 03:27:00,28,8,7,0,2,1,9,11,14,7,18,6,1,5.08305783314855,4.233576896825936,3.3994201039821794,0.25,0.0,0.2857142857142857,0.636231256874282,0.5499901201815789,0
user_6933,2021-03-21 03:42:00,19,8,5,0,2,1,8,13,8,8,11,6,1,0.1290386340335008,1.849016905052201,5.742783239241966,0.2631578947368421,0.0,0.42105263157894735,0.2400107901469078,0.366588624874007,0
user_6934,2021-03-21 03:57:00,19,10,7,0,3,1,13,13,13,10,14,6,1,9.897602231324948,2.0264705605120974,5.124733946801579,0.3684210526315789,0.0,0.5263157894736842,0.6136858196459264,0.7901845905391852,0
user_6935,2021-03-21 04:12:00,12,11,4,1,2,1,11,13,20,8,14,6,1,4.4906178619546955,6.869443224074579,7.370062258751048,0.3333333333333333,0.25,0.9166666666666666,0.6620298129713279,0.7855762605295111,0
user_6936,2021-03-21 04:27:00,32,8,10,1,1,0,10,5,5,15,14,6,1,8.692264906471639,7.602097377634989,2.565288889604896,0.3125,0.1,0.25,0.719498317887624,0.484801204557884,0
user_6937,2021-03-21 04:42:00,14,4,5,0,1,2,7,14,19,13,15,6,1,6.0064129178164505,7.353291568935942,6.168376830117097,0.35714285714285715,0.0,0.2857142857142857,0.6883305288872835,0.15143474946445193,0
user_6938,2021-03-21 04:57:00,23,14,7,2,3,0,11,18,12,8,13,6,1,9.539620013074547,3.3549652033732755,3.0910370605254496,0.30434782608695654,0.2857142857142857,0.6086956521739131,0.3456244835118479,0.36710640133204075,0
user_6939,2021-03-21 05:12:00,17,8,8,2,0,0,13,9,5,11,13,6,1,6.040075908195619,6.596538015480865,4.979867523503777,0.47058823529411764,0.25,0.47058823529411764,0.5995836226563199,0.42979551936284066,0
user_6940,2021-03-21 05:27:00,22,15,6,0,0,0,7,17,11,15,17,6,1,1.9533953874063934,7.125627199188607,5.664247749856306,0.2727272727272727,0.0,0.6818181818181818,0.9574216397944456,0.13418066430646136,1
user_6941,2021-03-21 05:42:00,24,5,2,1,3,0,5,10,10,16,18,6,1,8.904890817147741,2.0746335374060836,2.2778651406298014,0.08333333333333333,0.5,0.20833333333333334,0.18709647306431615,0.15366285132530919,0
user_6942,2021-03-21 05:57:00,16,14,12,1,1,0,16,12,13,9,6,6,1,1.5276584603455778,1.0043827991530556,8.35182435020312,0.75,0.08333333333333333,0.875,0.7311468587214349,0.2762667553944282,0
user_6943,2021-03-21 06:12:00,20,8,8,2,1,0,6,14,10,14,7,6,1,2.882140591963587,4.997190777468799,5.835376174552811,0.4,0.25,0.4,0.6212319444192517,0.6333420347661619,0
user_6944,2021-03-21 06:27:00,20,12,4,1,2,0,11,11,19,19,15,6,1,9.584319134353764,0.7335878958557174,3.8934596536439794,0.2,0.25,0.6,0.5310882155984168,0.15086349900818777,0
user_6945,2021-03-21 06:42:00,23,10,8,2,0,1,20,17,11,17,16,6,1,4.191235000798352,0.8874847381109691,3.8382352368502435,0.34782608695652173,0.25,0.43478260869565216,0.8552525093732746,0.1164913222096313,1
user_6946,2021-03-21 06:57:00,24,15,10,1,2,0,7,10,13,5,15,6,1,3.0902043398870505,6.510280300387414,9.29832381164172,0.4166666666666667,0.1,0.625,0.8966773731999603,0.12118759130163637,0
user_6947,2021-03-21 07:12:00,27,8,7,1,3,0,20,12,10,6,10,6,1,3.853012453003993,0.33259087538895504,6.238369322613448,0.25925925925925924,0.14285714285714285,0.2962962962962963,0.6435142132612724,0.7855424309344924,0
user_6948,2021-03-21 07:27:00,16,11,3,2,1,1,10,19,10,12,16,6,1,8.838580574132743,4.017323841518663,5.9818900278687055,0.1875,0.6666666666666666,0.6875,0.3544283920548148,0.5360519884633839,0
user_6949,2021-03-21 07:42:00,14,14,3,1,2,0,7,15,7,8,5,6,1,2.2789200572563035,5.708136697626211,0.7924698224318747,0.21428571428571427,0.3333333333333333,1.0,0.2936215615260811,0.20738860021877897,0
user_6950,2021-03-21 07:57:00,22,15,6,1,1,1,9,17,5,12,18,6,1,3.663188611551697,7.162958350617204,1.496329064625357,0.2727272727272727,0.16666666666666666,0.6818181818181818,0.3625583267214355,0.5696418278501086,0
user_6951,2021-03-21 08:12:00,33,11,5,1,2,0,14,13,17,14,10,6,1,5.237893691711498,4.290845836613393,11.49118447842163,0.15151515151515152,0.2,0.3333333333333333,0.4631729206260081,0.3224135023701675,0
user_6952,2021-03-21 08:27:00,19,5,5,1,1,0,15,10,10,17,10,6,1,0.8701908213096614,4.477104092064773,5.352899031025699,0.2631578947368421,0.2,0.2631578947368421,0.46450009830205585,0.5284600300904965,0
user_6953,2021-03-21 08:42:00,23,13,9,0,2,1,15,15,9,7,19,6,1,0.47725200998052875,4.27380513965177,7.7652002364736274,0.391304347826087,0.0,0.5652173913043478,0.8835770502598073,0.17299370298148858,0
user_6954,2021-03-21 08:57:00,15,12,5,1,1,1,11,6,5,20,5,6,1,3.3563963032225725,0.6173909253309076,7.9634515024219885,0.3333333333333333,0.2,0.8,0.40109233365763086,0.9590094410470645,0
user_6955,2021-03-21 09:12:00,14,12,8,2,0,1,11,9,5,16,13,6,1,7.397667011196444,0.3063035256393104,5.299322090601483,0.5714285714285714,0.25,0.8571428571428571,0.7575005599474689,0.670565747439245,0
user_6956,2021-03-21 09:27:00,24,7,7,0,3,0,5,7,8,14,8,6,1,2.9031190644479565,0.29139222265039333,5.045021664061602,0.2916666666666667,0.0,0.2916666666666667,0.2658361221515083,0.832879003626648,0
user_6957,2021-03-21 09:42:00,20,16,13,1,4,0,11,14,9,16,17,6,1,3.4845506568606144,4.660163075730296,3.187608452185661,0.65,0.07692307692307693,0.8,0.408336450416521,0.9735628768731508,0
user_6958,2021-03-21 09:57:00,37,11,5,1,1,0,15,19,16,5,9,6,1,3.9658459166121784,2.2544050467132015,10.647322374946643,0.13513513513513514,0.2,0.2972972972972973,0.4956152274624088,0.5511641561667758,0
user_6959,2021-03-21 10:12:00,24,12,5,0,1,1,20,14,11,11,5,6,1,5.980689738299717,3.9964873831402694,3.364115924744245,0.20833333333333334,0.0,0.5,0.4451978509718266,0.8250105885604608,0
user_6960,2021-03-21 10:27:00,17,11,6,1,3,1,7,15,18,9,15,6,1,8.495967815168658,3.151544078181489,6.4191309031689,0.35294117647058826,0.16666666666666666,0.6470588235294118,0.28232455524092126,0.7084195941020406,1
user_6961,2021-03-21 10:42:00,16,9,7,1,0,0,13,13,9,20,18,6,1,0.18347695315065501,7.2238501101401535,7.752204202418374,0.4375,0.14285714285714285,0.5625,0.5062059617884561,0.19720971214724342,0
user_6962,2021-03-21 10:57:00,22,9,6,2,3,1,18,14,15,19,14,6,1,3.94717416437489,5.535253742312119,6.224372693068396,0.2727272727272727,0.3333333333333333,0.4090909090909091,0.9015083713279195,0.2888394269811422,0
user_6963,2021-03-21 11:12:00,16,14,5,1,1,1,11,12,15,10,14,6,1,2.20101231715405,7.21616465894405,10.783446539894475,0.3125,0.2,0.875,0.8106453560671533,0.7450315131251859,0
user_6964,2021-03-21 11:27:00,22,15,4,0,1,2,19,17,8,6,14,6,1,2.245717515209325,6.924217306703728,8.933989684630477,0.18181818181818182,0.0,0.6818181818181818,0.46629014332046115,0.6924660681468103,0
user_6965,2021-03-21 11:42:00,16,13,7,0,3,1,11,15,8,17,5,6,1,4.747913786302914,4.743259272765544,8.910357148898214,0.4375,0.0,0.8125,0.8860720926637441,0.11980809724682057,0
user_6966,2021-03-21 11:57:00,21,12,7,2,2,0,12,11,16,5,15,6,1,8.917173507115322,1.81060783180708,7.16201124617018,0.3333333333333333,0.2857142857142857,0.5714285714285714,0.7745180625710787,0.6931336673089866,0
user_6967,2021-03-21 12:12:00,14,14,10,0,2,1,16,9,12,20,18,6,1,5.69698146528565,5.579460656243133,7.547594019727553,0.7142857142857143,0.0,1.0,0.9666820384325916,0.7547715933686936,0
user_6968,2021-03-21 12:27:00,27,7,4,2,1,1,18,8,10,10,8,6,1,5.247095695614022,2.5962173310005916,4.540869330901365,0.14814814814814814,0.5,0.25925925925925924,0.4595799536364612,0.5852706309638827,0
user_6969,2021-03-21 12:42:00,15,12,10,1,1,1,7,10,17,15,12,6,1,2.7573255084015678,2.73478530717194,11.466957224580518,0.6666666666666666,0.1,0.8,0.4353414800832619,0.986158451448271,0
user_6970,2021-03-21 12:57:00,16,11,7,1,2,0,7,12,15,6,9,6,1,3.9809115913278936,6.241663985049237,9.824302011555554,0.4375,0.14285714285714285,0.6875,0.36080108631743113,0.9294281946348988,0
user_6971,2021-03-21 13:12:00,21,7,9,1,3,0,9,9,11,13,20,6,1,0.49114463137644215,2.846088975958367,3.4604973803073356,0.42857142857142855,0.1111111111111111,0.3333333333333333,0.2716719250527919,0.3689207187040051,0
user_6972,2021-03-21 13:27:00,21,8,9,1,3,0,11,15,17,6,14,6,1,4.123779414816144,7.375633643905707,8.840463646283867,0.42857142857142855,0.1111111111111111,0.38095238095238093,0.6095144271871711,0.5507783591984083,0
user_6973,2021-03-21 13:42:00,14,6,3,0,3,2,16,17,6,7,17,6,1,9.965272556758347,3.160911920869568,3.9311439424204115,0.21428571428571427,0.0,0.42857142857142855,0.2979312789375217,0.768950066462103,0
user_6974,2021-03-21 13:57:00,24,7,6,0,1,0,6,7,15,13,16,6,1,7.237880505684552,7.151957151844345,8.766664235332291,0.25,0.0,0.2916666666666667,0.5090795530650998,0.7600518668703642,0
user_6975,2021-03-21 14:12:00,19,10,5,0,3,1,10,18,8,9,18,6,1,2.0495455756374623,6.25793414770372,3.9617252918864376,0.2631578947368421,0.0,0.5263157894736842,0.1478175530012658,0.8532954880990199,0
user_6976,2021-03-21 14:27:00,25,9,4,2,0,1,9,15,19,16,11,6,1,5.053644607250918,6.776999625132217,6.250661807239139,0.16,0.5,0.36,0.8636189397837806,0.777985293852818,0
user_6977,2021-03-21 14:42:00,28,8,11,0,3,1,19,15,6,5,14,6,1,3.288991590671559,7.125184971798762,2.2218552636577806,0.39285714285714285,0.0,0.2857142857142857,0.24798443779892657,0.7674340734828741,0
user_6978,2021-03-21 14:57:00,24,17,9,1,2,1,6,14,15,13,8,6,1,9.588130282756426,0.16151246765018848,9.34144094533669,0.375,0.1111111111111111,0.7083333333333334,0.28230700926850927,0.2192350025133325,0
user_6979,2021-03-21 15:12:00,26,8,5,0,4,0,10,9,20,11,5,6,1,3.18166114369563,6.017731937382469,7.6283457007609945,0.19230769230769232,0.0,0.3076923076923077,0.10162526168222724,0.49309263566232675,0
user_6980,2021-03-21 15:27:00,21,12,8,0,2,0,7,11,5,18,7,6,1,0.9408722638970919,1.132632874084414,10.558422552076916,0.38095238095238093,0.0,0.5714285714285714,0.5167613073626481,0.8611069679304054,0
user_6981,2021-03-21 15:42:00,19,10,6,1,4,0,14,17,16,14,12,6,1,0.5050571271975655,3.7716160809899066,5.983681850038602,0.3157894736842105,0.16666666666666666,0.5263157894736842,0.9886802886044962,0.4526802736477278,0
user_6982,2021-03-21 15:57:00,16,14,7,1,2,1,12,9,13,11,16,6,1,9.680445034915158,2.087919212431775,8.965695731588898,0.4375,0.14285714285714285,0.875,0.6445720523308045,0.9784989653146904,0
user_6983,2021-03-21 16:12:00,21,12,6,1,3,0,15,9,5,5,8,6,1,1.9958300990767235,1.443756047783815,10.477433414407459,0.2857142857142857,0.16666666666666666,0.5714285714285714,0.13650146972923005,0.10055071481519084,0
user_6984,2021-03-21 16:27:00,19,7,5,1,3,1,10,7,5,13,10,6,1,3.449197505577231,2.252626736678529,9.732114549136579,0.2631578947368421,0.2,0.3684210526315789,0.900290924978134,0.4472608005350627,0
user_6985,2021-03-21 16:42:00,20,10,4,1,2,0,6,12,20,15,18,6,1,7.43995837201762,0.867965902034271,4.360160529859026,0.2,0.25,0.5,0.8768518735294153,0.9137325790420103,0
user_6986,2021-03-21 16:57:00,27,13,6,0,1,0,16,19,8,5,9,6,1,0.7642408017627602,3.378709910036493,2.536965048682178,0.2222222222222222,0.0,0.48148148148148145,0.37731289261854006,0.8926488797113596,0
user_6987,2021-03-21 17:12:00,21,17,7,1,3,1,20,20,5,19,10,6,1,1.1075547825011862,3.9448190070192397,4.3353698001746785,0.3333333333333333,0.14285714285714285,0.8095238095238095,0.33822121146119366,0.5248783389786258,0
user_6988,2021-03-21 17:27:00,20,11,8,0,1,1,5,11,15,14,6,6,1,8.12105363315808,7.823709312979242,3.701611687428902,0.4,0.0,0.55,0.9644649874670412,0.3707781757052784,0
user_6989,2021-03-21 17:42:00,21,12,12,0,2,0,5,6,6,10,7,6,1,6.816475300848731,2.1270953255419043,3.270962142637213,0.5714285714285714,0.0,0.5714285714285714,0.1527968257910653,0.6225768603978582,0
user_6990,2021-03-21 17:57:00,21,8,5,2,3,0,8,13,13,9,17,6,1,3.601660628175388,2.0779408181204517,1.4055942488529278,0.23809523809523808,0.4,0.38095238095238093,0.5509842959599676,0.9903757097221244,0
user_6991,2021-03-21 18:12:00,17,14,4,3,3,1,16,16,14,7,19,6,1,9.56814764624148,0.9813213088031101,2.2677805500244625,0.23529411764705882,0.75,0.8235294117647058,0.898533585215548,0.5659256554950255,0
user_6992,2021-03-21 18:27:00,24,7,9,2,1,0,18,13,17,6,12,6,1,5.212794704076049,1.2368094163988743,10.895491382029107,0.375,0.2222222222222222,0.2916666666666667,0.877537177070414,0.9641472871903964,0
user_6993,2021-03-21 18:42:00,18,12,6,0,2,0,19,11,11,16,12,6,1,2.73974439786313,3.403648976783733,0.8027333913610218,0.3333333333333333,0.0,0.6666666666666666,0.11198954299255454,0.9106847020634232,0
user_6994,2021-03-21 18:57:00,23,19,6,0,3,3,17,5,8,15,17,6,1,1.8872620734251024,2.584733297088116,0.5887504927871312,0.2608695652173913,0.0,0.8260869565217391,0.8004384639881527,0.6493137490127393,1
user_6995,2021-03-21 19:12:00,19,7,3,1,1,2,6,16,12,10,20,6,1,9.819081609445337,4.686072864688397,6.0476295362259025,0.15789473684210525,0.3333333333333333,0.3684210526315789,0.8598837585202571,0.6049886549103437,0
user_6996,2021-03-21 19:27:00,14,12,7,1,4,0,11,16,11,12,13,6,1,4.568723430873772,1.8841663961327122,7.853403248331132,0.5,0.14285714285714285,0.8571428571428571,0.6241617701882066,0.4990196952487139,0
user_6997,2021-03-21 19:42:00,18,15,4,0,0,1,7,20,9,6,9,6,1,5.790851119950073,3.205626336581691,10.941778017788844,0.2222222222222222,0.0,0.8333333333333334,0.28216341494232955,0.9528986787023174,0
user_6998,2021-03-21 19:57:00,20,8,8,1,1,0,18,10,12,7,7,6,1,9.607851979315564,4.322898370476053,2.3570783814972707,0.4,0.125,0.4,0.37276187001626804,0.797919222506679,0
user_6999,2021-03-21 20:12:00,15,11,7,1,1,2,12,12,17,8,6,6,1,0.7453016539332276,2.6784972269582212,7.007139460055303,0.4666666666666667,0.14285714285714285,0.7333333333333333,0.4592980189099315,0.41824133569617816,0
user_7000,2021-03-21 20:27:00,28,14,3,2,5,1,18,6,8,17,7,6,1,2.1259231499994007,2.69941940093595,5.095043369336085,0.10714285714285714,0.6666666666666666,0.5,0.14747067438971082,0.8557314317124287,0
user_7001,2021-03-21 20:42:00,17,8,7,1,0,0,17,5,14,5,9,6,1,2.0359883228869946,4.141110449472801,11.244136194751936,0.4117647058823529,0.14285714285714285,0.47058823529411764,0.21623969413951938,0.9201153529434883,0
user_7002,2021-03-21 20:57:00,29,11,8,0,2,0,16,14,13,11,11,6,1,6.889909644016125,6.159482450216007,6.149015378121667,0.27586206896551724,0.0,0.3793103448275862,0.8557397218492481,0.4487048224561043,1
user_7003,2021-03-21 21:12:00,18,13,5,0,1,1,16,5,14,19,15,6,1,8.168041061612433,2.976939635324814,8.618371166060891,0.2777777777777778,0.0,0.7222222222222222,0.639580807319165,0.47092853367535337,0
user_7004,2021-03-21 21:27:00,24,8,5,2,2,0,14,19,11,7,7,6,1,2.105299157293217,1.1370730975816254,5.955222565329705,0.20833333333333334,0.4,0.3333333333333333,0.4640947389716481,0.784192297012151,0
user_7005,2021-03-21 21:42:00,10,6,6,0,1,0,12,8,13,5,19,6,1,4.072601535000894,6.963908858566285,8.870095690063591,0.6,0.0,0.6,0.239930752678605,0.23087657789535596,0
user_7006,2021-03-21 21:57:00,17,12,3,0,3,2,16,8,18,5,17,6,1,4.234716664542213,7.263402806333425,1.272353216664763,0.17647058823529413,0.0,0.7058823529411765,0.4587121607590544,0.6803141059365159,0
user_7007,2021-03-21 22:12:00,22,8,6,1,2,0,19,20,17,15,14,6,1,2.441205404621588,3.5616179821340825,6.817252495267846,0.2727272727272727,0.16666666666666666,0.36363636363636365,0.5686645672845403,0.8283395689283987,1
user_7008,2021-03-21 22:27:00,29,14,5,1,3,0,6,6,14,10,13,6,1,4.517097659727945,4.664884461644203,0.8755920512228719,0.1724137931034483,0.2,0.4827586206896552,0.9141263165618613,0.39390420811283555,0
user_7009,2021-03-21 22:42:00,17,10,5,1,0,0,14,19,11,6,14,6,1,6.063492155860501,1.9035456721343385,10.554143184671595,0.29411764705882354,0.2,0.5882352941176471,0.3497463952939611,0.827166223364351,0
user_7010,2021-03-21 22:57:00,16,17,10,2,1,2,6,15,9,15,14,6,1,8.799460778359485,4.974978831143289,2.7745318533550627,0.625,0.2,1.0625,0.758961595895512,0.29781473548050874,0
user_7011,2021-03-21 23:12:00,19,14,7,1,1,1,8,14,6,19,14,6,1,3.5950199361344426,6.34894116476892,6.0355188666539945,0.3684210526315789,0.14285714285714285,0.7368421052631579,0.3076319243413188,0.8023416781654097,0
user_7012,2021-03-21 23:27:00,22,12,7,0,4,0,20,9,6,14,18,6,1,1.3257776886205288,0.3486110458362751,4.3147728363708655,0.3181818181818182,0.0,0.5454545454545454,0.957994011356516,0.6989031587445199,0
user_7013,2021-03-21 23:42:00,19,11,7,1,3,2,15,12,13,11,7,6,1,9.446871993531339,6.81359734246634,6.101666407678924,0.3684210526315789,0.14285714285714285,0.5789473684210527,0.9659462407209124,0.7517907461700443,0
user_7014,2021-03-21 23:57:00,17,11,8,1,1,2,7,6,9,18,7,6,1,6.472682477210354,1.0436793385668834,4.398450385500628,0.47058823529411764,0.125,0.6470588235294118,0.49011506960433593,0.3853209114848486,0
user_7015,2021-03-22 00:12:00,17,11,11,2,2,0,12,17,10,20,9,0,0,9.055453143467679,6.2678826910210175,6.945000398478547,0.6470588235294118,0.18181818181818182,0.6470588235294118,0.824094747489889,0.5985012262734181,0
user_7016,2021-03-22 00:27:00,20,9,2,0,3,1,6,12,20,19,16,0,0,2.286938753434058,0.45649485583555227,4.884363860571831,0.1,0.0,0.45,0.8169697671198418,0.6594076950606208,0
user_7017,2021-03-22 00:42:00,22,6,4,1,2,0,12,7,20,16,18,0,0,3.314648401874225,4.469833503512422,2.748534216920828,0.18181818181818182,0.25,0.2727272727272727,0.1441855278404024,0.6739623460022967,0
user_7018,2021-03-22 00:57:00,14,5,5,3,1,0,11,5,10,7,12,0,0,9.007081806781008,6.608197164672764,1.5868097436270234,0.35714285714285715,0.6,0.35714285714285715,0.17029043518485343,0.2741008185750774,0
user_7019,2021-03-22 01:12:00,14,11,7,1,3,0,20,9,9,13,17,0,0,5.428479399289139,2.2894663947773077,1.1547914132781743,0.5,0.14285714285714285,0.7857142857142857,0.7780869440866223,0.24659600928020825,0
user_7020,2021-03-22 01:27:00,18,6,6,0,0,1,20,9,15,10,5,0,0,9.966467450873767,0.5632651866492522,11.437107153548814,0.3333333333333333,0.0,0.3333333333333333,0.4857842116647705,0.7186781156722771,0
user_7021,2021-03-22 01:42:00,22,13,7,0,2,1,8,15,6,10,12,0,0,8.455105816747837,3.907610280005918,8.991042849159156,0.3181818181818182,0.0,0.5909090909090909,0.8654364259248376,0.8852112030716371,1
user_7022,2021-03-22 01:57:00,25,11,5,1,2,2,12,6,8,12,18,0,0,7.327709678978969,5.275533050896949,4.306975612694028,0.2,0.2,0.44,0.9225502899465692,0.3602646472818606,0
user_7023,2021-03-22 02:12:00,18,7,2,0,2,0,6,11,13,19,19,0,0,7.729050588495792,2.3656466737800295,2.7172740158981696,0.1111111111111111,0.0,0.3888888888888889,0.630074728028421,0.8095401399119672,0
user_7024,2021-03-22 02:27:00,26,13,5,1,3,0,11,15,10,17,10,0,0,1.2915041418275144,1.0283664574591633,9.696170999246418,0.19230769230769232,0.2,0.5,0.7789737253571504,0.3305137059739387,0
user_7025,2021-03-22 02:42:00,20,12,3,1,3,1,11,5,10,17,14,0,0,1.9282286232860368,0.2222465947718305,4.595417433270308,0.15,0.3333333333333333,0.6,0.5784944003664374,0.9956262800932859,0
user_7026,2021-03-22 02:57:00,18,15,8,1,2,0,18,12,13,17,16,0,0,1.9412333990620159,6.790061131733281,5.274065088585163,0.4444444444444444,0.125,0.8333333333333334,0.9919515917612882,0.487758075344936,0
user_7027,2021-03-22 03:12:00,17,10,6,0,1,0,11,13,19,11,6,0,0,3.8248190917759763,4.73811007018541,1.5322234811909656,0.35294117647058826,0.0,0.5882352941176471,0.47406163685868374,0.6212898302391153,0
user_7028,2021-03-22 03:27:00,19,8,4,0,3,0,16,14,8,13,10,0,0,7.020935466342204,0.8534936495253754,4.647936183133668,0.21052631578947367,0.0,0.42105263157894735,0.4019775871129627,0.5052336549603179,0
user_7029,2021-03-22 03:42:00,23,15,10,1,1,0,17,20,9,14,18,0,0,9.593545673651853,3.670848255031235,7.020024068831125,0.43478260869565216,0.1,0.6521739130434783,0.592789769274381,0.8968765711433174,0
user_7030,2021-03-22 03:57:00,17,6,12,1,0,0,15,17,11,20,20,0,0,1.1044054945629092,3.495555868953799,4.90318984559313,0.7058823529411765,0.08333333333333333,0.35294117647058826,0.43304863256479353,0.14746840931075772,0
user_7031,2021-03-22 04:12:00,26,8,10,0,2,0,9,18,9,15,18,0,0,7.756440596190975,6.458568949447192,3.0600737108935285,0.38461538461538464,0.0,0.3076923076923077,0.25532311058320717,0.9753276297560304,0
user_7032,2021-03-22 04:27:00,16,11,5,1,3,1,15,11,15,15,9,0,0,1.0394346330998765,4.8923107607325775,9.559254042358324,0.3125,0.2,0.6875,0.6012649773187314,0.5105608866336633,0
user_7033,2021-03-22 04:42:00,19,12,5,1,3,1,13,19,18,6,20,0,0,5.916950601738963,4.52876275889984,8.038861849019542,0.2631578947368421,0.2,0.631578947368421,0.19767515474856517,0.42180725972177247,0
user_7034,2021-03-22 04:57:00,31,7,10,1,2,0,11,15,20,14,6,0,0,6.672481277096396,0.46946573352274557,7.119545788155999,0.3225806451612903,0.1,0.22580645161290322,0.7154043172719078,0.10449055597449479,0
user_7035,2021-03-22 05:12:00,23,11,7,0,3,1,10,8,13,15,5,0,0,5.551113003774031,1.559036729742316,1.0782332739636797,0.30434782608695654,0.0,0.4782608695652174,0.5198828732329834,0.4562198450436029,0
user_7036,2021-03-22 05:27:00,12,9,6,0,1,2,19,14,19,8,7,0,0,1.4462160740411374,0.5054403179306906,9.341873937300472,0.5,0.0,0.75,0.6296733582632202,0.5742037382063033,0
user_7037,2021-03-22 05:42:00,17,12,8,1,1,1,5,14,8,15,12,0,0,4.5202430049886,4.7350968558900774,11.077301183572217,0.47058823529411764,0.125,0.7058823529411765,0.4448879353672288,0.128069805943729,0
user_7038,2021-03-22 05:57:00,18,13,2,1,1,0,12,5,18,12,19,0,0,0.985315499103884,2.0580570274290135,5.215061344222589,0.1111111111111111,0.5,0.7222222222222222,0.8741927692727175,0.21141641620542323,0
user_7039,2021-03-22 06:12:00,18,4,6,1,0,1,11,13,15,8,8,0,0,1.5825653963424529,1.370312661765699,2.5728394527667264,0.3333333333333333,0.16666666666666666,0.2222222222222222,0.13994008680569942,0.5652553862587277,0
user_7040,2021-03-22 06:27:00,21,13,7,0,1,0,17,15,7,6,14,0,0,7.220058367231841,4.102082802591551,5.128457381954393,0.3333333333333333,0.0,0.6190476190476191,0.3737063188088353,0.10872305753652645,0
user_7041,2021-03-22 06:42:00,23,10,7,0,3,0,9,16,15,15,13,0,0,4.21716435663275,5.893621928150126,7.573759509477645,0.30434782608695654,0.0,0.43478260869565216,0.9812233903666618,0.816955123280981,1
user_7042,2021-03-22 06:57:00,18,7,6,1,3,1,20,15,20,10,8,0,0,8.929501548226197,3.519733721640863,7.423935163755308,0.3333333333333333,0.16666666666666666,0.3888888888888889,0.6596599062659176,0.3591253892332199,0
user_7043,2021-03-22 07:12:00,19,16,5,0,2,0,19,18,20,16,11,0,0,3.9866445909700263,4.029929675662635,4.630712922306172,0.2631578947368421,0.0,0.8421052631578947,0.8334631369636044,0.17038085983891002,0
user_7044,2021-03-22 07:27:00,11,13,4,1,0,0,18,13,6,19,6,0,0,3.9609232570553226,0.17977813343978422,3.83592714966261,0.36363636363636365,0.25,1.1818181818181819,0.22904193338765222,0.8906483145179118,0
user_7045,2021-03-22 07:42:00,20,6,3,1,2,1,6,18,11,20,11,0,0,7.2906454303380785,2.0219209363120982,5.805694204947948,0.15,0.3333333333333333,0.3,0.7926588716016579,0.13502358251713537,0
user_7046,2021-03-22 07:57:00,17,12,6,1,2,0,11,7,20,11,10,0,0,5.452884390996732,6.329402287998464,6.815638145080312,0.35294117647058826,0.16666666666666666,0.7058823529411765,0.7559651479514087,0.48774187404962954,1
user_7047,2021-03-22 08:12:00,27,10,1,2,1,0,19,11,10,14,11,0,0,6.169544428251836,3.145450443921626,8.334067474584696,0.037037037037037035,2.0,0.37037037037037035,0.3582255893452385,0.8019347993024761,0
user_7048,2021-03-22 08:27:00,25,14,8,1,3,1,5,7,20,15,13,0,0,4.660429830720669,4.586705988732512,1.1931364182818904,0.32,0.125,0.56,0.8185666693504411,0.38908530413167064,0
user_7049,2021-03-22 08:42:00,15,8,9,0,2,0,6,12,17,11,15,0,0,3.42553638682456,7.372221467766422,5.117872343640457,0.6,0.0,0.5333333333333333,0.3130479324157009,0.5055821680757006,0
user_7050,2021-03-22 08:57:00,32,11,8,3,0,0,19,17,19,17,16,0,0,8.802811068976307,2.6594880433146217,2.72509109183174,0.25,0.375,0.34375,0.10867148275213773,0.7602362047456571,0
user_7051,2021-03-22 09:12:00,26,6,8,0,2,0,20,19,6,7,10,0,0,4.056339507495797,7.765242796468287,9.314592000638102,0.3076923076923077,0.0,0.23076923076923078,0.35936332261682746,0.6758806145118476,0
user_7052,2021-03-22 09:27:00,25,3,5,1,0,1,17,14,11,16,6,0,0,2.2137310487787034,4.88423668947516,9.524388459587241,0.2,0.2,0.12,0.27648256826836687,0.6201980273430134,0
user_7053,2021-03-22 09:42:00,27,10,7,1,1,1,14,8,8,19,11,0,0,3.397133403328556,3.5437513557843556,6.947381517541584,0.25925925925925924,0.14285714285714285,0.37037037037037035,0.5301244192254128,0.3812073808271672,0
user_7054,2021-03-22 09:57:00,17,5,5,0,1,0,13,18,20,19,7,0,0,9.967410548036037,5.787135332857534,3.826267857147833,0.29411764705882354,0.0,0.29411764705882354,0.3884144437680951,0.8633231092240612,0
user_7055,2021-03-22 10:12:00,22,14,3,0,2,0,13,18,20,17,7,0,0,7.123930293301699,4.1786501948659165,9.697026230653062,0.13636363636363635,0.0,0.6363636363636364,0.1505029394759094,0.18747953241576332,0
user_7056,2021-03-22 10:27:00,28,12,10,1,4,0,18,8,10,17,6,0,0,8.50795397615904,4.358169209713461,8.459507944018384,0.35714285714285715,0.1,0.42857142857142855,0.3824307044899282,0.6326344012263931,1
user_7057,2021-03-22 10:42:00,15,6,4,1,2,1,8,16,6,15,6,0,0,9.775044272861212,4.200030103284484,10.429265469797288,0.26666666666666666,0.25,0.4,0.7187718681610891,0.3927845957426652,0
user_7058,2021-03-22 10:57:00,27,12,7,0,2,0,10,18,11,17,9,0,0,8.384406116420939,3.5250695560891483,2.9871539781030445,0.25925925925925924,0.0,0.4444444444444444,0.5203973987398527,0.12463175734890919,0
user_7059,2021-03-22 11:12:00,20,7,3,1,0,1,18,11,12,12,15,0,0,4.713103357530251,7.340386611697812,8.69223652145963,0.15,0.3333333333333333,0.35,0.3175517331574601,0.5924969138880225,0
user_7060,2021-03-22 11:27:00,17,5,4,2,4,0,5,17,19,20,16,0,0,4.809098698369758,2.4905784813936642,5.545152864317188,0.23529411764705882,0.5,0.29411764705882354,0.1293976613296419,0.48215922024244795,0
user_7061,2021-03-22 11:42:00,21,17,5,0,5,0,18,17,8,15,5,0,0,9.698753311696784,6.3840991982842255,11.403615658440673,0.23809523809523808,0.0,0.8095238095238095,0.2961399930012601,0.9039973887663667,0
user_7062,2021-03-22 11:57:00,26,11,3,1,2,0,11,20,15,9,5,0,0,5.726405370831197,4.51135168702212,4.619640002693104,0.11538461538461539,0.3333333333333333,0.4230769230769231,0.9145176740043439,0.8107256812565842,0
user_7063,2021-03-22 12:12:00,21,12,10,1,1,0,9,15,18,13,20,0,0,3.2890757253254184,5.368053206452242,7.800422086646921,0.47619047619047616,0.1,0.5714285714285714,0.13145822599005544,0.5335371458651567,0
user_7064,2021-03-22 12:27:00,22,11,1,0,1,0,8,6,19,20,6,0,0,6.642927102541751,0.7985466651990765,3.275696473839771,0.045454545454545456,0.0,0.5,0.9366205245968384,0.7530035729766088,0
user_7065,2021-03-22 12:42:00,18,9,8,0,1,0,13,18,13,18,18,0,0,0.5354498343057864,6.257455295971132,7.7365997032903575,0.4444444444444444,0.0,0.5,0.574527250655587,0.9205835204656537,1
user_7066,2021-03-22 12:57:00,31,8,4,1,2,2,17,8,16,14,18,0,0,3.9894820896783467,4.480766666351312,11.099557664876649,0.12903225806451613,0.25,0.25806451612903225,0.25936261614676415,0.8331237243225367,0
user_7067,2021-03-22 13:12:00,24,9,3,1,3,0,20,17,5,14,6,0,0,4.746624071540982,5.64661390631627,4.1690754251874225,0.125,0.3333333333333333,0.375,0.9637317592020452,0.7419029000407195,0
user_7068,2021-03-22 13:27:00,20,9,6,0,2,0,9,8,19,8,15,0,0,9.325379349223414,0.4874630547605484,2.0533397811358087,0.3,0.0,0.45,0.8173316030992734,0.9224311249676985,0
user_7069,2021-03-22 13:42:00,20,9,3,0,3,1,7,19,5,19,14,0,0,3.3356918211372104,3.200097968771775,6.665942849685628,0.15,0.0,0.45,0.13009250360973232,0.16778986912846228,0
user_7070,2021-03-22 13:57:00,20,12,6,1,3,0,13,10,17,15,19,0,0,4.84482076911313,5.973462315053857,6.87374972353374,0.3,0.16666666666666666,0.6,0.2502236525323182,0.23307471482510392,0
user_7071,2021-03-22 14:12:00,16,11,5,0,2,0,16,9,20,18,20,0,0,7.798448264401148,2.5411320643682784,8.357233707916597,0.3125,0.0,0.6875,0.3968750689808974,0.23164348610862387,0
user_7072,2021-03-22 14:27:00,19,14,8,0,1,0,10,16,9,13,13,0,0,3.738880385750585,4.322827925289346,6.18740615061733,0.42105263157894735,0.0,0.7368421052631579,0.8926984106192051,0.40909161259158844,0
user_7073,2021-03-22 14:42:00,21,9,2,1,3,0,14,5,14,14,7,0,0,8.929316202411085,2.7397419416909923,3.1396060469673666,0.09523809523809523,0.5,0.42857142857142855,0.5503758223043747,0.2270934041168251,0
user_7074,2021-03-22 14:57:00,16,11,4,0,1,0,14,17,15,10,5,0,0,1.1757524167560103,1.1691739257943912,7.580961470511714,0.25,0.0,0.6875,0.694462796531005,0.11076706119773617,0
user_7075,2021-03-22 15:12:00,23,8,3,0,2,3,9,11,8,11,9,0,0,3.803296215651071,4.168824389624324,7.62652852357571,0.13043478260869565,0.0,0.34782608695652173,0.6829277938201113,0.31673050735081326,0
user_7076,2021-03-22 15:27:00,17,12,7,1,2,0,20,12,20,12,17,0,0,4.178591383099513,7.342748696810161,7.15557395841834,0.4117647058823529,0.14285714285714285,0.7058823529411765,0.40346333719836214,0.3816701709925625,0
user_7077,2021-03-22 15:42:00,18,9,4,2,3,2,18,20,9,17,15,0,0,1.8420929502619992,2.1071449496577066,8.933365277074499,0.2222222222222222,0.5,0.5,0.7537140432499329,0.3391146900483094,0
user_7078,2021-03-22 15:57:00,24,15,4,0,4,1,16,5,19,10,11,0,0,5.718077549557411,7.896917687431831,8.010626479944378,0.16666666666666666,0.0,0.625,0.5533812982760763,0.9797386968137641,0
user_7079,2021-03-22 16:12:00,29,11,6,0,2,1,14,14,14,7,12,0,0,7.481341199236762,4.947774295138308,1.235309049017514,0.20689655172413793,0.0,0.3793103448275862,0.789914804434847,0.45035428092866014,0
user_7080,2021-03-22 16:27:00,27,13,3,1,2,1,11,16,14,13,11,0,0,6.336102057564335,1.6111762262179745,1.3926126516414135,0.1111111111111111,0.3333333333333333,0.48148148148148145,0.8554198648697677,0.21371386459740854,0
user_7081,2021-03-22 16:42:00,18,7,3,0,2,0,7,5,12,14,18,0,0,4.777819684581756,3.3877528449134187,3.6123377005448085,0.16666666666666666,0.0,0.3888888888888889,0.2005579645632516,0.4237353881484526,0
user_7082,2021-03-22 16:57:00,21,11,8,1,2,0,8,9,19,20,19,0,0,6.614710436297528,7.558643990882056,1.2189111219055329,0.38095238095238093,0.125,0.5238095238095238,0.8833949446344361,0.4654178216972835,0
user_7083,2021-03-22 17:12:00,25,8,4,1,1,1,8,16,5,12,5,0,0,2.2948344917588415,2.38879252407715,3.636626115765044,0.16,0.25,0.32,0.9903665420525535,0.6116011359546139,0
user_7084,2021-03-22 17:27:00,10,9,7,2,3,0,6,15,7,13,17,0,0,1.1674016621632688,2.036450580724366,0.728769942209101,0.7,0.2857142857142857,0.9,0.512127612749249,0.8142670110985067,0
user_7085,2021-03-22 17:42:00,23,9,4,1,1,1,16,9,20,10,6,0,0,3.422066845955971,3.0981414221107846,10.938968143876327,0.17391304347826086,0.25,0.391304347826087,0.12787043046664076,0.6058863476406482,0
user_7086,2021-03-22 17:57:00,18,16,5,0,1,1,7,19,8,14,9,0,0,7.503572860602784,6.385718534978603,6.968027113958084,0.2777777777777778,0.0,0.8888888888888888,0.9895017667039601,0.3418381858071411,0
user_7087,2021-03-22 18:12:00,24,14,8,1,4,0,8,9,13,10,14,0,0,6.369625012779575,6.062066281097208,7.864893495230857,0.3333333333333333,0.125,0.5833333333333334,0.1444536314564262,0.36986773052470556,0
user_7088,2021-03-22 18:27:00,13,8,4,1,1,1,20,17,19,16,15,0,0,1.5610211854213834,5.500414589043111,9.631174716195307,0.3076923076923077,0.25,0.6153846153846154,0.2345222689211901,0.9186736618322288,1
user_7089,2021-03-22 18:42:00,13,8,5,2,3,1,18,13,19,14,10,0,0,8.56712652490998,6.9637576208186935,0.9056229493618357,0.38461538461538464,0.4,0.6153846153846154,0.8616987887561105,0.6737939866058631,0
user_7090,2021-03-22 18:57:00,19,12,8,2,1,1,19,13,16,9,19,0,0,0.9372926942400941,1.454297074104818,7.240892985487827,0.42105263157894735,0.25,0.631578947368421,0.28571856396340184,0.548162274559143,0
user_7091,2021-03-22 19:12:00,22,11,7,2,1,0,14,5,15,18,10,0,0,1.955921589760998,2.294600448596311,6.219100137041941,0.3181818181818182,0.2857142857142857,0.5,0.2244897881938684,0.76662875658512,0
user_7092,2021-03-22 19:27:00,25,6,6,1,3,0,8,7,16,20,10,0,0,8.286790939380408,4.299395845937013,10.489050295627589,0.24,0.16666666666666666,0.24,0.5603922579205356,0.6075940898985577,0
user_7093,2021-03-22 19:42:00,19,5,2,1,3,0,14,5,11,10,9,0,0,7.376873368248436,4.830416530109974,10.20670056224168,0.10526315789473684,0.5,0.2631578947368421,0.5361432778989186,0.3796726717727468,0
user_7094,2021-03-22 19:57:00,19,15,6,1,3,1,5,12,11,17,20,0,0,3.030466768184094,5.612598809634116,2.122606400326159,0.3157894736842105,0.16666666666666666,0.7894736842105263,0.1847658959177023,0.755617355133116,0
user_7095,2021-03-22 20:12:00,15,11,11,1,1,0,17,13,13,12,6,0,0,0.8709520681877976,7.844312742031473,11.671529836870093,0.7333333333333333,0.09090909090909091,0.7333333333333333,0.4292646848619701,0.5639192144945551,0
user_7096,2021-03-22 20:27:00,27,10,7,1,2,1,20,5,18,11,7,0,0,7.694112125197795,7.903471493600087,2.450242967747086,0.25925925925925924,0.14285714285714285,0.37037037037037035,0.4911067612555926,0.2469812661413054,1
user_7097,2021-03-22 20:42:00,15,12,5,0,2,0,14,6,11,19,18,0,0,9.301631004259056,1.3847632695325316,4.072405499942963,0.3333333333333333,0.0,0.8,0.6636684219658066,0.7241439279947233,0
user_7098,2021-03-22 20:57:00,20,13,3,0,1,1,15,19,12,6,8,0,0,3.0637219525934687,6.890784755853285,4.33798533449478,0.15,0.0,0.65,0.11774451908274373,0.23959027756457124,0
user_7099,2021-03-22 21:12:00,19,10,4,2,1,0,14,15,15,14,8,0,0,6.58149997649846,7.348636944578392,8.103242979195944,0.21052631578947367,0.5,0.5263157894736842,0.1499021362747089,0.4658857188279719,0
user_7100,2021-03-22 21:27:00,23,13,6,1,3,0,9,15,19,7,13,0,0,5.270190745614662,6.781830698450587,1.8170311604332288,0.2608695652173913,0.16666666666666666,0.5652173913043478,0.695081839303516,0.7250651307233197,0
user_7101,2021-03-22 21:42:00,18,12,6,1,1,1,17,9,19,9,16,0,0,2.8411368196541487,3.2423623105947224,11.381847534146528,0.3333333333333333,0.16666666666666666,0.6666666666666666,0.9179462916447427,0.6168465508704941,0
user_7102,2021-03-22 21:57:00,10,11,5,1,2,0,13,20,20,6,12,0,0,5.160483724729954,6.757985658167602,11.189042211873078,0.5,0.2,1.1,0.794659949784273,0.2866252746889102,0
user_7103,2021-03-22 22:12:00,15,12,8,2,2,0,11,6,19,18,17,0,0,6.590814515340242,2.9174115991770315,6.005503488098355,0.5333333333333333,0.25,0.8,0.5238625992333764,0.60035946540924,0
user_7104,2021-03-22 22:27:00,14,9,8,0,1,1,20,7,10,20,8,0,0,0.8730355136604743,6.413071071383987,8.571757806744944,0.5714285714285714,0.0,0.6428571428571429,0.6704231585100128,0.33730297663009445,0
user_7105,2021-03-22 22:42:00,21,13,3,0,1,1,18,17,7,17,13,0,0,1.821092039283804,4.406775546763689,8.62958052996933,0.14285714285714285,0.0,0.6190476190476191,0.9071272234740506,0.9088249360970302,0
user_7106,2021-03-22 22:57:00,13,9,5,1,1,0,11,20,11,13,7,0,0,7.897629855710676,3.705594414573089,6.394272043070656,0.38461538461538464,0.2,0.6923076923076923,0.6922940878205116,0.11055995661463575,0
user_7107,2021-03-22 23:12:00,24,13,6,0,2,0,20,16,9,19,10,0,0,4.949611862855959,2.3930336462513266,8.513779438099803,0.25,0.0,0.5416666666666666,0.14989298714863525,0.3185332659460152,0
user_7108,2021-03-22 23:27:00,20,6,3,2,2,0,15,12,19,9,8,0,0,9.969050132641977,2.9835263721136904,3.061641428370428,0.15,0.6666666666666666,0.3,0.5919437698198665,0.5490603753508331,0
user_7109,2021-03-22 23:42:00,15,15,6,1,0,0,14,13,13,18,13,0,0,9.425494288676523,5.058619489193213,1.0147268273689938,0.4,0.16666666666666666,1.0,0.12941745003370947,0.6743659937703534,0
user_7110,2021-03-22 23:57:00,19,7,7,1,1,1,14,19,8,7,16,0,0,5.186187641290574,5.552331503070812,1.6476629133849066,0.3684210526315789,0.14285714285714285,0.3684210526315789,0.38007614773986875,0.12297143913327506,0
user_7111,2021-03-23 00:12:00,16,11,3,1,2,1,17,17,16,10,8,1,0,7.627725675862386,2.269955795556643,10.744032355372187,0.1875,0.3333333333333333,0.6875,0.36144849355687014,0.33152813040412643,0
user_7112,2021-03-23 00:27:00,21,11,4,1,2,0,16,20,16,7,11,1,0,1.5967375977991571,4.695901503250426,3.8075628557209242,0.19047619047619047,0.25,0.5238095238095238,0.5241265020657755,0.8061897504819773,1
user_7113,2021-03-23 00:42:00,19,11,6,0,2,0,10,14,12,10,7,1,0,5.240267099622371,3.9381704447411066,10.761758068984864,0.3157894736842105,0.0,0.5789473684210527,0.17661544049799122,0.623940786572694,0
user_7114,2021-03-23 00:57:00,18,11,4,1,2,2,10,14,6,15,17,1,0,5.673745312695163,5.379848672077624,8.842599180442086,0.2222222222222222,0.25,0.6111111111111112,0.43535980464932245,0.6260227306170203,0
user_7115,2021-03-23 01:12:00,31,8,5,0,3,1,6,6,14,11,15,1,0,2.7964386520463096,2.13179773127201,10.821560614486337,0.16129032258064516,0.0,0.25806451612903225,0.39345931498674924,0.4644555231787918,0
user_7116,2021-03-23 01:27:00,21,9,6,2,4,1,12,6,16,20,15,1,0,8.428330539312919,6.240526947080287,0.5251248808512283,0.2857142857142857,0.3333333333333333,0.42857142857142855,0.5047933202171608,0.8214930276961211,0
user_7117,2021-03-23 01:42:00,21,11,4,1,2,0,9,13,19,12,5,1,0,5.823219912517917,6.582295303599701,6.821430421724411,0.19047619047619047,0.25,0.5238095238095238,0.9732032479697322,0.29237166427625405,0
user_7118,2021-03-23 01:57:00,22,9,8,0,4,1,15,14,16,19,17,1,0,3.185617382726189,2.5912572862232524,10.19487420373154,0.36363636363636365,0.0,0.4090909090909091,0.23116296253803834,0.9188044401947411,0
user_7119,2021-03-23 02:12:00,13,14,7,0,2,0,17,12,9,11,10,1,0,6.710984685974786,0.998070291136471,9.839848083125068,0.5384615384615384,0.0,1.0769230769230769,0.7233518648001206,0.525903342603561,0
user_7120,2021-03-23 02:27:00,14,14,5,0,2,1,6,14,14,6,20,1,0,6.205298298811822,0.5190851324245471,5.998671224873869,0.35714285714285715,0.0,1.0,0.14102374141475496,0.9722945033988384,0
user_7121,2021-03-23 02:42:00,20,0,5,1,3,0,6,13,7,13,17,1,0,6.778187053406246,6.001387857605513,5.365563232275648,0.25,0.2,0.0,0.6709765347841399,0.4730644994195108,0
user_7122,2021-03-23 02:57:00,18,8,10,1,1,1,5,15,11,18,14,1,0,1.330168881717297,7.706367496815606,6.2297267748442975,0.5555555555555556,0.1,0.4444444444444444,0.4315698025116699,0.4090962704548118,0
user_7123,2021-03-23 03:12:00,24,14,6,1,0,0,14,14,20,14,9,1,0,2.1322014880470452,0.38596781852332973,5.363231952249124,0.25,0.16666666666666666,0.5833333333333334,0.8062400017777784,0.6737101562344368,0
user_7124,2021-03-23 03:27:00,23,8,4,0,3,0,20,8,12,13,7,1,0,0.41356551131889896,6.026058893953822,4.295159281233154,0.17391304347826086,0.0,0.34782608695652173,0.6287812764265445,0.5526420335236472,0
user_7125,2021-03-23 03:42:00,21,10,6,1,1,0,16,10,18,19,7,1,0,6.459062252567972,2.640258255119044,2.781691854706147,0.2857142857142857,0.16666666666666666,0.47619047619047616,0.5869634649206429,0.2575755005700175,0
user_7126,2021-03-23 03:57:00,21,9,5,2,1,0,12,19,9,13,13,1,0,8.993780888161194,2.411014935974767,6.511170448986578,0.23809523809523808,0.4,0.42857142857142855,0.22748926999345917,0.12089697952483905,0
user_7127,2021-03-23 04:12:00,23,13,5,1,3,1,15,18,12,17,8,1,0,6.804064766337749,5.112837612182415,10.50667012877569,0.21739130434782608,0.2,0.5652173913043478,0.6728838287097922,0.5110450947313606,0
user_7128,2021-03-23 04:27:00,22,6,6,0,4,0,9,15,8,14,6,1,0,8.838099314055498,1.8347995039251996,7.753630386941435,0.2727272727272727,0.0,0.2727272727272727,0.10327625560824916,0.14706766320674383,0
user_7129,2021-03-23 04:42:00,17,9,7,0,2,0,9,8,18,15,9,1,0,1.050424205732165,4.7145080122596354,4.578650851549549,0.4117647058823529,0.0,0.5294117647058824,0.6520827163764324,0.5144142935736501,0
user_7130,2021-03-23 04:57:00,19,9,5,0,2,0,16,9,11,19,20,1,0,5.254057257898093,0.1057785622782179,6.9270147837161336,0.2631578947368421,0.0,0.47368421052631576,0.48420935474807547,0.13198447219973264,0
user_7131,2021-03-23 05:12:00,14,9,6,1,3,1,19,10,9,15,20,1,0,3.025449906089317,6.3067543382292905,6.9429737772845215,0.42857142857142855,0.16666666666666666,0.6428571428571429,0.3908484609953601,0.11486831502313616,0
user_7132,2021-03-23 05:27:00,22,12,5,0,1,1,6,20,13,6,10,1,0,6.895581989699558,2.2272133501346203,8.791521614122521,0.22727272727272727,0.0,0.5454545454545454,0.24518843687467246,0.25020387546019107,0
user_7133,2021-03-23 05:42:00,13,10,6,2,1,0,15,12,12,13,5,1,0,9.094574670293117,3.6572934165031863,4.021957283798323,0.46153846153846156,0.3333333333333333,0.7692307692307693,0.22660656492755063,0.3684404513427755,0
user_7134,2021-03-23 05:57:00,11,11,6,1,1,0,9,5,16,5,8,1,0,7.7099447995763555,3.152689263087043,3.9237540162052262,0.5454545454545454,0.16666666666666666,1.0,0.1812102395026331,0.6521298378972241,0
user_7135,2021-03-23 06:12:00,18,9,10,1,4,0,13,13,11,19,19,1,0,8.511499948871421,5.5156914111628526,4.082241921101567,0.5555555555555556,0.1,0.5,0.8869615795141328,0.9936106391325731,0
user_7136,2021-03-23 06:27:00,25,18,7,2,1,0,17,12,11,9,12,1,0,6.185983836249352,5.124153799166192,0.8304042498282834,0.28,0.2857142857142857,0.72,0.298353752806449,0.7789665034807653,0
user_7137,2021-03-23 06:42:00,22,6,3,0,2,1,17,12,7,20,16,1,0,1.2710612233905867,3.365489405989375,3.3852064992991204,0.13636363636363635,0.0,0.2727272727272727,0.19457646575376153,0.19641531924905004,0
user_7138,2021-03-23 06:57:00,21,11,12,1,1,0,15,14,20,5,7,1,0,9.311152916982763,0.1979183841900883,4.045868759073491,0.5714285714285714,0.08333333333333333,0.5238095238095238,0.48329208179226046,0.985708632182782,0
user_7139,2021-03-23 07:12:00,24,12,1,1,1,1,7,5,13,19,17,1,0,3.447086719174024,2.8931105599562272,7.886544547625024,0.041666666666666664,1.0,0.5,0.7590025620578066,0.9033318488065462,0
user_7140,2021-03-23 07:27:00,12,5,3,0,2,1,18,7,11,8,7,1,0,0.22709784424424334,4.934132377130215,4.0805350633125075,0.25,0.0,0.4166666666666667,0.25579183413409956,0.9100816375342781,1
user_7141,2021-03-23 07:42:00,22,13,5,1,1,1,12,5,5,18,18,1,0,8.902011332006326,6.099446918245846,3.9040299492405612,0.22727272727272727,0.2,0.5909090909090909,0.9094517701767915,0.7815096413909792,0
user_7142,2021-03-23 07:57:00,33,6,6,0,2,0,8,5,6,6,13,1,0,4.245292110551485,7.7823744074488115,10.23906583641999,0.18181818181818182,0.0,0.18181818181818182,0.5288115300569558,0.7262077442277244,0
user_7143,2021-03-23 08:12:00,23,10,4,2,2,2,8,12,6,11,15,1,0,9.32136271736242,0.15159274875482376,4.661777714932576,0.17391304347826086,0.5,0.43478260869565216,0.14957771943809886,0.836518593456645,0
user_7144,2021-03-23 08:27:00,13,10,4,0,2,0,11,19,15,12,20,1,0,0.5915496103189871,5.8197730902805045,2.514864896451134,0.3076923076923077,0.0,0.7692307692307693,0.14116494488763615,0.6980025442962768,0
user_7145,2021-03-23 08:42:00,19,7,5,0,2,1,6,7,12,8,7,1,0,3.7381289944502467,3.99412187529678,1.9879150827114551,0.2631578947368421,0.0,0.3684210526315789,0.6465765095153555,0.4437507286627379,0
user_7146,2021-03-23 08:57:00,21,7,5,1,1,2,8,5,9,16,14,1,0,9.767381488257596,3.4256576254006657,1.3323259886608363,0.23809523809523808,0.2,0.3333333333333333,0.8881806453467064,0.8441344369084551,1
user_7147,2021-03-23 09:12:00,9,14,2,2,1,1,10,5,5,14,6,1,0,4.719055875312471,1.7426459012369129,2.1545604062023136,0.2222222222222222,1.0,1.5555555555555556,0.9516876334513497,0.5947048555857921,0
user_7148,2021-03-23 09:27:00,14,7,6,2,4,0,9,17,15,20,8,1,0,8.698448030534681,7.745502036424792,0.5840677378449507,0.42857142857142855,0.3333333333333333,0.5,0.27151474156837463,0.9600038274138568,0
user_7149,2021-03-23 09:42:00,21,9,7,0,2,1,18,17,12,6,8,1,0,7.199331142354908,3.981766826041277,4.79404236409811,0.3333333333333333,0.0,0.42857142857142855,0.3823659393434282,0.5561686552078771,0
user_7150,2021-03-23 09:57:00,29,10,8,0,1,2,7,14,14,16,18,1,0,5.136189853177896,1.2873956772419577,6.590951356054789,0.27586206896551724,0.0,0.3448275862068966,0.9863289049617016,0.5253386602941676,0
user_7151,2021-03-23 10:12:00,20,10,10,1,2,1,16,9,19,18,8,1,0,2.4441649719242475,1.9879595990031043,11.057021120474426,0.5,0.1,0.5,0.71816343244936,0.4018881022131733,0
user_7152,2021-03-23 10:27:00,24,8,11,0,2,0,17,6,15,11,13,1,0,9.607143618971094,4.958746184848385,5.386606282655924,0.4583333333333333,0.0,0.3333333333333333,0.8342972971074345,0.8107146412869579,0
user_7153,2021-03-23 10:42:00,14,8,5,1,1,1,5,8,5,5,9,1,0,3.895153147997699,0.8968488610472916,2.301195689475422,0.35714285714285715,0.2,0.5714285714285714,0.2332862378115013,0.999076083056159,0
user_7154,2021-03-23 10:57:00,20,9,8,2,2,1,7,16,9,16,10,1,0,4.633134673662192,6.751035238626636,9.892703077310806,0.4,0.25,0.45,0.11368600788400529,0.7640929622819155,0
user_7155,2021-03-23 11:12:00,17,9,10,0,3,1,6,7,11,19,8,1,0,4.164068580343742,2.999522008851386,2.144801505755896,0.5882352941176471,0.0,0.5294117647058824,0.9966467114130892,0.10351583534604458,0
user_7156,2021-03-23 11:27:00,20,12,5,1,4,1,17,16,10,14,15,1,0,6.632018341926281,2.8730817475015265,9.45245202440963,0.25,0.2,0.6,0.2887182888970538,0.14241953096446633,0
user_7157,2021-03-23 11:42:00,21,11,4,1,0,0,20,6,16,9,5,1,0,4.899549194019871,6.965869364724285,9.090003129472732,0.19047619047619047,0.25,0.5238095238095238,0.817943961307344,0.1704049070177699,0
user_7158,2021-03-23 11:57:00,21,9,6,2,3,0,19,16,19,19,17,1,0,3.475101892743865,6.686272025470745,5.789557469335792,0.2857142857142857,0.3333333333333333,0.42857142857142855,0.19344572278793676,0.425271558585944,0
user_7159,2021-03-23 12:12:00,18,11,4,1,1,2,16,11,15,19,17,1,0,0.6191637157604821,4.147338599798014,4.737151465926111,0.2222222222222222,0.25,0.6111111111111112,0.3850734821938765,0.1843718593045432,0
user_7160,2021-03-23 12:27:00,13,15,3,2,0,1,12,11,15,20,12,1,0,4.991209399284423,5.037841098622149,0.907757672564659,0.23076923076923078,0.6666666666666666,1.1538461538461537,0.3882835508270307,0.7547680799208099,0
user_7161,2021-03-23 12:42:00,24,13,11,1,3,0,8,16,16,16,19,1,0,5.471922522293184,6.332033281074963,3.429619901563926,0.4583333333333333,0.09090909090909091,0.5416666666666666,0.5857997204097091,0.6789832437185828,0
user_7162,2021-03-23 12:57:00,17,9,3,2,5,0,8,9,15,12,6,1,0,4.78813606509028,5.591047933152264,4.8823656667605535,0.17647058823529413,0.6666666666666666,0.5294117647058824,0.3269513926108715,0.6522767251777083,0
user_7163,2021-03-23 13:12:00,18,7,9,0,1,2,15,12,10,8,15,1,0,1.0836318877679012,4.397894400209037,5.475534800168246,0.5,0.0,0.3888888888888889,0.6176575954880303,0.2608183017720984,0
user_7164,2021-03-23 13:27:00,19,7,6,1,3,0,20,16,7,6,6,1,0,8.646938886568408,5.17108595753421,2.6955028102857916,0.3157894736842105,0.16666666666666666,0.3684210526315789,0.1525476972549547,0.7262022081032181,0
user_7165,2021-03-23 13:42:00,19,8,4,3,3,1,9,14,13,5,20,1,0,1.4813783525964306,5.339184678669207,4.3798869677870265,0.21052631578947367,0.75,0.42105263157894735,0.43716905363657865,0.9694653714269832,0
user_7166,2021-03-23 13:57:00,26,7,4,1,1,0,8,8,9,15,16,1,0,3.2974795255739533,6.48761864909933,10.812626016545678,0.15384615384615385,0.25,0.2692307692307692,0.8041189918758204,0.7921230691719338,0
user_7167,2021-03-23 14:12:00,17,8,5,0,1,0,5,13,14,10,5,1,0,6.598198106254136,4.040790461785222,1.2935009183933783,0.29411764705882354,0.0,0.47058823529411764,0.9340498988388789,0.7756653541552743,0
user_7168,2021-03-23 14:27:00,23,9,5,1,0,1,5,16,8,5,5,1,0,9.532832292352522,4.039472801362055,11.875492124003397,0.21739130434782608,0.2,0.391304347826087,0.6518534878071226,0.9208231415234595,0
user_7169,2021-03-23 14:42:00,12,14,7,0,1,0,16,15,6,19,20,1,0,6.412269603665752,1.5046221285946235,4.020234621224557,0.5833333333333334,0.0,1.1666666666666667,0.9968214172664522,0.9942791740177803,0
user_7170,2021-03-23 14:57:00,25,7,7,1,3,1,8,20,18,5,11,1,0,7.6131503373654725,7.136993180328998,10.98171795104627,0.28,0.14285714285714285,0.28,0.5804021569799702,0.804023363927564,0
user_7171,2021-03-23 15:12:00,25,8,6,1,3,1,17,11,5,19,16,1,0,1.2879178882626714,5.695896108906659,4.088317652687286,0.24,0.16666666666666666,0.32,0.14747341865511984,0.29008856812153283,0
user_7172,2021-03-23 15:27:00,19,13,2,1,2,1,9,5,9,16,17,1,0,3.7987856253988905,3.0831633131813416,10.39385968768266,0.10526315789473684,0.5,0.6842105263157895,0.5649051928911051,0.9133370276429708,0
user_7173,2021-03-23 15:42:00,23,8,4,0,2,1,16,5,14,12,18,1,0,7.564671351787329,0.13967013175623796,5.028008621597466,0.17391304347826086,0.0,0.34782608695652173,0.12492485741249942,0.7553992347233057,0
user_7174,2021-03-23 15:57:00,25,7,5,1,2,1,9,12,6,19,12,1,0,5.772415405689975,4.154989108877836,2.0412286095657968,0.2,0.2,0.28,0.25103191344950404,0.8318031164263906,0
user_7175,2021-03-23 16:12:00,18,9,7,1,0,1,17,17,17,10,12,1,0,5.237131365807359,6.341338841032842,3.419412035269074,0.3888888888888889,0.14285714285714285,0.5,0.9803024918524817,0.8608999166757829,0
user_7176,2021-03-23 16:27:00,19,6,5,1,2,0,7,16,14,10,10,1,0,3.4679138339425313,1.5757513357735646,6.957893906175042,0.2631578947368421,0.2,0.3157894736842105,0.2720010721967546,0.8487316418074438,0
user_7177,2021-03-23 16:42:00,14,11,8,3,4,0,13,11,18,7,17,1,0,8.306098161249183,5.358669468701713,1.4224381833100248,0.5714285714285714,0.375,0.7857142857142857,0.7201402838266286,0.9017672550630443,0
user_7178,2021-03-23 16:57:00,20,6,6,1,1,0,18,12,19,11,9,1,0,2.145236754776343,7.163198964411242,2.379966807747358,0.3,0.16666666666666666,0.3,0.9720449137485062,0.1292478164080564,0
user_7179,2021-03-23 17:12:00,17,19,10,2,1,1,18,13,20,17,6,1,0,2.785941843136792,1.5612073736435985,3.174580081658804,0.5882352941176471,0.2,1.1176470588235294,0.9849742930659432,0.8480475632586135,0
user_7180,2021-03-23 17:27:00,20,9,6,1,3,0,17,19,17,9,16,1,0,2.9011662636197717,6.0540800538952695,1.0518596545499326,0.3,0.16666666666666666,0.45,0.6020783034841557,0.38313808085448564,0
user_7181,2021-03-23 17:42:00,18,8,5,1,2,0,12,12,17,9,15,1,0,7.692544315278932,4.453383324121368,8.660150598774582,0.2777777777777778,0.2,0.4444444444444444,0.7654903209967948,0.7691861926346422,0
user_7182,2021-03-23 17:57:00,20,8,7,1,2,1,8,8,15,19,7,1,0,0.13834256402184242,0.30786201029465843,6.299678809609396,0.35,0.14285714285714285,0.4,0.4448542681667317,0.911403993702763,0
user_7183,2021-03-23 18:12:00,21,11,4,0,4,0,14,18,9,5,14,1,0,4.145048854918846,5.373231110372371,1.8427334976444871,0.19047619047619047,0.0,0.5238095238095238,0.30867983900044194,0.45838243679687096,0
user_7184,2021-03-23 18:27:00,19,10,7,0,1,2,17,10,11,20,13,1,0,7.856698572700878,5.632065007630257,6.550901619823459,0.3684210526315789,0.0,0.5263157894736842,0.9779069327808062,0.9445242417054759,0
user_7185,2021-03-23 18:42:00,15,9,8,0,3,0,5,15,10,11,18,1,0,4.102198348403351,5.777999633372093,3.3859947232898975,0.5333333333333333,0.0,0.6,0.2546445910805893,0.7655132719125249,0
user_7186,2021-03-23 18:57:00,20,11,5,0,2,0,13,8,11,18,5,1,0,5.879212775322267,0.36659527645835777,10.622068621268536,0.25,0.0,0.55,0.36302442210792474,0.5970700750003105,0
user_7187,2021-03-23 19:12:00,11,5,8,0,1,0,6,16,11,7,17,1,0,4.5523686833924355,0.50808528597362,1.4397204131142478,0.7272727272727273,0.0,0.45454545454545453,0.12993897692754955,0.6570019488393649,0
user_7188,2021-03-23 19:27:00,25,11,7,0,3,0,17,15,15,17,13,1,0,6.037823000404811,4.022510198149217,5.718292209308213,0.28,0.0,0.44,0.2776731938992127,0.8259078377031382,0
user_7189,2021-03-23 19:42:00,15,17,11,1,2,0,20,8,12,13,17,1,0,7.070775103924983,5.643606503093144,1.0553076092991067,0.7333333333333333,0.09090909090909091,1.1333333333333333,0.6457314479166552,0.7952568204981801,0
user_7190,2021-03-23 19:57:00,17,8,6,1,2,0,7,15,15,15,10,1,0,6.9351158414714895,5.9197044720740575,1.7362389754277379,0.35294117647058826,0.16666666666666666,0.47058823529411764,0.6694164857980169,0.6382090958316053,1
user_7191,2021-03-23 20:12:00,25,9,3,1,3,1,8,11,18,16,8,1,0,4.698386443647578,7.8318327436622495,9.175886207747295,0.12,0.3333333333333333,0.36,0.28154850573440626,0.9871178857598307,0
user_7192,2021-03-23 20:27:00,24,6,5,2,3,1,9,6,5,14,20,1,0,8.602003898093168,5.248998927636977,3.6470928960359768,0.20833333333333334,0.4,0.25,0.23741556976509287,0.9836398010653417,0
user_7193,2021-03-23 20:42:00,18,9,7,1,2,0,10,11,7,19,8,1,0,6.932630941210299,2.5530088750111735,10.137487643481291,0.3888888888888889,0.14285714285714285,0.5,0.31856486784256693,0.5346742475247492,0
user_7194,2021-03-23 20:57:00,10,10,5,1,1,2,5,10,20,18,10,1,0,9.172366537138695,7.857055751796228,8.74299195805079,0.5,0.2,1.0,0.9954007055126963,0.15732276184743868,0
user_7195,2021-03-23 21:12:00,15,10,2,0,0,0,15,8,14,9,6,1,0,2.4804952179601303,2.046387802673916,5.682680092499612,0.13333333333333333,0.0,0.6666666666666666,0.2491444575483013,0.5442116182357201,0
user_7196,2021-03-23 21:27:00,18,8,4,1,2,0,11,11,12,6,10,1,0,0.729595756798413,6.741487277784912,9.669619030687235,0.2222222222222222,0.25,0.4444444444444444,0.5205289221333901,0.8013575729985191,0
user_7197,2021-03-23 21:42:00,12,9,4,0,4,0,14,20,20,20,18,1,0,0.8835062829996427,5.913511954328565,2.841971899780356,0.3333333333333333,0.0,0.75,0.8785050780389606,0.5990330876942058,0
user_7198,2021-03-23 21:57:00,21,18,9,0,3,0,6,19,20,7,13,1,0,2.98815063131552,3.0288631105621846,8.988598083958315,0.42857142857142855,0.0,0.8571428571428571,0.9130269938094998,0.2198714233421244,0
user_7199,2021-03-23 22:12:00,22,7,5,1,1,0,9,20,12,17,6,1,0,3.4378767466362965,1.2900340117656814,7.0632751367033935,0.22727272727272727,0.2,0.3181818181818182,0.9978582804200675,0.34177894569334394,0
user_7200,2021-03-23 22:27:00,19,5,4,1,2,2,14,5,17,11,16,1,0,2.60438321667681,6.667463079568666,6.246837172057187,0.21052631578947367,0.25,0.2631578947368421,0.42358078626918305,0.584123816524517,0
user_7201,2021-03-23 22:42:00,22,11,4,1,2,1,11,7,19,10,14,1,0,0.17204573754888403,1.502157914449968,9.140565267031764,0.18181818181818182,0.25,0.5,0.7410650057353108,0.45276282062771855,0
user_7202,2021-03-23 22:57:00,19,8,7,1,0,0,10,20,12,20,16,1,0,9.639945127499946,0.2623444858417273,10.270575869108505,0.3684210526315789,0.14285714285714285,0.42105263157894735,0.8236184960869738,0.20078464861654755,1
user_7203,2021-03-23 23:12:00,20,12,4,0,0,2,11,8,10,19,17,1,0,3.3226066123675326,4.484398366622122,3.6623437637061738,0.2,0.0,0.6,0.8564116125017806,0.43130893448569596,0
user_7204,2021-03-23 23:27:00,20,14,10,0,2,0,17,6,18,7,7,1,0,2.038284620175045,6.812014412579282,8.0518993184653,0.5,0.0,0.7,0.4312955791041485,0.20958985459510782,0
user_7205,2021-03-23 23:42:00,14,12,6,1,2,0,17,5,9,20,15,1,0,4.931265935776533,0.5342348499580543,8.472292265588282,0.42857142857142855,0.16666666666666666,0.8571428571428571,0.4673079754156194,0.5450630324378005,0
user_7206,2021-03-23 23:57:00,19,11,6,1,0,1,7,8,20,13,5,1,0,3.6298338130516745,6.060145085396653,8.34955749312891,0.3157894736842105,0.16666666666666666,0.5789473684210527,0.7857071941997221,0.7625287050020051,0
user_7207,2021-03-24 00:12:00,24,12,5,1,0,1,10,9,13,13,9,2,0,8.479474700222335,5.005505279046154,11.24759182410533,0.20833333333333334,0.2,0.5,0.34402299674563674,0.3093531448065011,0
user_7208,2021-03-24 00:27:00,18,14,11,0,1,1,6,19,14,13,13,2,0,6.858306282867262,6.968717882647855,3.058116546706083,0.6111111111111112,0.0,0.7777777777777778,0.5347491500026818,0.4952772885905691,0
user_7209,2021-03-24 00:42:00,22,5,5,1,3,2,14,16,14,5,18,2,0,3.434328817333094,6.875996470787902,11.709681404294425,0.22727272727272727,0.2,0.22727272727272727,0.720568448363429,0.47520082378457407,0
user_7210,2021-03-24 00:57:00,23,5,3,1,2,1,17,14,11,16,13,2,0,0.7710025292839534,7.965784844954682,11.180616871070038,0.13043478260869565,0.3333333333333333,0.21739130434782608,0.9915475246386256,0.7403917517911165,0
user_7211,2021-03-24 01:12:00,21,10,4,0,1,0,5,8,9,16,8,2,0,6.507759272773466,7.103057495335108,7.939717945107715,0.19047619047619047,0.0,0.47619047619047616,0.8627801101013911,0.9467744135157149,0
user_7212,2021-03-24 01:27:00,16,8,6,1,3,1,9,5,18,8,12,2,0,8.628320962369445,0.8643335860906752,3.571536734687151,0.375,0.16666666666666666,0.5,0.5347445709315585,0.21726866572847142,0
user_7213,2021-03-24 01:42:00,19,11,6,0,0,0,8,18,9,8,6,2,0,2.7029889632657813,1.46831535056366,3.2035861419289193,0.3157894736842105,0.0,0.5789473684210527,0.4704723885598582,0.15275575608639458,0
user_7214,2021-03-24 01:57:00,18,8,4,2,0,1,11,9,5,19,7,2,0,7.182722208114719,1.996827129444108,6.518080639819091,0.2222222222222222,0.5,0.4444444444444444,0.20359134478312213,0.5994110152906864,0
user_7215,2021-03-24 02:12:00,26,11,5,1,3,1,15,7,20,19,6,2,0,3.4443384925767,2.1102177059985503,5.058927226330087,0.19230769230769232,0.2,0.4230769230769231,0.5517359381854091,0.37950190731231026,0
user_7216,2021-03-24 02:27:00,24,8,6,0,3,1,17,9,8,10,7,2,0,7.146512017466325,5.324826750308261,3.5812727626248755,0.25,0.0,0.3333333333333333,0.9648424389948054,0.7519924568600169,0
user_7217,2021-03-24 02:42:00,25,8,3,1,1,0,16,9,10,11,14,2,0,3.2761151588736626,1.9941308426019035,3.486703130465471,0.12,0.3333333333333333,0.32,0.3917252851408902,0.8271174092072139,0
user_7218,2021-03-24 02:57:00,23,17,11,1,3,0,6,6,13,5,18,2,0,7.416263914419981,6.885230006144775,6.04179910517123,0.4782608695652174,0.09090909090909091,0.7391304347826086,0.3654780151041912,0.43676383605075786,1
user_7219,2021-03-24 03:12:00,16,6,8,1,3,1,11,12,19,11,12,2,0,1.5171310902588602,7.292577550027361,3.8449164102528615,0.5,0.125,0.375,0.30203220640166867,0.2672086981682279,0
user_7220,2021-03-24 03:27:00,15,10,6,1,3,0,10,7,10,8,10,2,0,4.616221863003368,3.0255135317273427,8.778054077708095,0.4,0.16666666666666666,0.6666666666666666,0.7928697738699388,0.8021544371144034,0
user_7221,2021-03-24 03:42:00,19,4,9,1,2,2,11,11,9,7,19,2,0,9.690129892437108,1.3425019474377484,1.9462527494479915,0.47368421052631576,0.1111111111111111,0.21052631578947367,0.5622080196362093,0.8705274397974393,1
user_7222,2021-03-24 03:57:00,17,12,7,1,3,2,12,8,5,5,13,2,0,2.4378944065430654,6.758621356806319,3.586577060555204,0.4117647058823529,0.14285714285714285,0.7058823529411765,0.3200054604085936,0.9271772742008978,0
user_7223,2021-03-24 04:12:00,20,6,5,0,4,0,11,14,8,16,9,2,0,9.381069265936274,4.739866013323577,2.2443868593238205,0.25,0.0,0.3,0.7051013609384635,0.8110209881811232,0
user_7224,2021-03-24 04:27:00,19,15,8,2,3,1,12,18,18,14,6,2,0,3.420603486174327,2.8588265520959175,7.087241244381816,0.42105263157894735,0.25,0.7894736842105263,0.3484912159697459,0.10975216824282612,0
user_7225,2021-03-24 04:42:00,20,11,5,0,3,0,6,18,20,17,18,2,0,3.545558408390408,5.153817257535511,5.86923806340467,0.25,0.0,0.55,0.5495614299831432,0.98509753021779,0
user_7226,2021-03-24 04:57:00,21,8,7,0,2,0,8,14,6,16,12,2,0,2.1837812992693215,5.749253670091233,7.50470325147508,0.3333333333333333,0.0,0.38095238095238093,0.27979490806422663,0.9416492715141622,0
user_7227,2021-03-24 05:12:00,22,8,0,1,2,1,12,6,9,18,10,2,0,4.618190210342271,0.6281429963371917,4.067615554813523,0.0,0.0,0.36363636363636365,0.41961964799398643,0.3838446401958604,0
user_7228,2021-03-24 05:27:00,17,12,5,2,2,0,12,5,14,8,16,2,0,9.127545441487914,4.789046284218358,7.41869556955382,0.29411764705882354,0.4,0.7058823529411765,0.41153510180700403,0.5775204983779089,0
user_7229,2021-03-24 05:42:00,15,14,5,2,3,1,10,13,6,17,17,2,0,0.14682513484590307,4.264455881528166,10.324902035968174,0.3333333333333333,0.4,0.9333333333333333,0.17049610842587348,0.9774493109046297,0
user_7230,2021-03-24 05:57:00,22,14,4,2,1,1,10,15,19,8,12,2,0,0.9232361908594704,0.9168242890982179,11.38120570042979,0.18181818181818182,0.5,0.6363636363636364,0.7546549427343516,0.1225472047161029,0
user_7231,2021-03-24 06:12:00,26,10,6,0,2,0,12,15,12,12,6,2,0,4.012820509083262,6.102937091913724,3.989732585143393,0.23076923076923078,0.0,0.38461538461538464,0.47010770447502404,0.6851085409806597,0
user_7232,2021-03-24 06:27:00,24,12,1,1,2,0,19,20,5,20,13,2,0,4.481350079580542,1.0061842489284951,4.105199903867299,0.041666666666666664,1.0,0.5,0.8046338077913635,0.29615099806379286,0
user_7233,2021-03-24 06:42:00,21,9,5,1,3,0,19,10,8,12,19,2,0,9.290066928199922,4.586887420655987,0.8229146266108417,0.23809523809523808,0.2,0.42857142857142855,0.5850060920699963,0.24381465231122015,0
user_7234,2021-03-24 06:57:00,26,9,5,0,2,2,10,7,18,15,10,2,0,7.127709492356325,4.816248478002186,2.6091076054663866,0.19230769230769232,0.0,0.34615384615384615,0.9966169376423974,0.5560645092910272,0
user_7235,2021-03-24 07:12:00,23,12,4,2,2,0,5,19,6,9,14,2,0,4.361016080661826,7.301517497388716,11.447042287195323,0.17391304347826086,0.5,0.5217391304347826,0.19941109430528037,0.1773245996777929,0
user_7236,2021-03-24 07:27:00,21,12,4,2,1,1,16,12,7,5,10,2,0,9.798334489249829,5.615768658694057,5.107363911965899,0.19047619047619047,0.5,0.5714285714285714,0.7512530467592283,0.9435909461621989,0
user_7237,2021-03-24 07:42:00,23,11,5,2,1,0,15,12,16,7,10,2,0,5.293846015335753,4.730836644485977,2.283545375334013,0.21739130434782608,0.4,0.4782608695652174,0.7539604955147017,0.7390518063081929,0
user_7238,2021-03-24 07:57:00,26,11,7,1,1,0,6,11,20,11,19,2,0,0.21317983027221393,1.1399854345436087,11.185501676019966,0.2692307692307692,0.14285714285714285,0.4230769230769231,0.4677241883585106,0.7285439974076348,0
user_7239,2021-03-24 08:12:00,17,7,4,3,3,0,9,11,13,7,17,2,0,1.337691360243657,7.15120734837146,8.359029646737259,0.23529411764705882,0.75,0.4117647058823529,0.8776727712754424,0.40612680360418807,0
user_7240,2021-03-24 08:27:00,16,7,10,0,2,1,9,18,8,6,13,2,0,1.2388699768992149,6.5220513103297275,9.148845061899264,0.625,0.0,0.4375,0.7501427790158892,0.6002810079031546,0
user_7241,2021-03-24 08:42:00,15,10,2,3,3,0,12,14,6,16,20,2,0,9.291967980609098,4.767365344406805,1.7403495790321424,0.13333333333333333,1.5,0.6666666666666666,0.751662361645787,0.9968264231607086,0
user_7242,2021-03-24 08:57:00,20,10,6,1,1,0,14,18,12,14,20,2,0,8.955782658085075,6.427287973617471,2.5245092709787316,0.3,0.16666666666666666,0.5,0.7409750042541072,0.7597467185822114,0
user_7243,2021-03-24 09:12:00,26,7,2,0,2,1,6,8,11,19,8,2,0,5.972868653783989,6.011901343749721,10.484258607995919,0.07692307692307693,0.0,0.2692307692307692,0.8205695531751355,0.5252103074223884,0
user_7244,2021-03-24 09:27:00,23,13,4,0,2,0,10,19,7,8,14,2,0,4.964733540214102,5.648276863644457,5.190928787972819,0.17391304347826086,0.0,0.5652173913043478,0.8162381307355675,0.7463719382598003,0
user_7245,2021-03-24 09:42:00,17,7,12,2,3,0,8,14,19,20,17,2,0,5.126437346462648,6.837356460698587,9.106218664550443,0.7058823529411765,0.16666666666666666,0.4117647058823529,0.49932617818658853,0.36550416109755235,0
user_7246,2021-03-24 09:57:00,16,6,5,0,4,0,17,10,6,17,5,2,0,1.777591230801015,3.525402634457392,1.6776398525488911,0.3125,0.0,0.375,0.2957947327514834,0.5346605975169768,0
user_7247,2021-03-24 10:12:00,18,9,6,0,3,0,17,16,16,19,11,2,0,2.78237179149666,4.676069158993241,10.776558261995795,0.3333333333333333,0.0,0.5,0.9407217752383003,0.8317464121126571,0
user_7248,2021-03-24 10:27:00,22,11,7,2,2,1,18,20,10,8,9,2,0,5.2541454249532125,6.201149410796681,7.915825678006277,0.3181818181818182,0.2857142857142857,0.5,0.252273736130866,0.9996336484370258,0
user_7249,2021-03-24 10:42:00,15,16,5,1,1,1,5,15,20,19,19,2,0,5.087502641376393,5.7138550374439,8.667614617158835,0.3333333333333333,0.2,1.0666666666666667,0.9221861282628484,0.2599938396192091,0
user_7250,2021-03-24 10:57:00,11,15,3,2,1,1,13,13,11,14,15,2,0,5.241983011676985,0.6670510277510546,4.346217201231718,0.2727272727272727,0.6666666666666666,1.3636363636363635,0.5774986404301078,0.2996842047482068,1
user_7251,2021-03-24 11:12:00,27,8,6,0,1,1,8,13,18,19,12,2,0,9.721571596402216,0.6920236784278614,5.889278984977954,0.2222222222222222,0.0,0.2962962962962963,0.21735508615256202,0.5485842525605649,0
user_7252,2021-03-24 11:27:00,14,4,5,0,1,0,16,18,17,15,5,2,0,8.70734759507132,1.3496191528479264,0.589480685218668,0.35714285714285715,0.0,0.2857142857142857,0.274768538936523,0.9216356315527479,0
user_7253,2021-03-24 11:42:00,19,6,7,1,2,0,11,15,5,14,18,2,0,5.921256709910308,3.2144622609037183,5.500646862816461,0.3684210526315789,0.14285714285714285,0.3157894736842105,0.49843746996924976,0.8515556682927103,0
user_7254,2021-03-24 11:57:00,13,9,8,1,1,0,7,20,17,18,12,2,0,6.064636701408844,6.72218491603982,6.173452076966831,0.6153846153846154,0.125,0.6923076923076923,0.41813650099087196,0.5937700956676533,0
user_7255,2021-03-24 12:12:00,22,18,6,0,0,0,15,19,5,13,15,2,0,0.3509357637504552,6.943993893802193,5.609388983491921,0.2727272727272727,0.0,0.8181818181818182,0.871014655482176,0.8289679824121416,0
user_7256,2021-03-24 12:27:00,16,12,6,0,1,0,8,15,13,15,9,2,0,5.603606437342916,3.887887834104103,6.359465445707629,0.375,0.0,0.75,0.8337509417145296,0.4222371624143578,0
user_7257,2021-03-24 12:42:00,19,4,7,1,1,0,7,5,9,5,6,2,0,5.994499446351679,7.622655448080486,1.2872644927531285,0.3684210526315789,0.14285714285714285,0.21052631578947367,0.8909624360461081,0.44846587809733873,0
user_7258,2021-03-24 12:57:00,24,5,9,1,2,0,19,11,9,12,14,2,0,0.17524040140938263,5.319954863139984,11.035195966492827,0.375,0.1111111111111111,0.20833333333333334,0.8632406841642366,0.6931611220277096,0
user_7259,2021-03-24 13:12:00,14,11,13,1,2,1,15,13,17,6,15,2,0,7.201216623003224,3.6409672784467895,3.68940523127643,0.9285714285714286,0.07692307692307693,0.7857142857142857,0.506998232853087,0.9192299236634066,0
user_7260,2021-03-24 13:27:00,21,12,7,1,2,1,10,11,11,20,5,2,0,2.572505174255741,6.245754660399751,3.020233352659171,0.3333333333333333,0.14285714285714285,0.5714285714285714,0.4647507297889476,0.8618777001024951,0
user_7261,2021-03-24 13:42:00,13,7,9,2,3,0,14,20,16,5,8,2,0,2.650731303822488,2.487807409318686,9.805096751555247,0.6923076923076923,0.2222222222222222,0.5384615384615384,0.5805375735356694,0.47828005269123686,0
user_7262,2021-03-24 13:57:00,23,8,4,2,0,1,20,17,17,7,7,2,0,8.637489685752877,3.618340336717454,2.5011128574562607,0.17391304347826086,0.5,0.34782608695652173,0.9208946832594318,0.526842212221818,0
user_7263,2021-03-24 14:12:00,23,13,2,2,1,0,7,19,20,10,20,2,0,1.819969535829027,2.940794728912056,4.096530915282814,0.08695652173913043,1.0,0.5652173913043478,0.2531941716861587,0.6882272425256125,0
user_7264,2021-03-24 14:27:00,15,14,8,1,3,0,9,15,20,10,18,2,0,4.884088586233969,7.694769995580462,11.600563152055985,0.5333333333333333,0.125,0.9333333333333333,0.36220699607178186,0.11603615339871867,0
user_7265,2021-03-24 14:42:00,22,13,6,1,2,0,11,10,11,19,10,2,0,9.11596770881275,1.6138044092387418,9.91392451121975,0.2727272727272727,0.16666666666666666,0.5909090909090909,0.4212452149254593,0.7444529775328851,0
user_7266,2021-03-24 14:57:00,17,14,5,0,1,1,12,13,12,20,11,2,0,9.033802448512777,4.482087099918775,7.439948236105333,0.29411764705882354,0.0,0.8235294117647058,0.155147248475698,0.6311126858897252,0
user_7267,2021-03-24 15:12:00,16,11,4,1,2,0,10,9,8,17,18,2,0,8.66270212374687,1.4485409491639987,1.1354402828063759,0.25,0.25,0.6875,0.3607407970066371,0.6783955186625225,0
user_7268,2021-03-24 15:27:00,17,7,7,0,0,0,6,14,16,10,5,2,0,9.36806068269535,1.3383307159412663,5.581316753161937,0.4117647058823529,0.0,0.4117647058823529,0.7786195061232991,0.30198831424486394,0
user_7269,2021-03-24 15:42:00,22,12,7,0,5,0,8,10,17,5,18,2,0,0.9803186800386023,7.273025603424617,5.103377393320809,0.3181818181818182,0.0,0.5454545454545454,0.8282504993176617,0.4439428702698597,1
user_7270,2021-03-24 15:57:00,18,13,3,2,5,0,18,14,5,5,15,2,0,7.00712328243422,3.5605941902057867,4.068788812052935,0.16666666666666666,0.6666666666666666,0.7222222222222222,0.46992675164993747,0.6881999376093921,0
user_7271,2021-03-24 16:12:00,20,9,3,1,4,0,10,15,9,14,7,2,0,2.0697452941211583,6.220541075267781,6.768364207966719,0.15,0.3333333333333333,0.45,0.5677231021639976,0.2645451340109133,0
user_7272,2021-03-24 16:27:00,21,8,3,1,1,1,9,16,14,13,5,2,0,4.210669922798047,7.660334611735256,3.877237716433575,0.14285714285714285,0.3333333333333333,0.38095238095238093,0.4197105817045603,0.1285477256604671,0
user_7273,2021-03-24 16:42:00,17,11,10,1,2,2,10,7,10,9,17,2,0,4.443600232079047,4.2795907377317794,10.59258972527737,0.5882352941176471,0.1,0.6470588235294118,0.3644951389791571,0.895102177228971,0
user_7274,2021-03-24 16:57:00,26,11,3,1,0,0,17,20,15,6,20,2,0,3.908171969753234,5.1599966520854075,11.714371166338296,0.11538461538461539,0.3333333333333333,0.4230769230769231,0.3502755080565807,0.22706083542263555,0
user_7275,2021-03-24 17:12:00,17,11,12,1,2,1,9,7,15,11,6,2,0,9.693569839742315,4.449321610237622,2.5750043447933746,0.7058823529411765,0.08333333333333333,0.6470588235294118,0.5727733193573753,0.7437916481189605,0
user_7276,2021-03-24 17:27:00,11,11,5,0,5,0,12,19,17,8,18,2,0,4.266423199834404,5.9266321675345965,9.984652828259716,0.45454545454545453,0.0,1.0,0.45334581527449247,0.18807559076242814,0
user_7277,2021-03-24 17:42:00,22,14,8,0,1,1,16,5,12,13,19,2,0,8.204651095512956,0.9342499411575463,3.1626661555958875,0.36363636363636365,0.0,0.6363636363636364,0.11031107499766118,0.4183821356995192,0
user_7278,2021-03-24 17:57:00,28,16,1,0,0,0,12,6,17,11,17,2,0,8.100626476476982,1.0180110903302324,7.367493836761362,0.03571428571428571,0.0,0.5714285714285714,0.11091786959130905,0.8786579229825761,0
user_7279,2021-03-24 18:12:00,23,5,4,0,1,1,10,8,12,7,13,2,0,5.725881386060187,2.2324430428009285,1.5622971720150445,0.17391304347826086,0.0,0.21739130434782608,0.39278314510615475,0.5415894891174301,0
user_7280,2021-03-24 18:27:00,20,10,3,2,1,1,15,10,6,16,14,2,0,3.912036713124533,1.9438726207558426,3.635019596185108,0.15,0.6666666666666666,0.5,0.8448144457162863,0.8496964710106082,1
user_7281,2021-03-24 18:42:00,18,6,4,2,2,1,13,15,14,14,5,2,0,8.45439899481259,1.6449305184740735,10.576175598172087,0.2222222222222222,0.5,0.3333333333333333,0.35191452201636664,0.951193271564141,0
user_7282,2021-03-24 18:57:00,19,14,5,1,2,0,12,8,17,6,20,2,0,8.506772279422693,3.652267604942606,6.624571556971921,0.2631578947368421,0.2,0.7368421052631579,0.7982604450896279,0.35965212385022327,0
user_7283,2021-03-24 19:12:00,26,10,6,1,1,2,20,16,18,18,15,2,0,4.0108886240967605,3.1436385725410254,10.74205837831725,0.23076923076923078,0.16666666666666666,0.38461538461538464,0.7831120525511002,0.6708531352136938,0
user_7284,2021-03-24 19:27:00,25,4,4,1,0,3,12,19,16,15,7,2,0,8.027806030393666,6.4813087470004405,6.837321297243014,0.16,0.25,0.16,0.3783019371531934,0.7938779571283817,0
user_7285,2021-03-24 19:42:00,16,9,5,0,1,1,19,10,19,13,13,2,0,1.0357013408188027,7.086868177470382,6.457524883701467,0.3125,0.0,0.5625,0.7366607720893693,0.11285772517523567,0
user_7286,2021-03-24 19:57:00,14,10,3,0,3,1,17,13,15,8,14,2,0,1.9907143737667359,0.4451744038489227,5.8749547416432835,0.21428571428571427,0.0,0.7142857142857143,0.9215182609390423,0.3844755090075701,0
user_7287,2021-03-24 20:12:00,20,7,8,0,5,0,6,16,15,8,12,2,0,0.27108558971704433,7.393725783825613,7.983172468447085,0.4,0.0,0.35,0.6779983094549693,0.32742283544316825,0
user_7288,2021-03-24 20:27:00,16,15,7,1,5,2,6,10,20,13,8,2,0,4.1819655465515275,1.9420226095069786,2.411892371185227,0.4375,0.14285714285714285,0.9375,0.2963679395786041,0.861542642808579,0
user_7289,2021-03-24 20:42:00,15,10,3,1,1,0,12,8,11,9,14,2,0,4.377898979326448,5.372407391765025,8.652992334023768,0.2,0.3333333333333333,0.6666666666666666,0.13586802135776505,0.20352763676082275,0
user_7290,2021-03-24 20:57:00,28,14,7,1,2,2,11,9,14,7,18,2,0,4.260293544421713,2.9067107164703474,10.469424518345313,0.25,0.14285714285714285,0.5,0.9134811681566604,0.9786692277831746,0
user_7291,2021-03-24 21:12:00,17,8,10,1,3,2,13,17,9,20,18,2,0,3.0741288305918295,0.22532983811229285,4.077591706648912,0.5882352941176471,0.1,0.47058823529411764,0.48488956659241256,0.3429950067889952,0
user_7292,2021-03-24 21:27:00,20,9,7,0,3,0,7,17,7,9,18,2,0,2.9113553413779365,4.564024978323779,3.009350879875346,0.35,0.0,0.45,0.425183069861121,0.8583507011093343,0
user_7293,2021-03-24 21:42:00,21,10,11,0,1,0,5,9,18,15,10,2,0,7.539582267852724,7.16293786041984,8.235108512683286,0.5238095238095238,0.0,0.47619047619047616,0.8541891267155001,0.13588128833734517,0
user_7294,2021-03-24 21:57:00,20,21,9,2,2,0,11,16,10,8,5,2,0,9.088945083672064,0.942265956793508,11.534112107272282,0.45,0.2222222222222222,1.05,0.976176739520182,0.5856411020020144,0
user_7295,2021-03-24 22:12:00,22,8,8,0,0,0,9,17,17,18,8,2,0,4.774830527918368,7.54426740320046,11.882275538143439,0.36363636363636365,0.0,0.36363636363636365,0.6117008336593439,0.8285395989847552,0
user_7296,2021-03-24 22:27:00,17,14,6,1,0,2,13,8,13,8,10,2,0,7.264260138104053,1.0168671640581286,5.656061527323271,0.35294117647058826,0.16666666666666666,0.8235294117647058,0.34736222855302074,0.2039320622445836,0
user_7297,2021-03-24 22:42:00,22,21,4,1,2,1,5,19,8,11,19,2,0,4.2880392807905485,5.22110271609732,8.918561580114265,0.18181818181818182,0.25,0.9545454545454546,0.9812633581752315,0.22266770143363723,0
user_7298,2021-03-24 22:57:00,16,6,7,2,2,2,6,15,9,17,9,2,0,2.7558131388378246,3.489316175855595,9.048997924109424,0.4375,0.2857142857142857,0.375,0.9871716556665255,0.35533599895362533,1
user_7299,2021-03-24 23:12:00,24,10,12,1,2,0,18,11,18,5,11,2,0,9.200948540493286,6.358776270374355,1.289666720661658,0.5,0.08333333333333333,0.4166666666666667,0.950420421933101,0.9083057181693743,0
user_7300,2021-03-24 23:27:00,25,11,6,2,1,0,13,10,16,19,6,2,0,7.835693168295064,2.4032551282273724,10.965029972155914,0.24,0.3333333333333333,0.44,0.12138968866730762,0.3873278285667229,0
user_7301,2021-03-24 23:42:00,24,6,9,1,4,0,9,8,6,11,13,2,0,5.746895148222234,3.9876473419368543,9.152908229738166,0.375,0.1111111111111111,0.25,0.6171598273008042,0.4197675671351315,0
user_7302,2021-03-24 23:57:00,20,8,6,2,3,0,19,19,12,15,16,2,0,8.438246779050818,3.3484946008872005,0.5310356452682585,0.3,0.3333333333333333,0.4,0.8390422393573688,0.3095327956086299,0
user_7303,2021-03-25 00:12:00,12,11,5,0,3,1,16,14,12,6,9,3,0,0.933088858927165,7.2536915927261125,7.819629362778943,0.4166666666666667,0.0,0.9166666666666666,0.97501587325745,0.3821091317934129,0
user_7304,2021-03-25 00:27:00,20,8,11,1,3,0,20,15,6,18,11,3,0,5.858438807930318,0.38180430952116995,0.6429561286827299,0.55,0.09090909090909091,0.4,0.652189967950936,0.45641448193479595,0
user_7305,2021-03-25 00:42:00,23,12,5,2,3,1,11,10,19,10,19,3,0,4.567112918514699,1.4430519480017652,1.1663020127371055,0.21739130434782608,0.4,0.5217391304347826,0.8541294516610144,0.9709847924204157,0
user_7306,2021-03-25 00:57:00,14,15,7,1,2,0,8,14,14,6,10,3,0,1.6585147161973446,7.862642085520719,6.165160992157837,0.5,0.14285714285714285,1.0714285714285714,0.9359364790844387,0.2793256808066397,1
user_7307,2021-03-25 01:12:00,26,3,5,0,1,1,15,5,14,11,9,3,0,7.6309399338357835,0.8132925698729809,9.60063895781273,0.19230769230769232,0.0,0.11538461538461539,0.6088810417570061,0.14228285567290655,0
user_7308,2021-03-25 01:27:00,32,10,8,1,4,2,20,8,18,7,9,3,0,1.5112074632846382,2.420166978262378,10.31458624555556,0.25,0.125,0.3125,0.43908880353831437,0.6021980455051157,0
user_7309,2021-03-25 01:42:00,14,8,4,0,3,2,18,8,8,15,15,3,0,0.2725501245154042,2.8592110827435735,11.723758786857227,0.2857142857142857,0.0,0.5714285714285714,0.41261265488262233,0.444384371400692,0
user_7310,2021-03-25 01:57:00,19,9,6,0,2,1,6,7,19,16,8,3,0,6.393653500465276,7.28866845452923,8.376275133967436,0.3157894736842105,0.0,0.47368421052631576,0.5075056231421226,0.26013276917261363,0
user_7311,2021-03-25 02:12:00,19,13,8,1,2,1,17,18,18,9,15,3,0,1.24231689986378,7.867491932634776,7.635818997354413,0.42105263157894735,0.125,0.6842105263157895,0.14009099960265292,0.21196281638934172,0
user_7312,2021-03-25 02:27:00,15,6,11,3,1,1,6,12,10,7,13,3,0,2.1332434721480715,2.8185707862773297,1.9333888414476252,0.7333333333333333,0.2727272727272727,0.4,0.4823092010392709,0.1171432988104213,0
user_7313,2021-03-25 02:42:00,19,14,11,0,1,0,7,12,20,15,11,3,0,8.747224561712638,6.79013670576423,1.2771642366973839,0.5789473684210527,0.0,0.7368421052631579,0.27047533943971785,0.5150043017511698,0
user_7314,2021-03-25 02:57:00,26,6,3,0,2,0,8,7,17,20,6,3,0,9.281321451323732,5.988543909279038,9.814387735903434,0.11538461538461539,0.0,0.23076923076923078,0.1726070835025935,0.8412891496626154,0
user_7315,2021-03-25 03:12:00,24,19,4,0,3,0,7,7,20,19,17,3,0,1.5324080312853297,1.9631925513841577,9.863405091847415,0.16666666666666666,0.0,0.7916666666666666,0.5847157543387107,0.8907990365218347,0
user_7316,2021-03-25 03:27:00,23,9,3,1,2,1,12,5,15,9,10,3,0,4.968333586532721,4.957699235066776,11.382249955703928,0.13043478260869565,0.3333333333333333,0.391304347826087,0.9921784834657006,0.5284007755124575,0
user_7317,2021-03-25 03:42:00,21,10,8,1,2,0,6,8,17,7,14,3,0,0.5185959189263628,3.3624098888744705,3.2556335712343105,0.38095238095238093,0.125,0.47619047619047616,0.22928735219561744,0.4287436540450056,0
user_7318,2021-03-25 03:57:00,20,5,6,0,2,0,15,17,18,10,9,3,0,1.3268341846192224,5.33372300968819,7.719775612271221,0.3,0.0,0.25,0.8629710730964747,0.3640842674924569,1
user_7319,2021-03-25 04:12:00,19,7,8,1,1,1,6,9,20,20,8,3,0,3.6785172709334595,2.507925908917467,6.3195575699032105,0.42105263157894735,0.125,0.3684210526315789,0.8183707101254866,0.1959933366261688,1
user_7320,2021-03-25 04:27:00,18,9,7,0,2,0,19,8,12,15,15,3,0,4.038085280335616,1.251590173160567,7.672286917448306,0.3888888888888889,0.0,0.5,0.3329704100635442,0.25012417359253214,0
user_7321,2021-03-25 04:42:00,22,8,4,0,1,0,18,19,8,14,13,3,0,4.603576030494204,5.9515595247598725,10.785060799703935,0.18181818181818182,0.0,0.36363636363636365,0.20953286341601424,0.34157507375143303,0
user_7322,2021-03-25 04:57:00,21,5,4,0,1,1,5,16,18,5,10,3,0,6.4898109463015965,1.8993614823748866,9.87231558671095,0.19047619047619047,0.0,0.23809523809523808,0.4216814472384227,0.5319939600607535,1
user_7323,2021-03-25 05:12:00,23,10,2,1,5,0,17,19,17,14,13,3,0,7.450156470444648,3.127545486947152,6.241572036433509,0.08695652173913043,0.5,0.43478260869565216,0.18431593883215433,0.17341984089448342,0
user_7324,2021-03-25 05:27:00,19,6,6,1,4,0,8,13,10,10,18,3,0,5.778011536015855,4.803004455757369,1.8564734088513382,0.3157894736842105,0.16666666666666666,0.3157894736842105,0.47483977795741994,0.3420787887493733,0
user_7325,2021-03-25 05:42:00,16,10,5,1,2,0,5,16,15,10,15,3,0,4.360952521151201,1.0202426207794373,5.104072159302402,0.3125,0.2,0.625,0.9030617132718461,0.28214312068520897,0
user_7326,2021-03-25 05:57:00,24,7,5,0,1,0,14,8,11,20,9,3,0,8.556077433139803,5.147134928857179,8.997753944563504,0.20833333333333334,0.0,0.2916666666666667,0.6097303284023593,0.8990965399541146,0
user_7327,2021-03-25 06:12:00,17,13,9,0,2,0,19,9,6,20,9,3,0,9.932562792297572,4.418423516489932,9.933027471531695,0.5294117647058824,0.0,0.7647058823529411,0.128182596690221,0.4062910071799569,0
user_7328,2021-03-25 06:27:00,15,13,12,0,3,0,18,17,8,11,17,3,0,3.320224836154932,7.3957259084746205,8.937046081041649,0.8,0.0,0.8666666666666667,0.3546511190315872,0.3682087500373876,0
user_7329,2021-03-25 06:42:00,17,10,7,1,1,0,7,12,12,9,15,3,0,5.7613178678597015,7.399461704540517,5.086863749680137,0.4117647058823529,0.14285714285714285,0.5882352941176471,0.8800214564400722,0.1814775230104071,0
user_7330,2021-03-25 06:57:00,17,11,7,0,4,0,5,8,19,5,6,3,0,7.587699197373224,3.929232457598654,6.205615037785831,0.4117647058823529,0.0,0.6470588235294118,0.5553665152340325,0.7656475454359117,0
user_7331,2021-03-25 07:12:00,24,10,6,1,0,1,6,10,10,5,17,3,0,5.065409662184867,7.728065783637327,3.6863146793549637,0.25,0.16666666666666666,0.4166666666666667,0.3338263320299963,0.7493826754708514,0
user_7332,2021-03-25 07:27:00,12,10,6,0,2,0,13,7,19,16,14,3,0,6.1569223078536215,3.172820016932423,7.636942380451945,0.5,0.0,0.8333333333333334,0.3684722421692691,0.6730574939617773,0
user_7333,2021-03-25 07:42:00,19,13,5,1,2,1,12,13,12,6,14,3,0,7.951240505824847,7.423686838091238,2.325109079316054,0.2631578947368421,0.2,0.6842105263157895,0.6979365700386949,0.8966513822120442,0
user_7334,2021-03-25 07:57:00,20,3,7,2,3,0,11,14,12,8,13,3,0,1.4333282213485048,3.1719610650633046,10.082372016120319,0.35,0.2857142857142857,0.15,0.34351220001037014,0.9524305578568915,0
user_7335,2021-03-25 08:12:00,29,12,7,0,3,0,13,9,20,16,9,3,0,0.8267747581779717,4.450941807373201,6.948098984354818,0.2413793103448276,0.0,0.41379310344827586,0.9332462881801964,0.1930709110657023,0
user_7336,2021-03-25 08:27:00,14,14,7,0,2,1,7,7,5,5,10,3,0,9.690658920654908,5.949985163629076,11.505419399361813,0.5,0.0,1.0,0.8804516554779509,0.33267160593031475,0
user_7337,2021-03-25 08:42:00,22,8,6,1,2,0,12,16,18,9,7,3,0,6.086591915338949,6.126415152792095,6.903851458571489,0.2727272727272727,0.16666666666666666,0.36363636363636365,0.4697531250857241,0.49202886018601233,0
user_7338,2021-03-25 08:57:00,24,15,11,0,2,0,11,15,12,15,11,3,0,5.129267751918346,3.544970361612119,5.794185511019197,0.4583333333333333,0.0,0.625,0.8553459093839519,0.6064792764970097,0
user_7339,2021-03-25 09:12:00,21,12,8,1,1,1,18,20,16,15,14,3,0,4.013249792903244,1.0628151495515255,11.970867913566552,0.38095238095238093,0.125,0.5714285714285714,0.9211894468989236,0.26220494985502224,0
user_7340,2021-03-25 09:27:00,20,13,4,1,4,0,19,17,14,18,8,3,0,7.926657728356831,4.741539988953218,4.5809217256886905,0.2,0.25,0.65,0.3854504374652703,0.31764325037392205,0
user_7341,2021-03-25 09:42:00,10,8,4,1,1,2,11,16,12,10,5,3,0,1.885679362850256,3.9909810780715635,7.079526040064537,0.4,0.25,0.8,0.16658415591080022,0.2680199876013445,1
user_7342,2021-03-25 09:57:00,17,9,7,1,1,0,17,16,14,18,15,3,0,2.671804137376536,5.020026706283635,1.8722034652642778,0.4117647058823529,0.14285714285714285,0.5294117647058824,0.43089097703594037,0.6989175671211174,0
user_7343,2021-03-25 10:12:00,19,14,10,0,2,0,5,17,8,17,9,3,0,1.3867450062454667,4.301237444444815,8.029639517292873,0.5263157894736842,0.0,0.7368421052631579,0.6110099311860017,0.539887388812232,0
user_7344,2021-03-25 10:27:00,14,10,6,1,2,0,7,10,6,20,17,3,0,5.276773899398418,2.538597594573358,6.506995754161047,0.42857142857142855,0.16666666666666666,0.7142857142857143,0.4708030798352656,0.8097140733458078,0
user_7345,2021-03-25 10:42:00,17,9,6,1,2,1,8,19,15,13,8,3,0,6.448012261648258,5.269947874799658,10.146393570827819,0.35294117647058826,0.16666666666666666,0.5294117647058824,0.750774458621385,0.3283604294209918,0
user_7346,2021-03-25 10:57:00,21,10,2,2,3,1,13,15,9,13,6,3,0,8.497972940235929,2.0752907043014592,4.9437638430617055,0.09523809523809523,1.0,0.47619047619047616,0.12314338317183021,0.5283512367659124,0
user_7347,2021-03-25 11:12:00,19,4,5,0,2,0,10,6,13,5,6,3,0,5.1516043118289945,3.615050795894106,5.467462983637059,0.2631578947368421,0.0,0.21052631578947367,0.8857965491260614,0.8518580317231657,0
user_7348,2021-03-25 11:27:00,20,6,0,1,3,1,15,9,11,13,20,3,0,0.946862944928986,1.7254348061376064,1.0035152345929106,0.0,0.0,0.3,0.4641275635279679,0.1364770658626641,0
user_7349,2021-03-25 11:42:00,23,5,5,2,0,1,17,7,7,16,13,3,0,5.602849918120501,6.486092559186639,2.5326680332157787,0.21739130434782608,0.4,0.21739130434782608,0.6884416493243884,0.17333957801055377,0
user_7350,2021-03-25 11:57:00,27,16,9,0,5,1,11,17,9,13,20,3,0,3.981118237037208,7.207573073688148,5.030234625983422,0.3333333333333333,0.0,0.5925925925925926,0.4595730015122579,0.6301095987208986,0
user_7351,2021-03-25 12:12:00,18,7,11,2,1,0,8,18,5,20,10,3,0,4.421090374965875,5.498418790318974,8.209211858816733,0.6111111111111112,0.18181818181818182,0.3888888888888889,0.4635363648867248,0.5367990979199058,0
user_7352,2021-03-25 12:27:00,22,10,2,2,3,2,11,8,16,11,20,3,0,6.470140532347217,7.320743722174752,9.231785149909644,0.09090909090909091,1.0,0.45454545454545453,0.6491114557277479,0.5513245380439478,1
user_7353,2021-03-25 12:42:00,19,8,4,2,1,1,7,7,16,14,16,3,0,3.3142118716682374,7.214190976742278,10.90442695260482,0.21052631578947367,0.5,0.42105263157894735,0.521979675401063,0.3064945069774635,0
user_7354,2021-03-25 12:57:00,14,9,7,2,1,1,13,8,14,18,12,3,0,0.2716069055118794,2.0801033581911947,6.081910887700022,0.5,0.2857142857142857,0.6428571428571429,0.3708231331704076,0.6785488265381254,0
user_7355,2021-03-25 13:12:00,22,6,5,2,2,1,19,7,20,14,6,3,0,4.446491635426961,1.577442715344562,2.468539467457616,0.22727272727272727,0.4,0.2727272727272727,0.11912957849349383,0.8158041036279169,0
user_7356,2021-03-25 13:27:00,12,8,6,0,3,1,12,14,16,17,15,3,0,3.920359455076276,0.8289358929524796,5.367752778814641,0.5,0.0,0.6666666666666666,0.23634377402951,0.6874882584274321,0
user_7357,2021-03-25 13:42:00,19,12,12,0,1,0,5,17,17,19,9,3,0,8.65956647053201,3.944155460338895,3.6701921425849346,0.631578947368421,0.0,0.631578947368421,0.7414354458381123,0.3858632986046535,0
user_7358,2021-03-25 13:57:00,29,12,5,2,4,0,11,19,12,6,13,3,0,3.3569786282572114,3.3167475459174556,8.271831594480883,0.1724137931034483,0.4,0.41379310344827586,0.9652856156560237,0.1268984978952634,0
user_7359,2021-03-25 14:12:00,21,7,8,2,1,1,17,7,12,5,9,3,0,4.924379027534187,3.0463913713568855,8.021478290268725,0.38095238095238093,0.25,0.3333333333333333,0.5292216194650458,0.8494763959172142,0
user_7360,2021-03-25 14:27:00,30,18,4,0,2,0,8,20,16,20,13,3,0,5.698440882497889,0.5779521112825843,9.195485345788391,0.13333333333333333,0.0,0.6,0.799179643784356,0.4820411757564158,0
user_7361,2021-03-25 14:42:00,19,7,2,1,0,0,5,13,18,11,14,3,0,1.1098436117709558,5.499183774188655,3.009816326453381,0.10526315789473684,0.5,0.3684210526315789,0.8553857130162861,0.1048893837691792,0
user_7362,2021-03-25 14:57:00,14,9,11,3,3,2,14,7,13,8,7,3,0,5.358907340325188,6.472799526391207,8.8739882996559,0.7857142857142857,0.2727272727272727,0.6428571428571429,0.18434885153033959,0.12531934782495893,0
user_7363,2021-03-25 15:12:00,19,9,6,0,2,0,13,10,14,7,12,3,0,1.6557439475360325,2.1114136162784316,7.498613108877694,0.3157894736842105,0.0,0.47368421052631576,0.7132104269194676,0.42393834354041793,0
user_7364,2021-03-25 15:27:00,17,17,4,1,1,0,7,14,14,17,7,3,0,1.2956154814161178,7.707478620283675,10.848692875347124,0.23529411764705882,0.25,1.0,0.8620500153536134,0.7247987548045687,0
user_7365,2021-03-25 15:42:00,21,7,7,2,3,0,17,12,6,7,9,3,0,8.616342957605408,0.946395797968032,11.31338635376577,0.3333333333333333,0.2857142857142857,0.3333333333333333,0.3224983491591327,0.2072192157184298,0
user_7366,2021-03-25 15:57:00,19,5,3,3,2,2,7,18,13,7,20,3,0,4.075073365729823,1.397346927797184,8.638896662052062,0.15789473684210525,1.0,0.2631578947368421,0.17905358223172074,0.7498706189632608,0
user_7367,2021-03-25 16:12:00,17,11,3,2,3,1,13,18,14,18,11,3,0,4.657798416395886,3.5725282961084033,3.391091328574879,0.17647058823529413,0.6666666666666666,0.6470588235294118,0.7503804695257337,0.9449722421973149,0
user_7368,2021-03-25 16:27:00,25,14,2,1,3,1,17,14,16,7,9,3,0,9.492853482799498,4.534318432905196,11.566865626277721,0.08,0.5,0.56,0.37100956579753464,0.3220344559266302,0
user_7369,2021-03-25 16:42:00,27,13,4,1,2,2,9,9,12,15,14,3,0,1.851958464862839,6.74390994208004,2.157727536067406,0.14814814814814814,0.25,0.48148148148148145,0.11689409549305503,0.6115558296035145,0
user_7370,2021-03-25 16:57:00,19,12,11,1,2,1,13,14,16,11,12,3,0,9.119816088319654,6.952563110157076,9.143544156387035,0.5789473684210527,0.09090909090909091,0.631578947368421,0.9550092608610043,0.3795645385596127,0
user_7371,2021-03-25 17:12:00,26,12,3,2,0,1,17,15,18,11,13,3,0,5.30047401486336,5.526226287012405,2.593847442455005,0.11538461538461539,0.6666666666666666,0.46153846153846156,0.7008579774611695,0.46500721617646334,0
user_7372,2021-03-25 17:27:00,15,8,6,1,2,1,7,18,16,9,10,3,0,2.8857190963276325,3.8188245648885797,3.1276491707859924,0.4,0.16666666666666666,0.5333333333333333,0.16407963356043886,0.32476794770400785,0
user_7373,2021-03-25 17:42:00,17,8,5,1,2,0,8,15,13,20,14,3,0,0.4012534871452421,5.284251578488571,11.171646693563304,0.29411764705882354,0.2,0.47058823529411764,0.7917105941273286,0.9569933526036563,0
user_7374,2021-03-25 17:57:00,20,8,5,2,2,0,5,20,5,16,7,3,0,7.7860913408333605,5.474202022338217,4.742325804325126,0.25,0.4,0.4,0.11760516591782441,0.5217991637224966,0
user_7375,2021-03-25 18:12:00,12,5,5,0,2,2,14,20,16,16,9,3,0,7.038257186996114,7.349584557235704,9.413799937269022,0.4166666666666667,0.0,0.4166666666666667,0.8714369867598212,0.18098115336738446,0
user_7376,2021-03-25 18:27:00,23,6,7,1,2,0,15,20,9,18,6,3,0,8.178807955676042,6.013320118346551,2.859207840499255,0.30434782608695654,0.14285714285714285,0.2608695652173913,0.4165479277858172,0.10195577426349295,0
user_7377,2021-03-25 18:42:00,21,10,7,0,2,1,11,18,5,13,19,3,0,2.726843351902373,3.277998055939426,5.116125384031015,0.3333333333333333,0.0,0.47619047619047616,0.6300391937642708,0.3555260106250878,0
user_7378,2021-03-25 18:57:00,23,6,7,1,3,0,14,16,12,13,8,3,0,0.9556078022932318,6.346947755722903,1.8213943682014,0.30434782608695654,0.14285714285714285,0.2608695652173913,0.13809088868975483,0.5626036873232706,0
user_7379,2021-03-25 19:12:00,19,10,6,2,0,1,5,18,17,18,16,3,0,3.446084094543863,3.5467869616692074,10.45341988165464,0.3157894736842105,0.3333333333333333,0.5263157894736842,0.36812671943838937,0.9548332165156661,1
user_7380,2021-03-25 19:27:00,25,7,5,2,2,0,10,8,11,13,5,3,0,1.117627585538833,4.326891184415946,1.6430314578461254,0.2,0.4,0.28,0.2111778741041526,0.8644266053238874,0
user_7381,2021-03-25 19:42:00,16,10,13,2,0,1,13,20,17,9,17,3,0,2.026190625134647,5.764822473746358,8.251174259128945,0.8125,0.15384615384615385,0.625,0.9193507795523999,0.6831382640542731,0
user_7382,2021-03-25 19:57:00,25,12,2,1,3,0,13,13,10,12,10,3,0,4.040505393494607,7.934205496748904,6.3123211838307585,0.08,0.5,0.48,0.8716404400296999,0.8741361065404178,0
user_7383,2021-03-25 20:12:00,16,9,9,0,3,0,14,18,18,10,5,3,0,5.8714498096683325,6.269626152907872,5.188108986264219,0.5625,0.0,0.5625,0.16719660060878616,0.7034428405143688,0
user_7384,2021-03-25 20:27:00,21,9,8,0,1,0,16,20,7,14,14,3,0,9.706237646219003,4.035456858935981,6.034996599484721,0.38095238095238093,0.0,0.42857142857142855,0.8009012469957628,0.274047116727773,0
user_7385,2021-03-25 20:42:00,23,11,6,1,2,1,15,6,8,10,14,3,0,3.252499155261314,7.056011130314392,2.5731432567664765,0.2608695652173913,0.16666666666666666,0.4782608695652174,0.4990842679221097,0.28023288493452014,1
user_7386,2021-03-25 20:57:00,27,12,5,2,2,0,8,18,10,7,13,3,0,1.408586947003418,6.528975417572559,9.725845858421978,0.18518518518518517,0.4,0.4444444444444444,0.45619536484692347,0.649683592484424,0
user_7387,2021-03-25 21:12:00,20,6,9,0,0,1,18,8,16,17,7,3,0,8.234591196367344,2.0638219962537376,8.558251256456447,0.45,0.0,0.3,0.13021303882071183,0.9397374187184929,0
user_7388,2021-03-25 21:27:00,17,11,5,1,1,0,8,10,15,17,19,3,0,4.192734398281194,1.5667899287148919,2.8414307255555453,0.29411764705882354,0.2,0.6470588235294118,0.27025250950216484,0.17795690070788378,0
user_7389,2021-03-25 21:42:00,19,8,6,0,1,2,17,5,20,15,17,3,0,7.389342716011776,4.132555564051929,0.9304641086694134,0.3157894736842105,0.0,0.42105263157894735,0.33305522553282085,0.8829114115018656,0
user_7390,2021-03-25 21:57:00,21,13,4,0,1,0,17,13,15,11,19,3,0,0.8549976757524083,4.201093448667113,11.90480892980868,0.19047619047619047,0.0,0.6190476190476191,0.19785924637284463,0.5337727627220584,0
user_7391,2021-03-25 22:12:00,19,15,6,1,3,0,15,6,19,16,14,3,0,8.961870504842823,2.0219203317098837,5.15241461030072,0.3157894736842105,0.16666666666666666,0.7894736842105263,0.34254917730375284,0.6548671083680564,0
user_7392,2021-03-25 22:27:00,19,10,8,1,3,0,9,20,6,8,6,3,0,5.32088101470252,5.8543596454945925,7.6083519086098566,0.42105263157894735,0.125,0.5263157894736842,0.6251977536293912,0.7223606055822563,0
user_7393,2021-03-25 22:42:00,19,9,3,2,4,0,14,8,19,7,9,3,0,4.472612419179362,5.845447102715413,5.940863752464006,0.15789473684210525,0.6666666666666666,0.47368421052631576,0.16517740576995465,0.3265123400799942,0
user_7394,2021-03-25 22:57:00,23,14,2,1,3,1,13,20,9,17,7,3,0,6.1757986440266635,1.9620724063003618,2.201585883170032,0.08695652173913043,0.5,0.6086956521739131,0.3976485667062193,0.8785370467330031,0
user_7395,2021-03-25 23:12:00,20,14,7,0,2,0,12,8,20,15,7,3,0,3.3173655962069284,7.905599506500511,3.5819757382384414,0.35,0.0,0.7,0.3815758163053592,0.6283112921470669,0
user_7396,2021-03-25 23:27:00,21,12,3,1,3,1,18,19,14,13,8,3,0,2.7379964924449993,0.1544032778284589,9.620270260153436,0.14285714285714285,0.3333333333333333,0.5714285714285714,0.5196731856382021,0.9334763888931288,0
user_7397,2021-03-25 23:42:00,15,11,6,1,4,0,10,19,16,8,10,3,0,2.67039241865452,3.199259772491521,11.099616869739119,0.4,0.16666666666666666,0.7333333333333333,0.45532015187821373,0.3037189447542508,0
user_7398,2021-03-25 23:57:00,28,5,2,2,6,0,6,13,19,6,10,3,0,6.879723694075269,3.114331859175177,5.585752689904533,0.07142857142857142,1.0,0.17857142857142858,0.35324033262690646,0.39709073715426857,0
user_7399,2021-03-26 00:12:00,18,7,6,1,3,0,20,18,10,19,11,4,0,4.324866057015245,6.1604937133561135,3.5226792118830406,0.3333333333333333,0.16666666666666666,0.3888888888888889,0.8134945068251699,0.5723815388123631,0
user_7400,2021-03-26 00:27:00,15,9,2,0,3,1,13,16,13,14,19,4,0,6.225884745872905,3.7830812269844984,4.717256014851329,0.13333333333333333,0.0,0.6,0.26824133297165054,0.8551997740352258,0
user_7401,2021-03-26 00:42:00,24,9,5,0,1,0,20,16,11,10,19,4,0,8.43517053218317,1.166456034851195,7.83407214404953,0.20833333333333334,0.0,0.375,0.39012544649808334,0.8377176647641873,1
user_7402,2021-03-26 00:57:00,15,6,4,2,1,0,12,16,19,11,20,4,0,4.121604140951532,7.773446768494636,5.716077980598419,0.26666666666666666,0.5,0.4,0.3087669109910928,0.6191033812269424,0
user_7403,2021-03-26 01:12:00,9,9,8,2,4,1,9,19,12,10,14,4,0,1.2288962432453836,2.4286131768293826,2.935313122808716,0.8888888888888888,0.25,1.0,0.9189933946791761,0.4734061231596314,0
user_7404,2021-03-26 01:27:00,18,11,8,1,3,0,17,13,18,16,8,4,0,1.3665240552400886,5.173962723074691,6.398366692077953,0.4444444444444444,0.125,0.6111111111111112,0.33904370117371174,0.7503735653932528,0
user_7405,2021-03-26 01:42:00,19,10,7,1,1,1,8,6,11,18,9,4,0,9.277801143792734,0.2933582755783176,7.681629518038691,0.3684210526315789,0.14285714285714285,0.5263157894736842,0.6528525833350465,0.8782728855444557,1
user_7406,2021-03-26 01:57:00,16,14,4,1,2,1,10,7,18,6,6,4,0,2.6307156259470625,0.9691174347630925,3.7985832306331595,0.25,0.25,0.875,0.8314848083669282,0.24363932223045848,0
user_7407,2021-03-26 02:12:00,22,9,7,0,2,0,10,8,12,19,20,4,0,8.524211304337129,3.5184395107987134,10.827789243217168,0.3181818181818182,0.0,0.4090909090909091,0.37273393944965383,0.1374588015685923,0
user_7408,2021-03-26 02:27:00,17,4,8,0,1,0,16,8,6,18,13,4,0,6.319327496374144,6.824528433809644,6.915603477505323,0.47058823529411764,0.0,0.23529411764705882,0.5207345365776109,0.12448674727983836,0
user_7409,2021-03-26 02:42:00,17,8,5,0,3,0,12,5,15,19,10,4,0,0.3871693107730666,1.8756447387147315,7.754582677886938,0.29411764705882354,0.0,0.47058823529411764,0.8568589730114543,0.7549580469328852,1
user_7410,2021-03-26 02:57:00,20,7,9,2,2,1,15,15,17,5,20,4,0,3.7486442691157875,1.0331375547071426,8.837025860549998,0.45,0.2222222222222222,0.35,0.5898242561323397,0.9335291181371536,0
user_7411,2021-03-26 03:12:00,20,12,6,1,1,0,20,14,14,11,11,4,0,3.2213119969918544,6.620631073751344,2.199415232464933,0.3,0.16666666666666666,0.6,0.9089015291867977,0.7388110153799793,0
user_7412,2021-03-26 03:27:00,25,9,4,2,3,1,6,9,15,12,10,4,0,2.4052413092071614,5.966183285700654,5.794989588693102,0.16,0.5,0.36,0.31959958692662627,0.447034151344738,0
user_7413,2021-03-26 03:42:00,13,8,7,1,0,0,11,20,15,19,8,4,0,5.936515925320645,4.039597768217643,4.320018844946722,0.5384615384615384,0.14285714285714285,0.6153846153846154,0.5383352088165291,0.3983373293673689,0
user_7414,2021-03-26 03:57:00,26,10,5,1,2,0,8,12,17,6,8,4,0,8.65993243145679,6.396985692162705,10.568566335953332,0.19230769230769232,0.2,0.38461538461538464,0.7250369199884025,0.1970276562508639,0
user_7415,2021-03-26 04:12:00,27,11,1,1,5,0,17,10,9,9,12,4,0,2.6537066697522946,5.509099062105552,6.75137672425945,0.037037037037037035,1.0,0.4074074074074074,0.13593166899481973,0.674451351684614,0
user_7416,2021-03-26 04:27:00,29,7,8,1,2,0,7,17,19,8,5,4,0,5.503810317067449,1.9831451864490293,1.4126297694505363,0.27586206896551724,0.125,0.2413793103448276,0.6056167665345243,0.25610729617022854,0
user_7417,2021-03-26 04:42:00,24,9,13,1,1,0,17,19,5,18,6,4,0,5.735912814399442,2.6399824260629856,2.8082973443221673,0.5416666666666666,0.07692307692307693,0.375,0.10628964051504554,0.4767760374629846,0
user_7418,2021-03-26 04:57:00,16,16,8,1,3,0,9,16,13,19,13,4,0,0.9389107535594742,3.4313473930872074,3.521910651169626,0.5,0.125,1.0,0.11327282647036907,0.24955866419434442,0
user_7419,2021-03-26 05:12:00,25,6,5,1,5,0,18,13,12,6,19,4,0,4.060862539091847,2.938997277993007,3.0041747558006344,0.2,0.2,0.24,0.37254742977626754,0.5362456996560615,0
user_7420,2021-03-26 05:27:00,23,16,3,0,2,0,8,20,11,18,16,4,0,1.9708318178289148,1.9638165294814576,8.961827322712885,0.13043478260869565,0.0,0.6956521739130435,0.501696531456753,0.15270409977463362,1
user_7421,2021-03-26 05:42:00,14,16,8,0,3,0,11,7,10,11,18,4,0,4.465106961190641,6.3120911191445375,3.9000488244710203,0.5714285714285714,0.0,1.1428571428571428,0.38423046702291774,0.2012146855436887,1
user_7422,2021-03-26 05:57:00,19,13,3,1,2,1,10,18,18,19,17,4,0,1.6563699284704714,4.061726082823443,1.505988058032122,0.15789473684210525,0.3333333333333333,0.6842105263157895,0.41475147198184503,0.5758929451784535,0
user_7423,2021-03-26 06:12:00,30,8,6,0,2,1,10,5,15,16,14,4,0,4.269974268515756,1.081413993521317,5.941068888394286,0.2,0.0,0.26666666666666666,0.5058950675773365,0.8036750300802687,0
user_7424,2021-03-26 06:27:00,28,8,7,1,1,1,5,9,13,7,10,4,0,7.465134822960785,1.5271394835757854,4.586234638777613,0.25,0.14285714285714285,0.2857142857142857,0.39793601662406464,0.22525257307476046,0
user_7425,2021-03-26 06:42:00,23,10,6,2,0,1,12,8,9,11,6,4,0,0.6649074584958719,1.5764361519049723,6.85157743073194,0.2608695652173913,0.3333333333333333,0.43478260869565216,0.9472780297448538,0.6716585125520431,0
user_7426,2021-03-26 06:57:00,19,16,6,0,3,1,14,20,6,5,19,4,0,9.981435901513509,1.168620952802162,4.490267453010507,0.3157894736842105,0.0,0.8421052631578947,0.11666269408782887,0.6436402484218947,0
user_7427,2021-03-26 07:12:00,20,12,6,2,2,0,17,5,15,13,13,4,0,5.730648267007425,0.8993397453217697,4.001189234881789,0.3,0.3333333333333333,0.6,0.7187460018230322,0.7907207165553638,0
user_7428,2021-03-26 07:27:00,22,11,5,1,1,0,17,11,20,12,9,4,0,1.9462290777816829,5.1764137683889775,2.2581829415459067,0.22727272727272727,0.2,0.5,0.929535256234704,0.38556539786795574,0
user_7429,2021-03-26 07:42:00,14,9,3,0,3,1,7,10,12,5,9,4,0,7.484570902241954,5.691836394784673,4.513150847185436,0.21428571428571427,0.0,0.6428571428571429,0.1330130190129068,0.7174011188109028,0
user_7430,2021-03-26 07:57:00,20,20,7,2,1,0,9,15,20,11,5,4,0,7.478278227801746,3.4100937350281164,8.147217848522388,0.35,0.2857142857142857,1.0,0.7863791114208711,0.5164804503704474,0
user_7431,2021-03-26 08:12:00,14,13,4,2,4,1,13,6,6,6,11,4,0,3.5812602973729857,4.603519460619634,1.4952669269122079,0.2857142857142857,0.5,0.9285714285714286,0.10934535055419305,0.8070391173583933,0
user_7432,2021-03-26 08:27:00,15,9,4,0,1,1,13,5,18,10,19,4,0,5.476563199768546,1.445561874883364,3.691119416613814,0.26666666666666666,0.0,0.6,0.7543233961367934,0.8821084166634076,0
user_7433,2021-03-26 08:42:00,27,13,6,1,0,0,18,10,20,14,12,4,0,5.791014513628831,1.2859162860471771,1.2114148142100387,0.2222222222222222,0.16666666666666666,0.48148148148148145,0.53558584102648,0.4011946306222194,0
user_7434,2021-03-26 08:57:00,27,4,6,2,1,0,15,12,9,20,12,4,0,9.492452589132968,5.598847828878632,4.835126901085713,0.2222222222222222,0.3333333333333333,0.14814814814814814,0.27110677127488253,0.6243467531990232,0
user_7435,2021-03-26 09:12:00,20,4,6,2,2,1,20,13,9,11,11,4,0,5.964550955609339,2.5212246110747047,10.196977318136762,0.3,0.3333333333333333,0.2,0.1496775659325823,0.12220623261903883,0
user_7436,2021-03-26 09:27:00,17,19,6,1,1,1,8,11,15,12,14,4,0,0.9767542032185049,4.833283090036121,11.8465456493472,0.35294117647058826,0.16666666666666666,1.1176470588235294,0.9566440027837563,0.946411136494882,0
user_7437,2021-03-26 09:42:00,27,11,5,0,2,0,15,12,18,20,20,4,0,5.232953057883068,6.11561816473421,10.752619125020315,0.18518518518518517,0.0,0.4074074074074074,0.21999414984863114,0.25951346784166296,0
user_7438,2021-03-26 09:57:00,27,9,1,1,4,0,15,10,11,17,19,4,0,6.846238538401595,1.6819620195347993,7.978334879047714,0.037037037037037035,1.0,0.3333333333333333,0.9704279962410624,0.6611472770719632,0
user_7439,2021-03-26 10:12:00,30,9,5,1,3,1,13,5,20,20,10,4,0,0.36154061295232276,2.6090765304644896,5.235191337966687,0.16666666666666666,0.2,0.3,0.546463273186922,0.588873497645095,0
user_7440,2021-03-26 10:27:00,24,11,2,0,1,1,11,10,17,18,15,4,0,9.683615829999122,1.9272422185083695,6.190691934200697,0.08333333333333333,0.0,0.4583333333333333,0.632752102394876,0.5601301188249039,0
user_7441,2021-03-26 10:42:00,17,4,7,1,1,0,9,6,7,16,11,4,0,0.4831123307110643,3.807040671000057,0.6746173378461487,0.4117647058823529,0.14285714285714285,0.23529411764705882,0.3374885401746429,0.2836010232303817,0
user_7442,2021-03-26 10:57:00,18,14,3,3,3,0,20,9,20,5,9,4,0,5.023083288329493,4.060347526935409,2.615240005691971,0.16666666666666666,1.0,0.7777777777777778,0.9332568452034913,0.20486003958193216,0
user_7443,2021-03-26 11:12:00,21,12,6,1,2,0,15,12,12,16,7,4,0,3.3981677920360513,3.597056519549072,2.3262169934123387,0.2857142857142857,0.16666666666666666,0.5714285714285714,0.9338210801648495,0.794282383619595,0
user_7444,2021-03-26 11:27:00,21,13,3,2,2,0,10,12,20,11,10,4,0,3.160779697859314,0.6499272096316266,4.7902469971913515,0.14285714285714285,0.6666666666666666,0.6190476190476191,0.21556849148994917,0.6611319958825473,0
user_7445,2021-03-26 11:42:00,23,10,8,0,1,1,14,20,8,6,19,4,0,2.157764188769249,4.650980476034055,4.8094366400457025,0.34782608695652173,0.0,0.43478260869565216,0.9325428596220458,0.5007916744499915,0
user_7446,2021-03-26 11:57:00,19,8,10,0,2,1,7,18,19,18,10,4,0,2.871019489853567,3.651494727922619,2.4193720750319483,0.5263157894736842,0.0,0.42105263157894735,0.777822232125836,0.6026863276578931,0
user_7447,2021-03-26 12:12:00,18,5,6,1,3,1,13,13,19,8,6,4,0,1.9932400312956908,3.0124343874799457,11.691261485243258,0.3333333333333333,0.16666666666666666,0.2777777777777778,0.11994287051177671,0.7594803008316946,0
user_7448,2021-03-26 12:27:00,24,9,6,3,0,0,17,11,20,7,18,4,0,3.0994787945482005,6.491901934466735,2.2233094443104644,0.25,0.5,0.375,0.2923976097161404,0.6506397326584551,0
user_7449,2021-03-26 12:42:00,27,10,5,1,2,0,16,14,12,12,19,4,0,9.227973498915881,0.4721617157459348,3.1684791729267405,0.18518518518518517,0.2,0.37037037037037035,0.9113394992621002,0.21508495443063486,0
user_7450,2021-03-26 12:57:00,26,6,1,3,1,0,20,18,9,10,8,4,0,5.103225206981837,2.662443542212552,4.21442902343546,0.038461538461538464,3.0,0.23076923076923078,0.41706407992721173,0.33053302173467386,0
user_7451,2021-03-26 13:12:00,22,6,5,2,2,1,19,18,16,11,9,4,0,1.429614554312954,1.7730986675292428,7.4258361807087345,0.22727272727272727,0.4,0.2727272727272727,0.7784492198140347,0.42971573127084495,0
user_7452,2021-03-26 13:27:00,18,6,5,0,3,0,7,5,18,18,7,4,0,2.6272252495654222,5.143277920253815,2.606568854543007,0.2777777777777778,0.0,0.3333333333333333,0.6984332128273301,0.6427140708625639,0
user_7453,2021-03-26 13:42:00,21,3,4,1,2,0,6,8,5,10,19,4,0,7.6686179754338335,7.157344719929388,0.6125006520493479,0.19047619047619047,0.25,0.14285714285714285,0.9373740949876882,0.6908796251305386,0
user_7454,2021-03-26 13:57:00,17,8,6,2,1,1,15,13,8,11,5,4,0,2.133898313720969,5.844794601837956,10.504658232455027,0.35294117647058826,0.3333333333333333,0.47058823529411764,0.46871399552655346,0.3699317373237033,1
user_7455,2021-03-26 14:12:00,20,10,5,1,0,1,20,15,15,11,9,4,0,5.347590723557329,2.3296016555968553,10.876755546971243,0.25,0.2,0.5,0.7664707683061082,0.4261807402112212,0
user_7456,2021-03-26 14:27:00,23,6,4,1,1,1,11,11,6,17,10,4,0,4.349035204518064,7.118700928901321,3.5568023734735204,0.17391304347826086,0.25,0.2608695652173913,0.5098736950639137,0.6826830068839668,0
user_7457,2021-03-26 14:42:00,23,16,7,1,3,1,16,19,20,10,20,4,0,4.403326357869131,4.607482965964426,10.59684711366036,0.30434782608695654,0.14285714285714285,0.6956521739130435,0.22919883113533746,0.5301073217996123,0
user_7458,2021-03-26 14:57:00,23,11,4,1,2,1,12,12,17,9,13,4,0,8.609558739775851,2.5740652679889053,11.81412902410494,0.17391304347826086,0.25,0.4782608695652174,0.7892210723009051,0.7164419596844124,0
user_7459,2021-03-26 15:12:00,19,12,4,0,3,1,12,6,16,18,15,4,0,4.43715723996954,2.096434829685258,4.798562811336668,0.21052631578947367,0.0,0.631578947368421,0.8803525846631665,0.3976054720743891,0
user_7460,2021-03-26 15:27:00,14,13,6,2,3,0,7,9,17,17,17,4,0,0.9875164604096152,6.385109174157817,1.0052212938122074,0.42857142857142855,0.3333333333333333,0.9285714285714286,0.8324490510680225,0.5435669835497635,0
user_7461,2021-03-26 15:42:00,20,14,7,0,2,0,9,11,12,14,14,4,0,4.901693903634078,7.362736942190585,10.744467599719282,0.35,0.0,0.7,0.6577059125010268,0.6229001692844541,0
user_7462,2021-03-26 15:57:00,15,8,3,0,5,0,8,17,19,7,11,4,0,4.65561625555525,4.9373008871862405,9.874204738692152,0.2,0.0,0.5333333333333333,0.8163734640254959,0.39593394852368613,0
user_7463,2021-03-26 16:12:00,17,8,5,1,2,1,6,17,6,11,13,4,0,3.082703883670973,7.391851813651517,4.173390943142669,0.29411764705882354,0.2,0.47058823529411764,0.5606769474072122,0.8141530596232347,0
user_7464,2021-03-26 16:27:00,26,9,5,0,3,0,17,11,12,11,10,4,0,2.2109501376889997,4.2361862207816285,8.943585394615258,0.19230769230769232,0.0,0.34615384615384615,0.24830051735778694,0.3935524314695681,0
user_7465,2021-03-26 16:42:00,15,9,9,3,0,2,14,18,16,5,13,4,0,5.242760438621219,6.992235238659711,9.280025035783568,0.6,0.3333333333333333,0.6,0.5012614574200202,0.8939654265337029,0
user_7466,2021-03-26 16:57:00,24,9,10,1,1,0,13,19,8,18,16,4,0,5.316948972850207,7.008327360744826,3.1964300552455955,0.4166666666666667,0.1,0.375,0.22751564339440242,0.7414066430280029,0
user_7467,2021-03-26 17:12:00,30,14,6,2,3,2,10,15,17,16,5,4,0,9.86523109081038,2.543121738182918,10.499027905001409,0.2,0.3333333333333333,0.4666666666666667,0.269474087990791,0.4711938927440592,0
user_7468,2021-03-26 17:27:00,14,12,3,0,2,2,5,5,7,19,9,4,0,5.405665963757788,1.1748268997697717,3.6633453549021127,0.21428571428571427,0.0,0.8571428571428571,0.6178853642354989,0.745736049114407,0
user_7469,2021-03-26 17:42:00,19,9,3,1,2,0,6,20,19,7,9,4,0,5.30656440743514,5.746825397013669,2.1774868345312255,0.15789473684210525,0.3333333333333333,0.47368421052631576,0.7638526520973513,0.9879556880903695,0
user_7470,2021-03-26 17:57:00,18,8,8,1,2,0,15,19,13,10,7,4,0,0.15290975393327852,7.003363467385469,8.968168177780912,0.4444444444444444,0.125,0.4444444444444444,0.842323754036368,0.8978311060661338,0
user_7471,2021-03-26 18:12:00,24,8,4,2,0,0,9,11,12,17,11,4,0,4.305138627852891,1.6563098235587548,7.564096267359288,0.16666666666666666,0.5,0.3333333333333333,0.2978983555572775,0.955952068342358,1
user_7472,2021-03-26 18:27:00,20,8,5,0,3,0,5,7,18,18,8,4,0,1.5735808515216445,1.3380038265508198,1.1287678771037704,0.25,0.0,0.4,0.6159787519536817,0.5041422633138724,0
user_7473,2021-03-26 18:42:00,24,7,12,1,3,1,16,6,8,19,12,4,0,4.580510382175332,4.325745274300062,4.808169567139542,0.5,0.08333333333333333,0.2916666666666667,0.9534652405406008,0.8421668630514817,0
user_7474,2021-03-26 18:57:00,22,10,8,0,1,0,11,17,13,18,17,4,0,5.970594381033726,7.443983230355126,1.116361904015808,0.36363636363636365,0.0,0.45454545454545453,0.2816696936689921,0.8894909957629894,0
user_7475,2021-03-26 19:12:00,19,9,6,3,2,0,13,11,16,16,13,4,0,4.737957996032394,1.2376009181117456,10.972921114853227,0.3157894736842105,0.5,0.47368421052631576,0.15306085150319965,0.20926989850234706,0
user_7476,2021-03-26 19:27:00,14,10,7,1,2,1,9,13,17,16,13,4,0,2.134946653814938,5.922413704988584,6.772921482697034,0.5,0.14285714285714285,0.7142857142857143,0.8452817170654044,0.2367742782539943,0
user_7477,2021-03-26 19:42:00,22,11,5,0,4,0,8,18,16,8,11,4,0,9.006020287030621,0.7772849584914726,1.7088587257455405,0.22727272727272727,0.0,0.5,0.6842162220455236,0.9059885123596442,0
user_7478,2021-03-26 19:57:00,14,8,4,0,1,0,19,16,11,13,11,4,0,3.741538023208796,4.448351123765723,3.8910624166830803,0.2857142857142857,0.0,0.5714285714285714,0.4533536024037639,0.5881830664878457,0
user_7479,2021-03-26 20:12:00,23,13,5,0,2,2,12,16,17,5,12,4,0,0.47399525781362917,7.815314319141002,10.4672262157647,0.21739130434782608,0.0,0.5652173913043478,0.8770764756096511,0.29244926249695613,1
user_7480,2021-03-26 20:27:00,23,5,4,2,3,1,15,19,10,13,15,4,0,6.9091368276071705,3.92222009023275,0.7326959168616932,0.17391304347826086,0.5,0.21739130434782608,0.7348559262685447,0.8243975765991391,0
user_7481,2021-03-26 20:42:00,21,8,8,2,1,1,19,5,11,19,9,4,0,0.8550363697513779,5.434000693382475,10.376112044566177,0.38095238095238093,0.25,0.38095238095238093,0.6460312539309331,0.781542625158367,0
user_7482,2021-03-26 20:57:00,22,11,2,2,3,0,17,17,20,13,14,4,0,5.661633832475805,5.582718550499949,1.465846383679604,0.09090909090909091,1.0,0.5,0.12342760990641667,0.6185469711218732,0
user_7483,2021-03-26 21:12:00,25,5,4,0,2,0,9,10,18,5,8,4,0,2.711947594137556,3.7574297418350615,10.456983601449638,0.16,0.0,0.2,0.9769865773660323,0.36212683807853396,0
user_7484,2021-03-26 21:27:00,19,9,10,1,0,0,13,17,17,18,7,4,0,0.34576285520755334,4.755992727458397,8.058523005444648,0.5263157894736842,0.1,0.47368421052631576,0.853792950047287,0.8506759111472345,1
user_7485,2021-03-26 21:42:00,19,15,5,3,1,0,20,8,9,10,16,4,0,1.3640590748199988,4.369175890732968,7.339397338075298,0.2631578947368421,0.6,0.7894736842105263,0.23191752439395738,0.7921318804401273,0
user_7486,2021-03-26 21:57:00,17,11,6,2,4,0,20,6,8,15,13,4,0,0.791046838578925,1.08179807442035,11.031867232352322,0.35294117647058826,0.3333333333333333,0.6470588235294118,0.8666473804077185,0.5278472937772893,1
user_7487,2021-03-26 22:12:00,24,9,7,0,5,1,15,7,12,17,18,4,0,8.389345548983414,1.3078871299017718,11.435454092945617,0.2916666666666667,0.0,0.375,0.6546460609283342,0.93929375331567,0
user_7488,2021-03-26 22:27:00,24,9,4,1,0,0,8,6,18,13,9,4,0,3.466309904914561,5.244057997202312,8.899786905511013,0.16666666666666666,0.25,0.375,0.14322022029826292,0.8740998293773474,0
user_7489,2021-03-26 22:42:00,15,12,8,1,0,1,18,14,11,10,5,4,0,1.7286788420179027,7.921933468897485,6.734933319546403,0.5333333333333333,0.125,0.8,0.6682878033817834,0.23222053654546346,0
user_7490,2021-03-26 22:57:00,29,10,6,1,5,0,11,9,20,10,19,4,0,2.923649475646443,6.87683194730715,5.18766634653453,0.20689655172413793,0.16666666666666666,0.3448275862068966,0.5478371750307484,0.9803797481057228,0
user_7491,2021-03-26 23:12:00,25,8,3,1,1,0,5,12,20,20,10,4,0,8.813677306445895,6.160356979408481,11.399144633803235,0.12,0.3333333333333333,0.32,0.8997060875303151,0.5797401561400262,0
user_7492,2021-03-26 23:27:00,15,12,8,0,4,0,17,18,6,19,11,4,0,9.831656683452415,1.8230651482087432,7.082205899376068,0.5333333333333333,0.0,0.8,0.8768903949457656,0.8127426976147545,0
user_7493,2021-03-26 23:42:00,22,7,8,1,2,3,6,20,14,6,5,4,0,7.292909468475963,7.043752632917925,6.127853500139175,0.36363636363636365,0.125,0.3181818181818182,0.10580100516736397,0.2543264920480946,0
user_7494,2021-03-26 23:57:00,18,11,4,0,3,1,16,16,5,16,11,4,0,1.1671630019882029,3.158973570964457,9.562084369917343,0.2222222222222222,0.0,0.6111111111111112,0.3358339380553759,0.3899718730091787,0
user_7495,2021-03-27 00:12:00,13,7,9,1,4,0,20,11,8,12,13,5,1,7.287363429998057,5.116201624820213,1.6050344738858946,0.6923076923076923,0.1111111111111111,0.5384615384615384,0.5614165581953927,0.32035683744305854,0
user_7496,2021-03-27 00:27:00,22,18,6,1,1,1,8,6,17,14,13,5,1,1.778260583281037,7.521229790125923,6.319617992278034,0.2727272727272727,0.16666666666666666,0.8181818181818182,0.48880945972368606,0.6378311515180305,0
user_7497,2021-03-27 00:42:00,21,10,5,1,2,1,10,13,9,9,8,5,1,0.31887139994498104,4.717526905316151,3.4194178115028286,0.23809523809523808,0.2,0.47619047619047616,0.7525069300346152,0.27470918877004946,0
user_7498,2021-03-27 00:57:00,19,13,1,2,1,0,11,20,12,7,12,5,1,8.24588596986671,3.320786035708525,2.3439292925566333,0.05263157894736842,2.0,0.6842105263157895,0.3900884394955043,0.434435988156302,0
user_7499,2021-03-27 01:12:00,26,11,8,1,5,0,13,11,9,5,16,5,1,7.654083430886193,2.892903362542104,4.570693952324952,0.3076923076923077,0.125,0.4230769230769231,0.38367017359031863,0.7690177986930726,0
user_7500,2021-03-27 01:27:00,21,7,4,0,3,1,14,16,6,12,13,5,1,4.7041150216483745,5.311787503681294,4.855606512790948,0.19047619047619047,0.0,0.3333333333333333,0.1816290405616991,0.7687662201529938,0
user_7501,2021-03-27 01:42:00,32,8,8,1,1,1,13,10,13,18,7,5,1,9.11607283765091,7.183056102686062,11.800391501255115,0.25,0.125,0.25,0.3076312212600536,0.61478419435389,0
user_7502,2021-03-27 01:57:00,18,11,5,0,5,1,8,15,10,18,10,5,1,5.950108276176941,6.999779526210235,2.659407106593504,0.2777777777777778,0.0,0.6111111111111112,0.3019406420036306,0.8186045618408532,0
user_7503,2021-03-27 02:12:00,20,7,4,1,3,1,14,15,18,5,12,5,1,8.508013513781519,5.232532782261199,1.6092560896600503,0.2,0.25,0.35,0.41320537032999294,0.7742646180384408,1
user_7504,2021-03-27 02:27:00,17,4,10,0,3,0,8,16,13,6,19,5,1,5.6593964739734135,7.371861799998599,4.255553899361743,0.5882352941176471,0.0,0.23529411764705882,0.14721371857964474,0.6201335835698577,0
user_7505,2021-03-27 02:42:00,25,10,8,1,2,2,8,7,7,17,17,5,1,4.584665009016193,1.8721914974766067,11.967688100682754,0.32,0.125,0.4,0.3118007675111115,0.6918502435512692,0
user_7506,2021-03-27 02:57:00,28,10,6,0,0,1,6,13,15,16,7,5,1,6.075244901055902,7.7452176287114645,2.0514119262977557,0.21428571428571427,0.0,0.35714285714285715,0.18624805946227,0.8903048570917537,0
user_7507,2021-03-27 03:12:00,24,10,4,1,2,1,9,11,20,5,7,5,1,5.334326118645606,4.543813713013843,4.12859709298124,0.16666666666666666,0.25,0.4166666666666667,0.19300002981987913,0.45922847959489854,0
user_7508,2021-03-27 03:27:00,29,12,2,0,3,0,9,7,5,10,7,5,1,3.8032326598914135,0.535006715070817,3.221114755778168,0.06896551724137931,0.0,0.41379310344827586,0.273683755755013,0.7120845435917251,0
user_7509,2021-03-27 03:42:00,18,10,4,2,4,1,16,14,14,15,19,5,1,7.35964193987174,4.209508307848728,10.020037775824864,0.2222222222222222,0.5,0.5555555555555556,0.955364027995073,0.10764923072406911,0
user_7510,2021-03-27 03:57:00,17,13,6,1,1,1,13,20,7,8,17,5,1,5.5437704151905995,2.2795889403422844,10.721798695968383,0.35294117647058826,0.16666666666666666,0.7647058823529411,0.7086329960866954,0.308566742235774,0
user_7511,2021-03-27 04:12:00,20,9,8,1,2,1,9,16,12,20,8,5,1,6.004168121977098,7.449993879706044,10.77221007237139,0.4,0.125,0.45,0.670186272182373,0.9985328738081157,0
user_7512,2021-03-27 04:27:00,21,7,10,2,0,0,19,13,20,5,17,5,1,4.0881820323976275,6.078195094035248,4.41351626802992,0.47619047619047616,0.2,0.3333333333333333,0.1742148494605531,0.9567329226124874,0
user_7513,2021-03-27 04:42:00,22,13,5,2,2,0,17,5,18,18,9,5,1,4.45998650137212,2.2394334700459635,7.134056496600159,0.22727272727272727,0.4,0.5909090909090909,0.6641295939700684,0.8392326694602225,0
user_7514,2021-03-27 04:57:00,20,10,3,1,1,0,16,12,6,12,8,5,1,3.8787809563569358,5.128632161793999,7.193949833016396,0.15,0.3333333333333333,0.5,0.23347392633973943,0.2819929713628268,0
user_7515,2021-03-27 05:12:00,20,9,7,1,3,0,7,5,14,14,10,5,1,4.4683616303213345,1.8052221946257352,4.063745503578266,0.35,0.14285714285714285,0.45,0.591434233839938,0.9333663403583771,0
user_7516,2021-03-27 05:27:00,17,5,2,1,1,1,6,10,17,16,17,5,1,1.5845339017327478,7.2084761286930155,7.518693654396314,0.11764705882352941,0.5,0.29411764705882354,0.5153362175736229,0.33583197614432847,0
user_7517,2021-03-27 05:42:00,18,11,6,0,3,1,16,6,5,10,14,5,1,4.574341371996348,3.1014757955329495,11.423897363524372,0.3333333333333333,0.0,0.6111111111111112,0.1532244161365221,0.9164230018966267,1
user_7518,2021-03-27 05:57:00,10,12,11,1,2,0,18,12,18,18,20,5,1,3.7100520646887296,0.47571594024561725,1.5370805123723492,1.1,0.09090909090909091,1.2,0.9343564208319883,0.8636384240360692,0
user_7519,2021-03-27 06:12:00,17,11,7,1,2,0,10,17,18,8,18,5,1,7.402928536156396,6.36366983947948,1.3742220216598164,0.4117647058823529,0.14285714285714285,0.6470588235294118,0.29447176415371845,0.69501822899396,0
user_7520,2021-03-27 06:27:00,29,13,8,2,1,0,20,13,20,14,8,5,1,2.8517543503349523,0.8482709313619663,10.77134089285183,0.27586206896551724,0.25,0.4482758620689655,0.38258919258103097,0.9558571724795263,0
user_7521,2021-03-27 06:42:00,19,8,5,1,5,1,15,13,19,8,12,5,1,1.4897410147062131,4.083595861654025,3.5149915578189797,0.2631578947368421,0.2,0.42105263157894735,0.25633791689812935,0.9729730764958467,0
user_7522,2021-03-27 06:57:00,18,16,9,0,2,1,9,7,19,9,6,5,1,9.116870908592235,2.4901571624141763,11.844660141986045,0.5,0.0,0.8888888888888888,0.6697838147947146,0.5214782014616939,0
user_7523,2021-03-27 07:12:00,20,5,12,1,4,0,6,15,10,15,16,5,1,1.8403239950450894,4.956538520704808,4.73479208473381,0.6,0.08333333333333333,0.25,0.7562789335347437,0.9493493096250184,0
user_7524,2021-03-27 07:27:00,25,10,3,0,2,0,18,15,13,12,17,5,1,3.8656737534433265,6.362604740010729,11.003140994735515,0.12,0.0,0.4,0.3339918488790856,0.4017353856483007,0
user_7525,2021-03-27 07:42:00,19,10,4,0,3,0,11,19,19,11,10,5,1,8.012777904210067,7.809843870681382,3.9342888535204654,0.21052631578947367,0.0,0.5263157894736842,0.7957618201133655,0.23686449365062054,0
user_7526,2021-03-27 07:57:00,19,10,5,0,2,0,11,17,10,12,10,5,1,7.101484789511915,1.2282929877242827,2.9046896046612702,0.2631578947368421,0.0,0.5263157894736842,0.4237590174393694,0.580681547332804,0
user_7527,2021-03-27 08:12:00,27,5,8,0,2,0,15,7,17,13,15,5,1,1.0575027927156386,2.6432858957033702,1.6477351710242343,0.2962962962962963,0.0,0.18518518518518517,0.8165809311822056,0.3535573708243226,0
user_7528,2021-03-27 08:27:00,16,14,6,0,4,0,8,5,10,15,11,5,1,9.587871671087358,4.969453246544462,5.883935982572543,0.375,0.0,0.875,0.22262244709009651,0.3617163982668621,0
user_7529,2021-03-27 08:42:00,14,15,3,1,0,1,9,17,20,18,15,5,1,1.3443847087262648,7.072859022692115,5.014110072189347,0.21428571428571427,0.3333333333333333,1.0714285714285714,0.4660683984343137,0.20508620810162165,0
user_7530,2021-03-27 08:57:00,16,14,8,1,2,0,12,14,17,13,10,5,1,2.6128468580831155,6.49647793069351,10.206757299709405,0.5,0.125,0.875,0.12809095466232998,0.5001585940732791,0
user_7531,2021-03-27 09:12:00,16,12,8,2,2,1,15,16,20,7,9,5,1,3.435626896783138,2.022915738649183,10.342233218262344,0.5,0.25,0.75,0.1950681579900058,0.32468048554940043,0
user_7532,2021-03-27 09:27:00,20,6,6,1,2,0,13,9,16,16,11,5,1,3.676744548524415,4.06521447973884,5.0446720752139385,0.3,0.16666666666666666,0.3,0.592777895430554,0.36840578217631326,0
user_7533,2021-03-27 09:42:00,19,13,4,1,2,0,19,14,16,10,6,5,1,6.375890054008566,2.9913335832812797,8.519263714891197,0.21052631578947367,0.25,0.6842105263157895,0.9750605250368914,0.5025686790396275,0
user_7534,2021-03-27 09:57:00,27,11,2,2,0,1,12,13,7,13,9,5,1,4.4724926204211775,1.194896668395398,8.165781211304324,0.07407407407407407,1.0,0.4074074074074074,0.11140467413889549,0.9537565706331638,0
user_7535,2021-03-27 10:12:00,17,11,5,1,2,0,8,13,13,8,11,5,1,3.361910820229366,1.3732248177022335,3.667001589299353,0.29411764705882354,0.2,0.6470588235294118,0.2932362758384862,0.1405586803469661,0
user_7536,2021-03-27 10:27:00,23,12,4,1,3,1,11,6,5,16,16,5,1,6.336851466840572,0.3067017083504555,1.8745270607696043,0.17391304347826086,0.25,0.5217391304347826,0.34994877607207847,0.20834545907322172,0
user_7537,2021-03-27 10:42:00,12,8,2,0,3,0,11,5,18,19,13,5,1,1.5478166108996654,2.142515128805547,3.95138574787828,0.16666666666666666,0.0,0.6666666666666666,0.7897095038026523,0.13745397902415812,0
user_7538,2021-03-27 10:57:00,22,5,3,1,2,0,13,17,17,9,12,5,1,7.6183298622734865,4.887431943778084,7.83726610363766,0.13636363636363635,0.3333333333333333,0.22727272727272727,0.6656722354671988,0.3566071168914948,0
user_7539,2021-03-27 11:12:00,22,11,8,0,4,1,7,7,7,11,12,5,1,5.879093989961157,3.068192019230458,11.209137919310534,0.36363636363636365,0.0,0.5,0.37564079614542334,0.8342813376680313,0
user_7540,2021-03-27 11:27:00,20,13,10,1,1,0,18,5,5,14,18,5,1,5.352759303937641,5.352254166432439,8.366626910817473,0.5,0.1,0.65,0.319764197567663,0.3351439916658725,0
user_7541,2021-03-27 11:42:00,17,10,9,2,1,1,18,18,19,16,14,5,1,1.6534003294014912,0.7628982974193186,3.307858682715104,0.5294117647058824,0.2222222222222222,0.5882352941176471,0.7270742579978182,0.6917837838771904,0
user_7542,2021-03-27 11:57:00,14,3,6,2,1,2,7,12,5,7,17,5,1,3.505637498449673,2.1983186102763,4.4910852192509765,0.42857142857142855,0.3333333333333333,0.21428571428571427,0.850414485575238,0.45775620489498436,0
user_7543,2021-03-27 12:12:00,10,10,8,2,2,1,13,15,13,17,11,5,1,2.309134532806339,5.592449829607514,10.650274695721157,0.8,0.25,1.0,0.6068576498097794,0.375331116547575,0
user_7544,2021-03-27 12:27:00,22,9,6,1,2,0,8,19,16,10,17,5,1,8.45124830585115,4.02669893341881,7.7022016519916665,0.2727272727272727,0.16666666666666666,0.4090909090909091,0.2049489061161476,0.27497943306614836,0
user_7545,2021-03-27 12:42:00,19,11,9,0,2,1,18,13,17,19,11,5,1,7.428645827937366,0.7104670137314373,3.891554863216141,0.47368421052631576,0.0,0.5789473684210527,0.2584354248791222,0.45925066256711644,0
user_7546,2021-03-27 12:57:00,18,11,2,2,2,0,6,9,10,18,17,5,1,0.6543804752922899,1.0324323476673116,9.93360828346625,0.1111111111111111,1.0,0.6111111111111112,0.7855131800160213,0.533160654076338,1
user_7547,2021-03-27 13:12:00,20,5,6,1,1,1,16,20,11,9,17,5,1,3.947653809649531,0.28410394466282174,9.0920349974873,0.3,0.16666666666666666,0.25,0.5362536611618013,0.6430841303543059,1
user_7548,2021-03-27 13:27:00,23,6,5,3,1,1,9,20,17,12,10,5,1,7.526109773305157,3.100596149522372,3.220748769148634,0.21739130434782608,0.6,0.2608695652173913,0.43421523343797985,0.9727444549160968,0
user_7549,2021-03-27 13:42:00,19,8,3,1,4,0,10,20,19,14,19,5,1,1.8327168518598569,5.283420827799281,4.5718007842599695,0.15789473684210525,0.3333333333333333,0.42105263157894735,0.9587165925332196,0.20178075443276738,0
user_7550,2021-03-27 13:57:00,22,7,6,2,3,2,8,16,16,12,16,5,1,7.953501159017706,6.019407016260173,8.744420252003891,0.2727272727272727,0.3333333333333333,0.3181818181818182,0.8885103507198656,0.48287974492527785,0
user_7551,2021-03-27 14:12:00,21,11,7,1,5,0,13,7,18,17,12,5,1,6.4726015895754525,0.31396546002167147,4.516690596670192,0.3333333333333333,0.14285714285714285,0.5238095238095238,0.3572789160979596,0.7226626172908021,1
user_7552,2021-03-27 14:27:00,14,7,7,1,4,0,18,9,11,11,17,5,1,1.9905865982508164,1.8524282891098494,5.274987962539911,0.5,0.14285714285714285,0.5,0.7242710742826306,0.1991233376766989,0
user_7553,2021-03-27 14:42:00,24,8,4,1,6,3,17,9,12,13,10,5,1,9.072524478884018,4.070058259555783,5.469347339895135,0.16666666666666666,0.25,0.3333333333333333,0.5794604281926367,0.1679776326408433,0
user_7554,2021-03-27 14:57:00,22,8,4,1,3,0,10,16,17,12,7,5,1,7.741174621096694,5.348084158006908,8.901518137977128,0.18181818181818182,0.25,0.36363636363636365,0.20174173163051254,0.7971953035404928,0
user_7555,2021-03-27 15:12:00,10,16,4,0,0,1,14,15,8,17,18,5,1,3.0322040761574187,2.688738004877944,4.728085336368936,0.4,0.0,1.6,0.14281934863551282,0.2640143118301215,0
user_7556,2021-03-27 15:27:00,25,8,10,1,0,1,10,19,10,8,15,5,1,5.227750244527036,3.5281427917809807,8.133591176969949,0.4,0.1,0.32,0.3465100704959621,0.47510821582575713,1
user_7557,2021-03-27 15:42:00,17,14,4,0,1,1,11,18,14,14,9,5,1,9.745969397447592,0.9104897569387789,2.080573195786479,0.23529411764705882,0.0,0.8235294117647058,0.7565752127574851,0.5259245207832774,0
user_7558,2021-03-27 15:57:00,25,8,6,0,1,0,18,7,6,5,20,5,1,6.265768943538936,2.0365758683815067,4.4470231187410985,0.24,0.0,0.32,0.8197974408686174,0.39895879698989545,0
user_7559,2021-03-27 16:12:00,26,11,5,1,6,1,18,5,7,10,13,5,1,1.4418553454109322,6.587458246727818,10.142056714724728,0.19230769230769232,0.2,0.4230769230769231,0.7747800215932558,0.41506867755452503,0
user_7560,2021-03-27 16:27:00,21,12,11,2,1,2,12,19,18,17,5,5,1,7.183435092485528,4.294388305642889,9.0845764981655,0.5238095238095238,0.18181818181818182,0.5714285714285714,0.4140102703866456,0.725797443612737,0
user_7561,2021-03-27 16:42:00,23,8,9,1,2,0,17,5,18,7,12,5,1,1.0926893007708312,7.955701701446329,8.470726005538294,0.391304347826087,0.1111111111111111,0.34782608695652173,0.9766712431953314,0.9659822131706776,0
user_7562,2021-03-27 16:57:00,21,12,8,0,3,0,8,5,8,5,7,5,1,8.138853527240308,7.189009271683542,11.09616671462404,0.38095238095238093,0.0,0.5714285714285714,0.6488497168392784,0.19308335092535767,1
user_7563,2021-03-27 17:12:00,24,18,5,3,3,1,13,15,10,11,9,5,1,2.2827548339778674,1.7464966636206007,1.4473343695455148,0.20833333333333334,0.6,0.75,0.24826085549500282,0.4197890553735265,0
user_7564,2021-03-27 17:27:00,11,6,5,3,2,0,5,10,6,14,7,5,1,3.99009184297415,2.5339174463108733,10.948604710478083,0.45454545454545453,0.6,0.5454545454545454,0.40561265771439037,0.5662592319291517,0
user_7565,2021-03-27 17:42:00,19,8,2,2,1,2,17,15,20,20,7,5,1,2.0948871227168744,0.7669918184482135,11.047133786435651,0.10526315789473684,1.0,0.42105263157894735,0.3087386878285855,0.8044791472129096,0
user_7566,2021-03-27 17:57:00,14,14,7,2,4,0,7,11,17,10,11,5,1,7.741602158645414,5.724875549495856,4.354951280932129,0.5,0.2857142857142857,1.0,0.46351198968705165,0.22585911131051561,0
user_7567,2021-03-27 18:12:00,16,9,0,2,0,1,10,6,16,11,6,5,1,3.3468797242934136,3.924395635935108,9.09928506121255,0.0,0.0,0.5625,0.9957979853448602,0.2918727931176156,0
user_7568,2021-03-27 18:27:00,9,11,9,0,2,1,12,7,11,16,5,5,1,9.50619974964522,6.186204565236672,2.1631578082072878,1.0,0.0,1.2222222222222223,0.3114118584972215,0.3373063593001831,0
user_7569,2021-03-27 18:42:00,14,9,7,1,2,0,19,18,12,14,14,5,1,0.9422128469442244,4.464983753541728,10.19392473116042,0.5,0.14285714285714285,0.6428571428571429,0.6836200018968748,0.7757768353727518,0
user_7570,2021-03-27 18:57:00,14,12,3,1,1,0,7,16,19,7,7,5,1,1.1934351717716587,3.1982280213020604,9.953187076272927,0.21428571428571427,0.3333333333333333,0.8571428571428571,0.6675480774026883,0.5843798658994613,1
user_7571,2021-03-27 19:12:00,16,9,7,0,2,0,19,20,5,19,10,5,1,7.823214154980464,4.9610323884373155,3.5162542277909052,0.4375,0.0,0.5625,0.7553445636080981,0.9610300462777136,0
user_7572,2021-03-27 19:27:00,20,11,6,0,2,1,5,16,14,12,18,5,1,2.813592844313509,4.648524442380911,7.583434612909041,0.3,0.0,0.55,0.9589821724268076,0.24060060929122531,0
user_7573,2021-03-27 19:42:00,27,3,3,1,4,1,17,5,18,8,17,5,1,3.1522116202936106,4.906308327759155,9.399915908249914,0.1111111111111111,0.3333333333333333,0.1111111111111111,0.733494059882913,0.2938200254642163,0
user_7574,2021-03-27 19:57:00,22,6,6,0,3,1,14,14,12,15,18,5,1,1.3473970531906196,7.753217926143399,1.5029674268825675,0.2727272727272727,0.0,0.2727272727272727,0.9141417293534635,0.2579233157974777,0
user_7575,2021-03-27 20:12:00,20,8,6,0,3,0,13,5,16,18,20,5,1,6.668575473205359,7.62843154992495,6.8379922088251375,0.3,0.0,0.4,0.9200599971195791,0.44916037796847164,0
user_7576,2021-03-27 20:27:00,23,6,4,1,2,0,15,7,5,7,6,5,1,8.223685948074067,4.37490537386942,4.4602456422049475,0.17391304347826086,0.25,0.2608695652173913,0.3313630440043468,0.7802081163122034,0
user_7577,2021-03-27 20:42:00,26,17,5,1,1,1,18,15,7,20,5,5,1,6.880851699082186,7.834421746258751,2.1171443564317736,0.19230769230769232,0.2,0.6538461538461539,0.3834346818459534,0.957173651888784,0
user_7578,2021-03-27 20:57:00,22,10,8,2,4,1,17,16,6,5,19,5,1,5.589971826284798,0.49766559257465914,4.353857965442061,0.36363636363636365,0.25,0.45454545454545453,0.9824835170993642,0.13543924366127533,0
user_7579,2021-03-27 21:12:00,23,13,8,0,4,0,10,10,18,12,12,5,1,7.188472080813633,2.1360695185699496,1.5533128945393673,0.34782608695652173,0.0,0.5652173913043478,0.8597361345589619,0.7543911819241351,0
user_7580,2021-03-27 21:27:00,23,9,4,0,1,2,7,9,19,17,12,5,1,7.6393345942285436,5.952681099559609,3.9130603696356347,0.17391304347826086,0.0,0.391304347826087,0.6075928409141518,0.7483333798224191,0
user_7581,2021-03-27 21:42:00,30,9,7,1,1,0,6,13,14,13,15,5,1,9.381498563502369,6.020999306074504,2.0055534981042094,0.23333333333333334,0.14285714285714285,0.3,0.6143550317763686,0.3609711444249122,0
user_7582,2021-03-27 21:57:00,26,19,4,1,3,1,7,17,16,8,12,5,1,0.4032371616833116,2.344603745728035,6.444829649013441,0.15384615384615385,0.25,0.7307692307692307,0.6980826662201617,0.5394212753872759,0
user_7583,2021-03-27 22:12:00,30,12,8,1,2,0,6,11,9,5,20,5,1,0.3624382687228046,5.22038344271795,8.196798981408543,0.26666666666666666,0.125,0.4,0.8380239932790834,0.7244123165552102,0
user_7584,2021-03-27 22:27:00,18,10,4,1,4,1,9,14,5,15,14,5,1,7.135219973340433,4.83252188733822,4.231954009725126,0.2222222222222222,0.25,0.5555555555555556,0.8268721324044755,0.8530017068251001,0
user_7585,2021-03-27 22:42:00,19,5,4,1,2,0,6,17,7,18,18,5,1,3.9169388617117353,7.073644014544161,3.870078900616829,0.21052631578947367,0.25,0.2631578947368421,0.6395930712766515,0.12502582932288814,0
user_7586,2021-03-27 22:57:00,19,12,8,0,2,0,13,11,5,18,6,5,1,6.758698204678743,5.321621735563251,10.974306934629256,0.42105263157894735,0.0,0.631578947368421,0.1792233736226822,0.3142862213152551,0
user_7587,2021-03-27 23:12:00,13,12,6,3,0,0,10,12,12,12,18,5,1,7.320009759864773,0.2514143570558869,2.6054856192472395,0.46153846153846156,0.5,0.9230769230769231,0.22691800559485403,0.9505620518619948,0
user_7588,2021-03-27 23:27:00,30,15,11,1,0,0,6,17,9,5,13,5,1,9.58261742124355,7.685045778943589,1.9408361362340762,0.36666666666666664,0.09090909090909091,0.5,0.49440362445794506,0.1728828031429443,0
user_7589,2021-03-27 23:42:00,13,10,6,1,4,0,5,8,12,13,14,5,1,8.47848066994057,4.39193361859658,4.388445189557815,0.46153846153846156,0.16666666666666666,0.7692307692307693,0.15943603764541558,0.6082398572476867,1
user_7590,2021-03-27 23:57:00,22,10,5,1,4,1,20,17,7,6,10,5,1,5.5032486868263115,4.248805812628786,5.1957692562954225,0.22727272727272727,0.2,0.45454545454545453,0.5872702440568505,0.5481217711719232,0
user_7591,2021-03-28 00:12:00,20,11,5,1,2,1,7,12,13,6,12,6,1,3.9848099238784185,2.5432106471626907,10.826341878856784,0.25,0.2,0.55,0.3019188834224218,0.5339161663921577,0
user_7592,2021-03-28 00:27:00,22,9,7,1,2,0,16,6,5,9,11,6,1,0.2597821998852993,7.793401632372248,0.9130700165108367,0.3181818181818182,0.14285714285714285,0.4090909090909091,0.7087688806975209,0.9752245564912171,0
user_7593,2021-03-28 00:42:00,23,9,3,2,3,0,7,5,19,12,6,6,1,7.092762781489281,4.747692869152504,8.84610620510704,0.13043478260869565,0.6666666666666666,0.391304347826087,0.911669469015476,0.5698811341426558,0
user_7594,2021-03-28 00:57:00,21,13,8,2,1,1,7,15,17,14,10,6,1,6.597644120440264,5.737169757465901,6.640898133761754,0.38095238095238093,0.25,0.6190476190476191,0.1441579122069619,0.5116815773525998,0
user_7595,2021-03-28 01:12:00,13,15,9,0,2,0,18,5,19,18,9,6,1,3.723487935398853,4.107105213146867,3.769631043838185,0.6923076923076923,0.0,1.1538461538461537,0.983945070852512,0.404969557207553,0
user_7596,2021-03-28 01:27:00,35,14,4,0,1,0,19,6,9,10,20,6,1,3.877182437484518,2.599993659199528,3.105005293937005,0.11428571428571428,0.0,0.4,0.43559575450573274,0.3568700295767242,0
user_7597,2021-03-28 01:42:00,17,13,8,0,1,0,11,20,20,9,6,6,1,6.656612450165877,4.219761750944938,4.695730933899685,0.47058823529411764,0.0,0.7647058823529411,0.5542568341445049,0.10040204140004703,0
user_7598,2021-03-28 01:57:00,23,6,5,0,2,1,8,17,12,17,16,6,1,5.884460734895746,4.200102375332934,5.736909429979837,0.21739130434782608,0.0,0.2608695652173913,0.8102955676654852,0.11530720363199873,0
user_7599,2021-03-28 02:12:00,25,13,5,0,1,1,18,11,16,10,15,6,1,9.502241154523428,2.5920273556249533,7.0110142367047095,0.2,0.0,0.52,0.9380656358891896,0.25693164771913557,0
user_7600,2021-03-28 02:27:00,22,6,5,1,2,0,15,15,9,14,20,6,1,8.594464279306445,7.083550320968579,5.566269447590716,0.22727272727272727,0.2,0.2727272727272727,0.12039733510740647,0.2946452094230409,0
user_7601,2021-03-28 02:42:00,18,13,4,0,2,2,8,15,9,5,17,6,1,5.174465577607201,0.42032253929911223,10.19393564375082,0.2222222222222222,0.0,0.7222222222222222,0.8970599691967912,0.45300611896608156,0
user_7602,2021-03-28 02:57:00,24,11,9,2,1,0,8,15,20,14,7,6,1,8.559576349199437,4.178681005303744,3.6986877799767233,0.375,0.2222222222222222,0.4583333333333333,0.12420268053520188,0.985752064523959,0
user_7603,2021-03-28 03:12:00,25,10,4,2,4,0,5,8,13,16,6,6,1,3.2714018576378745,0.2942193790446799,2.9549590857232393,0.16,0.5,0.4,0.7687823658624364,0.11409519325613492,0
user_7604,2021-03-28 03:27:00,16,9,8,0,1,1,20,13,9,5,16,6,1,9.39312808377593,3.5446226227317923,1.3231379781285098,0.5,0.0,0.5625,0.5767621880531744,0.6909185649894908,1
user_7605,2021-03-28 03:42:00,17,8,4,0,2,0,18,18,8,7,17,6,1,8.59306952292897,1.8583384647542869,10.062779151548577,0.23529411764705882,0.0,0.47058823529411764,0.4689209925246054,0.6512401702169519,0
user_7606,2021-03-28 03:57:00,30,9,5,0,2,0,14,16,6,16,14,6,1,5.152566836745484,3.306329825224212,8.032357644984105,0.16666666666666666,0.0,0.3,0.6105100675853582,0.3776317273795694,0
user_7607,2021-03-28 04:12:00,19,12,9,3,1,1,12,13,5,6,8,6,1,4.303609143839997,6.381553601611377,5.867647172715305,0.47368421052631576,0.3333333333333333,0.631578947368421,0.7370457878763875,0.3712453522301803,0
user_7608,2021-03-28 04:27:00,26,13,7,2,3,0,8,17,12,17,5,6,1,7.207624050913838,1.483308751878157,11.64574036458779,0.2692307692307692,0.2857142857142857,0.5,0.6736082787400977,0.25586322586261273,0
user_7609,2021-03-28 04:42:00,26,4,8,1,1,0,15,9,13,19,10,6,1,3.5147050293233764,7.866168608424835,8.628994160818735,0.3076923076923077,0.125,0.15384615384615385,0.5498394396561755,0.8210325934138395,0
user_7610,2021-03-28 04:57:00,16,12,6,0,5,1,7,9,12,12,10,6,1,8.732409532098904,3.7172199476300714,8.909337733281994,0.375,0.0,0.75,0.5282885157801871,0.5753786967954361,0
user_7611,2021-03-28 05:12:00,16,9,7,1,2,0,7,5,6,5,16,6,1,6.996119002411439,3.269544765266122,2.8222355950276703,0.4375,0.14285714285714285,0.5625,0.1426840677234837,0.11912077045742282,0
user_7612,2021-03-28 05:27:00,16,9,9,2,0,0,5,15,7,15,15,6,1,5.788314608997754,0.49120584051170957,9.705198909806544,0.5625,0.2222222222222222,0.5625,0.6175378262832323,0.7216329473489527,0
user_7613,2021-03-28 05:42:00,25,6,7,1,3,0,16,11,10,11,14,6,1,9.93377592976728,3.9946158025319844,3.1033612022024952,0.28,0.14285714285714285,0.24,0.4926910793528626,0.28858475109922543,1
user_7614,2021-03-28 05:57:00,15,9,11,0,5,0,20,10,5,5,13,6,1,5.153141625538052,5.080605555714842,10.386405498630147,0.7333333333333333,0.0,0.6,0.751385180077433,0.3348759217839674,0
user_7615,2021-03-28 06:12:00,16,8,3,0,1,0,5,7,6,18,5,6,1,4.071734379766844,0.12378655849057238,7.014259512326108,0.1875,0.0,0.5,0.8804191633558306,0.1025962321836929,1
user_7616,2021-03-28 06:27:00,18,13,7,0,1,0,15,19,19,16,18,6,1,6.5156606395679,3.0635358771745005,8.83454627488829,0.3888888888888889,0.0,0.7222222222222222,0.155982260109231,0.35262735859454064,0
user_7617,2021-03-28 06:42:00,16,11,5,1,2,0,16,13,20,6,10,6,1,3.6585989387949716,3.4961985723112545,3.4924543829979116,0.3125,0.2,0.6875,0.4442035295476755,0.1499414350919662,0
user_7618,2021-03-28 06:57:00,20,7,9,1,2,0,18,14,16,6,20,6,1,3.886053287970338,6.011159284505854,0.5011590013301219,0.45,0.1111111111111111,0.35,0.33968860550935087,0.9440697568205433,0
user_7619,2021-03-28 07:12:00,18,13,7,2,3,0,5,16,6,8,15,6,1,9.04135825485132,2.465657022534468,7.455885268825567,0.3888888888888889,0.2857142857142857,0.7222222222222222,0.43198444474728626,0.15045716614819263,0
user_7620,2021-03-28 07:27:00,23,10,6,1,1,1,7,19,19,6,15,6,1,1.2171888638028339,5.902892010971753,3.699694426224591,0.2608695652173913,0.16666666666666666,0.43478260869565216,0.5885135278559557,0.9946890476239768,0
user_7621,2021-03-28 07:42:00,16,15,3,0,3,0,5,5,15,14,15,6,1,3.5580182826610547,0.13129406431798768,5.844484193619526,0.1875,0.0,0.9375,0.37007957758904475,0.8481716905133716,0
user_7622,2021-03-28 07:57:00,17,11,6,0,3,1,5,20,11,15,13,6,1,5.696437442828848,4.0023140942144595,8.58667490183976,0.35294117647058826,0.0,0.6470588235294118,0.8425733541287629,0.7314937564621238,0
user_7623,2021-03-28 08:12:00,19,8,7,3,2,0,11,10,18,12,8,6,1,6.90404132584854,6.9992402168317955,6.404464923891212,0.3684210526315789,0.42857142857142855,0.42105263157894735,0.6671106708729211,0.990238703457119,0
user_7624,2021-03-28 08:27:00,22,13,8,0,2,0,10,5,8,5,20,6,1,3.750097252066538,4.168745836698079,6.778565704670884,0.36363636363636365,0.0,0.5909090909090909,0.5285125196444428,0.7788712418679861,0
user_7625,2021-03-28 08:42:00,16,8,5,2,3,2,10,15,17,18,13,6,1,9.780475384116071,3.57310840046862,1.6879418910518313,0.3125,0.4,0.5,0.8585246745973582,0.5526329789086477,0
user_7626,2021-03-28 08:57:00,20,11,8,2,4,2,13,5,14,8,19,6,1,7.550829739571826,1.073820326013263,5.172809934851027,0.4,0.25,0.55,0.3375325609647453,0.3673630135996786,1
user_7627,2021-03-28 09:12:00,23,14,8,0,1,1,13,19,15,20,6,6,1,6.640020967719812,2.652447828406309,11.181315430715204,0.34782608695652173,0.0,0.6086956521739131,0.3763036111104341,0.511262511236131,1
user_7628,2021-03-28 09:27:00,23,11,6,1,2,0,7,11,15,15,19,6,1,8.105670631898658,2.946296175161548,5.85477349371943,0.2608695652173913,0.16666666666666666,0.4782608695652174,0.7845608173341727,0.15998532098498808,0
user_7629,2021-03-28 09:42:00,18,4,11,1,2,1,6,13,15,11,12,6,1,9.889038711245405,0.4183553797880706,8.597764352665209,0.6111111111111112,0.09090909090909091,0.2222222222222222,0.40222147236887373,0.3614431081474554,0
user_7630,2021-03-28 09:57:00,22,14,5,1,1,0,13,18,11,18,15,6,1,2.966192092838013,7.88643777813585,0.7296266117005348,0.22727272727272727,0.2,0.6363636363636364,0.6376277460683628,0.6464589746300912,1
user_7631,2021-03-28 10:12:00,17,8,3,1,1,1,11,18,5,11,17,6,1,5.401085656239972,4.442502530896094,11.504417779165744,0.17647058823529413,0.3333333333333333,0.47058823529411764,0.2391764906976728,0.2148376071857502,0
user_7632,2021-03-28 10:27:00,16,8,3,2,0,0,16,12,11,13,18,6,1,4.612477355324938,1.923872681691849,6.454948183160184,0.1875,0.6666666666666666,0.5,0.9577106395555499,0.3098274313736639,0
user_7633,2021-03-28 10:42:00,18,11,10,0,4,2,12,19,8,18,10,6,1,0.9810333945423314,6.610824142288219,2.351109833922303,0.5555555555555556,0.0,0.6111111111111112,0.34552769200675537,0.616907791550174,0
user_7634,2021-03-28 10:57:00,11,7,7,1,2,1,16,7,19,20,9,6,1,9.533142312025028,2.4581135502242906,6.938041018201462,0.6363636363636364,0.14285714285714285,0.6363636363636364,0.3244187263091932,0.5272245277744042,0
user_7635,2021-03-28 11:12:00,25,7,2,1,1,1,17,15,19,13,6,6,1,8.698721155323266,0.42601925426458975,6.755418551265123,0.08,0.5,0.28,0.31289399795923567,0.3840679998090786,0
user_7636,2021-03-28 11:27:00,7,3,6,1,5,1,18,10,11,20,17,6,1,7.023991423306951,1.3538576219939569,6.60843641830664,0.8571428571428571,0.16666666666666666,0.42857142857142855,0.45987599580062233,0.9035568298904073,0
user_7637,2021-03-28 11:42:00,22,10,8,1,4,1,11,11,11,17,12,6,1,9.32799585641808,7.892672597608936,8.136379551359765,0.36363636363636365,0.125,0.45454545454545453,0.5168464676594526,0.47358862064371055,0
user_7638,2021-03-28 11:57:00,12,12,3,1,1,1,20,12,11,12,20,6,1,4.511175029068381,6.001253904916095,6.724417318132264,0.25,0.3333333333333333,1.0,0.44341003295553816,0.722509976925944,0
user_7639,2021-03-28 12:12:00,16,12,11,1,1,0,12,12,14,17,7,6,1,7.555789838248877,0.5200111782463014,6.340051612721515,0.6875,0.09090909090909091,0.75,0.3774207613815228,0.6050650292131082,0
user_7640,2021-03-28 12:27:00,18,16,2,2,1,0,16,12,6,16,14,6,1,1.3553038536117152,4.478205176153483,4.8701175776494185,0.1111111111111111,1.0,0.8888888888888888,0.33367298200687145,0.8648676922315179,0
user_7641,2021-03-28 12:42:00,20,10,7,0,4,1,17,6,6,5,8,6,1,2.416463860905044,4.834334224578805,11.922254323038969,0.35,0.0,0.5,0.12852555732317233,0.9870272843252352,0
user_7642,2021-03-28 12:57:00,22,12,4,2,3,0,18,13,9,17,17,6,1,3.0601941457221526,1.7943716013499693,9.762998139987925,0.18181818181818182,0.5,0.5454545454545454,0.6221522374302167,0.6159922242394623,0
user_7643,2021-03-28 13:12:00,25,10,6,1,2,1,11,8,18,5,6,6,1,0.8624369996152953,0.22342082438757044,7.493531766030281,0.24,0.16666666666666666,0.4,0.5174078965648031,0.9953957186270939,0
user_7644,2021-03-28 13:27:00,19,4,4,0,3,0,11,5,18,18,9,6,1,4.227088134066925,4.425834532890186,11.14140313959204,0.21052631578947367,0.0,0.21052631578947367,0.729634661490635,0.4758426739123569,0
user_7645,2021-03-28 13:42:00,22,7,6,1,2,0,5,16,11,6,14,6,1,1.2930291516889212,3.8216300324426964,7.669597665801878,0.2727272727272727,0.16666666666666666,0.3181818181818182,0.30927855757517975,0.5356108206340611,0
user_7646,2021-03-28 13:57:00,28,8,4,0,2,2,14,15,10,15,12,6,1,8.777089721685543,1.6250730207426927,6.483268511603291,0.14285714285714285,0.0,0.2857142857142857,0.36551383501259216,0.10838372950811309,0
user_7647,2021-03-28 14:12:00,15,5,6,2,0,1,20,12,9,9,7,6,1,5.704421655512611,6.160912819456573,3.332499650174315,0.4,0.3333333333333333,0.3333333333333333,0.3376516631719584,0.738435829067372,0
user_7648,2021-03-28 14:27:00,19,11,2,0,3,0,17,14,10,9,17,6,1,9.624679130679377,7.204440468101154,7.830447815612159,0.10526315789473684,0.0,0.5789473684210527,0.4803571798832037,0.7940774786617492,0
user_7649,2021-03-28 14:42:00,17,13,5,2,3,0,11,18,18,18,14,6,1,4.5704117003377664,2.2400469607572955,10.735720767532985,0.29411764705882354,0.4,0.7647058823529411,0.10729507257515752,0.6962735653293466,1
user_7650,2021-03-28 14:57:00,20,10,8,1,0,1,13,14,20,15,20,6,1,0.7028917263940738,1.5978301772238708,0.8210593191493236,0.4,0.125,0.5,0.748263244579607,0.13071438966439433,1
user_7651,2021-03-28 15:12:00,22,8,3,2,1,0,5,9,11,16,14,6,1,7.920499155600628,7.072811648172761,2.154222036217128,0.13636363636363635,0.6666666666666666,0.36363636363636365,0.47957562850984314,0.3947866643773841,0
user_7652,2021-03-28 15:27:00,12,13,3,1,1,0,11,18,15,9,15,6,1,0.40171098098471203,2.336445877853732,0.5455372316881836,0.25,0.3333333333333333,1.0833333333333333,0.9313961297187604,0.4205702516976567,0
user_7653,2021-03-28 15:42:00,13,11,3,2,3,0,14,5,20,10,9,6,1,8.47718086505482,4.129288213124055,6.638125041844326,0.23076923076923078,0.6666666666666666,0.8461538461538461,0.6765442809954973,0.9169863093117961,0
user_7654,2021-03-28 15:57:00,21,6,5,2,2,0,14,12,14,18,16,6,1,1.591105230007938,2.2360867711987455,9.156785248631751,0.23809523809523808,0.4,0.2857142857142857,0.4047948408806943,0.6672054805204537,0
user_7655,2021-03-28 16:12:00,18,12,4,2,3,1,6,16,19,11,7,6,1,1.1071628856442637,2.141824159056216,11.912105204149974,0.2222222222222222,0.5,0.6666666666666666,0.7558858135335929,0.4647314597880675,1
user_7656,2021-03-28 16:27:00,14,9,7,1,3,1,10,13,7,17,12,6,1,7.686569297949548,1.354290109465413,6.475284004193934,0.5,0.14285714285714285,0.6428571428571429,0.16103159254807775,0.29293348583161183,0
user_7657,2021-03-28 16:42:00,24,9,7,0,3,1,10,11,8,5,5,6,1,5.474258322630196,0.1434955766651398,11.312938193387081,0.2916666666666667,0.0,0.375,0.8464331382338577,0.22473253973289986,0
user_7658,2021-03-28 16:57:00,19,7,5,0,5,0,18,7,9,9,19,6,1,2.878792818762871,4.317503200870501,3.341433428912083,0.2631578947368421,0.0,0.3684210526315789,0.7060660740261682,0.8219674558626179,0
user_7659,2021-03-28 17:12:00,22,13,4,0,2,0,19,15,5,14,16,6,1,3.779767131853002,1.5436986856069328,6.265957163820588,0.18181818181818182,0.0,0.5909090909090909,0.23943604076091526,0.10522114979773725,0
user_7660,2021-03-28 17:27:00,19,12,2,0,2,1,16,8,13,12,14,6,1,8.747192210961172,6.702013363123827,3.3811079153650665,0.10526315789473684,0.0,0.631578947368421,0.8033094697614288,0.21248957050449746,0
user_7661,2021-03-28 17:42:00,24,6,7,1,2,0,7,6,6,18,18,6,1,1.6957838802524414,5.8181226485498625,8.713092677304637,0.2916666666666667,0.14285714285714285,0.25,0.612096835600664,0.729371673104239,0
user_7662,2021-03-28 17:57:00,23,6,5,1,0,1,11,18,19,7,8,6,1,2.197379396975871,1.2786931387651472,10.928759288974213,0.21739130434782608,0.2,0.2608695652173913,0.5125397608244707,0.4807421070363689,0
user_7663,2021-03-28 18:12:00,26,7,4,1,1,0,16,15,16,15,11,6,1,1.0874110120632294,0.784230037144997,1.247440711634537,0.15384615384615385,0.25,0.2692307692307692,0.614690003002904,0.23939123982367505,1
user_7664,2021-03-28 18:27:00,14,11,7,0,3,0,9,10,17,9,7,6,1,9.145287359793775,6.832975034302977,5.45517264878423,0.5,0.0,0.7857142857142857,0.6121228399353398,0.8160338790461176,0
user_7665,2021-03-28 18:42:00,22,13,3,1,3,0,19,7,7,10,9,6,1,2.4291959164958845,4.376783082780611,11.007505117500298,0.13636363636363635,0.3333333333333333,0.5909090909090909,0.4051267746258591,0.1746652886275573,0
user_7666,2021-03-28 18:57:00,20,11,7,0,4,0,20,13,19,5,12,6,1,0.2578908011106287,5.624217292407458,0.9554813119193597,0.35,0.0,0.55,0.8662351145347696,0.2548577691141608,0
user_7667,2021-03-28 19:12:00,18,8,4,1,2,2,7,11,6,20,15,6,1,9.799503522660125,4.006970902071858,6.553683683999148,0.2222222222222222,0.25,0.4444444444444444,0.7630859020087135,0.5381763183865718,0
user_7668,2021-03-28 19:27:00,26,6,4,1,2,0,9,13,16,16,13,6,1,3.9606251531094805,1.495582125136706,2.1714159204563956,0.15384615384615385,0.25,0.23076923076923078,0.9905383065869436,0.6386450784685949,0
user_7669,2021-03-28 19:42:00,27,9,5,3,2,0,7,17,5,6,10,6,1,2.265220301275869,6.1287979020065055,6.307478399169803,0.18518518518518517,0.6,0.3333333333333333,0.5802221198564471,0.4500764904964417,0
user_7670,2021-03-28 19:57:00,17,3,6,0,3,0,18,17,20,19,20,6,1,8.029351858555122,5.598965298491145,4.919850964641967,0.35294117647058826,0.0,0.17647058823529413,0.8572157464965147,0.43612090194771125,1
user_7671,2021-03-28 20:12:00,19,14,3,3,2,2,7,12,14,8,14,6,1,8.890936443609883,4.295525067477788,11.29326894773771,0.15789473684210525,1.0,0.7368421052631579,0.5079439417451808,0.9686651610113947,0
user_7672,2021-03-28 20:27:00,21,11,5,0,1,0,8,6,5,17,14,6,1,3.137651594140139,1.4480371514331172,8.521542504244097,0.23809523809523808,0.0,0.5238095238095238,0.6714260809164978,0.7192550939327119,0
user_7673,2021-03-28 20:42:00,27,9,4,2,1,0,19,18,7,15,14,6,1,8.250069113055897,1.3804405654491994,8.740900860903942,0.14814814814814814,0.5,0.3333333333333333,0.25722169633867525,0.7507556806945253,0
user_7674,2021-03-28 20:57:00,17,6,6,1,3,2,17,13,13,6,8,6,1,1.6205890415490216,6.481439545487846,3.362869246288558,0.35294117647058826,0.16666666666666666,0.35294117647058826,0.9736527608430363,0.5843643800847022,0
user_7675,2021-03-28 21:12:00,18,7,7,0,1,1,14,10,15,13,7,6,1,2.249728527983345,7.689709781844956,4.980179219803225,0.3888888888888889,0.0,0.3888888888888889,0.8638310737011826,0.5124894788067955,0
user_7676,2021-03-28 21:27:00,27,10,8,0,1,1,14,8,10,16,7,6,1,4.1847270262542295,5.671096228138476,6.55439875360839,0.2962962962962963,0.0,0.37037037037037035,0.126132292137919,0.9701558270723258,0
user_7677,2021-03-28 21:42:00,16,10,2,2,2,1,6,12,13,7,11,6,1,6.837971746488966,6.168424648042135,5.5167937874167805,0.125,1.0,0.625,0.7380787314632068,0.34413647887363874,1
user_7678,2021-03-28 21:57:00,12,13,8,1,3,0,5,5,19,16,7,6,1,1.2294853849077425,7.607613661638775,2.9769767227623496,0.6666666666666666,0.125,1.0833333333333333,0.22655869609293997,0.11593228378843312,0
user_7679,2021-03-28 22:12:00,17,9,6,1,4,1,15,14,13,9,9,6,1,3.9978736308568807,3.671105856619234,8.695135296444626,0.35294117647058826,0.16666666666666666,0.5294117647058824,0.7272854252466755,0.7965388947766217,0
user_7680,2021-03-28 22:27:00,21,11,9,1,2,1,11,12,19,8,5,6,1,3.2979347816693427,6.559356239950126,8.162172635393073,0.42857142857142855,0.1111111111111111,0.5238095238095238,0.7230311689087349,0.13484861110869323,0
user_7681,2021-03-28 22:42:00,16,11,4,1,2,1,14,20,12,10,11,6,1,6.12493210843493,0.9919505786972749,9.532574867395514,0.25,0.25,0.6875,0.42314510098831715,0.8014199403997921,0
user_7682,2021-03-28 22:57:00,19,4,6,1,2,1,17,6,14,13,18,6,1,4.836342188333749,4.080908054291826,4.066632342133406,0.3157894736842105,0.16666666666666666,0.21052631578947367,0.1587688237030659,0.1277182048592231,0
user_7683,2021-03-28 23:12:00,19,8,10,1,3,2,17,9,16,9,8,6,1,2.5616924675530393,4.976582768920384,8.246766276711808,0.5263157894736842,0.1,0.42105263157894735,0.6101210455285176,0.4556822809342945,0
user_7684,2021-03-28 23:27:00,20,13,7,1,1,0,8,6,19,13,6,6,1,5.6191424197434126,5.722409711879723,4.9099321678082815,0.35,0.14285714285714285,0.65,0.6752647543232562,0.33364174079285464,0
user_7685,2021-03-28 23:42:00,16,9,5,1,2,0,6,15,9,8,6,6,1,0.35248775999719706,3.762306106731482,6.967237066171111,0.3125,0.2,0.5625,0.41584137810202315,0.6942062535343408,0
user_7686,2021-03-28 23:57:00,18,14,5,1,1,1,6,6,13,14,13,6,1,7.646107820501218,0.8449493089398276,6.316159832795624,0.2777777777777778,0.2,0.7777777777777778,0.8815525153935376,0.2037324024866995,1
user_7687,2021-03-29 00:12:00,18,10,5,1,1,1,7,9,5,18,19,0,0,9.589432092797194,5.963208146012817,2.8216264990623716,0.2777777777777778,0.2,0.5555555555555556,0.8850488853861963,0.6296065347472871,0
user_7688,2021-03-29 00:27:00,21,5,12,0,2,0,14,15,7,5,19,0,0,4.793159709293174,4.2678830393070095,4.566548583114016,0.5714285714285714,0.0,0.23809523809523808,0.9851176035358498,0.770050591809687,0
user_7689,2021-03-29 00:42:00,18,8,1,0,2,1,19,9,8,15,11,0,0,9.40524006480129,1.4984951129777822,11.899244551776771,0.05555555555555555,0.0,0.4444444444444444,0.8679482238503146,0.9603579546404641,0
user_7690,2021-03-29 00:57:00,18,8,9,2,2,0,6,15,6,18,19,0,0,3.68651846015632,6.4697932861354985,11.262619350038348,0.5,0.2222222222222222,0.4444444444444444,0.5406003900900246,0.9898529844039686,0
user_7691,2021-03-29 01:12:00,17,9,8,3,1,1,7,9,7,13,13,0,0,9.310396809435222,2.5476650793355113,7.423712251242339,0.47058823529411764,0.375,0.5294117647058824,0.20316488600500876,0.6598088569401791,1
user_7692,2021-03-29 01:27:00,24,7,2,0,3,0,15,13,5,14,18,0,0,0.8516062516203957,6.412690997108054,4.015863698919262,0.08333333333333333,0.0,0.2916666666666667,0.8670688225333497,0.49149476324401853,0
user_7693,2021-03-29 01:42:00,25,5,8,2,2,1,20,20,12,6,12,0,0,5.735875817296865,4.271720589489035,9.595755569251407,0.32,0.25,0.2,0.535047004215251,0.7454621417542474,0
user_7694,2021-03-29 01:57:00,13,6,7,0,3,0,16,19,8,5,13,0,0,5.103827121158517,6.9993141877648775,11.231626507813646,0.5384615384615384,0.0,0.46153846153846156,0.7564913379421941,0.568038367471684,0
user_7695,2021-03-29 02:12:00,12,5,9,1,4,0,18,16,19,20,9,0,0,4.466448809614708,1.475155804847647,7.594755833160834,0.75,0.1111111111111111,0.4166666666666667,0.23663335457023102,0.770319505779139,0
user_7696,2021-03-29 02:27:00,27,14,1,1,5,1,19,5,14,7,8,0,0,1.5124970505947375,7.790858249949952,9.860657711051891,0.037037037037037035,1.0,0.5185185185185185,0.27877513724585623,0.8913564249204481,0
user_7697,2021-03-29 02:42:00,28,12,8,0,4,2,14,12,10,18,11,0,0,7.008259274778711,4.082165602711461,4.669309271311,0.2857142857142857,0.0,0.42857142857142855,0.46909599196618146,0.4228469648757236,0
user_7698,2021-03-29 02:57:00,18,12,5,1,4,0,18,12,16,13,19,0,0,5.5126783137271556,4.091359961177452,1.89603130970495,0.2777777777777778,0.2,0.6666666666666666,0.2332059857465975,0.7955128889872296,0
user_7699,2021-03-29 03:12:00,19,6,2,1,1,1,5,14,15,15,10,0,0,3.5554524742695888,1.2863965706262523,4.412081921576313,0.10526315789473684,0.5,0.3157894736842105,0.37147915724936065,0.19001603387914948,0
user_7700,2021-03-29 03:27:00,13,8,4,1,3,0,11,8,7,18,7,0,0,4.832139725519169,1.6333496670769094,10.128185314709603,0.3076923076923077,0.25,0.6153846153846154,0.6488402109450825,0.9506645600492732,1
user_7701,2021-03-29 03:42:00,21,8,8,1,3,0,18,11,12,19,12,0,0,7.728612803408557,2.788715920934675,5.509996757911052,0.38095238095238093,0.125,0.38095238095238093,0.4994090240500666,0.748758777928392,0
user_7702,2021-03-29 03:57:00,28,12,6,0,1,0,13,16,19,13,18,0,0,2.642102123419909,5.142556367786168,4.7410854586222575,0.21428571428571427,0.0,0.42857142857142855,0.9331102355821274,0.825692899316454,0
user_7703,2021-03-29 04:12:00,18,8,9,1,1,0,16,9,20,11,18,0,0,6.77948835037828,4.113713359863559,5.069570458939593,0.5,0.1111111111111111,0.4444444444444444,0.8811036233794323,0.8651801509889517,0
user_7704,2021-03-29 04:27:00,22,11,4,1,2,0,6,14,6,12,14,0,0,5.925226147814131,4.401378085030775,9.16195635626723,0.18181818181818182,0.25,0.5,0.5971328259105984,0.711683216657857,0
user_7705,2021-03-29 04:42:00,23,9,5,2,2,0,10,14,10,17,16,0,0,3.7377678175261315,6.391569179008976,2.863628223219526,0.21739130434782608,0.4,0.391304347826087,0.9068837859758299,0.7199660528161803,0
user_7706,2021-03-29 04:57:00,18,14,5,1,3,0,10,5,10,18,7,0,0,6.647394074177454,7.6429906373206,9.487210586041911,0.2777777777777778,0.2,0.7777777777777778,0.15345674498513548,0.5574153379178006,0
user_7707,2021-03-29 05:12:00,19,6,8,1,3,1,18,8,9,20,5,0,0,1.5587993069172175,4.2094592763774346,2.4924281221004447,0.42105263157894735,0.125,0.3157894736842105,0.651955564026526,0.41056438893099767,0
user_7708,2021-03-29 05:27:00,22,9,11,0,1,1,9,11,9,11,19,0,0,8.274279483461607,4.377915857273543,3.391350049190765,0.5,0.0,0.4090909090909091,0.22620746268779585,0.8550998537551346,1
user_7709,2021-03-29 05:42:00,19,14,6,2,3,1,11,19,14,20,6,0,0,8.748631258816697,6.4532042479847425,5.59761377722644,0.3157894736842105,0.3333333333333333,0.7368421052631579,0.12981259905163997,0.3689025918246298,0
user_7710,2021-03-29 05:57:00,23,7,6,2,2,1,13,6,19,19,20,0,0,4.677243758460386,0.6156566732454901,10.860323317600661,0.2608695652173913,0.3333333333333333,0.30434782608695654,0.7454939748907873,0.1597318002930189,0
user_7711,2021-03-29 06:12:00,21,10,8,2,2,1,19,8,7,18,17,0,0,1.4419833183015145,5.293007701497031,8.912838557340061,0.38095238095238093,0.25,0.47619047619047616,0.5948289918909577,0.573734445426995,0
user_7712,2021-03-29 06:27:00,18,8,7,0,4,0,13,15,16,9,11,0,0,8.567663122162003,7.894729628738093,2.304163752635466,0.3888888888888889,0.0,0.4444444444444444,0.6111618652507816,0.7438341609664383,0
user_7713,2021-03-29 06:42:00,24,14,5,1,1,0,9,6,15,8,10,0,0,4.623539778153384,6.997955477329023,11.708872922654841,0.20833333333333334,0.2,0.5833333333333334,0.492920624480081,0.8615162114410109,0
user_7714,2021-03-29 06:57:00,22,13,8,1,2,2,16,18,7,11,20,0,0,2.8023593407745877,1.3891013142228676,4.323489730919237,0.36363636363636365,0.125,0.5909090909090909,0.16538214375816396,0.3362571096093536,0
user_7715,2021-03-29 07:12:00,24,9,8,1,3,1,18,7,12,11,14,0,0,1.054184752566531,5.534323632886908,10.097719402654231,0.3333333333333333,0.125,0.375,0.9631087994802217,0.4335628393411963,0
user_7716,2021-03-29 07:27:00,12,9,7,0,4,1,13,19,11,8,14,0,0,6.744382502127246,3.0101769045554967,10.419151483542771,0.5833333333333334,0.0,0.75,0.203117738415032,0.2514869818077552,0
user_7717,2021-03-29 07:42:00,29,10,6,1,2,1,10,6,18,15,6,0,0,2.0696386712481853,5.077609062377362,5.957858105538044,0.20689655172413793,0.16666666666666666,0.3448275862068966,0.36478606388771584,0.5946134522635069,0
user_7718,2021-03-29 07:57:00,24,15,4,1,0,0,9,14,19,5,14,0,0,2.6331008054976386,6.108115474395972,7.735167343558903,0.16666666666666666,0.25,0.625,0.41454322363262885,0.9241683683578599,0
user_7719,2021-03-29 08:12:00,13,8,3,1,0,0,8,12,14,17,7,0,0,6.597092041886504,1.0310507270510023,2.5851243386314184,0.23076923076923078,0.3333333333333333,0.6153846153846154,0.8812229607068244,0.40097900063771896,0
user_7720,2021-03-29 08:27:00,21,11,6,2,1,1,5,13,18,15,8,0,0,7.3945892369301545,6.156044142881764,2.63365617871736,0.2857142857142857,0.3333333333333333,0.5238095238095238,0.9211711830606228,0.39586761428970973,1
user_7721,2021-03-29 08:42:00,18,11,4,0,2,1,11,15,17,19,5,0,0,7.009261691488776,6.950998055153537,8.22442391303491,0.2222222222222222,0.0,0.6111111111111112,0.35243559775845923,0.3842103839647778,0
user_7722,2021-03-29 08:57:00,18,16,7,1,2,0,19,9,13,5,19,0,0,7.7867796696162035,5.015371091744185,5.979657799268505,0.3888888888888889,0.14285714285714285,0.8888888888888888,0.4913059432574791,0.8219926449141864,0
user_7723,2021-03-29 09:12:00,17,8,4,1,1,1,9,14,11,18,15,0,0,8.823797304537079,7.6123887800239745,6.6654912450045725,0.23529411764705882,0.25,0.47058823529411764,0.34943992347494224,0.4627588655804511,1
user_7724,2021-03-29 09:27:00,25,17,2,0,2,1,15,10,19,9,18,0,0,6.320730183774986,4.498579365115439,8.489970552408717,0.08,0.0,0.68,0.16132877808235105,0.9633368038986517,0
user_7725,2021-03-29 09:42:00,19,7,4,1,1,0,19,20,9,17,8,0,0,5.014884317983512,2.649118586670681,3.8935295609518903,0.21052631578947367,0.25,0.3684210526315789,0.8253737816499277,0.3697205075273846,0
user_7726,2021-03-29 09:57:00,21,14,6,1,1,1,6,19,11,5,15,0,0,2.1304670680681035,2.0115356699037,7.313438945331991,0.2857142857142857,0.16666666666666666,0.6666666666666666,0.3777516841267916,0.39690592850106143,1
user_7727,2021-03-29 10:12:00,25,15,8,2,3,2,9,7,6,19,7,0,0,1.2464735232702968,5.356597165276259,9.362322796037578,0.32,0.25,0.6,0.2847571417940019,0.4185198804234169,0
user_7728,2021-03-29 10:27:00,24,14,4,2,1,0,10,20,8,5,19,0,0,4.765123091799886,0.9065779416021882,0.6144802699438496,0.16666666666666666,0.5,0.5833333333333334,0.6692692128251737,0.9793469241688044,0
user_7729,2021-03-29 10:42:00,18,9,6,1,2,0,18,14,14,13,17,0,0,2.3785144080480203,7.933753949576813,8.898567354875288,0.3333333333333333,0.16666666666666666,0.5,0.3661456847980573,0.8588134333469583,0
user_7730,2021-03-29 10:57:00,18,7,10,1,2,2,19,5,18,6,13,0,0,1.9263971589346975,7.642806200178239,1.761507082061689,0.5555555555555556,0.1,0.3888888888888889,0.7567877940687995,0.101336074038241,0
user_7731,2021-03-29 11:12:00,23,15,7,2,1,0,9,11,10,8,9,0,0,8.296523178575232,5.702725329648154,4.704483858531259,0.30434782608695654,0.2857142857142857,0.6521739130434783,0.10071024084638,0.3270093778533286,0
user_7732,2021-03-29 11:27:00,20,10,4,0,4,0,11,13,9,7,9,0,0,7.732276130003781,2.5641352527884997,4.707471709781099,0.2,0.0,0.5,0.9204609299227632,0.6593835239286163,1
user_7733,2021-03-29 11:42:00,18,9,5,0,1,0,20,18,11,20,8,0,0,3.4509460214811853,1.4070272781620552,0.8825217213860377,0.2777777777777778,0.0,0.5,0.2446668658636274,0.6465398709560336,0
user_7734,2021-03-29 11:57:00,18,11,6,1,0,0,5,5,13,6,6,0,0,8.863228742436117,0.6847579315453881,4.516246991859242,0.3333333333333333,0.16666666666666666,0.6111111111111112,0.5383812144859782,0.844957409711136,0
user_7735,2021-03-29 12:12:00,18,8,6,1,2,0,9,10,18,11,6,0,0,6.33081802526302,6.368215427101138,4.131491476973592,0.3333333333333333,0.16666666666666666,0.4444444444444444,0.44062650862000874,0.6275522781436264,0
user_7736,2021-03-29 12:27:00,23,9,4,0,1,1,5,13,16,11,6,0,0,8.0830978893608,7.603566970024096,10.405563804360542,0.17391304347826086,0.0,0.391304347826087,0.41558697534789457,0.7388409550971026,0
user_7737,2021-03-29 12:42:00,24,8,6,1,3,0,17,6,11,11,11,0,0,8.534731725200215,5.530484740754213,7.476006941175553,0.25,0.16666666666666666,0.3333333333333333,0.4923932718192281,0.28374816063421837,0
user_7738,2021-03-29 12:57:00,16,11,2,2,3,1,18,17,19,17,5,0,0,8.496027913832537,0.21527194877389466,3.473237646862258,0.125,1.0,0.6875,0.48242176322679453,0.8565529533245436,0
user_7739,2021-03-29 13:12:00,18,9,5,1,2,1,15,19,14,16,18,0,0,7.054642428740248,6.79944585786853,5.700935488885853,0.2777777777777778,0.2,0.5,0.9884558349458411,0.2563444986410427,0
user_7740,2021-03-29 13:27:00,20,9,5,1,1,0,12,19,12,13,7,0,0,5.3472644204179645,5.195053138588889,6.276218870118963,0.25,0.2,0.45,0.4914655231052433,0.924073844274515,0
user_7741,2021-03-29 13:42:00,12,16,9,0,1,1,15,18,15,6,12,0,0,8.559144703142339,2.4607478856748064,9.268012756704758,0.75,0.0,1.3333333333333333,0.12829880161158236,0.33833279166687746,0
user_7742,2021-03-29 13:57:00,12,14,7,0,3,0,19,20,17,10,17,0,0,2.0289652995384384,4.090799332511636,9.662090187553103,0.5833333333333334,0.0,1.1666666666666667,0.6511923450643552,0.902876765308354,1
user_7743,2021-03-29 14:12:00,24,12,8,1,1,2,8,9,11,10,7,0,0,2.9960007712015644,7.8530035862540775,10.488632264657065,0.3333333333333333,0.125,0.5,0.1314807148442501,0.971807827577344,0
user_7744,2021-03-29 14:27:00,27,10,9,0,1,1,8,6,20,11,7,0,0,7.25361370226702,2.5120144072374515,2.845351228124676,0.3333333333333333,0.0,0.37037037037037035,0.5712723281901956,0.6894274166295573,0
user_7745,2021-03-29 14:42:00,12,15,6,0,0,1,12,18,15,10,6,0,0,8.723247530382363,4.422090071430577,4.2325416477191,0.5,0.0,1.25,0.788199996796662,0.8160098643468934,1
user_7746,2021-03-29 14:57:00,19,11,6,2,6,0,19,8,16,11,12,0,0,5.781736389179114,7.556987783288466,3.3365784789475277,0.3157894736842105,0.3333333333333333,0.5789473684210527,0.6427214778034376,0.7506096427368576,0
user_7747,2021-03-29 15:12:00,17,4,6,0,1,0,10,13,9,18,10,0,0,3.100916073432161,2.3717364898461843,6.587541133835431,0.35294117647058826,0.0,0.23529411764705882,0.5961174801605585,0.7547444207645089,0
user_7748,2021-03-29 15:27:00,21,13,9,1,3,1,16,5,16,6,14,0,0,2.2133937490974405,2.490168400158029,6.161423979945584,0.42857142857142855,0.1111111111111111,0.6190476190476191,0.4754240157888977,0.8392498181152697,0
user_7749,2021-03-29 15:42:00,19,14,6,1,4,0,10,10,8,18,7,0,0,6.630193545465147,1.4610161624874203,11.084958199992691,0.3157894736842105,0.16666666666666666,0.7368421052631579,0.4756624141479998,0.9329839625602776,1
user_7750,2021-03-29 15:57:00,27,9,7,1,1,0,9,16,13,13,13,0,0,5.893778954390121,7.193419776985844,6.051409163646106,0.25925925925925924,0.14285714285714285,0.3333333333333333,0.34151390590490627,0.42997298267265893,0
user_7751,2021-03-29 16:12:00,22,7,2,0,0,0,7,8,5,17,11,0,0,0.9871898728512623,4.776861593078271,4.714251438056976,0.09090909090909091,0.0,0.3181818181818182,0.40931235377058817,0.8175464692355305,0
user_7752,2021-03-29 16:27:00,12,6,0,1,2,0,10,9,5,15,17,0,0,4.014968398015805,4.162033132335123,8.967386257924025,0.0,0.0,0.5,0.6206778062322746,0.8648356552440649,0
user_7753,2021-03-29 16:42:00,21,9,5,1,2,0,19,19,15,13,12,0,0,9.376198647539399,4.3666313450944,10.515988961737616,0.23809523809523808,0.2,0.42857142857142855,0.7735054302527581,0.4078744658656587,1
user_7754,2021-03-29 16:57:00,22,18,10,1,3,1,6,15,19,17,18,0,0,7.103377381207123,6.721072064066781,10.962072894344447,0.45454545454545453,0.1,0.8181818181818182,0.40080723753917213,0.5384750439024567,0
user_7755,2021-03-29 17:12:00,24,5,11,2,2,0,11,9,18,13,10,0,0,4.870105490277624,4.192966745861373,3.4409321836521096,0.4583333333333333,0.18181818181818182,0.20833333333333334,0.2045401891059775,0.6178598743706952,1
user_7756,2021-03-29 17:27:00,18,8,3,1,3,1,8,13,8,11,20,0,0,8.562270796642084,1.8575486036556186,10.111832815615301,0.16666666666666666,0.3333333333333333,0.4444444444444444,0.5593848085653793,0.8590042322742132,0
user_7757,2021-03-29 17:42:00,21,10,13,2,1,0,19,15,15,18,14,0,0,0.6213213022215786,4.9697258267413345,10.300212754925983,0.6190476190476191,0.15384615384615385,0.47619047619047616,0.2811513346873972,0.9717199468519302,0
user_7758,2021-03-29 17:57:00,26,10,5,0,4,1,19,15,10,18,14,0,0,6.256850726801843,4.279668582843044,4.3548748775578385,0.19230769230769232,0.0,0.38461538461538464,0.2654295806647348,0.3643359752895141,0
user_7759,2021-03-29 18:12:00,15,10,6,1,2,1,20,18,16,19,8,0,0,8.21078610735216,4.091106243238204,2.1996840983184396,0.4,0.16666666666666666,0.6666666666666666,0.85787822504087,0.603028153515396,0
user_7760,2021-03-29 18:27:00,21,8,7,1,1,0,10,10,12,12,18,0,0,5.496779471860415,6.203187886631754,4.557015686823401,0.3333333333333333,0.14285714285714285,0.38095238095238093,0.6397575446772159,0.3954505132745909,0
user_7761,2021-03-29 18:42:00,24,8,5,1,3,1,5,7,11,5,10,0,0,1.4313926352154973,0.7954062302795853,2.2780360862447,0.20833333333333334,0.2,0.3333333333333333,0.5547771289016418,0.13670208248332133,0
user_7762,2021-03-29 18:57:00,21,7,4,1,2,0,13,13,18,8,17,0,0,6.260264818563079,7.160801272377423,7.79273839657545,0.19047619047619047,0.25,0.3333333333333333,0.9209111311513718,0.4423982147967619,0
user_7763,2021-03-29 19:12:00,21,12,4,0,3,1,16,19,10,14,9,0,0,9.510380011402495,2.427790200111253,10.599939269327916,0.19047619047619047,0.0,0.5714285714285714,0.3816559366448864,0.6339881494114853,0
user_7764,2021-03-29 19:27:00,26,10,2,0,1,2,17,15,19,6,17,0,0,9.13451191802539,0.2548331172165056,6.9184565015849895,0.07692307692307693,0.0,0.38461538461538464,0.5808181349780371,0.3586865498809655,0
user_7765,2021-03-29 19:42:00,23,8,6,1,1,0,13,19,12,9,14,0,0,7.152240310338799,4.462244198451856,10.76914717329036,0.2608695652173913,0.16666666666666666,0.34782608695652173,0.986201312040545,0.2471013658969578,0
user_7766,2021-03-29 19:57:00,19,6,7,0,2,0,8,6,20,5,18,0,0,9.758456581667037,1.6617972758634831,9.571933428586323,0.3684210526315789,0.0,0.3157894736842105,0.6332397852254957,0.5501144046598422,0
user_7767,2021-03-29 20:12:00,14,10,3,0,1,2,14,5,17,13,12,0,0,0.30348893452139314,0.7316454335933811,5.566757061448224,0.21428571428571427,0.0,0.7142857142857143,0.7220166240675704,0.43158226425825474,0
user_7768,2021-03-29 20:27:00,21,7,6,0,3,0,20,17,17,8,16,0,0,5.833288627202008,3.4025978787036224,9.167383654963446,0.2857142857142857,0.0,0.3333333333333333,0.3442076273940957,0.3798318448692696,0
user_7769,2021-03-29 20:42:00,14,5,4,0,2,0,8,20,9,15,15,0,0,8.469731515204403,4.403033601580139,1.538679105011122,0.2857142857142857,0.0,0.35714285714285715,0.9487443134632488,0.37239198868916445,0
user_7770,2021-03-29 20:57:00,16,11,7,2,2,1,19,7,20,10,15,0,0,7.740137143461229,7.756359833818293,9.490704561156786,0.4375,0.2857142857142857,0.6875,0.16865656486648503,0.32340656267923457,0
user_7771,2021-03-29 21:12:00,13,10,11,2,4,0,14,6,5,19,16,0,0,3.4840528205764993,0.6597168223367939,9.317661959961066,0.8461538461538461,0.18181818181818182,0.7692307692307693,0.6936116623002057,0.593501560360808,0
user_7772,2021-03-29 21:27:00,16,15,4,0,2,0,13,5,13,20,7,0,0,2.259716547910471,1.0365085951243507,8.541565553478044,0.25,0.0,0.9375,0.9121206548345976,0.5143671172003782,0
user_7773,2021-03-29 21:42:00,15,7,5,0,2,1,12,12,15,16,7,0,0,1.5127998247774528,7.962723327302663,2.424145390477409,0.3333333333333333,0.0,0.4666666666666667,0.9408670861063348,0.10855006272923078,1
user_7774,2021-03-29 21:57:00,11,6,6,2,2,1,13,14,16,14,7,0,0,8.049208754618327,0.14997226126281368,2.9599651716626463,0.5454545454545454,0.3333333333333333,0.5454545454545454,0.7101769139756712,0.3838140940347653,1
user_7775,2021-03-29 22:12:00,21,15,8,0,2,1,9,15,7,19,11,0,0,6.40168798320143,7.953551366530987,7.222071109054044,0.38095238095238093,0.0,0.7142857142857143,0.4879623930182483,0.4885429136047317,0
user_7776,2021-03-29 22:27:00,14,9,5,0,2,0,7,12,18,6,17,0,0,6.255949161057171,4.900182370633227,5.9417947599342344,0.35714285714285715,0.0,0.6428571428571429,0.23104916113942353,0.9608360957902794,0
user_7777,2021-03-29 22:42:00,16,5,5,0,3,1,12,14,15,16,11,0,0,6.170596876708893,4.869031574328037,10.10786143452584,0.3125,0.0,0.3125,0.5107366411532294,0.2100371182401864,0
user_7778,2021-03-29 22:57:00,21,13,3,1,1,1,18,7,9,6,5,0,0,4.765235440326494,5.347628221378354,4.077649124280657,0.14285714285714285,0.3333333333333333,0.6190476190476191,0.5121459893840455,0.28303093530138945,0
user_7779,2021-03-29 23:12:00,19,8,8,1,2,0,18,12,15,19,6,0,0,8.080385574769954,2.3918062194482514,11.652342375827468,0.42105263157894735,0.125,0.42105263157894735,0.8722366671394041,0.4658453616987345,1
user_7780,2021-03-29 23:27:00,24,11,9,1,3,1,20,6,18,17,5,0,0,6.808965171620666,7.092763114484294,4.829353487783419,0.375,0.1111111111111111,0.4583333333333333,0.4908704546768742,0.2395783818542149,0
user_7781,2021-03-29 23:42:00,17,6,4,1,2,0,10,17,15,18,5,0,0,5.871467356168955,4.619798583075693,1.3783126425118732,0.23529411764705882,0.25,0.35294117647058826,0.570172859039125,0.9690388365037399,0
user_7782,2021-03-29 23:57:00,19,10,5,1,0,2,19,15,13,14,12,0,0,2.142288517937401,7.608127143748517,6.2881380641061915,0.2631578947368421,0.2,0.5263157894736842,0.3340964799158467,0.3350959224269935,0
user_7783,2021-03-30 00:12:00,20,13,5,1,1,1,15,10,11,11,10,1,0,6.6105373712780455,1.6414903299378616,9.759638293556016,0.25,0.2,0.65,0.34633484636215295,0.7554685067458468,0
user_7784,2021-03-30 00:27:00,18,11,8,1,2,0,12,17,15,11,19,1,0,1.8434772808431517,6.625129730867451,5.471308324953614,0.4444444444444444,0.125,0.6111111111111112,0.6114364983176037,0.32468031875526493,0
user_7785,2021-03-30 00:42:00,20,8,9,1,5,0,16,11,9,10,10,1,0,5.394639218001628,4.294039808544987,1.0233629105497912,0.45,0.1111111111111111,0.4,0.31443369071940164,0.5420163471303957,0
user_7786,2021-03-30 00:57:00,16,10,3,0,2,0,19,17,10,7,13,1,0,7.658678424036535,5.564766434063409,9.607552620334415,0.1875,0.0,0.625,0.15986410814344032,0.31152695682743664,0
user_7787,2021-03-30 01:12:00,12,11,4,2,0,1,14,20,15,11,5,1,0,7.402009172980498,5.303256325133119,11.243589475625216,0.3333333333333333,0.5,0.9166666666666666,0.9907189796151068,0.5608966358913641,0
user_7788,2021-03-30 01:27:00,20,12,6,0,3,1,11,20,14,17,15,1,0,4.2578718263145765,7.631429172467045,2.1308348853570225,0.3,0.0,0.6,0.1610324373409502,0.5350524610361841,0
user_7789,2021-03-30 01:42:00,25,12,7,1,2,1,12,8,11,19,20,1,0,3.1018714083595795,6.223384582026274,2.1949224420683877,0.28,0.14285714285714285,0.48,0.5919605689285304,0.5230738298249746,1
user_7790,2021-03-30 01:57:00,24,11,5,2,0,1,16,12,6,17,17,1,0,1.939650837930935,0.31261940013394907,2.0823702166113756,0.20833333333333334,0.4,0.4583333333333333,0.5247313404722385,0.2203832029276378,0
user_7791,2021-03-30 02:12:00,19,12,3,1,3,1,11,20,12,10,12,1,0,2.799571901843334,6.309027257754945,4.5655323389903675,0.15789473684210525,0.3333333333333333,0.631578947368421,0.1705545828090523,0.8766361797348591,0
user_7792,2021-03-30 02:27:00,16,10,5,3,3,1,14,10,5,20,19,1,0,3.2739166699297537,6.404188812620204,2.0871117961303116,0.3125,0.6,0.625,0.3370736234313615,0.5537525814841967,0
user_7793,2021-03-30 02:42:00,23,13,6,1,0,1,7,18,7,6,17,1,0,0.754294126886799,6.901584076563772,3.7109179427673356,0.2608695652173913,0.16666666666666666,0.5652173913043478,0.3880454198330111,0.2265046056292232,0
user_7794,2021-03-30 02:57:00,22,13,10,1,1,0,8,10,20,8,7,1,0,2.1305971848446537,0.7691539648313309,1.7212975812795523,0.45454545454545453,0.1,0.5909090909090909,0.4039898013562141,0.8740269437866068,0
user_7795,2021-03-30 03:12:00,16,11,6,1,0,1,12,15,5,18,8,1,0,1.501255587197116,5.2294465479290215,7.275922384591198,0.375,0.16666666666666666,0.6875,0.15709570476442236,0.248691058189298,0
user_7796,2021-03-30 03:27:00,18,10,6,0,2,1,18,10,12,13,13,1,0,2.9114116916786816,1.0836774448603503,1.3404038406848866,0.3333333333333333,0.0,0.5555555555555556,0.5020626266001229,0.36828291877750596,0
user_7797,2021-03-30 03:42:00,16,10,3,1,1,0,10,12,9,20,15,1,0,0.7669839905314074,2.5785718905572597,5.673335670851921,0.1875,0.3333333333333333,0.625,0.6943137350360638,0.673661799769529,0
user_7798,2021-03-30 03:57:00,26,10,6,1,2,0,14,9,5,14,5,1,0,2.3605034644582625,1.683598096564017,7.269742429586719,0.23076923076923078,0.16666666666666666,0.38461538461538464,0.9643250276349539,0.1974661231350473,0
user_7799,2021-03-30 04:12:00,23,7,5,2,2,0,6,14,6,7,9,1,0,4.195089301606946,6.474268785782559,0.7188225271041924,0.21739130434782608,0.4,0.30434782608695654,0.6940710103447028,0.9911419192079466,0
user_7800,2021-03-30 04:27:00,21,12,8,2,2,1,20,17,20,12,19,1,0,4.291759816341293,0.9457426995578037,3.9562127836686636,0.38095238095238093,0.25,0.5714285714285714,0.6665791745584746,0.9984170674990706,1
user_7801,2021-03-30 04:42:00,23,8,10,1,3,0,6,19,17,5,8,1,0,3.7778760092614596,2.6406753317748617,0.5799013350148614,0.43478260869565216,0.1,0.34782608695652173,0.7832681589310313,0.9341323741623345,0
user_7802,2021-03-30 04:57:00,24,14,6,0,3,1,13,18,15,19,6,1,0,3.8063127715356955,6.909452084914707,1.4162856931558567,0.25,0.0,0.5833333333333334,0.6273402285144332,0.30100314253667415,0
user_7803,2021-03-30 05:12:00,19,6,17,2,2,0,14,11,13,18,17,1,0,1.6276825787609819,6.843714911981123,11.209196073694194,0.8947368421052632,0.11764705882352941,0.3157894736842105,0.9812714763613011,0.6355573865644283,0
user_7804,2021-03-30 05:27:00,16,8,2,0,0,0,18,15,20,19,11,1,0,1.146792447792972,5.905931950204095,10.434675000049703,0.125,0.0,0.5,0.7473432979383027,0.34541556929859085,0
user_7805,2021-03-30 05:42:00,28,7,11,1,2,1,19,6,8,7,12,1,0,2.9002178170432136,1.5883605490731243,8.563105042951802,0.39285714285714285,0.09090909090909091,0.25,0.7563577893933683,0.8102484753719436,0
user_7806,2021-03-30 05:57:00,28,11,5,1,2,0,8,8,7,6,12,1,0,7.416950905352194,6.81463987975387,7.666578634458689,0.17857142857142858,0.2,0.39285714285714285,0.9785809635915463,0.8668034362096602,0
user_7807,2021-03-30 06:12:00,18,9,8,1,3,0,10,7,5,5,19,1,0,9.595751431707823,4.506004800261242,6.463631841643195,0.4444444444444444,0.125,0.5,0.4366266812054258,0.1309867228627744,0
user_7808,2021-03-30 06:27:00,14,12,4,1,4,0,11,5,5,12,20,1,0,7.605701972982037,7.395388752703482,8.690882467062684,0.2857142857142857,0.25,0.8571428571428571,0.19187634449671293,0.16437028810307852,0
user_7809,2021-03-30 06:42:00,17,8,6,2,2,0,18,9,20,20,19,1,0,8.990424851954446,0.8268852747486245,1.1506992095796964,0.35294117647058826,0.3333333333333333,0.47058823529411764,0.8957597869163599,0.8892193263513363,0
user_7810,2021-03-30 06:57:00,21,10,7,1,2,0,14,7,7,14,13,1,0,1.5284245273337707,3.1905592795127085,1.2277520731647231,0.3333333333333333,0.14285714285714285,0.47619047619047616,0.38002242686050514,0.9813979545954156,0
user_7811,2021-03-30 07:12:00,23,10,4,0,1,1,6,9,10,9,7,1,0,7.129806113913758,2.1330178615447823,9.704500833371622,0.17391304347826086,0.0,0.43478260869565216,0.47761079503227066,0.5530583899662288,0
user_7812,2021-03-30 07:27:00,19,11,7,1,2,0,9,11,16,9,5,1,0,2.7618910147309164,7.6705612156160505,8.260396438278981,0.3684210526315789,0.14285714285714285,0.5789473684210527,0.41209296382116223,0.9275457330132187,0
user_7813,2021-03-30 07:42:00,17,10,2,2,3,1,5,19,18,11,8,1,0,7.724872865845496,6.792908480655028,7.22165010971637,0.11764705882352941,1.0,0.5882352941176471,0.18781344417631038,0.8435012819810911,0
user_7814,2021-03-30 07:57:00,18,8,8,1,3,1,17,7,9,19,14,1,0,7.695111729252199,2.76950123750148,10.620377331360055,0.4444444444444444,0.125,0.4444444444444444,0.8038546453580977,0.9017959314001914,0
user_7815,2021-03-30 08:12:00,24,11,7,0,3,0,20,10,19,5,9,1,0,9.439899678684247,2.0698680891922927,10.123433257314183,0.2916666666666667,0.0,0.4583333333333333,0.41946701929983454,0.6396866102527142,0
user_7816,2021-03-30 08:27:00,20,10,4,1,0,0,16,17,7,6,11,1,0,7.15560375071639,3.813652263899091,11.479954262802309,0.2,0.25,0.5,0.5257678161166883,0.32871699861554493,0
user_7817,2021-03-30 08:42:00,20,5,2,1,2,1,11,7,14,17,5,1,0,9.539386013141016,7.481252345434568,9.723127438470424,0.1,0.5,0.25,0.6940278283214879,0.48206193066978587,0
user_7818,2021-03-30 08:57:00,16,5,9,0,4,0,13,6,17,14,5,1,0,1.0589229791071522,3.0735263244381676,3.2154407628717716,0.5625,0.0,0.3125,0.22013847718651938,0.25379958883459536,0
user_7819,2021-03-30 09:12:00,19,11,7,1,2,0,18,7,19,20,15,1,0,8.509420089033194,7.4883284009348055,1.0599499609728702,0.3684210526315789,0.14285714285714285,0.5789473684210527,0.4329829855785554,0.2022171689104514,0
user_7820,2021-03-30 09:27:00,20,10,11,1,2,1,9,17,11,9,19,1,0,2.556118760122164,5.67791576926933,2.1604549697250746,0.55,0.09090909090909091,0.5,0.4160379662315733,0.3791248439152174,0
user_7821,2021-03-30 09:42:00,22,7,6,0,2,1,11,17,9,11,13,1,0,8.375446593773427,1.8772869229421785,6.869367103825595,0.2727272727272727,0.0,0.3181818181818182,0.6581730066270381,0.8161280981001959,0
user_7822,2021-03-30 09:57:00,25,7,5,1,3,0,8,7,7,10,5,1,0,6.315235420274725,5.901859624057569,2.0069517858479697,0.2,0.2,0.28,0.2552100210267048,0.9670240872799147,0
user_7823,2021-03-30 10:12:00,28,12,2,0,1,0,16,17,19,17,10,1,0,9.24952924728201,6.742409383789037,3.3318981271274164,0.07142857142857142,0.0,0.42857142857142855,0.26667211914616723,0.6855426073623697,0
user_7824,2021-03-30 10:27:00,28,8,11,3,3,1,19,5,14,18,14,1,0,7.67388812677217,5.44220760008153,6.884423055835716,0.39285714285714285,0.2727272727272727,0.2857142857142857,0.8610886057520736,0.5600964831236388,0
user_7825,2021-03-30 10:42:00,16,14,3,1,2,0,20,15,5,20,10,1,0,6.41407607717276,1.6293408983429083,11.939708516460225,0.1875,0.3333333333333333,0.875,0.6118129590037155,0.34220330703990043,0
user_7826,2021-03-30 10:57:00,16,6,3,2,2,1,13,14,20,11,20,1,0,0.6483755721295313,5.628633987895845,7.699081579042963,0.1875,0.6666666666666666,0.375,0.5911043559480749,0.7217908198055312,0
user_7827,2021-03-30 11:12:00,30,10,6,1,4,1,10,11,13,14,9,1,0,4.811782946102941,0.9585350827430525,7.724124705849253,0.2,0.16666666666666666,0.3333333333333333,0.2913995079762239,0.10151106143140037,0
user_7828,2021-03-30 11:27:00,17,5,7,0,3,0,19,17,16,8,17,1,0,3.112248211303124,7.141293739943794,9.402890159790266,0.4117647058823529,0.0,0.29411764705882354,0.10804749144693591,0.6996106929202244,0
user_7829,2021-03-30 11:42:00,18,19,5,1,1,0,11,13,14,6,10,1,0,6.056306961658346,1.9350471310748316,9.556015791607255,0.2777777777777778,0.2,1.0555555555555556,0.4471544469857547,0.5239467483140744,0
user_7830,2021-03-30 11:57:00,22,12,2,2,4,1,19,19,10,6,15,1,0,6.37171951877782,7.536586655020306,9.274195859080374,0.09090909090909091,1.0,0.5454545454545454,0.5893816261220365,0.8498191867707259,0
user_7831,2021-03-30 12:12:00,23,14,5,0,1,1,18,14,17,7,6,1,0,7.988295691003488,0.9433354272512303,6.519058038501331,0.21739130434782608,0.0,0.6086956521739131,0.9294323568079457,0.7210965185495365,0
user_7832,2021-03-30 12:27:00,22,8,4,0,2,0,12,19,18,11,11,1,0,4.145610390718377,0.2709080509729299,5.272130677081538,0.18181818181818182,0.0,0.36363636363636365,0.1868694498033895,0.9123744619415898,0
user_7833,2021-03-30 12:42:00,21,9,4,0,2,2,13,13,6,18,8,1,0,5.939390869203473,7.36386287006115,6.1746113258917665,0.19047619047619047,0.0,0.42857142857142855,0.5795987442786332,0.30451213808834415,0
user_7834,2021-03-30 12:57:00,19,8,7,1,2,1,16,16,6,6,14,1,0,4.989850042283224,1.3886468906990845,11.83278926984718,0.3684210526315789,0.14285714285714285,0.42105263157894735,0.32977490901155126,0.6777235425577006,0
user_7835,2021-03-30 13:12:00,12,10,4,1,4,0,19,17,10,9,19,1,0,2.635176468712176,4.050518134020664,3.199238000755651,0.3333333333333333,0.25,0.8333333333333334,0.6774842283945998,0.565260912140534,0
user_7836,2021-03-30 13:27:00,19,13,4,1,1,2,9,15,16,13,10,1,0,8.46697459851542,1.5005526581099318,1.855996858961802,0.21052631578947367,0.25,0.6842105263157895,0.9470269822281924,0.2984665067424046,0
user_7837,2021-03-30 13:42:00,13,5,6,0,1,2,6,11,20,18,12,1,0,6.246733680072177,2.9454934394802654,2.20032647552791,0.46153846153846156,0.0,0.38461538461538464,0.3433842593399273,0.8265090872820507,0
user_7838,2021-03-30 13:57:00,19,16,6,0,1,1,18,18,14,10,15,1,0,1.8858265756858856,5.981506299552369,3.2915544315942213,0.3157894736842105,0.0,0.8421052631578947,0.7860029370183051,0.5293095874769413,0
user_7839,2021-03-30 14:12:00,25,7,4,2,5,1,18,8,13,14,12,1,0,3.077801957134514,2.165073180772449,4.1066711866422665,0.16,0.5,0.28,0.6965436117034947,0.327066824222373,0
user_7840,2021-03-30 14:27:00,30,9,6,1,3,0,6,14,10,10,5,1,0,7.871608145712117,3.9049608816821704,4.944557919166408,0.2,0.16666666666666666,0.3,0.4048966995575157,0.30541393805601286,0
user_7841,2021-03-30 14:42:00,20,13,6,2,2,0,8,14,9,12,9,1,0,8.21765173265886,0.5720484808261956,10.053567642232236,0.3,0.3333333333333333,0.65,0.35866528024145916,0.4645960951396596,0
user_7842,2021-03-30 14:57:00,15,9,5,2,1,0,17,13,18,11,17,1,0,7.397593972791548,5.154161216915672,10.324196427199094,0.3333333333333333,0.4,0.6,0.43660797646607086,0.3185937401903377,0
user_7843,2021-03-30 15:12:00,22,8,5,0,3,1,19,13,5,18,20,1,0,6.015629250804897,3.4578729152006873,3.5477481654532173,0.22727272727272727,0.0,0.36363636363636365,0.15202288712384027,0.4258686253511046,0
user_7844,2021-03-30 15:27:00,19,6,7,1,1,0,9,10,14,9,20,1,0,1.441441597073218,7.157243430948349,9.60198528032143,0.3684210526315789,0.14285714285714285,0.3157894736842105,0.12911557620137282,0.8793698503260783,0
user_7845,2021-03-30 15:42:00,19,10,5,0,3,0,10,9,9,16,17,1,0,9.286576895948015,5.193908704654441,8.705761619712238,0.2631578947368421,0.0,0.5263157894736842,0.7728395657632661,0.8112179500982125,0
user_7846,2021-03-30 15:57:00,24,10,4,1,1,0,17,6,5,18,5,1,0,3.6370331071398754,3.93782175777884,10.924133220264926,0.16666666666666666,0.25,0.4166666666666667,0.24718447792438658,0.4198271655558058,0
user_7847,2021-03-30 16:12:00,23,12,3,1,1,0,5,19,15,17,12,1,0,6.050303205697191,4.193773558582119,7.053297351590995,0.13043478260869565,0.3333333333333333,0.5217391304347826,0.7576109116636199,0.4243742297856482,0
user_7848,2021-03-30 16:27:00,21,4,9,1,0,2,7,14,10,9,15,1,0,0.9502885818645506,2.963388385888379,3.1633713868517783,0.42857142857142855,0.1111111111111111,0.19047619047619047,0.28538777843223573,0.33855096308433985,0
user_7849,2021-03-30 16:42:00,17,6,5,1,1,0,5,10,9,20,13,1,0,9.130555299184469,0.18834670038438311,2.0716888698374403,0.29411764705882354,0.2,0.35294117647058826,0.48204123894960305,0.6224911785821012,0
user_7850,2021-03-30 16:57:00,19,11,7,1,0,1,8,18,7,13,17,1,0,9.436884143749246,6.07647847070904,9.315140044558623,0.3684210526315789,0.14285714285714285,0.5789473684210527,0.3789028966472259,0.7888524313082952,0
user_7851,2021-03-30 17:12:00,25,10,8,0,6,0,11,7,20,17,19,1,0,0.8741398966574491,2.9791589801055354,8.831269269092823,0.32,0.0,0.4,0.6042777145744798,0.3230105818190382,0
user_7852,2021-03-30 17:27:00,21,13,3,2,3,2,20,7,11,17,5,1,0,7.485078372255719,1.2151622090494218,11.537957882009804,0.14285714285714285,0.6666666666666666,0.6190476190476191,0.9155622807777279,0.8725747399582467,0
user_7853,2021-03-30 17:42:00,17,14,8,1,2,0,7,20,11,11,7,1,0,8.190015877305546,2.1167224094384265,4.080474527387706,0.47058823529411764,0.125,0.8235294117647058,0.9792185285076326,0.3565142035018738,0
user_7854,2021-03-30 17:57:00,10,10,5,0,1,0,9,10,6,16,7,1,0,5.347458363710323,5.526843207295816,0.5424659146956567,0.5,0.0,1.0,0.5560930800455612,0.4983825688611606,0
user_7855,2021-03-30 18:12:00,26,8,4,0,3,0,11,20,6,14,9,1,0,8.187493032726888,5.868694778860492,2.6538791486329085,0.15384615384615385,0.0,0.3076923076923077,0.7292226880689714,0.34512899725925317,0
user_7856,2021-03-30 18:27:00,22,18,4,1,3,0,13,12,7,17,16,1,0,5.735007030601256,4.651078017358924,6.062250822367391,0.18181818181818182,0.25,0.8181818181818182,0.8580879323688596,0.12243374518116017,0
user_7857,2021-03-30 18:42:00,19,7,8,1,3,1,8,14,6,8,15,1,0,2.9912026442132666,3.416685438451104,6.468350771714149,0.42105263157894735,0.125,0.3684210526315789,0.2250939659494776,0.6636746453046969,0
user_7858,2021-03-30 18:57:00,29,4,8,1,1,1,19,7,14,20,13,1,0,3.992946053974609,4.413019914422332,11.348540429878607,0.27586206896551724,0.125,0.13793103448275862,0.7465614990424188,0.27813627001409735,1
user_7859,2021-03-30 19:12:00,24,11,7,0,3,1,9,9,13,18,6,1,0,4.700168257658565,6.047511729003655,11.432135671188933,0.2916666666666667,0.0,0.4583333333333333,0.40526580123190414,0.2460486141804054,0
user_7860,2021-03-30 19:27:00,24,14,9,1,2,1,8,7,10,18,12,1,0,1.1808047373389559,0.27272079706741514,5.141457902381134,0.375,0.1111111111111111,0.5833333333333334,0.3001125735042338,0.196845228249814,0
user_7861,2021-03-30 19:42:00,19,15,11,2,0,1,6,19,7,15,9,1,0,7.0337191115637205,2.394585405910741,10.032910601274784,0.5789473684210527,0.18181818181818182,0.7894736842105263,0.1536055906303393,0.3405587715968689,0
user_7862,2021-03-30 19:57:00,24,7,1,2,1,0,16,10,18,14,20,1,0,3.1699991421309885,6.396052707634228,2.2214599491874525,0.041666666666666664,2.0,0.2916666666666667,0.18447512591834092,0.5429879778144729,0
user_7863,2021-03-30 20:12:00,16,7,7,2,0,0,19,12,15,11,9,1,0,9.112382788438646,4.908067088969412,9.199742953141756,0.4375,0.2857142857142857,0.4375,0.6628195649607398,0.10341072474242384,0
user_7864,2021-03-30 20:27:00,22,11,9,1,0,1,14,12,15,17,13,1,0,5.632481349860638,1.1163372170067158,7.975681365118132,0.4090909090909091,0.1111111111111111,0.5,0.22529358533353644,0.3653435447035642,0
user_7865,2021-03-30 20:42:00,25,11,4,1,4,1,7,17,5,8,15,1,0,2.3434223579663187,0.4915847706041584,9.673137710533213,0.16,0.25,0.44,0.966541216912824,0.6387728859112993,0
user_7866,2021-03-30 20:57:00,14,6,5,1,3,1,12,15,8,14,16,1,0,7.464457686524278,5.0472964896395,2.3693417610402925,0.35714285714285715,0.2,0.42857142857142855,0.2569175803562804,0.4723810959089031,0
user_7867,2021-03-30 21:12:00,19,7,5,0,0,1,16,20,10,12,14,1,0,0.9483573448903876,0.7336300963872233,4.066558583225518,0.2631578947368421,0.0,0.3684210526315789,0.2248990641757748,0.5496065533866443,0
user_7868,2021-03-30 21:27:00,21,14,6,0,2,1,13,11,7,9,14,1,0,6.669497425126356,2.4763003568814925,4.503293888941575,0.2857142857142857,0.0,0.6666666666666666,0.6305319552272086,0.6894866018322364,0
user_7869,2021-03-30 21:42:00,22,6,6,1,2,0,8,14,20,19,7,1,0,3.6790439788477194,4.186225837748562,2.6545718864274686,0.2727272727272727,0.16666666666666666,0.2727272727272727,0.9413792217642971,0.4943524552444747,0
user_7870,2021-03-30 21:57:00,20,12,6,1,2,0,11,18,15,11,14,1,0,2.8541983249919465,7.765327436416673,4.324295696847834,0.3,0.16666666666666666,0.6,0.4542885043566105,0.26071785136924214,0
user_7871,2021-03-30 22:12:00,20,4,6,1,2,0,16,10,20,18,16,1,0,0.4889361427870905,6.432020772351147,3.3078096371271406,0.3,0.16666666666666666,0.2,0.347348132208457,0.6766504747694841,0
user_7872,2021-03-30 22:27:00,22,9,5,1,1,0,9,11,6,6,18,1,0,1.1741822782068343,6.905372076988013,2.272634903342224,0.22727272727272727,0.2,0.4090909090909091,0.3348891611334378,0.19064288675922514,0
user_7873,2021-03-30 22:42:00,18,10,2,1,3,0,10,16,9,14,6,1,0,6.567908860417216,2.7504766217755385,9.705464877209884,0.1111111111111111,0.5,0.5555555555555556,0.904610611348438,0.47820336831855104,0
user_7874,2021-03-30 22:57:00,17,6,6,0,3,0,11,7,14,15,20,1,0,0.4888519055671373,5.926611462999466,2.9065933751537996,0.35294117647058826,0.0,0.35294117647058826,0.619971296442644,0.8817255979385283,0
user_7875,2021-03-30 23:12:00,20,6,5,0,3,1,12,13,10,13,18,1,0,7.7046145268099995,4.071832674563012,9.355072774525665,0.25,0.0,0.3,0.35463108112205555,0.5590512915911245,0
user_7876,2021-03-30 23:27:00,17,11,7,2,1,0,8,20,6,16,16,1,0,9.786405157139155,6.83469910636996,1.226902479752872,0.4117647058823529,0.2857142857142857,0.6470588235294118,0.9063814733144844,0.8642821102677669,0
user_7877,2021-03-30 23:42:00,25,11,5,0,1,0,5,14,15,7,19,1,0,9.978302481830433,6.211292337781953,1.1443353345334997,0.2,0.0,0.44,0.31739811678721086,0.7384871282879175,0
user_7878,2021-03-30 23:57:00,24,6,4,1,2,0,15,19,5,10,20,1,0,4.3056182258307745,0.26262812861519363,7.464079195741706,0.16666666666666666,0.25,0.25,0.17694012460500436,0.9322599146049151,0
user_7879,2021-03-31 00:12:00,23,12,3,2,1,1,5,13,10,11,6,2,0,0.5491959323454071,4.764148338523353,10.832271789363169,0.13043478260869565,0.6666666666666666,0.5217391304347826,0.9185591579768481,0.5798772939770236,0
user_7880,2021-03-31 00:27:00,27,10,7,1,1,1,7,5,6,17,15,2,0,1.850887315480415,6.658275918721641,10.766591150365924,0.25925925925925924,0.14285714285714285,0.37037037037037035,0.32980167398584026,0.8013876451438442,0
user_7881,2021-03-31 00:42:00,16,8,4,0,1,0,12,11,11,17,8,2,0,1.1215734979035261,3.098669422213805,9.930566569403254,0.25,0.0,0.5,0.48193633835498273,0.4463839912795651,0
user_7882,2021-03-31 00:57:00,28,18,1,0,2,1,7,17,13,6,11,2,0,0.10025388983873007,6.083337588913066,1.1709188012289877,0.03571428571428571,0.0,0.6428571428571429,0.585050377236135,0.17115611169530992,0
user_7883,2021-03-31 01:12:00,13,4,7,0,5,1,10,18,5,19,18,2,0,6.697094268939282,1.9097541268798501,6.432438065003525,0.5384615384615384,0.0,0.3076923076923077,0.9283024060262894,0.43144440573971443,0
user_7884,2021-03-31 01:27:00,23,12,3,1,1,0,15,7,6,14,6,2,0,5.911845191120164,2.193360743687857,6.595930918394288,0.13043478260869565,0.3333333333333333,0.5217391304347826,0.6611773970385246,0.8572594473792525,0
user_7885,2021-03-31 01:42:00,24,7,4,0,3,1,15,9,18,9,20,2,0,3.6245568914401276,3.2953235784878907,0.8871085035841042,0.16666666666666666,0.0,0.2916666666666667,0.5585022670906024,0.3495843944977157,0
user_7886,2021-03-31 01:57:00,28,12,6,0,1,0,14,7,13,15,20,2,0,1.342711735258873,6.357307900647471,7.85688277485039,0.21428571428571427,0.0,0.42857142857142855,0.48179985481675525,0.5699142779475992,0
user_7887,2021-03-31 02:12:00,17,10,5,1,3,0,20,12,9,9,14,2,0,3.2863060611195594,3.363600046516111,7.14313625162548,0.29411764705882354,0.2,0.5882352941176471,0.35378296661343767,0.6559331221705088,1
user_7888,2021-03-31 02:27:00,26,11,8,2,2,0,14,17,18,13,15,2,0,8.829818425317384,1.5406786630105591,3.802673887874188,0.3076923076923077,0.25,0.4230769230769231,0.5257596825531836,0.4477808623998314,1
user_7889,2021-03-31 02:42:00,25,9,8,1,2,0,18,17,14,15,9,2,0,7.270728550557168,5.467749741373121,7.051493384597445,0.32,0.125,0.36,0.6923849472457643,0.11535346083234745,0
user_7890,2021-03-31 02:57:00,20,8,4,1,2,1,18,6,17,11,20,2,0,2.3709977767625317,1.9637555267062774,1.9524179410020515,0.2,0.25,0.4,0.7260919818959721,0.21661118912361763,0
user_7891,2021-03-31 03:12:00,18,12,7,2,2,0,8,15,17,5,18,2,0,6.489415933922004,7.025785037201094,6.664077766870676,0.3888888888888889,0.2857142857142857,0.6666666666666666,0.5794481944595798,0.7807821001961409,0
user_7892,2021-03-31 03:27:00,17,17,8,2,2,0,16,12,14,17,20,2,0,4.941323646801073,5.179932772090317,7.600263823087198,0.47058823529411764,0.25,1.0,0.8504953753980941,0.5684691125800677,0
user_7893,2021-03-31 03:42:00,24,11,6,0,1,0,17,5,17,11,15,2,0,3.5309602422934976,1.0566336447653706,8.68644412198315,0.25,0.0,0.4583333333333333,0.6585171677062255,0.7927196449235004,0
user_7894,2021-03-31 03:57:00,21,12,2,1,2,0,11,11,12,14,16,2,0,3.6781649050975185,6.014143333378813,5.540863979442877,0.09523809523809523,0.5,0.5714285714285714,0.9560273424229117,0.27365260138948705,1
user_7895,2021-03-31 04:12:00,22,8,7,0,2,0,15,19,20,18,13,2,0,0.567683768660498,0.7577261171942864,6.155436290332789,0.3181818181818182,0.0,0.36363636363636365,0.897429146791152,0.4089074948990755,0
user_7896,2021-03-31 04:27:00,23,5,6,1,2,1,9,17,15,17,20,2,0,1.643861323190361,5.803571179411322,11.180904294590148,0.2608695652173913,0.16666666666666666,0.21739130434782608,0.7050530694024169,0.3720793116418123,0
user_7897,2021-03-31 04:42:00,21,11,6,1,2,0,5,15,12,11,8,2,0,9.977595426297007,7.525583219699671,11.427120533715987,0.2857142857142857,0.16666666666666666,0.5238095238095238,0.34641324252781275,0.27143298592951215,0
user_7898,2021-03-31 04:57:00,14,14,7,1,1,1,16,10,17,10,13,2,0,5.720103009495458,7.897341620965172,10.793080446969457,0.5,0.14285714285714285,1.0,0.5666224621526893,0.8072161063063994,0
user_7899,2021-03-31 05:12:00,17,10,6,1,1,1,6,10,9,11,10,2,0,8.034840762978112,7.731438042631971,9.130339864746631,0.35294117647058826,0.16666666666666666,0.5882352941176471,0.3819644637310481,0.535886178067099,0
user_7900,2021-03-31 05:27:00,15,13,7,2,2,0,18,11,15,16,12,2,0,6.551235579312005,4.561695855208094,2.3121234859871627,0.4666666666666667,0.2857142857142857,0.8666666666666667,0.8264103216184132,0.6066852171182812,0
user_7901,2021-03-31 05:42:00,26,7,6,0,2,0,16,10,7,14,12,2,0,4.957809059496425,1.9087395744794693,5.085438139023977,0.23076923076923078,0.0,0.2692307692307692,0.5508965936039897,0.16055468785044932,0
user_7902,2021-03-31 05:57:00,24,15,3,1,1,2,6,15,8,13,12,2,0,6.91760292264377,7.527061162162188,11.778915735960204,0.125,0.3333333333333333,0.625,0.9959303899244739,0.9815073452863836,0
user_7903,2021-03-31 06:12:00,29,8,4,1,2,0,6,17,20,19,10,2,0,5.846437681750592,1.2940167054914946,8.190876188407621,0.13793103448275862,0.25,0.27586206896551724,0.12179122020759893,0.49794463301048886,0
user_7904,2021-03-31 06:27:00,26,15,3,0,1,0,12,7,18,13,14,2,0,4.949677826654602,2.556801946806082,6.152603544870463,0.11538461538461539,0.0,0.5769230769230769,0.7015875037000879,0.9262593110496786,0
user_7905,2021-03-31 06:42:00,11,12,6,2,2,2,14,15,7,13,15,2,0,7.796711344604934,2.2506881097541713,5.361130561517879,0.5454545454545454,0.3333333333333333,1.0909090909090908,0.8701096805525856,0.6385757777225869,0
user_7906,2021-03-31 06:57:00,18,5,5,1,0,1,20,14,6,18,15,2,0,7.8009045417047025,3.3586116600003626,3.923745020784223,0.2777777777777778,0.2,0.2777777777777778,0.35357782738198873,0.7764515110549732,0
user_7907,2021-03-31 07:12:00,22,9,5,2,3,1,6,7,7,18,16,2,0,5.947382399194228,3.382041938823901,4.862074927480149,0.22727272727272727,0.4,0.4090909090909091,0.44786228312983445,0.13751041147409435,0
user_7908,2021-03-31 07:27:00,16,7,7,0,0,0,11,18,19,20,17,2,0,4.801845452173399,3.3396513858788235,4.08419810887068,0.4375,0.0,0.4375,0.5736151285495724,0.4799407737325403,0
user_7909,2021-03-31 07:42:00,21,8,4,2,3,1,8,10,10,6,10,2,0,8.682445995965432,6.302111131782276,1.6040920753358687,0.19047619047619047,0.5,0.38095238095238093,0.8110407360134699,0.5485298731879986,0
user_7910,2021-03-31 07:57:00,20,8,7,1,3,2,9,13,8,10,17,2,0,4.559925140397004,3.172295069495641,3.5202928190085014,0.35,0.14285714285714285,0.4,0.6649665652585733,0.9438734208323586,0
user_7911,2021-03-31 08:12:00,23,5,2,1,1,2,10,10,13,17,10,2,0,0.8588337441241399,5.014991154109429,4.17963829007013,0.08695652173913043,0.5,0.21739130434782608,0.5464393989226932,0.6696251471236996,1
user_7912,2021-03-31 08:27:00,18,9,8,1,4,2,18,6,10,18,5,2,0,9.954148925427704,3.068531922570734,1.5318192451399082,0.4444444444444444,0.125,0.5,0.41455561149097697,0.9751238507250827,0
user_7913,2021-03-31 08:42:00,22,7,4,1,4,1,12,14,13,16,10,2,0,4.504367989471233,3.2715022317999862,11.869502013523448,0.18181818181818182,0.25,0.3181818181818182,0.8887130926429749,0.9498217126735834,1
user_7914,2021-03-31 08:57:00,13,9,3,2,4,0,20,12,9,15,14,2,0,1.9695793978989709,6.332881460500634,7.7071277566752965,0.23076923076923078,0.6666666666666666,0.6923076923076923,0.5359413848834825,0.2236852634482035,0
user_7915,2021-03-31 09:12:00,16,9,5,2,3,1,19,10,6,20,19,2,0,0.9377864424713517,4.151675817620845,1.648827135631944,0.3125,0.4,0.5625,0.4968146993331509,0.5466999454201232,0
user_7916,2021-03-31 09:27:00,14,10,5,0,4,0,5,16,8,19,18,2,0,5.547156832476674,4.723047639055771,11.490165761122764,0.35714285714285715,0.0,0.7142857142857143,0.3148877168584704,0.23910527871997045,0
user_7917,2021-03-31 09:42:00,20,7,8,1,2,0,11,11,12,14,14,2,0,5.662053103132486,4.40218214650256,10.447996970603441,0.4,0.125,0.35,0.4612056630905482,0.8717564204240351,0
user_7918,2021-03-31 09:57:00,21,12,5,1,2,1,8,7,19,9,8,2,0,1.9470044834194848,0.4948255063535125,4.399622120263444,0.23809523809523808,0.2,0.5714285714285714,0.8240212911445519,0.3614971530053085,0
user_7919,2021-03-31 10:12:00,24,7,10,1,2,1,5,12,7,15,20,2,0,4.8870770383638185,0.9451802853692073,9.125646603909344,0.4166666666666667,0.1,0.2916666666666667,0.5655614728223664,0.18418675985553445,0
user_7920,2021-03-31 10:27:00,25,6,7,2,1,0,15,13,8,6,18,2,0,5.63796307106935,6.4888239274917305,4.575648467694885,0.28,0.2857142857142857,0.24,0.23210158374890244,0.6979844091498575,0
user_7921,2021-03-31 10:42:00,22,4,2,0,1,0,20,15,5,10,9,2,0,2.05921258912711,5.372175728339382,9.813280011833141,0.09090909090909091,0.0,0.18181818181818182,0.3100129394428901,0.2700950877266397,0
user_7922,2021-03-31 10:57:00,16,9,6,2,0,0,19,10,17,12,15,2,0,6.862977315725939,4.689190758619067,9.783648753981941,0.375,0.3333333333333333,0.5625,0.8255697150968097,0.208629131257985,0
user_7923,2021-03-31 11:12:00,21,18,6,1,1,1,14,5,16,9,8,2,0,9.063529421955435,4.719925863334778,6.366604517683126,0.2857142857142857,0.16666666666666666,0.8571428571428571,0.3840870493811003,0.7747081245241408,0
user_7924,2021-03-31 11:27:00,20,15,7,1,5,1,8,12,13,19,14,2,0,3.0970082937855645,5.965880207503788,5.251774568403445,0.35,0.14285714285714285,0.75,0.6088172193580901,0.9758282120602693,0
user_7925,2021-03-31 11:42:00,10,9,7,1,1,0,17,5,9,14,15,2,0,0.5394971012882512,6.326021269687062,9.30426926959546,0.7,0.14285714285714285,0.9,0.18265185369315937,0.8624487790291635,0
user_7926,2021-03-31 11:57:00,26,15,2,2,5,1,6,7,12,7,6,2,0,1.1121124426756026,0.9076599768152455,7.42507882564623,0.07692307692307693,1.0,0.5769230769230769,0.63381446483299,0.6378183935660485,0
user_7927,2021-03-31 12:12:00,23,11,5,1,0,0,13,18,12,15,7,2,0,2.5448625081462133,6.43577658489846,8.457100312441444,0.21739130434782608,0.2,0.4782608695652174,0.9338473076174121,0.9394510313966475,0
user_7928,2021-03-31 12:27:00,26,8,6,1,3,0,17,17,15,8,11,2,0,2.4498759405867063,2.3026944768015025,11.424140816954235,0.23076923076923078,0.16666666666666666,0.3076923076923077,0.7253139238190991,0.2197923801586405,0
user_7929,2021-03-31 12:42:00,18,8,4,0,5,0,9,16,10,19,7,2,0,6.456636610885103,3.075067844052511,10.1553611785456,0.2222222222222222,0.0,0.4444444444444444,0.8795555123752106,0.7516116370036815,0
user_7930,2021-03-31 12:57:00,17,4,5,2,3,0,7,9,7,15,7,2,0,3.9893040686379795,6.409937988348902,1.3792337988084764,0.29411764705882354,0.4,0.23529411764705882,0.7286215147458747,0.5333685719238608,0
user_7931,2021-03-31 13:12:00,22,13,6,0,2,1,16,10,17,10,16,2,0,3.0035959432313386,6.709294111481072,4.613710166535597,0.2727272727272727,0.0,0.5909090909090909,0.16920015886461687,0.9034561615882126,0
user_7932,2021-03-31 13:27:00,30,11,10,3,0,1,13,18,11,18,16,2,0,4.751545739867234,4.919106040312988,3.0211098388849784,0.3333333333333333,0.3,0.36666666666666664,0.5630522984767832,0.37532541526331564,0
user_7933,2021-03-31 13:42:00,18,10,7,2,2,1,18,12,15,15,17,2,0,7.752170746878332,7.2686628063031575,6.670785250183086,0.3888888888888889,0.2857142857142857,0.5555555555555556,0.8222595447711382,0.20852542134299973,0
user_7934,2021-03-31 13:57:00,22,10,4,0,1,0,8,16,17,11,13,2,0,3.284987046373504,5.859423867422069,9.94413609732904,0.18181818181818182,0.0,0.45454545454545453,0.7550202962231,0.37890828172609725,0
user_7935,2021-03-31 14:12:00,18,5,9,1,2,1,19,14,10,8,5,2,0,0.970978812634906,1.1056343499881987,0.7717783798818133,0.5,0.1111111111111111,0.2777777777777778,0.3708949036348478,0.4980801303928488,0
user_7936,2021-03-31 14:27:00,21,16,2,0,1,0,12,7,11,19,18,2,0,0.6432471268329005,7.927609235292572,3.601940623140982,0.09523809523809523,0.0,0.7619047619047619,0.8223142715613893,0.7552984250897838,1
user_7937,2021-03-31 14:42:00,22,7,5,0,1,1,18,15,14,20,16,2,0,6.580129003820851,0.4996477536937016,1.103199356935915,0.22727272727272727,0.0,0.3181818181818182,0.7945802974986067,0.346359723773974,0
user_7938,2021-03-31 14:57:00,31,8,3,2,1,2,16,9,10,12,10,2,0,5.245318928973319,4.526435851992148,10.412638276212299,0.0967741935483871,0.6666666666666666,0.25806451612903225,0.5801326053050789,0.2492066426063831,0
user_7939,2021-03-31 15:12:00,21,12,3,1,1,0,12,17,20,17,14,2,0,7.272013722126068,3.0641944377596895,6.715059809800708,0.14285714285714285,0.3333333333333333,0.5714285714285714,0.16856511475178962,0.9357111033652279,0
user_7940,2021-03-31 15:27:00,26,8,7,0,5,1,12,18,11,10,11,2,0,1.2127154640345656,7.6293579962784905,11.845729444915797,0.2692307692307692,0.0,0.3076923076923077,0.48102020881637253,0.4367863277764338,0
user_7941,2021-03-31 15:42:00,25,8,7,0,3,1,7,6,15,12,12,2,0,0.814321243256503,0.40656207395201627,8.030236130735675,0.28,0.0,0.32,0.6138644471017575,0.9990539698565702,0
user_7942,2021-03-31 15:57:00,18,11,4,0,1,1,5,6,11,10,9,2,0,0.7951860228122194,7.0854342788771705,1.951170326941787,0.2222222222222222,0.0,0.6111111111111112,0.9572065748191501,0.2592823836350179,0
user_7943,2021-03-31 16:12:00,21,10,9,0,2,0,17,6,20,12,6,2,0,4.713494665174807,5.587625872908443,11.836912511826844,0.42857142857142855,0.0,0.47619047619047616,0.4169890903250405,0.39413387071691053,0
user_7944,2021-03-31 16:27:00,17,8,4,1,1,1,7,14,7,11,12,2,0,2.2094915185937944,5.562848938040109,2.1324181825096176,0.23529411764705882,0.25,0.47058823529411764,0.19176535863977773,0.6032323067439413,0
user_7945,2021-03-31 16:42:00,21,8,4,1,3,0,17,20,6,19,18,2,0,6.273850901964835,7.84157612671775,8.353239946330817,0.19047619047619047,0.25,0.38095238095238093,0.5686447888671393,0.12515292456730973,0
user_7946,2021-03-31 16:57:00,23,7,9,1,3,1,16,19,13,15,14,2,0,9.278227509496178,1.3632710126315217,9.153278853876992,0.391304347826087,0.1111111111111111,0.30434782608695654,0.5852713776414532,0.4029490809931632,0
user_7947,2021-03-31 17:12:00,22,10,3,0,2,0,19,20,16,18,20,2,0,8.997506688577404,2.1540578086207907,8.27356004135703,0.13636363636363635,0.0,0.45454545454545453,0.5546722491218079,0.9296840602993692,0
user_7948,2021-03-31 17:27:00,11,13,8,0,2,0,12,16,16,5,7,2,0,9.71881580222905,3.4541915675787522,11.623669308101876,0.7272727272727273,0.0,1.1818181818181819,0.7433421526801774,0.6877142428450469,0
user_7949,2021-03-31 17:42:00,19,21,5,0,2,0,19,13,13,13,7,2,0,6.914157188500311,1.9407695868789252,9.747127065335322,0.2631578947368421,0.0,1.105263157894737,0.1577100592419768,0.5477258442300954,0
user_7950,2021-03-31 17:57:00,19,10,4,1,2,1,15,7,14,19,20,2,0,3.051910660273331,5.961170913603714,0.8605655602982283,0.21052631578947367,0.25,0.5263157894736842,0.8847914052666238,0.5873720488501748,0
user_7951,2021-03-31 18:12:00,18,12,6,0,2,0,12,18,12,20,18,2,0,1.4949567633204741,0.6553359763958158,9.253798392403066,0.3333333333333333,0.0,0.6666666666666666,0.7691571397053913,0.1622401088742347,0
user_7952,2021-03-31 18:27:00,14,10,10,1,2,1,14,5,18,15,16,2,0,8.942855270594004,7.205427735413733,0.5072664237188901,0.7142857142857143,0.1,0.7142857142857143,0.30188996878126373,0.41186608876938824,0
user_7953,2021-03-31 18:42:00,22,18,4,0,3,0,6,16,18,12,6,2,0,2.709821673716268,4.75560921941094,4.318363342207383,0.18181818181818182,0.0,0.8181818181818182,0.5029169046012758,0.19775366404542796,0
user_7954,2021-03-31 18:57:00,23,10,7,3,3,0,17,15,12,15,15,2,0,9.970071477074152,0.7018858060698178,11.7630237287727,0.30434782608695654,0.42857142857142855,0.43478260869565216,0.3483336138271405,0.10453142004197072,0
user_7955,2021-03-31 19:12:00,21,11,6,0,3,0,18,12,12,11,8,2,0,5.743197253008434,1.1153501969418347,0.8337584250855004,0.2857142857142857,0.0,0.5238095238095238,0.1571662340905015,0.3157066970057486,1
user_7956,2021-03-31 19:27:00,23,8,11,2,1,1,8,12,5,15,16,2,0,9.231632659624179,2.26252405161284,6.171247379353965,0.4782608695652174,0.18181818181818182,0.34782608695652173,0.678617818476069,0.9481465344933904,0
user_7957,2021-03-31 19:42:00,25,13,6,0,2,1,8,15,16,17,14,2,0,2.810315611185948,3.327150498203027,8.217948834346636,0.24,0.0,0.52,0.1096128001422346,0.592930777753868,0
user_7958,2021-03-31 19:57:00,15,11,7,1,1,0,9,19,14,18,7,2,0,4.855523434814681,7.70247270817081,9.505509942019023,0.4666666666666667,0.14285714285714285,0.7333333333333333,0.8089635716538373,0.7958949257559567,0
user_7959,2021-03-31 20:12:00,13,9,6,1,3,0,11,16,20,12,5,2,0,6.958485506197714,7.049278077201203,7.381065104583423,0.46153846153846156,0.16666666666666666,0.6923076923076923,0.295429466580174,0.9994240222930793,0
user_7960,2021-03-31 20:27:00,19,12,3,0,3,0,13,12,13,8,7,2,0,1.36615984548479,3.91360354730457,3.9714516622304417,0.15789473684210525,0.0,0.631578947368421,0.4008187278159132,0.8889195103095345,0
user_7961,2021-03-31 20:42:00,20,12,5,2,1,2,13,8,13,7,17,2,0,2.685766896443758,5.892773775052006,11.14082295229484,0.25,0.4,0.6,0.8084031045946768,0.6223359177492187,0
user_7962,2021-03-31 20:57:00,15,13,8,2,1,0,5,18,5,20,14,2,0,6.668427342612747,2.5093735265066064,9.858670795424928,0.5333333333333333,0.25,0.8666666666666667,0.4366091375469562,0.20328927043186723,0
user_7963,2021-03-31 21:12:00,29,6,4,2,2,0,18,14,13,10,6,2,0,4.220207389570161,2.9730182251780435,9.287876401284493,0.13793103448275862,0.5,0.20689655172413793,0.6567033702806802,0.4966602889008488,0
user_7964,2021-03-31 21:27:00,18,9,4,2,4,1,8,12,20,9,11,2,0,1.3265702266610362,3.0751994483720373,7.101900992630704,0.2222222222222222,0.5,0.5,0.7702059408525062,0.18825630904750554,0
user_7965,2021-03-31 21:42:00,13,11,3,1,1,1,6,6,10,19,11,2,0,2.803577623173708,1.4616330427203843,1.4712972959855275,0.23076923076923078,0.3333333333333333,0.8461538461538461,0.6152870632948702,0.8121188529950176,0
user_7966,2021-03-31 21:57:00,19,14,5,0,3,0,15,15,17,9,8,2,0,9.065117950738902,5.2360905808794715,9.20926869869654,0.2631578947368421,0.0,0.7368421052631579,0.8142202854813336,0.28766298530106055,0
user_7967,2021-03-31 22:12:00,24,6,6,0,2,0,10,13,9,14,17,2,0,5.917917228232662,4.680145011724423,1.4351604576980685,0.25,0.0,0.25,0.5986350033545625,0.2011794600526089,0
user_7968,2021-03-31 22:27:00,18,7,7,2,1,0,6,10,5,5,20,2,0,3.6608709678408786,7.6643569531882685,10.140611673974504,0.3888888888888889,0.2857142857142857,0.3888888888888889,0.7699702620132833,0.3522267012253658,1
user_7969,2021-03-31 22:42:00,24,4,2,0,0,0,7,20,5,20,8,2,0,9.274337634761899,3.765512506222384,9.032395218296877,0.08333333333333333,0.0,0.16666666666666666,0.40941080015898645,0.9052219824338591,0
user_7970,2021-03-31 22:57:00,15,6,9,1,0,2,6,20,6,9,15,2,0,8.072754497203116,1.1761820234403355,4.943224760040411,0.6,0.1111111111111111,0.4,0.32308310336130946,0.19343651937388562,0
user_7971,2021-03-31 23:12:00,20,8,9,1,4,1,9,13,8,19,12,2,0,7.8782361643834635,4.489846347942831,6.788970871421397,0.45,0.1111111111111111,0.4,0.21713459047569322,0.16363435948289995,1
user_7972,2021-03-31 23:27:00,16,6,7,2,2,0,9,17,10,19,17,2,0,1.705635674557778,4.4016130793720105,5.160667500566629,0.4375,0.2857142857142857,0.375,0.9376304742236482,0.9295639429975603,0
user_7973,2021-03-31 23:42:00,15,9,6,1,0,1,13,16,17,11,5,2,0,8.639108781906923,3.453016735145793,8.734826752196547,0.4,0.16666666666666666,0.6,0.16887121040742825,0.34570429505901457,1
user_7974,2021-03-31 23:57:00,22,13,2,0,3,1,14,14,15,6,8,2,0,9.12439426271174,0.25245492281266857,2.3100435159088057,0.09090909090909091,0.0,0.5909090909090909,0.9245275948465725,0.2488917780834291,0
user_7975,2021-04-01 00:12:00,20,15,1,2,3,0,18,12,10,20,7,3,0,7.3945141043956575,3.892851753722261,11.975194642673001,0.05,2.0,0.75,0.5847066140795215,0.6754332243677912,0
user_7976,2021-04-01 00:27:00,21,15,11,0,0,1,20,9,11,7,19,3,0,6.606296874639854,6.8952179097827155,10.607500377177253,0.5238095238095238,0.0,0.7142857142857143,0.4119363553206262,0.40982474249818845,0
user_7977,2021-04-01 00:42:00,16,9,5,0,1,0,11,12,17,15,18,3,0,0.8094270731374688,6.284218406524967,5.410674966416369,0.3125,0.0,0.5625,0.4875703840581457,0.6783865234677375,0
user_7978,2021-04-01 00:57:00,20,5,4,1,0,0,18,15,8,10,20,3,0,2.6031351165350674,5.669578266814353,3.395070820047757,0.2,0.25,0.25,0.7295434473372326,0.13502639328959834,0
user_7979,2021-04-01 01:12:00,17,9,5,2,2,0,12,14,13,6,11,3,0,8.257020527502826,4.965169046626114,11.875166480495206,0.29411764705882354,0.4,0.5294117647058824,0.90222063916404,0.2193122627523097,0
user_7980,2021-04-01 01:27:00,16,14,5,0,2,1,11,6,9,5,8,3,0,4.16758853161953,1.9907207476232964,2.3325651581063456,0.3125,0.0,0.875,0.6801197783601451,0.55730522598177,1
user_7981,2021-04-01 01:42:00,19,9,4,2,0,1,18,6,6,5,11,3,0,3.7856104053506217,4.793739957717347,10.212117260211244,0.21052631578947367,0.5,0.47368421052631576,0.4842599523297515,0.28381798633095834,0
user_7982,2021-04-01 01:57:00,13,17,8,1,3,0,11,20,19,20,6,3,0,7.594097949842234,5.2567925397165824,8.707529016061423,0.6153846153846154,0.125,1.3076923076923077,0.34823509854621154,0.8712646276766463,0
user_7983,2021-04-01 02:12:00,22,9,4,1,3,1,14,9,6,14,9,3,0,3.0154452007527794,7.011028829800416,2.3107925954314537,0.18181818181818182,0.25,0.4090909090909091,0.6791669625267255,0.2735527353790552,0
user_7984,2021-04-01 02:27:00,26,9,4,0,2,0,18,20,17,13,12,3,0,2.1543669849172296,0.5213151644601316,10.532229897285848,0.15384615384615385,0.0,0.34615384615384615,0.30735272651413303,0.2757513747124075,0
user_7985,2021-04-01 02:42:00,15,6,5,1,4,2,19,12,20,5,19,3,0,9.890068312494593,0.4181013353216392,9.94994738744375,0.3333333333333333,0.2,0.4,0.8416409100156108,0.12034854850494528,0
user_7986,2021-04-01 02:57:00,19,7,2,1,3,0,13,15,5,19,18,3,0,3.0999165213899103,5.6669547172980606,8.071353283850348,0.10526315789473684,0.5,0.3684210526315789,0.1851223123145575,0.5794624474588146,0
user_7987,2021-04-01 03:12:00,18,12,2,1,5,3,5,11,6,18,18,3,0,1.98416185635262,6.3961397144986645,0.6478119920945046,0.1111111111111111,0.5,0.6666666666666666,0.4223993655553756,0.8478428753813408,0
user_7988,2021-04-01 03:27:00,17,12,3,2,0,0,9,9,15,8,6,3,0,5.395788505014247,0.6498522670405239,10.19106275083276,0.17647058823529413,0.6666666666666666,0.7058823529411765,0.7918521986240119,0.11840283441216731,0
user_7989,2021-04-01 03:42:00,14,11,6,0,3,2,13,15,13,8,15,3,0,3.1639072449259746,6.648899230308922,1.2628742561810782,0.42857142857142855,0.0,0.7857142857142857,0.7428707295367506,0.7978188785302904,0
user_7990,2021-04-01 03:57:00,20,19,3,0,1,1,6,11,9,18,14,3,0,9.255241869299484,3.4511253179702424,10.94764740258145,0.15,0.0,0.95,0.9023152423377521,0.9678028755686598,0
user_7991,2021-04-01 04:12:00,10,8,3,2,3,2,8,14,6,15,13,3,0,8.258541510658628,2.1223270966637475,11.349608049470477,0.3,0.6666666666666666,0.8,0.3112180478031997,0.8145744589728625,0
user_7992,2021-04-01 04:27:00,19,9,5,0,4,0,8,16,10,13,19,3,0,3.2116006788396843,6.017939663201854,7.998004400372679,0.2631578947368421,0.0,0.47368421052631576,0.16174109724604044,0.6634057755876738,0
user_7993,2021-04-01 04:42:00,19,13,2,2,2,1,17,16,20,5,9,3,0,8.20672953710716,1.1917403025783442,10.3548600124035,0.10526315789473684,1.0,0.6842105263157895,0.45325035070124664,0.8065499504649419,0
user_7994,2021-04-01 04:57:00,24,11,3,0,4,1,19,17,7,10,8,3,0,1.0158132973846468,5.514365485050775,0.6513941712325297,0.125,0.0,0.4583333333333333,0.7992546114293778,0.42632305570917195,0
user_7995,2021-04-01 05:12:00,22,9,7,2,2,0,9,9,19,14,9,3,0,6.1190344961476315,5.318417455741511,7.917443641031732,0.3181818181818182,0.2857142857142857,0.4090909090909091,0.7578828331863282,0.11103566754712034,0
user_7996,2021-04-01 05:27:00,18,15,9,2,2,1,18,20,15,12,10,3,0,4.0526228165266565,5.964000411550948,1.7365287527942104,0.5,0.2222222222222222,0.8333333333333334,0.20202428107471831,0.8920543253851686,0
user_7997,2021-04-01 05:42:00,13,9,8,1,3,2,15,16,18,20,5,3,0,0.2651891901755947,4.205566880472989,9.025861490777608,0.6153846153846154,0.125,0.6923076923076923,0.3616296736007155,0.3414923895410158,0
user_7998,2021-04-01 05:57:00,19,13,9,0,6,0,6,9,13,17,12,3,0,5.202398850396984,4.392107693502151,2.4450865799123385,0.47368421052631576,0.0,0.6842105263157895,0.9741016059661652,0.8927281725743664,0
user_7999,2021-04-01 06:12:00,25,8,6,2,1,0,14,9,5,5,6,3,0,4.378716028755832,1.5019030238714661,6.9101995476867675,0.24,0.3333333333333333,0.32,0.4317140957150495,0.4716897036006614,0
user_8000,2021-04-01 06:27:00,19,11,4,1,1,1,5,13,12,6,12,3,0,5.070125302858089,5.726112554793768,9.430412139992617,0.21052631578947367,0.25,0.5789473684210527,0.9744934308470529,0.3691316308818704,0
user_8001,2021-04-01 06:42:00,34,13,5,1,1,3,6,6,16,14,15,3,0,8.918471051374482,7.472348939834971,1.5062340315482223,0.14705882352941177,0.2,0.38235294117647056,0.5557446830368226,0.8460606009289167,0
user_8002,2021-04-01 06:57:00,22,8,8,1,5,3,6,16,13,18,8,3,0,8.520070834735112,5.412064758848197,0.908491681879088,0.36363636363636365,0.125,0.36363636363636365,0.4788039412637616,0.3602674780459397,0
user_8003,2021-04-01 07:12:00,23,6,13,2,2,0,12,18,13,9,17,3,0,4.8975263854561115,1.7098562329406806,7.811720183266445,0.5652173913043478,0.15384615384615385,0.2608695652173913,0.5346880240249434,0.33700520390530636,0
user_8004,2021-04-01 07:27:00,15,14,4,0,0,0,9,17,13,20,13,3,0,3.3662836208502958,3.5991668738051104,5.445166215269136,0.26666666666666666,0.0,0.9333333333333333,0.48023531966244937,0.5516769100019623,0
user_8005,2021-04-01 07:42:00,20,8,10,0,2,0,6,8,11,19,13,3,0,4.3995395486565085,2.2073313384146154,8.943816073399464,0.5,0.0,0.4,0.7245162538111639,0.5960380563063841,0
user_8006,2021-04-01 07:57:00,23,12,8,0,2,1,20,10,18,15,16,3,0,9.376850939358325,3.773733150485555,2.1108343843274042,0.34782608695652173,0.0,0.5217391304347826,0.9857489108587806,0.7027418707367389,0
user_8007,2021-04-01 08:12:00,14,11,6,3,1,1,17,15,18,18,19,3,0,8.616689680031984,5.008189001579092,3.6713290349796885,0.42857142857142855,0.5,0.7857142857142857,0.3084480967584733,0.7193059054002309,0
user_8008,2021-04-01 08:27:00,18,6,3,0,1,2,13,15,9,8,18,3,0,0.7646808985990268,7.394958058595467,3.819803098423986,0.16666666666666666,0.0,0.3333333333333333,0.2719853258207273,0.2646522089379439,0
user_8009,2021-04-01 08:42:00,28,13,9,3,1,0,19,11,17,17,20,3,0,5.906500180088216,6.009675479787936,6.632211438643801,0.32142857142857145,0.3333333333333333,0.4642857142857143,0.5618643804036668,0.670930837980049,1
user_8010,2021-04-01 08:57:00,19,9,4,2,3,0,13,15,13,20,14,3,0,8.23346663170292,0.9455302602117528,7.54964078674602,0.21052631578947367,0.5,0.47368421052631576,0.9446959073383223,0.4801732280379536,0
user_8011,2021-04-01 09:12:00,16,13,6,2,1,1,11,11,13,20,12,3,0,3.5454717719049333,0.31386445850494726,1.1244306891097877,0.375,0.3333333333333333,0.8125,0.46093935870755365,0.3326085005563855,0
user_8012,2021-04-01 09:27:00,15,9,3,1,1,1,15,11,8,15,16,3,0,9.091523673729128,6.364224323574722,6.6460038097089065,0.2,0.3333333333333333,0.6,0.48709950558060544,0.5837391588349773,0
user_8013,2021-04-01 09:42:00,13,7,6,0,0,0,16,11,14,18,6,3,0,2.273312690305833,5.811940943770544,3.4478899625988197,0.46153846153846156,0.0,0.5384615384615384,0.7327573979630339,0.5325524521494046,0
user_8014,2021-04-01 09:57:00,15,5,2,0,0,1,14,10,9,12,13,3,0,4.793630179685614,6.803380748158104,4.162004035518697,0.13333333333333333,0.0,0.3333333333333333,0.7938585235228987,0.8477867280199661,0
user_8015,2021-04-01 10:12:00,18,7,6,0,2,0,13,14,17,10,12,3,0,8.765060532248386,0.9502335334150217,3.2706873923461144,0.3333333333333333,0.0,0.3888888888888889,0.25600994971873536,0.8150129173831737,0
user_8016,2021-04-01 10:27:00,21,5,7,2,4,0,16,16,9,16,13,3,0,2.9294049327637803,5.915801540198112,1.0950139877573684,0.3333333333333333,0.2857142857142857,0.23809523809523808,0.3862119828329671,0.5414004065825698,0
user_8017,2021-04-01 10:42:00,20,8,3,1,3,1,14,9,17,15,7,3,0,4.21037118162695,4.824630895098077,2.688258561091025,0.15,0.3333333333333333,0.4,0.5823666639335187,0.5935579201172535,0
user_8018,2021-04-01 10:57:00,22,8,4,0,1,2,6,8,19,11,16,3,0,9.00078614040812,2.528107722654491,6.9455549662734875,0.18181818181818182,0.0,0.36363636363636365,0.3272729818348909,0.4829368935744176,0
user_8019,2021-04-01 11:12:00,14,4,5,0,3,0,14,11,6,7,9,3,0,5.535364414913294,6.951897857538365,0.7090703489103976,0.35714285714285715,0.0,0.2857142857142857,0.36134789938479595,0.5491918981240186,0
user_8020,2021-04-01 11:27:00,15,11,4,2,1,0,9,15,8,5,7,3,0,6.24801371240584,1.3609658448033415,6.06802312366452,0.26666666666666666,0.5,0.7333333333333333,0.3072119953052752,0.1076964960615614,0
user_8021,2021-04-01 11:42:00,23,11,5,0,3,0,13,14,18,6,9,3,0,4.606328838449434,6.792850681657205,2.3584967485711275,0.21739130434782608,0.0,0.4782608695652174,0.2932105780564971,0.3320108421509017,0
user_8022,2021-04-01 11:57:00,12,19,5,1,3,2,10,8,17,13,6,3,0,9.167978279948734,1.3590694232865177,1.146438027704181,0.4166666666666667,0.2,1.5833333333333333,0.49326294610203514,0.15835182137495743,0
user_8023,2021-04-01 12:12:00,16,6,8,2,0,2,10,19,7,5,19,3,0,8.543593317281864,6.145138286372238,6.592662682409111,0.5,0.25,0.375,0.34998008579667506,0.9104221036263881,0
user_8024,2021-04-01 12:27:00,16,13,8,3,4,0,13,9,11,9,13,3,0,4.81684531995313,6.118620973737284,9.662139687312875,0.5,0.375,0.8125,0.3918823269514181,0.6584574838316315,0
user_8025,2021-04-01 12:42:00,23,8,8,1,2,0,11,16,10,13,17,3,0,8.568465331542981,3.760138353399389,10.550858816691681,0.34782608695652173,0.125,0.34782608695652173,0.8740157577183202,0.8183313220858913,0
user_8026,2021-04-01 12:57:00,19,10,2,1,2,1,19,8,10,5,14,3,0,0.8891964844777953,2.534268522588598,10.489373512485008,0.10526315789473684,0.5,0.5263157894736842,0.58383027535611,0.8847136107739973,0
user_8027,2021-04-01 13:12:00,19,7,7,0,3,1,8,9,7,10,8,3,0,4.48305858626703,2.785865244896941,10.194750991231938,0.3684210526315789,0.0,0.3684210526315789,0.9535211863122534,0.5645291820077061,0
user_8028,2021-04-01 13:27:00,23,9,8,1,3,1,16,7,5,14,7,3,0,8.706297884816678,1.2340541851628417,8.967385457315784,0.34782608695652173,0.125,0.391304347826087,0.8586816270837527,0.9605734774209268,0
user_8029,2021-04-01 13:42:00,18,12,1,1,1,0,7,12,19,7,11,3,0,2.8305638480507946,5.721362785212483,1.0124570285880914,0.05555555555555555,1.0,0.6666666666666666,0.4980899430942808,0.6489196441814411,0
user_8030,2021-04-01 13:57:00,13,17,5,2,2,0,6,5,6,9,17,3,0,0.10179034889876892,4.3451663185223115,3.2339230868023123,0.38461538461538464,0.4,1.3076923076923077,0.32258786964371294,0.18877869527256158,0
user_8031,2021-04-01 14:12:00,22,9,9,0,3,0,10,7,17,8,7,3,0,4.223188357476435,0.7765948874683953,2.0632479891241036,0.4090909090909091,0.0,0.4090909090909091,0.6811377995527924,0.7546845156360993,0
user_8032,2021-04-01 14:27:00,19,10,4,1,1,0,20,11,7,9,17,3,0,4.9781415023322655,3.554331803021227,3.7743275976343,0.21052631578947367,0.25,0.5263157894736842,0.5545613525696512,0.8086248113978693,1
user_8033,2021-04-01 14:42:00,27,9,9,1,4,0,8,7,14,11,13,3,0,9.228968721711349,3.993448213955583,7.836267326911147,0.3333333333333333,0.1111111111111111,0.3333333333333333,0.9317920861746575,0.8610717836433284,0
user_8034,2021-04-01 14:57:00,26,7,6,1,3,0,16,17,17,18,6,3,0,3.3381519793817085,4.59028389637857,1.1253956674112113,0.23076923076923078,0.16666666666666666,0.2692307692307692,0.8429130554621579,0.7548364602950071,0
user_8035,2021-04-01 15:12:00,16,14,7,0,5,0,14,7,10,13,20,3,0,4.110014613423522,1.467921835017713,4.181378825396907,0.4375,0.0,0.875,0.5754516707558978,0.14481499756039812,0
user_8036,2021-04-01 15:27:00,15,11,6,2,2,1,19,12,14,17,15,3,0,2.3985746729111614,5.904715483923238,0.9937360379211488,0.4,0.3333333333333333,0.7333333333333333,0.3869576339166506,0.7522525089531148,0
user_8037,2021-04-01 15:42:00,18,8,4,1,1,0,10,17,17,16,5,3,0,7.248121473556617,3.8217589038570967,6.065339793507174,0.2222222222222222,0.25,0.4444444444444444,0.7975477206163262,0.5996264190783485,0
user_8038,2021-04-01 15:57:00,16,12,3,1,3,2,13,15,15,13,12,3,0,8.760261430459083,3.9622862300760624,2.5978959222459928,0.1875,0.3333333333333333,0.75,0.9856045322872564,0.1943646600303114,0
user_8039,2021-04-01 16:12:00,19,9,1,0,4,1,18,8,6,20,17,3,0,8.873622424523074,4.671268345884503,7.4245535726253875,0.05263157894736842,0.0,0.47368421052631576,0.6509674510518274,0.33320770309786607,0
user_8040,2021-04-01 16:27:00,20,13,8,1,3,0,17,17,12,20,15,3,0,0.7479953666642124,4.485862757114712,5.721616012814504,0.4,0.125,0.65,0.23103161251837004,0.7560148928509073,0
user_8041,2021-04-01 16:42:00,15,7,5,1,2,0,13,13,5,19,19,3,0,3.217904854324553,3.0902741412125216,10.312620425967786,0.3333333333333333,0.2,0.4666666666666667,0.37727242293473595,0.40786693596285595,0
user_8042,2021-04-01 16:57:00,23,12,8,1,1,0,20,12,15,9,14,3,0,0.8167798086836936,1.9229889650291172,5.398791602797816,0.34782608695652173,0.125,0.5217391304347826,0.6398194301236414,0.899213172524993,0
user_8043,2021-04-01 17:12:00,25,15,6,1,0,1,16,16,10,17,9,3,0,1.6014907569170784,5.930353631945791,1.6922940653438485,0.24,0.16666666666666666,0.6,0.6872343083448822,0.4267976697615028,0
user_8044,2021-04-01 17:27:00,20,6,7,1,1,1,16,17,12,5,12,3,0,3.8191870132492096,3.970538506085606,11.661666630515844,0.35,0.14285714285714285,0.3,0.7567847957782582,0.3312874443056373,0
user_8045,2021-04-01 17:42:00,27,9,5,2,4,0,5,18,10,12,14,3,0,0.5618966183932368,4.39345926986193,9.220312107773413,0.18518518518518517,0.4,0.3333333333333333,0.1746455829327101,0.1640513372598566,0
user_8046,2021-04-01 17:57:00,20,9,5,0,1,1,11,5,16,15,16,3,0,8.264239596871125,3.633073540222106,3.7152618830335817,0.25,0.0,0.45,0.3095356056977442,0.7058701387920026,1
user_8047,2021-04-01 18:12:00,17,10,9,1,2,0,14,5,20,10,17,3,0,8.945617791958616,3.0164128880328738,11.389693536113064,0.5294117647058824,0.1111111111111111,0.5882352941176471,0.23717863500751207,0.7003132789570724,0
user_8048,2021-04-01 18:27:00,21,7,8,0,1,0,12,11,5,17,15,3,0,9.282171508551535,6.890274995306351,5.9681282936461635,0.38095238095238093,0.0,0.3333333333333333,0.5447796280207864,0.9843843052954735,0
user_8049,2021-04-01 18:42:00,20,5,5,0,2,0,9,13,17,5,5,3,0,5.596797443294762,5.938621088646914,10.282531459508643,0.25,0.0,0.25,0.35065712082852474,0.21634614783425404,0
user_8050,2021-04-01 18:57:00,19,7,8,1,2,0,8,7,10,11,6,3,0,1.8661428857583984,7.2926740066291655,6.770521196733068,0.42105263157894735,0.125,0.3684210526315789,0.7908785075083818,0.16051097625050398,0
user_8051,2021-04-01 19:12:00,22,10,8,1,0,0,14,6,11,10,17,3,0,4.353763287519731,2.1693510210907263,2.963497535903727,0.36363636363636365,0.125,0.45454545454545453,0.4611756638936333,0.3945901963305516,0
user_8052,2021-04-01 19:27:00,23,7,4,0,2,0,14,12,17,15,10,3,0,2.362248754460875,3.6526002057621576,5.980516612137067,0.17391304347826086,0.0,0.30434782608695654,0.8979807345117068,0.19272346566749898,0
user_8053,2021-04-01 19:42:00,18,11,6,1,1,1,17,10,9,7,7,3,0,2.330726283478472,2.7089405659017483,2.2647400338366417,0.3333333333333333,0.16666666666666666,0.6111111111111112,0.7126125347917143,0.6376073919839426,0
user_8054,2021-04-01 19:57:00,11,12,10,2,4,1,17,12,9,12,15,3,0,4.174828611781009,3.6959693426140547,9.608841229086606,0.9090909090909091,0.2,1.0909090909090908,0.671612312276459,0.7245564332839958,0
user_8055,2021-04-01 20:12:00,15,15,8,2,5,1,19,6,17,9,20,3,0,2.0069239161496437,1.4737203600197368,10.8838730696528,0.5333333333333333,0.25,1.0,0.5886609758863749,0.5270833434861449,1
user_8056,2021-04-01 20:27:00,26,13,4,1,0,1,19,9,7,10,17,3,0,1.202657865257113,0.7289004141653816,2.259116770865382,0.15384615384615385,0.25,0.5,0.8283283566370204,0.8558059217313193,1
user_8057,2021-04-01 20:42:00,16,14,6,0,2,0,17,12,9,7,6,3,0,7.879078163051901,2.0888163597908895,1.983488628630434,0.375,0.0,0.875,0.8860464187687165,0.2938490562685698,0
user_8058,2021-04-01 20:57:00,20,7,3,2,1,0,5,18,10,16,20,3,0,5.184625990368763,2.8882409953874926,5.2428637084369605,0.15,0.6666666666666666,0.35,0.9842628903080617,0.6780376836981753,0
user_8059,2021-04-01 21:12:00,18,12,7,1,2,0,14,8,18,6,8,3,0,0.4637989842976191,3.882903330432012,2.8988646111283427,0.3888888888888889,0.14285714285714285,0.6666666666666666,0.48939800550582835,0.7679270373169133,0
user_8060,2021-04-01 21:27:00,34,7,3,0,3,2,15,9,16,8,11,3,0,4.858241609854765,1.9612135851923864,0.55090710121536,0.08823529411764706,0.0,0.20588235294117646,0.564634857696805,0.11203627527678059,0
user_8061,2021-04-01 21:42:00,27,10,7,2,0,0,14,14,12,14,14,3,0,3.135174505723562,2.3118957722265088,8.140689228724495,0.25925925925925924,0.2857142857142857,0.37037037037037035,0.12203586120703266,0.9688484130641678,0
user_8062,2021-04-01 21:57:00,24,15,5,1,2,1,15,5,19,16,12,3,0,7.079551910802536,6.259027674122459,2.8950594600495716,0.20833333333333334,0.2,0.625,0.45581662421017166,0.9446008619928667,0
user_8063,2021-04-01 22:12:00,25,10,6,2,3,0,15,7,20,7,8,3,0,1.370264806559278,1.8003686632350713,7.787157790062524,0.24,0.3333333333333333,0.4,0.9319531490283064,0.882937382045914,0
user_8064,2021-04-01 22:27:00,28,11,3,2,2,0,15,5,12,14,17,3,0,1.196059475129891,3.7010885249757437,5.9826988572777715,0.10714285714285714,0.6666666666666666,0.39285714285714285,0.931005228695675,0.8029767047540566,0
user_8065,2021-04-01 22:42:00,17,5,2,1,1,1,9,9,16,13,9,3,0,0.571140460896602,2.1693488293239334,5.448871757885209,0.11764705882352941,0.5,0.29411764705882354,0.16852707525434346,0.9896747967170274,0
user_8066,2021-04-01 22:57:00,20,11,2,0,3,0,9,17,7,18,7,3,0,1.027949005343589,3.8216294455982704,11.542510206265677,0.1,0.0,0.55,0.7953585717210999,0.2607708631162857,0
user_8067,2021-04-01 23:12:00,17,7,5,1,1,1,10,12,5,20,9,3,0,8.186229493275922,5.866030144338351,9.69367641001893,0.29411764705882354,0.2,0.4117647058823529,0.739211861034023,0.5406436194363995,0
user_8068,2021-04-01 23:27:00,18,8,7,1,3,0,10,9,17,18,13,3,0,6.983752066686506,5.82175472262924,2.874191696627939,0.3888888888888889,0.14285714285714285,0.4444444444444444,0.7300109317644267,0.42884731351500427,0
user_8069,2021-04-01 23:42:00,25,8,2,1,2,1,12,16,18,17,5,3,0,8.665377581327048,1.2293872430953112,0.9050768067048485,0.08,0.5,0.32,0.931050686326219,0.8429324313884047,0
user_8070,2021-04-01 23:57:00,16,9,6,0,2,1,9,10,11,18,17,3,0,1.170231026263966,3.064992232494868,10.582611014543449,0.375,0.0,0.5625,0.9800186298773891,0.23911163565903798,0
user_8071,2021-04-02 00:12:00,17,6,6,1,2,1,17,10,7,15,17,4,0,3.7901749273596415,3.321387837566361,4.5068547552109095,0.35294117647058826,0.16666666666666666,0.35294117647058826,0.2340146892645641,0.8393628589648007,0
user_8072,2021-04-02 00:27:00,25,5,9,1,3,0,15,14,14,14,15,4,0,4.71549407335252,6.611152822669666,1.7839628881553982,0.36,0.1111111111111111,0.2,0.5574631227874314,0.44519538697933847,1
user_8073,2021-04-02 00:42:00,17,9,7,1,1,0,10,12,10,8,20,4,0,5.89413686730186,3.5694768252380755,1.086824938468582,0.4117647058823529,0.14285714285714285,0.5294117647058824,0.4534887918702998,0.3386851756552722,0
user_8074,2021-04-02 00:57:00,16,10,7,0,1,2,13,20,11,6,5,4,0,4.4815892278528935,3.263491596321002,0.6811152923536894,0.4375,0.0,0.625,0.7279113326474628,0.860929163602375,1
user_8075,2021-04-02 01:12:00,24,12,9,1,2,1,15,5,14,14,7,4,0,1.5827397373784005,3.8417923226817967,11.230612411821742,0.375,0.1111111111111111,0.5,0.6543047106138158,0.7301983103459837,0
user_8076,2021-04-02 01:27:00,28,9,6,0,1,0,13,11,5,19,11,4,0,7.135342147592424,2.177354388959901,1.6919091937121309,0.21428571428571427,0.0,0.32142857142857145,0.5056551303071763,0.6002147965371882,0
user_8077,2021-04-02 01:42:00,16,8,11,2,4,2,12,20,15,12,11,4,0,1.29719350776556,1.7316978045635456,10.548193364098116,0.6875,0.18181818181818182,0.5,0.762698787323329,0.628088388731215,0
user_8078,2021-04-02 01:57:00,20,7,3,1,3,0,18,10,19,17,9,4,0,0.5135198096490602,6.884251064734594,2.6176438044069266,0.15,0.3333333333333333,0.35,0.3486024471130721,0.2571507608216643,1
user_8079,2021-04-02 02:12:00,18,9,6,0,3,1,15,9,11,5,8,4,0,2.1665397074422534,3.120789532239806,7.816916601142133,0.3333333333333333,0.0,0.5,0.9998057959750644,0.7432036097800743,0
user_8080,2021-04-02 02:27:00,18,14,6,0,1,2,20,18,17,12,6,4,0,3.1024589090597723,6.635015089305939,8.783057318661712,0.3333333333333333,0.0,0.7777777777777778,0.9700559744375219,0.9391601206137422,0
user_8081,2021-04-02 02:42:00,22,12,9,0,0,0,9,5,18,12,5,4,0,3.8304609201304545,5.7692961577041935,2.1766271903511982,0.4090909090909091,0.0,0.5454545454545454,0.7173084400205576,0.312756256298416,0
user_8082,2021-04-02 02:57:00,16,7,9,0,4,0,20,10,5,13,19,4,0,7.706966401803462,2.2241314910381385,7.768239584715077,0.5625,0.0,0.4375,0.36525972955436714,0.934951935741483,0
user_8083,2021-04-02 03:12:00,15,8,4,2,1,1,12,20,20,9,17,4,0,0.17525683400179376,7.68510583456654,7.8620580361157435,0.26666666666666666,0.5,0.5333333333333333,0.6807554129751701,0.46565028178089296,0
user_8084,2021-04-02 03:27:00,23,10,5,0,5,0,17,13,19,5,14,4,0,7.947042341428273,1.3228012102634719,2.2470244090247076,0.21739130434782608,0.0,0.43478260869565216,0.5477219738654474,0.16780540006716546,0
user_8085,2021-04-02 03:42:00,19,13,4,0,0,0,16,19,11,5,11,4,0,7.639119730979663,1.6694648069736435,9.725795299152047,0.21052631578947367,0.0,0.6842105263157895,0.4431337502492184,0.7443900635942192,0
user_8086,2021-04-02 03:57:00,29,9,6,1,1,1,11,11,20,10,5,4,0,1.215444864643515,6.566328984323717,11.466923730676328,0.20689655172413793,0.16666666666666666,0.3103448275862069,0.1153698950603746,0.9366281460668603,0
user_8087,2021-04-02 04:12:00,17,6,7,1,2,1,8,17,11,17,7,4,0,8.407012105822323,5.627182535721364,2.688851257644128,0.4117647058823529,0.14285714285714285,0.35294117647058826,0.1250117526333858,0.22704856374366594,0
user_8088,2021-04-02 04:27:00,15,8,5,1,0,1,9,13,18,5,13,4,0,2.18660580290554,1.142741663118095,5.93725634431901,0.3333333333333333,0.2,0.5333333333333333,0.6509973878354913,0.4555403494610262,0
user_8089,2021-04-02 04:42:00,23,8,6,1,3,0,9,15,11,20,15,4,0,7.252332281567842,2.560005550286851,0.7723715318472086,0.2608695652173913,0.16666666666666666,0.34782608695652173,0.4581239379129409,0.2306100235069952,1
user_8090,2021-04-02 04:57:00,19,14,5,1,0,1,5,5,12,9,15,4,0,5.505390596115854,7.315284778215973,10.046963957925154,0.2631578947368421,0.2,0.7368421052631579,0.45247318156546257,0.34167287598339513,0
user_8091,2021-04-02 05:12:00,23,11,1,1,2,0,11,12,18,19,9,4,0,3.5240584600947553,6.311200200381507,3.4337491038872567,0.043478260869565216,1.0,0.4782608695652174,0.404411247863277,0.18086914555675426,0
user_8092,2021-04-02 05:27:00,17,19,6,2,3,0,11,15,10,5,19,4,0,7.4388460036560895,6.0915006540381,0.5648055437427457,0.35294117647058826,0.3333333333333333,1.1176470588235294,0.46557855899115175,0.6714566542896422,0
user_8093,2021-04-02 05:42:00,20,12,6,0,3,1,20,15,14,9,12,4,0,6.970535752737037,5.6005683617017805,8.20487628657877,0.3,0.0,0.6,0.32258710945931823,0.7619311457982053,0
user_8094,2021-04-02 05:57:00,10,16,5,1,1,1,20,8,12,20,6,4,0,9.593195839843524,4.328152369760264,8.43317479581479,0.5,0.2,1.6,0.5827475158173726,0.56724011830632,0
user_8095,2021-04-02 06:12:00,15,11,6,0,3,0,8,20,12,12,8,4,0,9.269043047688347,4.489752181363106,1.2112813916256977,0.4,0.0,0.7333333333333333,0.4849894587571929,0.19853779696773288,0
user_8096,2021-04-02 06:27:00,12,9,5,1,1,0,7,9,9,11,7,4,0,2.469306885149186,1.4204045600392843,3.00901238382319,0.4166666666666667,0.2,0.75,0.5216845741686947,0.3915311309673615,0
user_8097,2021-04-02 06:42:00,26,8,7,0,3,1,14,16,20,6,15,4,0,1.231815929801241,7.522393535364044,1.1735731829576759,0.2692307692307692,0.0,0.3076923076923077,0.44821451634525333,0.5111044561447884,0
user_8098,2021-04-02 06:57:00,26,11,6,0,2,1,8,5,14,5,16,4,0,5.178257746206395,0.6542733294238118,11.344924857861729,0.23076923076923078,0.0,0.4230769230769231,0.4966934630205998,0.8098426190402288,0
user_8099,2021-04-02 07:12:00,25,9,3,0,3,1,14,12,18,16,19,4,0,6.27425024944517,3.6610491317467386,2.470075587426667,0.12,0.0,0.36,0.3032702154504082,0.20313420987402456,0
user_8100,2021-04-02 07:27:00,24,9,3,2,2,1,10,17,15,11,13,4,0,7.813947672490726,2.3827236818070605,11.152005823464565,0.125,0.6666666666666666,0.375,0.753173098965065,0.7975907175821225,0
user_8101,2021-04-02 07:42:00,21,11,0,0,2,0,14,5,8,16,18,4,0,1.5779043456623782,5.517192898235598,4.542772363230052,0.0,0.0,0.5238095238095238,0.21287603146247458,0.714140161470771,0
user_8102,2021-04-02 07:57:00,19,7,4,1,1,0,8,16,17,7,9,4,0,2.478637728024042,6.29251797819286,9.928334001628519,0.21052631578947367,0.25,0.3684210526315789,0.7661991630716151,0.10574045253311143,0
user_8103,2021-04-02 08:12:00,16,15,9,2,2,1,5,18,19,9,5,4,0,1.8680452813358686,0.5045927015877786,3.2456469852676952,0.5625,0.2222222222222222,0.9375,0.733113049311797,0.15004959722378847,0
user_8104,2021-04-02 08:27:00,28,14,5,0,2,0,5,18,8,10,16,4,0,0.5013852602951034,4.816727832806554,9.007925271996648,0.17857142857142858,0.0,0.5,0.997741899380495,0.9844156803212614,0
user_8105,2021-04-02 08:42:00,18,11,7,0,1,1,17,20,11,10,12,4,0,6.516109080477023,6.509555494520502,2.8456403358931914,0.3888888888888889,0.0,0.6111111111111112,0.7792690214716099,0.6478373851695255,0
user_8106,2021-04-02 08:57:00,23,13,8,2,4,1,13,15,15,7,8,4,0,3.338406702441704,3.782344814303525,9.455002347321447,0.34782608695652173,0.25,0.5652173913043478,0.5044794307319451,0.1658458446300583,1
user_8107,2021-04-02 09:12:00,19,13,8,0,3,0,18,13,13,19,6,4,0,6.513781636698317,7.776064728461529,4.067884637211241,0.42105263157894735,0.0,0.6842105263157895,0.6962371119842347,0.7376181403124862,0
user_8108,2021-04-02 09:27:00,29,9,8,2,4,0,19,17,9,10,19,4,0,1.5516641797072643,7.787535587727421,4.789901804154465,0.27586206896551724,0.25,0.3103448275862069,0.46907245451912905,0.6412732657620287,0
user_8109,2021-04-02 09:42:00,21,12,3,0,3,1,7,5,20,17,7,4,0,8.859416087584316,7.9423832406256825,8.187839676176411,0.14285714285714285,0.0,0.5714285714285714,0.36936226335385824,0.91506540725461,0
user_8110,2021-04-02 09:57:00,22,7,1,0,4,1,17,8,18,14,14,4,0,4.900964474923966,5.421467563098056,0.9879289374460716,0.045454545454545456,0.0,0.3181818181818182,0.34615659983993385,0.5801996095645812,0
user_8111,2021-04-02 10:12:00,20,7,6,0,2,0,16,12,11,8,15,4,0,7.87402327630628,5.473617294973817,0.7760252378745309,0.3,0.0,0.35,0.7481824378039041,0.3397248044934068,0
user_8112,2021-04-02 10:27:00,19,9,12,2,0,0,6,10,18,18,19,4,0,5.318314979628453,6.703411814113824,8.620288325739832,0.631578947368421,0.16666666666666666,0.47368421052631576,0.47892394996413845,0.521675980154681,0
user_8113,2021-04-02 10:42:00,36,13,7,1,1,1,9,18,15,5,6,4,0,6.965217348145709,5.753457244099476,10.044155771297081,0.19444444444444445,0.14285714285714285,0.3611111111111111,0.3883201395830952,0.39773580285371946,0
user_8114,2021-04-02 10:57:00,23,5,7,0,2,1,6,15,5,13,15,4,0,1.20758390725339,3.465050791937716,11.311080391739909,0.30434782608695654,0.0,0.21739130434782608,0.21433906919421503,0.7618210312269064,0
user_8115,2021-04-02 11:12:00,23,2,8,0,1,0,7,19,8,16,5,4,0,4.631559453995547,4.026675332160051,10.767518102315963,0.34782608695652173,0.0,0.08695652173913043,0.6482958294156066,0.5843889512707878,0
user_8116,2021-04-02 11:27:00,16,12,2,0,4,1,10,16,6,8,8,4,0,2.5004817749289705,5.060741747124564,10.347694666844593,0.125,0.0,0.75,0.649500805583309,0.8018737990684432,0
user_8117,2021-04-02 11:42:00,26,15,8,2,1,2,15,6,17,10,9,4,0,6.909527576478027,6.400911775539117,5.723053322034925,0.3076923076923077,0.25,0.5769230769230769,0.8478181846520257,0.5945236263145133,0
user_8118,2021-04-02 11:57:00,19,13,5,0,2,1,15,18,9,10,5,4,0,6.835767194675552,2.10033901666405,10.090869138178968,0.2631578947368421,0.0,0.6842105263157895,0.46750881790909715,0.882892525084506,0
user_8119,2021-04-02 12:12:00,18,13,3,2,2,1,13,5,16,18,17,4,0,1.1664005143913165,6.102963003204333,6.6699257490762305,0.16666666666666666,0.6666666666666666,0.7222222222222222,0.2292640142371262,0.3090034188437727,0
user_8120,2021-04-02 12:27:00,17,10,2,1,1,1,18,20,8,5,15,4,0,6.092030419845101,4.785209377327412,5.39529741312476,0.11764705882352941,0.5,0.5882352941176471,0.4494506001653673,0.9351243467963625,0
user_8121,2021-04-02 12:42:00,17,8,6,1,0,1,13,9,6,10,20,4,0,4.023885538396716,5.001285449141242,0.9688854269139799,0.35294117647058826,0.16666666666666666,0.47058823529411764,0.1938055226948826,0.7282665929318688,0
user_8122,2021-04-02 12:57:00,17,9,9,1,2,0,12,6,8,11,15,4,0,4.173702405998436,7.385734189272079,7.469431569091555,0.5294117647058824,0.1111111111111111,0.5294117647058824,0.8491630490224253,0.2723390412773943,0
user_8123,2021-04-02 13:12:00,15,6,7,1,4,0,20,5,11,9,19,4,0,2.282707706466012,6.906881495468308,11.974502807922926,0.4666666666666667,0.14285714285714285,0.4,0.6363999174459818,0.1377508103128934,0
user_8124,2021-04-02 13:27:00,17,9,4,1,2,0,10,12,14,11,18,4,0,1.9249648794711998,5.41114429277319,2.3999040899099273,0.23529411764705882,0.25,0.5294117647058824,0.8093232878487877,0.6083743248984002,1
user_8125,2021-04-02 13:42:00,23,11,6,1,2,0,5,14,5,6,20,4,0,7.875101936111102,6.172478561750051,11.797801104773015,0.2608695652173913,0.16666666666666666,0.4782608695652174,0.3726234680922791,0.45417996779431014,0
user_8126,2021-04-02 13:57:00,27,8,9,1,1,0,10,12,18,17,16,4,0,7.065047309035706,6.911771155151151,6.9737219720699555,0.3333333333333333,0.1111111111111111,0.2962962962962963,0.9176728466562608,0.9042684769318752,0
user_8127,2021-04-02 14:12:00,27,15,5,1,3,0,10,14,12,12,18,4,0,6.070449731389936,1.6924976581650244,4.67402680367757,0.18518518518518517,0.2,0.5555555555555556,0.9827471326222268,0.3142159574704728,0
user_8128,2021-04-02 14:27:00,23,10,8,2,1,1,6,15,16,13,11,4,0,9.322642077478816,5.934826571757233,1.775771803909139,0.34782608695652173,0.25,0.43478260869565216,0.19077917643275322,0.6101579931879411,0
user_8129,2021-04-02 14:42:00,16,8,6,2,1,1,11,18,19,15,17,4,0,6.353258772080866,1.5994974031019111,8.01204625314618,0.375,0.3333333333333333,0.5,0.46138486270102097,0.9354585731065953,0
user_8130,2021-04-02 14:57:00,21,15,5,0,2,0,15,18,12,14,9,4,0,7.047977633277597,4.084074140726962,1.0340593268572948,0.23809523809523808,0.0,0.7142857142857143,0.7172590389327594,0.6788128787435409,0
user_8131,2021-04-02 15:12:00,20,6,8,1,2,0,11,16,17,14,20,4,0,8.79248123119826,5.8216405382611764,3.881473073408202,0.4,0.125,0.3,0.2230475076047521,0.93484515927079,0
user_8132,2021-04-02 15:27:00,20,12,6,2,1,0,20,18,18,15,19,4,0,7.7916325400218645,7.669150295508951,9.440854516803807,0.3,0.3333333333333333,0.6,0.9661066440844613,0.9400128688371903,0
user_8133,2021-04-02 15:42:00,28,7,6,1,1,0,8,13,9,7,12,4,0,7.158193338817834,6.107593906362982,9.041997411431618,0.21428571428571427,0.16666666666666666,0.25,0.8481897010282141,0.2636202831723349,0
user_8134,2021-04-02 15:57:00,28,14,2,3,0,1,14,19,11,15,17,4,0,0.41928985692882115,3.6494794957352754,11.487385447878191,0.07142857142857142,1.5,0.5,0.7447120828499435,0.5182933204440714,0
user_8135,2021-04-02 16:12:00,9,11,4,1,3,1,20,7,20,19,17,4,0,1.2075012242359866,5.849696416905256,1.3387829135412403,0.4444444444444444,0.25,1.2222222222222223,0.2194904746339133,0.20011280172023868,0
user_8136,2021-04-02 16:27:00,22,11,6,3,2,0,19,15,9,6,18,4,0,6.213889665994104,4.926940726015999,5.419601580893152,0.2727272727272727,0.5,0.5,0.5587009816471431,0.6741712681340288,1
user_8137,2021-04-02 16:42:00,24,5,5,1,3,1,16,9,8,9,20,4,0,1.595981728229785,0.7346252106166206,2.4962607485079733,0.20833333333333334,0.2,0.20833333333333334,0.7256212868973034,0.8540100384150954,0
user_8138,2021-04-02 16:57:00,16,10,5,0,3,1,16,14,13,20,19,4,0,6.607966281696574,3.2777021130575354,9.165659102648403,0.3125,0.0,0.625,0.17515637717120813,0.6063886857858398,0
user_8139,2021-04-02 17:12:00,29,8,2,1,1,0,19,5,11,9,8,4,0,1.648169510248425,6.22312957873637,9.705983089648647,0.06896551724137931,0.5,0.27586206896551724,0.5156725240822467,0.35560032210658277,0
user_8140,2021-04-02 17:27:00,23,5,7,2,3,1,14,20,7,9,17,4,0,0.3708383318882196,4.790922609024353,7.363967051987076,0.30434782608695654,0.2857142857142857,0.21739130434782608,0.482524924478583,0.5307783632578092,0
user_8141,2021-04-02 17:42:00,11,11,5,1,2,1,15,14,5,15,13,4,0,9.222872259561914,7.908512148263362,3.6963023277454297,0.45454545454545453,0.2,1.0,0.9330552304093253,0.46935902807547625,0
user_8142,2021-04-02 17:57:00,16,14,6,1,2,0,7,15,9,19,9,4,0,0.9552482139114438,0.2644804144812471,0.973733230735944,0.375,0.16666666666666666,0.875,0.4294003506961981,0.4728092422415642,0
user_8143,2021-04-02 18:12:00,17,8,4,0,3,0,16,9,15,10,9,4,0,3.118744342537281,1.0003628648030936,8.843186909778082,0.23529411764705882,0.0,0.47058823529411764,0.5750227786914744,0.5881503271883206,0
user_8144,2021-04-02 18:27:00,22,14,5,0,1,1,6,16,20,15,9,4,0,5.262391782797471,1.8780530823311454,7.295953641648155,0.22727272727272727,0.0,0.6363636363636364,0.3486150717860055,0.8262981464873954,0
user_8145,2021-04-02 18:42:00,20,8,3,1,2,1,6,6,18,12,19,4,0,2.70774162196127,1.3338546138576508,11.762406878546498,0.15,0.3333333333333333,0.4,0.42925922209078504,0.5964664237335137,1
user_8146,2021-04-02 18:57:00,23,8,5,0,1,1,17,7,16,11,9,4,0,2.2311045080315632,0.9478850984612291,4.737795930836446,0.21739130434782608,0.0,0.34782608695652173,0.35072097071900266,0.7390892844251611,0
user_8147,2021-04-02 19:12:00,32,10,8,0,2,0,8,15,18,18,9,4,0,3.8139260785347777,2.3029462581362266,4.3714820910249585,0.25,0.0,0.3125,0.6155440916333291,0.7142311272139054,1
user_8148,2021-04-02 19:27:00,15,12,3,0,3,1,9,13,17,5,20,4,0,7.142070489050495,1.6546202247113022,7.462065274984531,0.2,0.0,0.8,0.4801126331528185,0.7035801171424045,0
user_8149,2021-04-02 19:42:00,23,11,11,1,1,1,6,19,12,18,18,4,0,2.5181152970873755,0.7886647990411723,2.984644195646297,0.4782608695652174,0.09090909090909091,0.4782608695652174,0.9341752938969852,0.6354778182375866,0
user_8150,2021-04-02 19:57:00,27,14,6,2,2,0,10,15,9,6,7,4,0,5.185446141249615,6.850013859075785,7.230814372801731,0.2222222222222222,0.3333333333333333,0.5185185185185185,0.2662648740960478,0.7416769313443794,0
user_8151,2021-04-02 20:12:00,25,12,12,0,1,0,15,11,19,14,9,4,0,2.907664531518937,2.11277157235106,1.3809515787816076,0.48,0.0,0.48,0.14490425293675008,0.7625721354823841,0
user_8152,2021-04-02 20:27:00,24,4,5,0,1,2,12,18,13,6,9,4,0,6.412108254286406,4.226852799886802,1.452867077805731,0.20833333333333334,0.0,0.16666666666666666,0.6292307528706835,0.5468071829109311,0
user_8153,2021-04-02 20:42:00,24,5,4,1,4,0,12,13,18,16,7,4,0,6.484852807817017,3.8239199639584505,5.797293330712513,0.16666666666666666,0.25,0.20833333333333334,0.3942839790175857,0.3396608942843019,0
user_8154,2021-04-02 20:57:00,23,5,8,3,0,0,18,8,9,6,10,4,0,5.760277392870024,3.3080785961241768,4.596593803615366,0.34782608695652173,0.375,0.21739130434782608,0.1451376873123282,0.298410674731829,1
user_8155,2021-04-02 21:12:00,26,11,5,1,2,0,20,10,14,8,17,4,0,9.386996825430979,6.795829356310611,11.8372760836121,0.19230769230769232,0.2,0.4230769230769231,0.495054300827645,0.7246122308529378,1
user_8156,2021-04-02 21:27:00,17,12,7,0,2,0,12,19,5,12,7,4,0,3.7135159167595004,3.0090510244998674,0.799053606768372,0.4117647058823529,0.0,0.7058823529411765,0.8334272629411452,0.846032487279192,0
user_8157,2021-04-02 21:42:00,23,8,14,0,2,0,11,16,5,12,10,4,0,5.847522441694962,7.968754171945325,10.542972873156549,0.6086956521739131,0.0,0.34782608695652173,0.7166031091494072,0.2582574103857528,0
user_8158,2021-04-02 21:57:00,19,8,12,0,3,1,16,17,6,19,18,4,0,6.6109546118623,2.6538260489714127,0.8534377841646272,0.631578947368421,0.0,0.42105263157894735,0.9636385248307717,0.2070353434635397,0
user_8159,2021-04-02 22:12:00,22,12,9,0,3,1,6,10,15,18,9,4,0,2.84618482540753,6.1512609974518755,8.505018910154797,0.4090909090909091,0.0,0.5454545454545454,0.7518236523810318,0.4837855035598452,0
user_8160,2021-04-02 22:27:00,21,11,6,0,2,0,18,20,17,11,10,4,0,9.560880492383678,6.656691481715297,9.5360926020765,0.2857142857142857,0.0,0.5238095238095238,0.13211533712570833,0.17111794943805156,0
user_8161,2021-04-02 22:42:00,24,5,7,0,2,1,9,12,14,6,8,4,0,3.0339451076315807,2.8797302649942975,5.1645048613106574,0.2916666666666667,0.0,0.20833333333333334,0.9552264190780639,0.1645635914392049,0
user_8162,2021-04-02 22:57:00,15,7,6,0,0,2,14,10,17,13,6,4,0,3.211415592139819,0.20834827282871834,8.25607109893038,0.4,0.0,0.4666666666666667,0.7263923464218723,0.3635263053632365,1
user_8163,2021-04-02 23:12:00,17,11,1,0,4,1,8,18,5,12,12,4,0,8.166063455377666,6.466273674504037,11.870427551365532,0.058823529411764705,0.0,0.6470588235294118,0.7226309903672211,0.3346049606780844,0
user_8164,2021-04-02 23:27:00,28,6,7,1,2,1,18,20,7,20,18,4,0,0.42750370591037967,0.5327509341453192,1.0243826091993964,0.25,0.14285714285714285,0.21428571428571427,0.13100297265669916,0.7111731794973172,0
user_8165,2021-04-02 23:42:00,24,15,5,1,3,0,6,18,15,10,5,4,0,8.931598860865293,1.6611634024180415,2.408858412300562,0.20833333333333334,0.2,0.625,0.3883014423734895,0.48788719970485894,0
user_8166,2021-04-02 23:57:00,28,4,3,0,1,0,14,6,10,8,13,4,0,5.690772079371365,4.6078030553364435,8.142364603880587,0.10714285714285714,0.0,0.14285714285714285,0.7084952786676768,0.9178856489951721,0
user_8167,2021-04-03 00:12:00,16,7,8,0,4,0,8,10,16,11,6,5,1,7.277464088168893,6.407544887128024,6.616762499017582,0.5,0.0,0.4375,0.7002434509838925,0.4282375883539269,0
user_8168,2021-04-03 00:27:00,24,5,4,1,3,0,16,14,18,9,10,5,1,6.14250670039037,0.40178687077913744,2.3609895552878473,0.16666666666666666,0.25,0.20833333333333334,0.4162246452851479,0.5960580826741102,0
user_8169,2021-04-03 00:42:00,14,8,5,1,2,2,14,6,9,20,11,5,1,1.9763546818676938,2.4063037432335186,3.086597100381261,0.35714285714285715,0.2,0.5714285714285714,0.13423064542817945,0.8069626274759241,0
user_8170,2021-04-03 00:57:00,12,11,7,0,1,0,15,11,6,6,5,5,1,2.456042345991879,1.6203778934902358,1.883702123999967,0.5833333333333334,0.0,0.9166666666666666,0.4066433464446997,0.8844021023622487,0
user_8171,2021-04-03 01:12:00,19,13,3,0,0,0,13,15,7,13,8,5,1,7.249013851777481,4.759926765745316,10.063118036211982,0.15789473684210525,0.0,0.6842105263157895,0.9497987851859678,0.8671876374474881,1
user_8172,2021-04-03 01:27:00,22,11,3,2,4,0,18,14,18,7,5,5,1,9.574860650322533,1.4045354228248346,2.370842521113618,0.13636363636363635,0.6666666666666666,0.5,0.5590729581279803,0.16046099538473974,0
user_8173,2021-04-03 01:42:00,21,11,7,1,4,1,14,12,18,13,20,5,1,4.450900995078733,5.574236654700685,3.823010773295412,0.3333333333333333,0.14285714285714285,0.5238095238095238,0.8447025470439803,0.9568799865513612,0
user_8174,2021-04-03 01:57:00,22,11,8,2,4,0,10,19,5,14,12,5,1,3.996045465736778,1.3338259769639547,11.17274943239357,0.36363636363636365,0.25,0.5,0.7926214815828463,0.8469032945974785,0
user_8175,2021-04-03 02:12:00,21,9,5,1,1,1,5,18,20,16,6,5,1,6.088558234793059,2.2447861414668746,6.226646045228218,0.23809523809523808,0.2,0.42857142857142855,0.1247788398474956,0.1863651791606215,1
user_8176,2021-04-03 02:27:00,16,13,9,0,0,0,16,14,6,15,13,5,1,4.782480518078535,3.329151917785854,5.371068927352433,0.5625,0.0,0.8125,0.23030429259057011,0.5894119183894395,0
user_8177,2021-04-03 02:42:00,24,8,8,0,2,0,20,8,16,9,20,5,1,2.122777294190497,7.1125379688612815,5.641891632908998,0.3333333333333333,0.0,0.3333333333333333,0.565158303570584,0.19602032787103207,1
user_8178,2021-04-03 02:57:00,27,14,4,1,2,0,5,19,11,18,17,5,1,2.4696732110068487,3.460468760940766,6.786461065162426,0.14814814814814814,0.25,0.5185185185185185,0.6988887106009164,0.6745725550760375,0
user_8179,2021-04-03 03:12:00,33,6,5,0,2,0,12,14,7,18,7,5,1,1.4675065083164562,5.410249455108008,3.4496459107372526,0.15151515151515152,0.0,0.18181818181818182,0.7087563693149846,0.3261308161573695,0
user_8180,2021-04-03 03:27:00,20,6,3,1,2,1,10,6,19,8,19,5,1,0.3025560244987884,0.8688201284363006,6.032241125068358,0.15,0.3333333333333333,0.3,0.8346053733400484,0.271574237919775,0
user_8181,2021-04-03 03:42:00,23,15,11,1,3,1,12,18,5,20,17,5,1,4.455206305021698,0.464309333915743,9.21746053117659,0.4782608695652174,0.09090909090909091,0.6521739130434783,0.46568340238688966,0.6157473046087399,0
user_8182,2021-04-03 03:57:00,23,9,4,2,2,2,13,15,18,15,14,5,1,3.1453585058879066,6.310188809577719,1.574638033664136,0.17391304347826086,0.5,0.391304347826087,0.5042746347757877,0.7067299620422659,0
user_8183,2021-04-03 04:12:00,18,7,5,1,1,1,8,17,10,16,6,5,1,9.781013795443414,5.362256365214604,9.595581428791084,0.2777777777777778,0.2,0.3888888888888889,0.5313438272538124,0.8241670218737125,0
user_8184,2021-04-03 04:27:00,31,9,7,2,4,0,9,20,17,12,14,5,1,2.9717119368449074,6.982406290645853,8.415444206665903,0.22580645161290322,0.2857142857142857,0.2903225806451613,0.336798438556534,0.5448898259174654,0
user_8185,2021-04-03 04:42:00,26,10,5,1,0,2,5,19,9,14,17,5,1,3.6963064597633637,2.1576989618546123,1.6593969507810578,0.19230769230769232,0.2,0.38461538461538464,0.7347845431201632,0.7454943598831162,0
user_8186,2021-04-03 04:57:00,20,13,8,1,2,2,11,18,11,11,5,5,1,7.931837433389807,5.258816513279867,9.941539620036457,0.4,0.125,0.65,0.35143852863475245,0.13499713886287437,0
user_8187,2021-04-03 05:12:00,22,12,4,1,2,2,5,11,7,15,13,5,1,7.9639844436268135,4.967166669975971,10.636139127654811,0.18181818181818182,0.25,0.5454545454545454,0.92677122602867,0.7449849034759384,0
user_8188,2021-04-03 05:27:00,22,11,2,1,1,1,12,15,14,10,6,5,1,4.912071024343605,7.246285455620676,11.128018572422977,0.09090909090909091,0.5,0.5,0.3989997992701845,0.9043502620142269,1
user_8189,2021-04-03 05:42:00,27,8,3,0,2,2,9,20,7,7,7,5,1,6.423348866419484,0.5760122088245737,9.700612477584837,0.1111111111111111,0.0,0.2962962962962963,0.3373807854971585,0.93919533776641,0
user_8190,2021-04-03 05:57:00,22,9,5,2,1,1,19,12,11,9,7,5,1,0.7518305812004507,5.344793313420007,10.060266451707339,0.22727272727272727,0.4,0.4090909090909091,0.9201773076881768,0.44669136471126736,0
user_8191,2021-04-03 06:12:00,20,9,5,0,3,0,12,7,18,12,16,5,1,6.990039702068497,4.945744083219892,4.145155952828384,0.25,0.0,0.45,0.8484888637191615,0.6399120115972762,0
user_8192,2021-04-03 06:27:00,23,12,4,0,2,0,19,14,8,20,14,5,1,2.4496194806606004,0.7081706258023226,2.602118267996267,0.17391304347826086,0.0,0.5217391304347826,0.4254707332362865,0.7777854707224406,0
user_8193,2021-04-03 06:42:00,17,9,4,0,1,0,13,5,16,14,19,5,1,8.675380633055875,1.4638887868882058,5.124086873563675,0.23529411764705882,0.0,0.5294117647058824,0.8354142780624159,0.2520757070028449,0
user_8194,2021-04-03 06:57:00,31,11,5,1,0,1,10,11,13,16,6,5,1,8.523976840853152,6.39984292252579,10.174834105235343,0.16129032258064516,0.2,0.3548387096774194,0.4589999920780359,0.4909211154806421,0
user_8195,2021-04-03 07:12:00,16,10,2,1,2,0,6,16,15,8,15,5,1,4.647666242409041,3.7495907816054967,9.096333596856098,0.125,0.5,0.625,0.5523224990845302,0.38712373420150514,0
user_8196,2021-04-03 07:27:00,26,15,7,1,4,1,15,5,10,16,9,5,1,8.930346141359275,6.592541619475391,3.688081925402291,0.2692307692307692,0.14285714285714285,0.5769230769230769,0.2932146705719676,0.37680666104983973,0
user_8197,2021-04-03 07:42:00,21,14,6,1,0,0,7,8,16,16,16,5,1,7.606734668122031,0.28350818374498954,9.945688904691426,0.2857142857142857,0.16666666666666666,0.6666666666666666,0.7591901280668196,0.3692378392770046,0
user_8198,2021-04-03 07:57:00,18,7,3,1,1,1,13,19,10,17,7,5,1,8.600002758132852,2.90956695440574,1.6948935320463494,0.16666666666666666,0.3333333333333333,0.3888888888888889,0.6418361166058366,0.6954616711315699,0
user_8199,2021-04-03 08:12:00,19,8,7,0,4,0,7,10,7,5,14,5,1,4.08169942722181,4.104270942368745,3.865507694311347,0.3684210526315789,0.0,0.42105263157894735,0.8095540590746186,0.8857008521054383,0
user_8200,2021-04-03 08:27:00,13,13,5,1,1,1,16,10,19,16,6,5,1,0.46355834429743636,7.296771591625351,9.96925366887222,0.38461538461538464,0.2,1.0,0.7458980674720871,0.8293197251498224,1
user_8201,2021-04-03 08:42:00,31,11,5,1,1,2,9,9,8,10,8,5,1,4.876372348301666,1.2319941695021668,9.893358857760374,0.16129032258064516,0.2,0.3548387096774194,0.6883022606272292,0.5860168173994458,0
user_8202,2021-04-03 08:57:00,20,10,6,2,3,2,14,20,11,15,12,5,1,8.721921367363782,3.2968132407233024,7.925900912985571,0.3,0.3333333333333333,0.5,0.21874033620660957,0.6884124747462257,0
user_8203,2021-04-03 09:12:00,23,8,9,1,2,2,19,18,10,20,17,5,1,4.043489735981028,2.5708012252992205,11.840177807965896,0.391304347826087,0.1111111111111111,0.34782608695652173,0.8472372648419545,0.8617786892675807,0
user_8204,2021-04-03 09:27:00,22,7,13,1,4,1,16,12,17,19,12,5,1,8.918089147729004,0.5091437835518251,1.7529157512361437,0.5909090909090909,0.07692307692307693,0.3181818181818182,0.48874706882226215,0.23412012627419115,0
user_8205,2021-04-03 09:42:00,23,11,7,2,4,2,8,16,6,11,6,5,1,4.35756098180421,4.647597919005303,11.705140661066954,0.30434782608695654,0.2857142857142857,0.4782608695652174,0.19350340893296286,0.7198443083761239,0
user_8206,2021-04-03 09:57:00,23,6,7,0,1,2,11,8,16,12,14,5,1,1.986606338827604,1.4973674244617714,11.094076264639043,0.30434782608695654,0.0,0.2608695652173913,0.9962180214431233,0.4344948579940914,0
user_8207,2021-04-03 10:12:00,20,11,3,0,2,1,8,19,6,9,16,5,1,6.848292202681712,5.510425355272044,9.86085064776133,0.15,0.0,0.55,0.5281388231475445,0.8284967367788716,0
user_8208,2021-04-03 10:27:00,22,6,5,0,1,0,18,13,13,6,11,5,1,4.5444163627760386,6.055086814420754,8.697471655315097,0.22727272727272727,0.0,0.2727272727272727,0.5781906859093885,0.17341290868501386,0
user_8209,2021-04-03 10:42:00,20,9,2,0,3,2,17,10,10,10,12,5,1,6.086778763742714,3.1951594659962788,11.482578668565571,0.1,0.0,0.45,0.7992970149025277,0.4693206432762266,0
user_8210,2021-04-03 10:57:00,20,11,6,0,1,2,18,19,18,18,15,5,1,5.3539250619065255,1.153003257045714,1.3598078063903607,0.3,0.0,0.55,0.8308849282403294,0.5130523497329362,0
user_8211,2021-04-03 11:12:00,16,8,4,0,2,0,20,10,16,8,18,5,1,2.0943974415789657,2.513050883338476,10.663542230648245,0.25,0.0,0.5,0.4899943791331274,0.7620681090275407,0
user_8212,2021-04-03 11:27:00,26,16,7,0,2,0,18,17,15,6,5,5,1,1.3130693798411386,4.999024181273631,9.464746663278653,0.2692307692307692,0.0,0.6153846153846154,0.5198222800580328,0.26465700216938526,0
user_8213,2021-04-03 11:42:00,15,5,4,0,3,0,6,20,5,14,6,5,1,4.188179709657229,5.742790039624759,0.7384459513514584,0.26666666666666666,0.0,0.3333333333333333,0.7538978077362137,0.4979451637257274,1
user_8214,2021-04-03 11:57:00,25,6,3,2,2,0,5,17,12,7,8,5,1,7.427424872838298,1.9400029637643255,8.268254758664028,0.12,0.6666666666666666,0.24,0.16650290285656905,0.8634876869150387,0
user_8215,2021-04-03 12:12:00,19,6,7,1,2,0,18,5,16,11,14,5,1,7.987669590772317,4.153389684184377,11.783705990794274,0.3684210526315789,0.14285714285714285,0.3157894736842105,0.1556732387025928,0.9714321154289768,0
user_8216,2021-04-03 12:27:00,25,6,3,3,2,2,5,18,17,13,20,5,1,9.876477383413809,7.637147379398344,6.675764730258074,0.12,1.0,0.24,0.8955415736793197,0.7932116863779766,1
user_8217,2021-04-03 12:42:00,18,10,9,0,1,1,8,13,8,16,17,5,1,4.34760025188786,4.025725257541272,2.8434723748902013,0.5,0.0,0.5555555555555556,0.7550554526847321,0.3075230745705764,0
user_8218,2021-04-03 12:57:00,24,11,5,2,2,0,19,18,8,11,7,5,1,3.6705477768817962,7.679629687058515,8.155795756774983,0.20833333333333334,0.4,0.4583333333333333,0.27148337503494063,0.9057986394482883,0
user_8219,2021-04-03 13:12:00,21,9,3,0,3,0,9,11,8,17,17,5,1,7.334985352176822,0.7937686836523856,3.9291135123017984,0.14285714285714285,0.0,0.42857142857142855,0.10985724493429967,0.30790648158958833,0
user_8220,2021-04-03 13:27:00,27,8,5,0,1,1,18,14,13,7,15,5,1,2.1891976673228806,3.1453163132353006,9.292379525851596,0.18518518518518517,0.0,0.2962962962962963,0.5085916729170465,0.5263962204953991,0
user_8221,2021-04-03 13:42:00,17,10,2,1,1,3,16,15,16,9,14,5,1,6.045513322170225,1.0650078704961659,4.661137163955423,0.11764705882352941,0.5,0.5882352941176471,0.9397516682979232,0.8629509545778757,0
user_8222,2021-04-03 13:57:00,20,10,12,0,1,0,10,7,5,17,5,5,1,6.623506905486944,2.61122910215929,4.269369189289662,0.6,0.0,0.5,0.6398421628482616,0.6994531779399387,0
user_8223,2021-04-03 14:12:00,14,6,7,1,4,2,7,18,16,11,20,5,1,0.7745828274107885,6.309301193918707,6.77144704127157,0.5,0.14285714285714285,0.42857142857142855,0.7820683434782982,0.9496898052517266,0
user_8224,2021-04-03 14:27:00,16,10,8,0,2,3,20,5,12,7,6,5,1,1.149170661822886,5.454579183991829,10.736422258308906,0.5,0.0,0.625,0.6690402459023794,0.9849755544980425,0
user_8225,2021-04-03 14:42:00,18,8,3,3,1,0,7,17,10,15,9,5,1,7.457832274957606,7.107687753817705,3.744455829307366,0.16666666666666666,1.0,0.4444444444444444,0.37619518244845296,0.9377265005636235,0
user_8226,2021-04-03 14:57:00,26,11,7,0,4,0,12,12,13,16,7,5,1,6.7320638613676165,4.393470086689547,10.036333374585857,0.2692307692307692,0.0,0.4230769230769231,0.39561345250512125,0.852671736255278,0
user_8227,2021-04-03 15:12:00,18,11,5,1,0,0,17,19,6,15,5,5,1,0.7954342603931476,7.990795077176565,7.495276493763313,0.2777777777777778,0.2,0.6111111111111112,0.36431921638341125,0.1640019739758405,0
user_8228,2021-04-03 15:27:00,22,8,7,0,0,1,7,12,5,16,12,5,1,3.0042443578470808,7.848847631639583,1.396988070486055,0.3181818181818182,0.0,0.36363636363636365,0.22560867282029484,0.12698448875253576,0
user_8229,2021-04-03 15:42:00,18,9,5,0,3,2,12,14,10,18,17,5,1,6.108384544976996,1.328511196849272,2.5734565529850255,0.2777777777777778,0.0,0.5,0.18497626383633273,0.4952027002183209,0
user_8230,2021-04-03 15:57:00,16,5,5,1,3,0,16,11,16,12,19,5,1,8.190177986827866,1.4513916767346289,10.134232677980815,0.3125,0.2,0.3125,0.6405717590256085,0.8370380490918051,0
user_8231,2021-04-03 16:12:00,21,9,6,1,0,0,11,10,11,12,18,5,1,7.144549340478566,6.6854730050018185,6.557201784297876,0.2857142857142857,0.16666666666666666,0.42857142857142855,0.9726471161010153,0.21549723515504088,0
user_8232,2021-04-03 16:27:00,15,12,2,2,3,0,5,16,8,18,20,5,1,9.67926849623299,6.073121083842741,4.0041817494697325,0.13333333333333333,1.0,0.8,0.8146331755355976,0.8504711381008785,0
user_8233,2021-04-03 16:42:00,22,21,12,1,1,1,15,8,11,15,13,5,1,5.942967908415509,0.14797782120590874,7.252478285953073,0.5454545454545454,0.08333333333333333,0.9545454545454546,0.662938990979958,0.37262462239329175,0
user_8234,2021-04-03 16:57:00,20,6,5,0,2,0,14,11,17,17,8,5,1,2.3297609881567243,5.130495699313275,2.9685991533835407,0.25,0.0,0.3,0.606223208237969,0.7664003099910257,0
user_8235,2021-04-03 17:12:00,20,8,4,1,3,0,11,8,8,15,14,5,1,8.948467115441812,7.805864068326694,9.462948149393808,0.2,0.25,0.4,0.25204112758408004,0.7381888438357923,0
user_8236,2021-04-03 17:27:00,20,12,5,0,2,1,14,8,20,8,20,5,1,8.042113698409407,4.415203344294795,5.4310797067698005,0.25,0.0,0.6,0.984406968377144,0.7793721491852776,0
user_8237,2021-04-03 17:42:00,22,3,8,1,1,0,8,5,17,19,5,5,1,1.7896715015156097,5.475276548074853,6.325429678076856,0.36363636363636365,0.125,0.13636363636363635,0.42991799019779353,0.3390319353277482,0
user_8238,2021-04-03 17:57:00,19,11,9,0,0,1,16,20,15,11,8,5,1,7.103016406895037,2.2560329591568684,2.3659827549201617,0.47368421052631576,0.0,0.5789473684210527,0.40812921515058476,0.15742106963223437,0
user_8239,2021-04-03 18:12:00,15,4,6,0,3,0,17,8,19,11,20,5,1,9.597467727513699,3.0842574101021416,7.314366397772968,0.4,0.0,0.26666666666666666,0.9377804096780955,0.11791955546609881,0
user_8240,2021-04-03 18:27:00,11,5,3,2,0,1,12,15,14,20,12,5,1,0.38724059569099567,7.555890936728305,4.582619197411827,0.2727272727272727,0.6666666666666666,0.45454545454545453,0.10283934381036369,0.8929123205534847,0
user_8241,2021-04-03 18:42:00,17,16,7,0,1,0,6,19,17,8,10,5,1,6.87683416119748,0.764086914902145,10.004682336426521,0.4117647058823529,0.0,0.9411764705882353,0.5178585564791262,0.3462187787210579,0
user_8242,2021-04-03 18:57:00,15,10,5,1,0,1,7,8,14,20,5,5,1,8.752870860184247,7.256313746200268,4.0089503230791514,0.3333333333333333,0.2,0.6666666666666666,0.5951248169044434,0.6735558412164603,0
user_8243,2021-04-03 19:12:00,13,15,7,1,4,1,6,7,17,12,11,5,1,8.991346214972078,6.096221672095725,6.933005937188892,0.5384615384615384,0.14285714285714285,1.1538461538461537,0.2446957911173857,0.5037660939329971,0
user_8244,2021-04-03 19:27:00,23,13,3,1,1,1,15,19,6,20,18,5,1,4.876947689214424,5.712221775232356,2.3064288199259697,0.13043478260869565,0.3333333333333333,0.5652173913043478,0.242194738802457,0.8241979111199194,0
user_8245,2021-04-03 19:42:00,15,8,3,1,2,1,16,14,9,5,11,5,1,6.805584460996789,6.693485049873218,9.251199233370913,0.2,0.3333333333333333,0.5333333333333333,0.1765887717046618,0.6867171977280945,0
user_8246,2021-04-03 19:57:00,15,7,2,1,4,0,12,15,9,13,10,5,1,1.9152411006364785,0.8315558355362378,3.3528375785815774,0.13333333333333333,0.5,0.4666666666666667,0.7339142644050013,0.28006765403950584,0
user_8247,2021-04-03 20:12:00,18,7,2,0,0,0,10,18,17,14,17,5,1,5.320810418960159,7.383221060474596,8.896896223290211,0.1111111111111111,0.0,0.3888888888888889,0.9268634013690005,0.5704333183987305,0
user_8248,2021-04-03 20:27:00,21,10,3,0,4,1,17,20,8,8,16,5,1,3.661960783266449,6.2573720047904615,10.010499063525984,0.14285714285714285,0.0,0.47619047619047616,0.7656018791410699,0.2443326074996337,0
user_8249,2021-04-03 20:42:00,18,8,6,1,3,1,19,19,12,8,5,5,1,6.8613578910086055,2.2764282505118745,2.8864781465649765,0.3333333333333333,0.16666666666666666,0.4444444444444444,0.43017642103283427,0.6150304143718899,0
user_8250,2021-04-03 20:57:00,22,9,4,0,1,1,17,6,12,16,5,5,1,5.192343088326385,0.20845265773821894,10.315894176597453,0.18181818181818182,0.0,0.4090909090909091,0.10699704519253679,0.2691870455907018,0
user_8251,2021-04-03 21:12:00,16,12,8,2,6,1,11,16,20,20,20,5,1,1.9988422438385887,6.6467138759737985,8.380202507836847,0.5,0.25,0.75,0.33185323772549,0.9668114435139016,0
user_8252,2021-04-03 21:27:00,17,6,5,0,0,2,12,12,6,6,10,5,1,0.1389276749092821,3.7480099154186304,4.817690083087717,0.29411764705882354,0.0,0.35294117647058826,0.2540690774572335,0.871991513126607,0
user_8253,2021-04-03 21:42:00,22,11,4,2,3,1,5,11,7,12,12,5,1,8.005360184152664,2.302363331948187,7.9095203090034305,0.18181818181818182,0.5,0.5,0.5902617954460405,0.3209059346732059,0
user_8254,2021-04-03 21:57:00,23,11,3,1,1,0,8,18,17,8,12,5,1,3.953617345050702,3.2257761778488274,4.216221270287547,0.13043478260869565,0.3333333333333333,0.4782608695652174,0.2831301182828495,0.9019585159299519,0
user_8255,2021-04-03 22:12:00,24,11,6,1,3,1,7,19,8,8,6,5,1,2.1654943240226854,1.4828093605752068,4.106825965671829,0.25,0.16666666666666666,0.4583333333333333,0.30473365875176406,0.7968082903074275,0
user_8256,2021-04-03 22:27:00,19,15,5,0,2,2,10,16,7,18,12,5,1,1.8220126669769732,0.29095771650791724,1.9819538575792925,0.2631578947368421,0.0,0.7894736842105263,0.2575853729881395,0.1254757236641979,0
user_8257,2021-04-03 22:42:00,16,12,4,1,1,0,20,20,15,8,16,5,1,8.206227525751057,6.137974484365516,11.23826161345405,0.25,0.25,0.75,0.966694867383158,0.6755105550804863,0
user_8258,2021-04-03 22:57:00,24,10,2,1,2,1,17,9,11,6,6,5,1,0.2383996868339881,3.2004369536174897,4.286970508973259,0.08333333333333333,0.5,0.4166666666666667,0.32499198920551114,0.4441054818023412,0
user_8259,2021-04-03 23:12:00,28,14,6,1,2,1,10,12,19,19,13,5,1,2.674830175989445,4.0878810633059075,5.439773329959245,0.21428571428571427,0.16666666666666666,0.5,0.8546960578122182,0.19310556709006954,0
user_8260,2021-04-03 23:27:00,12,8,6,0,1,1,6,12,11,14,16,5,1,7.068163709528973,7.788264514402589,1.9865581694237586,0.5,0.0,0.6666666666666666,0.6488133750505567,0.2705889134807349,0
user_8261,2021-04-03 23:42:00,31,12,6,1,1,0,17,5,7,15,10,5,1,2.784281595951977,4.031349331643511,7.4275993024484315,0.1935483870967742,0.16666666666666666,0.3870967741935484,0.5873752080664393,0.6305398216581755,0
user_8262,2021-04-03 23:57:00,14,4,5,1,2,0,17,14,12,20,20,5,1,6.630061635801643,0.7417824383096658,10.12622738467855,0.35714285714285715,0.2,0.2857142857142857,0.6118495080009358,0.5747236893764487,0
user_8263,2021-04-04 00:12:00,18,11,4,1,5,0,13,6,8,11,12,6,1,4.2366688716921415,3.886173693712616,6.491032350246792,0.2222222222222222,0.25,0.6111111111111112,0.30521271421526397,0.6531819191638605,0
user_8264,2021-04-04 00:27:00,16,6,6,3,0,1,6,6,11,18,13,6,1,0.2845402250509034,1.1401642397900684,2.974573348330047,0.375,0.5,0.375,0.639328662791246,0.2906134627270832,1
user_8265,2021-04-04 00:42:00,18,12,15,0,2,0,15,15,13,18,17,6,1,4.569875972433151,5.610247791137411,7.543328930617219,0.8333333333333334,0.0,0.6666666666666666,0.3600565804438026,0.1939269065383752,0
user_8266,2021-04-04 00:57:00,15,14,5,0,3,0,14,13,11,20,20,6,1,8.754526588301248,7.906541957383046,7.058681153520235,0.3333333333333333,0.0,0.9333333333333333,0.6224271276783419,0.1603576363326673,0
user_8267,2021-04-04 01:12:00,13,7,9,1,4,0,9,16,15,14,13,6,1,7.584440078966518,0.7650933370395737,2.4930300339151894,0.6923076923076923,0.1111111111111111,0.5384615384615384,0.9803708945862443,0.4226345245070622,0
user_8268,2021-04-04 01:27:00,20,12,6,1,1,1,6,11,10,16,18,6,1,8.869747486274289,0.6649574935195378,5.156957555753122,0.3,0.16666666666666666,0.6,0.7081544499159736,0.7502284913778746,0
user_8269,2021-04-04 01:42:00,20,10,10,1,3,1,19,7,13,9,14,6,1,2.3158694827869777,6.1403089978762315,7.292642397763667,0.5,0.1,0.5,0.7851298239839368,0.39038745075137915,1
user_8270,2021-04-04 01:57:00,19,8,7,1,2,2,20,13,12,14,12,6,1,2.922101337331218,4.6420519380014005,10.906926271049727,0.3684210526315789,0.14285714285714285,0.42105263157894735,0.13045237094924308,0.6204962127091,0
user_8271,2021-04-04 02:12:00,23,6,11,1,5,0,14,14,13,14,15,6,1,9.242345038521233,7.032042830323634,3.5833471582258,0.4782608695652174,0.09090909090909091,0.2608695652173913,0.837704812132382,0.8055607316023617,0
user_8272,2021-04-04 02:27:00,17,6,6,1,2,0,10,5,16,15,12,6,1,8.484384590163632,3.514047557350729,3.2379302961182814,0.35294117647058826,0.16666666666666666,0.35294117647058826,0.31851576033140716,0.8040420669410452,0
user_8273,2021-04-04 02:42:00,21,11,5,1,1,0,7,8,7,8,9,6,1,4.808577158596273,0.5511915712763824,6.3798591880398945,0.23809523809523808,0.2,0.5238095238095238,0.55555160159268,0.13576080554554934,0
user_8274,2021-04-04 02:57:00,24,11,3,0,1,1,11,16,7,18,17,6,1,5.473435156892509,6.149345735993997,5.034474209656917,0.125,0.0,0.4583333333333333,0.9108693131433948,0.27869253217952455,0
user_8275,2021-04-04 03:12:00,18,14,7,1,5,0,11,19,17,11,14,6,1,6.6876626924450475,7.917207992706207,8.891291468686198,0.3888888888888889,0.14285714285714285,0.7777777777777778,0.46985935036583604,0.8012294253350328,0
user_8276,2021-04-04 03:27:00,15,6,6,0,1,0,6,6,18,10,13,6,1,1.9447898719847687,0.30004445198544943,6.899773165207719,0.4,0.0,0.4,0.8325739022228469,0.5411683034934462,0
user_8277,2021-04-04 03:42:00,16,9,5,0,2,0,12,15,9,20,17,6,1,9.814960444279869,4.880337727665522,11.517865517486877,0.3125,0.0,0.5625,0.8860521066174138,0.4942277024683689,0
user_8278,2021-04-04 03:57:00,26,12,7,2,3,1,15,6,6,11,14,6,1,5.5108810469569915,0.3225787480450788,7.271286647949449,0.2692307692307692,0.2857142857142857,0.46153846153846156,0.358287789547874,0.6591394284237739,1
user_8279,2021-04-04 04:12:00,17,9,7,1,0,0,16,9,10,11,14,6,1,6.74703898795266,4.1271835084061985,9.383837509001943,0.4117647058823529,0.14285714285714285,0.5294117647058824,0.8933194595939719,0.4469702061191152,0
user_8280,2021-04-04 04:27:00,21,12,7,1,3,0,19,16,8,15,6,6,1,3.220785384912581,2.081689936171974,3.353553178085182,0.3333333333333333,0.14285714285714285,0.5714285714285714,0.8448141628994313,0.7794347121227276,1
user_8281,2021-04-04 04:42:00,26,6,9,3,1,1,18,17,7,8,12,6,1,1.9287038753399113,6.335840519380515,4.965267997721166,0.34615384615384615,0.3333333333333333,0.23076923076923078,0.3589024499996605,0.7299594517505815,0
user_8282,2021-04-04 04:57:00,18,10,6,0,0,1,8,13,19,11,8,6,1,6.322466143977879,5.773822430800651,5.558744615167664,0.3333333333333333,0.0,0.5555555555555556,0.7787854830842239,0.18813613193601908,0
user_8283,2021-04-04 05:12:00,26,10,7,3,2,0,16,16,20,6,6,6,1,1.7192345997278817,4.253860047910448,6.862152337190789,0.2692307692307692,0.42857142857142855,0.38461538461538464,0.9790550750299797,0.7984543807827267,0
user_8284,2021-04-04 05:27:00,19,8,9,0,4,0,20,9,19,12,9,6,1,3.1884233548490846,3.5124213390445664,1.505894025583828,0.47368421052631576,0.0,0.42105263157894735,0.9604546525051852,0.6658574487381184,0
user_8285,2021-04-04 05:42:00,22,8,6,1,2,1,10,17,15,11,17,6,1,2.2146589643957735,4.243994660740478,10.814473458766338,0.2727272727272727,0.16666666666666666,0.36363636363636365,0.523112601636479,0.17851488167839957,0
user_8286,2021-04-04 05:57:00,18,12,11,0,2,0,15,8,15,16,15,6,1,5.36198321613523,4.1049609568895065,1.193618190421577,0.6111111111111112,0.0,0.6666666666666666,0.8795929937386385,0.2802294918355621,1
user_8287,2021-04-04 06:12:00,22,9,6,0,1,1,17,6,8,10,18,6,1,7.071710440767616,0.48838697181858404,6.619582095576184,0.2727272727272727,0.0,0.4090909090909091,0.12002662997005932,0.6935400775216423,0
user_8288,2021-04-04 06:27:00,14,15,8,1,0,1,13,14,11,19,6,6,1,3.9357979083233574,6.76299744790083,10.903019457103218,0.5714285714285714,0.125,1.0714285714285714,0.9574852666374918,0.6083939121899347,0
user_8289,2021-04-04 06:42:00,22,9,7,1,3,0,14,6,20,16,10,6,1,7.020153021584893,5.954271392113623,5.343946719959006,0.3181818181818182,0.14285714285714285,0.4090909090909091,0.5485467680061133,0.1887791047499261,0
user_8290,2021-04-04 06:57:00,25,13,2,0,2,1,16,8,5,19,16,6,1,4.436620370836289,3.452002370437904,10.943389105176106,0.08,0.0,0.52,0.12027884386469638,0.7248305937415183,0
user_8291,2021-04-04 07:12:00,14,11,7,3,1,1,12,7,6,16,18,6,1,3.5203852973470307,2.1692942580608507,3.901303802821608,0.5,0.42857142857142855,0.7857142857142857,0.15646426914776898,0.5720402681719144,0
user_8292,2021-04-04 07:27:00,18,6,5,1,1,0,11,5,15,14,8,6,1,8.307755945754536,3.638901440639977,5.28616437021376,0.2777777777777778,0.2,0.3333333333333333,0.15778449215017287,0.7505261655026223,0
user_8293,2021-04-04 07:42:00,15,10,8,0,0,0,8,19,5,11,13,6,1,9.703508569789022,5.234126485487716,4.91443989392718,0.5333333333333333,0.0,0.6666666666666666,0.9552304602070967,0.542651211522086,0
user_8294,2021-04-04 07:57:00,25,8,7,0,0,2,10,14,6,9,14,6,1,9.264303909542559,3.259135990647948,6.63141763170969,0.28,0.0,0.32,0.29207440936460866,0.3799652368299442,0
user_8295,2021-04-04 08:12:00,14,9,11,1,4,0,5,20,14,13,16,6,1,6.317347718159106,4.891444288316424,2.1397583405831364,0.7857142857142857,0.09090909090909091,0.6428571428571429,0.35432927444448836,0.8748343199552594,1
user_8296,2021-04-04 08:27:00,11,10,3,0,1,0,11,17,11,10,5,6,1,9.14277822961308,2.559602708069512,10.883306073790246,0.2727272727272727,0.0,0.9090909090909091,0.24582397831063468,0.8771837348136018,0
user_8297,2021-04-04 08:42:00,21,15,5,0,0,1,6,12,20,6,10,6,1,6.814415016734795,5.03674336731912,0.8802909390163289,0.23809523809523808,0.0,0.7142857142857143,0.5936063298344577,0.6122280866533889,0
user_8298,2021-04-04 08:57:00,21,8,5,1,0,2,17,19,11,13,14,6,1,8.607889085888079,4.264229354659135,2.6408389448214065,0.23809523809523808,0.2,0.38095238095238093,0.6442561842997224,0.45235401893928817,1
user_8299,2021-04-04 09:12:00,21,9,7,0,4,1,20,8,13,18,9,6,1,5.28443138165072,2.5722992228733044,3.6202121665311795,0.3333333333333333,0.0,0.42857142857142855,0.5930642756916092,0.7837850377258372,0
user_8300,2021-04-04 09:27:00,21,12,4,1,2,0,19,15,5,10,20,6,1,6.52091868508004,1.6881661680001665,3.6602396414746634,0.19047619047619047,0.25,0.5714285714285714,0.8959765459588219,0.2635084747571657,0
user_8301,2021-04-04 09:42:00,28,13,6,0,2,0,7,20,13,6,8,6,1,4.147283164540892,1.096716833752611,7.2811567589076045,0.21428571428571427,0.0,0.4642857142857143,0.9573418783696466,0.4444575318709585,0
user_8302,2021-04-04 09:57:00,29,9,5,0,1,1,16,10,6,9,15,6,1,4.565006218387621,5.192489748974414,10.088105251199865,0.1724137931034483,0.0,0.3103448275862069,0.8464591680727682,0.6672007233166456,0
user_8303,2021-04-04 10:12:00,20,6,9,0,1,1,7,10,12,6,12,6,1,6.877580160863786,4.935450526385586,10.46072802554972,0.45,0.0,0.3,0.1573390403912398,0.2776558437877008,0
user_8304,2021-04-04 10:27:00,24,6,7,1,2,1,6,5,6,20,12,6,1,4.2624678225190955,3.1483928169974678,0.9367064192620974,0.2916666666666667,0.14285714285714285,0.25,0.6532854340313615,0.7916356808558438,0
user_8305,2021-04-04 10:42:00,19,6,5,2,2,2,10,11,14,13,5,6,1,3.71758419287839,6.070493032824425,1.769880153991429,0.2631578947368421,0.4,0.3157894736842105,0.5921637990226811,0.3782185417480498,0
user_8306,2021-04-04 10:57:00,18,6,7,1,1,1,19,17,20,7,18,6,1,2.2359855683956695,0.9526649634315999,10.961431720265923,0.3888888888888889,0.14285714285714285,0.3333333333333333,0.7820441140290819,0.9743367259000785,0
user_8307,2021-04-04 11:12:00,17,9,6,1,2,0,16,15,11,11,12,6,1,9.216750780926098,1.295086545677657,2.724093272824225,0.35294117647058826,0.16666666666666666,0.5294117647058824,0.9713581173793461,0.14581071113448085,0
user_8308,2021-04-04 11:27:00,12,10,10,2,1,1,8,17,20,10,19,6,1,8.067217482305688,6.834157790461979,2.811924266101756,0.8333333333333334,0.2,0.8333333333333334,0.46790790571663,0.496219617293606,0
user_8309,2021-04-04 11:42:00,19,12,6,2,0,0,17,5,20,17,12,6,1,5.978054577126026,7.96465601101536,2.3639484660490964,0.3157894736842105,0.3333333333333333,0.631578947368421,0.22189551447530825,0.9686106851146337,0
user_8310,2021-04-04 11:57:00,17,8,3,1,3,0,11,18,13,17,18,6,1,0.5107754528305442,1.3207173713198583,2.115402476120053,0.17647058823529413,0.3333333333333333,0.47058823529411764,0.5807478576316222,0.1791022122167833,0
user_8311,2021-04-04 12:12:00,18,11,7,2,1,0,12,18,7,10,8,6,1,5.793835307701785,2.0981021937572892,8.479230023684625,0.3888888888888889,0.2857142857142857,0.6111111111111112,0.5428457848339742,0.6414888565988561,0
user_8312,2021-04-04 12:27:00,28,10,7,1,3,0,8,13,14,7,10,6,1,1.0046784745529327,2.1169882750529814,8.809694629364296,0.25,0.14285714285714285,0.35714285714285715,0.2853614876319823,0.8732513276321732,0
user_8313,2021-04-04 12:42:00,20,6,5,2,2,1,18,9,17,12,10,6,1,0.6670250646820446,6.613506145966029,8.016806398502986,0.25,0.4,0.3,0.41832497990658146,0.8957042529200272,1
user_8314,2021-04-04 12:57:00,26,2,11,1,3,2,11,19,8,13,7,6,1,4.05418155224934,5.730812478708473,11.322822923560725,0.4230769230769231,0.09090909090909091,0.07692307692307693,0.4761482052090472,0.9421194027026184,0
user_8315,2021-04-04 13:12:00,18,7,7,1,0,1,8,13,20,16,7,6,1,6.323996311706182,4.7144708034802045,6.64449865666897,0.3888888888888889,0.14285714285714285,0.3888888888888889,0.3175584835135856,0.9297302346456676,0
user_8316,2021-04-04 13:27:00,14,5,5,1,2,0,20,6,10,19,15,6,1,3.164611465652594,7.427762721321779,5.875179873711051,0.35714285714285715,0.2,0.35714285714285715,0.29462103745148616,0.255084556670029,0
user_8317,2021-04-04 13:42:00,15,7,4,0,2,1,20,6,17,9,8,6,1,8.280307932726304,2.3952665357145673,10.309013344092019,0.26666666666666666,0.0,0.4666666666666667,0.624382413229489,0.34554910095368574,0
user_8318,2021-04-04 13:57:00,17,15,8,0,3,2,10,14,20,18,16,6,1,0.5932177325009752,3.7121681328251164,10.599739498649344,0.47058823529411764,0.0,0.8823529411764706,0.776782800769579,0.4270075583967534,1
user_8319,2021-04-04 14:12:00,21,9,4,0,1,1,9,20,8,9,6,6,1,6.657735682895785,0.7033929848874279,2.78122920380002,0.19047619047619047,0.0,0.42857142857142855,0.24131777317343123,0.6786738770842772,0
user_8320,2021-04-04 14:27:00,15,8,9,1,1,0,18,5,5,18,5,6,1,6.3892899813364314,1.524299198632088,1.573535814664811,0.6,0.1111111111111111,0.5333333333333333,0.786771878969996,0.8349613849829971,0
user_8321,2021-04-04 14:42:00,17,7,6,0,2,2,5,15,9,9,11,6,1,6.680871198157783,7.058698689569097,9.34451317276927,0.35294117647058826,0.0,0.4117647058823529,0.8969390854816678,0.6258548999765454,0
user_8322,2021-04-04 14:57:00,20,12,7,1,3,2,8,7,10,15,9,6,1,1.4427950395191433,3.0005225230947272,5.27206859352137,0.35,0.14285714285714285,0.6,0.5663230524545508,0.2841441984759686,0
user_8323,2021-04-04 15:12:00,18,12,5,0,1,0,11,11,18,12,15,6,1,5.979512051310704,0.32926223829316836,1.3993541734231616,0.2777777777777778,0.0,0.6666666666666666,0.22557051767318662,0.26639453022826076,1
user_8324,2021-04-04 15:27:00,13,9,3,1,1,1,20,6,5,9,9,6,1,0.5646816218947428,4.291595027128647,7.141596071054514,0.23076923076923078,0.3333333333333333,0.6923076923076923,0.5715665357376198,0.6607349159412242,0
user_8325,2021-04-04 15:42:00,16,9,2,1,2,0,13,9,20,20,19,6,1,6.952455001247956,4.12851269068117,4.5263086144617475,0.125,0.5,0.5625,0.557675277649427,0.14912483118157205,0
user_8326,2021-04-04 15:57:00,7,12,9,1,3,0,15,9,10,8,12,6,1,7.0023340328657655,7.800012687601282,8.442757625677281,1.2857142857142858,0.1111111111111111,1.7142857142857142,0.18524947124837404,0.41467762895861293,0
user_8327,2021-04-04 16:12:00,21,10,5,1,0,0,9,15,8,15,20,6,1,7.738644261204623,2.3386904014911907,4.289885010603978,0.23809523809523808,0.2,0.47619047619047616,0.1851029443888605,0.9472763367676338,0
user_8328,2021-04-04 16:27:00,18,7,6,2,2,1,16,9,5,13,20,6,1,4.126768739129789,4.847182474766279,9.3366730315981,0.3333333333333333,0.3333333333333333,0.3888888888888889,0.45116735384207474,0.952580384789848,0
user_8329,2021-04-04 16:42:00,14,9,6,1,2,0,14,7,9,20,12,6,1,7.9366545337088965,4.883104422096758,11.581250345978814,0.42857142857142855,0.16666666666666666,0.6428571428571429,0.9237068933644447,0.13933292735492783,0
user_8330,2021-04-04 16:57:00,17,10,5,0,1,0,11,13,13,20,20,6,1,4.519753487010528,1.3922294514059976,10.39178926562652,0.29411764705882354,0.0,0.5882352941176471,0.9255424201704668,0.6207929877149008,0
user_8331,2021-04-04 17:12:00,12,14,12,2,3,0,19,13,17,7,19,6,1,9.862309379566204,2.6192583321714804,10.982759082192295,1.0,0.16666666666666666,1.1666666666666667,0.7349396070745464,0.6032102124003144,0
user_8332,2021-04-04 17:27:00,23,9,5,1,3,1,20,16,12,5,16,6,1,8.729695511471569,5.839904239805785,9.556366381510184,0.21739130434782608,0.2,0.391304347826087,0.1297521570515927,0.5279846342707228,0
user_8333,2021-04-04 17:42:00,19,8,6,2,2,0,15,11,10,16,5,6,1,4.229925685529517,3.9615769297149557,11.204784392805527,0.3157894736842105,0.3333333333333333,0.42105263157894735,0.3406965759159108,0.751226864512674,0
user_8334,2021-04-04 17:57:00,15,11,6,2,3,1,15,10,15,11,7,6,1,9.235524918032413,3.0489310566955647,6.05614280666426,0.4,0.3333333333333333,0.7333333333333333,0.9032669406152406,0.8971005821602853,0
user_8335,2021-04-04 18:12:00,24,9,7,1,1,0,14,14,19,7,9,6,1,0.9188874418866545,6.464215320734706,5.99548800918449,0.2916666666666667,0.14285714285714285,0.375,0.44186079230994224,0.5859604541488656,0
user_8336,2021-04-04 18:27:00,17,8,3,1,3,2,16,5,17,9,16,6,1,4.071274550024891,4.848338518392534,3.363918180594681,0.17647058823529413,0.3333333333333333,0.47058823529411764,0.866504078742104,0.11676086622195316,0
user_8337,2021-04-04 18:42:00,19,9,8,2,2,1,19,14,17,19,8,6,1,2.8860520198569595,1.8940573259325018,7.474969543436774,0.42105263157894735,0.25,0.47368421052631576,0.22662246425797355,0.9283871113252582,0
user_8338,2021-04-04 18:57:00,23,10,3,1,1,1,6,17,9,6,5,6,1,8.547510912147343,5.427837963682695,5.521081134685552,0.13043478260869565,0.3333333333333333,0.43478260869565216,0.5177581908105839,0.6569791492714375,0
user_8339,2021-04-04 19:12:00,32,7,6,2,1,1,8,16,12,16,19,6,1,8.115046146013016,4.447037492340036,8.574479976426389,0.1875,0.3333333333333333,0.21875,0.5121037312839205,0.9920152544550351,0
user_8340,2021-04-04 19:27:00,22,9,6,2,1,1,8,11,6,11,6,6,1,4.182359200214845,1.1462929096210486,11.379923633533163,0.2727272727272727,0.3333333333333333,0.4090909090909091,0.32850615716091325,0.944648134093565,0
user_8341,2021-04-04 19:42:00,24,9,5,0,2,0,20,16,5,13,20,6,1,1.7836592206001205,7.624379868725945,8.763918268965655,0.20833333333333334,0.0,0.375,0.7603693391874311,0.20993947888549958,0
user_8342,2021-04-04 19:57:00,12,15,8,1,2,1,6,17,11,13,17,6,1,5.72708841628213,5.187795558909454,3.451880275103371,0.6666666666666666,0.125,1.25,0.8356893034926204,0.3058386489695126,0
user_8343,2021-04-04 20:12:00,24,8,2,0,0,0,19,20,13,11,15,6,1,8.679597570253463,1.1566160569692998,6.505916435315181,0.08333333333333333,0.0,0.3333333333333333,0.9784924751812887,0.2946272229523903,0
user_8344,2021-04-04 20:27:00,23,7,5,1,3,0,11,6,15,13,11,6,1,9.322675638170011,3.270076686726431,8.76748912255436,0.21739130434782608,0.2,0.30434782608695654,0.3163722625242812,0.4153483379615269,0
user_8345,2021-04-04 20:42:00,23,6,7,1,1,1,8,16,19,14,6,6,1,5.6534775524803464,7.29300166450718,3.9024096803459227,0.30434782608695654,0.14285714285714285,0.2608695652173913,0.11231843435715301,0.10809646643060383,0
user_8346,2021-04-04 20:57:00,17,14,9,3,3,0,6,14,17,17,20,6,1,5.373669264978427,0.8234168801681209,5.908941407624553,0.5294117647058824,0.3333333333333333,0.8235294117647058,0.3889417111678315,0.17299466741553782,0
user_8347,2021-04-04 21:12:00,28,10,8,1,0,0,19,11,9,20,13,6,1,6.536522809929928,0.6029908311699307,2.3168769824154083,0.2857142857142857,0.125,0.35714285714285715,0.8348936397527735,0.5277480511042453,0
user_8348,2021-04-04 21:27:00,18,7,7,1,3,0,19,20,17,8,11,6,1,0.28429668084755066,1.8059420623862084,9.24172625147937,0.3888888888888889,0.14285714285714285,0.3888888888888889,0.17847818262661486,0.8217408296507012,0
user_8349,2021-04-04 21:42:00,16,12,4,1,3,1,12,15,14,15,9,6,1,8.577103162414643,5.521389470409289,9.759547157260473,0.25,0.25,0.75,0.6460804915426279,0.9715138873711252,0
user_8350,2021-04-04 21:57:00,17,9,8,1,1,1,13,7,15,5,14,6,1,7.805277454738252,4.533955044558564,2.3552013498304762,0.47058823529411764,0.125,0.5294117647058824,0.7818614789920953,0.41443900238466,0
user_8351,2021-04-04 22:12:00,26,8,6,0,2,2,14,18,6,5,20,6,1,3.8771786698409993,0.6028281159823115,5.841475146918583,0.23076923076923078,0.0,0.3076923076923077,0.800155823930439,0.5298128392223698,0
user_8352,2021-04-04 22:27:00,18,8,6,1,2,1,6,7,8,18,7,6,1,2.4413612304113648,2.8221955686033726,7.554314675512558,0.3333333333333333,0.16666666666666666,0.4444444444444444,0.9594419623851108,0.5046405940052009,1
user_8353,2021-04-04 22:42:00,23,13,5,1,2,0,20,6,16,14,6,6,1,9.616483897247308,7.137755904644971,10.87775183259562,0.21739130434782608,0.2,0.5652173913043478,0.6963482776680076,0.2231668441354122,0
user_8354,2021-04-04 22:57:00,14,11,11,0,3,1,6,18,16,11,13,6,1,0.7111831827086976,4.841657086693398,2.628995153091775,0.7857142857142857,0.0,0.7857142857142857,0.4674362872059753,0.5695507597699506,0
user_8355,2021-04-04 23:12:00,21,9,6,2,1,0,7,13,6,9,15,6,1,1.5380147639388082,0.10308615115098127,10.11070690165144,0.2857142857142857,0.3333333333333333,0.42857142857142855,0.7218441282928204,0.34170408579505795,0
user_8356,2021-04-04 23:27:00,22,8,2,1,1,0,11,8,19,6,20,6,1,4.768961756043412,4.805903487961749,5.546294229266226,0.09090909090909091,0.5,0.36363636363636365,0.6630954910302826,0.5390158616476887,0
user_8357,2021-04-04 23:42:00,23,14,0,2,0,1,18,20,19,7,6,6,1,6.758946977876824,3.5142513713460737,8.792542739741931,0.0,0.0,0.6086956521739131,0.6107017589116446,0.973125160976926,1
user_8358,2021-04-04 23:57:00,15,6,5,2,1,0,6,17,19,14,20,6,1,0.374972874625767,1.258019996003766,6.301271520796083,0.3333333333333333,0.4,0.4,0.15178234366802426,0.826703733121538,0
user_8359,2021-04-05 00:12:00,17,16,6,1,2,0,16,19,7,19,5,0,0,1.6219651475854404,1.4932903986016894,10.617200457210124,0.35294117647058826,0.16666666666666666,0.9411764705882353,0.5429218330452427,0.6233174426640657,0
user_8360,2021-04-05 00:27:00,13,5,6,1,1,0,18,14,17,16,7,0,0,6.855432751192782,4.347151534061158,5.682920306480682,0.46153846153846156,0.16666666666666666,0.38461538461538464,0.7640131397198638,0.891922288977461,0
user_8361,2021-04-05 00:42:00,12,10,9,2,0,0,8,10,18,19,19,0,0,8.527231456184426,5.827068121252367,9.000352562101552,0.75,0.2222222222222222,0.8333333333333334,0.7476781575574311,0.643118696939637,1
user_8362,2021-04-05 00:57:00,7,12,8,1,3,0,12,14,13,18,14,0,0,6.800125875558818,0.26633234018337726,9.371565249526013,1.1428571428571428,0.125,1.7142857142857142,0.36138976563570413,0.9913104326437968,0
user_8363,2021-04-05 01:12:00,26,11,9,1,3,0,15,17,19,10,18,0,0,6.017423260678067,1.857281012129554,11.943924575001024,0.34615384615384615,0.1111111111111111,0.4230769230769231,0.78087547197696,0.6375837757092446,0
user_8364,2021-04-05 01:27:00,21,17,3,2,1,2,9,15,18,6,7,0,0,8.716500970999878,0.5788926852162716,1.4170431630869071,0.14285714285714285,0.6666666666666666,0.8095238095238095,0.7031198846298885,0.612518746577347,0
user_8365,2021-04-05 01:42:00,23,11,10,1,1,1,18,19,13,7,5,0,0,0.8268901888357836,4.249506325618504,11.493430900140329,0.43478260869565216,0.1,0.4782608695652174,0.3918967193187244,0.5497080007724139,0
user_8366,2021-04-05 01:57:00,11,11,7,0,1,0,20,18,20,10,11,0,0,7.050051124848092,2.3611773425823013,10.962544496799074,0.6363636363636364,0.0,1.0,0.7646306573601838,0.4611700805703187,0
user_8367,2021-04-05 02:12:00,13,14,4,2,2,0,13,13,11,17,14,0,0,9.98236040792745,3.3492633583529594,7.281947550287031,0.3076923076923077,0.5,1.0769230769230769,0.9686709502776352,0.3663420192680996,0
user_8368,2021-04-05 02:27:00,14,6,6,0,1,0,10,18,11,6,8,0,0,7.550372856381708,0.5182078568734985,7.7565048456494905,0.42857142857142855,0.0,0.42857142857142855,0.23989027215931147,0.5773030719895297,0
user_8369,2021-04-05 02:42:00,13,11,6,2,2,0,5,6,16,17,5,0,0,9.511047210926113,5.601329376321771,7.349983866283626,0.46153846153846156,0.3333333333333333,0.8461538461538461,0.8084878637000813,0.6566385464039957,0
user_8370,2021-04-05 02:57:00,23,19,1,2,4,1,6,7,9,8,13,0,0,3.6490896110671818,0.4779160264003791,3.087156060699437,0.043478260869565216,2.0,0.8260869565217391,0.24244912359620654,0.844447167261722,0
user_8371,2021-04-05 03:12:00,19,6,10,1,4,1,20,14,16,14,9,0,0,0.29041218781182704,2.3961882315053002,9.787989179126345,0.5263157894736842,0.1,0.3157894736842105,0.5688718622982397,0.11869199553378566,0
user_8372,2021-04-05 03:27:00,22,9,9,0,3,1,20,17,5,14,19,0,0,1.1715117432877697,1.1517582121467174,8.58446624112848,0.4090909090909091,0.0,0.4090909090909091,0.7341168110760745,0.8947830066135424,0
user_8373,2021-04-05 03:42:00,19,7,3,1,3,0,10,11,20,9,18,0,0,2.844798415939252,2.5836503375232356,1.220240276157439,0.15789473684210525,0.3333333333333333,0.3684210526315789,0.951881833977201,0.4929874473047965,0
user_8374,2021-04-05 03:57:00,23,10,5,0,3,1,15,6,16,20,14,0,0,4.412281449087095,4.313700096365595,8.111615452733428,0.21739130434782608,0.0,0.43478260869565216,0.7267791790980986,0.7967925936161021,0
user_8375,2021-04-05 04:12:00,21,8,8,1,1,1,19,5,8,12,20,0,0,0.42676546647334357,4.667626732876891,6.984776117505484,0.38095238095238093,0.125,0.38095238095238093,0.6718744413945251,0.37042996008445517,0
user_8376,2021-04-05 04:27:00,12,11,8,0,3,1,7,19,19,20,14,0,0,2.482561511120235,7.9088452251881955,7.1286600476542565,0.6666666666666666,0.0,0.9166666666666666,0.38888117821032586,0.8493114255001557,0
user_8377,2021-04-05 04:42:00,21,8,4,1,5,0,8,19,11,17,10,0,0,3.8746691761744168,7.499488706321525,6.406490784142628,0.19047619047619047,0.25,0.38095238095238093,0.34257136583332026,0.8098927533393875,0
user_8378,2021-04-05 04:57:00,20,11,4,0,3,2,14,14,18,17,12,0,0,4.330426396038945,5.916823234865006,3.5995283662142046,0.2,0.0,0.55,0.5899685046350401,0.32910167138707536,0
user_8379,2021-04-05 05:12:00,22,15,7,1,2,1,20,14,19,14,9,0,0,6.923745799729359,3.6208646350616096,3.965029728020579,0.3181818181818182,0.14285714285714285,0.6818181818181818,0.6921771675241518,0.17540754252410046,0
user_8380,2021-04-05 05:27:00,30,5,5,1,2,1,12,12,17,9,9,0,0,9.65165290066048,5.981829127762211,10.218925413337134,0.16666666666666666,0.2,0.16666666666666666,0.40743633331153606,0.7338177325094165,0
user_8381,2021-04-05 05:42:00,16,11,10,2,0,1,14,11,11,18,13,0,0,3.368518000039469,1.5574742784420637,5.7496973449991495,0.625,0.2,0.6875,0.7613575257741222,0.3121828714023077,0
user_8382,2021-04-05 05:57:00,27,3,5,1,1,0,6,9,18,18,11,0,0,6.542045594070007,2.595525893477777,1.48664851135837,0.18518518518518517,0.2,0.1111111111111111,0.45986969078113826,0.32744030563771975,0
user_8383,2021-04-05 06:12:00,25,18,9,1,2,1,16,18,7,19,15,0,0,6.104439657711718,1.5111126059268862,9.185745733474956,0.36,0.1111111111111111,0.72,0.29005306528644353,0.4939884490740113,0
user_8384,2021-04-05 06:27:00,24,7,4,1,2,2,13,10,17,5,12,0,0,1.4155457735214614,5.429523912316763,3.8947632695049594,0.16666666666666666,0.25,0.2916666666666667,0.18828400026711736,0.5585313575080513,1
user_8385,2021-04-05 06:42:00,21,13,5,2,3,1,12,16,6,8,14,0,0,6.902151282644825,2.667195147717713,9.569452769097982,0.23809523809523808,0.4,0.6190476190476191,0.1830876102543659,0.3923491517815676,0
user_8386,2021-04-05 06:57:00,19,15,3,0,5,1,6,13,7,15,18,0,0,8.312221862166563,0.23698981211892262,3.2670369716695924,0.15789473684210525,0.0,0.7894736842105263,0.4417256380298783,0.7445090914767379,1
user_8387,2021-04-05 07:12:00,26,12,4,1,2,2,14,13,18,15,20,0,0,1.062393711565336,1.7764681349081737,10.635251452475352,0.15384615384615385,0.25,0.46153846153846156,0.4452305616884996,0.5388018577822921,0
user_8388,2021-04-05 07:27:00,22,10,11,1,1,1,12,15,19,14,15,0,0,4.122504871813787,2.3297832364255235,7.8877080785784575,0.5,0.09090909090909091,0.45454545454545453,0.229019283253585,0.36496111861028346,0
user_8389,2021-04-05 07:42:00,24,14,5,2,1,1,9,8,17,19,15,0,0,4.489037972494099,2.816763814007315,2.0384706229084593,0.20833333333333334,0.4,0.5833333333333334,0.8528722799263085,0.5219737755905495,0
user_8390,2021-04-05 07:57:00,23,18,3,2,3,0,7,10,15,20,5,0,0,8.66124344151392,6.3425926272398945,3.5987996463728438,0.13043478260869565,0.6666666666666666,0.782608695652174,0.3455612406846967,0.14934145954203043,0
user_8391,2021-04-05 08:12:00,22,9,5,0,2,0,11,18,6,17,16,0,0,1.950819875436454,4.386063543265023,4.708929412910255,0.22727272727272727,0.0,0.4090909090909091,0.41026640632055167,0.6835654507244633,0
user_8392,2021-04-05 08:27:00,16,12,5,1,3,0,19,9,17,18,16,0,0,0.6170724276035373,6.769130841817035,11.523066055509856,0.3125,0.2,0.75,0.7430524195299242,0.5586098006009222,0
user_8393,2021-04-05 08:42:00,19,11,6,0,2,0,16,19,10,15,5,0,0,9.29071671579013,3.696636306743696,8.262353235336555,0.3157894736842105,0.0,0.5789473684210527,0.4175814051538477,0.8617903582088768,0
user_8394,2021-04-05 08:57:00,27,9,4,1,2,1,11,11,7,11,6,0,0,0.31412445177494425,6.2687239904517345,7.778864148707283,0.14814814814814814,0.25,0.3333333333333333,0.6182918294324004,0.947318698070077,0
user_8395,2021-04-05 09:12:00,31,12,6,2,2,0,10,19,17,16,18,0,0,5.681581785621269,3.617050544764626,10.979878732780323,0.1935483870967742,0.3333333333333333,0.3870967741935484,0.6550436106441567,0.1752756685687588,0
user_8396,2021-04-05 09:27:00,18,8,8,1,0,1,10,7,14,20,15,0,0,8.828449259151943,0.24912672459891413,5.5231068607590394,0.4444444444444444,0.125,0.4444444444444444,0.9356254463278614,0.2642438471658474,0
user_8397,2021-04-05 09:42:00,20,6,8,0,3,0,18,7,9,18,5,0,0,6.595287359954773,6.508472908574009,2.0815606012569243,0.4,0.0,0.3,0.8664799579531437,0.279905081642394,0
user_8398,2021-04-05 09:57:00,19,9,4,0,1,0,5,19,7,7,14,0,0,4.13147856633376,7.767729089143803,2.634186247824591,0.21052631578947367,0.0,0.47368421052631576,0.7021054994697757,0.20263358186100378,1
user_8399,2021-04-05 10:12:00,11,15,8,0,1,0,9,7,12,20,5,0,0,6.885827432782668,4.899315388239999,9.645959762052378,0.7272727272727273,0.0,1.3636363636363635,0.3120306629424288,0.6852071824989984,0
user_8400,2021-04-05 10:27:00,22,9,8,1,1,1,12,11,11,6,10,0,0,0.7398374889586693,2.7425855862136226,9.739069831385601,0.36363636363636365,0.125,0.4090909090909091,0.9060083750697114,0.819780033635452,0
user_8401,2021-04-05 10:42:00,23,9,5,2,1,1,14,13,18,11,6,0,0,2.821433884487042,2.7427474860243626,3.3653647046779485,0.21739130434782608,0.4,0.391304347826087,0.3622567709773269,0.9192560498056744,0
user_8402,2021-04-05 10:57:00,19,9,5,2,3,1,20,19,19,17,18,0,0,7.195458383949838,0.6030701090686196,1.6017621708138545,0.2631578947368421,0.4,0.47368421052631576,0.4670776376736504,0.3087950634186606,0
user_8403,2021-04-05 11:12:00,24,5,5,0,2,1,7,18,15,13,17,0,0,5.508045145351209,0.1903180569442059,6.38664766702355,0.20833333333333334,0.0,0.20833333333333334,0.38292085430543576,0.3831462625810723,0
user_8404,2021-04-05 11:27:00,25,14,6,0,3,1,14,17,11,16,15,0,0,3.761932297232534,2.6777537048176745,2.899644910028938,0.24,0.0,0.56,0.36630823288225545,0.10446068742292053,0
user_8405,2021-04-05 11:42:00,21,14,9,1,1,1,18,19,14,6,10,0,0,3.3848607289341253,7.72350841374332,0.7634086820758255,0.42857142857142855,0.1111111111111111,0.6666666666666666,0.16896333304993677,0.8862553655076653,0
user_8406,2021-04-05 11:57:00,24,6,4,1,3,1,9,9,20,7,12,0,0,1.9008479513733245,5.245986788590584,8.59952113371904,0.16666666666666666,0.25,0.25,0.5736835763152396,0.16069288778012705,0
user_8407,2021-04-05 12:12:00,21,15,5,2,1,1,10,5,11,17,12,0,0,3.3175890123670926,5.010164772995209,8.128717279062345,0.23809523809523808,0.4,0.7142857142857143,0.44753633492864675,0.6338296789214408,0
user_8408,2021-04-05 12:27:00,21,7,6,2,2,1,17,12,11,14,5,0,0,3.1673873098481575,4.531783310199872,7.7515749082150975,0.2857142857142857,0.3333333333333333,0.3333333333333333,0.5329364147690788,0.8059625522015903,0
user_8409,2021-04-05 12:42:00,21,4,3,1,2,0,13,12,18,11,17,0,0,9.846156818840045,0.36630219511141415,0.523662390555596,0.14285714285714285,0.3333333333333333,0.19047619047619047,0.7311252213662554,0.7670496537561455,0
user_8410,2021-04-05 12:57:00,14,14,9,1,1,1,9,19,19,16,16,0,0,0.9809483493039515,1.040022884092315,10.794007099370674,0.6428571428571429,0.1111111111111111,1.0,0.39405529191720556,0.11976720863084331,0
user_8411,2021-04-05 13:12:00,15,15,6,0,2,2,7,11,12,5,14,0,0,1.3703258080367262,2.773832928857229,5.2890528728847706,0.4,0.0,1.0,0.5268791282642248,0.6450557117793565,1
user_8412,2021-04-05 13:27:00,19,13,9,2,2,1,14,13,8,9,13,0,0,9.198849414451924,4.545977814427181,8.941526308787505,0.47368421052631576,0.2222222222222222,0.6842105263157895,0.9989916503767897,0.9760253713105516,0
user_8413,2021-04-05 13:42:00,26,8,9,1,2,0,14,12,6,5,11,0,0,8.699424094206897,6.888587860073838,11.565062134040094,0.34615384615384615,0.1111111111111111,0.3076923076923077,0.34243462238987815,0.660517442245532,0
user_8414,2021-04-05 13:57:00,20,9,12,0,2,1,6,10,17,13,14,0,0,5.9856941079744805,6.845762562660721,5.745342322710329,0.6,0.0,0.45,0.18070101676928857,0.6213877428241219,0
user_8415,2021-04-05 14:12:00,19,10,5,1,3,0,15,16,17,9,19,0,0,5.804640362388209,1.6587170705065453,2.2320242111499837,0.2631578947368421,0.2,0.5263157894736842,0.25337483500723107,0.40667691218118485,1
user_8416,2021-04-05 14:27:00,30,11,1,1,3,1,11,8,7,12,10,0,0,8.789279237371021,7.001443966061605,11.671863434104834,0.03333333333333333,1.0,0.36666666666666664,0.4748203619584316,0.3987833251740137,0
user_8417,2021-04-05 14:42:00,24,11,3,1,1,0,9,19,15,20,6,0,0,8.101528347313074,5.516221503481774,3.040100574690329,0.125,0.3333333333333333,0.4583333333333333,0.6786209332517879,0.9469063026129924,0
user_8418,2021-04-05 14:57:00,25,5,6,2,1,1,20,14,15,6,13,0,0,5.804035120421802,4.817341232670374,8.12019509208399,0.24,0.3333333333333333,0.2,0.3735353638335197,0.5625810880799879,0
user_8419,2021-04-05 15:12:00,23,7,7,3,0,0,6,18,14,12,19,0,0,4.457512845052746,5.367602139625335,2.2346439881647377,0.30434782608695654,0.42857142857142855,0.30434782608695654,0.1947127394258946,0.18234878012513261,0
user_8420,2021-04-05 15:27:00,18,11,3,1,2,0,18,13,9,18,10,0,0,1.7573662795527842,6.905958375862372,0.5845405223728665,0.16666666666666666,0.3333333333333333,0.6111111111111112,0.6499164089038895,0.7483353072429455,0
user_8421,2021-04-05 15:42:00,17,11,5,1,1,0,15,5,13,6,14,0,0,6.545631626705217,4.971274600728785,3.558575863635456,0.29411764705882354,0.2,0.6470588235294118,0.9286914317613734,0.7761391624843919,0
user_8422,2021-04-05 15:57:00,22,7,11,0,1,1,11,9,10,11,6,0,0,6.707862231837414,4.615209785235775,2.518631451835476,0.5,0.0,0.3181818181818182,0.838322758786245,0.2861905426638758,0
user_8423,2021-04-05 16:12:00,12,9,2,0,2,0,13,19,7,15,14,0,0,9.708926284472831,1.9650015010079385,7.472403273679465,0.16666666666666666,0.0,0.75,0.9463976195003825,0.8478330642687463,0
user_8424,2021-04-05 16:27:00,22,8,12,0,2,1,15,10,7,19,9,0,0,3.853687518756316,1.0674776254674547,9.679672393481873,0.5454545454545454,0.0,0.36363636363636365,0.9628653637803207,0.6420782885587849,0
user_8425,2021-04-05 16:42:00,15,9,12,2,0,0,16,7,13,9,5,0,0,3.2180821806709683,3.084473365951469,10.767114942081731,0.8,0.16666666666666666,0.6,0.5605542351602888,0.4763762363108417,0
user_8426,2021-04-05 16:57:00,23,11,8,1,2,0,13,20,5,17,13,0,0,3.3635594884866746,1.1226108818415248,8.864421361678849,0.34782608695652173,0.125,0.4782608695652174,0.7151439608600445,0.4108258365537757,0
user_8427,2021-04-05 17:12:00,18,8,5,1,1,0,10,6,18,20,17,0,0,6.419272790893662,7.262952952265169,9.15450481386641,0.2777777777777778,0.2,0.4444444444444444,0.5476909527999968,0.9451753028955525,1
user_8428,2021-04-05 17:27:00,18,10,5,1,4,1,19,9,7,12,14,0,0,1.5766565530549759,4.7834574576715365,11.108654925285435,0.2777777777777778,0.2,0.5555555555555556,0.37473600980976096,0.9670065292493435,0
user_8429,2021-04-05 17:42:00,18,10,8,1,2,0,20,16,9,20,7,0,0,2.1549508081878153,6.641686269218283,0.6042533445755836,0.4444444444444444,0.125,0.5555555555555556,0.11756920823460715,0.14476354068136718,0
user_8430,2021-04-05 17:57:00,17,8,7,2,3,1,11,19,14,9,15,0,0,2.4521078010290838,1.1923638944416912,7.866736471580968,0.4117647058823529,0.2857142857142857,0.47058823529411764,0.5098818976923479,0.18581799462773363,0
user_8431,2021-04-05 18:12:00,14,6,6,2,2,0,7,20,20,17,12,0,0,9.94918509709684,3.4545197743986007,10.41887877476519,0.42857142857142855,0.3333333333333333,0.42857142857142855,0.8051054695459733,0.367712731148931,1
user_8432,2021-04-05 18:27:00,23,8,8,1,3,0,10,5,11,11,5,0,0,5.466825345417466,1.3765111871320312,4.2962809540037465,0.34782608695652173,0.125,0.34782608695652173,0.1378888460942428,0.2541712584657882,0
user_8433,2021-04-05 18:42:00,17,14,5,1,2,0,13,20,7,9,14,0,0,2.2258429917060822,3.68944246073651,10.228992830178942,0.29411764705882354,0.2,0.8235294117647058,0.7678227853183932,0.9734421999123192,0
user_8434,2021-04-05 18:57:00,22,8,4,1,4,0,18,20,7,8,6,0,0,0.1898643284308421,2.6282400032615545,11.560021462984169,0.18181818181818182,0.25,0.36363636363636365,0.3451663176365848,0.18497558408710074,0
user_8435,2021-04-05 19:12:00,23,12,2,0,1,0,10,8,9,6,15,0,0,3.8413302996345497,5.678218832265213,9.94049606096867,0.08695652173913043,0.0,0.5217391304347826,0.799466827372806,0.8053648667285974,0
user_8436,2021-04-05 19:27:00,22,4,7,0,3,0,20,10,20,15,10,0,0,7.529772708561686,3.252106994893482,5.4205717802627476,0.3181818181818182,0.0,0.18181818181818182,0.2447599694994735,0.9933143675961659,1
user_8437,2021-04-05 19:42:00,16,13,3,2,3,0,9,12,16,14,15,0,0,8.336337141569883,7.6056941687047805,1.5142987794710159,0.1875,0.6666666666666666,0.8125,0.8895366151360353,0.4426896679609067,0
user_8438,2021-04-05 19:57:00,23,15,4,2,1,1,10,18,18,14,20,0,0,9.90429166618429,3.199449287843231,9.647976385703803,0.17391304347826086,0.5,0.6521739130434783,0.9830191989696749,0.3206374670479418,1
user_8439,2021-04-05 20:12:00,21,13,4,0,1,2,10,14,16,9,19,0,0,2.8061034465954706,6.987165523968925,7.948868521216765,0.19047619047619047,0.0,0.6190476190476191,0.8104612114025008,0.6764258943282032,0
user_8440,2021-04-05 20:27:00,18,8,5,0,0,0,14,16,18,8,6,0,0,4.237835464702097,0.10598935183732312,5.4284499127227495,0.2777777777777778,0.0,0.4444444444444444,0.6467884266312173,0.9802649033340032,0
user_8441,2021-04-05 20:42:00,14,9,3,0,2,1,16,20,8,9,8,0,0,5.645600685665255,5.784061369707389,4.0883124547781255,0.21428571428571427,0.0,0.6428571428571429,0.7806516205937131,0.9537475580612302,0
user_8442,2021-04-05 20:57:00,19,11,7,0,0,1,13,20,12,10,12,0,0,5.557995626512666,1.9789090978288233,11.79426398074405,0.3684210526315789,0.0,0.5789473684210527,0.25368958322637497,0.14226332665688485,0
user_8443,2021-04-05 21:12:00,13,4,5,1,4,0,9,18,18,8,10,0,0,1.132923560663097,1.6808761031115917,4.3324042482366165,0.38461538461538464,0.2,0.3076923076923077,0.2375970680587552,0.2522190465027728,0
user_8444,2021-04-05 21:27:00,25,11,7,2,3,0,11,9,13,18,6,0,0,5.308882704108762,6.652855135658749,3.2491141538808734,0.28,0.2857142857142857,0.44,0.8410253576167565,0.24998298782638664,0
user_8445,2021-04-05 21:42:00,20,5,5,1,3,1,11,10,8,10,5,0,0,5.667340911176766,5.872426855540578,3.555472581834354,0.25,0.2,0.25,0.9881520544945386,0.19380392575439914,0
user_8446,2021-04-05 21:57:00,29,11,7,2,2,0,6,15,11,11,7,0,0,5.329074566377076,3.2407546370995446,4.508189296352542,0.2413793103448276,0.2857142857142857,0.3793103448275862,0.9311367893548358,0.8574819069703977,0
user_8447,2021-04-05 22:12:00,18,9,9,0,2,1,8,14,11,11,9,0,0,3.1870012170435307,4.256781773526761,9.11917454732059,0.5,0.0,0.5,0.36859528603439895,0.16160532642401015,0
user_8448,2021-04-05 22:27:00,20,9,10,1,1,1,11,10,7,15,7,0,0,5.77095717841075,4.118047273502942,1.6380663561870448,0.5,0.1,0.45,0.2542318079501406,0.17454074780390483,0
user_8449,2021-04-05 22:42:00,22,14,4,2,1,2,8,13,9,8,20,0,0,8.48515577868082,4.0430510982678936,0.5202640627501864,0.18181818181818182,0.5,0.6363636363636364,0.10737887467771114,0.25552988135332516,0
user_8450,2021-04-05 22:57:00,14,12,7,1,2,0,20,20,9,19,11,0,0,1.6925186414032265,3.2824333324872423,7.773869059883851,0.5,0.14285714285714285,0.8571428571428571,0.20905535164538702,0.19420461267468142,1
user_8451,2021-04-05 23:12:00,24,16,6,2,2,0,9,20,6,9,12,0,0,0.7235313783038744,2.2071801601089702,4.5676909488956525,0.25,0.3333333333333333,0.6666666666666666,0.21709186522321738,0.7186635101551032,0
user_8452,2021-04-05 23:27:00,18,10,7,0,0,0,5,6,18,8,17,0,0,8.69224067284681,4.785601834348993,11.658869226291847,0.3888888888888889,0.0,0.5555555555555556,0.30399863166832436,0.7843081061615582,0
user_8453,2021-04-05 23:42:00,27,11,6,0,1,1,6,19,12,7,14,0,0,1.7297319462472232,0.6994601580545106,10.085583231631102,0.2222222222222222,0.0,0.4074074074074074,0.559213046784158,0.8924836627280619,0
user_8454,2021-04-05 23:57:00,20,13,3,1,2,0,19,18,16,17,16,0,0,6.036640403356696,5.880507746546574,7.305150124268413,0.15,0.3333333333333333,0.65,0.8745200082362871,0.554244972955947,0
user_8455,2021-04-06 00:12:00,19,5,5,0,2,0,20,14,7,5,6,1,0,3.123622117148282,4.52897904503756,9.970858000282172,0.2631578947368421,0.0,0.2631578947368421,0.6630544644781624,0.9590192092746783,0
user_8456,2021-04-06 00:27:00,18,12,6,0,0,0,16,6,19,20,5,1,0,9.653369848921109,2.3660645788329617,2.390325596245958,0.3333333333333333,0.0,0.6666666666666666,0.9990785667091452,0.2731383798097789,0
user_8457,2021-04-06 00:42:00,23,7,7,0,3,0,12,14,19,6,18,1,0,0.357773021010526,3.8272412484344125,7.23515500518932,0.30434782608695654,0.0,0.30434782608695654,0.7081413636348701,0.8287111385859067,0
user_8458,2021-04-06 00:57:00,19,7,6,0,3,1,16,16,11,12,12,1,0,1.9590164800617758,3.31174907893935,4.570429399301485,0.3157894736842105,0.0,0.3684210526315789,0.17334088117304247,0.7327607035597968,0
user_8459,2021-04-06 01:12:00,19,14,12,1,2,1,14,18,5,6,18,1,0,1.529062035176976,3.073663847599284,5.344192671782235,0.631578947368421,0.08333333333333333,0.7368421052631579,0.757612970155911,0.6392478982331334,0
user_8460,2021-04-06 01:27:00,16,12,6,1,5,2,6,17,17,6,7,1,0,4.759315644270053,2.1084069157878242,11.491216769409487,0.375,0.16666666666666666,0.75,0.8949497765607732,0.1901989060418644,0
user_8461,2021-04-06 01:42:00,11,9,6,2,2,0,14,16,19,6,15,1,0,2.6609056166508194,5.449670859298011,0.7022037183979196,0.5454545454545454,0.3333333333333333,0.8181818181818182,0.6821957837056726,0.7482297862700873,0
user_8462,2021-04-06 01:57:00,26,8,6,0,1,2,15,18,12,12,18,1,0,2.3749016723016316,2.0396213767386455,4.534666383046058,0.23076923076923078,0.0,0.3076923076923077,0.5584651870580996,0.299882888069498,0
user_8463,2021-04-06 02:12:00,19,11,6,2,4,1,12,13,8,15,19,1,0,9.989066970982794,2.6600625435894956,1.2691004581239447,0.3157894736842105,0.3333333333333333,0.5789473684210527,0.17173349225855844,0.6079331558471052,0
user_8464,2021-04-06 02:27:00,15,11,7,1,3,0,8,16,12,6,14,1,0,3.1347411283649307,5.376170615469738,4.504853922132608,0.4666666666666667,0.14285714285714285,0.7333333333333333,0.9797063229751266,0.6800624600232142,1
user_8465,2021-04-06 02:42:00,21,14,3,1,3,0,7,7,14,14,7,1,0,9.16492965126834,2.436522683483403,11.931819455278916,0.14285714285714285,0.3333333333333333,0.6666666666666666,0.5995267272612651,0.607771371112284,0
user_8466,2021-04-06 02:57:00,20,14,4,1,1,1,6,15,9,14,8,1,0,0.921934166358601,5.2350633945467555,9.683249649225129,0.2,0.25,0.7,0.5851476816492306,0.5297409635543123,0
user_8467,2021-04-06 03:12:00,17,7,4,1,3,1,8,16,14,14,7,1,0,5.008684425051365,0.402864181288627,10.099697303441216,0.23529411764705882,0.25,0.4117647058823529,0.788340619327394,0.23797749126093898,0
user_8468,2021-04-06 03:27:00,21,7,6,2,1,0,19,7,17,12,17,1,0,7.766415950760408,3.8391747115574018,3.2617744738000076,0.2857142857142857,0.3333333333333333,0.3333333333333333,0.10466218101961966,0.6356898688436509,0
user_8469,2021-04-06 03:42:00,23,9,4,0,2,1,10,15,6,14,18,1,0,5.6254408527774356,4.993813804953955,3.3471686304640036,0.17391304347826086,0.0,0.391304347826087,0.2043153802889195,0.8558319818642116,0
user_8470,2021-04-06 03:57:00,26,8,5,1,2,0,9,11,13,10,8,1,0,5.385324210858311,7.328671686382786,11.79899070843522,0.19230769230769232,0.2,0.3076923076923077,0.4248297947591855,0.6723965650187825,0
user_8471,2021-04-06 04:12:00,23,13,8,0,1,1,13,13,16,5,10,1,0,6.803755116678935,5.956446513037012,0.7251174576693995,0.34782608695652173,0.0,0.5652173913043478,0.11462746979096164,0.8667622452109734,0
user_8472,2021-04-06 04:27:00,21,6,3,2,1,0,6,7,8,6,14,1,0,3.2088716663983603,1.6337250610269758,7.151461254707178,0.14285714285714285,0.6666666666666666,0.2857142857142857,0.10361747892189986,0.35048651912940054,0
user_8473,2021-04-06 04:42:00,21,8,6,1,2,1,9,15,14,18,10,1,0,4.158852148576921,7.820985979622854,4.029232001129209,0.2857142857142857,0.16666666666666666,0.38095238095238093,0.997962730572396,0.5065424110235413,0
user_8474,2021-04-06 04:57:00,25,9,6,1,3,0,19,20,12,14,18,1,0,1.072261755194235,2.6670087037576105,3.0178687393542774,0.24,0.16666666666666666,0.36,0.21334454759888316,0.6855884531330386,0
user_8475,2021-04-06 05:12:00,21,7,4,1,4,0,16,6,5,17,11,1,0,9.352634651738388,3.7714966478711283,4.487340941118054,0.19047619047619047,0.25,0.3333333333333333,0.21666350687052735,0.6766006738238827,0
user_8476,2021-04-06 05:27:00,24,10,6,0,0,0,11,15,7,20,6,1,0,3.8336786994289445,1.3131142063386467,6.757172597016367,0.25,0.0,0.4166666666666667,0.5913717310014912,0.4849765174701848,1
user_8477,2021-04-06 05:42:00,20,10,4,0,3,1,18,14,17,12,18,1,0,6.15530697173584,5.436406094195815,7.159729973960405,0.2,0.0,0.5,0.7405860589387445,0.43684512469894166,0
user_8478,2021-04-06 05:57:00,24,6,6,0,4,0,13,10,7,12,6,1,0,9.088635682379262,3.8507392001274194,0.5401287059431905,0.25,0.0,0.25,0.3526449868532979,0.5187142865825195,0
user_8479,2021-04-06 06:12:00,19,8,6,1,3,0,11,20,11,6,7,1,0,8.962860288469262,5.5577110063248565,5.000833714158066,0.3157894736842105,0.16666666666666666,0.42105263157894735,0.5576979542141729,0.9420310371932598,0
user_8480,2021-04-06 06:27:00,14,14,7,2,5,0,14,18,12,13,6,1,0,0.270864528852259,5.160349899684005,6.269992896100154,0.5,0.2857142857142857,1.0,0.665142855825992,0.38951220113088325,0
user_8481,2021-04-06 06:42:00,34,13,4,0,1,1,10,17,17,16,6,1,0,7.578873497574617,7.345446962024964,3.0455255511970956,0.11764705882352941,0.0,0.38235294117647056,0.23251462246493204,0.7160802007829209,0
user_8482,2021-04-06 06:57:00,18,9,6,0,2,1,6,16,13,14,19,1,0,0.8219015340572254,0.7587744952891723,0.8443806514819464,0.3333333333333333,0.0,0.5,0.919989801613545,0.5955903637101889,0
user_8483,2021-04-06 07:12:00,15,10,5,0,1,0,13,19,16,20,5,1,0,8.848635436948697,3.1901884242665295,4.83507668684,0.3333333333333333,0.0,0.6666666666666666,0.3131101773272774,0.6826912873574705,0
user_8484,2021-04-06 07:27:00,16,9,1,2,2,1,12,7,16,11,11,1,0,3.801634227481345,7.934098959100334,1.3625296617354001,0.0625,2.0,0.5625,0.881026631200755,0.5996582788527105,0
user_8485,2021-04-06 07:42:00,16,13,2,0,2,1,16,7,9,15,9,1,0,7.714987632192859,4.047814902972233,6.990389172179289,0.125,0.0,0.8125,0.23570601779257866,0.9925662341455112,1
user_8486,2021-04-06 07:57:00,19,15,3,1,0,2,15,7,5,8,6,1,0,0.931796390635634,6.931300270921945,11.225792583386921,0.15789473684210525,0.3333333333333333,0.7894736842105263,0.3660661740012825,0.7066722513369891,0
user_8487,2021-04-06 08:12:00,22,6,8,0,0,1,10,17,8,13,10,1,0,2.8821428797099267,6.0101756149100405,6.067592802619996,0.36363636363636365,0.0,0.2727272727272727,0.15035244273539858,0.48152358623740854,0
user_8488,2021-04-06 08:27:00,23,4,5,1,6,0,17,18,18,12,5,1,0,9.293101531180302,2.631732473659757,6.092646964444328,0.21739130434782608,0.2,0.17391304347826086,0.24848912044962385,0.6673598133984973,0
user_8489,2021-04-06 08:42:00,16,9,4,0,1,1,8,10,5,16,5,1,0,8.970604990213442,6.918125527514812,10.834744362983791,0.25,0.0,0.5625,0.5973720981709437,0.9854952149874835,0
user_8490,2021-04-06 08:57:00,17,13,13,1,0,0,15,16,12,20,5,1,0,1.9145884179538029,3.852079863936714,6.570422291378316,0.7647058823529411,0.07692307692307693,0.7647058823529411,0.49478303661010203,0.4264122107455899,0
user_8491,2021-04-06 09:12:00,20,11,8,1,1,1,15,20,15,12,20,1,0,2.027279101264327,1.1142628291482135,10.169493971021735,0.4,0.125,0.55,0.4880419973044978,0.2953395110232306,0
user_8492,2021-04-06 09:27:00,26,10,3,2,3,2,13,12,15,20,9,1,0,3.328755991081833,7.125401264119863,5.686850267786762,0.11538461538461539,0.6666666666666666,0.38461538461538464,0.8909333467934591,0.6228987069410672,0
user_8493,2021-04-06 09:42:00,17,5,6,2,2,0,17,5,9,12,6,1,0,0.1425889212607641,3.2968961400608543,7.540775388425239,0.35294117647058826,0.3333333333333333,0.29411764705882354,0.2702989436307146,0.7319617450887066,0
user_8494,2021-04-06 09:57:00,15,13,5,1,3,2,7,11,9,14,13,1,0,8.740572966208493,6.421206468285627,1.180298811892133,0.3333333333333333,0.2,0.8666666666666667,0.2381054727035571,0.1693817591782273,0
user_8495,2021-04-06 10:12:00,19,11,6,0,2,0,10,17,17,8,5,1,0,1.3637324268475417,4.59921313911187,8.64060972022347,0.3157894736842105,0.0,0.5789473684210527,0.36285701743767773,0.13590063702046926,0
user_8496,2021-04-06 10:27:00,17,6,6,2,4,1,15,18,8,11,10,1,0,3.4127732347287343,1.5867949524943388,10.325906388231436,0.35294117647058826,0.3333333333333333,0.35294117647058826,0.8281660122983797,0.7947220778397328,1
user_8497,2021-04-06 10:42:00,13,6,8,1,1,0,5,7,13,15,19,1,0,8.503077800286489,4.43687518763382,9.978722786606694,0.6153846153846154,0.125,0.46153846153846156,0.61694325608641,0.6494298309005341,0
user_8498,2021-04-06 10:57:00,17,9,6,0,4,0,6,19,17,20,17,1,0,9.56682409603968,6.212120774721362,10.262680264294108,0.35294117647058826,0.0,0.5294117647058824,0.43984768889006265,0.3406597847069198,0
user_8499,2021-04-06 11:12:00,19,13,3,1,6,1,20,18,10,8,9,1,0,7.963203707865543,5.790658879214356,2.022793090387973,0.15789473684210525,0.3333333333333333,0.6842105263157895,0.9580803500613215,0.4875486247080021,0
user_8500,2021-04-06 11:27:00,22,8,9,0,3,2,10,5,14,5,13,1,0,3.3291949776862104,5.960205355960734,7.669025372149958,0.4090909090909091,0.0,0.36363636363636365,0.8171458639394373,0.6757539779177097,0
user_8501,2021-04-06 11:42:00,19,11,5,0,2,2,12,17,19,17,19,1,0,1.6710983150731964,6.151823171935252,11.7001501278434,0.2631578947368421,0.0,0.5789473684210527,0.5716460023275914,0.7938083264902559,0
user_8502,2021-04-06 11:57:00,22,5,7,1,3,1,14,19,11,7,12,1,0,9.273493640010793,6.8187470417060485,11.389613106951568,0.3181818181818182,0.14285714285714285,0.22727272727272727,0.4727465627486269,0.2283726831354292,0
user_8503,2021-04-06 12:12:00,16,11,4,1,2,1,19,8,20,12,19,1,0,6.6842179492288,0.3358139187358562,3.099583151772171,0.25,0.25,0.6875,0.6760205529822492,0.7805371735095029,0
user_8504,2021-04-06 12:27:00,21,6,7,1,4,0,11,13,19,20,11,1,0,8.850966134239037,2.224439427931504,7.177252542988987,0.3333333333333333,0.14285714285714285,0.2857142857142857,0.10862880525513904,0.858123697081084,0
user_8505,2021-04-06 12:42:00,22,11,6,0,3,1,11,12,17,14,6,1,0,3.7922021752013153,7.949359060848044,3.5329438782966394,0.2727272727272727,0.0,0.5,0.9540849141077464,0.36696862928190366,0
user_8506,2021-04-06 12:57:00,19,12,11,1,0,0,13,13,20,16,5,1,0,7.562962732970803,1.5273862507253455,10.181125795219703,0.5789473684210527,0.09090909090909091,0.631578947368421,0.6125930275365699,0.14994457042625808,0
user_8507,2021-04-06 13:12:00,24,11,6,1,2,0,11,10,13,7,8,1,0,7.7076722564526445,0.8535000115713355,3.5007142874120794,0.25,0.16666666666666666,0.4583333333333333,0.7857949250933918,0.6454019164320879,0
user_8508,2021-04-06 13:27:00,20,11,2,1,2,0,6,14,13,17,6,1,0,2.2534341863237355,1.861907835467071,1.224915752747236,0.1,0.5,0.55,0.5078958654304118,0.7259967900454518,0
user_8509,2021-04-06 13:42:00,18,15,5,2,4,1,5,19,17,17,14,1,0,9.536890587487461,7.6060325900719645,4.488963236894316,0.2777777777777778,0.4,0.8333333333333334,0.2589885869751585,0.48832382384691964,0
user_8510,2021-04-06 13:57:00,17,7,6,2,3,1,6,7,10,6,6,1,0,1.8913663036935864,1.034750426306634,6.535424151755857,0.35294117647058826,0.3333333333333333,0.4117647058823529,0.9259079233086471,0.7471272766178068,0
user_8511,2021-04-06 14:12:00,23,11,6,0,0,1,16,14,11,10,16,1,0,7.976495583680734,3.7076053843279917,5.332694654139495,0.2608695652173913,0.0,0.4782608695652174,0.635836260981885,0.40771303044520557,1
user_8512,2021-04-06 14:27:00,19,10,10,1,5,2,9,6,9,12,10,1,0,7.557686723919901,2.2066930080097595,10.583094182659826,0.5263157894736842,0.1,0.5263157894736842,0.9168631619137113,0.20225356701931613,0
user_8513,2021-04-06 14:42:00,19,11,5,1,1,1,11,11,14,13,6,1,0,8.408145035076629,2.3390584270473496,6.776763069430708,0.2631578947368421,0.2,0.5789473684210527,0.15269031391756852,0.3402700860125929,0
user_8514,2021-04-06 14:57:00,21,13,4,1,1,1,20,17,13,20,13,1,0,3.700334103804718,1.1605842350125846,7.905568230793308,0.19047619047619047,0.25,0.6190476190476191,0.9554731636007594,0.8604462683933299,0
user_8515,2021-04-06 15:12:00,28,8,5,0,2,0,13,20,18,17,8,1,0,6.358237730404842,0.7578460845288496,5.289256173033052,0.17857142857142858,0.0,0.2857142857142857,0.8062852212843081,0.9048185893714499,0
user_8516,2021-04-06 15:27:00,28,8,2,1,3,1,14,11,13,5,7,1,0,3.307889766362356,3.1868868212308814,9.630044533388613,0.07142857142857142,0.5,0.2857142857142857,0.5534975502131744,0.4331866820853735,0
user_8517,2021-04-06 15:42:00,20,9,4,2,0,0,20,17,20,16,17,1,0,0.3235907992694345,1.3074371786473518,10.394832042497686,0.2,0.5,0.45,0.9156709538738407,0.38506248853295955,0
user_8518,2021-04-06 15:57:00,27,8,9,0,4,0,10,16,7,13,20,1,0,2.5034710584194624,1.872107392399874,6.624938053888795,0.3333333333333333,0.0,0.2962962962962963,0.6802678444650914,0.3414587277894202,0
user_8519,2021-04-06 16:12:00,17,8,4,1,2,1,5,17,15,17,5,1,0,9.803886310866563,7.361016629258946,2.1176946816237345,0.23529411764705882,0.25,0.47058823529411764,0.3772023681943246,0.3997289973648088,0
user_8520,2021-04-06 16:27:00,19,10,7,2,0,0,19,15,5,19,9,1,0,8.755499354702405,1.4168601586963103,7.168079231070795,0.3684210526315789,0.2857142857142857,0.5263157894736842,0.8064317271350652,0.3376891973902007,0
user_8521,2021-04-06 16:42:00,20,5,7,1,2,1,8,6,14,17,7,1,0,1.7765509588734232,7.417232293322484,9.419048770106082,0.35,0.14285714285714285,0.25,0.5652504597931682,0.9101413438799145,0
user_8522,2021-04-06 16:57:00,18,7,5,0,4,2,6,16,13,18,12,1,0,6.788675945114235,0.42295681022274145,9.85244687814855,0.2777777777777778,0.0,0.3888888888888889,0.4244416736941913,0.7412800067951901,0
user_8523,2021-04-06 17:12:00,13,8,11,0,3,0,18,20,20,15,20,1,0,2.7277894114972683,4.803154215610839,6.166325503570316,0.8461538461538461,0.0,0.6153846153846154,0.1524039665068842,0.914385178493479,0
user_8524,2021-04-06 17:27:00,17,8,8,0,0,0,16,13,8,11,10,1,0,3.1048634185993764,7.558233412677194,10.737319209281898,0.47058823529411764,0.0,0.47058823529411764,0.7806859563117203,0.1824042389189539,0
user_8525,2021-04-06 17:42:00,25,11,6,1,2,1,19,7,19,16,18,1,0,1.9862117983063516,4.874569794484598,3.733049978771971,0.24,0.16666666666666666,0.44,0.9897625279890849,0.6972822538654143,1
user_8526,2021-04-06 17:57:00,24,9,7,2,1,0,15,15,6,17,14,1,0,0.56142321080297,7.4074301266600715,7.066344712715674,0.2916666666666667,0.2857142857142857,0.375,0.7532815856880336,0.5483751376818975,1
user_8527,2021-04-06 18:12:00,16,13,6,0,3,0,17,5,8,15,16,1,0,6.647323655870865,6.979100114669952,6.885790874677041,0.375,0.0,0.8125,0.8123642395812096,0.2333303655123181,0
user_8528,2021-04-06 18:27:00,17,6,4,1,0,2,16,17,9,18,6,1,0,4.169748173835743,1.3102394896434109,11.537710029457486,0.23529411764705882,0.25,0.35294117647058826,0.18534754191636027,0.2471631295903872,0
user_8529,2021-04-06 18:42:00,22,8,9,0,1,1,14,16,17,14,17,1,0,5.056786233587193,1.8519156936653887,4.358800650102426,0.4090909090909091,0.0,0.36363636363636365,0.17386604044505483,0.9414912428089871,0
user_8530,2021-04-06 18:57:00,21,6,6,0,5,1,13,6,20,15,16,1,0,4.018810147097292,3.353337091674399,6.9589015250837605,0.2857142857142857,0.0,0.2857142857142857,0.6059501585392999,0.14149682100242572,0
user_8531,2021-04-06 19:12:00,22,13,3,0,1,1,10,8,9,14,19,1,0,9.93433355480412,3.7918756087968,5.602762534050349,0.13636363636363635,0.0,0.5909090909090909,0.3029994417332236,0.8201647246491265,0
user_8532,2021-04-06 19:27:00,13,11,9,1,1,0,14,13,17,16,14,1,0,9.975232168365592,1.3669302161908858,8.097118602196387,0.6923076923076923,0.1111111111111111,0.8461538461538461,0.8557482929138662,0.5964316404028039,1
user_8533,2021-04-06 19:42:00,31,7,3,2,2,0,12,14,7,8,12,1,0,0.334285650290941,7.074998770064122,2.6334565800536507,0.0967741935483871,0.6666666666666666,0.22580645161290322,0.1205504109970922,0.15218982464729214,0
user_8534,2021-04-06 19:57:00,23,16,7,2,2,1,17,5,10,6,20,1,0,7.773551846305138,4.221016338386391,7.988546726651843,0.30434782608695654,0.2857142857142857,0.6956521739130435,0.25078480037330436,0.7580142866451595,0
user_8535,2021-04-06 20:12:00,22,6,5,1,2,1,6,13,17,18,8,1,0,1.2721411711264206,1.9686090890380818,8.30060734048261,0.22727272727272727,0.2,0.2727272727272727,0.6658453192116205,0.19949786007904474,1
user_8536,2021-04-06 20:27:00,21,4,7,1,2,1,14,20,10,6,17,1,0,1.2505776334584742,5.081483210735555,11.726497809442266,0.3333333333333333,0.14285714285714285,0.19047619047619047,0.6460861725542407,0.9669730724122552,0
user_8537,2021-04-06 20:42:00,9,9,10,2,3,0,19,5,20,17,17,1,0,5.784682066616571,5.119829767044307,7.801684245986942,1.1111111111111112,0.2,1.0,0.39203682216021085,0.6938713944198683,1
user_8538,2021-04-06 20:57:00,19,14,9,1,5,1,15,14,17,6,11,1,0,7.975437821767514,3.713925056702745,3.6661704364626546,0.47368421052631576,0.1111111111111111,0.7368421052631579,0.8000383268354515,0.45870417873441605,0
user_8539,2021-04-06 21:12:00,21,8,15,2,2,1,20,18,20,18,11,1,0,6.497493593172126,2.450706943058794,11.276617156569024,0.7142857142857143,0.13333333333333333,0.38095238095238093,0.9572821387534811,0.49478958882473023,0
user_8540,2021-04-06 21:27:00,24,14,6,2,2,1,17,16,11,7,19,1,0,3.3778296267786554,4.732288376147988,2.399438820322069,0.25,0.3333333333333333,0.5833333333333334,0.7911780596442991,0.2731393169370639,0
user_8541,2021-04-06 21:42:00,19,17,9,2,2,0,9,19,14,8,19,1,0,0.19348942911082934,6.922585797304003,5.878695262844921,0.47368421052631576,0.2222222222222222,0.8947368421052632,0.9145947967225936,0.7323675619462588,0
user_8542,2021-04-06 21:57:00,15,9,7,1,3,1,11,8,16,17,7,1,0,3.8882636514062012,5.747311348286153,6.304602375416434,0.4666666666666667,0.14285714285714285,0.6,0.14078154693200667,0.40526825720866766,0
user_8543,2021-04-06 22:12:00,23,9,9,1,2,1,6,5,6,13,16,1,0,8.205334969967065,5.599996153842878,4.1267828386418115,0.391304347826087,0.1111111111111111,0.391304347826087,0.36737101521577165,0.4762464423843835,0
user_8544,2021-04-06 22:27:00,18,10,7,2,1,1,19,14,12,13,8,1,0,5.522764064400217,3.2348743545399214,10.756429198629819,0.3888888888888889,0.2857142857142857,0.5555555555555556,0.182099208619799,0.6881472645166379,0
user_8545,2021-04-06 22:42:00,18,7,13,1,3,0,9,8,13,6,15,1,0,8.01147160608357,2.4515042393251343,10.04733883029423,0.7222222222222222,0.07692307692307693,0.3888888888888889,0.7419853128631111,0.31327111156672177,0
user_8546,2021-04-06 22:57:00,18,11,7,0,1,1,13,13,11,19,13,1,0,8.829981410094845,2.11146153398403,11.058347160987898,0.3888888888888889,0.0,0.6111111111111112,0.6237928311393245,0.12214219874891251,1
user_8547,2021-04-06 23:12:00,13,8,5,1,2,1,14,12,7,14,7,1,0,7.1082856970965675,0.8954232136800649,5.549139462142489,0.38461538461538464,0.2,0.6153846153846154,0.5154654241136316,0.8030841249587302,0
user_8548,2021-04-06 23:27:00,14,11,3,1,2,1,9,20,12,17,9,1,0,7.959607348695725,1.844994124993639,6.7206095709660385,0.21428571428571427,0.3333333333333333,0.7857142857142857,0.9016758630954578,0.2516148580095356,0
user_8549,2021-04-06 23:42:00,16,7,3,1,2,2,15,7,9,15,20,1,0,0.35279871616819924,6.569483111976104,2.773027515706241,0.1875,0.3333333333333333,0.4375,0.2744010264180672,0.6455088882874468,0
user_8550,2021-04-06 23:57:00,26,9,10,0,2,2,19,5,15,17,11,1,0,0.41580576145358517,1.2117117680783727,6.161945122561535,0.38461538461538464,0.0,0.34615384615384615,0.5602454750019281,0.6156388091782846,0
user_8551,2021-04-07 00:12:00,16,15,3,1,4,0,20,11,8,9,8,2,0,1.0109073294318895,3.050620347646375,9.062748871850212,0.1875,0.3333333333333333,0.9375,0.6907837137602941,0.6897334000359281,0
user_8552,2021-04-07 00:27:00,16,6,4,1,2,1,20,13,12,6,20,2,0,8.832352495085166,7.7818317951545515,3.2590283418590364,0.25,0.25,0.375,0.2500916453084018,0.5327580884613714,0
user_8553,2021-04-07 00:42:00,18,10,9,0,2,1,20,17,17,10,17,2,0,1.2963592320150643,1.1945588934198645,2.6003261651730747,0.5,0.0,0.5555555555555556,0.463323411355799,0.6474936828500176,0
user_8554,2021-04-07 00:57:00,14,12,7,1,2,0,16,17,10,17,5,2,0,6.179949693352143,3.7305329228738064,7.445154652517589,0.5,0.14285714285714285,0.8571428571428571,0.6255555427722346,0.9890486103919466,0
user_8555,2021-04-07 01:12:00,23,9,5,0,0,2,19,9,20,14,16,2,0,6.618491549728237,5.605597858351704,10.387711248079418,0.21739130434782608,0.0,0.391304347826087,0.5303226939344887,0.6892170405540536,0
user_8556,2021-04-07 01:27:00,25,13,7,0,0,0,20,15,20,5,5,2,0,0.8492323508805952,6.7538854250689315,4.593952358281434,0.28,0.0,0.52,0.16491299083360594,0.28175597091191584,0
user_8557,2021-04-07 01:42:00,24,10,6,1,0,1,15,17,5,13,15,2,0,8.347052906403107,4.7131308455947005,3.468352466012885,0.25,0.16666666666666666,0.4166666666666667,0.8919010821246908,0.562595459833144,0
user_8558,2021-04-07 01:57:00,17,15,5,0,2,0,11,11,14,12,19,2,0,9.05099212796685,5.596043519922195,11.638267914145823,0.29411764705882354,0.0,0.8823529411764706,0.5986799945841416,0.9549266395057019,0
user_8559,2021-04-07 02:12:00,17,5,6,0,2,1,5,18,5,18,17,2,0,5.7484885345495105,6.018911251236389,5.145106383417158,0.35294117647058826,0.0,0.29411764705882354,0.43905027601690205,0.7368349153832844,1
user_8560,2021-04-07 02:27:00,18,3,4,1,2,0,14,10,16,12,6,2,0,0.5110359965825867,4.703649797255141,3.614434487312376,0.2222222222222222,0.25,0.16666666666666666,0.7745000491212259,0.20515416284773244,0
user_8561,2021-04-07 02:42:00,29,13,8,1,3,0,20,10,20,7,18,2,0,7.850182804824314,6.6009805242119794,5.773350726195283,0.27586206896551724,0.125,0.4482758620689655,0.5849602928094101,0.12336437014487844,1
user_8562,2021-04-07 02:57:00,16,8,6,1,1,0,14,10,7,10,15,2,0,7.0153254631714645,3.114936795950225,5.120577147557378,0.375,0.16666666666666666,0.5,0.4407994679010856,0.7042713225663058,0
user_8563,2021-04-07 03:12:00,13,6,6,0,0,1,15,8,19,12,11,2,0,0.6954076435910564,1.7671899273925655,4.7404892671370344,0.46153846153846156,0.0,0.46153846153846156,0.38493052169549424,0.3555977322555699,0
user_8564,2021-04-07 03:27:00,17,12,7,1,1,1,19,7,5,10,20,2,0,5.1162087730028905,7.924439473255767,5.562078725918738,0.4117647058823529,0.14285714285714285,0.7058823529411765,0.8669316211366228,0.4213021468208631,0
user_8565,2021-04-07 03:42:00,21,10,9,1,1,1,8,6,14,13,10,2,0,8.55179472685032,2.1805790499915636,3.720520931619588,0.42857142857142855,0.1111111111111111,0.47619047619047616,0.36982424305705897,0.17899182136105588,0
user_8566,2021-04-07 03:57:00,19,11,3,2,2,0,6,10,5,8,10,2,0,1.8185954926876284,0.16276136637019212,0.9608972208090379,0.15789473684210525,0.6666666666666666,0.5789473684210527,0.13955881667805045,0.4507372805872414,0
user_8567,2021-04-07 04:12:00,21,8,6,2,0,1,12,14,11,10,7,2,0,7.227146055356607,1.8119184500260745,1.5622810587820606,0.2857142857142857,0.3333333333333333,0.38095238095238093,0.5618346830888751,0.5793933934748392,0
user_8568,2021-04-07 04:27:00,23,19,8,1,1,0,17,19,20,8,16,2,0,1.5350711863943942,6.582481247445262,7.213824190717752,0.34782608695652173,0.125,0.8260869565217391,0.4545098179215028,0.3972929309583332,0
user_8569,2021-04-07 04:42:00,33,13,6,1,4,0,8,5,20,20,12,2,0,3.3347780877966144,1.9137620523037504,9.636987226198341,0.18181818181818182,0.16666666666666666,0.3939393939393939,0.8474336990899961,0.6224377552145421,0
user_8570,2021-04-07 04:57:00,15,11,6,1,2,3,19,7,12,8,7,2,0,8.260218562867532,2.442791204787402,4.8658704690557775,0.4,0.16666666666666666,0.7333333333333333,0.6258365701405635,0.14668098785927425,0
user_8571,2021-04-07 05:12:00,16,8,5,1,2,1,5,5,10,14,11,2,0,6.665375327187894,2.1157882349355104,11.17612679332215,0.3125,0.2,0.5,0.5911602250023772,0.7283968697938835,0
user_8572,2021-04-07 05:27:00,24,4,1,0,0,1,8,17,14,16,6,2,0,0.3147665047477542,2.7916791431810384,9.145097897158099,0.041666666666666664,0.0,0.16666666666666666,0.8809497677373506,0.5877186021903569,0
user_8573,2021-04-07 05:42:00,15,16,3,1,1,0,12,17,13,11,13,2,0,1.5453467386770625,0.404575002548764,3.4304459446748994,0.2,0.3333333333333333,1.0666666666666667,0.9620279653728503,0.8199579982834709,0
user_8574,2021-04-07 05:57:00,17,12,11,0,4,0,10,15,19,12,12,2,0,5.4605651956168195,6.137433226767847,8.877347582890033,0.6470588235294118,0.0,0.7058823529411765,0.1142345754958441,0.49075584306137465,0
user_8575,2021-04-07 06:12:00,18,6,3,0,2,0,15,12,18,11,12,2,0,2.56862770655295,3.355727845620907,11.436214954890984,0.16666666666666666,0.0,0.3333333333333333,0.1011747282024953,0.7497408202262571,0
user_8576,2021-04-07 06:27:00,20,9,6,0,2,1,16,6,9,10,9,2,0,3.835092545734848,4.201845066892387,1.8598174007553587,0.3,0.0,0.45,0.4362543419679693,0.6540399909299762,0
user_8577,2021-04-07 06:42:00,24,14,5,1,1,0,18,15,12,12,16,2,0,6.085577693189332,1.4316802030796507,10.750269763216389,0.20833333333333334,0.2,0.5833333333333334,0.7359626019835394,0.7700556697156985,0
user_8578,2021-04-07 06:57:00,17,13,6,0,1,1,8,11,6,15,17,2,0,4.273623622183085,5.059387839878197,7.904806750789384,0.35294117647058826,0.0,0.7647058823529411,0.4101588205848232,0.8785138802256313,0
user_8579,2021-04-07 07:12:00,15,11,9,1,0,2,5,14,19,10,11,2,0,5.776433349801059,3.740536647754354,10.720045883963092,0.6,0.1111111111111111,0.7333333333333333,0.24613090230318876,0.13462716396268257,0
user_8580,2021-04-07 07:27:00,18,9,5,0,2,0,17,5,8,15,18,2,0,4.428240873629382,2.537494318646701,8.570640530726504,0.2777777777777778,0.0,0.5,0.8995685967726682,0.2408284368851389,0
user_8581,2021-04-07 07:42:00,21,14,8,0,2,0,6,11,8,18,20,2,0,7.332783108744398,2.0465343108637875,4.57111719430445,0.38095238095238093,0.0,0.6666666666666666,0.46573838003451073,0.9726626944786106,0
user_8582,2021-04-07 07:57:00,15,7,9,2,1,0,13,19,11,5,5,2,0,8.192504644862643,0.7524229205130658,5.020877154011007,0.6,0.2222222222222222,0.4666666666666667,0.9679502208426044,0.9383287020212611,0
user_8583,2021-04-07 08:12:00,20,12,5,1,2,0,15,6,15,5,13,2,0,2.936859782034297,5.412713632116077,1.458618829077436,0.25,0.2,0.6,0.9215088359992755,0.4234242018761484,0
user_8584,2021-04-07 08:27:00,26,9,7,0,2,2,9,12,8,19,7,2,0,2.278538425986015,0.19061011235497283,11.068100555681438,0.2692307692307692,0.0,0.34615384615384615,0.23271936011190036,0.4723884581544785,0
user_8585,2021-04-07 08:42:00,16,10,11,2,3,0,19,8,11,19,19,2,0,3.248514800844038,4.357576041384507,4.725669944205546,0.6875,0.18181818181818182,0.625,0.8620446332579442,0.24679454590035457,0
user_8586,2021-04-07 08:57:00,13,14,6,0,4,0,12,18,11,5,13,2,0,6.873782126744885,6.828178739561397,4.499027321545066,0.46153846153846156,0.0,1.0769230769230769,0.34982536743868553,0.18560631441482117,0
user_8587,2021-04-07 09:12:00,20,11,8,1,2,0,18,20,12,11,12,2,0,1.8174678521693612,7.54501859520737,8.677368804040926,0.4,0.125,0.55,0.384536310909087,0.16172974652641323,1
user_8588,2021-04-07 09:27:00,29,7,5,0,2,1,7,7,17,17,17,2,0,2.4221052227396376,6.495561832083747,3.392340661582152,0.1724137931034483,0.0,0.2413793103448276,0.8660005637971854,0.611890500281521,0
user_8589,2021-04-07 09:42:00,25,10,12,1,2,1,19,15,11,6,9,2,0,9.722225817356108,5.185285153836696,10.870276424366446,0.48,0.08333333333333333,0.4,0.6733577681528987,0.40154654968311676,1
user_8590,2021-04-07 09:57:00,18,8,9,1,0,1,7,17,7,6,13,2,0,8.996713072174938,5.203602610842212,2.8150458833679894,0.5,0.1111111111111111,0.4444444444444444,0.7390349753174786,0.117815769470655,0
user_8591,2021-04-07 10:12:00,23,17,5,0,6,1,17,20,17,9,5,2,0,6.706547509584322,0.49193112581731846,1.3618399221124133,0.21739130434782608,0.0,0.7391304347826086,0.8217264630278411,0.9283667435366103,0
user_8592,2021-04-07 10:27:00,23,9,4,1,1,1,10,11,5,8,13,2,0,5.650146473223793,2.4578965608411245,9.373671151084146,0.17391304347826086,0.25,0.391304347826087,0.911412949880193,0.7501647315501021,0
user_8593,2021-04-07 10:42:00,21,12,9,2,1,1,20,20,15,12,11,2,0,3.1503400907713983,2.180614310786445,10.379791751993936,0.42857142857142855,0.2222222222222222,0.5714285714285714,0.28218275161532175,0.3566932826856307,0
user_8594,2021-04-07 10:57:00,18,11,7,1,2,1,8,9,17,19,20,2,0,3.8239217256415388,2.7140443606673186,7.010280984348387,0.3888888888888889,0.14285714285714285,0.6111111111111112,0.7345073377611461,0.8021515412861696,0
user_8595,2021-04-07 11:12:00,13,9,3,1,1,1,13,20,10,15,12,2,0,5.3534838623124745,2.8217688933931946,11.933432144497857,0.23076923076923078,0.3333333333333333,0.6923076923076923,0.14771347283403166,0.3435290472281782,0
user_8596,2021-04-07 11:27:00,16,8,5,0,2,0,16,9,14,5,14,2,0,9.73880926968929,7.465379747811489,1.372680040657026,0.3125,0.0,0.5,0.32250255670882416,0.4380667204247305,0
user_8597,2021-04-07 11:42:00,22,15,6,1,2,1,7,8,18,7,11,2,0,8.029372571784503,0.7481795067093994,3.503151100466289,0.2727272727272727,0.16666666666666666,0.6818181818181818,0.99579723495119,0.6993022667964095,0
user_8598,2021-04-07 11:57:00,22,4,10,1,1,1,17,18,15,13,17,2,0,7.08935214245795,1.1706807723098134,0.7180100366198015,0.45454545454545453,0.1,0.18181818181818182,0.6869283535205415,0.6951840705101414,0
user_8599,2021-04-07 12:12:00,18,8,3,2,3,1,8,19,19,17,17,2,0,6.728648863615549,1.3246703569751161,8.736938717071611,0.16666666666666666,0.6666666666666666,0.4444444444444444,0.48171776241250064,0.9482427116339069,0
user_8600,2021-04-07 12:27:00,10,7,8,0,1,1,16,8,17,18,13,2,0,0.3729478041246139,2.358553423631046,8.140855253387919,0.8,0.0,0.7,0.7299188042391044,0.5202432746106477,0
user_8601,2021-04-07 12:42:00,12,11,9,1,0,2,7,5,7,7,10,2,0,9.586460445095407,4.984400622486264,3.7028377028704758,0.75,0.1111111111111111,0.9166666666666666,0.48918925070624064,0.12763507925728432,0
user_8602,2021-04-07 12:57:00,22,9,7,1,3,0,6,6,7,7,16,2,0,8.346757483842714,0.7177274174123381,3.7766882117222806,0.3181818181818182,0.14285714285714285,0.4090909090909091,0.7711503900940373,0.9240272747163806,0
user_8603,2021-04-07 13:12:00,8,7,4,0,3,0,12,5,15,14,10,2,0,6.07410265353232,6.675741200132785,4.431939044177059,0.5,0.0,0.875,0.34556435798732565,0.5674938183068949,0
user_8604,2021-04-07 13:27:00,10,7,6,0,0,0,12,15,15,15,20,2,0,9.484722606333897,7.3151250931662455,10.611176870960307,0.6,0.0,0.7,0.3767505548013067,0.4037389948433635,0
user_8605,2021-04-07 13:42:00,15,13,8,1,3,0,9,18,17,9,7,2,0,8.437583967636627,4.080315872004949,6.987000641603029,0.5333333333333333,0.125,0.8666666666666667,0.8907283206589501,0.9464805937367958,0
user_8606,2021-04-07 13:57:00,24,12,7,2,1,1,14,9,17,18,8,2,0,1.9853500135054247,1.2024111657515382,0.6745436810082831,0.2916666666666667,0.2857142857142857,0.5,0.11036338755694758,0.9354314713118562,0
user_8607,2021-04-07 14:12:00,22,8,4,2,2,0,18,18,10,15,6,2,0,4.168136518679359,2.71242891940143,3.663417021007066,0.18181818181818182,0.5,0.36363636363636365,0.2539185705070547,0.7528515059256242,0
user_8608,2021-04-07 14:27:00,19,14,7,1,2,0,5,9,11,20,6,2,0,9.929545320859443,6.785238235755667,7.226960514315323,0.3684210526315789,0.14285714285714285,0.7368421052631579,0.6662373459647882,0.1090422272807734,0
user_8609,2021-04-07 14:42:00,27,11,2,2,2,0,10,12,20,11,20,2,0,0.829067630689301,2.530496643906939,2.1770001914501043,0.07407407407407407,1.0,0.4074074074074074,0.8963507461782992,0.67241525640594,0
user_8610,2021-04-07 14:57:00,17,17,1,0,0,1,11,16,16,8,5,2,0,0.5197839264503613,3.605169084246158,8.985462286716011,0.058823529411764705,0.0,1.0,0.14979394718681735,0.6356670105349036,0
user_8611,2021-04-07 15:12:00,20,15,4,0,2,0,10,9,11,12,17,2,0,4.351899528453325,6.997766598549811,2.136919636336306,0.2,0.0,0.75,0.5484039490933512,0.40227294657522816,0
user_8612,2021-04-07 15:27:00,22,12,4,1,1,1,12,6,17,13,13,2,0,8.15859466692833,7.733340972983302,1.8114026452567351,0.18181818181818182,0.25,0.5454545454545454,0.995957606886792,0.17381444550778402,0
user_8613,2021-04-07 15:42:00,22,11,4,1,6,0,9,18,5,12,16,2,0,3.880235134042042,0.8069866537127695,6.75279788318392,0.18181818181818182,0.25,0.5,0.607977992284057,0.5088277573921862,0
user_8614,2021-04-07 15:57:00,20,12,3,1,2,1,19,5,18,15,18,2,0,5.392516346603544,0.23872031357751783,1.2491785114255816,0.15,0.3333333333333333,0.6,0.8462991920595371,0.10828712253387898,1
user_8615,2021-04-07 16:12:00,19,8,8,1,5,0,11,17,10,5,17,2,0,6.329698951920851,1.3029539772061756,1.6054945654637187,0.42105263157894735,0.125,0.42105263157894735,0.6839096618151176,0.4973483012327229,0
user_8616,2021-04-07 16:27:00,18,12,8,2,2,1,18,11,11,8,12,2,0,4.536202434407123,3.4001857729065863,9.05809976125184,0.4444444444444444,0.25,0.6666666666666666,0.48400953161224847,0.18507739000397802,0
user_8617,2021-04-07 16:42:00,23,9,8,2,4,0,14,9,14,11,14,2,0,8.902070368441839,2.439339956384021,6.030494722684228,0.34782608695652173,0.25,0.391304347826087,0.9330407491318555,0.3389007170581746,0
user_8618,2021-04-07 16:57:00,31,14,7,0,1,0,10,11,8,5,20,2,0,5.4496552468929345,6.129192668774671,7.376297120818455,0.22580645161290322,0.0,0.45161290322580644,0.8490340191153161,0.2636434063630668,1
user_8619,2021-04-07 17:12:00,20,14,11,1,1,0,18,18,12,19,11,2,0,7.568376010685856,5.7974094483733944,10.003380338229912,0.55,0.09090909090909091,0.7,0.11385456635452831,0.3316943319650314,0
user_8620,2021-04-07 17:27:00,19,8,7,3,2,0,11,16,9,7,11,2,0,1.9564493263502625,6.024719435290446,8.335780662519497,0.3684210526315789,0.42857142857142855,0.42105263157894735,0.5593736817984047,0.7266749946953686,1
user_8621,2021-04-07 17:42:00,24,11,3,0,1,2,7,16,7,13,5,2,0,5.710800315367211,7.658031372360576,6.398650942216365,0.125,0.0,0.4583333333333333,0.6858506225427691,0.5942054492126086,0
user_8622,2021-04-07 17:57:00,17,13,6,0,1,0,7,12,6,15,6,2,0,4.590185324994878,6.636921669242936,10.02163916805367,0.35294117647058826,0.0,0.7647058823529411,0.2807517973504311,0.6878856929632474,0
user_8623,2021-04-07 18:12:00,15,14,8,1,2,0,20,16,16,10,9,2,0,0.11311835303642082,6.67115476656378,11.795001823760165,0.5333333333333333,0.125,0.9333333333333333,0.5351552355171493,0.6611096976061595,0
user_8624,2021-04-07 18:27:00,20,12,9,1,2,0,7,6,9,19,15,2,0,5.208200596100576,7.556473469893833,8.42744840938915,0.45,0.1111111111111111,0.6,0.15897738833161565,0.9757368239321019,0
user_8625,2021-04-07 18:42:00,23,7,14,3,0,1,5,11,14,13,12,2,0,1.0930591322645138,3.629647028741171,6.194589550771932,0.6086956521739131,0.21428571428571427,0.30434782608695654,0.40725442937875445,0.31612668031976277,0
user_8626,2021-04-07 18:57:00,24,10,8,0,3,1,12,20,17,5,12,2,0,4.0851222037138495,7.202016502200635,0.7459212194969844,0.3333333333333333,0.0,0.4166666666666667,0.7177722321544859,0.4963766063267727,0
user_8627,2021-04-07 19:12:00,21,11,10,2,3,0,17,12,10,19,5,2,0,4.142119024278823,0.2959190605441464,11.18083330231911,0.47619047619047616,0.2,0.5238095238095238,0.7124082967221199,0.5747209414254738,0
user_8628,2021-04-07 19:27:00,27,11,2,0,4,1,20,14,19,11,8,2,0,2.175409057328371,2.364206884040241,2.50197631469246,0.07407407407407407,0.0,0.4074074074074074,0.12892085438965215,0.7290071695364452,1
user_8629,2021-04-07 19:42:00,22,11,2,2,1,0,13,19,13,15,17,2,0,7.028001999066225,2.5652147155302107,1.5271113665080256,0.09090909090909091,1.0,0.5,0.567705703956821,0.2662502194705865,0
user_8630,2021-04-07 19:57:00,24,8,6,1,3,1,19,7,19,19,13,2,0,1.8552469746879963,0.626246870654276,4.443508889927916,0.25,0.16666666666666666,0.3333333333333333,0.9325729391131222,0.9454809931692478,0
user_8631,2021-04-07 20:12:00,18,9,3,1,2,0,14,8,5,11,13,2,0,5.072783800139217,4.535343509228995,2.07721232066495,0.16666666666666666,0.3333333333333333,0.5,0.9215653151599309,0.18340224909221187,0
user_8632,2021-04-07 20:27:00,14,11,4,1,0,1,19,9,13,16,20,2,0,3.4606612584375926,3.2936546439205614,8.720633950316426,0.2857142857142857,0.25,0.7857142857142857,0.8728279933470618,0.4634745990301311,0
user_8633,2021-04-07 20:42:00,16,13,6,2,3,0,17,11,16,14,8,2,0,7.074699962583512,5.713429273885859,9.982715550056072,0.375,0.3333333333333333,0.8125,0.23134574524202794,0.28964100824092576,0
user_8634,2021-04-07 20:57:00,18,8,8,2,1,0,14,16,16,10,7,2,0,9.542879611958254,6.560060584055681,8.17073531925533,0.4444444444444444,0.25,0.4444444444444444,0.9035459167785916,0.5111698967021546,0
user_8635,2021-04-07 21:12:00,26,16,6,0,4,1,11,18,18,17,11,2,0,0.2620393150313594,7.522017073302308,10.17523946608566,0.23076923076923078,0.0,0.6153846153846154,0.5183004996749655,0.693233537282431,0
user_8636,2021-04-07 21:27:00,9,10,9,0,1,0,11,9,7,8,18,2,0,5.2031814136478145,1.30056833485862,10.567790490928186,1.0,0.0,1.1111111111111112,0.36322514426312236,0.4122089855970673,0
user_8637,2021-04-07 21:42:00,20,7,5,1,3,1,6,13,8,13,11,2,0,1.8364663626857363,5.921312928124872,2.829140940754037,0.25,0.2,0.35,0.7939136687494429,0.8369168871225939,0
user_8638,2021-04-07 21:57:00,21,15,9,0,1,0,5,18,13,8,18,2,0,0.9552440524697712,6.446012123361826,8.230175957182302,0.42857142857142855,0.0,0.7142857142857143,0.8623956315315201,0.8600960740227909,0
user_8639,2021-04-07 22:12:00,18,9,6,2,1,0,20,15,9,5,13,2,0,9.967964656961755,1.8080390492403828,7.932698437755162,0.3333333333333333,0.3333333333333333,0.5,0.373524305313377,0.9812408056507481,0
user_8640,2021-04-07 22:27:00,12,13,10,0,2,0,8,19,16,15,7,2,0,5.95974626557809,0.5926018766649178,8.429066954975383,0.8333333333333334,0.0,1.0833333333333333,0.8786698383927126,0.6013293320969078,0
user_8641,2021-04-07 22:42:00,26,9,4,1,1,0,7,12,11,15,15,2,0,4.734622496127393,3.1189543048833497,0.7374254028953869,0.15384615384615385,0.25,0.34615384615384615,0.16555151896214915,0.43982104586027326,0
user_8642,2021-04-07 22:57:00,15,12,8,1,0,1,19,20,12,19,12,2,0,7.335810514205934,7.567769846498473,10.404571825633553,0.5333333333333333,0.125,0.8,0.20663564851870309,0.5162447760132498,0
user_8643,2021-04-07 23:12:00,29,4,10,1,3,0,15,7,10,20,12,2,0,7.402207020155624,7.1912776858833745,10.487329692034907,0.3448275862068966,0.1,0.13793103448275862,0.20377928081649918,0.17266029219522291,0
user_8644,2021-04-07 23:27:00,20,12,5,1,3,0,8,10,14,6,9,2,0,4.567152201348972,1.737818899579061,1.1111009100918696,0.25,0.2,0.6,0.9512652093063965,0.34077207038485996,0
user_8645,2021-04-07 23:42:00,22,10,9,0,4,1,12,6,14,15,15,2,0,5.211773299643351,6.623858021692172,10.196985099464309,0.4090909090909091,0.0,0.45454545454545453,0.253152397228249,0.9898592147575348,0
user_8646,2021-04-07 23:57:00,15,10,6,2,3,0,18,16,10,12,18,2,0,7.008594459574057,5.436862406613769,5.015459683327893,0.4,0.3333333333333333,0.6666666666666666,0.9464195923856653,0.28076816690245476,0
user_8647,2021-04-08 00:12:00,19,11,6,1,0,0,13,7,7,12,14,3,0,8.82473281418536,5.68062260439893,11.833380701926375,0.3157894736842105,0.16666666666666666,0.5789473684210527,0.3759403901290218,0.3741782521624658,0
user_8648,2021-04-08 00:27:00,17,14,2,2,4,1,6,16,17,5,13,3,0,3.2093263141431074,4.385291838836101,9.286344954189383,0.11764705882352941,1.0,0.8235294117647058,0.3124368449616658,0.7559445820970574,0
user_8649,2021-04-08 00:42:00,27,9,7,1,5,2,16,5,6,20,8,3,0,7.586955704281156,4.517377625677598,3.8592159324701143,0.25925925925925924,0.14285714285714285,0.3333333333333333,0.7155762394305928,0.16751284858009213,0
user_8650,2021-04-08 00:57:00,22,10,3,2,1,2,8,14,7,17,18,3,0,7.978741730065843,4.453957260668889,11.509887445456554,0.13636363636363635,0.6666666666666666,0.45454545454545453,0.8784908252103482,0.7838440843266319,0
user_8651,2021-04-08 01:12:00,16,9,5,1,2,1,17,11,12,13,17,3,0,5.735812856858582,1.3185709254316653,6.738010768368708,0.3125,0.2,0.5625,0.16354906710302,0.32193345878978685,0
user_8652,2021-04-08 01:27:00,23,9,2,0,2,1,20,7,9,15,7,3,0,7.425880849395467,1.0745815980488351,10.218837206569255,0.08695652173913043,0.0,0.391304347826087,0.48652380618427304,0.42988197483130663,0
user_8653,2021-04-08 01:42:00,22,4,10,1,1,0,19,19,16,10,11,3,0,3.457736603226474,3.096409805531017,6.545863569849889,0.45454545454545453,0.1,0.18181818181818182,0.7114033237424132,0.9028895279619052,0
user_8654,2021-04-08 01:57:00,21,12,1,2,0,2,10,15,7,17,20,3,0,6.949237388173932,1.8993065222029923,3.303127048173809,0.047619047619047616,2.0,0.5714285714285714,0.6743676425399541,0.16207635092112666,0
user_8655,2021-04-08 02:12:00,14,13,6,0,2,1,20,7,5,5,9,3,0,5.808274422427749,7.971675317167827,6.090172083544798,0.42857142857142855,0.0,0.9285714285714286,0.22440662015509905,0.4611040309926624,0
user_8656,2021-04-08 02:27:00,21,7,6,2,6,1,7,14,15,6,9,3,0,1.1330154379574133,7.741959299075031,2.6785840914385006,0.2857142857142857,0.3333333333333333,0.3333333333333333,0.5932469356050588,0.7408940949992,0
user_8657,2021-04-08 02:42:00,17,10,9,2,2,0,9,15,9,12,17,3,0,1.0953507257285602,5.046960385954642,1.5018769223423127,0.5294117647058824,0.2222222222222222,0.5882352941176471,0.3405242847698413,0.5663112193327191,0
user_8658,2021-04-08 02:57:00,16,14,3,0,0,0,15,8,14,12,9,3,0,9.004918982126345,1.1079209218210788,7.76317143898781,0.1875,0.0,0.875,0.6745054332031105,0.8128963772596496,0
user_8659,2021-04-08 03:12:00,26,13,6,2,3,1,7,10,17,11,20,3,0,7.896641886210226,3.628020967017231,9.091797056486492,0.23076923076923078,0.3333333333333333,0.5,0.610558954524399,0.9378142084412212,0
user_8660,2021-04-08 03:27:00,18,4,5,2,1,0,6,19,12,19,7,3,0,8.034921984646195,5.444494083549153,0.8787290784156861,0.2777777777777778,0.4,0.2222222222222222,0.9697244253272246,0.3198503679007481,0
user_8661,2021-04-08 03:42:00,31,12,4,1,1,0,19,17,8,8,17,3,0,5.843143159962085,1.8826581206459663,2.661019890016787,0.12903225806451613,0.25,0.3870967741935484,0.7559288672524991,0.14841667893777805,0
user_8662,2021-04-08 03:57:00,19,10,6,1,1,1,15,6,14,14,18,3,0,6.062713357932811,2.2682892529153174,2.8085399057559,0.3157894736842105,0.16666666666666666,0.5263157894736842,0.8844992621095146,0.2525617177388001,0
user_8663,2021-04-08 04:12:00,17,8,14,2,4,1,18,13,6,16,6,3,0,6.3780920087089585,0.4031196270150992,7.153064757413787,0.8235294117647058,0.14285714285714285,0.47058823529411764,0.9491077499245929,0.37474947048841056,0
user_8664,2021-04-08 04:27:00,13,13,6,2,1,1,11,6,5,9,18,3,0,8.795367337474817,4.519458539212731,8.874610199320893,0.46153846153846156,0.3333333333333333,1.0,0.21857964358736356,0.28514415668652665,1
user_8665,2021-04-08 04:42:00,19,13,6,0,3,0,18,11,5,16,16,3,0,7.6680434595389,5.664442376865232,11.64732011249699,0.3157894736842105,0.0,0.6842105263157895,0.44671860622686965,0.457307373537562,0
user_8666,2021-04-08 04:57:00,18,12,4,2,1,2,5,8,20,18,13,3,0,6.2595287180937635,6.055067663972879,9.801749701255028,0.2222222222222222,0.5,0.6666666666666666,0.8669983655776542,0.33939479995006694,0
user_8667,2021-04-08 05:12:00,20,12,5,0,3,0,15,19,6,18,7,3,0,0.10231773585377911,1.7090147997091225,11.713700886119838,0.25,0.0,0.6,0.24814575422393662,0.70916120765752,0
user_8668,2021-04-08 05:27:00,15,11,6,0,1,0,14,11,19,12,13,3,0,7.520789840548013,4.98433106709951,11.843152223128932,0.4,0.0,0.7333333333333333,0.7456798553021653,0.5299155284850195,0
user_8669,2021-04-08 05:42:00,22,17,5,1,2,1,20,19,9,10,20,3,0,5.248004168605846,3.3625431117796976,9.489301786916199,0.22727272727272727,0.2,0.7727272727272727,0.4960794808592568,0.2838819101684872,0
user_8670,2021-04-08 05:57:00,27,6,8,1,2,0,19,6,18,7,6,3,0,3.0340969738764256,4.163906668035691,9.161675008761524,0.2962962962962963,0.125,0.2222222222222222,0.4528897430456057,0.9864106450260227,1
user_8671,2021-04-08 06:12:00,12,10,4,0,2,0,11,20,12,19,13,3,0,2.4754857922219142,1.6022670359763436,8.86508272858422,0.3333333333333333,0.0,0.8333333333333334,0.6520995127179422,0.48992869312321086,0
user_8672,2021-04-08 06:27:00,14,8,4,2,2,2,17,10,14,5,6,3,0,4.757514879569884,6.627654974693648,11.03287980531477,0.2857142857142857,0.5,0.5714285714285714,0.8012632716267419,0.7435897012994146,0
user_8673,2021-04-08 06:42:00,24,12,3,2,2,1,17,6,15,20,15,3,0,2.5714360451163434,4.993359031526967,5.755113931235976,0.125,0.6666666666666666,0.5,0.3149729629447559,0.12276233680575693,0
user_8674,2021-04-08 06:57:00,23,9,6,0,2,0,13,13,9,10,14,3,0,3.078056608808335,7.195766985295742,1.5998391986337936,0.2608695652173913,0.0,0.391304347826087,0.5683996430623736,0.44386622603715065,0
user_8675,2021-04-08 07:12:00,23,15,6,1,3,1,16,17,17,20,11,3,0,3.201747797004549,1.8762838401525956,1.8103018428303428,0.2608695652173913,0.16666666666666666,0.6521739130434783,0.8099608580651596,0.45340838337001566,0
user_8676,2021-04-08 07:27:00,19,12,8,0,3,1,9,18,7,6,19,3,0,1.3676519296193896,0.20648517131614008,2.096552888065088,0.42105263157894735,0.0,0.631578947368421,0.9932456930072774,0.5427556184416603,0
user_8677,2021-04-08 07:42:00,22,9,5,0,0,0,15,6,20,14,17,3,0,0.4319113242007582,1.6708405159272752,11.97505440148675,0.22727272727272727,0.0,0.4090909090909091,0.19702818671535455,0.8813634226498509,0
user_8678,2021-04-08 07:57:00,21,12,7,2,3,0,14,19,14,9,13,3,0,4.169610952866379,1.5485250967302109,10.908585538828861,0.3333333333333333,0.2857142857142857,0.5714285714285714,0.8355104735514888,0.95264041868664,0
user_8679,2021-04-08 08:12:00,19,8,5,0,1,1,20,10,7,13,18,3,0,8.530321709574821,0.862545768236279,10.69335412895511,0.2631578947368421,0.0,0.42105263157894735,0.13857536837631756,0.5584257933145855,0
user_8680,2021-04-08 08:27:00,17,7,5,1,1,0,19,13,9,20,8,3,0,0.14633379806662278,2.3641816958822557,11.307962977146444,0.29411764705882354,0.2,0.4117647058823529,0.6991417706061513,0.6240741161781497,0
user_8681,2021-04-08 08:42:00,17,9,4,1,2,0,8,7,11,19,7,3,0,4.328935497147039,4.438991119916589,0.826257104276129,0.23529411764705882,0.25,0.5294117647058824,0.3038451789466462,0.4990431090818296,0
user_8682,2021-04-08 08:57:00,23,6,9,1,2,1,17,17,17,10,15,3,0,1.8420592048616642,3.871913973255337,2.2835316924859668,0.391304347826087,0.1111111111111111,0.2608695652173913,0.8315594643906412,0.4826819978493998,1
user_8683,2021-04-08 09:12:00,18,10,6,1,0,0,20,17,16,13,16,3,0,3.9260115899050874,6.1604856581754,2.9467584575754318,0.3333333333333333,0.16666666666666666,0.5555555555555556,0.6846038048982318,0.8021722955014848,0
user_8684,2021-04-08 09:27:00,22,7,7,1,1,1,14,12,11,6,10,3,0,7.697583939119537,5.922363949846799,2.5634087498312272,0.3181818181818182,0.14285714285714285,0.3181818181818182,0.4007471686016971,0.9438976054195727,0
user_8685,2021-04-08 09:42:00,14,11,4,0,3,1,11,10,19,13,8,3,0,5.124002579861982,2.0732822515922353,11.907255088161236,0.2857142857142857,0.0,0.7857142857142857,0.13749020889437252,0.17189856373113988,0
user_8686,2021-04-08 09:57:00,26,16,10,1,3,1,6,14,13,17,8,3,0,8.551110266566102,0.7491315012976967,6.303811262337124,0.38461538461538464,0.1,0.6153846153846154,0.7878770433088501,0.8722788952641587,0
user_8687,2021-04-08 10:12:00,26,11,4,0,3,0,15,20,12,19,9,3,0,3.762143150305769,4.369158416689932,4.008757778817197,0.15384615384615385,0.0,0.4230769230769231,0.5348926417425878,0.45570503358343095,0
user_8688,2021-04-08 10:27:00,17,11,5,0,3,0,5,7,10,12,13,3,0,4.10078932766559,3.961051100617662,8.88108950356669,0.29411764705882354,0.0,0.6470588235294118,0.9464339908364937,0.32606603325362804,0
user_8689,2021-04-08 10:42:00,21,13,11,2,0,1,6,11,15,6,18,3,0,2.022412783880136,1.5971961524281446,1.92723426479307,0.5238095238095238,0.18181818181818182,0.6190476190476191,0.925588203487968,0.9510281489703436,0
user_8690,2021-04-08 10:57:00,28,7,5,1,1,0,15,20,17,20,6,3,0,7.348931133096461,7.854331234117941,5.640613644132695,0.17857142857142858,0.2,0.25,0.15717739659305058,0.855582325851181,0
user_8691,2021-04-08 11:12:00,16,15,9,1,1,1,12,10,11,17,16,3,0,9.426891344685526,1.7661326037121579,5.5101809904954075,0.5625,0.1111111111111111,0.9375,0.6136842380258669,0.49918935020688626,0
user_8692,2021-04-08 11:27:00,23,7,6,0,3,1,17,15,10,8,10,3,0,7.239607245841757,5.3778009451848146,8.660194239492004,0.2608695652173913,0.0,0.30434782608695654,0.25267762469609756,0.8516422358245398,0
user_8693,2021-04-08 11:42:00,18,9,5,1,1,1,9,18,13,8,11,3,0,2.064412081412725,7.029527339356691,1.612806562717974,0.2777777777777778,0.2,0.5,0.9265401391156068,0.9983258275334872,0
user_8694,2021-04-08 11:57:00,21,11,4,2,0,1,19,19,7,5,18,3,0,2.7456402183500357,3.0497913693552205,6.855508401589877,0.19047619047619047,0.5,0.5238095238095238,0.6739411185742005,0.437110143287727,1
user_8695,2021-04-08 12:12:00,27,12,10,0,2,0,16,19,19,13,8,3,0,7.150803541718688,6.4226364001426965,11.069537402940464,0.37037037037037035,0.0,0.4444444444444444,0.4084641249810472,0.6571531631655778,0
user_8696,2021-04-08 12:27:00,16,5,3,0,1,1,13,17,10,11,20,3,0,7.881439189070074,3.880915259261059,8.23506108498849,0.1875,0.0,0.3125,0.32539208591509683,0.17448213425055942,1
user_8697,2021-04-08 12:42:00,25,9,5,1,3,1,15,9,17,13,8,3,0,0.6043114563655089,1.8128507738786757,1.5645270314469664,0.2,0.2,0.36,0.5959510480589346,0.7840648567078526,0
user_8698,2021-04-08 12:57:00,14,8,6,2,1,0,9,5,16,13,12,3,0,5.200408727699646,0.6603249377089555,4.4285805784684715,0.42857142857142855,0.3333333333333333,0.5714285714285714,0.25272833386362104,0.3726483053548809,0
user_8699,2021-04-08 13:12:00,20,8,11,1,0,0,8,6,7,20,14,3,0,8.745096756724228,3.091438131170127,1.5567584806790713,0.55,0.09090909090909091,0.4,0.20980264015444278,0.12857059356719552,1
user_8700,2021-04-08 13:27:00,20,15,5,2,3,0,17,16,6,8,11,3,0,4.362594986654094,2.080953131428783,7.76593112474251,0.25,0.4,0.75,0.3806668292271307,0.2630893378208552,0
user_8701,2021-04-08 13:42:00,27,7,5,0,2,0,12,19,9,16,13,3,0,9.874888714700587,4.345740535772118,3.504858765690112,0.18518518518518517,0.0,0.25925925925925924,0.7513891717207798,0.5937269533015485,0
user_8702,2021-04-08 13:57:00,30,6,3,0,0,0,10,8,14,10,6,3,0,6.818411616592095,2.083376656635486,6.956367912045069,0.1,0.0,0.2,0.3467631537111002,0.23377363254232592,0
user_8703,2021-04-08 14:12:00,23,13,4,1,1,1,18,6,9,10,8,3,0,7.9858871075710685,0.48151694245830723,11.616880161308718,0.17391304347826086,0.25,0.5652173913043478,0.5574857022099188,0.27781413203991484,0
user_8704,2021-04-08 14:27:00,26,13,8,1,2,2,14,16,14,17,18,3,0,3.9407436664014823,0.6834601299676695,10.55936787665318,0.3076923076923077,0.125,0.5,0.13408199331258144,0.5462511908337873,0
user_8705,2021-04-08 14:42:00,23,14,3,1,4,1,7,16,10,9,14,3,0,4.976727943032056,1.2977979912876925,1.4354573794687369,0.13043478260869565,0.3333333333333333,0.6086956521739131,0.5763424383657489,0.6131546825349726,0
user_8706,2021-04-08 14:57:00,24,5,6,1,3,1,11,13,15,12,5,3,0,3.5026009104833995,4.558636494412412,10.583179416860608,0.25,0.16666666666666666,0.20833333333333334,0.5303810478821228,0.23354091258450213,1
user_8707,2021-04-08 15:12:00,16,15,7,0,1,0,17,9,9,10,15,3,0,6.742723253840967,1.932236962692618,2.244248359673238,0.4375,0.0,0.9375,0.7650219493461026,0.6542544544849309,0
user_8708,2021-04-08 15:27:00,16,10,6,0,0,0,20,9,14,17,10,3,0,2.5859697716425254,5.292040688530089,10.212586986100844,0.375,0.0,0.625,0.6031102738377884,0.3031065082854379,0
user_8709,2021-04-08 15:42:00,11,8,10,0,3,1,13,13,6,9,6,3,0,9.154616163763327,7.775398893827085,2.8269334916010953,0.9090909090909091,0.0,0.7272727272727273,0.6119438736913921,0.33248557031496234,0
user_8710,2021-04-08 15:57:00,16,10,6,2,2,1,18,5,10,11,19,3,0,7.134585872081293,0.9497206246100114,4.28184101019061,0.375,0.3333333333333333,0.625,0.3520722869332915,0.2093825456965283,0
user_8711,2021-04-08 16:12:00,23,12,1,0,0,0,17,11,14,17,17,3,0,0.6155713167799755,2.011696924108284,6.840210398909566,0.043478260869565216,0.0,0.5217391304347826,0.6512873664394636,0.337309046649524,0
user_8712,2021-04-08 16:27:00,27,13,8,1,3,0,12,14,7,16,11,3,0,4.80982287482695,2.2886277631569314,2.2003126218242075,0.2962962962962963,0.125,0.48148148148148145,0.8974146409553436,0.9820046106170902,0
user_8713,2021-04-08 16:42:00,21,11,8,1,1,1,14,18,8,11,12,3,0,4.858692281456221,6.55823075804629,5.610478786458929,0.38095238095238093,0.125,0.5238095238095238,0.4489445803201598,0.2280495806587008,0
user_8714,2021-04-08 16:57:00,14,12,8,0,3,2,10,10,16,17,20,3,0,6.397044114845262,1.2811266972751563,2.699972473219412,0.5714285714285714,0.0,0.8571428571428571,0.6771502414905785,0.3875111876316213,0
user_8715,2021-04-08 17:12:00,21,8,5,1,4,0,11,5,16,17,20,3,0,4.628644105664302,1.6944147204948048,7.600172940092277,0.23809523809523808,0.2,0.38095238095238093,0.9109800467724537,0.5447690397460634,0
user_8716,2021-04-08 17:27:00,15,12,7,1,3,1,12,12,11,5,9,3,0,1.7439216809131681,2.1154393006842103,4.455258914151946,0.4666666666666667,0.14285714285714285,0.8,0.10942474692653002,0.9212279878263501,0
user_8717,2021-04-08 17:42:00,19,7,5,0,1,2,12,19,17,9,8,3,0,1.4173277748065871,5.6472249643118655,8.48423663411709,0.2631578947368421,0.0,0.3684210526315789,0.3447716251839974,0.7844066209268502,0
user_8718,2021-04-08 17:57:00,22,12,11,1,1,1,12,10,6,7,20,3,0,4.416415095087394,6.728641537110914,8.800935816356668,0.5,0.09090909090909091,0.5454545454545454,0.3919593129777301,0.2675244517516122,0
user_8719,2021-04-08 18:12:00,16,10,7,1,1,0,11,7,5,13,15,3,0,5.642669936163963,6.243313446921365,8.908560791350164,0.4375,0.14285714285714285,0.625,0.5523614576250666,0.6702833694487942,0
user_8720,2021-04-08 18:27:00,22,9,6,0,5,0,5,17,20,13,15,3,0,7.529443329960873,5.652491727871886,2.1650127909046986,0.2727272727272727,0.0,0.4090909090909091,0.3045560578324973,0.1933490898274529,0
user_8721,2021-04-08 18:42:00,17,14,11,0,2,1,10,18,20,6,6,3,0,2.1768685545206834,2.9282585164401844,10.547899241925832,0.6470588235294118,0.0,0.8235294117647058,0.9692561310794306,0.9958875445474538,0
user_8722,2021-04-08 18:57:00,22,6,7,0,2,0,18,20,17,19,18,3,0,9.919316106221354,0.9809940737187108,9.73487210703018,0.3181818181818182,0.0,0.2727272727272727,0.990906418124077,0.33970967686266107,0
user_8723,2021-04-08 19:12:00,25,10,2,1,1,0,14,10,8,14,19,3,0,1.3621390545056282,7.287131190983746,9.232984389518274,0.08,0.5,0.4,0.7400697500438274,0.1793522082277476,0
user_8724,2021-04-08 19:27:00,12,11,5,0,2,0,7,6,15,9,16,3,0,8.682810916640332,3.2405154207038236,5.304074673557135,0.4166666666666667,0.0,0.9166666666666666,0.9227348510515533,0.992949807039669,0
user_8725,2021-04-08 19:42:00,14,6,7,1,2,1,10,7,14,14,9,3,0,3.6249090204310996,6.00428844829446,6.888411886792405,0.5,0.14285714285714285,0.42857142857142855,0.692433917057483,0.73508037409687,0
user_8726,2021-04-08 19:57:00,16,5,7,0,2,2,18,15,9,17,12,3,0,0.49236608449819175,5.26182306774263,3.4796364788596774,0.4375,0.0,0.3125,0.630441475511238,0.5349695188680559,0
user_8727,2021-04-08 20:12:00,20,8,9,1,3,2,6,8,12,12,7,3,0,5.189510040306224,7.036549351513775,7.2271829777045635,0.45,0.1111111111111111,0.4,0.9115714108429046,0.48342169135700164,0
user_8728,2021-04-08 20:27:00,16,12,7,2,2,1,8,13,20,12,18,3,0,5.561611470624829,2.5714746920262845,2.88521440598054,0.4375,0.2857142857142857,0.75,0.5966047981764959,0.6039795955767321,0
user_8729,2021-04-08 20:42:00,17,4,3,1,2,0,18,5,14,10,20,3,0,9.059760507774802,3.36800508393544,8.330816391583545,0.17647058823529413,0.3333333333333333,0.23529411764705882,0.881740700554734,0.5721715099603195,0
user_8730,2021-04-08 20:57:00,21,7,7,1,2,1,9,6,17,11,14,3,0,4.2622620448899395,3.1758800900276434,1.0674114340362242,0.3333333333333333,0.14285714285714285,0.3333333333333333,0.18132842032485835,0.4464316176197367,0
user_8731,2021-04-08 21:12:00,25,9,8,2,2,1,16,10,10,20,11,3,0,7.877385120046828,3.171635036024358,1.136770318123309,0.32,0.25,0.36,0.9344926237680024,0.7289258114045613,0
user_8732,2021-04-08 21:27:00,26,8,5,1,2,0,5,8,8,14,14,3,0,7.905906723748521,1.6224472194488757,6.9696067453605295,0.19230769230769232,0.2,0.3076923076923077,0.8940228188291204,0.11059683057204961,0
user_8733,2021-04-08 21:42:00,23,10,3,1,1,1,17,14,7,7,16,3,0,7.893287272148707,6.246387808930205,2.2304418173761933,0.13043478260869565,0.3333333333333333,0.43478260869565216,0.7400596520381844,0.2423446123387408,0
user_8734,2021-04-08 21:57:00,12,6,2,2,2,1,7,8,7,14,12,3,0,5.992011190970676,0.36659341284876223,6.567043312169683,0.16666666666666666,1.0,0.5,0.43558547166927475,0.8773855435768103,0
user_8735,2021-04-08 22:12:00,24,9,3,2,1,0,8,10,12,20,16,3,0,9.512948956612895,1.8672952550008457,2.1423893792046136,0.125,0.6666666666666666,0.375,0.9539317424513876,0.9762526191474107,0
user_8736,2021-04-08 22:27:00,22,16,6,0,2,0,15,5,11,18,20,3,0,8.312569472155879,7.262094626373569,0.8819152953334695,0.2727272727272727,0.0,0.7272727272727273,0.45764524791969785,0.4988968497647984,1
user_8737,2021-04-08 22:42:00,25,11,5,0,1,0,7,11,10,18,16,3,0,4.693173868470763,2.190707619003707,2.5136037581680046,0.2,0.0,0.44,0.6254137865152358,0.43409977946458544,0
user_8738,2021-04-08 22:57:00,18,14,9,0,3,2,9,11,16,19,8,3,0,2.9793926589446413,0.5553561324447777,6.382193481408998,0.5,0.0,0.7777777777777778,0.18846159003951313,0.8734169820250829,0
user_8739,2021-04-08 23:12:00,20,15,4,0,2,3,12,7,6,19,15,3,0,3.8950647985147,2.839266879474534,9.80240842569391,0.2,0.0,0.75,0.594378050733646,0.7205379864170134,0
user_8740,2021-04-08 23:27:00,32,13,4,1,3,1,5,12,11,6,13,3,0,4.713654094575352,0.7728278166763167,4.188697814473555,0.125,0.25,0.40625,0.8598466057870577,0.12426241824790318,0
user_8741,2021-04-08 23:42:00,21,6,6,1,2,0,14,8,7,6,17,3,0,7.572123470110018,7.009572215940437,5.501303821080866,0.2857142857142857,0.16666666666666666,0.2857142857142857,0.841612146693208,0.17405966602811113,0
user_8742,2021-04-08 23:57:00,20,11,6,2,4,2,12,7,9,9,11,3,0,0.47044050868089404,5.2523248849797355,7.237605619702431,0.3,0.3333333333333333,0.55,0.8206452674808863,0.8817090185276005,0
user_8743,2021-04-09 00:12:00,15,11,4,1,1,0,18,15,11,11,14,4,0,4.59297980248851,2.2422209553440258,9.543757516981415,0.26666666666666666,0.25,0.7333333333333333,0.43990601636574356,0.42386263261093304,0
user_8744,2021-04-09 00:27:00,27,7,5,2,2,1,19,20,10,9,20,4,0,5.69775972814047,6.0132978951007106,0.8315562378177233,0.18518518518518517,0.4,0.25925925925925924,0.884620171726632,0.19821117883059997,0
user_8745,2021-04-09 00:42:00,16,9,5,2,4,1,6,19,18,7,13,4,0,2.2779217798029983,7.338751384685436,10.550977379365134,0.3125,0.4,0.5625,0.1967914012062582,0.2320113617903357,0
user_8746,2021-04-09 00:57:00,20,15,6,2,2,0,17,20,7,7,19,4,0,4.836741921981996,2.706791750007523,8.448925277692322,0.3,0.3333333333333333,0.75,0.4099495695452764,0.6466290068996929,0
user_8747,2021-04-09 01:12:00,23,15,3,1,0,0,13,8,8,11,10,4,0,7.823542830499019,7.408220236791277,4.279054050077205,0.13043478260869565,0.3333333333333333,0.6521739130434783,0.2151174279878751,0.32402696243953033,0
user_8748,2021-04-09 01:27:00,21,13,5,2,1,0,18,8,8,5,7,4,0,2.3869370805023076,6.432963394389188,1.030488703684712,0.23809523809523808,0.4,0.6190476190476191,0.8865468182621784,0.5515241700124782,0
user_8749,2021-04-09 01:42:00,8,9,6,0,1,0,9,8,18,15,9,4,0,7.010084952277489,7.148658918205713,1.4304812003268905,0.75,0.0,1.125,0.52343344582193,0.9694817809660109,0
user_8750,2021-04-09 01:57:00,11,8,4,1,4,1,16,11,8,20,19,4,0,9.607194526267756,3.132938426254639,3.3132642912918793,0.36363636363636365,0.25,0.7272727272727273,0.7857009063139453,0.91123159287903,0
user_8751,2021-04-09 02:12:00,24,7,4,0,1,1,7,17,11,8,9,4,0,3.6694575363175757,5.402257107647138,2.132531785720034,0.16666666666666666,0.0,0.2916666666666667,0.9794078811519574,0.8452272708470975,0
user_8752,2021-04-09 02:27:00,25,6,6,0,1,0,10,9,17,11,10,4,0,0.23678118311155744,2.8348000240761277,6.7564874952553495,0.24,0.0,0.24,0.1609037551803399,0.8579907924216286,1
user_8753,2021-04-09 02:42:00,20,9,3,1,2,1,9,5,13,11,15,4,0,2.3382196480290234,7.18607039678229,9.563618300489187,0.15,0.3333333333333333,0.45,0.7742920913738057,0.949474550992179,0
user_8754,2021-04-09 02:57:00,22,10,4,0,1,0,18,14,18,10,11,4,0,2.463159873236115,6.175350592980104,9.232636321862152,0.18181818181818182,0.0,0.45454545454545453,0.9340084923179905,0.4199582508913464,0
user_8755,2021-04-09 03:12:00,19,8,3,0,2,1,5,13,17,8,9,4,0,7.839327757708933,5.5902490048138835,9.624611939497163,0.15789473684210525,0.0,0.42105263157894735,0.348850364570917,0.11601660483018025,0
user_8756,2021-04-09 03:27:00,21,19,5,1,0,0,8,16,12,19,8,4,0,6.177403271154103,5.294656834449082,5.228725072994325,0.23809523809523808,0.2,0.9047619047619048,0.3828282724259898,0.9368684987410926,0
user_8757,2021-04-09 03:42:00,25,10,11,2,2,0,15,7,6,15,6,4,0,5.2568063919133055,2.855931224244636,0.8909375916260418,0.44,0.18181818181818182,0.4,0.3191483772907471,0.8626652060653344,0
user_8758,2021-04-09 03:57:00,24,11,4,1,3,0,17,9,6,16,17,4,0,4.351134900408401,7.0318557663304375,3.480136560837554,0.16666666666666666,0.25,0.4583333333333333,0.23283198737425737,0.4692322101014741,0
user_8759,2021-04-09 04:12:00,20,16,3,1,2,0,13,5,18,11,15,4,0,7.8685401962394925,4.509921862688924,2.088707433521414,0.15,0.3333333333333333,0.8,0.4362209939464715,0.951502575434467,0
user_8760,2021-04-09 04:27:00,17,10,5,0,2,0,16,6,11,19,18,4,0,6.062999351151179,2.9544983790876174,1.7367290309507226,0.29411764705882354,0.0,0.5882352941176471,0.43900128733388744,0.12317505427795718,0
user_8761,2021-04-09 04:42:00,19,17,7,2,4,2,15,5,12,5,13,4,0,0.6381957077110099,7.188464580393029,6.2646833202720025,0.3684210526315789,0.2857142857142857,0.8947368421052632,0.5272694552103984,0.5769970385245754,0
user_8762,2021-04-09 04:57:00,18,10,10,0,3,1,13,13,5,8,11,4,0,8.958759274940821,7.117646263030521,1.1051210474043685,0.5555555555555556,0.0,0.5555555555555556,0.18387283089876638,0.838878440108538,0
user_8763,2021-04-09 05:12:00,26,8,7,2,2,0,9,20,15,16,12,4,0,6.282192443535437,3.5384759216200963,7.078538610736237,0.2692307692307692,0.2857142857142857,0.3076923076923077,0.6487204520485369,0.4737382946645443,0
user_8764,2021-04-09 05:27:00,19,10,8,1,1,2,15,19,5,19,5,4,0,4.5602903451027,5.792805333954651,9.179271474418375,0.42105263157894735,0.125,0.5263157894736842,0.13186950064856318,0.3208039202104948,0
user_8765,2021-04-09 05:42:00,15,9,6,1,1,0,10,20,10,16,5,4,0,6.607967717233545,5.272951109542166,11.105627887143958,0.4,0.16666666666666666,0.6,0.24635583976959485,0.22112572554771198,0
user_8766,2021-04-09 05:57:00,22,8,4,1,3,1,20,14,19,20,5,4,0,1.5376356855371014,7.728333392825035,3.220055101111164,0.18181818181818182,0.25,0.36363636363636365,0.5549758950548542,0.4247362208320685,0
user_8767,2021-04-09 06:12:00,22,6,11,1,2,0,16,20,5,9,9,4,0,9.311029525424875,7.855511650960217,6.429730498558203,0.5,0.09090909090909091,0.2727272727272727,0.5961998362450326,0.8752302093990058,0
user_8768,2021-04-09 06:27:00,15,9,8,2,2,2,19,9,15,15,6,4,0,7.041283970114996,0.6003799097366187,3.274906002784301,0.5333333333333333,0.25,0.6,0.7495427144545121,0.9109818559403867,0
user_8769,2021-04-09 06:42:00,18,7,2,1,0,1,10,15,17,6,8,4,0,2.969672320254385,2.8805402004364793,6.404144962973628,0.1111111111111111,0.5,0.3888888888888889,0.9380825380862771,0.8906708138263529,0
user_8770,2021-04-09 06:57:00,20,11,8,1,2,0,18,9,8,15,12,4,0,9.259726482824236,1.0165674985599387,9.947897625249395,0.4,0.125,0.55,0.5935439595525943,0.3546370404078605,0
user_8771,2021-04-09 07:12:00,18,9,3,0,1,1,14,12,17,17,9,4,0,9.831201879631955,2.981840678866666,7.829477120919375,0.16666666666666666,0.0,0.5,0.5675280607913766,0.7404393957440428,0
user_8772,2021-04-09 07:27:00,18,11,5,2,1,0,12,8,19,16,18,4,0,6.665644853089796,7.780211163369473,10.894243174900959,0.2777777777777778,0.4,0.6111111111111112,0.6961206999215798,0.3597265248941087,0
user_8773,2021-04-09 07:42:00,26,9,8,2,2,1,8,9,7,5,17,4,0,4.882851839706377,0.3544956537030389,7.786702685619537,0.3076923076923077,0.25,0.34615384615384615,0.9310988402029335,0.44932674256437743,0
user_8774,2021-04-09 07:57:00,20,9,5,0,1,0,7,10,20,6,6,4,0,2.347003298435504,5.493556891268679,7.999130222564547,0.25,0.0,0.45,0.4587879074693195,0.7318074091753233,0
user_8775,2021-04-09 08:12:00,14,12,4,0,3,0,10,8,14,15,6,4,0,7.758782055696101,6.946366929536871,5.840420362965197,0.2857142857142857,0.0,0.8571428571428571,0.46601014584598444,0.8526503808225426,0
user_8776,2021-04-09 08:27:00,27,8,8,0,3,0,9,19,19,16,9,4,0,6.8835847168801765,2.420815417028002,6.473489111850922,0.2962962962962963,0.0,0.2962962962962963,0.5268494820458733,0.39623197437159663,0
user_8777,2021-04-09 08:42:00,25,6,2,1,2,1,9,5,10,9,13,4,0,0.6840383711221446,6.325935820359315,8.167856426833257,0.08,0.5,0.24,0.8231846259031536,0.3944264533614692,0
user_8778,2021-04-09 08:57:00,21,6,4,2,0,2,13,17,15,17,14,4,0,3.962369979131152,3.4498972897421916,2.1994833408628227,0.19047619047619047,0.5,0.2857142857142857,0.5843609005947975,0.8166843155480543,0
user_8779,2021-04-09 09:12:00,17,10,14,1,1,2,6,17,12,8,9,4,0,3.4362430978102085,1.2275761901368072,6.882984430353082,0.8235294117647058,0.07142857142857142,0.5882352941176471,0.6957534913345154,0.35747641805300867,0
user_8780,2021-04-09 09:27:00,21,14,4,0,0,2,18,5,19,5,19,4,0,8.059629323231313,2.0120738066659185,4.075366418941112,0.19047619047619047,0.0,0.6666666666666666,0.41687610457070245,0.5173613880269123,0
user_8781,2021-04-09 09:42:00,16,9,4,2,2,0,7,18,18,7,13,4,0,3.6089328064490194,6.43417677644728,5.152932778849122,0.25,0.5,0.5625,0.9103049939983086,0.6287939483363137,0
user_8782,2021-04-09 09:57:00,26,8,2,0,0,1,19,19,20,10,12,4,0,0.417317968275585,5.497552980547781,7.067808095622471,0.07692307692307693,0.0,0.3076923076923077,0.8676197732145269,0.31850330065254157,1
user_8783,2021-04-09 10:12:00,16,11,4,2,1,1,11,7,10,11,20,4,0,5.533398169054704,5.25289580057572,10.762995340802215,0.25,0.5,0.6875,0.809920814749521,0.3030466617647015,0
user_8784,2021-04-09 10:27:00,18,12,7,1,2,0,15,10,11,5,15,4,0,8.819836187804398,1.3630201286793868,7.531246612077457,0.3888888888888889,0.14285714285714285,0.6666666666666666,0.6484254927736705,0.2489191240273241,0
user_8785,2021-04-09 10:42:00,15,7,5,1,2,0,6,9,20,13,13,4,0,0.6360930650737291,4.60475037762336,6.340639500424891,0.3333333333333333,0.2,0.4666666666666667,0.6395076629277071,0.7974322844391402,0
user_8786,2021-04-09 10:57:00,16,16,6,2,1,0,20,18,12,5,6,4,0,4.648142501537609,0.16697501457816502,5.210401616498859,0.375,0.3333333333333333,1.0,0.47959057348601175,0.2991930654045527,0
user_8787,2021-04-09 11:12:00,16,15,10,1,0,0,14,18,11,6,11,4,0,8.572207317965988,7.023138031492453,9.90634606607245,0.625,0.1,0.9375,0.31653576675597994,0.2632650949019869,0
user_8788,2021-04-09 11:27:00,21,10,5,0,1,1,7,20,5,15,19,4,0,6.429450242179451,7.586239666334232,1.0310216632611253,0.23809523809523808,0.0,0.47619047619047616,0.8708715828287753,0.6495283947262595,0
user_8789,2021-04-09 11:42:00,19,10,5,0,2,0,7,7,19,20,15,4,0,8.951822797077966,3.8362181012581416,3.692821832620897,0.2631578947368421,0.0,0.5263157894736842,0.9591009185332412,0.49989117095703584,0
user_8790,2021-04-09 11:57:00,16,6,9,1,3,2,12,18,16,17,16,4,0,0.8080650947961735,4.512976606216638,6.528875893655089,0.5625,0.1111111111111111,0.375,0.6811815455451141,0.20427652217110553,0
user_8791,2021-04-09 12:12:00,15,8,5,0,2,1,8,7,15,19,16,4,0,5.224399863268049,5.2074803988283405,8.092657097168193,0.3333333333333333,0.0,0.5333333333333333,0.661058453918364,0.9157491622891979,0
user_8792,2021-04-09 12:27:00,23,9,3,1,2,0,8,13,6,20,11,4,0,9.52687184503356,3.890104605620597,6.840204409911371,0.13043478260869565,0.3333333333333333,0.391304347826087,0.8440763334681356,0.5691461957763798,0
user_8793,2021-04-09 12:42:00,26,15,7,0,3,1,12,8,13,7,10,4,0,4.7137359158891154,0.7145971734573302,10.004005470874198,0.2692307692307692,0.0,0.5769230769230769,0.6491151692895593,0.11151553595574229,0
user_8794,2021-04-09 12:57:00,26,7,8,1,3,1,19,16,19,12,5,4,0,6.2506092394930235,1.4078327415379135,6.117156731781528,0.3076923076923077,0.125,0.2692307692307692,0.7560780781078014,0.554423258188529,0
user_8795,2021-04-09 13:12:00,22,10,7,0,2,1,5,5,18,7,18,4,0,5.268011281443123,5.569126050350559,0.7964792221398197,0.3181818181818182,0.0,0.45454545454545453,0.1345273400921659,0.3783539994906594,0
user_8796,2021-04-09 13:27:00,18,11,1,1,1,2,12,8,6,11,5,4,0,2.4018088246150167,2.5716238347303846,5.317842789562326,0.05555555555555555,1.0,0.6111111111111112,0.23355146325594495,0.3229769406775223,1
user_8797,2021-04-09 13:42:00,25,8,9,0,1,0,11,14,13,17,20,4,0,8.86807937553113,4.551031832570703,8.891474086990971,0.36,0.0,0.32,0.5645497494968165,0.40899045390563815,0
user_8798,2021-04-09 13:57:00,23,8,4,1,3,0,19,17,20,10,12,4,0,4.999403495613773,2.551907780925378,4.292383540331535,0.17391304347826086,0.25,0.34782608695652173,0.5831687912762896,0.18395736430411444,0
user_8799,2021-04-09 14:12:00,26,13,2,0,2,0,7,14,8,19,8,4,0,4.680335244480382,4.064461225176737,9.383252664639405,0.07692307692307693,0.0,0.5,0.10244333186091258,0.5111559386873883,0
user_8800,2021-04-09 14:27:00,12,11,10,1,2,0,11,12,19,16,15,4,0,1.3765316863793637,5.358299255534354,7.477147729201694,0.8333333333333334,0.1,0.9166666666666666,0.9605160745771615,0.8613195835180937,0
user_8801,2021-04-09 14:42:00,15,6,2,1,3,0,12,17,20,13,16,4,0,3.876831694143466,6.744637552531864,7.683598419902964,0.13333333333333333,0.5,0.4,0.11372475067088894,0.6744048389400968,0
user_8802,2021-04-09 14:57:00,22,10,7,0,4,0,14,12,18,7,5,4,0,6.406819526828075,1.106737908890593,4.400109666243202,0.3181818181818182,0.0,0.45454545454545453,0.16699731208991447,0.6152361736403773,0
user_8803,2021-04-09 15:12:00,18,19,6,1,0,1,18,16,13,16,20,4,0,5.907933550055821,7.766355728985325,6.68852394022698,0.3333333333333333,0.16666666666666666,1.0555555555555556,0.13814629407173418,0.2253421858203781,0
user_8804,2021-04-09 15:27:00,23,9,8,1,3,0,18,17,15,9,8,4,0,0.12990088811537198,4.888826090424781,0.9562663915041876,0.34782608695652173,0.125,0.391304347826087,0.5182946159276727,0.9617314510534001,1
user_8805,2021-04-09 15:42:00,17,12,5,1,1,0,8,20,13,5,12,4,0,4.797339604212306,6.149460642460823,2.599344902943906,0.29411764705882354,0.2,0.7058823529411765,0.9750987287393019,0.8650288536296417,0
user_8806,2021-04-09 15:57:00,16,9,2,2,3,0,6,18,19,17,7,4,0,6.572619498500734,1.5642379070884784,1.6076141011538723,0.125,1.0,0.5625,0.9276926624829349,0.9506703966931452,1
user_8807,2021-04-09 16:12:00,19,10,7,2,1,0,16,14,6,16,14,4,0,8.159276339754516,7.232856366371194,5.796893958669078,0.3684210526315789,0.2857142857142857,0.5263157894736842,0.9903135011326766,0.6361032012151115,0
user_8808,2021-04-09 16:27:00,15,12,13,1,2,1,15,14,10,5,17,4,0,4.398830733423588,6.559968164214649,0.5418050436950255,0.8666666666666667,0.07692307692307693,0.8,0.7582341643536146,0.7092946511972749,0
user_8809,2021-04-09 16:42:00,28,14,6,1,2,0,17,11,17,8,12,4,0,9.309830143388753,1.0722817027620735,4.33908169363402,0.21428571428571427,0.16666666666666666,0.5,0.7862441804379537,0.10473055339058807,0
user_8810,2021-04-09 16:57:00,18,12,8,2,1,1,14,8,7,15,14,4,0,4.732803737438809,0.868884548125311,1.7378467505379402,0.4444444444444444,0.25,0.6666666666666666,0.2872034275471381,0.494536094643391,0
user_8811,2021-04-09 17:12:00,25,11,2,1,2,1,17,11,17,12,20,4,0,3.2068126360797122,2.219661528562143,11.58888975799359,0.08,0.5,0.44,0.38947476148926363,0.1497071601110935,1
user_8812,2021-04-09 17:27:00,20,17,7,1,2,0,7,15,10,6,11,4,0,3.9842239376881947,5.174229018473556,3.3289994640707614,0.35,0.14285714285714285,0.85,0.8061641357180632,0.39120818174141603,0
user_8813,2021-04-09 17:42:00,25,12,5,0,1,3,13,16,11,8,20,4,0,4.835567184274419,2.3092458628892523,4.463986512746458,0.2,0.0,0.48,0.2468254465141739,0.7131870143385551,0
user_8814,2021-04-09 17:57:00,18,10,2,0,1,0,6,18,7,8,8,4,0,0.7559040272926769,5.21249636879172,4.774964408984467,0.1111111111111111,0.0,0.5555555555555556,0.8725938300857408,0.9208443621265556,0
user_8815,2021-04-09 18:12:00,17,9,8,1,2,1,14,18,8,17,6,4,0,7.568321711572292,7.648509018377719,11.89848660840684,0.47058823529411764,0.125,0.5294117647058824,0.18218405975072433,0.9969350642719813,0
user_8816,2021-04-09 18:27:00,20,12,5,1,3,1,5,9,7,16,13,4,0,3.8270426163575904,3.5785427616428493,8.362739512038486,0.25,0.2,0.6,0.8220925370408504,0.3761694443204192,0
user_8817,2021-04-09 18:42:00,18,9,7,1,3,0,17,8,13,10,14,4,0,4.556641745975212,6.383114547552279,4.522401205313721,0.3888888888888889,0.14285714285714285,0.5,0.8703541994784981,0.41985195530718156,0
user_8818,2021-04-09 18:57:00,18,12,8,0,3,1,15,15,15,16,8,4,0,2.901122057451306,1.3066153016041786,6.7128933821901375,0.4444444444444444,0.0,0.6666666666666666,0.46821316261745527,0.15867174458569208,0
user_8819,2021-04-09 19:12:00,11,17,6,0,3,1,12,15,8,20,17,4,0,4.572669591157984,3.1589698967597295,9.511761947460274,0.5454545454545454,0.0,1.5454545454545454,0.3785585770227421,0.9977527739374297,1
user_8820,2021-04-09 19:27:00,22,4,4,2,2,1,6,11,14,7,16,4,0,1.0969403708393461,6.654900318669718,0.9251760865614038,0.18181818181818182,0.5,0.18181818181818182,0.5894278568677344,0.8747434249724199,0
user_8821,2021-04-09 19:42:00,19,5,6,1,2,1,12,17,13,12,6,4,0,7.378564690796501,6.671320711894268,1.022786561220986,0.3157894736842105,0.16666666666666666,0.2631578947368421,0.9073378977223984,0.8130221354497735,0
user_8822,2021-04-09 19:57:00,17,13,4,0,3,0,12,12,11,13,5,4,0,2.2186749869869904,0.13826932422956845,10.235498318693601,0.23529411764705882,0.0,0.7647058823529411,0.33485440987093973,0.39125130190881086,1
user_8823,2021-04-09 20:12:00,20,9,9,2,2,0,13,11,9,5,19,4,0,2.769087224525233,6.363029779395128,7.0101758500170375,0.45,0.2222222222222222,0.45,0.6382396333893312,0.30185407691949584,0
user_8824,2021-04-09 20:27:00,12,8,4,1,3,1,13,12,13,14,14,4,0,3.922404046989437,2.0815543453574232,2.4323959643315263,0.3333333333333333,0.25,0.6666666666666666,0.3034679836663477,0.9893788882352195,0
user_8825,2021-04-09 20:42:00,27,6,7,1,3,0,19,6,19,17,9,4,0,3.827729259646209,1.4000074582137065,7.9468552796577265,0.25925925925925924,0.14285714285714285,0.2222222222222222,0.4319490971188653,0.8906189766694044,0
user_8826,2021-04-09 20:57:00,20,12,6,2,4,1,18,9,10,5,5,4,0,7.943324378979116,5.972632255647931,5.927318728439,0.3,0.3333333333333333,0.6,0.5966722912284443,0.4985273532678375,0
user_8827,2021-04-09 21:12:00,21,18,2,1,4,0,18,10,14,15,18,4,0,6.5737397055361635,6.331600956011568,8.938811157179801,0.09523809523809523,0.5,0.8571428571428571,0.13655836958746714,0.748385655650477,0
user_8828,2021-04-09 21:27:00,14,10,7,2,2,1,8,17,15,9,10,4,0,2.718056603613061,7.915204220923843,10.37431643266151,0.5,0.2857142857142857,0.7142857142857143,0.8949801578544291,0.7737780694726799,0
user_8829,2021-04-09 21:42:00,18,12,7,0,5,0,14,20,7,12,10,4,0,9.687866889908207,1.9253457406874075,2.8635355513439524,0.3888888888888889,0.0,0.6666666666666666,0.28997817064725273,0.398069112420376,0
user_8830,2021-04-09 21:57:00,26,9,5,0,0,0,18,13,20,14,15,4,0,9.382790497407427,5.467998021232217,10.32386883955128,0.19230769230769232,0.0,0.34615384615384615,0.2136355893278168,0.8473010360073193,0
user_8831,2021-04-09 22:12:00,14,9,3,1,2,0,15,19,5,19,20,4,0,2.1237099129282635,3.855160984165876,2.2850432923369044,0.21428571428571427,0.3333333333333333,0.6428571428571429,0.529892635511523,0.5170899302213134,0
user_8832,2021-04-09 22:27:00,23,7,6,1,2,2,15,5,18,10,12,4,0,6.652415589477509,3.8876408207805917,6.610703552800401,0.2608695652173913,0.16666666666666666,0.30434782608695654,0.8501345380557173,0.47950768511652697,0
user_8833,2021-04-09 22:42:00,15,18,4,1,2,1,15,8,13,5,18,4,0,7.746170529301733,2.2771944908966035,11.06024611305951,0.26666666666666666,0.25,1.2,0.22681066342028294,0.7002800447994498,0
user_8834,2021-04-09 22:57:00,25,12,6,2,2,0,10,6,15,6,10,4,0,8.887130189871375,4.526618868091442,1.877686377268637,0.24,0.3333333333333333,0.48,0.2981482151412276,0.5876553559155585,0
user_8835,2021-04-09 23:12:00,23,6,10,2,2,0,20,8,14,20,14,4,0,3.0684213309016672,2.1953105191987334,4.153261909362374,0.43478260869565216,0.2,0.2608695652173913,0.946942377104043,0.5328640138606315,0
user_8836,2021-04-09 23:27:00,21,12,6,1,2,0,13,9,19,12,12,4,0,2.6849967731269393,3.887677541907808,9.768964361706796,0.2857142857142857,0.16666666666666666,0.5714285714285714,0.13116082420560807,0.5098875567364353,0
user_8837,2021-04-09 23:42:00,25,13,10,1,1,0,17,13,5,11,16,4,0,5.072100148951161,1.3848803746877794,4.634467663208735,0.4,0.1,0.52,0.488327082315847,0.5275204902735384,0
user_8838,2021-04-09 23:57:00,20,10,7,0,1,1,8,19,12,14,18,4,0,5.44802500242091,4.687793791101308,11.541991263462014,0.35,0.0,0.5,0.38038317500038077,0.6737470787087941,0
user_8839,2021-04-10 00:12:00,18,9,2,1,2,3,12,16,5,20,19,5,1,0.8978225311409954,2.2765010527257705,9.053486239531942,0.1111111111111111,0.5,0.5,0.703295985492216,0.6612017559149458,1
user_8840,2021-04-10 00:27:00,22,8,12,1,2,0,17,6,15,18,19,5,1,4.948131314406954,6.99640863471573,7.28119343716145,0.5454545454545454,0.08333333333333333,0.36363636363636365,0.9674259409990673,0.1679979362057047,0
user_8841,2021-04-10 00:42:00,16,9,6,0,4,3,14,18,7,9,14,5,1,7.582073546762413,2.118269695083499,11.511053660815481,0.375,0.0,0.5625,0.1843652785441487,0.9452960367473457,0
user_8842,2021-04-10 00:57:00,14,10,6,2,3,1,13,18,9,11,6,5,1,7.690735476399903,2.087122590950646,6.032401410403598,0.42857142857142855,0.3333333333333333,0.7142857142857143,0.3452498590528887,0.2930797345293034,0
user_8843,2021-04-10 01:12:00,18,18,2,2,2,0,5,7,11,18,9,5,1,4.206611337261524,6.70667684936464,1.6668605719126866,0.1111111111111111,1.0,1.0,0.9678397928753615,0.7889450071314805,0
user_8844,2021-04-10 01:27:00,15,10,5,1,1,0,16,16,15,5,13,5,1,2.099278387238851,4.589241645695253,3.7834479901048916,0.3333333333333333,0.2,0.6666666666666666,0.9502881814312282,0.9126920006411228,0
user_8845,2021-04-10 01:42:00,25,9,9,0,2,1,9,19,11,10,16,5,1,6.011509895974032,7.303660459482023,4.952584921484679,0.36,0.0,0.36,0.4253950523385748,0.31081049949722683,0
user_8846,2021-04-10 01:57:00,24,4,5,1,2,1,18,16,14,12,9,5,1,1.188219036520021,6.938294218300056,6.7164723089705145,0.20833333333333334,0.2,0.16666666666666666,0.13941833295207645,0.5823356339452731,0
user_8847,2021-04-10 02:12:00,20,12,4,2,3,0,19,20,20,5,11,5,1,6.191755886793602,5.609392231105165,10.290731847805521,0.2,0.5,0.6,0.9599943103915456,0.22002672786664929,0
user_8848,2021-04-10 02:27:00,15,9,7,1,3,1,14,17,18,10,12,5,1,7.093855099730698,5.931468824750609,3.2449893526677904,0.4666666666666667,0.14285714285714285,0.6,0.5613763609036396,0.9101163427536358,0
user_8849,2021-04-10 02:42:00,19,11,9,1,0,1,12,17,5,15,14,5,1,9.915538432664466,1.9141902388364744,2.8629916973845027,0.47368421052631576,0.1111111111111111,0.5789473684210527,0.7281265643694458,0.3165948388954335,0
user_8850,2021-04-10 02:57:00,27,9,5,3,1,1,7,12,9,7,15,5,1,3.5071023484375154,5.61405233858625,1.9099058179118824,0.18518518518518517,0.6,0.3333333333333333,0.9086942259365854,0.12125387701130173,0
user_8851,2021-04-10 03:12:00,17,12,5,0,0,1,19,5,5,19,14,5,1,8.876078797078026,2.1848037471412702,5.86789039081337,0.29411764705882354,0.0,0.7058823529411765,0.8520253486696494,0.6288820268198522,0
user_8852,2021-04-10 03:27:00,19,10,5,1,4,0,19,7,12,10,5,5,1,8.15233895843764,2.1948456526683358,11.647687655951723,0.2631578947368421,0.2,0.5263157894736842,0.7865572915879633,0.6085748239861176,0
user_8853,2021-04-10 03:42:00,17,5,3,0,1,1,12,19,7,6,6,5,1,9.3691632928611,4.9991107874530165,0.8991531054133786,0.17647058823529413,0.0,0.29411764705882354,0.5747668250128192,0.6440548038623084,0
user_8854,2021-04-10 03:57:00,22,4,5,2,2,1,20,20,19,16,19,5,1,7.755838899167738,3.7590681478100225,6.620278280773615,0.22727272727272727,0.4,0.18181818181818182,0.7752484316328894,0.6727828914415349,1
user_8855,2021-04-10 04:12:00,20,9,4,0,0,0,18,15,10,17,6,5,1,3.694089968666608,1.868721884817702,4.257024882203837,0.2,0.0,0.45,0.560106934785831,0.8616741328448647,0
user_8856,2021-04-10 04:27:00,19,9,3,1,2,1,7,16,12,15,13,5,1,2.403700390893343,3.3689724439972624,3.6658390336724977,0.15789473684210525,0.3333333333333333,0.47368421052631576,0.5565368716574031,0.867654084228876,0
user_8857,2021-04-10 04:42:00,23,11,4,1,4,0,6,12,6,20,13,5,1,2.3961367824427664,1.9790471052803522,1.2475353122017243,0.17391304347826086,0.25,0.4782608695652174,0.7647607975676106,0.1283287313156368,0
user_8858,2021-04-10 04:57:00,35,12,4,0,2,0,11,18,10,9,20,5,1,6.073120695909044,1.8441958254579225,3.444157438610364,0.11428571428571428,0.0,0.34285714285714286,0.13249554979813039,0.6138697630381043,1
user_8859,2021-04-10 05:12:00,16,9,8,1,2,0,19,9,11,18,5,5,1,9.982282826303164,6.943070412360775,3.976223829848971,0.5,0.125,0.5625,0.7786599225700896,0.9590582544891505,0
user_8860,2021-04-10 05:27:00,21,12,5,1,2,1,17,11,15,19,5,5,1,0.7035724906515832,5.810443872338034,2.5865660479053068,0.23809523809523808,0.2,0.5714285714285714,0.8644718012862475,0.2200725326247145,0
user_8861,2021-04-10 05:42:00,20,5,4,0,4,0,19,11,9,7,8,5,1,7.789297842530978,7.619626836335857,9.589773984119399,0.2,0.0,0.25,0.8402360761212894,0.3189402500063613,0
user_8862,2021-04-10 05:57:00,21,11,6,0,1,1,19,16,8,7,10,5,1,9.10358104951772,3.075854391723666,1.9977046968386638,0.2857142857142857,0.0,0.5238095238095238,0.16703501520456143,0.4993542612842302,0
user_8863,2021-04-10 06:12:00,20,10,10,2,2,0,6,15,5,8,16,5,1,1.5999484477713863,5.887392264177375,7.337342553607118,0.5,0.2,0.5,0.32696575258031546,0.776228905797671,0
user_8864,2021-04-10 06:27:00,21,11,6,1,0,0,15,20,18,19,20,5,1,9.909869792240473,6.405134042630464,9.16151089969835,0.2857142857142857,0.16666666666666666,0.5238095238095238,0.3884023185109775,0.1690923208581181,0
user_8865,2021-04-10 06:42:00,24,11,4,1,2,0,11,7,6,10,14,5,1,0.17718234888316192,4.38030668992994,10.377335336051505,0.16666666666666666,0.25,0.4583333333333333,0.705436443341984,0.2839735607890552,0
user_8866,2021-04-10 06:57:00,14,6,4,0,4,0,6,20,9,12,13,5,1,7.245148082670836,4.521555687497772,9.108110115004084,0.2857142857142857,0.0,0.42857142857142855,0.8565384373535175,0.7916603749168832,0
user_8867,2021-04-10 07:12:00,24,14,4,1,3,1,9,20,16,10,17,5,1,0.1096585427690766,5.393096594689808,2.02654097157328,0.16666666666666666,0.25,0.5833333333333334,0.940513057083197,0.4320640617818332,1
user_8868,2021-04-10 07:27:00,17,15,7,1,0,1,6,18,8,15,10,5,1,3.49180326592667,0.835003840428846,6.54805867476882,0.4117647058823529,0.14285714285714285,0.8823529411764706,0.3639076588516382,0.4068461296773289,0
user_8869,2021-04-10 07:42:00,17,8,7,1,1,0,10,8,17,12,7,5,1,4.369242440156282,1.9959290835434307,2.4956928596820616,0.4117647058823529,0.14285714285714285,0.47058823529411764,0.6152664020009421,0.42739672381844274,0
user_8870,2021-04-10 07:57:00,21,12,6,0,1,0,13,6,16,17,16,5,1,3.4272847108710285,7.694709078971635,2.8591882256366747,0.2857142857142857,0.0,0.5714285714285714,0.7746457924126293,0.3706089034230461,0
user_8871,2021-04-10 08:12:00,16,7,13,2,2,1,14,15,17,18,9,5,1,0.5323487798841336,2.9607220794696323,3.348167353694536,0.8125,0.15384615384615385,0.4375,0.24731471281867856,0.18296939206238466,0
user_8872,2021-04-10 08:27:00,20,7,7,0,1,0,7,7,13,9,18,5,1,7.676785339796081,6.226075403827362,9.00542206290185,0.35,0.0,0.35,0.9677795090010612,0.4859941030111957,0
user_8873,2021-04-10 08:42:00,21,17,2,0,4,0,12,19,13,10,18,5,1,2.6200324718920998,2.3857324195810956,8.591697379264941,0.09523809523809523,0.0,0.8095238095238095,0.2886246179761446,0.5708785148072222,0
user_8874,2021-04-10 08:57:00,18,2,8,1,2,0,13,9,5,10,17,5,1,0.11339943203846076,2.037738856986007,5.534752431257152,0.4444444444444444,0.125,0.1111111111111111,0.9929330695925723,0.6942375878549769,0
user_8875,2021-04-10 09:12:00,19,18,5,0,2,2,9,7,13,19,17,5,1,5.970484789891767,2.9855857059323787,1.988198836413222,0.2631578947368421,0.0,0.9473684210526315,0.6432691300716167,0.6829605646055239,0
user_8876,2021-04-10 09:27:00,21,13,7,1,3,2,6,15,18,5,18,5,1,4.830198023507179,5.928938599869191,9.670551293629146,0.3333333333333333,0.14285714285714285,0.6190476190476191,0.19148551786271334,0.32804751808248833,0
user_8877,2021-04-10 09:42:00,30,12,6,2,1,0,5,8,16,7,9,5,1,4.644336403204438,7.257504461928681,8.83426154694132,0.2,0.3333333333333333,0.4,0.26400926276291736,0.8158241414695618,0
user_8878,2021-04-10 09:57:00,17,13,8,2,1,0,7,16,9,5,8,5,1,0.22286597674537983,2.8049136379544475,7.376347278743626,0.47058823529411764,0.25,0.7647058823529411,0.9712794488301594,0.6080500937948256,0
user_8879,2021-04-10 10:12:00,19,14,6,2,1,0,9,10,14,12,14,5,1,2.6669742999649135,5.552853628880287,11.610405108262759,0.3157894736842105,0.3333333333333333,0.7368421052631579,0.29621045501260523,0.1214571395914445,1
user_8880,2021-04-10 10:27:00,21,10,4,0,4,1,7,19,16,17,9,5,1,8.047742688456658,2.2415822340650253,2.944926823239303,0.19047619047619047,0.0,0.47619047619047616,0.44202096045258,0.26585693662791665,0
user_8881,2021-04-10 10:42:00,22,6,11,3,1,1,18,10,6,19,14,5,1,5.9003563766487765,5.6962681539455815,5.234645797379603,0.5,0.2727272727272727,0.2727272727272727,0.7857238262222891,0.32531540840314926,0
user_8882,2021-04-10 10:57:00,25,14,7,0,4,0,9,15,16,12,12,5,1,6.477980655442536,1.6363385795240555,3.9144253678600167,0.28,0.0,0.56,0.5922466739257631,0.3710382412271893,0
user_8883,2021-04-10 11:12:00,22,11,8,1,1,0,19,20,10,7,6,5,1,4.32141553334154,7.643548033427688,1.292411527321577,0.36363636363636365,0.125,0.5,0.9817678411388594,0.7661747960451143,0
user_8884,2021-04-10 11:27:00,23,7,5,0,3,0,19,11,13,6,19,5,1,0.6787899418817196,6.458124916918321,8.07253815298833,0.21739130434782608,0.0,0.30434782608695654,0.47826521355914764,0.14636513805372137,0
user_8885,2021-04-10 11:42:00,29,8,7,1,2,0,15,5,10,11,10,5,1,1.5139572183754062,6.423975406713575,2.001887444606462,0.2413793103448276,0.14285714285714285,0.27586206896551724,0.18422714121173264,0.2932983048150879,0
user_8886,2021-04-10 11:57:00,24,6,5,1,3,0,6,15,6,19,5,5,1,6.760790525140586,7.788927493078899,7.583392482567242,0.20833333333333334,0.2,0.25,0.5071644879428934,0.1725690781993658,0
user_8887,2021-04-10 12:12:00,16,4,4,2,2,1,12,7,12,13,20,5,1,8.437337247891893,3.289892717186719,8.91712654017476,0.25,0.5,0.25,0.20195045916766463,0.35529204150376625,0
user_8888,2021-04-10 12:27:00,19,18,9,2,5,0,9,5,11,8,8,5,1,1.6129993695754785,2.2447813459563375,4.855655553755083,0.47368421052631576,0.2222222222222222,0.9473684210526315,0.33262775217794305,0.8956441620891621,0
user_8889,2021-04-10 12:42:00,16,9,5,1,2,1,13,12,11,12,8,5,1,1.8121166980556598,0.22635447015337726,7.698220782604766,0.3125,0.2,0.5625,0.9154038310960726,0.8207628782949664,1
user_8890,2021-04-10 12:57:00,21,11,4,3,2,3,13,13,6,6,14,5,1,9.381044794998285,0.520919453530631,9.933399718852243,0.19047619047619047,0.75,0.5238095238095238,0.8791572009095907,0.430963378882946,0
user_8891,2021-04-10 13:12:00,21,7,6,0,4,1,16,8,19,12,12,5,1,9.11667377211839,3.5528356325967474,10.096125043454226,0.2857142857142857,0.0,0.3333333333333333,0.6584486959834345,0.5778254013969112,0
user_8892,2021-04-10 13:27:00,19,10,4,0,3,0,20,17,18,12,5,5,1,6.863452758431267,6.037628191397781,2.8894270558788,0.21052631578947367,0.0,0.5263157894736842,0.36596854893679376,0.7813270460016585,0
user_8893,2021-04-10 13:42:00,21,9,6,1,3,2,17,5,11,5,11,5,1,0.35289130572481553,2.849078240046398,4.830400989565569,0.2857142857142857,0.16666666666666666,0.42857142857142855,0.33111073450567585,0.3872379180275076,0
user_8894,2021-04-10 13:57:00,27,12,6,1,0,2,9,6,16,5,18,5,1,5.847856822022595,4.6537604570095885,6.3153805857954834,0.2222222222222222,0.16666666666666666,0.4444444444444444,0.6828301737355312,0.18711813808270295,0
user_8895,2021-04-10 14:12:00,19,9,10,1,2,0,12,14,10,16,7,5,1,7.267598830045649,2.6389248714308127,7.646828896402469,0.5263157894736842,0.1,0.47368421052631576,0.2212172156363973,0.3272247668657558,1
user_8896,2021-04-10 14:27:00,23,14,7,0,1,1,16,5,7,5,19,5,1,5.472640020139115,6.395220401870715,3.2696928926589868,0.30434782608695654,0.0,0.6086956521739131,0.8176588729260752,0.1710196616158949,1
user_8897,2021-04-10 14:42:00,16,10,5,0,2,1,5,19,16,15,16,5,1,4.169614041429676,0.4519531099372006,7.331529852220109,0.3125,0.0,0.625,0.6485887150891092,0.5736130526544753,0
user_8898,2021-04-10 14:57:00,28,6,3,2,1,0,15,11,16,17,6,5,1,0.49179173769741913,6.707224108054036,7.094108167634272,0.10714285714285714,0.6666666666666666,0.21428571428571427,0.2439582862939769,0.7122388825921915,0
user_8899,2021-04-10 15:12:00,20,7,4,0,1,1,7,9,5,11,11,5,1,0.779831196033219,7.489484716511995,10.012631775818189,0.2,0.0,0.35,0.23336037653599787,0.17516864262269488,1
user_8900,2021-04-10 15:27:00,21,8,7,2,4,1,17,12,17,5,5,5,1,8.562867119578108,4.543635328405428,7.310102820483583,0.3333333333333333,0.2857142857142857,0.38095238095238093,0.4048904042300451,0.10237351280631068,0
user_8901,2021-04-10 15:42:00,11,6,9,0,1,0,13,14,6,9,14,5,1,9.844071873833729,4.6593731488452015,9.234230909233013,0.8181818181818182,0.0,0.5454545454545454,0.932165069218821,0.10762960756480529,0
user_8902,2021-04-10 15:57:00,22,7,6,2,1,1,8,7,8,14,7,5,1,6.498006421669227,7.20826608395833,6.89607900638045,0.2727272727272727,0.3333333333333333,0.3181818181818182,0.6194952827496292,0.9559365361244934,0
user_8903,2021-04-10 16:12:00,24,7,5,0,0,1,11,9,13,9,19,5,1,6.914846971795903,7.903951532079488,11.254080192573493,0.20833333333333334,0.0,0.2916666666666667,0.4864848760466546,0.8960929150859118,0
user_8904,2021-04-10 16:27:00,16,8,6,1,2,1,8,8,8,16,14,5,1,4.699668886731296,7.02589253287631,6.843183818782429,0.375,0.16666666666666666,0.5,0.6053005284625459,0.946031077503625,0
user_8905,2021-04-10 16:42:00,16,7,8,0,1,0,16,17,19,11,20,5,1,8.56003950231494,0.4040568574784239,3.5221551178592563,0.5,0.0,0.4375,0.31354169803932264,0.31172420454234573,0
user_8906,2021-04-10 16:57:00,26,9,6,1,1,0,19,16,13,9,17,5,1,7.506963274108425,0.936220671672458,7.70813908108606,0.23076923076923078,0.16666666666666666,0.34615384615384615,0.46933123342421457,0.7843892903808194,0
user_8907,2021-04-10 17:12:00,24,10,7,0,1,0,13,15,6,16,13,5,1,5.429180152346165,5.607102143509333,9.864408405274238,0.2916666666666667,0.0,0.4166666666666667,0.5798190682134973,0.7981994130878665,0
user_8908,2021-04-10 17:27:00,19,14,5,1,4,0,16,6,15,19,19,5,1,5.935210615438273,4.5837285985293335,11.869367743101847,0.2631578947368421,0.2,0.7368421052631579,0.3582855497927776,0.5082032532054216,1
user_8909,2021-04-10 17:42:00,33,9,13,2,4,0,18,11,12,5,13,5,1,2.7273942838313205,7.836432989104751,5.361134752819297,0.3939393939393939,0.15384615384615385,0.2727272727272727,0.3666441073459854,0.3604120444397103,0
user_8910,2021-04-10 17:57:00,25,9,6,0,1,1,11,8,8,18,16,5,1,4.11742095143228,0.6405280597921708,2.081805305962905,0.24,0.0,0.36,0.6173708913905944,0.5167749186447528,0
user_8911,2021-04-10 18:12:00,23,12,8,2,2,0,16,17,10,18,6,5,1,7.2671486870933535,5.177805605474638,11.18559326226327,0.34782608695652173,0.25,0.5217391304347826,0.25776791497389706,0.5781302847794627,0
user_8912,2021-04-10 18:27:00,24,8,6,2,3,1,14,18,13,14,20,5,1,9.069698121706793,0.6020933982991266,5.603123103097786,0.25,0.3333333333333333,0.3333333333333333,0.938684328056447,0.5159169658659363,0
user_8913,2021-04-10 18:42:00,18,13,7,2,0,0,6,9,15,14,7,5,1,3.0639071475438726,0.6555074462355266,6.90139864741472,0.3888888888888889,0.2857142857142857,0.7222222222222222,0.8936620147154007,0.6675009423454658,0
user_8914,2021-04-10 18:57:00,20,10,8,0,1,2,20,18,20,15,18,5,1,4.856664432156895,4.086230132340416,9.769053867690776,0.4,0.0,0.5,0.9996569726884195,0.8750861119387197,0
user_8915,2021-04-10 19:12:00,26,7,7,1,1,1,8,6,5,20,5,5,1,7.387100243370603,4.278161381568469,1.7779452540452538,0.2692307692307692,0.14285714285714285,0.2692307692307692,0.6092639973887556,0.6514433637965489,0
user_8916,2021-04-10 19:27:00,21,13,4,0,3,1,18,15,9,20,20,5,1,3.7325295329880066,1.5496472600073186,10.588021083522236,0.19047619047619047,0.0,0.6190476190476191,0.8424683992868276,0.6722151395992679,0
user_8917,2021-04-10 19:42:00,29,10,5,0,0,0,14,13,12,13,12,5,1,5.199025598849037,2.2130149632932086,6.878654648282916,0.1724137931034483,0.0,0.3448275862068966,0.8650174469466353,0.8463965125680492,0
user_8918,2021-04-10 19:57:00,20,11,5,1,4,1,17,15,8,18,5,5,1,4.317313130621852,2.344407689898877,1.5409743657166066,0.25,0.2,0.55,0.7996055634891758,0.7355076709490211,0
user_8919,2021-04-10 20:12:00,21,13,11,0,0,1,20,16,15,15,9,5,1,4.568098695567594,6.463935963932336,3.2868361232649974,0.5238095238095238,0.0,0.6190476190476191,0.6436154244320923,0.8721980385655406,0
user_8920,2021-04-10 20:27:00,32,6,2,1,1,0,6,12,7,15,15,5,1,0.1727681749490848,6.330252446222888,4.688029220830765,0.0625,0.5,0.1875,0.6101830213504155,0.4746071511542159,0
user_8921,2021-04-10 20:42:00,20,13,5,0,1,2,17,12,10,16,16,5,1,0.9531742578161019,4.573065124605412,7.802739744231019,0.25,0.0,0.65,0.33557808368462,0.9466693039078088,0
user_8922,2021-04-10 20:57:00,13,11,7,2,3,0,6,10,19,16,11,5,1,8.941676013680265,4.391526270781609,11.123454162529693,0.5384615384615384,0.2857142857142857,0.8461538461538461,0.23831058844601086,0.5276801972331111,0
user_8923,2021-04-10 21:12:00,23,13,12,3,3,1,8,20,8,14,6,5,1,5.928225517718368,7.631155509423534,3.1214093862598884,0.5217391304347826,0.25,0.5652173913043478,0.5305311590262488,0.8667638415807054,0
user_8924,2021-04-10 21:27:00,30,8,3,1,2,0,8,8,18,20,7,5,1,4.063624330297903,1.806280112035259,10.65769527356202,0.1,0.3333333333333333,0.26666666666666666,0.6651564170912297,0.9022531784268933,0
user_8925,2021-04-10 21:42:00,19,8,3,0,3,1,15,11,19,14,13,5,1,2.4459677327220537,6.324907225591311,1.7930232060153692,0.15789473684210525,0.0,0.42105263157894735,0.3783519274644964,0.2503419263009965,0
user_8926,2021-04-10 21:57:00,16,6,4,0,4,0,17,19,10,12,7,5,1,5.158714746626539,1.5915014645467318,7.412850230033859,0.25,0.0,0.375,0.44335766639857266,0.5382577622984318,0
user_8927,2021-04-10 22:12:00,24,11,3,2,2,1,17,13,16,5,17,5,1,4.2923214725873935,5.777795028265365,1.882270309277568,0.125,0.6666666666666666,0.4583333333333333,0.7846537676324276,0.8686727914303097,0
user_8928,2021-04-10 22:27:00,19,8,7,2,2,0,19,15,5,18,6,5,1,4.357978857512939,4.6705423522794725,10.593577153812427,0.3684210526315789,0.2857142857142857,0.42105263157894735,0.716290750177405,0.6806158028456247,0
user_8929,2021-04-10 22:42:00,8,10,5,0,1,2,12,10,7,18,17,5,1,3.2060650747379182,6.341617962544184,3.865249619207275,0.625,0.0,1.25,0.15161464927141993,0.9156865475403155,0
user_8930,2021-04-10 22:57:00,17,4,5,1,2,1,19,5,6,10,17,5,1,9.521929497070234,0.23310221151878419,6.532958525372628,0.29411764705882354,0.2,0.23529411764705882,0.158644559289017,0.5631527238834835,0
user_8931,2021-04-10 23:12:00,15,8,5,1,1,1,10,8,18,6,17,5,1,9.611474341531578,5.216759217001998,4.717862229171629,0.3333333333333333,0.2,0.5333333333333333,0.8208940949993943,0.9402508139976697,0
user_8932,2021-04-10 23:27:00,20,16,9,1,3,0,16,8,17,11,5,5,1,4.179803185447575,3.8696599010783985,6.652339196728039,0.45,0.1111111111111111,0.8,0.5869810763784485,0.9152725937492753,0
user_8933,2021-04-10 23:42:00,25,10,3,1,0,0,5,12,11,19,5,5,1,7.168565077340102,0.7774014437850281,10.561395829608589,0.12,0.3333333333333333,0.4,0.14812144373047986,0.47416911409267626,0
user_8934,2021-04-10 23:57:00,15,8,7,1,3,1,11,12,9,15,20,5,1,9.823826031320232,4.192570552437334,6.31270555948195,0.4666666666666667,0.14285714285714285,0.5333333333333333,0.860799480967248,0.6157678357572807,0
user_8935,2021-04-11 00:12:00,16,13,6,1,2,1,17,15,16,10,13,6,1,7.033725185645559,2.5274418264778435,2.3825485383437464,0.375,0.16666666666666666,0.8125,0.31559362298199,0.9740772483404586,0
user_8936,2021-04-11 00:27:00,17,8,9,0,3,0,20,7,10,19,14,6,1,2.086834361120401,5.396219795760853,1.4887610819566528,0.5294117647058824,0.0,0.47058823529411764,0.846764487749564,0.7233817888910671,0
user_8937,2021-04-11 00:42:00,24,17,5,0,1,0,17,14,18,6,8,6,1,6.657380202625978,7.454902976036108,4.979359329112304,0.20833333333333334,0.0,0.7083333333333334,0.41872273822392314,0.9314873029824472,0
user_8938,2021-04-11 00:57:00,14,6,4,1,1,0,13,7,12,7,20,6,1,4.564391277734396,1.9239103494208087,3.4302262967282835,0.2857142857142857,0.25,0.42857142857142855,0.9203569075441169,0.6513048838714295,0
user_8939,2021-04-11 01:12:00,23,8,5,3,0,1,18,7,18,14,7,6,1,7.823671419139145,7.875172123234572,10.734934838293768,0.21739130434782608,0.6,0.34782608695652173,0.8570950256979982,0.6712900735258803,0
user_8940,2021-04-11 01:27:00,24,6,7,1,2,1,13,16,5,15,17,6,1,1.4803403264680177,7.757010794558215,3.894700706733555,0.2916666666666667,0.14285714285714285,0.25,0.5757088476556205,0.46456092448355324,0
user_8941,2021-04-11 01:42:00,22,10,3,1,1,1,17,16,10,14,11,6,1,5.844538296810461,4.172232785753383,2.098511726052301,0.13636363636363635,0.3333333333333333,0.45454545454545453,0.33885646485415083,0.8725422200675347,0
user_8942,2021-04-11 01:57:00,19,10,9,2,1,0,10,16,13,18,16,6,1,5.585175308812588,0.3365338236522517,11.775054383512812,0.47368421052631576,0.2222222222222222,0.5263157894736842,0.5381452246087264,0.8168569681354291,1
user_8943,2021-04-11 02:12:00,25,11,5,1,1,1,17,14,19,8,14,6,1,3.1622798197793682,3.1524097570656964,5.935442368107072,0.2,0.2,0.44,0.40774175549466773,0.3394789331722081,0
user_8944,2021-04-11 02:27:00,19,12,5,1,1,0,11,8,19,13,20,6,1,4.629303230958244,3.344702609054667,5.332274121295247,0.2631578947368421,0.2,0.631578947368421,0.4125342936591194,0.31711802961633895,0
user_8945,2021-04-11 02:42:00,23,9,6,0,1,1,8,15,11,15,11,6,1,1.5168261082762875,0.10551725330283333,10.070122604917952,0.2608695652173913,0.0,0.391304347826087,0.24951101534224485,0.24617561819454925,0
user_8946,2021-04-11 02:57:00,15,8,7,0,2,1,7,10,8,20,11,6,1,2.034311371442361,7.3878009914899065,10.753207945875412,0.4666666666666667,0.0,0.5333333333333333,0.45230810893429596,0.9231951043527611,0
user_8947,2021-04-11 03:12:00,13,11,5,2,1,3,7,14,20,5,15,6,1,9.830675998117503,5.761949173829405,11.649794145569857,0.38461538461538464,0.4,0.8461538461538461,0.6667284968021472,0.8711962008175579,0
user_8948,2021-04-11 03:27:00,17,6,3,2,2,1,8,9,14,20,20,6,1,3.2791772279360867,4.45529598422219,0.5536775453666996,0.17647058823529413,0.6666666666666666,0.35294117647058826,0.9660570141045898,0.24521804875976674,0
user_8949,2021-04-11 03:42:00,18,6,7,2,2,0,20,14,7,6,7,6,1,4.759488377909446,7.538705006179071,2.838242947921033,0.3888888888888889,0.2857142857142857,0.3333333333333333,0.17160186002713484,0.21154054121049642,0
user_8950,2021-04-11 03:57:00,22,8,5,0,1,0,14,16,9,6,16,6,1,0.915197491842179,1.1345765766019853,2.1438452647137605,0.22727272727272727,0.0,0.36363636363636365,0.8480700932404981,0.8081816174891178,0
user_8951,2021-04-11 04:12:00,20,10,11,1,3,0,6,18,12,13,7,6,1,9.987643801484513,2.2364565514074903,1.5661310767782601,0.55,0.09090909090909091,0.5,0.5030047850988358,0.4735928131628727,0
user_8952,2021-04-11 04:27:00,21,11,6,1,6,0,7,6,10,17,20,6,1,3.726940614815588,2.7692014899578905,4.8932658030579965,0.2857142857142857,0.16666666666666666,0.5238095238095238,0.682996113888049,0.4036936642379797,1
user_8953,2021-04-11 04:42:00,26,8,7,1,2,1,6,10,19,19,12,6,1,5.009368104094396,1.5858208021832774,4.098054378432609,0.2692307692307692,0.14285714285714285,0.3076923076923077,0.8045042708323114,0.8511598729272692,0
user_8954,2021-04-11 04:57:00,16,17,5,0,1,0,13,14,19,13,18,6,1,4.986042303122962,3.4418796072480067,11.483345746971546,0.3125,0.0,1.0625,0.2901126856601636,0.7662414262410594,0
user_8955,2021-04-11 05:12:00,17,11,9,1,1,0,16,15,19,12,9,6,1,2.594458073044287,7.868831701800936,6.441955141827627,0.5294117647058824,0.1111111111111111,0.6470588235294118,0.49580221969306115,0.34994129872417556,0
user_8956,2021-04-11 05:27:00,20,12,7,0,3,0,20,17,9,14,19,6,1,2.858034689936324,1.5479048048959145,11.660846194245504,0.35,0.0,0.6,0.5457904546710038,0.5653391814171324,0
user_8957,2021-04-11 05:42:00,18,9,3,0,3,1,11,7,16,11,7,6,1,8.561486155172476,0.7206272206582707,11.164351613500934,0.16666666666666666,0.0,0.5,0.8213996992639797,0.9483005159693778,1
user_8958,2021-04-11 05:57:00,20,9,7,1,2,0,10,12,11,11,18,6,1,6.631224712510634,1.49185612906687,11.898412609119955,0.35,0.14285714285714285,0.45,0.45908609482013296,0.1095689001675999,0
user_8959,2021-04-11 06:12:00,15,15,7,1,2,1,14,20,19,16,14,6,1,9.30846892634605,4.497512718323435,6.15202441472812,0.4666666666666667,0.14285714285714285,1.0,0.10561551999061648,0.7319217118920133,0
user_8960,2021-04-11 06:27:00,28,5,7,1,2,0,9,19,11,11,10,6,1,9.538280610944451,4.048006193721085,4.186575971948448,0.25,0.14285714285714285,0.17857142857142858,0.3434403441501874,0.7128634386706477,1
user_8961,2021-04-11 06:42:00,17,9,5,0,1,0,7,7,18,10,17,6,1,1.675011668724838,4.567642140595823,7.906262232017088,0.29411764705882354,0.0,0.5294117647058824,0.6378777706493653,0.5193366221852168,0
user_8962,2021-04-11 06:57:00,20,13,5,2,1,0,12,5,17,17,6,6,1,2.7775208397178255,3.69406698697359,1.3755093421813398,0.25,0.4,0.65,0.9380070230370652,0.9634061089615896,0
user_8963,2021-04-11 07:12:00,19,14,3,1,2,1,16,13,6,12,15,6,1,4.951925109286415,5.382800270454258,1.2804627112538511,0.15789473684210525,0.3333333333333333,0.7368421052631579,0.747086892004743,0.717416113379943,0
user_8964,2021-04-11 07:27:00,14,9,3,1,2,2,7,13,14,6,6,6,1,4.846596333278733,3.980111502380771,2.4240617355315384,0.21428571428571427,0.3333333333333333,0.6428571428571429,0.6144266827178804,0.34945043289213773,0
user_8965,2021-04-11 07:42:00,15,11,5,0,0,0,16,5,17,13,9,6,1,2.5923993990440914,6.871439346730385,7.515744201457348,0.3333333333333333,0.0,0.7333333333333333,0.7100355488730253,0.26553773540596776,0
user_8966,2021-04-11 07:57:00,19,11,5,0,0,0,18,13,12,13,9,6,1,9.31539850321974,0.9646445365130613,9.455978322350907,0.2631578947368421,0.0,0.5789473684210527,0.7084543577956712,0.5518816012026938,0
user_8967,2021-04-11 08:12:00,25,12,11,2,3,0,19,8,10,6,7,6,1,5.368664919211989,3.2214775725987463,5.114910507973073,0.44,0.18181818181818182,0.48,0.6640144782349822,0.16378133918953164,0
user_8968,2021-04-11 08:27:00,17,10,3,0,3,2,5,13,10,16,7,6,1,8.908912687442708,7.534431454242382,1.106587410022836,0.17647058823529413,0.0,0.5882352941176471,0.33804255981488096,0.519878373856036,0
user_8969,2021-04-11 08:42:00,25,15,1,1,4,1,14,8,11,12,7,6,1,4.054896424714335,5.920703821755782,11.936808228776005,0.04,1.0,0.6,0.9125452326400436,0.5955736786234898,0
user_8970,2021-04-11 08:57:00,19,8,5,1,3,0,5,17,13,13,20,6,1,3.890188669440627,1.7987402266973656,6.527585602476976,0.2631578947368421,0.2,0.42105263157894735,0.6352329273560314,0.6219627043911087,0
user_8971,2021-04-11 09:12:00,14,7,4,0,2,0,18,16,12,14,17,6,1,5.5413913656522835,6.84985710391708,0.5034316003148485,0.2857142857142857,0.0,0.5,0.7625627174418234,0.7506136715040964,0
user_8972,2021-04-11 09:27:00,16,13,6,1,0,0,6,15,6,17,10,6,1,6.383378134698504,3.2109058594103526,5.543642033435882,0.375,0.16666666666666666,0.8125,0.3721378071878817,0.8953303546447623,0
user_8973,2021-04-11 09:42:00,17,10,9,0,3,1,18,16,7,8,9,6,1,8.537437413162237,7.94529530407084,5.958770833064427,0.5294117647058824,0.0,0.5882352941176471,0.5101127688929457,0.696473095610859,0
user_8974,2021-04-11 09:57:00,18,9,6,0,0,0,14,15,9,16,8,6,1,2.2461957568543167,5.349383838076964,3.2787438059724234,0.3333333333333333,0.0,0.5,0.9758858785831612,0.8625246401960875,0
user_8975,2021-04-11 10:12:00,24,6,7,1,3,1,12,6,19,5,19,6,1,7.683771279656168,7.097623208571881,5.43181030646788,0.2916666666666667,0.14285714285714285,0.25,0.1427055585734487,0.17894877801393788,0
user_8976,2021-04-11 10:27:00,15,13,4,1,3,1,8,18,10,20,8,6,1,6.13969726612077,2.6652668654930616,9.07523304113243,0.26666666666666666,0.25,0.8666666666666667,0.1844740504635387,0.14938686692372083,0
user_8977,2021-04-11 10:42:00,22,6,6,2,1,2,8,15,17,17,12,6,1,4.80803896630547,6.91874003364807,11.02715316894847,0.2727272727272727,0.3333333333333333,0.2727272727272727,0.8147052950481803,0.5713278338371646,0
user_8978,2021-04-11 10:57:00,15,9,6,1,1,1,10,10,12,11,13,6,1,3.009895049984877,3.4453162632370335,3.169357668855202,0.4,0.16666666666666666,0.6,0.46817000275235376,0.3142340384345072,0
user_8979,2021-04-11 11:12:00,29,11,8,0,0,1,15,20,13,8,7,6,1,3.115865462177061,5.453943285201781,11.526361480926743,0.27586206896551724,0.0,0.3793103448275862,0.6982201131170843,0.6126365538174661,1
user_8980,2021-04-11 11:27:00,23,7,7,1,2,1,17,8,17,5,12,6,1,7.697001873912444,5.219067574173111,10.984177380411639,0.30434782608695654,0.14285714285714285,0.30434782608695654,0.5729764578546116,0.9376281564262554,0
user_8981,2021-04-11 11:42:00,15,11,12,2,3,1,11,9,15,11,15,6,1,7.714657284810952,3.1518488440043857,10.636423524167887,0.8,0.16666666666666666,0.7333333333333333,0.5993505169101144,0.993151019568749,0
user_8982,2021-04-11 11:57:00,17,8,5,1,3,2,12,12,8,14,19,6,1,5.88342496672193,7.641020219274006,3.0801694178457724,0.29411764705882354,0.2,0.47058823529411764,0.1762185424572011,0.5545983159938848,0
user_8983,2021-04-11 12:12:00,11,13,8,1,0,0,5,20,10,6,18,6,1,1.9347188721814248,3.6938866689768433,5.015408099054974,0.7272727272727273,0.125,1.1818181818181819,0.23367464063455523,0.5315169378126194,0
user_8984,2021-04-11 12:27:00,20,12,7,0,1,0,12,19,7,8,12,6,1,9.567372774832569,4.312092251518221,9.493491497894464,0.35,0.0,0.6,0.6340632814633662,0.26707960197932684,0
user_8985,2021-04-11 12:42:00,24,9,7,0,4,1,10,13,17,7,18,6,1,5.7187746551023535,5.27644423432472,6.857573725181849,0.2916666666666667,0.0,0.375,0.3490932606064716,0.26804981762434255,1
user_8986,2021-04-11 12:57:00,23,9,3,1,4,0,8,8,5,17,8,6,1,1.709420722804501,0.6128427543583169,2.0869307928418532,0.13043478260869565,0.3333333333333333,0.391304347826087,0.3969437824998745,0.5372467741307114,0
user_8987,2021-04-11 13:12:00,13,5,6,1,0,0,11,18,9,15,13,6,1,6.04235146773062,6.946316715723341,11.222791332286299,0.46153846153846156,0.16666666666666666,0.38461538461538464,0.6904516743826601,0.8255471519374471,0
user_8988,2021-04-11 13:27:00,31,13,3,1,5,0,17,15,13,15,11,6,1,4.831967552447952,5.486576280918818,7.574380048674914,0.0967741935483871,0.3333333333333333,0.41935483870967744,0.8712438153793576,0.35521027917941417,0
user_8989,2021-04-11 13:42:00,23,10,10,0,2,0,6,8,13,6,8,6,1,7.008765934184444,7.57401750653249,10.320089781451156,0.43478260869565216,0.0,0.43478260869565216,0.7176106841647468,0.47509857859437754,0
user_8990,2021-04-11 13:57:00,20,12,6,2,0,0,17,6,13,12,12,6,1,4.150388349798914,4.2143642297245965,6.555374867613434,0.3,0.3333333333333333,0.6,0.3550763705724862,0.59346640473616,0
user_8991,2021-04-11 14:12:00,14,10,10,0,1,0,16,6,19,17,19,6,1,4.499460220045864,3.54136254392284,9.636360796394966,0.7142857142857143,0.0,0.7142857142857143,0.5859415097179845,0.6357575850553573,0
user_8992,2021-04-11 14:27:00,29,8,3,2,3,2,8,9,16,7,11,6,1,1.3317366213343653,1.9971598961500903,1.0631993900663994,0.10344827586206896,0.6666666666666666,0.27586206896551724,0.5103896401627157,0.5335502511053244,0
user_8993,2021-04-11 14:42:00,15,9,7,0,2,1,6,5,12,9,14,6,1,8.276116713635583,5.65111891171147,9.38467652835103,0.4666666666666667,0.0,0.6,0.11052266782854846,0.7003745277352629,0
user_8994,2021-04-11 14:57:00,18,10,8,0,1,0,9,14,16,10,20,6,1,4.74716626296013,2.257099418227599,3.496144869613137,0.4444444444444444,0.0,0.5555555555555556,0.6907128584976188,0.5699240456074708,0
user_8995,2021-04-11 15:12:00,24,12,5,2,2,0,18,19,9,11,5,6,1,2.320582224915637,0.3344941662839772,9.536193804976204,0.20833333333333334,0.4,0.5,0.818817498266574,0.11299237488137903,0
user_8996,2021-04-11 15:27:00,22,5,5,0,3,1,17,10,13,19,16,6,1,3.018898103361627,4.701966594069645,9.064597331747736,0.22727272727272727,0.0,0.22727272727272727,0.4075906053268695,0.9317652830396181,0
user_8997,2021-04-11 15:42:00,18,11,6,1,2,0,7,16,12,14,11,6,1,7.090964754376471,2.2008783975626605,8.038698646873588,0.3333333333333333,0.16666666666666666,0.6111111111111112,0.8102530076094198,0.8420467306473542,0
user_8998,2021-04-11 15:57:00,18,11,2,0,2,1,13,20,20,20,6,6,1,0.18092408472760263,6.193649345101349,8.370992645841545,0.1111111111111111,0.0,0.6111111111111112,0.1596283587278327,0.8450363106534355,0
user_8999,2021-04-11 16:12:00,27,6,9,1,2,0,15,13,9,7,11,6,1,3.7015544834861713,4.647503192181411,10.3901778037396,0.3333333333333333,0.1111111111111111,0.2222222222222222,0.8685844243802453,0.37905814032190543,0
user_9000,2021-04-11 16:27:00,24,17,7,0,4,0,14,10,5,18,18,6,1,0.5518354291184709,5.399611863117417,9.648304754963752,0.2916666666666667,0.0,0.7083333333333334,0.3017120614249934,0.8619499330972423,0
user_9001,2021-04-11 16:42:00,18,13,8,1,0,1,17,17,20,7,6,6,1,5.589155383855403,0.7974237485738387,11.05778254082524,0.4444444444444444,0.125,0.7222222222222222,0.6696599863322096,0.9503322881969597,0
user_9002,2021-04-11 16:57:00,28,9,4,0,3,0,11,20,19,17,5,6,1,5.047530807461134,5.942715360521042,4.16473391566979,0.14285714285714285,0.0,0.32142857142857145,0.9805134813437207,0.7256232215429452,0
user_9003,2021-04-11 17:12:00,17,12,7,0,1,1,12,18,5,15,16,6,1,5.752335668781319,1.3320631537511511,7.108423616097057,0.4117647058823529,0.0,0.7058823529411765,0.3312212037683391,0.5753776596824298,0
user_9004,2021-04-11 17:27:00,17,19,2,1,1,0,13,5,14,12,12,6,1,3.299653287841423,6.075567018387933,3.7347837864934217,0.11764705882352941,0.5,1.1176470588235294,0.35566313842936503,0.3419097958387304,0
user_9005,2021-04-11 17:42:00,15,9,7,1,2,0,6,7,9,5,19,6,1,2.9174716160801486,5.280353059942913,8.23154341165126,0.4666666666666667,0.14285714285714285,0.6,0.10455835341107239,0.984946763915473,0
user_9006,2021-04-11 17:57:00,17,5,6,1,2,0,10,5,14,10,8,6,1,0.3324635641841506,6.642711428515865,7.70053631397784,0.35294117647058826,0.16666666666666666,0.29411764705882354,0.10313389580835294,0.9050986890829515,1
user_9007,2021-04-11 18:12:00,21,13,4,1,0,0,7,10,16,16,11,6,1,6.608769607667528,5.169144566827517,6.685504626416431,0.19047619047619047,0.25,0.6190476190476191,0.21471066909508152,0.842724167135517,0
user_9008,2021-04-11 18:27:00,22,9,3,0,2,0,6,8,15,15,17,6,1,2.991068961365292,2.756279665713146,6.997500327197635,0.13636363636363635,0.0,0.4090909090909091,0.3628498316850657,0.5099479754095534,0
user_9009,2021-04-11 18:42:00,30,7,8,3,2,0,11,13,11,20,11,6,1,7.077528539886252,5.239643490400205,5.797968080272012,0.26666666666666666,0.375,0.23333333333333334,0.7088703116783674,0.28943555110686614,0
user_9010,2021-04-11 18:57:00,18,11,4,0,2,0,10,10,16,8,5,6,1,9.594151490837286,7.630395744543648,9.783438903496256,0.2222222222222222,0.0,0.6111111111111112,0.9908202608628927,0.21084143480573103,0
user_9011,2021-04-11 19:12:00,20,10,6,1,2,1,17,19,18,10,13,6,1,1.6153989832761795,6.476884309433603,8.535493970554151,0.3,0.16666666666666666,0.5,0.5007213342975818,0.9741363674166015,0
user_9012,2021-04-11 19:27:00,12,10,5,0,2,0,17,10,15,14,16,6,1,3.814775475560142,0.1973719910729339,4.321788602188416,0.4166666666666667,0.0,0.8333333333333334,0.8375526871933776,0.17592097468939016,0
user_9013,2021-04-11 19:42:00,20,7,6,1,1,0,12,19,16,9,6,6,1,2.253714023476285,4.6149366237532465,1.9006136471526882,0.3,0.16666666666666666,0.35,0.10084347494532081,0.677519480632004,0
user_9014,2021-04-11 19:57:00,21,8,11,1,2,1,17,20,11,7,17,6,1,1.3622954777284089,3.8979364724603136,8.69472468240729,0.5238095238095238,0.09090909090909091,0.38095238095238093,0.44286845007935627,0.13530638651006135,0
user_9015,2021-04-11 20:12:00,24,9,6,0,3,0,20,9,5,8,12,6,1,9.914407995999825,6.604633397942905,8.900818774343232,0.25,0.0,0.375,0.7478888987109389,0.26976136555319263,0
user_9016,2021-04-11 20:27:00,19,11,4,1,2,1,17,6,12,10,15,6,1,8.182298591866351,0.596893285075355,11.877776986287333,0.21052631578947367,0.25,0.5789473684210527,0.7204573193257663,0.9500121423171579,0
user_9017,2021-04-11 20:42:00,21,7,5,1,1,2,11,10,7,5,18,6,1,6.992374568491362,1.899036489072344,2.8754588064033744,0.23809523809523808,0.2,0.3333333333333333,0.42867627313338197,0.2473942242662037,0
user_9018,2021-04-11 20:57:00,19,7,3,1,1,0,16,9,20,8,18,6,1,4.358587797160589,0.8174629329788177,2.911702999047103,0.15789473684210525,0.3333333333333333,0.3684210526315789,0.8925269714241827,0.14825775853533724,0
user_9019,2021-04-11 21:12:00,21,5,4,0,2,1,5,19,14,18,11,6,1,7.097089372662315,7.576851513124094,1.8299314085143321,0.19047619047619047,0.0,0.23809523809523808,0.5791695448457489,0.4218015369551529,0
user_9020,2021-04-11 21:27:00,19,9,4,2,4,1,15,11,13,13,20,6,1,8.150475291256914,4.236853826363378,5.654647915193311,0.21052631578947367,0.5,0.47368421052631576,0.544883730092022,0.4669508411938803,1
user_9021,2021-04-11 21:42:00,24,9,13,0,0,1,11,20,15,8,18,6,1,2.1550509604298624,7.986487490155081,8.369574816237204,0.5416666666666666,0.0,0.375,0.9773132822186464,0.45833371312846016,0
user_9022,2021-04-11 21:57:00,22,7,8,1,1,1,6,8,20,8,16,6,1,3.1992338970157874,2.1999515411862745,7.418648943622963,0.36363636363636365,0.125,0.3181818181818182,0.5537837500126852,0.27270117934551497,0
user_9023,2021-04-11 22:12:00,18,12,8,1,4,0,13,10,12,6,9,6,1,2.1597445696410102,7.2298680310809145,10.232804499377764,0.4444444444444444,0.125,0.6666666666666666,0.6449528171081992,0.3194078897213204,0
user_9024,2021-04-11 22:27:00,22,16,5,1,2,0,8,5,18,12,20,6,1,7.886555975154364,5.457804326515703,8.458056510155735,0.22727272727272727,0.2,0.7272727272727273,0.9003090610223046,0.8271290124698428,0
user_9025,2021-04-11 22:42:00,23,6,5,2,2,2,9,5,9,20,20,6,1,5.568105534672603,7.480713038892298,8.480279286917764,0.21739130434782608,0.4,0.2608695652173913,0.5759180893808589,0.984581451469325,0
user_9026,2021-04-11 22:57:00,14,7,6,0,3,2,15,12,9,6,17,6,1,8.591637730222716,5.669634787338937,3.16350787756564,0.42857142857142855,0.0,0.5,0.21243328207937592,0.8200826419951024,0
user_9027,2021-04-11 23:12:00,18,9,3,0,1,2,13,9,17,10,14,6,1,4.654554522907876,3.845328289708535,5.485845119438766,0.16666666666666666,0.0,0.5,0.5173743270001179,0.91486327157736,0
user_9028,2021-04-11 23:27:00,20,3,6,1,1,2,18,8,17,10,12,6,1,8.599644300721076,3.6600395783498714,6.758211170722612,0.3,0.16666666666666666,0.15,0.21867064309745315,0.4688030786871443,1
user_9029,2021-04-11 23:42:00,17,14,6,1,0,0,12,14,9,6,8,6,1,3.474568465856604,2.7880257830226784,1.0487198252040189,0.35294117647058826,0.16666666666666666,0.8235294117647058,0.5038510941182957,0.18045094839920783,0
user_9030,2021-04-11 23:57:00,24,13,7,1,1,0,6,15,20,11,12,6,1,1.309986821726885,5.9774486969341085,5.645937755566961,0.2916666666666667,0.14285714285714285,0.5416666666666666,0.6160520747309552,0.3621231106993694,0
user_9031,2021-04-12 00:12:00,14,11,7,1,3,0,16,7,11,15,16,0,0,1.1062757941455874,7.053972805537818,1.5993405073484799,0.5,0.14285714285714285,0.7857142857142857,0.40906762376852446,0.678092670247177,0
user_9032,2021-04-12 00:27:00,14,15,4,1,4,0,12,11,14,17,11,0,0,2.4310902160460715,6.093728971848126,10.410341460921817,0.2857142857142857,0.25,1.0714285714285714,0.8621066632745813,0.43508322515596654,0
user_9033,2021-04-12 00:42:00,15,10,7,0,2,0,19,10,20,7,10,0,0,1.1269664154681427,6.678831997867101,3.344117517702984,0.4666666666666667,0.0,0.6666666666666666,0.4563278905595278,0.10613279912932622,0
user_9034,2021-04-12 00:57:00,23,7,5,0,0,1,9,10,19,20,18,0,0,5.573186241458343,5.002317280104315,6.258179204716168,0.21739130434782608,0.0,0.30434782608695654,0.7413946962827263,0.18614919671867597,0
user_9035,2021-04-12 01:12:00,20,12,4,1,2,1,5,12,6,7,15,0,0,2.8892094102926285,1.015240421203727,2.8370372800380816,0.2,0.25,0.6,0.6117677542224671,0.5098768983078771,0
user_9036,2021-04-12 01:27:00,18,13,6,1,4,1,11,11,17,8,12,0,0,8.560798255478035,6.663956622152875,2.814887880535763,0.3333333333333333,0.16666666666666666,0.7222222222222222,0.47103384652853597,0.3081623350099285,0
user_9037,2021-04-12 01:42:00,15,5,7,1,2,0,11,20,16,5,14,0,0,6.794375813708802,7.97467146414904,7.13211844047342,0.4666666666666667,0.14285714285714285,0.3333333333333333,0.9096450793297153,0.14978638858753368,1
user_9038,2021-04-12 01:57:00,21,8,10,0,2,0,8,7,18,19,14,0,0,8.519265424230039,6.055986751397632,9.605470878116419,0.47619047619047616,0.0,0.38095238095238093,0.3568503871979527,0.45207239925511244,0
user_9039,2021-04-12 02:12:00,17,10,5,2,1,0,9,12,17,17,5,0,0,0.24712096607808232,1.3009895484724068,1.8637911001209282,0.29411764705882354,0.4,0.5882352941176471,0.6486994270113463,0.25711852114611744,0
user_9040,2021-04-12 02:27:00,21,12,6,0,5,1,9,12,14,17,17,0,0,5.293892568594619,4.005994891707416,9.116259511684923,0.2857142857142857,0.0,0.5714285714285714,0.5499474698567542,0.19704591847147596,0
user_9041,2021-04-12 02:42:00,21,9,4,0,1,0,7,11,16,9,9,0,0,0.9976489862117149,6.668591349691644,7.8486663948378945,0.19047619047619047,0.0,0.42857142857142855,0.738043084876554,0.34560494842164213,0
user_9042,2021-04-12 02:57:00,23,7,7,1,2,1,13,12,10,20,6,0,0,7.762769304733507,3.383836625131326,10.000348172852513,0.30434782608695654,0.14285714285714285,0.30434782608695654,0.18206585614676823,0.45350991702787924,0
user_9043,2021-04-12 03:12:00,27,7,6,1,1,0,6,17,9,8,20,0,0,1.3633289019833998,6.047751071523143,4.632554430781956,0.2222222222222222,0.16666666666666666,0.25925925925925924,0.9689498178313838,0.2496032616939293,0
user_9044,2021-04-12 03:27:00,23,5,4,0,2,0,8,14,6,20,18,0,0,0.7878191257722712,2.0696221633778498,9.371292972388309,0.17391304347826086,0.0,0.21739130434782608,0.4508923489001453,0.8341226214855332,0
user_9045,2021-04-12 03:42:00,25,12,5,0,3,1,10,7,19,7,11,0,0,4.0205098027002,0.2835872061734438,1.5690201549232097,0.2,0.0,0.48,0.6345747554125031,0.5617573085324867,1
user_9046,2021-04-12 03:57:00,19,9,8,1,2,0,11,7,15,18,19,0,0,9.484063096532282,2.452854368253665,4.3697468337120355,0.42105263157894735,0.125,0.47368421052631576,0.8509505755422828,0.48601127428074964,0
user_9047,2021-04-12 04:12:00,20,11,7,0,2,1,11,12,7,16,11,0,0,5.492827110209469,1.7371110525187554,0.6892907289112705,0.35,0.0,0.55,0.3493461176070334,0.924931869630071,0
user_9048,2021-04-12 04:27:00,28,9,6,0,4,0,18,5,8,16,20,0,0,4.202080440071865,7.811931180863351,9.523548046018455,0.21428571428571427,0.0,0.32142857142857145,0.8056288504839437,0.8901178503519427,1
user_9049,2021-04-12 04:42:00,22,10,5,0,2,0,11,7,7,19,18,0,0,0.979403559861829,3.6728934668382163,5.717203031985265,0.22727272727272727,0.0,0.45454545454545453,0.5708281168156771,0.4763671468350409,0
user_9050,2021-04-12 04:57:00,24,14,7,1,1,0,18,19,7,17,13,0,0,4.7776533907431356,3.1848451292303053,6.688101348592285,0.2916666666666667,0.14285714285714285,0.5833333333333334,0.9124800026516435,0.5385296456794468,0
user_9051,2021-04-12 05:12:00,24,13,5,0,1,0,11,16,13,8,5,0,0,1.6553724676255661,7.235798641297783,3.0835232347215267,0.20833333333333334,0.0,0.5416666666666666,0.43466374085838344,0.7318121060368825,0
user_9052,2021-04-12 05:27:00,13,9,4,2,5,0,10,20,14,5,10,0,0,9.19357883542855,0.4018417891632161,11.652107408555146,0.3076923076923077,0.5,0.6923076923076923,0.2469563848631266,0.3350970848615389,0
user_9053,2021-04-12 05:42:00,19,6,3,2,2,1,15,13,8,20,6,0,0,6.602502650262915,3.315038238833326,4.606099363269841,0.15789473684210525,0.6666666666666666,0.3157894736842105,0.9550013522480829,0.3050952195346069,0
user_9054,2021-04-12 05:57:00,16,11,4,2,3,1,15,17,18,18,13,0,0,7.202959822973896,6.384047711707356,11.381228104930614,0.25,0.5,0.6875,0.15293793441090975,0.4738360847240516,1
user_9055,2021-04-12 06:12:00,20,11,6,1,2,0,16,13,6,18,10,0,0,4.51306406345883,6.277696607398982,7.166486518685975,0.3,0.16666666666666666,0.55,0.9583008795940211,0.6816918972744128,0
user_9056,2021-04-12 06:27:00,16,11,3,2,0,1,16,13,20,15,15,0,0,2.2939136092677974,4.9727531268918135,11.963943127980915,0.1875,0.6666666666666666,0.6875,0.6163670982550916,0.2841460141854676,0
user_9057,2021-04-12 06:42:00,18,16,1,2,0,1,6,12,5,9,16,0,0,0.17639195601920016,4.32504626155244,9.276638241359437,0.05555555555555555,2.0,0.8888888888888888,0.40403179739840034,0.6858433958023888,0
user_9058,2021-04-12 06:57:00,14,9,9,2,2,1,17,18,7,16,8,0,0,4.369471677152775,6.213976325403646,6.208068650440091,0.6428571428571429,0.2222222222222222,0.6428571428571429,0.21343006356226707,0.11669839633648502,0
user_9059,2021-04-12 07:12:00,10,14,6,1,1,0,17,17,14,5,11,0,0,9.879018857780643,6.142830986162335,10.909704991503457,0.6,0.16666666666666666,1.4,0.852818139386317,0.16732340507114413,0
user_9060,2021-04-12 07:27:00,24,14,5,1,3,1,7,5,5,19,17,0,0,8.005776041813622,2.102362583824686,4.479253774913126,0.20833333333333334,0.2,0.5833333333333334,0.554996678210026,0.7332503723659528,1
user_9061,2021-04-12 07:42:00,21,8,6,0,0,1,8,20,15,16,13,0,0,7.945578422153363,5.64882095246319,1.356392614802416,0.2857142857142857,0.0,0.38095238095238093,0.7644402647830153,0.9999033224567045,0
user_9062,2021-04-12 07:57:00,21,11,6,1,1,1,9,18,11,11,7,0,0,7.205630873677397,0.13197090575381187,11.237136407148839,0.2857142857142857,0.16666666666666666,0.5238095238095238,0.4859404983535158,0.22093465493322756,0
user_9063,2021-04-12 08:12:00,10,13,5,0,2,0,17,15,13,13,16,0,0,8.352324389186856,1.318642560197451,6.950249000786613,0.5,0.0,1.3,0.8918704093351524,0.15091704621065336,0
user_9064,2021-04-12 08:27:00,28,8,3,0,0,1,6,19,15,14,20,0,0,6.179954692296065,6.667751717278817,7.094229053269712,0.10714285714285714,0.0,0.2857142857142857,0.21677237213910533,0.9174152638692025,0
user_9065,2021-04-12 08:42:00,19,10,4,0,0,0,12,19,17,19,17,0,0,4.753205939061253,4.712384397496754,1.5235170903551816,0.21052631578947367,0.0,0.5263157894736842,0.498576822525023,0.581235783807307,0
user_9066,2021-04-12 08:57:00,20,9,7,3,3,0,12,8,9,16,16,0,0,1.1100340597981566,1.2824197960832557,10.997828222825893,0.35,0.42857142857142855,0.45,0.6006883463514548,0.6480478449853694,1
user_9067,2021-04-12 09:12:00,18,12,5,0,1,0,14,11,13,8,9,0,0,0.9161049369007932,3.853637619556605,9.693873336021126,0.2777777777777778,0.0,0.6666666666666666,0.42422346704825165,0.6327417253586728,0
user_9068,2021-04-12 09:27:00,20,13,6,1,2,1,7,19,13,8,15,0,0,0.5683456097462841,4.635322655857566,9.208657279528666,0.3,0.16666666666666666,0.65,0.6350213448037167,0.9804689574501905,0
user_9069,2021-04-12 09:42:00,22,15,4,2,3,0,16,5,16,18,6,0,0,4.558576265412614,7.304561949978444,4.939018022102234,0.18181818181818182,0.5,0.6818181818181818,0.6247527850951219,0.629754136715429,0
user_9070,2021-04-12 09:57:00,20,11,6,0,3,0,18,13,9,20,15,0,0,1.0405984796793257,0.36093996684309404,11.910626476223406,0.3,0.0,0.55,0.24163826537499644,0.16518734122840784,0
user_9071,2021-04-12 10:12:00,18,8,11,1,2,0,9,15,8,10,17,0,0,6.328955220376905,1.155359036744593,1.8276502386926388,0.6111111111111112,0.09090909090909091,0.4444444444444444,0.31895904504071265,0.9541028172739762,0
user_9072,2021-04-12 10:27:00,23,12,9,1,0,0,14,7,10,20,20,0,0,8.206897814714456,0.9812420645867088,2.3410420245628285,0.391304347826087,0.1111111111111111,0.5217391304347826,0.5700890290908324,0.7720119248925535,0
user_9073,2021-04-12 10:42:00,19,12,8,1,1,1,16,17,18,7,10,0,0,3.565310873192555,4.9972133033173085,9.490689703290649,0.42105263157894735,0.125,0.631578947368421,0.12891877172393765,0.8592113648418966,0
user_9074,2021-04-12 10:57:00,22,9,2,1,2,0,5,20,10,5,11,0,0,4.876282657954489,3.891417319257139,11.075698987334174,0.09090909090909091,0.5,0.4090909090909091,0.19120050943147165,0.2725475118723682,0
user_9075,2021-04-12 11:12:00,10,9,9,1,3,0,12,19,18,16,16,0,0,9.106466462795757,4.474815871772822,8.869239739439367,0.9,0.1111111111111111,0.9,0.5923976205485971,0.3925545568953187,0
user_9076,2021-04-12 11:27:00,12,9,5,2,3,2,10,10,16,14,8,0,0,5.931620092654792,2.212233818863537,7.982669108482943,0.4166666666666667,0.4,0.75,0.9195462613584416,0.6085068409135855,0
user_9077,2021-04-12 11:42:00,22,15,7,0,3,0,18,11,14,12,6,0,0,3.4758646056570686,1.876169357486408,2.8257148531785985,0.3181818181818182,0.0,0.6818181818181818,0.21947263437392012,0.9838915809394673,0
user_9078,2021-04-12 11:57:00,29,5,4,2,3,1,14,9,12,12,6,0,0,7.101361711388748,5.693268870456176,8.114207439091466,0.13793103448275862,0.5,0.1724137931034483,0.37099744726839845,0.7986677058642062,0
user_9079,2021-04-12 12:12:00,20,8,6,0,1,1,12,11,14,14,8,0,0,0.17389511249644446,4.925641875165686,8.114320268472186,0.3,0.0,0.4,0.7286269246236007,0.5087371914735732,0
user_9080,2021-04-12 12:27:00,16,7,11,0,3,0,16,20,19,15,16,0,0,5.852161166481535,1.993722178458265,2.662399797056025,0.6875,0.0,0.4375,0.35225085014018465,0.8102658169706891,0
user_9081,2021-04-12 12:42:00,14,9,6,2,5,0,14,10,18,7,12,0,0,7.149428824521531,3.781730576564658,10.482082686444684,0.42857142857142855,0.3333333333333333,0.6428571428571429,0.2881847992240586,0.7842994952034589,0
user_9082,2021-04-12 12:57:00,19,8,10,2,2,1,6,7,5,16,11,0,0,7.0798897532235054,0.5283382897021126,1.7335047865907256,0.5263157894736842,0.2,0.42105263157894735,0.7812491885795753,0.6782743353666508,0
user_9083,2021-04-12 13:12:00,19,7,6,0,4,1,11,20,7,7,12,0,0,0.15387064820906093,3.6130547552117473,11.515617833800933,0.3157894736842105,0.0,0.3684210526315789,0.39561103283081267,0.27270767760602516,0
user_9084,2021-04-12 13:27:00,16,12,5,2,2,0,15,19,13,18,13,0,0,2.877940708350276,3.996402176445825,10.087036907642462,0.3125,0.4,0.75,0.9196423671518758,0.8319440317468729,0
user_9085,2021-04-12 13:42:00,18,4,7,2,2,0,9,15,14,14,15,0,0,2.7652106466994497,5.637628205207765,5.292474167454114,0.3888888888888889,0.2857142857142857,0.2222222222222222,0.5448362682704151,0.542533963255787,0
user_9086,2021-04-12 13:57:00,20,7,8,0,1,0,13,7,10,8,6,0,0,5.80927893887618,7.243771665038686,7.7833075587379685,0.4,0.0,0.35,0.636885466395675,0.9123330417996991,0
user_9087,2021-04-12 14:12:00,22,8,6,2,1,1,17,19,20,19,16,0,0,0.49080604911381753,6.459902733234847,8.094375431461394,0.2727272727272727,0.3333333333333333,0.36363636363636365,0.48285838476388576,0.3710429489310798,0
user_9088,2021-04-12 14:27:00,15,18,4,2,1,1,15,6,5,20,9,0,0,6.141348780021315,6.422391282664005,11.1794721191191,0.26666666666666666,0.5,1.2,0.5677914543524324,0.8475394829426582,0
user_9089,2021-04-12 14:42:00,17,11,7,0,3,0,11,6,14,13,8,0,0,6.7903525992463445,0.8131377677822775,0.8222196178153818,0.4117647058823529,0.0,0.6470588235294118,0.22708254448578488,0.9226795308716673,0
user_9090,2021-04-12 14:57:00,27,9,9,2,1,1,10,20,16,18,19,0,0,8.493056217177879,2.2906613710158172,6.386017225512548,0.3333333333333333,0.2222222222222222,0.3333333333333333,0.33557483576428815,0.242744188800525,0
user_9091,2021-04-12 15:12:00,19,13,5,0,1,0,18,8,19,18,16,0,0,8.282474815988463,4.689805301837258,9.510028764282664,0.2631578947368421,0.0,0.6842105263157895,0.2524331753137157,0.7508665281981549,1
user_9092,2021-04-12 15:27:00,26,9,5,0,1,1,20,7,16,12,5,0,0,4.249684308330786,6.6855346294734845,5.776828978457644,0.19230769230769232,0.0,0.34615384615384615,0.40121051105684524,0.9839448250941887,0
user_9093,2021-04-12 15:42:00,17,6,4,1,2,1,10,15,18,11,17,0,0,6.651579538257589,0.8489417298203927,2.8590739943999006,0.23529411764705882,0.25,0.35294117647058826,0.4982570556453084,0.43872402802646615,0
user_9094,2021-04-12 15:57:00,17,7,8,2,2,1,7,7,14,18,14,0,0,9.915710084088156,3.2475322825346584,9.087805583644984,0.47058823529411764,0.25,0.4117647058823529,0.3236494698563154,0.7637128058815371,0
user_9095,2021-04-12 16:12:00,25,7,6,0,0,1,17,16,16,7,17,0,0,9.889187283467876,6.410691194947868,7.605529137611437,0.24,0.0,0.28,0.8184646512322126,0.43217449094164684,0
user_9096,2021-04-12 16:27:00,19,8,6,1,4,1,9,8,9,9,7,0,0,9.365373861988683,0.5025790410095111,3.600024007040452,0.3157894736842105,0.16666666666666666,0.42105263157894735,0.518435319817329,0.6908907402431745,0
user_9097,2021-04-12 16:42:00,27,5,10,1,2,1,10,10,14,5,10,0,0,4.492476183833117,3.8500199062802474,9.588695806344532,0.37037037037037035,0.1,0.18518518518518517,0.699263335272108,0.2777756837753844,0
user_9098,2021-04-12 16:57:00,21,6,5,1,2,0,16,5,12,9,19,0,0,0.3164102696553776,2.075815713703583,8.288419762065562,0.23809523809523808,0.2,0.2857142857142857,0.7704974104541013,0.3198307848150472,0
user_9099,2021-04-12 17:12:00,13,5,9,1,1,1,20,13,19,12,10,0,0,9.235812435777333,1.8834560164121839,2.92771792625834,0.6923076923076923,0.1111111111111111,0.38461538461538464,0.160031525778286,0.6925127752546965,1
user_9100,2021-04-12 17:27:00,16,12,5,1,2,0,19,17,12,16,16,0,0,1.6566415163680246,1.8123501499115877,1.9666313901799402,0.3125,0.2,0.75,0.4973809812930655,0.9071188335809464,0
user_9101,2021-04-12 17:42:00,25,6,5,2,4,0,18,5,15,6,17,0,0,8.450696175643145,2.2802246395580315,7.142107153092142,0.2,0.4,0.24,0.8651513980485,0.27083159125863854,0
user_9102,2021-04-12 17:57:00,21,6,2,0,2,1,16,15,15,7,20,0,0,4.385366045816625,7.269977846534538,4.084598770716788,0.09523809523809523,0.0,0.2857142857142857,0.28912964272411107,0.5853894156268362,0
user_9103,2021-04-12 18:12:00,18,8,6,0,2,0,9,20,10,10,18,0,0,9.431867445183137,5.204348672698203,8.678174818373659,0.3333333333333333,0.0,0.4444444444444444,0.5242086473395519,0.6970106678051103,0
user_9104,2021-04-12 18:27:00,21,10,6,1,1,2,14,6,18,9,14,0,0,4.829504697591738,3.601483489113441,4.534415038702851,0.2857142857142857,0.16666666666666666,0.47619047619047616,0.9008672442524389,0.5142073627889829,0
user_9105,2021-04-12 18:42:00,27,7,4,1,3,0,9,16,7,8,7,0,0,8.900807892955239,2.7223304709116434,8.102891137698926,0.14814814814814814,0.25,0.25925925925925924,0.24621115003505623,0.16482975642756553,0
user_9106,2021-04-12 18:57:00,17,10,7,3,2,1,5,16,6,13,14,0,0,0.5207367301709612,7.303019241581617,9.808278619345696,0.4117647058823529,0.42857142857142855,0.5882352941176471,0.5230473316808895,0.33118834685883425,0
user_9107,2021-04-12 19:12:00,13,9,6,0,0,1,19,14,5,16,18,0,0,8.304777700156736,7.869822866418717,11.44695781011245,0.46153846153846156,0.0,0.6923076923076923,0.7851185205663522,0.6431649527057353,0
user_9108,2021-04-12 19:27:00,20,11,5,1,2,1,7,14,9,6,17,0,0,4.077595498643119,5.133780975543169,1.2329838202173593,0.25,0.2,0.55,0.29628510235286476,0.16724860390764562,0
user_9109,2021-04-12 19:42:00,18,6,12,0,4,0,9,18,9,5,14,0,0,6.218658819257577,0.7949514063124234,10.184625299617228,0.6666666666666666,0.0,0.3333333333333333,0.14157179136150239,0.3675258049268224,0
user_9110,2021-04-12 19:57:00,25,8,5,0,2,0,14,20,10,10,16,0,0,2.465424251790709,0.15604935784079954,6.4651517042467725,0.2,0.0,0.32,0.2187620188155307,0.8054370980001154,0
user_9111,2021-04-12 20:12:00,21,9,4,1,1,0,6,9,7,5,11,0,0,8.651336844274809,6.844336927394257,3.700797861420478,0.19047619047619047,0.25,0.42857142857142855,0.6073870368794108,0.7104133381934848,0
user_9112,2021-04-12 20:27:00,29,9,8,2,3,1,8,19,17,10,9,0,0,7.2409422176036475,7.205231527569471,6.781034745128655,0.27586206896551724,0.25,0.3103448275862069,0.8835707824753413,0.98872166287943,0
user_9113,2021-04-12 20:42:00,20,11,7,2,2,2,15,13,15,8,15,0,0,8.536277636190771,2.467295115077619,2.993234979011792,0.35,0.2857142857142857,0.55,0.6293612198820608,0.5274705081989405,0
user_9114,2021-04-12 20:57:00,9,7,6,0,2,2,5,10,10,12,6,0,0,7.9399184114900905,2.8298334266754614,10.450321487568809,0.6666666666666666,0.0,0.7777777777777778,0.3817235963180168,0.9995617476643697,0
user_9115,2021-04-12 21:12:00,20,11,8,2,3,0,8,11,17,13,8,0,0,6.912553715329796,3.817907738248897,3.697528018727662,0.4,0.25,0.55,0.4049161709328115,0.5777689680863726,0
user_9116,2021-04-12 21:27:00,19,15,3,2,1,0,7,19,14,15,10,0,0,1.469741749038788,4.823174562961787,4.792080781361943,0.15789473684210525,0.6666666666666666,0.7894736842105263,0.6295591066859588,0.453158441244088,1
user_9117,2021-04-12 21:42:00,19,9,12,2,3,1,17,9,12,11,11,0,0,8.728902769472317,7.074899922549809,10.29028910824844,0.631578947368421,0.16666666666666666,0.47368421052631576,0.9799832089623971,0.806909327318655,0
user_9118,2021-04-12 21:57:00,16,8,5,1,0,0,11,17,15,9,11,0,0,9.868010325079432,2.5795751132205313,9.730566377817134,0.3125,0.2,0.5,0.9736118770638221,0.12529627591417528,0
user_9119,2021-04-12 22:12:00,14,8,6,1,3,0,5,20,8,10,17,0,0,5.632683738154754,3.8598771356895085,3.1730045358834005,0.42857142857142855,0.16666666666666666,0.5714285714285714,0.37878062637651666,0.8626559514598829,1
user_9120,2021-04-12 22:27:00,28,13,5,1,2,1,13,12,17,18,10,0,0,8.15042275239444,3.7606748939892967,9.349273932041529,0.17857142857142858,0.2,0.4642857142857143,0.41203713657493013,0.9652797522210191,0
user_9121,2021-04-12 22:42:00,21,13,6,1,1,1,16,7,5,9,20,0,0,5.7228349352355705,3.137853203635049,2.08193346985587,0.2857142857142857,0.16666666666666666,0.6190476190476191,0.8072940314739737,0.5058824274429556,0
user_9122,2021-04-12 22:57:00,24,10,4,2,2,2,5,13,19,14,7,0,0,2.777038759582831,4.677648183110783,4.964981769718049,0.16666666666666666,0.5,0.4166666666666667,0.9613342973709258,0.43716812437103036,0
user_9123,2021-04-12 23:12:00,23,9,11,1,3,0,15,15,12,8,13,0,0,2.5756343278982645,1.918173101217452,2.8439508390734196,0.4782608695652174,0.09090909090909091,0.391304347826087,0.2663006656173775,0.6035544410030453,0
user_9124,2021-04-12 23:27:00,20,7,4,0,1,2,14,8,15,7,5,0,0,9.324935858892914,0.166718287677797,4.7198567291551665,0.2,0.0,0.35,0.5841229133231819,0.5056500849438585,0
user_9125,2021-04-12 23:42:00,16,9,11,1,1,1,10,11,8,7,5,0,0,1.2217084442042276,5.132664329683898,2.3943533810927993,0.6875,0.09090909090909091,0.5625,0.9161168687081486,0.7352393724968533,0
user_9126,2021-04-12 23:57:00,28,11,7,1,3,1,17,18,6,9,17,0,0,3.386094551417331,7.031841653765462,7.781172216642695,0.25,0.14285714285714285,0.39285714285714285,0.9495193533599483,0.6671878939824462,0
user_9127,2021-04-13 00:12:00,24,13,8,1,1,1,10,20,19,18,14,1,0,7.46290420524621,4.149938204143701,7.029679762210442,0.3333333333333333,0.125,0.5416666666666666,0.8166083445054457,0.8115608633531501,0
user_9128,2021-04-13 00:27:00,13,16,5,0,1,0,10,11,7,13,9,1,0,9.791806862406204,4.619505325723837,3.516921515592381,0.38461538461538464,0.0,1.2307692307692308,0.5736318334629187,0.7492453996402907,1
user_9129,2021-04-13 00:42:00,26,7,4,1,3,0,6,6,16,17,11,1,0,8.22879804469963,5.272007239763704,7.331730557231684,0.15384615384615385,0.25,0.2692307692307692,0.7986099555168406,0.9236171508661851,0
user_9130,2021-04-13 00:57:00,19,5,4,1,4,1,18,7,14,12,5,1,0,9.52471884358224,0.6662776459319705,8.603406659206398,0.21052631578947367,0.25,0.2631578947368421,0.5784057707343201,0.47759370397191825,0
user_9131,2021-04-13 01:12:00,21,12,8,1,3,0,13,14,16,20,12,1,0,7.629068857312154,6.881936310449988,9.655776925387508,0.38095238095238093,0.125,0.5714285714285714,0.2757204040848359,0.20616986995685405,0
user_9132,2021-04-13 01:27:00,25,14,7,1,3,1,14,11,6,10,12,1,0,6.326042827738334,6.501473588089988,8.999936152335216,0.28,0.14285714285714285,0.56,0.6459236270606982,0.33194962623230206,0
user_9133,2021-04-13 01:42:00,17,11,9,1,2,0,6,16,11,8,20,1,0,7.806956378565584,1.5941235567032597,7.447521265097933,0.5294117647058824,0.1111111111111111,0.6470588235294118,0.9078726132916,0.7496770085592155,0
user_9134,2021-04-13 01:57:00,17,10,10,1,2,1,17,16,8,7,12,1,0,2.541514114198716,2.4309803884695897,10.870923051055346,0.5882352941176471,0.1,0.5882352941176471,0.3996476361466562,0.15777842728023922,0
user_9135,2021-04-13 02:12:00,15,9,8,0,3,0,18,13,13,6,6,1,0,2.723596102098981,6.157976977847688,1.5253319596951123,0.5333333333333333,0.0,0.6,0.9421197447644762,0.8064931666680489,0
user_9136,2021-04-13 02:27:00,17,4,3,1,3,0,7,15,16,14,12,1,0,6.925026052074005,2.3101983392031484,9.068334704670047,0.17647058823529413,0.3333333333333333,0.23529411764705882,0.3490248458631068,0.22163975546902914,0
user_9137,2021-04-13 02:42:00,16,12,4,2,2,0,18,20,9,5,9,1,0,3.630683824292383,2.9269447999383207,5.59195510857785,0.25,0.5,0.75,0.29092574402305516,0.3032433394123229,0
user_9138,2021-04-13 02:57:00,25,11,6,1,0,1,7,6,10,18,13,1,0,8.29679709896323,6.867472585944536,9.68320686601537,0.24,0.16666666666666666,0.44,0.16872786401423606,0.8883551692348276,0
user_9139,2021-04-13 03:12:00,23,13,5,1,3,0,15,17,5,10,6,1,0,6.776387436184816,0.27304538081901786,2.5421414906526767,0.21739130434782608,0.2,0.5652173913043478,0.689864177890178,0.9229397112801735,0
user_9140,2021-04-13 03:27:00,22,12,9,2,0,0,18,9,16,18,16,1,0,4.565184155227367,6.535878350244853,2.2132480779811674,0.4090909090909091,0.2222222222222222,0.5454545454545454,0.2450953940951736,0.49638062975429564,0
user_9141,2021-04-13 03:42:00,16,7,7,2,2,2,8,18,18,19,5,1,0,2.790915837565665,4.4119332677124365,10.861901037929298,0.4375,0.2857142857142857,0.4375,0.6174429754524658,0.5790292426396711,0
user_9142,2021-04-13 03:57:00,23,13,11,1,0,0,11,5,9,17,8,1,0,9.785230407508768,5.605847018102772,1.4469666802451686,0.4782608695652174,0.09090909090909091,0.5652173913043478,0.3556593728157359,0.965432498962508,0
user_9143,2021-04-13 04:12:00,23,14,4,2,2,1,13,15,14,19,15,1,0,1.831016712689514,1.4648007569162884,3.3962583494770593,0.17391304347826086,0.5,0.6086956521739131,0.5987051207673483,0.7436622113777975,0
user_9144,2021-04-13 04:27:00,22,7,5,0,1,0,18,8,6,10,15,1,0,0.3904791118065013,1.8265992443326782,5.830252875972319,0.22727272727272727,0.0,0.3181818181818182,0.1692420937452196,0.7552641101337452,0
user_9145,2021-04-13 04:42:00,18,6,7,1,5,1,17,18,5,6,5,1,0,4.397350763786698,3.563750701025919,9.75042773150208,0.3888888888888889,0.14285714285714285,0.3333333333333333,0.8959918083996387,0.8478094577485783,1
user_9146,2021-04-13 04:57:00,22,10,5,0,3,1,11,5,5,6,12,1,0,2.538304126550221,4.242348390588409,6.160744184255037,0.22727272727272727,0.0,0.45454545454545453,0.555599327866852,0.7715147930031871,1
user_9147,2021-04-13 05:12:00,21,14,8,1,2,0,9,7,17,13,8,1,0,9.492175264565999,4.756466872918536,10.284293684570173,0.38095238095238093,0.125,0.6666666666666666,0.1576949275614806,0.622803436019871,0
user_9148,2021-04-13 05:27:00,18,10,8,2,2,1,17,6,17,19,16,1,0,0.3804358588917305,4.180091860161395,4.2381569357412685,0.4444444444444444,0.25,0.5555555555555556,0.6239355399709615,0.7613631470156237,0
user_9149,2021-04-13 05:42:00,18,10,7,1,3,1,20,7,16,18,12,1,0,9.815043755473498,0.7963318035942859,4.232945150020311,0.3888888888888889,0.14285714285714285,0.5555555555555556,0.8386279389412641,0.6969715408261716,1
user_9150,2021-04-13 05:57:00,15,11,6,0,1,1,16,12,18,8,14,1,0,8.146591025096615,7.910780335067108,4.157077461634641,0.4,0.0,0.7333333333333333,0.5408752391652185,0.40760452767027466,0
user_9151,2021-04-13 06:12:00,18,12,4,0,3,1,7,5,14,9,11,1,0,8.48292628666855,7.336146354605462,5.701863048070912,0.2222222222222222,0.0,0.6666666666666666,0.11887664100346677,0.36255484554925765,0
user_9152,2021-04-13 06:27:00,20,14,7,2,1,1,5,7,16,14,10,1,0,8.815912005079738,1.763554240581585,4.386895219327316,0.35,0.2857142857142857,0.7,0.21126999444463837,0.425790532244393,0
user_9153,2021-04-13 06:42:00,23,11,6,2,3,0,13,9,12,15,19,1,0,5.05428748362798,3.421796340986067,11.45828433939376,0.2608695652173913,0.3333333333333333,0.4782608695652174,0.6314451463398083,0.8410656949101245,0
user_9154,2021-04-13 06:57:00,29,11,8,1,3,0,18,6,13,6,12,1,0,5.501930400025423,1.8232278935597546,1.8505676064693768,0.27586206896551724,0.125,0.3793103448275862,0.15648183119161507,0.5716160903397053,0
user_9155,2021-04-13 07:12:00,20,4,4,0,1,0,13,10,5,15,17,1,0,4.358989344847293,5.358172962539188,6.855886686435475,0.2,0.0,0.2,0.2847828526791737,0.9501186323331768,0
user_9156,2021-04-13 07:27:00,10,5,9,0,1,0,6,18,14,6,18,1,0,7.823906130908185,6.6371598135743675,6.64777420905371,0.9,0.0,0.5,0.5720230100092508,0.881305221292353,1
user_9157,2021-04-13 07:42:00,27,11,6,1,1,0,15,6,16,16,9,1,0,6.328696542144864,4.288828429030139,3.029188587907549,0.2222222222222222,0.16666666666666666,0.4074074074074074,0.9319348969820803,0.5216624129557933,0
user_9158,2021-04-13 07:57:00,19,17,6,0,1,1,19,10,16,8,11,1,0,5.136089883752847,1.6077865427927214,10.504166399007747,0.3157894736842105,0.0,0.8947368421052632,0.9023259423555088,0.14323771346364936,0
user_9159,2021-04-13 08:12:00,22,15,3,1,3,0,6,16,20,15,20,1,0,7.053048472926981,2.033581424204137,7.878302717438725,0.13636363636363635,0.3333333333333333,0.6818181818181818,0.5180702354152404,0.9412927962373326,0
user_9160,2021-04-13 08:27:00,23,11,2,2,0,0,11,20,14,12,9,1,0,5.441710896958952,0.9256448485875164,10.040650636501207,0.08695652173913043,1.0,0.4782608695652174,0.9445267581584015,0.6208089205771502,0
user_9161,2021-04-13 08:42:00,19,11,6,1,1,1,17,13,9,10,19,1,0,0.31832203225925526,3.213011531218093,2.9969315850278178,0.3157894736842105,0.16666666666666666,0.5789473684210527,0.8327449860572819,0.7508815452194145,0
user_9162,2021-04-13 08:57:00,21,10,3,0,2,1,20,9,10,12,18,1,0,0.280335688633375,5.506275020952979,6.241316278636087,0.14285714285714285,0.0,0.47619047619047616,0.8159105275456869,0.1386545756610193,0
user_9163,2021-04-13 09:12:00,22,14,7,2,1,1,18,19,12,18,13,1,0,6.05150578738225,6.213642597931806,4.658924214780054,0.3181818181818182,0.2857142857142857,0.6363636363636364,0.4414699276920149,0.1133398996335677,0
user_9164,2021-04-13 09:27:00,23,5,0,1,4,1,13,14,11,9,20,1,0,1.698284985473141,2.053880224230964,1.7745031373378568,0.0,0.0,0.21739130434782608,0.2734092975466073,0.18291455968350917,0
user_9165,2021-04-13 09:42:00,25,10,2,1,4,0,17,11,11,14,12,1,0,1.3631328424927096,7.9777963075560345,10.81800884556822,0.08,0.5,0.4,0.7371996579190871,0.4056964378682669,0
user_9166,2021-04-13 09:57:00,18,12,5,0,1,0,10,18,9,9,20,1,0,1.3101157355272195,7.2827307131911985,3.6731634660557666,0.2777777777777778,0.0,0.6666666666666666,0.5635533911350118,0.3105121653990521,0
user_9167,2021-04-13 10:12:00,28,5,10,2,3,1,18,6,16,8,9,1,0,4.164195316770603,2.86016162016438,4.939052863797524,0.35714285714285715,0.2,0.17857142857142858,0.7405847862348464,0.16855732335526896,0
user_9168,2021-04-13 10:27:00,17,5,6,0,3,1,6,13,5,8,6,1,0,6.427695860255478,6.562868984570991,0.6331613757832204,0.35294117647058826,0.0,0.29411764705882354,0.5521839509946642,0.8825132681753433,0
user_9169,2021-04-13 10:42:00,15,5,5,2,2,3,9,6,8,20,13,1,0,4.311444287105406,2.786577773581153,11.228662583484132,0.3333333333333333,0.4,0.3333333333333333,0.7329893202584901,0.6086071070038902,0
user_9170,2021-04-13 10:57:00,15,7,7,3,2,0,18,12,13,9,20,1,0,9.854271980484885,7.48300120071269,8.519092147840166,0.4666666666666667,0.42857142857142855,0.4666666666666667,0.8602266481366264,0.30376617539078066,0
user_9171,2021-04-13 11:12:00,28,5,8,2,2,0,15,13,11,19,8,1,0,9.264312319644532,5.951524994219083,10.303341656970883,0.2857142857142857,0.25,0.17857142857142858,0.9059873810077269,0.6350036135916756,0
user_9172,2021-04-13 11:27:00,24,11,7,2,3,0,7,10,18,6,10,1,0,6.40334534142691,7.807366080817686,8.852660225601367,0.2916666666666667,0.2857142857142857,0.4583333333333333,0.26451659168836367,0.3664712619707363,0
user_9173,2021-04-13 11:42:00,23,10,7,1,5,2,14,8,15,20,15,1,0,8.609537482075586,3.434441854440031,8.994589624133278,0.30434782608695654,0.14285714285714285,0.43478260869565216,0.5635283775466972,0.7367175554204688,0
user_9174,2021-04-13 11:57:00,12,9,6,1,2,0,6,17,16,6,8,1,0,9.687685602458801,6.895778736119015,6.918882299696119,0.5,0.16666666666666666,0.75,0.14103505228325897,0.3505037655385542,0
user_9175,2021-04-13 12:12:00,21,9,6,0,1,1,15,10,6,20,14,1,0,8.559600338314798,2.370599659895644,7.474285524079046,0.2857142857142857,0.0,0.42857142857142855,0.2461080765673606,0.7689556515257888,0
user_9176,2021-04-13 12:27:00,20,7,8,1,4,0,17,20,17,10,18,1,0,7.844336508636225,0.4022885066380607,6.812961676327657,0.4,0.125,0.35,0.34865432106415817,0.7828325372697537,0
user_9177,2021-04-13 12:42:00,23,11,5,3,1,0,6,9,19,13,20,1,0,9.344880996470181,7.524088853321479,0.719826740074166,0.21739130434782608,0.6,0.4782608695652174,0.36281557607387416,0.8011677843209369,0
user_9178,2021-04-13 12:57:00,22,14,10,0,5,0,12,12,18,10,8,1,0,6.019220957424896,5.946744829799256,10.2227569871445,0.45454545454545453,0.0,0.6363636363636364,0.6658072177185701,0.4291588036017432,0
user_9179,2021-04-13 13:12:00,20,12,5,1,3,0,16,8,19,11,16,1,0,9.127298108432953,7.83067256974179,8.370119323184875,0.25,0.2,0.6,0.9657595912607881,0.9649084922617707,0
user_9180,2021-04-13 13:27:00,15,9,11,0,2,2,20,20,10,10,7,1,0,3.8405723111096917,3.8707380201789428,6.504075782988161,0.7333333333333333,0.0,0.6,0.33828639323782894,0.7256772641518011,0
user_9181,2021-04-13 13:42:00,18,10,8,2,2,2,17,11,8,14,6,1,0,9.135156110963859,1.5662805558044497,10.006774242903116,0.4444444444444444,0.25,0.5555555555555556,0.8098742309361096,0.6979277697191617,0
user_9182,2021-04-13 13:57:00,15,11,9,1,0,0,13,11,9,16,8,1,0,8.278035629600092,2.1211890200133867,5.060294658758209,0.6,0.1111111111111111,0.7333333333333333,0.23261191381225424,0.6496537986139779,0
user_9183,2021-04-13 14:12:00,19,4,3,0,2,0,19,7,10,6,8,1,0,0.4836067488805069,7.143589489053136,6.014245875140679,0.15789473684210525,0.0,0.21052631578947367,0.9479262688867587,0.9917367119490409,1
user_9184,2021-04-13 14:27:00,24,7,7,2,2,0,15,5,5,16,14,1,0,7.445440099661158,0.6199238915379451,8.652403384656674,0.2916666666666667,0.2857142857142857,0.2916666666666667,0.4656345741794289,0.7714523975227865,0
user_9185,2021-04-13 14:42:00,24,14,5,1,2,1,18,20,12,20,15,1,0,1.2146802511040504,2.472851845236688,4.144382839190316,0.20833333333333334,0.2,0.5833333333333334,0.8976365536517842,0.8431430945062643,0
user_9186,2021-04-13 14:57:00,18,16,6,1,2,1,5,11,17,7,20,1,0,5.773182344617123,7.055038391458518,6.731188135317297,0.3333333333333333,0.16666666666666666,0.8888888888888888,0.718256462561971,0.8756485131818375,0
user_9187,2021-04-13 15:12:00,21,7,4,0,2,1,14,12,18,16,20,1,0,9.10976654854037,6.2892213209519365,11.907669613063671,0.19047619047619047,0.0,0.3333333333333333,0.29063985100608813,0.46391255257996056,0
user_9188,2021-04-13 15:27:00,19,10,4,0,0,1,9,16,17,6,10,1,0,1.9225090939691567,7.0765101486724475,2.9323895999077823,0.21052631578947367,0.0,0.5263157894736842,0.5678093817071777,0.24764707690875531,0
user_9189,2021-04-13 15:42:00,24,7,4,1,1,0,18,11,15,9,6,1,0,0.7277585480022299,2.360715590326781,2.7130808326576332,0.16666666666666666,0.25,0.2916666666666667,0.5553111705342263,0.5021969844642569,0
user_9190,2021-04-13 15:57:00,17,15,8,0,1,1,6,17,10,19,12,1,0,5.335974497764121,5.964213750617704,11.56944166022355,0.47058823529411764,0.0,0.8823529411764706,0.5788456081443645,0.9175594285202952,0
user_9191,2021-04-13 16:12:00,25,16,3,2,3,2,15,8,5,19,12,1,0,8.538252418218148,0.4458257407268891,2.1008092955270694,0.12,0.6666666666666666,0.64,0.17655140837594327,0.8014648178792989,0
user_9192,2021-04-13 16:27:00,16,16,8,2,3,1,10,19,6,14,20,1,0,7.030103461732347,1.6851386610547447,7.625293026119594,0.5,0.25,1.0,0.17991281314413426,0.5696063908441618,0
user_9193,2021-04-13 16:42:00,20,7,8,0,1,0,6,5,6,5,7,1,0,9.321376495184742,4.282342762357047,6.182357838370521,0.4,0.0,0.35,0.5650315845932823,0.6243684127853577,0
user_9194,2021-04-13 16:57:00,20,9,2,1,5,0,19,19,9,12,17,1,0,4.138114095720268,6.920852229574079,4.427509146724805,0.1,0.5,0.45,0.655654414425722,0.4862761156051848,1
user_9195,2021-04-13 17:12:00,20,14,7,1,2,1,9,5,6,5,6,1,0,2.552333111855966,4.4492661032932155,10.690976127779809,0.35,0.14285714285714285,0.7,0.8663978479051592,0.10679020178869778,0
user_9196,2021-04-13 17:27:00,21,9,4,1,0,0,17,13,18,7,5,1,0,3.9622698460306696,6.057226437995418,4.92637507966851,0.19047619047619047,0.25,0.42857142857142855,0.30671704381852744,0.18335320784446013,0
user_9197,2021-04-13 17:42:00,29,12,8,0,1,1,10,19,16,7,15,1,0,7.48335257538975,3.9565060295210293,11.738417779930469,0.27586206896551724,0.0,0.41379310344827586,0.23563603320363086,0.9991783138251383,0
user_9198,2021-04-13 17:57:00,29,8,5,1,2,2,14,9,18,11,5,1,0,7.127249759798933,2.983581701082034,2.4418516995114175,0.1724137931034483,0.2,0.27586206896551724,0.3814510608472512,0.9101774040207159,0
user_9199,2021-04-13 18:12:00,16,11,5,0,1,0,13,16,19,9,9,1,0,4.346339381043838,5.695462796146289,5.701988829681798,0.3125,0.0,0.6875,0.8129525278794107,0.9915688752484911,0
user_9200,2021-04-13 18:27:00,22,8,6,1,3,0,17,14,10,18,13,1,0,3.608519297203488,3.294288837183033,0.8239718095048432,0.2727272727272727,0.16666666666666666,0.36363636363636365,0.4154246360663968,0.7681359041066653,0
user_9201,2021-04-13 18:42:00,25,5,9,1,1,1,11,12,16,9,7,1,0,0.5907822231456074,5.3361113210949735,5.252738113609399,0.36,0.1111111111111111,0.2,0.8341507959884097,0.33594629036134005,0
user_9202,2021-04-13 18:57:00,26,18,3,0,2,1,20,7,17,20,17,1,0,5.472556234260906,4.456064027615742,8.012136087114621,0.11538461538461539,0.0,0.6923076923076923,0.9073646530934706,0.4960787780237289,0
user_9203,2021-04-13 19:12:00,15,10,6,2,0,0,6,15,10,16,13,1,0,0.772068767661413,6.628973748171815,3.147318584513317,0.4,0.3333333333333333,0.6666666666666666,0.24061381454717723,0.24285688365869096,0
user_9204,2021-04-13 19:27:00,14,10,3,0,2,1,15,14,14,11,14,1,0,6.834305202468482,5.800129497207781,10.403299404336318,0.21428571428571427,0.0,0.7142857142857143,0.799897673252304,0.9901859975455922,1
user_9205,2021-04-13 19:42:00,23,14,6,0,3,2,6,5,7,20,16,1,0,7.810969179010309,5.630759742092242,2.3570217368820234,0.2608695652173913,0.0,0.6086956521739131,0.644047196433328,0.32137189100154756,0
user_9206,2021-04-13 19:57:00,20,6,5,1,2,1,5,5,7,9,15,1,0,5.287879246790771,7.691140815155408,2.1230445899303696,0.25,0.2,0.3,0.7219884553885343,0.2691432157655974,0
user_9207,2021-04-13 20:12:00,27,6,4,0,2,1,11,5,12,11,6,1,0,9.215595386860427,1.4907800962426618,5.734872745910279,0.14814814814814814,0.0,0.2222222222222222,0.9329497034127431,0.5052485716166144,0
user_9208,2021-04-13 20:27:00,17,23,8,0,3,0,12,15,17,17,15,1,0,7.150718590170329,6.041408872866003,8.095811858674484,0.47058823529411764,0.0,1.3529411764705883,0.6398618850495341,0.42414591215286146,0
user_9209,2021-04-13 20:42:00,14,8,5,1,1,1,5,15,12,7,18,1,0,2.093192785587344,4.468473690312705,5.253286056640897,0.35714285714285715,0.2,0.5714285714285714,0.9729091779293573,0.7263579705961666,0
user_9210,2021-04-13 20:57:00,23,9,4,1,1,0,10,20,8,9,14,1,0,6.989317197154993,7.719650971910981,11.65067456957733,0.17391304347826086,0.25,0.391304347826087,0.41069841691339604,0.16119617692616445,0
user_9211,2021-04-13 21:12:00,26,10,4,0,1,0,6,8,18,10,5,1,0,2.5034561609516888,2.229014168942185,9.95715658526034,0.15384615384615385,0.0,0.38461538461538464,0.5597687372747165,0.777342467000671,0
user_9212,2021-04-13 21:27:00,14,9,5,1,1,0,13,17,8,10,6,1,0,9.217561930672572,3.1786092597989177,8.41712806994689,0.35714285714285715,0.2,0.6428571428571429,0.35304579380327306,0.5946766228305762,0
user_9213,2021-04-13 21:42:00,21,8,8,1,2,1,14,18,7,14,17,1,0,7.256557834687642,1.1594229370075768,2.4061406354787795,0.38095238095238093,0.125,0.38095238095238093,0.4697711271482482,0.8350767724797922,0
user_9214,2021-04-13 21:57:00,15,8,11,1,4,1,14,11,20,20,7,1,0,8.468184194759306,2.4737655867793253,0.9215588941269481,0.7333333333333333,0.09090909090909091,0.5333333333333333,0.1222668968454482,0.8726920774243239,0
user_9215,2021-04-13 22:12:00,22,8,7,0,2,1,19,13,8,9,13,1,0,8.81075750006269,6.240771821492264,1.4183374433193818,0.3181818181818182,0.0,0.36363636363636365,0.9120207774065977,0.8756384442531048,0
user_9216,2021-04-13 22:27:00,18,9,5,1,0,1,6,14,15,15,8,1,0,8.996350499694074,6.346429320829417,7.477099168759267,0.2777777777777778,0.2,0.5,0.8449526118473376,0.7174598662173333,0
user_9217,2021-04-13 22:42:00,11,8,3,0,1,1,10,17,6,11,16,1,0,4.272399264390537,2.9338961490889046,0.6208128614373807,0.2727272727272727,0.0,0.7272727272727273,0.8155054898348386,0.5061317459548637,0
user_9218,2021-04-13 22:57:00,25,13,7,2,4,0,10,20,12,9,17,1,0,8.715489913707938,2.4249786323021674,1.6898350379011324,0.28,0.2857142857142857,0.52,0.8022322242575223,0.2975226060318058,0
user_9219,2021-04-13 23:12:00,17,12,8,2,2,1,19,16,19,18,15,1,0,3.026386624010631,6.308475004289137,0.5988287332882063,0.47058823529411764,0.25,0.7058823529411765,0.6817031334229733,0.9525488506170555,0
user_9220,2021-04-13 23:27:00,30,10,5,0,0,2,6,12,12,18,16,1,0,5.145302761293518,2.158847323136788,6.256892123583276,0.16666666666666666,0.0,0.3333333333333333,0.7905542736658011,0.1335198314252724,1
user_9221,2021-04-13 23:42:00,18,12,7,0,2,0,11,13,7,16,20,1,0,5.634759437973552,4.093114533398348,8.636827945447807,0.3888888888888889,0.0,0.6666666666666666,0.4224195221194794,0.2917660033460726,0
user_9222,2021-04-13 23:57:00,19,7,6,0,0,1,13,20,18,16,5,1,0,7.132125817397761,2.073085844945715,8.955537338662964,0.3157894736842105,0.0,0.3684210526315789,0.2599214698665979,0.3687359053157999,0
user_9223,2021-04-14 00:12:00,25,8,8,2,0,1,20,7,19,18,9,2,0,7.246921468509373,3.3269679130642174,0.5695905999139699,0.32,0.25,0.32,0.4745817168076474,0.7697284701752403,0
user_9224,2021-04-14 00:27:00,27,9,6,0,2,1,5,19,8,5,18,2,0,0.10772792718057408,7.0883486516714616,2.599528270141692,0.2222222222222222,0.0,0.3333333333333333,0.5385908397148577,0.3181214560889155,0
user_9225,2021-04-14 00:42:00,13,6,4,1,1,0,18,17,12,15,17,2,0,9.084637821984145,1.1609667956823724,7.203077727991157,0.3076923076923077,0.25,0.46153846153846156,0.5123053927758727,0.3123453935526489,0
user_9226,2021-04-14 00:57:00,21,14,7,0,3,0,6,20,19,11,5,2,0,8.705480573249607,6.5679941626999785,1.3522491936810084,0.3333333333333333,0.0,0.6666666666666666,0.5805570183077515,0.7132887781153708,0
user_9227,2021-04-14 01:12:00,23,11,10,0,1,0,10,9,5,16,14,2,0,6.544068177356326,3.9889411559119514,10.945229658613348,0.43478260869565216,0.0,0.4782608695652174,0.789486886190012,0.5773857468424923,1
user_9228,2021-04-14 01:27:00,10,16,9,2,1,0,20,14,9,11,5,2,0,0.6489657213077558,7.53764360566134,7.7773786132053555,0.9,0.2222222222222222,1.6,0.9250189527135917,0.25281990599248727,0
user_9229,2021-04-14 01:42:00,15,6,6,1,1,0,7,10,14,13,14,2,0,9.27621731098489,0.2647899756187848,3.7123709095247137,0.4,0.16666666666666666,0.4,0.9289239743901802,0.5072285551563287,0
user_9230,2021-04-14 01:57:00,27,10,4,2,3,0,15,18,5,8,18,2,0,8.848020161143742,2.5569358035463177,8.445288838505533,0.14814814814814814,0.5,0.37037037037037035,0.34288534491374584,0.13769895838172275,0
user_9231,2021-04-14 02:12:00,24,6,5,1,1,1,6,16,6,11,18,2,0,8.733660927757503,3.692468025640091,3.303754460929255,0.20833333333333334,0.2,0.25,0.6745731876703094,0.43359031260032166,1
user_9232,2021-04-14 02:27:00,32,7,3,0,1,0,6,5,7,11,6,2,0,3.0101915718278716,1.42906576212174,1.9777872111132704,0.09375,0.0,0.21875,0.6884906301271467,0.5241606446505686,0
user_9233,2021-04-14 02:42:00,16,7,2,2,4,0,15,13,11,16,7,2,0,5.770093832538901,7.145384834768636,11.81246727209177,0.125,1.0,0.4375,0.18621432009992733,0.9744046921009153,0
user_9234,2021-04-14 02:57:00,25,8,3,0,2,2,17,17,18,6,13,2,0,6.760635919146047,4.36391348001937,2.6157928600000133,0.12,0.0,0.32,0.29592716371251654,0.3728888789821273,0
user_9235,2021-04-14 03:12:00,18,7,4,0,2,1,13,13,14,14,10,2,0,2.9995851547650867,1.7635723423324654,2.9677503479777663,0.2222222222222222,0.0,0.3888888888888889,0.594227483610305,0.9950454248440119,0
user_9236,2021-04-14 03:27:00,22,10,4,2,3,1,6,12,17,5,10,2,0,7.066304860861055,0.7269234269134499,9.074218551101398,0.18181818181818182,0.5,0.45454545454545453,0.9682199006434051,0.8152757492004706,0
user_9237,2021-04-14 03:42:00,22,8,2,0,2,2,20,12,5,12,9,2,0,5.4671504183469555,6.4841245271242665,10.76618895844009,0.09090909090909091,0.0,0.36363636363636365,0.7517505426272603,0.18054165914265063,0
user_9238,2021-04-14 03:57:00,18,12,4,1,3,0,15,8,5,15,5,2,0,0.5731913170626427,3.549421722362051,1.8276921524844827,0.2222222222222222,0.25,0.6666666666666666,0.928056228908132,0.10125973094995083,0
user_9239,2021-04-14 04:12:00,16,12,1,2,0,1,9,17,8,14,6,2,0,7.444792202000333,2.5429113099932494,8.30790397545837,0.0625,2.0,0.75,0.5736460917146976,0.7795421396454613,0
user_9240,2021-04-14 04:27:00,18,15,10,0,3,2,6,14,14,17,12,2,0,7.80143272979205,4.814916899653101,4.415094280479135,0.5555555555555556,0.0,0.8333333333333334,0.34548725568579397,0.8218101344391368,0
user_9241,2021-04-14 04:42:00,20,13,5,1,3,1,12,7,5,14,14,2,0,1.1580944253374679,3.341287170257126,9.42401176616063,0.25,0.2,0.65,0.7502538580160231,0.12023448112899641,0
user_9242,2021-04-14 04:57:00,13,12,4,1,2,1,8,20,17,10,17,2,0,8.610216357323969,4.565830254367608,4.523677719798904,0.3076923076923077,0.25,0.9230769230769231,0.8374396778532854,0.7941383610813622,0
user_9243,2021-04-14 05:12:00,20,13,8,1,0,0,11,7,17,16,13,2,0,6.119395283810475,1.4457431956515256,1.8835062011016213,0.4,0.125,0.65,0.6950682077411607,0.3208190088565328,1
user_9244,2021-04-14 05:27:00,19,8,4,1,5,0,12,11,11,19,13,2,0,5.369589446255456,6.2002962333864655,7.020700545408263,0.21052631578947367,0.25,0.42105263157894735,0.15184434979235562,0.5758366719339648,0
user_9245,2021-04-14 05:42:00,14,10,5,3,2,0,11,16,14,16,14,2,0,8.139283431182797,7.869946042398755,7.926190057972554,0.35714285714285715,0.6,0.7142857142857143,0.5891240966174072,0.19728813257364142,0
user_9246,2021-04-14 05:57:00,15,8,2,0,1,0,16,11,19,6,12,2,0,4.402054004574744,4.5059456279687256,3.4572849324636534,0.13333333333333333,0.0,0.5333333333333333,0.8384986021085201,0.20089791084242753,0
user_9247,2021-04-14 06:12:00,24,9,6,1,2,1,11,14,7,11,10,2,0,2.445762948513902,6.129341594252972,1.9545542839893584,0.25,0.16666666666666666,0.375,0.5136670048402548,0.8442536536213261,0
user_9248,2021-04-14 06:27:00,19,5,8,0,1,0,20,11,16,17,7,2,0,8.674754659057394,6.167850016000824,2.7283294578492967,0.42105263157894735,0.0,0.2631578947368421,0.3585915735001882,0.17811210559581026,0
user_9249,2021-04-14 06:42:00,22,7,6,0,1,0,16,14,10,19,14,2,0,5.989027917254439,1.9155271697796714,5.6922585318623025,0.2727272727272727,0.0,0.3181818181818182,0.8713847418791895,0.595423935300215,0
user_9250,2021-04-14 06:57:00,24,13,7,1,2,3,11,13,19,12,16,2,0,6.560008991620284,5.621899180962408,2.8654922008931614,0.2916666666666667,0.14285714285714285,0.5416666666666666,0.38617080090287714,0.5847395554532742,0
user_9251,2021-04-14 07:12:00,17,16,2,2,2,1,20,8,9,11,16,2,0,6.302053372993864,5.633570779524559,9.305188065363069,0.11764705882352941,1.0,0.9411764705882353,0.36131810651083074,0.5893202259412013,0
user_9252,2021-04-14 07:27:00,15,6,7,1,3,0,7,16,7,6,15,2,0,8.637823130663381,7.502907145304029,8.503358453008074,0.4666666666666667,0.14285714285714285,0.4,0.23810522090346492,0.4952792592266647,0
user_9253,2021-04-14 07:42:00,18,5,6,0,4,0,16,14,8,17,20,2,0,8.114360257032846,2.6312674785419676,6.861232090355459,0.3333333333333333,0.0,0.2777777777777778,0.3480609914871385,0.9003521583380637,1
user_9254,2021-04-14 07:57:00,27,7,4,1,1,1,12,11,5,8,12,2,0,4.459985721412799,3.1260135110226837,11.949725390444467,0.14814814814814814,0.25,0.25925925925925924,0.2844030004466258,0.3175599999136778,0
user_9255,2021-04-14 08:12:00,19,5,8,0,2,1,9,9,9,17,13,2,0,7.1752000870412775,3.178476318202061,2.016504136235141,0.42105263157894735,0.0,0.2631578947368421,0.7068105501445124,0.2906811125132694,0
user_9256,2021-04-14 08:27:00,17,12,2,1,2,0,6,9,13,12,18,2,0,4.687407319252937,2.9646526751309388,11.087044166507027,0.11764705882352941,0.5,0.7058823529411765,0.6657168782762392,0.3241592022098227,0
user_9257,2021-04-14 08:42:00,25,10,9,0,4,1,16,15,9,15,19,2,0,7.140866059399755,1.1052471984453527,9.273888093564805,0.36,0.0,0.4,0.7129918520694495,0.4157565449384013,0
user_9258,2021-04-14 08:57:00,15,10,1,0,1,2,14,11,12,17,9,2,0,0.54629508159562,3.7724730644703417,10.620993131980303,0.06666666666666667,0.0,0.6666666666666666,0.40738299418070745,0.3942360325703135,0
user_9259,2021-04-14 09:12:00,22,10,4,2,4,1,12,15,11,18,11,2,0,6.952489567370956,4.759363481775939,11.58888557793524,0.18181818181818182,0.5,0.45454545454545453,0.5498973211043551,0.11597426633197591,1
user_9260,2021-04-14 09:27:00,16,11,4,0,4,0,17,17,14,13,19,2,0,4.077442429340871,0.8123179268759055,2.777755985350736,0.25,0.0,0.6875,0.2740499876957655,0.971100553473464,1
user_9261,2021-04-14 09:42:00,20,10,3,2,3,0,5,19,15,13,17,2,0,3.68089405854172,0.5748423291396639,6.861808593112319,0.15,0.6666666666666666,0.5,0.7165590306010503,0.38818628400319133,0
user_9262,2021-04-14 09:57:00,15,9,5,0,1,1,9,9,14,8,8,2,0,9.110791750378333,7.151894367825406,9.568343577325246,0.3333333333333333,0.0,0.6,0.9159173915319071,0.3984665556046798,0
user_9263,2021-04-14 10:12:00,18,9,9,3,1,1,15,19,8,8,18,2,0,4.792359768700433,6.261764029729002,2.8863200875216757,0.5,0.3333333333333333,0.5,0.5368716847861212,0.9028807612954424,0
user_9264,2021-04-14 10:27:00,21,11,6,1,4,1,11,6,20,16,7,2,0,6.459387695163708,7.039359096762629,7.090438961859985,0.2857142857142857,0.16666666666666666,0.5238095238095238,0.3539389227753774,0.9207514016086569,0
user_9265,2021-04-14 10:42:00,15,12,2,1,4,0,17,10,10,15,18,2,0,8.085781071575715,6.225262046828652,8.611446838553652,0.13333333333333333,0.5,0.8,0.9794175249222388,0.2976930403624515,0
user_9266,2021-04-14 10:57:00,24,6,4,1,3,0,5,10,16,11,9,2,0,3.1729359451532417,5.932972008011258,4.692837003207163,0.16666666666666666,0.25,0.25,0.5536448068986872,0.5919114333713191,0
user_9267,2021-04-14 11:12:00,24,9,7,2,2,1,12,6,13,5,12,2,0,2.207055363161123,2.0552615277204453,10.810958401841976,0.2916666666666667,0.2857142857142857,0.375,0.23109815802527073,0.534511779754652,0
user_9268,2021-04-14 11:27:00,12,13,4,1,2,2,11,18,16,14,14,2,0,5.817775215838174,3.398659070517021,10.2649583270733,0.3333333333333333,0.25,1.0833333333333333,0.912166223298078,0.5475212250972493,0
user_9269,2021-04-14 11:42:00,14,1,2,2,2,1,7,9,17,8,11,2,0,1.7143476940438345,3.6560352209982963,7.826397106670891,0.14285714285714285,1.0,0.07142857142857142,0.758014808862229,0.17308705197900898,0
user_9270,2021-04-14 11:57:00,15,11,4,2,3,1,7,9,16,18,13,2,0,6.954519833002552,5.646721993309614,9.026750744937637,0.26666666666666666,0.5,0.7333333333333333,0.8978260338021211,0.22895086706826626,0
user_9271,2021-04-14 12:12:00,24,12,8,2,2,1,17,7,15,15,14,2,0,4.988896440231738,2.402436830875862,6.857283855724663,0.3333333333333333,0.25,0.5,0.6463721964509438,0.8624109250883157,0
user_9272,2021-04-14 12:27:00,26,12,9,2,1,0,17,7,20,5,15,2,0,6.535800235188571,7.918072280255658,3.0639596680882186,0.34615384615384615,0.2222222222222222,0.46153846153846156,0.5693414828006275,0.5776103848063127,0
user_9273,2021-04-14 12:42:00,15,9,5,1,1,1,15,12,19,14,16,2,0,0.16796889279903182,2.807434600775599,3.359851620846897,0.3333333333333333,0.2,0.6,0.38676016507808575,0.3358687713165699,0
user_9274,2021-04-14 12:57:00,23,6,6,1,3,1,13,5,7,16,10,2,0,6.236388045805068,6.4690109518826695,4.904694829832341,0.2608695652173913,0.16666666666666666,0.2608695652173913,0.3574489951224151,0.8760914825120052,0
user_9275,2021-04-14 13:12:00,20,15,8,1,3,1,13,15,10,10,14,2,0,1.830808023869878,1.4410109485981293,9.575663345041091,0.4,0.125,0.75,0.8739209436047677,0.1853596066177249,0
user_9276,2021-04-14 13:27:00,20,13,6,3,3,0,14,15,13,19,12,2,0,9.671897242455785,5.689767097752261,10.901352677246237,0.3,0.5,0.65,0.37126246631133897,0.6839714004519665,0
user_9277,2021-04-14 13:42:00,19,9,9,0,0,2,20,10,20,7,20,2,0,1.585251114085475,6.290875505760936,10.335836887837903,0.47368421052631576,0.0,0.47368421052631576,0.22535001641746225,0.7483823227602496,0
user_9278,2021-04-14 13:57:00,19,9,5,1,1,0,10,16,19,14,17,2,0,1.399548014829212,7.397300108246685,2.0205982325149003,0.2631578947368421,0.2,0.47368421052631576,0.3201039620696696,0.15994599551272398,0
user_9279,2021-04-14 14:12:00,19,6,5,0,2,1,7,14,20,7,9,2,0,7.229594696156786,0.8886986206389113,10.417619100580477,0.2631578947368421,0.0,0.3157894736842105,0.42483897584310826,0.4126491426491238,0
user_9280,2021-04-14 14:27:00,22,8,7,0,2,0,8,16,20,18,11,2,0,9.929365240975114,2.792214469667869,1.2390544791067017,0.3181818181818182,0.0,0.36363636363636365,0.5690478064653867,0.7381589525861466,0
user_9281,2021-04-14 14:42:00,24,8,1,0,1,0,13,15,8,18,10,2,0,8.096801657139126,0.26332352724715996,9.429463312070755,0.041666666666666664,0.0,0.3333333333333333,0.5583658409483346,0.797507629176729,0
user_9282,2021-04-14 14:57:00,17,9,4,1,1,0,20,20,13,16,17,2,0,6.02082604613099,6.77761161431636,4.212253207000646,0.23529411764705882,0.25,0.5294117647058824,0.13236516067723972,0.9582844737952724,0
user_9283,2021-04-14 15:12:00,23,12,8,1,0,2,5,6,19,13,16,2,0,2.7943897804945528,3.360111792534011,10.198760753554348,0.34782608695652173,0.125,0.5217391304347826,0.8715829656132745,0.941111462682578,0
user_9284,2021-04-14 15:27:00,20,14,2,1,2,0,19,9,6,5,15,2,0,4.300388467031941,6.286660020542251,2.4382461211599424,0.1,0.5,0.7,0.13051466181903515,0.6393694651266105,0
user_9285,2021-04-14 15:42:00,22,8,8,1,0,0,20,14,12,6,9,2,0,4.1171901279210665,0.9379038234409823,2.5432734237249814,0.36363636363636365,0.125,0.36363636363636365,0.9190459658674405,0.48000894971382635,1
user_9286,2021-04-14 15:57:00,18,10,5,0,0,1,12,13,6,20,6,2,0,8.536087881240002,1.1077156481292991,6.44000516417732,0.2777777777777778,0.0,0.5555555555555556,0.8484198670228531,0.6868505347659959,0
user_9287,2021-04-14 16:12:00,19,15,7,2,4,2,18,13,13,18,7,2,0,9.190545780229149,6.468069651756952,9.636857322921065,0.3684210526315789,0.2857142857142857,0.7894736842105263,0.8646991137688812,0.7658332290949601,0
user_9288,2021-04-14 16:27:00,16,14,6,2,3,1,16,11,15,5,9,2,0,5.010235455157839,7.800918432742589,2.7563112076109535,0.375,0.3333333333333333,0.875,0.9188627799736667,0.31785036011699397,1
user_9289,2021-04-14 16:42:00,15,7,2,0,4,1,7,10,7,16,14,2,0,1.8495066944863006,6.72531397012244,5.950673522865517,0.13333333333333333,0.0,0.4666666666666667,0.812248647699339,0.4937630150638751,0
user_9290,2021-04-14 16:57:00,18,6,3,3,3,1,6,15,13,14,8,2,0,2.4373049830142564,2.486659061520665,0.7925159273110369,0.16666666666666666,1.0,0.3333333333333333,0.6535273830343531,0.8906592875597333,0
user_9291,2021-04-14 17:12:00,20,8,3,1,1,0,12,8,10,9,10,2,0,7.47160610500873,0.934779608730165,7.8398094555543505,0.15,0.3333333333333333,0.4,0.11196738235434045,0.19659716323934706,0
user_9292,2021-04-14 17:27:00,14,13,9,0,1,1,10,17,13,15,10,2,0,6.05340812303637,1.0821676158246698,6.563502745485632,0.6428571428571429,0.0,0.9285714285714286,0.13335350785886574,0.1558631174177377,0
user_9293,2021-04-14 17:42:00,23,9,4,1,2,0,12,18,7,7,10,2,0,6.703725874137535,1.4228532508919993,3.0206592467462468,0.17391304347826086,0.25,0.391304347826087,0.13434483770733488,0.5153759776025302,0
user_9294,2021-04-14 17:57:00,21,17,4,0,3,1,12,19,12,19,18,2,0,6.52105328913592,4.2474876650389515,11.499390316146966,0.19047619047619047,0.0,0.8095238095238095,0.21549441523143675,0.4154212562321401,0
user_9295,2021-04-14 18:12:00,16,7,2,1,3,0,6,11,14,20,7,2,0,3.595955453245972,7.349381382359985,11.906661009783408,0.125,0.5,0.4375,0.999493005961972,0.2727719248532089,0
user_9296,2021-04-14 18:27:00,22,11,5,0,2,1,15,12,6,18,18,2,0,3.5323711584812516,2.1335550080363808,8.752632177367579,0.22727272727272727,0.0,0.5,0.6469843499043719,0.7893937748690288,0
user_9297,2021-04-14 18:42:00,24,7,2,0,1,1,17,12,14,8,15,2,0,4.320740405618273,3.940160892505882,8.92839802642298,0.08333333333333333,0.0,0.2916666666666667,0.24960390030277302,0.4214885963685041,0
user_9298,2021-04-14 18:57:00,27,9,8,1,2,0,7,12,13,20,13,2,0,8.538084849566431,5.757913347649524,7.628479393912438,0.2962962962962963,0.125,0.3333333333333333,0.13323185250864367,0.41929239528512396,0
user_9299,2021-04-14 19:12:00,20,10,4,1,3,0,12,10,17,5,14,2,0,9.938947872077613,2.8505008259274707,5.706015365091597,0.2,0.25,0.5,0.37632519489589356,0.8552451679543689,0
user_9300,2021-04-14 19:27:00,16,7,4,0,2,1,14,17,7,17,15,2,0,0.5765869804715528,6.2233497006630465,4.079076315989266,0.25,0.0,0.4375,0.3959215788983894,0.2332238370418563,0
user_9301,2021-04-14 19:42:00,17,8,10,0,3,0,12,9,15,6,5,2,0,9.672078475474798,0.6895775137303458,3.9624616052805877,0.5882352941176471,0.0,0.47058823529411764,0.6216163287021469,0.47723654077908706,0
user_9302,2021-04-14 19:57:00,31,15,4,2,2,0,8,7,15,9,9,2,0,5.533560340965299,6.368783629447847,7.557869891575197,0.12903225806451613,0.5,0.4838709677419355,0.1734679823629103,0.27610348011225117,0
user_9303,2021-04-14 20:12:00,16,12,4,0,2,1,20,6,15,9,13,2,0,8.158634910520728,5.805185403952998,0.5625531627002082,0.25,0.0,0.75,0.2602988709755427,0.8346731641005932,0
user_9304,2021-04-14 20:27:00,15,15,5,1,4,1,9,17,11,8,16,2,0,7.421893956137543,0.46991723070468183,1.5729046757643506,0.3333333333333333,0.2,1.0,0.9068724976047814,0.4503813219653542,0
user_9305,2021-04-14 20:42:00,18,11,6,1,2,1,7,20,7,9,9,2,0,5.63214429568554,0.10258249115734261,11.37243850964598,0.3333333333333333,0.16666666666666666,0.6111111111111112,0.27827216723576736,0.7718437228316617,0
user_9306,2021-04-14 20:57:00,21,5,6,1,0,0,13,7,6,18,7,2,0,8.221261271731175,6.265188332621591,8.965847443635239,0.2857142857142857,0.16666666666666666,0.23809523809523808,0.5965766339287731,0.26128441305537586,0
user_9307,2021-04-14 21:12:00,18,16,7,1,1,0,5,19,12,6,13,2,0,0.6110631739835186,7.6940194852892825,7.2501949646198804,0.3888888888888889,0.14285714285714285,0.8888888888888888,0.8361987377622728,0.17846795472861343,0
user_9308,2021-04-14 21:27:00,18,14,4,0,1,2,14,8,5,18,16,2,0,4.947278212978373,6.462372833293459,4.092857896621489,0.2222222222222222,0.0,0.7777777777777778,0.10215846564240878,0.4492066686364743,0
user_9309,2021-04-14 21:42:00,21,10,7,0,1,1,8,14,8,13,8,2,0,5.03864883824215,0.3890737718299545,7.709859874684947,0.3333333333333333,0.0,0.47619047619047616,0.8412245818602733,0.245037721993278,0
user_9310,2021-04-14 21:57:00,26,7,5,1,2,1,17,6,10,8,10,2,0,7.12683739421876,0.12763841656985103,2.1858099621565508,0.19230769230769232,0.2,0.2692307692307692,0.8205131064719073,0.5670998186294212,0
user_9311,2021-04-14 22:12:00,12,13,9,0,2,1,17,20,19,15,19,2,0,9.102827335853293,0.26219766013590606,0.68964613920152,0.75,0.0,1.0833333333333333,0.5087187942693819,0.5091729796740928,0
user_9312,2021-04-14 22:27:00,15,5,4,0,2,1,9,12,15,11,10,2,0,3.692505534269842,4.892567996387544,2.8042935989880826,0.26666666666666666,0.0,0.3333333333333333,0.4165905615215916,0.9003562869226978,0
user_9313,2021-04-14 22:42:00,24,11,7,1,2,1,9,17,15,5,20,2,0,2.067022555315074,6.694905735820647,6.960834957636707,0.2916666666666667,0.14285714285714285,0.4583333333333333,0.7229047966027697,0.8629390579725323,0
user_9314,2021-04-14 22:57:00,23,10,8,1,3,1,19,18,12,13,18,2,0,5.680352434968114,5.053825070970373,3.357328220815741,0.34782608695652173,0.125,0.43478260869565216,0.51227999012621,0.7583895842909587,0
user_9315,2021-04-14 23:12:00,17,11,8,1,0,1,15,10,18,8,19,2,0,0.6159023119637485,6.422934165218093,2.9469085392173455,0.47058823529411764,0.125,0.6470588235294118,0.357722918884262,0.2912459610037399,0
user_9316,2021-04-14 23:27:00,13,9,4,0,1,0,14,6,19,15,17,2,0,9.193144376723989,1.5390229694492747,11.943304013802887,0.3076923076923077,0.0,0.6923076923076923,0.2705125302603857,0.6966552262423523,0
user_9317,2021-04-14 23:42:00,21,11,1,0,1,2,20,20,6,13,14,2,0,9.449242823696247,5.993286923615216,1.6142547180675373,0.047619047619047616,0.0,0.5238095238095238,0.44662790566332045,0.9641626452167851,0
user_9318,2021-04-14 23:57:00,16,9,3,1,0,1,17,10,19,5,11,2,0,7.903859276643752,2.0190814495616514,6.895676517480362,0.1875,0.3333333333333333,0.5625,0.18104364211224605,0.8389062123385929,0
user_9319,2021-04-15 00:12:00,24,4,9,0,4,0,9,13,17,9,6,3,0,8.431153963688176,1.3186442784366954,1.7170108606532495,0.375,0.0,0.16666666666666666,0.3195121541936359,0.5076981345219839,0
user_9320,2021-04-15 00:27:00,14,11,7,0,3,1,10,19,11,16,6,3,0,9.72639288163916,5.483719560905178,3.7108044385329544,0.5,0.0,0.7857142857142857,0.7522896076922959,0.31239704557516723,0
user_9321,2021-04-15 00:42:00,21,10,7,1,3,2,7,8,12,10,18,3,0,5.476385994582757,7.579878325400182,8.247554143453542,0.3333333333333333,0.14285714285714285,0.47619047619047616,0.7946302177486738,0.4751424645732457,0
user_9322,2021-04-15 00:57:00,20,7,3,1,3,1,13,10,11,13,5,3,0,6.151911081699369,7.771098876867723,4.791078218169792,0.15,0.3333333333333333,0.35,0.4085065284210526,0.27887734268281594,0
user_9323,2021-04-15 01:12:00,19,11,5,1,0,0,8,13,12,9,14,3,0,4.119298523987279,7.631454885723109,6.939592281810822,0.2631578947368421,0.2,0.5789473684210527,0.13626243414770114,0.25613984514472243,0
user_9324,2021-04-15 01:27:00,16,11,6,1,4,0,16,15,10,9,6,3,0,6.832402742219151,7.225003352736483,8.38944358212644,0.375,0.16666666666666666,0.6875,0.8143712492445561,0.30606918027812263,0
user_9325,2021-04-15 01:42:00,21,8,6,1,0,1,13,18,8,12,17,3,0,3.016358527037026,3.096426482895808,7.061370687798353,0.2857142857142857,0.16666666666666666,0.38095238095238093,0.9634913783182546,0.28925720272540656,0
user_9326,2021-04-15 01:57:00,16,12,9,1,1,1,11,19,10,20,16,3,0,1.178001486461921,0.680351824812577,4.766896279873636,0.5625,0.1111111111111111,0.75,0.14260940605315117,0.7826228554829513,0
user_9327,2021-04-15 02:12:00,21,7,5,0,1,1,20,20,5,5,15,3,0,5.997410856644975,1.135331273951556,1.642133794641941,0.23809523809523808,0.0,0.3333333333333333,0.1590480523333377,0.2972237943157536,0
user_9328,2021-04-15 02:27:00,21,11,9,0,2,0,20,8,16,6,16,3,0,9.213591980396352,2.9056495295877425,5.306353129101627,0.42857142857142855,0.0,0.5238095238095238,0.2489249520184565,0.5453270912254587,0
user_9329,2021-04-15 02:42:00,17,6,9,1,1,3,6,14,14,20,8,3,0,5.626655542394721,7.485102896429308,8.268554125742765,0.5294117647058824,0.1111111111111111,0.35294117647058826,0.7406230952266079,0.4719760665609223,0
user_9330,2021-04-15 02:57:00,19,13,9,1,1,1,10,11,12,18,19,3,0,7.831531826906034,5.8357856797694225,1.4409865806556819,0.47368421052631576,0.1111111111111111,0.6842105263157895,0.3513391083565396,0.9353420746677531,0
user_9331,2021-04-15 03:12:00,17,7,5,0,3,0,5,9,20,19,17,3,0,1.1739129979737635,0.2809782437408661,5.382976073484248,0.29411764705882354,0.0,0.4117647058823529,0.2536112986043795,0.557457587697873,0
user_9332,2021-04-15 03:27:00,16,15,7,1,1,1,9,16,16,11,14,3,0,5.555212675899153,3.258519960599928,1.0854960754108338,0.4375,0.14285714285714285,0.9375,0.2570162434106736,0.10520340745048068,0
user_9333,2021-04-15 03:42:00,23,9,8,0,2,0,5,7,14,20,13,3,0,1.367729198247214,6.7467964612792235,10.782284870347851,0.34782608695652173,0.0,0.391304347826087,0.2005669146633831,0.55553167291256,0
user_9334,2021-04-15 03:57:00,16,15,8,0,4,0,16,10,19,13,14,3,0,6.824872165022821,2.944101903991756,9.060839885647114,0.5,0.0,0.9375,0.8209812140901385,0.3931320380736577,0
user_9335,2021-04-15 04:12:00,30,9,2,0,2,2,18,7,12,17,15,3,0,9.000850104349347,4.712822471456586,8.456725444445802,0.06666666666666667,0.0,0.3,0.21454189203110427,0.44167916695371656,0
user_9336,2021-04-15 04:27:00,24,9,7,3,1,0,16,14,19,12,14,3,0,7.99504935417431,7.15651985927912,2.69961388937399,0.2916666666666667,0.42857142857142855,0.375,0.3579198664340564,0.31829535852711444,0
user_9337,2021-04-15 04:42:00,13,6,4,0,4,0,17,19,18,18,9,3,0,0.41604338947485675,1.1536299637016258,10.077103283387528,0.3076923076923077,0.0,0.46153846153846156,0.20754536616102692,0.48726569510220163,0
user_9338,2021-04-15 04:57:00,25,8,1,1,1,0,15,18,7,11,13,3,0,3.0177139953747716,0.3296695005120308,1.4132722796823265,0.04,1.0,0.32,0.8681020001886273,0.46281265718210496,0
user_9339,2021-04-15 05:12:00,24,18,8,0,3,1,7,16,20,7,6,3,0,0.793164457537886,5.149419256571451,11.542085025736657,0.3333333333333333,0.0,0.75,0.6492019496666198,0.9997591149574011,0
user_9340,2021-04-15 05:27:00,23,15,10,0,1,2,8,5,12,7,16,3,0,2.1760597049820287,5.376167007156159,6.570011661499918,0.43478260869565216,0.0,0.6521739130434783,0.6319941595759686,0.29866989735266186,0
user_9341,2021-04-15 05:42:00,19,11,7,0,0,0,11,18,13,11,7,3,0,3.0333150133026017,4.138781075900951,8.057070409935424,0.3684210526315789,0.0,0.5789473684210527,0.8037356717461724,0.8502479278850466,0
user_9342,2021-04-15 05:57:00,27,9,10,0,1,0,14,16,17,20,6,3,0,3.833721995361727,3.913555113027201,2.7751096809001528,0.37037037037037035,0.0,0.3333333333333333,0.35455134186644766,0.8418957904776017,0
user_9343,2021-04-15 06:12:00,24,11,9,1,2,0,19,17,7,9,12,3,0,4.371049837210695,4.098397831644267,6.24364998380462,0.375,0.1111111111111111,0.4583333333333333,0.5492959496267852,0.19503141786567152,1
user_9344,2021-04-15 06:27:00,15,11,6,0,1,1,18,20,8,11,16,3,0,0.47549879819364427,1.0498681454390106,4.62606005550866,0.4,0.0,0.7333333333333333,0.7346302571671,0.4179829832572217,0
user_9345,2021-04-15 06:42:00,19,9,2,1,2,0,9,18,10,6,9,3,0,5.456962578510096,1.1679010602332243,11.1144938401221,0.10526315789473684,0.5,0.47368421052631576,0.39353137211112577,0.5308673566559708,0
user_9346,2021-04-15 06:57:00,24,5,4,0,3,0,14,18,10,19,13,3,0,6.297148010924132,7.367494551035753,11.225108392902783,0.16666666666666666,0.0,0.20833333333333334,0.4723753782362219,0.6074858395353163,0
user_9347,2021-04-15 07:12:00,21,10,8,0,2,1,6,13,15,12,11,3,0,4.496556372043567,1.2988483140686136,8.579007401125018,0.38095238095238093,0.0,0.47619047619047616,0.8849766603795922,0.6929840936294943,0
user_9348,2021-04-15 07:27:00,20,8,7,1,1,2,12,18,19,8,19,3,0,6.6271477258714455,5.235471267862035,11.458964618095957,0.35,0.14285714285714285,0.4,0.8322401539897026,0.420994262932317,0
user_9349,2021-04-15 07:42:00,24,5,5,1,2,0,16,16,14,11,14,3,0,8.789216318025618,6.11068257591029,0.6515572010179753,0.20833333333333334,0.2,0.20833333333333334,0.4363989324715656,0.8583766074723508,0
user_9350,2021-04-15 07:57:00,18,9,10,2,3,2,19,10,13,15,12,3,0,4.383343907778353,1.3486551672424687,9.933530527224512,0.5555555555555556,0.2,0.5,0.430644411940603,0.6284507678351775,0
user_9351,2021-04-15 08:12:00,23,12,8,0,4,0,5,10,5,17,11,3,0,6.504259448336275,5.191510683019038,0.8913577471565842,0.34782608695652173,0.0,0.5217391304347826,0.8752604073765822,0.6681100644853737,0
user_9352,2021-04-15 08:27:00,21,11,7,0,0,0,17,12,20,5,8,3,0,0.9987323009627204,1.8719085407101097,4.149590876215537,0.3333333333333333,0.0,0.5238095238095238,0.630531078128456,0.4099708767362237,0
user_9353,2021-04-15 08:42:00,29,12,3,2,4,0,17,12,6,12,5,3,0,0.44517324227103705,4.397708368823065,3.335490148433481,0.10344827586206896,0.6666666666666666,0.41379310344827586,0.5891806552588378,0.5987166816123395,0
user_9354,2021-04-15 08:57:00,24,12,8,1,1,1,6,8,5,20,20,3,0,7.617337227536417,0.42238170109438256,0.554768498087173,0.3333333333333333,0.125,0.5,0.8934455318202685,0.6931900708782465,0
user_9355,2021-04-15 09:12:00,23,13,4,1,3,0,16,9,6,17,13,3,0,5.53229776290439,3.940220947985268,9.705800595161984,0.17391304347826086,0.25,0.5652173913043478,0.48228950757192834,0.6417032404405565,0
user_9356,2021-04-15 09:27:00,17,10,4,2,2,0,6,17,19,12,17,3,0,2.9499171709797447,0.3947279173876411,2.6604461675694058,0.23529411764705882,0.5,0.5882352941176471,0.9326037881993848,0.9234049219813107,0
user_9357,2021-04-15 09:42:00,13,13,6,0,3,2,15,19,15,13,10,3,0,4.467446316666405,0.24459383007173435,6.545830393626053,0.46153846153846156,0.0,1.0,0.7054837358611125,0.694065467604677,0
user_9358,2021-04-15 09:57:00,20,9,3,0,2,0,8,6,9,12,11,3,0,4.892450868421679,4.827721931567758,6.982986113725661,0.15,0.0,0.45,0.8493286948676302,0.1189717434593188,0
user_9359,2021-04-15 10:12:00,25,10,8,0,1,0,13,13,15,14,12,3,0,3.7670767702965255,2.066353450203593,8.505315011899336,0.32,0.0,0.4,0.2201319599889155,0.27502293372302844,0
user_9360,2021-04-15 10:27:00,21,13,9,1,1,0,19,8,5,15,11,3,0,5.518157746523438,1.1316518711288919,11.462531244509826,0.42857142857142855,0.1111111111111111,0.6190476190476191,0.899682722170914,0.3873683257813728,0
user_9361,2021-04-15 10:42:00,24,8,6,0,2,1,10,16,7,9,8,3,0,4.976478078263161,1.1329380437737115,5.036860773369876,0.25,0.0,0.3333333333333333,0.15406713642375358,0.46582779984764056,0
user_9362,2021-04-15 10:57:00,17,7,8,1,2,0,5,6,6,12,14,3,0,6.405304467001685,6.75818469662819,11.796320037915997,0.47058823529411764,0.125,0.4117647058823529,0.8672466175953394,0.16267662309743408,0
user_9363,2021-04-15 11:12:00,21,11,5,1,1,0,6,9,16,12,13,3,0,6.188505237502688,1.9511118324480277,8.257014275412434,0.23809523809523808,0.2,0.5238095238095238,0.5352999640926343,0.8954146959446814,0
user_9364,2021-04-15 11:27:00,21,6,5,0,1,0,11,12,19,16,16,3,0,8.527835480098956,3.8245239762524275,2.0786860299807532,0.23809523809523808,0.0,0.2857142857142857,0.13393119906260328,0.6481282644987485,1
user_9365,2021-04-15 11:42:00,25,10,5,2,3,0,11,9,15,19,12,3,0,9.443240460432078,7.694126858354546,8.206718327754313,0.2,0.4,0.4,0.10221883635933043,0.49051399830380327,1
user_9366,2021-04-15 11:57:00,18,7,6,2,5,0,6,8,20,5,20,3,0,8.748394167339697,4.318245016368895,9.546219941587772,0.3333333333333333,0.3333333333333333,0.3888888888888889,0.4202262102626094,0.9132607071269333,0
user_9367,2021-04-15 12:12:00,23,7,5,0,3,0,13,11,20,11,14,3,0,1.115866600325527,4.349821977048276,2.0086919639195457,0.21739130434782608,0.0,0.30434782608695654,0.3336736342990462,0.17277074504658274,0
user_9368,2021-04-15 12:27:00,22,6,9,0,1,0,18,12,18,16,11,3,0,3.662285823792593,1.202064144739914,3.9109373672244416,0.4090909090909091,0.0,0.2727272727272727,0.8332140918290597,0.1302396538130308,0
user_9369,2021-04-15 12:42:00,17,18,4,0,1,0,14,18,17,20,16,3,0,3.60955806089628,1.6605675209250574,8.18151545963153,0.23529411764705882,0.0,1.0588235294117647,0.4450040430480571,0.7358109321921031,0
user_9370,2021-04-15 12:57:00,16,8,5,0,4,0,14,15,7,13,10,3,0,1.3801927252300172,2.8677253302399506,0.7713640324369055,0.3125,0.0,0.5,0.6451127763769007,0.1837699735065682,0
user_9371,2021-04-15 13:12:00,14,14,7,2,1,0,5,14,19,20,13,3,0,4.959603158895528,5.842452143761586,4.357921542109491,0.5,0.2857142857142857,1.0,0.32120311841682947,0.9082853905218761,0
user_9372,2021-04-15 13:27:00,30,7,8,0,2,0,15,8,18,18,11,3,0,0.5247824775460572,2.257169346706922,6.470756547110612,0.26666666666666666,0.0,0.23333333333333334,0.47026429233252787,0.6550240102693797,0
user_9373,2021-04-15 13:42:00,22,12,2,0,4,2,7,6,6,15,11,3,0,8.92147602922599,7.643612515529053,5.326860755932376,0.09090909090909091,0.0,0.5454545454545454,0.8209192941720532,0.7465864391574057,0
user_9374,2021-04-15 13:57:00,19,13,12,1,0,0,11,10,19,12,7,3,0,1.444308266180574,3.2327150337944155,5.417103156570939,0.631578947368421,0.08333333333333333,0.6842105263157895,0.5404953503156995,0.2206965466998912,1
user_9375,2021-04-15 14:12:00,27,9,6,1,2,0,11,16,9,19,9,3,0,8.457502786033942,5.338624519474192,0.918754193252782,0.2222222222222222,0.16666666666666666,0.3333333333333333,0.19879147679503967,0.5762191189193926,0
user_9376,2021-04-15 14:27:00,17,13,2,0,3,1,20,6,19,17,20,3,0,9.0069730138184,2.9092215381396254,1.8786470674693,0.11764705882352941,0.0,0.7647058823529411,0.32412294688148247,0.4702480839586498,0
user_9377,2021-04-15 14:42:00,20,8,3,0,3,1,12,9,14,12,11,3,0,4.928647106094218,5.498186432448828,4.157974330261595,0.15,0.0,0.4,0.8739699128509709,0.15302221992885018,0
user_9378,2021-04-15 14:57:00,16,13,10,1,2,0,16,17,5,16,17,3,0,3.2247717820320903,4.782002448596258,2.2487897236786565,0.625,0.1,0.8125,0.47447701740154535,0.2724990258327898,0
user_9379,2021-04-15 15:12:00,19,12,14,0,4,2,7,7,17,11,6,3,0,8.54111693638855,2.723718564341516,4.177564570743854,0.7368421052631579,0.0,0.631578947368421,0.1315129059162982,0.7871790244988779,0
user_9380,2021-04-15 15:27:00,21,7,5,0,1,0,11,12,19,12,6,3,0,9.622500713979527,4.902098161634371,1.241446078879318,0.23809523809523808,0.0,0.3333333333333333,0.8390925348684656,0.5266312567117392,0
user_9381,2021-04-15 15:42:00,21,9,6,1,2,1,8,11,13,8,20,3,0,6.172748321782225,4.48453959937491,8.185160104013255,0.2857142857142857,0.16666666666666666,0.42857142857142855,0.5433779412914825,0.6096357710816147,0
user_9382,2021-04-15 15:57:00,20,7,6,0,3,1,17,8,18,19,15,3,0,8.732392174617756,5.452363278712036,7.980597548739717,0.3,0.0,0.35,0.7279593128140813,0.15220287352298642,1
user_9383,2021-04-15 16:12:00,12,14,8,0,1,0,20,13,14,20,5,3,0,9.371981176439263,6.51232573181551,8.46232002638721,0.6666666666666666,0.0,1.1666666666666667,0.2577527473712286,0.2174653596199265,0
user_9384,2021-04-15 16:27:00,14,12,12,0,4,0,12,13,19,20,12,3,0,0.2016768383888372,0.7857904764694797,0.9510334328616725,0.8571428571428571,0.0,0.8571428571428571,0.28294600087145116,0.15302259464651508,1
user_9385,2021-04-15 16:42:00,14,8,3,0,2,0,12,7,9,17,20,3,0,1.9230911706201361,6.17079848219237,5.061109212115173,0.21428571428571427,0.0,0.5714285714285714,0.7818076507105091,0.2789819879788936,0
user_9386,2021-04-15 16:57:00,24,12,5,2,1,1,18,5,9,15,17,3,0,3.5682784385889526,0.3933972073831785,10.754525701965882,0.20833333333333334,0.4,0.5,0.20191857660325027,0.5087780341009578,0
user_9387,2021-04-15 17:12:00,22,7,5,1,1,0,20,11,16,19,5,3,0,3.2126829316390038,1.533960247314271,4.352345583202631,0.22727272727272727,0.2,0.3181818181818182,0.535891457809528,0.5623006071971317,0
user_9388,2021-04-15 17:27:00,26,9,6,1,3,0,19,8,19,11,11,3,0,7.6577448905131975,7.179022240188045,10.320199569428265,0.23076923076923078,0.16666666666666666,0.34615384615384615,0.37958362465950324,0.3796385397775237,0
user_9389,2021-04-15 17:42:00,18,4,6,0,3,0,16,10,12,10,16,3,0,5.456893589174163,3.095247853718427,4.445042237025071,0.3333333333333333,0.0,0.2222222222222222,0.7674299078313893,0.3118051311994764,0
user_9390,2021-04-15 17:57:00,27,10,7,2,1,0,19,18,6,16,6,3,0,4.500783740067672,0.4974735347664818,8.906139265513895,0.25925925925925924,0.2857142857142857,0.37037037037037035,0.8711856931997343,0.8086264817190703,0
user_9391,2021-04-15 18:12:00,24,5,8,1,2,1,15,5,11,9,8,3,0,6.979789275522523,7.403507445395651,9.380183354622826,0.3333333333333333,0.125,0.20833333333333334,0.5683773936761459,0.5256859762320866,0
user_9392,2021-04-15 18:27:00,21,7,5,1,0,0,9,10,13,15,20,3,0,4.371705289867532,3.036067020673709,11.146582599995382,0.23809523809523808,0.2,0.3333333333333333,0.12898056517944537,0.5024631165499842,0
user_9393,2021-04-15 18:42:00,21,12,3,1,3,0,18,20,5,8,17,3,0,9.756688794776572,4.716143552798868,1.5591597042060072,0.14285714285714285,0.3333333333333333,0.5714285714285714,0.20440399457211778,0.9503761874353246,0
user_9394,2021-04-15 18:57:00,29,12,1,1,2,3,19,14,10,12,17,3,0,7.662833057994662,1.4649397291701214,2.9390964512555775,0.034482758620689655,1.0,0.41379310344827586,0.20622282975511808,0.14847410533096908,0
user_9395,2021-04-15 19:12:00,19,9,4,0,2,2,5,9,17,14,13,3,0,8.966049150657504,3.920277370407632,7.1493159304257805,0.21052631578947367,0.0,0.47368421052631576,0.3852294846210388,0.45095558674445024,0
user_9396,2021-04-15 19:27:00,21,11,6,0,0,1,5,5,10,18,6,3,0,2.1663229916621765,2.995697371372813,1.8538567380964532,0.2857142857142857,0.0,0.5238095238095238,0.4117548710963771,0.7097862434617269,0
user_9397,2021-04-15 19:42:00,22,7,6,0,3,0,11,5,14,7,7,3,0,3.729190196184907,0.7550113770537624,5.8972512477525845,0.2727272727272727,0.0,0.3181818181818182,0.8351768186131746,0.832243468480009,0
user_9398,2021-04-15 19:57:00,18,8,8,1,3,1,5,5,6,14,17,3,0,7.1545888144506025,4.48387815530845,2.5532912700516874,0.4444444444444444,0.125,0.4444444444444444,0.6376129921346794,0.5296507056854407,0
user_9399,2021-04-15 20:12:00,26,12,3,1,3,0,11,18,6,16,16,3,0,2.4198080154952,7.280095941230872,3.324228599625273,0.11538461538461539,0.3333333333333333,0.46153846153846156,0.46971203593916433,0.684356354319676,0
user_9400,2021-04-15 20:27:00,14,6,6,1,2,0,12,20,15,13,18,3,0,6.443353651001362,5.437959155186952,1.5452650402079917,0.42857142857142855,0.16666666666666666,0.42857142857142855,0.5438786042480546,0.9742403735197765,0
user_9401,2021-04-15 20:42:00,18,8,6,1,5,2,10,5,12,6,5,3,0,2.558004928626695,7.810360315678727,11.305308435924008,0.3333333333333333,0.16666666666666666,0.4444444444444444,0.13273136696541007,0.6405726951771711,0
user_9402,2021-04-15 20:57:00,16,16,7,0,2,0,18,16,13,15,19,3,0,0.49540503423994653,6.929499179436119,2.812325792323058,0.4375,0.0,1.0,0.9642176395851073,0.5786924787140647,0
user_9403,2021-04-15 21:12:00,21,11,6,0,2,1,11,6,7,12,20,3,0,2.0160109294739637,7.574836407476533,2.863129978804602,0.2857142857142857,0.0,0.5238095238095238,0.48287456667426043,0.8810522462318678,0
user_9404,2021-04-15 21:27:00,19,14,7,0,0,0,9,5,7,7,14,3,0,5.353084991784541,6.220900231142408,7.9483723536040385,0.3684210526315789,0.0,0.7368421052631579,0.28109517817182345,0.6189870251366597,0
user_9405,2021-04-15 21:42:00,14,8,7,0,3,0,18,9,7,10,7,3,0,3.779774625377203,5.058602920642625,9.245737211485219,0.5,0.0,0.5714285714285714,0.10342519994641888,0.7669675386910778,1
user_9406,2021-04-15 21:57:00,17,8,4,1,3,3,12,9,7,9,20,3,0,0.8992829269135391,1.3261315195721988,5.842659536440548,0.23529411764705882,0.25,0.47058823529411764,0.7859110351525561,0.34027001331194806,1
user_9407,2021-04-15 22:12:00,21,7,2,3,3,1,7,10,17,15,10,3,0,3.8426859597206864,2.3107565183386334,10.509857778244962,0.09523809523809523,1.5,0.3333333333333333,0.9154672604174756,0.575973830909266,0
user_9408,2021-04-15 22:27:00,15,10,3,2,3,0,8,6,19,7,15,3,0,8.160801116599595,4.084349718769905,9.47634782145469,0.2,0.6666666666666666,0.6666666666666666,0.61695390372676,0.8796117240870093,0
user_9409,2021-04-15 22:42:00,23,5,8,2,2,0,6,10,13,7,20,3,0,6.553599448964982,6.274687371412782,5.738313619650458,0.34782608695652173,0.25,0.21739130434782608,0.4347192522554969,0.5110799914273942,0
user_9410,2021-04-15 22:57:00,12,6,6,2,1,1,9,8,13,20,7,3,0,2.9502434020054857,1.6074771386499016,10.221901058620738,0.5,0.3333333333333333,0.5,0.985800192848556,0.7575983430852572,0
user_9411,2021-04-15 23:12:00,22,11,6,0,4,0,17,13,9,17,17,3,0,6.247375052541642,3.8312485886889447,6.80491490608208,0.2727272727272727,0.0,0.5,0.6916787496792307,0.2175927899326362,1
user_9412,2021-04-15 23:27:00,17,6,2,0,2,1,16,7,19,20,11,3,0,0.20967686755808856,3.326309210012411,1.9348642591550165,0.11764705882352941,0.0,0.35294117647058826,0.9663527087517664,0.910449321074045,0
user_9413,2021-04-15 23:42:00,21,13,6,0,2,1,8,10,6,7,9,3,0,3.918118114247259,7.591571435314748,8.428888520009668,0.2857142857142857,0.0,0.6190476190476191,0.25221604329451974,0.3716274579396406,0
user_9414,2021-04-15 23:57:00,15,9,3,0,2,0,16,11,12,7,9,3,0,4.439248285760779,3.9536838767012825,5.65381149354339,0.2,0.0,0.6,0.7765049150084988,0.239821257966258,0
user_9415,2021-04-16 00:12:00,17,6,9,0,1,0,8,20,5,10,9,4,0,7.144927866117674,0.6134450778679172,6.802685244170748,0.5294117647058824,0.0,0.35294117647058826,0.39619018909240733,0.41576811508180644,0
user_9416,2021-04-16 00:27:00,15,6,13,1,0,1,6,9,8,9,14,4,0,4.283555643750336,1.101953207116682,10.317274873616356,0.8666666666666667,0.07692307692307693,0.4,0.5827448099404678,0.6027387689791625,0
user_9417,2021-04-16 00:42:00,19,7,7,0,3,0,8,7,19,20,14,4,0,6.0348459487756605,0.9325626202083211,4.286580253294218,0.3684210526315789,0.0,0.3684210526315789,0.7927364900787112,0.9677538166320141,0
user_9418,2021-04-16 00:57:00,17,4,3,0,1,0,17,15,8,5,18,4,0,3.9563289551378626,1.931056894155219,7.505990894350846,0.17647058823529413,0.0,0.23529411764705882,0.3543352668613753,0.6127959989568741,0
user_9419,2021-04-16 01:12:00,27,9,6,0,3,2,6,18,12,20,10,4,0,3.80939432231752,4.300326626423046,7.727865814817904,0.2222222222222222,0.0,0.3333333333333333,0.4956825765549281,0.8910620626263687,0
user_9420,2021-04-16 01:27:00,15,9,7,1,2,0,15,10,13,11,5,4,0,6.229173875262887,4.066524582065176,3.190844407213559,0.4666666666666667,0.14285714285714285,0.6,0.2194917219080405,0.2413616158885411,0
user_9421,2021-04-16 01:42:00,14,7,4,1,4,2,19,19,10,11,12,4,0,8.679355509532474,1.5904040356565787,9.1676904082616,0.2857142857142857,0.25,0.5,0.3471127396102775,0.6430079344020281,0
user_9422,2021-04-16 01:57:00,21,9,7,1,2,0,11,11,16,13,17,4,0,7.906111314372127,2.547972052389377,5.000385134383696,0.3333333333333333,0.14285714285714285,0.42857142857142855,0.28284247686918884,0.7986945820819722,1
user_9423,2021-04-16 02:12:00,25,5,9,1,2,0,7,16,14,17,19,4,0,5.259751733395564,3.1763345134982917,5.7770922370206845,0.36,0.1111111111111111,0.2,0.24295908288105364,0.708716137712387,0
user_9424,2021-04-16 02:27:00,21,6,7,1,2,0,7,14,10,15,11,4,0,8.31943100108721,6.818352811562183,4.023168627961745,0.3333333333333333,0.14285714285714285,0.2857142857142857,0.30381144546805533,0.9823768926541105,0
user_9425,2021-04-16 02:42:00,22,7,3,0,0,1,13,8,10,11,19,4,0,3.112779862958298,4.524330722781976,3.288390978044431,0.13636363636363635,0.0,0.3181818181818182,0.14148624508306595,0.6450110019665359,0
user_9426,2021-04-16 02:57:00,15,12,3,1,1,1,5,9,16,10,15,4,0,6.726730280603439,3.9871139743444086,9.716324452370039,0.2,0.3333333333333333,0.8,0.42446511579391,0.7445428184134406,0
user_9427,2021-04-16 03:12:00,29,7,12,1,3,0,8,9,20,9,15,4,0,4.766733641360959,1.5237264283586347,4.3329938410655435,0.41379310344827586,0.08333333333333333,0.2413793103448276,0.8421275881493704,0.5598394099308448,1
user_9428,2021-04-16 03:27:00,18,10,7,2,0,0,12,17,18,14,9,4,0,3.4973009023332455,7.407737796367582,10.121050862707305,0.3888888888888889,0.2857142857142857,0.5555555555555556,0.6108799173090216,0.5180110546143202,0
user_9429,2021-04-16 03:42:00,23,5,8,0,5,2,6,11,5,17,19,4,0,8.823657878569271,0.11929712059265013,10.526703963317662,0.34782608695652173,0.0,0.21739130434782608,0.9086584860803282,0.44561905878829555,0
user_9430,2021-04-16 03:57:00,20,11,6,0,0,0,17,6,20,8,16,4,0,6.5982248443063485,2.011197704166208,0.7617742127641662,0.3,0.0,0.55,0.20139442293715049,0.35400551346649467,1
user_9431,2021-04-16 04:12:00,22,14,8,1,1,2,14,20,10,16,11,4,0,5.56028200335435,0.5781634334075457,4.434366681548965,0.36363636363636365,0.125,0.6363636363636364,0.6062158127215711,0.8259319086501032,0
user_9432,2021-04-16 04:27:00,13,12,4,0,3,0,18,17,6,13,15,4,0,2.152221103198022,4.178198788277682,8.36916843047178,0.3076923076923077,0.0,0.9230769230769231,0.587003687408836,0.5619102047915345,0
user_9433,2021-04-16 04:42:00,26,12,8,0,1,0,15,5,15,10,11,4,0,5.58918628952121,4.263599739084543,2.6904727519409852,0.3076923076923077,0.0,0.46153846153846156,0.24338574472677066,0.6549105779463843,0
user_9434,2021-04-16 04:57:00,18,8,6,1,3,2,10,8,9,11,15,4,0,0.7537838418213865,0.9900064578413278,4.7609235107017565,0.3333333333333333,0.16666666666666666,0.4444444444444444,0.6600483920681933,0.9105528324458124,0
user_9435,2021-04-16 05:12:00,20,11,6,2,4,2,16,5,17,11,19,4,0,9.138011873691216,6.151701511802422,9.610292345783975,0.3,0.3333333333333333,0.55,0.17648857455056483,0.5387737024457485,0
user_9436,2021-04-16 05:27:00,17,13,6,0,1,0,12,11,15,20,5,4,0,0.5216462278744531,3.990224333333852,6.317767095311047,0.35294117647058826,0.0,0.7647058823529411,0.2915679893916573,0.8797527203807903,0
user_9437,2021-04-16 05:42:00,25,12,7,1,4,1,8,10,11,10,13,4,0,1.1769914761152593,4.0679512749153615,1.4343941880971283,0.28,0.14285714285714285,0.48,0.3956860145573412,0.435150022458466,0
user_9438,2021-04-16 05:57:00,23,11,6,0,1,1,7,10,19,17,9,4,0,5.4168004566571435,1.2836364887574914,9.209495688242672,0.2608695652173913,0.0,0.4782608695652174,0.3839709540399402,0.6921309774262996,0
user_9439,2021-04-16 06:12:00,28,10,3,1,4,1,5,8,16,13,11,4,0,2.861342127566579,3.61634062073985,9.964682240292705,0.10714285714285714,0.3333333333333333,0.35714285714285715,0.9392872708322275,0.8526030546426845,1
user_9440,2021-04-16 06:27:00,19,9,8,1,1,0,10,16,17,18,17,4,0,1.6675938586007084,7.0915599895230805,8.918399890775584,0.42105263157894735,0.125,0.47368421052631576,0.13411556633576047,0.14169049399183178,0
user_9441,2021-04-16 06:42:00,21,7,0,3,3,0,6,11,11,18,15,4,0,8.593514724372532,3.4815141252699124,4.2139485707079505,0.0,0.0,0.3333333333333333,0.4058635135612566,0.988350170725304,0
user_9442,2021-04-16 06:57:00,18,6,12,1,1,1,9,18,7,11,11,4,0,6.907481839494047,6.124135018189314,4.37290328831515,0.6666666666666666,0.08333333333333333,0.3333333333333333,0.7721838068233254,0.7222715927566008,0
user_9443,2021-04-16 07:12:00,17,7,7,2,1,0,17,18,12,13,10,4,0,8.820786925890976,7.865982851818033,11.53968405887013,0.4117647058823529,0.2857142857142857,0.4117647058823529,0.458076479508591,0.6332360777874587,0
user_9444,2021-04-16 07:27:00,20,11,1,2,4,1,17,12,20,6,11,4,0,1.7817895725982469,7.770887292927531,3.0119578935029674,0.05,2.0,0.55,0.286724080968389,0.9570692231873917,0
user_9445,2021-04-16 07:42:00,22,13,5,1,0,0,15,10,20,6,12,4,0,6.941428367117357,4.351554089242394,11.334111598517667,0.22727272727272727,0.2,0.5909090909090909,0.9716719641353772,0.5282727083078762,0
user_9446,2021-04-16 07:57:00,13,9,2,1,1,0,19,5,16,11,19,4,0,1.5046695624487265,4.0316139455175435,7.193520989849425,0.15384615384615385,0.5,0.6923076923076923,0.8667284246001971,0.31624149081351005,0
user_9447,2021-04-16 08:12:00,20,8,10,1,1,1,13,12,17,6,5,4,0,6.311968957101877,7.297591989264183,10.51865693117253,0.5,0.1,0.4,0.11837034352959602,0.9277067188246191,0
user_9448,2021-04-16 08:27:00,16,11,3,0,2,1,18,7,18,20,5,4,0,7.2666821551497245,7.881735131512129,7.6032669323808,0.1875,0.0,0.6875,0.9839308409553108,0.2612668732633311,0
user_9449,2021-04-16 08:42:00,26,8,6,1,1,1,11,14,14,18,10,4,0,2.3060586605331963,6.4365326851999995,2.392381862399538,0.23076923076923078,0.16666666666666666,0.3076923076923077,0.6428710963786048,0.37383887346255984,0
user_9450,2021-04-16 08:57:00,25,11,12,1,4,1,16,6,9,11,15,4,0,2.5503701888943984,4.3746918845466345,10.519699449789401,0.48,0.08333333333333333,0.44,0.38033463193232175,0.5792880981285792,0
user_9451,2021-04-16 09:12:00,22,13,7,1,5,0,15,9,18,13,15,4,0,0.9648085057854178,0.12378730375660864,5.150205315707329,0.3181818181818182,0.14285714285714285,0.5909090909090909,0.38707536447867363,0.6886829674680666,0
user_9452,2021-04-16 09:27:00,27,12,7,1,3,1,10,20,19,16,14,4,0,6.620953829945956,3.2348808232122543,2.779173244354557,0.25925925925925924,0.14285714285714285,0.4444444444444444,0.6818077700809302,0.9455917777470882,0
user_9453,2021-04-16 09:42:00,22,13,3,1,2,2,18,16,5,19,10,4,0,1.5386365039193122,2.9607288309531006,9.584290455521963,0.13636363636363635,0.3333333333333333,0.5909090909090909,0.9042018676433896,0.20802278899761778,0
user_9454,2021-04-16 09:57:00,14,4,8,1,2,0,5,12,6,6,19,4,0,9.12705825605454,4.1340459430213645,8.789249472719488,0.5714285714285714,0.125,0.2857142857142857,0.34779666936269155,0.4789158795121087,0
user_9455,2021-04-16 10:12:00,16,5,4,0,2,0,14,19,13,18,12,4,0,7.364069847224871,4.540376531135552,8.194972541517016,0.25,0.0,0.3125,0.3261074500869907,0.9593200258050932,0
user_9456,2021-04-16 10:27:00,20,9,5,0,1,0,7,19,12,5,7,4,0,4.578367059426815,2.946214428937589,6.877542194996404,0.25,0.0,0.45,0.1258969526075911,0.5584920148531173,0
user_9457,2021-04-16 10:42:00,22,7,8,1,3,1,19,16,13,7,20,4,0,3.750229615939341,2.842911361342568,1.1472758678860708,0.36363636363636365,0.125,0.3181818181818182,0.8538758717425036,0.9624538651589979,0
user_9458,2021-04-16 10:57:00,25,12,8,0,4,0,13,16,16,14,8,4,0,3.2365991429564596,0.566913626646397,5.382006408967973,0.32,0.0,0.48,0.3511413060292494,0.6892949599637161,0
user_9459,2021-04-16 11:12:00,19,16,5,1,2,1,8,19,18,20,5,4,0,9.201457631868989,0.5653909086404905,7.71025242122664,0.2631578947368421,0.2,0.8421052631578947,0.24079403217916315,0.17144079142937793,0
user_9460,2021-04-16 11:27:00,20,12,5,0,0,1,11,14,20,7,15,4,0,2.221285372934979,7.406850607886271,4.079791218692886,0.25,0.0,0.6,0.9902585876774084,0.25285271902446965,0
user_9461,2021-04-16 11:42:00,13,15,4,1,3,1,15,6,8,18,16,4,0,8.99503497538622,1.791121790149219,5.782871422214512,0.3076923076923077,0.25,1.1538461538461537,0.8771194337815669,0.3315645920749122,0
user_9462,2021-04-16 11:57:00,16,9,4,0,1,0,6,12,8,7,17,4,0,9.669348618911998,0.6946978359191973,9.526100323585329,0.25,0.0,0.5625,0.35075525614578007,0.8731734133649431,0
user_9463,2021-04-16 12:12:00,18,9,3,0,1,0,9,19,18,10,14,4,0,3.79110377276515,7.532386922322252,4.248926757028651,0.16666666666666666,0.0,0.5,0.9195677441598866,0.4220604421503178,0
user_9464,2021-04-16 12:27:00,23,10,2,0,2,1,10,11,13,16,18,4,0,9.150480116136583,3.966575688297726,8.114819967376807,0.08695652173913043,0.0,0.43478260869565216,0.8700243169638058,0.25338968135618517,0
user_9465,2021-04-16 12:42:00,12,16,7,0,3,1,15,7,16,7,19,4,0,8.153746935931029,4.524504392986264,10.318083325296994,0.5833333333333334,0.0,1.3333333333333333,0.5242341369535224,0.40763832857397586,0
user_9466,2021-04-16 12:57:00,17,7,11,1,4,0,5,16,9,11,11,4,0,9.123613301784994,4.176293371280826,7.887364042087947,0.6470588235294118,0.09090909090909091,0.4117647058823529,0.224426120322203,0.30955994719458163,0
user_9467,2021-04-16 13:12:00,26,5,5,0,1,1,8,19,9,19,10,4,0,3.7089287793822607,4.224263389164047,9.182751767647758,0.19230769230769232,0.0,0.19230769230769232,0.8930897898624168,0.16290199480414128,0
user_9468,2021-04-16 13:27:00,25,7,7,1,4,0,13,13,6,14,12,4,0,4.739027510501862,3.5175547174747885,10.112782687388632,0.28,0.14285714285714285,0.28,0.31790291521590414,0.4243173262530724,0
user_9469,2021-04-16 13:42:00,16,7,3,2,0,0,15,19,18,12,8,4,0,9.282920638737505,7.713605602134013,0.7037577601550717,0.1875,0.6666666666666666,0.4375,0.6580686379395411,0.66474930670392,0
user_9470,2021-04-16 13:57:00,18,11,7,2,2,0,17,20,13,18,6,4,0,9.136616233789468,3.0941270021416556,6.425939864351319,0.3888888888888889,0.2857142857142857,0.6111111111111112,0.3009613744551621,0.35127861052031295,0
user_9471,2021-04-16 14:12:00,21,10,8,2,0,2,5,15,16,7,16,4,0,9.866003772802072,1.0597247010930444,4.502083893680504,0.38095238095238093,0.25,0.47619047619047616,0.33599150290393537,0.8383384515149606,0
user_9472,2021-04-16 14:27:00,23,10,6,1,3,0,13,20,7,15,13,4,0,1.662931895597663,3.3774347286160995,9.58574000875643,0.2608695652173913,0.16666666666666666,0.43478260869565216,0.1721657831146461,0.5485377729935641,0
user_9473,2021-04-16 14:42:00,16,17,8,0,1,0,6,17,13,19,5,4,0,9.67967602423649,7.636592308251841,1.4673097486843298,0.5,0.0,1.0625,0.9407664621754962,0.9359679056996952,0
user_9474,2021-04-16 14:57:00,20,9,7,1,2,1,8,15,9,14,13,4,0,4.260020520434063,4.707891880535123,3.327966744061616,0.35,0.14285714285714285,0.45,0.21960573412365456,0.9150243922376169,0
user_9475,2021-04-16 15:12:00,20,12,8,1,3,1,20,8,8,14,12,4,0,4.46005792578474,6.1829741188855705,10.479749333053688,0.4,0.125,0.6,0.3785605559336982,0.868762721820133,0
user_9476,2021-04-16 15:27:00,12,5,6,1,2,0,6,11,9,18,7,4,0,3.5575243198354616,3.4456563834039264,3.411504077162431,0.5,0.16666666666666666,0.4166666666666667,0.24222224826160385,0.35146834172298713,0
user_9477,2021-04-16 15:42:00,14,10,3,0,1,2,10,15,7,15,6,4,0,4.391837958741148,3.9779546907237715,4.813943990868491,0.21428571428571427,0.0,0.7142857142857143,0.5782891247063158,0.6855638580317944,0
user_9478,2021-04-16 15:57:00,21,5,5,2,1,1,17,9,7,8,17,4,0,8.220240999344469,2.6355797964900587,4.04453100554715,0.23809523809523808,0.4,0.23809523809523808,0.11747769193321372,0.4531874503812402,0
user_9479,2021-04-16 16:12:00,24,16,6,0,2,0,20,5,13,13,6,4,0,8.598716641936626,6.975711750609619,4.885712146225076,0.25,0.0,0.6666666666666666,0.9510948503676641,0.9052141722123231,0
user_9480,2021-04-16 16:27:00,20,14,5,0,3,2,10,18,17,17,15,4,0,0.40783769167385464,2.089293191697442,3.69003568385136,0.25,0.0,0.7,0.3244438091937929,0.13165872301226694,0
user_9481,2021-04-16 16:42:00,19,11,2,0,0,1,6,16,8,13,7,4,0,3.842951792311772,0.5988776336501243,3.6387715564454486,0.10526315789473684,0.0,0.5789473684210527,0.7632399677281168,0.9065632585913548,0
user_9482,2021-04-16 16:57:00,22,10,2,1,3,1,20,9,18,9,13,4,0,8.462006228694516,5.700299319403722,3.2776513772293163,0.09090909090909091,0.5,0.45454545454545453,0.5507154626704864,0.41202563226654976,1
user_9483,2021-04-16 17:12:00,16,9,9,0,2,0,18,7,7,13,7,4,0,2.9483789547852703,7.47143933416229,11.747598106358671,0.5625,0.0,0.5625,0.6122541157499232,0.8992906428396957,0
user_9484,2021-04-16 17:27:00,16,10,4,0,2,1,9,10,6,8,12,4,0,3.2380892952385016,5.989553139875199,4.676579499929212,0.25,0.0,0.625,0.4312518750340033,0.7529809276248098,0
user_9485,2021-04-16 17:42:00,15,8,4,1,2,1,13,10,8,7,11,4,0,9.82671049146441,3.28294342385098,5.965175468906847,0.26666666666666666,0.25,0.5333333333333333,0.8006683039157949,0.913077104945209,0
user_9486,2021-04-16 17:57:00,21,9,7,0,3,0,7,20,6,6,7,4,0,9.418473163799401,3.642054453844097,6.778026027861262,0.3333333333333333,0.0,0.42857142857142855,0.9598589408947058,0.12799548838170383,0
user_9487,2021-04-16 18:12:00,21,10,6,0,5,1,10,11,8,8,16,4,0,9.346454363338877,3.327826982625916,9.038000771883883,0.2857142857142857,0.0,0.47619047619047616,0.17954570443966905,0.11736674260602374,0
user_9488,2021-04-16 18:27:00,20,9,11,2,2,1,18,19,11,19,17,4,0,4.410814863534515,0.6943558408310502,2.567050592172366,0.55,0.18181818181818182,0.45,0.5809500851068393,0.6625178646567237,0
user_9489,2021-04-16 18:42:00,19,13,7,0,3,0,18,16,16,9,14,4,0,6.489070163237404,6.381514244302563,8.349629644927212,0.3684210526315789,0.0,0.6842105263157895,0.13162179076653568,0.28692912188954267,0
user_9490,2021-04-16 18:57:00,19,13,8,0,3,1,17,8,6,11,20,4,0,5.263952856644809,3.0149751500593482,5.038060813955363,0.42105263157894735,0.0,0.6842105263157895,0.968393680642464,0.8554245621692035,0
user_9491,2021-04-16 19:12:00,19,13,5,0,1,0,8,6,13,6,8,4,0,4.642327032955745,0.5411842075676432,11.800696235300189,0.2631578947368421,0.0,0.6842105263157895,0.11075455179843775,0.9896068584238745,0
user_9492,2021-04-16 19:27:00,22,10,10,1,2,0,5,13,13,18,8,4,0,9.420068083890639,3.7611629848094017,5.639785523385191,0.45454545454545453,0.1,0.45454545454545453,0.12918133692357728,0.5188380025735964,0
user_9493,2021-04-16 19:42:00,22,13,4,1,3,1,11,11,14,5,14,4,0,5.615729030728958,0.36649829731139283,10.89981785045583,0.18181818181818182,0.25,0.5909090909090909,0.917805843331707,0.7934536997313331,0
user_9494,2021-04-16 19:57:00,22,16,4,0,2,1,12,10,7,12,17,4,0,4.635515503447466,5.856114345553908,6.145307139841308,0.18181818181818182,0.0,0.7272727272727273,0.25699651827488457,0.2890549113996232,0
user_9495,2021-04-16 20:12:00,22,12,7,0,4,0,14,16,7,7,19,4,0,8.350826792428878,2.1058809463751635,8.334682974772992,0.3181818181818182,0.0,0.5454545454545454,0.5256760834687634,0.494798952767752,0
user_9496,2021-04-16 20:27:00,18,7,4,1,1,1,16,19,17,11,17,4,0,2.97392846950606,4.288684674422381,9.720859775752112,0.2222222222222222,0.25,0.3888888888888889,0.21089168277085263,0.533336089990877,0
user_9497,2021-04-16 20:42:00,15,13,4,2,0,0,19,5,13,13,11,4,0,7.748172233265015,0.8284445355996094,3.7531278428279653,0.26666666666666666,0.5,0.8666666666666667,0.8469142885858476,0.3940596030114313,1
user_9498,2021-04-16 20:57:00,29,14,4,1,3,0,5,16,12,5,18,4,0,7.103794010050642,4.014000137646096,7.789409494517628,0.13793103448275862,0.25,0.4827586206896552,0.26148060124771444,0.4226085705108813,0
user_9499,2021-04-16 21:12:00,24,4,5,0,1,1,10,8,7,9,6,4,0,2.21700183404222,5.991279306453196,7.417158380822343,0.20833333333333334,0.0,0.16666666666666666,0.976626043805174,0.8725773834335101,0
user_9500,2021-04-16 21:27:00,31,9,8,0,3,0,13,11,18,12,19,4,0,4.375190825068589,0.3470908591988723,7.3150139915345065,0.25806451612903225,0.0,0.2903225806451613,0.2784096206519179,0.6022659999332819,0
user_9501,2021-04-16 21:42:00,22,6,5,0,2,0,18,14,13,6,9,4,0,0.7998554428307157,6.5429887643949,9.537099173033207,0.22727272727272727,0.0,0.2727272727272727,0.598361641687009,0.359752371125299,0
user_9502,2021-04-16 21:57:00,20,9,4,1,0,1,17,10,8,6,19,4,0,9.952674200842532,4.010490858629308,4.808436948634416,0.2,0.25,0.45,0.12452772426951558,0.18951642804050367,0
user_9503,2021-04-16 22:12:00,22,9,11,1,0,0,7,16,19,18,14,4,0,9.889919354067784,0.7334614006169117,8.82837977244288,0.5,0.09090909090909091,0.4090909090909091,0.3464079382874694,0.7810736805161139,0
user_9504,2021-04-16 22:27:00,21,14,4,0,2,0,6,19,11,18,13,4,0,2.731503153796042,5.553160683321032,10.642954108859078,0.19047619047619047,0.0,0.6666666666666666,0.6195037082325877,0.4990659309883686,0
user_9505,2021-04-16 22:42:00,17,11,6,1,4,1,9,8,18,10,13,4,0,5.660626680682675,0.22366376301262342,5.00993011380129,0.35294117647058826,0.16666666666666666,0.6470588235294118,0.26719423163440614,0.8071791533624925,0
user_9506,2021-04-16 22:57:00,21,8,5,0,1,0,10,20,14,6,16,4,0,9.03499890913186,7.604683573869868,10.418518069912379,0.23809523809523808,0.0,0.38095238095238093,0.8032140014254051,0.935292769608078,0
user_9507,2021-04-16 23:12:00,16,10,4,2,4,1,7,17,12,20,8,4,0,5.954170588386777,4.665600880251436,7.735528367473345,0.25,0.5,0.625,0.6571441871534582,0.44611773712622393,0
user_9508,2021-04-16 23:27:00,27,10,7,1,3,0,7,11,10,5,12,4,0,4.878121112319689,7.532112366184477,7.131760199318483,0.25925925925925924,0.14285714285714285,0.37037037037037035,0.18662283716739952,0.7501320367791158,0
user_9509,2021-04-16 23:42:00,15,13,4,0,3,1,14,10,15,19,7,4,0,1.7852619597512682,1.4270631905354438,7.030710938726355,0.26666666666666666,0.0,0.8666666666666667,0.5181881269541633,0.9975505347448516,0
user_9510,2021-04-16 23:57:00,22,10,2,1,2,0,8,8,16,19,9,4,0,9.755515421456865,1.035934338796804,10.778525029781585,0.09090909090909091,0.5,0.45454545454545453,0.7833737496446811,0.6225562750812774,0
user_9511,2021-04-17 00:12:00,29,12,4,0,1,0,17,14,9,20,13,5,1,6.466358870989867,7.648278839987305,0.7825017077140806,0.13793103448275862,0.0,0.41379310344827586,0.25822700454994396,0.33219192875929116,0
user_9512,2021-04-17 00:27:00,13,7,10,0,1,2,10,9,9,19,12,5,1,3.457255767303453,7.07998450836222,8.26027406252102,0.7692307692307693,0.0,0.5384615384615384,0.8126740275997985,0.4079495961181876,0
user_9513,2021-04-17 00:42:00,25,9,4,1,1,0,12,5,20,20,8,5,1,2.3626384151647857,2.1653810180524515,3.241561186524666,0.16,0.25,0.36,0.7530147442205325,0.6501249071644848,0
user_9514,2021-04-17 00:57:00,16,9,9,0,2,0,18,5,14,20,19,5,1,7.06774658722541,5.401311275879789,7.286802270647477,0.5625,0.0,0.5625,0.41933272674835054,0.26385882315412656,0
user_9515,2021-04-17 01:12:00,28,12,11,0,2,0,8,14,14,13,18,5,1,7.298691608314856,1.6852680056681306,2.3233189384136295,0.39285714285714285,0.0,0.42857142857142855,0.8842216193542143,0.22045475113831509,0
user_9516,2021-04-17 01:27:00,21,10,8,0,1,0,15,11,10,7,13,5,1,0.7891434782942879,3.393908087569207,5.110534373016064,0.38095238095238093,0.0,0.47619047619047616,0.3027312944371632,0.3074887475174996,0
user_9517,2021-04-17 01:42:00,22,9,6,1,1,0,8,7,9,17,9,5,1,8.451548327855043,1.8325492756771669,1.4759207515586668,0.2727272727272727,0.16666666666666666,0.4090909090909091,0.2967973485807061,0.9902929422664094,0
user_9518,2021-04-17 01:57:00,22,8,8,0,2,0,6,15,8,13,5,5,1,5.966563660622717,7.315787943475158,8.892191346154753,0.36363636363636365,0.0,0.36363636363636365,0.688999361659978,0.6236737231499696,0
user_9519,2021-04-17 02:12:00,15,10,1,1,1,0,9,13,18,6,11,5,1,5.877058601599763,3.0006706216251633,1.1640897394796113,0.06666666666666667,1.0,0.6666666666666666,0.5835331459695393,0.31576174729779277,0
user_9520,2021-04-17 02:27:00,23,13,3,1,3,2,18,9,11,16,12,5,1,9.670342926927939,0.45649202047851156,9.354013115528774,0.13043478260869565,0.3333333333333333,0.5652173913043478,0.8715906274147058,0.2076389181989655,0
user_9521,2021-04-17 02:42:00,27,14,6,0,1,0,19,15,14,6,18,5,1,7.068375755959725,7.888410322746449,3.6071993346058417,0.2222222222222222,0.0,0.5185185185185185,0.518627244558822,0.2624029580560467,0
user_9522,2021-04-17 02:57:00,25,16,5,1,3,3,6,10,16,13,10,5,1,3.9275046945634196,7.053272377727204,8.154443984171152,0.2,0.2,0.64,0.7035650457078437,0.1395432692054524,0
user_9523,2021-04-17 03:12:00,15,5,3,0,2,1,9,12,15,17,6,5,1,7.390546387385997,2.9072461814827846,8.622753150882852,0.2,0.0,0.3333333333333333,0.9629926136434686,0.5645418073686324,0
user_9524,2021-04-17 03:27:00,20,13,5,1,1,1,11,20,13,8,18,5,1,0.5986267971297417,1.4405978585474803,6.547859676249346,0.25,0.2,0.65,0.8038487038265572,0.9531652147610458,0
user_9525,2021-04-17 03:42:00,21,12,5,1,2,2,7,18,9,6,7,5,1,3.3480917935635706,2.0748919066963185,11.349242094636624,0.23809523809523808,0.2,0.5714285714285714,0.32293975903161876,0.7064029874060822,0
user_9526,2021-04-17 03:57:00,15,16,6,0,4,1,10,6,18,12,15,5,1,1.1271368299088167,1.3169424090794328,4.94073176514454,0.4,0.0,1.0666666666666667,0.9480680971888366,0.2756463938750768,0
user_9527,2021-04-17 04:12:00,17,9,10,1,3,0,8,8,5,6,7,5,1,3.1276204666277687,5.15936019545557,10.573430359290866,0.5882352941176471,0.1,0.5294117647058824,0.28484537054531334,0.329554650985293,0
user_9528,2021-04-17 04:27:00,22,10,5,1,1,2,13,10,18,17,18,5,1,6.681396437718837,1.5630075188472343,0.7571096955698591,0.22727272727272727,0.2,0.45454545454545453,0.13304071801272171,0.23391184076133376,1
user_9529,2021-04-17 04:42:00,16,16,3,0,1,0,13,11,20,10,6,5,1,9.154417048688686,2.0235667786630778,6.82647005329156,0.1875,0.0,1.0,0.47280592749027517,0.9614056558602727,0
user_9530,2021-04-17 04:57:00,26,12,2,1,0,0,13,19,20,11,9,5,1,9.394070321865344,0.7178117245281838,10.661522336911148,0.07692307692307693,0.5,0.46153846153846156,0.3524372587137945,0.4857181917122353,0
user_9531,2021-04-17 05:12:00,22,7,9,1,1,1,5,15,15,20,12,5,1,1.262619505379056,6.023442801679107,4.899834186073815,0.4090909090909091,0.1111111111111111,0.3181818181818182,0.6594374462012846,0.7560641438298868,0
user_9532,2021-04-17 05:27:00,22,9,9,0,2,1,13,20,7,16,18,5,1,8.623999305173546,2.112889500458787,5.467038064772468,0.4090909090909091,0.0,0.4090909090909091,0.693901320726887,0.7324007761649337,0
user_9533,2021-04-17 05:42:00,21,10,4,1,1,1,9,7,13,5,8,5,1,5.607639883170193,4.816775495212437,1.8564704719168896,0.19047619047619047,0.25,0.47619047619047616,0.7039513788500488,0.782131088981031,0
user_9534,2021-04-17 05:57:00,25,13,4,1,3,0,9,7,18,11,18,5,1,5.819301786970669,3.537126298570511,7.597624716810529,0.16,0.25,0.52,0.2684415596503045,0.4330066842912952,0
user_9535,2021-04-17 06:12:00,19,10,7,1,3,1,9,17,7,17,9,5,1,0.5896588171254474,7.150802059613973,10.901080940870006,0.3684210526315789,0.14285714285714285,0.5263157894736842,0.8949039205013141,0.36244465118093494,0
user_9536,2021-04-17 06:27:00,24,16,7,0,2,2,15,20,17,19,18,5,1,7.0326527920933914,5.555013903896542,3.949504712711359,0.2916666666666667,0.0,0.6666666666666666,0.7311559849597333,0.9716917061183303,0
user_9537,2021-04-17 06:42:00,8,16,11,2,2,0,19,5,15,6,10,5,1,6.666418629986464,1.0999118632529508,3.7004371586177536,1.375,0.18181818181818182,2.0,0.7926054972649906,0.2626800899576732,0
user_9538,2021-04-17 06:57:00,18,14,5,1,2,1,7,12,19,18,6,5,1,9.460448119185546,1.9647381606172871,4.794583977775604,0.2777777777777778,0.2,0.7777777777777778,0.5348677195669355,0.7725258109624256,0
user_9539,2021-04-17 07:12:00,18,14,7,2,2,1,5,19,10,15,17,5,1,4.929045712364484,6.493832364143804,2.8180139039113765,0.3888888888888889,0.2857142857142857,0.7777777777777778,0.6061886200709117,0.596213204041497,0
user_9540,2021-04-17 07:27:00,28,17,2,1,2,2,13,11,13,5,11,5,1,2.1899748924553353,4.661190566991385,5.387315333511668,0.07142857142857142,0.5,0.6071428571428571,0.3980737066253781,0.6840492434362022,0
user_9541,2021-04-17 07:42:00,22,12,6,2,2,0,13,16,19,15,10,5,1,1.4493916197321404,0.4786820672074912,2.6465354654318025,0.2727272727272727,0.3333333333333333,0.5454545454545454,0.2699778476879384,0.30492366744513905,0
user_9542,2021-04-17 07:57:00,23,12,5,1,4,1,18,13,14,18,8,5,1,3.5990129328136673,7.879877365146693,4.990576951546264,0.21739130434782608,0.2,0.5217391304347826,0.13763892877567135,0.6239118425359474,0
user_9543,2021-04-17 08:12:00,19,11,10,1,1,0,12,12,16,7,7,5,1,1.7269286690570398,0.565451123986477,10.525796259866391,0.5263157894736842,0.1,0.5789473684210527,0.3874841018404276,0.12534704429348437,0
user_9544,2021-04-17 08:27:00,17,12,9,0,1,1,12,8,19,18,14,5,1,8.154433583022923,6.305761227777856,9.664906900169703,0.5294117647058824,0.0,0.7058823529411765,0.6564682211861266,0.12813573560951508,1
user_9545,2021-04-17 08:42:00,25,17,3,1,1,1,5,7,7,8,15,5,1,8.312427784652728,5.313546443935247,4.762154527373245,0.12,0.3333333333333333,0.68,0.3091722083863551,0.3835698532190217,0
user_9546,2021-04-17 08:57:00,26,10,9,0,2,1,10,8,5,6,16,5,1,8.29106510559257,4.173464359431213,6.549172911096911,0.34615384615384615,0.0,0.38461538461538464,0.9838051773616558,0.26059646941483927,0
user_9547,2021-04-17 09:12:00,15,10,6,1,2,0,16,7,7,18,15,5,1,4.452114076481606,7.610632805429968,5.657673552755794,0.4,0.16666666666666666,0.6666666666666666,0.6516444310040214,0.8632588239334859,0
user_9548,2021-04-17 09:27:00,24,11,7,2,1,0,19,6,11,5,6,5,1,5.515920375623046,5.689198853595624,2.532218100819698,0.2916666666666667,0.2857142857142857,0.4583333333333333,0.3432210477634926,0.23789967136672274,0
user_9549,2021-04-17 09:42:00,24,13,6,1,3,1,8,9,16,5,11,5,1,1.1719277200527567,5.092571862154725,1.6227798657295331,0.25,0.16666666666666666,0.5416666666666666,0.5582418108370286,0.35831425381281434,0
user_9550,2021-04-17 09:57:00,20,11,2,1,1,0,6,19,13,19,14,5,1,9.868240655147797,4.60338709547762,10.269071732772904,0.1,0.5,0.55,0.6365222693049453,0.6959038472981816,0
user_9551,2021-04-17 10:12:00,27,10,11,0,1,0,17,10,13,19,15,5,1,1.6346158990887447,5.71792992079616,2.1319546571538375,0.4074074074074074,0.0,0.37037037037037035,0.9106294668064979,0.5201885260366622,0
user_9552,2021-04-17 10:27:00,20,13,6,1,1,0,10,9,10,9,12,5,1,2.864532096122605,3.4163472210955796,11.087773689912767,0.3,0.16666666666666666,0.65,0.5613562343258567,0.41701636929021113,0
user_9553,2021-04-17 10:42:00,18,6,11,0,2,0,15,12,18,6,12,5,1,8.819147688324872,1.8157686602155567,3.29544891667361,0.6111111111111112,0.0,0.3333333333333333,0.7037095627000328,0.5791651614506114,0
user_9554,2021-04-17 10:57:00,19,7,9,0,2,2,16,14,16,6,19,5,1,5.8486351976553435,5.275933072614176,8.737429723957804,0.47368421052631576,0.0,0.3684210526315789,0.8365892822336809,0.4179033295247233,1
user_9555,2021-04-17 11:12:00,17,10,8,1,2,0,10,20,11,9,5,5,1,0.3869298782304065,1.9144705721263067,9.749432706011005,0.47058823529411764,0.125,0.5882352941176471,0.20528457511194306,0.5481780327334286,0
user_9556,2021-04-17 11:27:00,20,11,7,2,4,0,17,13,15,13,8,5,1,9.362815445902978,0.9301892727730182,10.108322138134891,0.35,0.2857142857142857,0.55,0.2987690022745739,0.2153019023734892,0
user_9557,2021-04-17 11:42:00,18,11,7,0,3,1,8,10,8,11,20,5,1,0.3059986049526398,2.5640312125796614,5.335146262406425,0.3888888888888889,0.0,0.6111111111111112,0.41229438759287684,0.371987174727734,0
user_9558,2021-04-17 11:57:00,16,10,4,1,3,1,20,17,13,13,11,5,1,6.343033572194179,4.911402995834125,10.749617960354525,0.25,0.25,0.625,0.27545897507720746,0.8023957799417007,0
user_9559,2021-04-17 12:12:00,14,7,7,2,2,2,17,9,7,14,7,5,1,9.05062213065274,6.743565286980725,10.406871078575385,0.5,0.2857142857142857,0.5,0.5804700776178903,0.10102091241077472,0
user_9560,2021-04-17 12:27:00,13,4,6,0,2,1,10,6,9,15,19,5,1,8.596404056491313,2.8973758326976085,2.7159205096602235,0.46153846153846156,0.0,0.3076923076923077,0.46060691239220874,0.18172502617641156,0
user_9561,2021-04-17 12:42:00,17,10,6,1,3,0,16,7,14,6,14,5,1,3.8764143435292095,6.963432959716567,4.8304245103521275,0.35294117647058826,0.16666666666666666,0.5882352941176471,0.8635167414609716,0.6588410051719753,0
user_9562,2021-04-17 12:57:00,16,9,5,0,0,0,11,8,14,8,10,5,1,7.0257252565564885,6.597345011925961,8.071783346605788,0.3125,0.0,0.5625,0.45852614790615587,0.3942274601610788,0
user_9563,2021-04-17 13:12:00,16,11,6,0,2,1,11,13,5,16,18,5,1,1.5112392722670358,1.3114145847267782,11.508308747217555,0.375,0.0,0.6875,0.9550125675225264,0.7796004259769103,0
user_9564,2021-04-17 13:27:00,14,11,7,2,1,1,10,7,13,15,6,5,1,4.1740567865736224,6.698507420754675,1.11242980956134,0.5,0.2857142857142857,0.7857142857142857,0.5941005079551144,0.872709917051635,0
user_9565,2021-04-17 13:42:00,21,12,7,1,1,0,11,7,16,18,16,5,1,8.38906319028313,7.969936159290648,5.2848694982958735,0.3333333333333333,0.14285714285714285,0.5714285714285714,0.5829758387500902,0.6259470993300273,0
user_9566,2021-04-17 13:57:00,18,14,8,1,1,0,5,19,5,10,7,5,1,8.647555895346994,3.9891815947409763,11.811734554743044,0.4444444444444444,0.125,0.7777777777777778,0.920004154397647,0.22872142004584928,0
user_9567,2021-04-17 14:12:00,14,9,5,0,5,1,9,13,8,5,11,5,1,6.042884461116476,5.5908002344053305,1.7999267965707486,0.35714285714285715,0.0,0.6428571428571429,0.5008039729827065,0.5387690759311562,0
user_9568,2021-04-17 14:27:00,17,6,7,0,3,1,11,15,10,18,17,5,1,4.593757471919925,6.255934956166073,7.39615046952007,0.4117647058823529,0.0,0.35294117647058826,0.9755420707075432,0.18334534792001506,0
user_9569,2021-04-17 14:42:00,22,11,5,1,2,0,15,14,17,20,7,5,1,4.456980092316214,2.2680465858089973,1.5973192732594783,0.22727272727272727,0.2,0.5,0.49203482970479984,0.23426320917542878,0
user_9570,2021-04-17 14:57:00,20,8,4,0,2,0,17,10,8,13,17,5,1,9.595474809563944,1.4275350636381121,8.55531091194,0.2,0.0,0.4,0.9741254377866807,0.7010094526369397,0
user_9571,2021-04-17 15:12:00,29,11,7,2,2,0,8,11,12,17,8,5,1,8.764376128001377,4.879367067931662,6.002121218314098,0.2413793103448276,0.2857142857142857,0.3793103448275862,0.5419722185696596,0.15100507192742343,0
user_9572,2021-04-17 15:27:00,23,10,4,1,1,0,8,13,20,17,12,5,1,6.380030575164622,2.0901178469524497,9.567405378569132,0.17391304347826086,0.25,0.43478260869565216,0.9216187384484469,0.2876522683131332,0
user_9573,2021-04-17 15:42:00,18,10,4,1,5,0,5,20,11,14,10,5,1,9.363895178187217,4.44017642325739,3.7159816647620283,0.2222222222222222,0.25,0.5555555555555556,0.8251874695353669,0.17927799986299878,0
user_9574,2021-04-17 15:57:00,26,9,3,1,0,1,18,10,17,11,19,5,1,3.548597490731823,1.047233806919657,2.176334439466332,0.11538461538461539,0.3333333333333333,0.34615384615384615,0.7075920036258815,0.33540594158416726,0
user_9575,2021-04-17 16:12:00,24,10,8,2,2,0,19,6,9,9,8,5,1,0.4597326729006527,3.188105686692384,4.742567002450892,0.3333333333333333,0.25,0.4166666666666667,0.44677874213683755,0.4903987199108758,0
user_9576,2021-04-17 16:27:00,18,4,11,1,3,1,5,12,9,17,18,5,1,5.619390003285763,5.069427663435386,9.411878361674987,0.6111111111111112,0.09090909090909091,0.2222222222222222,0.9290344096213268,0.3385418427303741,0
user_9577,2021-04-17 16:42:00,22,9,6,0,3,0,17,14,14,12,17,5,1,5.894447029637513,6.6846460271606905,9.678164546308292,0.2727272727272727,0.0,0.4090909090909091,0.999202306865751,0.5457264733161438,0
user_9578,2021-04-17 16:57:00,21,11,6,2,6,0,15,9,6,8,6,5,1,2.3444931223933825,7.271412028981069,2.586503499137213,0.2857142857142857,0.3333333333333333,0.5238095238095238,0.3697524925626917,0.5828328260145333,0
user_9579,2021-04-17 17:12:00,16,13,10,2,0,1,5,18,18,20,16,5,1,6.731094554912797,7.052282485938559,2.3305667217085944,0.625,0.2,0.8125,0.9335795944878441,0.9753517673448332,0
user_9580,2021-04-17 17:27:00,17,11,3,2,3,1,6,20,18,19,16,5,1,8.297994791988566,5.148353739037538,7.1034925302533845,0.17647058823529413,0.6666666666666666,0.6470588235294118,0.29223581750073646,0.3401311602437487,0
user_9581,2021-04-17 17:42:00,15,14,9,0,3,0,17,17,5,18,15,5,1,5.6908334400502225,3.8245269374350253,1.4629693071553709,0.6,0.0,0.9333333333333333,0.6897784334445105,0.9176776193150754,0
user_9582,2021-04-17 17:57:00,18,6,4,0,2,0,16,6,13,15,12,5,1,6.5306222654058965,3.9365146456276006,11.692250289470513,0.2222222222222222,0.0,0.3333333333333333,0.3244077086915378,0.8296061310736865,1
user_9583,2021-04-17 18:12:00,18,5,6,0,1,2,13,13,5,13,7,5,1,2.9273124041344376,6.844966743396455,9.8550398268626,0.3333333333333333,0.0,0.2777777777777778,0.5703784530602793,0.8886121052271062,0
user_9584,2021-04-17 18:27:00,14,8,9,0,2,0,16,11,18,10,18,5,1,1.5300654214040166,3.947921657732489,5.852832666334979,0.6428571428571429,0.0,0.5714285714285714,0.6930078925007511,0.847105655784857,0
user_9585,2021-04-17 18:42:00,30,13,9,2,3,1,14,8,12,13,9,5,1,5.3417588118968,1.3769542848522913,8.546183969936394,0.3,0.2222222222222222,0.43333333333333335,0.11896397257016614,0.12515302120624688,0
user_9586,2021-04-17 18:57:00,22,8,5,0,2,0,12,10,10,9,20,5,1,0.8631842413533081,4.104484097537449,8.75517150300663,0.22727272727272727,0.0,0.36363636363636365,0.606297401967664,0.23728782510215543,0
user_9587,2021-04-17 19:12:00,28,8,7,1,1,0,12,8,14,19,6,5,1,4.33483213833815,5.239725098722868,7.1682219060425885,0.25,0.14285714285714285,0.2857142857142857,0.9533061321945067,0.39609618064211227,0
user_9588,2021-04-17 19:27:00,19,8,9,1,0,1,9,13,12,18,12,5,1,8.742257162553509,4.488546998330279,2.7684345571527067,0.47368421052631576,0.1111111111111111,0.42105263157894735,0.7550329259775685,0.29330429365148414,0
user_9589,2021-04-17 19:42:00,21,11,4,1,1,2,16,12,19,6,17,5,1,5.001715479706349,3.4537023415827814,3.5482011196559853,0.19047619047619047,0.25,0.5238095238095238,0.9691279741106843,0.7566169858575824,0
user_9590,2021-04-17 19:57:00,20,13,4,2,2,1,6,13,16,18,16,5,1,5.726815043223413,0.6606918528279927,7.774402266510147,0.2,0.5,0.65,0.6700643746649284,0.10589683811235048,0
user_9591,2021-04-17 20:12:00,28,6,4,2,2,0,14,17,15,13,6,5,1,4.295294827450074,3.620637064723072,0.8679596505211371,0.14285714285714285,0.5,0.21428571428571427,0.7034629270545646,0.5402343846786424,0
user_9592,2021-04-17 20:27:00,32,13,0,0,0,1,5,5,18,6,19,5,1,6.863200099967857,4.288682880741151,10.24475934769987,0.0,0.0,0.40625,0.49942378952384536,0.4431802667145308,0
user_9593,2021-04-17 20:42:00,17,9,5,0,2,1,18,16,6,6,20,5,1,2.7428921973075355,3.4718325831484926,7.575895524719613,0.29411764705882354,0.0,0.5294117647058824,0.4550935556470872,0.5752594279055611,0
user_9594,2021-04-17 20:57:00,17,13,2,1,2,0,12,7,17,11,16,5,1,0.875930736376396,3.717094853746886,1.6012128395828622,0.11764705882352941,0.5,0.7647058823529411,0.7525959889154719,0.4464186276285087,0
user_9595,2021-04-17 21:12:00,17,13,8,0,2,0,12,20,20,13,11,5,1,1.4221621500994557,2.922664200300141,3.4972881551064066,0.47058823529411764,0.0,0.7647058823529411,0.7204031568618796,0.27606998307055247,0
user_9596,2021-04-17 21:27:00,20,4,6,1,1,2,5,11,6,11,19,5,1,3.0979715046458396,4.393988186054088,2.615732907439794,0.3,0.16666666666666666,0.2,0.1125877733215851,0.5256838165410981,0
user_9597,2021-04-17 21:42:00,28,14,6,2,6,1,6,11,10,20,15,5,1,4.58158449478701,2.321101286203574,5.147442775946772,0.21428571428571427,0.3333333333333333,0.5,0.10239092503257102,0.9844052001220578,0
user_9598,2021-04-17 21:57:00,19,11,6,1,0,2,18,20,19,5,18,5,1,9.38739957608267,7.966556713257435,7.415220101283168,0.3157894736842105,0.16666666666666666,0.5789473684210527,0.10396000702787994,0.8688022739907615,0
user_9599,2021-04-17 22:12:00,23,8,7,2,2,0,11,13,16,16,6,5,1,6.751519817322225,7.071579970401006,11.980270934188303,0.30434782608695654,0.2857142857142857,0.34782608695652173,0.29877281154474694,0.15732806577901692,0
user_9600,2021-04-17 22:27:00,17,14,7,1,3,1,16,17,6,12,17,5,1,2.986378147473746,0.8641458916658139,4.2739155737327055,0.4117647058823529,0.14285714285714285,0.8235294117647058,0.8703372552429375,0.1327608619783386,0
user_9601,2021-04-17 22:42:00,15,10,5,0,3,0,6,20,20,12,6,5,1,1.0869068601740244,7.850460159798526,3.3837823444423503,0.3333333333333333,0.0,0.6666666666666666,0.17059104961901322,0.49322665354496176,0
user_9602,2021-04-17 22:57:00,20,8,4,0,2,1,12,18,5,18,15,5,1,8.291098414070465,3.1360302111729976,5.291713557820107,0.2,0.0,0.4,0.20527379686770564,0.6261164058368474,0
user_9603,2021-04-17 23:12:00,20,5,8,0,6,0,15,6,6,17,20,5,1,2.0138419328732775,2.305701841339453,11.00585379900075,0.4,0.0,0.25,0.4883138880434944,0.7696578301579873,0
user_9604,2021-04-17 23:27:00,23,7,8,1,3,0,18,20,13,15,12,5,1,5.019765251180066,1.658261741517497,11.169330098082918,0.34782608695652173,0.125,0.30434782608695654,0.40619984913420204,0.729861528851374,0
user_9605,2021-04-17 23:42:00,17,11,8,1,2,1,13,20,11,15,18,5,1,3.9178729474901854,7.220222254739721,8.902185969797419,0.47058823529411764,0.125,0.6470588235294118,0.15251385414650964,0.8815125645638513,0
user_9606,2021-04-17 23:57:00,22,17,4,2,1,0,16,10,14,20,11,5,1,2.342580091498848,5.26287034712233,11.09864194628668,0.18181818181818182,0.5,0.7727272727272727,0.10560306352660821,0.7794062245615901,0
user_9607,2021-04-18 00:12:00,15,11,7,0,1,0,20,14,13,15,19,6,1,6.0401928981936095,3.9048826379658634,2.4185241636509827,0.4666666666666667,0.0,0.7333333333333333,0.4153181008184561,0.9172325306607285,0
user_9608,2021-04-18 00:27:00,22,11,3,1,1,0,12,14,6,9,11,6,1,9.461178975375976,1.3844619849016788,9.925264887260248,0.13636363636363635,0.3333333333333333,0.5,0.4726565393328499,0.5640892246136886,0
user_9609,2021-04-18 00:42:00,30,22,6,1,3,2,19,8,15,20,10,6,1,3.9468177309259085,6.619479242363724,2.9397054329740495,0.2,0.16666666666666666,0.7333333333333333,0.29698865861398394,0.7236917005342877,0
user_9610,2021-04-18 00:57:00,16,8,2,0,3,1,10,13,9,20,7,6,1,4.9890809584171905,1.0981806468154844,4.857552060089677,0.125,0.0,0.5,0.5807538495520554,0.5933461987632026,0
user_9611,2021-04-18 01:12:00,17,7,7,0,4,1,5,12,12,6,19,6,1,9.446106666446456,1.750308513104194,5.55446009223186,0.4117647058823529,0.0,0.4117647058823529,0.6958774087471592,0.165805803040197,0
user_9612,2021-04-18 01:27:00,25,11,4,0,2,0,19,13,13,14,18,6,1,3.043789813190664,3.05677801286743,10.161661141180737,0.16,0.0,0.44,0.8614930864553325,0.4410989051200427,0
user_9613,2021-04-18 01:42:00,16,11,5,1,3,0,10,15,11,10,9,6,1,4.806272364019126,2.0524002052085395,11.330660976867271,0.3125,0.2,0.6875,0.8953126749494419,0.7604449023073965,0
user_9614,2021-04-18 01:57:00,21,9,6,2,1,0,13,20,7,12,14,6,1,7.387834680867949,1.234428350361671,3.3584856192707253,0.2857142857142857,0.3333333333333333,0.42857142857142855,0.6516764520422788,0.3994009123404001,0
user_9615,2021-04-18 02:12:00,16,15,3,0,2,0,17,8,17,12,17,6,1,0.8162129159401499,0.291230518453219,1.9223486323609569,0.1875,0.0,0.9375,0.6040297391357242,0.9860143735505419,0
user_9616,2021-04-18 02:27:00,21,7,4,1,3,2,17,10,8,20,18,6,1,4.831405891833797,0.32575084465261683,3.7657395273434893,0.19047619047619047,0.25,0.3333333333333333,0.7212350186428813,0.4399025635883682,0
user_9617,2021-04-18 02:42:00,15,18,7,0,3,1,12,13,19,7,11,6,1,0.34492288812006183,3.4010303653278564,9.962083193478374,0.4666666666666667,0.0,1.2,0.454492249086636,0.8811920955193834,0
user_9618,2021-04-18 02:57:00,13,7,5,1,3,0,9,8,8,10,15,6,1,5.915475610076139,2.7603810650610616,6.741797992799051,0.38461538461538464,0.2,0.5384615384615384,0.4278794734768223,0.24060229016543763,0
user_9619,2021-04-18 03:12:00,20,13,5,1,2,2,16,6,9,20,12,6,1,4.052015939824272,0.7154546959956948,5.973632554914814,0.25,0.2,0.65,0.7909436891668218,0.757931823203213,0
user_9620,2021-04-18 03:27:00,25,12,6,0,0,1,20,7,8,5,8,6,1,9.351284396145074,3.636597891273367,9.138918085806145,0.24,0.0,0.48,0.14733414403177217,0.5682080929359482,0
user_9621,2021-04-18 03:42:00,22,15,8,1,2,0,18,17,13,12,12,6,1,8.00010758245243,7.976795886729821,4.073080320738711,0.36363636363636365,0.125,0.6818181818181818,0.17016050530953514,0.5093028428826758,0
user_9622,2021-04-18 03:57:00,23,11,11,1,3,0,19,12,19,10,12,6,1,6.382996786453364,6.775562873252549,2.9850386954827437,0.4782608695652174,0.09090909090909091,0.4782608695652174,0.6596885345832693,0.29691407609718073,0
user_9623,2021-04-18 04:12:00,21,12,2,1,1,0,16,9,9,7,18,6,1,9.002648645798274,5.106550188203583,0.5362818951937547,0.09523809523809523,0.5,0.5714285714285714,0.947804836874583,0.9843043875793077,0
user_9624,2021-04-18 04:27:00,17,5,5,2,5,1,11,5,20,13,17,6,1,4.483650999969553,2.4350489245682243,2.824385746681177,0.29411764705882354,0.4,0.29411764705882354,0.6523820538783457,0.19078780001205015,0
user_9625,2021-04-18 04:42:00,19,7,4,1,4,1,8,18,19,5,20,6,1,6.174311897014796,7.910557719051405,4.181634859635132,0.21052631578947367,0.25,0.3684210526315789,0.41732438544381867,0.4088826769387809,0
user_9626,2021-04-18 04:57:00,23,16,3,1,2,0,7,5,9,12,8,6,1,4.854590070258081,7.871081981421056,2.18363183660168,0.13043478260869565,0.3333333333333333,0.6956521739130435,0.3033559297523021,0.11068958090482013,0
user_9627,2021-04-18 05:12:00,18,7,9,0,2,0,11,17,10,16,6,6,1,3.9401776202658403,7.934063672562375,2.404003780784914,0.5,0.0,0.3888888888888889,0.6505514713221001,0.9101362960234199,0
user_9628,2021-04-18 05:27:00,27,15,8,1,3,1,14,6,8,14,10,6,1,1.830684074322423,5.013962118401771,3.080766278085929,0.2962962962962963,0.125,0.5555555555555556,0.9901127798773257,0.25204846889585714,0
user_9629,2021-04-18 05:42:00,13,9,7,1,2,1,8,7,16,20,11,6,1,8.590667317676063,4.8439686143353855,1.1897724097693505,0.5384615384615384,0.14285714285714285,0.6923076923076923,0.15896429189932063,0.5425432734059469,0
user_9630,2021-04-18 05:57:00,23,16,3,2,1,1,18,18,16,12,12,6,1,3.9408454227236533,2.650690220024548,10.677687710338637,0.13043478260869565,0.6666666666666666,0.6956521739130435,0.46508021849976877,0.5131941540079424,0
user_9631,2021-04-18 06:12:00,21,9,9,0,4,0,17,14,14,20,19,6,1,2.3054655246832385,6.129613095456143,3.9873506887856514,0.42857142857142855,0.0,0.42857142857142855,0.777413247096362,0.7708421439301544,0
user_9632,2021-04-18 06:27:00,24,10,2,1,3,0,12,18,9,5,6,6,1,1.3746645199456484,4.448303991765418,10.458557820153198,0.08333333333333333,0.5,0.4166666666666667,0.6622186092879223,0.7546106156159494,0
user_9633,2021-04-18 06:42:00,19,12,10,0,1,0,19,8,13,19,8,6,1,1.5696406017572349,5.772184764273985,7.674364814919972,0.5263157894736842,0.0,0.631578947368421,0.5063459259389786,0.4825477284105544,0
user_9634,2021-04-18 06:57:00,19,11,4,3,1,0,12,5,18,10,19,6,1,7.2395620127139315,7.649492884969926,3.1468268838849083,0.21052631578947367,0.75,0.5789473684210527,0.9491273533755814,0.8224801817989944,0
user_9635,2021-04-18 07:12:00,17,13,8,1,1,1,15,8,13,7,10,6,1,9.08014031841503,6.549843140141286,3.0242731653507944,0.47058823529411764,0.125,0.7647058823529411,0.5727791073804054,0.16958830097438687,1
user_9636,2021-04-18 07:27:00,19,11,12,1,3,0,13,10,8,20,20,6,1,1.2261336677241688,2.739203044662771,3.6814539315437043,0.631578947368421,0.08333333333333333,0.5789473684210527,0.9328000942499701,0.17825267520845312,0
user_9637,2021-04-18 07:42:00,22,11,5,1,0,0,11,12,16,13,7,6,1,7.932319326732967,1.1919120535710248,7.401458862422394,0.22727272727272727,0.2,0.5,0.37435838805626664,0.6251596346306494,1
user_9638,2021-04-18 07:57:00,24,11,9,1,2,1,8,10,20,17,6,6,1,7.169458081842419,4.279650146720244,9.571515199236407,0.375,0.1111111111111111,0.4583333333333333,0.9785143261490863,0.4398239088188909,0
user_9639,2021-04-18 08:12:00,12,10,9,1,2,0,5,19,16,13,10,6,1,4.937665979582376,7.110972629131867,5.743647337362252,0.75,0.1111111111111111,0.8333333333333334,0.11548586755587067,0.4765413118289652,0
user_9640,2021-04-18 08:27:00,24,9,10,2,2,2,12,13,14,16,16,6,1,0.3601883675332176,7.390901613208229,6.3988420317788455,0.4166666666666667,0.2,0.375,0.9602563927025192,0.6131986571145736,0
user_9641,2021-04-18 08:42:00,19,9,0,0,1,0,5,12,10,17,12,6,1,3.6127064068937256,5.261548488616346,2.8934564725496257,0.0,0.0,0.47368421052631576,0.46028232119756163,0.26182570085022705,0
user_9642,2021-04-18 08:57:00,26,9,7,1,3,1,6,11,20,6,15,6,1,9.844967399476252,5.060969830270322,9.735065960649882,0.2692307692307692,0.14285714285714285,0.34615384615384615,0.6848742917487596,0.32743025958248884,0
user_9643,2021-04-18 09:12:00,31,12,7,1,1,0,11,14,15,14,6,6,1,7.9855329330828475,5.92262844369813,3.247575286078504,0.22580645161290322,0.14285714285714285,0.3870967741935484,0.4097869742560323,0.5429534647727884,0
user_9644,2021-04-18 09:27:00,25,9,6,1,4,2,11,5,17,19,11,6,1,0.5262229368699431,0.7270170274415089,0.6522130408213429,0.24,0.16666666666666666,0.36,0.16388816134647788,0.24991657083159963,1
user_9645,2021-04-18 09:42:00,19,14,3,1,2,1,8,14,14,14,14,6,1,5.503789044321325,3.6826745410582298,10.633713336166723,0.15789473684210525,0.3333333333333333,0.7368421052631579,0.712430674155618,0.8893212605277456,1
user_9646,2021-04-18 09:57:00,17,6,5,2,1,0,15,17,8,5,10,6,1,9.982228826836963,0.9766079953137293,11.651612230125629,0.29411764705882354,0.4,0.35294117647058826,0.8421151562533531,0.14286024772377842,1
user_9647,2021-04-18 10:12:00,22,9,4,2,2,0,14,13,13,16,6,6,1,2.9340830306858336,6.792547589005771,8.031881098125945,0.18181818181818182,0.5,0.4090909090909091,0.21852860647854241,0.11972322768194121,0
user_9648,2021-04-18 10:27:00,25,8,7,1,3,1,19,16,13,5,10,6,1,4.049732770998135,3.894374139590547,3.6391898959560094,0.28,0.14285714285714285,0.32,0.8940199097081604,0.9728019505997911,0
user_9649,2021-04-18 10:42:00,17,14,5,1,2,0,10,10,5,17,17,6,1,0.41838065902989574,5.585213182171539,11.964512152271594,0.29411764705882354,0.2,0.8235294117647058,0.6348802503785242,0.6823480929000394,0
user_9650,2021-04-18 10:57:00,15,7,7,1,0,1,5,8,13,6,8,6,1,1.365065903326688,3.350805289277987,1.9308925873408591,0.4666666666666667,0.14285714285714285,0.4666666666666667,0.5224537174659848,0.7793675814238714,0
user_9651,2021-04-18 11:12:00,23,10,10,2,2,2,12,15,20,20,12,6,1,5.409107563661418,6.219564028396544,5.472894003982346,0.43478260869565216,0.2,0.43478260869565216,0.9561312765314856,0.3397992639087849,0
user_9652,2021-04-18 11:27:00,25,8,3,2,2,1,9,14,12,14,13,6,1,6.4601913288630035,6.586161918045369,6.318823308171385,0.12,0.6666666666666666,0.32,0.7930846919293989,0.3246616666299085,0
user_9653,2021-04-18 11:42:00,19,9,6,1,3,0,9,11,7,13,5,6,1,9.338772339581563,4.432812330490685,2.2236850415701235,0.3157894736842105,0.16666666666666666,0.47368421052631576,0.32982253586967025,0.23231015933294993,0
user_9654,2021-04-18 11:57:00,23,7,6,1,3,0,10,15,10,8,12,6,1,4.9983470860510675,3.840641726985352,6.317102333856141,0.2608695652173913,0.16666666666666666,0.30434782608695654,0.2223548433127962,0.9793415047244031,0
user_9655,2021-04-18 12:12:00,25,8,4,0,3,1,7,8,7,10,17,6,1,0.8022542984200359,3.964717302251447,1.0431353038923066,0.16,0.0,0.32,0.5606608601584684,0.4913976365383066,0
user_9656,2021-04-18 12:27:00,30,11,9,0,2,1,9,18,9,16,19,6,1,4.689940336921619,4.641350486003654,7.8940325000327825,0.3,0.0,0.36666666666666664,0.2684839593578801,0.44869457290643044,0
user_9657,2021-04-18 12:42:00,21,11,3,0,2,0,11,16,13,16,12,6,1,5.299900322744975,5.816051254930228,3.647061561596227,0.14285714285714285,0.0,0.5238095238095238,0.40522175510252134,0.17245970058627919,0
user_9658,2021-04-18 12:57:00,22,11,6,2,2,0,16,16,10,10,12,6,1,6.286041345843077,1.961994167106681,6.387490741083419,0.2727272727272727,0.3333333333333333,0.5,0.5497200786881994,0.30473956157604576,0
user_9659,2021-04-18 13:12:00,22,10,9,2,2,0,18,15,5,10,17,6,1,3.7410808505581308,7.474221152733303,2.130857595385975,0.4090909090909091,0.2222222222222222,0.45454545454545453,0.46538235213777146,0.5732557241798536,0
user_9660,2021-04-18 13:27:00,16,10,10,1,1,0,11,8,6,15,14,6,1,6.990586123242094,2.0650781285367916,11.170485676091184,0.625,0.1,0.625,0.8040390566057203,0.8564717119710888,1
user_9661,2021-04-18 13:42:00,13,7,7,0,3,0,20,18,7,11,15,6,1,9.180925979677388,3.669728292757166,0.7518999524905625,0.5384615384615384,0.0,0.5384615384615384,0.48398618883959676,0.5369660934959579,0
user_9662,2021-04-18 13:57:00,26,10,4,0,3,0,20,8,5,10,14,6,1,4.284141650381939,1.3590718822819807,10.348859131308602,0.15384615384615385,0.0,0.38461538461538464,0.9393327562096758,0.9105772603368719,0
user_9663,2021-04-18 14:12:00,24,9,7,1,1,1,8,13,13,5,13,6,1,2.1864442578955035,3.7467194980390994,1.3661164175313063,0.2916666666666667,0.14285714285714285,0.375,0.6871891826124352,0.6202951324175023,0
user_9664,2021-04-18 14:27:00,22,7,2,2,3,1,6,18,11,17,10,6,1,3.225353328997445,5.740963224782625,2.9767722456482604,0.09090909090909091,1.0,0.3181818181818182,0.638119748364611,0.5213688833586657,1
user_9665,2021-04-18 14:42:00,29,7,7,0,3,0,17,11,8,14,9,6,1,3.950400090911785,5.677999405425519,2.7512963714734036,0.2413793103448276,0.0,0.2413793103448276,0.4031633632276779,0.3079899082318227,0
user_9666,2021-04-18 14:57:00,11,7,5,0,2,0,7,15,12,6,17,6,1,2.916836650129255,3.285256009576499,2.0970412929965363,0.45454545454545453,0.0,0.6363636363636364,0.11735117410862078,0.6467612428900203,0
user_9667,2021-04-18 15:12:00,21,10,6,1,1,0,7,5,13,5,14,6,1,4.473775608128334,5.979744482067788,2.2854649224024257,0.2857142857142857,0.16666666666666666,0.47619047619047616,0.6311388793917264,0.4253805621411816,0
user_9668,2021-04-18 15:27:00,16,4,12,1,2,1,5,11,6,10,11,6,1,9.033683047747788,4.290191537296079,8.547439511781217,0.75,0.08333333333333333,0.25,0.1666244613616496,0.8361061880368683,0
user_9669,2021-04-18 15:42:00,17,11,5,0,3,0,18,15,5,8,14,6,1,1.7282242796860559,1.2847816660402716,11.350051506309528,0.29411764705882354,0.0,0.6470588235294118,0.5961020056327361,0.7346447484434733,0
user_9670,2021-04-18 15:57:00,23,10,7,0,4,0,17,19,9,20,10,6,1,8.800771855763394,7.44011892742367,1.2506126669104765,0.30434782608695654,0.0,0.43478260869565216,0.4736102451685448,0.28254968616163556,0
user_9671,2021-04-18 16:12:00,20,11,5,0,1,0,5,9,19,9,6,6,1,3.02862680004403,3.441200991190269,7.660932569530477,0.25,0.0,0.55,0.8963099392077634,0.20468257843189774,0
user_9672,2021-04-18 16:27:00,17,10,4,2,0,1,14,7,16,17,14,6,1,1.7785043208235636,7.9744760966989405,9.862945442611112,0.23529411764705882,0.5,0.5882352941176471,0.7303933689599054,0.13716244565273047,0
user_9673,2021-04-18 16:42:00,22,11,6,1,0,0,12,9,20,14,7,6,1,2.360679531045536,6.277476785973811,9.309907091025606,0.2727272727272727,0.16666666666666666,0.5,0.9154224328083642,0.2106939862457725,0
user_9674,2021-04-18 16:57:00,20,11,4,2,3,2,6,6,19,14,8,6,1,1.2449357056247778,4.12671858380569,7.555509681706679,0.2,0.5,0.55,0.5848509816119328,0.7358003265627683,0
user_9675,2021-04-18 17:12:00,21,11,6,2,3,1,7,16,14,8,12,6,1,2.937592260148941,6.336058243965508,8.037695805204994,0.2857142857142857,0.3333333333333333,0.5238095238095238,0.23701457989114083,0.2144868710093096,0
user_9676,2021-04-18 17:27:00,27,9,7,2,4,1,11,11,17,7,16,6,1,5.663611334233408,1.9398807459360805,1.8725143808055857,0.25925925925925924,0.2857142857142857,0.3333333333333333,0.5826018861592758,0.15356902101864817,0
user_9677,2021-04-18 17:42:00,27,11,3,2,2,0,5,8,7,18,19,6,1,4.576875704246409,6.804306496908507,4.613461600391989,0.1111111111111111,0.6666666666666666,0.4074074074074074,0.5767247177249547,0.8693847008820083,0
user_9678,2021-04-18 17:57:00,14,7,6,0,4,1,19,10,9,13,7,6,1,8.25612419947009,6.5695969114809385,11.159137877460795,0.42857142857142855,0.0,0.5,0.8756501564792463,0.4051650721128839,0
user_9679,2021-04-18 18:12:00,17,12,4,1,0,2,10,13,12,16,10,6,1,1.0690354033149194,3.534609224997093,10.222020255753893,0.23529411764705882,0.25,0.7058823529411765,0.18220215812831841,0.8789062496373784,0
user_9680,2021-04-18 18:27:00,24,8,2,0,1,0,13,19,18,20,13,6,1,6.3998764263447185,0.588554810656227,3.0419148615489426,0.08333333333333333,0.0,0.3333333333333333,0.5619152490233305,0.36895666572667707,0
user_9681,2021-04-18 18:42:00,28,10,5,1,2,1,10,6,11,14,16,6,1,5.807688029212682,6.1780967008891485,3.014639802065078,0.17857142857142858,0.2,0.35714285714285715,0.8498177574118236,0.2565839080072927,0
user_9682,2021-04-18 18:57:00,12,11,9,0,2,0,16,12,6,16,9,6,1,6.086134509301532,5.894380755825133,11.798785814481741,0.75,0.0,0.9166666666666666,0.6732108624559167,0.8950836832617962,0
user_9683,2021-04-18 19:12:00,19,13,10,2,1,1,12,12,18,5,7,6,1,0.7141343408660248,3.219469176245391,6.138397371914996,0.5263157894736842,0.2,0.6842105263157895,0.8421282826499557,0.760507494885407,0
user_9684,2021-04-18 19:27:00,27,8,7,1,0,1,18,10,7,12,16,6,1,0.2769741785182724,3.4303864449305093,7.37416440950975,0.25925925925925924,0.14285714285714285,0.2962962962962963,0.26195690555607587,0.5239223381096163,0
user_9685,2021-04-18 19:42:00,22,7,7,1,3,0,19,16,14,14,6,6,1,7.6743047280619,6.094863802397925,10.942188265488724,0.3181818181818182,0.14285714285714285,0.3181818181818182,0.6531685627075223,0.44420439647686083,1
user_9686,2021-04-18 19:57:00,17,12,2,2,1,0,15,11,14,20,6,6,1,6.229217308808066,7.64779136385882,10.09066355016327,0.11764705882352941,1.0,0.7058823529411765,0.7545654559369395,0.41654431775659806,0
user_9687,2021-04-18 20:12:00,20,11,6,0,3,0,13,16,6,18,11,6,1,6.347594716887888,3.867410247095634,1.1560422470045217,0.3,0.0,0.55,0.35463278035966306,0.5631945168100118,0
user_9688,2021-04-18 20:27:00,19,10,7,1,2,0,15,5,17,6,14,6,1,1.8843783916494397,3.082983444324544,9.412157958623105,0.3684210526315789,0.14285714285714285,0.5263157894736842,0.5617100863198963,0.6469506440591448,0
user_9689,2021-04-18 20:42:00,17,4,8,1,4,0,9,18,16,18,8,6,1,8.48429544405339,6.956999035409368,10.150962206170668,0.47058823529411764,0.125,0.23529411764705882,0.9840438497782322,0.8296953830468047,0
user_9690,2021-04-18 20:57:00,28,13,9,2,3,1,18,9,18,14,12,6,1,9.518251048438339,3.5383495681897306,9.955019061859035,0.32142857142857145,0.2222222222222222,0.4642857142857143,0.14456393471669382,0.46694088372925857,0
user_9691,2021-04-18 21:12:00,22,6,9,0,1,0,17,6,15,10,8,6,1,0.21910531387603907,7.187221557717349,1.0729865080592518,0.4090909090909091,0.0,0.2727272727272727,0.767465789855726,0.5462832932108692,0
user_9692,2021-04-18 21:27:00,25,14,8,0,0,0,11,17,12,17,17,6,1,2.6317222095100568,4.7870411742604535,6.111393516120413,0.32,0.0,0.56,0.9525078483390164,0.19488331770994494,0
user_9693,2021-04-18 21:42:00,23,13,6,1,5,1,5,7,15,7,19,6,1,3.27905052370529,4.79892390535751,4.879533985233726,0.2608695652173913,0.16666666666666666,0.5652173913043478,0.3970679421263563,0.3918334061175299,0
user_9694,2021-04-18 21:57:00,20,11,4,0,0,1,12,14,11,13,11,6,1,5.243692504374604,3.4535614930949596,4.245644256754408,0.2,0.0,0.55,0.6306391355796375,0.5201046739626453,0
user_9695,2021-04-18 22:12:00,17,5,7,1,2,1,7,18,6,16,5,6,1,0.21178490570788522,1.2222860305306336,1.8388359191162909,0.4117647058823529,0.14285714285714285,0.29411764705882354,0.7740897942356566,0.8690121534696019,0
user_9696,2021-04-18 22:27:00,15,10,10,1,3,1,12,5,10,10,16,6,1,6.373395026737302,7.519203526210776,2.316720400633472,0.6666666666666666,0.1,0.6666666666666666,0.7704189608797564,0.20803650452769007,0
user_9697,2021-04-18 22:42:00,24,18,4,0,2,1,9,5,20,8,20,6,1,0.11459313720854891,0.3192822942387176,4.135221415890107,0.16666666666666666,0.0,0.75,0.7254182461451317,0.6177139396936732,0
user_9698,2021-04-18 22:57:00,29,6,3,1,0,0,20,6,6,14,10,6,1,0.7775205642554278,5.2784676904652255,0.5778989694764107,0.10344827586206896,0.3333333333333333,0.20689655172413793,0.23027745710643116,0.9454711654808294,0
user_9699,2021-04-18 23:12:00,26,10,7,1,4,1,19,9,10,9,20,6,1,6.15414488275369,7.712603815546913,2.7892882023135197,0.2692307692307692,0.14285714285714285,0.38461538461538464,0.45875435736755676,0.7287811146967897,0
user_9700,2021-04-18 23:27:00,19,7,10,2,1,1,17,20,20,8,6,6,1,5.480067688884439,3.4311690019949586,10.785378925151061,0.5263157894736842,0.2,0.3684210526315789,0.9163297241890768,0.3809475148741017,1
user_9701,2021-04-18 23:42:00,20,15,4,2,1,0,8,6,16,18,6,6,1,4.177491297095766,7.940238147733932,11.33812431487388,0.2,0.5,0.75,0.6882170967897945,0.8895430038941378,0
user_9702,2021-04-18 23:57:00,19,11,8,0,3,1,6,7,11,18,16,6,1,0.634520794338117,7.131738363958973,10.704586641945175,0.42105263157894735,0.0,0.5789473684210527,0.12264074460179736,0.40897907436920167,1
user_9703,2021-04-19 00:12:00,17,6,4,1,0,2,6,7,10,14,9,0,0,4.214249201792349,7.390258427822779,4.755412998290718,0.23529411764705882,0.25,0.35294117647058826,0.3963559018876439,0.5080162977372701,0
user_9704,2021-04-19 00:27:00,23,9,11,0,2,1,13,18,18,12,9,0,0,5.688203225678851,2.444045128783481,9.35324926495646,0.4782608695652174,0.0,0.391304347826087,0.8689376304058588,0.26633320186593584,0
user_9705,2021-04-19 00:42:00,14,12,1,2,1,0,20,19,13,15,20,0,0,3.02830492271337,0.9599578629822946,5.663642218307328,0.07142857142857142,2.0,0.8571428571428571,0.49317695941865136,0.510138040440447,0
user_9706,2021-04-19 00:57:00,25,7,4,1,1,1,14,12,17,5,13,0,0,9.660976908261683,5.783642802832674,11.322014675255792,0.16,0.25,0.28,0.5260309089835604,0.3590929400046653,0
user_9707,2021-04-19 01:12:00,16,16,7,0,1,1,5,9,7,12,19,0,0,9.513582252880141,3.8718285052999057,5.026197478021455,0.4375,0.0,1.0,0.46034644003239944,0.2662917703333406,0
user_9708,2021-04-19 01:27:00,27,9,4,1,1,0,13,20,8,18,16,0,0,5.748725035204917,5.674334987482342,3.8624863814360073,0.14814814814814814,0.25,0.3333333333333333,0.4948986076770667,0.6772045350805954,0
user_9709,2021-04-19 01:42:00,26,10,8,0,3,1,14,5,18,10,19,0,0,8.586780336544386,1.9339967545698926,11.573064314829717,0.3076923076923077,0.0,0.38461538461538464,0.42787476516920897,0.20571604699560883,0
user_9710,2021-04-19 01:57:00,13,6,2,0,3,0,12,12,6,15,19,0,0,2.950244566314978,0.4884607069672272,9.932326537446801,0.15384615384615385,0.0,0.46153846153846156,0.32462569847479056,0.36084050739750906,1
user_9711,2021-04-19 02:12:00,17,11,6,0,2,0,13,20,14,14,14,0,0,6.674371803319488,5.88780855612191,4.180493971424091,0.35294117647058826,0.0,0.6470588235294118,0.4385107203857683,0.10499006858468635,0
user_9712,2021-04-19 02:27:00,25,7,5,2,0,0,6,12,14,5,19,0,0,6.3647668324438085,5.832275777336759,1.7816916219619732,0.2,0.4,0.28,0.5916427557852655,0.35701174002986436,0
user_9713,2021-04-19 02:42:00,18,9,5,0,2,0,16,10,20,11,5,0,0,3.395541984469535,1.5945590209180764,6.021835644830686,0.2777777777777778,0.0,0.5,0.38033726963831505,0.8635693037139018,0
user_9714,2021-04-19 02:57:00,19,15,8,1,3,2,12,20,15,17,7,0,0,4.611742779214792,2.695169078231891,2.6681860689912607,0.42105263157894735,0.125,0.7894736842105263,0.4133826360735867,0.2752829345132429,0
user_9715,2021-04-19 03:12:00,20,9,5,2,2,0,11,10,7,13,16,0,0,9.866685817183399,1.3524524874394634,11.063038777032217,0.25,0.4,0.45,0.3768642501559145,0.7670272521513144,0
user_9716,2021-04-19 03:27:00,15,11,11,1,3,0,19,5,20,20,16,0,0,8.188876612178133,3.0069509552568188,5.1328207048263295,0.7333333333333333,0.09090909090909091,0.7333333333333333,0.6722168516374939,0.14812836334571158,0
user_9717,2021-04-19 03:42:00,16,10,5,0,4,0,15,12,9,5,6,0,0,7.442515371204552,5.8591644315540155,8.795565589758093,0.3125,0.0,0.625,0.4631244031096192,0.3127448002922517,0
user_9718,2021-04-19 03:57:00,20,12,3,1,1,1,6,10,13,10,6,0,0,3.85361720209793,4.27828162811483,6.824541080763625,0.15,0.3333333333333333,0.6,0.19135654242036348,0.7350627564128978,0
user_9719,2021-04-19 04:12:00,22,8,9,0,4,0,15,13,14,14,15,0,0,9.054571397303699,7.763942803248934,9.855686772504304,0.4090909090909091,0.0,0.36363636363636365,0.3166511816667845,0.18107083665358087,0
user_9720,2021-04-19 04:27:00,20,11,5,2,1,1,9,11,15,6,17,0,0,6.678681659896845,6.13542649685302,7.19157087568668,0.25,0.4,0.55,0.7189344453660369,0.36699675927341335,0
user_9721,2021-04-19 04:42:00,13,9,4,0,4,1,16,6,11,13,9,0,0,6.219065063576143,7.141479579997681,5.190789668969278,0.3076923076923077,0.0,0.6923076923076923,0.23396280418380638,0.37471530677071185,0
user_9722,2021-04-19 04:57:00,22,10,4,0,3,0,9,17,7,14,15,0,0,1.9181093839644665,2.8635799473575183,3.525274289538459,0.18181818181818182,0.0,0.45454545454545453,0.2822994524229535,0.419983526513961,0
user_9723,2021-04-19 05:12:00,20,10,5,2,3,1,8,6,5,14,13,0,0,8.161085650997522,1.6442952232968346,1.1893638518434348,0.25,0.4,0.5,0.21324623189231257,0.26623967236145035,0
user_9724,2021-04-19 05:27:00,16,16,6,0,2,1,13,6,11,8,7,0,0,9.662036891325721,5.0830065466945795,0.7805881865310234,0.375,0.0,1.0,0.9610388693699111,0.1047921337078767,0
user_9725,2021-04-19 05:42:00,17,8,8,0,2,1,9,20,19,20,9,0,0,5.7568477088021694,3.976940035173735,2.9907679045541573,0.47058823529411764,0.0,0.47058823529411764,0.1782029362364622,0.9447917502806433,1
user_9726,2021-04-19 05:57:00,22,15,5,0,0,1,15,18,17,17,14,0,0,3.031925003938598,7.406966055884247,8.73927259804424,0.22727272727272727,0.0,0.6818181818181818,0.9296620741463301,0.2805097515035018,0
user_9727,2021-04-19 06:12:00,14,11,9,0,1,1,11,6,11,8,6,0,0,1.3692581643020532,4.808113102019349,2.0112987828426325,0.6428571428571429,0.0,0.7857142857142857,0.6197107201766408,0.8983498056683797,0
user_9728,2021-04-19 06:27:00,23,11,6,1,0,0,14,19,10,13,16,0,0,0.13467717906867954,6.879867983482469,3.3706434831030885,0.2608695652173913,0.16666666666666666,0.4782608695652174,0.10134328766509196,0.16755942389101344,0
user_9729,2021-04-19 06:42:00,14,7,3,0,3,0,16,6,7,11,15,0,0,3.4025659872613088,2.596422992518932,1.0223712189860348,0.21428571428571427,0.0,0.5,0.5681096643713681,0.19117650607441206,0
user_9730,2021-04-19 06:57:00,21,9,8,1,2,0,19,12,17,10,7,0,0,9.364104847547079,2.2143889599584696,6.5370876623428815,0.38095238095238093,0.125,0.42857142857142855,0.5814480819824558,0.6695405340860967,0
user_9731,2021-04-19 07:12:00,23,7,7,0,2,0,10,13,11,8,6,0,0,0.8374927856265865,5.774156263444848,10.939146750071318,0.30434782608695654,0.0,0.30434782608695654,0.8419048679659413,0.1852807523435604,0
user_9732,2021-04-19 07:27:00,22,13,7,1,1,1,11,11,19,17,20,0,0,3.3775977144431937,5.80865543872457,4.689948111741015,0.3181818181818182,0.14285714285714285,0.5909090909090909,0.6736147207458006,0.5985953848753744,0
user_9733,2021-04-19 07:42:00,24,9,5,1,4,0,11,15,17,10,20,0,0,4.166191073238828,2.791624870678628,1.6668067662469186,0.20833333333333334,0.2,0.375,0.13510762520437555,0.12076824391879133,1
user_9734,2021-04-19 07:57:00,20,8,7,1,2,0,5,8,15,5,14,0,0,8.489987735104856,0.9212307072027618,2.4777951604830917,0.35,0.14285714285714285,0.4,0.4955440062348476,0.6804146837585585,0
user_9735,2021-04-19 08:12:00,16,10,7,1,1,1,16,15,16,11,20,0,0,5.658837338556066,3.3158366039040845,9.112122694046835,0.4375,0.14285714285714285,0.625,0.6805848660085942,0.9124876395426725,0
user_9736,2021-04-19 08:27:00,19,14,6,1,5,1,13,19,6,6,17,0,0,2.5393986645107223,7.274099843247358,9.084156066427807,0.3157894736842105,0.16666666666666666,0.7368421052631579,0.6794597262188478,0.4477603168908605,1
user_9737,2021-04-19 08:42:00,21,12,6,2,0,1,11,16,7,15,19,0,0,0.16216977000837987,4.984949516334497,3.3956691099869545,0.2857142857142857,0.3333333333333333,0.5714285714285714,0.21563556719632815,0.5849822752762492,0
user_9738,2021-04-19 08:57:00,30,6,4,0,2,0,17,9,17,13,14,0,0,8.098731585855258,4.583221790367978,4.098617981661099,0.13333333333333333,0.0,0.2,0.897803175049815,0.23329658902001713,0
user_9739,2021-04-19 09:12:00,17,3,5,0,1,0,14,11,20,18,11,0,0,2.250043776660358,3.572529958287081,6.114218670937325,0.29411764705882354,0.0,0.17647058823529413,0.41416633918500945,0.27829025811785296,0
user_9740,2021-04-19 09:27:00,16,13,4,2,2,1,5,14,17,19,17,0,0,4.411685654876225,1.7471357658048008,11.157583683663068,0.25,0.5,0.8125,0.23264089212701233,0.4621033568166262,1
user_9741,2021-04-19 09:42:00,25,8,7,1,3,0,13,7,8,7,13,0,0,8.90976454366145,1.1267420011780551,10.016840432946914,0.28,0.14285714285714285,0.32,0.5863206422379208,0.5065907116470592,0
user_9742,2021-04-19 09:57:00,23,11,4,2,1,0,14,20,5,9,20,0,0,6.784908313156122,7.184110875922843,9.573120586947908,0.17391304347826086,0.5,0.4782608695652174,0.7111714684305743,0.6805039880208007,0
user_9743,2021-04-19 10:12:00,30,7,6,0,1,0,5,15,7,16,13,0,0,0.5452132028973692,6.113435276940357,2.1629664200812964,0.2,0.0,0.23333333333333334,0.5018843859025739,0.6119611342131588,1
user_9744,2021-04-19 10:27:00,23,7,5,1,2,0,9,9,15,9,19,0,0,9.16636122073114,0.18943389317267495,5.231756846799433,0.21739130434782608,0.2,0.30434782608695654,0.2769656409291871,0.2878416578005581,0
user_9745,2021-04-19 10:42:00,26,9,4,1,1,0,16,19,7,11,13,0,0,5.852045935039244,0.3875486417225503,8.20416816572627,0.15384615384615385,0.25,0.34615384615384615,0.43112023390717447,0.20696091416555884,1
user_9746,2021-04-19 10:57:00,23,8,6,1,3,1,12,7,7,8,16,0,0,9.758778247996355,5.847392404667995,2.7470472911699284,0.2608695652173913,0.16666666666666666,0.34782608695652173,0.14543964574199342,0.11177988061891442,0
user_9747,2021-04-19 11:12:00,20,10,8,1,2,0,14,11,6,17,16,0,0,9.592419258286766,5.261412327951615,4.413753531238712,0.4,0.125,0.5,0.23300599527155264,0.9020818558478758,0
user_9748,2021-04-19 11:27:00,13,7,6,0,2,1,10,19,8,6,20,0,0,2.1720548631714234,6.813600198087823,6.660684662966868,0.46153846153846156,0.0,0.5384615384615384,0.7617828055677837,0.4161806914713091,0
user_9749,2021-04-19 11:42:00,24,13,3,1,3,0,10,12,13,9,14,0,0,1.9203689016103114,1.614309366783071,2.355389515544366,0.125,0.3333333333333333,0.5416666666666666,0.8965671558118047,0.5745831159550544,0
user_9750,2021-04-19 11:57:00,17,5,5,0,1,2,12,5,19,9,10,0,0,2.128765916950239,6.014578143112507,5.882469505291962,0.29411764705882354,0.0,0.29411764705882354,0.5503476982138796,0.7978547200462239,0
user_9751,2021-04-19 12:12:00,28,9,3,1,2,0,17,20,13,8,6,0,0,6.139490156024412,4.146859498258617,11.699271452009373,0.10714285714285714,0.3333333333333333,0.32142857142857145,0.4672897631888179,0.43378192495403045,1
user_9752,2021-04-19 12:27:00,20,16,5,1,0,1,8,5,20,17,11,0,0,8.10488867660505,5.001351252718838,9.758912540380106,0.25,0.2,0.8,0.5475348643522195,0.8653815245700576,0
user_9753,2021-04-19 12:42:00,17,8,5,1,3,0,11,12,18,5,8,0,0,3.5654041109739105,3.5049652346918276,5.4997725277846845,0.29411764705882354,0.2,0.47058823529411764,0.2006091640334092,0.8017784258953399,0
user_9754,2021-04-19 12:57:00,28,6,9,1,1,1,7,19,14,19,19,0,0,4.80253099904333,2.933505858754951,1.8975775391646732,0.32142857142857145,0.1111111111111111,0.21428571428571427,0.3259700661781596,0.38691775246991356,0
user_9755,2021-04-19 13:12:00,29,10,6,2,0,1,16,15,19,17,18,0,0,2.3858406265268615,6.893388590615117,4.068063856570734,0.20689655172413793,0.3333333333333333,0.3448275862068966,0.9712168356444318,0.3450155148669741,0
user_9756,2021-04-19 13:27:00,22,6,5,1,4,2,7,18,10,18,5,0,0,3.766088050370929,7.986740153685937,7.279585405564214,0.22727272727272727,0.2,0.2727272727272727,0.3485217176320272,0.453654401525424,0
user_9757,2021-04-19 13:42:00,16,9,4,0,3,0,13,9,17,6,8,0,0,7.727911525989179,6.875459577649889,6.634722050045273,0.25,0.0,0.5625,0.7163789955513047,0.9771711521546294,1
user_9758,2021-04-19 13:57:00,17,15,8,0,2,0,9,7,19,14,17,0,0,6.41251291578589,5.366609588181845,10.985339506567726,0.47058823529411764,0.0,0.8823529411764706,0.4319168002052163,0.9669958085024194,0
user_9759,2021-04-19 14:12:00,23,8,6,0,1,1,8,13,6,20,18,0,0,6.305549371518172,3.7159260744448335,5.145883418639421,0.2608695652173913,0.0,0.34782608695652173,0.7435797253988522,0.3974721139038232,0
user_9760,2021-04-19 14:27:00,28,5,4,0,1,0,13,8,15,5,17,0,0,6.865207556402735,6.966629036138342,4.013878204251316,0.14285714285714285,0.0,0.17857142857142858,0.9701855344561418,0.8929202584089825,0
user_9761,2021-04-19 14:42:00,18,8,4,0,4,0,18,20,18,20,6,0,0,4.289864465121315,4.078363728890767,1.1605191547866989,0.2222222222222222,0.0,0.4444444444444444,0.8779472438774593,0.2998240123362291,0
user_9762,2021-04-19 14:57:00,22,7,6,2,0,1,18,6,12,15,9,0,0,4.451310748226865,6.541382994780618,0.6772553632440923,0.2727272727272727,0.3333333333333333,0.3181818181818182,0.6449154836352616,0.18344228483166045,0
user_9763,2021-04-19 15:12:00,21,9,5,1,0,1,6,12,16,10,10,0,0,2.794489682322344,5.701742206076088,5.06060906497269,0.23809523809523808,0.2,0.42857142857142855,0.42517869117479967,0.6160582165033966,0
user_9764,2021-04-19 15:27:00,20,12,8,2,1,1,8,6,13,12,16,0,0,9.847820164978407,3.1416340663053104,7.101917755148604,0.4,0.25,0.6,0.30748548084385874,0.17967856138675908,0
user_9765,2021-04-19 15:42:00,17,9,2,1,1,2,20,19,14,7,19,0,0,9.730252870236786,1.538498739924717,6.353588799628184,0.11764705882352941,0.5,0.5294117647058824,0.6492915207899469,0.37440289333890875,0
user_9766,2021-04-19 15:57:00,22,13,16,1,2,1,8,18,15,18,20,0,0,1.5306813216424877,2.2103217782502385,3.735135203918014,0.7272727272727273,0.0625,0.5909090909090909,0.2417482301816527,0.44987859088644766,0
user_9767,2021-04-19 16:12:00,19,11,5,2,2,1,14,12,12,9,14,0,0,9.02983940596301,7.191925902875851,1.1775900324424762,0.2631578947368421,0.4,0.5789473684210527,0.9669582244399484,0.6190515788875072,0
user_9768,2021-04-19 16:27:00,23,4,7,2,2,0,19,10,7,14,11,0,0,8.334351944951717,4.631515812141738,7.0582785954687886,0.30434782608695654,0.2857142857142857,0.17391304347826086,0.8705608524853512,0.46059934280504233,0
user_9769,2021-04-19 16:42:00,22,8,2,0,3,1,5,16,16,11,11,0,0,3.8724646776069642,7.364869437036041,3.6271559724000495,0.09090909090909091,0.0,0.36363636363636365,0.8437472105064429,0.3262744726537261,0
user_9770,2021-04-19 16:57:00,20,10,4,0,2,0,20,7,11,18,9,0,0,8.55718260108919,5.69382774225352,0.6351931267456019,0.2,0.0,0.5,0.9441192674367264,0.38599109119512787,0
user_9771,2021-04-19 17:12:00,25,6,1,1,6,0,20,5,20,15,10,0,0,8.06502967273801,3.3618578804922494,3.347288531149973,0.04,1.0,0.24,0.1596863399296224,0.8638055477350277,0
user_9772,2021-04-19 17:27:00,11,6,4,2,3,0,17,16,12,6,10,0,0,4.713558007021821,2.3707425434621476,5.264572640609491,0.36363636363636365,0.5,0.5454545454545454,0.46042656624909106,0.3523823830648767,0
user_9773,2021-04-19 17:42:00,21,7,10,0,1,1,14,11,9,14,16,0,0,8.767915130087113,4.144293990648881,10.460543930851491,0.47619047619047616,0.0,0.3333333333333333,0.17891922619279804,0.3360033975848904,0
user_9774,2021-04-19 17:57:00,13,12,2,1,0,0,20,17,6,12,16,0,0,0.8722739625331227,0.31507986406830835,4.7602369433114,0.15384615384615385,0.5,0.9230769230769231,0.5879791356456348,0.3009378033866713,0
user_9775,2021-04-19 18:12:00,15,9,5,1,1,0,7,7,7,5,11,0,0,3.3902166044697912,6.496603654950795,2.510712663403799,0.3333333333333333,0.2,0.6,0.47312528422634736,0.6272004999934309,0
user_9776,2021-04-19 18:27:00,21,11,12,1,3,0,15,16,17,14,8,0,0,8.122849437334583,7.289100802153476,9.164673388561576,0.5714285714285714,0.08333333333333333,0.5238095238095238,0.3665042542089697,0.5762894343050758,0
user_9777,2021-04-19 18:42:00,20,7,5,2,3,2,18,9,17,14,18,0,0,8.975194281440487,0.2009439459448799,10.209965329800426,0.25,0.4,0.35,0.5357055459058345,0.48299016446562304,0
user_9778,2021-04-19 18:57:00,14,14,7,1,2,1,7,10,12,16,9,0,0,2.5031727632299785,2.4893422295223093,8.486355481447633,0.5,0.14285714285714285,1.0,0.6981232305825741,0.8561789298353981,0
user_9779,2021-04-19 19:12:00,14,8,7,2,1,1,14,5,15,6,18,0,0,0.28658340370063856,2.1721153194070935,1.6912666811906059,0.5,0.2857142857142857,0.5714285714285714,0.3153350468530035,0.6869859679318413,0
user_9780,2021-04-19 19:27:00,31,7,6,1,3,1,16,9,20,9,16,0,0,7.512986734174867,6.460867459428254,7.787603939584375,0.1935483870967742,0.16666666666666666,0.22580645161290322,0.8457106031600602,0.5620113655992948,0
user_9781,2021-04-19 19:42:00,22,7,5,2,1,0,8,20,8,15,19,0,0,7.361831983363552,4.130353266046097,1.8978750999970322,0.22727272727272727,0.4,0.3181818181818182,0.18793804481389356,0.2810685320245219,0
user_9782,2021-04-19 19:57:00,28,10,1,0,0,0,6,10,7,5,10,0,0,4.791949448590541,3.8130977550930307,4.359786007908708,0.03571428571428571,0.0,0.35714285714285715,0.2706468016645256,0.7080864509410818,0
user_9783,2021-04-19 20:12:00,27,10,7,0,2,0,20,19,19,17,19,0,0,4.583646115452009,7.6617449863629306,2.7775868999568454,0.25925925925925924,0.0,0.37037037037037035,0.6628668008790406,0.44774051703871054,0
user_9784,2021-04-19 20:27:00,23,12,6,1,4,2,19,18,6,8,19,0,0,8.02709295271968,1.341085591758571,11.101760936582874,0.2608695652173913,0.16666666666666666,0.5217391304347826,0.254914142070399,0.5278912850755776,0
user_9785,2021-04-19 20:42:00,18,11,7,0,4,0,8,13,5,13,9,0,0,3.5924708832654764,2.707855265534767,8.730785368321191,0.3888888888888889,0.0,0.6111111111111112,0.35203197476797643,0.7439502825228905,0
user_9786,2021-04-19 20:57:00,19,8,4,2,2,0,17,12,7,14,14,0,0,1.298795402688447,5.111093400536456,8.057239338818666,0.21052631578947367,0.5,0.42105263157894735,0.9097222800022561,0.7594572829124924,0
user_9787,2021-04-19 21:12:00,19,12,4,2,2,2,18,6,20,10,6,0,0,7.047249581387845,0.9399343303044927,6.423536041964559,0.21052631578947367,0.5,0.631578947368421,0.8752920339876565,0.7329923961524145,0
user_9788,2021-04-19 21:27:00,16,13,9,1,2,0,12,6,10,8,10,0,0,0.6144326992059724,0.10917182589429411,6.205758545057375,0.5625,0.1111111111111111,0.8125,0.773201006533294,0.710609938057333,0
user_9789,2021-04-19 21:42:00,18,12,7,0,1,1,6,5,20,15,18,0,0,2.696266268854914,7.204746800775979,2.8345054404335492,0.3888888888888889,0.0,0.6666666666666666,0.762622243361285,0.39874975359331544,0
user_9790,2021-04-19 21:57:00,19,12,9,0,0,0,8,5,6,5,6,0,0,3.723322075385253,7.099079034495617,3.465730276360854,0.47368421052631576,0.0,0.631578947368421,0.253393334828155,0.5199817880990438,0
user_9791,2021-04-19 22:12:00,12,8,5,1,3,1,10,17,8,8,10,0,0,5.658111256749564,2.052726995677329,8.828243891040374,0.4166666666666667,0.2,0.6666666666666666,0.9646779070053617,0.4514836721799631,0
user_9792,2021-04-19 22:27:00,23,10,6,3,1,0,11,18,6,16,9,0,0,8.897247893240884,4.4506387785874315,3.831922950074552,0.2608695652173913,0.5,0.43478260869565216,0.8807093667085546,0.32156106992848865,0
user_9793,2021-04-19 22:42:00,17,11,5,1,5,0,20,19,18,20,10,0,0,1.531335369166452,7.612357466021636,11.842477352442845,0.29411764705882354,0.2,0.6470588235294118,0.2996599824679722,0.6301398838936912,0
user_9794,2021-04-19 22:57:00,22,14,5,1,0,0,11,20,8,13,5,0,0,9.564533784169297,0.859764838328118,9.317244459939202,0.22727272727272727,0.2,0.6363636363636364,0.7716891713008567,0.5503826218086096,0
user_9795,2021-04-19 23:12:00,15,10,3,1,3,1,14,20,9,19,7,0,0,1.6470831789944986,7.881240859977554,1.9241436543876038,0.2,0.3333333333333333,0.6666666666666666,0.14779903984281695,0.5148778638139324,0
user_9796,2021-04-19 23:27:00,22,13,3,1,2,0,16,11,15,15,14,0,0,6.38198073002374,5.509369721577175,4.035173891979979,0.13636363636363635,0.3333333333333333,0.5909090909090909,0.4328969400800259,0.343843091561932,1
user_9797,2021-04-19 23:42:00,20,7,9,1,2,0,7,19,7,20,10,0,0,9.230882301886652,4.50679409755211,11.038376694265997,0.45,0.1111111111111111,0.35,0.702321385475505,0.2712836061004388,0
user_9798,2021-04-19 23:57:00,24,6,4,1,1,1,12,12,11,17,18,0,0,6.889709968727911,6.25175573696149,11.017680145868443,0.16666666666666666,0.25,0.25,0.7162364543028799,0.530594387287883,0
user_9799,2021-04-20 00:12:00,20,5,5,2,3,2,15,20,5,8,12,1,0,3.0815088152003027,5.915305041253416,3.0985229766256865,0.25,0.4,0.25,0.8058771877330548,0.6303966333603954,1
user_9800,2021-04-20 00:27:00,24,5,4,2,1,1,19,20,7,11,16,1,0,6.8890290740296365,4.359160715246979,7.6328925627591575,0.16666666666666666,0.5,0.20833333333333334,0.5695955561385905,0.10833950172405518,0
user_9801,2021-04-20 00:42:00,23,9,6,1,0,0,15,6,7,15,10,1,0,0.1723661482814235,6.199248434399825,9.637215387304746,0.2608695652173913,0.16666666666666666,0.391304347826087,0.28804509414818597,0.7012947160521151,1
user_9802,2021-04-20 00:57:00,18,14,9,1,1,0,19,10,10,5,12,1,0,1.839513216679006,6.060909510737072,0.5940349834422276,0.5,0.1111111111111111,0.7777777777777778,0.6129618422173224,0.2642980033367413,0
user_9803,2021-04-20 01:12:00,20,4,6,0,1,0,16,9,16,12,17,1,0,9.31417594811401,1.5940689189602206,3.186414121100094,0.3,0.0,0.2,0.44101596546278665,0.30576609724290255,0
user_9804,2021-04-20 01:27:00,15,8,6,0,3,0,18,7,11,12,8,1,0,7.653657103452796,5.7673936817008356,9.641233916419262,0.4,0.0,0.5333333333333333,0.9219222251874737,0.4252716854563896,0
user_9805,2021-04-20 01:42:00,20,12,7,1,2,0,20,14,13,12,11,1,0,9.386096539486324,6.822904621061642,5.9627898395034125,0.35,0.14285714285714285,0.6,0.42619891729902604,0.6517901065620694,0
user_9806,2021-04-20 01:57:00,22,11,7,1,2,1,15,11,20,7,8,1,0,2.357549314946903,1.6898493124930825,4.621783214892296,0.3181818181818182,0.14285714285714285,0.5,0.6727611375271919,0.6021162058209468,1
user_9807,2021-04-20 02:12:00,17,9,4,0,2,0,13,10,19,5,16,1,0,6.698094384159673,3.2120322472210323,3.4713364630632215,0.23529411764705882,0.0,0.5294117647058824,0.4007802845296752,0.16140447697266957,0
user_9808,2021-04-20 02:27:00,24,12,3,1,2,1,5,20,10,7,12,1,0,5.96607379810537,0.3926263064841913,4.497977727402173,0.125,0.3333333333333333,0.5,0.595188427822332,0.32193461173788684,0
user_9809,2021-04-20 02:42:00,23,12,9,1,1,1,7,19,9,10,9,1,0,1.399595603814486,3.135998598698087,9.183173505693533,0.391304347826087,0.1111111111111111,0.5217391304347826,0.8719607647852718,0.31983300043359886,1
user_9810,2021-04-20 02:57:00,18,6,4,0,5,1,17,19,16,19,16,1,0,5.790853303668023,3.084056384978364,3.728946444317506,0.2222222222222222,0.0,0.3333333333333333,0.358251747712653,0.7871265734367233,0
user_9811,2021-04-20 03:12:00,18,7,5,0,4,2,14,10,12,11,7,1,0,1.5883649795325494,4.322215691337265,0.8756976425028217,0.2777777777777778,0.0,0.3888888888888889,0.18112010103076062,0.6967771048144583,0
user_9812,2021-04-20 03:27:00,21,6,5,0,1,1,14,15,20,19,19,1,0,9.438697418232488,6.942958844532582,11.315876712247125,0.23809523809523808,0.0,0.2857142857142857,0.8761173422565235,0.32699799908467153,0
user_9813,2021-04-20 03:42:00,18,11,5,1,4,1,15,15,20,19,16,1,0,9.724723168321804,4.350385942004813,8.49939474789139,0.2777777777777778,0.2,0.6111111111111112,0.17579322959221566,0.3663304755353398,0
user_9814,2021-04-20 03:57:00,13,10,8,0,1,0,18,12,14,19,20,1,0,7.57221733185092,4.368901937171912,6.18442764219547,0.6153846153846154,0.0,0.7692307692307693,0.7163744588578076,0.2150263218307678,0
user_9815,2021-04-20 04:12:00,28,9,6,1,2,0,13,20,19,16,16,1,0,1.8218807452030952,4.851942076645283,11.383627880811234,0.21428571428571427,0.16666666666666666,0.32142857142857145,0.33081369262538496,0.711921589602921,0
user_9816,2021-04-20 04:27:00,24,10,5,2,3,1,9,15,7,11,16,1,0,8.020164694311822,1.2581482599655234,5.594218621485164,0.20833333333333334,0.4,0.4166666666666667,0.11790264905381737,0.6580591958739598,0
user_9817,2021-04-20 04:42:00,16,7,5,1,2,1,5,10,12,18,12,1,0,0.11622044420763833,1.2467972349315974,9.980073164675048,0.3125,0.2,0.4375,0.4072946400717665,0.970203958881229,0
user_9818,2021-04-20 04:57:00,23,8,5,2,3,1,6,10,16,7,17,1,0,2.0212347489275775,6.043963071047396,6.111326776936909,0.21739130434782608,0.4,0.34782608695652173,0.5133568769023297,0.30685168346053987,0
user_9819,2021-04-20 05:12:00,18,7,5,1,4,0,6,5,10,5,13,1,0,3.9897202845346933,3.203179473234481,6.032612615240506,0.2777777777777778,0.2,0.3888888888888889,0.30011197646531895,0.17770714265258353,0
user_9820,2021-04-20 05:27:00,11,8,9,2,3,1,6,15,16,19,19,1,0,0.769651268377985,3.8759868978813192,4.693611319994019,0.8181818181818182,0.2222222222222222,0.7272727272727273,0.11654125763648221,0.24732544303795445,0
user_9821,2021-04-20 05:42:00,22,9,4,2,2,1,9,14,9,12,20,1,0,4.2502733221814735,0.886810640133165,7.917055968091704,0.18181818181818182,0.5,0.4090909090909091,0.5893848346804185,0.34330395848323436,0
user_9822,2021-04-20 05:57:00,19,9,2,1,2,0,9,5,7,18,8,1,0,7.164404390525482,5.114374105261689,8.730686458815493,0.10526315789473684,0.5,0.47368421052631576,0.36070866860604933,0.19644440125648877,0
user_9823,2021-04-20 06:12:00,27,14,1,0,2,0,9,9,6,19,17,1,0,4.190538250814625,7.7539827822783645,3.885919290808942,0.037037037037037035,0.0,0.5185185185185185,0.6373955747797446,0.791358871037949,0
user_9824,2021-04-20 06:27:00,26,4,2,1,2,0,15,9,17,17,18,1,0,4.555028320948557,2.5299557656420184,10.005041109376982,0.07692307692307693,0.5,0.15384615384615385,0.7640644545238265,0.4062046777379975,0
user_9825,2021-04-20 06:42:00,19,8,10,2,2,2,17,13,20,18,14,1,0,7.718278153002705,6.681269180874423,0.8059889081921405,0.5263157894736842,0.2,0.42105263157894735,0.2107043772000624,0.2442121320730651,0
user_9826,2021-04-20 06:57:00,14,15,8,1,2,1,9,19,18,17,5,1,0,2.8644253778740505,0.7463217012052138,7.848203238618777,0.5714285714285714,0.125,1.0714285714285714,0.9898356117276697,0.37930460297366586,0
user_9827,2021-04-20 07:12:00,16,6,2,0,3,0,9,18,10,12,10,1,0,6.266481760984149,1.9562873679681014,2.0552867967891544,0.125,0.0,0.375,0.6129173647049606,0.6450823513212928,0
user_9828,2021-04-20 07:27:00,14,10,6,1,1,0,6,16,5,16,12,1,0,1.931403576746418,4.333945736467597,8.119672408475548,0.42857142857142855,0.16666666666666666,0.7142857142857143,0.8177384891737413,0.9482496551652614,0
user_9829,2021-04-20 07:42:00,16,13,7,1,2,1,10,15,11,17,16,1,0,0.5499707034506361,4.688598355324684,9.082178287793768,0.4375,0.14285714285714285,0.8125,0.7610087361426926,0.5918788532765189,0
user_9830,2021-04-20 07:57:00,17,12,4,2,2,1,16,9,20,11,18,1,0,9.385458844036616,3.1154845285992643,9.904290957385431,0.23529411764705882,0.5,0.7058823529411765,0.4671799155655729,0.2910086750015147,0
user_9831,2021-04-20 08:12:00,20,8,7,1,0,0,12,8,15,10,8,1,0,1.6351460225681438,7.447027427005285,6.984483608663154,0.35,0.14285714285714285,0.4,0.5667850808966572,0.2438664467691694,0
user_9832,2021-04-20 08:27:00,15,10,13,0,1,1,14,18,14,5,11,1,0,5.290705611392921,2.026265921041323,9.184534501008883,0.8666666666666667,0.0,0.6666666666666666,0.3234042095547102,0.5896613132394406,0
user_9833,2021-04-20 08:42:00,24,13,8,0,2,1,20,11,19,11,19,1,0,9.384317298865342,4.345370093436021,10.693578622507124,0.3333333333333333,0.0,0.5416666666666666,0.8832985683319411,0.14954198005070202,0
user_9834,2021-04-20 08:57:00,26,13,3,1,3,0,18,12,15,19,7,1,0,7.479561027685304,3.563932440257258,7.7390819183580275,0.11538461538461539,0.3333333333333333,0.5,0.7602542960949028,0.9970195903897245,0
user_9835,2021-04-20 09:12:00,16,10,4,0,2,0,13,7,14,19,20,1,0,2.7364326253268674,4.945658074273113,4.689189370195146,0.25,0.0,0.625,0.3340039179654517,0.20774127840964884,0
user_9836,2021-04-20 09:27:00,16,9,5,1,1,2,20,14,9,6,18,1,0,1.9614562208034476,5.5764622594019135,8.043268690148109,0.3125,0.2,0.5625,0.2184667629474909,0.16234751335619493,0
user_9837,2021-04-20 09:42:00,19,14,7,2,1,1,6,5,13,9,9,1,0,2.925701953610192,5.093563691915675,2.324223435246677,0.3684210526315789,0.2857142857142857,0.7368421052631579,0.14062760070884625,0.6555904458467481,0
user_9838,2021-04-20 09:57:00,25,17,3,2,3,3,10,12,19,19,10,1,0,5.487707495114409,3.4697434881689935,10.000928941522252,0.12,0.6666666666666666,0.68,0.629421896201913,0.6574505191259684,0
user_9839,2021-04-20 10:12:00,22,12,8,0,0,0,15,5,5,7,13,1,0,0.34889150438689387,2.548790971402288,7.01247932288498,0.36363636363636365,0.0,0.5454545454545454,0.8364276947420353,0.1461328878419893,0
user_9840,2021-04-20 10:27:00,16,18,7,0,2,0,18,12,17,10,9,1,0,6.591098251434509,4.850799865602533,8.830502536143033,0.4375,0.0,1.125,0.4234063784548374,0.8971999300795158,0
user_9841,2021-04-20 10:42:00,16,14,7,0,4,1,5,5,6,12,20,1,0,4.227723992478018,1.6923901724924715,2.818603126553214,0.4375,0.0,0.875,0.18689700820121824,0.5561879136503951,0
user_9842,2021-04-20 10:57:00,17,6,9,1,3,0,7,8,14,16,9,1,0,4.918702729573879,3.113310812160699,7.547918545735029,0.5294117647058824,0.1111111111111111,0.35294117647058826,0.7561974051040861,0.528431375428706,0
user_9843,2021-04-20 11:12:00,29,15,8,1,1,1,16,8,17,9,11,1,0,1.7207291238378821,2.0779429242901273,8.532075929243447,0.27586206896551724,0.125,0.5172413793103449,0.7695842895346219,0.37139445286230244,0
user_9844,2021-04-20 11:27:00,18,8,5,0,0,0,20,13,13,5,7,1,0,8.130529170419068,3.4491738389073068,6.783602281962535,0.2777777777777778,0.0,0.4444444444444444,0.7666029725795896,0.6172912661544442,0
user_9845,2021-04-20 11:42:00,20,13,5,0,4,0,13,10,10,12,11,1,0,5.375111778446326,2.228127952728731,1.7704897149147407,0.25,0.0,0.65,0.23338009911104088,0.24339801725548174,0
user_9846,2021-04-20 11:57:00,15,16,10,1,1,2,13,7,17,5,10,1,0,2.2741055209793273,5.504309244671359,5.519841474040634,0.6666666666666666,0.1,1.0666666666666667,0.1555938812028685,0.776804315804002,0
user_9847,2021-04-20 12:12:00,27,6,10,2,1,0,13,12,9,9,19,1,0,9.097438097237621,6.737231497217013,8.618061649267682,0.37037037037037035,0.2,0.2222222222222222,0.9075201862223558,0.5520201447001191,0
user_9848,2021-04-20 12:27:00,26,9,11,1,1,1,15,18,20,20,7,1,0,3.161733802978768,2.3935118419526704,5.57943770356418,0.4230769230769231,0.09090909090909091,0.34615384615384615,0.29910793709847583,0.44758787062134786,0
user_9849,2021-04-20 12:42:00,20,8,6,1,0,1,10,18,8,17,7,1,0,2.1437873607547044,1.433926594845222,9.518830865888482,0.3,0.16666666666666666,0.4,0.1902878947709301,0.5359509336422257,0
user_9850,2021-04-20 12:57:00,23,20,7,1,2,0,9,14,19,10,7,1,0,0.2044262373200151,0.7756653333404668,11.732025942146237,0.30434782608695654,0.14285714285714285,0.8695652173913043,0.9503257395603527,0.4341558930680476,0
user_9851,2021-04-20 13:12:00,25,4,8,2,2,0,18,5,6,10,18,1,0,1.4230190519112742,6.3686802168448455,2.8086527096643414,0.32,0.25,0.16,0.8577586537080257,0.689916486652266,0
user_9852,2021-04-20 13:27:00,26,8,8,1,1,1,9,7,8,17,17,1,0,4.724712023381861,2.1720260285624993,7.679134787947633,0.3076923076923077,0.125,0.3076923076923077,0.5268570125472262,0.5057284264080311,0
user_9853,2021-04-20 13:42:00,19,11,4,0,1,0,16,7,20,13,9,1,0,6.449802557290361,5.359241565973026,3.5708289334632046,0.21052631578947367,0.0,0.5789473684210527,0.9244629747364317,0.3414219882465599,0
user_9854,2021-04-20 13:57:00,19,10,2,0,1,0,20,14,13,8,14,1,0,5.819430915949859,7.678961889840575,1.8663280199969816,0.10526315789473684,0.0,0.5263157894736842,0.9632393868387761,0.5380654134657347,0
user_9855,2021-04-20 14:12:00,25,8,6,1,3,1,8,15,20,20,9,1,0,6.981953515384044,4.981126093152358,3.4075916183420754,0.24,0.16666666666666666,0.32,0.39528170971837473,0.8395793726633715,0
user_9856,2021-04-20 14:27:00,17,10,10,1,4,1,17,8,16,9,8,1,0,6.866477868186231,3.4759209276859924,8.870961284851042,0.5882352941176471,0.1,0.5882352941176471,0.7055608676645373,0.6817664843523485,0
user_9857,2021-04-20 14:42:00,20,11,8,0,3,0,15,20,6,9,10,1,0,9.296096128116828,7.465081465886333,3.511885590076034,0.4,0.0,0.55,0.960505466062045,0.5365080903546758,1
user_9858,2021-04-20 14:57:00,30,7,4,0,2,0,6,11,7,11,14,1,0,6.515608985787111,0.32765092518599953,9.145470773055823,0.13333333333333333,0.0,0.23333333333333334,0.9781109616685131,0.3032262506847052,0
user_9859,2021-04-20 15:12:00,25,12,3,2,5,0,12,19,20,9,19,1,0,7.78796759558147,6.321771710408395,3.682744700281553,0.12,0.6666666666666666,0.48,0.8463093263219125,0.1604902753271566,0
user_9860,2021-04-20 15:27:00,26,14,3,1,4,1,13,10,20,14,18,1,0,5.094398192353413,4.879108169183518,9.370400413725053,0.11538461538461539,0.3333333333333333,0.5384615384615384,0.9695818711152225,0.7687536000004724,0
user_9861,2021-04-20 15:42:00,21,7,6,2,3,1,6,16,16,14,6,1,0,2.9278462984880482,2.867986384367564,2.159137823170643,0.2857142857142857,0.3333333333333333,0.3333333333333333,0.6997332039356435,0.2423325437694327,0
user_9862,2021-04-20 15:57:00,16,4,8,2,3,0,9,15,14,14,15,1,0,0.21431704252411815,1.178345062880766,0.7832295334904349,0.5,0.25,0.25,0.48837703283932343,0.4183797745820589,1
user_9863,2021-04-20 16:12:00,13,9,8,1,0,0,20,13,6,16,6,1,0,4.7401178155414545,0.16419142049453256,3.8421831723607793,0.6153846153846154,0.125,0.6923076923076923,0.3799202622004576,0.23802567027761148,0
user_9864,2021-04-20 16:27:00,21,8,10,0,3,1,20,19,5,5,6,1,0,3.9696356647955326,3.4979088412309554,1.4600554429620904,0.47619047619047616,0.0,0.38095238095238093,0.5952710400595456,0.19631484608487765,0
user_9865,2021-04-20 16:42:00,19,17,9,1,5,0,13,11,19,14,19,1,0,2.5975595572291055,7.480995430802868,2.8654370982885564,0.47368421052631576,0.1111111111111111,0.8947368421052632,0.5222659823986318,0.6000474876801223,0
user_9866,2021-04-20 16:57:00,22,10,5,1,3,1,9,19,17,9,13,1,0,9.462185941431184,4.987942211736012,2.1672936605036446,0.22727272727272727,0.2,0.45454545454545453,0.1209468050176321,0.8250974641717448,0
user_9867,2021-04-20 17:12:00,14,6,3,1,2,0,9,10,5,10,5,1,0,1.7364416090312105,3.755454712769496,11.606713308326226,0.21428571428571427,0.3333333333333333,0.42857142857142855,0.7886148741918406,0.581439710854818,0
user_9868,2021-04-20 17:27:00,22,8,4,1,2,0,11,16,20,10,6,1,0,1.101227395792654,1.9848832800130851,10.101021154825533,0.18181818181818182,0.25,0.36363636363636365,0.24594889458489688,0.1211397289319476,0
user_9869,2021-04-20 17:42:00,23,12,3,1,4,1,20,18,5,12,20,1,0,8.081167471510138,1.380770141795248,10.538789385200229,0.13043478260869565,0.3333333333333333,0.5217391304347826,0.538338517486528,0.566322180228156,0
user_9870,2021-04-20 17:57:00,19,15,9,1,4,0,5,13,18,20,8,1,0,8.522435073219958,1.7770689067864194,9.972497275179379,0.47368421052631576,0.1111111111111111,0.7894736842105263,0.44249941090031497,0.1564564754352989,0
user_9871,2021-04-20 18:12:00,16,13,3,0,4,1,16,10,10,15,11,1,0,7.481286764397573,4.816512185863641,5.2615129642963065,0.1875,0.0,0.8125,0.4391854653465236,0.5132750408835072,0
user_9872,2021-04-20 18:27:00,29,11,4,0,1,0,19,6,7,15,9,1,0,2.1262374985919426,3.3942466238933284,8.965054009790746,0.13793103448275862,0.0,0.3793103448275862,0.45835042835228845,0.25137838799337114,0
user_9873,2021-04-20 18:42:00,22,8,7,2,2,0,8,14,10,12,5,1,0,9.38545200050462,0.4465963297022766,3.3458107176700715,0.3181818181818182,0.2857142857142857,0.36363636363636365,0.5063963610407796,0.6355014461325827,0
user_9874,2021-04-20 18:57:00,25,14,2,2,3,0,17,20,19,6,7,1,0,6.36549786476414,6.883324921745172,6.295822966634498,0.08,1.0,0.56,0.12101723720954541,0.1786131654859512,0
user_9875,2021-04-20 19:12:00,15,11,4,1,3,0,8,13,20,12,10,1,0,3.070628403643881,5.341783386562705,2.1202682622530697,0.26666666666666666,0.25,0.7333333333333333,0.3251570352236861,0.4565712160116091,0
user_9876,2021-04-20 19:27:00,16,4,5,1,2,0,9,12,18,17,6,1,0,8.07551370392169,2.642792675256578,4.427738665450171,0.3125,0.2,0.25,0.7089030447320316,0.9728699874334671,0
user_9877,2021-04-20 19:42:00,22,7,8,0,2,0,8,13,10,19,18,1,0,9.931219318592754,1.1151835009509807,2.184919968215856,0.36363636363636365,0.0,0.3181818181818182,0.22683261091380272,0.7814943171476891,0
user_9878,2021-04-20 19:57:00,25,5,9,1,3,0,9,9,8,10,13,1,0,1.3352307255378597,1.556558227711942,9.906270343811604,0.36,0.1111111111111111,0.2,0.14193131545859117,0.27371085045323257,0
user_9879,2021-04-20 20:12:00,25,5,3,0,3,1,19,15,8,5,8,1,0,6.704566325013252,6.843097491348923,9.487999135754198,0.12,0.0,0.2,0.39125678148681653,0.42886003912236226,0
user_9880,2021-04-20 20:27:00,18,13,4,1,1,0,8,8,8,15,11,1,0,6.339055900109966,5.602431873711405,8.472482671429137,0.2222222222222222,0.25,0.7222222222222222,0.5340620764360823,0.6634593599123001,0
user_9881,2021-04-20 20:42:00,14,10,10,2,2,2,10,17,6,20,6,1,0,8.246417285413273,4.72570814855453,6.347178545418377,0.7142857142857143,0.2,0.7142857142857143,0.85301932401608,0.2773756493794376,0
user_9882,2021-04-20 20:57:00,22,9,7,2,3,2,19,7,20,5,8,1,0,0.4169654100970882,3.4793936174768625,0.7832702541613947,0.3181818181818182,0.2857142857142857,0.4090909090909091,0.46670559848314985,0.9619444767619986,0
user_9883,2021-04-20 21:12:00,16,11,6,1,2,0,5,20,6,20,13,1,0,3.0652503958050192,2.336186412251968,9.436356077547883,0.375,0.16666666666666666,0.6875,0.20702494316734113,0.3818718643686928,0
user_9884,2021-04-20 21:27:00,24,17,6,0,1,1,7,19,10,9,7,1,0,9.364235833009598,7.082506788774919,10.419157925516558,0.25,0.0,0.7083333333333334,0.7664660558957805,0.6545446605161648,0
user_9885,2021-04-20 21:42:00,19,16,3,2,1,0,7,5,9,10,20,1,0,7.620046154342129,0.9898328536771125,4.600208768672912,0.15789473684210525,0.6666666666666666,0.8421052631578947,0.4479810458311305,0.6643448654788805,0
user_9886,2021-04-20 21:57:00,31,8,4,1,2,1,11,13,11,19,7,1,0,9.761888508386622,7.0972712427605895,1.0709541776025084,0.12903225806451613,0.25,0.25806451612903225,0.3892653110255606,0.13003260714307843,0
user_9887,2021-04-20 22:12:00,31,8,6,1,2,1,8,7,7,20,17,1,0,7.315721201824706,5.053228182534986,6.693729578419554,0.1935483870967742,0.16666666666666666,0.25806451612903225,0.2165533253451637,0.32626340244805774,0
user_9888,2021-04-20 22:27:00,17,14,6,0,1,0,11,14,17,14,12,1,0,8.37059347586615,2.4793569133450273,6.6004093759277005,0.35294117647058826,0.0,0.8235294117647058,0.18667630831265708,0.31854945811413915,0
user_9889,2021-04-20 22:42:00,22,8,3,2,2,1,12,7,20,17,19,1,0,8.56888070014499,0.12919204172409873,9.558240042133281,0.13636363636363635,0.6666666666666666,0.36363636363636365,0.4328747110474145,0.8103835903148255,0
user_9890,2021-04-20 22:57:00,16,7,4,1,1,0,19,14,8,12,16,1,0,5.110334747653716,1.4465385346795474,5.3507506476882405,0.25,0.25,0.4375,0.3182787671881745,0.6933078073249519,0
user_9891,2021-04-20 23:12:00,14,6,9,0,2,0,11,9,18,15,16,1,0,2.1682073274374245,7.3952394242421375,7.183739366912166,0.6428571428571429,0.0,0.42857142857142855,0.5977459765080696,0.6332269585541335,0
user_9892,2021-04-20 23:27:00,22,11,7,2,4,0,8,19,8,10,11,1,0,3.5325579911012173,7.642035277383429,7.609356550292075,0.3181818181818182,0.2857142857142857,0.5,0.3080943139000782,0.8217959090256144,1
user_9893,2021-04-20 23:42:00,14,9,8,1,1,0,14,8,7,10,16,1,0,7.986325911685892,6.740234483233492,3.1611070287898895,0.5714285714285714,0.125,0.6428571428571429,0.18961930590021003,0.9198165451173883,0
user_9894,2021-04-20 23:57:00,20,5,7,1,3,0,12,12,15,10,19,1,0,0.3141388792941403,7.02198293526031,4.728684282845316,0.35,0.14285714285714285,0.25,0.8596131312187153,0.6645196693603573,0
user_9895,2021-04-21 00:12:00,15,7,5,1,1,1,17,8,16,16,15,2,0,6.875859659281991,2.807974118084932,1.9160947933863337,0.3333333333333333,0.2,0.4666666666666667,0.19145056931499166,0.8328990470322231,0
user_9896,2021-04-21 00:27:00,28,10,6,2,3,1,7,16,20,14,12,2,0,5.054714631401004,0.11342304173248591,7.513370204303175,0.21428571428571427,0.3333333333333333,0.35714285714285715,0.3794843551382253,0.7034761589964342,0
user_9897,2021-04-21 00:42:00,26,11,6,1,0,0,12,8,13,19,20,2,0,7.9374279146215665,5.459486511604061,3.8604090986047064,0.23076923076923078,0.16666666666666666,0.4230769230769231,0.6339506773624619,0.15383772714219016,0
user_9898,2021-04-21 00:57:00,23,6,4,0,3,0,9,7,15,11,10,2,0,4.141470010235889,1.1273589394651622,9.033564931646016,0.17391304347826086,0.0,0.2608695652173913,0.18024727968008325,0.9004117563188596,0
user_9899,2021-04-21 01:12:00,24,14,5,1,2,1,8,11,7,13,17,2,0,7.892833394052891,5.160941178879682,7.3010386217993,0.20833333333333334,0.2,0.5833333333333334,0.9717466832310951,0.792924667761521,0
user_9900,2021-04-21 01:27:00,15,12,6,0,4,0,6,13,18,16,9,2,0,9.93027325880009,7.855733759781574,5.5211542813613965,0.4,0.0,0.8,0.5453655109398322,0.4827386636958906,0
user_9901,2021-04-21 01:42:00,19,13,7,0,3,0,16,5,13,14,9,2,0,7.538462078970526,3.5830440901178955,7.639775457344417,0.3684210526315789,0.0,0.6842105263157895,0.47054258353112266,0.8971035424619135,0
user_9902,2021-04-21 01:57:00,25,8,7,0,3,3,16,10,5,12,8,2,0,0.387638168358696,1.3611005440671295,11.758973156664165,0.28,0.0,0.32,0.9227382666093638,0.8338995427439286,0
user_9903,2021-04-21 02:12:00,20,5,1,0,3,1,11,16,19,19,15,2,0,2.1868380009117363,0.4862080484982051,6.667800397544621,0.05,0.0,0.25,0.7994776557047388,0.6251247279652709,0
user_9904,2021-04-21 02:27:00,17,11,10,1,1,0,16,9,17,7,20,2,0,9.480841441998662,1.3918261150752833,2.9135612546963325,0.5882352941176471,0.1,0.6470588235294118,0.8272588562451165,0.7558835809843264,0
user_9905,2021-04-21 02:42:00,18,5,9,1,1,1,9,19,11,5,5,2,0,6.9908008564793285,5.324068637447382,1.1868156620150154,0.5,0.1111111111111111,0.2777777777777778,0.6986807174099253,0.9415937198073263,0
user_9906,2021-04-21 02:57:00,17,8,4,0,2,1,5,10,20,6,18,2,0,8.64458493943825,4.195371182163692,8.173263985732284,0.23529411764705882,0.0,0.47058823529411764,0.7848428699220872,0.23258517026929176,0
user_9907,2021-04-21 03:12:00,22,11,2,1,3,1,11,20,14,8,17,2,0,7.3961974048864345,2.7006102338659725,10.89367853639802,0.09090909090909091,0.5,0.5,0.8838028481718601,0.7488265362072258,0
user_9908,2021-04-21 03:27:00,20,6,8,0,2,0,10,17,19,6,7,2,0,6.41577402318777,7.8664432458709035,4.288219904622092,0.4,0.0,0.3,0.6960595878936184,0.7091100720648261,0
user_9909,2021-04-21 03:42:00,25,8,2,1,1,1,19,19,6,11,8,2,0,5.728670419341103,3.6628642986351485,11.360442267043577,0.08,0.5,0.32,0.8709746704026758,0.874695213719397,0
user_9910,2021-04-21 03:57:00,14,10,7,1,0,1,8,11,8,10,16,2,0,0.27533235369013115,1.4765556893376648,8.075158315640055,0.5,0.14285714285714285,0.7142857142857143,0.9019979570615985,0.17156739488486514,0
user_9911,2021-04-21 04:12:00,20,10,6,2,0,1,10,16,19,14,18,2,0,7.117195692270253,7.516479217707382,6.832350449692616,0.3,0.3333333333333333,0.5,0.19576447383881945,0.3590864042877723,0
user_9912,2021-04-21 04:27:00,19,16,3,1,1,1,16,14,18,18,13,2,0,0.26397632725621945,0.5917770598199882,7.283448826829412,0.15789473684210525,0.3333333333333333,0.8421052631578947,0.8206244904898713,0.8601685913607533,0
user_9913,2021-04-21 04:42:00,21,8,9,0,4,1,20,19,9,16,17,2,0,9.084869184751343,1.4285054152793328,11.726034253978701,0.42857142857142855,0.0,0.38095238095238093,0.3049637843490826,0.8875745442306094,0
user_9914,2021-04-21 04:57:00,18,4,3,0,1,0,20,6,9,10,15,2,0,9.085559493734923,3.649790303016943,1.075285612583137,0.16666666666666666,0.0,0.2222222222222222,0.43548979263696885,0.17076855533741037,0
user_9915,2021-04-21 05:12:00,25,10,6,3,2,1,7,11,14,20,6,2,0,6.250807482102341,0.6740807133162059,11.577456180660228,0.24,0.5,0.4,0.30199936845450603,0.4844108727020543,0
user_9916,2021-04-21 05:27:00,21,14,3,2,2,2,14,17,19,14,5,2,0,0.8410556960219967,6.043335841320995,8.55489426189466,0.14285714285714285,0.6666666666666666,0.6666666666666666,0.32647957060067045,0.7708524409216303,0
user_9917,2021-04-21 05:42:00,17,9,2,1,1,0,15,19,19,8,7,2,0,2.9397226755199597,4.8183682250036,4.199708921290515,0.11764705882352941,0.5,0.5294117647058824,0.13976628606455507,0.3965882811672944,0
user_9918,2021-04-21 05:57:00,16,12,5,1,5,1,14,16,18,13,14,2,0,5.7746128413973,4.789813510955036,8.854313831840567,0.3125,0.2,0.75,0.41462842692116475,0.9471437793398932,0
user_9919,2021-04-21 06:12:00,24,13,8,1,3,0,13,6,15,12,10,2,0,3.7968760753866775,7.054103807258163,2.7258366901218762,0.3333333333333333,0.125,0.5416666666666666,0.325932470651357,0.5419973474699968,0
user_9920,2021-04-21 06:27:00,17,7,12,1,3,0,20,12,6,10,7,2,0,4.123483680126272,0.12376390082198618,2.9649378796896873,0.7058823529411765,0.08333333333333333,0.4117647058823529,0.928402534416521,0.3703249587902814,0
user_9921,2021-04-21 06:42:00,27,10,8,0,3,0,19,6,14,13,5,2,0,5.715954093628675,7.05036621880725,6.903286590328355,0.2962962962962963,0.0,0.37037037037037035,0.9172771708589407,0.4557920624804255,0
user_9922,2021-04-21 06:57:00,30,9,5,0,4,2,17,7,11,10,13,2,0,4.016098671065013,1.6583230291483513,9.851940292678032,0.16666666666666666,0.0,0.3,0.7350296664033179,0.9381324314895122,0
user_9923,2021-04-21 07:12:00,25,8,5,2,4,1,16,16,15,9,14,2,0,6.3119803118844295,0.7130968442916058,11.219440152998288,0.2,0.4,0.32,0.9441522418003762,0.3368717454826585,0
user_9924,2021-04-21 07:27:00,11,5,11,0,2,0,9,20,12,11,9,2,0,3.8154186778663783,7.580074864514688,5.076563162026107,1.0,0.0,0.45454545454545453,0.5578794247965391,0.2273706069437074,0
user_9925,2021-04-21 07:42:00,14,11,7,1,5,0,10,15,20,7,19,2,0,0.7408110470263132,1.8684340717043004,5.507429398440384,0.5,0.14285714285714285,0.7857142857142857,0.7974758961540453,0.35544832294189865,0
user_9926,2021-04-21 07:57:00,15,8,4,1,4,0,17,5,11,17,5,2,0,6.192616144256979,5.4144437107095715,2.4726398580917524,0.26666666666666666,0.25,0.5333333333333333,0.7522247689216311,0.7170054440058716,0
user_9927,2021-04-21 08:12:00,28,12,7,1,1,0,6,7,5,17,16,2,0,5.162160797957263,6.188048241092577,6.642125997211473,0.25,0.14285714285714285,0.42857142857142855,0.6165151030811876,0.2092777745497541,0
user_9928,2021-04-21 08:27:00,12,6,6,1,0,1,13,20,14,13,5,2,0,0.8492638422740891,6.494352696605853,8.788518194972184,0.5,0.16666666666666666,0.5,0.3042231971214929,0.5096996862792895,0
user_9929,2021-04-21 08:42:00,18,10,8,0,3,0,14,13,11,18,6,2,0,4.142082576560714,3.163937672411576,0.5932390047845841,0.4444444444444444,0.0,0.5555555555555556,0.832780636639752,0.9831683350196285,0
user_9930,2021-04-21 08:57:00,21,9,2,1,1,1,11,13,14,7,12,2,0,8.42626327985325,3.7508684344672205,1.6004869887671025,0.09523809523809523,0.5,0.42857142857142855,0.7483665163030938,0.34443397109357277,0
user_9931,2021-04-21 09:12:00,16,7,3,0,2,0,19,16,13,16,15,2,0,0.7358792937312482,7.105055405067888,9.016746683671371,0.1875,0.0,0.4375,0.7074590809648998,0.8131441912360953,0
user_9932,2021-04-21 09:27:00,19,8,9,1,3,2,14,17,12,12,17,2,0,4.127528897403515,6.047219232396396,8.343629487083968,0.47368421052631576,0.1111111111111111,0.42105263157894735,0.8484651868187424,0.332175334190756,0
user_9933,2021-04-21 09:42:00,22,10,2,1,2,2,19,12,14,10,7,2,0,2.5598562006515215,5.628015993940924,2.4955846877542127,0.09090909090909091,0.5,0.45454545454545453,0.2871675038296927,0.5506853554754358,1
user_9934,2021-04-21 09:57:00,24,8,4,1,1,0,15,18,7,8,8,2,0,7.646309261491268,3.752510545251691,10.077271790128254,0.16666666666666666,0.25,0.3333333333333333,0.8223572625454204,0.43394807713182293,0
user_9935,2021-04-21 10:12:00,14,4,7,0,1,0,7,18,18,9,9,2,0,3.292521316324653,1.136871571881238,6.346119773232913,0.5,0.0,0.2857142857142857,0.6449813639435263,0.83988199335476,1
user_9936,2021-04-21 10:27:00,25,10,5,0,3,1,19,20,19,18,10,2,0,4.203341454632725,4.429138317751313,8.6776262703474,0.2,0.0,0.4,0.41354504033633277,0.7896122403597674,0
user_9937,2021-04-21 10:42:00,25,10,6,2,3,0,14,10,9,18,16,2,0,5.6723878527527285,4.579221999716882,8.238311919727444,0.24,0.3333333333333333,0.4,0.5048194423263936,0.21605184068841107,1
user_9938,2021-04-21 10:57:00,30,9,10,0,1,2,5,8,19,10,8,2,0,1.3143658361017767,5.788018910977074,11.109595761696982,0.3333333333333333,0.0,0.3,0.6602895718738937,0.5124754854729685,0
user_9939,2021-04-21 11:12:00,18,12,8,1,1,0,17,13,19,8,15,2,0,0.3643497284464109,7.956211379659233,4.479463310109747,0.4444444444444444,0.125,0.6666666666666666,0.874137263980374,0.24054064936451172,0
user_9940,2021-04-21 11:27:00,30,14,8,1,2,0,6,16,14,9,16,2,0,4.925606859176434,5.771976283340924,4.9708487948787035,0.26666666666666666,0.125,0.4666666666666667,0.7663871334326466,0.8210199405853544,0
user_9941,2021-04-21 11:42:00,20,10,5,0,2,0,7,8,13,14,12,2,0,4.008818623909805,5.242810635773511,9.55255904242086,0.25,0.0,0.5,0.30339833637696095,0.10405052418802854,0
user_9942,2021-04-21 11:57:00,22,8,9,0,0,1,12,19,6,11,10,2,0,7.511828874497496,1.466649599124286,4.058237138683189,0.4090909090909091,0.0,0.36363636363636365,0.7818745103766263,0.5965062343627578,1
user_9943,2021-04-21 12:12:00,20,14,8,2,1,2,5,14,6,18,6,2,0,6.431585334731675,5.356169976262264,8.794818077770874,0.4,0.25,0.7,0.3515057978095154,0.6922491787259524,1
user_9944,2021-04-21 12:27:00,18,10,8,0,2,1,8,9,7,17,13,2,0,2.764179320354447,3.4894689328938404,10.912720976329453,0.4444444444444444,0.0,0.5555555555555556,0.5293938988579941,0.17758603062247055,0
user_9945,2021-04-21 12:42:00,23,10,8,1,3,0,13,7,12,16,16,2,0,1.6695451356195627,6.427832477134818,3.509767863351696,0.34782608695652173,0.125,0.43478260869565216,0.2694047739245178,0.5185757612406328,0
user_9946,2021-04-21 12:57:00,19,5,5,0,4,2,19,13,18,12,8,2,0,1.1788517052656193,4.4005764437512465,6.69244449523513,0.2631578947368421,0.0,0.2631578947368421,0.9138737215191676,0.19663509204055876,0
user_9947,2021-04-21 13:12:00,15,10,6,2,3,0,20,15,13,13,6,2,0,9.757186798943975,0.5726858588313307,7.1545619736173,0.4,0.3333333333333333,0.6666666666666666,0.2562116138657851,0.46030714733957667,0
user_9948,2021-04-21 13:27:00,24,8,7,1,3,0,5,10,19,11,6,2,0,1.348517689721429,2.142118360168843,3.071647695416812,0.2916666666666667,0.14285714285714285,0.3333333333333333,0.37496904316412805,0.2328160545259205,0
user_9949,2021-04-21 13:42:00,22,5,6,0,1,2,12,5,14,10,11,2,0,2.638874180572972,3.1440959993868303,7.1121344951885765,0.2727272727272727,0.0,0.22727272727272727,0.3791743802246822,0.6992752652581489,0
user_9950,2021-04-21 13:57:00,25,13,2,1,1,0,18,6,8,11,17,2,0,9.518895884710073,6.262181299973974,7.032509108541278,0.08,0.5,0.52,0.6988948189139476,0.8203714899495644,1
user_9951,2021-04-21 14:12:00,11,6,4,1,1,0,17,10,5,10,17,2,0,5.065119570615779,6.205384573769607,4.500136356951076,0.36363636363636365,0.25,0.5454545454545454,0.5343875533462923,0.5777698692754896,0
user_9952,2021-04-21 14:27:00,19,14,0,3,1,2,5,7,13,15,11,2,0,4.0436058855293435,5.0847391227416,1.1401878129700866,0.0,0.0,0.7368421052631579,0.2609339419319291,0.7925853117670285,0
user_9953,2021-04-21 14:42:00,23,14,6,2,0,0,12,18,17,6,6,2,0,9.92156201061997,0.9289156284399285,1.9943105467900002,0.2608695652173913,0.3333333333333333,0.6086956521739131,0.37880539181603745,0.4344663310249951,0
user_9954,2021-04-21 14:57:00,14,11,5,1,2,0,18,19,17,5,14,2,0,8.591295765409848,4.372130390859781,8.996653554464643,0.35714285714285715,0.2,0.7857142857142857,0.8854477571191505,0.6344578067534997,0
user_9955,2021-04-21 15:12:00,27,11,6,0,2,0,9,8,11,20,16,2,0,5.124544868413753,2.1180693096925425,5.330395637501303,0.2222222222222222,0.0,0.4074074074074074,0.386751308094783,0.3927561449647593,0
user_9956,2021-04-21 15:27:00,23,12,5,1,2,2,6,5,17,8,9,2,0,8.684715433070725,7.191818355625853,1.4118193098725276,0.21739130434782608,0.2,0.5217391304347826,0.14989801490032603,0.8672085784456276,0
user_9957,2021-04-21 15:42:00,15,5,8,1,2,0,11,19,15,15,10,2,0,8.002929396888659,2.9764427937453326,8.930241143889827,0.5333333333333333,0.125,0.3333333333333333,0.21996600566094265,0.9818244522269249,0
user_9958,2021-04-21 15:57:00,20,8,5,2,1,0,10,14,17,15,19,2,0,0.7826386617125417,5.184559000813258,9.754216025432669,0.25,0.4,0.4,0.7964394875329132,0.10031370786592773,0
user_9959,2021-04-21 16:12:00,15,9,4,3,4,1,6,14,5,10,11,2,0,5.514322228828031,1.1738039119569619,10.698334034058172,0.26666666666666666,0.75,0.6,0.9769420127935549,0.8194429384310282,0
user_9960,2021-04-21 16:27:00,16,10,4,0,4,0,18,19,13,14,17,2,0,9.618987037290063,3.4129320607509634,4.870071087757433,0.25,0.0,0.625,0.2580072303766935,0.811784211894572,0
user_9961,2021-04-21 16:42:00,16,9,14,1,4,1,9,5,14,12,13,2,0,3.5135939787971004,3.312613136201379,0.5111598799265449,0.875,0.07142857142857142,0.5625,0.27126218480027664,0.5717340691563514,0
user_9962,2021-04-21 16:57:00,30,8,4,0,2,0,8,10,16,7,7,2,0,5.761198037032715,6.8317182177723925,8.812966153610622,0.13333333333333333,0.0,0.26666666666666666,0.5014017160343855,0.7296575598703426,0
user_9963,2021-04-21 17:12:00,17,12,11,0,1,1,14,16,13,11,7,2,0,0.390644089557608,3.745710793142951,11.61108375316085,0.6470588235294118,0.0,0.7058823529411765,0.23450273063728683,0.8411693371658058,0
user_9964,2021-04-21 17:27:00,25,11,3,0,1,2,17,9,15,6,7,2,0,0.8870827686736885,5.658913572832787,2.6037650293041406,0.12,0.0,0.44,0.3641463346669419,0.14428400909105607,0
user_9965,2021-04-21 17:42:00,20,9,6,0,4,1,16,17,11,7,10,2,0,7.8800751849652535,2.705300619840794,7.322583293798392,0.3,0.0,0.45,0.825769307292432,0.8887661028944472,0
user_9966,2021-04-21 17:57:00,17,14,9,1,3,1,11,6,18,11,9,2,0,4.695550586448923,6.046236268215779,10.575246489024236,0.5294117647058824,0.1111111111111111,0.8235294117647058,0.6045530670062417,0.2232610404816338,0
user_9967,2021-04-21 18:12:00,22,9,5,1,3,1,17,14,16,5,16,2,0,1.7437185207397736,3.6718322951000606,8.176384068880502,0.22727272727272727,0.2,0.4090909090909091,0.3481519900213339,0.45379425033972165,1
user_9968,2021-04-21 18:27:00,16,4,6,3,4,1,13,5,13,15,18,2,0,0.3821197047627134,3.496580813798676,4.965091064991279,0.375,0.5,0.25,0.6171060336252352,0.33721429672297576,0
user_9969,2021-04-21 18:42:00,19,9,5,2,2,0,15,18,16,14,6,2,0,8.004369003838569,1.9133456183836797,3.6308433312719184,0.2631578947368421,0.4,0.47368421052631576,0.8238307205449704,0.36899682408678336,0
user_9970,2021-04-21 18:57:00,16,12,4,2,3,1,7,5,13,10,16,2,0,1.0548951133482902,1.2212241866043727,1.2777358829154888,0.25,0.5,0.75,0.20305884107285396,0.7366945012614172,0
user_9971,2021-04-21 19:12:00,18,18,11,2,1,2,14,5,16,13,11,2,0,8.246834828758566,0.14880117915015462,1.2561947362641457,0.6111111111111112,0.18181818181818182,1.0,0.6469112932752217,0.9820754602015046,0
user_9972,2021-04-21 19:27:00,28,12,8,1,3,0,9,16,12,18,20,2,0,1.784573093923366,6.20667510258582,3.618954380282828,0.2857142857142857,0.125,0.42857142857142855,0.43313751214759744,0.40280003619028093,0
user_9973,2021-04-21 19:42:00,16,13,2,2,1,1,8,15,6,14,7,2,0,2.8148753736336434,7.409111802532036,8.928757149673615,0.125,1.0,0.8125,0.3307454868061215,0.6536856386472646,0
user_9974,2021-04-21 19:57:00,28,9,7,2,1,1,20,14,10,14,6,2,0,7.382311936620832,5.913797073583022,9.835761661640031,0.25,0.2857142857142857,0.32142857142857145,0.1769921060892258,0.5482597599988798,0
user_9975,2021-04-21 20:12:00,22,9,7,0,2,0,19,8,14,16,16,2,0,6.920398830972329,7.096157767470775,10.496031145970347,0.3181818181818182,0.0,0.4090909090909091,0.7581083850523752,0.5852028553163353,0
user_9976,2021-04-21 20:27:00,23,8,6,0,2,1,17,10,18,10,14,2,0,2.416173635413557,7.376954188448679,9.329069738400616,0.2608695652173913,0.0,0.34782608695652173,0.8663481355855989,0.4769759851977231,0
user_9977,2021-04-21 20:42:00,34,10,3,0,2,0,7,15,8,14,13,2,0,1.6073871209008745,5.60620984045839,8.476111638864861,0.08823529411764706,0.0,0.29411764705882354,0.9128407306192258,0.8747835929101154,0
user_9978,2021-04-21 20:57:00,19,11,6,2,1,0,17,19,18,12,5,2,0,3.247281309490678,4.4388211111380365,0.931117396835067,0.3157894736842105,0.3333333333333333,0.5789473684210527,0.45195666925473577,0.11991380898716092,0
user_9979,2021-04-21 21:12:00,12,6,8,2,3,0,6,13,19,16,13,2,0,9.281993429793351,3.471057109743037,2.212530187363479,0.6666666666666666,0.25,0.5,0.2415715650119917,0.388579710644003,0
user_9980,2021-04-21 21:27:00,17,6,4,2,6,1,5,8,9,15,13,2,0,5.261813876016813,2.4196999370409746,1.9922221276645176,0.23529411764705882,0.5,0.35294117647058826,0.808397910650091,0.819281312590592,0
user_9981,2021-04-21 21:42:00,18,11,11,0,5,1,10,17,17,9,14,2,0,6.216140347092664,0.16248259724455894,3.2834210282321736,0.6111111111111112,0.0,0.6111111111111112,0.651617239365316,0.6565361584867804,0
user_9982,2021-04-21 21:57:00,12,9,5,1,1,1,10,8,12,10,15,2,0,9.576887149613153,2.0281327741253787,10.284677613413248,0.4166666666666667,0.2,0.75,0.4845013261863459,0.45993471722455204,0
user_9983,2021-04-21 22:12:00,28,8,10,2,0,0,14,17,14,8,13,2,0,0.8086640618209723,5.459414197293568,6.620344918060207,0.35714285714285715,0.2,0.2857142857142857,0.5312099388113312,0.6883840617552565,0
user_9984,2021-04-21 22:27:00,14,7,7,1,1,1,6,16,13,12,10,2,0,3.8388738273364034,1.28296545219842,9.174169180904613,0.5,0.14285714285714285,0.5,0.8788979918103346,0.3742719747889419,0
user_9985,2021-04-21 22:42:00,15,9,10,2,1,0,8,6,12,7,8,2,0,5.2955425775319,3.824511079905466,3.550961757396334,0.6666666666666666,0.2,0.6,0.32856189325303353,0.15251525694752457,0
user_9986,2021-04-21 22:57:00,19,8,6,1,4,0,7,12,9,16,16,2,0,1.4197024112369538,5.7247384843242335,7.9561322765026805,0.3157894736842105,0.16666666666666666,0.42105263157894735,0.8718272974945255,0.5535316003916558,0
user_9987,2021-04-21 23:12:00,22,10,8,2,0,0,14,5,20,7,8,2,0,8.611041787648224,5.5663974264150395,8.176443138733097,0.36363636363636365,0.25,0.45454545454545453,0.7408364126956889,0.738463943634635,0
user_9988,2021-04-21 23:27:00,25,7,5,2,0,2,6,16,10,17,14,2,0,5.816125827395755,4.124266656532653,5.490406579604039,0.2,0.4,0.28,0.8659519731902199,0.4724606086207156,0
user_9989,2021-04-21 23:42:00,18,6,3,1,4,1,16,8,11,10,12,2,0,6.305846072258348,2.5126956766962123,4.7033532220008905,0.16666666666666666,0.3333333333333333,0.3333333333333333,0.49253852358768335,0.7234269952857515,0
user_9990,2021-04-21 23:57:00,17,5,5,1,1,1,6,11,12,9,16,2,0,6.892123463156262,2.5416300722733354,4.74332165983796,0.29411764705882354,0.2,0.29411764705882354,0.185567984189148,0.2587433117841286,0
user_9991,2021-04-22 00:12:00,24,13,8,1,3,1,18,8,15,8,9,3,0,9.186286280755901,0.249280769979742,5.97220251638701,0.3333333333333333,0.125,0.5416666666666666,0.6152450174964517,0.8445641635899608,0
user_9992,2021-04-22 00:27:00,18,8,7,1,3,2,19,7,17,13,15,3,0,7.190935201210632,2.25183085463987,9.876329655672553,0.3888888888888889,0.14285714285714285,0.4444444444444444,0.8284134992021076,0.2392937397915403,0
user_9993,2021-04-22 00:42:00,19,4,4,1,5,0,18,14,12,13,15,3,0,0.9132245701474423,7.080952457634737,2.519984905970396,0.21052631578947367,0.25,0.21052631578947367,0.3552870003080668,0.191027731774409,0
user_9994,2021-04-22 00:57:00,31,12,6,1,0,1,14,12,15,12,19,3,0,4.889991505414596,3.240822215826568,5.857290651867652,0.1935483870967742,0.16666666666666666,0.3870967741935484,0.27854519373455183,0.7397512263716987,0
user_9995,2021-04-22 01:12:00,20,14,8,1,2,1,15,19,19,7,16,3,0,7.588314488170665,5.287985368248864,1.1029630108804898,0.4,0.125,0.7,0.8047876910407904,0.5634710640568725,1
user_9996,2021-04-22 01:27:00,12,12,3,3,2,0,15,12,14,12,9,3,0,0.710717091595008,1.643382654596752,7.569308030246969,0.25,1.0,1.0,0.15176649472942855,0.3660923920309841,0
user_9997,2021-04-22 01:42:00,18,11,7,1,2,2,10,9,12,13,5,3,0,4.541365761186396,6.286072480914194,0.7268917181070855,0.3888888888888889,0.14285714285714285,0.6111111111111112,0.9705423912573807,0.22938294077019913,0
user_9998,2021-04-22 01:57:00,19,10,7,1,0,0,13,7,13,9,9,3,0,7.46478488083308,1.0501395114209515,8.116503524353508,0.3684210526315789,0.14285714285714285,0.5263157894736842,0.837321288545302,0.733099391625845,0
user_9999,2021-04-22 02:12:00,21,13,5,3,3,0,18,8,16,17,18,3,0,6.393081012570409,4.973562024576804,2.086174861572653,0.23809523809523808,0.6,0.6190476190476191,0.6013950214883468,0.3781333227730944,0
