user,timestamp,number_of_emails_dispatched,number_of_files_interacted,total_logon_attempts,usb_connection_incidents,nighttime_email_events,number_of_night_logons,trait_openness_score,trait_conscientiousness_score,trait_extraversion_score,trait_agreeableness_score,trait_neuroticism_score,weekday_index,is_weekend_day,email_volume_change_1d,logon_variation_1d,logon_rolling_average_7d,logon_to_email_event_ratio,usb_to_logon_ratio,file_to_email_ratio,email_volume_volatility_3d,logon_volatility_3d,predicted_threat_label
user_66000,2022-10-13 00:05:00,22,5,9,0,3,4,8,5,16,19,7,3,0,6.596478,7.083012,6.137628,0.41,0.0,0.23,0.336298,0.833064,0
user_66001,2022-09-03 12:53:00,21,7,7,0,5,1,10,4,14,8,5,5,1,5.901036,4.564407,6.380993,0.33,0.0,0.33,0.962384,0.721305,0
user_66002,2022-10-18 23:54:00,19,15,8,0,0,1,16,5,15,5,18,1,0,3.951869,4.977445,10.754335,0.42,0.0,0.79,0.57014,0.848365,0
user_66003,2022-09-07 08:06:00,14,5,8,0,1,0,18,4,16,13,16,2,0,5.923559,9.079381,6.479458,0.57,0.0,0.36,0.955207,0.539927,0
user_66004,2022-09-27 11:56:00,18,9,8,1,1,0,4,14,18,5,11,1,0,3.701963,4.480318,9.635485,0.44,0.12,0.5,0.97069,0.583541,0
user_66005,2022-09-24 15:58:00,17,6,8,1,1,2,18,1,4,9,8,5,1,4.850329,7.585818,6.0779,0.47,0.12,0.35,0.345536,0.917162,0
user_66006,2022-09-13 05:17:00,17,15,7,1,1,0,13,1,1,5,4,1,0,2.3095,5.620395,9.841552,0.41,0.14,0.88,0.320973,0.630939,0
user_66007,2022-09-23 10:39:00,16,5,9,0,2,1,10,18,17,8,1,4,0,7.554513,7.196678,8.857272,0.56,0.0,0.31,0.362755,0.409711,0
user_66008,2022-10-04 18:04:00,27,12,13,0,1,1,19,0,12,15,15,1,0,7.872324,2.533462,2.333514,0.48,0.0,0.44,0.521775,0.389229,0
user_66009,2022-10-12 18:21:00,20,11,9,1,3,3,20,7,18,5,12,2,0,2.812322,7.222342,4.344838,0.45,0.11,0.55,0.987022,0.456069,0
user_66010,2022-09-13 10:21:00,9,15,14,0,0,3,18,5,5,11,9,1,0,1.225331,3.979349,7.65451,1.56,0.0,1.67,0.863282,0.998379,0
user_66011,2022-09-16 08:41:00,18,4,3,0,2,1,11,10,5,4,20,4,0,5.429669,2.644358,4.102807,0.17,0.0,0.22,0.304316,0.648548,1
user_66012,2022-10-03 20:02:00,30,11,4,1,2,1,18,13,0,6,4,0,0,5.301359,9.314906,10.825189,0.13,0.25,0.37,0.542905,0.699704,0
user_66013,2022-10-08 05:47:00,26,12,4,1,3,2,4,19,5,9,0,5,1,4.649803,10.700375,6.282171,0.15,0.25,0.46,0.973199,0.446013,0
user_66014,2022-10-06 14:00:00,21,13,7,1,5,1,0,20,4,17,6,3,0,4.051988,2.58986,5.572131,0.33,0.14,0.62,0.603723,0.863867,0
user_66015,2022-10-02 05:46:00,21,7,3,0,3,1,10,16,12,1,16,6,1,7.740037,6.883396,9.242519,0.14,0.0,0.33,0.932782,0.567775,0
user_66016,2022-10-13 19:47:00,23,8,6,0,3,1,15,8,14,1,2,3,0,9.693163,3.294157,5.785191,0.26,0.0,0.35,0.310691,0.770316,0
user_66017,2022-09-09 03:34:00,17,13,4,0,0,1,9,15,11,9,9,4,0,9.469435,6.700393,12.553117,0.24,0.0,0.76,0.568275,0.573485,0
user_66018,2022-09-21 18:26:00,21,14,13,0,5,4,9,3,12,18,4,2,0,7.405937,0.377942,3.181747,0.62,0.0,0.67,0.328008,0.516525,0
user_66019,2022-09-22 06:41:00,22,16,2,0,0,1,12,4,11,19,8,3,0,0.131326,0.834384,8.845613,0.09,0.0,0.73,0.487848,0.854439,0
user_66020,2022-09-06 18:16:00,15,13,6,1,1,0,0,13,15,13,5,1,0,3.825336,7.071772,1.951412,0.4,0.17,0.87,0.409281,0.587884,0
user_66021,2022-09-02 07:51:00,21,12,7,0,1,2,17,11,19,16,2,4,0,5.487443,5.537514,5.224591,0.33,0.0,0.57,0.748587,0.495125,0
user_66022,2022-09-10 13:16:00,18,10,6,1,1,1,2,3,1,17,0,5,1,6.92141,8.765671,5.461706,0.33,0.17,0.56,0.776112,0.859945,0
user_66023,2022-09-21 23:55:00,17,8,8,0,1,0,7,13,10,10,16,2,0,11.054774,6.916239,7.3477,0.47,0.0,0.47,0.99699,0.524968,0
user_66024,2022-09-17 17:28:00,24,6,6,0,1,2,2,18,18,9,16,5,1,1.192991,8.986775,3.407361,0.25,0.0,0.25,0.425202,0.719686,0
user_66025,2022-10-10 22:50:00,16,11,6,0,2,1,5,13,4,18,8,0,0,4.98774,10.234754,6.928798,0.38,0.0,0.69,0.900247,0.54552,0
user_66026,2022-10-16 00:17:00,11,6,7,0,0,2,7,20,15,10,7,6,1,7.414808,0.349115,10.201327,0.64,0.0,0.55,0.371913,0.603918,0
user_66027,2022-10-23 12:16:00,22,8,7,0,2,0,8,7,16,11,3,6,1,11.210132,6.569977,8.265225,0.32,0.0,0.36,0.701407,0.397141,0
user_66028,2022-10-29 09:45:00,14,11,15,0,3,5,1,20,13,18,11,5,1,0.840531,7.748064,6.42896,1.07,0.0,0.79,0.674122,0.559796,0
user_66029,2022-10-30 08:33:00,21,7,11,0,2,3,5,17,20,14,13,6,1,6.604877,7.612928,8.93461,0.52,0.0,0.33,0.893162,0.445645,0
user_66030,2022-10-23 03:42:00,16,10,11,0,0,1,3,11,1,11,14,6,1,2.900638,7.329109,3.147779,0.69,0.0,0.62,0.752721,0.906899,0
user_66031,2022-10-10 10:23:00,18,9,6,1,0,2,3,12,9,20,2,0,0,2.442663,0.552684,6.321185,0.33,0.17,0.5,0.914553,0.688639,0
user_66032,2022-09-27 16:02:00,25,10,5,0,3,1,17,1,13,20,19,1,0,1.046798,6.991781,8.32609,0.2,0.0,0.4,0.648307,0.415851,1
user_66033,2022-09-09 20:03:00,23,10,7,1,3,1,20,12,6,0,3,4,0,7.988942,4.220369,9.16405,0.3,0.14,0.43,0.3696,0.734665,0
user_66034,2022-09-29 08:55:00,16,14,7,0,3,0,17,13,9,3,9,3,0,5.46261,0.090181,3.737499,0.44,0.0,0.88,0.341537,0.452033,0
user_66035,2022-09-28 12:38:00,25,10,9,1,3,0,17,20,16,10,13,2,0,2.442914,6.87897,6.151786,0.36,0.11,0.4,0.904354,0.343985,0
user_66036,2022-10-11 09:06:00,13,9,8,1,1,2,0,19,18,6,9,1,0,4.483968,8.802851,9.630308,0.62,0.12,0.69,0.817863,0.818191,0
user_66037,2022-10-03 04:34:00,20,12,8,0,4,1,0,13,1,2,12,0,0,7.173048,3.406169,8.73926,0.4,0.0,0.6,0.751159,0.406579,0
user_66038,2022-09-06 04:37:00,20,14,7,1,1,3,11,7,11,11,2,1,0,7.772692,5.757561,5.410831,0.35,0.14,0.7,0.367119,0.909378,0
user_66039,2022-10-05 06:03:00,25,7,11,0,2,0,17,18,11,8,12,2,0,6.735752,1.791861,8.360492,0.44,0.0,0.28,0.933851,0.64335,0
user_66040,2022-09-17 05:39:00,17,17,5,1,0,1,16,7,1,7,19,5,1,5.511629,2.657975,7.69408,0.29,0.2,1.0,0.944062,0.823001,1
user_66041,2022-10-29 00:38:00,18,13,9,0,2,2,9,5,1,16,19,5,1,8.453551,3.298523,8.423061,0.5,0.0,0.72,0.361076,0.68041,1
user_66042,2022-09-09 02:09:00,12,5,10,2,1,0,12,20,1,7,11,4,0,4.121131,7.123028,7.642804,0.83,0.2,0.42,0.901584,0.678352,0
user_66043,2022-09-02 16:19:00,10,11,7,1,2,2,11,1,13,1,7,4,0,5.504323,8.352926,6.465569,0.7,0.14,1.1,0.789141,0.998381,0
user_66044,2022-09-29 17:37:00,22,9,4,1,2,2,3,8,15,19,15,3,0,3.531017,8.864021,11.06214,0.18,0.25,0.41,0.558847,0.895363,0
user_66045,2022-09-01 14:44:00,23,5,7,2,1,2,19,20,10,1,19,3,0,7.354729,5.877502,8.561653,0.3,0.29,0.22,0.47317,0.652412,1
user_66046,2022-10-12 13:17:00,19,13,9,2,1,0,20,9,4,1,14,2,0,8.699431,1.202641,11.926739,0.47,0.22,0.68,0.705285,0.632701,0
user_66047,2022-10-29 05:55:00,17,5,7,1,2,1,10,13,20,13,5,5,1,0.193305,0.480349,8.697856,0.41,0.14,0.29,0.601429,0.567757,0
user_66048,2022-10-04 16:04:00,23,12,10,0,2,4,5,4,14,16,9,1,0,3.070087,5.02505,2.319862,0.43,0.0,0.52,0.820513,0.368578,0
user_66049,2022-10-07 05:22:00,16,4,11,0,2,3,12,3,10,6,16,4,0,6.134267,8.11775,6.723458,0.69,0.0,0.25,0.636237,0.696872,0
user_66050,2022-09-02 22:19:00,24,8,3,0,4,1,0,7,10,10,15,4,0,1.638335,4.03725,9.366729,0.12,0.0,0.33,0.875631,0.920986,0
user_66051,2022-09-08 16:09:00,32,8,7,1,1,3,16,6,16,0,6,3,0,3.876733,2.290017,6.419619,0.22,0.14,0.25,0.736539,0.753831,0
user_66052,2022-10-17 00:45:00,21,7,7,1,2,3,9,13,19,10,5,0,0,3.356086,8.95567,5.479102,0.33,0.14,0.33,0.797121,0.904687,0
user_66053,2022-10-15 11:48:00,20,8,8,0,1,1,17,16,16,19,5,5,1,12.585148,4.520409,10.474668,0.4,0.0,0.4,0.338932,0.402997,0
user_66054,2022-09-30 00:57:00,16,9,5,0,1,1,18,1,12,16,12,4,0,4.985399,5.447945,6.600729,0.31,0.0,0.56,0.83787,0.594961,0
user_66055,2022-09-04 22:32:00,27,10,11,1,3,4,6,16,16,18,17,6,1,8.364253,3.968935,4.878522,0.41,0.09,0.37,0.466804,0.832719,0
user_66056,2022-10-25 18:25:00,24,8,4,1,3,1,18,17,5,5,20,1,0,4.77216,1.643577,11.879719,0.17,0.25,0.33,0.642502,0.326746,1
user_66057,2022-10-28 18:45:00,22,14,7,1,3,1,13,7,18,17,12,4,0,3.138511,0.614058,2.725297,0.32,0.14,0.64,0.837013,0.717424,0
user_66058,2022-10-17 04:53:00,21,9,7,0,3,0,1,2,14,16,4,0,0,8.355125,1.701123,2.201807,0.33,0.0,0.43,0.363386,0.786574,0
user_66059,2022-09-05 14:55:00,14,11,13,1,4,2,11,10,8,14,9,0,0,4.695158,3.686914,6.795898,0.93,0.08,0.79,0.511017,0.613876,0
user_66060,2022-09-26 01:53:00,25,11,8,1,1,1,8,6,15,11,14,0,0,9.668729,5.289465,5.95573,0.32,0.12,0.44,0.561866,0.66056,0
user_66061,2022-10-08 12:04:00,30,5,10,0,5,6,4,8,1,17,10,5,1,7.020137,4.703033,3.820964,0.33,0.0,0.17,0.828119,0.856811,0
user_66062,2022-09-20 19:52:00,13,11,10,0,2,4,0,9,2,5,18,1,0,5.259224,5.363573,10.809623,0.77,0.0,0.85,0.568818,0.747133,0
user_66063,2022-09-13 19:28:00,20,12,12,0,1,5,10,4,17,12,2,1,0,5.465105,4.053319,4.935991,0.6,0.0,0.6,0.454293,0.322784,0
user_66064,2022-10-16 14:29:00,19,10,9,0,3,2,18,2,0,14,4,6,1,5.516553,1.854902,7.50338,0.47,0.0,0.53,0.927927,0.455078,0
user_66065,2022-09-17 06:22:00,13,7,4,0,1,0,16,2,0,4,12,5,1,8.940062,5.123519,9.4771,0.31,0.0,0.54,0.96684,0.496241,0
user_66066,2022-10-15 08:54:00,20,16,5,0,2,1,10,13,11,12,20,5,1,3.724316,4.378996,6.349941,0.25,0.0,0.8,0.45887,0.532182,1
user_66067,2022-09-06 11:56:00,18,13,7,0,1,1,14,12,19,10,14,1,0,6.047372,5.179955,8.672984,0.39,0.0,0.72,0.567216,0.688442,0
user_66068,2022-10-12 16:08:00,22,10,6,0,1,0,15,19,17,10,0,2,0,2.829121,1.773438,3.509153,0.27,0.0,0.45,0.890095,0.624354,0
user_66069,2022-10-11 17:32:00,25,11,15,0,4,2,5,20,4,11,4,1,0,4.941739,3.661986,6.659521,0.6,0.0,0.44,0.361916,0.565263,0
user_66070,2022-10-23 22:41:00,18,11,10,1,3,0,1,5,4,17,19,6,1,9.632395,1.962983,4.446462,0.56,0.1,0.61,0.656894,0.360737,1
user_66071,2022-10-04 07:25:00,17,15,15,1,2,1,1,6,6,17,3,1,0,3.322547,6.506231,5.475387,0.88,0.07,0.88,0.547073,0.318644,0
user_66072,2022-10-27 17:59:00,17,11,8,0,1,1,5,13,5,13,7,3,0,4.874512,4.649342,5.540881,0.47,0.0,0.65,0.731043,0.823812,0
user_66073,2022-10-26 16:17:00,15,7,6,1,0,2,13,2,9,19,0,2,0,10.049428,9.344622,4.403451,0.4,0.17,0.47,0.621482,0.80196,0
user_66074,2022-09-07 14:05:00,23,17,12,1,4,2,4,7,1,17,17,2,0,1.718286,5.426217,6.330059,0.52,0.08,0.74,0.809637,0.999912,0
user_66075,2022-09-18 02:14:00,17,10,9,0,1,1,3,3,4,18,9,6,1,3.85004,5.505003,7.694707,0.53,0.0,0.59,0.468687,0.538173,0
user_66076,2022-10-28 22:55:00,19,4,6,0,1,0,8,12,4,16,9,4,0,7.76126,5.407274,6.130567,0.32,0.0,0.21,0.754752,0.595909,0
user_66077,2022-09-23 11:36:00,26,11,13,2,2,0,16,0,8,17,12,4,0,10.965757,5.006357,9.322485,0.5,0.15,0.42,0.681003,0.50327,0
user_66078,2022-10-03 00:41:00,16,11,5,0,1,1,18,12,8,14,0,0,0,7.375889,7.603276,6.00141,0.31,0.0,0.69,0.641186,0.899784,0
user_66079,2022-10-30 11:45:00,17,14,7,0,0,1,19,20,8,9,7,6,1,10.144335,7.494605,8.983459,0.41,0.0,0.82,0.470352,0.776312,0
user_66080,2022-10-02 23:14:00,17,7,7,0,1,0,18,0,12,10,3,6,1,1.662778,3.765527,2.865175,0.41,0.0,0.41,0.370656,0.526328,0
user_66081,2022-09-28 20:08:00,18,8,5,1,2,3,12,20,1,9,14,2,0,3.142642,3.142962,0.773402,0.28,0.2,0.44,0.934184,0.328403,0
user_66082,2022-10-21 00:07:00,17,13,11,2,3,2,9,14,11,8,18,4,0,7.745038,4.229176,2.826898,0.65,0.18,0.76,0.913771,0.549795,0
user_66083,2022-10-28 03:46:00,16,9,6,1,1,0,3,18,3,9,12,4,0,5.993565,4.472916,8.608933,0.38,0.17,0.56,0.461063,0.745863,0
user_66084,2022-10-25 09:17:00,19,14,8,1,2,0,19,14,8,11,11,1,0,4.566432,6.027461,4.888549,0.42,0.12,0.74,0.696342,0.57173,0
user_66085,2022-09-27 00:26:00,21,14,6,1,2,2,13,19,10,12,16,1,0,8.885547,4.343801,8.178199,0.29,0.17,0.67,0.489554,0.976481,0
user_66086,2022-10-21 07:54:00,23,13,13,1,1,2,6,6,18,2,12,4,0,3.658323,5.708729,3.886293,0.57,0.08,0.57,0.707712,0.872946,0
user_66087,2022-10-09 01:35:00,20,6,6,1,7,2,11,9,16,4,0,6,1,3.924794,6.620305,11.235002,0.3,0.17,0.3,0.788646,0.301451,0
user_66088,2022-10-25 14:23:00,10,8,11,0,1,5,1,17,3,15,16,1,0,6.849977,3.896459,9.485689,1.1,0.0,0.8,0.500609,0.646831,0
user_66089,2022-09-29 01:09:00,18,5,5,1,1,2,6,20,13,3,1,3,0,10.469245,2.972334,7.468059,0.28,0.2,0.28,0.662909,0.791572,0
user_66090,2022-10-12 14:15:00,20,10,7,1,1,1,16,5,11,5,7,2,0,4.236166,8.510855,7.790999,0.35,0.14,0.5,0.935072,0.821294,0
user_66091,2022-10-07 10:23:00,16,12,7,2,1,3,4,11,16,10,0,4,0,5.943519,5.451559,8.349111,0.44,0.29,0.75,0.581421,0.534827,0
user_66092,2022-10-22 14:42:00,17,11,12,1,3,1,4,2,2,12,2,5,1,1.403031,2.506306,6.01986,0.71,0.08,0.65,0.591982,0.309943,0
user_66093,2022-10-01 17:41:00,17,6,10,0,1,2,17,11,16,13,5,5,1,3.313367,9.414246,4.437581,0.59,0.0,0.35,0.950148,0.461427,0
user_66094,2022-10-16 18:36:00,18,9,12,0,1,0,9,8,2,4,16,6,1,2.678577,9.04889,11.094857,0.67,0.0,0.5,0.326389,0.893331,0
user_66095,2022-10-10 15:34:00,31,11,9,0,3,3,9,14,10,15,9,0,0,2.773036,8.079985,3.515328,0.29,0.0,0.35,0.668348,0.450726,0
user_66096,2022-10-29 11:29:00,21,8,7,2,1,1,5,11,2,1,0,5,1,2.068385,4.636163,8.672232,0.33,0.29,0.38,0.492279,0.56317,0
user_66097,2022-09-09 00:31:00,17,13,8,1,2,2,17,13,18,15,8,4,0,5.160278,4.781122,3.667867,0.47,0.12,0.76,0.502247,0.369826,0
user_66098,2022-09-20 17:53:00,15,7,9,0,0,1,9,3,9,18,16,1,0,4.268261,4.213709,9.183121,0.6,0.0,0.47,0.576541,0.313858,0
user_66099,2022-10-14 11:52:00,17,14,5,0,4,0,19,5,13,5,15,4,0,4.763745,5.643823,6.955291,0.29,0.0,0.82,0.637835,0.781895,0
user_66100,2022-10-04 13:23:00,13,13,9,0,1,1,6,18,13,9,6,1,0,2.293106,6.572614,6.137963,0.69,0.0,1.0,0.732846,0.84381,0
user_66101,2022-10-02 00:21:00,19,9,9,1,3,3,12,9,2,7,15,6,1,5.570783,6.879737,6.803082,0.47,0.11,0.47,0.626848,0.853676,0
user_66102,2022-09-23 05:21:00,17,13,5,0,0,1,19,19,15,12,5,4,0,5.759736,7.840504,5.433338,0.29,0.0,0.76,0.872047,0.632041,0
user_66103,2022-10-15 23:19:00,16,7,2,2,2,1,8,6,10,5,7,5,1,4.42673,5.116506,8.003449,0.12,1.0,0.44,0.762436,0.582099,0
user_66104,2022-10-01 17:26:00,18,10,8,1,4,2,9,0,14,2,4,5,1,8.180537,6.081976,0.871257,0.44,0.12,0.56,0.624667,0.693514,0
user_66105,2022-09-03 12:49:00,15,12,4,1,1,0,18,19,0,17,0,5,1,2.614422,6.685221,5.282999,0.27,0.25,0.8,0.704775,0.860559,0
user_66106,2022-10-21 21:26:00,20,8,7,0,3,2,14,8,9,10,19,4,0,2.241324,9.279909,6.059751,0.35,0.0,0.4,0.411321,0.567109,1
user_66107,2022-10-02 14:14:00,20,14,8,0,3,0,17,3,18,12,1,6,1,7.266251,1.597973,8.520719,0.4,0.0,0.7,0.467206,0.526534,0
user_66108,2022-09-06 07:29:00,20,5,5,1,2,0,12,15,7,5,12,1,0,8.045961,8.73908,2.212765,0.25,0.2,0.25,0.605366,0.464068,0
user_66109,2022-10-09 18:03:00,20,8,10,0,4,2,19,20,6,7,13,6,1,6.191229,1.945697,8.787114,0.5,0.0,0.4,0.815342,0.723858,0
user_66110,2022-10-28 03:29:00,20,14,8,0,1,2,12,11,2,16,5,4,0,0.126735,0.361172,8.830378,0.4,0.0,0.7,0.355914,0.563382,0
user_66111,2022-09-08 17:17:00,24,12,13,0,0,3,4,15,11,7,1,3,0,1.326646,5.396883,10.256314,0.54,0.0,0.5,0.612398,0.341684,0
user_66112,2022-09-28 15:07:00,18,12,7,0,2,3,14,2,15,6,0,2,0,7.490244,8.068386,10.284384,0.39,0.0,0.67,0.492085,0.627444,0
user_66113,2022-09-27 03:05:00,18,14,6,1,2,1,3,14,20,18,4,1,0,6.542945,2.31794,10.913785,0.33,0.17,0.78,0.413828,0.765637,0
user_66114,2022-10-08 17:18:00,21,16,13,1,1,4,12,13,7,5,12,5,1,8.909215,2.159857,8.141409,0.62,0.08,0.76,0.934266,0.530302,0
user_66115,2022-09-29 23:06:00,28,16,6,0,4,1,5,4,13,20,17,3,0,6.882007,7.798265,4.276617,0.21,0.0,0.57,0.620489,0.883759,0
user_66116,2022-10-18 14:54:00,19,19,3,0,3,0,7,3,8,2,14,1,0,4.87741,3.825337,3.89674,0.16,0.0,1.0,0.502926,0.358145,0
user_66117,2022-09-01 20:58:00,17,7,7,1,1,1,11,9,8,13,2,3,0,11.211606,2.273711,6.047774,0.41,0.14,0.41,0.423442,0.477629,0
user_66118,2022-10-30 17:29:00,18,8,7,2,3,0,4,8,14,12,3,6,1,3.346445,2.344202,5.606799,0.39,0.29,0.44,0.508549,0.698944,0
user_66119,2022-10-08 20:28:00,14,8,8,1,1,2,9,2,6,20,19,5,1,4.115975,10.323069,6.26666,0.57,0.12,0.57,0.814043,0.569707,1
user_66120,2022-09-27 04:32:00,18,14,7,0,2,3,20,11,9,9,4,1,0,5.874982,5.208504,6.915229,0.39,0.0,0.78,0.4518,0.757028,0
user_66121,2022-10-10 18:23:00,16,6,6,1,1,0,8,4,0,16,9,0,0,1.066627,9.947303,7.508117,0.38,0.17,0.38,0.409409,0.376048,0
user_66122,2022-10-09 04:17:00,18,17,9,1,1,0,20,4,18,4,6,6,1,7.900575,4.876955,9.113921,0.5,0.11,0.94,0.948719,0.41683,0
user_66123,2022-09-29 03:58:00,20,13,5,0,2,1,14,13,11,11,20,3,0,9.383904,5.475403,7.619288,0.25,0.0,0.65,0.625914,0.99548,1
user_66124,2022-09-04 17:50:00,21,4,4,1,1,0,7,19,6,20,2,6,1,4.530179,9.040813,6.943456,0.19,0.25,0.19,0.924465,0.646253,0
user_66125,2022-09-09 14:19:00,20,11,9,1,3,1,20,19,5,15,19,4,0,0.855771,3.319443,6.755846,0.45,0.11,0.55,0.704544,0.955708,1
user_66126,2022-09-13 00:01:00,21,10,4,1,0,0,12,10,19,11,0,1,0,1.720335,3.417922,4.079788,0.19,0.25,0.48,0.301163,0.336453,0
user_66127,2022-10-24 11:29:00,18,11,8,1,1,0,1,6,6,1,19,0,0,1.350598,5.018304,11.800077,0.44,0.12,0.61,0.626488,0.909771,1
user_66128,2022-09-19 02:11:00,19,10,7,0,4,1,7,15,7,1,13,0,0,2.818959,4.532985,9.692012,0.37,0.0,0.53,0.599378,0.505625,0
user_66129,2022-09-12 18:06:00,16,5,9,0,3,2,9,13,11,4,4,0,0,11.568276,6.711132,10.056998,0.56,0.0,0.31,0.849845,0.669237,0
user_66130,2022-10-09 05:42:00,23,9,10,2,1,3,6,14,6,17,13,6,1,6.402701,0.957015,8.987442,0.43,0.2,0.39,0.953318,0.760033,0
user_66131,2022-09-25 22:27:00,23,12,8,2,2,1,3,6,9,5,19,6,1,6.150285,3.558322,7.94276,0.35,0.25,0.52,0.841216,0.640254,1
user_66132,2022-09-05 15:53:00,21,7,5,1,3,1,11,5,11,17,19,0,0,5.624143,3.695069,9.370924,0.24,0.2,0.33,0.373639,0.756009,1
user_66133,2022-10-10 04:37:00,21,11,13,1,2,3,18,6,6,5,19,0,0,0.41557,7.234836,7.750572,0.62,0.08,0.52,0.864663,0.888891,1
user_66134,2022-09-18 15:00:00,12,4,7,0,1,3,16,19,15,15,1,6,1,5.117711,3.269241,14.547043,0.58,0.0,0.33,0.447852,0.897139,0
user_66135,2022-09-27 18:50:00,16,8,3,0,0,1,7,15,20,17,2,1,0,5.986486,9.40705,7.165107,0.19,0.0,0.5,0.957816,0.479459,0
user_66136,2022-10-21 08:34:00,25,15,8,1,2,1,3,6,15,14,12,4,0,5.733359,9.333172,7.575297,0.32,0.12,0.6,0.722034,0.461559,0
user_66137,2022-09-11 12:08:00,16,8,5,1,4,1,6,6,18,7,5,6,1,2.633765,2.628964,4.658413,0.31,0.2,0.5,0.904531,0.870174,0
user_66138,2022-10-23 02:01:00,18,12,6,1,1,0,17,20,9,20,10,6,1,7.264423,7.547197,0.822607,0.33,0.17,0.67,0.956853,0.871742,0
user_66139,2022-09-07 09:11:00,26,9,13,1,1,4,0,0,1,12,18,2,0,6.28407,3.409412,7.796885,0.5,0.08,0.35,0.611951,0.522106,0
user_66140,2022-09-06 18:44:00,21,11,7,0,3,0,7,16,14,19,20,1,0,6.438202,6.810517,7.442992,0.33,0.0,0.52,0.430317,0.448928,1
user_66141,2022-09-29 09:30:00,23,9,6,0,1,1,9,6,2,15,3,3,0,4.857529,2.023597,9.84751,0.26,0.0,0.39,0.905358,0.695155,0
user_66142,2022-10-14 23:50:00,9,11,14,0,0,3,6,3,15,5,19,4,0,5.514987,4.204448,5.722462,1.56,0.0,1.22,0.349436,0.698518,1
user_66143,2022-09-21 20:27:00,12,14,7,0,0,2,11,13,7,16,2,2,0,3.590262,6.471666,6.554028,0.58,0.0,1.17,0.345982,0.662154,0
user_66144,2022-10-23 06:25:00,20,5,9,2,0,2,15,6,0,6,10,6,1,8.098609,4.757113,5.668632,0.45,0.22,0.25,0.714501,0.577547,0
user_66145,2022-10-28 07:14:00,28,11,14,0,5,1,19,0,14,0,11,4,0,4.515549,6.050029,6.906045,0.5,0.0,0.39,0.311423,0.936682,0
user_66146,2022-09-13 01:22:00,17,10,12,0,1,1,11,5,0,5,13,1,0,0.57392,6.13204,9.900279,0.71,0.0,0.59,0.535093,0.368335,0
user_66147,2022-09-19 03:05:00,25,8,9,0,4,1,9,19,12,13,7,0,0,4.105136,9.56884,2.318005,0.36,0.0,0.32,0.461594,0.339262,0
user_66148,2022-10-20 11:52:00,17,11,7,2,1,3,6,9,13,16,16,3,0,5.355714,3.911201,8.504754,0.41,0.29,0.65,0.432099,0.963095,0
user_66149,2022-10-09 23:14:00,18,13,7,0,1,2,19,8,7,9,0,6,1,5.934914,5.53275,12.156434,0.39,0.0,0.72,0.614551,0.335999,0
user_66150,2022-10-09 16:35:00,24,16,8,0,2,2,20,8,16,7,16,6,1,3.136177,4.664206,2.673609,0.33,0.0,0.67,0.553469,0.564605,0
user_66151,2022-10-23 10:36:00,19,9,6,0,0,2,0,19,1,6,7,6,1,1.866045,8.030526,6.365662,0.32,0.0,0.47,0.863657,0.384564,0
user_66152,2022-09-29 06:29:00,20,8,6,0,3,1,13,1,1,19,4,3,0,1.944764,7.462275,8.192189,0.3,0.0,0.4,0.875647,0.749041,0
user_66153,2022-09-15 01:56:00,13,9,10,0,1,2,15,7,6,15,5,3,0,8.023235,8.158134,6.369187,0.77,0.0,0.69,0.986305,0.983255,0
user_66154,2022-09-10 21:35:00,15,10,7,0,4,1,1,9,18,12,15,5,1,3.029468,1.601315,4.808046,0.47,0.0,0.67,0.385714,0.967993,0
user_66155,2022-10-28 13:35:00,21,11,10,1,2,2,19,8,8,18,18,4,0,5.543279,5.330354,6.845784,0.48,0.1,0.52,0.868498,0.347287,0
user_66156,2022-09-29 21:23:00,19,10,2,1,4,0,10,13,15,8,4,3,0,5.296435,5.379626,8.707085,0.11,0.5,0.53,0.956406,0.50368,0
user_66157,2022-09-08 02:23:00,31,9,10,2,2,1,20,15,19,1,14,3,0,8.668847,6.080297,1.642021,0.32,0.2,0.29,0.535952,0.755201,0
user_66158,2022-09-24 21:15:00,16,8,5,1,1,3,0,17,13,5,3,5,1,6.555274,2.004326,5.657165,0.31,0.2,0.5,0.553127,0.698482,0
user_66159,2022-09-08 23:21:00,16,12,7,2,0,0,15,9,5,18,18,3,0,3.265427,6.520537,7.15702,0.44,0.29,0.75,0.34189,0.764952,0
user_66160,2022-09-04 17:41:00,23,14,6,0,2,0,18,13,4,0,6,6,1,5.195131,2.090976,5.288519,0.26,0.0,0.61,0.693951,0.40222,0
user_66161,2022-09-23 19:30:00,15,14,10,0,0,3,15,3,14,7,15,4,0,4.76536,5.424098,8.110502,0.67,0.0,0.93,0.94788,0.954567,0
user_66162,2022-10-06 09:07:00,19,11,10,1,2,2,2,5,9,4,2,3,0,3.447128,9.289509,6.074047,0.53,0.1,0.58,0.435331,0.946336,0
user_66163,2022-10-02 22:27:00,25,10,7,0,3,1,15,13,0,2,15,6,1,8.462372,3.206887,7.498744,0.28,0.0,0.4,0.883258,0.529626,0
user_66164,2022-09-03 16:02:00,15,7,8,0,1,1,18,15,15,6,7,5,1,5.594875,9.328326,8.258072,0.53,0.0,0.47,0.396946,0.43644,0
user_66165,2022-09-19 03:00:00,24,9,5,0,2,3,2,5,14,19,17,0,0,9.024112,3.82358,3.668391,0.21,0.0,0.38,0.687053,0.375299,0
user_66166,2022-09-22 19:03:00,16,12,4,1,2,0,12,1,0,7,14,3,0,3.590481,2.721801,5.869002,0.25,0.25,0.75,0.382028,0.958093,0
user_66167,2022-10-13 06:16:00,18,11,8,0,1,3,6,11,13,17,9,3,0,1.067381,0.578537,12.715272,0.44,0.0,0.61,0.989754,0.332568,0
user_66168,2022-09-24 12:45:00,18,12,8,0,4,2,4,15,1,18,7,5,1,1.98741,1.784316,6.900381,0.44,0.0,0.67,0.593957,0.984665,0
user_66169,2022-09-14 00:52:00,14,7,15,1,1,3,13,14,20,1,12,2,0,2.533476,2.351149,11.842096,1.07,0.07,0.5,0.500534,0.43898,0
user_66170,2022-10-14 10:34:00,18,10,5,1,1,2,10,3,12,20,7,4,0,4.716638,1.50312,4.369971,0.28,0.2,0.56,0.582876,0.893753,0
user_66171,2022-10-23 09:46:00,21,9,9,0,2,1,16,8,9,8,20,6,1,0.118708,5.570247,5.102823,0.43,0.0,0.43,0.346734,0.683042,1
user_66172,2022-10-24 03:16:00,22,7,5,1,3,0,16,9,4,7,16,0,0,0.527236,1.803001,11.416818,0.23,0.2,0.32,0.576904,0.884919,0
user_66173,2022-10-04 09:15:00,17,9,6,0,3,0,18,10,1,9,19,1,0,6.834036,4.559926,8.164101,0.35,0.0,0.53,0.707149,0.875523,1
user_66174,2022-09-06 06:02:00,16,9,7,0,2,2,14,20,14,9,14,1,0,0.729564,3.539021,9.89156,0.44,0.0,0.56,0.666225,0.658433,0
user_66175,2022-10-30 19:40:00,30,8,14,1,4,3,0,3,15,8,13,6,1,6.072322,2.971912,9.029521,0.47,0.07,0.27,0.731979,0.620375,0
user_66176,2022-10-21 05:13:00,11,11,9,1,0,2,2,17,4,2,7,4,0,8.276953,5.843737,7.788785,0.82,0.11,1.0,0.552532,0.664125,0
user_66177,2022-09-15 01:09:00,23,8,10,1,0,2,12,3,17,18,7,3,0,3.780762,2.773496,6.920756,0.43,0.1,0.35,0.317663,0.366124,0
user_66178,2022-09-06 11:09:00,22,10,9,1,3,0,5,3,16,15,5,1,0,6.28859,6.145075,8.284364,0.41,0.11,0.45,0.987979,0.444962,0
user_66179,2022-10-21 09:24:00,25,13,9,1,0,1,0,11,8,4,8,4,0,8.219417,2.494187,8.063533,0.36,0.11,0.52,0.765097,0.613071,0
user_66180,2022-10-06 19:32:00,29,10,8,0,1,2,17,3,6,2,12,3,0,0.07166,8.534047,5.824268,0.28,0.0,0.34,0.894367,0.536848,0
user_66181,2022-09-12 10:21:00,13,18,5,0,1,1,5,3,19,3,10,0,0,4.921325,4.66607,2.242629,0.38,0.0,1.38,0.869652,0.516298,0
user_66182,2022-10-01 13:09:00,12,5,14,0,0,3,18,13,16,19,15,5,1,2.429361,1.255979,9.920279,1.17,0.0,0.42,0.689145,0.31089,0
user_66183,2022-10-21 02:31:00,29,7,10,0,2,2,2,14,18,14,20,4,0,4.102051,6.530781,6.553785,0.34,0.0,0.24,0.524562,0.422729,1
user_66184,2022-09-01 12:23:00,11,10,10,2,2,3,1,5,10,17,17,3,0,7.490807,9.516336,5.38528,0.91,0.2,0.91,0.673466,0.481654,0
user_66185,2022-10-07 09:22:00,21,5,8,1,2,3,3,13,17,6,12,4,0,12.341055,4.390691,8.80303,0.38,0.12,0.24,0.866368,0.371942,0
user_66186,2022-09-23 12:05:00,33,17,6,1,2,1,4,1,12,14,1,4,0,2.169286,6.693151,5.739786,0.18,0.17,0.52,0.429174,0.462633,0
user_66187,2022-10-16 16:48:00,19,7,6,1,1,0,19,19,6,7,6,6,1,5.544876,6.359186,8.378157,0.32,0.17,0.37,0.51398,0.772638,0
user_66188,2022-10-04 18:15:00,18,9,6,1,5,2,10,18,5,16,0,1,0,8.500738,7.278688,5.671084,0.33,0.17,0.5,0.498968,0.662792,0
user_66189,2022-10-30 08:21:00,19,9,9,1,2,4,13,8,9,9,10,6,1,5.434174,7.771689,8.615869,0.47,0.11,0.47,0.915508,0.996677,0
user_66190,2022-10-05 16:02:00,23,8,8,0,1,0,0,18,1,0,8,2,0,4.492905,8.568163,5.934989,0.35,0.0,0.35,0.654136,0.388333,0
user_66191,2022-10-07 18:59:00,14,5,6,0,2,1,2,6,19,17,9,4,0,11.247174,11.915868,2.950264,0.43,0.0,0.36,0.894316,0.445606,0
user_66192,2022-10-23 13:05:00,32,10,12,1,3,4,5,16,11,12,11,6,1,1.442476,5.758474,7.757919,0.38,0.08,0.31,0.501949,0.319197,0
user_66193,2022-09-06 20:01:00,15,14,8,1,0,1,0,14,0,1,11,1,0,9.070456,8.294526,5.588813,0.53,0.12,0.93,0.743217,0.32921,0
user_66194,2022-10-17 14:52:00,21,7,5,0,1,2,4,9,20,7,15,0,0,8.929603,9.00019,2.344964,0.24,0.0,0.33,0.999415,0.772596,0
user_66195,2022-10-12 07:31:00,19,9,8,0,5,1,14,10,15,7,5,2,0,6.028695,2.451377,1.245265,0.42,0.0,0.47,0.766627,0.512059,0
user_66196,2022-09-26 10:45:00,13,9,7,2,1,0,19,10,5,6,5,0,0,2.105413,5.819671,3.980197,0.54,0.29,0.69,0.730349,0.870002,0
user_66197,2022-10-21 15:14:00,22,5,3,0,2,1,6,6,13,16,13,4,0,1.295798,7.256377,3.123523,0.14,0.0,0.23,0.726082,0.32566,0
user_66198,2022-09-15 21:42:00,18,11,8,0,5,0,5,4,19,0,18,3,0,3.389074,5.192085,5.341264,0.44,0.0,0.61,0.448109,0.55654,0
user_66199,2022-10-29 23:07:00,21,9,7,1,1,3,8,20,15,5,4,5,1,9.867135,4.377818,7.28155,0.33,0.14,0.43,0.753118,0.845164,0
user_66200,2022-09-18 19:44:00,18,15,6,2,4,0,19,11,6,13,10,6,1,8.626982,2.10218,7.630924,0.33,0.33,0.83,0.410409,0.519545,0
user_66201,2022-10-16 22:09:00,20,9,8,1,0,3,10,2,0,13,1,6,1,7.221812,3.288933,6.941113,0.4,0.12,0.45,0.584293,0.620935,0
user_66202,2022-10-05 15:19:00,31,13,7,1,5,2,3,1,9,5,19,2,0,5.375681,5.383338,10.872191,0.23,0.14,0.42,0.348123,0.88506,1
user_66203,2022-09-21 07:31:00,17,9,7,1,2,0,16,8,7,7,13,2,0,6.562673,5.643552,5.505987,0.41,0.14,0.53,0.584145,0.555418,0
user_66204,2022-10-05 09:34:00,16,14,8,0,0,3,13,20,20,13,11,2,0,3.03799,2.94483,7.529862,0.5,0.0,0.88,0.440928,0.482084,0
user_66205,2022-10-07 08:08:00,20,8,9,0,2,1,14,12,19,20,20,4,0,6.447242,1.529623,5.844696,0.45,0.0,0.4,0.462386,0.969905,1
user_66206,2022-09-10 20:29:00,29,11,7,3,2,3,10,12,5,13,20,5,1,7.928225,6.409094,3.125251,0.24,0.43,0.38,0.808401,0.843336,1
user_66207,2022-10-19 15:27:00,16,9,7,0,0,1,1,3,17,0,8,2,0,3.177253,3.277817,8.194147,0.44,0.0,0.56,0.933746,0.428124,0
user_66208,2022-10-29 18:16:00,21,11,9,2,2,0,2,0,8,16,16,5,1,6.371259,7.405033,9.480152,0.43,0.22,0.52,0.990778,0.522775,0
user_66209,2022-10-26 05:52:00,18,11,7,0,0,1,2,4,5,8,1,2,0,5.492269,2.456277,7.103869,0.39,0.0,0.61,0.76306,0.376674,0
user_66210,2022-10-11 02:04:00,21,9,11,1,2,1,15,0,1,16,3,1,0,6.64639,11.324506,10.657394,0.52,0.09,0.43,0.862307,0.876703,0
user_66211,2022-10-04 14:33:00,21,6,13,1,2,3,12,6,6,11,8,1,0,5.558035,1.805188,11.905292,0.62,0.08,0.29,0.31254,0.531747,0
user_66212,2022-10-10 01:02:00,21,5,12,0,3,2,18,2,16,11,8,0,0,8.175424,1.679585,3.637369,0.57,0.0,0.24,0.55421,0.603599,0
user_66213,2022-10-05 11:16:00,24,7,10,0,3,3,5,9,15,11,7,2,0,2.066336,1.797222,5.911069,0.42,0.0,0.29,0.917599,0.900995,0
user_66214,2022-09-07 07:51:00,22,10,9,1,1,3,11,0,8,0,7,2,0,4.937405,5.597307,8.574514,0.41,0.11,0.45,0.501589,0.837767,0
user_66215,2022-10-24 03:25:00,28,6,10,0,1,1,7,14,18,8,1,0,0,2.115237,1.70805,2.740206,0.36,0.0,0.21,0.521303,0.85198,0
user_66216,2022-10-24 10:46:00,16,11,6,0,3,1,20,1,11,0,11,0,0,2.388178,8.725555,6.745056,0.38,0.0,0.69,0.900767,0.730366,0
user_66217,2022-10-22 22:21:00,12,10,7,2,1,0,16,1,10,11,9,5,1,7.097315,3.885865,2.499869,0.58,0.29,0.83,0.657727,0.582983,0
user_66218,2022-10-27 07:08:00,23,5,6,0,3,2,10,17,2,20,7,3,0,3.846592,6.136273,6.868784,0.26,0.0,0.22,0.495809,0.505037,0
user_66219,2022-10-30 09:11:00,25,8,5,0,3,1,5,11,2,19,12,6,1,4.815783,10.370526,9.248575,0.2,0.0,0.32,0.361905,0.981855,0
user_66220,2022-09-16 14:35:00,16,8,3,0,2,1,2,5,2,12,4,4,0,7.37457,7.676346,8.321452,0.19,0.0,0.5,0.879515,0.409473,0
user_66221,2022-10-27 16:28:00,14,5,10,0,0,2,20,13,19,7,8,3,0,3.626028,10.056533,6.646012,0.71,0.0,0.36,0.801768,0.92451,0
user_66222,2022-09-16 23:18:00,23,12,9,1,2,1,9,18,4,3,4,4,0,9.126633,3.948745,5.288814,0.39,0.11,0.52,0.589795,0.507236,0
user_66223,2022-09-28 06:50:00,18,7,6,0,5,1,15,19,20,14,4,2,0,3.970185,5.261559,8.772659,0.33,0.0,0.39,0.430748,0.766995,0
user_66224,2022-09-25 01:16:00,22,18,10,0,4,2,4,7,10,3,7,6,1,3.599794,2.385219,4.311709,0.45,0.0,0.82,0.402499,0.74549,0
user_66225,2022-09-19 13:45:00,21,5,10,1,0,1,16,5,20,12,7,0,0,4.657511,0.919471,4.453836,0.48,0.1,0.24,0.999693,0.948037,0
user_66226,2022-10-15 03:27:00,22,6,10,0,1,1,3,3,11,2,9,5,1,12.507825,1.838545,10.550192,0.45,0.0,0.27,0.695645,0.944785,0
user_66227,2022-09-01 21:30:00,29,12,5,2,3,1,7,17,9,15,16,3,0,7.237745,5.234925,10.2976,0.17,0.4,0.41,0.762062,0.776443,0
user_66228,2022-09-24 22:09:00,25,12,7,0,2,0,12,6,0,9,16,5,1,0.380572,6.007438,10.147568,0.28,0.0,0.48,0.763964,0.63594,0
user_66229,2022-10-03 14:12:00,14,12,4,0,1,2,19,18,13,17,11,0,0,6.180036,5.48764,4.945995,0.29,0.0,0.86,0.956348,0.927322,0
user_66230,2022-09-28 05:59:00,25,5,12,0,2,3,18,16,16,1,5,2,0,2.540502,2.003544,8.359552,0.48,0.0,0.2,0.646449,0.856532,0
user_66231,2022-10-12 23:58:00,20,11,7,2,1,2,19,2,3,12,10,2,0,4.511093,2.256016,7.633672,0.35,0.29,0.55,0.30071,0.691409,0
user_66232,2022-10-11 00:53:00,23,9,7,0,1,0,19,20,14,18,12,1,0,2.096146,0.648096,9.88465,0.3,0.0,0.39,0.70638,0.462218,0
user_66233,2022-09-07 05:46:00,21,9,6,1,0,0,4,17,9,18,18,2,0,9.659895,3.475898,4.640165,0.29,0.17,0.43,0.341698,0.903646,0
user_66234,2022-10-30 16:20:00,16,6,9,1,2,2,6,4,1,3,3,6,1,4.43886,5.129127,2.721581,0.56,0.11,0.38,0.628956,0.520665,0
user_66235,2022-09-30 01:43:00,19,12,6,2,3,3,5,18,1,1,8,4,0,9.469291,1.162812,9.46144,0.32,0.33,0.63,0.554265,0.406514,0
user_66236,2022-10-18 14:44:00,23,13,9,0,0,0,12,5,18,16,3,1,0,6.838473,7.260659,5.876982,0.39,0.0,0.57,0.330192,0.94108,0
user_66237,2022-09-02 13:56:00,21,8,11,0,0,3,6,9,5,13,15,4,0,5.870559,1.793032,8.176826,0.52,0.0,0.38,0.663032,0.463623,0
user_66238,2022-09-29 06:24:00,23,10,5,0,1,0,10,3,18,2,20,3,0,5.042789,2.30101,8.259576,0.22,0.0,0.43,0.456996,0.363459,1
user_66239,2022-09-09 19:20:00,20,11,10,2,2,3,18,13,6,10,6,4,0,2.216996,5.169111,7.076119,0.5,0.2,0.55,0.583973,0.786361,0
user_66240,2022-09-23 16:22:00,25,7,5,1,3,0,7,0,17,17,17,4,0,2.368152,3.699646,8.406135,0.2,0.2,0.28,0.465343,0.631848,0
user_66241,2022-10-25 10:35:00,16,7,4,0,0,1,1,7,14,3,12,1,0,3.694401,6.29401,7.637244,0.25,0.0,0.44,0.360828,0.362459,0
user_66242,2022-09-21 04:44:00,22,14,11,0,4,1,3,10,9,8,5,2,0,2.096026,8.350908,7.659207,0.5,0.0,0.64,0.986726,0.502877,0
user_66243,2022-10-10 10:29:00,26,7,8,0,3,0,8,15,18,11,5,0,0,6.976788,3.982185,5.476748,0.31,0.0,0.27,0.679475,0.880744,0
user_66244,2022-10-13 15:58:00,18,9,10,0,1,1,7,9,15,20,18,3,0,6.253564,7.523293,0.70156,0.56,0.0,0.5,0.649374,0.540287,0
user_66245,2022-09-16 17:58:00,19,11,4,2,1,3,6,20,13,17,19,4,0,3.020322,3.345182,9.671586,0.21,0.5,0.58,0.401483,0.321735,1
user_66246,2022-10-07 23:40:00,26,13,8,1,1,2,8,17,11,9,11,4,0,9.005929,4.063955,13.913307,0.31,0.12,0.5,0.553804,0.315216,0
user_66247,2022-09-21 07:50:00,21,12,9,0,1,6,19,3,18,5,8,2,0,3.728042,0.171821,8.680031,0.43,0.0,0.57,0.918534,0.340464,0
user_66248,2022-09-05 09:30:00,28,7,12,1,1,4,6,9,14,19,5,0,0,4.495118,5.93732,9.193455,0.43,0.08,0.25,0.867964,0.690781,0
user_66249,2022-09-26 02:40:00,15,15,8,0,3,4,1,13,3,1,7,0,0,3.352923,11.23977,2.737408,0.53,0.0,1.0,0.864949,0.571558,0
user_66250,2022-10-08 04:00:00,16,14,5,0,2,1,17,14,16,6,13,5,1,3.610215,1.492823,10.226447,0.31,0.0,0.88,0.549015,0.709421,0
user_66251,2022-10-13 09:27:00,12,15,11,2,1,3,0,19,8,9,20,3,0,7.357342,6.619048,10.639009,0.92,0.18,1.25,0.788759,0.426513,1
user_66252,2022-09-28 06:40:00,21,7,6,1,5,2,18,17,10,6,6,2,0,3.005908,11.064708,14.57327,0.29,0.17,0.33,0.919054,0.625443,0
user_66253,2022-10-03 10:57:00,27,4,8,0,1,2,20,17,4,1,12,0,0,4.601357,7.326478,2.144579,0.3,0.0,0.15,0.847187,0.637046,0
user_66254,2022-10-02 19:00:00,15,9,8,0,0,1,12,4,9,7,10,6,1,6.160583,7.140958,4.437033,0.53,0.0,0.6,0.393894,0.876804,0
user_66255,2022-09-18 10:56:00,25,5,11,1,3,3,16,16,8,14,11,6,1,1.442248,6.384446,6.484806,0.44,0.09,0.2,0.904796,0.761477,0
user_66256,2022-09-10 04:40:00,26,13,15,1,1,4,16,16,3,18,20,5,1,7.327101,0.760894,5.157164,0.58,0.07,0.5,0.721818,0.368779,1
user_66257,2022-09-30 08:28:00,25,8,6,0,0,1,14,2,15,19,11,4,0,3.849228,0.300692,7.928203,0.24,0.0,0.32,0.610924,0.977585,0
user_66258,2022-10-11 09:38:00,14,11,7,0,1,2,5,15,7,2,0,1,0,1.944024,7.873447,6.642049,0.5,0.0,0.79,0.693368,0.75834,0
user_66259,2022-10-15 12:24:00,16,17,5,0,1,0,8,9,8,2,15,5,1,7.069961,5.831506,11.652295,0.31,0.0,1.06,0.834175,0.904446,0
user_66260,2022-10-18 21:36:00,19,9,8,0,2,1,8,1,0,1,16,1,0,4.386937,1.987753,2.475616,0.42,0.0,0.47,0.755908,0.714205,0
user_66261,2022-10-23 08:17:00,26,7,6,1,2,2,16,6,5,18,11,6,1,4.132007,4.31708,7.033105,0.23,0.17,0.27,0.891361,0.308304,0
user_66262,2022-10-04 08:38:00,20,7,8,1,2,2,1,8,8,5,8,1,0,5.691991,4.50416,7.846341,0.4,0.12,0.35,0.824396,0.928443,0
user_66263,2022-09-27 14:00:00,19,12,9,2,2,2,7,9,19,20,4,1,0,12.638868,4.930636,6.511483,0.47,0.22,0.63,0.670911,0.897509,0
user_66264,2022-10-23 00:40:00,18,11,10,0,2,1,0,14,17,18,3,6,1,9.138638,0.028634,10.819107,0.56,0.0,0.61,0.610595,0.649236,0
user_66265,2022-09-13 14:05:00,15,5,6,1,1,1,6,0,18,2,3,1,0,3.959629,7.985414,9.949658,0.4,0.17,0.33,0.683134,0.518741,0
user_66266,2022-09-04 16:00:00,13,5,8,0,1,1,3,3,3,16,3,6,1,11.404456,3.741485,7.997341,0.62,0.0,0.38,0.443175,0.921682,0
user_66267,2022-10-17 22:31:00,23,13,9,1,1,1,18,14,8,3,4,0,0,1.864285,6.153484,7.625193,0.39,0.11,0.57,0.364839,0.899385,0
user_66268,2022-10-25 04:58:00,16,12,7,1,1,1,0,14,1,19,7,1,0,11.599976,6.838166,6.270705,0.44,0.14,0.75,0.730271,0.872559,0
user_66269,2022-09-14 01:30:00,21,7,8,1,2,1,13,8,5,2,12,2,0,3.909615,8.597277,9.950885,0.38,0.12,0.33,0.93921,0.778166,0
user_66270,2022-10-19 03:17:00,19,12,4,0,4,0,1,3,0,16,5,2,0,11.185466,1.571025,7.521652,0.21,0.0,0.63,0.772108,0.374022,0
user_66271,2022-10-01 18:11:00,28,5,4,2,5,0,17,18,11,4,0,5,1,4.995218,2.276688,5.085761,0.14,0.5,0.18,0.77742,0.535835,0
user_66272,2022-09-15 10:00:00,24,12,9,0,2,2,16,8,10,7,11,3,0,13.582122,3.126854,8.479608,0.38,0.0,0.5,0.508717,0.688015,0
user_66273,2022-10-11 17:55:00,15,13,12,0,4,2,18,15,17,10,20,1,0,3.985196,5.998282,10.442819,0.8,0.0,0.87,0.910217,0.549626,1
user_66274,2022-10-30 17:14:00,27,9,5,0,4,3,19,8,3,11,14,6,1,8.328815,7.276319,12.406787,0.19,0.0,0.33,0.418393,0.613852,0
user_66275,2022-09-05 12:33:00,21,16,13,0,6,4,11,20,1,20,14,0,0,5.47256,9.140131,7.085284,0.62,0.0,0.76,0.363002,0.34343,0
user_66276,2022-09-20 09:32:00,27,7,5,0,0,1,5,9,2,15,18,1,0,0.841603,1.341648,10.533309,0.19,0.0,0.26,0.518443,0.713852,0
user_66277,2022-10-07 23:45:00,16,10,9,2,2,5,16,9,20,10,9,4,0,10.158312,7.291729,6.210207,0.56,0.22,0.62,0.34572,0.306812,0
user_66278,2022-09-02 23:59:00,19,8,6,0,3,2,15,7,14,16,19,4,0,3.945441,6.343961,11.818503,0.32,0.0,0.42,0.735428,0.51942,1
user_66279,2022-10-24 18:22:00,22,16,4,0,1,0,9,1,6,6,15,0,0,8.017775,1.041166,2.715743,0.18,0.0,0.73,0.491355,0.555394,0
user_66280,2022-09-25 05:52:00,20,8,9,2,2,3,20,9,2,8,10,6,1,6.508227,1.873268,7.535923,0.45,0.22,0.4,0.434669,0.56658,0
user_66281,2022-10-02 12:44:00,17,11,7,0,2,2,4,5,7,19,12,6,1,4.636357,5.33911,8.300737,0.41,0.0,0.65,0.499015,0.665379,0
user_66282,2022-09-30 10:29:00,13,4,12,0,3,5,20,7,19,7,14,4,0,5.725441,5.248002,6.612598,0.92,0.0,0.31,0.314102,0.579828,0
user_66283,2022-09-07 07:23:00,22,7,8,1,2,1,9,4,4,18,12,2,0,6.142664,4.418518,6.709569,0.36,0.12,0.32,0.922009,0.319935,0
user_66284,2022-09-01 19:13:00,23,13,8,0,1,1,16,12,15,11,18,3,0,4.905743,2.597539,8.958777,0.35,0.0,0.57,0.842439,0.534598,0
user_66285,2022-10-21 00:47:00,13,13,7,0,3,2,14,13,16,4,7,4,0,9.021671,0.472367,6.57253,0.54,0.0,1.0,0.674672,0.908523,0
user_66286,2022-09-09 00:19:00,18,8,5,1,2,0,6,2,4,14,13,4,0,2.007753,3.986268,6.814345,0.28,0.2,0.44,0.812508,0.677038,0
user_66287,2022-10-29 04:42:00,15,12,4,0,0,1,16,1,13,18,14,5,1,8.129005,5.844182,5.337733,0.27,0.0,0.8,0.968866,0.842022,0
user_66288,2022-09-19 11:45:00,18,6,8,0,0,1,19,3,14,12,15,0,0,7.58517,6.583361,10.342076,0.44,0.0,0.33,0.510915,0.352028,0
user_66289,2022-09-07 16:39:00,19,4,7,0,3,0,16,2,8,15,19,2,0,3.300705,6.823368,6.762707,0.37,0.0,0.21,0.858064,0.361546,1
user_66290,2022-09-26 13:06:00,23,11,11,1,4,0,1,2,13,10,6,0,0,2.443916,6.265419,9.323897,0.48,0.09,0.48,0.484966,0.46491,0
user_66291,2022-10-02 15:00:00,17,6,10,2,5,6,2,18,4,6,2,6,1,5.148423,0.468157,5.845882,0.59,0.2,0.35,0.364369,0.422605,0
user_66292,2022-09-19 17:22:00,25,7,8,0,4,1,8,11,19,4,10,0,0,0.754132,2.756969,4.877405,0.32,0.0,0.28,0.916202,0.984723,0
user_66293,2022-09-02 06:53:00,15,8,10,1,4,3,8,3,0,8,19,4,0,2.432258,4.525177,4.010195,0.67,0.1,0.53,0.938795,0.782829,1
user_66294,2022-10-20 07:17:00,22,8,10,1,4,2,5,5,2,15,9,3,0,6.828495,5.493785,7.856399,0.45,0.1,0.36,0.988645,0.860424,0
user_66295,2022-10-22 09:31:00,21,12,11,1,2,2,20,17,17,10,0,5,1,6.162091,0.490862,5.550589,0.52,0.09,0.57,0.723179,0.996132,0
user_66296,2022-09-20 09:14:00,20,14,7,2,2,2,16,11,2,10,18,1,0,9.102816,2.461299,3.250372,0.35,0.29,0.7,0.827771,0.920566,0
user_66297,2022-10-25 09:43:00,17,15,8,2,5,2,13,17,3,17,7,1,0,1.0404,3.652766,4.82853,0.47,0.25,0.88,0.330528,0.642593,0
user_66298,2022-09-25 07:39:00,23,9,7,0,4,0,8,19,6,18,9,6,1,5.916456,0.4565,1.54919,0.3,0.0,0.39,0.648782,0.848398,0
user_66299,2022-10-03 09:30:00,16,13,13,0,1,6,10,20,18,16,8,0,0,2.871424,2.561066,6.832166,0.81,0.0,0.81,0.981421,0.493462,0
user_66300,2022-10-21 22:16:00,25,9,14,1,2,5,5,10,3,3,14,4,0,5.508521,3.85337,8.20221,0.56,0.07,0.36,0.390233,0.728954,0
user_66301,2022-09-18 01:49:00,20,7,14,0,6,2,1,11,13,15,4,6,1,4.578603,2.210288,3.422184,0.7,0.0,0.35,0.674875,0.548605,0
user_66302,2022-10-15 14:31:00,29,10,7,1,1,0,14,2,18,8,6,5,1,4.679419,6.347039,5.657411,0.24,0.14,0.34,0.670159,0.95819,0
user_66303,2022-09-23 10:28:00,13,6,3,0,3,1,14,2,4,15,2,4,0,4.156795,4.595872,3.738268,0.23,0.0,0.46,0.791078,0.993698,0
user_66304,2022-09-16 11:40:00,17,10,10,0,0,3,7,16,8,11,2,4,0,8.073833,4.890624,5.744637,0.59,0.0,0.59,0.881522,0.932224,0
user_66305,2022-10-09 23:56:00,16,10,9,1,0,5,14,5,2,19,6,6,1,8.060546,8.033601,0.887688,0.56,0.11,0.62,0.494752,0.960434,0
user_66306,2022-10-26 08:10:00,21,5,9,1,2,5,9,18,1,17,20,2,0,5.318636,3.171444,6.834771,0.43,0.11,0.24,0.569142,0.863002,1
user_66307,2022-09-28 13:12:00,13,11,8,1,2,1,3,19,6,14,17,2,0,4.651543,4.001336,2.418605,0.62,0.12,0.85,0.424553,0.682523,0
user_66308,2022-10-30 11:16:00,16,14,11,0,4,3,2,14,6,13,11,6,1,0.697513,2.324767,6.283842,0.69,0.0,0.88,0.949644,0.918657,0
user_66309,2022-10-18 00:15:00,21,6,8,2,1,1,9,16,14,19,1,1,0,6.017013,9.995652,7.438609,0.38,0.25,0.29,0.755662,0.81357,0
user_66310,2022-10-03 10:54:00,21,9,10,0,4,4,9,7,11,7,5,0,0,2.917605,10.582492,5.928298,0.48,0.0,0.43,0.360573,0.698151,0
user_66311,2022-09-20 01:40:00,20,6,8,0,4,1,16,14,11,15,10,1,0,6.439826,8.280624,8.324095,0.4,0.0,0.3,0.885586,0.459157,0
user_66312,2022-09-19 17:42:00,22,11,9,0,2,1,9,9,1,19,2,0,0,10.231768,8.736236,6.769448,0.41,0.0,0.5,0.552021,0.858068,0
user_66313,2022-09-07 00:45:00,23,10,5,1,3,1,18,11,11,2,15,2,0,4.241385,2.695178,10.114005,0.22,0.2,0.43,0.316028,0.765001,0
user_66314,2022-10-14 18:56:00,22,21,10,1,1,3,1,14,1,1,18,4,0,1.685598,2.27923,7.600604,0.45,0.1,0.95,0.803999,0.864328,0
user_66315,2022-09-13 23:55:00,19,13,9,1,2,0,20,20,3,4,3,1,0,5.685583,5.910777,7.288305,0.47,0.11,0.68,0.859456,0.849502,0
user_66316,2022-09-01 17:37:00,11,7,9,2,3,3,4,17,1,3,15,3,0,3.386837,5.25195,2.201665,0.82,0.22,0.64,0.423257,0.538478,0
user_66317,2022-10-19 15:42:00,18,13,16,1,2,1,15,8,5,4,7,2,0,5.012591,4.206054,6.766868,0.89,0.06,0.72,0.30687,0.604316,0
user_66318,2022-09-28 22:34:00,15,9,10,0,0,1,20,11,1,8,0,2,0,4.644558,2.310208,6.299988,0.67,0.0,0.6,0.384529,0.395322,0
user_66319,2022-10-21 19:28:00,18,9,9,0,1,2,18,18,14,7,20,4,0,6.194972,5.947791,10.249411,0.5,0.0,0.5,0.647609,0.56321,1
user_66320,2022-10-14 18:55:00,21,14,8,1,1,3,5,5,16,12,3,4,0,3.584535,4.750012,2.566891,0.38,0.12,0.67,0.300676,0.353425,0
user_66321,2022-10-11 01:53:00,21,6,8,0,1,3,3,12,16,6,8,1,0,4.679208,3.030898,9.627794,0.38,0.0,0.29,0.76795,0.626599,0
user_66322,2022-09-26 17:43:00,18,13,4,1,1,1,11,18,4,17,15,0,0,4.311864,6.205478,9.770402,0.22,0.25,0.72,0.647787,0.875107,0
user_66323,2022-09-21 23:13:00,20,8,10,1,1,2,1,2,3,6,12,2,0,3.894282,3.508773,6.047271,0.5,0.1,0.4,0.527427,0.473024,0
user_66324,2022-09-06 06:01:00,18,9,9,0,1,3,19,9,17,12,10,1,0,7.664154,6.351918,5.127856,0.5,0.0,0.5,0.893378,0.75079,0
user_66325,2022-09-22 18:30:00,30,7,8,2,3,3,0,8,19,0,11,3,0,2.845899,8.581418,9.144828,0.27,0.25,0.23,0.350471,0.691157,0
user_66326,2022-10-22 05:30:00,20,11,5,2,2,1,15,6,14,13,20,5,1,5.603949,0.915959,8.632555,0.25,0.4,0.55,0.996979,0.400822,1
user_66327,2022-09-02 04:41:00,11,9,6,2,0,1,2,10,5,19,10,4,0,9.347892,7.216856,4.365484,0.55,0.33,0.82,0.727561,0.830258,0
user_66328,2022-09-22 15:50:00,22,6,8,0,4,1,10,2,17,7,3,3,0,2.814325,5.621527,5.464533,0.36,0.0,0.27,0.893668,0.853343,0
user_66329,2022-09-21 00:03:00,16,8,2,1,1,0,19,10,1,0,8,2,0,1.179395,2.613187,8.342198,0.12,0.5,0.5,0.885431,0.420929,0
user_66330,2022-09-08 05:17:00,23,10,10,0,7,1,1,20,15,18,3,3,0,3.407473,5.408909,4.531841,0.43,0.0,0.43,0.791591,0.540036,0
user_66331,2022-09-22 02:31:00,18,15,7,1,3,1,0,6,17,13,10,3,0,7.501661,4.721354,6.841432,0.39,0.14,0.83,0.365011,0.900176,0
user_66332,2022-10-10 02:06:00,23,11,14,1,3,4,4,13,0,17,10,0,0,9.552276,3.548359,7.396606,0.61,0.07,0.48,0.960724,0.46478,0
user_66333,2022-09-09 01:32:00,18,12,6,0,4,4,2,18,9,1,20,4,0,3.127272,4.173995,7.886881,0.33,0.0,0.67,0.759106,0.618925,1
user_66334,2022-10-08 20:21:00,25,7,5,0,4,1,7,13,9,14,6,5,1,8.972067,7.488471,3.950717,0.2,0.0,0.28,0.733652,0.309594,0
user_66335,2022-09-15 06:39:00,17,11,6,0,1,1,12,8,17,5,14,3,0,4.711253,5.78564,2.38586,0.35,0.0,0.65,0.471686,0.983865,0
user_66336,2022-10-08 20:23:00,15,9,8,0,4,2,14,9,5,13,10,5,1,5.007146,0.660253,5.253384,0.53,0.0,0.6,0.666782,0.643167,0
user_66337,2022-09-18 12:17:00,20,8,10,0,0,3,3,20,12,19,7,6,1,6.860802,3.076389,6.005094,0.5,0.0,0.4,0.525487,0.935499,0
user_66338,2022-09-17 15:19:00,16,8,10,0,2,2,0,18,12,14,13,5,1,1.595388,6.313139,9.026199,0.62,0.0,0.5,0.375516,0.442987,0
user_66339,2022-10-28 13:51:00,18,11,7,1,3,3,10,11,15,13,11,4,0,8.547421,7.315623,5.363703,0.39,0.14,0.61,0.428167,0.914773,0
user_66340,2022-09-23 03:57:00,22,5,10,1,4,2,15,19,10,3,1,4,0,4.858583,0.126146,5.032025,0.45,0.1,0.23,0.453238,0.933893,0
user_66341,2022-09-10 00:55:00,19,11,7,0,2,1,14,0,12,9,6,5,1,7.77184,6.878231,0.321612,0.37,0.0,0.58,0.810105,0.36652,0
user_66342,2022-10-16 03:16:00,23,11,11,0,4,1,8,4,16,20,3,6,1,6.896469,4.70352,4.470795,0.48,0.0,0.48,0.939449,0.812578,0
user_66343,2022-10-02 05:01:00,25,10,10,0,5,2,15,13,18,0,15,6,1,9.384081,4.108859,7.988652,0.4,0.0,0.4,0.725189,0.836002,0
user_66344,2022-10-20 01:24:00,11,17,11,2,2,3,8,12,0,15,6,3,0,0.79398,5.045541,2.610011,1.0,0.18,1.55,0.601622,0.888249,0
user_66345,2022-09-07 18:17:00,24,14,13,1,1,3,13,6,3,17,4,2,0,2.58911,1.198951,8.826372,0.54,0.08,0.58,0.712509,0.804002,0
user_66346,2022-09-04 10:53:00,23,7,6,1,3,0,12,20,18,17,16,6,1,1.393576,2.302061,5.529181,0.26,0.17,0.3,0.954652,0.581963,0
user_66347,2022-10-06 01:57:00,15,10,10,0,2,2,1,8,19,10,15,3,0,0.357614,8.481685,3.777264,0.67,0.0,0.67,0.395972,0.438533,0
user_66348,2022-09-04 14:02:00,24,9,6,1,2,1,16,15,2,13,0,6,1,2.053376,2.192036,6.208195,0.25,0.17,0.38,0.413085,0.650002,0
user_66349,2022-09-23 03:21:00,23,12,6,0,0,2,13,0,19,2,3,4,0,3.619079,8.122461,5.538084,0.26,0.0,0.52,0.451511,0.424333,0
user_66350,2022-10-02 12:44:00,20,9,9,0,2,0,6,9,9,8,17,6,1,2.766632,11.729389,10.095086,0.45,0.0,0.45,0.618937,0.30467,0
user_66351,2022-10-08 02:51:00,22,8,7,1,1,2,9,7,9,3,7,5,1,5.52109,4.431602,7.395779,0.32,0.14,0.36,0.698076,0.615159,0
user_66352,2022-09-29 20:08:00,25,6,13,0,3,4,0,2,14,16,10,3,0,10.241387,5.619336,6.938252,0.52,0.0,0.24,0.320138,0.81244,0
user_66353,2022-10-24 01:08:00,19,12,8,2,2,2,2,8,16,2,8,0,0,6.187583,7.057513,3.127821,0.42,0.25,0.63,0.824268,0.513555,0
user_66354,2022-10-15 21:07:00,13,10,9,0,1,3,4,4,10,18,15,5,1,6.790555,1.036374,7.796736,0.69,0.0,0.77,0.700671,0.768522,0
user_66355,2022-09-21 20:37:00,28,9,9,0,5,1,15,0,10,14,2,2,0,5.778145,6.593606,7.381348,0.32,0.0,0.32,0.516561,0.516553,0
user_66356,2022-10-18 18:31:00,22,13,13,1,3,5,14,8,16,15,8,1,0,3.992819,1.532091,11.404777,0.59,0.08,0.59,0.955418,0.865832,0
user_66357,2022-10-23 21:35:00,17,10,4,0,1,0,0,1,12,9,15,6,1,3.404708,5.978126,6.634686,0.24,0.0,0.59,0.576973,0.634598,0
user_66358,2022-10-17 06:50:00,31,8,13,0,6,2,3,0,20,12,1,0,0,5.227512,7.86978,9.096066,0.42,0.0,0.26,0.994195,0.96822,0
user_66359,2022-09-02 23:00:00,15,8,6,0,0,2,7,4,14,14,1,4,0,0.703765,4.76548,3.696407,0.4,0.0,0.53,0.469837,0.84658,0
user_66360,2022-10-21 09:00:00,21,9,7,1,3,3,13,16,17,20,18,4,0,9.930043,4.706647,3.40122,0.33,0.14,0.43,0.86669,0.777732,0
user_66361,2022-09-27 03:50:00,13,10,5,1,3,0,20,14,15,11,16,1,0,2.281541,0.056208,1.432894,0.38,0.2,0.77,0.905712,0.940959,0
user_66362,2022-10-23 08:54:00,17,7,3,1,3,0,0,0,11,1,6,6,1,0.843628,3.958227,8.696464,0.18,0.33,0.41,0.300779,0.450935,0
user_66363,2022-09-22 22:12:00,12,7,6,1,2,2,2,2,17,17,16,3,0,0.651931,10.663092,7.862189,0.5,0.17,0.58,0.958053,0.426222,0
user_66364,2022-09-24 02:04:00,28,12,6,2,5,1,14,1,5,9,5,5,1,4.756558,4.825716,5.591998,0.21,0.33,0.43,0.736594,0.534,0
user_66365,2022-10-23 15:59:00,13,12,9,1,2,2,2,1,15,1,20,6,1,12.687632,2.824979,4.455167,0.69,0.11,0.92,0.859772,0.474337,1
user_66366,2022-09-03 13:56:00,20,7,10,1,2,1,0,8,12,10,15,5,1,3.922079,6.713186,7.161829,0.5,0.1,0.35,0.342917,0.36529,0
user_66367,2022-09-26 12:43:00,21,12,4,0,3,0,11,1,9,12,2,0,0,4.003035,6.669348,7.75203,0.19,0.0,0.57,0.462185,0.376885,0
user_66368,2022-10-10 20:08:00,15,8,10,1,1,2,18,11,8,9,1,0,0,8.454563,7.616711,4.65801,0.67,0.1,0.53,0.990966,0.601076,0
user_66369,2022-10-26 21:54:00,23,13,9,1,2,1,10,7,20,18,0,2,0,7.43262,3.668811,7.880833,0.39,0.11,0.57,0.392479,0.94052,0
user_66370,2022-09-09 15:46:00,29,16,5,0,4,1,5,16,20,4,6,4,0,7.221028,9.109739,3.817376,0.17,0.0,0.55,0.573891,0.306461,0
user_66371,2022-10-23 09:28:00,16,12,11,1,1,1,7,10,5,2,14,6,1,7.087173,5.236885,5.487643,0.69,0.09,0.75,0.564789,0.948166,0
user_66372,2022-10-07 17:48:00,16,10,4,1,2,0,3,12,13,16,6,4,0,6.299915,8.51434,6.75546,0.25,0.25,0.62,0.38645,0.863785,0
user_66373,2022-10-14 21:42:00,24,9,10,0,1,0,12,17,14,19,10,4,0,3.757467,0.850443,4.567765,0.42,0.0,0.38,0.395781,0.397878,0
user_66374,2022-09-14 01:40:00,17,5,5,0,2,3,2,14,15,13,16,2,0,4.51315,2.772209,11.779402,0.29,0.0,0.29,0.506443,0.833316,0
user_66375,2022-10-15 04:19:00,27,13,7,0,1,2,4,8,2,3,9,5,1,1.10834,6.650512,5.325069,0.26,0.0,0.48,0.957075,0.435847,0
user_66376,2022-09-27 11:30:00,23,16,6,0,3,0,11,11,14,10,15,1,0,1.294954,4.029883,10.394981,0.26,0.0,0.7,0.787992,0.884875,0
user_66377,2022-10-14 00:47:00,20,9,4,0,2,0,0,9,10,18,7,4,0,6.61817,6.559532,6.171193,0.2,0.0,0.45,0.568715,0.996245,0
user_66378,2022-10-15 03:34:00,19,7,3,0,3,1,5,1,17,1,10,5,1,4.113836,3.550232,5.945599,0.16,0.0,0.37,0.359286,0.658419,0
user_66379,2022-09-16 12:16:00,19,13,7,1,1,1,16,6,17,14,6,4,0,7.165426,6.213713,8.802227,0.37,0.14,0.68,0.302802,0.65246,0
user_66380,2022-09-08 11:22:00,25,6,9,0,5,1,14,16,11,1,2,3,0,4.642403,4.275378,6.304329,0.36,0.0,0.24,0.996108,0.351417,0
user_66381,2022-10-12 01:05:00,15,8,8,2,2,1,15,6,16,18,6,2,0,5.686152,4.132403,5.422962,0.53,0.25,0.53,0.407087,0.944975,0
user_66382,2022-09-03 01:33:00,17,9,8,1,0,1,9,3,2,5,17,5,1,7.059112,8.821779,6.619154,0.47,0.12,0.53,0.573202,0.85817,0
user_66383,2022-09-03 16:40:00,25,8,7,1,5,1,7,14,4,15,10,5,1,9.194627,6.445855,6.322477,0.28,0.14,0.32,0.847342,0.891029,0
user_66384,2022-10-22 17:43:00,18,11,5,1,1,2,2,4,1,6,12,5,1,0.75248,0.006524,12.964457,0.28,0.2,0.61,0.478015,0.606932,0
user_66385,2022-10-05 10:29:00,16,8,7,0,1,2,6,2,8,4,1,2,0,7.246955,2.519946,9.197488,0.44,0.0,0.5,0.338766,0.69682,0
user_66386,2022-10-24 18:31:00,20,10,8,0,1,2,6,16,11,3,0,0,0,7.522331,4.3258,6.996549,0.4,0.0,0.5,0.664474,0.946067,0
user_66387,2022-10-08 23:21:00,15,7,6,0,1,1,16,2,17,1,0,5,1,8.405828,8.055435,8.513733,0.4,0.0,0.47,0.787145,0.87739,0
user_66388,2022-10-16 19:06:00,20,15,8,1,3,1,0,18,11,17,18,6,1,8.669224,8.313575,6.512297,0.4,0.12,0.75,0.730448,0.916967,0
user_66389,2022-09-28 07:47:00,13,13,8,1,0,3,13,6,4,3,15,2,0,3.607977,6.294304,4.554659,0.62,0.12,1.0,0.677284,0.549154,0
user_66390,2022-10-18 05:57:00,22,7,8,2,1,3,0,2,8,8,3,1,0,1.956984,0.089158,4.825221,0.36,0.25,0.32,0.323184,0.389209,0
user_66391,2022-09-28 07:46:00,18,11,7,0,3,1,4,4,6,17,13,2,0,4.085585,2.203625,10.924157,0.39,0.0,0.61,0.706225,0.740943,0
user_66392,2022-10-02 19:21:00,22,11,5,0,3,0,0,3,14,11,19,6,1,3.748386,3.531361,8.350626,0.23,0.0,0.5,0.522251,0.619525,1
user_66393,2022-10-04 11:47:00,15,9,6,1,4,0,2,9,18,13,7,1,0,1.656814,9.107717,6.303063,0.4,0.17,0.6,0.807006,0.793972,0
user_66394,2022-10-16 17:21:00,16,8,11,1,0,2,10,8,12,18,10,6,1,1.247943,9.436931,10.519356,0.69,0.09,0.5,0.415569,0.541821,0
user_66395,2022-09-26 14:22:00,19,7,6,2,0,1,8,1,10,12,19,0,0,7.158809,5.101017,8.761557,0.32,0.33,0.37,0.855254,0.65931,1
user_66396,2022-10-22 02:46:00,21,8,10,0,3,2,2,19,12,18,1,5,1,4.737571,6.725843,4.997003,0.48,0.0,0.38,0.608221,0.647495,0
user_66397,2022-09-01 15:56:00,27,8,10,1,3,0,7,13,2,20,9,3,0,4.816743,3.487867,6.887862,0.37,0.1,0.3,0.798239,0.987077,0
user_66398,2022-10-11 03:28:00,18,12,8,0,1,2,19,19,2,6,13,1,0,5.452735,3.327654,9.258325,0.44,0.0,0.67,0.712699,0.338857,0
user_66399,2022-09-19 18:55:00,14,17,10,2,1,1,2,3,17,13,14,0,0,7.126194,3.834499,5.716956,0.71,0.2,1.21,0.564545,0.376794,0
user_66400,2022-10-04 13:52:00,15,13,5,1,2,2,11,16,5,13,10,1,0,2.817826,2.866657,9.053055,0.33,0.2,0.87,0.750663,0.800932,0
user_66401,2022-09-10 02:29:00,22,9,9,0,3,1,11,17,9,10,7,5,1,5.702848,4.95589,4.716461,0.41,0.0,0.41,0.446624,0.538291,0
user_66402,2022-09-09 15:18:00,14,4,9,0,2,3,15,0,7,10,4,4,0,2.194939,1.441486,3.653514,0.64,0.0,0.29,0.519314,0.527957,0
user_66403,2022-09-04 08:40:00,23,8,5,1,0,0,9,11,0,18,13,6,1,4.090445,2.314822,10.765054,0.22,0.2,0.35,0.828944,0.437501,0
user_66404,2022-10-18 22:08:00,23,14,15,1,3,2,0,16,6,14,5,1,0,4.109019,6.684926,9.50731,0.65,0.07,0.61,0.30395,0.332207,0
user_66405,2022-10-16 07:43:00,22,16,9,0,2,3,1,9,12,10,15,6,1,3.242392,1.905083,11.248955,0.41,0.0,0.73,0.848721,0.952825,0
user_66406,2022-09-23 14:58:00,22,7,8,1,0,2,16,7,1,13,6,4,0,7.475031,5.206443,6.68909,0.36,0.12,0.32,0.33281,0.797284,0
user_66407,2022-09-04 02:55:00,24,7,14,1,3,4,6,4,16,20,12,6,1,3.274923,2.757877,7.685111,0.58,0.07,0.29,0.770241,0.951058,0
user_66408,2022-10-23 16:36:00,28,9,11,2,2,2,17,17,5,5,15,6,1,6.573505,8.221701,8.021926,0.39,0.18,0.32,0.903341,0.515151,0
user_66409,2022-09-23 16:02:00,30,15,9,1,2,1,19,3,5,20,6,4,0,6.903868,5.016976,9.451483,0.3,0.11,0.5,0.936754,0.757975,0
user_66410,2022-10-20 16:56:00,15,5,10,0,1,1,12,0,2,6,18,3,0,7.032114,2.396485,7.794481,0.67,0.0,0.33,0.642506,0.85343,0
user_66411,2022-10-30 23:58:00,20,15,12,1,2,2,18,7,2,13,16,6,1,10.632088,4.649446,9.558095,0.6,0.08,0.75,0.460114,0.520592,0
user_66412,2022-09-17 02:10:00,21,9,11,0,3,0,7,4,17,7,0,5,1,4.245958,6.042876,7.017659,0.52,0.0,0.43,0.636397,0.892081,0
user_66413,2022-09-27 13:04:00,16,9,8,1,3,2,18,10,17,19,10,1,0,5.820333,9.364292,8.967379,0.5,0.12,0.56,0.945024,0.358055,0
user_66414,2022-10-24 10:40:00,21,10,7,0,2,0,5,10,13,10,1,0,0,8.075043,10.119738,4.391409,0.33,0.0,0.48,0.552808,0.910243,0
user_66415,2022-09-01 07:55:00,19,10,13,2,1,4,9,2,12,11,7,3,0,7.950706,0.507908,8.9169,0.68,0.15,0.53,0.386098,0.684637,0
user_66416,2022-09-21 21:28:00,21,11,11,1,3,4,11,19,3,9,11,2,0,3.317568,3.70706,5.177009,0.52,0.09,0.52,0.466247,0.394065,0
user_66417,2022-10-20 12:25:00,19,9,3,1,4,0,3,15,7,7,5,3,0,2.347687,3.549147,6.609985,0.16,0.33,0.47,0.52101,0.664345,0
user_66418,2022-10-19 08:57:00,22,18,5,0,1,0,10,16,15,16,9,2,0,1.525665,0.058679,12.631745,0.23,0.0,0.82,0.323911,0.752765,0
user_66419,2022-10-16 04:29:00,19,6,10,0,1,2,2,0,17,12,11,6,1,6.763298,5.752611,4.056706,0.53,0.0,0.32,0.449511,0.512827,0
user_66420,2022-09-29 22:21:00,17,11,11,1,2,2,18,13,11,11,6,3,0,1.881508,4.5303,6.848017,0.65,0.09,0.65,0.643691,0.422229,0
user_66421,2022-10-22 16:31:00,14,9,5,1,0,1,19,10,12,0,18,5,1,5.629508,1.929503,12.101855,0.36,0.2,0.64,0.715967,0.990821,0
user_66422,2022-09-16 01:02:00,20,4,7,0,3,3,1,20,18,10,0,4,0,1.797468,6.202889,7.183984,0.35,0.0,0.2,0.401072,0.444157,0
user_66423,2022-10-05 21:20:00,23,10,6,0,2,1,12,14,0,9,18,2,0,4.528452,5.070558,3.974976,0.26,0.0,0.43,0.543014,0.695282,0
user_66424,2022-09-23 16:28:00,22,6,10,1,4,1,15,5,11,0,16,4,0,5.846199,0.784681,9.362563,0.45,0.1,0.27,0.359894,0.781632,0
user_66425,2022-10-06 17:23:00,22,14,7,0,2,0,10,12,17,17,10,3,0,5.1118,6.204972,9.375935,0.32,0.0,0.64,0.618707,0.945993,0
user_66426,2022-10-14 16:20:00,16,7,7,1,1,2,12,11,5,19,1,4,0,4.760503,9.558117,12.616939,0.44,0.14,0.44,0.44798,0.681289,0
user_66427,2022-09-17 18:19:00,24,5,8,0,4,1,11,13,13,20,15,5,1,6.224581,3.97486,9.172272,0.33,0.0,0.21,0.680893,0.406706,0
user_66428,2022-10-21 23:42:00,18,12,7,1,0,3,15,1,13,15,12,4,0,0.265111,6.51031,0.301822,0.39,0.14,0.67,0.531376,0.887006,0
user_66429,2022-10-15 16:59:00,10,12,8,0,3,0,8,13,3,5,6,5,1,5.730752,7.644976,0.861886,0.8,0.0,1.2,0.663004,0.397332,0
user_66430,2022-09-09 06:49:00,11,10,3,1,0,0,5,10,14,5,9,4,0,4.213667,0.692476,4.739108,0.27,0.33,0.91,0.451565,0.623314,0
user_66431,2022-10-29 10:28:00,14,12,5,0,1,1,3,6,0,8,18,5,1,5.335513,2.613165,7.270887,0.36,0.0,0.86,0.716817,0.915066,0
user_66432,2022-10-05 23:11:00,19,11,4,0,2,1,8,2,16,16,13,2,0,8.483682,5.741639,6.985864,0.21,0.0,0.58,0.691971,0.52706,0
user_66433,2022-09-26 14:54:00,19,14,4,1,2,1,16,1,10,11,6,0,0,1.305984,7.563479,7.865113,0.21,0.25,0.74,0.850833,0.901747,0
user_66434,2022-10-29 23:08:00,19,8,10,0,1,3,11,5,18,11,5,5,1,7.509744,5.795403,6.423734,0.53,0.0,0.42,0.394006,0.77548,0
user_66435,2022-09-06 21:21:00,20,11,9,0,2,1,3,12,8,11,6,1,0,1.94235,3.542312,10.169759,0.45,0.0,0.55,0.487821,0.949691,0
user_66436,2022-09-09 20:00:00,16,13,4,0,2,1,4,17,1,1,3,4,0,7.039845,7.190374,6.549616,0.25,0.0,0.81,0.310939,0.910795,0
user_66437,2022-09-04 03:40:00,19,12,9,0,2,1,4,2,15,11,11,6,1,6.788447,1.046907,9.840593,0.47,0.0,0.63,0.738883,0.615502,0
user_66438,2022-10-07 07:33:00,20,8,10,1,2,2,2,11,13,1,6,4,0,9.274992,4.78428,9.232557,0.5,0.1,0.4,0.386184,0.903902,0
user_66439,2022-10-19 15:15:00,13,5,6,1,0,1,0,11,9,20,17,2,0,9.36188,4.333698,3.271251,0.46,0.17,0.38,0.643323,0.499783,0
user_66440,2022-10-04 00:13:00,22,11,11,1,2,3,16,15,10,5,19,1,0,6.754823,5.553064,9.348485,0.5,0.09,0.5,0.304099,0.688556,1
user_66441,2022-10-26 03:38:00,20,11,4,0,2,0,17,16,16,1,19,2,0,3.247715,4.486968,7.527117,0.2,0.0,0.55,0.611356,0.506489,1
user_66442,2022-10-08 02:29:00,26,11,7,1,3,2,16,10,12,10,13,5,1,6.084278,3.0625,3.588372,0.27,0.14,0.42,0.380668,0.719825,0
user_66443,2022-10-04 05:13:00,18,8,11,1,1,2,7,9,1,16,15,1,0,8.550925,9.430932,8.021543,0.61,0.09,0.44,0.366323,0.846957,0
user_66444,2022-10-01 01:31:00,22,15,6,0,1,4,14,15,19,11,12,5,1,2.628852,10.422681,2.507201,0.27,0.0,0.68,0.85468,0.569494,0
user_66445,2022-09-18 21:57:00,29,8,15,1,4,1,12,9,15,17,5,6,1,2.485934,9.451142,6.574664,0.52,0.07,0.28,0.457793,0.679999,0
user_66446,2022-10-28 10:58:00,27,9,7,2,2,3,7,16,11,10,18,4,0,5.052099,6.409172,6.290306,0.26,0.29,0.33,0.999902,0.41169,0
user_66447,2022-10-09 12:52:00,17,12,9,1,2,1,2,12,8,13,3,6,1,4.04635,0.513564,4.417056,0.53,0.11,0.71,0.650719,0.745298,0
user_66448,2022-09-28 00:51:00,19,10,7,1,2,1,4,20,2,3,7,2,0,1.94968,7.878882,2.6792,0.37,0.14,0.53,0.994986,0.767303,0
user_66449,2022-10-13 07:16:00,29,14,9,1,3,5,4,15,3,18,1,3,0,3.478391,6.264898,0.62695,0.31,0.11,0.48,0.938389,0.864621,0
user_66450,2022-09-18 11:25:00,27,5,7,0,3,0,0,8,5,16,11,6,1,4.337501,4.645174,13.07154,0.26,0.0,0.19,0.946448,0.578132,0
user_66451,2022-09-01 13:26:00,22,13,9,2,1,2,0,2,2,3,5,3,0,2.438585,0.884874,6.657572,0.41,0.22,0.59,0.783726,0.408866,0
user_66452,2022-09-17 02:23:00,14,6,15,0,2,5,3,3,2,0,3,5,1,3.070536,7.021252,11.594114,1.07,0.0,0.43,0.712036,0.659111,0
user_66453,2022-10-03 08:08:00,11,11,5,1,0,1,15,20,14,12,9,0,0,6.386619,4.641386,2.129928,0.45,0.2,1.0,0.928359,0.437507,0
user_66454,2022-10-24 19:09:00,24,10,8,0,1,0,0,16,9,12,18,0,0,8.598003,1.672267,9.969774,0.33,0.0,0.42,0.894386,0.42873,0
user_66455,2022-09-29 03:11:00,15,9,1,0,1,0,11,16,3,1,5,3,0,6.428391,1.386852,6.347405,0.07,0.0,0.6,0.378509,0.599998,0
user_66456,2022-09-19 23:02:00,26,7,11,1,5,0,17,20,9,10,20,0,0,5.585114,9.182429,3.073738,0.42,0.09,0.27,0.763887,0.664575,1
user_66457,2022-09-15 09:48:00,22,9,5,0,4,1,2,9,20,19,12,3,0,8.802624,4.595021,9.696751,0.23,0.0,0.41,0.691353,0.615905,0
user_66458,2022-09-27 07:18:00,18,13,6,1,1,0,20,13,13,10,5,1,0,6.736525,1.481376,10.635059,0.33,0.17,0.72,0.848349,0.624695,0
user_66459,2022-09-16 15:24:00,22,8,6,0,2,2,4,10,15,11,19,4,0,9.593981,11.932973,6.313903,0.27,0.0,0.36,0.545401,0.903851,1
user_66460,2022-09-23 19:33:00,19,12,6,2,1,3,16,20,13,11,0,4,0,3.753098,2.597134,5.333811,0.32,0.33,0.63,0.378177,0.745261,0
user_66461,2022-10-13 07:31:00,22,11,10,0,6,0,3,3,15,9,16,3,0,11.384489,2.127325,8.63564,0.45,0.0,0.5,0.327673,0.462419,0
user_66462,2022-09-07 18:00:00,19,9,2,0,3,0,2,13,18,3,5,2,0,9.816265,4.652257,1.779222,0.11,0.0,0.47,0.936297,0.579669,0
user_66463,2022-09-28 00:09:00,20,7,13,1,1,2,18,9,17,15,18,2,0,4.817841,7.259151,6.221825,0.65,0.08,0.35,0.479721,0.432153,0
user_66464,2022-10-04 15:11:00,17,13,10,1,1,3,15,13,14,8,9,1,0,0.227646,4.50074,5.814862,0.59,0.1,0.76,0.341948,0.663295,0
user_66465,2022-09-18 16:43:00,13,14,7,0,3,0,17,5,5,18,14,6,1,2.141106,4.689752,8.19466,0.54,0.0,1.08,0.665332,0.935219,0
user_66466,2022-09-04 21:30:00,22,13,4,1,5,1,18,0,17,10,15,6,1,6.259235,6.81368,7.707707,0.18,0.25,0.59,0.736348,0.34685,0
user_66467,2022-09-28 20:17:00,27,7,5,2,2,1,5,20,13,8,1,2,0,3.222424,8.917045,4.950112,0.19,0.4,0.26,0.965515,0.64384,0
user_66468,2022-09-25 05:27:00,17,10,4,0,2,0,10,13,16,0,9,6,1,2.583741,5.584483,8.743781,0.24,0.0,0.59,0.33267,0.606456,0
user_66469,2022-09-04 14:03:00,20,10,9,0,2,3,17,17,11,6,6,6,1,7.410081,1.368494,9.638532,0.45,0.0,0.5,0.300976,0.846337,0
user_66470,2022-10-30 05:43:00,13,8,11,0,4,2,13,1,12,18,10,6,1,1.675284,6.496717,8.551134,0.85,0.0,0.62,0.842974,0.444552,0
user_66471,2022-10-06 05:10:00,31,10,16,2,5,3,18,19,10,4,8,3,0,4.906666,8.929707,6.452823,0.52,0.12,0.32,0.696009,0.725732,0
user_66472,2022-10-01 14:21:00,21,14,6,0,0,2,11,2,5,13,15,5,1,4.06085,1.359077,5.971755,0.29,0.0,0.67,0.404078,0.779638,0
user_66473,2022-09-08 01:02:00,29,9,11,0,4,1,17,15,19,4,1,3,0,4.255932,2.700044,0.027631,0.38,0.0,0.31,0.563388,0.700019,0
user_66474,2022-09-04 22:23:00,26,3,9,0,3,1,16,4,6,18,15,6,1,8.029835,3.459087,10.282729,0.35,0.0,0.12,0.470727,0.847408,0
user_66475,2022-09-21 00:23:00,26,14,7,0,1,3,5,15,18,11,5,2,0,2.002016,7.428149,8.494545,0.27,0.0,0.54,0.659571,0.658054,0
user_66476,2022-10-30 00:17:00,23,12,5,1,1,0,13,15,6,2,16,6,1,6.9332,2.480116,3.693054,0.22,0.2,0.52,0.619912,0.379234,0
user_66477,2022-09-28 08:41:00,16,8,5,0,0,2,10,3,5,3,1,2,0,7.179782,0.302003,8.391069,0.31,0.0,0.5,0.348467,0.396675,0
user_66478,2022-10-09 20:28:00,20,8,4,0,4,1,9,11,14,4,8,6,1,4.990323,0.543725,11.833566,0.2,0.0,0.4,0.898904,0.364894,0
user_66479,2022-10-26 01:15:00,8,9,6,1,0,2,1,1,16,0,2,2,0,3.673076,6.3059,10.403277,0.75,0.17,1.12,0.734315,0.583906,0
user_66480,2022-10-11 03:59:00,18,11,6,1,1,0,15,19,8,19,16,1,0,11.659599,4.472786,8.527326,0.33,0.17,0.61,0.841964,0.591326,0
user_66481,2022-10-19 04:26:00,18,16,8,0,1,0,15,0,12,16,7,2,0,2.549011,11.480463,6.528702,0.44,0.0,0.89,0.574591,0.389259,0
user_66482,2022-10-10 03:53:00,16,8,5,1,2,1,11,16,4,0,4,0,0,0.206897,3.290965,13.481412,0.31,0.2,0.5,0.565745,0.810986,0
user_66483,2022-09-12 10:56:00,19,11,6,1,2,0,14,14,1,4,15,0,0,7.220948,3.552855,6.425911,0.32,0.17,0.58,0.891199,0.305595,0
user_66484,2022-09-07 23:25:00,14,9,6,1,0,1,8,5,16,0,11,2,0,8.81883,5.697275,9.94278,0.43,0.17,0.64,0.315426,0.89218,0
user_66485,2022-10-12 00:23:00,20,11,5,0,2,0,2,19,11,0,17,2,0,3.5997,5.423434,7.986105,0.25,0.0,0.55,0.315264,0.395115,0
user_66486,2022-10-27 16:27:00,20,11,5,0,1,2,7,14,20,1,2,3,0,1.278462,6.400095,7.728491,0.25,0.0,0.55,0.402368,0.656547,0
user_66487,2022-10-11 23:10:00,14,7,5,1,2,0,15,13,19,7,17,1,0,8.9377,3.97466,7.718226,0.36,0.2,0.5,0.72423,0.330811,0
user_66488,2022-09-16 11:28:00,14,7,5,0,0,1,8,6,12,16,4,4,0,8.755656,1.070246,3.971425,0.36,0.0,0.5,0.403269,0.769917,0
user_66489,2022-10-10 03:13:00,10,12,4,1,0,0,4,18,17,0,19,0,0,0.301459,5.275852,13.813196,0.4,0.25,1.2,0.580598,0.658826,1
user_66490,2022-09-12 20:17:00,30,13,6,0,3,0,10,1,6,9,15,0,0,4.303931,7.347814,1.607126,0.2,0.0,0.43,0.654786,0.665902,0
user_66491,2022-10-12 07:00:00,18,7,5,0,5,2,3,2,17,2,17,2,0,0.417975,6.504714,3.402031,0.28,0.0,0.39,0.472853,0.553359,0
user_66492,2022-09-30 08:02:00,19,9,6,0,3,1,3,0,5,2,18,4,0,8.212153,3.606402,3.350462,0.32,0.0,0.47,0.49877,0.330396,0
user_66493,2022-09-14 15:46:00,19,9,7,0,2,0,7,1,9,4,10,2,0,4.33251,4.790394,5.101525,0.37,0.0,0.47,0.794912,0.397197,0
user_66494,2022-10-09 18:03:00,16,14,7,1,5,1,6,14,17,15,16,6,1,4.344665,9.755081,9.403235,0.44,0.14,0.88,0.604232,0.478664,0
user_66495,2022-09-14 17:34:00,26,13,4,1,2,2,0,16,9,6,19,2,0,3.807106,3.004524,4.806474,0.15,0.25,0.5,0.752907,0.494854,1
user_66496,2022-09-28 11:10:00,17,6,3,0,4,2,16,7,15,16,20,2,0,5.132308,3.277393,7.68803,0.18,0.0,0.35,0.781015,0.583072,1
user_66497,2022-09-05 12:09:00,20,14,12,1,1,3,13,0,9,11,17,0,0,8.563824,5.676916,2.735428,0.6,0.08,0.7,0.541473,0.860709,0
user_66498,2022-10-06 17:38:00,13,15,5,0,0,0,2,3,17,3,13,3,0,3.779708,3.757536,6.272009,0.38,0.0,1.15,0.394359,0.478458,0
user_66499,2022-09-20 00:28:00,24,18,7,1,1,0,6,11,0,14,19,1,0,12.66946,10.402783,2.747612,0.29,0.14,0.75,0.534407,0.600239,1
user_66500,2022-09-22 09:37:00,28,9,4,0,1,1,4,1,19,3,14,3,0,4.489116,11.510745,5.665334,0.14,0.0,0.32,0.834054,0.983634,0
user_66501,2022-10-14 14:35:00,20,9,9,0,1,3,10,4,12,17,11,4,0,7.858712,5.357199,8.005502,0.45,0.0,0.45,0.676311,0.651556,0
user_66502,2022-09-18 12:10:00,36,12,5,0,3,2,18,4,17,2,6,6,1,5.132459,12.452195,4.069697,0.14,0.0,0.33,0.312759,0.866347,0
user_66503,2022-09-01 22:19:00,33,8,8,0,3,2,1,18,11,9,0,3,0,8.835583,7.102322,6.775805,0.24,0.0,0.24,0.349884,0.652626,0
user_66504,2022-09-30 06:29:00,8,12,9,0,0,1,2,11,8,16,7,4,0,8.019264,1.810226,3.535675,1.12,0.0,1.5,0.602883,0.521615,0
user_66505,2022-09-16 07:44:00,23,8,11,2,5,0,6,6,3,12,11,4,0,2.280923,5.09099,3.704364,0.48,0.18,0.35,0.798461,0.361974,0
user_66506,2022-10-06 21:00:00,18,9,9,0,2,1,10,0,14,20,3,3,0,3.219534,3.86793,2.176549,0.5,0.0,0.5,0.67685,0.379057,0
user_66507,2022-10-25 17:31:00,19,9,5,1,1,3,16,7,0,8,13,1,0,4.456488,4.354628,9.788426,0.26,0.2,0.47,0.351251,0.32504,0
user_66508,2022-09-30 07:26:00,24,11,8,0,2,1,18,11,10,15,13,4,0,6.385098,0.254902,8.563823,0.33,0.0,0.46,0.884635,0.31717,0
user_66509,2022-09-18 20:11:00,17,10,7,1,1,1,15,15,19,13,18,6,1,6.713469,8.419624,11.498278,0.41,0.14,0.59,0.734774,0.897227,0
user_66510,2022-09-28 03:04:00,14,7,2,0,2,0,9,17,17,5,7,2,0,1.602093,1.60734,1.232996,0.14,0.0,0.5,0.831232,0.310992,0
user_66511,2022-10-05 22:24:00,20,10,9,0,2,3,20,2,10,18,4,2,0,4.653048,9.100557,1.942665,0.45,0.0,0.5,0.744663,0.667237,0
user_66512,2022-10-11 18:47:00,26,12,7,0,1,3,8,2,13,8,8,1,0,6.421477,3.737369,7.67721,0.27,0.0,0.46,0.730937,0.906014,0
user_66513,2022-09-05 19:05:00,24,11,5,1,4,2,1,0,2,12,19,0,0,1.533253,5.430951,2.653831,0.21,0.2,0.46,0.71082,0.611117,1
user_66514,2022-09-22 19:22:00,18,14,12,0,3,1,20,14,7,11,5,3,0,5.928812,8.284183,8.523521,0.67,0.0,0.78,0.588853,0.387303,0
user_66515,2022-10-12 01:09:00,19,9,7,0,3,0,20,11,20,9,16,2,0,7.819179,9.738989,0.763921,0.37,0.0,0.47,0.956875,0.385444,0
user_66516,2022-10-15 19:17:00,12,9,9,0,1,4,2,6,2,18,7,5,1,2.390206,5.357583,7.407856,0.75,0.0,0.75,0.423746,0.483364,0
user_66517,2022-09-06 20:28:00,20,13,6,0,3,3,0,5,19,20,8,1,0,3.823193,11.270501,8.356007,0.3,0.0,0.65,0.945211,0.856552,0
user_66518,2022-10-16 17:52:00,19,16,3,0,1,0,7,15,15,9,14,6,1,7.399719,1.856041,10.474589,0.16,0.0,0.84,0.743603,0.863003,0
user_66519,2022-10-26 12:52:00,26,8,10,0,0,2,0,16,11,0,15,2,0,4.764466,0.205467,7.10376,0.38,0.0,0.31,0.618568,0.500144,0
user_66520,2022-09-11 06:46:00,18,11,5,0,0,0,15,6,5,13,3,6,1,6.154326,2.195534,11.636571,0.28,0.0,0.61,0.389668,0.658537,0
user_66521,2022-10-19 04:10:00,17,4,5,0,0,1,7,13,2,3,1,2,0,10.165801,4.084626,9.332733,0.29,0.0,0.24,0.871374,0.353003,0
user_66522,2022-09-03 19:46:00,17,4,8,1,2,2,7,19,8,13,13,5,1,2.909187,1.707943,6.842933,0.47,0.12,0.24,0.313846,0.403454,0
user_66523,2022-09-03 20:56:00,21,6,9,0,3,2,12,13,13,7,6,5,1,2.206546,10.172172,9.906233,0.43,0.0,0.29,0.529975,0.476361,0
user_66524,2022-09-28 16:41:00,27,7,9,0,1,2,4,4,0,17,3,2,0,7.568825,6.281698,0.677742,0.33,0.0,0.26,0.946637,0.696091,0
user_66525,2022-09-21 03:18:00,21,15,8,0,1,0,18,4,19,19,9,2,0,8.113803,1.99201,2.890895,0.38,0.0,0.71,0.474936,0.823599,0
user_66526,2022-09-17 23:35:00,19,8,10,2,4,1,7,14,18,4,16,5,1,0.955149,9.500823,4.88723,0.53,0.2,0.42,0.684224,0.840549,0
user_66527,2022-10-02 23:36:00,18,8,10,0,3,6,15,3,0,17,3,6,1,6.343941,3.422596,3.111396,0.56,0.0,0.44,0.946604,0.93155,0
user_66528,2022-10-11 08:43:00,33,8,7,1,3,0,6,10,1,10,3,1,0,2.914099,6.443558,11.580649,0.21,0.14,0.24,0.527387,0.736586,0
user_66529,2022-10-18 04:00:00,29,12,7,0,3,1,18,5,7,15,2,1,0,4.862894,6.191219,1.133417,0.24,0.0,0.41,0.977439,0.925491,0
user_66530,2022-09-03 07:23:00,18,10,7,1,0,0,17,0,18,13,6,5,1,5.513162,5.46737,4.753943,0.39,0.14,0.56,0.356611,0.794496,0
user_66531,2022-10-03 10:22:00,21,7,5,0,2,0,12,19,8,9,8,0,0,5.85886,6.550705,7.807403,0.24,0.0,0.33,0.706936,0.429593,0
user_66532,2022-09-22 12:47:00,15,9,9,1,2,3,7,17,6,17,17,3,0,8.06102,5.949811,13.975662,0.6,0.11,0.6,0.388874,0.884733,0
user_66533,2022-09-05 20:50:00,23,10,9,0,2,1,11,6,8,18,11,0,0,0.16302,1.747134,0.400548,0.39,0.0,0.43,0.627853,0.807849,0
user_66534,2022-10-30 13:43:00,20,13,10,0,3,0,5,19,20,6,16,6,1,1.024308,5.127606,4.381084,0.5,0.0,0.65,0.67684,0.386308,0
user_66535,2022-10-01 03:16:00,23,14,9,0,1,5,7,16,14,18,4,5,1,5.379838,3.475829,9.591392,0.39,0.0,0.61,0.312267,0.60051,0
user_66536,2022-09-12 19:18:00,21,15,11,1,3,5,20,6,20,4,3,0,0,2.302365,6.179937,7.479901,0.52,0.09,0.71,0.319588,0.374543,0
user_66537,2022-10-24 22:14:00,18,8,7,1,1,0,17,10,14,19,9,0,0,4.77231,2.834085,5.450133,0.39,0.14,0.44,0.781606,0.7972,0
user_66538,2022-10-16 23:31:00,18,14,10,0,1,1,2,18,9,10,12,6,1,4.918836,4.074506,8.452495,0.56,0.0,0.78,0.558859,0.630912,0
user_66539,2022-09-09 04:40:00,25,16,7,1,3,1,2,16,1,19,10,4,0,1.102925,12.164197,5.898659,0.28,0.14,0.64,0.834121,0.398196,0
user_66540,2022-10-09 08:39:00,17,9,9,0,3,3,10,14,6,7,9,6,1,5.847998,8.518601,8.415241,0.53,0.0,0.53,0.673287,0.98344,0
user_66541,2022-09-17 19:23:00,18,14,10,1,0,1,9,18,5,5,20,5,1,5.62763,0.989432,6.828824,0.56,0.1,0.78,0.369206,0.500638,1
user_66542,2022-09-25 13:43:00,15,5,8,0,3,0,8,7,4,16,6,6,1,7.860387,6.462791,5.455935,0.53,0.0,0.33,0.481328,0.869159,0
user_66543,2022-10-09 12:00:00,32,9,6,1,5,0,9,1,5,11,18,6,1,3.938979,12.690847,8.36479,0.19,0.17,0.28,0.840365,0.481964,0
user_66544,2022-09-25 12:10:00,18,6,11,1,2,4,8,8,1,16,13,6,1,4.90373,1.295416,9.755563,0.61,0.09,0.33,0.847579,0.723012,0
user_66545,2022-09-29 09:11:00,16,11,2,0,3,0,20,20,0,10,10,3,0,3.192649,4.41747,8.967716,0.12,0.0,0.69,0.917618,0.897882,0
user_66546,2022-10-24 22:04:00,21,14,6,0,0,2,8,15,12,13,8,0,0,5.005505,7.141191,10.479166,0.29,0.0,0.67,0.370956,0.318338,0
user_66547,2022-09-07 23:45:00,20,11,11,1,0,1,11,1,11,10,17,2,0,9.785521,3.910881,4.729702,0.55,0.09,0.55,0.694621,0.414242,0
user_66548,2022-09-26 06:57:00,17,8,12,0,4,2,6,9,15,10,7,0,0,12.256174,2.786264,7.224116,0.71,0.0,0.47,0.875542,0.318537,0
user_66549,2022-09-01 21:45:00,13,14,10,0,1,1,15,17,15,9,2,3,0,1.312992,3.827142,0.941515,0.77,0.0,1.08,0.511441,0.694371,0
user_66550,2022-09-29 06:08:00,16,9,12,1,0,2,5,9,4,12,15,3,0,5.814673,6.81775,5.91901,0.75,0.08,0.56,0.743915,0.556368,0
user_66551,2022-09-21 20:21:00,22,5,8,0,3,0,18,20,12,15,14,2,0,7.208481,8.500196,6.035966,0.36,0.0,0.23,0.604597,0.821175,0
user_66552,2022-09-20 03:04:00,18,7,4,0,1,1,8,14,17,1,16,1,0,8.440069,5.188427,8.344858,0.22,0.0,0.39,0.654329,0.598299,0
user_66553,2022-10-19 08:49:00,19,13,10,1,0,1,6,1,9,18,1,2,0,6.217488,3.874137,8.449684,0.53,0.1,0.68,0.428954,0.986348,0
user_66554,2022-09-28 15:50:00,17,11,14,0,3,3,11,19,18,9,9,2,0,4.518308,5.970891,4.584456,0.82,0.0,0.65,0.916978,0.961138,0
user_66555,2022-10-05 13:23:00,16,9,11,1,3,3,8,12,4,8,4,2,0,1.72729,4.499577,4.981806,0.69,0.09,0.56,0.99636,0.697478,0
user_66556,2022-09-03 14:51:00,13,10,6,1,2,1,17,14,10,18,18,5,1,6.494447,3.382684,4.444497,0.46,0.17,0.77,0.873926,0.971648,0
user_66557,2022-10-02 07:08:00,8,7,11,0,0,3,10,16,5,14,5,6,1,3.316361,4.977463,7.27885,1.38,0.0,0.88,0.979698,0.574315,0
user_66558,2022-09-25 13:42:00,19,10,10,0,5,3,6,2,17,8,4,6,1,4.341271,3.443489,7.217147,0.53,0.0,0.53,0.416633,0.777512,0
user_66559,2022-09-23 19:43:00,16,11,8,0,1,1,9,2,12,7,12,4,0,1.840273,6.911914,7.05616,0.5,0.0,0.69,0.703903,0.675237,0
user_66560,2022-09-10 11:19:00,18,13,6,1,3,1,16,15,14,17,5,5,1,6.955486,2.334194,9.044944,0.33,0.17,0.72,0.77573,0.962217,0
user_66561,2022-09-27 08:43:00,22,13,5,0,2,2,6,9,18,16,18,1,0,4.675582,8.38103,4.297868,0.23,0.0,0.59,0.485557,0.518124,0
user_66562,2022-10-22 10:09:00,25,9,10,0,0,2,10,7,16,0,9,5,1,8.639855,7.666471,9.288795,0.4,0.0,0.36,0.837953,0.778599,0
user_66563,2022-09-28 09:02:00,20,12,5,0,1,1,12,2,11,17,17,2,0,3.554797,5.754794,10.61459,0.25,0.0,0.6,0.553991,0.573519,0
user_66564,2022-09-22 07:00:00,16,7,6,1,1,1,5,18,16,7,2,3,0,2.042354,6.196851,4.920326,0.38,0.17,0.44,0.99231,0.365798,0
user_66565,2022-09-17 09:58:00,23,12,5,0,3,1,2,20,12,8,11,5,1,7.24125,0.74162,9.491487,0.22,0.0,0.52,0.717695,0.66124,0
user_66566,2022-09-17 16:22:00,17,8,9,1,2,2,10,20,13,5,1,5,1,5.215974,0.499464,1.954327,0.53,0.11,0.47,0.980672,0.766663,0
user_66567,2022-09-10 21:10:00,21,7,7,1,3,4,6,18,20,8,12,5,1,3.538925,7.996608,2.712584,0.33,0.14,0.33,0.460035,0.928014,0
user_66568,2022-10-25 07:56:00,22,7,8,0,3,3,7,10,17,12,7,1,0,3.931234,7.270293,5.909989,0.36,0.0,0.32,0.551157,0.371774,0
user_66569,2022-10-07 13:03:00,17,8,9,1,1,2,3,6,11,7,20,4,0,8.564708,5.578835,3.217867,0.53,0.11,0.47,0.400628,0.87524,1
user_66570,2022-09-11 08:20:00,24,8,10,0,3,2,5,7,6,10,4,6,1,7.137938,4.901251,10.531493,0.42,0.0,0.33,0.585822,0.31668,0
user_66571,2022-09-14 09:16:00,17,19,6,2,2,2,18,16,7,0,6,2,0,2.096436,3.497635,11.608766,0.35,0.33,1.12,0.504169,0.561398,0
user_66572,2022-10-22 08:27:00,15,10,7,2,0,0,20,2,5,9,15,5,1,3.26141,1.179448,6.053204,0.47,0.29,0.67,0.558616,0.730364,0
user_66573,2022-09-24 12:20:00,24,14,7,1,5,2,18,17,3,10,9,5,1,3.367879,2.500154,3.203384,0.29,0.14,0.58,0.917563,0.843142,0
user_66574,2022-09-04 01:29:00,21,6,10,1,2,1,18,15,2,10,16,6,1,7.840353,1.919155,6.238831,0.48,0.1,0.29,0.82262,0.947086,0
user_66575,2022-10-17 04:49:00,21,12,6,3,2,1,8,1,1,13,3,0,0,1.581217,2.842184,2.653459,0.29,0.5,0.57,0.535518,0.447781,0
user_66576,2022-09-08 01:31:00,18,12,6,1,2,1,18,19,5,15,7,3,0,7.619427,9.64468,7.039896,0.33,0.17,0.67,0.606588,0.350062,0
user_66577,2022-10-03 06:23:00,23,11,5,0,5,0,1,1,9,4,17,0,0,0.584503,6.16659,8.775684,0.22,0.0,0.48,0.909019,0.527109,0
user_66578,2022-10-11 17:33:00,21,17,12,1,2,2,15,20,15,7,0,1,0,9.371295,7.841476,5.009626,0.57,0.08,0.81,0.371413,0.344218,0
user_66579,2022-09-18 15:10:00,21,9,12,1,3,1,5,19,4,12,17,6,1,3.598757,6.500325,3.89219,0.57,0.08,0.43,0.847356,0.979403,0
user_66580,2022-10-08 06:02:00,19,12,11,0,3,3,3,11,17,4,15,5,1,7.826283,1.664225,6.555028,0.58,0.0,0.63,0.343084,0.874831,0
user_66581,2022-09-29 17:34:00,20,11,6,0,1,0,1,5,3,14,2,3,0,9.292725,5.659615,7.590384,0.3,0.0,0.55,0.307229,0.390954,0
user_66582,2022-10-08 21:21:00,18,4,9,1,3,0,10,15,7,12,3,5,1,5.534686,3.137026,11.968454,0.5,0.11,0.22,0.779268,0.619788,0
user_66583,2022-10-18 21:16:00,17,11,7,0,2,3,10,18,16,9,5,1,0,3.521035,5.047577,6.481876,0.41,0.0,0.65,0.67592,0.32469,0
user_66584,2022-09-05 09:56:00,18,5,10,1,1,4,16,18,15,16,3,0,0,3.453249,4.377876,6.560794,0.56,0.1,0.28,0.985536,0.964918,0
user_66585,2022-10-27 18:32:00,15,10,12,1,0,4,12,13,18,11,12,3,0,6.902319,0.393439,10.578374,0.8,0.08,0.67,0.532301,0.938631,0
user_66586,2022-09-14 08:07:00,16,8,6,0,1,2,18,4,10,20,9,2,0,2.478666,6.860452,5.439158,0.38,0.0,0.5,0.860263,0.348358,0
user_66587,2022-10-16 13:48:00,30,8,6,1,3,0,16,6,11,16,0,6,1,2.404093,4.785029,9.080594,0.2,0.17,0.27,0.959193,0.335532,0
user_66588,2022-09-13 03:48:00,28,12,6,1,4,0,19,8,14,6,5,1,0,7.575973,2.779208,9.273703,0.21,0.17,0.43,0.487706,0.978814,0
user_66589,2022-09-07 20:54:00,24,8,5,0,3,0,18,5,10,4,10,2,0,3.938455,1.761395,2.098023,0.21,0.0,0.33,0.627046,0.334728,0
user_66590,2022-10-15 20:09:00,18,12,5,1,1,1,12,3,5,15,15,5,1,6.255078,1.386922,7.587578,0.28,0.2,0.67,0.949475,0.687752,0
user_66591,2022-09-22 11:56:00,19,17,5,0,2,1,10,11,2,8,8,3,0,5.551292,10.761426,10.158327,0.26,0.0,0.89,0.480526,0.418477,0
user_66592,2022-10-18 12:44:00,22,10,15,0,4,6,5,12,10,20,11,1,0,3.454175,5.720568,7.376365,0.68,0.0,0.45,0.958432,0.892056,0
user_66593,2022-10-23 16:22:00,28,12,9,0,3,1,12,10,5,12,12,6,1,11.07598,5.116868,12.676724,0.32,0.0,0.43,0.44159,0.352782,0
user_66594,2022-10-19 20:40:00,23,4,9,0,1,3,7,3,20,15,14,2,0,11.363134,2.768175,6.482704,0.39,0.0,0.17,0.553694,0.755329,0
user_66595,2022-09-11 22:28:00,19,11,6,0,3,1,3,2,14,14,2,6,1,5.274242,7.794893,8.047504,0.32,0.0,0.58,0.334309,0.729405,0
user_66596,2022-09-13 15:23:00,19,9,8,0,3,1,17,6,18,19,8,1,0,7.028042,4.598398,6.850442,0.42,0.0,0.47,0.44601,0.726511,0
user_66597,2022-09-26 04:21:00,11,13,8,0,1,1,13,9,9,16,5,0,0,8.805936,5.817943,5.250954,0.73,0.0,1.18,0.794541,0.988959,0
user_66598,2022-09-13 19:22:00,21,9,10,1,1,2,12,12,11,14,0,1,0,4.807432,0.961156,8.474292,0.48,0.1,0.43,0.930369,0.348752,0
user_66599,2022-10-28 00:09:00,20,11,7,0,4,1,6,2,17,18,2,4,0,7.625524,6.356518,8.460013,0.35,0.0,0.55,0.450492,0.321575,0
user_66600,2022-09-12 16:42:00,21,11,5,1,3,1,6,8,13,15,0,0,0,2.492022,1.052028,6.705631,0.24,0.2,0.52,0.583598,0.487507,0
user_66601,2022-09-12 00:21:00,15,10,8,0,2,3,6,3,17,10,15,0,0,1.450134,8.392927,1.104797,0.53,0.0,0.67,0.866022,0.460748,0
user_66602,2022-10-30 23:37:00,19,8,9,0,1,0,14,15,14,19,17,6,1,6.763293,3.277749,5.055358,0.47,0.0,0.42,0.351422,0.525241,0
user_66603,2022-10-28 04:46:00,20,13,7,2,1,1,13,2,2,3,2,4,0,8.557103,2.319386,4.2628,0.35,0.29,0.65,0.652537,0.527394,0
user_66604,2022-09-06 19:52:00,20,11,6,1,1,1,6,18,14,11,10,1,0,11.739498,4.134978,7.449187,0.3,0.17,0.55,0.47079,0.98802,0
user_66605,2022-09-11 23:21:00,17,5,15,0,1,4,16,2,19,2,4,6,1,3.597431,2.019839,5.378494,0.88,0.0,0.29,0.428892,0.863475,0
user_66606,2022-10-25 01:20:00,15,7,9,1,1,3,3,17,0,6,14,1,0,0.212846,8.642498,8.868943,0.6,0.11,0.47,0.832016,0.46889,0
user_66607,2022-10-01 20:42:00,21,9,11,0,2,0,0,7,4,5,2,5,1,3.183157,1.043022,3.179768,0.52,0.0,0.43,0.843847,0.607611,0
user_66608,2022-10-08 00:42:00,31,4,11,1,2,1,13,6,12,13,18,5,1,12.698028,1.632063,6.700071,0.35,0.09,0.13,0.892209,0.548075,0
user_66609,2022-10-04 12:32:00,14,11,5,1,1,0,0,16,9,1,0,1,0,4.694815,7.281652,9.380528,0.36,0.2,0.79,0.881095,0.952348,0
user_66610,2022-09-15 11:25:00,29,13,13,2,4,1,15,8,4,3,5,3,0,5.380636,3.926953,6.421188,0.45,0.15,0.45,0.439334,0.596086,0
user_66611,2022-09-09 09:09:00,17,9,8,1,2,4,15,8,2,12,10,4,0,1.956364,2.763252,13.129887,0.47,0.12,0.53,0.61934,0.536008,0
user_66612,2022-09-24 06:23:00,16,6,8,1,0,2,15,12,15,13,8,5,1,8.24453,3.405419,7.711789,0.5,0.12,0.38,0.448048,0.415905,0
user_66613,2022-09-27 07:33:00,19,9,11,1,5,0,16,16,5,16,8,1,0,5.439371,1.375496,6.078454,0.58,0.09,0.47,0.405177,0.708126,0
user_66614,2022-10-26 18:09:00,14,15,13,0,0,3,17,15,8,3,18,2,0,3.585086,6.073435,8.860891,0.93,0.0,1.07,0.627747,0.568797,0
user_66615,2022-09-28 12:27:00,31,9,13,1,2,3,12,15,19,17,10,2,0,9.034283,9.169057,7.974614,0.42,0.08,0.29,0.453754,0.827955,0
user_66616,2022-09-12 00:09:00,21,12,4,1,2,0,13,19,8,3,16,0,0,3.967047,8.749513,9.133237,0.19,0.25,0.57,0.893305,0.674716,0
user_66617,2022-10-07 17:16:00,20,10,9,1,5,2,12,9,20,5,4,4,0,9.675514,5.749228,12.667693,0.45,0.11,0.5,0.349971,0.43157,0
user_66618,2022-10-04 11:01:00,24,11,9,1,0,1,0,1,18,2,4,1,0,9.4199,1.382912,6.828479,0.38,0.11,0.46,0.856653,0.726958,0
user_66619,2022-10-09 14:03:00,20,12,11,1,2,3,13,17,18,12,12,6,1,2.180742,3.492408,9.602911,0.55,0.09,0.6,0.878305,0.656499,0
user_66620,2022-10-05 07:38:00,16,9,4,1,2,1,18,9,20,13,6,2,0,7.932236,6.502687,9.298329,0.25,0.25,0.56,0.762389,0.891956,0
user_66621,2022-09-04 11:01:00,26,11,7,1,2,2,1,7,8,8,4,6,1,7.758877,8.807436,13.307316,0.27,0.14,0.42,0.754099,0.911819,0
user_66622,2022-09-21 02:38:00,21,9,9,1,4,6,18,18,13,13,5,2,0,0.972682,4.11941,4.249351,0.43,0.11,0.43,0.970652,0.401424,0
user_66623,2022-09-17 09:47:00,20,11,4,1,2,0,13,14,5,13,8,5,1,4.755775,9.811757,5.721694,0.2,0.25,0.55,0.900515,0.358078,0
user_66624,2022-09-24 10:19:00,25,8,5,0,3,2,16,3,14,13,15,5,1,4.889987,7.920375,9.152744,0.2,0.0,0.32,0.578263,0.699502,0
user_66625,2022-09-06 10:33:00,21,6,3,1,3,0,15,19,19,17,2,1,0,5.706722,1.325965,5.734423,0.14,0.33,0.29,0.549633,0.468652,0
user_66626,2022-09-14 17:42:00,15,13,4,2,3,0,0,3,0,10,16,2,0,1.775297,6.431512,4.699486,0.27,0.5,0.87,0.315604,0.569722,0
user_66627,2022-09-10 10:49:00,23,13,8,1,2,2,6,18,7,15,11,5,1,7.263002,2.212612,4.804281,0.35,0.12,0.57,0.611493,0.846869,0
user_66628,2022-10-24 19:42:00,17,11,9,1,3,1,4,1,11,9,8,0,0,3.536064,7.155649,11.756342,0.53,0.11,0.65,0.663735,0.762673,0
user_66629,2022-09-28 18:08:00,28,9,10,1,2,5,11,20,17,17,5,2,0,1.457108,2.024219,8.597631,0.36,0.1,0.32,0.640562,0.936558,0
user_66630,2022-09-09 14:06:00,27,12,8,0,7,3,7,0,16,8,6,4,0,5.408769,2.827803,4.157907,0.3,0.0,0.44,0.700164,0.881344,0
user_66631,2022-09-21 01:38:00,21,11,10,1,2,2,19,1,1,0,19,2,0,6.116198,3.278523,7.474354,0.48,0.1,0.52,0.44018,0.410242,1
user_66632,2022-09-07 11:41:00,18,10,10,0,1,5,8,19,10,15,10,2,0,1.628392,0.608955,5.982903,0.56,0.0,0.56,0.588501,0.428101,0
user_66633,2022-09-22 11:14:00,19,9,4,2,2,0,2,1,4,9,4,3,0,4.310167,14.028547,5.683052,0.21,0.5,0.47,0.580431,0.766813,0
user_66634,2022-10-22 22:16:00,18,10,12,1,4,2,18,12,11,10,13,5,1,3.072179,7.599126,1.284981,0.67,0.08,0.56,0.974628,0.863485,0
user_66635,2022-09-14 15:57:00,21,12,9,1,3,1,10,11,13,15,12,2,0,2.672935,3.846766,3.053468,0.43,0.11,0.57,0.37042,0.708029,0
user_66636,2022-10-26 18:58:00,13,9,6,0,1,1,11,11,1,15,12,2,0,2.779925,4.129394,8.009218,0.46,0.0,0.69,0.959966,0.767018,0
user_66637,2022-09-20 04:25:00,19,2,10,0,2,1,3,3,0,14,2,1,0,5.494854,3.395957,5.996025,0.53,0.0,0.11,0.763296,0.58119,0
user_66638,2022-09-27 10:34:00,18,12,9,1,1,4,8,19,16,20,12,1,0,0.886025,4.417902,1.266289,0.5,0.11,0.67,0.553709,0.82063,0
user_66639,2022-09-13 10:07:00,22,10,15,2,2,3,1,4,15,2,20,1,0,4.788952,7.442947,8.992203,0.68,0.13,0.45,0.682171,0.83495,1
user_66640,2022-10-28 20:44:00,19,6,8,0,0,2,1,11,1,2,11,4,0,7.292509,9.410887,4.659197,0.42,0.0,0.32,0.534862,0.418309,0
user_66641,2022-09-19 23:09:00,22,10,6,0,2,1,16,18,12,13,16,0,0,1.813572,2.788286,1.158271,0.27,0.0,0.45,0.721041,0.897863,0
user_66642,2022-10-18 08:42:00,24,11,8,2,5,4,11,18,0,15,7,1,0,4.99032,5.660819,7.965381,0.33,0.25,0.46,0.389755,0.648289,0
user_66643,2022-10-02 00:06:00,17,12,9,0,0,3,20,5,16,2,17,6,1,3.120361,3.113186,10.623866,0.53,0.0,0.71,0.550467,0.833407,0
user_66644,2022-09-12 08:56:00,20,12,9,0,1,0,8,12,4,18,18,0,0,3.974436,9.036762,9.689294,0.45,0.0,0.6,0.621458,0.628014,0
user_66645,2022-10-08 06:16:00,18,6,11,2,3,2,16,19,6,18,11,5,1,5.867559,12.555627,2.038736,0.61,0.18,0.33,0.997204,0.481756,0
user_66646,2022-09-28 14:54:00,26,9,5,0,3,2,15,0,7,10,1,2,0,7.660135,7.81002,9.412562,0.19,0.0,0.35,0.580543,0.435116,0
user_66647,2022-09-19 13:00:00,15,7,11,0,2,2,5,3,2,3,20,0,0,4.788139,7.097572,10.901438,0.73,0.0,0.47,0.812929,0.764791,1
user_66648,2022-09-15 20:19:00,22,12,14,0,4,2,19,17,13,13,2,3,0,1.686479,7.631637,7.867612,0.64,0.0,0.55,0.383577,0.441774,0
user_66649,2022-10-21 03:59:00,24,9,10,1,2,2,3,3,13,19,14,4,0,3.531831,1.830093,3.687931,0.42,0.1,0.38,0.429485,0.520634,0
user_66650,2022-10-12 08:39:00,22,8,9,0,1,3,20,16,9,20,0,2,0,5.654726,2.189475,7.233246,0.41,0.0,0.36,0.838603,0.610462,0
user_66651,2022-09-09 11:12:00,22,8,2,1,2,0,4,17,6,5,17,4,0,2.465486,8.677928,6.711509,0.09,0.5,0.36,0.507206,0.883621,0
user_66652,2022-09-20 07:18:00,25,13,6,1,1,1,14,6,4,13,7,1,0,4.193422,6.010681,10.524033,0.24,0.17,0.52,0.553263,0.489571,0
user_66653,2022-09-25 23:54:00,21,8,6,0,3,1,6,15,12,15,4,6,1,4.721537,8.786508,5.729802,0.29,0.0,0.38,0.57865,0.500751,0
user_66654,2022-10-14 02:31:00,29,10,6,0,2,0,7,19,14,8,7,4,0,5.916546,2.565945,3.979187,0.21,0.0,0.34,0.451909,0.567346,0
user_66655,2022-09-01 08:09:00,17,8,8,2,3,2,17,11,9,14,2,3,0,6.309536,1.222462,5.252798,0.47,0.25,0.47,0.789237,0.410234,0
user_66656,2022-10-21 01:14:00,22,12,4,1,6,3,11,1,7,1,16,4,0,4.821632,2.164078,6.572175,0.18,0.25,0.55,0.459562,0.8121,0
user_66657,2022-09-07 06:47:00,11,11,6,0,1,1,7,16,11,8,11,2,0,2.889915,8.659022,5.812067,0.55,0.0,1.0,0.709725,0.690379,0
user_66658,2022-09-30 06:21:00,23,8,7,0,6,1,9,7,20,5,7,4,0,5.873953,1.940607,8.799089,0.3,0.0,0.35,0.607753,0.646518,0
user_66659,2022-09-06 14:23:00,14,11,7,1,0,1,1,16,1,13,1,1,0,4.43788,6.719511,10.247071,0.5,0.14,0.79,0.643955,0.553672,0
user_66660,2022-10-05 02:42:00,22,9,12,1,2,2,7,17,14,6,7,2,0,3.089064,6.583703,8.674013,0.55,0.08,0.41,0.469945,0.544254,0
user_66661,2022-09-21 12:36:00,16,6,3,1,2,1,0,2,6,11,3,2,0,5.160823,4.058118,9.128206,0.19,0.33,0.38,0.973762,0.890371,0
user_66662,2022-10-26 17:29:00,17,10,9,1,0,2,3,0,4,6,5,2,0,2.026568,2.811214,8.217516,0.53,0.11,0.59,0.884429,0.896388,0
user_66663,2022-10-16 07:35:00,13,13,8,0,1,1,4,17,17,0,6,6,1,1.511469,2.729618,9.242429,0.62,0.0,1.0,0.300622,0.46245,0
user_66664,2022-10-10 20:19:00,22,8,9,0,2,1,10,4,11,5,3,0,0,4.854781,0.543581,0.126739,0.41,0.0,0.36,0.340065,0.954044,0
user_66665,2022-09-26 23:35:00,21,12,6,2,3,4,9,16,15,3,3,0,0,1.574462,10.393819,5.397858,0.29,0.33,0.57,0.971645,0.911013,0
user_66666,2022-10-20 12:24:00,19,13,9,0,3,0,18,17,1,2,0,3,0,4.265896,5.090289,5.992598,0.47,0.0,0.68,0.507444,0.91364,0
user_66667,2022-10-17 17:14:00,19,11,12,1,1,3,2,0,11,16,2,0,0,4.245311,10.258144,7.741591,0.63,0.08,0.58,0.753811,0.55283,0
user_66668,2022-10-14 13:55:00,24,9,12,1,3,3,20,6,17,0,10,4,0,1.239191,10.271269,6.694741,0.5,0.08,0.38,0.467506,0.351651,0
user_66669,2022-10-09 13:43:00,25,6,5,0,2,0,13,20,1,16,6,6,1,0.383946,3.144738,8.271527,0.2,0.0,0.24,0.464426,0.993956,0
user_66670,2022-10-08 03:19:00,12,10,14,0,1,1,2,0,2,10,2,5,1,5.508986,3.635627,8.285907,1.17,0.0,0.83,0.304346,0.996013,0
user_66671,2022-09-27 15:53:00,19,9,9,1,0,4,0,6,2,19,4,1,0,3.786877,4.814869,3.772191,0.47,0.11,0.47,0.371978,0.609268,0
user_66672,2022-10-14 11:53:00,20,10,3,1,1,0,15,10,19,17,20,4,0,0.315697,0.377264,4.989316,0.15,0.33,0.5,0.696102,0.751988,1
user_66673,2022-10-07 06:21:00,25,17,8,0,1,0,15,13,2,3,9,4,0,5.546036,2.563375,6.329065,0.32,0.0,0.68,0.385427,0.379145,0
user_66674,2022-10-09 01:14:00,26,7,9,1,2,1,2,19,5,15,8,6,1,7.217107,2.414712,7.281322,0.35,0.11,0.27,0.971948,0.66676,0
user_66675,2022-10-23 07:17:00,21,5,7,0,3,1,3,2,10,17,13,6,1,3.076248,6.144687,9.096549,0.33,0.0,0.24,0.522344,0.929501,0
user_66676,2022-10-03 16:18:00,15,11,14,1,1,1,6,9,18,3,2,0,0,4.397545,5.444619,9.179493,0.93,0.07,0.73,0.617053,0.36121,0
user_66677,2022-10-17 13:26:00,23,12,9,0,1,1,10,0,3,19,4,0,0,3.995362,4.181105,7.02738,0.39,0.0,0.52,0.502623,0.584532,0
user_66678,2022-09-15 09:26:00,16,9,6,0,3,1,15,15,13,17,3,3,0,1.523164,1.240848,12.055695,0.38,0.0,0.56,0.733275,0.906714,0
user_66679,2022-09-26 19:08:00,16,7,10,1,1,2,16,8,16,9,6,0,0,5.484751,9.644017,5.987494,0.62,0.1,0.44,0.717899,0.541918,0
user_66680,2022-10-17 18:19:00,21,15,7,1,0,0,0,13,11,13,17,0,0,9.246735,6.196576,8.617995,0.33,0.14,0.71,0.725873,0.758833,0
user_66681,2022-09-13 03:56:00,12,9,14,1,1,3,13,3,19,15,15,1,0,2.060764,2.77039,12.309461,1.17,0.07,0.75,0.497336,0.680889,0
user_66682,2022-10-30 09:20:00,24,7,10,2,1,1,14,1,7,16,9,6,1,9.111371,4.366796,12.97781,0.42,0.2,0.29,0.632151,0.563235,0
user_66683,2022-09-05 23:16:00,24,12,11,0,2,1,0,16,20,12,16,0,0,1.923438,5.364462,10.236516,0.46,0.0,0.5,0.594519,0.562512,0
user_66684,2022-09-19 13:40:00,14,14,10,1,1,3,18,4,15,16,9,0,0,8.592362,5.440042,10.802678,0.71,0.1,1.0,0.625805,0.341848,0
user_66685,2022-10-11 15:56:00,23,14,3,0,0,0,0,7,7,6,1,1,0,5.434316,4.901128,8.91743,0.13,0.0,0.61,0.360919,0.828961,0
user_66686,2022-10-15 16:25:00,17,9,10,1,2,1,9,10,2,12,15,5,1,2.042987,0.181285,1.663614,0.59,0.1,0.53,0.570535,0.944656,0
user_66687,2022-10-20 14:40:00,23,6,10,1,1,0,16,18,5,12,4,3,0,6.097642,4.290828,6.421433,0.43,0.1,0.26,0.779614,0.592757,0
user_66688,2022-09-04 06:49:00,17,11,12,0,1,4,9,15,1,9,14,6,1,6.919013,4.656604,1.464905,0.71,0.0,0.65,0.881535,0.696725,0
user_66689,2022-09-17 11:23:00,21,21,8,1,2,1,4,8,19,12,17,5,1,1.229767,9.493678,10.973561,0.38,0.12,1.0,0.884502,0.523908,0
user_66690,2022-10-02 19:05:00,21,7,7,0,2,2,13,20,10,17,14,6,1,10.290888,0.385612,8.425615,0.33,0.0,0.33,0.42366,0.741404,0
user_66691,2022-09-07 09:24:00,21,6,5,1,1,0,2,13,5,12,0,2,0,0.648924,3.262745,7.247786,0.24,0.2,0.29,0.362721,0.59528,0
user_66692,2022-09-11 00:34:00,24,10,3,0,3,1,9,0,17,20,2,6,1,4.567644,6.143864,4.702889,0.12,0.0,0.42,0.627198,0.654937,0
user_66693,2022-09-13 11:57:00,19,10,9,1,2,2,5,17,2,13,0,1,0,6.294903,3.819,4.963785,0.47,0.11,0.53,0.695524,0.696974,0
user_66694,2022-10-07 12:35:00,18,11,6,1,0,1,2,17,10,15,16,4,0,1.680576,6.716895,6.228053,0.33,0.17,0.61,0.832419,0.856462,0
user_66695,2022-09-27 13:39:00,24,12,5,0,6,0,5,5,17,15,15,1,0,4.248742,8.722552,5.890067,0.21,0.0,0.5,0.841215,0.315099,0
user_66696,2022-10-23 05:15:00,17,10,9,1,1,2,0,4,6,20,14,6,1,6.533554,3.342049,5.291184,0.53,0.11,0.59,0.806578,0.769603,0
user_66697,2022-09-29 21:17:00,15,10,8,0,0,2,13,8,12,16,19,3,0,0.208448,5.015118,10.767127,0.53,0.0,0.67,0.616043,0.477058,1
user_66698,2022-10-25 21:52:00,35,16,9,1,4,1,19,2,3,4,8,1,0,0.516061,6.841537,5.862163,0.26,0.11,0.46,0.435447,0.95233,0
user_66699,2022-10-01 01:19:00,18,17,4,0,3,1,10,19,15,1,7,5,1,3.179444,6.536326,5.086791,0.22,0.0,0.94,0.964665,0.373252,0
user_66700,2022-09-03 08:49:00,23,7,12,1,3,2,18,7,17,1,1,5,1,2.72294,5.570763,9.385685,0.52,0.08,0.3,0.709722,0.508517,0
user_66701,2022-09-20 09:29:00,15,8,14,1,2,1,17,6,2,9,19,1,0,6.664789,5.936643,7.003634,0.93,0.07,0.53,0.867731,0.35652,1
user_66702,2022-09-28 09:15:00,23,10,8,0,0,3,10,19,0,6,2,2,0,7.350933,10.183519,2.55557,0.35,0.0,0.43,0.855325,0.311284,0
user_66703,2022-10-07 07:32:00,20,12,14,0,3,1,8,10,1,9,19,4,0,3.036329,0.410184,9.28854,0.7,0.0,0.6,0.841836,0.762187,1
user_66704,2022-09-14 19:48:00,19,14,5,1,1,0,8,8,11,6,1,2,0,6.387442,5.161599,6.057358,0.26,0.2,0.74,0.723784,0.332302,0
user_66705,2022-10-25 17:54:00,24,13,11,0,1,1,14,5,10,3,13,1,0,8.080811,7.371892,5.613184,0.46,0.0,0.54,0.736069,0.916162,0
user_66706,2022-10-11 03:05:00,20,10,10,1,0,2,11,20,20,14,20,1,0,4.440995,1.896633,7.989235,0.5,0.1,0.5,0.746606,0.461503,1
user_66707,2022-10-21 10:40:00,22,8,10,0,3,2,7,1,20,11,20,4,0,4.93177,7.868568,5.214441,0.45,0.0,0.36,0.867221,0.732408,1
user_66708,2022-10-22 23:14:00,29,10,10,0,1,1,12,16,17,14,4,5,1,10.969755,3.52795,6.50293,0.34,0.0,0.34,0.772915,0.407509,0
user_66709,2022-09-09 03:32:00,18,11,8,1,2,2,11,3,6,4,3,4,0,6.468856,5.324241,8.595673,0.44,0.12,0.61,0.962937,0.554726,0
user_66710,2022-09-25 03:07:00,16,18,10,0,2,2,4,10,18,11,15,6,1,5.889992,2.13052,4.206977,0.62,0.0,1.12,0.416948,0.595898,0
user_66711,2022-10-14 02:58:00,16,13,11,1,2,4,20,17,19,7,17,4,0,6.991165,8.217986,0.403446,0.69,0.09,0.81,0.914381,0.752485,0
user_66712,2022-10-09 08:08:00,22,7,7,1,1,1,18,10,11,10,4,6,1,7.109018,6.763655,7.519661,0.32,0.14,0.32,0.516045,0.962533,0
user_66713,2022-09-14 18:41:00,25,9,8,1,6,3,11,19,8,19,16,2,0,4.605176,1.65115,10.974796,0.32,0.12,0.36,0.380339,0.572339,0
user_66714,2022-09-03 16:58:00,21,9,5,1,4,2,5,20,18,3,16,5,1,6.298048,5.045602,9.080755,0.24,0.2,0.43,0.937817,0.430756,0
user_66715,2022-10-04 17:38:00,14,15,10,0,2,4,7,19,1,19,16,1,0,6.063021,6.312415,11.368461,0.71,0.0,1.07,0.853338,0.914608,0
user_66716,2022-10-23 14:22:00,13,9,10,0,4,2,8,3,5,15,3,6,1,3.171518,1.840045,12.185604,0.77,0.0,0.69,0.51837,0.592046,0
user_66717,2022-10-30 02:32:00,16,13,8,1,1,3,18,0,15,7,0,6,1,6.250364,0.292112,6.000394,0.5,0.12,0.81,0.97966,0.350692,0
user_66718,2022-10-30 16:57:00,34,9,7,1,3,3,19,6,7,11,3,6,1,8.595164,2.295352,11.543477,0.21,0.14,0.26,0.599469,0.495127,0
user_66719,2022-09-23 01:43:00,15,9,8,0,0,3,3,12,0,7,20,4,0,3.634357,7.907514,8.914966,0.53,0.0,0.6,0.649083,0.884846,1
user_66720,2022-10-07 13:25:00,24,9,5,1,3,0,11,0,20,19,11,4,0,4.613942,9.106632,12.296625,0.21,0.2,0.38,0.63727,0.412695,0
user_66721,2022-09-06 02:55:00,21,12,6,1,3,1,5,1,2,2,18,1,0,0.407434,6.312011,9.858025,0.29,0.17,0.57,0.505053,0.694493,0
user_66722,2022-09-14 16:10:00,15,6,7,1,1,0,7,18,8,19,2,2,0,3.090406,2.436361,2.942167,0.47,0.14,0.4,0.754066,0.331535,0
user_66723,2022-09-25 21:29:00,23,12,11,1,1,2,2,13,8,18,9,6,1,7.728906,6.355081,0.006076,0.48,0.09,0.52,0.841685,0.628169,0
user_66724,2022-09-01 15:52:00,22,16,7,2,2,0,19,4,20,18,9,3,0,4.883761,6.616104,2.148524,0.32,0.29,0.73,0.3813,0.698886,0
user_66725,2022-10-15 19:48:00,29,12,5,2,1,1,20,4,11,11,3,5,1,1.741088,4.203258,12.97286,0.17,0.4,0.41,0.533422,0.634048,0
user_66726,2022-10-27 06:27:00,32,16,9,0,4,1,5,10,12,19,17,3,0,8.292522,0.340283,8.33121,0.28,0.0,0.5,0.700415,0.928654,0
user_66727,2022-10-18 18:13:00,14,10,4,1,1,1,16,13,8,2,18,1,0,2.530547,6.119801,11.355148,0.29,0.25,0.71,0.39395,0.773069,0
user_66728,2022-09-15 23:11:00,14,7,11,1,0,3,11,18,18,20,14,3,0,1.317653,4.9442,5.848,0.79,0.09,0.5,0.869268,0.792215,0
user_66729,2022-10-23 07:17:00,18,8,8,0,1,4,9,3,20,1,0,6,1,0.868927,1.952911,6.656029,0.44,0.0,0.44,0.423079,0.935722,0
user_66730,2022-09-08 21:53:00,21,10,10,1,4,0,10,14,14,6,9,3,0,6.697648,3.50945,11.075935,0.48,0.1,0.48,0.839603,0.919636,0
user_66731,2022-09-09 08:27:00,15,12,11,1,2,4,10,20,8,15,3,4,0,4.07866,1.839135,0.084179,0.73,0.09,0.8,0.621519,0.764764,0
user_66732,2022-09-02 09:44:00,10,11,5,1,0,2,14,0,12,13,14,4,0,2.13774,2.902803,5.221128,0.5,0.2,1.1,0.953523,0.687435,0
user_66733,2022-09-06 09:52:00,23,9,6,0,3,2,9,0,1,7,0,1,0,6.458879,11.071913,5.015527,0.26,0.0,0.39,0.7704,0.572907,0
user_66734,2022-09-17 02:45:00,17,13,9,1,2,2,1,8,8,9,5,5,1,4.718315,6.89185,2.823263,0.53,0.11,0.76,0.609912,0.940175,0
user_66735,2022-10-09 08:13:00,21,14,11,1,1,2,19,15,16,19,14,6,1,5.266129,2.483752,7.419483,0.52,0.09,0.67,0.809223,0.774919,0
user_66736,2022-10-26 20:38:00,17,10,6,0,3,0,18,15,9,0,19,2,0,4.240349,5.632682,5.797233,0.35,0.0,0.59,0.483868,0.331084,1
user_66737,2022-10-13 02:15:00,21,10,5,1,5,1,3,14,10,12,4,3,0,2.047505,7.187854,5.032636,0.24,0.2,0.48,0.386217,0.581877,0
user_66738,2022-09-16 05:36:00,22,7,5,0,0,2,8,12,18,1,7,4,0,0.69935,3.980615,6.342873,0.23,0.0,0.32,0.992537,0.359332,0
user_66739,2022-10-19 04:03:00,19,13,6,1,1,2,2,8,10,4,2,2,0,1.68239,4.572101,6.878142,0.32,0.17,0.68,0.31242,0.542259,0
user_66740,2022-10-09 02:59:00,16,11,6,0,4,3,0,11,4,1,14,6,1,4.819706,5.989111,8.889349,0.38,0.0,0.69,0.746184,0.622429,0
user_66741,2022-10-29 03:54:00,20,11,5,1,4,1,0,5,20,15,1,5,1,3.588959,1.93495,7.753897,0.25,0.2,0.55,0.324414,0.521913,0
user_66742,2022-09-26 17:15:00,18,7,9,0,2,1,9,10,17,8,9,0,0,12.842883,1.427946,5.881989,0.5,0.0,0.39,0.405498,0.956677,0
user_66743,2022-09-09 08:39:00,16,7,7,1,1,2,2,0,18,13,17,4,0,6.496221,6.73946,6.673801,0.44,0.14,0.44,0.646344,0.619031,0
user_66744,2022-09-26 11:17:00,21,16,11,3,3,4,3,1,14,19,16,0,0,5.639271,0.779443,9.702349,0.52,0.27,0.76,0.610921,0.406387,0
user_66745,2022-09-20 05:44:00,19,10,11,0,3,4,20,1,12,4,20,1,0,5.223638,6.968048,16.516021,0.58,0.0,0.53,0.880974,0.878278,1
user_66746,2022-10-29 05:44:00,26,4,8,1,2,0,17,16,16,5,13,5,1,2.469456,7.120867,1.688016,0.31,0.12,0.15,0.426267,0.516259,0
user_66747,2022-09-17 23:20:00,22,9,6,0,1,2,3,11,6,3,13,5,1,10.98032,9.097565,11.980078,0.27,0.0,0.41,0.907227,0.724813,0
user_66748,2022-09-05 19:55:00,24,14,7,0,2,2,19,6,3,0,14,0,0,6.007345,3.938865,5.104686,0.29,0.0,0.58,0.495889,0.714888,0
user_66749,2022-10-15 17:00:00,21,8,9,0,5,3,2,2,10,3,6,5,1,4.523609,3.04616,0.839527,0.43,0.0,0.38,0.393773,0.577104,0
user_66750,2022-10-21 20:29:00,19,9,13,1,2,2,10,14,13,2,9,4,0,6.288084,7.948616,5.00336,0.68,0.08,0.47,0.618137,0.730646,0
user_66751,2022-09-13 09:29:00,26,4,7,1,0,3,10,14,12,9,18,1,0,6.151888,9.141223,7.539247,0.27,0.14,0.15,0.832299,0.500239,0
user_66752,2022-10-22 10:50:00,14,9,10,1,1,1,10,11,1,8,10,5,1,0.137918,10.362436,4.797902,0.71,0.1,0.64,0.445066,0.711187,0
user_66753,2022-09-13 23:12:00,30,14,7,2,0,1,12,7,19,17,1,1,0,8.021747,4.96021,6.872229,0.23,0.29,0.47,0.57363,0.610733,0
user_66754,2022-09-14 05:39:00,26,8,9,1,4,2,9,10,20,18,13,2,0,10.757705,4.983874,3.105383,0.35,0.11,0.31,0.617686,0.663846,0
user_66755,2022-09-29 14:56:00,21,12,8,1,3,2,2,14,17,7,1,3,0,1.509106,6.133856,3.842193,0.38,0.12,0.57,0.803639,0.812784,0
user_66756,2022-09-12 22:25:00,23,11,8,3,6,3,7,17,17,5,13,0,0,1.39733,0.15408,4.130654,0.35,0.38,0.48,0.723734,0.416135,0
user_66757,2022-09-27 15:18:00,18,9,11,2,3,2,20,14,16,9,12,1,0,5.359871,4.141892,11.64772,0.61,0.18,0.5,0.623302,0.357707,0
user_66758,2022-10-03 10:47:00,16,12,5,0,1,0,7,7,14,1,7,0,0,9.087817,7.876776,2.377588,0.31,0.0,0.75,0.94889,0.616973,0
user_66759,2022-10-13 18:26:00,12,7,2,0,1,1,4,8,13,11,5,3,0,10.217614,4.84674,4.300878,0.17,0.0,0.58,0.406654,0.792988,0
user_66760,2022-09-18 21:09:00,34,10,10,0,1,2,15,6,5,13,17,6,1,2.923584,8.229439,8.406492,0.29,0.0,0.29,0.561395,0.81927,0
user_66761,2022-10-16 04:55:00,19,8,12,0,3,2,19,9,7,10,20,6,1,1.024704,1.589854,3.437039,0.63,0.0,0.42,0.898159,0.927671,1
user_66762,2022-09-27 04:05:00,23,7,6,1,3,2,4,7,10,10,16,1,0,2.213937,8.970906,8.558086,0.26,0.17,0.3,0.373202,0.320098,0
user_66763,2022-10-24 18:15:00,26,8,8,0,5,2,18,18,20,3,13,0,0,7.153889,3.881419,5.676494,0.31,0.0,0.31,0.586035,0.782378,0
user_66764,2022-10-25 09:50:00,11,8,7,0,3,3,6,14,3,4,12,1,0,10.265854,9.857857,6.27345,0.64,0.0,0.73,0.344356,0.763409,0
user_66765,2022-09-13 08:27:00,22,5,13,0,1,4,0,1,4,18,19,1,0,5.527048,6.69398,8.966614,0.59,0.0,0.23,0.809392,0.575047,1
user_66766,2022-10-26 15:42:00,25,15,14,0,3,2,19,20,11,9,12,2,0,8.674576,1.332685,4.879168,0.56,0.0,0.6,0.741905,0.789637,0
user_66767,2022-09-20 04:16:00,21,7,9,2,1,3,0,1,20,2,16,1,0,10.47674,4.684637,2.975592,0.43,0.22,0.33,0.471572,0.550251,0
user_66768,2022-10-03 11:19:00,25,7,1,0,3,0,16,11,18,8,5,0,0,8.996149,7.997055,4.706428,0.04,0.0,0.28,0.482937,0.441292,0
user_66769,2022-10-30 01:37:00,22,10,12,2,4,2,2,17,5,8,18,6,1,4.920958,4.861917,4.759479,0.55,0.17,0.45,0.478405,0.691279,0
user_66770,2022-10-11 20:32:00,19,6,9,1,5,3,14,3,2,7,3,1,0,12.274964,6.501225,7.877438,0.47,0.11,0.32,0.682368,0.491633,0
user_66771,2022-10-14 05:32:00,15,12,6,0,1,2,11,7,6,16,3,4,0,7.242324,2.115278,5.102326,0.4,0.0,0.8,0.60473,0.515154,0
user_66772,2022-09-25 01:11:00,20,7,8,2,1,0,5,4,1,2,5,6,1,2.954401,7.663879,8.34131,0.4,0.25,0.35,0.30132,0.62269,0
user_66773,2022-10-27 13:57:00,7,13,13,1,0,2,19,4,15,5,18,3,0,4.195887,1.74451,5.338941,1.86,0.08,1.86,0.308078,0.523333,0
user_66774,2022-10-20 18:33:00,27,13,7,1,4,1,19,1,7,4,15,3,0,6.315775,5.521944,5.463374,0.26,0.14,0.48,0.404665,0.475192,0
user_66775,2022-10-22 10:31:00,26,9,8,0,2,2,14,17,3,13,0,5,1,4.098974,2.73369,9.24472,0.31,0.0,0.35,0.584548,0.917791,0
user_66776,2022-09-04 00:56:00,23,3,7,0,2,1,9,17,0,17,0,6,1,7.249494,2.146689,11.857778,0.3,0.0,0.13,0.451836,0.645571,0
user_66777,2022-09-23 11:46:00,19,9,8,2,1,2,0,12,8,17,17,4,0,0.82493,5.89526,0.822333,0.42,0.25,0.47,0.93698,0.931556,0
user_66778,2022-10-17 16:30:00,17,12,13,0,0,2,2,19,2,7,15,0,0,3.938392,2.75319,6.18548,0.76,0.0,0.71,0.827113,0.81106,0
user_66779,2022-10-28 07:42:00,19,8,7,1,3,2,15,16,16,18,14,4,0,3.595324,5.222363,4.463938,0.37,0.14,0.42,0.366479,0.976335,0
user_66780,2022-09-21 10:03:00,23,12,7,1,5,1,1,0,14,20,9,2,0,5.610331,5.223524,9.927117,0.3,0.14,0.52,0.950271,0.321588,0
user_66781,2022-10-09 11:47:00,13,8,6,0,1,1,17,1,8,10,20,6,1,3.498107,5.306845,6.988545,0.46,0.0,0.62,0.652055,0.430231,1
user_66782,2022-10-15 13:50:00,27,10,14,0,2,0,15,2,10,9,10,5,1,6.392703,9.809721,7.028977,0.52,0.0,0.37,0.66615,0.874251,0
user_66783,2022-09-13 23:37:00,23,8,6,1,2,0,17,10,20,0,8,1,0,1.444077,7.831003,6.213409,0.26,0.17,0.35,0.376688,0.969916,0
user_66784,2022-09-05 09:00:00,15,7,8,1,1,2,0,5,20,2,19,0,0,1.30877,1.56402,7.700404,0.53,0.12,0.47,0.692604,0.613786,1
user_66785,2022-09-30 13:25:00,15,10,8,1,1,2,3,10,19,2,19,4,0,4.388968,9.107825,7.677311,0.53,0.12,0.67,0.444591,0.710555,1
user_66786,2022-10-29 07:29:00,20,11,6,1,3,0,6,14,14,5,15,5,1,7.674655,3.719578,7.202741,0.3,0.17,0.55,0.61589,0.677657,0
user_66787,2022-09-01 08:39:00,18,10,10,0,1,1,18,14,19,12,14,3,0,5.400905,7.31518,3.704717,0.56,0.0,0.56,0.996153,0.656059,0
user_66788,2022-10-25 16:29:00,21,9,8,0,2,2,12,4,19,3,12,1,0,3.830077,4.706714,6.875943,0.38,0.0,0.43,0.701872,0.37613,0
user_66789,2022-10-03 00:17:00,21,12,6,2,5,1,7,4,15,6,7,0,0,7.628735,9.377638,7.531334,0.29,0.33,0.57,0.933856,0.978736,0
user_66790,2022-10-03 13:39:00,22,14,9,2,3,3,10,13,20,11,17,0,0,4.261328,6.571694,8.001572,0.41,0.22,0.64,0.692893,0.382097,0
user_66791,2022-09-16 05:02:00,27,9,9,0,3,1,3,14,19,5,0,4,0,4.722631,5.92061,3.778893,0.33,0.0,0.33,0.377555,0.404269,0
user_66792,2022-10-18 00:51:00,25,13,6,1,0,2,16,14,16,8,1,1,0,5.106014,7.03713,5.651231,0.24,0.17,0.52,0.40898,0.702912,0
user_66793,2022-10-30 06:51:00,19,11,8,2,3,2,14,6,17,9,10,6,1,8.107206,4.275931,7.371851,0.42,0.25,0.58,0.695424,0.439321,0
user_66794,2022-10-02 01:12:00,17,12,5,0,0,0,0,2,12,13,4,6,1,2.483403,2.810629,10.566726,0.29,0.0,0.71,0.496946,0.819019,0
user_66795,2022-09-13 23:37:00,27,17,8,0,0,2,18,0,15,8,15,1,0,7.503699,4.392024,9.54557,0.3,0.0,0.63,0.807129,0.705876,0
user_66796,2022-10-22 13:49:00,25,14,5,1,2,1,7,2,20,17,9,5,1,0.793321,1.61881,13.657081,0.2,0.2,0.56,0.438514,0.824659,0
user_66797,2022-09-12 05:29:00,20,5,8,1,3,3,11,7,7,12,4,0,0,4.391895,10.669533,7.500726,0.4,0.12,0.25,0.588719,0.999274,0
user_66798,2022-09-18 02:25:00,11,6,11,0,2,1,11,6,17,13,8,6,1,3.187547,8.215625,5.458497,1.0,0.0,0.55,0.51634,0.655542,0
user_66799,2022-09-10 19:34:00,21,13,13,0,0,3,11,6,3,7,2,5,1,1.998172,6.424562,2.259835,0.62,0.0,0.62,0.336824,0.672105,0
user_66800,2022-10-21 20:16:00,20,5,4,0,1,2,15,11,10,14,2,4,0,5.800457,5.541335,8.768074,0.2,0.0,0.25,0.858538,0.524826,0
user_66801,2022-10-22 16:20:00,28,16,8,1,3,2,4,17,14,0,16,5,1,6.861866,6.948506,5.060188,0.29,0.12,0.57,0.98758,0.563847,0
user_66802,2022-09-10 05:11:00,11,14,7,1,3,2,11,14,15,10,0,5,1,2.285388,0.645552,4.276219,0.64,0.14,1.27,0.649225,0.966222,0
user_66803,2022-10-25 19:08:00,17,12,6,0,2,1,20,9,13,4,3,1,0,4.215017,3.485922,6.6631,0.35,0.0,0.71,0.578675,0.373226,0
user_66804,2022-09-21 01:30:00,20,11,7,0,4,4,18,16,9,16,17,2,0,4.985531,4.366431,3.547631,0.35,0.0,0.55,0.488205,0.398929,0
user_66805,2022-09-27 09:28:00,16,10,5,0,1,0,5,3,5,1,16,1,0,4.089001,4.417553,9.108696,0.31,0.0,0.62,0.922002,0.356564,0
user_66806,2022-09-25 22:04:00,22,8,10,0,2,2,4,5,19,0,16,6,1,6.429004,1.700815,9.466602,0.45,0.0,0.36,0.835571,0.482345,0
user_66807,2022-09-30 20:37:00,21,14,9,0,1,3,14,12,3,16,15,4,0,5.326913,4.008923,9.150888,0.43,0.0,0.67,0.432048,0.367331,0
user_66808,2022-10-22 05:52:00,26,8,8,0,5,2,9,14,1,2,10,5,1,5.540675,5.921939,6.35329,0.31,0.0,0.31,0.767348,0.814481,0
user_66809,2022-09-18 22:38:00,23,15,10,0,3,1,14,14,14,11,16,6,1,4.176474,4.69165,0.493237,0.43,0.0,0.65,0.543625,0.845236,0
user_66810,2022-09-18 12:45:00,18,7,5,1,0,1,0,4,11,12,15,6,1,4.461748,2.143828,5.872001,0.28,0.2,0.39,0.412395,0.808631,0
user_66811,2022-09-27 05:53:00,29,8,8,1,2,1,8,14,3,19,15,1,0,1.364494,7.185165,5.229545,0.28,0.12,0.28,0.603697,0.982413,0
user_66812,2022-09-05 01:04:00,16,15,8,1,2,3,0,0,17,18,9,0,0,6.07292,6.1142,4.851399,0.5,0.12,0.94,0.853749,0.714011,0
user_66813,2022-10-29 11:46:00,24,8,9,0,3,2,11,14,11,18,12,5,1,2.806165,7.52687,9.25889,0.38,0.0,0.33,0.581459,0.468916,0
user_66814,2022-09-12 03:12:00,17,10,13,0,2,1,14,6,17,5,13,0,0,5.610649,5.508268,6.405455,0.76,0.0,0.59,0.574724,0.979297,0
user_66815,2022-10-01 06:12:00,19,11,6,1,2,1,4,18,6,3,19,5,1,5.993622,8.219287,5.723838,0.32,0.17,0.58,0.542082,0.82785,1
user_66816,2022-10-06 02:08:00,24,5,8,2,3,1,14,5,20,12,16,3,0,0.819015,5.914517,6.857037,0.33,0.25,0.21,0.691562,0.910003,0
user_66817,2022-10-17 07:59:00,17,10,7,1,0,0,13,4,2,12,7,0,0,6.62201,11.271545,10.986079,0.41,0.14,0.59,0.993998,0.309217,0
user_66818,2022-09-08 14:40:00,15,10,7,0,1,3,19,15,7,10,9,3,0,5.587836,5.618261,6.450659,0.47,0.0,0.67,0.311257,0.878642,0
user_66819,2022-10-04 09:16:00,17,13,10,0,3,0,7,20,10,1,17,1,0,3.053454,6.060852,8.151481,0.59,0.0,0.76,0.785377,0.754475,0
user_66820,2022-09-27 09:12:00,24,8,6,1,3,2,20,12,2,2,5,1,0,7.349154,4.831596,5.092218,0.25,0.17,0.33,0.91615,0.572248,0
user_66821,2022-09-30 08:34:00,25,8,13,1,1,1,12,1,19,3,0,4,0,0.155881,0.96448,6.143995,0.52,0.08,0.32,0.306984,0.53317,0
user_66822,2022-10-15 16:30:00,25,4,6,0,2,1,11,16,8,3,20,5,1,8.956071,5.717983,6.043886,0.24,0.0,0.16,0.773251,0.552363,1
user_66823,2022-09-24 21:30:00,27,10,11,1,3,5,1,14,12,15,5,5,1,6.464404,3.936847,8.506898,0.41,0.09,0.37,0.796128,0.82669,0
user_66824,2022-10-06 05:29:00,24,10,7,0,1,2,7,14,7,12,16,3,0,7.222791,2.382187,9.608319,0.29,0.0,0.42,0.47942,0.408062,0
user_66825,2022-10-27 20:08:00,22,15,10,1,0,1,17,13,0,7,7,3,0,2.099235,0.828609,15.084467,0.45,0.1,0.68,0.459686,0.756994,0
user_66826,2022-10-15 22:45:00,25,11,9,0,3,4,15,2,4,5,18,5,1,12.735169,8.984665,6.979185,0.36,0.0,0.44,0.930738,0.597267,0
user_66827,2022-09-25 02:43:00,15,11,7,0,1,2,16,18,5,15,7,6,1,5.834708,1.173876,2.923708,0.47,0.0,0.73,0.527723,0.440846,0
user_66828,2022-09-20 03:34:00,21,14,7,0,5,2,1,9,19,18,11,1,0,8.667156,4.447077,4.15684,0.33,0.0,0.67,0.643686,0.971955,0
user_66829,2022-09-14 18:34:00,21,12,11,1,3,2,9,11,13,4,1,2,0,7.404714,3.844385,4.944775,0.52,0.09,0.57,0.351639,0.726322,0
user_66830,2022-10-08 15:03:00,16,12,11,1,2,1,14,11,2,7,8,5,1,1.576006,4.800753,2.71079,0.69,0.09,0.75,0.782423,0.359117,0
user_66831,2022-10-27 03:55:00,24,7,5,0,5,2,17,6,7,15,2,3,0,9.705063,2.93114,6.41775,0.21,0.0,0.29,0.479847,0.760719,0
user_66832,2022-09-26 19:33:00,18,8,12,0,1,1,18,0,7,7,13,0,0,8.099445,0.41122,9.136761,0.67,0.0,0.44,0.823893,0.561284,0
user_66833,2022-10-01 05:37:00,19,13,9,1,0,1,6,19,9,4,11,5,1,9.251023,1.891617,4.278785,0.47,0.11,0.68,0.592778,0.726561,0
user_66834,2022-09-24 17:28:00,23,9,10,0,1,1,10,17,9,9,20,5,1,7.489846,4.101596,5.931722,0.43,0.0,0.39,0.426081,0.930385,1
user_66835,2022-10-16 22:22:00,19,9,9,0,4,3,19,19,18,11,15,6,1,4.951554,5.895804,10.468675,0.47,0.0,0.47,0.540062,0.573415,0
user_66836,2022-09-28 23:13:00,14,8,10,0,3,2,12,6,18,16,12,2,0,6.171344,13.137975,5.462423,0.71,0.0,0.57,0.902356,0.636521,0
user_66837,2022-10-08 13:53:00,24,5,4,0,1,1,0,2,9,14,9,5,1,3.759395,8.569893,5.492262,0.17,0.0,0.21,0.395792,0.562858,0
user_66838,2022-09-29 01:44:00,21,16,3,0,3,1,7,18,1,20,0,3,0,10.080778,3.426559,7.459951,0.14,0.0,0.76,0.769625,0.7243,0
user_66839,2022-09-25 11:18:00,20,13,5,1,3,0,3,1,16,19,9,6,1,1.569384,5.229811,12.227322,0.25,0.2,0.65,0.358006,0.730346,0
user_66840,2022-09-07 12:41:00,21,10,8,0,2,1,1,20,7,16,17,2,0,0.843839,4.985883,6.722539,0.38,0.0,0.48,0.378214,0.939601,0
user_66841,2022-10-05 16:51:00,26,9,10,0,5,2,20,14,10,4,12,2,0,4.861458,10.167403,8.305347,0.38,0.0,0.35,0.733918,0.660048,0
user_66842,2022-10-12 04:23:00,20,5,11,0,2,2,1,8,14,11,15,2,0,5.367454,4.429424,8.773271,0.55,0.0,0.25,0.889659,0.525837,0
user_66843,2022-09-11 19:57:00,15,13,5,0,3,0,6,5,17,0,15,6,1,3.82466,4.490033,7.232203,0.33,0.0,0.87,0.655037,0.341726,0
user_66844,2022-10-06 05:28:00,23,9,13,0,2,4,18,12,7,10,13,3,0,7.463741,5.708835,9.727802,0.57,0.0,0.39,0.747961,0.533457,0
user_66845,2022-09-17 02:38:00,17,13,9,2,0,1,16,9,1,12,6,5,1,6.651685,3.997962,5.1851,0.53,0.22,0.76,0.601189,0.883176,0
user_66846,2022-09-16 07:03:00,16,8,13,1,1,2,7,12,14,7,16,4,0,4.190442,6.503335,9.079604,0.81,0.08,0.5,0.512735,0.936898,0
user_66847,2022-09-26 18:23:00,22,6,12,0,1,3,5,17,20,3,18,0,0,2.940567,4.435853,3.999825,0.55,0.0,0.27,0.826706,0.762829,0
user_66848,2022-10-14 05:12:00,30,10,12,0,3,3,4,19,2,0,2,4,0,6.178643,8.77783,5.392814,0.4,0.0,0.33,0.620119,0.79025,0
user_66849,2022-09-22 18:11:00,17,13,5,0,0,2,12,5,7,5,19,3,0,8.915829,5.676393,6.688321,0.29,0.0,0.76,0.927883,0.485565,1
user_66850,2022-10-06 08:17:00,11,10,6,0,0,2,7,1,11,12,10,3,0,6.333061,3.961032,8.990887,0.55,0.0,0.91,0.724699,0.75541,0
user_66851,2022-10-20 09:02:00,22,8,11,1,3,2,19,2,12,9,6,3,0,8.415793,5.2277,1.879736,0.5,0.09,0.36,0.840269,0.90914,0
user_66852,2022-09-15 07:47:00,23,7,12,0,0,5,16,4,4,14,18,3,0,11.481385,4.590404,11.549604,0.52,0.0,0.3,0.350395,0.508677,0
user_66853,2022-09-08 18:43:00,20,11,9,0,2,1,14,3,3,14,1,3,0,5.646068,2.333398,12.49426,0.45,0.0,0.55,0.626116,0.845455,0
user_66854,2022-10-30 22:38:00,17,19,10,2,1,2,6,4,18,5,1,6,1,10.191915,6.191627,6.836391,0.59,0.2,1.12,0.609101,0.499827,0
user_66855,2022-09-10 08:39:00,21,11,13,1,3,1,2,20,10,4,8,5,1,8.986027,3.521697,7.158358,0.62,0.08,0.52,0.523461,0.628048,0
user_66856,2022-09-06 02:35:00,22,9,4,0,1,2,19,14,16,18,6,1,0,9.426684,2.72747,5.581464,0.18,0.0,0.41,0.38338,0.760118,0
user_66857,2022-09-15 15:07:00,19,15,9,0,2,1,12,20,2,3,11,3,0,6.961206,5.636169,9.220812,0.47,0.0,0.79,0.956821,0.544707,0
user_66858,2022-10-19 06:59:00,21,13,8,1,0,1,1,13,5,19,16,2,0,2.903016,0.382259,4.231151,0.38,0.12,0.62,0.84197,0.373686,0
user_66859,2022-09-08 16:44:00,19,8,5,1,1,1,13,0,5,0,11,3,0,6.799854,3.887225,4.30169,0.26,0.2,0.42,0.905796,0.67721,0
user_66860,2022-09-08 11:34:00,16,15,4,0,0,0,12,4,1,13,16,3,0,3.821728,5.901714,10.03023,0.25,0.0,0.94,0.75705,0.322248,0
user_66861,2022-10-24 14:06:00,25,5,11,0,1,2,7,18,7,9,10,0,0,4.997003,6.959977,7.916282,0.44,0.0,0.2,0.540637,0.551119,0
user_66862,2022-10-14 05:28:00,20,10,4,0,2,2,4,19,16,3,15,4,0,8.06615,1.376029,9.74601,0.2,0.0,0.5,0.781076,0.469569,0
user_66863,2022-09-13 17:11:00,22,10,5,1,2,1,19,13,14,14,9,1,0,4.325468,0.427274,2.011159,0.23,0.2,0.45,0.406314,0.830323,0
user_66864,2022-09-29 14:28:00,18,8,7,0,4,0,15,3,19,3,7,3,0,4.528258,4.728283,9.15718,0.39,0.0,0.44,0.615015,0.919551,0
user_66865,2022-10-24 23:52:00,24,10,7,0,2,1,8,18,11,9,0,0,0,3.826033,3.342406,8.799383,0.29,0.0,0.42,0.424186,0.763611,0
user_66866,2022-09-26 06:32:00,21,10,12,0,3,2,11,2,10,5,3,0,0,5.091199,7.172356,6.764499,0.57,0.0,0.48,0.319432,0.774432,0
user_66867,2022-09-07 21:38:00,16,14,5,0,1,1,19,14,19,12,16,2,0,11.413545,7.48933,4.181992,0.31,0.0,0.88,0.622947,0.770525,0
user_66868,2022-09-20 00:58:00,23,13,8,1,1,1,13,13,8,9,0,1,0,5.448908,2.867567,10.117283,0.35,0.12,0.57,0.606384,0.980762,0
user_66869,2022-10-12 15:06:00,20,13,13,2,3,5,20,10,1,11,11,2,0,8.914427,8.832606,0.373223,0.65,0.15,0.65,0.87929,0.366386,0
user_66870,2022-10-25 22:04:00,19,13,9,0,1,3,19,18,1,4,3,1,0,7.704332,3.238893,9.64175,0.47,0.0,0.68,0.741875,0.464057,0
user_66871,2022-09-03 00:40:00,18,10,5,1,0,0,11,14,1,15,6,5,1,2.835637,6.431593,3.778494,0.28,0.2,0.56,0.979887,0.45215,0
user_66872,2022-09-30 18:05:00,27,14,15,1,4,3,4,0,7,3,6,4,0,6.472621,3.94487,5.417481,0.56,0.07,0.52,0.485575,0.552107,0
user_66873,2022-09-06 05:18:00,27,12,13,1,2,1,0,16,17,0,12,1,0,4.810527,0.664227,5.439361,0.48,0.08,0.44,0.994296,0.761547,0
user_66874,2022-09-18 15:08:00,16,10,6,2,1,0,16,3,8,7,14,6,1,1.346469,9.484019,9.032194,0.38,0.33,0.62,0.548911,0.704334,0
user_66875,2022-10-15 21:29:00,20,6,5,0,4,1,7,7,5,9,3,5,1,2.440058,1.837104,6.07162,0.25,0.0,0.3,0.778418,0.777095,0
user_66876,2022-10-29 14:18:00,17,8,8,0,1,0,19,10,1,3,6,5,1,8.950992,1.371277,6.071216,0.47,0.0,0.47,0.855893,0.71352,0
user_66877,2022-09-05 23:22:00,23,9,8,1,5,1,0,17,18,9,3,0,0,2.913589,6.169518,6.630009,0.35,0.12,0.39,0.911887,0.798135,0
user_66878,2022-10-20 16:37:00,25,12,7,1,0,2,14,13,18,18,4,3,0,7.436312,0.756842,4.212142,0.28,0.14,0.48,0.846679,0.899668,0
user_66879,2022-10-01 03:34:00,18,8,7,2,4,1,16,10,11,20,18,5,1,2.825177,2.384637,7.122415,0.39,0.29,0.44,0.856817,0.4737,0
user_66880,2022-09-16 03:03:00,18,14,5,0,1,0,11,6,19,16,8,4,0,4.261859,4.708103,10.054047,0.28,0.0,0.78,0.578252,0.43563,0
user_66881,2022-10-29 03:04:00,22,13,5,0,2,0,11,16,5,7,15,5,1,5.966579,4.79619,6.826181,0.23,0.0,0.59,0.349397,0.462067,0
user_66882,2022-10-13 03:31:00,24,10,4,0,2,2,4,9,8,7,7,3,0,5.443772,0.057422,4.197762,0.17,0.0,0.42,0.443115,0.401678,0
user_66883,2022-10-26 04:22:00,26,8,4,1,2,1,19,19,12,8,19,2,0,1.876734,2.371642,14.164978,0.15,0.25,0.31,0.586942,0.976141,1
user_66884,2022-09-15 01:28:00,32,9,5,0,3,0,16,18,18,2,0,3,0,9.843949,5.976961,11.335041,0.16,0.0,0.28,0.334513,0.437988,0
user_66885,2022-09-01 15:05:00,14,11,9,1,1,2,2,14,20,17,15,3,0,4.979807,2.161333,4.058437,0.64,0.11,0.79,0.8851,0.909742,0
user_66886,2022-10-05 03:04:00,15,7,8,0,1,1,10,15,0,3,10,2,0,3.761408,4.016118,13.021022,0.53,0.0,0.47,0.885505,0.301528,0
user_66887,2022-09-28 05:07:00,19,8,9,2,3,3,0,17,18,10,20,2,0,4.91472,7.651024,10.554914,0.47,0.22,0.42,0.613582,0.431218,1
user_66888,2022-10-12 14:23:00,16,12,10,2,1,0,16,16,18,3,19,2,0,9.357837,6.526732,9.236945,0.62,0.2,0.75,0.660964,0.329807,1
user_66889,2022-09-02 11:15:00,15,5,8,2,1,2,9,5,3,6,12,4,0,1.241541,1.697738,4.449526,0.53,0.25,0.33,0.828149,0.617039,0
user_66890,2022-09-22 18:37:00,15,11,10,0,3,3,6,15,14,4,14,3,0,9.880566,3.947519,6.344277,0.67,0.0,0.73,0.565284,0.683097,0
user_66891,2022-10-01 21:20:00,24,14,10,2,3,1,10,15,14,15,19,5,1,5.916536,4.359272,4.757004,0.42,0.2,0.58,0.95391,0.895158,1
user_66892,2022-09-29 14:49:00,16,12,9,1,1,2,6,6,15,5,0,3,0,5.387226,3.120149,11.366673,0.56,0.11,0.75,0.602369,0.671156,0
user_66893,2022-09-17 08:44:00,19,7,12,0,3,1,2,17,20,13,2,5,1,12.54359,6.827177,5.416309,0.63,0.0,0.37,0.393642,0.801774,0
user_66894,2022-09-09 21:32:00,13,12,6,2,2,2,10,15,2,10,9,4,0,6.395864,2.71594,10.656543,0.46,0.33,0.92,0.911971,0.71452,0
user_66895,2022-09-09 13:20:00,17,11,13,1,1,0,13,20,7,6,18,4,0,1.760967,4.539493,0.02416,0.76,0.08,0.65,0.913792,0.645384,0
user_66896,2022-10-18 03:43:00,22,12,6,1,3,1,18,2,18,3,9,1,0,10.439703,6.029422,11.211701,0.27,0.17,0.55,0.963845,0.564492,0
user_66897,2022-10-27 03:57:00,16,11,7,0,3,1,10,17,2,17,13,3,0,6.245931,1.145781,6.536319,0.44,0.0,0.69,0.489639,0.323996,0
user_66898,2022-09-23 13:14:00,24,8,10,0,1,2,19,8,17,19,17,4,0,0.916385,7.843189,7.428987,0.42,0.0,0.33,0.384399,0.665094,0
user_66899,2022-10-27 15:36:00,24,13,5,0,1,1,11,6,17,18,13,3,0,5.420458,3.339498,8.351022,0.21,0.0,0.54,0.927715,0.626385,0
user_66900,2022-10-05 20:36:00,14,9,13,0,3,0,7,20,11,15,5,2,0,4.520534,5.679723,7.669235,0.93,0.0,0.64,0.767556,0.763125,0
user_66901,2022-09-10 13:50:00,14,12,14,1,2,7,9,4,7,19,14,5,1,7.415929,7.470646,4.783262,1.0,0.07,0.86,0.306884,0.36212,0
user_66902,2022-09-13 08:32:00,20,7,7,0,0,2,17,16,12,5,8,1,0,3.149545,2.854839,7.632378,0.35,0.0,0.35,0.324879,0.397056,0
user_66903,2022-09-10 01:12:00,27,8,5,0,3,1,1,20,3,8,8,5,1,6.925826,4.926873,9.256281,0.19,0.0,0.3,0.496637,0.681549,0
user_66904,2022-10-28 14:34:00,18,8,9,1,3,1,6,16,17,6,0,4,0,7.418579,14.120302,9.956746,0.5,0.11,0.44,0.584297,0.323284,0
user_66905,2022-10-17 22:01:00,12,8,7,0,1,1,8,4,14,6,13,0,0,6.348464,5.371181,3.408531,0.58,0.0,0.67,0.361649,0.525828,0
user_66906,2022-09-20 11:25:00,15,9,7,1,0,1,5,13,12,9,16,1,0,7.260507,2.237566,7.456999,0.47,0.14,0.6,0.692205,0.722019,0
user_66907,2022-10-24 11:55:00,17,7,12,0,4,3,4,8,15,2,2,0,0,4.114822,7.316113,7.026568,0.71,0.0,0.41,0.421715,0.564001,0
user_66908,2022-09-06 20:54:00,14,18,10,0,2,1,12,8,20,16,9,1,0,2.679141,6.254834,2.238522,0.71,0.0,1.29,0.703366,0.575553,0
user_66909,2022-09-25 23:54:00,22,11,6,1,5,0,0,5,2,4,7,6,1,7.03334,8.078129,2.15536,0.27,0.17,0.5,0.922821,0.741102,0
user_66910,2022-09-06 12:42:00,16,17,8,1,0,2,0,18,1,1,10,1,0,3.413511,6.93964,6.709191,0.5,0.12,1.06,0.893178,0.730228,0
user_66911,2022-10-13 18:53:00,22,11,7,2,2,3,19,17,12,18,1,3,0,5.816532,7.71135,7.570356,0.32,0.29,0.5,0.31487,0.303879,0
user_66912,2022-09-02 02:17:00,17,14,7,0,1,1,8,5,4,18,10,4,0,1.353009,5.117325,3.720183,0.41,0.0,0.82,0.620894,0.513623,0
user_66913,2022-10-01 05:55:00,17,4,10,0,3,2,9,4,10,12,15,5,1,7.721902,0.275745,9.470896,0.59,0.0,0.24,0.801954,0.498996,0
user_66914,2022-09-25 03:29:00,21,4,9,1,6,0,10,20,18,8,16,6,1,9.657879,4.084164,8.483816,0.43,0.11,0.19,0.967268,0.790127,0
user_66915,2022-09-16 19:35:00,16,11,8,1,0,0,13,11,14,14,1,4,0,7.649273,6.968962,5.526618,0.5,0.12,0.69,0.936894,0.932196,0
user_66916,2022-09-20 22:44:00,28,10,9,1,4,1,19,8,10,20,15,1,0,6.917191,0.719097,7.025058,0.32,0.11,0.36,0.404421,0.699222,0
user_66917,2022-10-07 21:01:00,20,10,18,1,3,4,5,17,20,10,8,4,0,4.290284,5.963398,2.95475,0.9,0.06,0.5,0.35279,0.301555,0
user_66918,2022-09-05 09:36:00,12,9,13,0,2,4,12,8,9,14,2,0,0,0.60047,1.778256,9.057176,1.08,0.0,0.75,0.799971,0.507574,0
user_66919,2022-09-26 19:31:00,27,11,10,0,2,3,1,12,15,15,5,0,0,7.251622,0.439231,10.00677,0.37,0.0,0.41,0.855837,0.360357,0
user_66920,2022-09-04 08:46:00,16,11,5,1,1,0,11,6,12,1,6,6,1,8.029656,4.071493,5.012433,0.31,0.2,0.69,0.351787,0.608058,0
user_66921,2022-10-30 07:33:00,20,12,9,2,1,3,7,0,18,2,12,6,1,5.452288,6.052248,9.416541,0.45,0.22,0.6,0.364142,0.943343,0
user_66922,2022-09-21 20:59:00,27,6,13,2,2,5,6,6,13,14,11,2,0,9.70707,7.523977,6.723332,0.48,0.15,0.22,0.861692,0.723899,0
user_66923,2022-10-06 06:48:00,26,9,10,1,1,1,16,5,6,17,15,3,0,4.89811,0.571252,8.857038,0.38,0.1,0.35,0.904563,0.823913,0
user_66924,2022-09-21 10:59:00,18,7,7,0,2,1,12,2,3,20,13,2,0,3.419663,7.583257,6.115102,0.39,0.0,0.39,0.427691,0.740649,0
user_66925,2022-09-16 10:25:00,20,10,5,0,3,3,7,12,6,3,20,4,0,8.188986,5.924236,4.032443,0.25,0.0,0.5,0.705208,0.386543,1
user_66926,2022-10-01 16:57:00,15,9,7,1,0,1,1,15,10,1,16,5,1,6.542619,7.783522,5.403844,0.47,0.14,0.6,0.509081,0.741905,0
user_66927,2022-09-06 05:06:00,19,8,11,0,2,2,10,6,19,1,4,1,0,9.532966,1.062446,3.620885,0.58,0.0,0.42,0.840739,0.627068,0
user_66928,2022-09-24 13:23:00,21,12,9,0,2,1,8,12,14,0,0,5,1,4.417757,1.790075,11.23163,0.43,0.0,0.57,0.855762,0.653753,0
user_66929,2022-09-27 02:35:00,14,10,7,1,3,0,16,12,6,0,15,1,0,2.674376,11.174142,10.598743,0.5,0.14,0.71,0.54099,0.707088,0
user_66930,2022-09-19 02:43:00,29,8,10,3,5,1,1,3,2,18,19,0,0,0.089677,7.097912,6.133533,0.34,0.3,0.28,0.959461,0.600226,1
user_66931,2022-10-23 14:08:00,19,7,9,0,1,2,19,20,6,3,18,6,1,3.174562,3.16026,3.769768,0.47,0.0,0.37,0.920968,0.953657,0
user_66932,2022-10-06 06:33:00,23,15,7,2,3,1,11,15,12,14,7,3,0,1.257725,6.15986,3.208753,0.3,0.29,0.65,0.903558,0.965817,0
user_66933,2022-09-24 18:52:00,25,10,9,0,1,0,16,6,10,3,18,5,1,8.897768,6.903945,7.114853,0.36,0.0,0.4,0.719384,0.891985,0
user_66934,2022-09-07 18:23:00,25,10,7,0,4,2,18,7,12,3,7,2,0,5.501841,5.442061,9.335497,0.28,0.0,0.4,0.36791,0.340387,0
user_66935,2022-10-12 14:36:00,19,11,9,0,3,2,4,15,17,16,0,2,0,5.466185,7.699562,3.980283,0.47,0.0,0.58,0.692988,0.97155,0
user_66936,2022-09-21 03:20:00,17,10,8,1,3,0,1,2,4,16,11,2,0,4.764118,4.952909,8.423766,0.47,0.12,0.59,0.956132,0.810979,0
user_66937,2022-09-19 20:43:00,22,10,5,0,2,1,16,17,5,5,2,0,0,2.667329,5.372001,6.541692,0.23,0.0,0.45,0.357391,0.949992,0
user_66938,2022-09-22 20:38:00,16,8,4,1,2,1,14,4,17,11,17,3,0,7.36789,6.205059,13.224247,0.25,0.25,0.5,0.923985,0.729237,0
user_66939,2022-09-29 05:45:00,24,12,8,1,3,1,0,17,5,16,2,3,0,7.867599,4.082416,8.247194,0.33,0.12,0.5,0.385278,0.400406,0
user_66940,2022-09-03 08:50:00,18,7,5,1,3,3,15,10,0,14,17,5,1,2.205453,7.748799,15.017395,0.28,0.2,0.39,0.698934,0.407694,0
user_66941,2022-10-07 05:42:00,16,7,13,1,2,1,5,13,4,20,0,4,0,2.115471,6.191652,8.948876,0.81,0.08,0.44,0.680943,0.794608,0
user_66942,2022-10-01 18:39:00,21,10,10,1,1,3,12,16,4,3,3,5,1,3.321042,4.810847,8.920243,0.48,0.1,0.48,0.558754,0.564782,0
user_66943,2022-10-28 05:28:00,19,18,11,0,6,4,3,17,16,17,7,4,0,8.949805,7.990984,6.691999,0.58,0.0,0.95,0.476261,0.962503,0
user_66944,2022-09-08 05:37:00,16,9,6,0,2,0,8,8,6,17,7,3,0,4.571058,3.267763,8.361771,0.38,0.0,0.56,0.896019,0.907446,0
user_66945,2022-10-01 15:32:00,18,6,6,0,3,1,13,3,9,11,0,5,1,3.962713,1.660815,8.625418,0.33,0.0,0.33,0.980819,0.806667,0
user_66946,2022-09-15 02:55:00,22,8,6,0,2,3,0,9,17,5,2,3,0,2.817118,6.976875,11.059791,0.27,0.0,0.36,0.390276,0.684551,0
user_66947,2022-09-02 14:24:00,21,10,7,1,4,3,6,19,4,3,5,4,0,7.795631,0.776391,6.228402,0.33,0.14,0.48,0.350902,0.617642,0
user_66948,2022-10-23 20:17:00,25,9,8,0,3,1,14,11,12,14,13,6,1,3.898878,1.032763,8.271134,0.32,0.0,0.36,0.932336,0.899239,0
user_66949,2022-10-20 22:34:00,19,9,7,0,1,0,3,6,0,6,1,3,0,7.121034,5.166092,7.045657,0.37,0.0,0.47,0.69512,0.628543,0
user_66950,2022-09-02 21:41:00,19,10,12,1,3,4,0,20,6,3,3,4,0,3.771335,4.613778,1.597102,0.63,0.08,0.53,0.513633,0.796039,0
user_66951,2022-09-14 21:11:00,15,12,12,1,1,2,20,12,17,19,17,2,0,4.26562,5.343963,10.522245,0.8,0.08,0.8,0.577153,0.60618,0
user_66952,2022-09-27 16:15:00,19,7,9,1,2,2,13,5,7,16,7,1,0,3.768733,8.176288,8.29762,0.47,0.11,0.37,0.412519,0.413124,0
user_66953,2022-09-01 22:13:00,16,19,13,2,0,1,19,4,8,15,6,3,0,3.395348,6.77657,7.48284,0.81,0.15,1.19,0.767632,0.397015,0
user_66954,2022-10-24 16:35:00,24,6,11,1,5,1,0,10,12,10,16,0,0,2.528745,1.981181,0.757304,0.46,0.09,0.25,0.575118,0.343691,0
user_66955,2022-09-21 11:06:00,15,14,8,1,2,1,14,18,10,17,4,2,0,5.467665,3.313989,9.206638,0.53,0.12,0.93,0.415996,0.601112,0
user_66956,2022-09-21 14:59:00,26,5,8,0,1,2,0,4,1,13,14,2,0,4.304469,6.060567,4.435478,0.31,0.0,0.19,0.395464,0.79747,0
user_66957,2022-09-22 09:23:00,16,6,8,2,0,2,16,5,6,2,10,3,0,7.985919,5.597384,5.886037,0.5,0.25,0.38,0.537576,0.752294,0
user_66958,2022-10-05 07:03:00,21,13,2,0,4,1,1,16,2,18,19,2,0,5.621514,3.757516,6.089971,0.1,0.0,0.62,0.429235,0.419376,1
user_66959,2022-10-13 06:43:00,29,7,7,0,5,6,8,11,7,3,11,3,0,3.863267,1.645884,4.980256,0.24,0.0,0.24,0.759212,0.786582,0
user_66960,2022-09-30 20:19:00,20,11,6,1,2,1,6,1,10,14,2,4,0,0.701587,1.250797,8.393706,0.3,0.17,0.55,0.436816,0.851817,0
user_66961,2022-10-29 10:34:00,16,6,13,0,3,1,1,13,5,4,4,5,1,1.579287,7.694742,4.637439,0.81,0.0,0.38,0.727034,0.389444,0
user_66962,2022-09-24 20:57:00,20,4,9,0,4,1,15,9,20,4,18,5,1,7.503775,3.238844,16.592932,0.45,0.0,0.2,0.320563,0.758938,0
user_66963,2022-09-24 10:19:00,28,11,11,0,3,2,11,20,12,10,14,5,1,0.955796,3.276601,10.166079,0.39,0.0,0.39,0.431644,0.788355,0
user_66964,2022-09-20 17:21:00,12,10,10,1,0,0,11,11,8,13,0,1,0,5.504147,2.078311,2.134014,0.83,0.1,0.83,0.843239,0.893675,0
user_66965,2022-10-08 18:09:00,22,7,9,1,3,3,18,12,17,4,14,5,1,3.305795,7.634154,5.792283,0.41,0.11,0.32,0.607808,0.392053,0
user_66966,2022-09-13 23:09:00,24,16,7,0,3,2,0,6,19,18,16,1,0,5.510628,4.467092,8.835205,0.29,0.0,0.67,0.945166,0.746873,0
user_66967,2022-09-26 12:20:00,21,12,9,1,0,1,15,7,14,15,14,0,0,5.498272,3.887876,10.764381,0.43,0.11,0.57,0.465594,0.860801,0
user_66968,2022-10-12 15:59:00,19,9,7,1,3,2,1,11,17,2,5,2,0,3.46671,3.784938,10.260927,0.37,0.14,0.47,0.707785,0.882042,0
user_66969,2022-09-19 10:04:00,23,13,13,0,0,3,4,16,4,10,10,0,0,5.012824,4.734283,3.280659,0.57,0.0,0.57,0.889276,0.834132,0
user_66970,2022-10-06 09:32:00,22,6,11,2,1,1,12,17,12,9,15,3,0,6.028325,4.242984,9.619959,0.5,0.18,0.27,0.668824,0.330527,0
user_66971,2022-09-15 15:38:00,20,4,8,0,1,1,18,5,15,17,15,3,0,1.864824,3.585852,10.554019,0.4,0.0,0.2,0.418912,0.877003,0
user_66972,2022-10-11 05:16:00,22,9,7,0,6,1,10,17,14,18,2,1,0,7.070614,7.108575,8.22436,0.32,0.0,0.41,0.591416,0.506362,0
user_66973,2022-10-30 16:52:00,12,9,10,2,1,1,14,20,2,2,7,6,1,9.136335,5.321342,9.576068,0.83,0.2,0.75,0.714977,0.656796,0
user_66974,2022-09-17 03:26:00,18,11,7,0,1,0,13,4,18,16,9,5,1,4.977169,7.192632,11.932537,0.39,0.0,0.61,0.685788,0.434211,0
user_66975,2022-09-27 01:22:00,27,8,4,1,8,0,7,18,18,3,4,1,0,7.026283,0.073692,5.669552,0.15,0.25,0.3,0.374884,0.886691,0
user_66976,2022-10-17 12:36:00,18,6,11,0,2,3,8,7,4,6,14,0,0,0.021805,0.666213,6.330239,0.61,0.0,0.33,0.341632,0.949737,0
user_66977,2022-10-28 04:17:00,15,10,5,1,1,0,19,5,12,17,11,4,0,4.752493,6.163967,12.129902,0.33,0.2,0.67,0.673872,0.430595,0
user_66978,2022-10-10 14:42:00,26,14,7,0,1,2,13,17,0,15,10,0,0,2.72189,0.830164,9.310422,0.27,0.0,0.54,0.366862,0.688034,0
user_66979,2022-09-04 17:55:00,22,7,9,0,4,2,7,0,15,0,4,6,1,7.614043,3.196866,9.109632,0.41,0.0,0.32,0.499214,0.331741,0
user_66980,2022-09-04 16:47:00,17,10,10,1,0,0,10,7,15,0,8,6,1,2.310477,2.388359,1.779187,0.59,0.1,0.59,0.901775,0.997202,0
user_66981,2022-09-20 19:51:00,16,9,11,0,1,2,11,10,1,18,11,1,0,5.801793,8.413175,5.405543,0.69,0.0,0.56,0.817552,0.817742,0
user_66982,2022-09-15 03:05:00,19,13,9,0,3,2,2,19,14,17,9,3,0,1.715748,3.397851,10.28712,0.47,0.0,0.68,0.836616,0.827467,0
user_66983,2022-10-01 00:04:00,21,14,8,0,0,2,13,19,8,20,18,5,1,2.736888,5.197961,7.063701,0.38,0.0,0.67,0.467014,0.88728,0
user_66984,2022-09-07 02:07:00,14,9,9,0,2,2,7,12,5,1,3,2,0,0.644504,8.549095,5.484538,0.64,0.0,0.64,0.78168,0.713902,0
user_66985,2022-10-07 02:37:00,21,13,5,1,1,2,11,12,7,2,8,4,0,10.709965,9.538621,4.940362,0.24,0.2,0.62,0.909455,0.469378,0
user_66986,2022-10-15 12:36:00,22,9,6,0,3,1,15,11,7,0,9,5,1,3.077059,1.215527,10.963725,0.27,0.0,0.41,0.48162,0.62716,0
user_66987,2022-09-05 16:52:00,25,16,8,1,1,0,0,19,15,1,11,0,0,3.539836,3.0616,0.245571,0.32,0.12,0.64,0.420781,0.646172,0
user_66988,2022-09-01 21:22:00,16,5,6,0,2,2,18,3,13,4,1,3,0,4.622738,3.832956,7.891135,0.38,0.0,0.31,0.505523,0.493273,0
user_66989,2022-09-26 02:16:00,20,12,6,1,1,1,12,4,9,13,17,0,0,4.352089,7.408744,7.674001,0.3,0.17,0.6,0.811959,0.799487,0
user_66990,2022-10-03 13:06:00,19,9,5,0,0,1,19,0,12,6,20,0,0,3.308864,3.719825,5.780788,0.26,0.0,0.47,0.727016,0.77503,1
user_66991,2022-09-01 05:18:00,15,10,8,2,2,1,19,12,20,20,13,3,0,1.261767,3.796932,3.013513,0.53,0.25,0.67,0.525151,0.857036,0
user_66992,2022-10-06 18:50:00,20,11,10,0,2,3,18,13,19,15,3,3,0,0.370569,10.179766,4.37552,0.5,0.0,0.55,0.476814,0.851462,0
user_66993,2022-10-01 17:32:00,22,7,5,2,1,0,11,18,2,17,10,5,1,7.938737,8.468932,3.291018,0.23,0.4,0.32,0.605841,0.934786,0
user_66994,2022-10-05 19:16:00,16,8,5,0,1,2,9,7,4,2,3,2,0,0.233217,3.350448,8.797764,0.31,0.0,0.5,0.813272,0.55138,0
user_66995,2022-09-01 21:32:00,20,12,7,1,2,0,17,1,12,17,3,3,0,3.760387,10.205165,4.723342,0.35,0.14,0.6,0.963565,0.304822,0
user_66996,2022-09-13 18:02:00,17,12,4,1,2,2,19,16,9,8,1,1,0,2.176347,5.002003,5.695055,0.24,0.25,0.71,0.980388,0.636014,0
user_66997,2022-09-08 12:33:00,12,8,7,1,1,2,8,14,16,4,17,3,0,7.955818,7.297849,8.669851,0.58,0.14,0.67,0.305408,0.493939,0
user_66998,2022-09-13 05:07:00,20,14,8,0,4,2,15,4,2,17,17,1,0,2.530789,12.85395,3.69899,0.4,0.0,0.7,0.793063,0.623013,0
user_66999,2022-10-01 10:20:00,24,13,6,0,5,5,2,19,7,17,8,5,1,0.054829,8.004153,10.851324,0.25,0.0,0.54,0.712537,0.816167,0
user_67000,2022-09-01 00:13:00,23,12,12,0,4,5,16,8,11,12,8,3,0,4.295413,3.68917,13.682106,0.52,0.0,0.52,0.794527,0.999308,0
user_67001,2022-10-29 21:38:00,12,10,7,1,1,0,8,17,3,20,17,5,1,6.254942,5.559598,3.451798,0.58,0.14,0.83,0.741062,0.510305,0
user_67002,2022-09-05 09:36:00,17,12,12,1,2,3,2,5,5,5,12,0,0,3.475773,0.751065,2.870609,0.71,0.08,0.71,0.669773,0.715533,0
user_67003,2022-10-30 13:33:00,22,4,6,1,3,1,19,0,1,9,0,6,1,7.934422,2.777328,2.585915,0.27,0.17,0.18,0.850813,0.868049,0
user_67004,2022-10-15 11:50:00,21,13,4,0,3,0,5,2,6,11,20,5,1,7.55941,5.785039,11.461262,0.19,0.0,0.62,0.474231,0.82066,1
user_67005,2022-10-23 05:34:00,20,11,9,0,0,2,12,14,5,15,12,6,1,6.030806,11.031059,8.040197,0.45,0.0,0.55,0.492786,0.79878,0
user_67006,2022-09-30 09:56:00,30,12,9,0,3,1,7,9,19,3,9,4,0,4.514324,6.166268,4.710716,0.3,0.0,0.4,0.991332,0.90179,0
user_67007,2022-09-08 20:40:00,23,8,9,1,3,2,7,14,16,20,14,3,0,8.505412,3.040522,11.723366,0.39,0.11,0.35,0.489955,0.508154,0
user_67008,2022-10-13 19:12:00,15,10,3,1,3,0,15,16,9,2,16,3,0,5.731616,7.860701,5.66354,0.2,0.33,0.67,0.509327,0.338276,0
user_67009,2022-10-02 03:02:00,18,8,11,1,3,1,11,13,0,16,10,6,1,6.75661,2.403083,10.404308,0.61,0.09,0.44,0.494414,0.872375,0
user_67010,2022-10-08 00:41:00,23,12,9,2,0,1,16,16,7,13,8,5,1,8.095207,7.200323,7.289156,0.39,0.22,0.52,0.64356,0.780146,0
user_67011,2022-09-08 09:27:00,15,10,10,1,2,2,7,18,12,11,19,3,0,6.396356,6.764822,6.539724,0.67,0.1,0.67,0.529439,0.988073,1
user_67012,2022-10-10 09:11:00,20,8,9,2,2,2,12,17,5,14,19,0,0,5.135449,7.054961,10.659231,0.45,0.22,0.4,0.378434,0.635158,1
user_67013,2022-09-30 21:56:00,28,13,9,0,2,0,11,12,1,14,0,4,0,1.524437,5.091101,15.550217,0.32,0.0,0.46,0.851057,0.482578,0
user_67014,2022-09-22 16:41:00,22,8,6,0,2,0,6,3,13,7,20,3,0,4.191155,10.871072,2.294942,0.27,0.0,0.36,0.637689,0.850276,1
user_67015,2022-09-27 07:48:00,19,13,6,0,2,2,0,1,13,19,20,1,0,9.782155,5.532089,2.818766,0.32,0.0,0.68,0.916949,0.912981,1
user_67016,2022-09-13 20:42:00,26,5,7,0,6,2,4,0,14,10,12,1,0,0.695226,7.375494,2.954527,0.27,0.0,0.19,0.377858,0.941676,0
user_67017,2022-10-26 10:55:00,20,9,6,0,4,0,3,10,16,19,12,2,0,1.158428,7.412335,6.366776,0.3,0.0,0.45,0.917609,0.655538,0
user_67018,2022-10-26 03:38:00,23,6,12,0,3,3,19,20,0,5,19,2,0,4.38836,6.547547,6.666442,0.52,0.0,0.26,0.773331,0.580708,1
user_67019,2022-09-15 13:56:00,26,5,4,0,5,1,6,12,16,3,9,3,0,2.834403,6.124332,6.691087,0.15,0.0,0.19,0.9688,0.454666,0
user_67020,2022-09-02 13:50:00,15,8,5,0,3,1,11,4,1,6,8,4,0,2.171043,1.430273,5.787028,0.33,0.0,0.53,0.534197,0.958266,0
user_67021,2022-09-08 09:35:00,21,10,11,1,3,2,0,10,14,6,14,3,0,1.812205,6.680796,8.567477,0.52,0.09,0.48,0.922289,0.774787,0
user_67022,2022-10-15 11:35:00,23,13,8,0,3,1,6,1,9,7,13,5,1,7.623462,1.748256,6.503647,0.35,0.0,0.57,0.557354,0.491237,0
user_67023,2022-09-28 07:21:00,20,11,8,1,3,3,5,9,3,3,2,2,0,7.458806,1.712825,9.473576,0.4,0.12,0.55,0.655645,0.444937,0
user_67024,2022-10-15 10:54:00,20,9,9,2,2,0,3,1,4,10,14,5,1,1.933852,0.1407,8.52884,0.45,0.22,0.45,0.511218,0.976449,0
user_67025,2022-10-20 11:38:00,23,10,5,2,2,3,19,13,20,9,19,3,0,3.780283,4.248273,5.477361,0.22,0.4,0.43,0.661255,0.930661,1
user_67026,2022-10-05 14:32:00,21,13,3,2,4,0,17,0,8,6,19,2,0,7.117882,9.000061,7.526316,0.14,0.67,0.62,0.511508,0.697816,1
user_67027,2022-09-24 04:49:00,21,12,4,1,2,1,14,8,16,11,13,5,1,3.267202,6.29001,11.468575,0.19,0.25,0.57,0.915033,0.500369,0
user_67028,2022-09-03 14:30:00,18,14,10,0,1,2,4,20,20,18,6,5,1,1.582509,7.422701,8.082809,0.56,0.0,0.78,0.3389,0.745891,0
user_67029,2022-10-21 14:16:00,16,12,11,1,1,2,0,0,16,6,0,4,0,5.374169,4.344036,10.016494,0.69,0.09,0.75,0.31021,0.682634,0
user_67030,2022-09-30 21:06:00,22,12,10,0,0,3,13,12,20,7,14,4,0,6.923449,2.931173,8.328356,0.45,0.0,0.55,0.891505,0.379511,0
user_67031,2022-09-01 14:11:00,19,10,12,0,1,5,18,15,1,7,1,3,0,3.50726,8.820835,0.060489,0.63,0.0,0.53,0.80403,0.64581,0
user_67032,2022-09-26 20:36:00,16,9,8,2,1,2,0,0,3,3,9,0,0,4.582485,3.428215,11.147735,0.5,0.25,0.56,0.449537,0.804544,0
user_67033,2022-10-03 16:06:00,23,11,10,0,1,3,6,12,8,15,9,0,0,0.538439,0.975074,6.83937,0.43,0.0,0.48,0.90479,0.751572,0
user_67034,2022-09-18 03:47:00,28,12,10,1,5,4,14,18,7,4,18,6,1,4.612378,4.926899,10.328666,0.36,0.1,0.43,0.941624,0.781566,0
user_67035,2022-09-16 10:13:00,23,6,13,2,3,2,5,15,0,3,6,4,0,7.003561,1.486609,2.415697,0.57,0.15,0.26,0.953584,0.876673,0
user_67036,2022-10-26 02:06:00,19,12,6,1,3,0,5,12,8,19,3,2,0,1.093953,8.859154,6.461424,0.32,0.17,0.63,0.748445,0.444275,0
user_67037,2022-10-07 13:36:00,19,9,8,0,1,4,3,3,16,20,17,4,0,2.151951,3.59165,7.520254,0.42,0.0,0.47,0.500706,0.482138,0
user_67038,2022-10-30 03:11:00,25,8,7,0,1,2,10,19,14,3,17,6,1,4.714128,4.985997,7.915839,0.28,0.0,0.32,0.335497,0.917325,0
user_67039,2022-10-18 08:21:00,16,6,9,1,1,1,14,10,3,13,12,1,0,1.472414,2.041768,11.894426,0.56,0.11,0.38,0.371665,0.315976,0
user_67040,2022-10-22 21:37:00,23,4,9,0,2,1,17,1,0,20,15,5,1,6.492838,0.45778,5.980143,0.39,0.0,0.17,0.754686,0.445983,0
user_67041,2022-10-18 12:00:00,15,10,10,0,2,4,3,17,6,13,5,1,0,1.564619,3.603665,10.748001,0.67,0.0,0.67,0.633995,0.58992,0
user_67042,2022-10-03 11:50:00,21,10,8,0,2,0,7,11,4,15,3,0,0,4.566121,4.977265,2.793446,0.38,0.0,0.48,0.71065,0.50066,0
user_67043,2022-10-24 06:10:00,19,9,8,0,0,1,6,13,0,5,11,0,0,8.766778,4.965164,8.067887,0.42,0.0,0.47,0.504753,0.873562,0
user_67044,2022-10-20 13:56:00,22,16,12,1,4,2,9,13,1,0,19,3,0,3.964342,6.739266,4.779208,0.55,0.08,0.73,0.933805,0.835189,1
user_67045,2022-10-28 22:32:00,22,11,10,1,4,2,13,20,13,20,7,4,0,0.430992,1.415394,4.866255,0.45,0.1,0.5,0.861657,0.428164,0
user_67046,2022-09-25 23:07:00,18,9,7,2,1,0,11,7,15,14,20,6,1,5.394509,5.576182,9.877743,0.39,0.29,0.5,0.932527,0.727434,1
user_67047,2022-09-01 11:40:00,14,14,7,0,2,4,5,1,1,4,11,3,0,6.011097,5.968568,4.541723,0.5,0.0,1.0,0.993951,0.703364,0
user_67048,2022-10-02 09:59:00,18,12,7,2,3,4,16,1,19,9,9,6,1,5.392284,4.442042,8.256979,0.39,0.29,0.67,0.585868,0.417174,0
user_67049,2022-09-02 14:42:00,22,15,16,1,4,3,19,12,9,1,16,4,0,1.852389,0.347349,4.655076,0.73,0.06,0.68,0.470252,0.670868,0
user_67050,2022-09-23 13:45:00,12,9,13,0,1,3,20,8,6,3,5,4,0,7.042488,1.41746,14.540224,1.08,0.0,0.75,0.589722,0.948848,0
user_67051,2022-09-12 13:38:00,19,9,5,1,1,2,8,7,10,10,15,0,0,3.244672,0.872656,7.856743,0.26,0.2,0.47,0.868496,0.351026,0
user_67052,2022-10-13 10:06:00,11,17,12,1,1,2,7,12,15,6,3,3,0,8.782337,0.192125,7.20459,1.09,0.08,1.55,0.430712,0.353366,0
user_67053,2022-09-24 08:19:00,21,8,9,0,1,2,3,9,10,13,15,5,1,3.560028,3.464445,6.697911,0.43,0.0,0.38,0.844491,0.83991,0
user_67054,2022-09-12 09:00:00,17,8,9,0,3,2,10,3,12,17,18,0,0,5.726928,3.04795,7.40989,0.53,0.0,0.47,0.515522,0.82273,0
user_67055,2022-10-17 02:05:00,18,9,13,0,3,4,6,18,14,6,1,0,0,6.606515,2.649843,7.281227,0.72,0.0,0.5,0.698671,0.899157,0
user_67056,2022-09-25 12:57:00,18,10,9,1,1,1,7,7,1,5,1,6,1,2.658547,4.22816,10.226202,0.5,0.11,0.56,0.625038,0.843474,0
user_67057,2022-10-19 13:31:00,33,13,6,1,2,1,14,0,5,1,17,2,0,5.941028,8.373986,7.955179,0.18,0.17,0.39,0.610817,0.452691,0
user_67058,2022-09-09 02:09:00,20,5,15,1,2,3,6,2,0,18,16,4,0,3.004565,5.343904,6.717914,0.75,0.07,0.25,0.495329,0.651778,0
user_67059,2022-09-06 18:49:00,18,10,12,1,0,4,14,16,0,3,20,1,0,1.152726,7.941028,12.299209,0.67,0.08,0.56,0.93296,0.641507,1
user_67060,2022-10-08 00:42:00,14,8,5,2,0,2,2,19,0,19,13,5,1,1.58087,11.046292,6.187731,0.36,0.4,0.57,0.891699,0.830605,0
user_67061,2022-10-13 14:26:00,25,13,13,2,3,3,7,17,15,1,7,3,0,4.934988,7.349744,1.18314,0.52,0.15,0.52,0.476754,0.629381,0
user_67062,2022-10-08 10:56:00,21,10,13,1,0,6,19,17,9,2,3,5,1,0.298678,7.162686,4.867378,0.62,0.08,0.48,0.30004,0.877669,0
user_67063,2022-10-19 17:51:00,24,8,9,2,2,2,4,2,8,10,5,2,0,4.824128,5.732115,8.567463,0.38,0.22,0.33,0.792526,0.433337,0
user_67064,2022-09-02 13:11:00,14,8,6,0,0,1,3,4,1,10,6,4,0,3.856861,2.372256,6.914976,0.43,0.0,0.57,0.777483,0.358073,0
user_67065,2022-09-11 15:16:00,21,10,5,1,0,0,5,13,5,19,14,6,1,10.436069,4.657959,11.43898,0.24,0.2,0.48,0.821929,0.738693,0
user_67066,2022-10-20 03:56:00,13,8,4,0,2,0,15,5,0,6,15,3,0,6.517523,7.33584,14.642358,0.31,0.0,0.62,0.883097,0.854573,0
user_67067,2022-09-30 06:14:00,18,4,14,0,1,1,14,9,17,11,10,4,0,6.05981,6.306831,9.395729,0.78,0.0,0.22,0.901466,0.56259,0
user_67068,2022-09-10 22:26:00,19,10,9,0,3,3,14,2,0,12,19,5,1,11.840715,9.609167,6.331112,0.47,0.0,0.53,0.875886,0.617566,1
user_67069,2022-10-18 06:07:00,20,5,8,0,1,2,1,2,18,4,4,1,0,5.611983,7.953795,9.158442,0.4,0.0,0.25,0.36772,0.318529,0
user_67070,2022-09-18 07:57:00,16,7,9,0,0,4,8,1,15,18,12,6,1,1.388536,7.95729,8.783311,0.56,0.0,0.44,0.869213,0.389504,0
user_67071,2022-09-24 19:51:00,20,8,10,2,2,2,5,4,15,12,20,5,1,0.21828,1.102741,12.694089,0.5,0.2,0.4,0.300842,0.946213,1
user_67072,2022-09-30 13:34:00,16,4,4,0,3,0,9,14,15,13,19,4,0,5.849577,5.021659,6.702592,0.25,0.0,0.25,0.977219,0.893921,1
user_67073,2022-09-23 08:23:00,26,6,6,1,4,3,19,11,11,9,14,4,0,5.37881,5.477416,10.32847,0.23,0.17,0.23,0.640693,0.307577,0
user_67074,2022-09-15 16:53:00,15,11,3,1,0,1,17,5,19,2,4,3,0,7.785369,2.210501,8.151129,0.2,0.33,0.73,0.894376,0.801711,0
user_67075,2022-10-24 19:32:00,20,5,11,0,0,3,0,9,3,14,6,0,0,3.439141,5.682271,5.067031,0.55,0.0,0.25,0.399335,0.749561,0
user_67076,2022-09-27 04:14:00,17,9,5,0,1,2,17,20,16,6,6,1,0,3.923154,4.760622,4.565106,0.29,0.0,0.53,0.810479,0.328196,0
user_67077,2022-10-13 11:36:00,23,8,13,0,4,1,19,7,4,9,16,3,0,4.18041,5.079678,4.881692,0.57,0.0,0.35,0.705777,0.908435,0
user_67078,2022-09-20 18:32:00,18,12,5,2,2,1,1,20,0,4,1,1,0,3.131742,3.921778,3.60705,0.28,0.4,0.67,0.341603,0.522139,0
user_67079,2022-09-18 08:56:00,26,12,11,2,2,1,15,18,18,3,18,6,1,1.658234,10.814188,7.04405,0.42,0.18,0.46,0.389338,0.891466,0
user_67080,2022-10-19 19:48:00,23,11,7,1,3,2,12,4,7,7,20,2,0,3.105322,7.755334,8.155098,0.3,0.14,0.48,0.445299,0.845151,1
user_67081,2022-10-25 22:01:00,23,16,9,0,2,1,12,19,1,2,14,1,0,1.288834,3.578618,11.261557,0.39,0.0,0.7,0.846215,0.99637,0
user_67082,2022-09-18 15:19:00,28,11,8,1,2,0,9,20,0,5,13,6,1,7.124148,6.006615,6.125733,0.29,0.12,0.39,0.451252,0.38128,0
user_67083,2022-09-30 06:20:00,25,13,8,0,2,0,3,12,14,15,6,4,0,7.450927,7.759721,6.018184,0.32,0.0,0.52,0.682903,0.529562,0
user_67084,2022-09-15 09:20:00,27,12,7,0,3,1,0,8,7,13,14,3,0,0.560989,1.362177,8.056458,0.26,0.0,0.44,0.383298,0.95378,0
user_67085,2022-09-09 22:42:00,18,14,7,0,5,3,19,0,5,15,19,4,0,4.6426,2.015546,10.181822,0.39,0.0,0.78,0.322661,0.729104,1
user_67086,2022-09-06 01:39:00,26,7,6,1,2,0,5,7,18,8,3,1,0,6.008824,12.103597,8.956913,0.23,0.17,0.27,0.732766,0.756027,0
user_67087,2022-09-12 05:17:00,23,7,6,1,2,1,8,2,13,19,0,0,0,3.897434,3.397361,7.00318,0.26,0.17,0.3,0.305741,0.387761,0
user_67088,2022-09-05 16:44:00,17,13,6,1,0,0,18,7,16,12,8,0,0,4.790768,5.525703,2.324299,0.35,0.17,0.76,0.803635,0.379789,0
user_67089,2022-09-10 08:44:00,20,11,8,1,1,1,7,1,10,20,13,5,1,0.8675,6.200458,1.468133,0.4,0.12,0.55,0.485779,0.344381,0
user_67090,2022-09-14 19:43:00,11,10,11,0,2,3,7,13,12,2,7,2,0,4.370406,6.231402,7.532073,1.0,0.0,0.91,0.812392,0.31181,0
user_67091,2022-09-25 20:38:00,14,18,11,3,2,1,8,1,0,11,11,6,1,2.246196,5.898427,3.082656,0.79,0.27,1.29,0.360457,0.546186,0
user_67092,2022-10-04 10:01:00,22,17,6,0,1,2,16,20,0,0,5,1,0,4.130813,7.352644,8.067547,0.27,0.0,0.77,0.903969,0.598578,0
user_67093,2022-10-27 10:17:00,14,8,10,1,0,2,9,3,12,20,4,3,0,13.036988,4.519328,9.145576,0.71,0.1,0.57,0.584307,0.493915,0
user_67094,2022-10-15 03:13:00,15,9,5,1,3,3,13,3,16,3,3,5,1,6.241145,4.043009,3.865574,0.33,0.2,0.6,0.798861,0.635273,0
user_67095,2022-09-20 07:05:00,9,7,5,0,0,0,19,12,18,9,4,1,0,8.330656,3.432501,7.20801,0.56,0.0,0.78,0.577167,0.905183,0
user_67096,2022-09-14 04:50:00,18,15,10,1,0,2,4,15,12,6,6,2,0,10.259243,1.878162,9.066221,0.56,0.1,0.83,0.959602,0.7279,0
user_67097,2022-10-27 11:31:00,22,6,4,1,4,1,13,19,3,12,18,3,0,6.349238,2.567247,5.023384,0.18,0.25,0.27,0.567829,0.789595,0
user_67098,2022-10-01 10:14:00,23,19,5,1,3,1,3,2,4,13,8,5,1,7.890448,6.476666,4.305288,0.22,0.2,0.83,0.800052,0.916469,0
user_67099,2022-10-29 14:56:00,23,9,10,2,3,1,12,14,5,17,16,5,1,4.095067,3.520966,7.252028,0.43,0.2,0.39,0.893929,0.556175,0
user_67100,2022-09-11 01:36:00,17,11,10,0,2,1,14,2,15,15,5,6,1,9.010233,3.157604,10.290254,0.59,0.0,0.65,0.702001,0.816559,0
user_67101,2022-09-28 06:54:00,25,11,10,0,4,3,6,0,13,20,17,2,0,2.049634,3.018165,6.340779,0.4,0.0,0.44,0.40751,0.585881,0
user_67102,2022-10-19 20:03:00,13,12,12,0,1,1,19,8,16,0,19,2,0,9.23891,11.441246,4.763822,0.92,0.0,0.92,0.402104,0.309108,1
user_67103,2022-10-27 18:07:00,27,8,4,0,2,0,13,0,19,10,11,3,0,7.508725,10.218866,6.946852,0.15,0.0,0.3,0.315603,0.45555,0
user_67104,2022-10-17 18:30:00,20,16,10,0,2,2,20,20,4,5,4,0,0,1.652213,6.532483,4.026268,0.5,0.0,0.8,0.684038,0.552751,0
user_67105,2022-10-07 13:52:00,17,12,7,1,0,0,6,11,15,0,7,4,0,2.961775,3.872355,11.277134,0.41,0.14,0.71,0.347888,0.763538,0
user_67106,2022-09-29 12:42:00,10,10,7,0,1,1,10,10,6,11,8,3,0,2.095194,10.201683,8.402813,0.7,0.0,1.0,0.591036,0.759603,0
user_67107,2022-09-22 19:32:00,22,8,4,0,2,0,14,5,12,13,18,3,0,2.911556,8.631329,1.868384,0.18,0.0,0.36,0.937647,0.607854,0
user_67108,2022-09-19 19:16:00,17,12,11,1,2,1,3,5,9,20,14,0,0,8.683773,4.16209,4.27634,0.65,0.09,0.71,0.617978,0.457893,0
user_67109,2022-10-03 07:33:00,21,12,6,2,5,1,14,9,14,1,14,0,0,8.15074,5.885249,5.682129,0.29,0.33,0.57,0.980746,0.789063,0
user_67110,2022-09-14 08:48:00,24,7,10,0,3,3,5,5,18,12,19,2,0,5.268444,7.988798,10.900303,0.42,0.0,0.29,0.307152,0.313292,1
user_67111,2022-10-29 01:22:00,11,8,12,1,1,2,5,0,6,14,7,5,1,4.93242,8.105808,9.979035,1.09,0.08,0.73,0.924577,0.451995,0
user_67112,2022-10-06 19:40:00,19,7,9,1,1,3,10,16,11,13,12,3,0,7.528757,4.393468,9.041227,0.47,0.11,0.37,0.692734,0.783108,0
user_67113,2022-09-20 02:27:00,19,9,15,0,3,3,11,12,16,20,2,1,0,3.853796,3.923821,9.012608,0.79,0.0,0.47,0.576923,0.747225,0
user_67114,2022-10-11 00:41:00,24,7,8,1,2,0,10,11,16,20,19,1,0,1.351177,1.806291,14.326498,0.33,0.12,0.29,0.41031,0.511028,1
user_67115,2022-10-30 23:59:00,21,12,5,0,0,1,16,11,1,6,17,6,1,2.623679,3.190627,7.914491,0.24,0.0,0.57,0.573896,0.68002,0
user_67116,2022-09-28 13:37:00,19,13,6,2,1,0,17,4,2,7,18,2,0,8.784598,9.090959,9.33013,0.32,0.33,0.68,0.457416,0.497278,0
user_67117,2022-09-24 02:49:00,24,8,11,2,2,2,0,13,10,7,14,5,1,4.852308,3.774614,11.669519,0.46,0.18,0.33,0.748438,0.86155,0
user_67118,2022-10-10 02:16:00,20,14,3,0,1,0,14,18,7,9,15,0,0,3.307905,0.852055,3.534838,0.15,0.0,0.7,0.639731,0.420553,0
user_67119,2022-09-30 19:59:00,25,14,12,1,2,3,11,0,13,3,12,4,0,1.67599,3.840948,1.852113,0.48,0.08,0.56,0.510688,0.849159,0
user_67120,2022-10-06 10:54:00,26,8,10,0,3,2,4,14,1,1,9,3,0,8.645126,5.241406,12.443974,0.38,0.0,0.31,0.615947,0.772044,0
user_67121,2022-10-30 02:41:00,14,6,10,0,1,1,8,9,20,2,12,6,1,0.538602,7.067099,11.517893,0.71,0.0,0.43,0.877381,0.805145,0
user_67122,2022-10-05 00:30:00,18,7,9,0,4,0,0,20,14,8,17,2,0,6.324685,3.180118,6.037245,0.5,0.0,0.39,0.831031,0.67512,0
user_67123,2022-10-18 16:55:00,22,15,7,0,2,1,3,5,12,3,16,1,0,1.518434,6.071127,8.337599,0.32,0.0,0.68,0.559524,0.591807,0
user_67124,2022-09-30 09:36:00,24,13,6,0,2,1,6,5,18,3,2,4,0,8.355646,3.59985,6.297586,0.25,0.0,0.54,0.782456,0.459605,0
user_67125,2022-10-21 15:38:00,24,7,8,0,2,2,14,19,12,15,19,4,0,8.091836,8.801984,6.556361,0.33,0.0,0.29,0.4198,0.836924,1
user_67126,2022-09-11 14:41:00,15,9,13,0,2,1,17,5,3,14,5,6,1,4.393141,8.730317,11.932862,0.87,0.0,0.6,0.984144,0.609181,0
user_67127,2022-09-02 08:08:00,24,9,4,0,0,1,5,5,7,11,14,4,0,0.299879,6.410976,5.514796,0.17,0.0,0.38,0.868606,0.759513,0
user_67128,2022-09-18 07:17:00,21,15,5,2,1,3,11,11,10,16,2,6,1,7.966135,7.020668,5.986356,0.24,0.4,0.71,0.421585,0.927871,0
user_67129,2022-09-03 01:02:00,10,9,4,1,2,1,20,16,3,11,5,5,1,10.89554,2.48904,10.815096,0.4,0.25,0.9,0.526424,0.734556,0
user_67130,2022-09-01 00:26:00,13,5,5,1,2,0,20,4,2,12,8,3,0,1.272241,6.67179,12.209561,0.38,0.2,0.38,0.338775,0.690394,0
user_67131,2022-10-15 18:18:00,26,13,6,0,3,1,8,8,12,10,20,5,1,8.424546,6.403782,10.874573,0.23,0.0,0.5,0.508066,0.426372,1
user_67132,2022-09-18 00:56:00,22,9,16,1,2,5,14,1,14,17,0,6,1,2.322102,3.554286,0.203962,0.73,0.06,0.41,0.774348,0.390864,0
user_67133,2022-10-26 20:03:00,22,11,8,0,1,1,16,2,19,19,17,2,0,11.63363,6.531212,10.791451,0.36,0.0,0.5,0.84276,0.690608,0
user_67134,2022-09-21 11:57:00,20,7,5,0,3,2,8,8,11,19,15,2,0,7.649967,6.97938,6.27556,0.25,0.0,0.35,0.362449,0.633637,0
user_67135,2022-09-23 08:54:00,12,7,6,1,0,0,17,10,20,20,15,4,0,7.512788,1.403607,4.349645,0.5,0.17,0.58,0.781372,0.96808,0
user_67136,2022-09-04 05:56:00,15,12,7,1,1,1,2,12,18,10,18,6,1,1.101936,3.695668,8.532672,0.47,0.14,0.8,0.73247,0.405862,0
user_67137,2022-10-27 21:30:00,22,11,13,0,2,2,12,2,12,1,7,3,0,3.21335,6.811017,6.869089,0.59,0.0,0.5,0.755523,0.658574,0
user_67138,2022-09-10 19:28:00,21,7,7,2,1,1,14,17,12,14,20,5,1,4.46787,5.882665,6.284625,0.33,0.29,0.33,0.595782,0.812353,1
user_67139,2022-09-17 21:55:00,18,8,10,1,2,2,11,14,0,15,1,5,1,4.64577,1.714125,9.620367,0.56,0.1,0.44,0.539517,0.764023,0
user_67140,2022-10-27 18:31:00,27,11,8,0,1,3,8,17,7,12,4,3,0,8.321085,7.033484,3.896502,0.3,0.0,0.41,0.75625,0.441319,0
user_67141,2022-10-15 07:47:00,20,7,11,0,2,2,13,0,11,20,3,5,1,7.852839,3.528373,6.113754,0.55,0.0,0.35,0.691914,0.665466,0
user_67142,2022-09-02 03:46:00,22,15,12,0,0,2,20,13,1,3,15,4,0,1.792759,0.475599,5.539198,0.55,0.0,0.68,0.412566,0.525183,0
user_67143,2022-10-25 03:48:00,20,6,7,1,3,0,16,3,3,17,19,1,0,1.713471,0.755459,0.973602,0.35,0.14,0.3,0.662971,0.710278,1
user_67144,2022-10-18 10:37:00,22,8,15,1,0,5,0,15,2,8,11,1,0,5.824396,2.259294,6.234824,0.68,0.07,0.36,0.68679,0.422047,0
user_67145,2022-09-05 21:48:00,15,9,6,1,1,1,19,6,5,7,17,0,0,0.131514,3.845163,5.278681,0.4,0.17,0.6,0.955664,0.461785,0
user_67146,2022-09-30 06:04:00,13,11,4,1,1,0,0,17,15,7,0,4,0,5.580441,0.895518,8.470757,0.31,0.25,0.85,0.475897,0.560176,0
user_67147,2022-10-14 16:26:00,19,9,12,0,3,2,16,18,11,3,10,4,0,1.329859,5.449132,6.568333,0.63,0.0,0.47,0.835264,0.507891,0
user_67148,2022-09-05 23:32:00,24,18,7,0,1,2,20,20,15,5,19,0,0,2.999623,2.53478,4.474767,0.29,0.0,0.75,0.805349,0.387746,1
user_67149,2022-10-03 14:25:00,19,10,8,0,1,4,0,12,11,5,11,0,0,5.63946,1.519491,4.281133,0.42,0.0,0.53,0.482367,0.801184,0
user_67150,2022-09-07 09:02:00,27,14,10,0,6,1,12,9,19,10,12,2,0,10.69574,1.979083,7.008796,0.37,0.0,0.52,0.99723,0.31741,0
user_67151,2022-09-29 03:45:00,17,7,3,0,0,0,19,16,17,19,20,3,0,5.67957,1.710239,7.150636,0.18,0.0,0.41,0.799639,0.895861,1
user_67152,2022-10-10 11:13:00,18,17,4,2,1,2,17,6,8,15,2,0,0,10.508299,6.355636,8.076102,0.22,0.5,0.94,0.415509,0.399742,0
user_67153,2022-09-06 09:48:00,17,14,11,0,1,2,4,15,3,15,4,1,0,6.54426,2.748002,4.258756,0.65,0.0,0.82,0.313411,0.354509,0
user_67154,2022-09-02 19:18:00,24,18,9,1,2,1,6,19,8,20,6,4,0,0.555437,3.943904,7.041111,0.38,0.11,0.75,0.399417,0.65946,0
user_67155,2022-10-16 01:32:00,13,15,6,0,2,2,1,4,20,14,9,6,1,2.435238,4.456243,7.391402,0.46,0.0,1.15,0.482917,0.71837,0
user_67156,2022-10-28 00:43:00,16,8,9,0,1,3,2,19,2,8,19,4,0,4.935219,3.634196,6.278317,0.56,0.0,0.5,0.771269,0.834581,1
user_67157,2022-09-09 13:23:00,20,12,13,0,1,4,8,11,15,1,10,4,0,2.718393,9.50114,10.83998,0.65,0.0,0.6,0.542701,0.581665,0
user_67158,2022-09-24 01:52:00,15,7,5,0,2,1,13,19,18,6,2,5,1,6.466488,6.156219,7.072264,0.33,0.0,0.47,0.830912,0.801105,0
user_67159,2022-09-22 21:48:00,21,11,8,1,1,2,5,11,3,8,8,3,0,6.086059,11.654297,4.772561,0.38,0.12,0.52,0.530638,0.961848,0
user_67160,2022-10-19 16:03:00,20,13,8,0,2,2,4,3,0,9,19,2,0,4.064882,7.63722,8.243659,0.4,0.0,0.65,0.915379,0.510242,1
user_67161,2022-10-16 13:02:00,17,9,6,1,3,2,9,8,2,15,6,6,1,5.496214,5.20827,6.122871,0.35,0.17,0.53,0.572907,0.724518,0
user_67162,2022-10-22 10:41:00,22,8,6,1,3,1,19,16,7,16,13,5,1,3.253684,9.75825,5.58602,0.27,0.17,0.36,0.543425,0.312742,0
user_67163,2022-10-09 08:32:00,23,14,9,1,0,1,1,13,8,0,20,6,1,1.760594,7.726032,6.202051,0.39,0.11,0.61,0.743297,0.784064,1
user_67164,2022-10-08 00:59:00,19,14,8,0,1,0,3,0,13,15,8,5,1,1.303652,6.47293,8.745668,0.42,0.0,0.74,0.388749,0.779807,0
user_67165,2022-09-30 22:54:00,16,8,9,1,4,2,15,7,2,9,19,4,0,0.301773,9.00931,8.862651,0.56,0.11,0.5,0.373464,0.361218,1
user_67166,2022-10-11 19:22:00,14,12,9,0,0,1,15,14,19,5,7,1,0,6.718378,1.352395,5.441745,0.64,0.0,0.86,0.551064,0.77799,0
user_67167,2022-10-19 14:04:00,14,9,4,1,1,1,4,18,7,19,17,2,0,4.625684,0.44374,3.033597,0.29,0.25,0.64,0.39751,0.849851,0
user_67168,2022-10-11 08:36:00,19,6,7,2,5,1,7,8,2,8,10,1,0,6.155984,1.545786,6.857584,0.37,0.29,0.32,0.652015,0.918937,0
user_67169,2022-10-03 09:38:00,21,12,8,0,0,2,11,4,19,3,10,0,0,3.681111,2.718325,6.89884,0.38,0.0,0.57,0.594422,0.724523,0
user_67170,2022-10-30 23:36:00,23,7,8,1,0,2,15,0,4,11,6,6,1,1.206719,5.348915,5.981869,0.35,0.12,0.3,0.905674,0.750142,0
user_67171,2022-09-14 11:19:00,24,6,10,0,2,3,0,17,12,6,14,2,0,6.218469,0.413707,4.476849,0.42,0.0,0.25,0.707276,0.749006,0
user_67172,2022-10-28 04:52:00,32,14,6,0,2,1,14,15,5,17,6,4,0,3.951418,8.220462,8.295094,0.19,0.0,0.44,0.998181,0.439362,0
user_67173,2022-10-26 16:20:00,12,12,8,2,3,0,14,9,1,3,14,2,0,2.849731,2.101778,11.136949,0.67,0.25,1.0,0.722761,0.83675,0
user_67174,2022-10-18 09:59:00,20,9,9,0,1,1,15,3,7,7,5,1,0,0.533491,0.133254,5.858183,0.45,0.0,0.45,0.883416,0.37346,0
user_67175,2022-10-18 14:46:00,15,13,11,0,6,4,3,2,10,17,9,1,0,3.774407,7.034827,8.674052,0.73,0.0,0.87,0.906596,0.619973,0
user_67176,2022-09-19 12:57:00,25,11,11,0,3,2,16,2,6,19,15,0,0,3.12832,1.049643,10.300204,0.44,0.0,0.44,0.575887,0.77185,0
user_67177,2022-10-20 16:52:00,12,11,10,1,3,2,7,13,18,17,7,3,0,5.834657,4.709028,10.13698,0.83,0.1,0.92,0.40522,0.389453,0
user_67178,2022-09-10 07:40:00,18,9,8,0,2,1,18,0,13,14,17,5,1,5.478184,6.496179,4.517455,0.44,0.0,0.5,0.328001,0.683035,0
user_67179,2022-10-09 07:49:00,20,12,10,2,0,2,7,9,6,20,16,6,1,5.80153,7.823586,9.969348,0.5,0.2,0.6,0.718465,0.987027,0
user_67180,2022-10-01 11:25:00,26,11,8,2,4,0,10,9,6,5,14,5,1,8.716375,2.631138,10.916094,0.31,0.25,0.42,0.526629,0.619106,0
user_67181,2022-10-04 08:32:00,22,16,4,0,1,1,15,14,2,15,11,1,0,7.880414,1.383946,1.77852,0.18,0.0,0.73,0.856848,0.967357,0
user_67182,2022-10-07 10:57:00,25,8,7,0,5,1,1,8,17,18,12,4,0,6.789485,0.48887,11.077192,0.28,0.0,0.32,0.831034,0.681404,0
user_67183,2022-10-08 07:05:00,16,14,11,0,0,1,9,0,9,9,13,5,1,8.167461,5.232616,10.934221,0.69,0.0,0.88,0.503844,0.918215,0
user_67184,2022-10-07 15:30:00,19,8,7,1,3,2,11,7,17,14,20,4,0,1.039017,3.833442,7.114265,0.37,0.14,0.42,0.662025,0.579695,1
user_67185,2022-09-18 15:45:00,22,5,10,0,1,2,4,11,14,9,14,6,1,2.312716,5.788086,10.656534,0.45,0.0,0.23,0.738179,0.4856,0
user_67186,2022-10-09 22:48:00,31,11,10,1,3,2,9,16,8,15,17,6,1,9.081956,3.125504,4.75532,0.32,0.1,0.35,0.348131,0.928121,0
user_67187,2022-10-10 18:09:00,23,2,13,0,2,3,10,8,6,0,17,0,0,5.195064,7.028545,5.446562,0.57,0.0,0.09,0.934431,0.343214,0
user_67188,2022-09-01 21:34:00,18,10,11,0,2,4,13,1,9,3,11,3,0,4.021045,1.72273,2.273909,0.61,0.0,0.56,0.799915,0.815528,0
user_67189,2022-09-17 15:32:00,20,8,9,1,4,2,8,18,0,13,6,5,1,5.586681,3.883168,7.903086,0.45,0.11,0.4,0.419861,0.530156,0
user_67190,2022-10-08 10:04:00,25,6,9,1,2,2,12,10,17,17,5,5,1,2.966828,4.480765,12.405942,0.36,0.11,0.24,0.814326,0.846126,0
user_67191,2022-10-02 08:28:00,25,7,11,0,3,2,20,13,1,1,5,6,1,0.307049,2.093804,5.196991,0.44,0.0,0.28,0.757303,0.324467,0
user_67192,2022-10-18 22:14:00,31,6,12,1,3,1,8,5,12,19,5,1,0,9.906801,6.383924,12.980308,0.39,0.08,0.19,0.644434,0.476595,0
user_67193,2022-10-20 14:51:00,14,9,12,1,1,1,16,15,4,0,6,3,0,10.251412,11.414307,5.636564,0.86,0.08,0.64,0.344924,0.58991,0
user_67194,2022-10-29 07:06:00,16,5,18,2,2,2,4,4,16,0,3,5,1,7.515715,3.804784,7.569604,1.12,0.11,0.31,0.857405,0.653641,0
user_67195,2022-09-09 23:09:00,22,14,4,0,2,1,8,17,10,6,19,4,0,7.27991,6.381445,4.304033,0.18,0.0,0.64,0.866465,0.927195,1
user_67196,2022-10-12 23:48:00,17,9,7,0,2,0,19,4,15,3,2,2,0,6.821123,7.33958,3.192699,0.41,0.0,0.53,0.467742,0.920443,0
user_67197,2022-10-12 19:28:00,24,12,9,1,2,1,2,15,4,16,13,2,0,9.409757,2.21524,2.691337,0.38,0.11,0.5,0.568615,0.32457,0
user_67198,2022-10-25 10:53:00,22,5,5,1,0,0,14,0,7,12,0,1,0,5.679131,3.127411,7.803917,0.23,0.2,0.23,0.466394,0.812051,0
user_67199,2022-09-06 23:59:00,16,17,16,0,1,3,0,10,12,5,10,1,0,2.293483,6.899318,2.784609,1.0,0.0,1.06,0.829684,0.521731,0
user_67200,2022-09-05 19:24:00,24,11,11,0,2,2,6,15,16,2,17,0,0,5.143553,3.798815,12.791026,0.46,0.0,0.46,0.686691,0.32297,0
user_67201,2022-10-12 06:01:00,19,11,9,1,0,2,0,9,1,14,13,2,0,6.738308,5.347765,8.479331,0.47,0.11,0.58,0.325713,0.654534,0
user_67202,2022-09-21 13:14:00,24,9,2,1,4,0,18,0,15,4,15,2,0,5.014365,7.590076,8.827629,0.08,0.5,0.38,0.760903,0.907906,0
user_67203,2022-09-19 23:07:00,19,12,7,1,1,1,3,11,13,16,16,0,0,4.338174,6.796546,5.773615,0.37,0.14,0.63,0.387359,0.442986,0
user_67204,2022-09-08 19:03:00,22,10,11,0,1,2,16,17,1,1,13,3,0,1.183478,5.710665,5.064293,0.5,0.0,0.45,0.375476,0.912239,0
user_67205,2022-10-22 23:19:00,23,9,7,1,4,1,13,8,10,11,17,5,1,7.400618,5.960124,7.635068,0.3,0.14,0.39,0.382257,0.796789,0
user_67206,2022-10-24 10:23:00,33,12,8,0,5,2,3,2,6,8,10,0,0,4.29029,6.306112,9.492095,0.24,0.0,0.36,0.983525,0.457481,0
user_67207,2022-09-06 05:18:00,18,7,5,0,1,1,2,20,12,4,19,1,0,3.743634,3.878907,6.551479,0.28,0.0,0.39,0.827249,0.401344,1
user_67208,2022-09-30 15:54:00,25,13,8,0,1,3,10,10,4,4,2,4,0,5.584922,7.213402,6.84219,0.32,0.0,0.52,0.733908,0.92061,0
user_67209,2022-09-08 14:24:00,22,16,12,1,3,1,13,2,18,7,20,3,0,11.040229,4.530369,3.30772,0.55,0.08,0.73,0.386658,0.956006,1
user_67210,2022-09-03 15:37:00,21,11,8,1,0,1,0,6,3,8,0,5,1,6.385585,0.250806,11.559727,0.38,0.12,0.52,0.310267,0.967293,0
user_67211,2022-10-19 01:11:00,25,11,5,1,4,0,8,2,6,0,10,2,0,3.637396,5.775266,6.152838,0.2,0.2,0.44,0.810922,0.392301,0
user_67212,2022-10-08 08:53:00,20,6,8,2,0,1,8,9,10,18,19,5,1,6.317267,5.392765,12.999758,0.4,0.25,0.3,0.660675,0.375857,1
user_67213,2022-10-16 21:30:00,10,10,4,1,0,1,12,10,0,13,19,6,1,6.825829,3.550303,0.259951,0.4,0.25,1.0,0.471654,0.718179,1
user_67214,2022-09-18 00:45:00,18,10,8,1,3,2,18,9,4,6,12,6,1,1.880708,4.972215,6.291787,0.44,0.12,0.56,0.725644,0.893183,0
user_67215,2022-10-08 16:49:00,24,7,7,0,3,2,4,0,12,11,10,5,1,4.987802,8.683732,3.657979,0.29,0.0,0.29,0.955365,0.421163,0
user_67216,2022-10-20 17:35:00,20,7,4,0,0,0,19,10,2,5,16,3,0,6.453891,8.805013,1.891477,0.2,0.0,0.35,0.493374,0.981659,0
user_67217,2022-09-03 10:44:00,18,7,9,1,2,2,19,13,8,14,6,5,1,6.237264,6.878466,0.335455,0.5,0.11,0.39,0.409948,0.402862,0
user_67218,2022-10-07 07:47:00,22,9,6,1,3,2,11,17,1,1,2,4,0,6.308731,3.644434,3.465378,0.27,0.17,0.41,0.946714,0.517959,0
user_67219,2022-09-20 01:50:00,17,10,10,2,0,3,9,20,12,20,7,1,0,6.531002,6.618252,7.100661,0.59,0.2,0.59,0.804217,0.60227,0
user_67220,2022-09-01 11:14:00,17,13,15,1,0,4,18,7,19,10,18,3,0,5.768621,5.572267,5.654012,0.88,0.07,0.76,0.952796,0.429995,0
user_67221,2022-10-10 22:55:00,26,4,11,1,3,0,10,14,7,12,3,0,0,5.495366,3.181672,10.053151,0.42,0.09,0.15,0.656841,0.524053,0
user_67222,2022-10-29 01:04:00,22,11,4,0,1,1,16,12,17,4,16,5,1,4.709776,3.46204,8.21574,0.18,0.0,0.5,0.45581,0.453036,0
user_67223,2022-09-09 02:49:00,22,12,10,0,1,1,1,18,8,18,14,4,0,5.610359,8.328213,3.685527,0.45,0.0,0.55,0.998086,0.571316,0
user_67224,2022-09-27 12:06:00,21,12,13,0,2,1,17,11,13,9,11,1,0,5.49457,2.21115,5.323808,0.62,0.0,0.57,0.968986,0.627556,0
user_67225,2022-10-06 22:43:00,24,4,4,1,2,0,1,0,11,1,6,3,0,3.015491,5.685733,7.838307,0.17,0.25,0.17,0.378973,0.720123,0
user_67226,2022-09-05 22:35:00,29,10,10,0,2,2,12,3,11,7,7,0,0,4.420229,3.702586,7.358542,0.34,0.0,0.34,0.485591,0.710789,0
user_67227,2022-09-10 22:08:00,25,11,5,2,5,1,3,11,13,13,1,5,1,2.152753,3.661203,2.449423,0.2,0.4,0.44,0.301135,0.766595,0
user_67228,2022-10-07 02:36:00,21,7,8,0,1,2,8,19,9,3,3,4,0,5.802218,0.931236,8.408364,0.38,0.0,0.33,0.62597,0.834788,0
user_67229,2022-09-10 06:12:00,17,13,7,0,0,1,10,2,8,19,1,5,1,2.055574,1.490369,8.497893,0.41,0.0,0.76,0.497935,0.992299,0
user_67230,2022-09-01 04:33:00,14,10,8,1,4,0,8,18,17,11,16,3,0,5.444388,6.912894,6.440122,0.57,0.12,0.71,0.76817,0.469648,0
user_67231,2022-09-13 15:47:00,20,8,9,0,1,2,17,0,16,5,16,1,0,3.273747,2.71323,10.874344,0.45,0.0,0.4,0.83098,0.37739,0
user_67232,2022-10-02 14:47:00,18,12,8,0,4,2,9,14,6,3,14,6,1,4.328141,3.372398,5.438365,0.44,0.0,0.67,0.59358,0.635593,0
user_67233,2022-10-10 11:29:00,21,13,7,1,3,0,20,2,20,8,12,0,0,8.167083,1.308563,3.723736,0.33,0.14,0.62,0.971704,0.84357,0
user_67234,2022-10-19 13:05:00,29,6,10,1,1,2,14,5,5,0,18,2,0,1.341329,3.864417,9.140631,0.34,0.1,0.21,0.832471,0.527929,0
user_67235,2022-10-11 15:02:00,28,10,10,1,2,1,1,16,16,18,10,1,0,2.908783,0.636492,8.02964,0.36,0.1,0.36,0.931224,0.978027,0
user_67236,2022-09-05 02:11:00,14,12,9,0,0,5,18,8,10,12,10,0,0,2.181907,8.738757,5.974009,0.64,0.0,0.86,0.968047,0.375601,0
user_67237,2022-10-19 13:24:00,26,8,6,3,0,1,20,5,13,8,18,2,0,5.281143,9.319816,5.080511,0.23,0.5,0.31,0.926274,0.344713,0
user_67238,2022-09-20 00:23:00,16,13,7,0,3,1,19,14,14,14,7,1,0,4.276531,7.8819,3.446851,0.44,0.0,0.81,0.692161,0.936448,0
user_67239,2022-09-17 10:15:00,24,7,7,1,4,1,20,18,2,2,2,5,1,3.722955,3.549559,7.759052,0.29,0.14,0.29,0.358609,0.417364,0
user_67240,2022-10-17 08:00:00,17,6,15,0,2,3,16,9,9,7,18,0,0,0.044392,5.686612,11.935858,0.88,0.0,0.35,0.307718,0.681983,0
user_67241,2022-10-25 11:48:00,13,8,8,0,1,1,9,2,20,15,13,1,0,7.014253,3.177979,6.059412,0.62,0.0,0.62,0.546127,0.84309,0
user_67242,2022-09-09 20:08:00,17,7,5,2,3,0,1,2,12,8,7,4,0,6.942299,6.6262,11.674221,0.29,0.4,0.41,0.654688,0.635939,0
user_67243,2022-09-12 17:13:00,16,9,3,2,3,1,9,20,20,7,4,0,0,4.380131,6.427725,6.52623,0.19,0.67,0.56,0.438137,0.590723,0
user_67244,2022-09-22 05:22:00,27,5,9,0,2,2,10,2,4,9,8,3,0,1.343386,5.29596,4.02785,0.33,0.0,0.19,0.819498,0.333998,0
user_67245,2022-09-28 16:32:00,19,6,6,0,3,0,19,9,5,19,7,2,0,0.888264,11.133248,8.850239,0.32,0.0,0.32,0.838596,0.828274,0
user_67246,2022-10-04 19:48:00,22,8,12,0,0,6,8,1,14,19,14,1,0,6.392698,4.19535,0.485663,0.55,0.0,0.36,0.316225,0.79972,0
user_67247,2022-10-27 00:27:00,23,16,8,0,1,3,17,3,7,17,0,3,0,4.7965,3.970644,12.20263,0.35,0.0,0.7,0.466633,0.717673,0
user_67248,2022-10-28 17:14:00,18,12,9,1,1,1,13,8,18,20,15,4,0,6.440927,0.824609,9.965112,0.5,0.11,0.67,0.399167,0.678992,0
user_67249,2022-09-28 20:53:00,24,13,5,0,2,1,8,10,5,15,15,2,0,9.247797,6.419496,6.682855,0.21,0.0,0.54,0.880846,0.649145,0
user_67250,2022-10-25 00:28:00,24,13,13,1,1,4,10,9,5,17,2,1,0,3.532706,8.096918,2.938803,0.54,0.08,0.54,0.415397,0.930376,0
user_67251,2022-09-30 08:32:00,21,15,10,0,2,2,2,10,8,10,13,4,0,5.086287,3.506619,6.76588,0.48,0.0,0.71,0.514839,0.992703,0
user_67252,2022-10-29 19:30:00,19,6,8,1,2,1,1,6,9,11,4,5,1,12.2329,10.230987,12.075436,0.42,0.12,0.32,0.653819,0.8546,0
user_67253,2022-10-20 06:02:00,25,11,6,0,5,2,20,8,17,18,10,3,0,4.765032,1.610809,8.223248,0.24,0.0,0.44,0.341178,0.405569,0
user_67254,2022-09-28 22:32:00,16,13,8,0,0,0,12,12,8,16,7,2,0,8.327585,3.157313,7.554536,0.5,0.0,0.81,0.800094,0.774516,0
user_67255,2022-10-02 11:26:00,19,7,4,0,0,1,0,8,1,16,9,6,1,0.192219,0.284617,6.712035,0.21,0.0,0.37,0.84692,0.305313,0
user_67256,2022-09-10 00:01:00,18,6,6,1,2,2,18,12,11,8,0,5,1,1.873095,0.533113,6.183277,0.33,0.17,0.33,0.798905,0.552028,0
user_67257,2022-10-15 20:30:00,21,7,9,0,2,3,1,19,1,2,10,5,1,5.767601,11.121608,13.171472,0.43,0.0,0.33,0.977088,0.318847,0
user_67258,2022-10-07 00:07:00,23,16,9,1,3,1,9,20,7,7,3,4,0,6.075432,1.328822,7.897672,0.39,0.11,0.7,0.654134,0.746053,0
user_67259,2022-09-25 09:57:00,21,9,9,0,3,3,16,4,3,0,10,6,1,4.242142,8.152289,8.006571,0.43,0.0,0.43,0.374891,0.920675,0
user_67260,2022-09-23 21:35:00,23,19,12,0,1,1,3,19,11,7,0,4,0,6.201626,4.921684,9.730413,0.52,0.0,0.83,0.595725,0.995664,0
user_67261,2022-09-16 22:26:00,22,14,4,2,1,0,0,4,11,17,9,4,0,7.731589,9.634114,8.32027,0.18,0.5,0.64,0.422021,0.578983,0
user_67262,2022-10-14 18:20:00,17,9,6,2,1,5,0,9,1,3,8,4,0,3.47797,10.100562,4.709136,0.35,0.33,0.53,0.377499,0.69387,0
user_67263,2022-10-21 14:52:00,19,10,13,0,3,5,8,2,10,7,17,4,0,2.111399,5.872078,5.304355,0.68,0.0,0.53,0.930579,0.396113,0
user_67264,2022-10-10 20:44:00,16,9,3,0,1,0,15,5,2,2,4,0,0,5.592597,6.806759,7.11373,0.19,0.0,0.56,0.602016,0.56491,0
user_67265,2022-09-07 21:46:00,29,12,5,1,1,2,8,15,12,5,16,2,0,5.102312,3.476106,10.702931,0.17,0.2,0.41,0.933185,0.948141,0
user_67266,2022-10-04 19:24:00,25,7,7,0,2,2,12,15,17,17,3,1,0,6.267823,10.105552,6.223124,0.28,0.0,0.28,0.764387,0.863743,0
user_67267,2022-10-12 16:24:00,18,12,9,0,1,2,4,16,1,0,1,2,0,2.720168,8.651195,3.500119,0.5,0.0,0.67,0.38715,0.523473,0
user_67268,2022-10-18 21:04:00,25,8,4,1,2,1,9,12,3,11,7,1,0,8.689603,7.350023,4.528271,0.16,0.25,0.32,0.476149,0.588781,0
user_67269,2022-09-04 19:53:00,12,7,7,0,2,1,4,13,13,8,2,6,1,8.512307,0.752504,4.216425,0.58,0.0,0.58,0.58243,0.805093,0
user_67270,2022-10-01 11:24:00,12,10,7,0,0,1,4,9,14,0,17,5,1,2.179586,4.675435,7.740197,0.58,0.0,0.83,0.506874,0.975282,0
user_67271,2022-10-06 10:33:00,21,9,4,0,3,0,5,7,4,4,5,3,0,9.544396,10.257037,8.384394,0.19,0.0,0.43,0.945472,0.525873,0
user_67272,2022-10-04 02:19:00,20,10,8,1,1,2,17,2,11,9,10,1,0,2.926931,2.210628,6.574591,0.4,0.12,0.5,0.35011,0.953064,0
user_67273,2022-10-08 09:06:00,9,8,9,1,1,0,15,11,19,4,18,5,1,9.463647,8.73378,8.876203,1.0,0.11,0.89,0.631593,0.911594,0
user_67274,2022-10-15 22:15:00,18,13,3,0,1,0,9,20,1,2,16,5,1,5.481543,4.534634,6.622799,0.17,0.0,0.72,0.319257,0.581091,0
user_67275,2022-09-11 23:25:00,21,13,10,1,7,3,9,3,5,18,6,6,1,5.369408,2.980324,6.161958,0.48,0.1,0.62,0.370385,0.538555,0
user_67276,2022-10-21 21:00:00,23,13,2,0,3,0,17,0,6,11,19,4,0,7.627035,3.346549,9.370675,0.09,0.0,0.57,0.986505,0.595145,1
user_67277,2022-09-07 18:25:00,18,11,10,1,0,1,5,5,6,15,16,2,0,5.967588,5.252621,5.23362,0.56,0.1,0.61,0.665666,0.7287,0
user_67278,2022-10-30 13:56:00,21,12,8,0,2,2,11,17,12,14,3,6,1,3.910963,5.609435,9.434813,0.38,0.0,0.57,0.616919,0.961822,0
user_67279,2022-09-22 17:28:00,20,15,13,0,5,1,8,7,1,20,14,3,0,8.033681,5.71366,9.236622,0.65,0.0,0.75,0.483672,0.842864,0
user_67280,2022-10-25 20:33:00,25,14,4,0,1,0,6,5,20,1,10,1,0,0.930108,7.742332,7.477557,0.16,0.0,0.56,0.624261,0.917231,0
user_67281,2022-10-04 01:09:00,11,11,7,1,1,1,19,4,15,7,15,1,0,3.416355,8.212161,9.722159,0.64,0.14,1.0,0.381084,0.397108,0
user_67282,2022-09-14 19:31:00,24,10,9,0,2,3,10,0,2,4,2,2,0,11.610787,4.883786,6.862981,0.38,0.0,0.42,0.436556,0.51854,0
user_67283,2022-09-24 18:34:00,18,15,8,0,3,1,10,5,0,5,7,5,1,6.52974,4.600655,10.900018,0.44,0.0,0.83,0.886026,0.746726,0
user_67284,2022-10-12 09:28:00,17,9,9,1,1,2,12,2,16,8,3,2,0,6.452592,3.003871,2.581874,0.53,0.11,0.53,0.866638,0.766506,0
user_67285,2022-10-20 16:20:00,15,12,7,0,2,2,10,16,7,0,18,3,0,3.1585,6.800685,3.977127,0.47,0.0,0.8,0.734252,0.68029,0
user_67286,2022-09-17 05:07:00,23,8,10,1,1,2,9,6,1,18,10,5,1,4.752977,8.0475,8.831714,0.43,0.1,0.35,0.681063,0.653762,0
user_67287,2022-10-25 10:28:00,12,10,11,1,0,3,13,11,20,0,17,1,0,2.075403,3.606058,2.614077,0.92,0.09,0.83,0.933825,0.524341,0
user_67288,2022-10-12 16:26:00,24,12,9,0,0,3,13,0,5,3,6,2,0,7.103738,0.436772,8.028126,0.38,0.0,0.5,0.788605,0.805893,0
user_67289,2022-09-17 02:59:00,19,13,9,0,3,2,18,0,2,0,1,5,1,4.370584,2.857095,9.440014,0.47,0.0,0.68,0.487765,0.645837,0
user_67290,2022-10-14 00:47:00,16,8,13,0,2,1,2,6,13,15,16,4,0,0.536132,7.313982,4.741187,0.81,0.0,0.5,0.705116,0.3421,0
user_67291,2022-10-28 01:36:00,18,10,8,0,2,1,19,7,2,10,10,4,0,3.775741,8.12173,7.959745,0.44,0.0,0.56,0.779407,0.704016,0
user_67292,2022-09-12 19:32:00,22,6,6,0,1,2,16,17,12,11,4,0,0,2.765395,3.208412,10.226409,0.27,0.0,0.27,0.714655,0.854522,0
user_67293,2022-09-22 16:48:00,29,6,6,1,2,0,3,0,2,1,11,3,0,8.98439,4.037589,1.543025,0.21,0.17,0.21,0.753087,0.569763,0
user_67294,2022-10-18 14:49:00,22,10,6,0,1,3,3,5,9,5,13,1,0,7.251779,12.700826,8.189075,0.27,0.0,0.45,0.507777,0.780056,0
user_67295,2022-09-30 06:44:00,18,6,5,0,0,1,14,2,20,5,14,4,0,2.682035,5.251571,6.474932,0.28,0.0,0.33,0.305287,0.695595,0
user_67296,2022-10-21 20:40:00,13,7,7,0,4,3,13,12,17,10,17,4,0,0.645915,3.626611,9.526062,0.54,0.0,0.54,0.923387,0.314168,0
user_67297,2022-09-11 02:29:00,10,11,4,0,2,1,16,0,18,5,20,6,1,0.297898,3.542207,7.707553,0.4,0.0,1.1,0.533103,0.309064,1
user_67298,2022-10-16 03:02:00,16,9,6,0,1,4,7,0,8,20,19,6,1,4.920455,5.351322,11.70022,0.38,0.0,0.56,0.355185,0.533385,1
user_67299,2022-10-13 17:47:00,23,14,9,1,1,3,10,20,3,5,0,3,0,6.940719,10.632337,2.988494,0.39,0.11,0.61,0.490571,0.926869,0
user_67300,2022-10-01 21:39:00,17,6,8,1,0,1,3,1,12,1,2,5,1,10.133169,8.905396,2.585389,0.47,0.12,0.35,0.892049,0.383714,0
user_67301,2022-10-16 09:44:00,20,9,6,0,0,2,6,15,6,17,8,6,1,9.584658,2.803279,5.978211,0.3,0.0,0.45,0.62624,0.499691,0
user_67302,2022-10-28 11:37:00,18,8,8,1,0,1,4,1,13,5,19,4,0,6.958065,8.414966,2.036052,0.44,0.12,0.44,0.337805,0.357734,1
user_67303,2022-09-01 13:40:00,22,10,8,0,5,1,5,2,19,14,9,3,0,1.422915,5.284605,8.9531,0.36,0.0,0.45,0.423027,0.72733,0
user_67304,2022-09-29 13:44:00,24,6,10,1,2,3,2,1,1,8,10,3,0,0.582138,6.966295,5.602997,0.42,0.1,0.25,0.625423,0.876102,0
user_67305,2022-10-14 15:29:00,27,9,11,1,4,4,8,11,9,9,18,4,0,7.201854,1.669734,5.58478,0.41,0.09,0.33,0.443855,0.992906,0
user_67306,2022-09-30 23:07:00,17,9,3,0,1,1,7,14,6,5,4,4,0,1.949327,3.244941,7.048863,0.18,0.0,0.53,0.936498,0.8152,0
user_67307,2022-10-15 17:43:00,23,13,12,1,1,5,18,6,7,20,0,5,1,3.917398,2.478268,5.871298,0.52,0.08,0.57,0.88607,0.318062,0
user_67308,2022-09-24 13:10:00,24,7,15,0,4,5,3,5,1,8,17,5,1,8.718496,6.587194,5.866349,0.62,0.0,0.29,0.351965,0.663398,0
user_67309,2022-09-13 05:50:00,21,10,10,2,2,3,0,19,10,0,19,1,0,7.655839,6.096976,4.545416,0.48,0.2,0.48,0.461009,0.303069,1
user_67310,2022-10-06 08:31:00,22,4,7,1,0,2,15,6,8,3,5,3,0,5.776903,9.020174,2.600787,0.32,0.14,0.18,0.576396,0.73566,0
user_67311,2022-10-07 08:52:00,30,10,9,0,7,2,18,10,4,15,11,4,0,0.433254,1.281763,8.292544,0.3,0.0,0.33,0.431977,0.448219,0
user_67312,2022-10-13 23:19:00,18,9,4,0,5,1,0,11,6,16,3,3,0,11.575937,4.446629,10.721415,0.22,0.0,0.5,0.465752,0.360484,0
user_67313,2022-10-24 16:52:00,17,8,7,1,2,1,10,20,18,3,14,0,0,5.284551,6.02047,8.462287,0.41,0.14,0.47,0.631498,0.748416,0
user_67314,2022-09-16 02:28:00,17,9,7,2,1,1,16,9,6,17,15,4,0,4.675136,4.872898,5.7422,0.41,0.29,0.53,0.321041,0.565319,0
user_67315,2022-10-21 16:45:00,21,11,9,0,3,2,4,5,12,15,15,4,0,5.801874,3.939462,12.943438,0.43,0.0,0.52,0.492376,0.685059,0
user_67316,2022-10-21 22:54:00,16,9,9,0,3,5,19,2,15,1,11,4,0,12.001004,4.855018,8.837587,0.56,0.0,0.56,0.615903,0.652481,0
user_67317,2022-09-19 22:04:00,16,10,10,1,3,2,1,9,5,5,4,0,0,5.750044,3.073739,8.976014,0.62,0.1,0.62,0.941921,0.743048,0
user_67318,2022-10-23 10:36:00,16,14,9,1,0,0,15,10,2,18,0,6,1,4.43959,8.893325,8.89312,0.56,0.11,0.88,0.972414,0.968387,0
user_67319,2022-09-25 03:13:00,17,11,7,2,0,1,5,20,15,13,10,6,1,4.914294,4.461433,5.778326,0.41,0.29,0.65,0.401686,0.798947,0
user_67320,2022-09-20 06:56:00,20,4,11,0,2,5,11,10,11,3,11,1,0,8.178327,4.425933,10.576048,0.55,0.0,0.2,0.699736,0.85234,0
user_67321,2022-09-06 01:14:00,20,9,13,1,2,3,7,17,0,0,7,1,0,3.969065,7.264814,9.706658,0.65,0.08,0.45,0.875733,0.742948,0
user_67322,2022-09-20 00:19:00,25,7,8,0,2,2,0,0,8,0,18,1,0,11.775224,6.165791,2.551875,0.32,0.0,0.28,0.567012,0.638945,0
user_67323,2022-09-06 01:15:00,19,11,11,0,1,3,7,11,5,9,11,1,0,3.379795,7.5698,12.272791,0.58,0.0,0.58,0.812171,0.487128,0
user_67324,2022-10-23 21:58:00,24,7,9,0,5,1,14,15,3,8,12,6,1,9.296645,1.04682,4.38388,0.38,0.0,0.29,0.866845,0.541725,0
user_67325,2022-10-22 08:18:00,20,8,4,1,2,1,9,19,17,11,1,5,1,2.882647,3.395529,4.039569,0.2,0.25,0.4,0.924937,0.560307,0
user_67326,2022-09-07 11:07:00,19,12,4,1,1,0,3,2,6,9,17,2,0,1.043018,4.078701,11.026005,0.21,0.25,0.63,0.847254,0.489223,0
user_67327,2022-09-12 17:53:00,18,17,9,0,3,1,15,12,12,5,13,0,0,6.8045,1.315125,11.158629,0.5,0.0,0.94,0.675197,0.74528,0
user_67328,2022-09-24 09:43:00,24,7,11,2,0,2,19,7,1,12,7,5,1,1.565453,4.751066,6.892477,0.46,0.18,0.29,0.640428,0.40724,0
user_67329,2022-09-08 07:52:00,15,8,7,3,3,1,15,12,18,5,19,3,0,7.607043,0.25483,10.053458,0.47,0.43,0.53,0.424669,0.622234,1
user_67330,2022-10-26 00:28:00,30,9,8,2,2,2,2,2,5,2,18,2,0,0.705895,4.275979,7.288324,0.27,0.25,0.3,0.449772,0.36799,0
user_67331,2022-10-10 18:26:00,17,13,5,1,2,0,4,3,5,0,4,0,0,4.615533,7.537416,5.598162,0.29,0.2,0.76,0.578322,0.645111,0
user_67332,2022-10-25 18:17:00,18,10,8,0,0,0,20,2,7,11,19,1,0,5.24565,1.957008,6.633955,0.44,0.0,0.56,0.361351,0.781365,1
user_67333,2022-10-16 00:35:00,24,3,4,1,3,0,0,7,14,1,9,6,1,2.841132,0.872915,10.697077,0.17,0.25,0.12,0.981214,0.883168,0
user_67334,2022-09-12 02:41:00,15,8,10,1,1,4,1,4,5,18,17,0,0,4.682823,2.921293,4.106292,0.67,0.1,0.53,0.740082,0.85011,0
user_67335,2022-09-07 16:38:00,19,8,6,0,3,2,8,4,2,13,7,2,0,3.728457,13.160037,7.072663,0.32,0.0,0.42,0.480476,0.598899,0
user_67336,2022-10-03 14:39:00,14,8,8,1,1,0,15,13,4,13,16,0,0,4.474629,8.834422,8.792945,0.57,0.12,0.57,0.942854,0.930746,0
user_67337,2022-09-03 07:51:00,18,8,8,0,3,0,7,13,12,11,12,5,1,6.262597,6.117183,12.635242,0.44,0.0,0.44,0.546942,0.409857,0
user_67338,2022-10-06 06:12:00,20,16,7,0,1,2,3,10,17,3,7,3,0,7.958768,3.087805,7.843412,0.35,0.0,0.8,0.750671,0.739097,0
user_67339,2022-10-07 22:06:00,21,8,8,0,4,2,19,1,11,13,11,4,0,6.034853,9.247145,9.253409,0.38,0.0,0.38,0.322395,0.439913,0
user_67340,2022-09-26 11:45:00,24,8,9,1,2,2,19,5,10,2,1,0,0,4.011272,8.220052,7.049794,0.38,0.11,0.33,0.571622,0.922534,0
user_67341,2022-10-03 05:23:00,22,5,13,0,5,2,18,6,10,19,14,0,0,5.412585,3.3821,5.56256,0.59,0.0,0.23,0.346521,0.512759,0
user_67342,2022-10-18 22:40:00,27,8,10,0,2,0,1,0,8,1,20,1,0,4.732833,5.807095,3.299805,0.37,0.0,0.3,0.569938,0.420917,1
user_67343,2022-10-20 20:11:00,12,11,5,1,1,1,1,15,6,13,17,3,0,5.457054,2.244798,2.83558,0.42,0.2,0.92,0.512078,0.929834,0
user_67344,2022-10-24 22:54:00,16,7,7,0,2,1,1,4,5,3,13,0,0,3.952116,8.240929,8.765202,0.44,0.0,0.44,0.526486,0.683485,0
user_67345,2022-09-30 00:41:00,22,9,8,0,0,2,12,10,15,6,4,4,0,8.829068,6.345581,8.177202,0.36,0.0,0.41,0.687537,0.314666,0
user_67346,2022-10-15 11:38:00,18,10,12,0,1,0,4,11,6,1,17,5,1,6.123669,7.268591,2.336119,0.67,0.0,0.56,0.814199,0.931196,0
user_67347,2022-10-27 16:00:00,11,10,7,0,0,1,0,1,2,7,7,3,0,4.500192,9.761113,7.415908,0.64,0.0,0.91,0.305646,0.836692,0
user_67348,2022-09-03 00:50:00,24,7,12,1,1,4,17,9,3,16,15,5,1,2.011606,7.281963,8.787123,0.5,0.08,0.29,0.773433,0.44588,0
user_67349,2022-09-10 17:16:00,19,9,7,0,4,2,5,20,11,2,16,5,1,5.315023,4.803056,6.892533,0.37,0.0,0.47,0.517199,0.379445,0
user_67350,2022-09-18 13:59:00,16,9,6,0,1,1,1,20,19,1,16,6,1,5.052677,5.967652,0.196297,0.38,0.0,0.56,0.64742,0.590455,0
user_67351,2022-10-23 04:38:00,20,8,9,1,2,1,3,3,6,17,9,6,1,7.36269,7.544056,6.224204,0.45,0.11,0.4,0.392229,0.930809,0
user_67352,2022-10-30 10:44:00,18,6,7,1,3,2,11,5,5,12,5,6,1,8.548929,1.247893,4.110922,0.39,0.14,0.33,0.383619,0.40652,0
user_67353,2022-10-26 05:53:00,17,8,12,1,2,2,11,15,3,6,20,2,0,1.546934,0.686485,7.445738,0.71,0.08,0.47,0.371403,0.571872,1
user_67354,2022-10-29 18:45:00,18,11,10,1,3,3,14,17,3,6,16,5,1,4.642022,1.705666,7.834834,0.56,0.1,0.61,0.993928,0.869068,0
user_67355,2022-10-20 22:08:00,14,10,8,0,1,3,13,3,15,10,11,3,0,4.339727,4.39787,13.185098,0.57,0.0,0.71,0.503288,0.552392,0
user_67356,2022-10-13 19:11:00,18,11,5,0,1,1,7,18,6,16,19,3,0,5.897164,9.388859,7.575253,0.28,0.0,0.61,0.355959,0.501332,1
user_67357,2022-09-21 14:55:00,18,12,8,1,1,1,14,14,9,4,8,2,0,3.880874,9.069696,4.477735,0.44,0.12,0.67,0.628561,0.957516,0
user_67358,2022-09-27 09:34:00,24,8,9,1,3,2,10,2,3,6,15,1,0,6.765623,6.758441,4.415256,0.38,0.11,0.33,0.94133,0.824901,0
user_67359,2022-10-24 03:47:00,20,13,9,0,2,3,13,7,5,15,6,0,0,2.965543,4.855045,9.426226,0.45,0.0,0.65,0.691698,0.491111,0
user_67360,2022-09-19 09:04:00,27,7,9,0,10,1,18,11,19,0,16,0,0,1.529672,4.945351,8.063753,0.33,0.0,0.26,0.60768,0.468804,0
user_67361,2022-09-09 13:54:00,15,6,9,2,0,2,11,16,14,12,8,4,0,2.759885,0.312645,8.418977,0.6,0.22,0.4,0.606499,0.477587,0
user_67362,2022-10-15 23:12:00,23,10,4,0,3,0,16,16,16,20,2,5,1,6.120775,12.416947,4.351565,0.17,0.0,0.43,0.612647,0.83814,0
user_67363,2022-10-09 22:10:00,18,9,10,0,0,1,14,12,2,4,8,6,1,4.001737,10.074384,9.007578,0.56,0.0,0.5,0.59519,0.677372,0
user_67364,2022-09-19 08:22:00,13,10,11,0,0,3,3,10,7,11,4,0,0,7.967049,0.150675,6.768424,0.85,0.0,0.77,0.564456,0.696194,0
user_67365,2022-09-16 16:15:00,22,14,5,0,1,1,0,6,16,20,0,4,0,5.141037,9.766176,5.838863,0.23,0.0,0.64,0.929138,0.391398,0
user_67366,2022-10-30 20:53:00,24,9,10,1,4,0,13,3,8,11,3,6,1,5.558982,4.224318,10.766321,0.42,0.1,0.38,0.597003,0.973133,0
user_67367,2022-09-02 07:05:00,22,10,7,1,2,3,17,17,6,7,0,4,0,3.793272,0.26929,5.28097,0.32,0.14,0.45,0.765077,0.61894,0
user_67368,2022-10-11 17:30:00,23,13,9,1,5,1,15,18,13,17,4,1,0,1.400065,1.565118,9.654782,0.39,0.11,0.57,0.986815,0.302262,0
user_67369,2022-09-09 14:49:00,17,7,9,0,5,0,1,4,20,7,0,4,0,6.202355,10.79056,9.659477,0.53,0.0,0.41,0.859702,0.821098,0
user_67370,2022-10-11 14:08:00,14,7,8,1,0,0,20,2,3,8,8,1,0,7.169322,7.410693,2.330054,0.57,0.12,0.5,0.633632,0.665714,0
user_67371,2022-09-25 04:33:00,18,12,11,0,4,3,3,15,15,8,19,6,1,5.952925,0.324717,11.24084,0.61,0.0,0.67,0.325246,0.718617,1
user_67372,2022-10-21 01:01:00,21,13,7,1,2,1,11,14,18,15,14,4,0,6.008585,3.611652,6.35546,0.33,0.14,0.62,0.705526,0.927157,0
user_67373,2022-10-25 13:26:00,20,9,11,0,2,3,5,7,3,8,13,1,0,6.849448,7.701817,8.380031,0.55,0.0,0.45,0.827579,0.558777,0
user_67374,2022-10-08 16:27:00,23,11,8,1,6,1,8,5,17,6,0,5,1,4.123929,4.07937,0.791066,0.35,0.12,0.48,0.781889,0.859982,0
user_67375,2022-10-26 00:03:00,13,10,6,1,1,1,3,11,14,7,13,2,0,0.552247,7.962654,9.92333,0.46,0.17,0.77,0.787012,0.403633,0
user_67376,2022-09-29 18:29:00,24,9,9,0,5,2,6,13,19,7,6,3,0,5.331944,7.647523,11.682334,0.38,0.0,0.38,0.333981,0.691956,0
user_67377,2022-09-02 09:05:00,25,12,6,1,1,1,20,8,15,4,10,4,0,2.589634,5.188152,6.289031,0.24,0.17,0.48,0.658493,0.576779,0
user_67378,2022-09-08 07:44:00,18,6,9,0,4,4,18,15,13,3,8,3,0,4.104894,5.960604,10.76188,0.5,0.0,0.33,0.767181,0.352495,0
user_67379,2022-09-03 18:26:00,17,8,9,1,2,3,20,3,0,6,5,5,1,0.336072,3.348627,7.898703,0.53,0.11,0.47,0.81464,0.697492,0
user_67380,2022-09-14 01:40:00,20,8,7,2,0,2,18,0,9,1,9,2,0,3.20397,0.081041,8.218354,0.35,0.29,0.4,0.693521,0.751554,0
user_67381,2022-09-06 04:33:00,19,12,11,1,2,4,15,7,6,3,5,1,0,1.263955,1.157454,8.689011,0.58,0.09,0.63,0.86188,0.870629,0
user_67382,2022-10-22 20:01:00,20,13,6,1,1,1,7,5,16,3,16,5,1,5.346126,6.204592,5.849181,0.3,0.17,0.65,0.440264,0.432855,0
user_67383,2022-10-26 11:57:00,11,11,8,0,1,1,15,6,18,8,20,2,0,2.968963,11.026272,1.260547,0.73,0.0,1.0,0.771544,0.328409,1
user_67384,2022-09-01 12:59:00,18,8,7,0,0,0,16,14,10,12,7,3,0,3.53844,4.529967,9.474378,0.39,0.0,0.44,0.468917,0.913854,0
user_67385,2022-10-11 17:34:00,24,4,7,1,2,0,20,0,14,5,1,1,0,4.148745,7.274426,10.094067,0.29,0.14,0.17,0.937714,0.940943,0
user_67386,2022-09-23 16:38:00,21,7,5,0,2,0,7,12,20,13,10,4,0,7.413026,7.252045,5.975651,0.24,0.0,0.33,0.579488,0.523736,0
user_67387,2022-09-09 14:06:00,22,8,7,0,2,0,7,15,7,20,14,4,0,2.684236,2.461708,10.956774,0.32,0.0,0.36,0.600732,0.781862,0
user_67388,2022-09-29 21:19:00,21,6,7,0,2,3,11,11,16,20,11,3,0,9.349626,2.420679,3.323263,0.33,0.0,0.29,0.71689,0.431291,0
user_67389,2022-09-24 16:52:00,30,12,8,1,2,2,9,8,12,14,10,5,1,5.479851,5.089877,9.990562,0.27,0.12,0.4,0.751439,0.670139,0
user_67390,2022-09-14 23:25:00,12,8,11,0,3,5,17,1,8,14,7,2,0,1.860845,1.958074,2.876065,0.92,0.0,0.67,0.742911,0.438202,0
user_67391,2022-10-22 05:28:00,18,12,6,1,4,0,19,3,20,12,16,5,1,3.253751,0.472121,10.354215,0.33,0.17,0.67,0.388053,0.780556,0
user_67392,2022-10-14 14:22:00,19,5,10,2,1,2,3,20,11,16,9,4,0,4.418413,1.362362,3.215647,0.53,0.2,0.26,0.890563,0.773637,0
user_67393,2022-10-11 04:31:00,21,15,16,1,3,3,13,1,6,5,19,1,0,2.794881,6.780042,11.553192,0.76,0.06,0.71,0.40571,0.719697,1
user_67394,2022-10-24 22:26:00,18,10,5,2,2,2,18,15,8,1,19,0,0,4.476589,2.68259,3.673397,0.28,0.4,0.56,0.826243,0.916863,1
user_67395,2022-10-08 13:34:00,12,12,8,1,2,1,1,3,8,7,12,5,1,0.338264,1.277477,6.575565,0.67,0.12,1.0,0.73199,0.779298,0
user_67396,2022-10-28 07:03:00,23,9,8,2,4,0,3,19,7,8,9,4,0,7.066287,7.275385,7.157706,0.35,0.25,0.39,0.643288,0.701239,0
user_67397,2022-10-28 14:37:00,22,11,6,2,3,2,10,9,7,17,12,4,0,9.468299,5.807976,11.029531,0.27,0.33,0.5,0.816236,0.480565,0
user_67398,2022-10-20 07:50:00,21,16,9,0,4,2,16,17,4,18,2,3,0,1.913727,4.535376,5.262997,0.43,0.0,0.76,0.567924,0.978812,0
user_67399,2022-09-18 14:33:00,18,10,11,0,5,4,2,13,16,1,0,6,1,8.564054,4.857209,10.743389,0.61,0.0,0.56,0.40526,0.50714,0
user_67400,2022-09-04 19:03:00,19,11,4,1,3,0,4,4,13,18,9,6,1,1.747659,5.401595,9.054798,0.21,0.25,0.58,0.533071,0.577078,0
user_67401,2022-10-10 18:27:00,19,6,10,2,0,1,7,20,19,8,7,0,0,8.110653,3.365732,11.857934,0.53,0.2,0.32,0.490386,0.585348,0
user_67402,2022-10-12 14:19:00,24,5,11,1,4,2,16,17,18,16,19,2,0,2.702445,8.055318,0.87372,0.46,0.09,0.21,0.452564,0.5258,1
user_67403,2022-09-15 19:27:00,25,11,7,2,4,2,8,17,20,10,5,3,0,3.561365,2.598772,10.445619,0.28,0.29,0.44,0.978058,0.986353,0
user_67404,2022-09-03 20:43:00,16,10,7,1,1,1,19,6,9,17,4,5,1,3.120768,6.975202,6.237807,0.44,0.14,0.62,0.780719,0.799856,0
user_67405,2022-09-04 17:13:00,33,9,11,1,5,2,10,16,5,19,16,6,1,5.33482,2.885247,11.145745,0.33,0.09,0.27,0.486106,0.335431,0
user_67406,2022-10-25 08:25:00,21,15,13,2,1,2,6,4,6,0,13,1,0,5.47007,6.705838,7.809992,0.62,0.15,0.71,0.984963,0.693076,0
user_67407,2022-10-20 13:02:00,20,9,5,0,3,0,13,1,1,7,0,3,0,4.873238,6.912184,6.32933,0.25,0.0,0.45,0.658315,0.852392,0
user_67408,2022-10-30 07:28:00,13,12,7,1,2,1,19,6,12,8,20,6,1,2.494823,9.819839,7.855334,0.54,0.14,0.92,0.842472,0.610011,1
user_67409,2022-09-02 06:44:00,14,8,12,1,2,3,10,20,1,2,20,4,0,5.12231,3.478549,8.413957,0.86,0.08,0.57,0.528494,0.86903,1
user_67410,2022-09-06 18:47:00,23,6,6,1,2,0,11,20,6,7,19,1,0,1.225838,2.123166,5.766057,0.26,0.17,0.26,0.753292,0.673636,1
user_67411,2022-09-01 18:30:00,17,14,10,0,2,3,4,7,4,3,3,3,0,7.890447,4.117158,8.121214,0.59,0.0,0.82,0.752219,0.548448,0
user_67412,2022-09-29 01:31:00,19,11,6,2,7,1,14,19,11,7,9,3,0,10.161681,8.402483,9.013377,0.32,0.33,0.58,0.827742,0.603044,0
user_67413,2022-09-01 12:52:00,22,12,10,1,1,3,11,0,7,0,16,3,0,1.355171,5.267956,7.848706,0.45,0.1,0.55,0.617242,0.425419,0
user_67414,2022-10-23 06:46:00,12,14,14,1,0,6,7,10,4,6,13,6,1,6.241541,9.512245,6.240793,1.17,0.07,1.17,0.365522,0.854573,0
user_67415,2022-09-07 18:15:00,27,11,10,2,3,2,1,15,20,11,0,2,0,1.449366,5.648991,11.287981,0.37,0.2,0.41,0.369901,0.571863,0
user_67416,2022-09-27 18:11:00,10,11,7,0,1,2,5,10,4,11,1,1,0,7.736209,5.958331,8.228717,0.7,0.0,1.1,0.7904,0.758094,0
user_67417,2022-09-06 15:30:00,13,7,7,1,0,0,18,9,18,20,12,1,0,1.596297,9.009532,9.599497,0.54,0.14,0.54,0.669246,0.618557,0
user_67418,2022-10-10 09:20:00,28,12,6,0,3,0,1,8,13,12,0,0,0,5.934822,2.722167,7.773312,0.21,0.0,0.43,0.312308,0.492461,0
user_67419,2022-10-25 16:47:00,25,9,10,0,4,3,19,8,11,9,12,1,0,5.66084,0.884844,3.344124,0.4,0.0,0.36,0.948481,0.417328,0
user_67420,2022-09-23 01:02:00,24,12,8,1,0,0,9,0,14,8,1,4,0,2.999267,1.682878,11.926404,0.33,0.12,0.5,0.388351,0.998214,0
user_67421,2022-10-16 02:06:00,20,10,6,1,3,0,11,8,7,7,9,6,1,6.89723,0.630843,5.629076,0.3,0.17,0.5,0.466206,0.955987,0
user_67422,2022-09-27 02:53:00,13,11,9,0,3,4,20,18,13,2,9,1,0,3.0996,5.698586,10.109924,0.69,0.0,0.85,0.826636,0.782944,0
user_67423,2022-09-09 08:15:00,24,8,12,0,2,1,3,15,10,2,16,4,0,11.208179,2.684487,4.610662,0.5,0.0,0.33,0.450097,0.800023,0
user_67424,2022-10-11 18:55:00,19,12,9,0,1,0,4,6,11,13,7,1,0,7.730987,6.241625,6.608292,0.47,0.0,0.63,0.885931,0.933009,0
user_67425,2022-10-14 11:54:00,22,7,12,1,1,1,11,13,20,8,10,4,0,10.171666,11.256638,7.836709,0.55,0.08,0.32,0.501884,0.616262,0
user_67426,2022-10-28 22:31:00,19,15,8,0,0,0,10,15,12,6,9,4,0,9.973666,5.553405,9.317815,0.42,0.0,0.79,0.448755,0.769969,0
user_67427,2022-09-15 18:33:00,19,5,9,0,1,1,6,9,17,17,11,3,0,3.610104,0.065473,7.87973,0.47,0.0,0.26,0.399427,0.870028,0
user_67428,2022-09-22 03:33:00,21,12,12,0,1,3,9,15,0,3,9,3,0,3.460846,0.628771,7.771292,0.57,0.0,0.57,0.478279,0.978819,0
user_67429,2022-09-28 22:55:00,16,14,9,0,1,2,15,7,12,18,17,2,0,6.177241,4.350448,2.483094,0.56,0.0,0.88,0.912951,0.800773,0
user_67430,2022-09-09 05:00:00,23,13,10,0,4,3,0,9,8,13,14,4,0,3.307872,9.216946,6.253246,0.43,0.0,0.57,0.462804,0.867277,0
user_67431,2022-09-26 22:13:00,18,12,9,1,1,1,20,0,4,4,8,0,0,4.143027,6.131504,8.882769,0.5,0.11,0.67,0.355522,0.568824,0
user_67432,2022-10-01 22:37:00,21,9,8,3,3,2,19,13,14,7,13,5,1,10.989578,10.796049,5.960561,0.38,0.38,0.43,0.937709,0.717435,0
user_67433,2022-09-16 07:42:00,16,15,8,0,1,3,17,15,14,5,4,4,0,1.75093,6.596041,4.208509,0.5,0.0,0.94,0.773627,0.987548,0
user_67434,2022-10-25 03:00:00,24,12,6,0,2,0,2,14,14,13,17,1,0,4.725387,3.703026,4.411556,0.25,0.0,0.5,0.671809,0.949103,0
user_67435,2022-09-01 09:51:00,24,11,6,0,1,0,2,9,18,19,11,3,0,8.673188,5.0281,8.959066,0.25,0.0,0.46,0.970537,0.885904,0
user_67436,2022-10-30 03:22:00,12,10,8,0,4,0,4,11,16,10,0,6,1,3.059991,5.014006,10.353727,0.67,0.0,0.83,0.359781,0.646834,0
user_67437,2022-09-18 23:59:00,23,14,8,1,2,1,15,9,4,7,9,6,1,5.966533,3.245395,3.295027,0.35,0.12,0.61,0.861499,0.458504,0
user_67438,2022-09-17 01:44:00,20,5,11,1,3,1,1,17,4,7,18,5,1,0.735565,4.348031,8.661312,0.55,0.09,0.25,0.812919,0.495066,0
user_67439,2022-10-11 01:06:00,29,8,9,2,2,0,13,5,7,5,11,1,0,6.53632,4.992484,7.531116,0.31,0.22,0.28,0.687945,0.671137,0
user_67440,2022-09-09 00:13:00,14,13,8,1,0,0,18,10,16,9,10,4,0,1.880744,5.728992,6.04077,0.57,0.12,0.93,0.465964,0.36883,0
user_67441,2022-09-13 01:56:00,17,7,11,0,3,1,5,5,5,16,16,1,0,4.371381,4.364834,5.889153,0.65,0.0,0.41,0.40117,0.850068,0
user_67442,2022-09-14 22:59:00,19,11,12,1,4,2,12,11,9,18,11,2,0,1.081138,4.972982,9.737806,0.63,0.08,0.58,0.849048,0.690471,0
user_67443,2022-10-20 21:35:00,14,14,7,1,3,3,8,3,20,20,19,3,0,0.012913,7.938749,8.787716,0.5,0.14,1.0,0.86166,0.837195,1
user_67444,2022-09-02 17:35:00,18,7,10,1,4,3,19,15,18,2,10,4,0,10.835894,5.856121,6.321166,0.56,0.1,0.39,0.359522,0.919856,0
user_67445,2022-09-19 21:51:00,15,10,15,1,1,4,0,18,20,16,12,0,0,1.723981,0.84292,3.505516,1.0,0.07,0.67,0.30255,0.637932,0
user_67446,2022-09-18 04:47:00,21,12,7,0,3,2,19,19,4,6,17,6,1,3.507709,6.973762,9.286832,0.33,0.0,0.57,0.614085,0.645923,0
user_67447,2022-10-07 09:32:00,25,12,12,1,3,2,12,20,7,14,15,4,0,2.689289,9.060154,11.058992,0.48,0.08,0.48,0.517196,0.416341,0
user_67448,2022-09-06 05:58:00,26,14,7,0,4,2,4,3,7,1,0,1,0,4.219292,4.015316,9.929844,0.27,0.0,0.54,0.828819,0.37541,0
user_67449,2022-09-22 20:43:00,21,9,8,0,1,3,4,5,7,4,20,3,0,8.646059,1.638244,6.941252,0.38,0.0,0.43,0.87428,0.602757,1
user_67450,2022-10-21 10:57:00,20,7,6,2,1,1,2,4,14,2,13,4,0,6.934248,6.389657,12.172196,0.3,0.33,0.35,0.955945,0.401412,0
user_67451,2022-09-30 12:33:00,19,12,5,0,1,2,0,5,16,6,4,4,0,0.187739,0.277921,7.538307,0.26,0.0,0.63,0.899447,0.661518,0
user_67452,2022-10-07 01:58:00,27,8,4,0,3,0,8,8,2,14,20,4,0,6.171463,1.137873,10.195113,0.15,0.0,0.3,0.693983,0.483071,1
user_67453,2022-10-03 20:25:00,21,7,11,1,1,3,17,18,16,19,0,0,0,5.49365,12.177805,6.526926,0.52,0.09,0.33,0.900153,0.708342,0
user_67454,2022-10-05 07:48:00,19,6,13,0,4,0,5,16,5,10,11,2,0,3.411456,7.374532,12.163938,0.68,0.0,0.32,0.421118,0.300559,0
user_67455,2022-10-03 09:04:00,27,13,5,2,3,1,18,16,10,3,8,0,0,2.741406,9.250235,7.384167,0.19,0.4,0.48,0.339723,0.62836,0
user_67456,2022-09-22 15:56:00,28,7,5,0,3,2,17,10,7,9,19,3,0,10.006097,3.010224,10.380736,0.18,0.0,0.25,0.314707,0.339436,1
user_67457,2022-10-01 11:32:00,17,10,7,1,2,4,7,8,9,7,17,5,1,1.711357,8.051876,5.008028,0.41,0.14,0.59,0.551708,0.495754,0
user_67458,2022-09-24 03:08:00,21,12,8,0,3,2,2,17,8,3,15,5,1,2.72103,0.782831,5.30176,0.38,0.0,0.57,0.928366,0.712328,0
user_67459,2022-09-14 02:10:00,15,10,7,1,2,1,15,8,6,14,12,2,0,10.684883,9.657308,6.742379,0.47,0.14,0.67,0.812365,0.470106,0
user_67460,2022-10-08 08:57:00,25,6,13,3,2,4,9,7,8,6,12,5,1,5.721573,8.924488,11.23162,0.52,0.23,0.24,0.879987,0.536142,0
user_67461,2022-09-30 01:00:00,18,9,6,0,1,1,4,14,20,5,14,4,0,3.755375,4.779128,7.44212,0.33,0.0,0.5,0.435365,0.482007,0
user_67462,2022-09-09 10:45:00,17,11,5,1,3,1,8,3,2,9,8,4,0,0.106894,4.561041,5.775388,0.29,0.2,0.65,0.781909,0.421958,0
user_67463,2022-09-14 06:36:00,10,8,13,1,1,3,18,10,5,18,0,2,0,7.249043,2.373548,6.430427,1.3,0.08,0.8,0.545539,0.303377,0
user_67464,2022-09-30 10:23:00,11,7,8,2,1,2,8,6,18,11,18,4,0,4.61342,12.062068,1.699447,0.73,0.25,0.64,0.722238,0.507562,0
user_67465,2022-09-17 01:00:00,26,7,11,1,2,2,9,2,8,20,5,5,1,6.814704,5.872069,11.809684,0.42,0.09,0.27,0.571564,0.697443,0
user_67466,2022-09-20 15:49:00,14,6,8,0,4,3,20,3,2,20,12,1,0,3.695266,1.208926,5.428052,0.57,0.0,0.43,0.649617,0.932519,0
user_67467,2022-09-06 16:04:00,21,7,9,2,3,1,5,5,7,9,5,1,0,1.894797,3.428943,8.211114,0.43,0.22,0.33,0.895682,0.691329,0
user_67468,2022-10-25 19:58:00,23,5,7,2,2,1,8,13,8,11,18,1,0,8.60648,3.582204,7.167384,0.3,0.29,0.22,0.374889,0.535427,0
user_67469,2022-10-13 15:41:00,20,9,10,1,1,1,8,14,16,18,2,3,0,1.279952,7.5517,7.016689,0.5,0.1,0.45,0.575496,0.889162,0
user_67470,2022-09-24 07:22:00,22,10,7,2,1,4,11,9,9,5,0,5,1,5.398286,1.038686,11.533693,0.32,0.29,0.45,0.620114,0.531077,0
user_67471,2022-10-24 03:54:00,22,6,7,1,2,1,7,10,13,13,7,0,0,3.922902,7.330029,9.067489,0.32,0.14,0.27,0.48131,0.522054,0
user_67472,2022-09-22 08:28:00,13,11,1,0,1,0,0,7,1,18,10,3,0,5.114864,8.153434,5.479791,0.08,0.0,0.85,0.350475,0.950499,0
user_67473,2022-10-14 15:14:00,16,11,8,0,4,1,19,3,9,20,7,4,0,5.217972,2.898678,0.474482,0.5,0.0,0.69,0.439936,0.488665,0
user_67474,2022-09-03 00:31:00,16,8,6,0,0,1,19,12,10,14,7,5,1,8.688477,1.889777,8.908878,0.38,0.0,0.5,0.885808,0.848523,0
user_67475,2022-09-11 08:16:00,15,10,9,0,2,2,15,6,20,4,7,6,1,7.566212,6.63227,9.505397,0.6,0.0,0.67,0.876484,0.656712,0
user_67476,2022-10-07 19:08:00,18,4,5,0,2,1,12,15,17,11,0,4,0,5.650258,2.876468,5.836845,0.28,0.0,0.22,0.624401,0.330479,0
user_67477,2022-09-16 17:18:00,21,14,6,0,2,0,10,15,4,3,11,4,0,7.708816,3.623463,7.807939,0.29,0.0,0.67,0.652532,0.684338,0
user_67478,2022-10-09 07:26:00,20,8,8,0,2,1,4,17,20,11,7,6,1,2.373904,6.358384,5.442632,0.4,0.0,0.4,0.400863,0.426088,0
user_67479,2022-10-21 05:09:00,18,14,9,1,1,1,2,20,18,5,13,4,0,9.62038,8.227108,10.393156,0.5,0.11,0.78,0.503969,0.446487,0
user_67480,2022-10-06 20:59:00,18,8,10,1,3,4,2,17,10,15,3,3,0,1.440877,9.217639,10.7113,0.56,0.1,0.44,0.341278,0.873238,0
user_67481,2022-09-16 22:00:00,14,18,9,1,2,3,17,7,6,15,19,4,0,0.926661,7.472687,4.937818,0.64,0.11,1.29,0.773412,0.967854,1
user_67482,2022-10-03 17:05:00,15,6,6,2,2,1,7,15,11,7,16,0,0,7.050115,7.365678,6.839838,0.4,0.33,0.4,0.592671,0.440539,0
user_67483,2022-10-28 06:18:00,25,6,5,0,3,1,18,14,0,2,18,4,0,5.10205,3.475608,0.354635,0.2,0.0,0.24,0.629726,0.959468,0
user_67484,2022-09-30 07:57:00,21,9,11,0,1,1,11,9,18,7,5,4,0,2.934427,3.027305,10.015867,0.52,0.0,0.43,0.342541,0.456797,0
user_67485,2022-09-29 04:10:00,16,16,6,0,0,1,20,5,16,0,2,3,0,8.54499,7.138105,9.58158,0.38,0.0,1.0,0.855041,0.702763,0
user_67486,2022-09-24 20:39:00,12,14,8,1,2,0,18,8,3,3,16,5,1,0.440885,7.558572,5.662214,0.67,0.12,1.17,0.752516,0.576219,0
user_67487,2022-10-29 19:39:00,29,13,8,0,0,0,14,15,15,11,17,5,1,5.283446,8.295242,7.163462,0.28,0.0,0.45,0.534004,0.436846,0
user_67488,2022-09-27 09:06:00,19,19,9,2,3,5,19,0,2,3,2,1,0,3.437393,6.309867,12.282886,0.47,0.22,1.0,0.594053,0.912295,0
user_67489,2022-10-26 08:54:00,19,6,10,0,2,1,10,10,2,9,8,2,0,0.46247,1.838934,7.160898,0.53,0.0,0.32,0.682398,0.539147,0
user_67490,2022-09-21 05:53:00,28,13,5,1,2,1,12,0,7,6,5,2,0,2.321998,6.303209,8.854086,0.18,0.2,0.46,0.427544,0.805615,0
user_67491,2022-10-01 19:09:00,21,12,9,2,5,0,9,14,1,18,5,5,1,11.808045,10.585942,10.463084,0.43,0.22,0.57,0.471996,0.754811,0
user_67492,2022-09-10 21:46:00,13,6,10,0,0,2,10,16,20,2,12,5,1,3.945051,0.631546,5.628284,0.77,0.0,0.46,0.615172,0.669114,0
user_67493,2022-09-16 20:22:00,24,14,12,2,2,4,0,20,3,20,11,4,0,6.872456,3.705016,4.716242,0.5,0.17,0.58,0.844395,0.609852,0
user_67494,2022-09-01 01:14:00,19,15,10,1,0,4,2,3,13,18,3,3,0,1.49268,4.551965,5.264537,0.53,0.1,0.79,0.735439,0.702468,0
user_67495,2022-10-30 08:00:00,25,14,5,1,1,2,16,10,2,16,5,6,1,1.671631,5.984484,9.821355,0.2,0.2,0.56,0.720726,0.455479,0
user_67496,2022-10-02 05:54:00,26,2,7,1,1,2,12,11,15,5,6,6,1,7.781643,5.752652,3.284367,0.27,0.14,0.08,0.599771,0.864409,0
user_67497,2022-10-24 10:24:00,20,8,11,2,1,1,3,17,9,17,13,0,0,6.129918,8.36781,4.140164,0.55,0.18,0.4,0.888459,0.647402,0
user_67498,2022-09-18 17:57:00,21,12,14,0,5,3,19,13,9,10,11,6,1,5.03877,0.271548,12.211115,0.67,0.0,0.57,0.537142,0.925909,0
user_67499,2022-09-02 09:37:00,22,12,12,1,2,0,16,8,19,2,18,4,0,0.665979,4.91433,6.071382,0.55,0.08,0.55,0.901405,0.980431,0
user_67500,2022-10-04 13:27:00,19,13,6,0,5,0,1,4,14,11,13,1,0,1.930352,5.081095,4.143866,0.32,0.0,0.68,0.518282,0.94684,0
user_67501,2022-10-24 10:33:00,22,13,15,1,1,3,15,0,6,5,16,0,0,6.148763,6.042247,2.243513,0.68,0.07,0.59,0.476318,0.663261,0
user_67502,2022-10-13 00:00:00,27,5,7,0,0,1,5,14,0,16,12,3,0,2.719704,5.338166,9.959174,0.26,0.0,0.19,0.499974,0.444826,0
user_67503,2022-10-24 01:39:00,17,14,6,2,3,1,14,12,11,2,20,0,0,5.83669,1.015456,6.350508,0.35,0.33,0.82,0.771062,0.398219,1
user_67504,2022-10-03 01:35:00,23,17,6,0,2,3,19,15,4,6,9,0,0,11.89236,5.275963,11.594237,0.26,0.0,0.74,0.617678,0.736619,0
user_67505,2022-10-16 18:17:00,18,10,7,1,1,1,17,12,17,10,5,6,1,3.893436,1.895979,3.474411,0.39,0.14,0.56,0.713976,0.782166,0
user_67506,2022-09-10 14:05:00,24,9,9,1,3,2,14,17,12,0,20,5,1,4.975515,9.564785,5.285744,0.38,0.11,0.38,0.905367,0.759725,1
user_67507,2022-10-24 00:49:00,13,13,9,1,0,1,7,4,3,1,0,0,0,2.248065,3.345862,7.677684,0.69,0.11,1.0,0.877816,0.615075,0
user_67508,2022-09-29 21:32:00,26,10,6,0,5,1,16,12,19,13,9,3,0,8.433931,9.362256,0.058083,0.23,0.0,0.38,0.705792,0.896599,0
user_67509,2022-10-03 23:00:00,12,12,6,0,0,3,11,10,19,13,19,0,0,10.588437,6.044197,13.870472,0.5,0.0,1.0,0.838936,0.452827,1
user_67510,2022-09-29 03:49:00,20,8,8,0,3,3,16,11,14,14,3,3,0,7.872003,6.503446,10.455267,0.4,0.0,0.4,0.943948,0.795852,0
user_67511,2022-10-03 18:38:00,25,8,5,0,5,1,5,20,14,8,19,0,0,7.431886,7.785012,7.939659,0.2,0.0,0.32,0.724168,0.433123,1
user_67512,2022-09-23 20:15:00,19,10,9,0,5,0,15,15,18,10,10,4,0,5.03357,7.555364,7.090443,0.47,0.0,0.53,0.902504,0.422026,0
user_67513,2022-10-11 23:10:00,24,9,9,2,3,1,16,3,16,3,13,1,0,7.411644,15.369582,9.553259,0.38,0.22,0.38,0.385518,0.928953,0
user_67514,2022-10-23 14:58:00,26,9,6,0,1,1,12,2,0,3,3,6,1,6.250846,1.82489,5.998555,0.23,0.0,0.35,0.441835,0.762783,0
user_67515,2022-10-23 03:05:00,13,8,8,1,1,1,3,1,10,6,17,6,1,5.505608,0.727213,6.117367,0.62,0.12,0.62,0.962302,0.689791,0
user_67516,2022-09-04 01:46:00,21,15,7,1,2,1,15,20,13,2,18,6,1,5.254905,8.090536,7.6597,0.33,0.14,0.71,0.823395,0.310249,0
user_67517,2022-09-16 05:37:00,14,11,4,0,1,0,6,20,8,4,16,4,0,5.271403,4.738049,11.825175,0.29,0.0,0.79,0.822123,0.32644,0
user_67518,2022-10-14 09:37:00,15,9,4,0,0,2,2,9,10,14,19,4,0,8.179775,4.096129,7.115321,0.27,0.0,0.6,0.367416,0.706652,1
user_67519,2022-10-05 03:47:00,26,3,8,0,3,0,6,18,7,11,18,2,0,7.2435,4.979355,7.106844,0.31,0.0,0.12,0.684611,0.957869,0
user_67520,2022-09-05 02:51:00,23,11,4,0,2,0,6,5,3,17,9,0,0,5.482081,1.951668,5.701901,0.17,0.0,0.48,0.655364,0.87819,0
user_67521,2022-10-19 01:37:00,31,6,9,0,5,0,20,13,16,7,12,2,0,5.719021,3.178939,8.760261,0.29,0.0,0.19,0.858427,0.867676,0
user_67522,2022-09-06 08:42:00,18,11,4,0,0,2,11,18,8,11,13,1,0,1.282915,5.203837,11.123136,0.22,0.0,0.61,0.662601,0.484546,0
user_67523,2022-09-26 03:33:00,25,12,8,0,2,2,10,9,16,1,0,0,0,3.690699,3.749618,8.517916,0.32,0.0,0.48,0.725985,0.367972,0
user_67524,2022-09-21 11:45:00,21,10,8,2,3,2,9,13,2,10,8,2,0,5.126331,5.844756,3.531826,0.38,0.25,0.48,0.762731,0.961635,0
user_67525,2022-09-23 19:45:00,16,8,3,0,2,0,20,5,17,10,9,4,0,7.186595,8.329859,9.903782,0.19,0.0,0.5,0.552514,0.647199,0
user_67526,2022-10-07 10:30:00,24,11,7,0,5,0,3,8,20,8,3,4,0,2.526703,3.938037,16.285326,0.29,0.0,0.46,0.498901,0.324174,0
user_67527,2022-09-27 10:54:00,18,13,5,0,3,1,20,17,15,13,18,1,0,5.972178,4.437028,6.910932,0.28,0.0,0.72,0.759227,0.59239,0
user_67528,2022-10-22 22:57:00,21,9,8,0,2,2,4,7,16,3,19,5,1,7.003023,8.842902,9.367927,0.38,0.0,0.43,0.341252,0.624282,1
user_67529,2022-09-25 20:28:00,19,17,5,0,3,2,0,19,6,1,15,6,1,9.616418,5.817443,8.69553,0.26,0.0,0.89,0.491476,0.863401,0
user_67530,2022-09-27 09:44:00,25,6,11,1,3,5,15,14,13,6,6,1,0,6.650087,8.102763,6.555446,0.44,0.09,0.24,0.705284,0.980084,0
user_67531,2022-09-25 19:17:00,18,7,3,0,4,1,5,10,20,0,17,6,1,4.589426,2.886594,8.450766,0.17,0.0,0.39,0.33421,0.985109,0
user_67532,2022-09-04 11:13:00,22,6,8,1,3,3,9,20,3,13,2,6,1,6.90362,3.931499,7.550951,0.36,0.12,0.27,0.465604,0.355003,0
user_67533,2022-10-04 00:58:00,16,11,11,1,2,2,4,18,4,16,2,1,0,7.20181,0.686073,9.627822,0.69,0.09,0.69,0.937708,0.463515,0
user_67534,2022-09-17 12:43:00,18,6,13,1,0,2,0,0,8,19,18,5,1,6.388404,7.090066,5.752295,0.72,0.08,0.33,0.348279,0.927651,0
user_67535,2022-10-29 19:29:00,25,7,7,0,1,0,8,16,3,3,10,5,1,3.087454,7.603213,4.625277,0.28,0.0,0.28,0.77089,0.974469,0
user_67536,2022-09-01 21:27:00,18,16,5,0,1,0,6,17,4,1,3,3,0,2.062884,3.746232,7.679976,0.28,0.0,0.89,0.985764,0.92335,0
user_67537,2022-09-09 17:21:00,15,10,6,0,0,0,1,5,7,13,10,4,0,2.271781,3.861977,7.389984,0.4,0.0,0.67,0.586091,0.454749,0
user_67538,2022-09-23 03:08:00,13,11,9,1,1,1,17,16,19,15,6,4,0,4.21626,4.930219,7.235211,0.69,0.11,0.85,0.542265,0.973008,0
user_67539,2022-09-20 08:05:00,21,7,11,2,3,1,15,18,10,16,13,1,0,2.143922,7.264256,6.830234,0.52,0.18,0.33,0.544577,0.883846,0
user_67540,2022-10-13 14:10:00,21,12,12,1,4,2,17,2,14,2,18,3,0,6.099093,0.710288,9.457913,0.57,0.08,0.57,0.954475,0.83136,0
user_67541,2022-09-29 20:16:00,16,9,6,0,3,1,0,13,9,17,19,3,0,10.56962,2.037238,5.764215,0.38,0.0,0.56,0.365851,0.775362,1
user_67542,2022-10-08 11:22:00,21,10,11,1,2,2,20,13,4,20,19,5,1,7.866574,4.976419,8.519012,0.52,0.09,0.48,0.693501,0.587958,1
user_67543,2022-10-20 12:22:00,27,14,13,0,0,3,5,0,18,17,1,3,0,3.548422,3.82129,8.55508,0.48,0.0,0.52,0.883236,0.752986,0
user_67544,2022-10-11 04:38:00,16,8,2,0,1,1,17,5,19,13,11,1,0,4.519694,7.899849,14.04061,0.12,0.0,0.5,0.694146,0.918483,0
user_67545,2022-10-22 15:52:00,16,11,6,1,0,0,20,15,1,5,6,5,1,8.857481,1.414561,4.949305,0.38,0.17,0.69,0.587223,0.323548,0
user_67546,2022-09-04 06:05:00,21,6,2,1,2,1,9,10,19,5,7,6,1,2.28085,9.646642,8.20922,0.1,0.5,0.29,0.936245,0.93231,0
user_67547,2022-10-18 07:40:00,21,8,8,0,1,2,1,1,17,9,8,1,0,7.062539,9.35498,5.042164,0.38,0.0,0.38,0.808365,0.627688,0
user_67548,2022-09-10 05:10:00,19,9,7,0,1,6,15,3,2,17,14,5,1,4.711622,4.770192,6.587954,0.37,0.0,0.47,0.452664,0.768584,0
user_67549,2022-10-08 09:21:00,21,11,10,0,4,3,3,20,13,19,4,5,1,2.168878,4.34538,1.020513,0.48,0.0,0.52,0.583673,0.782906,0
user_67550,2022-09-30 17:10:00,22,9,7,2,3,1,2,8,1,9,11,4,0,7.520452,8.46644,4.74213,0.32,0.29,0.41,0.851479,0.598511,0
user_67551,2022-09-18 09:44:00,24,7,6,0,4,0,7,7,5,18,0,6,1,6.209557,7.015723,7.178997,0.25,0.0,0.29,0.459953,0.587192,0
user_67552,2022-09-02 16:54:00,22,5,9,0,0,1,13,3,15,10,19,4,0,5.672211,6.234587,4.018175,0.41,0.0,0.23,0.531894,0.752826,1
user_67553,2022-09-13 23:55:00,15,9,12,0,2,0,19,15,0,8,17,1,0,2.515278,3.316427,12.778839,0.8,0.0,0.6,0.772443,0.854933,0
user_67554,2022-09-03 01:37:00,15,11,12,0,2,4,17,3,14,6,19,5,1,7.37902,4.163674,4.938947,0.8,0.0,0.73,0.805873,0.345186,1
user_67555,2022-09-30 20:49:00,17,11,8,1,1,2,4,16,0,9,18,4,0,9.467831,6.187818,7.274189,0.47,0.12,0.65,0.95399,0.734266,0
user_67556,2022-09-27 20:40:00,20,17,8,1,4,1,18,20,0,6,20,1,0,8.004094,10.195011,12.241938,0.4,0.12,0.85,0.903196,0.451648,1
user_67557,2022-10-21 01:25:00,18,10,7,2,2,3,20,7,4,1,19,4,0,4.977721,7.196416,5.752834,0.39,0.29,0.56,0.788819,0.893566,1
user_67558,2022-09-30 01:20:00,14,13,10,0,2,2,16,3,10,13,4,4,0,0.825206,1.032612,8.041209,0.71,0.0,0.93,0.702112,0.811152,0
user_67559,2022-09-12 14:42:00,23,6,13,0,1,3,14,18,15,14,12,0,0,4.580088,1.98729,4.308403,0.57,0.0,0.26,0.439557,0.570474,0
user_67560,2022-10-12 04:51:00,19,9,10,0,3,2,14,0,15,7,7,2,0,3.826649,4.810718,6.518043,0.53,0.0,0.47,0.307508,0.41192,0
user_67561,2022-09-23 04:38:00,27,7,6,1,4,3,19,1,9,20,9,4,0,5.033187,1.792849,5.005752,0.22,0.17,0.26,0.316012,0.603187,0
user_67562,2022-10-22 05:01:00,21,19,6,1,1,2,6,18,1,7,7,5,1,7.088132,11.180801,3.43305,0.29,0.17,0.9,0.61111,0.64115,0
user_67563,2022-09-10 00:13:00,17,5,12,1,3,4,1,10,7,10,15,5,1,10.551004,5.407979,1.802181,0.71,0.08,0.29,0.54464,0.732904,0
user_67564,2022-09-17 10:49:00,18,14,12,1,2,2,10,18,6,3,12,5,1,1.073868,3.480418,10.9702,0.67,0.08,0.78,0.99489,0.806373,0
user_67565,2022-10-05 05:44:00,10,8,4,1,1,0,2,15,19,17,8,2,0,1.499552,5.620063,1.848329,0.4,0.25,0.8,0.996586,0.416839,0
user_67566,2022-09-15 04:52:00,18,13,11,0,5,3,16,19,17,18,18,3,0,2.286165,10.977991,8.746537,0.61,0.0,0.72,0.326327,0.999489,0
user_67567,2022-10-23 05:52:00,24,10,5,0,2,1,0,19,10,0,15,6,1,5.635957,8.741971,7.421336,0.21,0.0,0.42,0.71454,0.44002,0
user_67568,2022-10-10 06:54:00,18,11,7,1,1,3,10,1,19,6,0,0,0,0.709156,5.495254,6.556523,0.39,0.14,0.61,0.678341,0.474943,0
user_67569,2022-09-03 07:44:00,27,13,9,1,2,3,18,18,7,16,5,5,1,10.408876,6.329429,4.992916,0.33,0.11,0.48,0.512037,0.677359,0
user_67570,2022-09-04 20:51:00,16,8,2,2,1,1,8,8,9,0,8,6,1,8.173446,10.008789,8.958264,0.12,1.0,0.5,0.379393,0.882479,0
user_67571,2022-10-16 05:40:00,18,5,3,2,1,0,8,4,3,0,10,6,1,2.525033,0.397291,4.270553,0.17,0.67,0.28,0.881355,0.494535,0
user_67572,2022-09-11 06:35:00,24,14,5,0,2,1,1,15,12,15,7,6,1,6.891598,6.901746,2.20695,0.21,0.0,0.58,0.816114,0.975929,0
user_67573,2022-09-19 14:34:00,14,12,7,0,0,2,5,11,19,7,5,0,0,6.731452,0.494991,12.278936,0.5,0.0,0.86,0.991351,0.995628,0
user_67574,2022-09-28 17:58:00,21,9,4,1,1,1,10,6,20,12,10,2,0,6.074615,4.398818,1.827171,0.19,0.25,0.43,0.656781,0.850041,0
user_67575,2022-09-05 11:24:00,20,7,9,1,1,3,16,15,8,7,11,0,0,1.984675,5.050888,5.886678,0.45,0.11,0.35,0.612554,0.567066,0
user_67576,2022-10-18 03:23:00,21,12,9,0,3,2,12,17,18,15,10,1,0,2.213719,7.376964,5.677123,0.43,0.0,0.57,0.785958,0.685042,0
user_67577,2022-10-02 03:42:00,15,13,4,0,1,1,8,5,4,20,13,6,1,2.093458,6.606984,3.519355,0.27,0.0,0.87,0.789386,0.518092,0
user_67578,2022-09-30 11:36:00,18,11,4,1,1,2,2,3,7,2,1,4,0,11.308081,8.025519,8.669274,0.22,0.25,0.61,0.787841,0.777776,0
user_67579,2022-09-26 03:43:00,15,6,9,0,2,1,1,7,2,6,15,0,0,3.477955,5.440022,5.15555,0.6,0.0,0.4,0.324723,0.609956,0
user_67580,2022-10-15 23:23:00,24,14,10,0,1,1,11,20,12,10,6,5,1,9.86377,1.73305,8.700194,0.42,0.0,0.58,0.847591,0.708124,0
user_67581,2022-09-30 12:19:00,18,9,13,0,3,1,4,0,17,18,9,4,0,8.122619,3.477194,7.150346,0.72,0.0,0.5,0.457,0.549425,0
user_67582,2022-09-03 13:05:00,20,6,17,1,2,2,16,15,9,4,17,5,1,8.113032,5.724332,8.152887,0.85,0.06,0.3,0.466636,0.92008,0
user_67583,2022-09-20 01:48:00,23,9,5,0,3,2,7,3,6,8,4,1,0,3.197603,5.168764,2.158791,0.22,0.0,0.39,0.771205,0.869877,0
user_67584,2022-09-23 22:36:00,14,5,8,0,2,0,5,12,15,2,2,4,0,8.188149,6.772453,9.663995,0.57,0.0,0.36,0.824225,0.664857,0
user_67585,2022-09-23 16:45:00,17,8,9,1,0,1,13,1,0,18,3,4,0,11.891955,2.404097,1.031486,0.53,0.11,0.47,0.572618,0.516364,0
user_67586,2022-09-04 23:13:00,15,7,6,0,3,1,10,1,4,15,12,6,1,0.30746,7.8547,6.165651,0.4,0.0,0.47,0.785315,0.491793,0
user_67587,2022-09-16 02:13:00,20,10,10,0,2,2,10,15,16,0,18,4,0,6.942375,4.769028,6.423354,0.5,0.0,0.5,0.342706,0.373048,0
user_67588,2022-10-29 09:59:00,26,9,10,1,1,3,7,17,0,3,0,5,1,1.129428,7.01111,6.642838,0.38,0.1,0.35,0.806712,0.318492,0
user_67589,2022-10-22 05:23:00,16,10,9,0,1,1,3,14,0,20,4,5,1,2.969649,8.707348,1.005672,0.56,0.0,0.62,0.609946,0.920563,0
user_67590,2022-10-21 10:25:00,13,9,7,0,1,1,4,9,6,10,18,4,0,6.676218,0.03558,7.26326,0.54,0.0,0.69,0.875114,0.619753,0
user_67591,2022-10-13 00:12:00,14,4,11,1,0,4,7,8,16,17,15,3,0,5.838407,0.989315,9.643156,0.79,0.09,0.29,0.598451,0.398723,0
user_67592,2022-10-10 16:13:00,19,9,9,1,1,1,17,2,5,15,13,0,0,1.272075,2.830644,4.440746,0.47,0.11,0.47,0.674036,0.61884,0
user_67593,2022-10-05 16:11:00,25,9,6,0,2,1,2,6,13,14,16,2,0,0.113278,12.842441,8.399269,0.24,0.0,0.36,0.62236,0.456982,0
user_67594,2022-09-15 20:38:00,23,8,6,1,2,0,18,4,7,4,3,3,0,4.220542,4.854265,6.543605,0.26,0.17,0.35,0.450325,0.68723,0
user_67595,2022-10-07 00:22:00,25,7,6,0,2,2,5,7,8,20,9,4,0,6.791841,1.067458,14.22601,0.24,0.0,0.28,0.445111,0.318414,0
user_67596,2022-09-02 02:26:00,20,10,8,2,1,3,6,10,15,14,15,4,0,9.000953,7.819145,1.459235,0.4,0.25,0.5,0.458895,0.824372,0
user_67597,2022-09-16 20:40:00,18,14,7,1,2,2,17,11,17,4,6,4,0,6.898767,3.143505,4.752571,0.39,0.14,0.78,0.830022,0.619689,0
user_67598,2022-10-04 00:43:00,23,9,7,0,2,2,11,17,20,2,1,1,0,2.717369,7.17604,7.693999,0.3,0.0,0.39,0.964533,0.983749,0
user_67599,2022-09-13 17:18:00,17,7,7,0,0,2,15,7,3,20,9,1,0,4.307721,5.69003,9.268492,0.41,0.0,0.41,0.534568,0.679596,0
user_67600,2022-09-28 20:23:00,20,9,5,1,2,1,12,17,14,18,16,2,0,1.918481,0.027732,8.86387,0.25,0.2,0.45,0.834277,0.916057,0
user_67601,2022-09-08 22:51:00,18,8,8,3,4,3,0,18,7,19,11,3,0,5.834965,8.273616,2.959718,0.44,0.38,0.44,0.64616,0.399718,0
user_67602,2022-10-14 06:54:00,22,8,11,1,2,1,6,8,9,12,14,4,0,3.967273,6.660361,10.130242,0.5,0.09,0.36,0.423798,0.778679,0
user_67603,2022-10-08 13:07:00,16,10,16,1,1,2,10,2,8,8,7,5,1,7.256387,0.236545,12.171987,1.0,0.06,0.62,0.542122,0.334805,0
user_67604,2022-09-07 16:33:00,22,11,12,0,1,0,15,7,3,14,18,2,0,3.632513,4.113189,3.205802,0.55,0.0,0.5,0.695403,0.756669,0
user_67605,2022-10-02 14:15:00,15,8,10,0,4,1,12,17,10,7,19,6,1,4.356956,3.013029,5.662401,0.67,0.0,0.53,0.895032,0.68234,1
user_67606,2022-09-19 13:44:00,21,13,7,1,0,1,20,7,19,7,12,0,0,0.259239,3.674723,8.570775,0.33,0.14,0.62,0.726674,0.647241,0
user_67607,2022-09-21 14:53:00,19,5,7,0,1,0,8,6,15,4,1,2,0,5.64879,2.303531,1.040105,0.37,0.0,0.26,0.840774,0.868062,0
user_67608,2022-09-23 05:41:00,15,11,7,1,3,2,18,4,4,4,20,4,0,9.262967,10.738147,9.034514,0.47,0.14,0.73,0.848344,0.418033,1
user_67609,2022-09-09 07:25:00,14,9,7,0,1,1,13,17,6,2,11,4,0,4.114748,5.843752,8.57545,0.5,0.0,0.64,0.877989,0.818547,0
user_67610,2022-10-07 02:46:00,19,11,12,0,2,1,18,16,19,16,15,4,0,4.903953,2.66924,9.747758,0.63,0.0,0.58,0.737278,0.987514,0
user_67611,2022-09-08 04:42:00,31,11,3,1,7,0,4,6,19,11,13,3,0,9.743114,0.897671,8.338064,0.1,0.33,0.35,0.314862,0.38709,0
user_67612,2022-10-07 10:49:00,28,7,6,0,3,1,4,20,16,15,11,4,0,4.514114,6.962039,5.02158,0.21,0.0,0.25,0.860161,0.528413,0
user_67613,2022-09-28 13:03:00,29,9,8,1,0,0,16,5,14,18,15,2,0,1.944622,4.906007,7.240723,0.28,0.12,0.31,0.512886,0.749428,0
user_67614,2022-09-23 13:32:00,18,8,9,1,2,2,1,15,11,18,14,4,0,5.450702,1.819286,5.249432,0.5,0.11,0.44,0.739188,0.872363,0
user_67615,2022-09-17 23:32:00,23,6,8,1,4,1,8,9,8,16,18,5,1,3.966594,7.604316,8.318922,0.35,0.12,0.26,0.717238,0.684598,0
user_67616,2022-09-07 02:26:00,19,7,5,1,3,1,9,20,0,10,12,2,0,7.793642,4.396524,7.896797,0.26,0.2,0.37,0.941304,0.510557,0
user_67617,2022-10-14 22:13:00,24,13,6,0,0,1,5,6,3,17,15,4,0,2.579585,6.751291,6.646904,0.25,0.0,0.54,0.5373,0.778829,0
user_67618,2022-09-10 16:43:00,18,15,7,0,1,0,14,5,8,12,2,5,1,5.07162,5.623282,7.397115,0.39,0.0,0.83,0.406593,0.564672,0
user_67619,2022-09-11 05:56:00,18,10,9,1,3,2,10,12,16,1,1,6,1,1.589143,5.176246,3.881566,0.5,0.11,0.56,0.849157,0.547598,0
user_67620,2022-10-27 03:12:00,20,11,10,1,3,0,17,8,9,12,7,3,0,8.713631,6.672706,3.438897,0.5,0.1,0.55,0.888047,0.470736,0
user_67621,2022-09-27 16:49:00,21,11,3,0,2,0,12,9,10,8,5,1,0,6.463027,8.495344,7.648212,0.14,0.0,0.52,0.813612,0.384056,0
user_67622,2022-10-26 07:05:00,17,14,12,0,2,3,20,18,1,5,1,2,0,4.872112,1.811663,6.309154,0.71,0.0,0.82,0.953644,0.686464,0
user_67623,2022-09-13 11:40:00,19,10,2,0,0,1,15,10,18,16,18,1,0,4.984731,3.259641,10.389022,0.11,0.0,0.53,0.904167,0.965754,0
user_67624,2022-10-13 23:02:00,21,13,10,1,1,2,3,1,18,17,12,3,0,1.571111,5.025766,7.112374,0.48,0.1,0.62,0.506711,0.795002,0
user_67625,2022-09-20 06:58:00,21,10,10,1,1,1,6,2,15,13,19,1,0,11.127226,5.919714,10.094794,0.48,0.1,0.48,0.944888,0.741187,1
user_67626,2022-10-05 01:27:00,16,5,10,1,3,0,1,7,10,9,18,2,0,4.539242,1.972305,8.208391,0.62,0.1,0.31,0.536346,0.445837,0
user_67627,2022-10-02 19:08:00,16,17,5,0,3,1,10,2,19,0,20,6,1,3.720763,5.117157,8.768698,0.31,0.0,1.06,0.75021,0.790683,1
user_67628,2022-10-02 22:18:00,29,9,10,3,2,2,6,7,4,1,7,6,1,1.579002,5.85613,8.020793,0.34,0.3,0.31,0.408955,0.746439,0
user_67629,2022-09-15 10:34:00,30,8,3,1,3,0,4,6,10,18,2,3,0,4.754516,3.299053,14.720566,0.1,0.33,0.27,0.784964,0.823574,0
user_67630,2022-09-24 06:11:00,22,9,8,1,0,1,2,4,13,14,5,5,1,9.02874,6.177638,5.767998,0.36,0.12,0.41,0.521355,0.506585,0
user_67631,2022-09-12 00:25:00,15,12,11,1,1,4,14,11,20,14,17,0,0,2.277241,4.593136,5.428984,0.73,0.09,0.8,0.668759,0.695569,0
user_67632,2022-09-18 22:15:00,13,8,5,0,1,0,14,16,3,0,19,6,1,1.796978,4.180657,4.240351,0.38,0.0,0.62,0.502553,0.396632,1
user_67633,2022-10-29 08:26:00,18,10,10,0,2,0,13,1,15,11,10,5,1,5.132703,0.012877,3.27521,0.56,0.0,0.56,0.42819,0.98945,0
user_67634,2022-10-05 22:35:00,20,11,8,0,4,1,19,13,16,17,8,2,0,11.390143,5.667168,6.97592,0.4,0.0,0.55,0.628287,0.347272,0
user_67635,2022-10-05 11:01:00,16,8,3,1,1,0,14,9,3,18,4,2,0,6.605281,7.132225,6.435552,0.19,0.33,0.5,0.553177,0.539309,0
user_67636,2022-10-07 07:58:00,19,13,7,0,0,1,18,8,8,5,3,4,0,5.581041,2.819434,8.289399,0.37,0.0,0.68,0.649244,0.342943,0
user_67637,2022-09-02 15:24:00,14,12,13,2,2,4,17,9,3,19,0,4,0,4.464884,6.261466,6.037477,0.93,0.15,0.86,0.412859,0.884548,0
user_67638,2022-09-06 13:13:00,26,9,14,0,1,3,20,5,2,5,9,1,0,3.221566,8.058637,3.775824,0.54,0.0,0.35,0.49591,0.748746,0
user_67639,2022-09-10 08:30:00,20,8,6,0,2,0,19,0,16,9,19,5,1,3.893311,5.015658,5.852513,0.3,0.0,0.4,0.560173,0.79629,1
user_67640,2022-09-25 23:44:00,21,14,5,0,4,2,15,1,18,2,5,6,1,7.099683,4.901102,9.165472,0.24,0.0,0.67,0.849047,0.97924,0
user_67641,2022-10-08 09:11:00,17,7,6,0,2,0,20,8,14,0,3,5,1,4.285082,4.578033,7.525759,0.35,0.0,0.41,0.560166,0.465277,0
user_67642,2022-10-08 10:08:00,21,8,7,1,3,1,5,16,9,11,5,5,1,8.96754,3.839772,7.506847,0.33,0.14,0.38,0.441373,0.906551,0
user_67643,2022-09-17 03:07:00,14,17,6,1,1,1,20,3,13,7,18,5,1,8.592911,0.017043,4.915957,0.43,0.17,1.21,0.952192,0.821852,0
user_67644,2022-10-25 18:41:00,23,6,12,0,4,1,13,15,11,11,15,1,0,4.516717,7.080181,10.581285,0.52,0.0,0.26,0.595135,0.419908,0
user_67645,2022-09-06 14:58:00,16,9,8,0,0,0,18,9,15,11,9,1,0,8.110552,3.536987,8.791171,0.5,0.0,0.56,0.775232,0.314417,0
user_67646,2022-10-03 18:15:00,21,16,8,0,7,2,0,8,11,6,3,0,0,8.573731,4.333069,5.244965,0.38,0.0,0.76,0.531997,0.598477,0
user_67647,2022-09-20 23:05:00,18,14,9,0,1,0,16,14,11,3,17,1,0,0.861411,8.269501,7.323561,0.5,0.0,0.78,0.471713,0.810751,0
user_67648,2022-09-12 13:45:00,18,4,8,1,2,4,9,4,14,15,2,0,0,2.707133,4.458015,8.580127,0.44,0.12,0.22,0.477303,0.633631,0
user_67649,2022-09-09 14:26:00,25,8,6,1,3,0,7,2,4,9,4,4,0,5.283428,7.714469,13.493295,0.24,0.17,0.32,0.7742,0.87337,0
user_67650,2022-09-29 19:02:00,21,9,10,0,0,1,20,20,0,7,3,3,0,3.526163,1.4075,3.944962,0.48,0.0,0.43,0.354364,0.909612,0
user_67651,2022-10-10 22:58:00,32,8,17,2,1,1,0,8,11,19,14,0,0,0.097296,7.297878,5.403524,0.53,0.12,0.25,0.945122,0.706499,0
user_67652,2022-10-27 11:59:00,30,14,6,0,6,1,0,6,5,0,9,3,0,10.538667,3.284105,7.544446,0.2,0.0,0.47,0.810876,0.878496,0
user_67653,2022-10-09 01:11:00,20,12,10,1,2,0,9,16,7,12,13,6,1,6.638778,5.642141,3.057056,0.5,0.1,0.6,0.662855,0.848694,0
user_67654,2022-10-30 12:36:00,16,16,8,0,1,1,14,9,18,1,3,6,1,2.50162,7.952896,7.965587,0.5,0.0,1.0,0.828711,0.418156,0
user_67655,2022-10-30 15:27:00,30,11,6,0,2,0,17,9,7,1,13,6,1,5.519065,3.883524,7.900845,0.2,0.0,0.37,0.784949,0.70381,0
user_67656,2022-10-02 10:34:00,26,7,6,0,1,2,11,14,18,16,3,6,1,3.840089,3.417579,9.997079,0.23,0.0,0.27,0.736116,0.981825,0
user_67657,2022-09-05 12:42:00,18,12,3,0,5,0,16,2,16,10,13,0,0,4.332635,4.702887,5.981189,0.17,0.0,0.67,0.999057,0.484564,0
user_67658,2022-09-30 15:41:00,23,6,9,1,1,2,9,5,20,20,6,4,0,0.289453,0.316126,8.676024,0.39,0.11,0.26,0.301617,0.354351,0
user_67659,2022-09-03 04:31:00,21,14,11,0,3,3,18,0,2,3,4,5,1,0.471092,5.888096,11.911411,0.52,0.0,0.67,0.48975,0.927751,0
user_67660,2022-10-08 05:44:00,17,12,7,0,2,0,10,2,19,3,5,5,1,6.82535,3.774759,8.241236,0.41,0.0,0.71,0.328765,0.957134,0
user_67661,2022-10-03 18:40:00,11,11,14,0,0,4,14,3,20,5,0,0,0,9.366546,0.660427,4.392043,1.27,0.0,1.0,0.623865,0.671191,0
user_67662,2022-09-01 20:28:00,17,11,9,0,4,3,5,7,7,12,10,3,0,5.400796,4.838741,6.046102,0.53,0.0,0.65,0.625624,0.743482,0
user_67663,2022-10-25 19:14:00,25,9,5,0,3,3,6,6,10,13,15,1,0,6.709109,5.348769,9.25358,0.2,0.0,0.36,0.980332,0.305319,0
user_67664,2022-10-03 23:24:00,22,12,11,0,4,4,2,7,19,15,15,0,0,6.238876,4.908779,8.548436,0.5,0.0,0.55,0.507528,0.372186,0
user_67665,2022-09-19 10:12:00,17,14,8,2,2,2,0,0,3,17,19,0,0,3.322711,10.580579,1.847366,0.47,0.25,0.82,0.510596,0.967402,1
user_67666,2022-10-04 02:19:00,21,14,4,1,4,1,1,5,12,12,3,1,0,9.798391,0.569498,7.725942,0.19,0.25,0.67,0.856329,0.523272,0
user_67667,2022-10-13 04:16:00,27,6,4,1,2,0,15,14,20,17,14,3,0,7.105962,5.152204,4.254718,0.15,0.25,0.22,0.653087,0.923259,0
user_67668,2022-10-05 12:00:00,14,7,11,1,3,2,1,2,8,2,3,2,0,3.129912,6.63156,7.201994,0.79,0.09,0.5,0.695354,0.952142,0
user_67669,2022-09-07 07:54:00,24,10,7,0,4,2,18,13,1,18,14,2,0,7.645563,4.312633,4.369178,0.29,0.0,0.42,0.772451,0.904938,0
user_67670,2022-09-26 14:33:00,17,8,6,1,0,3,7,0,15,9,15,0,0,5.251786,4.971319,4.072889,0.35,0.17,0.47,0.604078,0.88597,0
user_67671,2022-10-16 14:12:00,16,12,12,0,2,5,9,8,0,13,19,6,1,4.379179,5.120538,9.515419,0.75,0.0,0.75,0.540321,0.524164,1
user_67672,2022-10-18 21:58:00,12,9,15,0,0,3,19,15,16,11,6,1,0,7.205874,7.284542,11.208065,1.25,0.0,0.75,0.825786,0.865662,0
user_67673,2022-09-20 13:16:00,12,10,9,1,0,1,13,14,13,6,7,1,0,5.749891,4.596318,7.020465,0.75,0.11,0.83,0.775963,0.408793,0
user_67674,2022-10-22 17:23:00,19,14,13,0,4,3,13,9,12,18,14,5,1,5.931113,7.778504,8.543214,0.68,0.0,0.74,0.803358,0.831906,0
user_67675,2022-09-07 20:12:00,16,12,3,0,1,1,7,15,0,15,16,2,0,3.595925,8.786387,1.981525,0.19,0.0,0.75,0.605151,0.731799,0
user_67676,2022-09-26 11:33:00,31,14,13,0,9,3,15,17,10,2,8,0,0,0.144226,4.408456,10.772486,0.42,0.0,0.45,0.575832,0.555853,0
user_67677,2022-09-06 11:57:00,22,14,8,1,0,3,4,10,9,15,10,1,0,0.299896,2.769291,0.949598,0.36,0.12,0.64,0.473761,0.985691,0
user_67678,2022-10-10 09:53:00,11,12,7,2,2,3,5,14,20,16,5,0,0,2.959306,2.741199,10.713799,0.64,0.29,1.09,0.379768,0.928738,0
user_67679,2022-09-13 04:09:00,12,15,8,2,1,2,13,15,12,15,2,1,0,6.327223,4.231473,9.041645,0.67,0.25,1.25,0.858519,0.308808,0
user_67680,2022-10-08 22:06:00,15,12,5,0,3,2,7,18,15,3,13,5,1,8.201897,11.150081,5.719229,0.33,0.0,0.8,0.522495,0.983269,0
user_67681,2022-10-18 08:21:00,20,12,16,0,1,2,0,3,0,6,15,1,0,6.15201,5.499454,6.294374,0.8,0.0,0.6,0.562353,0.647016,0
user_67682,2022-10-27 19:14:00,18,9,6,0,0,0,14,7,14,2,9,3,0,2.497819,1.07636,10.027502,0.33,0.0,0.5,0.766249,0.717516,0
user_67683,2022-09-07 12:20:00,26,9,8,1,1,2,11,19,13,13,3,2,0,6.04421,9.341078,8.129855,0.31,0.12,0.35,0.787846,0.678498,0
user_67684,2022-09-02 05:06:00,19,8,8,0,4,2,17,15,13,2,8,4,0,2.636741,2.614656,8.455106,0.42,0.0,0.42,0.895495,0.946383,0
user_67685,2022-10-16 12:37:00,23,14,8,0,3,2,4,0,2,10,15,6,1,7.912869,3.577309,4.706674,0.35,0.0,0.61,0.802101,0.669418,0
user_67686,2022-09-27 01:22:00,25,12,9,1,0,0,14,8,17,12,6,1,0,2.067384,2.603094,2.884429,0.36,0.11,0.48,0.598137,0.342788,0
user_67687,2022-10-30 20:37:00,24,15,8,1,1,2,15,20,1,15,5,6,1,9.356602,0.15813,13.491156,0.33,0.12,0.62,0.322895,0.966451,0
user_67688,2022-09-03 10:11:00,18,4,5,0,0,0,0,1,13,16,15,5,1,3.21226,0.504226,11.48578,0.28,0.0,0.22,0.679428,0.73228,0
user_67689,2022-09-14 07:18:00,13,10,6,0,0,3,4,14,1,20,18,2,0,2.227145,1.604352,8.045257,0.46,0.0,0.77,0.814641,0.961516,0
user_67690,2022-09-28 17:20:00,26,10,9,0,5,2,3,1,7,2,8,2,0,5.72692,8.162106,3.922084,0.35,0.0,0.38,0.399486,0.524972,0
user_67691,2022-10-20 17:22:00,15,9,10,2,2,2,9,5,11,13,17,3,0,6.428261,1.957018,9.988535,0.67,0.2,0.6,0.501376,0.386412,0
user_67692,2022-09-04 00:43:00,15,4,9,0,2,3,18,10,11,16,8,6,1,5.338615,4.440768,11.388955,0.6,0.0,0.27,0.554956,0.937409,0
user_67693,2022-09-30 01:10:00,19,15,8,1,0,2,6,6,14,7,16,4,0,2.093784,3.710097,6.227212,0.42,0.12,0.79,0.840635,0.751571,0
user_67694,2022-09-11 07:26:00,18,10,4,0,3,0,9,1,12,8,8,6,1,1.38473,3.904476,7.977865,0.22,0.0,0.56,0.451611,0.491488,0
user_67695,2022-10-12 13:53:00,23,7,13,0,4,3,12,7,0,17,3,2,0,2.895285,2.399217,9.684166,0.57,0.0,0.3,0.55235,0.900747,0
user_67696,2022-10-29 01:32:00,21,6,5,0,5,3,10,11,16,5,5,5,1,5.186772,2.785638,5.049785,0.24,0.0,0.29,0.682162,0.815979,0
user_67697,2022-10-29 13:27:00,16,10,5,0,1,2,10,5,19,19,14,5,1,2.85034,0.058059,7.08306,0.31,0.0,0.62,0.798852,0.759684,0
user_67698,2022-09-15 14:29:00,28,9,19,1,5,2,15,3,7,13,15,3,0,2.978176,3.440942,8.191754,0.68,0.05,0.32,0.766391,0.928053,0
user_67699,2022-09-12 12:18:00,17,9,12,2,2,2,1,9,0,17,9,0,0,6.032295,8.736317,1.376449,0.71,0.17,0.53,0.357586,0.505879,0
user_67700,2022-10-26 23:49:00,11,13,11,0,0,1,7,9,19,12,16,2,0,4.988423,2.111795,3.204636,1.0,0.0,1.18,0.709475,0.585224,0
user_67701,2022-10-15 08:16:00,14,14,14,2,1,5,6,8,20,13,2,5,1,7.172214,2.334001,7.347733,1.0,0.14,1.0,0.968758,0.508121,0
user_67702,2022-09-20 04:29:00,21,10,5,2,1,1,8,8,16,14,7,1,0,5.45993,6.937166,10.702807,0.24,0.4,0.48,0.496566,0.83777,0
user_67703,2022-10-09 14:40:00,18,9,12,1,1,2,4,12,5,4,1,6,1,3.899086,5.252703,9.736228,0.67,0.08,0.5,0.50754,0.964812,0
user_67704,2022-10-05 10:23:00,29,18,7,1,3,2,2,2,14,15,6,2,0,7.606394,2.614092,4.921073,0.24,0.14,0.62,0.737594,0.85632,0
user_67705,2022-09-18 08:40:00,23,9,5,0,7,1,14,10,19,0,11,6,1,7.494207,6.395885,15.74778,0.22,0.0,0.39,0.308844,0.394153,0
user_67706,2022-09-08 14:30:00,21,23,13,1,4,4,18,13,19,9,20,3,0,10.217197,1.548199,8.360765,0.62,0.08,1.1,0.363391,0.939138,1
user_67707,2022-09-22 13:22:00,19,13,8,1,1,1,14,19,1,7,1,3,0,4.386839,2.777838,7.363867,0.42,0.12,0.68,0.52473,0.56901,0
user_67708,2022-10-18 06:44:00,26,7,5,0,2,1,8,7,5,13,0,1,0,8.38914,5.18292,2.850035,0.19,0.0,0.27,0.380807,0.709867,0
user_67709,2022-09-25 01:03:00,24,10,9,0,2,2,2,5,0,17,18,6,1,6.861864,6.586651,7.310496,0.38,0.0,0.42,0.641678,0.864206,0
user_67710,2022-10-24 17:28:00,23,8,7,0,0,1,12,20,12,8,17,0,0,9.082215,1.042363,8.862689,0.3,0.0,0.35,0.361667,0.654632,0
user_67711,2022-09-24 19:49:00,23,12,11,0,4,1,3,1,15,19,7,5,1,5.153713,7.234605,4.903395,0.48,0.0,0.52,0.737701,0.93293,0
user_67712,2022-10-17 09:15:00,12,10,9,0,1,1,6,18,6,2,16,0,0,0.134219,2.584869,0.735238,0.75,0.0,0.83,0.647475,0.727051,0
user_67713,2022-09-28 19:03:00,17,4,7,0,3,0,13,1,4,14,12,2,0,5.178645,10.040176,5.993206,0.41,0.0,0.24,0.753422,0.317289,0
user_67714,2022-09-05 23:32:00,17,8,5,2,0,1,9,8,6,8,3,0,0,5.884736,2.928709,8.491689,0.29,0.4,0.47,0.667253,0.821612,0
user_67715,2022-10-04 09:47:00,28,11,10,0,5,3,13,8,20,1,12,1,0,0.621201,2.806479,12.834629,0.36,0.0,0.39,0.752177,0.675557,0
user_67716,2022-10-18 15:34:00,26,11,13,1,1,0,9,9,0,12,13,1,0,2.750189,3.480987,10.476684,0.5,0.08,0.42,0.810943,0.400129,0
user_67717,2022-09-22 13:22:00,21,13,6,2,3,2,14,8,14,4,13,3,0,5.78797,9.054319,8.723787,0.29,0.33,0.62,0.963418,0.318705,0
user_67718,2022-10-20 12:21:00,22,12,3,0,2,1,11,10,8,12,11,3,0,3.965231,6.680073,4.535838,0.14,0.0,0.55,0.469293,0.479419,0
user_67719,2022-10-16 13:35:00,16,11,6,1,1,1,14,17,2,12,0,6,1,6.48578,6.60289,8.253914,0.38,0.17,0.69,0.482525,0.933241,0
user_67720,2022-09-27 18:54:00,21,9,8,0,2,0,2,5,5,10,1,1,0,0.210038,4.90022,4.066019,0.38,0.0,0.43,0.507022,0.931916,0
user_67721,2022-09-13 13:23:00,19,13,16,0,3,1,13,16,3,11,16,1,0,5.761521,5.908778,7.435718,0.84,0.0,0.68,0.923602,0.719773,0
user_67722,2022-10-30 22:58:00,17,8,10,1,2,1,13,8,17,12,19,6,1,6.663441,0.891998,7.188572,0.59,0.1,0.47,0.384652,0.479407,1
user_67723,2022-09-08 10:41:00,21,16,11,1,5,1,8,3,0,13,7,3,0,3.585997,5.350716,4.946242,0.52,0.09,0.76,0.341383,0.933947,0
user_67724,2022-10-12 12:12:00,16,12,6,1,1,1,8,9,6,10,2,2,0,0.165529,7.615487,5.675528,0.38,0.17,0.75,0.405135,0.884207,0
user_67725,2022-10-26 18:19:00,15,8,8,1,1,2,16,4,13,17,13,2,0,5.643403,5.68064,5.332037,0.53,0.12,0.53,0.936296,0.477641,0
user_67726,2022-10-27 07:50:00,22,13,10,1,4,2,15,17,6,15,3,3,0,4.524729,2.718726,9.894786,0.45,0.1,0.59,0.544633,0.339188,0
user_67727,2022-10-12 04:04:00,21,15,5,1,1,0,19,20,19,3,12,2,0,6.114023,7.819919,2.748961,0.24,0.2,0.71,0.763326,0.631083,0
user_67728,2022-10-26 22:16:00,25,8,5,0,1,2,16,15,18,2,13,2,0,2.394903,7.010369,11.601225,0.2,0.0,0.32,0.38088,0.501141,0
user_67729,2022-10-24 22:07:00,19,14,5,0,2,2,2,0,18,19,0,0,0,5.58024,6.643625,8.379999,0.26,0.0,0.74,0.524467,0.528658,0
user_67730,2022-09-11 01:11:00,29,17,6,0,5,1,5,5,3,15,10,6,1,3.333585,6.096375,8.239808,0.21,0.0,0.59,0.631252,0.30304,0
user_67731,2022-09-01 20:19:00,23,8,14,1,3,0,17,17,18,17,4,3,0,4.93133,2.106615,4.25968,0.61,0.07,0.35,0.663232,0.968822,0
user_67732,2022-10-08 14:51:00,22,11,9,1,1,0,14,19,7,17,1,5,1,10.732145,4.220991,5.999206,0.41,0.11,0.5,0.775485,0.938151,0
user_67733,2022-09-24 06:12:00,25,6,7,0,2,1,1,0,19,1,12,5,1,9.418742,2.777114,7.537915,0.28,0.0,0.24,0.607562,0.936083,0
user_67734,2022-09-08 06:10:00,18,10,8,1,0,0,3,10,17,16,18,3,0,3.097496,5.806122,10.530394,0.44,0.12,0.56,0.529914,0.50923,0
user_67735,2022-10-11 04:26:00,19,7,12,0,1,2,13,5,13,19,17,1,0,3.585084,7.319472,6.888989,0.63,0.0,0.37,0.985281,0.442277,0
user_67736,2022-09-07 06:19:00,18,13,11,1,2,1,15,6,20,20,20,2,0,6.250816,7.287239,4.205404,0.61,0.09,0.72,0.660209,0.732737,1
user_67737,2022-10-01 05:45:00,29,9,12,2,4,1,6,9,0,16,8,5,1,10.362596,1.606878,1.975566,0.41,0.17,0.31,0.838094,0.482229,0
user_67738,2022-10-24 22:17:00,22,10,8,0,4,1,2,0,8,6,7,0,0,1.476506,4.726601,10.753509,0.36,0.0,0.45,0.531812,0.954027,0
user_67739,2022-09-04 15:12:00,17,12,4,1,2,0,17,5,11,19,10,6,1,6.698166,8.044644,6.665307,0.24,0.25,0.71,0.330924,0.503596,0
user_67740,2022-10-22 04:31:00,22,7,7,1,1,3,14,13,7,8,10,5,1,10.547603,1.17891,3.734201,0.32,0.14,0.32,0.639539,0.373835,0
user_67741,2022-10-08 23:44:00,17,9,9,0,5,1,14,20,12,15,1,5,1,4.320726,5.116296,7.300889,0.53,0.0,0.53,0.746127,0.313617,0
user_67742,2022-10-07 23:19:00,24,8,9,2,3,2,17,13,3,0,19,4,0,2.234181,2.522524,11.69682,0.38,0.22,0.33,0.391806,0.559372,1
user_67743,2022-10-13 08:22:00,18,9,10,2,1,5,1,13,8,8,13,3,0,11.107032,5.665758,7.604719,0.56,0.2,0.5,0.310481,0.394062,0
user_67744,2022-10-07 18:18:00,19,8,12,1,1,2,4,0,15,16,15,4,0,4.004881,7.484927,11.656827,0.63,0.08,0.42,0.778457,0.699998,0
user_67745,2022-10-03 09:48:00,26,12,12,0,3,2,12,0,8,11,8,0,0,9.887952,6.409827,12.7342,0.46,0.0,0.46,0.469934,0.478983,0
user_67746,2022-09-11 17:30:00,19,9,9,0,1,1,1,5,10,8,17,6,1,1.48576,7.140236,7.793707,0.47,0.0,0.47,0.953944,0.879912,0
user_67747,2022-09-18 01:37:00,25,7,8,1,2,1,9,1,16,5,10,6,1,8.930826,8.570072,2.464504,0.32,0.12,0.28,0.3934,0.749848,0
user_67748,2022-09-20 20:30:00,18,6,9,2,2,0,18,13,3,10,6,1,0,4.670111,8.550307,6.356271,0.5,0.22,0.33,0.992951,0.37992,0
user_67749,2022-10-26 11:42:00,11,8,7,0,1,1,18,16,6,13,17,2,0,1.706195,8.601772,6.936126,0.64,0.0,0.73,0.431937,0.538455,0
user_67750,2022-10-16 03:10:00,19,10,8,1,1,3,8,3,6,6,1,6,1,12.444648,7.455495,1.108471,0.42,0.12,0.53,0.948306,0.455802,0
user_67751,2022-09-27 05:00:00,18,11,13,0,0,1,9,15,2,1,0,1,0,10.234487,6.230835,6.20119,0.72,0.0,0.61,0.311189,0.51765,0
user_67752,2022-09-18 01:38:00,29,13,7,0,2,4,8,18,5,17,7,6,1,9.385321,8.986122,4.922964,0.24,0.0,0.45,0.851606,0.467887,0
user_67753,2022-09-27 06:01:00,17,8,14,0,5,2,11,12,13,20,1,1,0,7.510233,8.308791,6.909618,0.82,0.0,0.47,0.934711,0.810192,0
user_67754,2022-10-01 23:13:00,18,12,10,0,1,3,7,20,18,11,11,5,1,0.111149,2.881854,8.17819,0.56,0.0,0.67,0.827642,0.308491,0
user_67755,2022-10-18 07:09:00,13,10,7,0,1,1,5,7,5,3,12,1,0,3.964017,5.290996,14.115749,0.54,0.0,0.77,0.348751,0.525854,0
user_67756,2022-10-14 08:00:00,23,10,8,1,4,0,17,2,12,3,0,4,0,10.250135,8.457578,6.044611,0.35,0.12,0.43,0.582014,0.827611,0
user_67757,2022-09-19 11:26:00,19,10,7,2,1,2,12,2,20,6,20,0,0,6.613297,7.751687,10.551603,0.37,0.29,0.53,0.386389,0.451706,1
user_67758,2022-10-16 22:47:00,27,8,9,0,3,1,12,0,0,3,19,6,1,10.680777,6.27823,6.709661,0.33,0.0,0.3,0.648088,0.358675,1
user_67759,2022-09-15 21:52:00,20,13,6,1,2,1,15,13,17,6,15,3,0,7.902209,4.635499,5.17346,0.3,0.17,0.65,0.723475,0.443577,0
user_67760,2022-09-30 12:49:00,25,6,8,1,5,3,19,13,2,18,3,4,0,0.031209,0.021746,7.224978,0.32,0.12,0.24,0.379276,0.817022,0
user_67761,2022-09-27 14:42:00,16,12,4,1,3,0,17,19,17,13,3,1,0,3.786716,4.569344,11.394506,0.25,0.25,0.75,0.938951,0.556887,0
user_67762,2022-09-12 17:41:00,18,9,6,0,3,1,15,15,5,11,6,0,0,8.481276,6.335387,5.607984,0.33,0.0,0.5,0.383043,0.427817,0
user_67763,2022-09-18 20:46:00,30,7,10,3,1,4,3,12,6,19,1,6,1,3.694824,2.272897,3.438571,0.33,0.3,0.23,0.821207,0.812237,0
user_67764,2022-10-02 22:32:00,14,6,5,1,2,0,5,13,2,0,12,6,1,4.289393,6.337659,3.13081,0.36,0.2,0.43,0.859816,0.884866,0
user_67765,2022-09-09 02:20:00,21,7,7,1,2,0,8,13,2,1,2,4,0,9.155499,6.018238,0.450799,0.33,0.14,0.33,0.749883,0.51531,0
user_67766,2022-10-21 11:55:00,18,11,13,0,1,4,16,16,18,13,15,4,0,4.78023,2.048116,4.852018,0.72,0.0,0.61,0.370903,0.406817,0
user_67767,2022-09-21 05:32:00,24,13,8,1,1,0,18,20,10,13,6,2,0,9.296015,7.087366,8.940528,0.33,0.12,0.54,0.758885,0.66092,0
user_67768,2022-09-18 18:23:00,22,16,9,0,5,2,11,15,18,4,11,6,1,3.847149,8.526528,11.910468,0.41,0.0,0.73,0.720232,0.308601,0
user_67769,2022-10-15 23:11:00,18,18,10,1,1,3,11,13,20,10,16,5,1,5.256487,6.529798,9.955126,0.56,0.1,1.0,0.923629,0.71502,0
user_67770,2022-10-24 03:03:00,30,15,10,0,3,2,7,10,7,8,16,0,0,7.274881,3.721148,2.523329,0.33,0.0,0.5,0.446225,0.769565,0
user_67771,2022-09-13 15:58:00,22,11,7,1,2,0,3,14,6,16,20,1,0,8.720484,5.084918,3.576152,0.32,0.14,0.5,0.544959,0.563031,1
user_67772,2022-10-13 06:39:00,26,9,13,1,3,2,1,4,3,12,14,3,0,8.905795,6.401668,8.069534,0.5,0.08,0.35,0.899671,0.971725,0
user_67773,2022-09-27 06:06:00,21,12,9,1,1,4,14,4,11,19,16,1,0,4.350783,3.485118,2.116903,0.43,0.11,0.57,0.364588,0.708796,0
user_67774,2022-09-01 10:01:00,15,7,6,0,0,2,7,4,1,2,20,3,0,5.204874,8.504465,1.878079,0.4,0.0,0.47,0.687181,0.987951,1
user_67775,2022-10-12 23:58:00,16,12,2,1,0,0,8,0,18,11,5,2,0,1.388581,3.068528,6.533742,0.12,0.5,0.75,0.656926,0.304186,0
user_67776,2022-09-10 06:37:00,16,11,9,2,3,1,2,20,11,12,2,5,1,3.38332,6.137949,7.365667,0.56,0.22,0.69,0.624591,0.556401,0
user_67777,2022-10-06 05:18:00,21,13,4,1,0,0,3,16,11,18,12,3,0,8.1646,3.234597,6.2701,0.19,0.25,0.62,0.536159,0.324366,0
user_67778,2022-09-29 13:17:00,27,12,6,0,5,1,0,12,1,7,16,3,0,0.67937,7.042905,3.736798,0.22,0.0,0.44,0.916772,0.716138,0
user_67779,2022-09-17 20:48:00,26,10,11,0,4,5,14,15,9,1,6,5,1,3.481568,4.850158,5.794143,0.42,0.0,0.38,0.977328,0.368495,0
user_67780,2022-10-16 13:15:00,19,10,5,0,4,1,10,9,6,9,8,6,1,1.842676,9.780934,10.758364,0.26,0.0,0.53,0.774738,0.389314,0
user_67781,2022-09-27 22:46:00,18,13,11,0,1,2,15,19,5,3,14,1,0,5.875311,2.467251,7.594765,0.61,0.0,0.72,0.892777,0.682638,0
user_67782,2022-09-22 23:29:00,24,8,6,0,2,1,14,12,4,9,0,3,0,3.445021,4.753994,9.628328,0.25,0.0,0.33,0.712054,0.35764,0
user_67783,2022-10-20 19:54:00,18,10,2,0,2,0,10,15,11,0,17,3,0,1.219143,1.786315,5.296586,0.11,0.0,0.56,0.99444,0.888288,0
user_67784,2022-10-16 12:26:00,14,10,8,0,2,2,13,2,14,9,15,6,1,1.063619,7.830165,7.278676,0.57,0.0,0.71,0.851749,0.648864,0
user_67785,2022-10-08 00:00:00,14,9,8,0,2,2,13,9,12,5,12,5,1,0.83393,8.429387,6.013776,0.57,0.0,0.64,0.964919,0.601634,0
user_67786,2022-10-09 23:49:00,20,11,7,1,3,3,12,5,12,9,12,6,1,2.774778,7.125396,10.720012,0.35,0.14,0.55,0.805857,0.934811,0
user_67787,2022-09-02 00:31:00,22,14,12,1,4,1,1,5,14,1,10,4,0,2.001054,6.448086,6.210532,0.55,0.08,0.64,0.873138,0.743477,0
user_67788,2022-10-10 00:15:00,19,9,4,1,1,0,4,16,5,13,19,0,0,4.311776,10.079686,4.72269,0.21,0.25,0.47,0.774891,0.585961,1
user_67789,2022-09-21 13:37:00,20,9,6,0,1,1,14,10,9,13,3,2,0,1.390296,0.166013,7.954485,0.3,0.0,0.45,0.779737,0.636406,0
user_67790,2022-10-23 05:01:00,22,13,3,0,2,1,9,3,9,7,8,6,1,4.40087,6.100258,8.621944,0.14,0.0,0.59,0.616044,0.348735,0
user_67791,2022-10-12 01:17:00,20,12,11,0,1,2,5,13,12,13,11,2,0,6.264523,9.43569,8.431987,0.55,0.0,0.6,0.653948,0.966755,0
user_67792,2022-09-21 07:05:00,10,10,7,1,1,1,7,2,17,8,19,2,0,10.494824,5.951195,9.537169,0.7,0.14,1.0,0.562134,0.584457,1
user_67793,2022-09-07 11:32:00,23,16,11,1,4,2,7,11,11,9,15,2,0,2.24441,0.598635,7.183333,0.48,0.09,0.7,0.872572,0.843021,0
user_67794,2022-09-09 07:29:00,20,4,7,1,2,1,6,12,19,14,1,4,0,6.183208,7.094787,5.061984,0.35,0.14,0.2,0.557461,0.785293,0
user_67795,2022-10-04 04:25:00,18,7,5,0,3,0,18,10,9,17,5,1,0,3.915723,2.278671,8.013839,0.28,0.0,0.39,0.779888,0.59629,0
user_67796,2022-10-09 22:51:00,11,7,8,2,1,1,7,7,10,12,16,6,1,6.240101,6.568422,4.659061,0.73,0.25,0.64,0.351243,0.682202,0
user_67797,2022-09-01 14:43:00,13,11,8,1,1,3,19,10,5,9,2,3,0,5.153939,7.765607,6.500794,0.62,0.12,0.85,0.339951,0.713501,0
user_67798,2022-10-25 16:38:00,18,9,7,0,1,3,20,5,19,7,2,1,0,2.651265,8.276139,6.481333,0.39,0.0,0.5,0.991621,0.925568,0
user_67799,2022-09-10 09:27:00,16,6,12,0,0,2,15,19,13,3,4,5,1,6.291441,6.288039,4.569096,0.75,0.0,0.38,0.629798,0.75597,0
user_67800,2022-09-15 04:42:00,18,14,7,1,1,0,6,5,10,8,9,3,0,5.486543,9.720118,6.393489,0.39,0.14,0.78,0.559562,0.714097,0
user_67801,2022-10-03 22:56:00,18,12,3,0,0,1,9,20,14,2,8,0,0,8.795478,3.584612,9.83786,0.17,0.0,0.67,0.803778,0.516408,0
user_67802,2022-10-30 16:09:00,23,10,9,1,4,1,15,20,9,2,13,6,1,6.927292,5.589063,4.235002,0.39,0.11,0.43,0.788603,0.423748,0
user_67803,2022-10-17 11:51:00,20,3,2,1,1,1,3,14,7,20,1,0,0,1.906709,7.117519,9.860938,0.1,0.5,0.15,0.317813,0.702688,0
user_67804,2022-10-02 07:10:00,19,17,11,0,0,0,7,4,12,13,8,6,1,0.039922,0.922676,3.902239,0.58,0.0,0.89,0.448063,0.682126,0
user_67805,2022-09-24 18:04:00,23,7,8,1,2,0,0,5,6,8,16,5,1,4.861956,7.050907,1.9236,0.35,0.12,0.3,0.425356,0.94032,0
user_67806,2022-09-24 01:17:00,20,5,5,1,2,1,14,17,3,7,1,5,1,5.335836,4.914307,13.896712,0.25,0.2,0.25,0.896503,0.596634,0
user_67807,2022-09-07 19:37:00,23,8,6,0,1,0,4,6,7,6,4,2,0,0.697426,12.203946,10.336172,0.26,0.0,0.35,0.557924,0.965115,0
user_67808,2022-10-08 00:27:00,31,13,12,0,5,2,2,12,11,20,5,5,1,5.535123,1.416614,10.861831,0.39,0.0,0.42,0.492836,0.511821,0
user_67809,2022-10-29 00:41:00,23,13,8,0,4,3,18,0,15,6,16,5,1,4.715343,12.97745,6.342449,0.35,0.0,0.57,0.953975,0.587485,0
user_67810,2022-09-07 10:20:00,17,19,9,0,1,3,11,18,19,19,6,2,0,8.667398,2.903964,1.615355,0.53,0.0,1.12,0.990503,0.488237,0
user_67811,2022-09-07 00:31:00,22,19,13,1,1,4,18,7,8,7,14,2,0,1.786975,9.03964,8.930362,0.59,0.08,0.86,0.527199,0.910309,0
user_67812,2022-10-24 01:50:00,17,9,6,3,4,0,1,11,8,0,13,0,0,4.756253,3.809302,7.396945,0.35,0.5,0.53,0.973337,0.903329,0
user_67813,2022-09-17 23:52:00,24,4,7,0,3,2,19,3,17,1,10,5,1,3.133587,5.966985,4.427562,0.29,0.0,0.17,0.310462,0.866939,0
user_67814,2022-10-02 03:01:00,17,13,6,0,1,1,2,1,2,18,16,6,1,4.114511,3.557997,6.153249,0.35,0.0,0.76,0.762508,0.940809,0
user_67815,2022-10-22 16:05:00,14,9,9,0,1,1,4,4,1,5,8,5,1,1.986761,5.653418,12.521041,0.64,0.0,0.64,0.633187,0.639064,0
user_67816,2022-10-10 13:06:00,17,6,15,0,1,3,18,11,11,16,6,0,0,4.515076,4.683208,8.973757,0.88,0.0,0.35,0.303163,0.495368,0
user_67817,2022-09-13 13:46:00,16,14,10,0,3,5,14,13,14,6,10,1,0,8.713097,7.832049,4.947353,0.62,0.0,0.88,0.882056,0.454051,0
user_67818,2022-09-10 14:51:00,14,10,4,1,0,0,10,9,2,10,2,5,1,7.441539,3.369188,10.460927,0.29,0.25,0.71,0.41816,0.586585,0
user_67819,2022-09-16 00:29:00,23,6,7,1,1,3,15,5,18,6,13,4,0,8.279211,2.247368,7.275329,0.3,0.14,0.26,0.548846,0.652847,0
user_67820,2022-10-19 20:27:00,15,12,6,1,2,1,18,6,3,1,18,2,0,3.944688,0.160571,7.592609,0.4,0.17,0.8,0.66306,0.920444,0
user_67821,2022-10-25 19:19:00,18,8,9,0,1,1,14,13,5,5,0,1,0,7.932915,7.811984,2.853392,0.5,0.0,0.44,0.773602,0.679939,0
user_67822,2022-10-13 15:25:00,19,3,8,0,1,2,15,4,6,20,15,3,0,4.973596,9.670323,8.309139,0.42,0.0,0.16,0.950467,0.962789,0
user_67823,2022-10-04 11:31:00,24,5,8,0,3,0,3,8,17,6,2,1,0,0.94596,4.289707,3.520168,0.33,0.0,0.21,0.305621,0.601364,0
user_67824,2022-09-05 06:48:00,26,11,6,2,1,0,2,11,11,16,0,0,0,6.225877,1.905607,0.670677,0.23,0.33,0.42,0.404657,0.496587,0
user_67825,2022-09-24 06:54:00,19,9,9,0,1,1,16,10,13,8,9,5,1,5.909394,3.778046,3.69621,0.47,0.0,0.47,0.572809,0.422572,0
user_67826,2022-09-29 16:21:00,18,11,10,1,1,3,13,4,11,14,0,3,0,7.844605,3.334456,7.017697,0.56,0.1,0.61,0.958492,0.540355,0
user_67827,2022-10-12 03:51:00,20,9,11,1,0,0,20,0,5,0,1,2,0,4.352793,6.329085,7.766943,0.55,0.09,0.45,0.350149,0.666131,0
user_67828,2022-09-24 23:12:00,20,10,5,0,2,0,7,9,7,18,6,5,1,6.588806,4.341771,5.301595,0.25,0.0,0.5,0.507975,0.598872,0
user_67829,2022-10-28 21:49:00,23,12,9,0,1,2,12,7,17,18,11,4,0,6.269692,5.962708,3.690458,0.39,0.0,0.52,0.370234,0.608862,0
user_67830,2022-10-23 01:45:00,16,8,7,1,3,1,9,19,13,1,7,6,1,6.909513,6.018876,5.856462,0.44,0.14,0.5,0.579237,0.806444,0
user_67831,2022-10-27 15:53:00,24,12,11,0,2,2,20,9,4,7,5,3,0,2.510747,3.619155,7.650833,0.46,0.0,0.5,0.432891,0.465527,0
user_67832,2022-09-05 18:05:00,17,10,9,1,1,3,5,6,9,16,9,0,0,0.630227,5.886339,5.551739,0.53,0.11,0.59,0.493855,0.378405,0
user_67833,2022-09-28 06:24:00,19,13,9,1,2,2,15,15,1,8,20,2,0,7.593281,2.504532,5.958324,0.47,0.11,0.68,0.820831,0.324675,1
user_67834,2022-10-13 01:30:00,25,12,3,0,1,0,1,20,12,7,1,3,0,9.200189,2.311656,7.69936,0.12,0.0,0.48,0.355254,0.919619,0
user_67835,2022-10-23 18:16:00,14,7,7,1,1,1,6,8,17,6,10,6,1,2.420379,1.640526,6.358787,0.5,0.14,0.5,0.840305,0.703843,0
user_67836,2022-09-04 00:01:00,18,13,3,0,1,0,18,12,17,5,13,6,1,2.201438,3.141342,7.316774,0.17,0.0,0.72,0.453108,0.33504,0
user_67837,2022-09-25 22:33:00,16,10,6,0,2,1,5,17,20,12,3,6,1,0.336778,7.940987,8.326905,0.38,0.0,0.62,0.45641,0.910559,0
user_67838,2022-10-11 13:24:00,28,15,7,0,3,2,1,17,5,10,15,1,0,7.368171,8.067427,10.87718,0.25,0.0,0.54,0.732503,0.481062,0
user_67839,2022-10-15 08:31:00,18,7,11,0,3,3,19,10,13,20,2,5,1,6.882455,7.99447,10.352513,0.61,0.0,0.39,0.353682,0.69672,0
user_67840,2022-10-30 00:02:00,21,13,9,2,1,1,17,4,13,4,5,6,1,4.373634,6.749111,8.379745,0.43,0.22,0.62,0.487564,0.845481,0
user_67841,2022-10-17 09:43:00,18,11,11,1,0,0,2,4,15,20,13,0,0,4.849519,8.246525,1.880968,0.61,0.09,0.61,0.369608,0.379687,0
user_67842,2022-09-11 00:29:00,30,7,6,0,2,2,14,11,6,7,9,6,1,5.663766,3.046784,8.386814,0.2,0.0,0.23,0.945107,0.611631,0
user_67843,2022-09-10 16:55:00,14,17,17,1,4,1,2,11,9,10,15,5,1,0.544521,7.54034,8.343429,1.21,0.06,1.21,0.72726,0.64571,0
user_67844,2022-10-20 16:05:00,31,12,7,1,1,2,20,16,17,3,13,3,0,6.571738,0.515507,7.313336,0.23,0.14,0.39,0.98798,0.602613,0
user_67845,2022-09-08 01:49:00,20,8,10,0,4,4,5,17,14,13,2,3,0,13.883153,3.950702,0.663873,0.5,0.0,0.4,0.98074,0.78189,0
user_67846,2022-10-16 12:26:00,22,12,11,0,3,3,15,14,13,6,9,6,1,3.865867,5.586893,7.47468,0.5,0.0,0.55,0.904521,0.972315,0
user_67847,2022-09-27 14:05:00,16,10,5,0,4,1,0,18,11,14,6,1,0,4.037736,7.444354,3.339076,0.31,0.0,0.62,0.89605,0.908122,0
user_67848,2022-09-15 21:48:00,20,7,10,1,1,2,12,20,5,9,19,3,0,2.37177,1.793668,7.567686,0.5,0.1,0.35,0.368257,0.924994,1
user_67849,2022-09-10 20:15:00,15,5,7,0,2,0,5,7,16,13,13,5,1,8.525986,4.983521,8.481905,0.47,0.0,0.33,0.432875,0.360281,0
user_67850,2022-09-03 02:39:00,19,13,10,1,2,2,16,17,6,17,18,5,1,3.401685,5.305739,7.525744,0.53,0.1,0.68,0.69853,0.905529,0
user_67851,2022-09-21 01:25:00,19,8,5,1,2,1,11,19,6,7,1,2,0,4.218561,13.574855,8.803638,0.26,0.2,0.42,0.791471,0.307353,0
user_67852,2022-10-30 06:23:00,19,8,7,1,2,4,9,1,19,20,18,6,1,6.189606,2.594515,6.731253,0.37,0.14,0.42,0.494914,0.539693,0
user_67853,2022-10-19 07:47:00,24,14,8,2,2,4,5,6,14,1,12,2,0,5.647768,7.122023,3.662227,0.33,0.25,0.58,0.821967,0.643018,0
user_67854,2022-10-04 19:38:00,25,11,6,1,3,0,20,13,14,11,12,1,0,3.934959,6.459049,6.3662,0.24,0.17,0.44,0.975384,0.72427,0
user_67855,2022-09-05 02:56:00,26,10,6,0,3,2,7,19,11,14,5,0,0,5.402833,5.095018,6.475378,0.23,0.0,0.38,0.944046,0.429471,0
user_67856,2022-10-24 10:08:00,23,6,6,1,2,1,12,11,3,1,10,0,0,1.471046,5.536414,4.295478,0.26,0.17,0.26,0.972947,0.557031,0
user_67857,2022-10-24 17:57:00,24,10,11,0,1,0,14,3,6,18,14,0,0,5.058074,4.025299,7.695978,0.46,0.0,0.42,0.499655,0.979473,0
user_67858,2022-10-28 16:32:00,13,10,11,0,2,3,5,3,19,5,10,4,0,5.535441,4.070297,7.250901,0.85,0.0,0.77,0.431942,0.660374,0
user_67859,2022-09-10 15:45:00,21,10,14,0,2,1,15,11,15,8,19,5,1,6.259487,0.801416,4.048556,0.67,0.0,0.48,0.610694,0.502546,1
user_67860,2022-10-08 21:14:00,23,7,8,1,3,1,2,16,8,5,11,5,1,3.915389,0.443651,9.041343,0.35,0.12,0.3,0.426057,0.530171,0
user_67861,2022-09-03 03:45:00,21,13,5,0,2,0,17,1,13,20,19,5,1,1.292354,6.350811,6.632829,0.24,0.0,0.62,0.514424,0.855162,1
user_67862,2022-09-19 06:29:00,17,9,13,0,2,1,6,12,6,4,14,0,0,7.75564,9.87335,0.532569,0.76,0.0,0.53,0.691609,0.340551,0
user_67863,2022-10-01 15:28:00,22,19,6,0,2,1,16,11,19,18,9,5,1,4.064909,7.907115,10.231815,0.27,0.0,0.86,0.964977,0.372275,0
user_67864,2022-10-21 02:26:00,15,5,7,1,3,1,8,19,16,10,18,4,0,2.088346,3.30611,3.440216,0.47,0.14,0.33,0.916941,0.797981,0
user_67865,2022-10-12 02:13:00,27,7,6,1,3,1,6,10,7,8,7,2,0,7.607363,4.290113,11.308035,0.22,0.17,0.26,0.920915,0.381093,0
user_67866,2022-10-04 21:40:00,26,10,6,0,7,2,5,11,8,0,18,1,0,5.804581,8.479598,6.359386,0.23,0.0,0.38,0.402737,0.775304,0
user_67867,2022-09-15 01:37:00,27,6,7,1,5,3,8,8,10,8,7,3,0,0.671675,10.338649,12.477533,0.26,0.14,0.22,0.944871,0.552388,0
user_67868,2022-09-28 21:35:00,23,9,8,1,1,1,1,4,19,9,8,2,0,7.363534,5.65656,6.781158,0.35,0.12,0.39,0.93902,0.336694,0
user_67869,2022-09-23 02:20:00,22,10,4,0,1,1,15,12,20,5,4,4,0,4.216128,5.276744,6.210763,0.18,0.0,0.45,0.682798,0.605917,0
user_67870,2022-09-15 10:32:00,22,10,6,0,2,1,10,9,17,15,10,3,0,5.375327,4.680682,1.379883,0.27,0.0,0.45,0.568742,0.451965,0
user_67871,2022-10-28 07:53:00,30,7,10,1,2,2,8,17,15,5,3,4,0,6.041583,7.101287,7.480573,0.33,0.1,0.23,0.62142,0.445223,0
user_67872,2022-09-21 13:01:00,23,10,4,0,6,1,0,20,5,17,11,2,0,7.573675,6.091195,4.219591,0.17,0.0,0.43,0.328179,0.387379,0
user_67873,2022-10-15 21:24:00,12,16,4,0,0,1,14,13,16,0,13,5,1,6.533292,3.532062,9.200283,0.33,0.0,1.33,0.713656,0.817592,0
user_67874,2022-10-26 17:22:00,14,10,7,1,1,3,12,16,16,8,17,2,0,9.510075,7.134075,7.228532,0.5,0.14,0.71,0.640978,0.466446,0
user_67875,2022-10-11 00:29:00,16,14,8,1,0,1,4,3,3,10,2,1,0,8.392613,3.715675,10.822389,0.5,0.12,0.88,0.739605,0.462319,0
user_67876,2022-09-12 11:54:00,18,10,9,1,3,0,16,12,19,10,5,0,0,1.956155,1.363176,6.237986,0.5,0.11,0.56,0.564794,0.764372,0
user_67877,2022-09-01 07:46:00,21,13,8,1,1,2,11,16,1,2,6,3,0,9.246266,7.076655,6.122012,0.38,0.12,0.62,0.436828,0.815698,0
user_67878,2022-09-22 12:35:00,11,18,8,1,1,0,17,16,6,7,10,3,0,7.297824,2.034468,6.412774,0.73,0.12,1.64,0.912094,0.540491,0
user_67879,2022-09-06 04:09:00,17,10,7,0,1,2,7,1,12,0,8,1,0,2.912506,5.574111,7.169756,0.41,0.0,0.59,0.39558,0.695253,0
user_67880,2022-10-21 19:35:00,25,8,4,0,7,2,1,17,16,1,10,4,0,6.69815,4.601427,4.818415,0.16,0.0,0.32,0.857755,0.510586,0
user_67881,2022-09-11 10:25:00,16,8,5,0,0,2,20,17,4,14,19,6,1,1.839456,3.483894,7.429438,0.31,0.0,0.5,0.675168,0.372743,1
user_67882,2022-10-10 22:51:00,23,11,8,1,2,0,20,5,17,15,18,0,0,10.154709,3.342445,4.466107,0.35,0.12,0.48,0.882939,0.976677,0
user_67883,2022-10-16 08:56:00,17,16,8,0,1,0,2,4,18,3,5,6,1,4.71821,6.641612,0.241381,0.47,0.0,0.94,0.741596,0.787577,0
user_67884,2022-09-15 03:48:00,23,6,7,1,0,2,12,17,18,1,18,3,0,4.939062,3.203694,2.994205,0.3,0.14,0.26,0.711544,0.869311,0
user_67885,2022-10-07 19:53:00,25,13,7,2,4,1,10,8,11,6,20,4,0,7.131554,6.40292,5.981237,0.28,0.29,0.52,0.701406,0.913519,1
user_67886,2022-09-05 15:26:00,25,8,10,0,2,2,13,18,15,19,18,0,0,3.878747,10.530855,6.417627,0.4,0.0,0.32,0.601656,0.432103,0
user_67887,2022-09-10 10:48:00,21,7,12,2,3,2,14,19,17,1,19,5,1,3.690645,2.102817,5.330063,0.57,0.17,0.33,0.527441,0.467742,1
user_67888,2022-09-18 19:53:00,15,7,9,0,3,2,7,7,7,2,20,6,1,5.607082,2.5845,11.26861,0.6,0.0,0.47,0.988229,0.848344,1
user_67889,2022-09-22 23:21:00,20,11,7,0,2,0,0,0,18,2,8,3,0,9.303208,5.023492,3.622953,0.35,0.0,0.55,0.328675,0.436064,0
user_67890,2022-09-26 20:14:00,16,9,11,0,2,2,10,19,9,1,11,0,0,5.006161,2.807287,4.608586,0.69,0.0,0.56,0.568549,0.603201,0
user_67891,2022-09-22 15:51:00,16,8,9,1,2,0,1,13,12,13,7,3,0,3.293697,6.177997,10.665515,0.56,0.11,0.5,0.723539,0.854288,0
user_67892,2022-09-01 11:53:00,22,11,11,1,2,3,6,10,0,15,9,3,0,5.788393,5.458082,7.531485,0.5,0.09,0.5,0.683134,0.497762,0
user_67893,2022-09-23 14:45:00,26,14,4,0,5,0,2,9,12,20,17,4,0,0.79711,2.601416,10.010379,0.15,0.0,0.54,0.985547,0.712092,0
user_67894,2022-10-02 10:34:00,16,6,5,0,0,1,6,7,9,9,12,6,1,9.402939,8.159934,6.893807,0.31,0.0,0.38,0.310378,0.309351,0
user_67895,2022-10-30 07:06:00,20,8,5,0,2,2,17,5,20,4,2,6,1,9.671949,5.125359,7.158127,0.25,0.0,0.4,0.87676,0.429892,0
user_67896,2022-09-01 18:10:00,22,11,13,1,5,3,12,7,1,7,11,3,0,8.044446,6.888939,6.348638,0.59,0.08,0.5,0.405672,0.961955,0
user_67897,2022-10-16 08:28:00,13,11,7,0,1,0,10,15,3,16,19,6,1,5.463117,11.910551,11.457823,0.54,0.0,0.85,0.715365,0.957835,1
user_67898,2022-10-23 10:18:00,20,10,6,0,2,0,5,0,2,11,3,6,1,8.839456,1.961876,5.077325,0.3,0.0,0.5,0.655762,0.343928,0
user_67899,2022-10-03 00:19:00,22,10,6,1,2,1,10,7,6,20,12,0,0,3.316133,6.348291,7.532128,0.27,0.17,0.45,0.822551,0.787707,0
user_67900,2022-09-18 20:09:00,18,15,17,1,1,1,8,11,12,18,7,6,1,2.636263,8.225505,12.179236,0.94,0.06,0.83,0.477134,0.775724,0
user_67901,2022-10-08 20:11:00,25,12,9,1,2,1,9,16,18,20,1,5,1,5.656883,6.76769,2.809174,0.36,0.11,0.48,0.390887,0.367037,0
user_67902,2022-09-07 00:19:00,13,9,5,0,1,2,15,13,14,11,10,2,0,5.806197,8.387868,3.39889,0.38,0.0,0.69,0.405006,0.849691,0
user_67903,2022-09-03 05:00:00,16,17,8,1,1,2,6,18,0,17,17,5,1,3.330663,2.248642,2.924329,0.5,0.12,1.06,0.576156,0.582273,0
user_67904,2022-10-08 08:13:00,13,8,13,1,1,1,2,11,17,4,4,5,1,7.03907,8.294405,8.067602,1.0,0.08,0.62,0.805239,0.393486,0
user_67905,2022-10-12 09:51:00,20,8,5,0,1,1,15,6,11,10,10,2,0,4.912873,2.115124,9.951559,0.25,0.0,0.4,0.841738,0.964805,0
user_67906,2022-10-26 01:23:00,18,10,11,0,1,3,19,18,10,0,11,2,0,8.102061,3.332214,12.619812,0.61,0.0,0.56,0.62377,0.922642,0
user_67907,2022-10-19 14:47:00,21,8,5,0,1,1,18,16,5,14,0,2,0,2.033523,0.082089,4.41309,0.24,0.0,0.38,0.432793,0.864827,0
user_67908,2022-10-10 11:54:00,25,14,7,0,7,0,7,3,8,3,2,0,0,3.24937,3.110493,5.94311,0.28,0.0,0.56,0.414077,0.942869,0
user_67909,2022-10-23 09:02:00,20,8,11,0,2,3,7,10,15,8,2,6,1,5.18708,1.661903,7.026156,0.55,0.0,0.4,0.658209,0.372909,0
user_67910,2022-10-09 20:31:00,16,10,12,0,2,3,5,18,18,8,11,6,1,5.432675,2.917543,8.812571,0.75,0.0,0.62,0.76841,0.44863,0
user_67911,2022-09-15 15:49:00,17,6,9,2,1,3,9,12,8,3,12,3,0,7.77859,4.347217,4.053727,0.53,0.22,0.35,0.888613,0.614739,0
user_67912,2022-10-23 21:17:00,17,10,8,1,4,3,5,0,16,5,9,6,1,3.056957,4.131775,8.453752,0.47,0.12,0.59,0.695,0.913485,0
user_67913,2022-09-19 00:02:00,17,11,7,1,0,0,7,9,13,9,3,0,0,2.233386,4.33113,14.130973,0.41,0.14,0.65,0.91878,0.707742,0
user_67914,2022-10-10 17:59:00,17,17,8,1,2,0,16,1,16,18,5,0,0,2.750791,6.394316,8.695112,0.47,0.12,1.0,0.870175,0.513874,0
user_67915,2022-10-26 03:30:00,21,13,10,0,2,3,13,17,4,6,6,2,0,7.075417,4.298186,9.089715,0.48,0.0,0.62,0.661299,0.530077,0
user_67916,2022-10-10 16:51:00,21,13,11,0,4,2,4,5,13,9,10,0,0,4.870981,7.034403,4.353779,0.52,0.0,0.62,0.463447,0.721899,0
user_67917,2022-10-25 00:50:00,22,14,8,0,1,1,8,19,13,11,19,1,0,1.641979,5.954875,12.042366,0.36,0.0,0.64,0.712549,0.610961,1
user_67918,2022-09-04 19:43:00,14,4,7,0,2,0,17,9,11,19,20,6,1,5.221223,0.359571,6.747903,0.5,0.0,0.29,0.514211,0.679106,1
user_67919,2022-10-16 22:55:00,25,8,4,0,6,1,8,4,18,18,12,6,1,4.082567,3.371931,4.194053,0.16,0.0,0.32,0.564745,0.325457,0
user_67920,2022-10-30 05:52:00,21,11,5,1,0,3,15,10,4,4,0,6,1,3.218857,5.869963,6.650294,0.24,0.2,0.52,0.600256,0.771046,0
user_67921,2022-09-26 02:34:00,16,9,9,0,4,1,8,5,17,6,12,0,0,4.180854,6.493121,5.230115,0.56,0.0,0.56,0.66986,0.403716,0
user_67922,2022-09-14 02:19:00,23,10,12,2,1,3,4,19,8,2,10,2,0,3.728211,7.364157,7.693085,0.52,0.17,0.43,0.975727,0.990916,0
user_67923,2022-10-06 23:11:00,15,13,7,0,1,2,20,2,13,11,1,3,0,6.111721,12.151715,2.911562,0.47,0.0,0.87,0.429852,0.427988,0
user_67924,2022-10-05 11:03:00,22,11,14,2,2,4,8,14,11,5,5,2,0,4.636512,4.224217,6.077517,0.64,0.14,0.5,0.955761,0.572265,0
user_67925,2022-09-09 13:34:00,25,5,7,1,5,2,8,3,2,12,3,4,0,4.443214,2.814445,5.756777,0.28,0.14,0.2,0.353741,0.464608,0
user_67926,2022-09-21 09:36:00,30,12,2,0,1,1,3,19,10,19,4,2,0,10.032508,4.161364,7.001785,0.07,0.0,0.4,0.868035,0.655276,0
user_67927,2022-10-16 18:01:00,27,14,8,0,1,3,15,7,19,9,2,6,1,7.148709,6.617313,6.04425,0.3,0.0,0.52,0.728442,0.463216,0
user_67928,2022-10-30 13:14:00,17,12,10,0,1,2,2,9,15,20,19,6,1,2.095818,7.096932,2.671379,0.59,0.0,0.71,0.887654,0.424455,1
user_67929,2022-09-09 01:27:00,20,10,7,0,2,1,5,8,5,1,4,4,0,1.591628,2.312937,3.921159,0.35,0.0,0.5,0.825064,0.67863,0
user_67930,2022-10-18 12:13:00,28,10,4,1,2,1,15,4,17,16,4,1,0,0.21182,4.64716,7.316229,0.14,0.25,0.36,0.58955,0.962835,0
user_67931,2022-10-15 02:16:00,19,9,4,0,0,0,4,12,20,2,2,5,1,5.314505,0.236131,0.007685,0.21,0.0,0.47,0.851325,0.630293,0
user_67932,2022-09-09 07:44:00,16,9,7,0,3,2,14,16,8,9,20,4,0,1.424863,1.65329,8.887957,0.44,0.0,0.56,0.767794,0.66074,1
user_67933,2022-10-05 03:00:00,17,15,15,1,2,4,3,11,16,5,0,2,0,5.75986,5.373552,7.568625,0.88,0.07,0.88,0.476537,0.610357,0
user_67934,2022-09-28 09:52:00,20,10,8,0,5,1,0,12,18,20,9,2,0,3.429769,1.121915,4.871772,0.4,0.0,0.5,0.864696,0.514383,0
user_67935,2022-09-18 12:34:00,22,12,8,0,4,1,3,16,10,16,7,6,1,0.002646,4.588029,10.439822,0.36,0.0,0.55,0.598876,0.320776,0
user_67936,2022-10-02 08:32:00,18,10,9,1,2,1,15,1,19,13,17,6,1,8.299535,1.199498,7.970917,0.5,0.11,0.56,0.914944,0.338864,0
user_67937,2022-09-06 08:11:00,12,9,9,0,1,2,17,4,18,5,18,1,0,6.229877,8.390601,7.419812,0.75,0.0,0.75,0.691989,0.976524,0
user_67938,2022-09-10 04:51:00,26,15,2,2,1,1,9,3,10,16,14,5,1,12.518076,2.75346,7.500458,0.08,1.0,0.58,0.829252,0.652095,0
user_67939,2022-10-26 04:32:00,10,6,10,1,0,2,11,9,7,8,0,2,0,2.476223,6.438041,11.938839,1.0,0.1,0.6,0.515512,0.867712,0
user_67940,2022-10-10 08:45:00,22,14,11,2,3,3,4,9,10,2,16,0,0,6.602913,2.823159,8.289133,0.5,0.18,0.64,0.645135,0.882588,0
user_67941,2022-10-09 23:42:00,27,13,6,1,5,1,9,7,5,8,18,6,1,4.341523,7.495566,13.184453,0.22,0.17,0.48,0.709785,0.605264,0
user_67942,2022-09-25 15:33:00,14,10,6,0,3,0,3,14,11,12,1,6,1,10.134935,3.339014,4.455509,0.43,0.0,0.71,0.396261,0.887345,0
user_67943,2022-09-11 21:31:00,22,8,9,2,3,1,12,12,5,14,1,6,1,4.958575,6.545491,6.885607,0.41,0.22,0.36,0.399454,0.858691,0
user_67944,2022-09-29 21:49:00,23,7,8,1,4,3,6,20,15,1,2,3,0,7.741844,5.291895,10.294516,0.35,0.12,0.3,0.520899,0.641563,0
user_67945,2022-10-05 11:33:00,22,12,5,1,1,1,1,3,15,17,8,2,0,7.981844,4.106222,10.307423,0.23,0.2,0.55,0.49115,0.362305,0
user_67946,2022-09-11 07:31:00,17,12,7,1,2,1,8,13,6,5,19,6,1,3.600767,5.15751,13.632818,0.41,0.14,0.71,0.751288,0.982549,1
user_67947,2022-10-16 06:46:00,16,13,5,1,1,1,8,17,19,19,14,6,1,4.896115,2.524962,7.99338,0.31,0.2,0.81,0.619099,0.646461,0
user_67948,2022-09-04 07:44:00,18,10,14,0,2,1,15,16,14,5,16,6,1,3.591385,2.007222,11.892203,0.78,0.0,0.56,0.927606,0.374088,0
user_67949,2022-09-14 12:05:00,24,12,8,1,2,1,9,0,16,5,8,2,0,1.326367,3.042578,8.37128,0.33,0.12,0.5,0.735388,0.999278,0
user_67950,2022-09-08 08:25:00,21,11,4,1,4,1,12,13,10,8,10,3,0,10.484699,6.017301,4.423576,0.19,0.25,0.52,0.401399,0.795289,0
user_67951,2022-10-07 04:28:00,14,9,6,1,1,1,18,13,17,20,1,4,0,6.671149,10.200099,7.28228,0.43,0.17,0.64,0.870554,0.354506,0
user_67952,2022-10-27 16:57:00,27,11,7,0,5,2,5,2,18,0,0,3,0,6.326102,3.793054,7.854481,0.26,0.0,0.41,0.475365,0.67416,0
user_67953,2022-10-13 16:16:00,22,15,4,0,1,1,9,11,5,18,8,3,0,5.892778,6.589448,4.119614,0.18,0.0,0.68,0.716775,0.928531,0
user_67954,2022-09-19 01:24:00,29,9,8,0,2,1,12,20,8,13,19,0,0,5.584453,10.651667,2.628178,0.28,0.0,0.31,0.718065,0.802564,1
user_67955,2022-10-07 12:46:00,21,11,8,1,0,1,2,4,9,13,1,4,0,8.904594,8.113276,6.22351,0.38,0.12,0.52,0.661499,0.430465,0
user_67956,2022-10-09 10:52:00,16,9,11,0,3,2,1,14,0,0,9,6,1,6.554945,2.857671,5.899306,0.69,0.0,0.56,0.524888,0.961927,0
user_67957,2022-09-13 01:52:00,16,9,7,0,0,2,20,6,8,17,11,1,0,4.371797,1.158306,6.421998,0.44,0.0,0.56,0.970161,0.908764,0
user_67958,2022-09-09 00:46:00,17,9,4,1,1,0,12,6,9,4,6,4,0,4.538969,5.872258,10.442172,0.24,0.25,0.53,0.456398,0.639762,0
user_67959,2022-10-04 20:03:00,21,14,10,0,3,0,0,12,0,19,6,1,0,1.48568,4.695404,7.245192,0.48,0.0,0.67,0.675884,0.772779,0
user_67960,2022-09-02 18:50:00,21,14,10,1,3,2,19,9,10,10,17,4,0,6.801906,4.363247,6.314181,0.48,0.1,0.67,0.494009,0.360998,0
user_67961,2022-10-13 17:19:00,21,11,10,0,3,1,19,17,7,1,13,3,0,3.428491,9.248298,6.09396,0.48,0.0,0.52,0.778086,0.446907,0
user_67962,2022-09-11 10:47:00,29,10,10,1,3,3,6,15,7,19,19,6,1,3.493273,5.398865,8.613593,0.34,0.1,0.34,0.948483,0.773268,1
user_67963,2022-09-11 14:39:00,16,16,9,0,4,2,7,5,1,8,16,6,1,2.213026,7.378528,1.130915,0.56,0.0,1.0,0.376393,0.725888,0
user_67964,2022-09-07 00:41:00,20,9,10,2,1,1,5,19,18,13,6,2,0,5.070622,5.763161,6.286272,0.5,0.2,0.45,0.791025,0.423876,0
user_67965,2022-09-07 12:24:00,23,8,13,0,0,1,10,20,17,7,14,2,0,6.346451,6.668536,6.425579,0.57,0.0,0.35,0.532187,0.653538,0
user_67966,2022-10-05 00:06:00,21,8,10,0,4,1,15,7,9,12,3,2,0,0.106573,10.164361,8.836212,0.48,0.0,0.38,0.852663,0.826139,0
user_67967,2022-09-19 17:33:00,14,16,13,1,0,4,15,2,2,18,4,0,0,4.235937,1.077046,5.309468,0.93,0.08,1.14,0.947628,0.481528,0
user_67968,2022-09-21 07:05:00,24,15,11,1,5,1,15,4,10,14,2,2,0,6.494424,2.706468,7.338284,0.46,0.09,0.62,0.324125,0.926481,0
user_67969,2022-10-21 07:13:00,18,15,9,0,1,0,12,13,8,10,11,4,0,11.689274,4.840562,5.005838,0.5,0.0,0.83,0.869686,0.31843,0
user_67970,2022-09-06 19:03:00,17,9,7,1,2,2,18,14,12,4,13,1,0,5.744597,7.353071,7.842675,0.41,0.14,0.53,0.668535,0.980402,0
user_67971,2022-10-09 17:12:00,20,8,6,0,1,2,17,15,12,5,6,6,1,8.027657,7.112929,10.983049,0.3,0.0,0.4,0.478246,0.776486,0
user_67972,2022-09-10 03:19:00,20,12,4,0,1,0,9,6,3,4,9,5,1,5.026036,6.243045,7.836848,0.2,0.0,0.6,0.476244,0.43694,0
user_67973,2022-10-30 15:39:00,24,5,4,1,1,0,8,1,2,18,8,6,1,3.267387,0.137268,11.601683,0.17,0.25,0.21,0.727545,0.890607,0
user_67974,2022-09-24 03:02:00,15,8,14,0,4,3,14,9,19,12,19,5,1,0.874181,0.217786,11.221522,0.93,0.0,0.53,0.689384,0.620786,1
user_67975,2022-10-16 19:17:00,21,10,5,0,1,0,0,11,19,12,4,6,1,4.081741,8.817606,7.707473,0.24,0.0,0.48,0.827708,0.857251,0
user_67976,2022-10-01 13:44:00,19,9,10,0,1,0,2,7,12,8,11,5,1,4.758334,2.564662,6.159537,0.53,0.0,0.47,0.327833,0.618311,0
user_67977,2022-09-12 23:14:00,21,5,11,2,3,3,19,8,7,7,14,0,0,1.257813,3.814177,13.7056,0.52,0.18,0.24,0.425806,0.783016,0
user_67978,2022-09-28 07:50:00,18,13,4,1,0,1,11,11,0,13,8,2,0,5.753125,11.843239,11.50686,0.22,0.25,0.72,0.415017,0.511479,0
user_67979,2022-09-30 06:45:00,18,13,13,1,2,2,19,8,16,14,17,4,0,1.901411,3.882859,14.208803,0.72,0.08,0.72,0.977181,0.48525,0
user_67980,2022-09-05 01:24:00,21,16,10,1,2,0,5,11,10,3,16,0,0,8.317047,6.836709,13.350076,0.48,0.1,0.76,0.830024,0.39585,0
user_67981,2022-10-05 11:24:00,22,11,9,0,4,1,16,16,18,12,1,2,0,3.480213,3.20676,7.280708,0.41,0.0,0.5,0.664038,0.801492,0
user_67982,2022-10-24 13:26:00,20,9,9,1,2,0,10,8,8,17,1,0,0,1.330638,9.852918,9.063272,0.45,0.11,0.45,0.688112,0.421369,0
user_67983,2022-10-12 18:41:00,24,16,5,1,2,0,8,2,15,10,20,2,0,12.90919,7.036112,9.737433,0.21,0.2,0.67,0.962037,0.396316,1
user_67984,2022-09-04 17:22:00,20,10,10,0,2,1,10,12,4,0,6,6,1,6.793262,0.301227,12.61193,0.5,0.0,0.5,0.673571,0.452643,0
user_67985,2022-09-26 02:19:00,26,12,7,0,3,3,16,14,1,11,10,0,0,4.947312,6.052451,3.408826,0.27,0.0,0.46,0.903542,0.302126,0
user_67986,2022-10-16 16:36:00,27,9,11,0,2,2,2,9,15,12,20,6,1,6.957376,7.770266,7.224557,0.41,0.0,0.33,0.638013,0.555849,1
user_67987,2022-09-26 16:53:00,27,10,10,1,2,2,0,11,7,18,0,0,0,5.650966,6.595888,0.484234,0.37,0.1,0.37,0.748466,0.449543,0
user_67988,2022-10-02 20:45:00,15,8,5,0,5,1,5,12,3,2,10,6,1,4.112285,5.981087,2.03407,0.33,0.0,0.53,0.753431,0.405161,0
user_67989,2022-10-28 06:41:00,16,13,6,0,2,0,0,4,10,20,17,4,0,3.481802,6.430525,5.683339,0.38,0.0,0.81,0.630971,0.323518,0
user_67990,2022-09-15 19:41:00,23,10,7,2,4,3,4,7,3,16,20,3,0,3.368227,4.216952,6.14762,0.3,0.29,0.43,0.690594,0.790979,1
user_67991,2022-10-13 05:02:00,26,9,7,0,2,0,2,5,7,3,8,3,0,2.577432,10.838429,7.773029,0.27,0.0,0.35,0.629049,0.352442,0
user_67992,2022-09-15 08:03:00,16,6,3,0,2,0,4,0,1,0,6,3,0,4.325829,5.346006,7.794584,0.19,0.0,0.38,0.306658,0.693181,0
user_67993,2022-09-19 16:19:00,22,7,9,0,1,4,4,8,15,2,13,0,0,5.3597,0.688,3.520479,0.41,0.0,0.32,0.636617,0.783026,0
user_67994,2022-09-25 14:35:00,21,9,7,1,2,1,3,3,19,11,11,6,1,0.185116,3.937937,8.958399,0.33,0.14,0.43,0.94589,0.866969,0
user_67995,2022-09-13 14:46:00,22,6,5,1,2,0,0,2,16,7,18,1,0,4.287182,3.638205,8.610316,0.23,0.2,0.27,0.819457,0.695537,0
user_67996,2022-09-22 07:16:00,21,15,9,2,0,1,16,0,5,2,7,3,0,1.326387,5.278282,14.029144,0.43,0.22,0.71,0.717152,0.844047,0
user_67997,2022-09-03 19:49:00,25,12,10,0,3,5,3,17,10,18,17,5,1,8.692497,10.904046,3.452276,0.4,0.0,0.48,0.623571,0.870774,0
user_67998,2022-10-24 04:05:00,31,15,10,1,4,2,12,3,0,18,9,0,0,7.308426,0.521618,6.144734,0.32,0.1,0.48,0.947057,0.706084,0
user_67999,2022-10-10 21:43:00,14,8,9,0,0,1,11,19,8,4,18,0,0,6.200994,3.37635,9.192621,0.64,0.0,0.57,0.677358,0.530252,0
user_68000,2022-10-23 04:33:00,21,13,8,1,1,3,5,4,9,8,2,6,1,0.699907,4.685962,4.305077,0.38,0.12,0.62,0.822359,0.820548,0
user_68001,2022-09-23 01:20:00,15,18,5,0,1,1,2,9,8,2,1,4,0,2.837155,6.647439,6.746033,0.33,0.0,1.2,0.34554,0.369494,0
user_68002,2022-10-21 08:03:00,30,8,12,0,1,3,17,4,11,20,3,4,0,4.249889,2.459087,12.528791,0.4,0.0,0.27,0.714475,0.752938,0
user_68003,2022-09-11 12:40:00,20,15,8,1,3,2,6,0,2,10,13,6,1,5.850103,7.572124,4.657674,0.4,0.12,0.75,0.971477,0.714814,0
user_68004,2022-09-18 15:54:00,23,10,9,1,3,3,2,11,0,7,18,6,1,1.220162,3.9935,9.158721,0.39,0.11,0.43,0.962412,0.400346,0
user_68005,2022-10-21 08:46:00,22,10,6,0,0,0,5,4,2,14,1,4,0,6.150525,6.696397,8.477005,0.27,0.0,0.45,0.392516,0.924984,0
user_68006,2022-09-19 15:25:00,20,9,4,0,2,1,18,3,6,20,20,0,0,10.832959,5.17454,2.678091,0.2,0.0,0.45,0.660452,0.516426,1
user_68007,2022-10-29 05:47:00,24,14,11,0,1,2,14,19,14,0,19,5,1,5.128545,9.609974,7.63359,0.46,0.0,0.58,0.609606,0.624988,1
user_68008,2022-09-21 04:44:00,17,17,15,1,2,3,1,13,13,9,0,2,0,3.497535,6.363162,7.799204,0.88,0.07,1.0,0.577427,0.751982,0
user_68009,2022-09-26 21:05:00,18,7,9,0,2,3,5,5,0,1,9,0,0,3.647069,4.356718,2.824246,0.5,0.0,0.39,0.980718,0.995213,0
user_68010,2022-09-20 06:58:00,23,15,5,0,2,2,8,20,16,0,17,1,0,0.424786,3.605134,5.144836,0.22,0.0,0.65,0.636032,0.452527,0
user_68011,2022-10-21 22:14:00,16,13,13,0,0,4,14,17,12,19,12,4,0,7.239249,1.693357,10.670491,0.81,0.0,0.81,0.892648,0.986226,0
user_68012,2022-10-28 04:33:00,27,7,7,0,2,2,2,5,5,13,2,4,0,9.208885,0.181152,6.724374,0.26,0.0,0.26,0.760269,0.64344,0
user_68013,2022-09-27 20:05:00,21,10,4,0,1,1,4,8,6,15,3,1,0,3.299481,3.526831,5.659486,0.19,0.0,0.48,0.832591,0.412356,0
user_68014,2022-09-11 06:27:00,19,12,8,0,1,3,5,19,16,12,13,6,1,5.497094,3.731548,10.287859,0.42,0.0,0.63,0.720477,0.842275,0
user_68015,2022-10-16 13:14:00,17,16,7,0,0,1,5,6,4,3,5,6,1,5.188635,4.14144,7.962266,0.41,0.0,0.94,0.676672,0.576455,0
user_68016,2022-10-05 09:59:00,16,8,5,1,1,1,8,4,14,19,9,2,0,5.188735,5.980419,8.945811,0.31,0.2,0.5,0.537847,0.49378,0
user_68017,2022-09-15 11:10:00,20,9,6,1,4,1,5,18,2,17,20,3,0,7.396029,6.144477,9.202454,0.3,0.17,0.45,0.743057,0.541361,1
user_68018,2022-10-28 09:03:00,23,17,7,1,1,0,15,10,14,7,3,4,0,1.745983,5.892657,10.235105,0.3,0.14,0.74,0.482494,0.662314,0
user_68019,2022-10-14 00:25:00,19,12,9,0,3,1,7,20,1,17,14,4,0,6.069629,7.987438,11.71558,0.47,0.0,0.63,0.839115,0.942778,0
user_68020,2022-09-11 16:25:00,15,14,7,1,3,2,9,11,1,0,12,6,1,6.896184,9.726115,3.82371,0.47,0.14,0.93,0.555842,0.334183,0
user_68021,2022-10-24 13:34:00,18,16,10,1,2,1,3,4,19,16,13,0,0,7.779599,5.423285,6.264904,0.56,0.1,0.89,0.598421,0.592337,0
user_68022,2022-09-04 04:59:00,21,7,12,2,3,3,7,5,17,10,16,6,1,3.753955,1.711574,11.132531,0.57,0.17,0.33,0.591167,0.93564,0
user_68023,2022-09-14 00:43:00,25,8,8,0,5,2,18,15,16,17,16,2,0,7.957892,1.250856,11.803705,0.32,0.0,0.32,0.8107,0.397191,0
user_68024,2022-10-10 00:53:00,15,14,7,0,2,0,11,16,12,17,18,0,0,2.489317,11.503763,9.00283,0.47,0.0,0.93,0.868115,0.978134,0
user_68025,2022-10-09 17:44:00,23,12,11,2,3,1,18,5,16,9,7,6,1,7.012988,9.814464,6.715742,0.48,0.18,0.52,0.624992,0.533001,0
user_68026,2022-10-04 18:10:00,19,20,11,1,2,2,18,0,1,9,13,1,0,0.407728,2.433011,7.004623,0.58,0.09,1.05,0.89431,0.903292,0
user_68027,2022-10-25 20:05:00,20,9,9,0,0,2,14,13,3,20,3,1,0,1.306292,9.147527,7.069553,0.45,0.0,0.45,0.467416,0.836119,0
user_68028,2022-10-09 18:58:00,22,9,10,0,2,3,16,20,13,14,8,6,1,3.059183,4.708426,10.142841,0.45,0.0,0.41,0.746284,0.995726,0
user_68029,2022-10-05 19:36:00,22,10,12,3,1,3,0,5,5,12,8,2,0,7.340688,3.603452,3.742643,0.55,0.25,0.45,0.311881,0.787767,0
user_68030,2022-09-03 14:41:00,11,10,9,0,1,1,14,1,18,5,8,5,1,8.774577,1.503613,9.058328,0.82,0.0,0.91,0.466877,0.652754,0
user_68031,2022-10-16 19:15:00,18,13,11,1,4,0,18,18,14,4,1,6,1,8.914938,4.08708,12.417075,0.61,0.09,0.72,0.781188,0.833973,0
user_68032,2022-10-10 06:56:00,22,9,6,1,3,0,4,20,1,7,9,0,0,11.557569,0.768593,7.87038,0.27,0.17,0.41,0.579166,0.686496,0
user_68033,2022-10-26 01:44:00,22,11,7,0,2,0,9,14,4,13,17,2,0,5.557407,8.630734,7.401274,0.32,0.0,0.5,0.429777,0.399058,0
user_68034,2022-09-02 08:38:00,13,8,7,1,1,3,15,11,0,0,10,4,0,3.995346,4.900605,9.063211,0.54,0.14,0.62,0.787447,0.63395,0
user_68035,2022-09-14 01:45:00,21,18,8,0,3,2,0,19,19,0,3,2,0,9.222832,0.178318,3.515511,0.38,0.0,0.86,0.306934,0.571442,0
user_68036,2022-10-09 09:08:00,13,5,7,0,1,3,13,15,10,8,8,6,1,8.379016,1.457733,7.241498,0.54,0.0,0.38,0.891259,0.630084,0
user_68037,2022-09-08 15:58:00,24,9,8,0,1,1,19,16,4,19,20,3,0,9.601841,0.358691,7.215209,0.33,0.0,0.38,0.400808,0.872136,1
user_68038,2022-10-08 17:11:00,25,9,7,0,0,0,14,5,11,14,16,5,1,0.921138,0.618763,5.693749,0.28,0.0,0.36,0.816368,0.732132,0
user_68039,2022-09-11 20:23:00,23,8,3,0,1,1,13,14,14,16,15,6,1,7.232182,0.278859,6.100207,0.13,0.0,0.35,0.713087,0.589206,0
user_68040,2022-09-05 18:07:00,12,14,11,1,2,3,20,20,17,8,11,0,0,6.101353,4.845603,8.720994,0.92,0.09,1.17,0.469794,0.941911,0
user_68041,2022-09-08 11:12:00,22,6,10,1,1,1,20,12,4,19,10,3,0,7.090972,1.846789,8.605438,0.45,0.1,0.27,0.493189,0.535597,0
user_68042,2022-10-06 13:30:00,18,10,5,0,2,2,18,7,1,7,19,3,0,3.9777,10.116344,5.846156,0.28,0.0,0.56,0.669766,0.974101,1
user_68043,2022-10-02 19:57:00,15,6,7,1,1,1,16,19,2,16,6,6,1,0.634181,5.096184,10.099283,0.47,0.14,0.4,0.507857,0.400724,0
user_68044,2022-09-15 07:44:00,22,9,10,0,2,3,8,13,13,19,7,3,0,4.343938,6.001377,12.616895,0.45,0.0,0.41,0.915161,0.701828,0
user_68045,2022-10-13 15:06:00,23,7,5,1,0,0,15,20,0,20,1,3,0,3.313753,3.975117,6.83525,0.22,0.2,0.3,0.695035,0.754625,0
user_68046,2022-10-01 16:50:00,28,9,3,1,3,0,7,5,19,8,1,5,1,5.470008,4.955706,12.307473,0.11,0.33,0.32,0.795158,0.506271,0
user_68047,2022-10-28 23:31:00,10,9,9,0,3,5,3,1,2,8,17,4,0,2.321918,3.476972,8.354732,0.9,0.0,0.9,0.666857,0.316131,0
user_68048,2022-10-01 17:50:00,22,17,7,1,3,1,4,20,9,12,4,5,1,6.87862,4.702686,10.704681,0.32,0.14,0.77,0.350491,0.437769,0
user_68049,2022-09-20 00:12:00,21,12,13,1,4,3,1,15,11,13,17,1,0,7.214631,3.801644,8.845169,0.62,0.08,0.57,0.708573,0.546993,0
user_68050,2022-09-05 03:33:00,15,5,6,0,1,1,7,19,14,17,20,0,0,1.245136,1.15024,11.901808,0.4,0.0,0.33,0.420617,0.752677,1
user_68051,2022-09-25 07:16:00,18,12,9,1,1,2,3,12,20,15,14,6,1,9.277421,6.514022,5.266936,0.5,0.11,0.67,0.761573,0.950528,0
user_68052,2022-09-13 12:45:00,18,17,3,0,2,0,14,5,2,6,10,1,0,5.696657,10.281924,3.561044,0.17,0.0,0.94,0.878508,0.407216,0
user_68053,2022-09-16 07:12:00,19,12,14,1,3,3,11,3,11,11,8,4,0,8.45486,3.745602,7.528128,0.74,0.07,0.63,0.590388,0.955585,0
user_68054,2022-10-09 21:48:00,17,9,12,1,1,2,7,10,0,4,13,6,1,6.798087,1.649324,8.184901,0.71,0.08,0.53,0.551204,0.461604,0
user_68055,2022-10-16 20:52:00,25,10,12,1,4,4,20,2,2,19,4,6,1,7.626057,2.222784,6.282934,0.48,0.08,0.4,0.859173,0.574797,0
user_68056,2022-09-29 03:43:00,26,8,5,0,5,3,15,7,2,15,4,3,0,1.725492,4.72759,1.818373,0.19,0.0,0.31,0.628441,0.845874,0
user_68057,2022-09-15 08:23:00,19,5,8,1,1,2,13,18,7,19,5,3,0,8.334377,1.267485,9.62012,0.42,0.12,0.26,0.775822,0.843013,0
user_68058,2022-10-24 11:50:00,21,10,3,0,2,0,20,0,19,16,1,0,0,1.809921,1.886278,7.957704,0.14,0.0,0.48,0.585727,0.826097,0
user_68059,2022-10-11 12:43:00,19,12,8,0,2,1,9,11,17,20,19,1,0,4.47384,3.26317,3.956933,0.42,0.0,0.63,0.778528,0.396145,1
user_68060,2022-10-03 21:13:00,13,11,8,0,1,1,4,0,10,19,2,0,0,3.391234,1.903053,9.90353,0.62,0.0,0.85,0.611849,0.553638,0
user_68061,2022-09-05 19:22:00,32,10,11,2,3,1,16,0,11,1,19,0,0,3.656774,7.863198,6.395403,0.34,0.18,0.31,0.364312,0.556633,1
user_68062,2022-09-06 11:22:00,30,5,12,1,4,0,6,15,15,20,10,1,0,8.516869,4.380437,10.064259,0.4,0.08,0.17,0.592373,0.715443,0
user_68063,2022-10-21 03:46:00,30,12,7,2,3,2,2,12,18,14,6,4,0,5.085196,6.293766,3.21892,0.23,0.29,0.4,0.715452,0.451738,0
user_68064,2022-09-01 00:59:00,19,8,6,1,2,0,8,5,16,4,17,3,0,11.629906,7.173853,11.345172,0.32,0.17,0.42,0.421792,0.928504,0
user_68065,2022-10-01 07:43:00,17,17,9,1,2,1,14,15,2,17,6,5,1,10.779172,7.862926,3.899862,0.53,0.11,1.0,0.954347,0.490601,0
user_68066,2022-10-18 09:45:00,15,9,8,0,1,4,12,9,10,18,9,1,0,7.348363,2.433568,4.934599,0.53,0.0,0.6,0.936916,0.64593,0
user_68067,2022-09-15 02:23:00,27,9,9,0,4,2,1,3,15,9,2,3,0,3.594047,2.480811,6.94663,0.33,0.0,0.33,0.424053,0.455072,0
user_68068,2022-10-18 13:32:00,23,14,9,0,0,2,11,4,10,8,2,1,0,8.731342,5.164031,13.28702,0.39,0.0,0.61,0.868226,0.386673,0
user_68069,2022-09-24 22:55:00,15,11,7,0,3,3,0,16,4,7,18,5,1,7.395635,5.424765,4.243866,0.47,0.0,0.73,0.365436,0.677384,0
user_68070,2022-10-03 06:18:00,24,10,7,1,1,1,10,5,15,10,8,0,0,8.589314,1.179136,2.771361,0.29,0.14,0.42,0.708112,0.468228,0
user_68071,2022-09-04 02:37:00,19,7,11,1,1,2,7,0,0,14,17,6,1,7.144171,5.764339,2.9056,0.58,0.09,0.37,0.348892,0.600965,0
user_68072,2022-10-28 14:29:00,20,10,5,2,7,0,6,15,12,10,12,4,0,4.504415,2.459194,4.721259,0.25,0.4,0.5,0.31011,0.715577,0
user_68073,2022-10-25 02:40:00,12,4,7,1,1,3,18,7,13,3,4,1,0,5.565611,9.845036,6.604949,0.58,0.14,0.33,0.537117,0.916273,0
user_68074,2022-09-04 02:12:00,25,11,15,0,0,3,18,5,16,6,8,6,1,8.060077,3.250476,6.126692,0.6,0.0,0.44,0.888192,0.867252,0
user_68075,2022-10-11 21:29:00,20,10,10,1,2,2,20,12,1,11,18,1,0,6.883033,1.782662,5.230277,0.5,0.1,0.5,0.945049,0.306593,0
user_68076,2022-10-16 06:04:00,17,10,5,0,0,1,1,16,9,0,0,6,1,0.675635,5.40916,2.912294,0.29,0.0,0.59,0.313592,0.401125,0
user_68077,2022-09-10 02:31:00,9,9,14,1,0,2,19,19,6,17,15,5,1,4.530373,5.969185,1.959892,1.56,0.07,1.0,0.354689,0.763791,0
user_68078,2022-10-27 10:27:00,24,15,8,1,5,3,9,1,18,10,7,3,0,0.994637,5.089651,6.46088,0.33,0.12,0.62,0.581009,0.36651,0
user_68079,2022-09-24 20:36:00,14,13,10,0,3,0,10,2,12,6,6,5,1,3.875557,8.619777,10.116899,0.71,0.0,0.93,0.825455,0.455786,0
user_68080,2022-10-30 05:23:00,18,10,6,0,2,3,7,7,2,4,15,6,1,0.806595,1.191901,8.048338,0.33,0.0,0.56,0.53584,0.592591,0
user_68081,2022-09-22 17:47:00,17,9,7,1,3,1,3,3,18,7,18,3,0,3.249448,3.862341,5.266429,0.41,0.14,0.53,0.870359,0.781397,0
user_68082,2022-10-03 15:56:00,24,11,8,0,0,0,11,9,6,1,1,0,0,6.1431,11.088458,7.046756,0.33,0.0,0.46,0.338956,0.323332,0
user_68083,2022-10-20 11:47:00,15,11,10,0,0,4,17,2,1,7,14,3,0,4.934903,3.31352,5.580705,0.67,0.0,0.73,0.781331,0.702865,0
user_68084,2022-10-29 06:40:00,21,8,6,0,2,1,15,5,6,4,1,5,1,9.236196,3.452436,4.340291,0.29,0.0,0.38,0.613294,0.971556,0
user_68085,2022-09-21 05:54:00,29,7,7,1,4,2,6,3,18,2,11,2,0,6.602401,8.741431,7.645709,0.24,0.14,0.24,0.705954,0.398272,0
user_68086,2022-10-09 21:42:00,20,11,8,1,2,1,7,15,5,11,7,6,1,3.298283,1.455048,10.247917,0.4,0.12,0.55,0.553148,0.645538,0
user_68087,2022-09-27 02:48:00,21,11,6,1,4,1,13,10,7,18,14,1,0,1.081806,7.177061,11.900797,0.29,0.17,0.52,0.502513,0.914299,0
user_68088,2022-09-18 12:21:00,19,11,7,1,0,3,18,17,4,17,15,6,1,6.870233,1.456632,5.260827,0.37,0.14,0.58,0.423409,0.504825,0
user_68089,2022-09-28 18:13:00,24,8,8,0,1,3,5,2,3,12,0,2,0,6.887262,8.002324,5.153318,0.33,0.0,0.33,0.328848,0.712014,0
user_68090,2022-10-04 11:15:00,19,12,9,0,3,1,6,20,14,8,13,1,0,4.964231,2.706724,7.926544,0.47,0.0,0.63,0.68626,0.430956,0
user_68091,2022-10-11 05:31:00,16,12,6,1,1,1,14,16,2,4,15,1,0,1.893332,4.127562,0.740988,0.38,0.17,0.75,0.845994,0.826681,0
user_68092,2022-10-08 08:41:00,18,14,2,1,1,1,18,19,5,10,18,5,1,9.447868,3.07957,5.715182,0.11,0.5,0.78,0.619922,0.718048,0
user_68093,2022-10-26 03:42:00,19,18,6,1,3,1,20,1,11,14,12,2,0,3.953318,8.920816,3.284829,0.32,0.17,0.95,0.334967,0.611819,0
user_68094,2022-10-27 19:14:00,18,9,16,0,2,5,1,12,14,15,12,3,0,2.798803,3.32054,10.292821,0.89,0.0,0.5,0.953608,0.377665,0
user_68095,2022-09-20 00:48:00,17,7,7,0,2,1,13,17,10,12,14,1,0,2.927377,4.506121,11.400505,0.41,0.0,0.41,0.990971,0.490027,0
user_68096,2022-09-15 23:59:00,25,7,8,1,3,1,17,11,18,4,4,3,0,3.636982,7.084195,7.338539,0.32,0.12,0.28,0.83,0.988574,0
user_68097,2022-09-15 05:38:00,22,13,7,2,2,1,2,17,1,14,4,3,0,3.091821,2.286053,13.428944,0.32,0.29,0.59,0.681088,0.406748,0
user_68098,2022-10-15 11:12:00,25,8,10,0,1,2,19,5,16,7,1,5,1,9.247714,3.581189,12.651015,0.4,0.0,0.32,0.851037,0.462647,0
user_68099,2022-09-20 01:54:00,27,10,6,0,1,1,19,14,5,10,19,1,0,7.203747,9.890535,10.849882,0.22,0.0,0.37,0.487509,0.663496,1
user_68100,2022-10-14 04:59:00,18,6,6,1,2,1,12,13,14,8,16,4,0,3.473223,0.841727,5.907763,0.33,0.17,0.33,0.485907,0.37526,0
user_68101,2022-10-27 10:04:00,24,16,9,1,3,2,5,1,12,2,16,3,0,9.429668,1.943969,8.405662,0.38,0.11,0.67,0.773267,0.303661,0
user_68102,2022-09-06 15:14:00,16,15,8,0,3,2,11,18,18,13,8,1,0,12.380538,3.218793,11.229998,0.5,0.0,0.94,0.442589,0.660485,0
user_68103,2022-10-10 01:08:00,26,12,10,0,2,1,18,10,4,6,19,0,0,1.980253,9.945596,4.055005,0.38,0.0,0.46,0.738138,0.781325,1
user_68104,2022-10-08 10:11:00,22,6,10,0,0,2,5,19,16,6,18,5,1,8.284351,4.185319,4.235804,0.45,0.0,0.27,0.446824,0.411517,0
user_68105,2022-09-12 13:44:00,25,9,12,1,5,1,11,1,12,1,4,0,0,2.26763,5.797616,7.40271,0.48,0.08,0.36,0.389599,0.548246,0
user_68106,2022-10-07 14:27:00,18,13,12,0,0,0,14,16,14,6,7,4,0,2.772503,4.14236,9.184439,0.67,0.0,0.72,0.82557,0.971621,0
user_68107,2022-10-12 09:19:00,16,13,17,2,0,3,2,1,0,15,11,2,0,5.881208,4.187025,9.701386,1.06,0.12,0.81,0.931339,0.489757,0
user_68108,2022-09-28 00:36:00,25,9,7,1,5,1,2,19,1,2,1,2,0,2.279625,7.235089,9.958663,0.28,0.14,0.36,0.458339,0.949448,0
user_68109,2022-09-30 11:05:00,16,12,7,0,2,1,15,16,2,2,18,4,0,12.159705,8.147053,4.626112,0.44,0.0,0.75,0.428353,0.604166,0
user_68110,2022-10-26 11:42:00,19,4,4,0,2,0,0,13,13,15,9,2,0,5.921052,3.628924,9.23026,0.21,0.0,0.21,0.424571,0.348959,0
user_68111,2022-09-22 02:09:00,31,13,6,0,4,1,11,19,3,20,9,3,0,4.071299,0.357258,6.464128,0.19,0.0,0.42,0.623582,0.367602,0
user_68112,2022-09-21 00:39:00,22,7,3,0,0,0,12,11,12,18,7,2,0,4.941934,3.497423,7.350852,0.14,0.0,0.32,0.816175,0.489122,0
user_68113,2022-09-16 18:02:00,14,10,8,1,1,4,14,6,16,1,2,4,0,2.150077,8.047854,12.358171,0.57,0.12,0.71,0.888775,0.416073,0
user_68114,2022-09-25 15:50:00,21,8,10,0,0,3,1,19,16,17,20,6,1,6.71723,6.327043,6.854212,0.48,0.0,0.38,0.73164,0.442327,1
user_68115,2022-09-03 01:20:00,10,12,11,1,0,2,15,8,5,9,1,5,1,7.491416,5.433734,8.538419,1.1,0.09,1.2,0.969698,0.410805,0
user_68116,2022-09-05 19:12:00,20,14,8,0,2,4,17,5,10,1,8,0,0,9.159963,11.774508,2.378973,0.4,0.0,0.7,0.722445,0.880192,0
user_68117,2022-10-23 23:42:00,20,11,6,1,2,1,20,11,8,2,11,6,1,4.439105,1.674835,12.811807,0.3,0.17,0.55,0.806089,0.39399,0
user_68118,2022-09-18 14:26:00,19,11,8,2,0,3,5,17,20,13,0,6,1,1.412516,0.93635,8.288253,0.42,0.25,0.58,0.970422,0.992934,0
user_68119,2022-09-20 02:31:00,18,8,10,1,1,2,18,10,13,9,4,1,0,8.021427,8.009589,9.006319,0.56,0.1,0.44,0.987934,0.672023,0
user_68120,2022-09-29 05:53:00,24,11,7,2,2,1,1,19,13,7,4,3,0,2.94623,0.665343,7.571502,0.29,0.29,0.46,0.64656,0.892576,0
user_68121,2022-10-06 20:52:00,25,7,6,0,4,3,5,12,5,3,20,3,0,0.390727,3.761727,10.780376,0.24,0.0,0.28,0.625763,0.338276,1
user_68122,2022-09-01 10:23:00,16,12,10,1,3,2,17,0,19,11,3,3,0,6.011268,0.541041,9.368098,0.62,0.1,0.75,0.956141,0.742419,0
user_68123,2022-09-07 12:36:00,19,11,6,2,2,2,0,13,0,3,18,2,0,2.809171,9.679736,5.590932,0.32,0.33,0.58,0.58179,0.892825,0
user_68124,2022-09-04 02:14:00,25,12,6,0,1,0,6,6,20,9,12,6,1,5.405512,0.697446,6.240201,0.24,0.0,0.48,0.609019,0.415319,0
user_68125,2022-09-03 07:32:00,26,13,6,1,4,1,20,5,19,7,1,5,1,7.200654,1.769514,10.218685,0.23,0.17,0.5,0.898998,0.762546,0
user_68126,2022-09-20 03:17:00,24,14,10,1,6,1,14,1,1,6,5,1,0,11.179595,3.943,5.618951,0.42,0.1,0.58,0.859432,0.379139,0
user_68127,2022-10-01 18:32:00,10,18,5,0,0,0,13,1,4,18,5,5,1,3.573983,6.532528,5.395421,0.5,0.0,1.8,0.96454,0.444455,0
user_68128,2022-10-21 08:52:00,19,7,10,0,1,5,1,12,10,0,19,4,0,10.250405,3.611862,9.541544,0.53,0.0,0.37,0.589934,0.611413,1
user_68129,2022-10-29 07:21:00,29,13,8,1,2,2,16,5,6,11,19,5,1,0.356465,5.787533,7.282575,0.28,0.12,0.45,0.414728,0.992767,1
user_68130,2022-09-15 03:50:00,16,6,10,0,3,0,9,7,13,0,17,3,0,8.051444,4.353787,5.608824,0.62,0.0,0.38,0.497976,0.498634,0
user_68131,2022-10-16 06:40:00,26,7,8,0,3,1,4,16,17,9,1,6,1,0.468812,0.172123,11.031015,0.31,0.0,0.27,0.973398,0.783639,0
user_68132,2022-09-28 14:14:00,21,10,12,0,2,2,13,9,2,3,20,2,0,10.161866,4.533231,9.088361,0.57,0.0,0.48,0.379865,0.989598,1
user_68133,2022-10-26 17:20:00,19,10,6,0,1,2,10,5,20,13,20,2,0,6.808733,5.539355,2.469071,0.32,0.0,0.53,0.629854,0.354965,1
user_68134,2022-09-01 15:34:00,25,6,13,0,2,5,8,11,4,13,7,3,0,2.964462,0.195182,6.413931,0.52,0.0,0.24,0.568364,0.985856,0
user_68135,2022-10-16 06:28:00,20,13,14,0,1,3,15,19,9,12,14,6,1,2.065597,0.680045,5.107278,0.7,0.0,0.65,0.476611,0.875385,0
user_68136,2022-09-10 21:58:00,21,15,13,0,7,4,20,2,1,14,10,5,1,5.598652,4.808519,2.445331,0.62,0.0,0.71,0.996348,0.547332,0
user_68137,2022-09-28 09:30:00,21,10,7,0,1,2,7,1,9,20,5,2,0,3.590858,1.16326,7.350048,0.33,0.0,0.48,0.890464,0.655503,0
user_68138,2022-10-12 04:42:00,23,9,7,1,3,1,11,5,16,18,18,2,0,7.537531,0.490371,8.858424,0.3,0.14,0.39,0.390603,0.948507,0
user_68139,2022-10-14 10:43:00,26,8,4,1,2,2,6,15,3,13,18,4,0,6.678928,5.707276,10.72423,0.15,0.25,0.31,0.939358,0.394897,0
user_68140,2022-09-16 21:48:00,23,4,6,1,3,3,19,15,8,18,20,4,0,6.152705,0.404009,8.061504,0.26,0.17,0.17,0.357879,0.609242,1
user_68141,2022-09-16 01:53:00,23,9,6,0,2,2,20,17,2,11,11,4,0,2.797561,7.885223,6.657474,0.26,0.0,0.39,0.830388,0.5149,0
user_68142,2022-09-22 01:55:00,13,9,6,0,1,1,1,11,0,17,18,3,0,5.501387,7.642225,3.544213,0.46,0.0,0.69,0.63317,0.837061,0
user_68143,2022-09-09 10:36:00,18,6,14,0,3,7,11,9,9,11,20,4,0,7.177413,4.864678,9.857531,0.78,0.0,0.33,0.834828,0.899494,1
user_68144,2022-09-01 03:10:00,13,6,5,2,3,2,12,9,18,4,8,3,0,4.048475,2.172236,9.325426,0.38,0.4,0.46,0.989531,0.551818,0
user_68145,2022-09-24 15:57:00,16,8,13,0,1,4,14,12,18,6,15,5,1,1.286264,4.142202,10.524652,0.81,0.0,0.5,0.472918,0.523221,0
user_68146,2022-09-07 15:42:00,20,13,14,1,2,3,5,10,5,18,13,2,0,3.877635,6.008546,0.277163,0.7,0.07,0.65,0.912718,0.706988,0
user_68147,2022-09-26 09:11:00,15,11,5,0,1,0,10,2,12,14,15,0,0,4.495784,5.307583,8.521612,0.33,0.0,0.73,0.766439,0.946215,0
user_68148,2022-09-23 18:27:00,20,11,9,0,5,1,3,9,3,15,18,4,0,3.286588,9.192664,5.306096,0.45,0.0,0.55,0.558574,0.382013,0
user_68149,2022-10-03 12:15:00,26,5,8,0,1,2,19,10,2,5,10,0,0,13.898122,7.91068,6.410354,0.31,0.0,0.19,0.475521,0.661705,0
user_68150,2022-10-12 12:57:00,19,11,4,0,2,1,14,10,20,13,10,2,0,8.259925,8.238631,3.807218,0.21,0.0,0.58,0.584813,0.865525,0
user_68151,2022-10-16 07:45:00,19,5,13,1,1,1,16,4,4,16,6,6,1,4.692435,3.585907,8.315287,0.68,0.08,0.26,0.934468,0.602527,0
user_68152,2022-10-12 19:54:00,23,7,2,1,4,1,0,0,0,17,16,2,0,6.381754,8.409978,5.451612,0.09,0.5,0.3,0.863546,0.478735,0
user_68153,2022-10-11 18:03:00,23,10,12,1,1,2,5,4,4,5,18,1,0,7.803941,0.017515,8.258003,0.52,0.08,0.43,0.883826,0.458835,0
user_68154,2022-09-18 10:42:00,23,13,9,2,2,0,12,11,6,2,16,6,1,0.351082,6.991164,7.563494,0.39,0.22,0.57,0.354863,0.592017,0
user_68155,2022-10-07 04:57:00,15,2,10,0,1,2,17,14,20,11,9,4,0,6.858241,13.841848,7.433226,0.67,0.0,0.13,0.719674,0.930868,0
user_68156,2022-09-09 06:02:00,27,12,7,1,5,3,8,17,15,18,3,4,0,4.090812,1.159859,5.343274,0.26,0.14,0.44,0.908934,0.586076,0
user_68157,2022-09-24 07:12:00,17,2,7,1,0,1,13,17,0,1,1,5,1,2.981395,5.351869,4.107987,0.41,0.14,0.12,0.86644,0.663596,0
user_68158,2022-10-10 01:36:00,23,7,14,0,2,3,10,16,16,7,7,0,0,5.927411,7.109529,5.038262,0.61,0.0,0.3,0.606355,0.677234,0
user_68159,2022-09-26 04:54:00,25,12,4,0,1,0,20,10,18,9,6,0,0,3.302669,6.110908,4.841499,0.16,0.0,0.48,0.355299,0.771643,0
user_68160,2022-09-04 16:05:00,17,7,8,0,2,3,2,14,10,1,19,6,1,6.926628,9.825262,5.784582,0.47,0.0,0.41,0.384306,0.941031,1
user_68161,2022-09-01 09:56:00,24,15,9,0,2,2,18,9,13,4,7,3,0,6.553646,10.655133,7.969371,0.38,0.0,0.62,0.844704,0.709862,0
user_68162,2022-09-28 10:10:00,19,8,7,1,3,1,16,11,20,13,4,2,0,3.803396,8.57104,4.181238,0.37,0.14,0.42,0.930293,0.711959,0
user_68163,2022-10-14 04:34:00,22,11,7,0,1,2,20,4,13,4,8,4,0,2.927652,4.52,13.636973,0.32,0.0,0.5,0.818332,0.357166,0
user_68164,2022-09-24 03:25:00,14,9,9,0,1,0,3,18,18,9,18,5,1,0.211179,3.564952,11.47824,0.64,0.0,0.64,0.55707,0.732337,0
user_68165,2022-09-30 00:51:00,27,10,7,0,3,3,6,7,6,5,15,4,0,7.380854,2.041163,4.416267,0.26,0.0,0.37,0.925321,0.934562,0
user_68166,2022-10-21 04:16:00,22,9,6,0,3,0,11,13,1,11,13,4,0,0.792366,5.07805,6.636155,0.27,0.0,0.41,0.805455,0.914667,0
user_68167,2022-09-26 04:07:00,23,9,4,0,4,0,20,15,4,3,0,0,0,3.086761,4.321754,8.26649,0.17,0.0,0.39,0.853548,0.909002,0
user_68168,2022-10-09 06:09:00,14,7,8,0,1,2,16,9,5,19,11,6,1,7.728603,3.653435,8.500769,0.57,0.0,0.5,0.80784,0.889222,0
user_68169,2022-10-30 12:48:00,23,11,4,0,3,2,4,7,18,17,4,6,1,2.103116,7.656049,8.092689,0.17,0.0,0.48,0.808118,0.915364,0
user_68170,2022-09-22 19:09:00,18,12,6,0,2,1,5,6,2,0,6,3,0,1.50846,6.597761,11.290646,0.33,0.0,0.67,0.97337,0.427283,0
user_68171,2022-09-21 21:02:00,26,7,5,1,3,2,13,0,1,14,1,2,0,2.969412,2.535235,4.690357,0.19,0.2,0.27,0.810906,0.476034,0
user_68172,2022-10-27 17:03:00,26,11,12,0,2,2,19,8,8,1,16,3,0,5.999154,1.464346,6.026598,0.46,0.0,0.42,0.772865,0.362669,0
user_68173,2022-09-15 03:08:00,17,7,5,0,3,1,2,4,18,5,1,3,0,7.407227,3.972782,7.4625,0.29,0.0,0.41,0.988159,0.746572,0
user_68174,2022-09-15 10:21:00,18,6,7,3,4,1,0,12,1,16,11,3,0,9.449115,2.814782,7.315912,0.39,0.43,0.33,0.442568,0.357341,0
user_68175,2022-10-28 08:28:00,28,8,6,0,0,1,3,3,5,3,18,4,0,6.202315,0.505523,5.095262,0.21,0.0,0.29,0.712622,0.712519,0
user_68176,2022-10-02 18:24:00,22,6,5,0,2,1,6,20,19,2,11,6,1,2.027032,5.769231,6.072258,0.23,0.0,0.27,0.85983,0.321398,0
user_68177,2022-10-02 04:19:00,19,7,7,1,1,1,9,2,5,0,16,6,1,4.042644,2.487447,10.325403,0.37,0.14,0.37,0.671804,0.998492,0
user_68178,2022-09-27 02:21:00,18,12,8,1,1,1,11,7,3,11,7,1,0,0.449773,3.935605,8.862101,0.44,0.12,0.67,0.689107,0.390589,0
user_68179,2022-09-11 04:37:00,21,15,9,1,2,2,4,16,5,14,13,6,1,1.872851,11.557287,1.065308,0.43,0.11,0.71,0.719059,0.795164,0
user_68180,2022-10-10 00:22:00,19,11,10,0,5,3,14,14,17,12,20,0,0,0.59585,4.151039,7.403861,0.53,0.0,0.58,0.878951,0.982741,1
user_68181,2022-09-28 18:51:00,30,8,14,1,1,7,3,8,5,18,11,2,0,4.773381,6.910689,1.460707,0.47,0.07,0.27,0.788013,0.792654,0
user_68182,2022-10-27 13:03:00,13,10,2,0,0,0,11,14,17,16,11,3,0,6.197649,5.929123,10.135004,0.15,0.0,0.77,0.973024,0.367316,0
user_68183,2022-09-09 04:48:00,16,9,7,1,1,2,10,8,1,3,1,4,0,4.525998,7.67736,9.370459,0.44,0.14,0.56,0.822337,0.823585,0
user_68184,2022-09-21 17:44:00,7,14,11,1,1,7,18,9,1,11,7,2,0,5.052927,2.444277,3.795781,1.57,0.09,2.0,0.890061,0.851373,0
user_68185,2022-10-14 15:31:00,19,14,9,1,1,2,4,13,8,3,15,4,0,1.091603,3.752623,6.788672,0.47,0.11,0.74,0.339334,0.572414,0
user_68186,2022-09-28 01:50:00,18,8,12,0,3,1,13,7,19,14,7,2,0,9.846066,1.741199,7.380321,0.67,0.0,0.44,0.503954,0.628864,0
user_68187,2022-09-26 07:39:00,26,10,7,1,6,1,18,19,0,16,11,0,0,3.792688,1.247391,6.272092,0.27,0.14,0.38,0.690856,0.351094,0
user_68188,2022-09-06 10:05:00,25,11,7,0,3,2,7,11,15,12,9,1,0,1.611853,2.698774,6.164934,0.28,0.0,0.44,0.712988,0.361507,0
user_68189,2022-09-30 03:46:00,20,5,6,2,3,1,11,11,7,7,2,4,0,5.404545,3.233817,7.109547,0.3,0.33,0.25,0.763534,0.772908,0
user_68190,2022-09-03 05:17:00,25,4,5,2,3,2,1,3,14,13,19,5,1,5.420548,2.123087,3.853309,0.2,0.4,0.16,0.764827,0.970286,1
user_68191,2022-10-10 16:35:00,26,8,2,0,2,1,1,7,17,12,7,0,0,6.40513,6.331395,1.752215,0.08,0.0,0.31,0.940235,0.580827,0
user_68192,2022-10-01 15:39:00,18,7,12,3,3,3,14,7,8,2,13,5,1,7.531983,5.669401,12.653978,0.67,0.25,0.39,0.727423,0.789496,0
user_68193,2022-09-03 06:58:00,25,14,6,3,6,2,2,18,4,10,17,5,1,7.17487,0.902048,10.559101,0.24,0.5,0.56,0.427396,0.823382,0
user_68194,2022-09-14 03:37:00,25,12,3,1,3,1,4,15,16,19,5,2,0,4.955305,6.790983,8.571438,0.12,0.33,0.48,0.548417,0.762284,0
user_68195,2022-10-30 15:42:00,16,3,9,2,1,2,13,12,0,12,14,6,1,4.472384,3.647149,6.673215,0.56,0.22,0.19,0.687986,0.68159,0
user_68196,2022-10-16 13:00:00,22,7,5,1,2,2,10,20,1,10,14,6,1,4.926552,6.725076,9.562704,0.23,0.2,0.32,0.718246,0.831092,0
user_68197,2022-10-12 05:07:00,25,13,13,0,1,2,10,0,6,15,13,2,0,1.394118,2.442732,3.684964,0.52,0.0,0.52,0.379225,0.577148,0
user_68198,2022-09-06 03:16:00,24,10,4,2,2,0,5,0,13,14,14,1,0,5.139104,8.118629,1.608198,0.17,0.5,0.42,0.345697,0.801998,0
user_68199,2022-10-11 11:09:00,20,11,10,0,2,0,9,4,7,15,10,1,0,7.977153,8.212032,2.747115,0.5,0.0,0.55,0.543515,0.352522,0
user_68200,2022-10-12 12:23:00,13,21,5,1,1,2,14,16,2,7,17,2,0,4.721618,2.407979,8.407761,0.38,0.2,1.62,0.65418,0.40294,0
user_68201,2022-10-27 03:38:00,15,9,4,2,1,0,11,5,16,1,1,3,0,7.821726,7.612233,6.826739,0.27,0.5,0.6,0.988875,0.655775,0
user_68202,2022-10-03 23:15:00,12,12,7,0,1,1,9,11,12,2,2,0,0,12.612381,5.530903,6.774048,0.58,0.0,1.0,0.95179,0.549354,0
user_68203,2022-10-04 13:22:00,21,11,8,0,1,3,15,16,9,10,17,1,0,0.369763,0.717801,9.464134,0.38,0.0,0.52,0.702352,0.829452,0
user_68204,2022-10-15 12:03:00,24,13,12,0,2,3,12,9,15,10,15,5,1,3.282257,1.492502,7.498691,0.5,0.0,0.54,0.706856,0.677205,0
user_68205,2022-09-02 22:07:00,21,14,9,0,3,3,8,5,18,9,7,4,0,0.668279,1.961914,5.142492,0.43,0.0,0.67,0.861971,0.447165,0
user_68206,2022-10-05 10:28:00,20,10,11,1,2,2,6,16,8,17,5,2,0,13.358778,2.630374,6.414196,0.55,0.09,0.5,0.392354,0.61704,0
user_68207,2022-09-04 10:16:00,22,14,6,0,2,1,2,6,8,2,5,6,1,8.528549,5.199647,6.04092,0.27,0.0,0.64,0.440682,0.416952,0
user_68208,2022-10-05 02:10:00,14,8,5,0,1,3,14,10,2,16,3,2,0,5.357992,8.880556,7.229008,0.36,0.0,0.57,0.390151,0.541339,0
user_68209,2022-09-11 10:55:00,14,8,10,0,0,3,2,6,4,20,1,6,1,2.554616,6.324346,12.971666,0.71,0.0,0.57,0.445171,0.805194,0
user_68210,2022-09-09 08:07:00,18,18,11,0,2,3,16,19,7,1,9,4,0,6.478808,6.060601,4.920538,0.61,0.0,1.0,0.672672,0.830402,0
user_68211,2022-10-17 03:14:00,15,9,6,0,2,1,8,7,15,15,16,0,0,4.80107,4.568375,8.362027,0.4,0.0,0.6,0.63669,0.958991,0
user_68212,2022-09-01 09:14:00,21,7,8,1,2,1,15,5,9,9,0,3,0,6.626618,4.870224,10.417139,0.38,0.12,0.33,0.66217,0.514532,0
user_68213,2022-10-02 07:47:00,20,9,5,0,0,1,16,14,1,6,16,6,1,7.275976,5.03109,6.748883,0.25,0.0,0.45,0.323129,0.938548,0
user_68214,2022-10-21 00:04:00,24,11,9,0,0,0,10,20,13,5,14,4,0,0.874669,2.863137,3.581237,0.38,0.0,0.46,0.974664,0.674741,0
user_68215,2022-09-21 18:58:00,17,17,6,2,2,1,17,13,11,17,20,2,0,10.199887,1.994636,10.465791,0.35,0.33,1.0,0.941681,0.807655,1
user_68216,2022-09-30 12:29:00,14,9,4,1,2,1,5,3,17,8,9,4,0,0.890336,0.685755,6.727853,0.29,0.25,0.64,0.842762,0.581352,0
user_68217,2022-09-21 09:25:00,17,8,7,0,2,3,12,7,12,7,1,2,0,3.390319,6.857895,4.484656,0.41,0.0,0.47,0.905238,0.679939,0
user_68218,2022-09-08 12:23:00,24,13,7,0,2,3,1,5,10,16,0,3,0,9.064894,1.303977,10.698709,0.29,0.0,0.54,0.642497,0.894661,0
user_68219,2022-09-28 20:27:00,24,12,6,1,3,2,4,17,18,6,3,2,0,5.599264,4.799827,6.281505,0.25,0.17,0.5,0.853181,0.620085,0
user_68220,2022-09-04 23:15:00,25,15,9,0,3,2,3,9,15,16,3,6,1,4.937958,5.486081,10.439922,0.36,0.0,0.6,0.402492,0.502115,0
user_68221,2022-09-27 22:24:00,25,10,6,0,2,1,9,9,12,14,20,1,0,7.974914,6.353468,5.675657,0.24,0.0,0.4,0.562937,0.368672,1
user_68222,2022-10-08 12:42:00,22,7,7,0,2,0,18,5,14,15,0,5,1,2.85514,11.307259,9.011164,0.32,0.0,0.32,0.471558,0.966558,0
user_68223,2022-09-10 18:46:00,19,7,6,1,0,1,9,2,1,19,1,5,1,0.742289,0.070776,6.903675,0.32,0.17,0.37,0.448619,0.62096,0
user_68224,2022-10-10 16:25:00,18,7,9,0,0,2,6,19,7,13,6,0,0,0.070208,3.657982,8.072097,0.5,0.0,0.39,0.432033,0.410954,0
user_68225,2022-10-25 14:50:00,16,11,6,1,2,0,19,19,19,15,12,1,0,8.122287,6.752348,9.588489,0.38,0.17,0.69,0.707541,0.335402,0
user_68226,2022-09-25 20:20:00,23,7,11,1,1,2,17,0,0,10,19,6,1,0.496398,3.924704,5.970449,0.48,0.09,0.3,0.317735,0.3874,1
user_68227,2022-10-25 09:29:00,24,9,6,0,2,1,13,3,14,18,8,1,0,2.900659,4.222137,3.680932,0.25,0.0,0.38,0.469756,0.909469,0
user_68228,2022-09-22 00:41:00,17,3,5,1,2,2,4,15,7,15,2,3,0,6.780783,7.089669,4.575484,0.29,0.2,0.18,0.720712,0.467772,0
user_68229,2022-09-25 19:48:00,25,13,12,1,2,2,14,14,1,14,14,6,1,3.846067,9.350929,5.738994,0.48,0.08,0.52,0.782659,0.872827,0
user_68230,2022-10-18 18:53:00,13,14,17,0,0,3,15,1,7,18,17,1,0,6.331282,4.112408,5.330095,1.31,0.0,1.08,0.428516,0.482458,0
user_68231,2022-10-03 12:48:00,21,11,10,0,0,6,6,10,4,0,0,0,0,1.845962,2.679759,8.581219,0.48,0.0,0.52,0.675112,0.576321,0
user_68232,2022-10-11 03:46:00,14,9,9,2,3,4,19,7,12,11,4,1,0,6.920515,6.44255,1.478678,0.64,0.22,0.64,0.657746,0.885159,0
user_68233,2022-10-06 18:24:00,19,9,11,1,1,1,2,15,1,0,8,3,0,6.591721,6.55206,7.053979,0.58,0.09,0.47,0.709061,0.613184,0
user_68234,2022-09-13 13:52:00,9,14,9,2,0,0,8,12,12,0,7,1,0,6.645156,13.305222,5.406107,1.0,0.22,1.56,0.503386,0.39843,0
user_68235,2022-09-07 23:46:00,18,12,10,1,3,1,13,2,18,1,16,2,0,8.543552,5.625905,9.991322,0.56,0.1,0.67,0.851889,0.957547,0
user_68236,2022-10-20 01:02:00,19,13,6,0,2,0,11,11,18,0,19,3,0,3.307212,7.318946,4.996498,0.32,0.0,0.68,0.623714,0.302149,1
user_68237,2022-09-07 18:27:00,18,11,8,1,4,1,16,0,7,16,15,2,0,9.939537,5.416632,8.711476,0.44,0.12,0.61,0.657369,0.526951,0
user_68238,2022-10-28 09:33:00,26,10,10,0,3,2,3,7,16,9,8,4,0,7.544254,4.264334,8.962543,0.38,0.0,0.38,0.728567,0.576303,0
user_68239,2022-10-01 10:51:00,22,8,11,1,3,3,6,7,15,2,19,5,1,3.498455,4.903211,8.666115,0.5,0.09,0.36,0.884375,0.501814,1
user_68240,2022-09-10 07:51:00,19,16,7,0,4,2,20,8,10,2,3,5,1,0.051341,1.080522,4.684517,0.37,0.0,0.84,0.998608,0.81244,0
user_68241,2022-09-16 16:50:00,17,11,6,0,1,1,19,16,5,19,16,4,0,1.950343,5.415668,9.11026,0.35,0.0,0.65,0.50655,0.848725,0
user_68242,2022-09-14 09:06:00,20,17,9,1,3,2,10,11,17,4,0,2,0,11.276335,7.032249,2.827522,0.45,0.11,0.85,0.689282,0.662673,0
user_68243,2022-09-27 12:49:00,17,9,6,1,2,2,0,12,5,0,1,1,0,10.177049,2.834017,10.155532,0.35,0.17,0.53,0.643547,0.449524,0
user_68244,2022-10-06 01:19:00,18,9,9,1,1,3,2,20,11,0,7,3,0,7.470913,3.64011,8.872665,0.5,0.11,0.5,0.616672,0.346108,0
user_68245,2022-09-12 11:40:00,25,5,6,1,1,1,9,10,13,16,19,0,0,5.804598,8.938712,14.851279,0.24,0.17,0.2,0.44682,0.685413,1
user_68246,2022-10-05 12:16:00,19,11,10,1,2,2,9,0,15,11,20,2,0,7.191712,2.353284,3.413436,0.53,0.1,0.58,0.779369,0.664271,1
user_68247,2022-10-23 15:02:00,30,7,9,1,3,4,5,17,14,10,11,6,1,2.527209,10.196563,6.665057,0.3,0.11,0.23,0.471989,0.972251,0
user_68248,2022-10-13 05:09:00,19,8,11,0,4,0,17,5,16,10,16,3,0,10.254323,5.141091,9.768752,0.58,0.0,0.42,0.690501,0.86498,0
user_68249,2022-10-09 01:55:00,16,10,9,2,1,2,16,9,13,4,8,6,1,3.532491,3.119581,7.96135,0.56,0.22,0.62,0.663194,0.430805,0
user_68250,2022-09-24 00:14:00,29,9,5,1,2,1,1,5,9,14,12,5,1,6.278028,2.070903,14.130297,0.17,0.2,0.31,0.543003,0.479126,0
user_68251,2022-10-18 13:38:00,20,9,5,0,0,3,12,7,14,9,4,1,0,9.060691,2.7428,5.260386,0.25,0.0,0.45,0.457302,0.540598,0
user_68252,2022-09-11 11:32:00,14,8,10,0,0,2,10,11,11,18,0,6,1,3.956179,7.724665,4.910657,0.71,0.0,0.57,0.760907,0.766995,0
user_68253,2022-10-18 04:32:00,18,6,7,0,4,0,5,6,7,9,2,1,0,4.570859,1.452224,9.105439,0.39,0.0,0.33,0.495079,0.74279,0
user_68254,2022-10-19 02:55:00,17,16,5,0,2,2,17,11,9,3,20,2,0,0.015927,6.908378,6.853726,0.29,0.0,0.94,0.990325,0.542274,1
user_68255,2022-10-08 08:34:00,18,5,5,0,5,0,15,11,7,1,6,5,1,0.103996,7.359316,10.268078,0.28,0.0,0.28,0.685265,0.373749,0
user_68256,2022-09-26 23:33:00,18,8,9,0,3,1,5,2,5,7,16,0,0,5.275272,2.956373,6.302101,0.5,0.0,0.44,0.419583,0.400721,0
user_68257,2022-09-14 16:19:00,17,12,10,0,3,4,14,13,6,1,14,2,0,0.08227,2.520697,8.360947,0.59,0.0,0.71,0.86336,0.795148,0
user_68258,2022-09-27 07:28:00,20,11,1,1,0,0,17,6,16,4,7,1,0,0.445858,5.947322,3.97336,0.05,1.0,0.55,0.708389,0.962052,0
user_68259,2022-09-16 22:02:00,21,14,10,0,1,3,7,6,7,1,0,4,0,4.750532,0.279944,5.591523,0.48,0.0,0.67,0.616675,0.743289,0
user_68260,2022-10-09 11:32:00,18,3,16,0,2,2,11,11,19,1,3,6,1,4.5899,1.272335,12.405419,0.89,0.0,0.17,0.764583,0.757534,0
user_68261,2022-09-28 22:43:00,16,0,11,2,1,0,8,7,4,9,7,2,0,2.687472,3.279591,12.313385,0.69,0.18,0.0,0.881907,0.806422,0
user_68262,2022-10-26 16:09:00,21,12,10,0,0,1,2,1,12,16,10,2,0,1.64395,2.54248,7.559616,0.48,0.0,0.57,0.627668,0.754536,0
user_68263,2022-10-12 22:43:00,19,8,10,0,3,2,19,4,2,16,11,2,0,8.610168,0.193226,3.521902,0.53,0.0,0.42,0.731993,0.466433,0
user_68264,2022-09-06 22:10:00,19,8,6,1,4,0,7,7,7,1,7,1,0,10.487914,2.34261,6.856938,0.32,0.17,0.42,0.476853,0.565855,0
user_68265,2022-10-22 10:38:00,26,16,10,0,2,2,15,0,5,8,6,5,1,2.897129,2.144646,2.634189,0.38,0.0,0.62,0.913596,0.731323,0
user_68266,2022-10-02 13:33:00,20,12,5,0,2,1,7,7,20,7,12,6,1,0.724824,4.724404,2.588275,0.25,0.0,0.6,0.75866,0.865833,0
user_68267,2022-10-03 15:04:00,25,13,4,0,2,1,4,1,11,10,6,0,0,4.421893,7.447625,7.745862,0.16,0.0,0.52,0.674706,0.718461,0
user_68268,2022-10-30 13:44:00,16,17,17,1,1,4,20,15,8,20,13,6,1,5.71026,7.047814,3.419023,1.06,0.06,1.06,0.318134,0.329845,0
user_68269,2022-10-04 02:13:00,17,5,4,1,0,0,11,13,10,17,2,1,0,5.952406,7.070979,6.443233,0.24,0.25,0.29,0.970398,0.612982,0
user_68270,2022-09-21 16:39:00,14,15,9,0,0,1,16,11,17,15,2,2,0,2.328398,8.164497,5.480358,0.64,0.0,1.07,0.441697,0.978434,0
user_68271,2022-10-06 05:26:00,18,10,4,1,1,0,11,0,1,3,14,3,0,3.286923,2.190098,5.430894,0.22,0.25,0.56,0.550197,0.697234,0
user_68272,2022-09-23 22:28:00,16,13,8,2,1,2,17,13,20,15,5,4,0,3.63913,6.406876,10.036868,0.5,0.25,0.81,0.517147,0.573786,0
user_68273,2022-09-23 04:12:00,20,8,5,1,2,2,10,12,7,1,15,4,0,3.648481,4.304728,9.466456,0.25,0.2,0.4,0.500877,0.659558,0
user_68274,2022-10-30 10:06:00,28,10,9,1,7,2,11,11,17,6,9,6,1,9.027282,1.809053,2.285269,0.32,0.11,0.36,0.699452,0.935438,0
user_68275,2022-10-25 22:54:00,17,10,10,0,4,4,15,14,6,20,13,1,0,3.17913,6.578963,8.915155,0.59,0.0,0.59,0.743877,0.759091,0
user_68276,2022-09-12 09:15:00,20,7,8,0,2,1,11,8,18,17,19,0,0,8.813926,3.963879,4.759714,0.4,0.0,0.35,0.301673,0.870514,1
user_68277,2022-10-20 18:28:00,22,10,4,1,1,2,13,2,8,17,4,3,0,2.661448,3.988651,8.737649,0.18,0.25,0.45,0.542508,0.377405,0
user_68278,2022-09-27 06:55:00,22,12,13,0,2,5,19,15,1,2,15,1,0,3.450913,2.178678,7.838216,0.59,0.0,0.55,0.651083,0.708983,0
user_68279,2022-09-10 14:25:00,16,8,15,0,2,5,18,3,17,19,16,5,1,4.628981,5.501855,2.161431,0.94,0.0,0.5,0.6575,0.81345,0
user_68280,2022-10-19 04:47:00,19,15,9,0,3,2,16,16,17,13,18,2,0,8.810291,4.27461,8.705971,0.47,0.0,0.79,0.394794,0.852523,0
user_68281,2022-10-02 18:02:00,19,7,11,0,1,3,15,10,20,7,11,6,1,0.289247,4.968551,5.066731,0.58,0.0,0.37,0.436363,0.903255,0
user_68282,2022-09-07 04:10:00,26,7,13,1,3,5,11,14,10,18,17,2,0,2.173701,2.845063,3.534123,0.5,0.08,0.27,0.70166,0.618615,0
user_68283,2022-10-16 13:58:00,20,8,7,0,2,3,16,9,15,3,9,6,1,0.919669,6.509071,6.440375,0.35,0.0,0.4,0.944657,0.620337,0
user_68284,2022-09-10 14:14:00,25,6,5,0,3,2,8,7,6,13,8,5,1,5.593671,7.206757,13.623478,0.2,0.0,0.24,0.55867,0.909992,0
user_68285,2022-09-30 03:11:00,20,14,10,0,3,3,12,13,11,20,19,4,0,1.147782,12.263137,5.929823,0.5,0.0,0.7,0.324444,0.705341,1
user_68286,2022-10-13 15:59:00,19,5,8,0,2,0,4,3,8,6,4,3,0,3.830996,2.726409,2.85679,0.42,0.0,0.26,0.822167,0.502577,0
user_68287,2022-10-26 04:33:00,12,11,10,1,1,2,20,12,0,15,14,2,0,7.74984,4.32361,5.590885,0.83,0.1,0.92,0.320648,0.537921,0
user_68288,2022-10-03 16:13:00,25,15,7,1,2,0,3,2,12,12,12,0,0,1.128193,2.61878,8.76239,0.28,0.14,0.6,0.865384,0.85738,0
user_68289,2022-10-25 15:34:00,15,10,9,1,3,3,5,17,17,20,1,1,0,1.239956,5.252248,7.529999,0.6,0.11,0.67,0.547692,0.600418,0
user_68290,2022-10-15 15:29:00,13,10,4,0,1,1,15,14,0,1,19,5,1,5.356632,9.231848,14.284469,0.31,0.0,0.77,0.334795,0.793254,1
user_68291,2022-09-13 12:29:00,21,6,6,0,1,1,18,0,13,8,18,1,0,1.485431,5.667054,9.205828,0.29,0.0,0.29,0.941558,0.35922,0
user_68292,2022-10-29 02:39:00,17,3,6,0,2,2,9,7,7,4,14,5,1,9.61588,5.525318,1.101408,0.35,0.0,0.18,0.761426,0.60821,0
user_68293,2022-10-05 23:55:00,20,9,5,2,2,1,3,12,2,8,5,2,0,0.651653,2.420406,9.897716,0.25,0.4,0.45,0.522811,0.387295,0
user_68294,2022-10-14 03:59:00,19,8,13,0,5,2,8,11,1,3,7,4,0,3.391115,5.546565,3.578339,0.68,0.0,0.42,0.939903,0.361691,0
user_68295,2022-09-29 20:52:00,15,15,7,1,3,2,9,8,19,12,9,3,0,3.757663,1.392127,3.633632,0.47,0.14,1.0,0.893753,0.90686,0
user_68296,2022-10-17 13:33:00,24,12,10,0,1,3,3,20,13,4,18,0,0,2.661031,0.1399,13.808261,0.42,0.0,0.5,0.579997,0.540613,0
user_68297,2022-09-08 09:32:00,19,12,8,0,4,2,0,4,14,4,6,3,0,4.85822,3.918798,7.565647,0.42,0.0,0.63,0.722536,0.791672,0
user_68298,2022-10-21 10:28:00,25,5,12,0,0,3,20,6,8,17,6,4,0,3.747922,2.158978,9.984498,0.48,0.0,0.2,0.549073,0.423269,0
user_68299,2022-10-19 10:58:00,24,10,8,1,3,1,17,1,18,4,1,2,0,2.267747,5.375204,3.053278,0.33,0.12,0.42,0.403352,0.311253,0
user_68300,2022-10-27 02:48:00,28,13,8,1,3,1,10,3,14,6,4,3,0,2.905835,0.107636,3.95048,0.29,0.12,0.46,0.679135,0.618565,0
user_68301,2022-09-20 13:14:00,16,9,15,1,2,3,4,0,15,16,5,1,0,0.73911,7.99656,6.479357,0.94,0.07,0.56,0.739443,0.323225,0
user_68302,2022-10-28 13:32:00,20,17,6,0,1,0,14,3,14,4,2,4,0,7.925075,7.915817,9.168659,0.3,0.0,0.85,0.989186,0.901475,0
user_68303,2022-09-19 18:24:00,19,11,5,0,4,0,18,8,13,9,9,0,0,2.056372,2.211268,3.767851,0.26,0.0,0.58,0.517784,0.981432,0
user_68304,2022-10-22 10:50:00,16,10,7,0,1,3,9,16,8,17,8,5,1,3.104286,2.895489,7.766773,0.44,0.0,0.62,0.564311,0.819431,0
user_68305,2022-09-30 09:07:00,30,9,12,0,4,1,20,11,6,1,4,4,0,4.931439,3.312477,6.11271,0.4,0.0,0.3,0.316347,0.353079,0
user_68306,2022-09-12 07:50:00,22,5,12,0,4,0,17,17,20,2,9,0,0,1.780858,0.13157,4.440496,0.55,0.0,0.23,0.983902,0.968766,0
user_68307,2022-10-14 04:45:00,24,11,9,0,2,3,12,12,5,6,10,4,0,6.74082,5.320917,8.404297,0.38,0.0,0.46,0.389353,0.725381,0
user_68308,2022-10-16 16:51:00,20,15,4,0,2,2,17,2,9,17,11,6,1,6.044161,3.648968,8.644339,0.2,0.0,0.75,0.369311,0.80944,0
user_68309,2022-10-17 14:52:00,23,11,11,0,1,1,1,3,6,20,15,0,0,6.250957,9.159694,9.519947,0.48,0.0,0.48,0.598992,0.851816,0
user_68310,2022-09-17 20:27:00,20,15,8,0,2,1,1,18,12,2,4,5,1,7.07263,8.853674,9.206426,0.4,0.0,0.75,0.777854,0.838112,0
user_68311,2022-10-10 23:05:00,24,11,12,0,3,6,12,0,8,2,9,0,0,5.496259,9.313027,8.244662,0.5,0.0,0.46,0.882508,0.665992,0
user_68312,2022-10-07 04:18:00,24,14,4,0,2,0,7,11,8,20,2,4,0,3.472247,2.839944,7.509743,0.17,0.0,0.58,0.430288,0.848397,0
user_68313,2022-10-04 09:02:00,17,11,7,1,2,2,1,7,5,3,17,1,0,7.489359,2.96736,5.154878,0.41,0.14,0.65,0.566549,0.79155,0
user_68314,2022-10-20 14:30:00,22,10,7,1,0,1,7,6,0,8,10,3,0,8.062481,2.835423,8.293886,0.32,0.14,0.45,0.981843,0.387122,0
user_68315,2022-10-09 20:13:00,16,4,8,0,3,1,7,16,6,6,13,6,1,6.513476,4.192453,9.678004,0.5,0.0,0.25,0.949403,0.477166,0
user_68316,2022-10-28 06:34:00,21,4,7,0,2,1,16,15,8,10,10,4,0,6.973692,2.49749,9.351769,0.33,0.0,0.19,0.622599,0.761983,0
user_68317,2022-10-21 01:27:00,18,7,13,0,1,1,17,17,10,20,3,4,0,1.50027,0.506179,10.096395,0.72,0.0,0.39,0.442868,0.706749,0
user_68318,2022-10-30 15:11:00,30,11,11,1,2,4,10,0,19,6,19,6,1,2.273803,3.038245,6.959553,0.37,0.09,0.37,0.410571,0.976205,1
user_68319,2022-10-05 06:41:00,15,16,12,0,0,1,19,15,0,12,13,2,0,5.339178,2.833724,7.8064,0.8,0.0,1.07,0.515214,0.891484,0
user_68320,2022-09-15 01:56:00,15,13,7,0,3,0,0,5,8,20,3,3,0,3.955712,4.959746,7.02457,0.47,0.0,0.87,0.982419,0.988089,0
user_68321,2022-10-11 19:58:00,15,11,5,1,2,1,8,13,2,2,13,1,0,6.084289,4.401265,10.012898,0.33,0.2,0.73,0.946512,0.554898,0
user_68322,2022-09-01 07:51:00,20,11,7,1,2,1,3,12,18,6,9,3,0,4.865215,4.493781,7.377511,0.35,0.14,0.55,0.935483,0.473928,0
user_68323,2022-09-14 22:30:00,16,11,6,0,1,1,13,7,11,17,14,2,0,8.197686,10.50214,5.425806,0.38,0.0,0.69,0.520395,0.91254,0
user_68324,2022-09-20 07:48:00,21,3,10,1,2,2,13,12,6,8,13,1,0,6.67165,2.935078,9.547094,0.48,0.1,0.14,0.887232,0.993311,0
user_68325,2022-09-03 03:56:00,17,9,6,0,1,0,8,16,13,16,11,5,1,8.320465,4.555587,4.462332,0.35,0.0,0.53,0.817254,0.489334,0
user_68326,2022-10-03 16:57:00,18,12,8,0,0,1,3,9,1,6,0,0,0,1.311101,9.006177,5.938777,0.44,0.0,0.67,0.918724,0.870065,0
user_68327,2022-09-19 14:25:00,24,10,4,0,2,2,11,10,7,19,12,0,0,1.657784,3.977533,2.588179,0.17,0.0,0.42,0.378648,0.346808,0
user_68328,2022-10-24 01:58:00,23,9,10,0,2,2,13,13,20,14,12,0,0,4.895351,8.505069,3.166769,0.43,0.0,0.39,0.635682,0.444793,0
user_68329,2022-10-22 16:58:00,26,13,8,0,1,0,12,1,7,11,5,5,1,7.781182,1.20257,10.227593,0.31,0.0,0.5,0.547511,0.577374,0
user_68330,2022-10-17 20:41:00,13,9,9,1,0,0,14,4,20,17,20,0,0,2.566538,1.949194,7.998653,0.69,0.11,0.69,0.647295,0.987845,1
user_68331,2022-10-15 17:36:00,21,8,12,0,0,5,7,1,8,1,17,5,1,7.235437,2.404313,12.968083,0.57,0.0,0.38,0.859991,0.629009,0
user_68332,2022-10-28 10:22:00,34,9,13,2,5,3,10,14,10,20,16,4,0,3.544117,3.086795,2.686477,0.38,0.15,0.26,0.58793,0.856768,0
user_68333,2022-09-20 02:37:00,21,11,11,1,2,3,0,14,12,7,14,1,0,1.684991,7.492893,6.605572,0.52,0.09,0.52,0.930738,0.501813,0
user_68334,2022-09-22 17:46:00,21,12,5,2,6,1,20,3,7,4,9,3,0,4.752283,1.350222,6.67013,0.24,0.4,0.57,0.590321,0.338868,0
user_68335,2022-10-15 14:13:00,15,8,10,1,0,3,13,9,0,9,12,5,1,5.521487,0.686361,6.775616,0.67,0.1,0.53,0.641081,0.345084,0
user_68336,2022-09-04 01:13:00,17,15,12,0,4,5,19,15,7,6,14,6,1,1.849539,0.161021,8.351668,0.71,0.0,0.88,0.498428,0.442796,0
user_68337,2022-09-24 22:36:00,22,13,6,0,2,3,6,9,6,4,12,5,1,0.007053,6.504805,6.921568,0.27,0.0,0.59,0.74821,0.330002,0
user_68338,2022-09-17 01:38:00,11,8,5,1,2,1,18,12,10,8,1,5,1,6.381216,3.535059,2.996156,0.45,0.2,0.73,0.75812,0.417728,0
user_68339,2022-09-19 06:58:00,23,8,7,1,3,1,11,14,17,19,11,0,0,5.808767,4.238412,5.659631,0.3,0.14,0.35,0.689248,0.331516,0
user_68340,2022-10-17 14:16:00,16,12,6,0,1,0,19,11,18,3,9,0,0,4.704251,11.14257,5.534402,0.38,0.0,0.75,0.346404,0.416138,0
user_68341,2022-09-26 02:29:00,16,5,6,1,2,0,13,7,18,8,3,0,0,5.090176,2.65631,7.965647,0.38,0.17,0.31,0.996072,0.84333,0
user_68342,2022-09-16 18:04:00,20,9,6,1,2,4,16,3,15,0,0,4,0,4.953513,3.363107,8.031689,0.3,0.17,0.45,0.850024,0.684569,0
user_68343,2022-09-21 06:29:00,22,11,9,1,3,1,6,16,17,4,20,2,0,0.480337,2.666901,2.183142,0.41,0.11,0.5,0.995905,0.485755,1
user_68344,2022-10-01 16:05:00,26,11,3,1,2,0,2,15,19,13,6,5,1,5.03465,7.48387,5.817397,0.12,0.33,0.42,0.542557,0.799514,0
user_68345,2022-10-24 19:25:00,16,12,13,1,1,1,15,3,13,10,20,0,0,2.594141,7.016444,4.315227,0.81,0.08,0.75,0.74361,0.895486,1
user_68346,2022-09-14 18:41:00,25,11,6,1,2,0,18,3,5,7,11,2,0,5.704018,0.375893,5.877966,0.24,0.17,0.44,0.670987,0.512641,0
user_68347,2022-10-07 18:43:00,16,10,5,0,1,1,7,2,8,20,15,4,0,0.003538,1.385364,10.778878,0.31,0.0,0.62,0.622858,0.403109,0
user_68348,2022-09-10 21:08:00,13,4,11,0,0,2,12,9,3,3,2,5,1,6.031978,4.68023,2.977007,0.85,0.0,0.31,0.464628,0.835727,0
user_68349,2022-10-21 16:44:00,22,10,7,0,4,3,8,11,17,3,19,4,0,0.03948,9.138784,6.8524,0.32,0.0,0.45,0.998198,0.49093,1
user_68350,2022-09-03 19:44:00,20,11,9,1,0,2,4,8,16,17,5,5,1,10.276929,0.757377,7.355421,0.45,0.11,0.55,0.902165,0.618983,0
user_68351,2022-09-24 16:10:00,21,8,3,0,1,1,1,13,0,18,1,5,1,9.302757,6.688958,5.7808,0.14,0.0,0.38,0.788745,0.304616,0
user_68352,2022-09-12 04:54:00,23,6,8,1,2,1,14,20,4,5,19,0,0,4.152183,1.285229,4.022582,0.35,0.12,0.26,0.64443,0.786018,1
user_68353,2022-09-01 09:07:00,13,7,6,1,1,3,20,16,6,1,9,3,0,2.477235,7.153636,11.354024,0.46,0.17,0.54,0.549428,0.924561,0
user_68354,2022-10-27 16:16:00,22,8,5,2,0,2,7,4,9,14,9,3,0,7.198056,2.908562,3.368691,0.23,0.4,0.36,0.684634,0.35271,0
user_68355,2022-09-06 18:26:00,18,6,13,1,2,0,18,7,13,17,5,1,0,4.012283,4.049219,9.061428,0.72,0.08,0.33,0.495512,0.905653,0
user_68356,2022-10-28 07:20:00,19,7,11,0,1,1,15,13,12,2,4,4,0,3.166208,8.619074,10.340175,0.58,0.0,0.37,0.876123,0.941852,0
user_68357,2022-10-20 04:31:00,18,21,9,0,2,3,18,0,18,0,18,3,0,3.32504,5.633391,6.176636,0.5,0.0,1.17,0.782242,0.454145,0
user_68358,2022-10-19 02:54:00,27,7,10,0,4,4,16,15,5,7,7,2,0,4.40778,7.162845,4.699631,0.37,0.0,0.26,0.475302,0.949539,0
user_68359,2022-09-09 01:57:00,16,10,5,2,2,0,17,12,6,1,19,4,0,6.712403,3.072971,9.428146,0.31,0.4,0.62,0.854827,0.384421,1
user_68360,2022-10-08 23:52:00,16,9,5,1,0,0,9,6,17,9,4,5,1,2.616234,9.906923,7.536616,0.31,0.2,0.56,0.714892,0.445017,0
user_68361,2022-09-12 19:30:00,20,7,7,1,0,0,15,6,3,14,12,0,0,1.178936,0.022549,6.177026,0.35,0.14,0.35,0.305683,0.965612,0
user_68362,2022-09-15 01:39:00,18,13,6,0,2,0,6,17,8,16,6,3,0,4.033821,13.131812,4.376067,0.33,0.0,0.72,0.587448,0.585842,0
user_68363,2022-10-22 08:18:00,19,12,13,0,3,2,5,11,9,20,5,5,1,0.86907,2.896877,4.865882,0.68,0.0,0.63,0.875472,0.445085,0
user_68364,2022-10-18 15:22:00,22,9,5,2,2,1,5,17,15,12,19,1,0,3.609607,10.575132,10.56373,0.23,0.4,0.41,0.62831,0.711374,1
user_68365,2022-09-14 03:21:00,23,14,13,0,1,4,19,19,3,1,1,2,0,5.867531,3.863985,11.906345,0.57,0.0,0.61,0.369774,0.30527,0
user_68366,2022-10-04 09:23:00,13,10,9,1,2,3,15,11,2,17,4,1,0,3.094454,9.508453,9.286634,0.69,0.11,0.77,0.649813,0.533904,0
user_68367,2022-09-23 13:10:00,25,10,8,1,2,0,13,6,11,19,19,4,0,7.255927,5.472655,5.973858,0.32,0.12,0.4,0.760882,0.865609,1
user_68368,2022-09-09 20:41:00,18,7,6,0,1,3,12,13,18,20,4,4,0,7.690828,1.454529,4.765792,0.33,0.0,0.39,0.517557,0.33202,0
user_68369,2022-10-16 22:10:00,14,10,4,0,0,0,8,14,2,19,9,6,1,4.876724,6.2664,1.796276,0.29,0.0,0.71,0.303312,0.97309,0
user_68370,2022-10-19 03:25:00,21,10,5,0,1,0,18,3,18,18,11,2,0,11.273126,4.157909,4.147056,0.24,0.0,0.48,0.848967,0.51501,0
user_68371,2022-10-17 18:21:00,24,10,12,0,3,3,12,16,2,9,19,0,0,2.839109,9.265097,8.765676,0.5,0.0,0.42,0.54702,0.979927,1
user_68372,2022-10-21 08:18:00,23,14,7,0,3,2,20,18,3,7,20,4,0,2.244333,1.541537,3.120205,0.3,0.0,0.61,0.788119,0.619291,1
user_68373,2022-09-23 01:24:00,22,9,9,1,4,1,20,9,14,0,3,4,0,9.214749,10.370196,5.360133,0.41,0.11,0.41,0.822426,0.620903,0
user_68374,2022-09-14 19:54:00,15,13,8,2,2,3,9,16,3,17,3,2,0,2.682672,2.111733,10.105721,0.53,0.25,0.87,0.492582,0.726996,0
user_68375,2022-09-27 04:08:00,18,11,6,0,0,1,14,3,4,13,10,1,0,5.888053,2.521636,10.893223,0.33,0.0,0.61,0.773259,0.580127,0
user_68376,2022-10-23 14:46:00,20,15,11,1,5,3,3,9,18,7,19,6,1,6.740327,3.34172,2.472639,0.55,0.09,0.75,0.699298,0.39638,1
user_68377,2022-10-07 10:53:00,20,6,7,2,1,1,9,7,15,0,18,4,0,3.499731,8.146877,10.330405,0.35,0.29,0.3,0.817119,0.324834,0
user_68378,2022-09-09 06:32:00,22,4,6,2,1,3,20,9,13,1,20,4,0,13.476291,2.987512,13.593878,0.27,0.33,0.18,0.51548,0.991066,1
user_68379,2022-10-29 21:03:00,18,13,8,1,3,2,14,1,0,17,0,5,1,6.660844,2.994468,5.362788,0.44,0.12,0.72,0.669354,0.896493,0
user_68380,2022-10-03 03:18:00,19,9,6,0,4,1,9,20,7,8,9,0,0,6.337685,5.736149,11.089712,0.32,0.0,0.47,0.729107,0.861914,0
user_68381,2022-09-11 14:34:00,32,14,6,0,3,0,1,13,4,4,5,6,1,3.460005,7.650396,3.707149,0.19,0.0,0.44,0.389015,0.790628,0
user_68382,2022-09-24 04:49:00,13,10,13,0,1,2,19,13,8,0,13,5,1,3.664637,3.874601,4.340174,1.0,0.0,0.77,0.680107,0.496223,0
user_68383,2022-09-20 10:48:00,15,11,9,2,1,1,17,17,4,10,14,1,0,1.192424,8.578013,6.585114,0.6,0.22,0.73,0.643385,0.918926,0
user_68384,2022-10-27 12:16:00,27,11,6,1,4,2,19,18,9,20,8,3,0,6.519131,1.716284,2.537367,0.22,0.17,0.41,0.781534,0.674852,0
user_68385,2022-10-14 06:29:00,25,13,14,1,2,1,4,14,6,19,20,4,0,3.183809,3.351785,11.508023,0.56,0.07,0.52,0.500305,0.916193,1
user_68386,2022-10-15 16:32:00,28,3,10,0,5,2,12,17,8,10,18,5,1,7.729816,3.412371,7.416968,0.36,0.0,0.11,0.576036,0.320052,0
user_68387,2022-10-11 16:34:00,25,8,8,2,4,2,14,15,2,4,13,1,0,4.67241,4.884037,8.482682,0.32,0.25,0.32,0.898792,0.743222,0
user_68388,2022-10-28 18:40:00,21,5,8,0,2,1,20,18,11,10,1,4,0,2.316099,3.203716,9.894544,0.38,0.0,0.24,0.466363,0.516751,0
user_68389,2022-10-27 23:21:00,19,5,8,1,0,1,5,15,19,17,20,3,0,9.110564,8.133428,2.578331,0.42,0.12,0.26,0.934327,0.610671,1
user_68390,2022-10-10 23:16:00,17,11,9,1,1,3,10,14,17,17,2,0,0,5.034959,5.294003,2.501992,0.53,0.11,0.65,0.665766,0.446227,0
user_68391,2022-09-17 12:42:00,22,14,11,0,2,2,5,17,4,11,8,5,1,3.796047,0.29716,10.706961,0.5,0.0,0.64,0.305659,0.654501,0
user_68392,2022-09-13 09:38:00,13,13,9,0,2,0,8,3,17,10,5,1,0,8.576085,2.181508,5.316323,0.69,0.0,1.0,0.48015,0.596674,0
user_68393,2022-09-18 11:38:00,20,8,9,0,1,2,0,14,2,11,0,6,1,6.838588,0.052086,3.166435,0.45,0.0,0.4,0.615996,0.878374,0
user_68394,2022-10-06 09:34:00,26,9,7,1,2,2,5,1,3,3,4,3,0,2.646315,3.251901,8.280311,0.27,0.14,0.35,0.645573,0.554537,0
user_68395,2022-09-30 03:57:00,21,5,6,1,3,1,13,4,15,9,13,4,0,1.283477,6.462255,9.066651,0.29,0.17,0.24,0.621309,0.943181,0
user_68396,2022-10-15 09:02:00,23,12,5,1,1,3,8,16,15,6,14,5,1,5.430002,8.130407,5.478774,0.22,0.2,0.52,0.757914,0.991621,0
user_68397,2022-10-09 13:27:00,16,9,8,1,2,3,13,3,19,14,15,6,1,8.351047,5.020838,5.832832,0.5,0.12,0.56,0.488982,0.96113,0
user_68398,2022-10-02 04:35:00,16,5,8,0,0,3,15,13,12,0,1,6,1,9.858954,6.038663,4.74732,0.5,0.0,0.31,0.36935,0.646454,0
user_68399,2022-09-21 19:09:00,25,15,11,0,2,0,4,5,11,11,7,2,0,0.587603,3.248228,5.18508,0.44,0.0,0.6,0.955921,0.530218,0
user_68400,2022-10-10 11:55:00,12,15,6,1,2,0,6,12,12,0,12,0,0,8.786206,6.445725,6.299467,0.5,0.17,1.25,0.517781,0.716677,0
user_68401,2022-09-29 21:29:00,20,11,4,0,2,0,18,17,3,13,15,3,0,2.653234,8.205515,5.028493,0.2,0.0,0.55,0.958449,0.355262,0
user_68402,2022-10-02 02:27:00,19,7,6,1,1,2,19,11,15,2,16,6,1,1.859888,11.815668,9.915177,0.32,0.17,0.37,0.863875,0.827587,0
user_68403,2022-09-28 07:40:00,25,8,3,1,3,0,9,4,2,17,10,2,0,10.677723,2.159379,9.427236,0.12,0.33,0.32,0.506515,0.770252,0
user_68404,2022-09-10 22:19:00,18,8,10,1,1,3,8,4,1,17,16,5,1,2.247478,3.682274,6.058468,0.56,0.1,0.44,0.643011,0.887729,0
user_68405,2022-10-01 03:00:00,26,12,9,0,3,2,14,9,7,1,14,5,1,6.149756,6.975892,7.356489,0.35,0.0,0.46,0.469174,0.727016,0
user_68406,2022-09-11 21:34:00,15,11,5,0,0,2,10,18,18,14,10,6,1,4.402616,6.878157,7.879595,0.33,0.0,0.73,0.425546,0.979101,0
user_68407,2022-09-24 08:05:00,23,6,7,0,2,2,1,10,0,11,5,5,1,3.398835,7.92088,3.376962,0.3,0.0,0.26,0.987778,0.326507,0
user_68408,2022-10-24 14:16:00,22,7,4,0,2,1,16,17,15,11,10,0,0,8.624151,8.114378,9.891062,0.18,0.0,0.32,0.939769,0.455142,0
user_68409,2022-10-28 04:09:00,27,13,11,0,1,4,0,7,10,7,19,4,0,3.481216,3.686041,10.35018,0.41,0.0,0.48,0.902559,0.578287,1
user_68410,2022-09-22 12:36:00,26,6,10,1,3,3,6,8,20,11,15,3,0,9.825998,4.861109,8.888119,0.38,0.1,0.23,0.782533,0.891342,0
user_68411,2022-10-15 13:59:00,15,5,9,0,4,2,19,0,16,12,8,5,1,0.696332,7.587148,8.205164,0.6,0.0,0.33,0.871644,0.472134,0
user_68412,2022-10-24 07:45:00,22,5,7,1,2,1,20,1,10,20,10,0,0,6.385032,0.315587,5.268539,0.32,0.14,0.23,0.567787,0.32244,0
user_68413,2022-10-02 02:32:00,14,10,8,0,1,1,19,0,14,4,8,6,1,5.042367,4.71605,4.701287,0.57,0.0,0.71,0.532215,0.747191,0
user_68414,2022-09-07 21:17:00,15,9,8,0,0,0,12,6,16,15,5,2,0,3.828404,4.64764,4.164768,0.53,0.0,0.6,0.499686,0.878468,0
user_68415,2022-10-14 19:05:00,22,16,8,1,2,1,3,19,17,7,5,4,0,1.95358,8.667603,7.578815,0.36,0.12,0.73,0.366859,0.373708,0
user_68416,2022-10-09 13:48:00,18,6,9,1,0,3,7,18,2,5,13,6,1,0.650121,2.536667,3.353691,0.5,0.11,0.33,0.939488,0.428906,0
user_68417,2022-10-19 07:31:00,20,10,6,1,2,1,5,15,3,11,0,2,0,8.332107,7.025082,5.318832,0.3,0.17,0.5,0.606718,0.853798,0
user_68418,2022-10-08 00:02:00,19,5,8,0,2,0,2,5,18,13,18,5,1,5.55723,10.957949,2.776279,0.42,0.0,0.26,0.393573,0.469894,0
user_68419,2022-09-02 14:46:00,18,7,8,0,3,1,13,8,16,9,17,4,0,7.39197,5.014727,8.77389,0.44,0.0,0.39,0.496868,0.535617,0
user_68420,2022-09-23 22:17:00,22,11,13,0,3,3,16,18,18,6,16,4,0,7.221719,5.961539,8.076097,0.59,0.0,0.5,0.608665,0.52012,0
user_68421,2022-10-22 13:22:00,29,10,10,2,6,1,15,6,10,20,7,5,1,1.508922,4.944495,1.935187,0.34,0.2,0.34,0.41627,0.525356,0
user_68422,2022-10-28 14:26:00,15,20,9,0,1,3,9,16,13,15,7,4,0,3.310568,4.628584,4.008123,0.6,0.0,1.33,0.311717,0.325514,0
user_68423,2022-09-22 03:44:00,21,9,7,1,2,1,10,1,7,17,6,3,0,9.557288,4.100454,5.702242,0.33,0.14,0.43,0.84602,0.437449,0
user_68424,2022-09-18 18:02:00,21,14,7,2,2,1,11,7,13,1,12,6,1,7.442213,0.420082,4.733866,0.33,0.29,0.67,0.866676,0.849055,0
user_68425,2022-09-16 03:47:00,19,8,8,1,2,3,13,8,2,4,15,4,0,3.824383,5.184135,7.618173,0.42,0.12,0.42,0.815009,0.327029,0
user_68426,2022-10-05 15:00:00,19,4,10,0,1,1,16,5,1,19,20,2,0,3.745763,6.345577,1.457098,0.53,0.0,0.21,0.93693,0.883205,1
user_68427,2022-09-02 09:59:00,18,7,9,0,1,1,11,16,15,5,15,4,0,5.668701,12.187817,9.360475,0.5,0.0,0.39,0.655398,0.869697,0
user_68428,2022-10-15 16:52:00,17,13,4,2,1,1,0,16,7,2,0,5,1,4.933992,2.599559,9.875254,0.24,0.5,0.76,0.311878,0.631194,0
user_68429,2022-10-15 17:00:00,17,8,4,1,2,0,2,12,4,17,4,5,1,4.756999,6.057109,9.430939,0.24,0.25,0.47,0.372899,0.77128,0
user_68430,2022-10-20 16:55:00,26,9,10,0,4,4,5,18,14,20,3,3,0,3.800895,3.232029,5.360588,0.38,0.0,0.35,0.735448,0.668956,0
user_68431,2022-10-11 13:18:00,23,3,8,2,4,1,15,7,2,0,0,1,0,6.758727,5.85434,6.604528,0.35,0.25,0.13,0.65012,0.447859,0
user_68432,2022-10-22 06:28:00,19,11,12,0,0,3,19,14,6,8,19,5,1,9.953425,6.570178,3.295784,0.63,0.0,0.58,0.31358,0.921942,1
user_68433,2022-10-07 06:51:00,22,16,8,1,6,5,4,1,7,17,16,4,0,8.417519,0.568962,7.660991,0.36,0.12,0.73,0.789442,0.444209,0
user_68434,2022-10-21 23:20:00,22,5,10,1,8,3,13,1,1,19,20,4,0,5.611013,4.386578,3.548604,0.45,0.1,0.23,0.544774,0.6873,1
user_68435,2022-10-16 02:54:00,21,9,16,1,3,2,11,11,5,20,10,6,1,7.669607,6.134885,1.600275,0.76,0.06,0.43,0.972946,0.379413,0
user_68436,2022-10-26 05:43:00,26,15,9,1,5,2,8,4,20,11,18,2,0,11.184584,5.504826,13.982243,0.35,0.11,0.58,0.534716,0.741952,0
user_68437,2022-09-28 07:19:00,12,9,9,0,1,2,1,6,19,19,20,2,0,2.860367,8.9769,10.899116,0.75,0.0,0.75,0.869997,0.760324,1
user_68438,2022-10-16 16:10:00,16,19,12,2,3,2,12,14,16,17,18,6,1,1.044821,7.402695,0.907888,0.75,0.17,1.19,0.701886,0.655344,0
user_68439,2022-10-13 07:43:00,18,16,7,2,0,4,4,7,8,9,10,3,0,0.153646,7.116043,6.329894,0.39,0.29,0.89,0.460955,0.711049,0
user_68440,2022-10-17 21:08:00,34,9,8,1,3,2,2,0,8,19,2,0,0,1.387751,8.584923,6.984313,0.24,0.12,0.26,0.870269,0.9609,0
user_68441,2022-09-26 09:12:00,16,6,9,0,0,1,10,17,16,4,10,0,0,10.831549,0.538006,10.509581,0.56,0.0,0.38,0.437446,0.843376,0
user_68442,2022-09-24 06:04:00,15,13,5,1,0,2,13,18,8,3,16,5,1,9.229182,4.395839,9.656217,0.33,0.2,0.87,0.344026,0.893825,0
user_68443,2022-10-05 00:52:00,14,8,8,1,1,1,3,1,16,10,19,2,0,7.672855,5.862676,14.245562,0.57,0.12,0.57,0.676371,0.949068,1
user_68444,2022-10-15 10:57:00,24,9,7,0,4,1,3,19,5,8,2,5,1,8.814702,8.694069,8.147772,0.29,0.0,0.38,0.764561,0.354245,0
user_68445,2022-09-24 11:38:00,15,8,10,0,1,2,5,16,14,4,19,5,1,1.104938,8.786377,7.272885,0.67,0.0,0.53,0.951601,0.57943,1
user_68446,2022-10-03 20:00:00,18,11,15,0,2,4,6,10,16,18,15,0,0,4.251469,3.575026,5.395963,0.83,0.0,0.61,0.668859,0.591061,0
user_68447,2022-09-20 13:42:00,30,3,6,1,2,1,10,0,2,2,3,1,0,8.942743,4.017247,5.722802,0.2,0.17,0.1,0.402652,0.716231,0
user_68448,2022-10-30 10:01:00,20,6,5,2,0,1,17,4,12,19,7,6,1,5.810071,2.397383,1.90825,0.25,0.4,0.3,0.979238,0.721268,0
user_68449,2022-09-03 06:27:00,27,10,7,0,5,0,17,15,1,13,16,5,1,3.402507,7.951948,3.195551,0.26,0.0,0.37,0.948819,0.852432,0
user_68450,2022-10-24 13:42:00,17,15,7,0,1,1,17,2,6,5,18,0,0,5.941252,9.540642,5.98257,0.41,0.0,0.88,0.858548,0.466834,0
user_68451,2022-09-12 22:57:00,12,8,11,1,1,3,0,20,9,5,11,0,0,7.600493,6.253113,9.26888,0.92,0.09,0.67,0.448024,0.615498,0
user_68452,2022-09-27 04:16:00,23,9,13,1,0,1,12,20,20,9,6,1,0,8.576415,8.828502,6.893332,0.57,0.08,0.39,0.373372,0.727948,0
user_68453,2022-09-24 05:11:00,20,7,9,0,3,1,4,18,20,3,19,5,1,3.72473,0.485388,6.255941,0.45,0.0,0.35,0.700126,0.469025,1
user_68454,2022-09-28 22:43:00,24,6,11,0,2,1,2,4,10,13,16,2,0,6.252735,3.853566,6.676851,0.46,0.0,0.25,0.966193,0.525784,0
user_68455,2022-09-19 15:31:00,21,8,6,1,1,0,9,0,7,2,13,0,0,1.270568,4.610588,4.526063,0.29,0.17,0.38,0.910237,0.736327,0
user_68456,2022-10-30 07:36:00,22,10,10,0,3,0,8,7,4,5,5,6,1,4.975334,3.297475,8.547153,0.45,0.0,0.45,0.993883,0.933114,0
user_68457,2022-09-21 00:46:00,22,12,9,0,3,1,20,1,3,14,19,2,0,10.027507,5.072907,7.540021,0.41,0.0,0.55,0.317827,0.649289,1
user_68458,2022-10-23 03:40:00,16,11,6,1,2,1,5,1,13,1,14,6,1,0.262521,4.310883,3.058298,0.38,0.17,0.69,0.528996,0.539531,0
user_68459,2022-10-22 14:13:00,11,10,8,2,1,1,5,10,7,2,11,5,1,3.225218,7.013859,3.506549,0.73,0.25,0.91,0.818231,0.607836,0
user_68460,2022-10-28 11:21:00,17,10,10,1,2,4,18,4,16,19,9,4,0,4.598471,8.494483,7.53503,0.59,0.1,0.59,0.63418,0.560371,0
user_68461,2022-10-05 07:44:00,17,12,7,2,2,2,18,5,20,2,14,2,0,1.900915,10.589927,8.453536,0.41,0.29,0.71,0.989201,0.313091,0
user_68462,2022-09-19 08:06:00,21,7,7,0,3,0,18,4,8,10,10,0,0,5.854681,8.376734,3.115256,0.33,0.0,0.33,0.322883,0.389915,0
user_68463,2022-10-24 05:34:00,19,8,9,0,3,1,10,0,16,16,2,0,0,4.87456,2.76588,16.77114,0.47,0.0,0.42,0.721819,0.95797,0
user_68464,2022-09-16 12:07:00,28,18,7,1,3,2,17,11,8,11,8,4,0,1.509531,5.98602,1.405909,0.25,0.14,0.64,0.594476,0.384655,0
user_68465,2022-09-19 18:40:00,13,10,11,1,0,1,4,16,7,4,20,0,0,0.723729,8.983899,8.898623,0.85,0.09,0.77,0.620502,0.653876,1
user_68466,2022-09-15 13:26:00,22,13,9,0,3,2,12,1,5,3,1,3,0,2.104187,7.078658,8.1973,0.41,0.0,0.59,0.438484,0.717438,0
user_68467,2022-10-22 13:37:00,12,11,10,0,1,2,0,15,3,9,17,5,1,0.927293,2.403482,10.029224,0.83,0.0,0.92,0.759418,0.333497,0
user_68468,2022-10-25 19:33:00,18,8,5,0,2,1,14,6,15,19,11,1,0,6.086297,2.438661,7.630494,0.28,0.0,0.44,0.503673,0.975426,0
user_68469,2022-09-03 08:45:00,19,14,3,3,2,0,1,16,17,5,9,5,1,11.605226,4.309065,7.003647,0.16,1.0,0.74,0.979432,0.994004,0
user_68470,2022-10-04 03:09:00,20,15,3,1,2,0,7,8,6,5,9,1,0,5.433885,9.29324,7.879736,0.15,0.33,0.75,0.319919,0.478067,0
user_68471,2022-09-04 00:09:00,27,6,8,0,3,3,6,10,17,1,1,6,1,5.918833,5.135133,6.966855,0.3,0.0,0.22,0.80392,0.827092,0
user_68472,2022-09-09 01:20:00,21,9,7,0,0,2,19,3,15,19,16,4,0,2.157162,7.733337,8.972352,0.33,0.0,0.43,0.303758,0.309288,0
user_68473,2022-10-12 05:25:00,29,10,7,1,3,0,4,10,3,15,11,2,0,6.963673,6.025733,7.531535,0.24,0.14,0.34,0.921558,0.367573,0
user_68474,2022-09-08 10:22:00,18,15,8,1,0,1,12,3,4,1,17,3,0,4.801921,7.669722,7.018839,0.44,0.12,0.83,0.385187,0.654167,0
user_68475,2022-09-30 03:37:00,17,10,11,1,0,1,8,9,20,15,16,4,0,7.307219,5.178336,8.565059,0.65,0.09,0.59,0.757407,0.628791,0
user_68476,2022-10-20 09:31:00,12,10,6,1,1,1,11,2,5,5,19,3,0,8.90552,8.741678,3.422901,0.5,0.17,0.83,0.630129,0.775117,1
user_68477,2022-09-05 15:05:00,14,11,7,1,0,0,19,2,20,9,13,0,0,3.611768,3.756603,7.550965,0.5,0.14,0.79,0.339851,0.463914,0
user_68478,2022-10-17 14:54:00,21,8,10,2,4,3,9,15,1,6,2,0,0,5.420885,11.091967,8.606569,0.48,0.2,0.38,0.323483,0.984881,0
user_68479,2022-09-09 10:34:00,17,15,5,0,1,1,15,15,1,13,12,4,0,5.813326,3.536383,10.259056,0.29,0.0,0.88,0.7544,0.850209,0
user_68480,2022-09-14 08:25:00,18,9,6,0,0,1,1,7,3,10,15,2,0,5.457359,5.732528,8.41352,0.33,0.0,0.5,0.792825,0.783634,0
user_68481,2022-10-11 17:22:00,19,7,3,0,4,2,4,18,3,5,10,1,0,4.137614,9.598586,9.704788,0.16,0.0,0.37,0.723007,0.651908,0
user_68482,2022-10-08 12:41:00,19,8,3,0,2,2,6,1,10,7,10,5,1,3.148733,6.378304,6.292649,0.16,0.0,0.42,0.916599,0.407654,0
user_68483,2022-09-28 20:19:00,12,9,7,0,2,1,1,20,2,6,0,2,0,9.616555,10.443551,6.061551,0.58,0.0,0.75,0.472852,0.350742,0
user_68484,2022-09-08 08:49:00,18,9,8,3,1,4,2,9,6,3,0,3,0,9.386617,4.781049,3.004113,0.44,0.38,0.5,0.778648,0.460057,0
user_68485,2022-10-21 15:33:00,18,7,14,1,1,0,3,12,16,16,7,4,0,5.279474,4.800368,6.250841,0.78,0.07,0.39,0.67811,0.965039,0
user_68486,2022-10-06 03:42:00,21,8,7,0,2,0,4,2,0,0,18,3,0,3.962332,3.079698,0.34022,0.33,0.0,0.38,0.685135,0.743279,0
user_68487,2022-10-28 15:30:00,24,15,9,0,2,3,7,3,10,3,14,4,0,5.669193,5.282642,7.124303,0.38,0.0,0.62,0.525253,0.458665,0
user_68488,2022-10-04 08:26:00,22,9,9,1,2,1,1,13,14,15,1,1,0,5.335726,6.310875,6.224443,0.41,0.11,0.41,0.615586,0.563594,0
user_68489,2022-09-04 00:55:00,18,9,11,0,1,3,0,13,10,10,18,6,1,4.66637,5.710803,4.435015,0.61,0.0,0.5,0.771187,0.716928,0
user_68490,2022-10-18 07:06:00,19,9,9,0,1,3,18,8,11,18,6,1,0,4.203259,2.314906,5.771737,0.47,0.0,0.47,0.71892,0.948895,0
user_68491,2022-09-21 10:54:00,24,12,10,0,4,3,15,8,0,10,16,2,0,3.576616,0.874286,7.251394,0.42,0.0,0.5,0.400364,0.370883,0
user_68492,2022-10-27 18:18:00,19,20,7,1,3,2,14,7,10,3,5,3,0,0.993865,6.774518,3.886337,0.37,0.14,1.05,0.553965,0.543579,0
user_68493,2022-10-24 00:37:00,24,12,6,1,1,1,3,7,1,19,1,0,0,4.110587,2.62332,7.551864,0.25,0.17,0.5,0.928718,0.791779,0
user_68494,2022-10-17 11:19:00,26,7,11,0,2,5,13,12,14,20,4,0,0,3.49693,4.284369,10.180768,0.42,0.0,0.27,0.851702,0.597972,0
user_68495,2022-09-27 14:03:00,22,15,10,2,2,2,8,9,6,17,5,1,0,6.689017,1.427982,5.718677,0.45,0.2,0.68,0.974931,0.920064,0
user_68496,2022-09-30 16:54:00,32,12,7,2,2,1,19,20,9,6,12,4,0,3.752041,2.977275,7.930953,0.22,0.29,0.38,0.57402,0.458921,0
user_68497,2022-09-12 08:07:00,21,12,7,0,2,1,20,11,16,3,19,0,0,5.333885,10.298937,4.476381,0.33,0.0,0.57,0.664324,0.927861,1
user_68498,2022-09-24 17:58:00,15,10,13,1,2,3,19,5,20,9,0,5,1,2.089947,0.607712,9.904482,0.87,0.08,0.67,0.797534,0.573455,0
user_68499,2022-09-22 08:00:00,18,19,7,0,1,1,18,4,9,16,2,3,0,1.752329,5.154522,9.659623,0.39,0.0,1.06,0.700495,0.428982,0
user_68500,2022-10-23 21:27:00,22,11,6,1,3,2,2,11,12,19,20,6,1,0.232614,3.6703,8.412664,0.27,0.17,0.5,0.542636,0.967091,1
user_68501,2022-09-19 03:21:00,10,12,11,0,1,1,8,4,4,20,0,0,0,0.703637,12.688996,5.936272,1.1,0.0,1.2,0.872834,0.466639,0
user_68502,2022-09-13 17:14:00,12,7,7,0,0,1,17,0,0,11,1,1,0,5.53003,3.482631,2.957793,0.58,0.0,0.58,0.842777,0.351375,0
user_68503,2022-09-02 22:41:00,13,13,7,1,0,1,18,13,12,15,13,4,0,1.229221,5.291939,9.114272,0.54,0.14,1.0,0.973402,0.422818,0
user_68504,2022-10-18 03:36:00,13,10,4,2,2,0,4,18,11,16,13,1,0,5.638608,3.544973,4.008153,0.31,0.5,0.77,0.690333,0.940326,0
user_68505,2022-10-12 07:08:00,16,6,3,0,2,0,17,7,20,19,3,2,0,3.66038,1.466228,3.612724,0.19,0.0,0.38,0.341388,0.331889,0
user_68506,2022-10-02 18:46:00,20,13,7,0,2,1,3,15,18,7,1,6,1,6.253236,4.761838,5.760787,0.35,0.0,0.65,0.703489,0.571331,0
user_68507,2022-09-20 16:20:00,14,10,13,0,1,2,19,15,13,4,19,1,0,4.149139,2.246495,8.013283,0.93,0.0,0.71,0.423879,0.860099,1
user_68508,2022-10-05 05:11:00,17,9,6,0,2,1,6,8,1,10,20,2,0,8.186331,7.23526,14.66992,0.35,0.0,0.53,0.452222,0.645845,1
user_68509,2022-09-15 23:43:00,13,4,8,2,0,0,1,19,0,12,19,3,0,7.817816,2.106822,2.769822,0.62,0.25,0.31,0.327306,0.65214,1
user_68510,2022-10-17 08:57:00,19,10,5,2,3,2,14,2,14,5,2,0,0,6.455195,1.098159,4.5409,0.26,0.4,0.53,0.413611,0.319871,0
user_68511,2022-10-12 09:26:00,22,9,8,2,2,1,10,7,15,10,0,2,0,6.156729,3.910026,0.617255,0.36,0.25,0.41,0.658874,0.435241,0
user_68512,2022-10-03 17:45:00,19,9,13,1,4,1,18,17,15,13,11,0,0,4.29004,5.369335,7.498367,0.68,0.08,0.47,0.689139,0.837585,0
user_68513,2022-10-20 11:44:00,24,10,13,2,2,3,3,11,5,8,3,3,0,4.432804,0.155762,6.23559,0.54,0.15,0.42,0.405791,0.832556,0
user_68514,2022-10-30 04:32:00,18,7,15,1,5,2,19,0,9,5,0,6,1,7.496642,7.056354,3.822882,0.83,0.07,0.39,0.590721,0.499289,0
user_68515,2022-10-22 04:43:00,16,10,5,0,1,2,6,14,9,3,15,5,1,4.275763,7.219022,9.574726,0.31,0.0,0.62,0.974592,0.884427,0
user_68516,2022-10-30 07:12:00,20,3,8,0,4,0,8,18,12,0,11,6,1,5.775298,1.542011,5.579308,0.4,0.0,0.15,0.906032,0.720671,0
user_68517,2022-10-13 12:21:00,24,9,13,1,2,3,15,12,16,8,4,3,0,3.133117,6.248428,4.723412,0.54,0.08,0.38,0.785661,0.930865,0
user_68518,2022-09-19 02:41:00,23,13,11,1,1,3,10,4,20,12,19,0,0,7.212123,7.192663,0.191603,0.48,0.09,0.57,0.424034,0.597907,1
user_68519,2022-09-18 12:59:00,20,12,8,1,2,5,19,6,4,5,11,6,1,6.894157,4.364692,5.188653,0.4,0.12,0.6,0.62584,0.470717,0
user_68520,2022-10-08 14:23:00,24,13,4,1,1,1,1,19,3,1,14,5,1,5.92929,9.916233,7.472334,0.17,0.25,0.54,0.77324,0.950863,0
user_68521,2022-09-22 03:44:00,18,8,11,0,2,2,8,19,0,5,12,3,0,5.186263,10.585462,8.543258,0.61,0.0,0.44,0.862143,0.596441,0
user_68522,2022-10-13 14:45:00,11,12,15,2,0,2,19,6,5,6,9,3,0,0.64285,4.002518,5.344754,1.36,0.13,1.09,0.49648,0.787273,0
user_68523,2022-09-25 04:48:00,21,12,7,0,2,1,18,6,1,17,7,6,1,7.553005,7.035851,9.043817,0.33,0.0,0.57,0.568165,0.328338,0
user_68524,2022-10-25 02:16:00,17,12,6,1,0,0,0,8,10,2,18,1,0,13.332027,1.877378,6.160464,0.35,0.17,0.71,0.447814,0.594911,0
user_68525,2022-10-14 21:59:00,24,16,13,1,3,6,18,0,8,13,1,4,0,4.387002,11.049794,9.218739,0.54,0.08,0.67,0.811564,0.667388,0
user_68526,2022-10-05 04:38:00,16,7,3,1,4,0,3,8,0,2,5,2,0,2.377283,2.86177,11.242925,0.19,0.33,0.44,0.491779,0.585213,0
user_68527,2022-09-23 00:09:00,12,4,6,0,1,3,8,11,9,10,8,4,0,1.804132,4.148763,5.447261,0.5,0.0,0.33,0.438196,0.938424,0
user_68528,2022-10-22 10:40:00,21,8,7,0,2,1,2,10,18,0,5,5,1,3.353784,4.688246,6.439207,0.33,0.0,0.38,0.678215,0.346027,0
user_68529,2022-09-13 10:51:00,21,7,10,1,4,3,18,9,15,5,15,1,0,9.054437,8.658088,9.840384,0.48,0.1,0.33,0.920722,0.935113,0
user_68530,2022-10-04 11:56:00,19,11,12,1,3,5,9,14,17,19,5,1,0,2.984589,8.382028,17.497724,0.63,0.08,0.58,0.547435,0.753796,0
user_68531,2022-10-22 11:31:00,21,5,4,2,2,3,5,0,16,16,16,5,1,5.519435,8.662593,4.763376,0.19,0.5,0.24,0.435932,0.837709,0
user_68532,2022-10-01 23:26:00,22,10,15,2,0,2,17,4,15,7,12,5,1,4.826022,2.513222,9.835667,0.68,0.13,0.45,0.685055,0.306251,0
user_68533,2022-10-15 16:43:00,18,11,9,0,2,0,6,19,14,10,5,5,1,7.216838,2.646459,3.007732,0.5,0.0,0.61,0.830907,0.606117,0
user_68534,2022-09-13 09:15:00,19,7,11,0,3,3,18,6,0,5,5,1,0,9.437275,5.069047,10.557451,0.58,0.0,0.37,0.94798,0.803373,0
user_68535,2022-09-22 05:38:00,19,13,7,1,1,1,16,17,14,12,18,3,0,4.367425,2.812273,5.327351,0.37,0.14,0.68,0.384703,0.883718,0
user_68536,2022-10-23 17:39:00,16,16,8,0,3,2,8,10,14,0,17,6,1,3.160357,11.827045,5.106049,0.5,0.0,1.0,0.663686,0.713098,0
user_68537,2022-09-30 23:09:00,24,11,9,0,3,2,11,8,15,0,3,4,0,3.090727,1.917214,8.428477,0.38,0.0,0.46,0.671466,0.862082,0
user_68538,2022-10-02 11:49:00,20,12,11,1,1,3,3,11,2,11,17,6,1,5.421544,7.266204,1.757118,0.55,0.09,0.6,0.448068,0.474994,0
user_68539,2022-09-10 15:12:00,18,9,3,1,3,0,3,14,4,17,10,5,1,2.856008,1.090493,6.37687,0.17,0.33,0.5,0.805173,0.930186,0
user_68540,2022-09-04 20:07:00,17,11,12,0,4,1,20,16,19,12,12,6,1,6.357868,4.401786,11.289907,0.71,0.0,0.65,0.403651,0.334305,0
user_68541,2022-10-02 21:11:00,25,11,4,0,4,0,8,1,0,8,11,6,1,5.717211,7.000135,8.350603,0.16,0.0,0.44,0.792677,0.906204,0
user_68542,2022-09-20 16:50:00,22,9,6,0,3,3,19,14,5,4,6,1,0,0.970466,6.046423,3.814471,0.27,0.0,0.41,0.586292,0.48663,0
user_68543,2022-10-27 01:38:00,21,10,6,1,0,2,10,4,20,5,20,3,0,6.276211,3.411444,6.553267,0.29,0.17,0.48,0.385537,0.577719,1
user_68544,2022-09-08 02:01:00,14,10,9,0,2,3,15,16,3,7,2,3,0,4.304743,5.39347,5.55583,0.64,0.0,0.71,0.749181,0.587961,0
user_68545,2022-10-23 22:21:00,20,5,5,1,0,1,1,15,4,20,16,6,1,8.070453,6.36292,4.384144,0.25,0.2,0.25,0.7736,0.497566,0
user_68546,2022-10-27 10:47:00,18,8,14,1,0,4,13,18,17,14,10,3,0,7.733152,0.811286,10.076125,0.78,0.07,0.44,0.798265,0.9516,0
user_68547,2022-09-17 08:33:00,19,9,10,0,0,1,8,8,1,0,7,5,1,12.471593,7.306759,8.131908,0.53,0.0,0.47,0.367921,0.872826,0
user_68548,2022-09-14 10:24:00,15,12,7,1,2,2,13,20,8,14,17,2,0,7.234897,7.680583,7.030753,0.47,0.14,0.8,0.833042,0.306196,0
user_68549,2022-09-05 08:19:00,26,11,14,1,3,3,8,11,5,0,12,0,0,3.062895,4.654532,8.921333,0.54,0.07,0.42,0.58078,0.539063,0
user_68550,2022-10-14 05:12:00,20,11,5,0,1,0,17,11,9,7,18,4,0,8.607553,6.625419,3.693975,0.25,0.0,0.55,0.625916,0.697495,0
user_68551,2022-10-30 10:15:00,23,12,9,0,2,2,1,6,18,10,5,6,1,2.291847,3.348852,7.708448,0.39,0.0,0.52,0.982578,0.542833,0
user_68552,2022-10-09 11:14:00,17,5,10,2,0,2,17,10,11,9,2,6,1,3.602261,4.406725,11.454235,0.59,0.2,0.29,0.445864,0.363039,0
user_68553,2022-09-20 13:11:00,16,9,14,0,2,3,14,7,10,5,2,1,0,6.458141,6.674872,9.415778,0.88,0.0,0.56,0.691176,0.507376,0
user_68554,2022-09-25 12:35:00,14,11,7,0,2,1,6,18,16,7,5,6,1,5.933709,9.570155,5.221305,0.5,0.0,0.79,0.851977,0.639375,0
user_68555,2022-09-08 08:38:00,19,14,12,0,1,3,9,20,13,9,9,3,0,2.498124,4.744197,3.805602,0.63,0.0,0.74,0.597796,0.318456,0
user_68556,2022-10-11 19:30:00,16,5,12,1,2,3,14,3,13,4,20,1,0,5.35736,9.230133,0.799263,0.75,0.08,0.31,0.599936,0.334921,1
user_68557,2022-09-18 16:10:00,23,15,10,2,1,5,7,13,4,7,13,6,1,4.430309,0.463638,8.091213,0.43,0.2,0.65,0.733393,0.820873,0
user_68558,2022-10-20 04:32:00,15,7,11,2,2,1,1,14,7,5,12,3,0,2.907683,2.929981,6.577006,0.73,0.18,0.47,0.716816,0.36522,0
user_68559,2022-09-06 13:58:00,19,6,10,1,2,5,19,20,1,6,16,1,0,4.542471,3.406017,7.513111,0.53,0.1,0.32,0.718438,0.835748,0
user_68560,2022-10-06 07:33:00,21,11,15,0,4,2,6,8,17,16,0,3,0,5.115529,1.658766,5.618642,0.71,0.0,0.52,0.701412,0.586301,0
user_68561,2022-10-06 13:46:00,13,13,9,1,3,2,7,4,5,16,14,3,0,0.241613,2.684659,7.699423,0.69,0.11,1.0,0.857465,0.743984,0
user_68562,2022-09-06 04:02:00,24,9,10,0,2,0,6,12,15,2,15,1,0,4.095482,3.469988,8.933627,0.42,0.0,0.38,0.685993,0.810064,0
user_68563,2022-10-24 11:32:00,14,7,9,3,3,2,18,0,15,14,2,0,0,6.725468,7.939422,6.285583,0.64,0.33,0.5,0.724046,0.903749,0
user_68564,2022-09-14 23:06:00,12,10,5,0,0,0,7,3,7,6,1,2,0,3.304937,7.793653,9.876811,0.42,0.0,0.83,0.740405,0.673197,0
user_68565,2022-10-14 11:01:00,27,6,7,0,1,0,0,6,13,7,12,4,0,3.910135,4.420403,3.272884,0.26,0.0,0.22,0.607507,0.879472,0
user_68566,2022-09-02 01:32:00,14,8,8,0,1,2,18,19,12,20,4,4,0,9.920276,6.113459,12.107227,0.57,0.0,0.57,0.625831,0.920911,0
user_68567,2022-10-25 18:00:00,20,2,12,2,1,1,9,3,15,5,20,1,0,1.968309,4.391583,6.618141,0.6,0.17,0.1,0.380804,0.702015,1
user_68568,2022-09-26 00:28:00,16,16,9,0,3,2,12,9,8,20,11,0,0,7.418474,10.16185,6.917225,0.56,0.0,1.0,0.493759,0.690572,0
user_68569,2022-09-23 14:49:00,20,9,11,1,0,0,1,0,5,16,19,4,0,7.603158,4.785287,8.925585,0.55,0.09,0.45,0.459972,0.920891,1
user_68570,2022-10-30 23:00:00,18,8,7,3,3,2,13,7,19,20,2,6,1,7.533324,1.816239,5.551634,0.39,0.43,0.44,0.900284,0.624334,0
user_68571,2022-10-05 22:12:00,14,10,8,1,1,0,15,20,11,3,12,2,0,8.289962,3.339678,7.077977,0.57,0.12,0.71,0.690679,0.918044,0
user_68572,2022-10-16 14:19:00,18,10,6,1,3,1,19,20,4,11,19,6,1,5.648869,2.098134,8.511424,0.33,0.17,0.56,0.901953,0.790823,1
user_68573,2022-09-22 04:17:00,20,6,6,1,1,1,17,17,15,15,6,3,0,5.397984,3.024233,5.717953,0.3,0.17,0.3,0.543666,0.602974,0
user_68574,2022-10-06 22:26:00,20,16,5,0,4,0,4,6,17,6,15,3,0,2.40816,4.401444,10.079928,0.25,0.0,0.8,0.460766,0.426561,0
user_68575,2022-10-17 10:09:00,31,8,8,1,1,0,8,8,4,7,4,0,0,6.911037,7.547398,9.781789,0.26,0.12,0.26,0.841825,0.953964,0
user_68576,2022-09-19 19:46:00,14,14,10,0,2,3,18,12,18,15,13,0,0,8.547015,7.180188,6.203511,0.71,0.0,1.0,0.772959,0.72667,0
user_68577,2022-10-27 09:19:00,21,14,8,0,2,0,13,20,4,20,4,3,0,2.382646,1.851277,3.01382,0.38,0.0,0.67,0.683029,0.82229,0
user_68578,2022-10-29 10:39:00,17,11,8,1,1,0,13,10,16,19,20,5,1,1.837197,8.116755,5.089512,0.47,0.12,0.65,0.345902,0.429873,1
user_68579,2022-09-08 07:31:00,19,9,7,2,3,2,18,0,8,9,18,3,0,1.482001,7.286408,5.133285,0.37,0.29,0.47,0.747781,0.699905,0
user_68580,2022-10-18 13:52:00,22,12,7,2,1,1,10,10,12,11,18,1,0,5.459672,4.258781,7.893374,0.32,0.29,0.55,0.642859,0.774978,0
user_68581,2022-10-26 21:56:00,25,11,17,2,2,4,4,17,0,4,0,2,0,2.846473,8.276753,11.330994,0.68,0.12,0.44,0.686263,0.348955,0
user_68582,2022-09-12 14:21:00,24,8,8,0,2,2,9,16,4,11,11,0,0,2.935624,2.248523,6.54753,0.33,0.0,0.33,0.677596,0.711418,0
user_68583,2022-09-12 01:01:00,25,9,10,0,1,2,18,14,16,14,4,0,0,7.078882,7.028006,5.827397,0.4,0.0,0.36,0.847328,0.354678,0
user_68584,2022-09-07 19:14:00,23,10,11,2,4,0,3,17,20,0,7,2,0,3.147632,1.336822,5.563737,0.48,0.18,0.43,0.380485,0.309959,0
user_68585,2022-10-15 16:08:00,21,6,11,0,4,3,8,11,10,8,1,5,1,0.643344,2.435084,6.264481,0.52,0.0,0.29,0.567416,0.598928,0
user_68586,2022-09-30 08:59:00,16,10,8,1,2,0,20,13,16,11,5,4,0,6.957601,7.917793,7.37645,0.5,0.12,0.62,0.420515,0.893592,0
user_68587,2022-10-27 21:00:00,23,8,10,0,1,3,19,7,6,11,14,3,0,9.453639,8.6247,4.504365,0.43,0.0,0.35,0.91898,0.495718,0
user_68588,2022-10-09 13:56:00,18,7,10,1,2,3,8,1,4,0,10,6,1,4.589226,5.238214,7.750229,0.56,0.1,0.39,0.963299,0.687396,0
user_68589,2022-09-09 21:09:00,14,6,6,0,0,1,10,4,20,11,1,4,0,6.056506,7.659271,3.249122,0.43,0.0,0.43,0.457204,0.677694,0
user_68590,2022-10-27 07:39:00,16,7,5,0,3,0,12,10,2,14,1,3,0,6.074953,5.843436,8.834755,0.31,0.0,0.44,0.568491,0.504258,0
user_68591,2022-09-20 20:28:00,18,17,7,1,3,2,0,20,1,16,20,1,0,4.517679,5.602336,3.76052,0.39,0.14,0.94,0.851337,0.486635,1
user_68592,2022-10-18 09:21:00,14,11,9,0,1,0,19,9,13,11,20,1,0,5.407838,2.106308,0.081101,0.64,0.0,0.79,0.774223,0.460519,1
user_68593,2022-09-08 05:16:00,23,12,8,1,4,1,11,11,11,14,7,3,0,0.657201,7.969915,8.482522,0.35,0.12,0.52,0.773353,0.392719,0
user_68594,2022-10-18 15:38:00,24,12,7,0,2,1,4,14,3,19,20,1,0,0.147033,7.946055,4.51108,0.29,0.0,0.5,0.698063,0.429774,1
user_68595,2022-10-24 19:08:00,13,10,5,0,0,2,20,17,13,14,0,0,0,7.476169,7.401389,8.432756,0.38,0.0,0.77,0.70667,0.361548,0
user_68596,2022-09-26 00:19:00,20,11,5,1,2,0,13,12,15,9,20,0,0,8.572089,7.659037,6.808275,0.25,0.2,0.55,0.454922,0.431571,1
user_68597,2022-09-30 01:50:00,29,12,12,1,3,2,18,4,8,20,5,4,0,3.746226,7.771679,9.488052,0.41,0.08,0.41,0.894087,0.840271,0
user_68598,2022-10-21 00:04:00,22,10,13,1,1,1,19,10,9,14,3,4,0,11.614902,5.912488,6.133391,0.59,0.08,0.45,0.897128,0.653738,0
user_68599,2022-10-10 16:51:00,15,20,10,1,1,1,11,19,19,20,16,0,0,5.803117,9.208748,7.884924,0.67,0.1,1.33,0.351986,0.381038,0
user_68600,2022-10-20 10:03:00,15,13,9,0,0,2,1,1,7,10,1,3,0,3.226118,3.775051,1.674586,0.6,0.0,0.87,0.589102,0.847178,0
user_68601,2022-10-12 20:48:00,17,9,9,0,2,2,4,17,19,17,3,2,0,0.661881,6.479017,10.41701,0.53,0.0,0.53,0.325056,0.965697,0
user_68602,2022-10-30 03:57:00,18,7,10,1,3,0,20,7,19,8,20,6,1,4.969945,8.801414,5.178663,0.56,0.1,0.39,0.964032,0.726275,1
user_68603,2022-10-04 02:16:00,22,12,6,0,2,0,0,1,19,6,3,1,0,9.561806,5.857175,9.008571,0.27,0.0,0.55,0.474875,0.572537,0
user_68604,2022-10-22 06:22:00,11,10,9,1,4,2,11,7,1,4,19,5,1,6.096934,1.205255,11.795704,0.82,0.11,0.91,0.897728,0.633809,1
user_68605,2022-10-28 06:19:00,21,12,9,0,1,2,0,3,2,19,17,4,0,8.347189,9.143983,12.530675,0.43,0.0,0.57,0.365462,0.921909,0
user_68606,2022-09-06 11:19:00,9,12,7,0,2,2,4,3,18,19,3,1,0,5.490441,2.22928,8.120595,0.78,0.0,1.33,0.750233,0.81293,0
user_68607,2022-09-12 10:38:00,20,8,10,0,4,3,19,14,1,3,15,0,0,7.674633,3.540099,10.312144,0.5,0.0,0.4,0.757168,0.925456,0
user_68608,2022-09-27 02:52:00,22,7,11,0,2,4,17,8,2,14,19,1,0,8.531667,0.463145,4.790903,0.5,0.0,0.32,0.394014,0.856784,1
user_68609,2022-09-26 03:23:00,19,14,9,1,2,1,8,18,14,19,6,0,0,7.145985,0.444693,8.371654,0.47,0.11,0.74,0.576809,0.329675,0
user_68610,2022-09-05 09:40:00,23,8,9,0,1,3,12,13,8,15,2,0,0,4.926085,7.878494,10.819416,0.39,0.0,0.35,0.33131,0.825826,0
user_68611,2022-10-12 03:39:00,22,9,10,1,3,3,13,10,17,7,18,2,0,5.253042,4.548064,3.155556,0.45,0.1,0.41,0.746883,0.57821,0
user_68612,2022-09-15 17:52:00,12,9,7,0,0,2,0,1,8,6,10,3,0,3.816966,6.203959,7.171878,0.58,0.0,0.75,0.750629,0.717134,0
user_68613,2022-09-17 13:07:00,22,11,7,2,3,2,4,0,4,20,18,5,1,9.737764,4.746444,6.416991,0.32,0.29,0.5,0.318386,0.966042,0
user_68614,2022-09-14 13:39:00,26,13,13,0,1,5,5,15,19,7,12,2,0,9.324866,5.776441,6.71574,0.5,0.0,0.5,0.781998,0.811344,0
user_68615,2022-09-24 15:35:00,26,12,8,0,0,1,16,7,12,2,16,5,1,5.088813,2.947212,6.606282,0.31,0.0,0.46,0.615714,0.819649,0
user_68616,2022-09-07 14:06:00,13,7,12,0,0,4,1,20,11,7,10,2,0,3.776556,1.627729,0.902064,0.92,0.0,0.54,0.368436,0.626213,0
user_68617,2022-10-17 00:56:00,25,10,2,2,2,0,11,11,7,13,2,0,0,10.582893,1.653204,11.364866,0.08,1.0,0.4,0.717231,0.304538,0
user_68618,2022-10-15 00:28:00,16,16,12,1,1,3,2,5,10,3,9,5,1,9.722814,4.327384,3.683667,0.75,0.08,1.0,0.444151,0.406254,0
user_68619,2022-10-04 14:20:00,14,12,6,1,0,2,12,5,12,15,1,1,0,6.980276,1.798706,7.451923,0.43,0.17,0.86,0.704674,0.561823,0
user_68620,2022-09-29 06:13:00,14,10,6,0,1,1,13,4,17,0,15,3,0,6.773433,1.389476,4.991128,0.43,0.0,0.71,0.323261,0.602461,0
user_68621,2022-10-24 14:11:00,23,4,9,1,1,1,10,9,8,2,3,0,0,8.122198,8.632419,5.359438,0.39,0.11,0.17,0.389583,0.548168,0
user_68622,2022-10-04 01:08:00,27,8,8,0,3,0,20,11,18,15,4,1,0,3.483998,5.281116,2.938848,0.3,0.0,0.3,0.464434,0.448228,0
user_68623,2022-10-28 18:22:00,22,8,9,2,0,2,4,4,18,10,7,4,0,5.661112,6.778969,6.71679,0.41,0.22,0.36,0.674072,0.53572,0
user_68624,2022-10-27 16:15:00,16,14,6,0,2,2,6,10,12,9,2,3,0,9.269433,5.771588,5.845224,0.38,0.0,0.88,0.741243,0.921142,0
user_68625,2022-09-07 14:13:00,24,11,7,1,0,1,1,16,15,9,14,2,0,8.826154,7.74001,7.796911,0.29,0.14,0.46,0.620171,0.946792,0
user_68626,2022-10-28 07:19:00,21,9,6,0,4,3,16,3,14,15,1,4,0,5.355831,6.956166,3.93641,0.29,0.0,0.43,0.606429,0.994987,0
user_68627,2022-10-19 06:34:00,24,8,7,1,2,0,18,10,15,9,14,2,0,3.592161,0.745646,12.213894,0.29,0.14,0.33,0.77852,0.698036,0
user_68628,2022-10-23 12:15:00,24,11,5,1,1,2,0,1,15,1,19,6,1,3.007505,4.630199,2.114931,0.21,0.2,0.46,0.82147,0.702809,1
user_68629,2022-10-16 06:34:00,23,10,11,3,3,5,16,13,16,5,3,6,1,2.750703,2.535214,4.446397,0.48,0.27,0.43,0.793094,0.816238,0
user_68630,2022-10-28 15:13:00,21,7,5,0,1,0,18,13,10,14,11,4,0,5.397265,8.725156,5.287425,0.24,0.0,0.33,0.792888,0.853969,0
user_68631,2022-10-26 06:21:00,26,10,9,0,2,1,3,9,17,20,0,2,0,7.906861,3.010433,7.297493,0.35,0.0,0.38,0.506482,0.913455,0
user_68632,2022-09-13 20:49:00,20,12,3,0,3,0,7,9,2,8,11,1,0,3.21861,3.953968,3.966286,0.15,0.0,0.6,0.882532,0.477933,0
user_68633,2022-10-20 15:30:00,20,5,7,1,2,1,7,15,4,11,14,3,0,5.018231,7.848078,14.039577,0.35,0.14,0.25,0.628713,0.401881,0
user_68634,2022-09-17 21:10:00,22,16,9,0,2,0,11,17,1,1,15,5,1,3.412345,2.306815,7.083262,0.41,0.0,0.73,0.807404,0.821748,0
user_68635,2022-10-28 13:54:00,16,11,9,0,1,2,3,16,13,14,2,4,0,4.148151,9.015907,5.740034,0.56,0.0,0.69,0.887542,0.965288,0
user_68636,2022-10-03 04:39:00,17,8,9,2,1,2,10,11,15,1,1,0,0,0.21705,2.260586,6.026911,0.53,0.22,0.47,0.368841,0.905926,0
user_68637,2022-09-03 19:23:00,17,15,7,1,1,1,0,6,20,10,11,5,1,4.362066,1.402691,3.275569,0.41,0.14,0.88,0.505802,0.819572,0
user_68638,2022-10-04 19:35:00,25,11,8,0,2,1,9,20,8,13,11,1,0,3.614097,5.219566,3.746781,0.32,0.0,0.44,0.808319,0.974747,0
user_68639,2022-09-22 07:04:00,19,7,10,1,2,4,10,5,20,2,10,3,0,1.015432,1.646404,9.304131,0.53,0.1,0.37,0.394976,0.3624,0
user_68640,2022-09-11 11:11:00,18,6,9,0,3,1,18,8,7,2,11,6,1,8.705861,3.977304,3.449417,0.5,0.0,0.33,0.952966,0.755123,0
user_68641,2022-10-23 10:12:00,25,9,14,0,3,3,12,20,13,11,9,6,1,2.258688,2.696055,7.50293,0.56,0.0,0.36,0.377595,0.558664,0
user_68642,2022-09-22 08:03:00,22,14,13,0,3,1,9,2,10,19,20,3,0,0.375816,7.113327,5.999415,0.59,0.0,0.64,0.697509,0.718991,1
user_68643,2022-09-16 11:54:00,22,7,10,1,1,1,9,8,3,10,11,4,0,5.503087,6.082075,11.918971,0.45,0.1,0.32,0.708639,0.791279,0
user_68644,2022-09-13 23:28:00,13,6,11,0,0,3,12,10,11,16,8,1,0,4.462396,0.758728,5.456079,0.85,0.0,0.46,0.773081,0.827043,0
user_68645,2022-09-16 05:49:00,24,12,8,1,4,0,12,7,8,6,7,4,0,4.827175,2.452221,5.867656,0.33,0.12,0.5,0.932201,0.850605,0
user_68646,2022-10-19 22:24:00,20,19,11,2,3,2,2,13,12,19,5,2,0,9.331336,4.978653,7.512976,0.55,0.18,0.95,0.788888,0.666342,0
user_68647,2022-09-25 14:02:00,16,7,7,1,0,1,0,13,11,1,0,6,1,2.379312,3.40177,6.443634,0.44,0.14,0.44,0.567071,0.785296,0
user_68648,2022-09-29 23:40:00,22,15,8,1,2,2,18,14,20,12,17,3,0,1.069345,8.657742,7.633313,0.36,0.12,0.68,0.959804,0.437524,0
user_68649,2022-09-12 23:45:00,16,10,7,1,0,1,7,7,5,16,11,0,0,13.058513,1.043403,9.411033,0.44,0.14,0.62,0.461823,0.360804,0
user_68650,2022-09-10 10:41:00,25,9,4,0,4,0,11,8,5,17,13,5,1,7.846913,7.014578,4.26749,0.16,0.0,0.36,0.546248,0.544363,0
user_68651,2022-09-12 08:07:00,22,14,11,0,3,1,16,6,7,15,15,0,0,6.398208,7.97243,9.660582,0.5,0.0,0.64,0.434425,0.643727,0
user_68652,2022-10-07 08:59:00,13,11,13,1,4,3,2,16,12,9,0,4,0,3.590437,1.128384,13.22867,1.0,0.08,0.85,0.557779,0.801595,0
user_68653,2022-09-25 23:14:00,22,10,6,1,3,1,17,9,1,15,9,6,1,7.277042,5.92223,8.334745,0.27,0.17,0.45,0.713486,0.892767,0
user_68654,2022-10-01 18:37:00,22,8,8,0,2,3,0,4,8,19,11,5,1,3.457861,2.588782,3.704757,0.36,0.0,0.36,0.821409,0.466267,0
user_68655,2022-09-15 05:51:00,29,11,4,0,3,0,2,15,15,19,2,3,0,3.070165,12.593102,0.518729,0.14,0.0,0.38,0.652615,0.435238,0
user_68656,2022-09-05 07:48:00,20,11,9,1,0,3,0,7,1,17,20,0,0,0.692117,8.037462,2.705512,0.45,0.11,0.55,0.734109,0.965226,1
user_68657,2022-09-11 14:27:00,25,10,9,0,1,2,15,17,10,17,7,6,1,7.289026,2.215953,5.966465,0.36,0.0,0.4,0.519866,0.544534,0
user_68658,2022-09-11 23:39:00,15,10,11,0,2,0,13,19,12,18,1,6,1,5.76701,7.836838,5.906862,0.73,0.0,0.67,0.988107,0.437809,0
user_68659,2022-10-20 04:29:00,21,10,6,0,0,3,11,8,13,10,5,3,0,6.416859,5.235085,5.550457,0.29,0.0,0.48,0.789952,0.310304,0
user_68660,2022-09-20 04:53:00,17,9,6,0,2,0,12,18,19,0,18,1,0,4.188295,2.874857,4.134382,0.35,0.0,0.53,0.671802,0.771713,0
user_68661,2022-09-03 21:56:00,21,9,8,1,2,2,3,12,11,8,5,5,1,2.629189,3.427326,10.461416,0.38,0.12,0.43,0.35221,0.671548,0
user_68662,2022-10-28 13:20:00,22,6,4,2,2,2,20,11,12,19,15,4,0,1.222733,7.350548,9.75678,0.18,0.5,0.27,0.86471,0.31013,0
user_68663,2022-09-25 08:45:00,26,5,4,1,0,1,20,11,9,15,17,6,1,1.079704,9.021745,2.895561,0.15,0.25,0.19,0.997193,0.397185,0
user_68664,2022-10-14 23:56:00,17,16,4,0,1,1,9,20,7,11,9,4,0,0.25604,6.577237,9.717581,0.24,0.0,0.94,0.888592,0.883279,0
user_68665,2022-10-04 00:29:00,23,7,8,0,4,1,12,2,11,9,0,1,0,1.509981,2.280481,7.259334,0.35,0.0,0.3,0.849392,0.5283,0
user_68666,2022-10-04 19:04:00,20,5,8,1,2,4,17,7,18,18,20,1,0,6.32904,3.295851,6.487602,0.4,0.12,0.25,0.74555,0.793805,1
user_68667,2022-09-22 08:32:00,20,11,3,1,2,2,5,3,13,3,2,3,0,6.916189,9.906486,11.010127,0.15,0.33,0.55,0.503665,0.815225,0
user_68668,2022-10-28 18:28:00,19,13,7,0,1,3,1,9,18,1,5,4,0,5.873382,5.68633,9.931738,0.37,0.0,0.68,0.401814,0.781948,0
user_68669,2022-09-09 07:38:00,19,10,9,2,2,1,12,7,17,14,2,4,0,3.734851,10.118717,8.162465,0.47,0.22,0.53,0.550943,0.344649,0
user_68670,2022-10-08 21:50:00,17,14,9,0,0,2,3,15,12,3,6,5,1,6.941265,6.241509,8.597211,0.53,0.0,0.82,0.522951,0.3816,0
user_68671,2022-10-05 12:45:00,24,10,14,0,3,3,7,6,7,5,8,2,0,6.33025,3.409375,1.758271,0.58,0.0,0.42,0.436139,0.731297,0
user_68672,2022-09-05 12:33:00,18,16,6,1,1,3,8,4,15,1,18,0,0,9.133179,3.013006,10.46861,0.33,0.17,0.89,0.301019,0.311303,0
user_68673,2022-10-08 22:36:00,19,16,9,0,0,3,10,16,14,8,8,5,1,5.372075,0.4754,8.728249,0.47,0.0,0.84,0.320318,0.337689,0
user_68674,2022-10-05 07:55:00,25,9,10,1,2,1,7,12,10,16,7,2,0,7.452148,5.713856,8.177984,0.4,0.1,0.36,0.859866,0.695661,0
user_68675,2022-09-27 02:00:00,24,10,13,2,2,4,2,9,0,8,2,1,0,9.183744,7.273459,6.553321,0.54,0.15,0.42,0.785968,0.698091,0
user_68676,2022-10-23 08:24:00,15,15,6,1,1,1,5,3,20,3,10,6,1,0.542584,5.530367,11.271801,0.4,0.17,1.0,0.813906,0.591931,0
user_68677,2022-09-17 07:54:00,19,9,12,0,1,2,2,3,7,8,15,5,1,3.253495,4.714656,8.910643,0.63,0.0,0.47,0.738207,0.512502,0
user_68678,2022-09-05 13:04:00,19,14,8,2,1,0,11,5,9,19,2,0,0,0.902006,4.658554,1.160876,0.42,0.25,0.74,0.375704,0.802608,0
user_68679,2022-10-12 04:40:00,23,12,6,1,1,0,20,13,3,20,8,2,0,4.264342,0.182822,6.560181,0.26,0.17,0.52,0.565671,0.658998,0
user_68680,2022-10-04 23:58:00,14,8,10,1,0,1,5,7,5,7,19,1,0,9.1093,4.601254,7.831067,0.71,0.1,0.57,0.933457,0.350079,1
user_68681,2022-10-24 15:14:00,17,9,10,0,1,0,14,4,1,11,10,0,0,5.002291,5.321225,9.483822,0.59,0.0,0.53,0.925119,0.982233,0
user_68682,2022-10-23 01:10:00,21,12,5,1,4,1,16,5,10,19,18,6,1,6.252369,5.985039,6.105223,0.24,0.2,0.57,0.892269,0.571674,0
user_68683,2022-10-09 04:30:00,18,18,8,0,1,2,0,16,16,13,16,6,1,1.241245,1.584281,7.598663,0.44,0.0,1.0,0.866199,0.538079,0
user_68684,2022-10-02 17:29:00,19,9,8,1,1,2,4,14,14,3,13,6,1,0.353831,4.528446,4.342665,0.42,0.12,0.47,0.541288,0.698244,0
user_68685,2022-10-10 10:58:00,17,12,9,0,0,3,17,1,3,10,19,0,0,6.739135,8.84392,6.991045,0.53,0.0,0.71,0.879032,0.726257,1
user_68686,2022-10-14 08:24:00,19,12,8,1,1,0,3,1,10,13,11,4,0,2.905381,3.637383,2.73475,0.42,0.12,0.63,0.799393,0.622449,0
user_68687,2022-10-05 13:24:00,14,10,10,1,0,2,10,0,18,6,7,2,0,4.929588,4.329915,5.583352,0.71,0.1,0.71,0.810616,0.860044,0
user_68688,2022-10-28 16:20:00,22,12,9,0,4,0,14,4,20,18,6,4,0,5.845066,2.790774,8.985885,0.41,0.0,0.55,0.565566,0.613902,0
user_68689,2022-10-21 12:10:00,19,9,15,1,1,2,17,10,14,1,18,4,0,0.016075,5.072923,10.399901,0.79,0.07,0.47,0.451119,0.32199,0
user_68690,2022-09-24 13:30:00,17,14,6,0,1,1,17,9,1,4,18,5,1,4.685606,4.665437,14.087519,0.35,0.0,0.82,0.526096,0.446287,0
user_68691,2022-10-03 14:30:00,19,9,9,1,1,2,11,9,20,9,0,0,0,9.804073,2.98376,4.743179,0.47,0.11,0.47,0.41194,0.649464,0
user_68692,2022-09-24 16:05:00,27,8,14,0,2,3,16,12,6,15,13,5,1,4.750309,3.373382,7.092122,0.52,0.0,0.3,0.583221,0.410106,0
user_68693,2022-10-24 22:45:00,20,5,12,1,1,3,2,8,6,2,11,0,0,0.413082,5.212649,2.406189,0.6,0.08,0.25,0.5222,0.359315,0
user_68694,2022-09-11 12:54:00,23,15,10,2,3,0,7,5,0,0,13,6,1,1.12821,11.237343,8.548057,0.43,0.2,0.65,0.82861,0.3106,0
user_68695,2022-09-27 04:29:00,27,10,7,1,2,2,16,2,15,20,8,1,0,3.288282,4.729705,9.640549,0.26,0.14,0.37,0.826997,0.954836,0
user_68696,2022-10-07 17:26:00,22,12,8,0,2,4,12,5,7,20,14,4,0,5.512649,0.90449,9.468036,0.36,0.0,0.55,0.766118,0.365807,0
user_68697,2022-10-09 06:41:00,27,4,7,1,2,3,17,17,12,13,3,6,1,5.802232,2.094387,4.205431,0.26,0.14,0.15,0.367288,0.540297,0
user_68698,2022-10-13 05:21:00,15,15,10,0,2,3,1,15,13,9,17,3,0,8.618775,2.327496,9.397218,0.67,0.0,1.0,0.843837,0.802196,0
user_68699,2022-10-26 04:43:00,28,8,8,0,2,3,18,6,6,13,0,2,0,8.748055,2.646628,11.616115,0.29,0.0,0.29,0.909503,0.525806,0
user_68700,2022-10-21 18:24:00,24,12,12,0,1,1,17,4,6,14,5,4,0,5.771896,4.144745,5.56864,0.5,0.0,0.5,0.619704,0.356167,0
user_68701,2022-09-26 02:34:00,22,11,7,1,6,1,13,15,9,16,19,0,0,5.657619,5.865658,6.083989,0.32,0.14,0.5,0.304845,0.963195,1
user_68702,2022-09-29 12:26:00,16,14,12,2,3,5,4,11,13,5,14,3,0,3.552316,3.593947,2.546927,0.75,0.17,0.88,0.369481,0.51956,0
user_68703,2022-09-12 04:20:00,17,7,8,0,3,1,16,9,5,19,4,0,0,2.964911,6.096185,5.684225,0.47,0.0,0.41,0.331488,0.80155,0
user_68704,2022-10-08 07:24:00,15,12,6,0,2,2,15,15,20,3,14,5,1,4.203697,8.381691,11.780457,0.4,0.0,0.8,0.387568,0.724121,0
user_68705,2022-10-03 22:45:00,24,14,13,0,6,5,3,19,17,1,0,0,0,3.212984,10.854895,8.219272,0.54,0.0,0.58,0.379719,0.96815,0
user_68706,2022-10-06 06:47:00,20,18,8,0,1,2,1,6,18,1,15,3,0,3.20531,10.136824,7.645812,0.4,0.0,0.9,0.36813,0.420844,0
user_68707,2022-09-06 23:32:00,22,11,8,0,3,3,18,11,12,8,1,1,0,5.161994,5.799208,2.812971,0.36,0.0,0.5,0.817682,0.750437,0
user_68708,2022-09-02 07:26:00,17,12,5,0,2,1,15,14,7,12,13,4,0,6.865276,3.682063,8.633108,0.29,0.0,0.71,0.665672,0.632472,0
user_68709,2022-10-26 22:25:00,16,7,5,0,1,3,1,1,2,11,3,2,0,3.235621,5.317575,7.433814,0.31,0.0,0.44,0.640078,0.384738,0
user_68710,2022-10-15 16:05:00,21,12,10,1,2,1,11,19,12,20,4,5,1,9.588452,3.474866,4.751766,0.48,0.1,0.57,0.647903,0.414459,0
user_68711,2022-09-08 10:43:00,27,8,11,0,3,3,4,3,13,10,3,3,0,6.773512,5.21999,3.316323,0.41,0.0,0.3,0.966286,0.677898,0
user_68712,2022-09-04 13:36:00,15,10,12,0,1,2,16,14,19,16,7,6,1,6.057359,6.984321,6.073222,0.8,0.0,0.67,0.480353,0.590691,0
user_68713,2022-10-12 09:42:00,14,7,8,1,1,1,4,12,16,12,12,2,0,6.747561,2.948107,2.77839,0.57,0.12,0.5,0.775786,0.522269,0
user_68714,2022-10-08 22:17:00,22,9,5,0,3,2,1,17,19,4,11,5,1,1.851528,4.479382,4.571664,0.23,0.0,0.41,0.879654,0.914906,0
user_68715,2022-10-20 03:33:00,24,17,9,0,1,2,1,18,9,14,13,3,0,4.447071,4.323714,6.063565,0.38,0.0,0.71,0.451275,0.640641,0
user_68716,2022-09-27 21:09:00,30,7,11,0,2,0,20,12,4,7,7,1,0,7.574968,9.048209,4.867007,0.37,0.0,0.23,0.812222,0.532185,0
user_68717,2022-10-10 15:24:00,22,8,7,1,1,1,3,17,8,20,4,0,0,3.123652,1.956903,4.575185,0.32,0.14,0.36,0.334674,0.329448,0
user_68718,2022-10-09 06:04:00,24,5,4,1,2,0,16,14,0,5,15,6,1,5.707138,8.849565,4.203436,0.17,0.25,0.21,0.598111,0.984155,0
user_68719,2022-10-23 01:24:00,17,7,11,0,1,1,16,19,2,19,17,6,1,1.44065,6.614557,4.789932,0.65,0.0,0.41,0.532781,0.463048,0
user_68720,2022-10-10 15:34:00,13,13,5,2,1,2,15,11,15,15,0,0,0,4.225676,1.13088,12.378005,0.38,0.4,1.0,0.359224,0.381513,0
user_68721,2022-09-23 14:02:00,13,11,9,1,1,2,14,20,2,0,7,4,0,6.224298,5.927994,5.803802,0.69,0.11,0.85,0.828521,0.876347,0
user_68722,2022-10-10 00:56:00,19,10,10,0,0,4,4,11,0,14,10,0,0,4.241455,3.651653,6.72328,0.53,0.0,0.53,0.763285,0.442911,0
user_68723,2022-10-14 16:09:00,12,8,7,1,0,1,13,16,12,17,15,4,0,8.559302,4.364402,10.578779,0.58,0.14,0.67,0.350557,0.336001,0
user_68724,2022-09-29 15:49:00,23,11,9,1,4,0,9,7,3,5,3,3,0,2.569909,8.218407,12.7957,0.39,0.11,0.48,0.863466,0.408397,0
user_68725,2022-10-15 17:49:00,21,6,7,0,1,0,9,15,1,5,3,5,1,5.1026,5.528424,4.101734,0.33,0.0,0.29,0.545744,0.677574,0
user_68726,2022-09-11 04:21:00,19,18,7,1,2,1,10,6,12,16,9,6,1,6.531805,3.417606,13.082066,0.37,0.14,0.95,0.572194,0.723551,0
user_68727,2022-09-11 01:49:00,15,7,4,0,1,1,19,14,17,17,8,6,1,1.428158,3.704411,6.521118,0.27,0.0,0.47,0.927071,0.508876,0
user_68728,2022-10-20 17:15:00,19,10,6,0,0,3,11,10,15,9,0,3,0,1.7239,10.532105,7.277007,0.32,0.0,0.53,0.39268,0.673394,0
user_68729,2022-10-21 17:19:00,19,7,12,1,1,3,18,0,5,6,17,4,0,4.466139,3.755001,6.877391,0.63,0.08,0.37,0.753549,0.365911,0
user_68730,2022-10-01 06:09:00,25,10,3,0,2,0,6,4,20,9,11,5,1,1.403668,1.880274,8.705483,0.12,0.0,0.4,0.631225,0.544798,0
user_68731,2022-10-06 16:36:00,20,10,8,1,1,3,6,20,13,17,12,3,0,0.155839,2.433445,3.699857,0.4,0.12,0.5,0.540501,0.378734,0
user_68732,2022-09-13 21:05:00,13,7,5,0,2,0,19,15,16,14,5,1,0,4.732076,7.230435,10.607338,0.38,0.0,0.54,0.750299,0.87754,0
user_68733,2022-10-08 06:41:00,22,12,11,1,3,1,2,14,14,14,8,5,1,8.147612,2.951958,9.775403,0.5,0.09,0.55,0.516302,0.785173,0
user_68734,2022-10-21 05:58:00,23,5,12,1,0,4,7,16,8,19,19,4,0,7.435635,2.920083,10.228349,0.52,0.08,0.22,0.950147,0.96788,1
user_68735,2022-10-04 07:24:00,20,9,9,0,4,1,17,13,16,10,9,1,0,5.074437,0.653786,5.566712,0.45,0.0,0.45,0.883326,0.948735,0
user_68736,2022-09-14 23:21:00,20,13,5,1,2,1,6,5,10,5,3,2,0,1.335348,10.100368,6.537999,0.25,0.2,0.65,0.42614,0.730432,0
user_68737,2022-10-02 15:56:00,28,12,3,2,4,0,5,12,14,1,17,6,1,6.052889,8.085898,5.615845,0.11,0.67,0.43,0.740759,0.326245,0
user_68738,2022-10-05 12:40:00,17,10,5,1,3,1,4,9,6,17,2,2,0,2.260835,4.911975,11.590385,0.29,0.2,0.59,0.644274,0.681039,0
user_68739,2022-09-30 17:40:00,18,6,13,2,3,4,7,18,1,4,6,4,0,1.521938,6.955127,4.634671,0.72,0.15,0.33,0.519818,0.637473,0
user_68740,2022-10-27 10:08:00,22,9,8,0,1,0,7,12,13,12,18,3,0,7.545136,1.966323,4.628357,0.36,0.0,0.41,0.814954,0.856667,0
user_68741,2022-09-24 06:37:00,24,9,7,1,3,3,8,6,20,15,19,5,1,3.894516,5.975693,8.798141,0.29,0.14,0.38,0.874997,0.636097,1
user_68742,2022-09-03 02:32:00,17,4,7,0,2,1,0,5,0,8,11,5,1,7.561518,12.162616,9.710747,0.41,0.0,0.24,0.709689,0.320897,0
user_68743,2022-10-26 16:35:00,11,10,3,0,1,1,11,10,2,0,11,2,0,3.970047,2.479475,2.732735,0.27,0.0,0.91,0.955589,0.819015,0
user_68744,2022-10-05 03:53:00,12,10,11,0,0,3,0,7,13,3,13,2,0,4.086672,0.181901,1.552834,0.92,0.0,0.83,0.357957,0.388751,0
user_68745,2022-10-19 10:02:00,17,15,4,0,4,1,4,1,1,13,14,2,0,6.844455,1.707477,3.744979,0.24,0.0,0.88,0.777211,0.647001,0
user_68746,2022-10-26 01:58:00,18,13,11,0,1,2,6,17,3,0,1,2,0,5.098461,5.369021,12.91117,0.61,0.0,0.72,0.940859,0.364818,0
user_68747,2022-09-13 19:49:00,24,10,8,0,4,3,10,13,18,19,9,1,0,4.283315,2.933262,9.729796,0.33,0.0,0.42,0.323125,0.568418,0
user_68748,2022-10-16 14:28:00,14,10,5,1,1,1,9,20,5,13,10,6,1,6.127413,3.326992,7.406995,0.36,0.2,0.71,0.956713,0.96268,0
user_68749,2022-09-30 12:11:00,20,13,6,0,2,1,15,19,16,13,10,4,0,7.836716,0.887651,5.068867,0.3,0.0,0.65,0.435574,0.502,0
user_68750,2022-10-19 20:52:00,15,16,10,1,4,1,2,15,2,20,5,2,0,2.663521,0.910524,6.736596,0.67,0.1,1.07,0.945709,0.917058,0
user_68751,2022-10-24 22:43:00,18,10,9,2,4,2,13,7,3,12,14,0,0,2.743465,8.605184,13.850196,0.5,0.22,0.56,0.634875,0.842437,0
user_68752,2022-09-23 10:48:00,16,10,3,1,2,0,15,5,3,20,18,4,0,8.896933,3.57893,7.495115,0.19,0.33,0.62,0.365602,0.913104,0
user_68753,2022-10-17 00:23:00,25,8,5,0,2,0,2,20,7,0,9,0,0,9.112334,5.464159,1.317929,0.2,0.0,0.32,0.387273,0.358717,0
user_68754,2022-10-29 11:13:00,21,11,2,3,1,0,9,11,9,7,3,5,1,7.842794,5.479355,2.057191,0.1,1.5,0.52,0.871031,0.43686,0
user_68755,2022-09-21 23:48:00,17,9,6,0,0,1,10,2,5,9,0,2,0,7.356426,4.634415,7.462982,0.35,0.0,0.53,0.427313,0.966665,0
user_68756,2022-09-27 22:38:00,16,10,9,0,3,2,16,19,18,3,11,1,0,2.068992,2.524283,10.296692,0.56,0.0,0.62,0.43433,0.650744,0
user_68757,2022-09-23 22:00:00,18,6,7,1,0,0,8,17,12,18,11,4,0,4.211162,2.281072,4.810383,0.39,0.14,0.33,0.947347,0.520702,0
user_68758,2022-09-27 12:00:00,22,13,10,1,4,3,9,4,0,17,11,1,0,6.638267,6.659886,7.712237,0.45,0.1,0.59,0.343451,0.601727,0
user_68759,2022-09-12 04:10:00,27,10,8,0,3,1,1,14,8,12,7,0,0,4.235563,4.353253,6.624578,0.3,0.0,0.37,0.544128,0.879229,0
user_68760,2022-10-22 18:12:00,19,11,11,0,1,2,6,16,15,8,18,5,1,1.237502,4.875847,10.141863,0.58,0.0,0.58,0.630454,0.994631,0
user_68761,2022-09-22 23:00:00,21,14,7,0,1,0,14,12,20,3,20,3,0,6.642374,5.477403,5.393943,0.33,0.0,0.67,0.616904,0.497392,1
user_68762,2022-09-13 08:53:00,18,14,7,1,1,1,12,11,0,16,12,1,0,3.392642,2.325283,7.489126,0.39,0.14,0.78,0.903207,0.643709,0
user_68763,2022-09-13 07:24:00,12,10,4,1,3,1,0,20,12,4,10,1,0,4.351546,11.672132,8.257683,0.33,0.25,0.83,0.583568,0.611361,0
user_68764,2022-09-06 00:30:00,24,6,5,0,4,1,15,6,8,4,13,1,0,12.391674,4.495685,10.173088,0.21,0.0,0.25,0.965827,0.310048,0
user_68765,2022-09-20 01:55:00,23,11,8,0,2,0,6,13,14,9,15,1,0,7.140612,6.940393,12.241917,0.35,0.0,0.48,0.467445,0.783234,0
user_68766,2022-10-15 05:38:00,25,11,11,0,2,1,0,7,7,13,15,5,1,1.181432,6.256594,9.616324,0.44,0.0,0.44,0.830926,0.795648,0
user_68767,2022-09-07 00:55:00,17,11,10,1,1,1,18,12,5,2,20,2,0,3.43598,9.405629,12.279631,0.59,0.1,0.65,0.778498,0.652772,1
user_68768,2022-09-11 02:12:00,11,8,8,1,2,2,4,14,16,16,8,6,1,7.774272,8.145987,7.88024,0.73,0.12,0.73,0.69277,0.812579,0
user_68769,2022-10-15 08:46:00,19,6,13,0,4,1,20,2,14,4,2,5,1,0.917304,1.298899,8.584769,0.68,0.0,0.32,0.669413,0.472092,0
user_68770,2022-10-26 06:32:00,21,11,8,1,2,0,1,1,19,3,7,2,0,7.523745,4.829525,7.368137,0.38,0.12,0.52,0.920523,0.516276,0
user_68771,2022-10-14 04:39:00,26,13,7,0,4,2,1,9,8,18,0,4,0,6.203411,4.684983,4.732578,0.27,0.0,0.5,0.714906,0.563006,0
user_68772,2022-10-01 14:47:00,26,15,9,1,1,1,2,0,11,0,8,5,1,6.544675,4.942072,7.564425,0.35,0.11,0.58,0.372976,0.920423,0
user_68773,2022-09-20 07:55:00,12,11,8,1,1,1,0,7,6,14,17,1,0,6.274715,1.934541,5.013088,0.67,0.12,0.92,0.605407,0.52874,0
user_68774,2022-10-22 23:01:00,20,13,6,0,2,0,6,19,4,11,5,5,1,4.913842,5.658686,3.766559,0.3,0.0,0.65,0.773117,0.916949,0
user_68775,2022-09-15 01:25:00,17,6,7,2,1,3,17,4,15,20,8,3,0,8.731304,0.991687,8.678025,0.41,0.29,0.35,0.637166,0.933875,0
user_68776,2022-10-23 20:26:00,14,16,12,0,0,4,9,16,14,10,1,6,1,4.339747,5.314646,2.984645,0.86,0.0,1.14,0.342035,0.627561,0
user_68777,2022-10-25 10:26:00,24,9,4,3,2,1,5,16,11,11,7,1,0,2.589761,4.602147,8.600147,0.17,0.75,0.38,0.708533,0.721439,0
user_68778,2022-10-28 20:05:00,12,7,5,1,1,1,14,1,16,3,0,4,0,8.141641,2.290895,11.627236,0.42,0.2,0.58,0.654086,0.870334,0
user_68779,2022-09-01 02:23:00,23,9,7,0,5,0,17,5,9,3,20,3,0,6.301651,3.780666,3.443042,0.3,0.0,0.39,0.516777,0.472507,1
user_68780,2022-09-28 20:07:00,24,9,3,0,3,2,12,19,7,10,0,2,0,0.4043,7.127053,1.99458,0.12,0.0,0.38,0.393768,0.932418,0
user_68781,2022-10-01 23:36:00,14,10,10,1,0,2,2,17,2,6,8,5,1,6.00566,8.466572,12.037922,0.71,0.1,0.71,0.479381,0.464284,0
user_68782,2022-10-26 07:19:00,21,7,10,0,2,4,20,16,1,10,7,2,0,6.158342,0.699039,4.690425,0.48,0.0,0.33,0.332798,0.325053,0
user_68783,2022-09-01 14:58:00,16,5,5,0,4,0,15,14,18,16,1,3,0,4.629935,4.187591,6.288961,0.31,0.0,0.31,0.947583,0.943126,0
user_68784,2022-09-22 05:23:00,16,15,13,0,4,3,20,5,5,20,9,3,0,10.975247,4.370579,4.61483,0.81,0.0,0.94,0.639224,0.35011,0
user_68785,2022-10-10 01:30:00,19,11,4,1,1,0,0,10,4,16,20,0,0,8.056809,5.680004,2.095187,0.21,0.25,0.58,0.387746,0.942354,1
user_68786,2022-10-10 04:08:00,27,8,3,1,3,1,6,4,17,19,13,0,0,10.956771,1.746826,11.033699,0.11,0.33,0.3,0.899068,0.850824,0
user_68787,2022-10-27 00:20:00,16,19,9,0,1,4,12,4,0,4,8,3,0,1.558751,3.6694,6.725619,0.56,0.0,1.19,0.554633,0.616947,0
user_68788,2022-10-19 06:14:00,23,18,13,0,3,1,0,20,5,10,10,2,0,8.463563,2.702689,8.033744,0.57,0.0,0.78,0.602881,0.988381,0
user_68789,2022-10-23 13:09:00,20,17,5,0,0,0,0,1,12,9,12,6,1,0.314256,5.818092,8.461198,0.25,0.0,0.85,0.965809,0.752038,0
user_68790,2022-10-18 23:21:00,25,9,5,0,1,3,0,3,16,11,2,1,0,2.477037,5.10522,3.763971,0.2,0.0,0.36,0.616441,0.751729,0
user_68791,2022-10-28 18:02:00,17,9,8,1,0,5,2,18,20,9,9,4,0,2.13594,7.158678,4.827542,0.47,0.12,0.53,0.920286,0.405166,0
user_68792,2022-09-25 18:24:00,19,14,9,1,1,2,12,17,20,8,0,6,1,6.263838,4.616499,7.761772,0.47,0.11,0.74,0.927459,0.386696,0
user_68793,2022-10-16 09:32:00,19,14,7,0,4,0,7,0,0,13,19,6,1,2.797065,3.677559,2.908285,0.37,0.0,0.74,0.984241,0.954841,1
user_68794,2022-09-14 06:28:00,24,8,7,0,5,1,17,17,15,3,12,2,0,10.602901,1.032084,8.76044,0.29,0.0,0.33,0.601679,0.530108,0
user_68795,2022-10-29 20:49:00,19,11,5,0,3,1,1,0,7,9,1,5,1,6.144312,3.63532,1.810348,0.26,0.0,0.58,0.368718,0.679291,0
user_68796,2022-09-02 09:25:00,26,13,9,0,1,1,19,10,10,6,19,4,0,8.245952,3.791118,11.139555,0.35,0.0,0.5,0.888692,0.956044,1
user_68797,2022-10-20 18:20:00,20,10,10,1,3,3,13,20,3,9,20,3,0,3.918888,4.950744,6.797094,0.5,0.1,0.5,0.822001,0.776828,1
user_68798,2022-10-19 04:59:00,15,12,8,1,3,1,6,14,1,7,14,2,0,2.774239,2.954481,5.669847,0.53,0.12,0.8,0.458259,0.908752,0
user_68799,2022-09-15 16:07:00,27,10,6,0,3,0,2,2,19,7,8,3,0,4.190083,4.512789,8.374335,0.22,0.0,0.37,0.869308,0.770299,0
user_68800,2022-10-08 13:09:00,13,10,5,1,1,0,14,14,11,16,13,5,1,6.662608,6.627104,5.890783,0.38,0.2,0.77,0.890879,0.464334,0
user_68801,2022-10-30 07:55:00,19,17,5,1,3,2,11,17,13,3,15,6,1,8.188936,8.099466,3.657513,0.26,0.2,0.89,0.789309,0.355213,0
user_68802,2022-09-25 02:23:00,13,7,9,3,2,2,2,0,9,19,15,6,1,3.778357,5.459049,3.245504,0.69,0.33,0.54,0.549592,0.585101,0
user_68803,2022-09-04 02:55:00,25,17,7,1,3,2,11,4,0,18,18,6,1,5.621512,0.769538,7.264917,0.28,0.14,0.68,0.787379,0.706215,0
user_68804,2022-09-12 18:51:00,13,9,9,1,0,1,0,20,7,1,4,0,0,0.053387,3.193587,8.344768,0.69,0.11,0.69,0.396245,0.360545,0
user_68805,2022-09-28 06:39:00,15,11,9,0,0,2,3,5,14,15,1,2,0,1.907422,3.583626,10.127669,0.6,0.0,0.73,0.962648,0.79958,0
user_68806,2022-10-02 08:06:00,17,8,9,1,1,1,19,5,4,12,7,6,1,9.474659,2.496262,4.849343,0.53,0.11,0.47,0.835895,0.922266,0
user_68807,2022-10-29 00:47:00,23,8,10,2,2,2,3,5,7,7,4,5,1,8.453824,9.424809,9.022737,0.43,0.2,0.35,0.381002,0.584392,0
user_68808,2022-09-22 12:28:00,22,10,10,1,3,2,6,17,9,3,15,3,0,0.729951,6.44593,6.008937,0.45,0.1,0.45,0.671377,0.51172,0
user_68809,2022-09-18 20:13:00,22,7,6,0,0,0,7,6,16,4,18,6,1,6.969266,6.398249,4.31441,0.27,0.0,0.32,0.333528,0.931643,0
user_68810,2022-10-25 04:31:00,20,13,9,1,2,2,8,4,2,5,3,1,0,10.815137,3.932477,6.912954,0.45,0.11,0.65,0.34422,0.4691,0
user_68811,2022-10-03 22:05:00,18,12,14,0,1,4,9,0,7,15,2,0,0,3.606998,4.18302,9.986029,0.78,0.0,0.67,0.714081,0.436791,0
user_68812,2022-09-25 04:01:00,18,6,15,0,3,1,17,7,6,14,9,6,1,5.46244,1.77256,8.080406,0.83,0.0,0.33,0.788252,0.65221,0
user_68813,2022-09-12 14:40:00,14,15,4,0,2,0,11,10,13,4,16,0,0,6.764986,8.230104,7.211215,0.29,0.0,1.07,0.498698,0.794306,0
user_68814,2022-10-02 11:06:00,14,7,10,1,2,0,15,5,15,18,17,6,1,2.414105,9.028068,8.839377,0.71,0.1,0.5,0.627451,0.592129,0
user_68815,2022-09-29 08:35:00,18,17,9,0,3,2,4,9,16,1,17,3,0,5.391612,1.956995,6.035501,0.5,0.0,0.94,0.606385,0.828688,0
user_68816,2022-09-21 03:10:00,14,6,5,0,1,1,1,9,7,6,14,2,0,7.13259,8.489425,8.276694,0.36,0.0,0.43,0.87537,0.819585,0
user_68817,2022-09-25 10:36:00,19,10,7,1,3,3,10,16,2,14,5,6,1,2.180705,12.312566,8.901051,0.37,0.14,0.53,0.437052,0.952226,0
user_68818,2022-10-17 12:16:00,12,12,6,2,1,0,15,13,20,4,18,0,0,7.042819,4.672954,0.256494,0.5,0.33,1.0,0.390067,0.730315,0
user_68819,2022-09-29 10:53:00,19,13,11,1,2,2,16,7,11,0,4,3,0,0.292541,9.856597,4.281716,0.58,0.09,0.68,0.97363,0.632213,0
user_68820,2022-10-21 12:22:00,22,9,10,1,2,1,0,8,20,16,0,4,0,2.450466,5.927907,5.024265,0.45,0.1,0.41,0.581004,0.760066,0
user_68821,2022-10-25 15:16:00,19,4,2,1,1,1,7,6,18,0,11,1,0,2.78922,5.670077,4.82228,0.11,0.5,0.21,0.969846,0.812743,0
user_68822,2022-10-18 08:02:00,18,5,9,0,4,2,2,18,13,3,11,1,0,11.370081,5.169637,5.501221,0.5,0.0,0.28,0.502149,0.726463,0
user_68823,2022-10-17 05:53:00,15,5,11,1,2,2,7,9,18,8,6,0,0,0.782927,2.674819,4.24308,0.73,0.09,0.33,0.653604,0.64374,0
user_68824,2022-09-05 22:21:00,18,8,9,1,1,3,17,1,13,7,13,0,0,5.492699,8.664804,9.02073,0.5,0.11,0.44,0.940198,0.831437,0
user_68825,2022-09-11 17:09:00,15,13,11,1,2,1,7,4,11,20,9,6,1,0.65717,2.159334,3.164272,0.73,0.09,0.87,0.663998,0.500673,0
user_68826,2022-09-15 01:50:00,20,15,9,0,1,2,4,9,10,7,0,3,0,3.46154,5.476971,1.3723,0.45,0.0,0.75,0.844023,0.345091,0
user_68827,2022-09-02 00:09:00,17,11,10,1,1,3,12,6,2,13,19,4,0,9.536911,4.373662,8.549643,0.59,0.1,0.65,0.995373,0.570805,1
user_68828,2022-10-14 17:22:00,20,9,3,0,1,0,15,2,3,2,16,4,0,2.010768,4.037383,7.742561,0.15,0.0,0.45,0.79715,0.416066,0
user_68829,2022-10-19 05:09:00,19,10,6,0,2,1,2,2,6,3,19,2,0,6.50098,2.460919,6.643661,0.32,0.0,0.53,0.677062,0.940813,1
user_68830,2022-10-27 06:44:00,15,11,9,2,1,3,1,12,5,5,7,3,0,6.949919,2.629752,7.852787,0.6,0.22,0.73,0.363994,0.931069,0
user_68831,2022-09-26 14:28:00,12,10,7,0,2,1,2,1,4,13,8,0,0,4.94198,4.673658,1.05158,0.58,0.0,0.83,0.484613,0.322872,0
user_68832,2022-10-12 14:52:00,22,10,15,0,3,2,8,7,0,13,5,2,0,2.985104,9.35353,5.133124,0.68,0.0,0.45,0.482798,0.319703,0
user_68833,2022-10-10 13:27:00,25,6,7,1,1,0,19,3,17,17,15,0,0,5.342917,0.781698,5.127674,0.28,0.14,0.24,0.818215,0.923544,0
user_68834,2022-09-09 16:35:00,21,9,4,0,2,1,20,15,2,2,2,4,0,5.131511,5.113307,9.656761,0.19,0.0,0.43,0.60043,0.366654,0
user_68835,2022-10-20 03:36:00,24,14,7,0,1,2,11,4,0,4,11,3,0,8.352997,4.629722,5.527004,0.29,0.0,0.58,0.801762,0.669947,0
user_68836,2022-09-11 02:35:00,18,13,5,0,0,1,8,11,15,8,13,6,1,5.404152,2.503886,10.339303,0.28,0.0,0.72,0.885282,0.781669,0
user_68837,2022-09-29 20:39:00,19,8,5,0,1,1,2,20,12,0,9,3,0,5.337281,2.064676,10.259426,0.26,0.0,0.42,0.931311,0.540539,0
user_68838,2022-10-18 15:08:00,19,9,10,1,2,3,17,9,3,17,20,1,0,5.779415,2.00211,8.849714,0.53,0.1,0.47,0.305867,0.410966,1
user_68839,2022-09-06 18:08:00,16,10,8,1,2,2,9,8,5,0,19,1,0,2.93773,11.242767,0.864019,0.5,0.12,0.62,0.567461,0.474899,1
user_68840,2022-09-03 12:46:00,13,14,8,1,1,3,13,9,11,10,15,5,1,5.38774,6.191936,5.245251,0.62,0.12,1.08,0.728059,0.521663,0
user_68841,2022-09-27 00:43:00,24,11,7,0,7,2,10,7,10,15,18,1,0,5.262863,8.760507,10.001539,0.29,0.0,0.46,0.399752,0.664501,0
user_68842,2022-09-24 06:17:00,9,13,12,2,0,2,14,5,18,16,16,5,1,7.276673,1.679055,6.821427,1.33,0.17,1.44,0.440752,0.666263,0
user_68843,2022-09-25 15:49:00,18,12,9,0,2,1,15,1,17,8,5,6,1,3.200903,1.657119,4.787554,0.5,0.0,0.67,0.684233,0.6999,0
user_68844,2022-10-11 11:21:00,24,8,11,1,0,1,14,7,4,17,5,1,0,1.616677,8.1994,4.508664,0.46,0.09,0.33,0.917999,0.582719,0
user_68845,2022-09-16 03:59:00,16,14,8,1,1,1,17,15,2,8,3,4,0,6.628915,4.56614,7.390245,0.5,0.12,0.88,0.473088,0.470279,0
user_68846,2022-09-18 08:02:00,22,12,9,1,3,4,16,1,4,1,10,6,1,2.385491,5.603368,2.11613,0.41,0.11,0.55,0.607739,0.916212,0
user_68847,2022-09-19 14:39:00,29,11,7,1,3,1,3,8,4,4,7,0,0,9.84565,3.238158,8.222062,0.24,0.14,0.38,0.727137,0.438633,0
user_68848,2022-10-21 21:47:00,14,16,8,1,2,5,15,0,9,14,8,4,0,2.395924,1.56496,4.629445,0.57,0.12,1.14,0.741327,0.607868,0
user_68849,2022-10-27 05:08:00,30,8,3,1,3,0,4,14,8,20,4,3,0,4.985978,2.372567,2.805118,0.1,0.33,0.27,0.522593,0.856163,0
user_68850,2022-09-28 06:46:00,25,12,11,0,4,2,2,3,13,8,2,2,0,6.329839,7.105245,8.213988,0.44,0.0,0.48,0.463753,0.964255,0
user_68851,2022-09-06 18:08:00,25,12,10,1,4,1,2,13,10,4,1,1,0,6.947426,3.537795,12.362987,0.4,0.1,0.48,0.49963,0.902162,0
user_68852,2022-09-02 18:35:00,9,14,10,1,1,1,9,14,0,7,7,4,0,9.643607,3.939482,6.838207,1.11,0.1,1.56,0.489256,0.307244,0
user_68853,2022-09-13 09:14:00,16,14,16,0,5,2,16,20,8,12,19,1,0,1.993676,4.819295,3.232621,1.0,0.0,0.88,0.894885,0.673656,1
user_68854,2022-10-21 09:49:00,22,8,6,1,0,1,18,6,4,1,16,4,0,9.735681,9.220985,4.412749,0.27,0.17,0.36,0.485088,0.331662,0
user_68855,2022-10-16 14:08:00,18,7,11,0,1,1,3,15,18,19,2,6,1,6.180367,6.261298,7.254174,0.61,0.0,0.39,0.388139,0.979978,0
user_68856,2022-10-21 06:01:00,22,11,5,1,4,2,5,7,8,14,12,4,0,8.231342,4.715902,10.956423,0.23,0.2,0.5,0.460144,0.410632,0
user_68857,2022-09-24 13:58:00,22,14,11,1,0,4,19,19,6,4,2,5,1,6.980493,8.203112,5.867345,0.5,0.09,0.64,0.693933,0.95136,0
user_68858,2022-10-05 12:42:00,16,12,6,0,2,3,14,16,16,18,0,2,0,7.020706,6.463688,7.339223,0.38,0.0,0.75,0.659027,0.331744,0
user_68859,2022-09-17 20:33:00,20,12,12,0,6,4,19,4,19,5,9,5,1,2.245282,6.883557,8.842459,0.6,0.0,0.6,0.753593,0.922008,0
user_68860,2022-10-01 00:25:00,17,8,8,0,2,1,15,6,3,12,9,5,1,2.15576,0.680682,2.976531,0.47,0.0,0.47,0.347359,0.953515,0
user_68861,2022-09-08 01:35:00,19,14,8,1,0,1,0,20,1,10,6,3,0,5.710953,0.428941,3.595761,0.42,0.12,0.74,0.914419,0.889371,0
user_68862,2022-09-21 16:27:00,20,17,9,1,1,3,15,11,6,4,12,2,0,6.164554,8.360005,5.134825,0.45,0.11,0.85,0.477581,0.635851,0
user_68863,2022-09-06 03:06:00,18,8,12,2,1,2,11,19,7,19,8,1,0,6.063215,4.812717,4.696391,0.67,0.17,0.44,0.568664,0.600815,0
user_68864,2022-10-25 02:42:00,18,7,9,1,2,0,0,5,13,17,4,1,0,7.089975,7.381002,5.061806,0.5,0.11,0.39,0.339411,0.747732,0
user_68865,2022-10-07 20:26:00,19,11,6,0,2,0,12,16,20,10,9,4,0,3.185511,3.753758,9.623178,0.32,0.0,0.58,0.546466,0.950127,0
user_68866,2022-09-27 13:34:00,19,6,5,2,3,2,0,12,7,8,11,1,0,2.236136,2.639906,7.286509,0.26,0.4,0.32,0.42518,0.990725,0
user_68867,2022-09-06 00:29:00,25,13,4,0,1,2,4,13,15,8,18,1,0,1.122563,8.406433,2.461004,0.16,0.0,0.52,0.592579,0.375992,0
user_68868,2022-09-18 02:44:00,25,9,3,1,6,0,10,7,12,7,5,6,1,3.960531,6.500802,3.330368,0.12,0.33,0.36,0.810432,0.969,0
user_68869,2022-09-10 04:22:00,28,8,2,1,1,0,5,5,14,11,18,5,1,8.356209,0.155192,5.920435,0.07,0.5,0.29,0.725367,0.434562,0
user_68870,2022-10-06 08:09:00,24,4,6,1,1,1,20,0,13,7,1,3,0,2.568212,8.555447,10.777045,0.25,0.17,0.17,0.549836,0.356281,0
user_68871,2022-10-20 16:01:00,20,13,8,0,2,1,4,6,5,8,20,3,0,2.941948,8.09558,8.269952,0.4,0.0,0.65,0.904902,0.587618,1
user_68872,2022-09-18 21:31:00,23,14,12,1,2,2,3,10,6,14,12,6,1,2.178887,7.493789,8.724765,0.52,0.08,0.61,0.802364,0.794983,0
user_68873,2022-09-23 04:33:00,29,7,7,1,2,0,5,11,9,2,17,4,0,0.93171,3.274527,9.26238,0.24,0.14,0.24,0.598878,0.851539,0
user_68874,2022-09-25 20:01:00,21,8,9,1,2,0,19,5,11,6,15,6,1,11.329459,7.202842,10.177084,0.43,0.11,0.38,0.350682,0.7862,0
user_68875,2022-09-25 23:32:00,20,8,8,1,2,0,13,10,9,7,19,6,1,9.456144,4.026889,10.603967,0.4,0.12,0.4,0.507365,0.633963,1
user_68876,2022-09-22 21:28:00,21,7,7,1,4,1,5,14,5,13,14,3,0,1.275817,8.482516,4.471725,0.33,0.14,0.33,0.392022,0.350237,0
user_68877,2022-10-23 06:25:00,23,17,14,1,5,3,11,12,18,20,5,6,1,8.997474,6.12611,8.178831,0.61,0.07,0.74,0.976756,0.912542,0
user_68878,2022-10-04 23:54:00,25,9,11,0,6,5,1,17,13,2,11,1,0,8.291758,5.658953,4.688734,0.44,0.0,0.36,0.765525,0.667861,0
user_68879,2022-09-01 14:54:00,13,11,6,2,0,2,4,8,17,11,13,3,0,2.337914,9.500557,9.927447,0.46,0.33,0.85,0.917404,0.850556,0
user_68880,2022-09-28 09:06:00,10,11,8,0,0,1,5,15,5,12,2,2,0,6.718087,4.996861,12.689237,0.8,0.0,1.1,0.483621,0.527276,0
user_68881,2022-09-11 13:21:00,21,11,8,0,4,0,5,12,13,16,10,6,1,3.073531,5.600608,10.926262,0.38,0.0,0.52,0.914468,0.366489,0
user_68882,2022-10-19 17:13:00,25,13,9,1,3,1,10,10,1,0,5,2,0,7.995086,4.649488,9.495611,0.36,0.11,0.52,0.929005,0.449999,0
user_68883,2022-10-07 13:44:00,25,10,7,0,5,1,15,6,9,12,18,4,0,5.872992,8.91125,6.847472,0.28,0.0,0.4,0.962162,0.389618,0
user_68884,2022-10-20 14:24:00,24,16,7,0,3,1,1,11,4,20,0,3,0,1.164108,6.413037,6.512098,0.29,0.0,0.67,0.706023,0.786108,0
user_68885,2022-09-20 07:21:00,19,12,6,0,0,0,11,11,17,19,2,1,0,8.325907,7.357972,5.799007,0.32,0.0,0.63,0.533108,0.626318,0
user_68886,2022-09-14 08:05:00,19,10,12,1,1,6,16,11,17,20,0,2,0,8.591008,8.252149,7.467012,0.63,0.08,0.53,0.781941,0.303743,0
user_68887,2022-10-25 01:46:00,25,11,7,1,2,2,11,3,17,9,0,1,0,0.917078,3.260046,5.065499,0.28,0.14,0.44,0.792428,0.839831,0
user_68888,2022-10-07 21:32:00,22,8,11,0,4,2,7,11,7,20,7,4,0,6.478012,1.651227,5.87499,0.5,0.0,0.36,0.657049,0.557021,0
user_68889,2022-09-26 01:41:00,21,7,9,2,2,1,18,11,19,6,15,0,0,5.858545,3.911736,8.285892,0.43,0.22,0.33,0.566016,0.99453,0
user_68890,2022-10-08 08:29:00,26,14,13,0,4,4,5,5,4,2,10,5,1,2.738028,4.429486,5.744735,0.5,0.0,0.54,0.532188,0.305643,0
user_68891,2022-09-09 04:23:00,17,9,8,1,1,2,0,0,20,7,10,4,0,7.327532,4.777709,9.96412,0.47,0.12,0.53,0.54537,0.303367,0
user_68892,2022-09-26 22:23:00,18,9,4,1,3,0,19,17,3,10,13,0,0,1.384333,0.389514,3.897318,0.22,0.25,0.5,0.525913,0.508495,0
user_68893,2022-09-13 12:10:00,20,10,6,1,4,2,5,13,6,2,13,1,0,4.426666,2.432857,10.624495,0.3,0.17,0.5,0.911739,0.8975,0
user_68894,2022-09-16 08:23:00,26,9,5,1,3,1,10,16,9,20,6,4,0,1.530382,4.280243,7.408294,0.19,0.2,0.35,0.817049,0.381327,0
user_68895,2022-09-26 20:35:00,23,5,7,1,3,4,14,13,7,1,10,0,0,7.278735,4.498067,7.167645,0.3,0.14,0.22,0.474374,0.93816,0
user_68896,2022-10-04 10:13:00,11,12,6,0,1,1,17,13,11,0,3,1,0,5.256096,4.397749,11.781266,0.55,0.0,1.09,0.957559,0.889285,0
user_68897,2022-09-25 12:06:00,22,14,5,1,5,0,17,17,7,11,15,6,1,7.500858,1.36955,4.810706,0.23,0.2,0.64,0.461346,0.489309,0
user_68898,2022-09-17 02:32:00,22,16,11,2,1,1,3,18,15,11,6,5,1,8.753974,11.012536,7.958046,0.5,0.18,0.73,0.801521,0.633283,0
user_68899,2022-09-14 22:40:00,13,10,6,0,2,3,15,17,9,10,6,2,0,6.948214,5.24854,5.188697,0.46,0.0,0.77,0.609333,0.777311,0
user_68900,2022-10-11 03:43:00,22,13,5,1,6,2,19,20,10,18,0,1,0,6.94784,9.740813,8.255435,0.23,0.2,0.59,0.692661,0.350278,0
user_68901,2022-09-27 16:52:00,17,4,11,0,1,1,15,18,12,20,18,1,0,5.458497,5.979034,5.686602,0.65,0.0,0.24,0.363684,0.518609,0
user_68902,2022-09-19 03:45:00,21,6,8,0,3,0,4,15,2,14,10,0,0,7.142608,2.834153,11.582708,0.38,0.0,0.29,0.893338,0.342729,0
user_68903,2022-09-09 20:59:00,19,10,5,0,2,0,18,1,11,8,16,4,0,3.888858,3.957504,7.45738,0.26,0.0,0.53,0.568216,0.555263,0
user_68904,2022-10-16 14:47:00,23,8,10,2,2,1,17,5,8,3,8,6,1,6.606506,1.915051,8.207146,0.43,0.2,0.35,0.900099,0.904857,0
user_68905,2022-09-26 12:24:00,18,5,6,0,4,0,8,4,19,20,3,0,0,2.815838,7.831257,6.219342,0.33,0.0,0.28,0.62297,0.708637,0
user_68906,2022-10-11 04:16:00,20,10,7,0,1,0,0,8,7,16,17,1,0,3.427373,3.69485,5.724457,0.35,0.0,0.5,0.739641,0.438749,0
user_68907,2022-09-22 13:30:00,19,12,8,0,0,5,18,18,14,13,13,3,0,4.414238,3.282756,11.295629,0.42,0.0,0.63,0.514643,0.926982,0
user_68908,2022-09-24 00:40:00,24,9,6,0,1,0,1,3,0,12,14,5,1,5.119911,4.025162,4.540839,0.25,0.0,0.38,0.34162,0.930097,0
user_68909,2022-10-06 00:23:00,17,13,9,0,1,1,9,11,18,12,9,3,0,6.468658,3.95948,5.190886,0.53,0.0,0.76,0.711381,0.762724,0
user_68910,2022-10-01 09:51:00,21,10,9,0,5,2,11,3,10,2,9,5,1,6.475928,11.79104,8.327409,0.43,0.0,0.48,0.576225,0.308064,0
user_68911,2022-10-06 01:31:00,25,8,5,1,2,0,13,11,17,10,14,3,0,2.026534,2.608348,8.472195,0.2,0.2,0.32,0.339747,0.755184,0
user_68912,2022-09-21 21:18:00,19,10,4,0,0,2,8,18,8,17,5,2,0,5.094751,1.174392,7.307967,0.21,0.0,0.53,0.367218,0.932535,0
user_68913,2022-09-17 19:51:00,28,13,11,1,3,3,0,10,6,11,15,5,1,5.55085,8.92831,6.822146,0.39,0.09,0.46,0.480862,0.726758,0
user_68914,2022-10-18 18:23:00,21,13,11,1,3,1,2,6,6,18,8,1,0,3.774517,3.179006,9.978372,0.52,0.09,0.62,0.52048,0.487103,0
user_68915,2022-09-17 08:22:00,14,8,5,1,6,1,7,9,18,9,8,5,1,7.873865,5.207017,9.633407,0.36,0.2,0.57,0.54477,0.65863,0
user_68916,2022-10-08 19:20:00,19,5,3,1,4,1,17,9,3,20,1,5,1,3.417413,0.911285,12.934919,0.16,0.33,0.26,0.478098,0.474736,0
user_68917,2022-09-16 22:01:00,16,14,9,2,3,3,15,3,10,13,16,4,0,3.086064,8.600144,8.396194,0.56,0.22,0.88,0.361562,0.601874,0
user_68918,2022-10-15 00:12:00,18,3,5,2,2,2,5,1,4,11,4,5,1,7.531795,4.479238,9.483595,0.28,0.4,0.17,0.825213,0.607666,0
user_68919,2022-09-07 08:54:00,23,12,7,0,2,2,7,13,3,2,16,2,0,0.784286,4.260423,10.324749,0.3,0.0,0.52,0.758371,0.931279,0
user_68920,2022-10-06 23:55:00,17,6,7,0,3,1,8,11,9,14,7,3,0,4.260843,6.285083,6.974938,0.41,0.0,0.35,0.675312,0.606118,0
user_68921,2022-09-15 05:52:00,24,10,6,2,3,1,6,19,12,16,15,3,0,3.477775,8.527227,7.975223,0.25,0.33,0.42,0.744962,0.706891,0
user_68922,2022-10-29 14:18:00,20,10,10,2,2,4,12,1,16,13,6,5,1,1.368293,3.904718,11.251943,0.5,0.2,0.5,0.737359,0.870884,0
user_68923,2022-09-18 07:23:00,13,17,9,0,2,0,18,2,15,5,14,6,1,0.707629,9.688191,6.326309,0.69,0.0,1.31,0.850093,0.566414,0
user_68924,2022-09-26 06:19:00,21,10,7,1,0,2,1,18,15,1,13,0,0,4.191349,4.937932,7.624752,0.33,0.14,0.48,0.444743,0.552579,0
user_68925,2022-09-05 10:37:00,18,10,5,0,1,1,3,5,2,18,8,0,0,9.233335,5.685566,9.752901,0.28,0.0,0.56,0.321728,0.549515,0
user_68926,2022-10-23 17:48:00,28,13,5,1,4,0,0,13,1,18,13,6,1,8.344853,2.839289,3.267307,0.18,0.2,0.46,0.882457,0.584835,0
user_68927,2022-09-14 18:27:00,20,13,5,0,3,0,10,14,3,15,5,2,0,4.41354,7.970817,2.708851,0.25,0.0,0.65,0.36395,0.588839,0
user_68928,2022-10-25 12:11:00,20,12,8,0,0,2,0,17,5,17,3,1,0,3.990813,0.824007,5.783046,0.4,0.0,0.6,0.465054,0.330314,0
user_68929,2022-09-13 02:06:00,19,9,5,0,2,0,5,12,6,19,2,1,0,6.008645,4.771895,5.525233,0.26,0.0,0.47,0.676322,0.932468,0
user_68930,2022-09-13 17:01:00,14,12,7,0,2,3,14,12,7,11,19,1,0,9.195785,8.063789,5.13347,0.5,0.0,0.86,0.677455,0.886006,1
user_68931,2022-10-08 12:22:00,25,7,10,2,1,2,15,10,3,3,0,5,1,8.076988,10.927166,10.181471,0.4,0.2,0.28,0.740762,0.678677,0
user_68932,2022-10-05 13:33:00,13,10,9,1,2,3,1,18,16,13,8,2,0,5.389551,6.454155,10.907825,0.69,0.11,0.77,0.347911,0.502344,0
user_68933,2022-09-28 17:13:00,22,8,7,1,2,1,11,6,17,2,2,2,0,0.562881,4.905159,6.699089,0.32,0.14,0.36,0.785124,0.420579,0
user_68934,2022-09-04 04:41:00,23,13,18,0,3,3,17,13,4,6,9,6,1,4.383383,3.487021,8.574117,0.78,0.0,0.57,0.398374,0.986083,0
user_68935,2022-09-25 10:31:00,24,10,10,1,2,3,18,6,13,13,17,6,1,2.909948,4.105402,4.139797,0.42,0.1,0.42,0.627681,0.599342,0
user_68936,2022-09-08 09:20:00,20,7,9,1,2,3,1,11,8,18,20,3,0,4.475592,7.068633,9.063639,0.45,0.11,0.35,0.768907,0.374958,1
user_68937,2022-10-10 12:55:00,29,13,10,2,2,3,13,2,13,3,5,0,0,0.16362,8.042158,8.354619,0.34,0.2,0.45,0.779387,0.396332,0
user_68938,2022-10-06 01:11:00,25,9,10,0,2,2,8,14,9,8,4,3,0,8.4981,11.308974,7.249061,0.4,0.0,0.36,0.891517,0.771653,0
user_68939,2022-10-08 05:48:00,20,6,6,0,0,1,3,8,11,6,17,5,1,4.905918,7.249947,4.053867,0.3,0.0,0.3,0.818753,0.658716,0
user_68940,2022-10-03 03:13:00,15,8,1,2,2,0,5,7,5,11,5,0,0,4.59526,5.749898,8.782034,0.07,2.0,0.53,0.722783,0.585504,0
user_68941,2022-10-23 20:48:00,19,16,10,1,3,2,2,9,1,18,11,6,1,6.098404,7.454895,9.953026,0.53,0.1,0.84,0.431399,0.663458,0
user_68942,2022-10-05 06:16:00,23,5,10,0,3,2,13,16,1,8,7,2,0,0.239359,2.57633,9.805395,0.43,0.0,0.22,0.496499,0.85915,0
user_68943,2022-10-19 00:35:00,14,9,16,0,0,3,1,17,11,11,5,2,0,2.410741,3.462962,10.413649,1.14,0.0,0.64,0.590539,0.78621,0
user_68944,2022-10-27 01:36:00,20,14,10,1,1,1,11,0,16,5,4,3,0,8.189027,3.562037,1.588793,0.5,0.1,0.7,0.785325,0.912828,0
user_68945,2022-09-05 23:22:00,17,10,8,1,1,2,10,5,1,9,11,0,0,2.697828,0.226671,13.750279,0.47,0.12,0.59,0.679584,0.666076,0
user_68946,2022-10-03 13:10:00,27,7,6,3,2,0,6,12,2,14,14,0,0,2.798689,0.863468,8.156033,0.22,0.5,0.26,0.492798,0.921234,0
user_68947,2022-10-24 16:34:00,21,9,3,1,3,1,16,1,16,1,14,0,0,5.398614,5.220734,6.868036,0.14,0.33,0.43,0.423376,0.932021,0
user_68948,2022-10-12 20:59:00,29,13,11,1,7,1,16,14,10,17,7,2,0,6.980416,0.408044,9.029633,0.38,0.09,0.45,0.662401,0.779692,0
user_68949,2022-10-09 07:16:00,15,13,7,0,0,0,6,1,12,16,13,6,1,2.027354,8.826299,7.294088,0.47,0.0,0.87,0.522401,0.957632,0
user_68950,2022-09-01 17:41:00,23,7,5,1,3,2,9,14,1,3,0,3,0,9.374817,3.517318,7.059068,0.22,0.2,0.3,0.851311,0.556661,0
user_68951,2022-10-26 22:03:00,15,9,8,1,3,2,14,10,20,18,5,2,0,5.814579,10.551216,3.725319,0.53,0.12,0.6,0.846281,0.83658,0
user_68952,2022-09-20 15:31:00,13,14,9,1,1,3,0,11,16,0,2,1,0,5.318384,7.351912,10.76575,0.69,0.11,1.08,0.735204,0.930206,0
user_68953,2022-10-21 00:50:00,20,8,12,1,2,3,15,2,15,19,16,4,0,8.215971,11.113322,6.906604,0.6,0.08,0.4,0.946192,0.675045,0
user_68954,2022-09-06 11:51:00,21,11,13,1,1,4,3,15,10,20,19,1,0,2.530213,8.550112,6.039263,0.62,0.08,0.52,0.79971,0.997933,1
user_68955,2022-09-12 22:40:00,20,10,6,1,1,2,13,13,13,10,5,0,0,2.406324,7.21139,8.238732,0.3,0.17,0.5,0.77514,0.498367,0
user_68956,2022-10-12 15:08:00,22,9,11,0,1,4,16,13,20,7,19,2,0,4.117855,3.859207,6.487342,0.5,0.0,0.41,0.494929,0.855464,1
user_68957,2022-09-07 06:46:00,27,13,9,0,2,1,5,13,15,12,12,2,0,8.28696,5.850478,7.985151,0.33,0.0,0.48,0.440878,0.929997,0
user_68958,2022-09-12 03:30:00,25,14,7,0,3,2,6,17,0,10,14,0,0,4.578849,7.611412,7.251629,0.28,0.0,0.56,0.854668,0.495204,0
user_68959,2022-09-07 03:40:00,21,11,10,1,1,2,19,9,15,8,3,2,0,1.778219,3.870838,1.437466,0.48,0.1,0.52,0.465249,0.567911,0
user_68960,2022-10-10 02:15:00,17,16,5,0,0,2,5,9,7,20,19,0,0,5.977022,6.300861,9.505813,0.29,0.0,0.94,0.662655,0.462054,1
user_68961,2022-09-11 12:27:00,23,12,9,1,2,0,17,6,19,4,4,6,1,1.051472,4.90434,2.461795,0.39,0.11,0.52,0.362195,0.956295,0
user_68962,2022-10-04 18:11:00,24,9,9,0,1,0,4,0,2,20,15,1,0,4.245791,0.217696,10.583579,0.38,0.0,0.38,0.485975,0.816682,0
user_68963,2022-09-13 05:34:00,25,15,10,1,1,2,18,11,0,6,9,1,0,8.119969,9.178966,7.667367,0.4,0.1,0.6,0.925314,0.669309,0
user_68964,2022-09-19 23:09:00,15,9,5,1,1,2,9,16,2,5,4,0,0,5.202441,9.986477,6.614463,0.33,0.2,0.6,0.861671,0.594139,0
user_68965,2022-10-11 19:40:00,21,15,5,1,1,2,11,10,2,4,3,1,0,2.898556,5.438131,5.369355,0.24,0.2,0.71,0.50407,0.38107,0
user_68966,2022-10-22 01:30:00,32,6,4,0,2,1,2,9,9,6,17,5,1,11.749766,0.88543,0.426627,0.12,0.0,0.19,0.710708,0.519708,0
user_68967,2022-09-25 12:18:00,24,15,7,0,2,2,3,9,16,18,20,6,1,8.009026,7.702599,9.379148,0.29,0.0,0.62,0.484586,0.981507,1
user_68968,2022-10-25 20:26:00,22,12,9,0,3,0,11,19,12,12,9,1,0,5.887651,5.776959,6.202305,0.41,0.0,0.55,0.433273,0.607883,0
user_68969,2022-10-22 08:47:00,17,16,9,0,1,3,2,17,19,7,4,5,1,3.796996,1.426349,1.349313,0.53,0.0,0.94,0.592677,0.512628,0
user_68970,2022-10-06 22:31:00,21,13,6,0,2,2,9,13,7,4,11,3,0,10.41647,0.240242,8.882884,0.29,0.0,0.62,0.487727,0.865744,0
user_68971,2022-10-07 03:04:00,25,7,10,0,4,5,17,17,15,15,7,4,0,7.483258,9.969667,9.889675,0.4,0.0,0.28,0.449293,0.674915,0
user_68972,2022-10-22 11:04:00,25,13,11,2,1,4,12,0,7,0,1,5,1,2.434205,4.285709,7.052849,0.44,0.18,0.52,0.963164,0.511863,0
user_68973,2022-09-16 11:08:00,22,6,7,0,2,1,16,6,9,7,6,4,0,0.074693,5.33752,10.991201,0.32,0.0,0.27,0.599484,0.572398,0
user_68974,2022-10-18 11:21:00,25,6,7,2,4,0,1,10,2,10,0,1,0,4.042869,6.557162,13.181907,0.28,0.29,0.24,0.872767,0.65885,0
user_68975,2022-10-30 12:45:00,13,15,3,0,2,0,3,9,7,5,16,6,1,3.962437,3.446352,9.472883,0.23,0.0,1.15,0.435033,0.946599,0
user_68976,2022-10-12 19:05:00,13,13,4,1,1,1,3,10,14,5,8,2,0,3.781483,5.095378,7.793458,0.31,0.25,1.0,0.998862,0.404351,0
user_68977,2022-09-07 05:19:00,16,12,7,0,3,0,17,0,12,17,4,2,0,4.406764,0.706572,7.36173,0.44,0.0,0.75,0.74419,0.967678,0
user_68978,2022-10-23 02:05:00,16,9,10,1,2,4,8,18,18,1,14,6,1,2.857964,3.213726,6.442756,0.62,0.1,0.56,0.5268,0.679037,0
user_68979,2022-09-25 21:48:00,19,5,6,0,1,2,12,16,5,13,9,6,1,0.260542,0.21517,6.421017,0.32,0.0,0.26,0.608745,0.530114,0
user_68980,2022-09-06 16:44:00,20,12,10,1,2,3,1,19,11,19,0,1,0,1.205923,3.627525,9.051696,0.5,0.1,0.6,0.611921,0.448808,0
user_68981,2022-09-28 16:27:00,21,9,4,0,2,2,10,8,15,13,11,2,0,6.090946,0.61016,7.755058,0.19,0.0,0.43,0.758972,0.717941,0
user_68982,2022-10-14 15:35:00,13,9,4,1,2,1,11,7,17,20,12,4,0,10.603694,6.082085,10.529583,0.31,0.25,0.69,0.306417,0.318109,0
user_68983,2022-09-25 18:55:00,22,14,9,0,4,1,2,11,5,20,15,6,1,7.136899,2.08801,9.009145,0.41,0.0,0.64,0.551474,0.54231,0
user_68984,2022-10-16 10:47:00,21,13,13,0,0,2,19,0,18,7,13,6,1,8.421203,5.274833,6.244393,0.62,0.0,0.62,0.444052,0.827794,0
user_68985,2022-10-17 10:22:00,19,13,5,0,4,1,1,2,15,12,11,0,0,11.159819,4.112875,6.791533,0.26,0.0,0.68,0.529606,0.448599,0
user_68986,2022-10-25 11:18:00,10,14,8,0,2,2,13,9,19,17,11,1,0,6.502027,15.371909,8.538484,0.8,0.0,1.4,0.627889,0.38985,0
user_68987,2022-09-09 23:59:00,19,10,9,1,2,1,9,11,5,4,5,4,0,6.245067,6.857494,11.060848,0.47,0.11,0.53,0.577617,0.909999,0
user_68988,2022-09-03 13:33:00,21,11,10,1,2,0,8,17,12,7,18,5,1,6.266234,2.166835,7.917322,0.48,0.1,0.52,0.40302,0.823986,0
user_68989,2022-10-19 19:00:00,22,6,5,1,6,0,6,13,3,12,16,2,0,8.04426,4.584846,5.845451,0.23,0.2,0.27,0.999713,0.504492,0
user_68990,2022-10-24 03:54:00,22,9,6,0,4,0,0,10,18,5,1,0,0,12.241486,4.116731,9.0684,0.27,0.0,0.41,0.445129,0.721104,0
user_68991,2022-10-29 04:01:00,21,3,9,2,4,1,8,4,7,18,20,5,1,6.79665,5.494613,5.490716,0.43,0.22,0.14,0.383897,0.837354,1
user_68992,2022-09-24 17:23:00,23,11,7,0,0,1,18,9,19,19,12,5,1,5.482444,1.752132,9.432141,0.3,0.0,0.48,0.760097,0.935462,0
user_68993,2022-09-22 01:45:00,25,16,8,0,5,2,19,17,4,12,8,3,0,6.515472,1.594295,8.922317,0.32,0.0,0.64,0.776079,0.754049,0
user_68994,2022-09-13 15:21:00,28,14,5,2,5,1,5,15,3,17,10,1,0,3.821842,0.272251,11.704237,0.18,0.4,0.5,0.781034,0.647014,0
user_68995,2022-09-23 16:53:00,18,8,4,1,4,0,2,20,3,3,5,4,0,9.361824,4.393468,4.35092,0.22,0.25,0.44,0.915438,0.547662,0
user_68996,2022-09-25 17:47:00,16,9,8,0,0,3,1,7,1,14,16,6,1,3.752794,2.364605,7.416886,0.5,0.0,0.56,0.896631,0.576647,0
user_68997,2022-09-22 18:38:00,21,9,8,1,4,2,19,3,0,16,11,3,0,2.801523,10.886411,4.593015,0.38,0.12,0.43,0.529247,0.698852,0
user_68998,2022-10-25 12:43:00,17,12,7,2,1,1,9,18,11,3,7,1,0,3.623053,6.435086,9.861898,0.41,0.29,0.71,0.59823,0.885609,0
user_68999,2022-10-23 02:33:00,12,7,9,0,0,2,15,2,1,13,6,6,1,8.72115,5.883896,5.249232,0.75,0.0,0.58,0.941345,0.449193,0
user_69000,2022-09-22 20:27:00,18,11,6,1,6,1,6,7,12,17,2,3,0,0.148951,5.628277,4.870979,0.33,0.17,0.61,0.909022,0.754823,0
user_69001,2022-10-19 20:51:00,21,14,11,0,5,2,13,8,14,4,13,2,0,1.287957,3.558635,5.851908,0.52,0.0,0.67,0.875442,0.72023,0
user_69002,2022-10-12 16:44:00,17,12,7,1,1,1,18,4,8,5,11,2,0,4.44378,9.560199,5.170489,0.41,0.14,0.71,0.566947,0.727388,0
user_69003,2022-10-25 18:19:00,13,21,8,1,3,1,10,7,15,0,0,1,0,6.060307,4.417974,5.657421,0.62,0.12,1.62,0.393757,0.492581,0
user_69004,2022-10-10 22:07:00,22,13,10,0,3,1,13,8,16,6,16,0,0,5.349035,0.779753,6.10918,0.45,0.0,0.59,0.689346,0.680558,0
user_69005,2022-10-22 07:31:00,26,10,7,0,4,1,7,0,10,18,14,5,1,10.299159,4.504063,0.752546,0.27,0.0,0.38,0.481111,0.494208,0
user_69006,2022-10-22 05:14:00,25,10,5,1,2,1,3,5,1,11,15,5,1,0.760209,5.250362,6.121252,0.2,0.2,0.4,0.380688,0.485836,0
user_69007,2022-09-20 09:17:00,30,12,9,1,2,4,2,14,3,19,20,1,0,6.968257,5.378941,5.342447,0.3,0.11,0.4,0.51131,0.354967,1
user_69008,2022-09-30 20:29:00,20,11,9,0,6,2,4,7,9,8,9,4,0,2.252968,4.324335,6.662016,0.45,0.0,0.55,0.984489,0.460716,0
user_69009,2022-10-19 15:08:00,28,13,11,1,2,0,10,13,7,7,12,2,0,5.654212,6.885606,7.315286,0.39,0.09,0.46,0.76971,0.50323,0
user_69010,2022-10-13 18:17:00,19,8,4,1,0,0,0,11,6,18,2,3,0,1.094518,3.892367,10.166023,0.21,0.25,0.42,0.582211,0.518864,0
user_69011,2022-10-29 22:47:00,22,12,8,1,1,0,17,16,11,15,18,5,1,5.267268,7.098888,12.07148,0.36,0.12,0.55,0.651392,0.392947,0
user_69012,2022-10-21 03:49:00,18,11,9,0,3,1,1,8,2,11,9,4,0,3.968731,4.795461,6.718143,0.5,0.0,0.61,0.473336,0.714657,0
user_69013,2022-10-05 07:59:00,22,13,11,0,1,3,20,12,14,4,11,2,0,2.883274,3.543565,4.97418,0.5,0.0,0.59,0.468638,0.351583,0
user_69014,2022-10-03 01:36:00,18,12,8,0,3,1,13,8,4,17,9,0,0,4.221995,0.145283,10.21803,0.44,0.0,0.67,0.590696,0.630161,0
user_69015,2022-09-04 13:02:00,16,5,10,0,2,1,10,0,0,9,2,6,1,2.444136,2.667562,11.034659,0.62,0.0,0.31,0.392364,0.68793,0
user_69016,2022-10-12 23:16:00,20,11,10,1,4,4,9,16,15,13,20,2,0,4.96792,0.006893,9.409864,0.5,0.1,0.55,0.7406,0.531148,1
user_69017,2022-09-09 16:53:00,27,16,9,0,3,3,4,7,2,17,6,4,0,8.059725,4.705727,8.519089,0.33,0.0,0.59,0.399667,0.962306,0
user_69018,2022-10-16 03:35:00,25,8,7,2,1,2,11,20,8,1,10,6,1,0.595919,9.008215,7.793992,0.28,0.29,0.32,0.61026,0.943975,0
user_69019,2022-09-28 06:41:00,24,6,8,0,0,0,17,20,2,0,10,2,0,6.99817,7.720032,3.148154,0.33,0.0,0.25,0.496406,0.885328,0
user_69020,2022-10-18 12:49:00,18,10,7,0,2,1,11,5,11,16,17,1,0,6.710832,11.686965,3.312332,0.39,0.0,0.56,0.382893,0.875619,0
user_69021,2022-10-14 14:52:00,15,7,5,2,1,1,17,3,13,9,13,4,0,1.63924,11.053941,11.324757,0.33,0.4,0.47,0.804892,0.364645,0
user_69022,2022-10-09 07:36:00,29,8,7,2,5,2,6,9,5,11,1,6,1,7.615916,13.105833,7.993948,0.24,0.29,0.28,0.525871,0.536152,0
user_69023,2022-10-26 13:48:00,20,7,3,1,3,3,12,9,16,10,12,2,0,6.306189,6.228316,4.722,0.15,0.33,0.35,0.393352,0.921215,0
user_69024,2022-10-08 07:30:00,16,12,11,1,2,2,11,10,4,4,19,5,1,2.222154,4.919728,3.785033,0.69,0.09,0.75,0.604188,0.7555,1
user_69025,2022-09-26 14:12:00,25,11,9,1,1,1,0,6,8,4,15,0,0,7.457549,6.676087,9.084942,0.36,0.11,0.44,0.63659,0.398762,0
user_69026,2022-09-06 21:37:00,13,13,11,1,2,0,1,7,6,1,2,1,0,4.929929,2.757697,7.319567,0.85,0.09,1.0,0.530924,0.93701,0
user_69027,2022-10-14 13:05:00,15,12,9,2,3,2,17,20,2,10,7,4,0,2.818658,5.518756,6.564968,0.6,0.22,0.8,0.346375,0.480442,0
user_69028,2022-09-03 10:01:00,18,6,7,0,1,3,13,7,4,15,13,5,1,3.717951,9.465896,5.008417,0.39,0.0,0.33,0.703113,0.548225,0
user_69029,2022-10-21 00:39:00,26,11,6,0,4,0,1,10,0,10,5,4,0,7.605356,7.142751,7.603959,0.23,0.0,0.42,0.366928,0.636995,0
user_69030,2022-10-11 16:29:00,16,10,9,1,3,3,12,6,1,14,4,1,0,11.204981,2.065965,8.108308,0.56,0.11,0.62,0.3659,0.672899,0
user_69031,2022-10-09 08:47:00,19,10,7,0,3,2,17,19,20,8,20,6,1,6.296466,7.36823,6.504236,0.37,0.0,0.53,0.396716,0.89104,1
user_69032,2022-10-07 14:55:00,18,15,5,1,1,2,14,16,2,17,17,4,0,9.255397,4.163541,7.579992,0.28,0.2,0.83,0.566142,0.575542,0
user_69033,2022-10-18 07:44:00,21,10,8,1,3,3,15,7,10,3,18,1,0,6.18717,4.194807,3.388523,0.38,0.12,0.48,0.644978,0.812988,0
user_69034,2022-09-10 00:03:00,17,10,10,0,2,2,10,10,19,7,16,5,1,5.25014,7.944629,10.600886,0.59,0.0,0.59,0.829869,0.744365,0
user_69035,2022-10-29 19:54:00,28,14,7,0,1,0,13,17,18,2,13,5,1,3.244409,6.816106,12.901537,0.25,0.0,0.5,0.426805,0.365062,0
user_69036,2022-10-03 07:50:00,20,13,11,0,0,3,11,10,14,3,13,0,0,7.543271,2.734099,7.828977,0.55,0.0,0.65,0.925895,0.969801,0
user_69037,2022-09-23 17:47:00,14,5,8,1,1,4,5,7,19,7,16,4,0,11.356033,5.523261,2.553961,0.57,0.12,0.36,0.30006,0.943695,0
user_69038,2022-09-18 12:06:00,17,10,11,0,0,4,10,20,0,16,14,6,1,0.274811,3.688363,6.79462,0.65,0.0,0.59,0.847696,0.645048,0
user_69039,2022-10-18 11:57:00,20,9,9,1,0,1,15,10,1,20,17,1,0,6.029845,0.407793,0.839987,0.45,0.11,0.45,0.959981,0.597134,0
user_69040,2022-09-11 22:09:00,19,8,10,1,1,2,14,20,9,5,10,6,1,7.679734,2.486231,9.969922,0.53,0.1,0.42,0.676325,0.531574,0
user_69041,2022-10-06 14:37:00,21,16,5,0,0,1,3,13,8,20,0,3,0,7.245166,3.702921,8.925563,0.24,0.0,0.76,0.741432,0.827185,0
user_69042,2022-09-28 00:07:00,14,9,10,1,0,3,11,19,0,16,11,2,0,3.843314,8.834564,7.647014,0.71,0.1,0.64,0.383364,0.80601,0
user_69043,2022-09-14 00:53:00,24,12,11,0,3,4,10,12,16,11,8,2,0,6.17188,1.908685,11.648136,0.46,0.0,0.5,0.309672,0.588546,0
user_69044,2022-10-08 23:26:00,24,9,10,2,3,1,20,15,6,13,12,5,1,9.985826,6.012257,6.650718,0.42,0.2,0.38,0.602721,0.604393,0
user_69045,2022-09-11 12:51:00,22,10,9,0,3,2,18,11,15,20,4,6,1,1.027116,2.497573,6.776719,0.41,0.0,0.45,0.356117,0.493093,0
user_69046,2022-09-08 23:12:00,22,12,5,1,3,0,0,10,11,14,14,3,0,3.739812,7.144457,6.156079,0.23,0.2,0.55,0.306125,0.617984,0
user_69047,2022-10-27 09:38:00,14,10,9,1,0,2,18,8,20,0,2,3,0,6.215808,6.433068,8.326802,0.64,0.11,0.71,0.375343,0.673277,0
user_69048,2022-10-30 11:10:00,16,7,10,2,2,3,10,13,15,20,18,6,1,5.915738,3.660678,10.30968,0.62,0.2,0.44,0.849579,0.330452,0
user_69049,2022-09-28 20:06:00,17,9,10,0,1,2,1,1,15,1,14,2,0,3.381505,10.681858,1.710772,0.59,0.0,0.53,0.85436,0.960037,0
user_69050,2022-10-09 12:01:00,23,11,7,1,1,1,4,6,9,0,0,6,1,7.972976,8.111315,10.858283,0.3,0.14,0.48,0.587652,0.440033,0
user_69051,2022-09-06 18:30:00,24,10,7,1,3,0,20,10,2,20,15,1,0,6.9877,6.823144,11.16324,0.29,0.14,0.42,0.312511,0.686351,0
user_69052,2022-09-21 04:11:00,25,8,7,0,3,2,11,7,7,19,11,2,0,9.164836,2.643541,8.47853,0.28,0.0,0.32,0.459277,0.81562,0
user_69053,2022-10-02 02:27:00,16,12,8,0,1,3,9,4,5,15,20,6,1,5.799605,6.623584,0.874425,0.5,0.0,0.75,0.398299,0.428981,1
user_69054,2022-09-23 01:56:00,16,8,8,2,1,1,17,3,18,2,4,4,0,0.644265,1.439428,8.508091,0.5,0.25,0.5,0.477333,0.342692,0
user_69055,2022-10-29 15:47:00,14,7,9,2,2,1,18,7,13,15,9,5,1,8.136176,4.195435,8.874535,0.64,0.22,0.5,0.506511,0.649118,0
user_69056,2022-10-11 08:32:00,17,12,9,0,1,3,11,9,19,19,17,1,0,2.799286,6.490609,8.83682,0.53,0.0,0.71,0.956434,0.461592,0
user_69057,2022-10-26 00:02:00,20,13,5,1,2,0,8,5,19,3,8,2,0,6.016346,2.388297,2.395821,0.25,0.2,0.65,0.821295,0.41601,0
user_69058,2022-09-03 15:38:00,14,8,12,1,3,1,18,2,5,3,10,5,1,4.229814,2.189063,3.876541,0.86,0.08,0.57,0.581288,0.464991,0
user_69059,2022-10-05 15:20:00,21,12,4,1,1,1,9,9,14,18,9,2,0,10.097,11.483141,9.65441,0.19,0.25,0.57,0.572747,0.864866,0
user_69060,2022-10-03 19:34:00,22,13,6,0,3,0,3,19,9,18,14,0,0,9.472051,2.384805,8.521457,0.27,0.0,0.59,0.890272,0.600515,0
user_69061,2022-09-17 15:02:00,18,11,7,0,1,2,18,2,2,0,4,5,1,10.581481,9.696549,12.68733,0.39,0.0,0.61,0.302193,0.997678,0
user_69062,2022-10-14 15:27:00,25,6,9,0,2,2,8,7,19,13,5,4,0,6.404516,6.304281,6.65098,0.36,0.0,0.24,0.927017,0.568942,0
user_69063,2022-09-01 07:57:00,15,9,5,0,3,1,4,7,12,11,2,3,0,2.634045,6.075319,9.23636,0.33,0.0,0.6,0.371841,0.874047,0
user_69064,2022-10-19 07:37:00,23,9,16,2,2,2,0,16,0,14,15,2,0,4.55083,10.363116,5.600277,0.7,0.12,0.39,0.382482,0.893654,0
user_69065,2022-10-24 03:55:00,14,4,9,2,0,2,7,20,6,1,15,0,0,4.855807,3.64381,17.112432,0.64,0.22,0.29,0.995904,0.327785,0
user_69066,2022-09-19 00:41:00,25,7,7,2,3,1,3,14,5,18,10,0,0,2.344351,4.833292,6.484133,0.28,0.29,0.28,0.823225,0.665409,0
user_69067,2022-10-01 08:12:00,22,11,13,0,3,2,13,19,5,15,3,5,1,7.4064,4.630017,13.553841,0.59,0.0,0.5,0.45409,0.968575,0
user_69068,2022-10-25 07:53:00,17,10,11,0,2,2,2,5,13,20,11,1,0,3.638938,6.330146,4.367993,0.65,0.0,0.59,0.449548,0.568541,0
user_69069,2022-09-03 06:11:00,32,10,6,0,3,1,5,13,0,20,9,5,1,2.897983,7.097407,7.677885,0.19,0.0,0.31,0.669929,0.890784,0
user_69070,2022-10-06 19:04:00,19,11,7,1,2,2,4,16,15,5,4,3,0,7.825032,6.08539,6.455959,0.37,0.14,0.58,0.722451,0.593741,0
user_69071,2022-09-16 04:58:00,27,11,11,0,5,5,15,14,0,9,7,4,0,2.521435,7.162779,5.403682,0.41,0.0,0.41,0.717356,0.560347,0
user_69072,2022-09-18 12:24:00,18,6,6,1,1,0,0,3,15,1,6,6,1,3.842634,10.327334,7.701693,0.33,0.17,0.33,0.8534,0.774242,0
user_69073,2022-10-07 21:47:00,16,12,11,1,1,0,5,15,6,5,14,4,0,6.637815,6.718638,6.159468,0.69,0.09,0.75,0.964301,0.895101,0
user_69074,2022-10-08 10:18:00,25,12,11,0,5,2,7,4,15,12,11,5,1,4.338172,5.756444,5.98511,0.44,0.0,0.48,0.548854,0.773305,0
user_69075,2022-09-18 12:55:00,21,8,7,1,3,2,1,18,15,15,10,6,1,5.001545,6.86907,10.285313,0.33,0.14,0.38,0.379324,0.567751,0
user_69076,2022-09-25 01:28:00,23,11,11,1,3,2,6,16,3,11,4,6,1,0.725534,2.307394,10.826268,0.48,0.09,0.48,0.511169,0.865904,0
user_69077,2022-09-11 06:52:00,19,13,11,0,2,1,17,10,6,6,1,6,1,6.296611,2.096513,10.21195,0.58,0.0,0.68,0.649393,0.937287,0
user_69078,2022-10-13 17:48:00,21,8,12,0,2,4,1,11,8,6,10,3,0,8.928124,4.297478,6.470419,0.57,0.0,0.38,0.518762,0.468943,0
user_69079,2022-10-23 12:30:00,24,9,8,0,2,1,6,15,13,14,19,6,1,1.449889,5.191123,7.983868,0.33,0.0,0.38,0.429188,0.512176,1
user_69080,2022-09-02 05:52:00,20,14,9,1,1,0,20,2,5,10,8,4,0,1.569343,2.478087,5.971426,0.45,0.11,0.7,0.933953,0.449294,0
user_69081,2022-09-02 01:02:00,22,10,6,1,0,3,13,0,7,2,12,4,0,7.395178,2.031613,1.72979,0.27,0.17,0.45,0.739867,0.957658,0
user_69082,2022-10-13 12:41:00,20,8,11,1,4,0,10,2,15,4,20,3,0,6.871207,8.094271,9.132863,0.55,0.09,0.4,0.402616,0.963782,1
user_69083,2022-10-05 01:11:00,25,7,5,0,4,1,5,6,16,14,15,2,0,5.848718,6.693705,8.808397,0.2,0.0,0.28,0.817635,0.561999,0
user_69084,2022-09-14 04:10:00,21,7,15,1,1,3,13,10,15,19,14,2,0,5.334118,5.818529,9.046976,0.71,0.07,0.33,0.438519,0.315211,0
user_69085,2022-10-28 18:22:00,28,10,4,1,5,1,10,9,9,14,12,4,0,4.181657,5.631143,9.102746,0.14,0.25,0.36,0.779684,0.848429,0
user_69086,2022-10-18 04:00:00,23,9,7,0,3,3,12,9,7,10,3,1,0,7.976079,3.753091,4.166941,0.3,0.0,0.39,0.687459,0.929282,0
user_69087,2022-10-06 15:32:00,26,13,4,1,1,1,9,17,12,9,7,3,0,1.100872,2.069702,4.746701,0.15,0.25,0.5,0.794957,0.813483,0
user_69088,2022-09-20 02:21:00,14,7,8,1,2,1,6,13,9,8,8,1,0,9.288991,10.397178,6.678118,0.57,0.12,0.5,0.530938,0.919526,0
user_69089,2022-10-07 20:01:00,23,4,7,1,1,2,9,6,8,0,17,4,0,4.667618,6.252985,8.196718,0.3,0.14,0.17,0.60363,0.329541,0
user_69090,2022-10-14 03:06:00,25,10,5,1,1,1,11,7,7,19,20,4,0,6.935663,5.850431,10.582231,0.2,0.2,0.4,0.441397,0.801834,1
user_69091,2022-09-06 22:31:00,17,7,7,0,3,1,0,14,5,7,9,1,0,7.012713,4.576466,4.078721,0.41,0.0,0.41,0.844591,0.935122,0
user_69092,2022-10-06 10:27:00,22,8,8,0,0,3,9,2,14,16,7,3,0,3.962058,2.698135,10.563189,0.36,0.0,0.36,0.725889,0.378141,0
user_69093,2022-10-16 02:42:00,13,15,8,0,1,0,2,0,16,8,0,6,1,4.079485,2.748952,0.413292,0.62,0.0,1.15,0.636274,0.459033,0
user_69094,2022-10-21 20:20:00,20,12,7,0,3,0,9,8,15,14,3,4,0,4.913167,3.649133,6.871812,0.35,0.0,0.6,0.684363,0.83417,0
user_69095,2022-10-02 15:16:00,17,5,3,2,1,0,7,10,1,7,10,6,1,8.675862,5.550884,9.598674,0.18,0.67,0.29,0.971948,0.751745,0
user_69096,2022-09-19 06:24:00,25,12,13,0,2,3,1,5,1,2,3,0,0,3.892321,1.178213,7.121575,0.52,0.0,0.48,0.438689,0.975507,0
user_69097,2022-09-14 06:14:00,15,8,9,0,3,2,15,10,11,6,14,2,0,6.911488,8.879969,2.771457,0.6,0.0,0.53,0.452111,0.465227,0
user_69098,2022-09-15 14:54:00,15,12,8,1,1,1,0,18,4,14,2,3,0,8.593681,7.925114,7.058517,0.53,0.12,0.8,0.54156,0.937665,0
user_69099,2022-10-18 08:31:00,30,12,5,1,4,0,3,7,0,20,18,1,0,0.931952,4.111023,6.288121,0.17,0.2,0.4,0.448942,0.745513,0
user_69100,2022-10-29 14:35:00,17,10,4,1,3,2,17,6,13,20,7,5,1,3.692281,4.610975,7.887676,0.24,0.25,0.59,0.730648,0.89432,0
user_69101,2022-09-19 07:14:00,16,7,8,2,1,1,17,11,1,3,1,0,0,1.232091,2.297848,8.412073,0.5,0.25,0.44,0.594707,0.418769,0
user_69102,2022-10-01 14:36:00,19,7,6,1,0,2,1,13,15,18,8,5,1,1.440521,4.699359,7.10429,0.32,0.17,0.37,0.675586,0.780535,0
user_69103,2022-10-12 01:50:00,15,11,6,0,1,2,13,4,4,19,3,2,0,3.087783,8.917491,4.73886,0.4,0.0,0.73,0.822302,0.424332,0
user_69104,2022-09-26 10:49:00,23,9,8,2,3,2,3,7,17,18,19,0,0,1.71033,0.793534,8.322199,0.35,0.25,0.39,0.342839,0.508454,1
user_69105,2022-10-03 04:10:00,24,7,13,0,0,1,19,6,11,11,11,0,0,7.33791,5.287286,7.931924,0.54,0.0,0.29,0.493566,0.852787,0
user_69106,2022-09-05 06:05:00,27,7,8,0,1,1,2,1,17,9,20,0,0,4.202835,2.587818,3.119175,0.3,0.0,0.26,0.755335,0.499147,1
user_69107,2022-10-18 11:20:00,22,12,8,0,2,3,5,16,13,16,15,1,0,7.660935,0.27262,11.254661,0.36,0.0,0.55,0.739723,0.510459,0
user_69108,2022-10-24 05:23:00,18,9,11,0,2,3,10,1,2,3,5,0,0,2.212478,3.879263,9.86676,0.61,0.0,0.5,0.301217,0.872675,0
user_69109,2022-10-13 08:57:00,21,10,9,0,1,1,12,12,2,18,16,3,0,5.557937,11.755735,8.791206,0.43,0.0,0.48,0.807095,0.431596,0
user_69110,2022-09-04 11:53:00,29,14,10,0,1,5,19,7,14,8,9,6,1,5.524386,2.05987,8.881185,0.34,0.0,0.48,0.792385,0.592704,0
user_69111,2022-10-08 17:36:00,23,7,11,1,4,3,18,1,19,16,1,5,1,9.213849,4.118101,5.552721,0.48,0.09,0.3,0.727198,0.485438,0
user_69112,2022-10-19 18:38:00,22,10,4,0,4,0,0,4,8,17,7,2,0,9.724054,4.427313,7.876604,0.18,0.0,0.45,0.629885,0.805152,0
user_69113,2022-09-11 08:04:00,19,9,11,0,5,2,19,18,19,20,20,6,1,4.7422,5.948861,10.873571,0.58,0.0,0.47,0.767422,0.508736,1
user_69114,2022-09-05 12:24:00,17,13,8,0,2,2,13,14,0,13,2,0,0,6.011835,9.132734,10.714414,0.47,0.0,0.76,0.406961,0.953805,0
user_69115,2022-09-21 20:13:00,21,8,11,1,1,2,13,18,18,12,10,2,0,0.442618,6.293018,8.247571,0.52,0.09,0.38,0.870929,0.475755,0
user_69116,2022-09-07 11:52:00,19,11,6,1,3,0,14,18,8,10,16,2,0,4.058545,5.597301,8.765642,0.32,0.17,0.58,0.793289,0.843725,0
user_69117,2022-10-07 08:11:00,16,11,6,2,1,0,1,1,2,9,17,4,0,5.409828,4.703813,7.13441,0.38,0.33,0.69,0.307415,0.693954,0
user_69118,2022-09-12 20:26:00,20,10,12,0,1,1,5,20,3,7,8,0,0,5.769798,4.552741,9.267668,0.6,0.0,0.5,0.627694,0.5906,0
user_69119,2022-09-13 12:57:00,20,8,11,1,3,1,8,10,20,3,17,1,0,7.520384,2.102774,6.283759,0.55,0.09,0.4,0.361157,0.442905,0
user_69120,2022-10-03 18:27:00,16,8,9,1,2,1,7,5,11,18,2,0,0,8.363779,7.844524,9.347759,0.56,0.11,0.5,0.517126,0.884653,0
user_69121,2022-09-27 06:11:00,23,9,10,0,3,1,18,1,6,5,20,1,0,7.889545,4.887175,4.960392,0.43,0.0,0.39,0.44786,0.625653,1
user_69122,2022-09-22 07:35:00,22,6,12,0,2,4,0,16,6,18,0,3,0,6.552593,7.264516,8.01559,0.55,0.0,0.27,0.612365,0.429416,0
user_69123,2022-10-25 17:35:00,21,3,11,0,2,3,17,17,20,10,11,1,0,7.078138,5.789446,4.90442,0.52,0.0,0.14,0.816976,0.825079,0
user_69124,2022-10-22 20:03:00,18,10,6,1,1,2,14,9,4,19,11,5,1,6.396061,8.128692,10.584954,0.33,0.17,0.56,0.885274,0.539751,0
user_69125,2022-09-17 01:43:00,20,14,10,0,3,1,20,11,14,8,15,5,1,5.864731,8.38426,6.217957,0.5,0.0,0.7,0.678352,0.979456,0
user_69126,2022-10-04 16:13:00,14,8,5,0,2,1,7,4,2,19,12,1,0,4.817376,7.162021,12.130873,0.36,0.0,0.57,0.431879,0.883723,0
user_69127,2022-09-04 17:11:00,17,9,6,1,4,1,7,20,12,10,0,6,1,2.303762,1.321943,10.029156,0.35,0.17,0.53,0.721281,0.835635,0
user_69128,2022-09-17 10:48:00,21,18,6,0,2,2,4,0,17,4,8,5,1,7.048317,7.149155,6.488835,0.29,0.0,0.86,0.554336,0.917617,0
user_69129,2022-10-02 11:05:00,19,11,8,1,1,3,0,1,2,2,6,6,1,6.146037,6.498714,4.41174,0.42,0.12,0.58,0.578901,0.820899,0
user_69130,2022-09-04 15:02:00,26,11,2,0,1,0,15,19,1,5,9,6,1,7.330631,3.901979,3.905264,0.08,0.0,0.42,0.982258,0.939874,0
user_69131,2022-09-27 04:11:00,16,7,11,0,3,0,1,20,15,11,14,1,0,2.911278,0.952661,12.629194,0.69,0.0,0.44,0.950734,0.7623,0
user_69132,2022-10-13 16:47:00,12,8,9,2,2,1,4,18,6,5,11,3,0,0.303857,7.648463,11.193032,0.75,0.22,0.67,0.916247,0.364994,0
user_69133,2022-10-10 06:56:00,24,14,8,0,3,2,7,11,13,17,6,0,0,6.22113,7.289839,7.935337,0.33,0.0,0.58,0.633243,0.61116,0
user_69134,2022-09-01 00:35:00,21,11,10,1,3,0,9,7,2,3,16,3,0,5.859668,0.263439,8.322775,0.48,0.1,0.52,0.404873,0.791949,0
user_69135,2022-10-03 17:52:00,25,13,2,0,3,1,15,2,5,12,13,0,0,3.430372,5.644327,10.373023,0.08,0.0,0.52,0.379127,0.456935,0
user_69136,2022-10-21 16:05:00,24,11,5,2,3,1,0,6,15,17,1,4,0,6.049286,4.160519,8.327363,0.21,0.4,0.46,0.467788,0.805202,0
user_69137,2022-09-27 13:51:00,26,10,7,0,3,1,4,3,4,18,10,1,0,6.411004,1.163495,9.886805,0.27,0.0,0.38,0.307454,0.465933,0
user_69138,2022-09-20 13:13:00,14,10,10,0,2,1,1,19,13,18,0,1,0,0.089638,9.585962,4.381913,0.71,0.0,0.71,0.618796,0.992842,0
user_69139,2022-09-15 16:00:00,21,11,9,1,1,1,17,11,5,16,18,3,0,4.2891,3.038089,8.513634,0.43,0.11,0.52,0.917853,0.751221,0
user_69140,2022-10-14 08:55:00,22,7,6,2,4,0,15,12,1,7,7,4,0,7.330435,2.9527,11.541481,0.27,0.33,0.32,0.357742,0.483738,0
user_69141,2022-10-17 08:47:00,19,13,8,2,1,3,6,1,1,6,14,0,0,7.132571,1.708187,13.312957,0.42,0.25,0.68,0.322659,0.619451,0
user_69142,2022-10-04 23:17:00,23,8,13,1,4,2,0,8,3,13,16,1,0,2.320583,0.90748,17.731325,0.57,0.08,0.35,0.877691,0.329076,0
user_69143,2022-10-12 08:29:00,19,10,7,1,2,1,15,1,4,6,9,2,0,2.135923,2.906446,7.141228,0.37,0.14,0.53,0.911136,0.310866,0
user_69144,2022-09-15 08:36:00,23,6,5,2,2,1,14,11,2,16,13,3,0,5.587798,0.102898,3.874407,0.22,0.4,0.26,0.343236,0.349189,0
user_69145,2022-10-21 09:57:00,21,11,7,0,2,1,17,17,2,14,3,4,0,0.279772,1.170564,6.248653,0.33,0.0,0.52,0.746429,0.593431,0
user_69146,2022-09-25 22:11:00,28,9,1,1,1,1,0,0,4,9,3,6,1,6.58806,2.137568,3.632915,0.04,1.0,0.32,0.440614,0.887243,0
user_69147,2022-10-07 12:23:00,25,10,10,0,2,2,16,3,0,16,18,4,0,11.122502,5.016274,8.447411,0.4,0.0,0.4,0.620278,0.655683,0
user_69148,2022-09-01 21:47:00,24,14,10,1,2,0,15,16,4,15,16,3,0,2.398314,0.813942,3.146766,0.42,0.1,0.58,0.457766,0.575692,0
user_69149,2022-10-17 19:40:00,21,6,9,0,1,1,6,14,20,0,4,0,0,5.091001,9.369668,0.209936,0.43,0.0,0.29,0.704228,0.393369,0
user_69150,2022-10-24 00:24:00,22,7,4,0,1,1,1,9,11,10,19,0,0,3.554722,3.552912,7.743294,0.18,0.0,0.32,0.658352,0.794819,1
user_69151,2022-09-13 11:48:00,15,8,6,0,1,0,20,11,12,4,19,1,0,1.452474,7.390049,9.734179,0.4,0.0,0.53,0.38453,0.394958,1
user_69152,2022-10-08 17:26:00,16,14,8,0,0,2,18,7,3,1,16,5,1,0.399572,4.575215,10.046077,0.5,0.0,0.88,0.511472,0.837357,0
user_69153,2022-10-03 22:13:00,12,12,10,0,0,2,14,2,20,6,9,0,0,9.249651,0.32778,6.299917,0.83,0.0,1.0,0.855178,0.572025,0
user_69154,2022-09-12 20:46:00,22,14,10,1,4,3,20,3,8,4,18,0,0,4.162721,11.219692,11.383586,0.45,0.1,0.64,0.3581,0.701149,0
user_69155,2022-10-27 23:16:00,22,6,11,0,1,2,19,16,12,14,18,3,0,9.079072,8.067206,7.278491,0.5,0.0,0.27,0.584273,0.886191,0
user_69156,2022-10-22 18:24:00,23,9,11,0,4,3,15,11,20,2,15,5,1,8.662284,3.010272,8.460831,0.48,0.0,0.39,0.585685,0.323211,0
user_69157,2022-09-07 01:01:00,23,10,6,2,5,3,1,9,9,2,7,2,0,4.075474,1.589394,4.719332,0.26,0.33,0.43,0.687286,0.561211,0
user_69158,2022-10-19 18:29:00,23,7,11,0,3,0,2,14,10,4,14,2,0,6.502161,5.902892,4.76968,0.48,0.0,0.3,0.573879,0.931496,0
user_69159,2022-09-27 00:42:00,16,14,10,1,3,1,4,16,11,17,9,1,0,1.769957,4.329301,12.034119,0.62,0.1,0.88,0.431563,0.680851,0
user_69160,2022-10-19 23:57:00,17,8,6,1,2,1,19,10,8,2,11,2,0,2.575876,3.129033,10.190644,0.35,0.17,0.47,0.544092,0.51847,0
user_69161,2022-09-22 00:04:00,21,16,5,1,5,0,12,1,14,15,14,3,0,8.061227,9.263545,10.822165,0.24,0.2,0.76,0.685823,0.867802,0
user_69162,2022-09-14 00:10:00,18,8,7,2,0,2,2,6,13,13,4,2,0,8.293911,4.696722,6.222189,0.39,0.29,0.44,0.739875,0.998869,0
user_69163,2022-09-13 09:45:00,24,13,9,0,2,3,11,14,9,13,1,1,0,4.930078,1.816573,7.253034,0.38,0.0,0.54,0.650989,0.752815,0
user_69164,2022-09-09 11:09:00,33,11,9,0,2,1,11,3,6,1,1,4,0,3.138703,4.415075,7.04073,0.27,0.0,0.33,0.992596,0.43849,0
user_69165,2022-10-03 00:09:00,26,10,4,0,3,1,18,0,15,8,9,0,0,4.374514,5.107611,2.63236,0.15,0.0,0.38,0.487321,0.721568,0
user_69166,2022-10-16 23:18:00,24,8,5,0,3,2,7,7,10,14,0,6,1,5.088982,5.962655,11.165275,0.21,0.0,0.33,0.933144,0.562607,0
user_69167,2022-09-30 09:20:00,19,8,5,1,1,2,4,2,15,5,10,4,0,7.708019,4.904334,2.679895,0.26,0.2,0.42,0.690189,0.505718,0
user_69168,2022-09-24 23:23:00,12,9,13,0,2,1,18,2,15,12,18,5,1,8.750442,2.569307,13.598122,1.08,0.0,0.75,0.600377,0.830895,0
user_69169,2022-09-23 04:21:00,25,8,10,1,4,1,4,20,12,18,10,4,0,3.323693,5.246121,3.565734,0.4,0.1,0.32,0.435119,0.700005,0
user_69170,2022-09-29 16:42:00,14,7,6,0,1,2,14,14,8,6,2,3,0,0.294899,4.60967,8.199695,0.43,0.0,0.5,0.497419,0.718197,0
user_69171,2022-10-16 22:41:00,22,10,10,0,1,0,5,17,11,20,15,6,1,0.269862,5.876946,5.865644,0.45,0.0,0.45,0.304691,0.600414,0
user_69172,2022-09-26 21:45:00,19,9,10,0,2,2,2,8,11,19,9,0,0,4.316476,6.972643,6.783597,0.53,0.0,0.47,0.437445,0.471708,0
user_69173,2022-09-05 01:25:00,21,7,7,0,1,1,19,10,13,4,2,0,0,4.658062,6.490764,8.656741,0.33,0.0,0.33,0.316776,0.422551,0
user_69174,2022-09-03 06:30:00,23,19,5,1,1,1,5,13,18,1,16,5,1,1.521491,7.011351,3.944673,0.22,0.2,0.83,0.908774,0.34967,0
user_69175,2022-09-21 22:20:00,21,6,3,0,2,0,6,7,16,6,17,2,0,7.828759,6.218741,6.648664,0.14,0.0,0.29,0.346246,0.375803,0
user_69176,2022-09-12 16:16:00,16,11,3,1,3,0,10,4,0,13,11,0,0,8.121403,5.706807,8.292826,0.19,0.33,0.69,0.863899,0.627632,0
user_69177,2022-10-30 05:47:00,21,4,7,1,1,3,20,19,8,7,14,6,1,4.947399,5.485588,3.793764,0.33,0.14,0.19,0.375689,0.319206,0
user_69178,2022-10-12 06:47:00,11,8,4,0,1,2,16,20,20,10,11,2,0,8.327949,8.120961,6.561585,0.36,0.0,0.73,0.774468,0.355823,0
user_69179,2022-10-09 18:26:00,20,9,6,1,1,0,18,0,5,7,19,6,1,8.534719,6.857454,4.152359,0.3,0.17,0.45,0.535434,0.72093,1
user_69180,2022-09-11 13:36:00,17,9,3,1,2,0,9,17,11,20,7,6,1,4.749376,2.852778,4.425092,0.18,0.33,0.53,0.800404,0.993346,0
user_69181,2022-09-24 15:56:00,13,14,8,0,1,1,13,12,14,16,4,5,1,10.448316,2.588267,3.607196,0.62,0.0,1.08,0.996686,0.512153,0
user_69182,2022-10-09 01:29:00,21,10,3,0,1,1,8,17,8,16,14,6,1,6.020941,1.333075,7.643895,0.14,0.0,0.48,0.949632,0.637024,0
user_69183,2022-09-12 05:44:00,20,12,10,1,2,0,12,8,14,15,12,0,0,6.667287,7.284553,5.602852,0.5,0.1,0.6,0.866064,0.466332,0
user_69184,2022-10-11 06:03:00,20,12,11,0,2,1,10,11,7,15,15,1,0,2.641078,4.029213,0.858332,0.55,0.0,0.6,0.629433,0.375598,0
user_69185,2022-10-04 11:02:00,24,11,11,0,1,2,14,12,5,8,20,1,0,3.599119,1.957636,7.431675,0.46,0.0,0.46,0.988066,0.53349,1
user_69186,2022-10-07 03:39:00,21,6,6,0,2,0,14,7,11,2,2,4,0,1.814957,7.643942,3.779598,0.29,0.0,0.29,0.48563,0.993342,0
user_69187,2022-10-06 15:46:00,25,14,4,1,1,2,13,13,20,4,12,3,0,1.917861,3.778839,0.284181,0.16,0.25,0.56,0.886482,0.820272,0
user_69188,2022-10-15 08:45:00,19,5,6,0,3,1,19,1,9,13,3,5,1,4.647098,5.948389,5.01195,0.32,0.0,0.26,0.646038,0.793744,0
user_69189,2022-09-20 06:13:00,18,10,9,0,1,1,12,18,20,12,17,1,0,9.696585,3.950879,2.299581,0.5,0.0,0.56,0.936352,0.517278,0
user_69190,2022-10-01 23:04:00,14,12,9,0,0,0,14,14,19,18,0,5,1,6.719451,5.525398,7.620394,0.64,0.0,0.86,0.87581,0.742104,0
user_69191,2022-10-21 07:13:00,20,10,7,2,3,2,19,20,19,19,13,4,0,6.008241,3.77221,5.14243,0.35,0.29,0.5,0.571227,0.527764,0
user_69192,2022-09-19 06:32:00,19,8,8,0,2,0,6,0,7,5,9,0,0,6.28157,9.968473,5.787756,0.42,0.0,0.42,0.931839,0.865742,0
user_69193,2022-09-18 17:30:00,18,6,5,0,2,2,8,19,17,20,5,6,1,4.537564,11.73233,1.878055,0.28,0.0,0.33,0.513149,0.338079,0
user_69194,2022-10-12 02:23:00,16,9,5,0,0,1,16,5,16,7,17,2,0,3.545702,5.156401,8.098668,0.31,0.0,0.56,0.359945,0.606968,0
user_69195,2022-10-10 04:23:00,21,5,7,0,1,2,10,0,18,5,1,0,0,8.24205,5.130578,5.702353,0.33,0.0,0.24,0.818698,0.563241,0
user_69196,2022-10-02 16:14:00,21,10,6,2,2,2,11,7,17,0,15,6,1,3.379916,2.903012,5.888166,0.29,0.33,0.48,0.654094,0.486295,0
user_69197,2022-09-13 14:15:00,14,12,9,0,1,2,1,4,3,6,4,1,0,4.897023,4.36287,7.45763,0.64,0.0,0.86,0.999279,0.416824,0
user_69198,2022-10-24 07:56:00,13,8,7,1,0,2,18,10,14,0,5,0,0,9.266419,7.162541,2.567838,0.54,0.14,0.62,0.392188,0.571914,0
user_69199,2022-10-30 10:36:00,17,18,6,0,4,1,4,5,12,13,15,6,1,7.489051,7.957355,10.014619,0.35,0.0,1.06,0.793637,0.55032,0
user_69200,2022-10-06 20:36:00,26,11,10,0,3,2,17,10,12,3,12,3,0,9.971238,6.051818,8.220096,0.38,0.0,0.42,0.607857,0.62668,0
user_69201,2022-10-20 22:45:00,19,10,9,0,2,1,20,17,11,0,20,3,0,5.026103,1.933121,5.49092,0.47,0.0,0.53,0.923861,0.914414,1
user_69202,2022-09-16 16:01:00,11,8,8,1,1,2,16,4,11,13,0,4,0,2.42904,7.031301,6.431455,0.73,0.12,0.73,0.774363,0.912544,0
user_69203,2022-10-30 06:58:00,20,6,2,0,2,0,6,15,9,7,10,6,1,3.541802,1.476673,2.102585,0.1,0.0,0.3,0.745574,0.98393,0
user_69204,2022-10-20 21:58:00,19,7,5,1,1,0,3,20,11,0,16,3,0,7.643758,5.849014,5.446762,0.26,0.2,0.37,0.438801,0.661612,0
user_69205,2022-10-16 23:52:00,16,7,11,0,6,2,18,5,5,14,13,6,1,2.638622,0.953448,1.038485,0.69,0.0,0.44,0.749313,0.64517,0
user_69206,2022-09-26 17:23:00,23,12,5,1,2,1,11,16,12,8,17,0,0,2.157862,2.300972,5.944127,0.22,0.2,0.52,0.683829,0.980444,0
user_69207,2022-09-12 05:40:00,23,9,9,0,3,2,8,1,5,1,8,0,0,12.330247,3.306143,5.282456,0.39,0.0,0.39,0.441823,0.801366,0
user_69208,2022-10-01 22:13:00,24,11,11,0,4,3,12,18,12,12,17,5,1,4.512627,0.874878,6.582427,0.46,0.0,0.46,0.579135,0.881856,0
user_69209,2022-09-23 13:02:00,22,16,6,1,3,1,4,12,0,18,12,4,0,1.212554,0.156382,4.56869,0.27,0.17,0.73,0.967319,0.998922,0
user_69210,2022-09-20 09:44:00,20,9,11,1,0,0,6,8,13,18,3,1,0,5.788679,7.341381,8.005507,0.55,0.09,0.45,0.915576,0.459786,0
user_69211,2022-09-10 04:42:00,27,12,10,0,4,2,7,10,6,3,0,5,1,10.515424,3.627985,8.960768,0.37,0.0,0.44,0.964761,0.795168,0
user_69212,2022-10-25 04:55:00,12,6,8,1,0,1,16,5,15,20,14,1,0,7.661167,1.112493,7.113296,0.67,0.12,0.5,0.624453,0.900783,0
user_69213,2022-10-10 15:31:00,19,10,5,1,5,0,13,2,9,0,16,0,0,7.857674,9.408306,7.108543,0.26,0.2,0.53,0.958247,0.938549,0
user_69214,2022-09-12 11:48:00,10,9,7,1,1,0,3,6,0,1,0,0,0,3.384422,5.029063,3.870557,0.7,0.14,0.9,0.620865,0.828348,0
user_69215,2022-10-10 04:08:00,24,6,6,0,1,1,10,7,5,14,8,0,0,4.010905,6.229333,7.091264,0.25,0.0,0.25,0.446894,0.394461,0
user_69216,2022-09-11 11:10:00,15,10,12,0,0,3,0,6,6,3,4,6,1,6.00564,3.555459,13.619061,0.8,0.0,0.67,0.648684,0.935855,0
user_69217,2022-09-20 06:34:00,19,7,11,1,2,1,1,9,6,13,0,1,0,4.165771,3.360884,8.647845,0.58,0.09,0.37,0.421325,0.347777,0
user_69218,2022-09-02 21:44:00,14,11,9,0,2,2,8,11,13,3,20,4,0,2.426498,0.518384,8.806487,0.64,0.0,0.79,0.324042,0.410854,1
user_69219,2022-09-24 22:30:00,16,7,9,1,1,1,11,6,16,15,1,5,1,14.169733,7.054878,3.876005,0.56,0.11,0.44,0.990816,0.564859,0
user_69220,2022-10-18 07:06:00,16,9,3,1,3,1,16,20,6,12,3,1,0,2.172315,7.460082,11.674398,0.19,0.33,0.56,0.428896,0.793533,0
user_69221,2022-10-25 22:42:00,18,10,10,0,2,0,2,6,13,18,17,1,0,3.860463,3.334736,8.97884,0.56,0.0,0.56,0.597689,0.892022,0
user_69222,2022-10-23 18:23:00,14,5,4,1,3,2,8,2,17,4,5,6,1,9.204873,3.885888,4.983234,0.29,0.25,0.36,0.360616,0.523908,0
user_69223,2022-10-05 08:37:00,20,8,9,0,0,1,11,19,13,8,7,2,0,3.233597,6.735927,6.238792,0.45,0.0,0.4,0.444373,0.893855,0
user_69224,2022-09-01 08:17:00,25,11,6,0,3,2,7,10,3,18,18,3,0,5.395187,2.387649,8.40176,0.24,0.0,0.44,0.842204,0.501151,0
user_69225,2022-09-26 16:53:00,12,8,7,0,2,1,4,7,1,5,18,0,0,1.228539,4.057195,1.617929,0.58,0.0,0.67,0.451214,0.748913,0
user_69226,2022-10-06 20:51:00,14,14,9,2,4,3,10,14,15,18,19,3,0,7.450474,7.10123,6.007259,0.64,0.22,1.0,0.933991,0.482883,1
user_69227,2022-10-06 09:42:00,28,15,3,0,1,1,1,8,12,3,14,3,0,7.282443,9.736911,11.279421,0.11,0.0,0.54,0.818493,0.370643,0
user_69228,2022-10-13 01:25:00,17,8,7,2,2,0,13,18,14,10,19,3,0,1.704445,6.980501,3.432967,0.41,0.29,0.47,0.985193,0.420256,1
user_69229,2022-09-04 18:28:00,17,8,7,2,3,1,17,19,5,5,18,6,1,0.571737,2.918802,8.016066,0.41,0.29,0.47,0.480262,0.52886,0
user_69230,2022-09-27 11:03:00,18,10,6,1,2,0,2,7,7,9,10,1,0,6.430604,5.157704,5.654307,0.33,0.17,0.56,0.525893,0.4534,0
user_69231,2022-09-28 09:58:00,21,15,9,2,1,0,2,0,14,16,6,2,0,0.039975,4.910596,7.666651,0.43,0.22,0.71,0.953873,0.560089,0
user_69232,2022-09-11 21:03:00,17,9,8,2,3,0,0,18,12,9,7,6,1,4.967839,7.771261,11.267867,0.47,0.25,0.53,0.997526,0.919921,0
user_69233,2022-09-20 04:05:00,22,11,8,1,2,1,7,17,19,16,1,1,0,1.348516,9.673645,8.7642,0.36,0.12,0.5,0.46653,0.804035,0
user_69234,2022-09-17 16:29:00,15,9,12,0,2,3,1,2,4,9,15,5,1,5.011723,0.407909,3.77671,0.8,0.0,0.6,0.563616,0.908722,0
user_69235,2022-09-08 18:52:00,14,7,7,0,2,2,4,5,7,14,18,3,0,4.918306,1.48392,8.095196,0.5,0.0,0.5,0.548359,0.736537,0
user_69236,2022-09-04 20:22:00,15,10,4,1,3,1,2,17,20,0,15,6,1,4.198804,10.50167,4.28968,0.27,0.25,0.67,0.833057,0.698874,0
user_69237,2022-09-19 05:22:00,18,9,5,0,0,0,3,19,14,7,7,0,0,6.990677,4.721492,4.501053,0.28,0.0,0.5,0.812134,0.670286,0
user_69238,2022-09-26 08:11:00,15,16,8,1,3,2,9,15,14,13,2,0,0,3.006068,5.841885,8.268942,0.53,0.12,1.07,0.79883,0.638924,0
user_69239,2022-10-02 08:32:00,21,9,9,0,0,2,2,11,8,1,15,6,1,9.207225,8.716538,5.621119,0.43,0.0,0.43,0.991185,0.76357,0
user_69240,2022-10-24 05:38:00,14,4,8,1,0,1,20,8,2,15,5,0,0,0.876294,3.401486,1.808548,0.57,0.12,0.29,0.664631,0.628054,0
user_69241,2022-09-11 01:45:00,22,16,9,1,5,1,10,7,3,14,3,6,1,5.746203,11.659039,1.117458,0.41,0.11,0.73,0.991453,0.967908,0
user_69242,2022-10-25 13:14:00,23,14,4,0,1,0,10,20,17,2,0,1,0,4.342366,1.402126,8.613884,0.17,0.0,0.61,0.30181,0.626646,0
user_69243,2022-10-29 18:27:00,25,12,6,0,3,0,10,18,19,3,5,5,1,2.85078,1.140613,4.418546,0.24,0.0,0.48,0.512862,0.707873,0
user_69244,2022-09-14 18:55:00,17,8,12,0,2,2,18,8,17,10,5,2,0,7.542607,6.330772,6.330537,0.71,0.0,0.47,0.881974,0.980485,0
user_69245,2022-10-27 00:48:00,13,9,11,1,1,2,19,4,11,3,1,3,0,4.398662,3.567084,5.473599,0.85,0.09,0.69,0.986491,0.991375,0
user_69246,2022-09-28 04:20:00,23,8,9,1,1,1,7,7,13,6,20,2,0,6.24101,6.640484,11.965836,0.39,0.11,0.35,0.930919,0.904519,1
user_69247,2022-09-05 14:26:00,27,8,9,0,1,2,11,4,2,13,8,0,0,9.678287,4.657117,9.292726,0.33,0.0,0.3,0.449305,0.61192,0
user_69248,2022-10-15 23:18:00,18,8,9,0,2,2,8,14,20,8,6,5,1,8.809653,4.749098,11.632351,0.5,0.0,0.44,0.502868,0.886346,0
user_69249,2022-10-09 09:51:00,18,8,9,0,1,0,19,17,10,9,16,6,1,1.409793,6.26434,7.39235,0.5,0.0,0.44,0.575575,0.575175,0
user_69250,2022-10-29 03:54:00,16,7,5,0,1,0,8,13,15,5,19,5,1,2.115612,2.387473,1.489258,0.31,0.0,0.44,0.917703,0.707735,1
user_69251,2022-10-02 02:31:00,18,11,9,0,3,2,5,4,8,14,19,6,1,4.078052,5.547246,9.798931,0.5,0.0,0.61,0.309684,0.390149,1
user_69252,2022-10-15 11:01:00,21,10,12,1,0,2,2,7,14,1,15,5,1,6.697422,2.841863,3.938925,0.57,0.08,0.48,0.906012,0.551549,0
user_69253,2022-09-01 20:06:00,19,11,12,1,6,1,4,7,15,16,17,3,0,5.133589,4.469164,4.066305,0.63,0.08,0.58,0.807665,0.419616,0
user_69254,2022-10-03 11:01:00,17,8,5,0,3,2,10,14,8,20,6,0,0,2.055512,6.535862,7.355522,0.29,0.0,0.47,0.625863,0.587029,0
user_69255,2022-10-11 01:04:00,20,5,4,1,3,1,10,20,14,5,18,1,0,0.606391,5.579101,8.479699,0.2,0.25,0.25,0.441952,0.874735,0
user_69256,2022-09-09 06:39:00,28,9,13,1,3,2,16,0,15,4,19,4,0,2.856383,4.889584,8.442575,0.46,0.08,0.32,0.565375,0.97864,1
user_69257,2022-09-13 04:17:00,24,9,2,0,2,1,17,14,10,5,13,1,0,1.998903,1.222265,10.065099,0.08,0.0,0.38,0.803452,0.440413,0
user_69258,2022-10-07 18:22:00,22,13,8,2,1,3,19,15,0,18,15,4,0,4.789972,5.028309,15.711665,0.36,0.25,0.59,0.895227,0.873899,0
user_69259,2022-10-26 03:51:00,22,8,8,1,3,1,20,3,0,9,12,2,0,0.604514,9.993353,9.673354,0.36,0.12,0.36,0.353813,0.744942,0
user_69260,2022-10-30 07:48:00,27,8,11,1,2,1,13,9,17,11,14,6,1,0.784474,1.956235,4.394504,0.41,0.09,0.3,0.857001,0.419011,0
user_69261,2022-09-10 02:07:00,17,10,10,0,2,2,16,6,1,0,14,5,1,7.835396,4.17032,5.736126,0.59,0.0,0.59,0.790203,0.988684,0
user_69262,2022-09-12 03:54:00,16,7,6,1,2,2,10,20,2,13,7,0,0,4.51321,3.286941,6.079696,0.38,0.17,0.44,0.543305,0.663436,0
user_69263,2022-09-24 16:04:00,18,9,11,1,5,1,7,5,10,4,2,5,1,2.908477,6.777336,8.077292,0.61,0.09,0.5,0.823516,0.958654,0
user_69264,2022-10-09 20:54:00,24,18,13,1,2,2,18,16,1,18,11,6,1,3.848942,2.418349,6.255371,0.54,0.08,0.75,0.387836,0.515709,0
user_69265,2022-10-11 18:45:00,19,11,10,1,3,1,15,20,6,14,4,1,0,7.03488,2.934064,4.395311,0.53,0.1,0.58,0.766093,0.961852,0
user_69266,2022-10-06 01:38:00,12,4,7,0,2,2,1,14,3,8,17,3,0,1.373101,2.121664,9.784822,0.58,0.0,0.33,0.922867,0.92451,0
user_69267,2022-10-10 14:41:00,16,17,9,1,0,2,11,14,18,0,1,0,0,6.753464,5.390313,4.702355,0.56,0.11,1.06,0.792784,0.511623,0
user_69268,2022-10-23 09:07:00,17,10,14,0,1,3,7,4,13,6,3,6,1,4.864226,7.40345,13.024413,0.82,0.0,0.59,0.510269,0.942356,0
user_69269,2022-10-16 14:44:00,26,12,7,3,2,1,20,16,20,19,8,6,1,5.817325,7.917787,9.188639,0.27,0.43,0.46,0.83272,0.808259,0
user_69270,2022-10-02 02:59:00,23,5,11,0,2,2,18,8,1,18,5,6,1,4.140745,5.320907,4.928267,0.48,0.0,0.22,0.87497,0.638597,0
user_69271,2022-10-06 06:43:00,15,6,7,0,1,1,4,6,14,12,4,3,0,3.373735,2.930278,0.024066,0.47,0.0,0.4,0.442682,0.581477,0
user_69272,2022-10-15 20:12:00,19,10,10,1,2,3,8,0,8,6,12,5,1,4.021516,1.161738,8.690367,0.53,0.1,0.53,0.504083,0.876075,0
user_69273,2022-10-02 03:50:00,21,9,8,0,3,3,12,17,4,11,9,6,1,7.657424,6.945494,9.040633,0.38,0.0,0.43,0.636667,0.582092,0
user_69274,2022-10-14 14:12:00,24,12,9,1,2,3,18,0,20,8,17,4,0,1.050812,2.557732,8.885236,0.38,0.11,0.5,0.968189,0.898718,0
user_69275,2022-10-11 07:55:00,26,13,6,0,1,2,10,9,9,13,17,1,0,6.122353,2.444019,9.647357,0.23,0.0,0.5,0.869525,0.411845,0
user_69276,2022-10-27 17:36:00,34,14,11,1,6,2,16,0,0,14,5,3,0,6.232922,1.117223,1.005915,0.32,0.09,0.41,0.73515,0.521086,0
user_69277,2022-10-15 22:54:00,18,14,11,0,1,2,8,11,20,8,18,5,1,9.729413,7.877897,5.621669,0.61,0.0,0.78,0.814371,0.461892,0
user_69278,2022-10-10 21:13:00,14,16,9,0,1,3,15,9,16,8,19,0,0,7.178292,3.187766,11.935304,0.64,0.0,1.14,0.382411,0.591913,1
user_69279,2022-09-21 03:04:00,17,8,8,1,1,3,2,4,0,7,13,2,0,4.09096,6.245344,3.795624,0.47,0.12,0.47,0.814589,0.646923,0
user_69280,2022-09-13 10:16:00,26,5,11,1,2,2,19,13,1,14,10,1,0,4.262215,8.427943,4.588035,0.42,0.09,0.19,0.788925,0.470266,0
user_69281,2022-09-16 08:26:00,19,14,8,0,3,1,8,16,19,17,5,4,0,7.937472,7.340539,7.053394,0.42,0.0,0.74,0.932066,0.685283,0
user_69282,2022-09-13 13:51:00,24,8,8,1,1,3,12,20,20,9,10,1,0,3.950424,8.199079,0.940763,0.33,0.12,0.33,0.737836,0.899369,0
user_69283,2022-10-22 04:41:00,22,8,6,0,0,1,4,15,15,13,2,5,1,8.070959,3.596275,4.026889,0.27,0.0,0.36,0.542735,0.30061,0
user_69284,2022-10-07 17:28:00,30,8,8,0,2,2,6,15,10,2,17,4,0,6.491304,9.307837,5.913962,0.27,0.0,0.27,0.347155,0.58592,0
user_69285,2022-10-21 15:55:00,18,12,5,0,3,1,0,12,3,16,10,4,0,7.568045,5.618138,5.05442,0.28,0.0,0.67,0.602175,0.826371,0
user_69286,2022-10-07 00:23:00,19,3,9,0,2,2,9,6,4,3,6,4,0,4.887339,5.423451,10.136561,0.47,0.0,0.16,0.51583,0.589119,0
user_69287,2022-10-05 20:39:00,17,7,9,1,2,2,3,1,17,5,1,2,0,4.950693,2.45681,4.752686,0.53,0.11,0.41,0.923103,0.690027,0
user_69288,2022-10-16 20:59:00,17,11,10,1,1,4,5,4,7,9,19,6,1,6.917693,6.421962,8.168136,0.59,0.1,0.65,0.312422,0.704732,1
user_69289,2022-10-30 00:31:00,20,9,4,0,1,1,10,2,14,17,0,6,1,0.618823,7.206677,8.83905,0.2,0.0,0.45,0.795427,0.774551,0
user_69290,2022-10-26 17:51:00,16,12,5,0,1,2,12,20,5,19,12,2,0,4.986959,7.475698,4.14444,0.31,0.0,0.75,0.580291,0.547211,0
user_69291,2022-10-17 07:48:00,18,9,3,0,3,0,9,6,10,18,8,0,0,7.557611,2.270124,8.373326,0.17,0.0,0.5,0.774482,0.80397,0
user_69292,2022-09-13 03:50:00,22,14,10,1,1,2,14,17,16,6,0,1,0,6.907925,1.795531,9.357507,0.45,0.1,0.64,0.996556,0.826797,0
user_69293,2022-09-30 05:03:00,22,10,7,1,2,2,1,6,12,1,2,4,0,2.093317,1.452736,3.230769,0.32,0.14,0.45,0.438736,0.72943,0
user_69294,2022-10-10 19:49:00,20,12,8,0,3,2,9,12,2,12,12,0,0,2.338937,3.848276,7.999593,0.4,0.0,0.6,0.991322,0.837752,0
user_69295,2022-09-14 18:35:00,20,6,7,0,2,1,8,20,12,2,10,2,0,4.554761,10.154494,5.383227,0.35,0.0,0.3,0.435391,0.91817,0
user_69296,2022-09-17 09:35:00,23,14,3,0,2,1,11,19,10,4,20,5,1,6.289219,0.883945,6.033674,0.13,0.0,0.61,0.853306,0.413961,1
user_69297,2022-09-25 09:24:00,17,9,7,0,1,1,12,18,19,13,16,6,1,1.146696,10.270986,3.079323,0.41,0.0,0.53,0.417824,0.972569,0
user_69298,2022-10-15 23:55:00,24,7,10,2,5,4,4,14,11,17,13,5,1,4.402465,4.955363,12.557279,0.42,0.2,0.29,0.37058,0.913844,0
user_69299,2022-10-19 13:26:00,16,17,6,2,0,0,5,10,5,16,13,2,0,7.35947,4.483815,10.416822,0.38,0.33,1.06,0.622655,0.925005,0
user_69300,2022-10-09 00:32:00,17,3,4,0,2,0,14,15,17,19,3,6,1,5.914933,6.606197,1.676368,0.24,0.0,0.18,0.534545,0.794134,0
user_69301,2022-09-16 12:40:00,19,11,7,1,1,2,8,1,6,11,20,4,0,0.53177,3.5753,8.161301,0.37,0.14,0.58,0.883583,0.822517,1
user_69302,2022-09-11 06:26:00,19,11,9,0,2,3,1,14,10,9,4,6,1,2.377623,3.296648,4.026094,0.47,0.0,0.58,0.880064,0.383261,0
user_69303,2022-09-24 04:11:00,20,9,6,2,2,0,6,2,10,6,0,5,1,1.472795,5.971422,8.800684,0.3,0.33,0.45,0.51994,0.454627,0
user_69304,2022-09-06 14:54:00,28,6,8,0,1,1,2,16,19,16,9,1,0,8.994013,3.338772,3.149726,0.29,0.0,0.21,0.872773,0.784299,0
user_69305,2022-09-01 04:02:00,28,13,4,2,5,1,0,10,17,1,18,3,0,11.806715,5.319236,7.434834,0.14,0.5,0.46,0.571145,0.520035,0
user_69306,2022-10-21 01:06:00,24,16,8,0,2,1,19,6,20,12,3,4,0,3.000172,6.66402,2.323426,0.33,0.0,0.67,0.980187,0.956288,0
user_69307,2022-10-02 05:20:00,18,12,5,1,1,1,9,13,11,19,6,6,1,6.097796,3.605169,8.810682,0.28,0.2,0.67,0.739604,0.75958,0
user_69308,2022-10-24 13:09:00,23,10,10,0,5,1,10,17,13,14,17,0,0,4.855083,6.991243,4.349137,0.43,0.0,0.43,0.346381,0.926699,0
user_69309,2022-10-08 09:52:00,21,8,11,3,3,1,12,2,5,1,0,5,1,1.619624,5.481765,5.625017,0.52,0.27,0.38,0.414605,0.463142,0
user_69310,2022-09-24 00:48:00,14,7,12,2,3,1,4,5,1,17,15,5,1,2.161436,6.263665,7.502005,0.86,0.17,0.5,0.607539,0.65091,0
user_69311,2022-09-18 17:21:00,21,7,8,0,2,3,14,10,16,6,16,6,1,8.962037,0.666673,6.286727,0.38,0.0,0.33,0.757734,0.630306,0
user_69312,2022-09-21 02:08:00,22,13,7,1,1,1,18,1,15,15,19,2,0,3.635609,2.313097,0.507778,0.32,0.14,0.59,0.819523,0.675969,1
user_69313,2022-10-27 03:50:00,22,14,4,0,1,1,18,18,13,17,7,3,0,2.583105,6.715159,7.096761,0.18,0.0,0.64,0.862705,0.503501,0
user_69314,2022-09-14 21:48:00,14,10,6,1,1,2,5,8,12,5,0,2,0,2.409565,4.947245,6.273298,0.43,0.17,0.71,0.615012,0.531776,0
user_69315,2022-09-10 12:36:00,14,14,8,1,2,2,12,2,19,17,3,5,1,3.181624,5.006339,8.066203,0.57,0.12,1.0,0.556517,0.638948,0
user_69316,2022-10-03 17:52:00,24,13,7,1,2,3,5,5,18,17,5,0,0,11.661338,4.329377,12.273356,0.29,0.14,0.54,0.625433,0.660138,0
user_69317,2022-10-20 17:49:00,20,9,8,0,3,0,5,10,9,3,18,3,0,7.455553,6.60514,10.91048,0.4,0.0,0.45,0.788466,0.388336,0
user_69318,2022-09-07 00:35:00,20,11,8,1,7,2,6,0,20,7,14,2,0,11.97624,2.60958,6.742115,0.4,0.12,0.55,0.522108,0.944778,0
user_69319,2022-10-27 04:56:00,20,11,6,1,4,0,2,16,2,7,11,3,0,10.445729,4.200627,9.096631,0.3,0.17,0.55,0.728214,0.842198,0
user_69320,2022-10-11 04:11:00,19,4,5,1,1,2,15,12,15,1,5,1,0,0.067073,5.364289,3.715752,0.26,0.2,0.21,0.756425,0.600006,0
user_69321,2022-10-21 18:22:00,23,10,8,0,1,1,4,8,6,4,6,4,0,0.750427,3.193877,7.249479,0.35,0.0,0.43,0.662522,0.325954,0
user_69322,2022-10-25 04:54:00,15,11,10,3,1,0,4,18,6,2,14,1,0,7.795914,4.299374,5.329771,0.67,0.3,0.73,0.90102,0.515749,0
user_69323,2022-10-18 07:02:00,21,14,6,1,1,1,19,20,12,2,13,1,0,5.008592,8.625873,3.169024,0.29,0.17,0.67,0.389067,0.367846,0
user_69324,2022-09-19 12:58:00,24,9,13,0,4,2,14,2,16,6,18,0,0,7.164913,10.308152,8.111567,0.54,0.0,0.38,0.625051,0.966174,0
user_69325,2022-09-07 13:24:00,26,8,5,1,1,2,1,6,0,3,7,2,0,5.01257,1.185376,4.803691,0.19,0.2,0.31,0.612312,0.594333,0
user_69326,2022-09-30 04:52:00,21,10,5,0,1,1,3,1,1,7,20,4,0,8.884681,7.916911,11.193607,0.24,0.0,0.48,0.53854,0.654324,1
user_69327,2022-10-14 08:00:00,18,12,11,0,2,5,13,14,12,15,9,4,0,6.312934,3.854517,9.255702,0.61,0.0,0.67,0.760274,0.839931,0
user_69328,2022-10-02 05:40:00,18,12,8,2,2,0,15,8,20,8,20,6,1,0.699952,10.221178,7.259172,0.44,0.25,0.67,0.719901,0.752354,1
user_69329,2022-10-18 16:48:00,27,11,7,1,2,1,8,10,13,6,19,1,0,6.796558,3.238124,2.648449,0.26,0.14,0.41,0.891603,0.412322,1
user_69330,2022-09-18 06:55:00,20,8,7,0,2,0,9,11,16,3,9,6,1,9.670584,5.867294,3.61691,0.35,0.0,0.4,0.539846,0.341765,0
user_69331,2022-10-18 17:31:00,17,9,8,1,3,1,0,16,15,9,4,1,0,7.704687,5.986794,7.386057,0.47,0.12,0.53,0.745789,0.318414,0
user_69332,2022-10-16 11:34:00,21,5,9,0,1,1,9,4,19,4,13,6,1,3.46639,5.027646,5.579218,0.43,0.0,0.24,0.794116,0.895836,0
user_69333,2022-09-10 04:58:00,19,10,5,0,2,1,9,15,7,16,5,5,1,8.554269,0.429096,3.702801,0.26,0.0,0.53,0.929882,0.338972,0
user_69334,2022-10-12 11:34:00,14,14,6,0,2,2,7,5,2,18,0,2,0,0.560782,6.594602,4.407109,0.43,0.0,1.0,0.920966,0.471194,0
user_69335,2022-10-12 07:57:00,20,10,7,1,4,1,0,9,1,14,7,2,0,7.777077,8.781067,2.139508,0.35,0.14,0.5,0.712748,0.516416,0
user_69336,2022-10-14 06:47:00,23,5,8,1,3,1,11,19,11,12,1,4,0,5.665621,5.324909,6.510257,0.35,0.12,0.22,0.884338,0.872322,0
user_69337,2022-10-26 02:26:00,17,11,7,1,4,2,15,1,10,11,19,2,0,6.057448,5.321142,5.396787,0.41,0.14,0.65,0.605218,0.768013,1
user_69338,2022-10-14 14:08:00,17,8,12,0,2,3,5,4,15,14,3,4,0,6.724344,7.780411,6.29973,0.71,0.0,0.47,0.981829,0.939881,0
user_69339,2022-09-19 17:54:00,25,11,4,0,3,1,1,0,13,1,6,0,0,1.618173,1.535648,8.991689,0.16,0.0,0.44,0.460144,0.510858,0
user_69340,2022-09-24 00:39:00,18,13,2,2,1,0,12,16,4,15,8,5,1,1.698744,4.333081,13.657927,0.11,1.0,0.72,0.837043,0.887085,0
user_69341,2022-10-09 10:25:00,19,15,6,0,1,1,15,11,1,5,15,6,1,5.322075,5.658869,10.258219,0.32,0.0,0.79,0.36554,0.6766,0
user_69342,2022-09-23 01:55:00,21,10,6,0,2,1,8,15,5,16,6,4,0,10.058375,2.779577,8.812389,0.29,0.0,0.48,0.904409,0.941689,0
user_69343,2022-10-21 05:51:00,14,10,4,0,1,0,0,14,19,19,7,4,0,3.916875,6.949029,6.161201,0.29,0.0,0.71,0.451611,0.562425,0
user_69344,2022-09-27 19:23:00,23,11,5,0,1,1,13,17,13,15,7,1,0,6.580757,5.124389,7.886121,0.22,0.0,0.48,0.776046,0.952123,0
user_69345,2022-10-10 05:38:00,9,7,9,0,0,1,11,20,14,3,3,0,0,6.117837,7.173324,7.514939,1.0,0.0,0.78,0.856382,0.516254,0
user_69346,2022-09-26 03:36:00,19,8,4,0,2,0,7,14,4,13,14,0,0,1.923651,3.49934,11.038765,0.21,0.0,0.42,0.649857,0.473774,0
user_69347,2022-10-28 07:53:00,20,7,8,1,0,2,13,2,9,12,15,4,0,2.407073,5.276511,8.05019,0.4,0.12,0.35,0.837091,0.457305,0
user_69348,2022-10-28 00:29:00,28,15,7,0,3,3,20,8,12,17,0,4,0,7.873857,2.923221,10.952046,0.25,0.0,0.54,0.48258,0.5155,0
user_69349,2022-10-04 06:14:00,22,8,10,0,4,2,17,4,11,13,17,1,0,6.525472,9.533259,5.584878,0.45,0.0,0.36,0.549542,0.635687,0
user_69350,2022-09-17 02:15:00,18,6,9,0,4,0,12,9,10,10,3,5,1,9.443939,2.04173,7.007156,0.5,0.0,0.33,0.997855,0.593471,0
user_69351,2022-09-16 00:32:00,22,9,10,2,2,2,16,7,16,0,4,4,0,2.987096,5.683149,0.518734,0.45,0.2,0.41,0.887779,0.588904,0
user_69352,2022-09-19 12:04:00,14,7,13,0,2,3,12,14,20,18,9,0,0,0.67484,4.2592,7.908426,0.93,0.0,0.5,0.378131,0.684811,0
user_69353,2022-09-17 15:19:00,15,8,8,1,3,1,19,1,16,8,6,5,1,3.894644,8.597025,9.077509,0.53,0.12,0.53,0.89385,0.458791,0
user_69354,2022-10-24 07:31:00,18,12,10,0,1,2,14,6,3,3,16,0,0,3.127692,4.340855,6.533067,0.56,0.0,0.67,0.884891,0.895924,0
user_69355,2022-09-10 14:23:00,22,7,10,0,1,0,13,10,3,6,19,5,1,9.553046,2.833049,5.895704,0.45,0.0,0.32,0.557014,0.821828,1
user_69356,2022-09-26 03:05:00,21,19,5,1,1,0,16,7,1,1,9,0,0,4.670231,7.723108,8.357738,0.24,0.2,0.9,0.304106,0.864872,0
user_69357,2022-10-29 07:28:00,16,8,10,0,4,2,5,17,4,11,12,5,1,8.585437,0.496496,6.474882,0.62,0.0,0.5,0.722057,0.65606,0
user_69358,2022-09-15 21:08:00,13,11,11,0,3,2,6,10,5,17,9,3,0,7.898797,1.889151,4.074125,0.85,0.0,0.85,0.563704,0.785012,0
user_69359,2022-09-27 13:26:00,18,3,8,0,2,1,2,3,19,1,18,1,0,0.480204,6.753191,7.582865,0.44,0.0,0.17,0.583742,0.827834,0
user_69360,2022-10-02 13:21:00,25,10,10,1,0,1,19,14,10,14,10,6,1,3.46726,3.965453,9.411855,0.4,0.1,0.4,0.706587,0.411988,0
user_69361,2022-10-19 23:45:00,22,15,9,1,2,2,8,12,12,6,7,2,0,7.124174,3.863003,13.21344,0.41,0.11,0.68,0.71536,0.683349,0
user_69362,2022-10-27 04:15:00,13,12,3,0,2,2,19,16,18,13,18,3,0,0.787166,3.461232,9.210662,0.23,0.0,0.92,0.597607,0.496522,0
user_69363,2022-10-15 12:16:00,21,14,8,1,3,5,2,18,4,13,1,5,1,7.397148,9.555636,5.021015,0.38,0.12,0.67,0.957634,0.634637,0
user_69364,2022-10-03 00:06:00,14,15,6,0,1,0,11,1,2,8,11,0,0,4.126901,8.99441,9.923915,0.43,0.0,1.07,0.325255,0.87304,0
user_69365,2022-10-11 19:46:00,20,12,6,1,0,2,20,15,6,2,13,1,0,9.000192,10.314008,11.122436,0.3,0.17,0.6,0.466588,0.885736,0
user_69366,2022-09-27 22:38:00,25,13,9,0,2,2,14,17,14,1,16,1,0,5.920275,0.011166,12.321422,0.36,0.0,0.52,0.471864,0.92594,0
user_69367,2022-10-10 20:51:00,18,13,8,0,2,2,3,2,10,11,14,0,0,5.918012,4.676901,3.234055,0.44,0.0,0.72,0.50077,0.64486,0
user_69368,2022-10-17 08:56:00,17,11,6,0,3,0,17,3,9,20,0,0,0,3.293838,3.994084,9.770034,0.35,0.0,0.65,0.388503,0.491437,0
user_69369,2022-10-03 18:39:00,21,13,7,0,2,2,3,19,19,9,17,0,0,5.422863,9.650134,5.727322,0.33,0.0,0.62,0.300497,0.820683,0
user_69370,2022-10-18 04:34:00,18,7,7,0,2,1,20,5,1,7,7,1,0,9.320605,1.110974,6.858357,0.39,0.0,0.39,0.89976,0.368341,0
user_69371,2022-10-07 04:46:00,22,9,12,0,3,3,0,8,7,8,18,4,0,4.266454,5.50389,2.807505,0.55,0.0,0.41,0.499557,0.484985,0
user_69372,2022-10-17 11:07:00,14,15,3,0,1,1,6,9,2,15,10,0,0,5.157461,1.832953,8.33816,0.21,0.0,1.07,0.890836,0.937866,0
user_69373,2022-10-03 18:00:00,16,9,5,1,1,0,14,1,15,2,3,0,0,4.535171,10.145459,7.878225,0.31,0.2,0.56,0.709054,0.627615,0
user_69374,2022-10-24 11:50:00,31,15,13,0,3,1,18,3,19,12,3,0,0,4.066879,6.0081,4.929377,0.42,0.0,0.48,0.759923,0.575694,0
user_69375,2022-09-13 04:32:00,20,11,14,2,2,2,12,4,12,15,5,1,0,0.446799,4.579522,6.185145,0.7,0.14,0.55,0.724605,0.447581,0
user_69376,2022-09-04 01:00:00,26,17,7,0,4,2,14,16,16,7,2,6,1,5.356692,3.518825,8.467996,0.27,0.0,0.65,0.979255,0.615631,0
user_69377,2022-09-12 16:17:00,22,10,10,1,2,4,0,8,15,8,7,0,0,6.753053,6.459676,5.787254,0.45,0.1,0.45,0.908889,0.890664,0
user_69378,2022-09-07 09:53:00,17,9,6,0,3,1,3,6,2,8,8,2,0,9.143198,4.14922,7.826179,0.35,0.0,0.53,0.515994,0.653387,0
user_69379,2022-10-11 01:08:00,25,12,10,0,4,3,1,4,13,8,20,1,0,12.386002,4.470091,14.672904,0.4,0.0,0.48,0.761898,0.637164,1
user_69380,2022-10-19 13:54:00,25,5,4,1,1,2,1,0,13,9,12,2,0,5.092048,1.290876,6.300677,0.16,0.25,0.2,0.767117,0.645551,0
user_69381,2022-10-19 10:36:00,20,9,7,0,8,1,20,14,8,19,12,2,0,4.629182,6.97972,9.087673,0.35,0.0,0.45,0.656945,0.322228,0
user_69382,2022-09-01 10:48:00,22,10,15,1,3,2,4,3,5,20,3,3,0,5.192994,0.339445,10.033414,0.68,0.07,0.45,0.877167,0.425986,0
user_69383,2022-09-26 12:13:00,21,9,8,2,3,1,10,9,10,3,0,0,0,2.173548,9.438723,7.786039,0.38,0.25,0.43,0.524605,0.932472,0
user_69384,2022-10-28 21:56:00,26,12,6,1,2,2,4,18,18,16,13,4,0,1.832874,3.675696,6.503667,0.23,0.17,0.46,0.600588,0.884476,0
user_69385,2022-09-06 19:14:00,18,15,6,0,3,1,19,13,19,8,18,1,0,5.368521,8.105663,3.006913,0.33,0.0,0.83,0.815899,0.984486,0
user_69386,2022-10-19 08:36:00,17,15,4,0,3,0,10,20,17,4,4,2,0,2.424447,6.222712,4.04986,0.24,0.0,0.88,0.521976,0.487606,0
user_69387,2022-10-08 04:15:00,18,6,9,0,0,0,20,14,15,13,16,5,1,3.504284,6.0739,2.02658,0.5,0.0,0.33,0.772432,0.373232,0
user_69388,2022-09-28 18:45:00,22,10,9,1,1,2,6,10,15,10,18,2,0,5.695749,1.377878,8.384466,0.41,0.11,0.45,0.654299,0.614475,0
user_69389,2022-09-20 01:28:00,16,12,12,1,5,2,15,14,0,10,5,1,0,3.251235,3.918064,6.236672,0.75,0.08,0.75,0.848148,0.480964,0
user_69390,2022-10-16 14:30:00,13,8,9,1,1,1,10,13,14,20,13,6,1,4.666254,1.113502,4.24739,0.69,0.11,0.62,0.423944,0.924913,0
user_69391,2022-09-03 07:34:00,18,11,5,0,5,1,10,6,4,17,11,5,1,7.80334,5.82289,4.576967,0.28,0.0,0.61,0.612096,0.31249,0
user_69392,2022-09-06 01:38:00,15,11,7,1,2,0,7,2,14,3,9,1,0,5.80393,6.044162,7.215602,0.47,0.14,0.73,0.856267,0.804294,0
user_69393,2022-09-09 23:04:00,23,10,7,1,2,1,5,12,12,6,10,4,0,7.421253,3.511031,5.44665,0.3,0.14,0.43,0.950759,0.775435,0
user_69394,2022-09-23 19:09:00,13,8,3,1,3,0,14,8,5,7,3,4,0,0.711729,7.394755,0.96026,0.23,0.33,0.62,0.408744,0.705392,0
user_69395,2022-09-24 02:45:00,24,12,12,0,1,0,11,8,5,0,8,5,1,0.567622,3.460599,7.605561,0.5,0.0,0.5,0.917868,0.485492,0
user_69396,2022-10-19 15:53:00,30,14,8,0,4,2,5,8,12,6,18,2,0,1.242404,0.569438,4.990966,0.27,0.0,0.47,0.460467,0.349548,0
user_69397,2022-09-10 09:46:00,13,6,9,0,1,1,20,4,14,13,17,5,1,3.546582,4.328426,4.808737,0.69,0.0,0.46,0.827911,0.975152,0
user_69398,2022-10-07 17:26:00,22,10,8,0,3,1,17,12,9,1,1,4,0,6.256957,2.126445,8.372052,0.36,0.0,0.45,0.384438,0.320874,0
user_69399,2022-10-09 12:49:00,20,9,12,0,2,2,12,12,7,2,16,6,1,9.135817,6.358827,9.531975,0.6,0.0,0.45,0.352918,0.333384,0
user_69400,2022-09-26 17:29:00,20,6,4,0,1,1,14,13,8,16,2,0,0,6.30157,2.384805,8.156598,0.2,0.0,0.3,0.978503,0.372845,0
user_69401,2022-10-30 16:17:00,24,9,6,1,3,0,15,10,13,9,5,6,1,0.007357,5.724298,4.729488,0.25,0.17,0.38,0.469183,0.590561,0
user_69402,2022-09-04 14:11:00,29,8,8,0,3,2,20,11,8,12,9,6,1,5.814107,5.812132,4.451136,0.28,0.0,0.28,0.881863,0.396672,0
user_69403,2022-10-13 04:27:00,17,12,5,0,1,1,5,15,1,10,2,3,0,11.436341,4.551409,4.295464,0.29,0.0,0.71,0.349657,0.872084,0
user_69404,2022-10-09 07:28:00,22,10,7,1,4,1,17,5,6,4,12,6,1,9.953923,0.350205,6.532983,0.32,0.14,0.45,0.623644,0.546319,0
user_69405,2022-10-07 23:54:00,17,10,9,0,2,2,9,12,10,16,15,4,0,10.04776,3.356891,8.055064,0.53,0.0,0.59,0.343642,0.829422,0
user_69406,2022-09-13 12:28:00,20,9,10,0,1,2,11,10,2,17,13,1,0,4.029138,9.550686,7.540908,0.5,0.0,0.45,0.690247,0.845339,0
user_69407,2022-10-12 19:22:00,21,5,6,1,2,1,15,6,15,4,19,2,0,2.790777,3.467267,7.477725,0.29,0.17,0.24,0.764909,0.850361,1
user_69408,2022-10-12 22:40:00,15,10,3,0,2,0,12,9,9,18,2,2,0,2.663233,5.590807,0.578553,0.2,0.0,0.67,0.735409,0.616299,0
user_69409,2022-10-19 19:36:00,12,21,6,1,2,1,20,2,19,12,7,2,0,6.807429,7.448992,7.993892,0.5,0.17,1.75,0.958474,0.890716,0
user_69410,2022-09-27 04:05:00,27,7,10,1,4,1,2,9,4,4,10,1,0,6.781319,2.551686,8.242329,0.37,0.1,0.26,0.629755,0.400261,0
user_69411,2022-10-13 14:39:00,16,11,5,0,1,3,17,7,15,4,13,3,0,2.37288,7.176355,6.364588,0.31,0.0,0.69,0.380244,0.423883,0
user_69412,2022-09-23 03:00:00,21,13,6,1,2,3,3,0,17,12,12,4,0,4.452687,8.446227,5.301661,0.29,0.17,0.62,0.999079,0.675213,0
user_69413,2022-10-18 12:11:00,19,10,13,0,1,2,1,14,17,17,14,1,0,2.945232,2.194642,5.141428,0.68,0.0,0.53,0.652921,0.99347,0
user_69414,2022-09-14 19:43:00,20,6,10,0,1,2,17,10,1,10,8,2,0,0.684855,7.695991,5.727543,0.5,0.0,0.3,0.423504,0.622959,0
user_69415,2022-10-12 13:04:00,22,8,12,2,1,0,16,17,20,0,9,2,0,7.141624,7.329639,8.011937,0.55,0.17,0.36,0.814919,0.909209,0
user_69416,2022-10-09 17:16:00,16,15,6,1,3,1,5,5,20,18,15,6,1,8.655639,0.497201,9.853664,0.38,0.17,0.94,0.344825,0.76453,0
user_69417,2022-09-11 19:51:00,15,5,10,0,1,0,17,4,8,17,3,6,1,3.802469,6.147765,6.434504,0.67,0.0,0.33,0.87118,0.621073,0
user_69418,2022-09-11 13:33:00,26,11,9,0,3,3,2,2,0,2,0,6,1,6.547412,6.930546,3.581897,0.35,0.0,0.42,0.534785,0.534988,0
user_69419,2022-09-22 04:19:00,23,12,10,1,1,1,6,7,14,11,18,3,0,3.440454,5.670014,5.375914,0.43,0.1,0.52,0.957404,0.358288,0
user_69420,2022-09-23 04:31:00,18,12,6,1,2,2,11,18,18,16,7,4,0,10.27107,7.278733,8.725702,0.33,0.17,0.67,0.574313,0.425257,0
user_69421,2022-09-18 16:15:00,18,8,6,0,2,1,8,16,17,0,5,6,1,3.324263,5.30811,6.790356,0.33,0.0,0.44,0.751125,0.349084,0
user_69422,2022-09-15 09:02:00,23,9,3,1,4,1,12,2,14,16,16,3,0,6.859926,3.58973,2.228017,0.13,0.33,0.39,0.319935,0.436198,0
user_69423,2022-09-24 06:24:00,19,8,7,0,1,2,13,8,3,0,3,5,1,2.44026,6.25655,3.493746,0.37,0.0,0.42,0.300525,0.80325,0
user_69424,2022-10-22 09:53:00,17,4,11,0,1,2,20,19,8,18,4,5,1,0.428995,4.808142,7.730485,0.65,0.0,0.24,0.619942,0.820825,0
user_69425,2022-09-04 16:14:00,22,7,7,0,3,1,6,9,6,12,3,6,1,4.209622,2.282107,3.785449,0.32,0.0,0.32,0.999985,0.919058,0
user_69426,2022-10-01 12:21:00,20,10,8,0,1,3,6,12,8,7,3,5,1,5.538503,7.343613,13.271851,0.4,0.0,0.5,0.590802,0.442891,0
user_69427,2022-09-13 20:58:00,26,10,7,2,6,0,11,8,2,14,4,1,0,6.123046,11.537535,7.502025,0.27,0.29,0.38,0.947151,0.592317,0
user_69428,2022-09-09 09:46:00,15,11,4,0,1,0,11,12,5,15,7,4,0,6.91718,1.153145,7.186074,0.27,0.0,0.73,0.34729,0.3625,0
user_69429,2022-09-06 05:27:00,13,8,7,0,2,2,9,6,2,18,10,1,0,5.044885,6.330711,1.725248,0.54,0.0,0.62,0.691714,0.317265,0
user_69430,2022-10-06 14:47:00,27,5,7,1,2,1,8,0,8,2,0,3,0,6.228836,4.836947,5.18956,0.26,0.14,0.19,0.535265,0.478982,0
user_69431,2022-09-06 18:39:00,20,15,10,0,2,4,6,12,13,10,18,1,0,4.953219,8.7322,7.765239,0.5,0.0,0.75,0.606809,0.558328,0
user_69432,2022-10-02 06:11:00,28,8,9,0,2,2,5,14,8,13,0,6,1,0.952193,1.586651,7.569232,0.32,0.0,0.29,0.784377,0.535647,0
user_69433,2022-10-30 05:16:00,22,12,8,1,3,1,4,12,6,11,13,6,1,7.87492,6.785581,6.188285,0.36,0.12,0.55,0.672425,0.947341,0
user_69434,2022-09-23 14:03:00,30,8,6,1,1,1,17,0,8,12,1,4,0,4.497112,2.723305,5.687694,0.2,0.17,0.27,0.823481,0.678583,0
user_69435,2022-09-01 16:12:00,23,10,5,1,1,1,9,12,3,12,17,3,0,0.792494,5.829834,6.972685,0.22,0.2,0.43,0.751497,0.495007,0
user_69436,2022-10-13 14:40:00,20,12,12,1,2,1,3,17,11,6,13,3,0,4.15257,1.435005,3.213623,0.6,0.08,0.6,0.660118,0.912764,0
user_69437,2022-09-16 13:28:00,32,7,9,0,4,2,11,20,0,10,3,4,0,5.666161,6.567182,10.602505,0.28,0.0,0.22,0.795507,0.630719,0
user_69438,2022-10-21 21:59:00,28,6,6,0,2,2,13,8,18,13,16,4,0,11.479616,5.836036,10.407682,0.21,0.0,0.21,0.783076,0.6281,0
user_69439,2022-09-05 15:45:00,22,18,2,1,2,0,2,19,13,11,10,0,0,8.960834,5.219918,11.419478,0.09,0.5,0.82,0.794657,0.609045,0
user_69440,2022-10-22 15:16:00,19,13,6,0,4,0,12,13,13,14,19,5,1,0.852106,1.324167,3.94672,0.32,0.0,0.68,0.651294,0.522379,1
user_69441,2022-09-09 04:31:00,19,9,8,1,2,1,5,7,18,7,20,4,0,6.762758,5.055403,5.38297,0.42,0.12,0.47,0.777575,0.357648,1
user_69442,2022-10-04 11:13:00,24,7,11,0,3,1,7,16,20,19,16,1,0,4.757127,6.392756,6.22883,0.46,0.0,0.29,0.720776,0.782191,0
user_69443,2022-09-14 15:42:00,24,16,9,0,3,1,9,5,1,5,6,2,0,1.748559,6.79007,6.239068,0.38,0.0,0.67,0.682295,0.332362,0
user_69444,2022-09-20 00:30:00,17,10,12,0,1,0,6,19,16,3,0,1,0,8.26566,4.895567,6.64009,0.71,0.0,0.59,0.375863,0.839762,0
user_69445,2022-10-14 08:06:00,19,9,2,1,3,0,7,9,17,4,18,4,0,1.167448,4.494136,5.831312,0.11,0.5,0.47,0.758894,0.757238,0
user_69446,2022-09-27 06:28:00,17,9,12,0,0,6,20,9,13,1,16,1,0,6.047439,7.921165,4.283962,0.71,0.0,0.53,0.682116,0.671573,0
user_69447,2022-10-13 11:47:00,22,11,5,0,0,0,10,13,2,13,6,3,0,3.951316,3.314371,7.082893,0.23,0.0,0.5,0.633606,0.313607,0
user_69448,2022-10-14 19:53:00,22,9,10,0,2,4,3,6,20,0,12,4,0,8.761154,2.334155,5.570339,0.45,0.0,0.41,0.693201,0.879765,0
user_69449,2022-10-15 10:25:00,20,13,5,0,3,0,19,1,11,5,6,5,1,1.218867,5.648006,10.22669,0.25,0.0,0.65,0.794743,0.32732,0
user_69450,2022-10-02 12:46:00,19,10,4,0,3,2,13,18,18,13,5,6,1,8.552685,8.943161,3.734459,0.21,0.0,0.53,0.369395,0.617089,0
user_69451,2022-09-01 17:58:00,24,9,5,1,2,1,4,13,15,5,5,3,0,2.402509,7.060952,8.16056,0.21,0.2,0.38,0.998653,0.829314,0
user_69452,2022-10-01 04:31:00,24,15,9,1,2,2,0,8,11,0,3,5,1,6.955075,9.074769,4.341707,0.38,0.11,0.62,0.73291,0.442051,0
user_69453,2022-10-28 11:22:00,18,6,5,0,0,2,0,19,12,13,11,4,0,9.613249,5.262495,5.783479,0.28,0.0,0.33,0.337541,0.509252,0
user_69454,2022-10-03 05:27:00,20,11,3,0,2,0,13,16,9,17,12,0,0,4.087209,6.129491,3.955071,0.15,0.0,0.55,0.729467,0.333916,0
user_69455,2022-10-29 03:52:00,22,7,5,0,3,1,17,12,6,6,12,5,1,6.26719,6.686818,3.355097,0.23,0.0,0.32,0.869674,0.566741,0
user_69456,2022-10-14 14:18:00,21,6,13,1,3,3,9,18,19,9,18,4,0,2.954256,2.448423,7.215865,0.62,0.08,0.29,0.690773,0.504576,0
user_69457,2022-10-24 05:44:00,23,15,8,0,4,3,9,10,12,1,13,0,0,4.758286,3.573555,6.68558,0.35,0.0,0.65,0.386935,0.66855,0
user_69458,2022-09-21 18:52:00,20,8,10,0,4,2,6,14,0,8,12,2,0,7.581429,5.623601,3.562841,0.5,0.0,0.4,0.566214,0.641855,0
user_69459,2022-10-10 14:50:00,21,10,3,0,2,1,15,9,11,4,7,0,0,6.861656,1.976065,5.740976,0.14,0.0,0.48,0.855102,0.804102,0
user_69460,2022-09-27 07:06:00,23,8,13,0,0,2,7,18,11,11,2,1,0,1.802464,6.134522,6.363363,0.57,0.0,0.35,0.606326,0.609316,0
user_69461,2022-09-05 11:02:00,20,12,5,1,1,1,17,13,4,6,18,0,0,1.757209,2.461344,3.083512,0.25,0.2,0.6,0.492667,0.470816,0
user_69462,2022-09-25 18:19:00,16,11,10,0,0,1,6,12,4,7,11,6,1,4.851913,7.865181,5.691747,0.62,0.0,0.69,0.925632,0.555122,0
user_69463,2022-09-23 22:50:00,18,13,8,1,2,4,20,1,7,15,10,4,0,0.218318,1.000778,8.388063,0.44,0.12,0.72,0.786785,0.463042,0
user_69464,2022-10-30 23:09:00,24,12,8,1,0,2,8,20,5,17,18,6,1,4.677946,8.689741,5.803474,0.33,0.12,0.5,0.91051,0.846692,0
user_69465,2022-10-13 08:03:00,22,16,10,0,4,1,2,6,6,7,10,3,0,1.533824,3.293711,0.801133,0.45,0.0,0.73,0.406165,0.360926,0
user_69466,2022-10-07 04:01:00,19,13,7,0,1,0,12,5,10,7,10,4,0,1.399086,7.342241,6.710712,0.37,0.0,0.68,0.55059,0.386599,0
user_69467,2022-09-01 13:01:00,17,11,7,0,0,3,13,7,16,14,18,3,0,7.110358,3.595374,2.902103,0.41,0.0,0.65,0.800752,0.316958,0
user_69468,2022-09-21 11:01:00,18,13,8,1,1,1,4,8,1,19,12,2,0,3.101224,8.209998,7.381162,0.44,0.12,0.72,0.510286,0.908149,0
user_69469,2022-10-11 22:40:00,20,10,11,2,1,0,1,10,12,4,14,1,0,5.546549,6.005736,4.438502,0.55,0.18,0.5,0.62313,0.581537,0
user_69470,2022-10-22 04:42:00,17,11,5,0,0,0,9,20,14,16,12,5,1,8.08784,3.273215,6.540064,0.29,0.0,0.65,0.979472,0.938817,0
user_69471,2022-09-03 20:28:00,13,13,12,1,2,2,11,6,0,11,11,5,1,6.991734,7.186876,6.294236,0.92,0.08,1.0,0.508538,0.519272,0
user_69472,2022-10-01 08:32:00,12,9,7,1,0,2,17,11,9,12,5,5,1,6.064102,9.140809,6.547832,0.58,0.14,0.75,0.814962,0.494745,0
user_69473,2022-09-14 17:39:00,14,15,15,1,1,2,1,15,20,19,18,2,0,4.882298,9.306604,8.227788,1.07,0.07,1.07,0.938755,0.363301,0
user_69474,2022-10-01 10:10:00,18,7,11,1,0,4,19,17,0,7,7,5,1,3.314662,6.781994,8.681125,0.61,0.09,0.39,0.926646,0.899503,0
user_69475,2022-10-08 18:18:00,19,8,8,0,3,1,4,18,1,8,12,5,1,6.644945,7.78632,11.128251,0.42,0.0,0.42,0.568978,0.955377,0
user_69476,2022-09-18 13:42:00,21,16,8,0,2,0,19,0,5,13,6,6,1,8.740814,4.532081,0.661771,0.38,0.0,0.76,0.703389,0.721827,0
user_69477,2022-10-28 13:56:00,17,11,5,0,6,0,18,10,14,20,7,4,0,8.25384,10.239387,9.101789,0.29,0.0,0.65,0.545078,0.39766,0
user_69478,2022-09-19 20:45:00,15,10,9,0,2,2,10,6,8,2,11,0,0,6.755511,7.201399,10.610118,0.6,0.0,0.67,0.878073,0.42306,0
user_69479,2022-10-19 03:17:00,13,20,6,0,1,2,8,0,14,15,1,2,0,4.799879,6.145138,5.731763,0.46,0.0,1.54,0.785787,0.961277,0
user_69480,2022-09-18 09:32:00,36,5,10,0,2,1,5,12,1,7,13,6,1,5.481177,5.149413,3.878565,0.28,0.0,0.14,0.903206,0.817586,0
user_69481,2022-10-23 00:36:00,28,12,6,1,3,0,7,18,12,15,13,6,1,4.714632,1.242496,8.404343,0.21,0.17,0.43,0.512062,0.313733,0
user_69482,2022-10-20 17:17:00,17,13,5,1,1,3,20,16,11,6,0,3,0,6.289642,0.493179,4.780618,0.29,0.2,0.76,0.571572,0.42996,0
user_69483,2022-10-17 02:01:00,28,11,13,2,3,1,19,12,2,20,0,0,0,5.232286,4.703782,6.935212,0.46,0.15,0.39,0.993556,0.727043,0
user_69484,2022-10-20 06:25:00,17,13,5,0,2,4,12,20,3,18,5,3,0,4.487453,5.242996,9.317073,0.29,0.0,0.76,0.424467,0.576324,0
user_69485,2022-10-20 03:06:00,12,9,8,1,2,1,3,11,5,20,3,3,0,2.429798,8.325774,8.531364,0.67,0.12,0.75,0.785605,0.840466,0
user_69486,2022-10-09 13:12:00,22,10,13,0,1,3,16,1,18,9,8,6,1,4.626567,4.557255,10.009628,0.59,0.0,0.45,0.8951,0.702624,0
user_69487,2022-09-03 09:29:00,20,7,8,2,3,1,4,1,16,6,16,5,1,3.341767,0.381763,8.100085,0.4,0.25,0.35,0.97329,0.600453,0
user_69488,2022-09-04 23:02:00,21,11,8,0,3,1,20,15,19,18,6,6,1,2.025005,8.412862,5.977722,0.38,0.0,0.52,0.907473,0.550336,0
user_69489,2022-09-13 11:36:00,26,17,16,0,2,1,5,17,9,0,14,1,0,7.10001,6.273631,8.915234,0.62,0.0,0.65,0.923813,0.686918,0
user_69490,2022-09-13 00:24:00,19,4,12,0,2,6,19,11,17,13,3,1,0,8.752376,3.520943,6.667602,0.63,0.0,0.21,0.931588,0.402572,0
user_69491,2022-10-17 02:52:00,14,9,7,1,1,3,13,9,4,6,19,0,0,0.974031,2.045498,4.031605,0.5,0.14,0.64,0.909269,0.780396,1
user_69492,2022-10-12 13:56:00,17,10,13,0,3,3,9,8,8,14,3,2,0,0.970511,11.554395,7.015107,0.76,0.0,0.59,0.305683,0.490328,0
user_69493,2022-09-06 10:22:00,21,8,8,0,2,1,6,6,19,20,14,1,0,1.573915,7.048748,0.73966,0.38,0.0,0.38,0.825074,0.552906,0
user_69494,2022-10-30 13:15:00,25,7,8,1,3,1,3,17,17,16,2,6,1,8.08707,7.160309,9.693291,0.32,0.12,0.28,0.688264,0.388051,0
user_69495,2022-09-16 23:36:00,23,10,6,0,3,1,11,18,4,6,4,4,0,6.585927,4.130301,10.297079,0.26,0.0,0.43,0.349199,0.332018,0
user_69496,2022-10-03 12:32:00,19,9,8,0,2,1,9,14,16,8,6,0,0,8.765786,4.430118,4.745889,0.42,0.0,0.47,0.920859,0.985241,0
user_69497,2022-10-03 21:53:00,20,10,10,1,3,2,12,13,2,3,10,0,0,5.02325,1.713321,6.392132,0.5,0.1,0.5,0.854671,0.596533,0
user_69498,2022-10-10 20:45:00,23,5,8,1,1,2,9,10,9,15,13,0,0,4.494898,2.752457,11.969156,0.35,0.12,0.22,0.797132,0.851784,0
user_69499,2022-09-08 13:32:00,19,8,8,0,3,1,18,7,13,10,13,3,0,4.459153,7.797403,7.20681,0.42,0.0,0.42,0.608433,0.444147,0
user_69500,2022-09-28 17:42:00,18,11,7,0,1,1,5,5,8,15,5,2,0,6.700667,8.030817,3.414028,0.39,0.0,0.61,0.403916,0.305495,0
user_69501,2022-09-21 06:24:00,18,10,9,0,3,2,8,16,0,1,2,2,0,11.912613,4.925247,5.458481,0.5,0.0,0.56,0.689364,0.759424,0
user_69502,2022-10-26 05:11:00,16,14,6,1,3,1,11,19,18,18,3,2,0,2.940588,5.728476,7.946074,0.38,0.17,0.88,0.874043,0.510118,0
user_69503,2022-09-27 08:06:00,21,11,9,0,2,2,4,8,20,18,12,1,0,7.099619,7.601966,10.028251,0.43,0.0,0.52,0.52405,0.790164,0
user_69504,2022-10-30 14:07:00,27,12,9,1,3,1,20,3,17,15,20,6,1,0.772405,2.080882,11.452445,0.33,0.11,0.44,0.556391,0.39928,1
user_69505,2022-10-30 09:47:00,12,12,8,0,3,1,4,13,3,7,7,6,1,7.408997,2.346692,9.051938,0.67,0.0,1.0,0.430504,0.803029,0
user_69506,2022-09-06 07:49:00,23,11,10,0,4,1,3,13,4,4,14,1,0,6.377666,6.480223,6.584449,0.43,0.0,0.48,0.371426,0.482281,0
user_69507,2022-09-09 22:15:00,21,11,8,1,1,0,6,1,19,5,10,4,0,0.627623,6.489269,4.27521,0.38,0.12,0.52,0.466562,0.429644,0
user_69508,2022-09-05 14:40:00,18,9,10,1,2,2,10,15,12,10,3,0,0,0.993587,5.552545,6.75462,0.56,0.1,0.5,0.929838,0.570458,0
user_69509,2022-10-10 10:41:00,26,5,7,2,4,0,16,3,8,1,11,0,0,3.363227,5.57396,8.802798,0.27,0.29,0.19,0.813564,0.55512,0
user_69510,2022-10-11 08:12:00,20,9,7,1,2,0,15,10,2,9,11,1,0,4.649233,11.27893,2.421425,0.35,0.14,0.45,0.591235,0.360774,0
user_69511,2022-09-12 21:02:00,13,13,4,0,2,0,14,2,11,17,8,0,0,5.529034,4.509253,6.54968,0.31,0.0,1.0,0.512539,0.352581,0
user_69512,2022-10-03 00:52:00,22,9,10,0,2,5,14,8,3,11,7,0,0,6.623185,5.430412,3.444835,0.45,0.0,0.41,0.551736,0.920339,0
user_69513,2022-10-19 04:46:00,23,9,10,0,5,1,0,10,0,17,8,2,0,9.716081,3.205731,8.387828,0.43,0.0,0.39,0.498723,0.513147,0
user_69514,2022-10-03 05:55:00,19,8,9,0,4,3,9,3,5,20,19,0,0,5.526386,0.097924,7.545946,0.47,0.0,0.42,0.818615,0.518604,1
user_69515,2022-09-07 11:18:00,16,14,6,1,3,2,20,4,1,8,17,2,0,7.434532,1.967312,8.317586,0.38,0.17,0.88,0.583527,0.447968,0
user_69516,2022-10-05 19:14:00,19,10,8,2,3,0,14,10,1,0,16,2,0,3.540092,2.864638,2.392453,0.42,0.25,0.53,0.656578,0.486296,0
user_69517,2022-10-22 21:41:00,19,8,11,0,2,0,19,14,17,7,12,5,1,5.348332,2.31502,8.740919,0.58,0.0,0.42,0.435554,0.880208,0
user_69518,2022-09-04 16:37:00,24,9,9,1,3,2,19,7,20,0,9,6,1,5.628061,9.576503,10.484649,0.38,0.11,0.38,0.946694,0.783257,0
user_69519,2022-10-20 05:40:00,22,8,11,2,0,1,5,15,13,10,15,3,0,7.432853,1.674355,8.666222,0.5,0.18,0.36,0.825431,0.646422,0
user_69520,2022-09-01 10:46:00,14,10,10,1,3,4,4,0,13,3,13,3,0,7.893746,4.63857,8.52156,0.71,0.1,0.71,0.517657,0.302616,0
user_69521,2022-10-28 03:30:00,25,13,10,0,3,2,12,4,11,1,10,4,0,5.234418,1.585224,2.70518,0.4,0.0,0.52,0.730985,0.825729,0
user_69522,2022-10-26 16:07:00,17,17,13,0,0,3,9,13,9,16,4,2,0,2.694358,2.174356,4.190637,0.76,0.0,1.0,0.432175,0.507525,0
user_69523,2022-09-07 09:06:00,19,8,6,0,0,0,12,17,5,9,12,2,0,6.07453,4.396977,3.015634,0.32,0.0,0.42,0.903319,0.435708,0
user_69524,2022-09-27 15:04:00,28,21,3,2,2,0,3,18,19,3,7,1,0,1.013375,0.604469,12.511261,0.11,0.67,0.75,0.636095,0.352948,0
user_69525,2022-09-11 10:56:00,20,7,9,1,4,2,19,16,19,9,0,6,1,1.838025,5.622832,7.749457,0.45,0.11,0.35,0.886785,0.677162,0
user_69526,2022-10-17 15:26:00,20,8,4,0,5,2,3,0,13,18,7,0,0,7.123167,3.321504,9.468036,0.2,0.0,0.4,0.560137,0.677601,0
user_69527,2022-09-07 12:55:00,17,13,7,0,0,1,19,3,0,9,7,2,0,3.087825,3.296592,3.415312,0.41,0.0,0.76,0.946912,0.526779,0
user_69528,2022-09-01 14:23:00,19,12,10,0,1,2,9,20,12,16,9,3,0,4.133193,2.879022,7.535828,0.53,0.0,0.63,0.760095,0.617969,0
user_69529,2022-10-09 19:52:00,20,11,9,0,0,2,5,16,13,20,17,6,1,4.268851,3.56762,7.826329,0.45,0.0,0.55,0.702577,0.838259,0
user_69530,2022-10-27 01:17:00,23,11,6,1,1,0,0,10,16,9,12,3,0,4.729432,8.605689,11.595366,0.26,0.17,0.48,0.620346,0.900188,0
user_69531,2022-09-13 01:26:00,21,9,6,1,4,1,7,9,18,13,6,1,0,0.580642,3.107805,3.798536,0.29,0.17,0.43,0.320992,0.415576,0
user_69532,2022-09-06 23:35:00,18,7,9,1,2,1,17,2,10,17,17,1,0,9.371612,3.219455,9.681427,0.5,0.11,0.39,0.326673,0.997756,0
user_69533,2022-10-09 04:05:00,17,10,5,0,4,1,6,0,2,19,14,6,1,6.152091,5.238844,6.233743,0.29,0.0,0.59,0.807504,0.758045,0
user_69534,2022-10-23 17:05:00,22,9,5,0,1,1,13,9,6,16,20,6,1,3.946697,0.267579,9.017107,0.23,0.0,0.41,0.714336,0.756773,1
user_69535,2022-09-18 01:26:00,19,5,8,2,2,1,5,1,5,11,14,6,1,9.127266,8.362695,14.167681,0.42,0.25,0.26,0.812813,0.339987,0
user_69536,2022-09-30 19:18:00,18,22,5,0,2,1,16,15,13,6,3,4,0,1.074312,9.252002,12.826348,0.28,0.0,1.22,0.334313,0.580183,0
user_69537,2022-09-21 09:11:00,16,10,10,1,1,1,3,16,19,0,1,2,0,4.952396,5.182641,5.916514,0.62,0.1,0.62,0.305949,0.758405,0
user_69538,2022-10-25 04:49:00,19,12,10,1,1,4,4,10,9,0,15,1,0,4.811025,8.24743,9.975664,0.53,0.1,0.63,0.695248,0.628605,0
user_69539,2022-10-28 22:59:00,21,7,11,0,4,2,8,18,10,2,15,4,0,7.236826,3.859597,6.545429,0.52,0.0,0.33,0.825261,0.537205,0
user_69540,2022-10-01 01:01:00,22,10,9,1,2,2,17,11,0,2,16,5,1,4.198668,7.635741,9.734464,0.41,0.11,0.45,0.631754,0.463436,0
user_69541,2022-10-18 01:19:00,16,6,8,0,2,2,18,12,4,14,16,1,0,2.344761,3.678511,13.816666,0.5,0.0,0.38,0.479666,0.967016,0
user_69542,2022-09-17 19:20:00,18,17,6,1,2,1,15,7,7,18,0,5,1,9.443816,11.249777,8.008078,0.33,0.17,0.94,0.406438,0.456173,0
user_69543,2022-09-06 15:49:00,22,15,8,2,0,1,16,1,9,18,13,1,0,10.641686,3.379292,3.308921,0.36,0.25,0.68,0.884419,0.986355,0
user_69544,2022-09-13 14:58:00,24,9,6,0,2,1,6,12,12,12,2,1,0,7.532591,6.735099,4.532914,0.25,0.0,0.38,0.409167,0.677081,0
user_69545,2022-09-26 12:50:00,19,10,9,1,1,5,20,17,11,9,15,0,0,5.802248,4.743317,3.195334,0.47,0.11,0.53,0.594121,0.911509,0
user_69546,2022-09-29 04:33:00,16,13,9,1,4,2,16,10,5,2,0,3,0,2.236137,1.858278,3.946927,0.56,0.11,0.81,0.733827,0.638194,0
user_69547,2022-10-16 12:01:00,25,9,9,0,2,3,9,18,3,1,10,6,1,5.794205,7.153408,5.940284,0.36,0.0,0.36,0.518344,0.690647,0
user_69548,2022-09-06 04:47:00,19,10,10,0,3,1,17,1,9,15,9,1,0,3.493831,0.368526,7.551791,0.53,0.0,0.53,0.506972,0.911535,0
user_69549,2022-09-17 20:08:00,15,5,4,0,1,1,8,17,13,19,0,5,1,5.542048,0.30239,0.459986,0.27,0.0,0.33,0.46911,0.973045,0
user_69550,2022-10-22 04:16:00,12,10,12,0,1,1,20,1,7,7,1,5,1,2.538203,1.844833,6.664699,1.0,0.0,0.83,0.744928,0.336635,0
user_69551,2022-09-07 11:17:00,17,12,11,0,4,2,7,0,7,1,6,2,0,5.945452,7.354552,7.660779,0.65,0.0,0.71,0.303955,0.540515,0
user_69552,2022-10-19 18:41:00,20,11,5,2,1,3,10,13,20,16,16,2,0,6.193355,3.651969,7.100426,0.25,0.4,0.55,0.423713,0.40539,0
user_69553,2022-10-29 00:12:00,16,8,12,0,3,4,7,20,15,4,15,5,1,1.622454,3.572652,3.216672,0.75,0.0,0.5,0.502014,0.410237,0
user_69554,2022-10-15 01:03:00,28,11,5,1,4,2,3,2,1,9,12,5,1,3.265454,2.272482,6.197609,0.18,0.2,0.39,0.721912,0.37348,0
user_69555,2022-09-08 18:57:00,18,16,8,0,0,1,12,4,6,5,19,3,0,0.915115,2.699085,7.347704,0.44,0.0,0.89,0.750937,0.662452,1
user_69556,2022-09-13 07:34:00,16,5,8,0,0,1,0,13,10,7,7,1,0,7.891567,0.50521,9.891706,0.5,0.0,0.31,0.612994,0.421507,0
user_69557,2022-09-06 21:50:00,24,11,10,2,4,3,0,17,14,15,11,1,0,3.630911,1.719145,7.534515,0.42,0.2,0.46,0.793426,0.467099,0
user_69558,2022-09-14 20:31:00,20,7,6,2,0,1,18,2,14,16,17,2,0,0.906912,2.948584,4.538635,0.3,0.33,0.35,0.92073,0.967444,0
user_69559,2022-09-09 00:04:00,22,15,3,2,3,2,7,19,1,18,16,4,0,3.645056,5.718032,3.820019,0.14,0.67,0.68,0.728639,0.701921,0
user_69560,2022-10-21 12:18:00,19,12,10,0,1,2,16,5,6,11,10,4,0,9.585027,9.605565,0.501253,0.53,0.0,0.63,0.369501,0.479841,0
user_69561,2022-10-27 08:41:00,34,9,14,0,5,2,8,3,16,8,7,3,0,8.048045,8.394927,7.386838,0.41,0.0,0.26,0.921857,0.422981,0
user_69562,2022-10-06 16:06:00,12,11,9,2,3,2,15,10,10,1,20,3,0,6.974418,7.306073,12.781799,0.75,0.22,0.92,0.951841,0.39647,1
user_69563,2022-09-02 14:15:00,15,13,8,0,2,3,9,17,7,16,20,4,0,5.817563,7.757004,4.84402,0.53,0.0,0.87,0.858051,0.694287,1
user_69564,2022-10-29 19:01:00,25,16,9,0,3,3,10,2,15,19,10,5,1,13.242707,8.808819,5.507814,0.36,0.0,0.64,0.32487,0.373359,0
user_69565,2022-09-05 16:13:00,19,11,8,1,1,1,0,20,12,0,14,0,0,5.364632,5.64621,9.595226,0.42,0.12,0.58,0.525259,0.847711,0
user_69566,2022-10-11 13:45:00,25,10,5,0,3,0,2,18,12,13,10,1,0,3.193845,0.840389,6.211566,0.2,0.0,0.4,0.326402,0.684372,0
user_69567,2022-10-15 00:43:00,21,6,11,0,0,5,4,19,3,1,9,5,1,6.876295,4.688756,8.526554,0.52,0.0,0.29,0.659731,0.347957,0
user_69568,2022-09-29 15:21:00,24,11,9,0,5,1,13,8,13,4,10,3,0,11.279016,3.389258,2.6368,0.38,0.0,0.46,0.480404,0.975182,0
user_69569,2022-09-11 05:44:00,18,7,4,0,3,0,19,8,5,0,12,6,1,8.726413,6.866949,5.323862,0.22,0.0,0.39,0.74117,0.887175,0
user_69570,2022-09-24 21:12:00,29,10,7,0,1,1,17,3,0,15,5,5,1,9.308673,2.725527,5.835646,0.24,0.0,0.34,0.967639,0.471013,0
user_69571,2022-09-27 02:05:00,23,11,9,1,0,1,7,15,10,20,0,1,0,5.67279,1.89117,5.606908,0.39,0.11,0.48,0.949147,0.700488,0
user_69572,2022-09-12 17:46:00,16,12,7,0,1,1,2,10,1,7,4,0,0,4.776737,0.798323,7.720419,0.44,0.0,0.75,0.467207,0.720807,0
user_69573,2022-10-11 09:19:00,16,11,8,0,1,1,10,6,6,7,15,1,0,5.427512,8.300653,7.858036,0.5,0.0,0.69,0.891605,0.365691,0
user_69574,2022-09-27 07:22:00,24,13,12,1,1,2,12,6,2,12,12,1,0,5.981765,6.171561,9.684156,0.5,0.08,0.54,0.635541,0.517093,0
user_69575,2022-10-28 04:14:00,15,9,9,2,2,1,12,2,11,8,7,4,0,0.386531,10.169698,5.807392,0.6,0.22,0.6,0.657654,0.303078,0
user_69576,2022-10-01 10:53:00,15,9,6,0,1,0,5,15,7,8,10,5,1,6.443921,1.624332,6.569079,0.4,0.0,0.6,0.795717,0.817783,0
user_69577,2022-10-18 08:53:00,17,12,7,1,4,3,4,19,2,0,17,1,0,3.204557,3.263802,7.280634,0.41,0.14,0.71,0.578273,0.462718,0
user_69578,2022-09-17 14:02:00,25,9,14,1,6,3,8,3,10,1,12,5,1,2.530959,7.364951,11.871602,0.56,0.07,0.36,0.579435,0.496354,0
user_69579,2022-10-15 19:16:00,11,10,9,1,3,2,15,4,16,2,4,5,1,4.463448,3.293563,5.695479,0.82,0.11,0.91,0.903984,0.951165,0
user_69580,2022-09-06 07:11:00,26,8,7,2,4,2,6,16,4,12,18,1,0,1.052112,1.90033,4.683168,0.27,0.29,0.31,0.768983,0.631888,0
user_69581,2022-09-06 16:24:00,22,8,4,1,2,1,6,8,11,8,10,1,0,2.524509,2.935146,7.086939,0.18,0.25,0.36,0.941439,0.549832,0
user_69582,2022-09-19 20:36:00,21,12,8,0,3,2,20,3,0,19,19,0,0,8.794587,4.178818,1.468158,0.38,0.0,0.57,0.609983,0.663536,1
user_69583,2022-09-15 04:59:00,15,8,3,1,2,0,18,17,13,2,3,3,0,9.585629,3.844378,1.897797,0.2,0.33,0.53,0.485117,0.629015,0
user_69584,2022-10-15 09:49:00,20,11,10,1,3,3,2,18,10,13,11,5,1,3.616293,1.630569,9.210525,0.5,0.1,0.55,0.425763,0.508177,0
user_69585,2022-09-17 02:16:00,15,6,18,1,0,3,20,8,12,14,6,5,1,4.170257,1.43913,6.602869,1.2,0.06,0.4,0.424675,0.982166,0
user_69586,2022-10-05 17:11:00,24,11,4,0,1,0,11,19,1,19,5,2,0,2.096835,4.611769,13.052388,0.17,0.0,0.46,0.822704,0.596725,0
user_69587,2022-10-29 04:52:00,20,15,5,1,1,0,13,7,18,20,3,5,1,6.6649,11.157943,8.96645,0.25,0.2,0.75,0.48604,0.718495,0
user_69588,2022-10-02 03:30:00,25,6,15,1,3,3,16,13,20,19,20,6,1,4.965633,3.258004,0.763187,0.6,0.07,0.24,0.642061,0.695675,1
user_69589,2022-10-29 21:11:00,16,10,5,1,5,1,0,18,8,14,0,5,1,3.617443,8.597145,5.372252,0.31,0.2,0.62,0.977442,0.409244,0
user_69590,2022-09-17 18:42:00,28,10,14,0,5,2,16,18,11,3,4,5,1,1.684716,6.414796,10.958444,0.5,0.0,0.36,0.804861,0.78356,0
user_69591,2022-10-14 00:41:00,22,18,4,1,2,0,3,16,17,15,3,4,0,8.781783,7.212117,5.900304,0.18,0.25,0.82,0.352453,0.872457,0
user_69592,2022-10-27 08:56:00,18,5,12,0,1,2,5,1,18,3,7,3,0,3.510879,3.204105,6.542873,0.67,0.0,0.28,0.705173,0.372365,0
user_69593,2022-10-25 07:18:00,18,15,7,0,3,2,11,10,7,0,9,1,0,1.825485,6.432952,8.282791,0.39,0.0,0.83,0.775387,0.453496,0
user_69594,2022-09-21 21:18:00,28,10,11,0,2,1,10,1,1,16,15,2,0,3.671356,6.318561,4.842656,0.39,0.0,0.36,0.386382,0.742344,0
user_69595,2022-10-13 07:18:00,18,7,6,0,1,3,9,5,6,7,9,3,0,5.018589,2.555257,7.312107,0.33,0.0,0.39,0.356903,0.41768,0
user_69596,2022-09-26 22:20:00,16,12,8,0,1,3,20,9,6,20,15,0,0,4.570881,5.064135,9.823976,0.5,0.0,0.75,0.519497,0.437929,0
user_69597,2022-09-07 12:19:00,17,11,4,1,0,1,17,12,17,7,6,2,0,3.16708,4.306081,0.015449,0.24,0.25,0.65,0.414568,0.63677,0
user_69598,2022-09-16 19:10:00,19,13,10,0,2,0,12,10,5,15,14,4,0,3.903027,6.878311,8.379547,0.53,0.0,0.68,0.46806,0.995533,0
user_69599,2022-09-12 00:00:00,20,12,10,0,4,2,6,20,10,4,14,0,0,6.701528,4.085565,8.010816,0.5,0.0,0.6,0.634643,0.675183,0
user_69600,2022-09-27 04:23:00,14,7,6,0,2,1,8,2,13,6,4,1,0,8.654728,4.990497,9.38739,0.43,0.0,0.5,0.755986,0.681018,0
user_69601,2022-10-26 08:35:00,15,10,10,0,0,1,9,5,4,3,12,2,0,7.034187,5.813927,6.646709,0.67,0.0,0.67,0.550046,0.44795,0
user_69602,2022-09-06 02:39:00,12,9,9,1,2,1,18,20,0,18,7,1,0,6.637854,1.613783,5.609364,0.75,0.11,0.75,0.554432,0.898831,0
user_69603,2022-10-20 03:45:00,23,10,13,2,1,3,17,11,5,0,12,3,0,5.515274,2.485145,6.850031,0.57,0.15,0.43,0.749431,0.624018,0
user_69604,2022-10-14 14:28:00,14,12,8,0,1,0,14,19,0,5,6,4,0,6.955029,4.903231,4.678534,0.57,0.0,0.86,0.523851,0.89235,0
user_69605,2022-09-24 06:44:00,23,13,9,1,2,2,3,3,10,2,9,5,1,3.640189,1.547859,11.436438,0.39,0.11,0.57,0.711432,0.404,0
user_69606,2022-09-02 08:33:00,22,6,10,0,3,3,19,15,17,2,20,4,0,6.933871,0.206175,10.311289,0.45,0.0,0.27,0.652151,0.523961,1
user_69607,2022-09-12 17:43:00,21,9,13,0,1,4,16,19,15,9,6,0,0,4.724914,5.251341,1.641997,0.62,0.0,0.43,0.797945,0.921555,0
user_69608,2022-10-05 15:25:00,21,13,11,1,0,4,5,20,20,11,1,2,0,8.201625,12.822197,8.240739,0.52,0.09,0.62,0.692749,0.945732,0
user_69609,2022-09-29 03:24:00,23,15,9,1,3,0,7,3,11,0,3,3,0,2.198559,2.94445,10.725417,0.39,0.11,0.65,0.438517,0.396069,0
user_69610,2022-10-07 20:08:00,22,11,7,1,3,1,4,12,19,0,4,4,0,3.675439,8.418744,7.857576,0.32,0.14,0.5,0.356201,0.734556,0
user_69611,2022-09-24 14:45:00,21,9,9,1,1,3,6,7,18,15,20,5,1,6.230806,0.547908,2.998828,0.43,0.11,0.43,0.561628,0.505344,1
user_69612,2022-10-18 03:55:00,24,9,8,0,4,1,1,11,13,13,5,1,0,5.583356,2.750017,9.869775,0.33,0.0,0.38,0.768249,0.46134,0
user_69613,2022-09-29 07:08:00,16,6,12,2,1,2,6,1,10,15,4,3,0,1.510651,3.477336,5.535225,0.75,0.17,0.38,0.631844,0.365461,0
user_69614,2022-10-18 06:24:00,26,6,14,0,5,0,12,12,8,13,7,1,0,0.225578,4.022457,2.466333,0.54,0.0,0.23,0.771855,0.310439,0
user_69615,2022-09-06 04:22:00,23,11,11,0,3,2,4,3,16,4,1,1,0,3.897846,6.460948,3.217179,0.48,0.0,0.48,0.872578,0.517044,0
user_69616,2022-09-09 08:27:00,17,13,8,1,0,1,5,8,7,8,13,4,0,1.855243,2.974083,2.044047,0.47,0.12,0.76,0.48402,0.819042,0
user_69617,2022-09-26 01:43:00,22,4,9,0,5,0,13,11,8,15,2,0,0,4.733421,2.971823,7.140082,0.41,0.0,0.18,0.428441,0.99376,0
user_69618,2022-10-13 21:59:00,26,8,9,0,3,2,3,18,9,17,14,3,0,7.773574,11.62311,10.62198,0.35,0.0,0.31,0.496955,0.337571,0
user_69619,2022-09-10 14:42:00,16,14,8,1,1,2,5,3,0,20,9,5,1,7.175731,5.395774,4.056987,0.5,0.12,0.88,0.918624,0.308685,0
user_69620,2022-09-06 12:24:00,15,9,11,1,3,3,2,1,0,12,1,1,0,9.117821,4.45956,11.415564,0.73,0.09,0.6,0.438347,0.592652,0
user_69621,2022-10-26 05:55:00,16,9,16,1,4,2,2,4,12,9,2,2,0,1.680766,4.567114,8.613172,1.0,0.06,0.56,0.725705,0.797927,0
user_69622,2022-10-27 09:26:00,19,8,4,0,3,1,5,12,20,10,11,3,0,3.398514,1.398453,6.613846,0.21,0.0,0.42,0.407008,0.917405,0
user_69623,2022-09-29 12:41:00,15,13,9,1,1,4,5,10,8,2,5,3,0,3.078684,6.209454,6.155604,0.6,0.11,0.87,0.584462,0.929761,0
user_69624,2022-10-07 23:35:00,23,9,8,0,4,0,9,13,3,4,4,4,0,7.219219,4.198575,4.683502,0.35,0.0,0.39,0.913535,0.502927,0
user_69625,2022-10-16 23:24:00,11,10,6,0,1,1,3,13,18,3,13,6,1,6.598963,3.976395,7.250083,0.55,0.0,0.91,0.990533,0.803489,0
user_69626,2022-10-18 22:14:00,16,11,11,0,1,2,11,17,15,15,1,1,0,3.384567,6.803178,6.456469,0.69,0.0,0.69,0.380379,0.331012,0
user_69627,2022-09-20 08:27:00,23,12,8,1,2,1,5,17,17,11,12,1,0,4.926964,4.720388,7.487208,0.35,0.12,0.52,0.927088,0.832609,0
user_69628,2022-10-26 10:23:00,16,10,11,3,2,3,4,4,12,14,15,2,0,4.985372,11.128953,9.820104,0.69,0.27,0.62,0.78843,0.647607,0
user_69629,2022-09-02 23:57:00,23,9,12,0,1,0,13,11,15,8,15,4,0,5.540086,8.336014,10.308516,0.52,0.0,0.39,0.726253,0.740589,0
user_69630,2022-10-14 06:10:00,17,9,6,1,2,1,0,7,4,10,13,4,0,3.434348,1.371652,9.653937,0.35,0.17,0.53,0.832067,0.478526,0
user_69631,2022-09-21 07:54:00,20,6,5,0,2,1,4,12,0,4,19,2,0,7.256087,3.166373,8.877571,0.25,0.0,0.3,0.349514,0.783909,1
user_69632,2022-10-28 02:19:00,11,14,10,0,0,4,4,6,3,5,6,4,0,0.343591,2.693455,8.517139,0.91,0.0,1.27,0.939084,0.832279,0
user_69633,2022-09-11 17:04:00,19,10,2,0,5,1,2,1,12,13,16,6,1,6.110212,4.037515,4.673399,0.11,0.0,0.53,0.888158,0.398393,0
user_69634,2022-10-08 06:13:00,21,7,8,1,1,1,10,6,4,10,20,5,1,4.492394,0.095565,1.642062,0.38,0.12,0.33,0.374638,0.806882,1
user_69635,2022-10-19 19:08:00,18,15,8,1,3,3,3,15,6,11,13,2,0,3.445889,0.33185,6.786797,0.44,0.12,0.83,0.828845,0.73357,0
user_69636,2022-09-03 21:41:00,13,12,5,0,0,3,11,7,20,3,19,5,1,6.847044,7.182632,6.754826,0.38,0.0,0.92,0.935023,0.858138,1
user_69637,2022-09-01 14:35:00,12,7,9,0,1,2,0,2,11,17,15,3,0,5.081918,1.153972,4.826529,0.75,0.0,0.58,0.909629,0.469051,0
user_69638,2022-09-08 10:56:00,24,7,11,0,1,3,20,6,18,14,0,3,0,7.097039,12.066229,7.602224,0.46,0.0,0.29,0.395352,0.610696,0
user_69639,2022-09-17 10:40:00,24,12,16,3,3,5,14,14,15,13,18,5,1,2.703172,4.881971,8.705912,0.67,0.19,0.5,0.459564,0.491172,0
user_69640,2022-09-20 01:18:00,22,6,10,0,0,5,12,19,15,9,14,1,0,6.869418,0.52263,9.027265,0.45,0.0,0.27,0.541285,0.85077,0
user_69641,2022-10-01 10:06:00,18,8,7,1,0,2,19,8,6,5,12,5,1,1.946623,4.37586,10.485428,0.39,0.14,0.44,0.405256,0.41547,0
user_69642,2022-09-02 21:02:00,14,8,11,0,1,2,11,8,15,5,20,4,0,7.082975,9.948751,8.865478,0.79,0.0,0.57,0.460719,0.873605,1
user_69643,2022-09-10 22:19:00,30,10,8,0,4,1,13,17,0,10,11,5,1,8.224592,0.182702,8.421708,0.27,0.0,0.33,0.849001,0.444966,0
user_69644,2022-09-05 05:58:00,24,14,10,0,1,3,4,17,17,13,13,0,0,7.540508,6.158747,5.136082,0.42,0.0,0.58,0.887831,0.426373,0
user_69645,2022-09-20 01:07:00,23,11,6,0,3,0,11,19,9,8,12,1,0,1.065036,3.308054,9.877734,0.26,0.0,0.48,0.678755,0.580551,0
user_69646,2022-09-02 04:03:00,23,11,5,1,2,3,2,15,19,8,6,4,0,1.051677,9.723705,12.494343,0.22,0.2,0.48,0.501939,0.378373,0
user_69647,2022-10-20 02:38:00,18,13,8,0,5,1,18,15,2,15,5,3,0,5.04885,8.47811,12.367337,0.44,0.0,0.72,0.824597,0.712544,0
user_69648,2022-10-25 01:57:00,16,17,6,1,2,1,9,11,10,2,10,1,0,5.007558,6.493986,5.946338,0.38,0.17,1.06,0.873555,0.518942,0
user_69649,2022-10-17 18:53:00,22,9,8,0,3,1,11,14,5,7,0,0,0,5.422088,4.259526,9.702874,0.36,0.0,0.41,0.35788,0.970968,0
user_69650,2022-10-19 06:28:00,18,7,7,1,5,2,15,17,1,10,14,2,0,0.220893,2.415813,6.582202,0.39,0.14,0.39,0.495808,0.988834,0
user_69651,2022-10-10 19:30:00,21,7,3,1,5,1,17,16,5,3,1,0,0,8.485976,9.710127,7.021753,0.14,0.33,0.33,0.587587,0.494695,0
user_69652,2022-10-28 11:28:00,23,13,8,0,2,2,9,15,17,16,0,4,0,3.999323,10.916389,8.292406,0.35,0.0,0.57,0.609279,0.528002,0
user_69653,2022-09-30 13:00:00,21,11,6,0,1,2,11,10,5,6,18,4,0,7.935299,8.463501,5.479874,0.29,0.0,0.52,0.440454,0.974066,0
user_69654,2022-09-04 08:59:00,20,10,7,1,1,2,13,16,3,20,4,6,1,8.697996,7.183065,3.134751,0.35,0.14,0.5,0.309928,0.771295,0
user_69655,2022-10-09 23:34:00,29,8,8,1,1,0,1,15,15,19,7,6,1,9.992327,4.73262,14.083586,0.28,0.12,0.28,0.636883,0.578003,0
user_69656,2022-10-16 21:46:00,18,13,7,1,1,2,15,20,10,6,12,6,1,1.822169,9.005545,4.693362,0.39,0.14,0.72,0.962468,0.77136,0
user_69657,2022-09-24 07:52:00,18,15,5,0,2,0,9,18,12,17,5,5,1,6.767913,5.094341,5.247774,0.28,0.0,0.83,0.658582,0.835015,0
user_69658,2022-09-10 20:17:00,20,3,11,0,3,1,11,5,0,19,7,5,1,5.043593,3.809212,9.713818,0.55,0.0,0.15,0.717197,0.384862,0
user_69659,2022-10-16 15:56:00,21,9,7,1,2,2,12,13,7,2,7,6,1,6.26163,9.596354,9.279388,0.33,0.14,0.43,0.642793,0.438126,0
user_69660,2022-09-03 02:03:00,26,15,5,0,2,1,3,8,0,12,10,5,1,6.833595,3.698849,4.912332,0.19,0.0,0.58,0.899077,0.564565,0
user_69661,2022-10-16 01:46:00,17,11,10,0,1,2,6,10,11,12,7,6,1,10.121531,10.010021,9.706144,0.59,0.0,0.65,0.611558,0.648698,0
user_69662,2022-10-02 02:39:00,21,10,6,0,1,1,0,5,1,12,15,6,1,2.228839,8.944208,4.42526,0.29,0.0,0.48,0.836196,0.357541,0
user_69663,2022-10-23 21:01:00,17,8,8,0,2,2,3,9,6,14,1,6,1,9.973961,10.821911,6.806064,0.47,0.0,0.47,0.481694,0.359851,0
user_69664,2022-09-27 19:17:00,32,9,10,0,3,0,2,0,11,13,9,1,0,1.702532,3.715639,8.011067,0.31,0.0,0.28,0.980277,0.975085,0
user_69665,2022-09-08 02:27:00,20,14,7,1,3,1,18,5,17,12,15,3,0,6.105319,3.024425,6.005549,0.35,0.14,0.7,0.357146,0.62845,0
user_69666,2022-10-05 01:23:00,16,11,6,1,0,1,17,10,17,8,10,2,0,3.716284,6.593865,2.718117,0.38,0.17,0.69,0.794881,0.613564,0
user_69667,2022-09-09 17:19:00,15,13,6,0,0,2,8,11,0,2,13,4,0,8.519723,4.259702,7.367871,0.4,0.0,0.87,0.375631,0.926368,0
user_69668,2022-10-21 20:55:00,19,14,6,0,3,3,3,16,19,2,0,4,0,10.410827,7.716298,5.327921,0.32,0.0,0.74,0.833862,0.524603,0
user_69669,2022-10-18 11:17:00,14,6,11,0,2,5,1,3,4,6,8,1,0,4.4935,3.926209,8.431282,0.79,0.0,0.43,0.352998,0.842019,0
user_69670,2022-10-19 10:40:00,21,3,13,0,1,3,9,9,5,8,2,2,0,8.801547,5.142108,1.841136,0.62,0.0,0.14,0.658316,0.885167,0
user_69671,2022-10-17 03:12:00,14,9,7,2,0,2,14,18,15,19,14,0,0,6.891501,12.956919,6.939719,0.5,0.29,0.64,0.307435,0.812698,0
user_69672,2022-10-14 13:53:00,19,11,6,0,1,1,15,18,19,0,9,4,0,8.070307,2.922013,12.260671,0.32,0.0,0.58,0.521692,0.340713,0
user_69673,2022-10-29 06:06:00,25,11,16,0,2,2,0,8,4,6,7,5,1,0.249226,6.508781,0.82685,0.64,0.0,0.44,0.516953,0.848141,0
user_69674,2022-09-19 20:54:00,13,3,13,0,0,2,18,2,9,9,18,0,0,0.861502,2.491019,7.361404,1.0,0.0,0.23,0.949231,0.556053,0
user_69675,2022-10-18 13:25:00,18,7,8,0,1,1,4,17,20,15,12,1,0,6.392536,5.483377,4.83396,0.44,0.0,0.39,0.983286,0.844079,0
user_69676,2022-10-03 00:52:00,15,16,11,1,0,2,7,2,13,5,9,0,0,4.272304,2.352121,11.017722,0.73,0.09,1.07,0.559892,0.682714,0
user_69677,2022-09-26 01:09:00,21,8,12,1,3,1,2,7,0,5,16,0,0,9.113484,4.520247,1.556485,0.57,0.08,0.38,0.586829,0.947922,0
user_69678,2022-10-30 22:22:00,18,11,12,1,0,2,2,20,15,10,18,6,1,1.207899,1.634787,4.818415,0.67,0.08,0.61,0.658536,0.435859,0
user_69679,2022-10-06 16:16:00,19,7,6,1,2,2,16,20,5,20,6,3,0,2.053605,4.86994,5.006766,0.32,0.17,0.37,0.668561,0.806616,0
user_69680,2022-10-26 05:00:00,17,3,4,0,1,0,15,13,9,7,8,2,0,2.64112,4.139069,14.415686,0.24,0.0,0.18,0.849796,0.542836,0
user_69681,2022-09-27 04:47:00,26,9,6,1,2,3,9,9,5,18,3,1,0,3.196394,9.988164,5.510351,0.23,0.17,0.35,0.395628,0.888807,0
user_69682,2022-09-10 06:26:00,18,9,8,0,4,2,17,11,13,13,2,5,1,0.201092,10.268143,8.819667,0.44,0.0,0.5,0.442132,0.591955,0
user_69683,2022-10-08 15:23:00,12,10,12,1,0,1,0,2,4,2,20,5,1,7.798704,0.299583,9.447752,1.0,0.08,0.83,0.595547,0.910467,1
user_69684,2022-09-16 00:27:00,18,11,10,1,2,1,5,3,18,8,9,4,0,5.271179,1.077017,9.659518,0.56,0.1,0.61,0.616687,0.447998,0
user_69685,2022-10-16 07:30:00,24,8,10,0,3,1,16,9,2,10,19,6,1,1.324546,7.582495,8.115111,0.42,0.0,0.33,0.441232,0.525227,1
user_69686,2022-09-16 16:08:00,18,6,8,0,1,2,9,16,8,2,15,4,0,2.57125,8.687292,9.076447,0.44,0.0,0.33,0.721305,0.446051,0
user_69687,2022-10-18 22:02:00,19,7,8,0,1,0,11,2,7,9,3,1,0,9.179179,4.187833,2.342648,0.42,0.0,0.37,0.58262,0.772095,0
user_69688,2022-10-11 03:22:00,25,9,8,1,1,2,18,20,18,14,8,1,0,7.705906,4.545289,3.383908,0.32,0.12,0.36,0.964647,0.937623,0
user_69689,2022-10-21 11:40:00,22,10,7,1,2,2,1,5,19,19,11,4,0,3.332312,3.989313,8.223247,0.32,0.14,0.45,0.605482,0.728031,0
user_69690,2022-10-18 11:47:00,25,13,5,1,2,2,9,11,16,17,3,1,0,5.222307,2.947508,10.59618,0.2,0.2,0.52,0.318179,0.349802,0
user_69691,2022-09-13 06:53:00,25,9,6,1,1,0,1,9,19,11,1,1,0,4.33532,6.627589,10.950684,0.24,0.17,0.36,0.627381,0.979642,0
user_69692,2022-09-19 03:33:00,17,6,8,0,2,1,9,0,10,5,14,0,0,4.340497,6.375875,4.159357,0.47,0.0,0.35,0.732318,0.721659,0
user_69693,2022-09-26 14:52:00,23,6,11,0,1,2,14,6,8,9,8,0,0,4.765487,0.198766,9.657983,0.48,0.0,0.26,0.664247,0.799503,0
user_69694,2022-09-24 22:16:00,20,14,6,1,1,3,4,10,3,9,19,5,1,2.94738,2.401529,4.863983,0.3,0.17,0.7,0.365229,0.593949,1
user_69695,2022-09-24 15:45:00,14,14,8,0,3,1,9,8,12,0,12,5,1,10.964858,8.771031,1.815009,0.57,0.0,1.0,0.528362,0.365897,0
user_69696,2022-09-15 23:32:00,15,10,3,2,3,1,0,9,18,4,9,3,0,1.593182,0.346197,4.14673,0.2,0.67,0.67,0.89918,0.338103,0
user_69697,2022-10-07 10:17:00,19,10,10,0,3,3,0,2,16,16,17,4,0,3.555059,5.386489,2.830836,0.53,0.0,0.53,0.565513,0.668139,0
user_69698,2022-10-29 14:29:00,18,11,5,2,3,1,16,5,13,4,12,5,1,4.317032,6.851531,6.323834,0.28,0.4,0.61,0.409316,0.835412,0
user_69699,2022-09-04 02:42:00,19,6,4,0,1,1,20,19,9,18,5,6,1,4.759634,4.170876,8.669003,0.21,0.0,0.32,0.368555,0.822999,0
user_69700,2022-10-18 10:51:00,13,14,5,2,1,1,12,17,15,11,5,1,0,8.032452,0.266965,6.035246,0.38,0.4,1.08,0.528449,0.970746,0
user_69701,2022-09-05 23:32:00,21,12,9,0,1,1,15,19,7,4,6,0,0,4.387553,9.714508,5.862984,0.43,0.0,0.57,0.510725,0.66767,0
user_69702,2022-09-08 04:57:00,22,9,8,0,1,1,7,8,20,12,3,3,0,4.247387,1.009159,3.639109,0.36,0.0,0.41,0.698433,0.883943,0
user_69703,2022-10-01 18:48:00,17,11,4,0,0,0,20,3,7,13,8,5,1,1.826117,0.1557,9.67977,0.24,0.0,0.65,0.775392,0.606382,0
user_69704,2022-09-29 03:27:00,24,8,15,1,1,1,8,2,11,18,13,3,0,2.860169,6.095517,9.445802,0.62,0.07,0.33,0.724412,0.931311,0
user_69705,2022-09-30 13:07:00,29,10,5,1,5,0,20,14,10,9,11,4,0,4.413271,5.10193,3.284043,0.17,0.2,0.34,0.64333,0.818869,0
user_69706,2022-10-10 14:10:00,23,14,9,1,1,4,12,14,14,19,6,0,0,3.41714,0.398209,6.187257,0.39,0.11,0.61,0.679085,0.996554,0
user_69707,2022-09-03 19:22:00,25,10,8,2,5,0,6,7,14,0,20,5,1,1.722055,4.356709,2.726972,0.32,0.25,0.4,0.769695,0.790025,1
user_69708,2022-10-19 17:24:00,24,9,8,0,3,2,13,6,6,1,7,2,0,5.965148,8.182469,4.085116,0.33,0.0,0.38,0.340161,0.388196,0
user_69709,2022-10-22 10:10:00,24,10,3,1,2,3,12,18,7,6,8,5,1,4.894131,0.985627,7.348112,0.12,0.33,0.42,0.850382,0.482199,0
user_69710,2022-09-05 07:01:00,25,17,13,0,2,3,11,2,14,10,18,0,0,6.502123,4.237693,2.446033,0.52,0.0,0.68,0.974059,0.365447,0
user_69711,2022-10-09 00:59:00,18,10,3,0,0,0,11,13,15,3,12,6,1,2.571477,4.759929,8.102798,0.17,0.0,0.56,0.712612,0.956792,0
user_69712,2022-10-14 09:51:00,15,14,9,2,6,1,16,17,15,8,20,4,0,2.527342,1.375937,7.915986,0.6,0.22,0.93,0.777461,0.771706,1
user_69713,2022-09-22 16:10:00,20,11,8,1,0,2,8,5,17,10,7,3,0,6.854271,4.398645,0.96532,0.4,0.12,0.55,0.45148,0.838424,0
user_69714,2022-10-10 17:05:00,20,15,5,2,3,1,13,20,12,8,14,0,0,6.588636,6.144551,5.357667,0.25,0.4,0.75,0.680186,0.664002,0
user_69715,2022-09-20 04:51:00,23,13,5,1,3,2,9,18,16,14,12,1,0,5.107986,4.448071,4.936531,0.22,0.2,0.57,0.48713,0.629044,0
user_69716,2022-09-23 23:17:00,24,14,5,1,3,2,11,15,5,15,14,4,0,1.284751,0.238387,2.821018,0.21,0.2,0.58,0.477912,0.97098,0
user_69717,2022-09-07 08:24:00,17,15,9,0,2,2,14,0,7,7,4,2,0,2.627549,0.902219,9.595842,0.53,0.0,0.88,0.589855,0.703763,0
user_69718,2022-09-12 18:49:00,17,12,7,2,2,3,17,11,4,7,9,0,0,0.614627,2.392013,9.670715,0.41,0.29,0.71,0.620023,0.825101,0
user_69719,2022-10-09 02:39:00,18,8,10,1,2,4,17,20,11,8,6,6,1,1.353566,10.152194,7.972743,0.56,0.1,0.44,0.51838,0.879533,0
user_69720,2022-10-04 04:58:00,15,10,8,1,3,3,1,8,12,1,20,1,0,5.245392,2.900867,0.456644,0.53,0.12,0.67,0.53439,0.477824,1
user_69721,2022-09-20 09:41:00,21,7,6,1,1,0,17,1,4,4,8,1,0,7.963648,3.661595,5.640327,0.29,0.17,0.33,0.872927,0.630626,0
user_69722,2022-10-02 14:57:00,11,7,10,0,0,1,4,11,20,12,19,6,1,11.193235,5.091405,0.496174,0.91,0.0,0.64,0.793332,0.526116,1
user_69723,2022-10-27 09:42:00,23,11,10,1,1,2,2,6,5,9,20,3,0,8.465657,6.86926,5.850802,0.43,0.1,0.48,0.42038,0.747683,1
user_69724,2022-10-21 03:24:00,18,6,4,2,2,1,9,1,15,10,6,4,0,3.642107,4.549043,5.679813,0.22,0.5,0.33,0.900321,0.534053,0
user_69725,2022-10-16 18:13:00,13,9,8,0,2,2,11,18,0,5,8,6,1,6.848479,3.059633,6.90012,0.62,0.0,0.69,0.869356,0.491727,0
user_69726,2022-09-26 16:56:00,21,6,7,1,0,3,10,18,6,18,9,0,0,2.220839,8.979221,12.555381,0.33,0.14,0.29,0.323875,0.338006,0
user_69727,2022-09-15 20:36:00,14,8,3,1,0,2,12,6,1,17,1,3,0,2.697249,0.284478,3.251713,0.21,0.33,0.57,0.871298,0.890698,0
user_69728,2022-10-04 07:06:00,20,14,13,1,0,2,8,7,18,0,7,1,0,7.86354,3.139037,5.459751,0.65,0.08,0.7,0.374796,0.620799,0
user_69729,2022-10-21 02:47:00,18,7,9,1,1,1,2,8,3,14,13,4,0,0.140078,4.411359,14.922019,0.5,0.11,0.39,0.549065,0.837217,0
user_69730,2022-10-16 23:00:00,21,14,9,0,2,0,10,17,7,7,19,6,1,6.211948,7.542078,13.122126,0.43,0.0,0.67,0.747779,0.656665,1
user_69731,2022-10-12 18:59:00,24,9,9,1,3,3,15,4,0,20,9,2,0,2.743935,8.78748,13.565474,0.38,0.11,0.38,0.613453,0.682414,0
user_69732,2022-09-23 01:26:00,17,11,15,2,0,3,10,12,8,13,18,4,0,4.142555,4.939406,11.22116,0.88,0.13,0.65,0.444401,0.765171,0
user_69733,2022-09-14 21:23:00,15,16,11,0,2,3,17,11,9,14,16,2,0,5.241091,5.488454,3.633173,0.73,0.0,1.07,0.662884,0.65691,0
user_69734,2022-10-25 15:34:00,18,10,9,2,3,1,18,0,18,10,1,1,0,6.663669,0.509933,4.459299,0.5,0.22,0.56,0.471317,0.4278,0
user_69735,2022-09-20 07:53:00,21,12,10,0,3,2,17,0,7,6,10,1,0,9.094205,6.089328,11.202731,0.48,0.0,0.57,0.863353,0.799088,0
user_69736,2022-10-15 12:19:00,20,10,8,1,3,1,18,9,18,7,2,5,1,2.633438,10.040541,2.279052,0.4,0.12,0.5,0.552962,0.697244,0
user_69737,2022-10-28 00:14:00,28,10,9,0,2,0,19,5,9,16,2,4,0,2.640399,5.075104,8.453722,0.32,0.0,0.36,0.455293,0.911681,0
user_69738,2022-10-07 17:37:00,17,9,8,1,0,0,13,11,14,11,3,4,0,7.090505,4.660956,7.95976,0.47,0.12,0.53,0.767831,0.725959,0
user_69739,2022-09-24 06:43:00,24,10,12,1,3,5,2,5,19,11,10,5,1,11.48752,0.266303,4.735554,0.5,0.08,0.42,0.59586,0.709953,0
user_69740,2022-09-06 01:44:00,23,10,10,0,3,1,17,4,16,17,13,1,0,5.537455,6.420651,3.414721,0.43,0.0,0.43,0.610813,0.882429,0
user_69741,2022-09-09 00:14:00,21,12,9,1,2,1,17,20,13,0,4,4,0,7.798641,2.823877,4.031343,0.43,0.11,0.57,0.769336,0.937706,0
user_69742,2022-09-30 12:57:00,23,8,8,0,0,4,17,1,2,3,14,4,0,6.429865,4.234359,9.337495,0.35,0.0,0.35,0.332931,0.583619,0
user_69743,2022-09-29 07:28:00,14,4,9,0,0,3,6,1,3,17,11,3,0,3.36023,9.979097,7.069319,0.64,0.0,0.29,0.351196,0.762292,0
user_69744,2022-09-05 20:58:00,15,14,9,0,2,1,18,10,14,2,10,0,0,2.059709,8.320963,10.174061,0.6,0.0,0.93,0.751601,0.376632,0
user_69745,2022-09-01 10:46:00,14,12,9,1,1,2,2,15,11,14,15,3,0,7.321192,3.836645,5.914511,0.64,0.11,0.86,0.550152,0.451028,0
user_69746,2022-09-12 09:31:00,22,12,10,1,1,3,4,1,5,18,14,0,0,5.037244,6.200798,7.673123,0.45,0.1,0.55,0.760559,0.907878,0
user_69747,2022-10-10 23:08:00,19,14,7,0,4,2,14,20,15,9,12,0,0,3.333762,6.571575,7.27795,0.37,0.0,0.74,0.815747,0.649621,0
user_69748,2022-09-18 11:14:00,23,5,6,1,3,3,13,3,14,12,17,6,1,4.84729,4.346331,9.426203,0.26,0.17,0.22,0.986968,0.311869,0
user_69749,2022-10-25 13:40:00,21,12,7,1,2,1,6,14,0,19,20,1,0,5.260861,4.424578,5.951472,0.33,0.14,0.57,0.504813,0.373702,1
user_69750,2022-10-11 07:58:00,20,10,10,2,3,3,15,17,15,19,15,1,0,4.200477,1.122977,4.097447,0.5,0.2,0.5,0.873749,0.763992,0
user_69751,2022-09-30 23:55:00,27,7,6,2,3,0,16,6,17,6,11,4,0,6.469841,3.954525,14.720468,0.22,0.33,0.26,0.430654,0.899137,0
user_69752,2022-09-11 11:38:00,21,6,7,2,0,1,19,17,19,9,6,6,1,3.210241,4.316027,13.115457,0.33,0.29,0.29,0.894453,0.337177,0
user_69753,2022-10-05 09:51:00,18,8,11,1,0,1,19,18,4,3,4,2,0,3.124322,6.695946,6.739654,0.61,0.09,0.44,0.690635,0.567444,0
user_69754,2022-09-07 08:54:00,24,4,6,0,7,0,20,14,2,0,13,2,0,6.420042,0.117822,6.116074,0.25,0.0,0.17,0.759248,0.437637,0
user_69755,2022-09-09 18:41:00,12,8,6,0,1,2,10,7,7,16,14,4,0,12.708121,6.900977,7.297591,0.5,0.0,0.67,0.354365,0.95403,0
user_69756,2022-09-01 08:58:00,21,6,8,1,3,2,15,14,4,2,15,3,0,7.893008,9.024459,0.163721,0.38,0.12,0.29,0.704919,0.762891,0
user_69757,2022-10-18 21:50:00,32,9,7,1,3,3,14,0,12,8,0,1,0,2.932424,1.781406,6.506006,0.22,0.14,0.28,0.897921,0.897886,0
user_69758,2022-10-10 18:23:00,23,16,10,1,0,0,19,12,20,10,1,0,0,7.787503,6.90454,10.646138,0.43,0.1,0.7,0.740862,0.386996,0
user_69759,2022-09-20 11:28:00,22,10,9,0,4,3,15,2,17,3,4,1,0,6.41911,5.764502,7.628988,0.41,0.0,0.45,0.99292,0.91586,0
user_69760,2022-09-01 08:08:00,25,11,7,1,3,3,20,13,4,9,19,3,0,4.791193,4.297348,5.611179,0.28,0.14,0.44,0.795444,0.804335,1
user_69761,2022-09-09 05:36:00,26,7,7,2,2,2,5,10,13,1,9,4,0,4.801744,10.151143,4.136156,0.27,0.29,0.27,0.864283,0.884532,0
user_69762,2022-09-03 18:20:00,21,9,8,0,0,1,16,18,8,7,18,5,1,1.078936,2.957176,9.219541,0.38,0.0,0.43,0.710995,0.574543,0
user_69763,2022-10-14 16:09:00,20,13,9,0,3,0,3,15,15,7,12,4,0,6.125558,3.907775,6.991047,0.45,0.0,0.65,0.825742,0.510979,0
user_69764,2022-10-24 16:37:00,8,5,3,2,0,1,13,13,8,16,2,0,0,4.847469,1.487192,8.563857,0.38,0.67,0.62,0.651181,0.854375,0
user_69765,2022-09-30 09:30:00,28,10,2,1,4,0,1,4,6,3,0,4,0,6.842164,8.629899,4.689198,0.07,0.5,0.36,0.922006,0.91147,0
user_69766,2022-09-19 22:48:00,13,11,5,1,3,2,1,1,16,9,5,0,0,8.283977,1.011765,1.283512,0.38,0.2,0.85,0.578709,0.585464,0
user_69767,2022-09-09 02:19:00,22,10,4,2,3,0,14,13,3,1,9,4,0,5.253283,4.487348,3.668468,0.18,0.5,0.45,0.904047,0.482732,0
user_69768,2022-10-29 19:29:00,26,11,11,1,1,3,3,4,12,13,13,5,1,8.130956,6.752821,7.447875,0.42,0.09,0.42,0.824178,0.877635,0
user_69769,2022-10-20 16:16:00,23,10,8,0,0,4,15,10,5,7,20,3,0,7.86359,4.773857,8.92764,0.35,0.0,0.43,0.58052,0.707446,1
user_69770,2022-10-02 02:52:00,22,7,5,0,1,0,2,12,1,5,10,6,1,7.182403,1.352859,8.420033,0.23,0.0,0.32,0.354418,0.627004,0
user_69771,2022-09-23 05:09:00,19,8,7,0,1,3,15,3,16,18,11,4,0,5.600522,3.351416,5.748555,0.37,0.0,0.42,0.645967,0.688129,0
user_69772,2022-09-24 12:57:00,21,6,5,1,3,1,5,19,16,4,12,5,1,10.183659,7.099884,5.647882,0.24,0.2,0.29,0.499572,0.689724,0
user_69773,2022-10-06 23:06:00,21,9,5,0,3,3,17,10,0,17,12,3,0,7.109806,4.889396,7.328938,0.24,0.0,0.43,0.744436,0.981948,0
user_69774,2022-10-02 10:01:00,13,10,14,0,1,3,2,20,2,11,2,6,1,6.435278,9.249939,4.803987,1.08,0.0,0.77,0.401276,0.875081,0
user_69775,2022-09-26 10:11:00,15,6,9,2,3,1,13,0,5,20,8,0,0,1.287802,6.266848,8.720297,0.6,0.22,0.4,0.509934,0.46099,0
user_69776,2022-09-02 23:48:00,20,17,12,0,2,1,19,13,9,1,7,4,0,5.743258,1.349561,12.767358,0.6,0.0,0.85,0.688077,0.780991,0
user_69777,2022-10-13 18:44:00,17,5,3,1,1,0,11,18,12,7,7,3,0,10.40524,8.893385,5.921698,0.18,0.33,0.29,0.548816,0.886544,0
user_69778,2022-09-07 09:27:00,20,14,7,1,1,0,3,1,13,14,7,2,0,3.415612,6.306984,3.576758,0.35,0.14,0.7,0.42171,0.75384,0
user_69779,2022-10-05 01:32:00,22,13,8,0,0,0,10,0,6,2,4,2,0,3.250471,5.385772,4.142599,0.36,0.0,0.59,0.318535,0.833324,0
user_69780,2022-10-05 04:42:00,19,8,5,0,4,0,7,15,6,4,7,2,0,0.749818,0.560168,11.709731,0.26,0.0,0.42,0.723235,0.923575,0
user_69781,2022-09-24 00:55:00,21,10,7,2,1,0,1,11,8,16,11,5,1,1.8928,1.939663,7.372101,0.33,0.29,0.48,0.64686,0.812147,0
user_69782,2022-09-26 00:33:00,23,8,9,2,2,1,11,18,15,0,5,0,0,7.04111,11.69579,3.56905,0.39,0.22,0.35,0.669903,0.498514,0
user_69783,2022-09-05 22:50:00,28,12,11,1,2,3,0,19,15,8,16,0,0,9.062582,7.426651,5.295431,0.39,0.09,0.43,0.39365,0.923104,0
user_69784,2022-09-20 07:12:00,26,11,6,3,1,0,14,11,17,17,9,1,0,2.881755,3.459449,9.861638,0.23,0.5,0.42,0.618268,0.506476,0
user_69785,2022-09-09 04:52:00,18,9,3,2,2,0,1,13,10,18,19,4,0,11.12232,5.049697,3.145,0.17,0.67,0.5,0.378202,0.676341,1
user_69786,2022-09-26 09:15:00,17,10,4,1,4,1,14,16,9,8,4,0,0,5.356128,1.746471,4.284948,0.24,0.25,0.59,0.308508,0.864562,0
user_69787,2022-10-17 02:10:00,25,15,9,2,2,1,14,7,12,8,17,0,0,6.18328,4.528069,8.040968,0.36,0.22,0.6,0.953776,0.94686,0
user_69788,2022-09-18 15:25:00,14,10,10,0,1,1,13,3,1,3,14,6,1,2.312681,0.018425,5.885404,0.71,0.0,0.71,0.346334,0.609107,0
user_69789,2022-10-27 10:24:00,17,6,9,1,0,4,18,10,10,1,19,3,0,3.383315,7.704148,1.222312,0.53,0.11,0.35,0.756702,0.456606,1
user_69790,2022-09-12 05:31:00,24,12,7,0,1,4,7,14,7,12,19,0,0,8.283519,11.65449,10.961853,0.29,0.0,0.5,0.948044,0.645365,1
user_69791,2022-09-09 23:25:00,23,6,13,0,3,6,17,7,7,7,14,4,0,6.975247,0.835431,5.386486,0.57,0.0,0.26,0.534558,0.820378,0
user_69792,2022-09-10 01:23:00,16,10,4,0,1,1,1,10,12,9,8,5,1,8.793368,9.636057,7.367066,0.25,0.0,0.62,0.546496,0.750595,0
user_69793,2022-09-13 13:35:00,20,9,6,0,1,0,7,19,15,2,1,1,0,0.166615,5.6634,4.791024,0.3,0.0,0.45,0.727582,0.306134,0
user_69794,2022-09-05 00:46:00,22,11,4,0,3,1,4,20,14,3,13,0,0,7.30058,5.762109,5.257103,0.18,0.0,0.5,0.511748,0.737281,0
user_69795,2022-09-05 12:27:00,12,9,7,2,0,2,19,12,14,16,8,0,0,9.095581,5.27056,7.675341,0.58,0.29,0.75,0.886173,0.863374,0
user_69796,2022-09-24 16:29:00,20,12,9,0,1,2,4,6,12,16,7,5,1,0.456419,5.811538,7.331746,0.45,0.0,0.6,0.345737,0.954016,0
user_69797,2022-10-11 15:30:00,23,9,9,2,3,2,8,7,4,14,20,1,0,9.997378,7.457134,9.613746,0.39,0.22,0.39,0.915515,0.983338,1
user_69798,2022-09-13 17:43:00,17,7,2,0,3,0,19,9,18,7,11,1,0,5.233229,0.605927,8.603789,0.12,0.0,0.41,0.58253,0.578543,0
user_69799,2022-09-08 13:50:00,17,8,16,0,0,3,10,11,15,5,18,3,0,1.237509,4.739195,12.602169,0.94,0.0,0.47,0.995467,0.504339,0
user_69800,2022-10-21 07:01:00,15,8,8,0,3,2,9,3,3,16,7,4,0,7.217913,4.626558,9.574636,0.53,0.0,0.53,0.828805,0.386056,0
user_69801,2022-10-11 00:41:00,23,10,10,1,2,3,17,17,14,13,10,1,0,1.495863,2.38263,5.457236,0.43,0.1,0.43,0.652337,0.359902,0
user_69802,2022-09-23 07:38:00,25,12,13,0,4,2,8,1,9,5,16,4,0,1.16932,4.293651,3.917719,0.52,0.0,0.48,0.588479,0.407361,0
user_69803,2022-10-21 17:47:00,19,10,3,0,1,1,19,20,9,11,20,4,0,6.017801,4.82357,6.826113,0.16,0.0,0.53,0.473408,0.703223,1
user_69804,2022-09-08 18:04:00,25,7,8,0,2,2,1,19,12,14,18,3,0,2.721994,4.243538,7.342547,0.32,0.0,0.28,0.99892,0.765438,0
user_69805,2022-09-16 21:29:00,23,14,9,1,2,0,11,3,3,0,0,4,0,1.610093,1.838836,5.940517,0.39,0.11,0.61,0.883955,0.306033,0
user_69806,2022-09-23 03:07:00,26,7,6,1,2,0,5,19,20,2,16,4,0,2.210488,7.739387,4.226151,0.23,0.17,0.27,0.85339,0.786893,0
user_69807,2022-10-29 14:56:00,21,14,4,2,1,1,7,3,2,9,18,5,1,5.586426,2.325634,13.159364,0.19,0.5,0.67,0.625384,0.924615,0
user_69808,2022-10-23 19:20:00,16,11,6,0,0,4,16,6,19,7,6,6,1,4.352711,3.98015,8.836009,0.38,0.0,0.69,0.771179,0.574408,0
user_69809,2022-09-13 16:41:00,22,9,8,1,1,0,17,5,20,14,9,1,0,2.499648,9.357374,9.841939,0.36,0.12,0.41,0.881987,0.974645,0
user_69810,2022-09-04 14:44:00,27,8,6,1,4,0,17,10,2,20,17,6,1,2.30728,5.963723,1.090976,0.22,0.17,0.3,0.5582,0.797901,0
user_69811,2022-10-19 13:23:00,18,8,12,0,4,0,6,0,10,7,18,2,0,4.15944,4.486332,6.802671,0.67,0.0,0.44,0.415175,0.615884,0
user_69812,2022-10-20 12:04:00,14,8,15,0,0,3,13,17,5,9,6,3,0,3.101577,4.971326,9.154258,1.07,0.0,0.57,0.340577,0.704024,0
user_69813,2022-10-06 15:13:00,22,13,9,0,3,4,16,6,3,15,1,3,0,4.375064,6.074955,7.881675,0.41,0.0,0.59,0.410734,0.454326,0
user_69814,2022-09-08 03:18:00,18,14,3,0,1,0,12,16,20,16,16,3,0,5.932029,3.292082,6.123993,0.17,0.0,0.78,0.439152,0.99621,0
user_69815,2022-09-18 16:19:00,24,13,6,1,2,0,4,18,11,18,18,6,1,7.702169,0.863331,5.508706,0.25,0.17,0.54,0.715406,0.87557,0
user_69816,2022-10-19 14:38:00,26,11,1,0,2,0,20,9,2,7,0,2,0,3.34669,7.56634,6.592662,0.04,0.0,0.42,0.777183,0.658361,0
user_69817,2022-09-03 14:33:00,19,14,7,0,2,3,5,11,20,2,6,5,1,1.149755,0.295056,6.07282,0.37,0.0,0.74,0.569851,0.691024,0
user_69818,2022-10-24 23:57:00,17,10,10,1,0,3,16,13,11,13,18,0,0,0.017204,6.37185,6.410801,0.59,0.1,0.59,0.535507,0.510531,0
user_69819,2022-09-04 01:39:00,20,8,10,0,2,2,19,9,2,17,20,6,1,5.922016,7.622372,5.827336,0.5,0.0,0.4,0.57968,0.746567,1
user_69820,2022-09-07 11:46:00,13,10,9,1,0,2,8,9,13,0,5,2,0,8.491407,2.954575,2.74965,0.69,0.11,0.77,0.400582,0.520006,0
user_69821,2022-09-13 05:34:00,23,12,9,1,3,0,17,10,19,1,3,1,0,4.405614,5.994924,11.477505,0.39,0.11,0.52,0.861936,0.492976,0
user_69822,2022-10-30 05:45:00,21,5,6,1,2,1,15,7,4,1,3,6,1,4.733591,1.799516,4.723169,0.29,0.17,0.24,0.957088,0.840656,0
user_69823,2022-09-12 13:37:00,18,8,9,0,2,2,8,7,6,17,0,0,0,3.688196,3.519097,7.478876,0.5,0.0,0.44,0.721654,0.616716,0
user_69824,2022-09-20 04:14:00,16,13,9,0,1,4,8,10,20,19,10,1,0,5.376021,2.951314,6.630189,0.56,0.0,0.81,0.633554,0.472058,0
user_69825,2022-10-24 09:17:00,20,12,10,0,3,3,19,12,5,5,14,0,0,4.041267,3.471029,6.00594,0.5,0.0,0.6,0.350137,0.639873,0
user_69826,2022-10-25 09:00:00,25,6,11,1,4,0,0,14,17,4,1,1,0,10.432758,3.994952,2.635302,0.44,0.09,0.24,0.673925,0.376862,0
user_69827,2022-09-02 14:45:00,22,8,7,1,4,1,5,19,9,3,8,4,0,3.143758,3.142811,5.110295,0.32,0.14,0.36,0.924502,0.850221,0
user_69828,2022-10-01 10:24:00,15,15,13,0,0,3,1,14,9,13,9,5,1,4.176752,6.734033,11.147504,0.87,0.0,1.0,0.723721,0.530552,0
user_69829,2022-09-15 22:40:00,18,13,9,1,0,5,13,18,11,9,4,3,0,11.915479,2.372589,6.766061,0.5,0.11,0.72,0.845179,0.818048,0
user_69830,2022-09-09 05:52:00,17,8,8,1,3,1,12,10,0,12,10,4,0,4.764336,2.245847,5.698539,0.47,0.12,0.47,0.773265,0.625971,0
user_69831,2022-09-23 19:29:00,20,15,6,1,1,2,4,20,4,3,14,4,0,1.667719,3.004078,6.8781,0.3,0.17,0.75,0.841262,0.561446,0
user_69832,2022-10-08 18:18:00,21,13,9,0,1,0,9,14,11,5,1,5,1,5.226272,8.368337,3.998314,0.43,0.0,0.62,0.651759,0.539392,0
user_69833,2022-09-09 12:35:00,23,6,8,0,1,2,0,4,11,14,17,4,0,4.999575,6.987181,6.706232,0.35,0.0,0.26,0.70867,0.763111,0
user_69834,2022-10-23 23:58:00,19,7,8,1,3,3,10,13,5,3,2,6,1,9.524212,5.427377,5.224843,0.42,0.12,0.37,0.641757,0.756875,0
user_69835,2022-10-28 06:03:00,14,9,4,1,2,1,14,8,4,0,11,4,0,7.68139,7.661581,5.492208,0.29,0.25,0.64,0.53767,0.787283,0
user_69836,2022-10-07 08:10:00,14,12,3,2,1,0,8,16,20,9,7,4,0,9.027351,0.776983,8.719394,0.21,0.67,0.86,0.433739,0.892913,0
user_69837,2022-09-16 22:33:00,21,9,7,1,3,1,14,6,10,10,19,4,0,5.893354,0.71122,5.373715,0.33,0.14,0.43,0.562178,0.519731,1
user_69838,2022-09-28 19:49:00,20,8,8,0,0,0,17,14,16,16,15,2,0,2.367268,4.713476,11.196205,0.4,0.0,0.4,0.558295,0.908666,0
user_69839,2022-09-25 04:59:00,21,15,10,0,4,2,3,1,10,4,18,6,1,3.715282,2.095862,4.065454,0.48,0.0,0.71,0.386741,0.70687,0
user_69840,2022-09-22 20:59:00,20,8,6,0,1,1,3,12,18,20,8,3,0,3.85044,6.32362,2.821728,0.3,0.0,0.4,0.39329,0.74902,0
user_69841,2022-09-21 16:54:00,28,9,7,1,5,1,3,9,17,11,17,2,0,4.683265,3.736978,12.6336,0.25,0.14,0.32,0.431305,0.569088,0
user_69842,2022-10-06 12:35:00,20,12,5,0,0,0,3,10,9,17,4,3,0,3.200187,5.784534,5.0266,0.25,0.0,0.6,0.48103,0.647899,0
user_69843,2022-10-03 17:44:00,18,6,7,0,3,0,11,17,4,14,11,0,0,6.646316,5.466849,8.222485,0.39,0.0,0.33,0.805433,0.798855,0
user_69844,2022-09-27 12:12:00,17,11,8,1,2,2,17,15,8,16,13,1,0,7.072369,4.646191,6.553515,0.47,0.12,0.65,0.484965,0.74376,0
user_69845,2022-09-29 23:18:00,20,8,8,1,0,1,1,1,3,5,8,3,0,5.29705,1.504411,12.134884,0.4,0.12,0.4,0.46833,0.645993,0
user_69846,2022-09-15 13:10:00,24,13,4,0,1,0,13,12,0,3,12,3,0,3.764019,1.839291,6.150818,0.17,0.0,0.54,0.952995,0.871082,0
user_69847,2022-09-21 07:53:00,20,10,10,1,1,1,18,5,9,19,12,2,0,5.41706,6.062944,7.418378,0.5,0.1,0.5,0.547933,0.814564,0
user_69848,2022-10-17 00:38:00,24,8,10,1,5,5,2,5,7,0,13,0,0,1.422859,1.731985,11.050876,0.42,0.1,0.33,0.42417,0.762527,0
user_69849,2022-09-14 04:29:00,27,8,9,1,3,4,7,12,8,15,13,2,0,1.692025,7.686411,7.373321,0.33,0.11,0.3,0.556153,0.724964,0
user_69850,2022-10-12 07:07:00,23,13,8,1,3,3,17,2,12,20,19,2,0,2.015367,4.543509,9.079567,0.35,0.12,0.57,0.457785,0.671322,1
user_69851,2022-09-26 22:39:00,17,6,8,0,2,0,2,0,16,5,18,0,0,4.591255,5.331634,13.084329,0.47,0.0,0.35,0.55462,0.401654,0
user_69852,2022-10-22 12:14:00,32,10,7,0,5,4,12,1,12,1,19,5,1,1.213628,5.186678,5.779426,0.22,0.0,0.31,0.360631,0.368285,1
user_69853,2022-09-09 17:22:00,18,15,6,0,0,2,0,12,5,16,3,4,0,5.276888,6.303135,4.447389,0.33,0.0,0.83,0.502012,0.630212,0
user_69854,2022-09-08 01:02:00,16,13,5,1,4,0,11,3,11,3,10,3,0,3.612726,6.148506,7.251009,0.31,0.2,0.81,0.570978,0.847874,0
user_69855,2022-10-27 12:12:00,23,15,9,2,2,2,9,8,19,10,14,3,0,4.289608,5.919939,8.707575,0.39,0.22,0.65,0.459793,0.923265,0
user_69856,2022-09-23 23:38:00,23,6,9,0,1,1,18,6,17,16,4,4,0,4.613219,7.603552,2.022465,0.39,0.0,0.26,0.862502,0.383487,0
user_69857,2022-09-15 23:43:00,14,16,7,0,0,0,3,15,16,10,1,3,0,2.93831,4.485429,10.003287,0.5,0.0,1.14,0.416035,0.677288,0
user_69858,2022-10-10 14:52:00,22,8,11,2,2,3,18,12,12,15,10,0,0,2.182879,4.230665,0.655608,0.5,0.18,0.36,0.803625,0.668723,0
user_69859,2022-10-08 05:40:00,21,12,9,1,0,3,16,17,10,3,8,5,1,6.539766,0.278741,11.986216,0.43,0.11,0.57,0.751192,0.427736,0
user_69860,2022-09-03 20:42:00,19,11,14,0,1,4,17,13,11,12,2,5,1,4.198791,10.94244,8.553705,0.74,0.0,0.58,0.779241,0.66408,0
user_69861,2022-09-12 10:44:00,22,10,10,0,4,3,18,12,18,1,7,0,0,7.956416,0.942288,6.216563,0.45,0.0,0.45,0.811392,0.534871,0
user_69862,2022-10-05 20:54:00,20,9,5,1,2,1,13,20,7,4,14,2,0,0.433564,5.399972,5.836521,0.25,0.2,0.45,0.738236,0.684691,0
user_69863,2022-10-12 18:57:00,20,5,11,0,1,2,14,4,5,16,11,2,0,8.90251,3.05513,10.316061,0.55,0.0,0.25,0.72548,0.708834,0
user_69864,2022-10-29 20:32:00,23,12,8,0,1,3,11,11,16,8,14,5,1,7.664853,0.46535,1.288808,0.35,0.0,0.52,0.853914,0.812739,0
user_69865,2022-09-06 16:23:00,25,12,6,1,1,3,4,15,17,18,10,1,0,3.857847,3.39228,5.291438,0.24,0.17,0.48,0.559803,0.635308,0
user_69866,2022-10-21 06:08:00,18,15,7,2,1,1,5,12,5,17,15,4,0,7.561134,6.910284,9.66675,0.39,0.29,0.83,0.872788,0.977321,0
user_69867,2022-09-18 09:10:00,20,8,11,0,2,4,10,12,2,11,2,6,1,9.372982,4.858957,9.548581,0.55,0.0,0.4,0.729131,0.710626,0
user_69868,2022-10-18 20:27:00,18,10,7,0,3,0,8,12,1,0,2,1,0,6.598493,5.620489,4.424802,0.39,0.0,0.56,0.877277,0.838205,0
user_69869,2022-10-05 14:19:00,16,10,10,2,0,2,9,5,4,3,1,2,0,4.743528,1.412787,2.520038,0.62,0.2,0.62,0.529086,0.798985,0
user_69870,2022-10-08 05:02:00,21,9,8,1,3,3,1,1,13,1,3,5,1,6.845845,3.194281,3.486211,0.38,0.12,0.43,0.396325,0.803734,0
user_69871,2022-09-20 12:52:00,16,8,6,0,2,2,7,1,12,10,14,1,0,8.143181,3.494589,10.515465,0.38,0.0,0.5,0.447437,0.936223,0
user_69872,2022-09-03 15:22:00,19,7,8,1,3,0,3,20,6,7,9,5,1,6.681188,5.140189,4.881915,0.42,0.12,0.37,0.430268,0.381422,0
user_69873,2022-09-10 22:13:00,16,8,5,0,0,1,20,9,7,9,16,5,1,0.953652,5.935834,5.664127,0.31,0.0,0.5,0.700241,0.894568,0
user_69874,2022-09-01 23:43:00,21,13,5,1,3,0,14,9,1,12,7,3,0,7.93044,2.119947,4.863615,0.24,0.2,0.62,0.305716,0.644638,0
user_69875,2022-09-05 06:28:00,20,15,10,0,2,1,6,2,3,4,17,0,0,5.923377,5.418324,5.012747,0.5,0.0,0.75,0.970408,0.652654,0
user_69876,2022-10-12 06:31:00,21,8,7,1,1,0,5,16,2,10,20,2,0,6.623758,10.443849,7.250552,0.33,0.14,0.38,0.748035,0.850428,1
user_69877,2022-09-19 20:33:00,16,6,11,0,0,3,16,17,7,13,14,0,0,9.731964,7.071613,7.086523,0.69,0.0,0.38,0.334777,0.974259,0
user_69878,2022-09-16 09:39:00,17,9,10,1,0,1,8,8,20,3,16,4,0,3.147315,3.460593,6.647026,0.59,0.1,0.53,0.776034,0.624598,0
user_69879,2022-09-10 23:54:00,28,10,9,1,1,0,19,13,20,5,12,5,1,1.337687,3.380389,5.302831,0.32,0.11,0.36,0.948572,0.784954,0
user_69880,2022-10-19 02:59:00,20,12,6,1,2,0,11,0,16,9,20,2,0,5.720946,3.603425,7.178096,0.3,0.17,0.6,0.503223,0.819588,1
user_69881,2022-09-22 10:56:00,21,15,6,1,4,2,16,9,13,4,8,3,0,6.092589,0.868939,6.683008,0.29,0.17,0.71,0.402451,0.59275,0
user_69882,2022-09-30 15:17:00,22,13,7,0,4,0,8,6,13,19,5,4,0,5.675996,5.414211,8.734277,0.32,0.0,0.59,0.494382,0.597269,0
user_69883,2022-10-24 04:01:00,15,9,8,1,1,2,19,9,6,11,15,0,0,6.372576,3.191968,4.41483,0.53,0.12,0.6,0.378594,0.755905,0
user_69884,2022-10-27 10:51:00,26,8,9,0,4,2,13,2,11,8,3,3,0,2.703897,7.059987,8.913693,0.35,0.0,0.31,0.898955,0.632908,0
user_69885,2022-10-20 02:02:00,25,9,9,0,2,1,3,4,10,4,12,3,0,4.448564,2.06352,3.452063,0.36,0.0,0.36,0.804613,0.77774,0
user_69886,2022-09-18 07:06:00,17,6,5,2,2,0,4,3,18,15,12,6,1,10.554552,1.519214,11.979067,0.29,0.4,0.35,0.571035,0.331981,0
user_69887,2022-10-27 04:30:00,24,8,5,0,4,2,18,8,18,10,4,3,0,9.450105,7.429287,9.495319,0.21,0.0,0.33,0.858228,0.798947,0
user_69888,2022-10-11 22:51:00,18,9,8,2,4,2,0,3,17,19,4,1,0,8.944362,7.026571,9.014277,0.44,0.25,0.5,0.791207,0.602764,0
user_69889,2022-10-17 22:13:00,15,7,9,0,2,2,10,14,7,2,13,0,0,9.56311,10.383126,5.256384,0.6,0.0,0.47,0.645655,0.922011,0
user_69890,2022-09-10 01:26:00,26,13,7,3,0,2,17,7,17,0,17,5,1,6.744911,7.399316,8.319476,0.27,0.43,0.5,0.928336,0.794095,0
user_69891,2022-09-15 08:33:00,16,8,11,0,1,2,11,16,16,5,0,3,0,4.413845,2.331297,3.710432,0.69,0.0,0.5,0.394946,0.68035,0
user_69892,2022-10-09 07:53:00,19,8,14,1,1,4,5,3,7,20,9,6,1,7.002151,7.871289,5.305482,0.74,0.07,0.42,0.644782,0.409334,0
user_69893,2022-10-13 14:23:00,21,8,4,0,2,1,16,13,0,10,8,3,0,6.364385,4.967211,2.296239,0.19,0.0,0.38,0.820459,0.504766,0
user_69894,2022-10-07 05:45:00,23,4,5,0,5,1,14,18,11,20,9,4,0,1.594894,8.044133,10.780492,0.22,0.0,0.17,0.626429,0.516481,0
user_69895,2022-09-20 02:07:00,17,12,6,0,4,3,15,14,20,11,13,1,0,9.018317,5.688771,9.29019,0.35,0.0,0.71,0.725936,0.481712,0
user_69896,2022-09-02 08:21:00,17,8,11,0,1,0,12,19,19,3,2,4,0,8.466537,1.316261,6.498646,0.65,0.0,0.47,0.72126,0.374755,0
user_69897,2022-09-17 17:15:00,19,10,5,0,3,0,9,6,9,6,2,5,1,2.983044,3.217951,10.4876,0.26,0.0,0.53,0.341305,0.355986,0
user_69898,2022-10-10 10:46:00,26,12,8,1,2,2,14,2,8,9,3,0,0,9.420571,9.074213,7.599077,0.31,0.12,0.46,0.840015,0.678712,0
user_69899,2022-09-19 01:23:00,18,11,8,0,3,2,12,2,12,10,8,0,0,6.258399,7.168605,8.294052,0.44,0.0,0.61,0.66699,0.773622,0
user_69900,2022-09-09 12:13:00,30,16,10,0,2,4,2,15,20,16,5,4,0,2.021918,8.604115,7.256569,0.33,0.0,0.53,0.859316,0.513791,0
user_69901,2022-10-16 11:40:00,30,18,6,1,6,2,11,10,11,19,0,6,1,4.995698,13.068953,5.919594,0.2,0.17,0.6,0.947351,0.658457,0
user_69902,2022-10-24 02:58:00,26,13,8,1,6,2,20,11,0,8,16,0,0,4.02342,12.583892,9.528138,0.31,0.12,0.5,0.47767,0.711436,0
user_69903,2022-09-09 03:58:00,20,9,9,1,3,6,6,7,4,8,12,4,0,5.942822,9.691108,8.090522,0.45,0.11,0.45,0.317842,0.330302,0
user_69904,2022-10-23 07:00:00,22,13,11,1,6,3,8,17,16,5,7,6,1,3.25756,2.89248,2.38086,0.5,0.09,0.59,0.690374,0.487176,0
user_69905,2022-10-16 05:57:00,19,9,11,0,3,2,13,13,15,1,7,6,1,1.281703,10.667273,6.25863,0.58,0.0,0.47,0.50536,0.512747,0
user_69906,2022-09-27 11:42:00,26,14,9,0,3,1,18,5,3,12,13,1,0,3.495723,9.312562,3.475698,0.35,0.0,0.54,0.484109,0.629272,0
user_69907,2022-10-14 01:32:00,25,5,11,1,4,3,1,19,12,0,3,4,0,0.983096,5.085893,10.112157,0.44,0.09,0.2,0.398609,0.393479,0
user_69908,2022-09-10 13:16:00,27,13,12,1,4,3,19,20,2,4,9,5,1,6.444894,9.936892,4.780552,0.44,0.08,0.48,0.674301,0.554383,0
user_69909,2022-09-25 01:50:00,23,13,9,1,3,3,8,6,0,13,1,6,1,7.756993,2.668607,12.123215,0.39,0.11,0.57,0.803893,0.96194,0
user_69910,2022-09-07 04:16:00,17,7,3,0,0,1,1,19,17,7,16,2,0,9.419923,4.252073,6.642109,0.18,0.0,0.41,0.48366,0.581634,0
user_69911,2022-09-22 19:47:00,23,16,6,0,1,0,1,16,19,4,6,3,0,5.451224,7.793534,8.481422,0.26,0.0,0.7,0.91604,0.727079,0
user_69912,2022-09-27 05:56:00,13,11,7,1,1,4,6,4,6,18,6,1,0,10.921654,9.561337,8.005108,0.54,0.14,0.85,0.325572,0.508476,0
user_69913,2022-09-09 07:59:00,17,14,9,0,1,1,3,6,5,5,6,4,0,7.801749,0.747746,7.041093,0.53,0.0,0.82,0.679853,0.648949,0
user_69914,2022-09-10 18:31:00,16,8,9,0,1,3,1,10,17,18,6,5,1,1.680934,0.115653,11.552248,0.56,0.0,0.5,0.372163,0.311471,0
user_69915,2022-09-26 07:33:00,25,8,5,2,1,2,2,17,8,15,1,0,0,3.524092,9.343619,5.193085,0.2,0.4,0.32,0.998369,0.848723,0
user_69916,2022-10-06 17:42:00,17,9,11,1,1,3,8,14,10,15,5,3,0,3.536794,9.518073,8.782517,0.65,0.09,0.53,0.992376,0.509596,0
user_69917,2022-10-25 21:04:00,19,4,9,0,3,1,13,17,2,20,0,1,0,7.680792,7.268849,1.982848,0.47,0.0,0.21,0.552846,0.305169,0
user_69918,2022-10-29 12:32:00,23,13,8,2,1,0,10,3,4,2,17,5,1,0.386748,5.785855,12.852545,0.35,0.25,0.57,0.518948,0.805415,0
user_69919,2022-09-21 03:38:00,26,4,4,0,3,0,2,7,7,2,1,2,0,5.460462,7.280487,4.259439,0.15,0.0,0.15,0.608765,0.678943,0
user_69920,2022-10-20 07:46:00,15,9,8,1,2,2,0,8,8,20,17,3,0,5.920272,3.707758,10.513701,0.53,0.12,0.6,0.329694,0.622997,0
user_69921,2022-09-09 19:16:00,18,9,4,1,0,0,19,14,15,2,20,4,0,5.094722,3.818525,4.919806,0.22,0.25,0.5,0.900479,0.830648,1
user_69922,2022-10-24 16:10:00,20,12,6,1,2,0,10,16,4,3,8,0,0,2.146355,12.055211,7.385647,0.3,0.17,0.6,0.795089,0.886402,0
user_69923,2022-10-18 19:55:00,21,12,7,1,2,2,14,1,0,0,4,1,0,5.856231,9.024195,7.154036,0.33,0.14,0.57,0.570861,0.491658,0
user_69924,2022-09-27 14:27:00,12,10,8,1,2,3,5,16,14,5,19,1,0,4.872515,7.438846,3.353019,0.67,0.12,0.83,0.833388,0.870841,1
user_69925,2022-09-01 12:47:00,15,9,9,2,0,2,1,1,6,3,15,3,0,4.506592,4.296863,4.338159,0.6,0.22,0.6,0.86712,0.591856,0
user_69926,2022-09-18 19:00:00,18,10,6,0,1,3,11,2,10,16,3,6,1,1.304732,4.385072,9.151178,0.33,0.0,0.56,0.846199,0.936389,0
user_69927,2022-09-17 19:29:00,11,6,6,1,1,2,14,3,13,18,17,5,1,8.286977,3.130533,7.857083,0.55,0.17,0.55,0.489375,0.753998,0
user_69928,2022-10-17 15:34:00,17,8,11,0,1,1,20,11,9,9,0,0,0,6.042585,5.11544,4.475779,0.65,0.0,0.47,0.44968,0.585078,0
user_69929,2022-09-14 09:49:00,30,13,4,1,3,1,8,11,14,15,9,2,0,6.187326,10.706916,3.190981,0.13,0.25,0.43,0.722109,0.387913,0
user_69930,2022-10-04 13:16:00,21,15,9,0,0,0,17,10,6,17,10,1,0,5.339081,4.491973,3.043206,0.43,0.0,0.71,0.417661,0.605145,0
user_69931,2022-10-13 02:51:00,14,14,5,0,1,1,17,7,9,6,5,3,0,6.972578,1.142629,4.606617,0.36,0.0,1.0,0.900888,0.977439,0
user_69932,2022-09-15 21:31:00,21,11,13,0,2,4,9,19,11,17,0,3,0,3.560562,8.337384,9.649542,0.62,0.0,0.52,0.482106,0.784807,0
user_69933,2022-09-26 05:40:00,21,18,7,1,1,2,2,11,19,16,13,0,0,3.35028,1.846623,5.73504,0.33,0.14,0.86,0.738133,0.668404,0
user_69934,2022-10-03 00:13:00,18,15,9,0,1,1,16,19,5,14,20,0,0,6.867649,0.975658,6.902322,0.5,0.0,0.83,0.906007,0.692257,1
user_69935,2022-10-07 21:53:00,19,12,5,2,2,2,16,17,1,3,17,4,0,3.349149,5.725751,2.368159,0.26,0.4,0.63,0.399377,0.921808,0
user_69936,2022-09-12 00:33:00,16,10,5,0,0,2,14,4,10,17,7,0,0,8.580747,2.876984,8.750832,0.31,0.0,0.62,0.788318,0.522242,0
user_69937,2022-10-12 04:57:00,20,14,9,0,3,3,1,17,10,10,15,2,0,5.556858,3.93268,5.310618,0.45,0.0,0.7,0.585899,0.426832,0
user_69938,2022-10-28 10:51:00,19,8,5,0,1,0,4,4,11,6,14,4,0,4.361385,5.929802,2.806324,0.26,0.0,0.42,0.407968,0.762917,0
user_69939,2022-09-22 05:16:00,25,9,5,2,4,2,12,18,3,4,1,3,0,3.094554,6.083441,8.161343,0.2,0.4,0.36,0.732675,0.389397,0
user_69940,2022-09-27 08:53:00,17,11,8,0,3,3,12,15,6,2,7,1,0,5.853988,5.436796,4.05648,0.47,0.0,0.65,0.641042,0.979524,0
user_69941,2022-10-01 16:57:00,24,7,2,0,1,0,12,12,4,13,11,5,1,6.55101,4.535558,9.314123,0.08,0.0,0.29,0.810712,0.586166,0
user_69942,2022-10-25 20:39:00,19,9,8,1,1,2,9,20,9,20,8,1,0,1.641628,2.007619,3.871289,0.42,0.12,0.47,0.528137,0.914951,0
user_69943,2022-09-19 12:02:00,22,11,9,0,2,1,13,5,6,0,20,0,0,2.659465,0.139494,5.981218,0.41,0.0,0.5,0.525092,0.420868,1
user_69944,2022-10-02 11:33:00,17,10,7,0,2,1,15,9,6,0,18,6,1,6.561862,3.206831,2.978505,0.41,0.0,0.59,0.633793,0.34174,0
user_69945,2022-10-01 22:56:00,16,12,10,1,0,2,1,17,2,13,1,5,1,4.137759,4.008871,4.722801,0.62,0.1,0.75,0.536214,0.784105,0
user_69946,2022-09-17 18:51:00,19,7,10,1,1,1,9,14,2,17,3,5,1,7.460227,5.550136,2.85383,0.53,0.1,0.37,0.888615,0.425079,0
user_69947,2022-10-12 03:34:00,24,10,7,1,1,1,16,5,3,16,3,2,0,3.427743,2.600373,11.04038,0.29,0.14,0.42,0.53386,0.527355,0
user_69948,2022-09-12 15:38:00,16,6,5,1,1,0,17,11,19,13,20,0,0,1.239106,1.521406,6.454013,0.31,0.2,0.38,0.716176,0.343717,1
user_69949,2022-10-28 03:36:00,24,10,8,0,2,0,14,9,20,12,13,4,0,0.654373,2.828843,2.496606,0.33,0.0,0.42,0.683529,0.873902,0
user_69950,2022-09-10 16:17:00,18,8,5,1,1,0,9,5,15,5,14,5,1,1.387505,8.369027,4.514069,0.28,0.2,0.44,0.431332,0.46586,0
user_69951,2022-10-06 15:16:00,22,5,14,0,2,2,19,6,2,1,9,3,0,2.856426,0.151642,8.741512,0.64,0.0,0.23,0.717961,0.883095,0
user_69952,2022-10-29 21:50:00,10,5,11,0,2,1,11,14,13,6,17,5,1,0.987195,2.718405,10.191802,1.1,0.0,0.5,0.537639,0.918195,0
user_69953,2022-10-01 17:36:00,26,12,8,2,4,3,15,3,14,16,5,5,1,7.044412,7.822378,7.389791,0.31,0.25,0.46,0.557345,0.951908,0
user_69954,2022-09-29 21:08:00,17,9,5,1,0,3,7,7,18,15,2,3,0,3.232565,4.048083,10.662287,0.29,0.2,0.53,0.682371,0.7489,0
user_69955,2022-09-18 02:39:00,20,5,6,0,3,1,13,14,14,2,20,6,1,1.468714,3.072126,10.193423,0.3,0.0,0.25,0.806856,0.563905,1
user_69956,2022-09-04 15:47:00,21,16,6,0,2,1,14,20,17,13,12,6,1,3.622011,1.66149,9.161772,0.29,0.0,0.76,0.325578,0.526628,0
user_69957,2022-10-15 17:33:00,24,9,7,0,4,1,0,20,10,18,16,5,1,8.323582,7.420543,7.471874,0.29,0.0,0.38,0.419299,0.616788,0
user_69958,2022-09-20 09:57:00,15,18,6,0,0,0,11,17,0,16,20,1,0,9.191922,0.818074,4.699833,0.4,0.0,1.2,0.677574,0.520047,1
user_69959,2022-09-16 10:49:00,17,6,12,1,2,1,4,13,12,0,10,4,0,4.584254,4.503997,6.865724,0.71,0.08,0.35,0.815441,0.374881,0
user_69960,2022-10-13 12:03:00,6,10,8,0,0,1,7,7,8,3,19,3,0,4.348337,4.734769,10.362146,1.33,0.0,1.67,0.357871,0.366035,1
user_69961,2022-10-11 10:11:00,15,17,5,1,3,2,20,12,9,7,19,1,0,9.047678,4.226122,6.399785,0.33,0.2,1.13,0.368636,0.487498,1
user_69962,2022-09-22 17:40:00,26,10,8,1,5,1,6,13,18,14,10,3,0,8.131677,2.34349,5.861351,0.31,0.12,0.38,0.31949,0.446321,0
user_69963,2022-10-20 22:11:00,28,4,3,0,1,0,14,12,20,1,0,3,0,5.8868,2.767935,3.441099,0.11,0.0,0.14,0.599,0.713233,0
user_69964,2022-09-19 22:07:00,27,5,6,1,3,1,17,16,19,0,8,0,0,5.2468,1.717394,4.294298,0.22,0.17,0.19,0.597076,0.4091,0
user_69965,2022-09-13 15:17:00,14,12,8,1,1,2,3,14,6,10,2,1,0,3.566658,5.901335,8.168,0.57,0.12,0.86,0.609149,0.958879,0
user_69966,2022-10-24 23:01:00,17,12,6,0,5,1,11,1,8,16,3,0,0,7.558426,5.348522,8.304994,0.35,0.0,0.71,0.464051,0.531771,0
user_69967,2022-10-14 10:11:00,15,9,9,0,1,2,12,0,2,6,10,4,0,0.319505,4.865625,2.566538,0.6,0.0,0.6,0.891949,0.694828,0
user_69968,2022-09-15 21:37:00,21,13,8,0,3,0,18,11,4,10,18,3,0,0.670981,2.591843,8.547962,0.38,0.0,0.62,0.536961,0.994443,0
user_69969,2022-09-06 12:48:00,23,6,9,0,3,1,12,9,6,17,10,1,0,4.684561,1.86527,1.38464,0.39,0.0,0.26,0.36727,0.46058,0
user_69970,2022-10-20 23:27:00,15,7,8,0,2,3,20,17,1,15,18,3,0,0.722434,2.373459,6.778863,0.53,0.0,0.47,0.379653,0.972757,0
user_69971,2022-09-24 19:39:00,12,11,8,1,2,2,5,16,17,12,11,5,1,6.130088,0.885995,3.10867,0.67,0.12,0.92,0.596764,0.567241,0
user_69972,2022-10-11 13:36:00,15,20,6,0,3,1,11,6,9,6,14,1,0,5.41452,5.756457,8.863051,0.4,0.0,1.33,0.954732,0.523394,0
user_69973,2022-09-28 06:57:00,14,13,6,1,4,2,10,12,17,1,3,2,0,6.035827,4.510239,5.443008,0.43,0.17,0.93,0.379599,0.531855,0
user_69974,2022-09-07 00:41:00,18,11,10,1,1,3,5,16,18,4,20,2,0,5.995937,3.955557,9.452915,0.56,0.1,0.61,0.32665,0.623723,1
user_69975,2022-09-20 09:35:00,19,8,8,1,3,3,12,4,3,3,5,1,0,2.087968,1.367401,6.239377,0.42,0.12,0.42,0.84387,0.319035,0
user_69976,2022-09-19 06:13:00,23,19,6,1,1,3,20,4,1,19,19,0,0,3.035959,4.8576,7.133988,0.26,0.17,0.83,0.977034,0.546023,1
user_69977,2022-10-19 20:23:00,24,9,6,0,3,2,17,20,11,15,16,2,0,10.438505,5.559057,5.110211,0.25,0.0,0.38,0.757235,0.592307,0
user_69978,2022-10-13 04:11:00,16,10,2,0,1,0,7,1,17,15,1,3,0,3.910092,6.760928,8.94578,0.12,0.0,0.62,0.958035,0.813743,0
user_69979,2022-09-05 04:04:00,14,8,7,0,0,2,5,19,1,8,18,0,0,4.811651,2.322052,6.571255,0.5,0.0,0.57,0.68189,0.76062,0
user_69980,2022-10-20 17:12:00,24,8,9,1,3,4,11,13,14,8,18,3,0,5.454182,11.396661,5.127102,0.38,0.11,0.33,0.438086,0.646323,0
user_69981,2022-09-11 04:56:00,15,5,4,0,1,2,0,18,14,1,7,6,1,3.703522,2.758819,6.811556,0.27,0.0,0.33,0.53888,0.918577,0
user_69982,2022-10-05 18:09:00,21,6,10,1,2,2,13,18,13,8,19,2,0,3.74519,3.372274,8.360563,0.48,0.1,0.29,0.616062,0.859878,1
user_69983,2022-10-29 13:13:00,28,10,11,0,3,1,7,12,9,3,11,5,1,9.916654,0.429796,5.730445,0.39,0.0,0.36,0.378363,0.904661,0
user_69984,2022-10-06 08:13:00,16,10,10,1,1,2,5,12,9,5,9,3,0,6.428878,6.079847,1.995644,0.62,0.1,0.62,0.655593,0.624422,0
user_69985,2022-10-22 22:56:00,26,12,9,1,1,3,13,6,13,9,1,5,1,0.519686,4.511843,5.106382,0.35,0.11,0.46,0.595357,0.545629,0
user_69986,2022-10-16 07:31:00,20,15,4,0,0,1,14,6,7,16,5,6,1,3.326195,2.257472,10.838335,0.2,0.0,0.75,0.40845,0.584822,0
user_69987,2022-10-06 13:56:00,24,13,8,2,3,1,8,11,10,5,4,3,0,4.545798,2.978808,5.718317,0.33,0.25,0.54,0.325032,0.406238,0
user_69988,2022-10-30 02:58:00,18,9,4,0,2,0,12,18,15,12,9,6,1,3.595435,10.018122,9.601861,0.22,0.0,0.5,0.826691,0.559048,0
user_69989,2022-09-03 09:28:00,18,7,4,1,4,1,7,1,5,20,14,5,1,8.975008,4.84616,6.523344,0.22,0.25,0.39,0.598661,0.692872,0
user_69990,2022-10-20 08:19:00,15,10,4,1,1,1,12,20,8,8,10,3,0,5.94654,5.749326,7.504745,0.27,0.25,0.67,0.689026,0.569055,0
user_69991,2022-10-29 05:58:00,26,11,8,0,2,1,4,12,15,2,7,5,1,6.380733,4.228969,7.395698,0.31,0.0,0.42,0.335993,0.57318,0
user_69992,2022-09-02 03:03:00,19,9,7,0,1,4,18,20,14,9,10,4,0,2.420418,8.951592,5.536181,0.37,0.0,0.47,0.44621,0.926329,0
user_69993,2022-09-24 19:49:00,13,7,9,1,1,1,18,1,1,4,15,5,1,2.070478,4.997923,7.650103,0.69,0.11,0.54,0.574802,0.876556,0
user_69994,2022-10-15 15:03:00,14,10,5,0,0,1,12,5,1,18,12,5,1,6.283968,6.573404,8.567124,0.36,0.0,0.71,0.428464,0.593151,0
user_69995,2022-10-19 14:24:00,20,10,3,1,1,0,2,11,6,14,9,2,0,4.516787,5.699689,8.779924,0.15,0.33,0.5,0.667585,0.944587,0
user_69996,2022-10-16 02:44:00,24,10,12,0,1,2,9,7,8,18,12,6,1,5.016751,2.674016,8.797482,0.5,0.0,0.42,0.65329,0.550361,0
user_69997,2022-10-21 11:13:00,20,16,7,1,1,1,20,20,9,1,0,4,0,1.514061,3.20195,4.594337,0.35,0.14,0.8,0.444171,0.91164,0
user_69998,2022-10-23 22:36:00,11,10,9,0,3,1,6,16,7,14,8,6,1,4.627867,6.38725,3.750719,0.82,0.0,0.91,0.757613,0.564464,0
user_69999,2022-09-07 23:53:00,22,12,9,1,5,2,14,18,10,16,13,2,0,9.104489,11.123774,6.853442,0.41,0.11,0.55,0.542227,0.699479,0
user_70000,2022-09-30 13:43:00,21,11,10,1,4,1,4,17,5,8,11,4,0,7.976695,4.140092,6.571564,0.48,0.1,0.52,0.377047,0.702181,0
user_70001,2022-09-14 12:58:00,18,9,9,0,1,2,8,20,5,15,6,2,0,11.505121,2.315151,5.681833,0.5,0.0,0.5,0.496508,0.932328,0
user_70002,2022-10-03 18:35:00,26,15,8,2,2,1,20,6,11,20,11,0,0,9.324722,0.310733,7.899381,0.31,0.25,0.58,0.686924,0.657046,0
user_70003,2022-09-12 17:55:00,21,7,8,1,4,3,0,15,8,7,18,0,0,8.792249,9.83989,7.401584,0.38,0.12,0.33,0.525027,0.545168,0
user_70004,2022-10-14 13:14:00,13,12,2,2,0,2,9,19,2,1,13,4,0,4.627795,10.087094,2.456771,0.15,1.0,0.92,0.954754,0.851686,0
user_70005,2022-10-21 15:07:00,21,11,11,0,4,1,11,7,6,19,5,4,0,10.983679,2.857582,5.920377,0.52,0.0,0.52,0.96693,0.760471,0
user_70006,2022-10-13 13:41:00,23,13,7,1,0,2,4,2,18,4,9,3,0,4.786294,13.39158,5.186534,0.3,0.14,0.57,0.350635,0.476791,0
user_70007,2022-09-26 11:42:00,21,7,7,0,2,0,14,8,7,16,16,0,0,4.469456,5.077726,9.865197,0.33,0.0,0.33,0.631523,0.489391,0
user_70008,2022-09-03 12:53:00,17,9,5,1,0,0,18,19,14,0,16,5,1,1.737155,5.292175,7.578011,0.29,0.2,0.53,0.436859,0.446421,0
user_70009,2022-10-19 21:34:00,25,12,11,1,4,1,2,11,5,5,19,2,0,1.595521,5.832025,10.339351,0.44,0.09,0.48,0.842885,0.749976,1
user_70010,2022-09-23 15:31:00,28,14,4,0,3,0,16,15,2,19,12,4,0,1.26971,3.110966,9.908082,0.14,0.0,0.5,0.316178,0.668184,0
user_70011,2022-09-02 18:41:00,14,5,3,0,1,1,0,10,15,5,13,4,0,3.157176,6.091603,13.330585,0.21,0.0,0.36,0.617559,0.822858,0
user_70012,2022-10-16 06:29:00,25,6,5,1,2,2,9,19,3,14,13,6,1,8.23484,5.813587,2.914523,0.2,0.2,0.24,0.996445,0.594993,0
user_70013,2022-10-17 10:17:00,21,13,9,1,1,3,1,4,17,0,7,0,0,4.324471,8.957173,6.088247,0.43,0.11,0.62,0.68849,0.821783,0
user_70014,2022-09-18 23:01:00,14,10,8,1,2,3,5,9,13,1,0,6,1,5.695533,2.578359,4.358933,0.57,0.12,0.71,0.45816,0.826515,0
user_70015,2022-10-26 06:59:00,14,13,8,0,0,3,14,2,5,3,15,2,0,4.276732,10.053294,7.335457,0.57,0.0,0.93,0.520261,0.816878,0
user_70016,2022-10-03 02:39:00,16,9,10,1,3,1,12,17,14,13,20,0,0,7.262701,7.871257,4.612829,0.62,0.1,0.56,0.566129,0.594874,1
user_70017,2022-09-10 21:14:00,14,7,6,1,1,1,2,12,0,7,15,5,1,3.151872,6.368411,6.410451,0.43,0.17,0.5,0.559888,0.544707,0
user_70018,2022-09-27 01:47:00,17,7,5,1,2,1,11,20,9,11,3,1,0,7.941528,5.660525,12.083087,0.29,0.2,0.41,0.898532,0.53387,0
user_70019,2022-09-13 21:56:00,23,4,4,0,3,3,4,10,11,17,7,1,0,5.749166,6.06822,4.006535,0.17,0.0,0.17,0.855867,0.592804,0
user_70020,2022-09-07 07:31:00,15,8,9,0,1,0,8,0,11,9,4,2,0,7.040067,9.631122,10.41951,0.6,0.0,0.53,0.325156,0.991895,0
user_70021,2022-09-08 01:36:00,15,11,10,0,1,1,17,8,1,20,18,3,0,6.680794,4.305866,7.761734,0.67,0.0,0.73,0.402352,0.914915,0
user_70022,2022-10-29 14:04:00,25,11,10,0,1,1,11,15,17,18,5,5,1,11.161643,8.164908,9.042443,0.4,0.0,0.44,0.838847,0.647096,0
user_70023,2022-10-15 14:57:00,10,10,4,2,1,0,8,20,3,11,17,5,1,7.109054,3.195659,3.708156,0.4,0.5,1.0,0.407701,0.573543,0
user_70024,2022-10-26 14:58:00,18,15,6,2,3,0,17,6,3,0,19,2,0,3.658143,2.722564,17.543123,0.33,0.33,0.83,0.477346,0.523014,1
user_70025,2022-10-30 18:38:00,28,16,8,0,2,1,8,4,5,8,1,6,1,7.852475,4.369382,7.072293,0.29,0.0,0.57,0.740033,0.846815,0
user_70026,2022-10-07 10:08:00,15,15,6,0,0,3,10,4,20,8,10,4,0,0.80474,1.831941,7.407678,0.4,0.0,1.0,0.337491,0.490616,0
user_70027,2022-10-30 20:14:00,18,11,6,3,2,1,2,16,2,4,14,6,1,6.824925,3.289566,10.154345,0.33,0.5,0.61,0.774248,0.925028,0
user_70028,2022-10-01 00:24:00,8,14,13,1,1,1,6,13,18,17,7,5,1,4.301274,2.526466,5.15854,1.62,0.08,1.75,0.47907,0.958526,0
user_70029,2022-10-28 02:23:00,21,8,7,0,3,1,2,10,5,4,17,4,0,5.40944,4.393379,5.451612,0.33,0.0,0.38,0.635318,0.637538,0
user_70030,2022-09-23 06:36:00,23,11,10,1,3,3,12,17,18,1,14,4,0,0.891835,0.753938,6.792878,0.43,0.1,0.48,0.707693,0.822833,0
user_70031,2022-09-28 01:38:00,14,9,9,1,0,1,0,5,14,6,5,2,0,1.555706,4.000744,2.257687,0.64,0.11,0.64,0.582027,0.626038,0
user_70032,2022-10-21 08:37:00,18,6,6,2,1,0,19,12,9,20,7,4,0,3.242393,10.334629,8.001054,0.33,0.33,0.33,0.409432,0.781042,0
user_70033,2022-09-24 18:20:00,25,11,4,0,1,1,5,1,9,18,12,5,1,9.864214,10.133814,10.7682,0.16,0.0,0.44,0.870251,0.507448,0
user_70034,2022-09-30 19:47:00,11,13,14,1,1,2,11,15,19,7,20,4,0,7.140971,5.138983,2.898552,1.27,0.07,1.18,0.721019,0.39088,1
user_70035,2022-09-10 04:08:00,25,4,8,1,3,2,4,9,5,7,18,5,1,1.666059,7.196897,10.629076,0.32,0.12,0.16,0.361264,0.496,0
user_70036,2022-10-07 11:20:00,22,12,8,1,2,1,0,8,7,14,7,4,0,0.740941,8.569822,8.404077,0.36,0.12,0.55,0.592355,0.403473,0
user_70037,2022-10-12 07:48:00,21,9,7,0,1,3,4,14,15,16,14,2,0,6.224364,2.05005,9.635325,0.33,0.0,0.43,0.503744,0.338637,0
user_70038,2022-09-04 22:44:00,21,11,9,1,3,2,16,11,3,5,6,6,1,6.409336,6.158303,4.040658,0.43,0.11,0.52,0.408141,0.610387,0
user_70039,2022-10-01 15:43:00,18,12,8,0,1,3,0,15,18,10,12,5,1,2.809888,5.974004,10.598725,0.44,0.0,0.67,0.412091,0.945223,0
user_70040,2022-09-10 11:02:00,12,17,6,1,0,1,2,5,8,16,7,5,1,7.671836,7.696062,12.164609,0.5,0.17,1.42,0.429509,0.303159,0
user_70041,2022-10-19 07:31:00,19,9,9,0,2,1,0,6,13,3,5,2,0,1.845127,8.968693,3.526301,0.47,0.0,0.47,0.980545,0.566293,0
user_70042,2022-09-05 18:19:00,17,8,6,0,4,2,17,0,2,9,14,0,0,5.637202,0.083747,3.768125,0.35,0.0,0.47,0.595727,0.584656,0
user_70043,2022-10-28 22:54:00,14,16,4,0,2,0,12,5,20,0,9,4,0,4.404324,1.288906,4.69387,0.29,0.0,1.14,0.582595,0.958391,0
user_70044,2022-10-04 22:47:00,18,10,10,0,2,4,11,7,5,17,11,1,0,0.635346,1.40826,2.605536,0.56,0.0,0.56,0.475454,0.648409,0
user_70045,2022-10-07 23:14:00,19,7,9,0,3,1,14,0,19,13,13,4,0,5.521612,4.907024,9.252624,0.47,0.0,0.37,0.87746,0.655182,0
user_70046,2022-10-11 10:04:00,19,9,9,0,2,5,2,10,14,3,5,1,0,2.64096,2.572699,2.741218,0.47,0.0,0.47,0.568702,0.413774,0
user_70047,2022-10-30 02:38:00,18,6,4,0,3,1,11,3,16,18,8,6,1,1.344522,7.422603,8.114057,0.22,0.0,0.33,0.329846,0.881217,0
user_70048,2022-10-22 19:02:00,17,9,12,1,2,2,0,7,0,19,20,5,1,2.879394,6.034132,3.98326,0.71,0.08,0.53,0.983449,0.958969,1
user_70049,2022-09-21 12:05:00,19,9,10,1,2,1,20,20,8,2,13,2,0,5.879507,3.1613,3.743518,0.53,0.1,0.47,0.762247,0.394677,0
user_70050,2022-09-10 01:02:00,13,13,2,1,0,1,2,1,18,10,12,5,1,8.359792,6.828812,1.17494,0.15,0.5,1.0,0.322418,0.882714,0
user_70051,2022-10-14 10:10:00,17,10,3,1,2,1,15,2,9,18,15,4,0,6.230307,4.747474,8.238711,0.18,0.33,0.59,0.545064,0.814806,0
user_70052,2022-10-10 23:27:00,18,7,6,1,2,2,6,3,11,9,19,0,0,9.765078,5.064529,10.397196,0.33,0.17,0.39,0.373356,0.884333,1
user_70053,2022-09-29 03:33:00,22,9,14,0,1,3,0,17,13,4,3,3,0,3.256895,2.923399,8.207009,0.64,0.0,0.41,0.894851,0.377875,0
user_70054,2022-10-22 07:46:00,11,4,8,1,2,1,10,0,14,5,2,5,1,1.976925,8.411146,10.692162,0.73,0.12,0.36,0.412271,0.412862,0
user_70055,2022-10-25 08:49:00,20,7,7,1,3,3,17,19,20,20,1,1,0,8.661622,6.202753,4.375016,0.35,0.14,0.35,0.556316,0.406221,0
user_70056,2022-10-05 05:17:00,23,9,9,0,5,4,11,2,14,2,1,2,0,9.958441,4.980066,12.062685,0.39,0.0,0.39,0.578879,0.838893,0
user_70057,2022-09-28 12:45:00,20,7,10,1,1,2,7,4,7,11,19,2,0,8.081299,8.594225,9.640685,0.5,0.1,0.35,0.871179,0.435644,1
user_70058,2022-09-21 09:56:00,24,11,10,0,1,3,3,4,18,6,9,2,0,9.56743,0.297743,10.0594,0.42,0.0,0.46,0.363401,0.57515,0
user_70059,2022-10-22 15:34:00,22,10,11,0,1,5,16,5,10,11,5,5,1,4.354506,5.108819,5.117741,0.5,0.0,0.45,0.484924,0.426468,0
user_70060,2022-10-10 22:48:00,30,8,5,0,2,1,15,20,16,0,8,0,0,13.209216,2.300824,5.718847,0.17,0.0,0.27,0.683032,0.419096,0
user_70061,2022-09-24 04:07:00,21,8,15,2,3,4,3,20,20,19,5,5,1,9.588978,2.234657,9.825111,0.71,0.13,0.38,0.987328,0.845536,0
user_70062,2022-09-23 03:06:00,23,6,11,0,2,3,18,6,5,19,13,4,0,4.919536,7.592196,9.981522,0.48,0.0,0.26,0.321523,0.330553,0
user_70063,2022-09-02 05:28:00,20,14,9,1,0,3,6,12,6,15,12,4,0,11.890579,3.441043,9.641291,0.45,0.11,0.7,0.899355,0.6331,0
user_70064,2022-10-09 23:04:00,17,11,7,2,1,5,20,12,16,7,10,6,1,10.310143,4.06656,10.664583,0.41,0.29,0.65,0.858184,0.808488,0
user_70065,2022-10-21 02:17:00,27,7,6,1,4,3,11,0,9,9,9,4,0,5.299389,10.069124,8.834588,0.22,0.17,0.26,0.644237,0.327733,0
user_70066,2022-09-19 18:05:00,27,9,3,1,3,2,4,7,16,18,14,0,0,7.538547,0.257011,3.916687,0.11,0.33,0.33,0.384933,0.674784,0
user_70067,2022-09-06 06:08:00,20,11,9,0,5,0,18,7,14,14,19,1,0,9.537559,5.112709,2.484871,0.45,0.0,0.55,0.384266,0.336789,1
user_70068,2022-10-12 15:43:00,20,15,9,0,1,1,19,9,18,17,19,2,0,10.819972,5.365198,4.627467,0.45,0.0,0.75,0.866771,0.321769,1
user_70069,2022-10-25 20:47:00,19,5,7,0,4,1,19,4,16,4,6,1,0,2.195538,2.343322,4.735608,0.37,0.0,0.26,0.907451,0.556268,0
user_70070,2022-10-19 05:11:00,12,16,9,1,1,3,19,6,7,11,13,2,0,5.335176,1.234639,6.532566,0.75,0.11,1.33,0.797584,0.6762,0
user_70071,2022-10-08 02:54:00,13,12,8,0,1,1,18,7,17,12,18,5,1,6.582274,0.734178,2.262624,0.62,0.0,0.92,0.409746,0.547086,0
user_70072,2022-09-29 17:44:00,19,8,5,0,5,1,5,2,17,6,1,3,0,7.818496,5.628462,6.864434,0.26,0.0,0.42,0.50777,0.374122,0
user_70073,2022-10-17 15:26:00,16,10,10,0,1,2,14,0,1,7,17,0,0,7.690468,2.791755,6.878674,0.62,0.0,0.62,0.565395,0.882371,0
user_70074,2022-09-30 16:06:00,20,13,13,1,3,2,13,20,12,17,11,4,0,6.49732,6.575257,5.20519,0.65,0.08,0.65,0.592938,0.719148,0
user_70075,2022-09-22 18:03:00,14,9,5,0,3,1,20,3,14,5,12,3,0,5.423089,14.776988,0.482103,0.36,0.0,0.64,0.400121,0.539268,0
user_70076,2022-10-01 18:56:00,19,12,8,0,5,2,5,19,10,8,18,5,1,3.354214,0.005351,3.779128,0.42,0.0,0.63,0.628095,0.475481,0
user_70077,2022-10-10 21:23:00,29,10,7,1,4,3,9,0,12,9,13,0,0,0.735275,2.823164,6.868666,0.24,0.14,0.34,0.912007,0.796553,0
user_70078,2022-09-12 01:53:00,16,6,10,1,1,3,10,10,13,17,13,0,0,3.277037,5.759439,3.550808,0.62,0.1,0.38,0.659644,0.614029,0
user_70079,2022-09-19 13:02:00,21,9,12,0,1,2,7,1,5,5,20,0,0,10.658162,0.025502,10.868219,0.57,0.0,0.43,0.542884,0.89141,1
user_70080,2022-10-17 12:21:00,20,10,13,1,0,4,12,2,10,15,18,0,0,6.112308,3.43697,9.035557,0.65,0.08,0.5,0.851624,0.408276,0
user_70081,2022-09-01 01:41:00,19,11,5,1,1,0,13,9,13,14,20,3,0,3.261191,8.166156,10.482816,0.26,0.2,0.58,0.612474,0.356311,1
user_70082,2022-09-23 00:31:00,16,12,10,0,2,1,17,13,14,20,5,4,0,4.536123,2.954273,4.626707,0.62,0.0,0.75,0.596701,0.881474,0
user_70083,2022-10-16 09:34:00,24,10,12,1,1,1,3,16,8,12,16,6,1,7.674132,0.086482,5.548299,0.5,0.08,0.42,0.7973,0.878328,0
user_70084,2022-10-01 17:31:00,17,16,7,1,3,2,4,13,15,1,0,5,1,5.302297,2.207698,9.491444,0.41,0.14,0.94,0.459522,0.604028,0
user_70085,2022-09-01 07:14:00,21,5,6,1,0,1,3,1,9,17,1,3,0,5.609526,7.012767,5.398751,0.29,0.17,0.24,0.337933,0.832325,0
user_70086,2022-09-01 13:55:00,17,16,4,1,3,1,7,20,17,15,5,3,0,4.04605,0.393312,6.97733,0.24,0.25,0.94,0.759821,0.672603,0
user_70087,2022-09-29 07:08:00,24,10,11,1,1,3,3,11,19,16,12,3,0,9.260874,2.213095,9.843157,0.46,0.09,0.42,0.844125,0.988656,0
user_70088,2022-09-02 17:47:00,13,8,8,0,5,3,14,4,1,14,16,4,0,5.895566,2.476809,14.785474,0.62,0.0,0.62,0.619679,0.876717,0
user_70089,2022-09-02 10:27:00,20,10,12,0,1,6,3,6,3,6,2,4,0,5.199702,6.886872,9.983066,0.6,0.0,0.5,0.811994,0.680956,0
user_70090,2022-10-08 14:44:00,11,15,9,1,0,2,9,13,15,20,20,5,1,8.03498,1.014686,10.215258,0.82,0.11,1.36,0.334257,0.927183,1
user_70091,2022-09-09 19:15:00,18,11,4,1,3,2,4,8,13,17,15,4,0,3.828281,4.43233,11.976461,0.22,0.25,0.61,0.733231,0.867869,0
user_70092,2022-10-14 00:21:00,17,8,10,0,2,1,1,9,18,14,13,4,0,5.887148,7.914196,2.800613,0.59,0.0,0.47,0.554512,0.840104,0
user_70093,2022-10-01 00:47:00,24,8,12,2,5,1,10,14,0,18,7,5,1,9.807554,5.20361,8.004306,0.5,0.17,0.33,0.417846,0.817935,0
user_70094,2022-09-10 03:34:00,19,5,16,1,2,4,6,20,2,3,14,5,1,7.235572,8.41489,0.842561,0.84,0.06,0.26,0.662966,0.462296,0
user_70095,2022-09-29 10:15:00,16,11,7,0,1,2,12,1,9,9,4,3,0,3.901984,7.384473,1.853403,0.44,0.0,0.69,0.567857,0.69219,0
user_70096,2022-09-23 04:16:00,30,11,4,1,3,0,14,2,2,12,14,4,0,4.082991,5.132662,10.971418,0.13,0.25,0.37,0.673333,0.39154,0
user_70097,2022-09-27 03:11:00,17,9,14,1,3,3,8,16,10,19,9,1,0,3.867095,0.342767,8.978611,0.82,0.07,0.53,0.738924,0.931947,0
user_70098,2022-09-26 22:49:00,22,11,3,1,4,0,17,10,14,13,6,0,0,4.491499,1.447302,3.257162,0.14,0.33,0.5,0.687236,0.79425,0
user_70099,2022-09-22 16:52:00,30,10,8,0,5,1,6,18,13,4,0,3,0,0.224063,3.353993,9.495087,0.27,0.0,0.33,0.635762,0.624381,0
user_70100,2022-09-27 22:33:00,17,11,15,0,1,4,1,9,18,12,0,1,0,0.218997,6.799677,8.118692,0.88,0.0,0.65,0.590245,0.97927,0
user_70101,2022-10-18 07:50:00,19,12,7,2,1,1,1,18,8,15,4,1,0,2.071937,5.625753,8.501656,0.37,0.29,0.63,0.512629,0.791381,0
user_70102,2022-10-09 16:23:00,20,8,7,1,1,3,13,13,6,14,2,6,1,4.382906,3.966862,8.690167,0.35,0.14,0.4,0.398499,0.976398,0
user_70103,2022-10-26 03:16:00,24,11,3,0,1,2,9,4,10,20,15,2,0,5.845096,6.19468,6.750049,0.12,0.0,0.46,0.342363,0.589224,0
user_70104,2022-09-01 10:16:00,25,9,11,2,0,2,14,18,15,11,7,3,0,3.991871,9.551539,7.888723,0.44,0.18,0.36,0.35809,0.399356,0
user_70105,2022-10-10 23:54:00,15,12,6,1,3,0,10,16,16,0,14,0,0,5.069131,6.284507,11.70425,0.4,0.17,0.8,0.330472,0.749102,0
user_70106,2022-10-22 16:07:00,14,14,9,0,2,1,10,10,11,19,11,5,1,7.824128,6.805211,10.63181,0.64,0.0,1.0,0.495416,0.334252,0
user_70107,2022-09-23 10:43:00,20,16,11,2,3,3,6,9,1,16,15,4,0,4.149141,5.840135,7.501175,0.55,0.18,0.8,0.445828,0.650142,0
user_70108,2022-10-09 11:46:00,19,11,7,2,4,1,15,7,16,15,8,6,1,7.557742,5.334362,15.692031,0.37,0.29,0.58,0.969217,0.401092,0
user_70109,2022-10-23 09:26:00,20,7,4,1,2,0,4,1,20,18,10,6,1,0.844991,2.076283,10.358701,0.2,0.25,0.35,0.46024,0.527236,0
user_70110,2022-09-16 21:21:00,16,14,10,0,3,1,12,20,19,1,14,4,0,6.445456,3.128964,1.771255,0.62,0.0,0.88,0.856187,0.848368,0
user_70111,2022-10-11 13:44:00,29,10,3,0,5,0,17,11,17,20,2,1,0,3.29691,6.982118,5.685045,0.1,0.0,0.34,0.967595,0.518806,0
user_70112,2022-09-21 16:38:00,20,5,3,1,1,0,2,7,6,4,13,2,0,3.475937,5.005898,8.290783,0.15,0.33,0.25,0.527569,0.421102,0
user_70113,2022-10-16 13:06:00,26,13,9,0,0,0,14,13,2,16,9,6,1,9.447353,1.562739,7.14133,0.35,0.0,0.5,0.531758,0.604993,0
user_70114,2022-10-24 21:12:00,19,7,6,0,2,1,7,2,0,18,10,0,0,7.545468,3.715084,3.473808,0.32,0.0,0.37,0.675438,0.487845,0
user_70115,2022-09-07 08:53:00,18,13,8,1,2,3,20,6,6,13,17,2,0,1.097444,8.600132,3.917824,0.44,0.12,0.72,0.620704,0.586094,0
user_70116,2022-09-25 06:21:00,24,10,3,0,2,0,8,5,0,14,9,6,1,8.234847,6.01552,4.792209,0.12,0.0,0.42,0.647043,0.69374,0
user_70117,2022-09-17 16:18:00,16,13,7,0,0,3,4,16,1,17,1,5,1,7.240798,12.604011,11.731131,0.44,0.0,0.81,0.641874,0.783302,0
user_70118,2022-09-05 08:56:00,26,12,10,0,0,2,0,0,5,6,6,0,0,6.513771,3.237673,6.781119,0.38,0.0,0.46,0.524682,0.655174,0
user_70119,2022-10-13 12:43:00,20,10,9,1,1,1,17,19,13,2,5,3,0,5.955384,6.655312,7.106932,0.45,0.11,0.5,0.531743,0.877565,0
user_70120,2022-10-03 22:36:00,19,17,12,0,4,4,4,1,9,3,8,0,0,6.389002,7.927858,7.583785,0.63,0.0,0.89,0.968146,0.614893,0
user_70121,2022-10-10 01:04:00,22,11,5,0,1,2,10,15,13,15,20,0,0,6.669461,3.812304,10.480836,0.23,0.0,0.5,0.326552,0.890389,1
user_70122,2022-10-27 10:06:00,18,14,10,1,3,5,19,3,5,9,18,3,0,2.478315,5.394648,6.320842,0.56,0.1,0.78,0.965791,0.794197,0
user_70123,2022-09-17 16:09:00,11,9,9,1,1,1,12,6,3,6,1,5,1,3.792463,5.495781,8.92471,0.82,0.11,0.82,0.371737,0.496816,0
user_70124,2022-09-09 04:19:00,26,16,6,0,3,0,15,13,0,6,11,4,0,2.445703,0.827027,8.297988,0.23,0.0,0.62,0.946752,0.676777,0
user_70125,2022-09-22 23:34:00,25,9,6,1,1,1,13,0,19,11,16,3,0,4.365648,3.579408,9.301509,0.24,0.17,0.36,0.430543,0.501666,0
user_70126,2022-10-17 01:51:00,24,11,10,1,1,5,11,17,3,4,18,0,0,3.442518,5.258574,8.818603,0.42,0.1,0.46,0.656917,0.791528,0
user_70127,2022-09-19 13:47:00,19,14,11,1,1,1,19,7,10,3,3,0,0,9.411735,9.161087,7.907138,0.58,0.09,0.74,0.711249,0.529072,0
user_70128,2022-10-13 21:22:00,20,13,11,1,2,2,8,14,12,9,15,3,0,4.22847,1.727338,3.801327,0.55,0.09,0.65,0.640864,0.940281,0
user_70129,2022-10-15 10:33:00,24,5,13,0,3,2,14,7,19,1,16,5,1,6.682338,2.689087,6.615392,0.54,0.0,0.21,0.394566,0.619847,0
user_70130,2022-10-09 17:40:00,23,12,6,0,0,1,6,1,12,9,8,6,1,7.368815,0.178099,8.041863,0.26,0.0,0.52,0.960111,0.646596,0
user_70131,2022-09-30 19:18:00,17,17,7,0,2,2,3,2,15,14,9,4,0,8.133038,1.039503,9.404006,0.41,0.0,1.0,0.679936,0.348197,0
user_70132,2022-09-02 11:04:00,25,10,7,0,6,1,11,16,11,6,10,4,0,5.69453,6.029191,3.735654,0.28,0.0,0.4,0.523596,0.730035,0
user_70133,2022-09-03 08:22:00,23,5,9,1,3,1,0,7,3,19,14,5,1,6.137626,6.789931,4.50178,0.39,0.11,0.22,0.558325,0.868145,0
user_70134,2022-10-03 04:13:00,15,7,11,0,1,1,7,8,2,6,10,0,0,0.984908,2.341583,9.138494,0.73,0.0,0.47,0.976311,0.634585,0
user_70135,2022-09-11 20:12:00,23,3,7,0,3,2,20,11,2,4,7,6,1,5.756027,2.673896,6.560369,0.3,0.0,0.13,0.721685,0.78008,0
user_70136,2022-10-29 12:17:00,29,6,4,0,2,0,12,10,20,0,2,5,1,7.721308,3.901669,3.699797,0.14,0.0,0.21,0.888793,0.918933,0
user_70137,2022-09-03 18:59:00,17,8,5,0,2,0,5,0,1,1,4,5,1,8.723425,3.8655,8.685359,0.29,0.0,0.47,0.515614,0.530644,0
user_70138,2022-09-08 02:07:00,17,11,9,0,0,3,16,4,17,20,13,3,0,3.760821,5.200343,8.139796,0.53,0.0,0.65,0.634019,0.852613,0
user_70139,2022-09-07 23:13:00,14,16,5,2,1,3,13,20,3,13,4,2,0,6.848693,7.931224,3.579513,0.36,0.4,1.14,0.547604,0.861791,0
user_70140,2022-09-21 12:03:00,14,8,9,1,1,1,8,18,1,0,17,2,0,5.575002,7.657671,6.384319,0.64,0.11,0.57,0.722363,0.466827,0
user_70141,2022-10-26 09:53:00,21,8,5,0,2,1,14,1,15,7,6,2,0,3.365422,0.549945,10.739771,0.24,0.0,0.38,0.759935,0.716858,0
user_70142,2022-09-23 02:35:00,20,11,9,1,3,2,1,13,0,6,7,4,0,6.379318,6.439616,5.254233,0.45,0.11,0.55,0.958501,0.430214,0
user_70143,2022-10-24 23:48:00,14,15,7,0,2,2,6,11,9,2,13,0,0,5.665129,1.192427,7.840592,0.5,0.0,1.07,0.731093,0.553733,0
user_70144,2022-10-19 09:05:00,28,18,12,1,4,1,9,18,16,14,13,2,0,5.262454,10.460913,9.856735,0.43,0.08,0.64,0.765048,0.698808,0
user_70145,2022-10-02 20:31:00,21,17,7,0,2,2,1,7,8,12,5,6,1,2.582634,7.4376,7.462766,0.33,0.0,0.81,0.330329,0.633083,0
user_70146,2022-09-09 06:03:00,26,9,7,1,2,0,1,4,11,19,7,4,0,5.840316,1.749831,5.244208,0.27,0.14,0.35,0.664872,0.414294,0
user_70147,2022-09-28 19:45:00,14,11,7,0,0,1,11,20,16,11,8,2,0,4.121843,4.872502,8.060456,0.5,0.0,0.79,0.766392,0.908089,0
user_70148,2022-09-21 05:05:00,26,10,15,0,4,5,18,12,17,18,6,2,0,7.66449,3.617217,6.381162,0.58,0.0,0.38,0.354387,0.396908,0
user_70149,2022-10-06 19:40:00,28,14,5,2,2,3,11,13,13,7,0,3,0,4.863477,5.937346,3.07214,0.18,0.4,0.5,0.870277,0.500497,0
user_70150,2022-10-17 15:41:00,19,9,5,1,0,2,8,9,7,12,14,0,0,3.510366,7.895999,7.90643,0.26,0.2,0.47,0.460187,0.983979,0
user_70151,2022-10-25 12:22:00,18,6,11,0,0,3,6,18,15,8,16,1,0,7.141166,10.253913,7.436653,0.61,0.0,0.33,0.359209,0.713615,0
user_70152,2022-10-23 12:50:00,17,11,9,2,2,3,7,15,3,17,5,6,1,5.124225,5.566715,5.865312,0.53,0.22,0.65,0.378375,0.554099,0
user_70153,2022-10-02 02:53:00,22,13,9,0,2,1,18,1,15,9,18,6,1,6.683612,0.899578,6.24665,0.41,0.0,0.59,0.940837,0.686251,0
user_70154,2022-10-20 22:21:00,14,11,9,2,0,1,17,15,20,12,4,3,0,8.601745,1.824569,6.940913,0.64,0.22,0.79,0.672239,0.769588,0
user_70155,2022-10-23 10:24:00,20,6,4,1,2,3,8,10,2,16,2,6,1,5.460828,6.002094,6.856686,0.2,0.25,0.3,0.996122,0.889554,0
user_70156,2022-10-25 14:19:00,24,5,5,0,1,1,15,20,14,6,13,1,0,6.041091,6.948243,12.532016,0.21,0.0,0.21,0.603886,0.966605,0
user_70157,2022-09-14 21:20:00,30,8,7,1,5,3,10,6,10,17,13,2,0,6.495488,0.695126,5.988475,0.23,0.14,0.27,0.706776,0.931009,0
user_70158,2022-09-25 12:47:00,27,11,6,1,3,0,17,4,4,14,14,6,1,4.219198,4.439838,7.558453,0.22,0.17,0.41,0.680729,0.717307,0
user_70159,2022-09-03 18:06:00,20,2,7,1,1,0,16,17,15,4,12,5,1,6.975327,9.642769,8.478115,0.35,0.14,0.1,0.481478,0.503704,0
user_70160,2022-09-10 17:50:00,27,10,4,0,1,1,5,6,7,16,10,5,1,5.599905,9.218096,9.642732,0.15,0.0,0.37,0.890655,0.958297,0
user_70161,2022-10-29 01:03:00,20,11,12,1,1,2,9,13,6,20,13,5,1,1.34581,6.43515,6.554188,0.6,0.08,0.55,0.802625,0.316483,0
user_70162,2022-10-16 19:03:00,18,9,5,0,2,1,9,13,20,1,1,6,1,1.932619,6.561335,5.271984,0.28,0.0,0.5,0.87925,0.572627,0
user_70163,2022-10-11 05:30:00,27,11,6,1,1,1,11,20,9,17,0,1,0,0.97825,4.564282,4.364152,0.22,0.17,0.41,0.828274,0.602587,0
user_70164,2022-10-04 16:21:00,14,9,7,1,0,2,20,4,9,7,11,1,0,0.518575,5.247343,7.076095,0.5,0.14,0.64,0.60397,0.449786,0
user_70165,2022-10-09 20:07:00,22,9,5,2,2,1,12,8,9,1,10,6,1,6.790761,1.121946,4.155015,0.23,0.4,0.41,0.477897,0.970304,0
user_70166,2022-09-04 17:48:00,13,11,6,0,0,0,20,9,0,8,8,6,1,8.164547,5.842301,9.135268,0.46,0.0,0.85,0.780087,0.341038,0
user_70167,2022-09-20 12:34:00,12,13,8,0,2,1,14,1,13,2,6,1,0,3.649503,5.590668,6.219901,0.67,0.0,1.08,0.85563,0.514776,0
user_70168,2022-09-04 06:39:00,18,7,9,1,4,0,11,18,16,6,19,6,1,6.607113,4.850042,6.764332,0.5,0.11,0.39,0.309254,0.553687,1
user_70169,2022-09-21 02:24:00,15,11,8,0,0,2,10,6,13,20,1,2,0,6.522244,2.27863,8.544327,0.53,0.0,0.73,0.341052,0.98011,0
user_70170,2022-09-08 13:46:00,16,8,5,0,1,1,20,9,15,6,10,3,0,3.598363,5.592312,9.101579,0.31,0.0,0.5,0.728792,0.915144,0
user_70171,2022-10-07 10:15:00,20,12,9,0,4,2,17,0,18,7,19,4,0,0.167157,4.652643,12.197508,0.45,0.0,0.6,0.671757,0.868987,1
user_70172,2022-10-28 06:22:00,35,6,6,1,2,1,19,9,20,0,14,4,0,5.876021,7.639968,2.805223,0.17,0.17,0.17,0.610162,0.7941,0
user_70173,2022-10-21 15:08:00,19,12,7,1,4,2,11,6,0,1,19,4,0,7.935332,2.61577,10.118315,0.37,0.14,0.63,0.428138,0.472477,1
user_70174,2022-10-18 19:54:00,28,6,8,0,7,3,7,9,4,0,0,1,0,11.164136,5.364781,9.515,0.29,0.0,0.21,0.996952,0.801977,0
user_70175,2022-09-24 01:58:00,23,11,8,0,0,1,20,7,12,15,5,5,1,5.509945,7.127914,5.842025,0.35,0.0,0.48,0.350318,0.601025,0
user_70176,2022-09-29 11:37:00,20,9,9,1,3,1,17,20,0,6,3,3,0,6.682363,2.590505,10.087914,0.45,0.11,0.45,0.544833,0.91252,0
user_70177,2022-09-09 19:26:00,16,16,11,2,1,3,14,0,10,4,1,4,0,2.803169,2.581488,8.340372,0.69,0.18,1.0,0.44161,0.5729,0
user_70178,2022-09-10 12:44:00,17,13,5,1,1,2,8,17,18,14,17,5,1,1.247546,6.162583,9.924522,0.29,0.2,0.76,0.301859,0.652534,0
user_70179,2022-10-27 07:07:00,21,7,4,0,0,1,16,0,17,11,10,3,0,12.770905,6.061468,5.603321,0.19,0.0,0.33,0.87166,0.418778,0
user_70180,2022-10-05 04:37:00,28,7,10,0,1,4,0,12,5,18,0,2,0,6.256521,6.27261,4.150336,0.36,0.0,0.25,0.46505,0.320422,0
user_70181,2022-10-01 10:11:00,21,12,9,0,3,0,3,19,3,9,11,5,1,6.767362,6.940072,6.971678,0.43,0.0,0.57,0.457489,0.93695,0
user_70182,2022-10-01 09:04:00,19,12,10,0,2,2,20,5,12,12,13,5,1,8.606414,3.815046,3.431307,0.53,0.0,0.63,0.800294,0.523401,0
user_70183,2022-10-08 07:14:00,17,13,5,0,0,2,18,0,18,16,3,5,1,8.507898,7.298992,2.749481,0.29,0.0,0.76,0.980794,0.872611,0
user_70184,2022-09-14 10:39:00,18,7,10,1,3,0,8,2,4,4,2,2,0,3.950451,3.789988,7.704148,0.56,0.1,0.39,0.865038,0.740171,0
user_70185,2022-10-30 13:19:00,17,14,6,2,3,0,11,9,10,10,18,6,1,6.402469,5.945134,7.875265,0.35,0.33,0.82,0.497451,0.550256,0
user_70186,2022-09-27 15:58:00,14,7,9,0,0,0,10,13,11,10,3,1,0,2.908304,3.012315,4.253354,0.64,0.0,0.5,0.653282,0.977951,0
user_70187,2022-10-19 15:39:00,23,12,4,0,0,0,6,16,10,18,15,2,0,1.730511,8.182537,11.261118,0.17,0.0,0.52,0.517179,0.838293,0
user_70188,2022-09-12 03:12:00,28,15,9,1,3,1,18,16,14,10,4,0,0,5.467352,5.465586,2.165521,0.32,0.11,0.54,0.617568,0.522676,0
user_70189,2022-09-08 03:00:00,29,11,7,0,3,1,4,4,17,7,5,3,0,1.593035,1.864823,10.280767,0.24,0.0,0.38,0.809732,0.645896,0
user_70190,2022-10-20 00:56:00,20,13,12,0,2,3,13,5,16,20,9,3,0,2.650041,10.76364,6.871695,0.6,0.0,0.65,0.665767,0.770965,0
user_70191,2022-09-28 11:35:00,19,5,8,0,3,2,10,16,4,10,12,2,0,1.634088,5.963121,5.573159,0.42,0.0,0.26,0.988796,0.585741,0
user_70192,2022-10-07 05:00:00,20,12,10,1,1,1,13,8,2,17,6,4,0,7.77045,3.824326,4.531658,0.5,0.1,0.6,0.821588,0.402536,0
user_70193,2022-09-24 13:43:00,24,9,9,2,3,3,14,2,7,12,18,5,1,4.205115,6.534282,8.723716,0.38,0.22,0.38,0.491175,0.539842,0
user_70194,2022-10-23 13:57:00,25,8,4,0,2,0,18,13,13,17,12,6,1,5.342882,3.246236,4.651129,0.16,0.0,0.32,0.857001,0.334166,0
user_70195,2022-09-11 03:54:00,14,10,3,0,2,0,18,20,2,4,19,6,1,7.772909,3.8245,2.890351,0.21,0.0,0.71,0.399005,0.956584,1
user_70196,2022-10-24 20:50:00,13,10,10,0,1,2,10,3,19,17,0,0,0,1.241641,8.727851,7.178362,0.77,0.0,0.77,0.425957,0.927923,0
user_70197,2022-10-16 18:35:00,24,11,3,0,2,0,20,20,0,10,11,6,1,5.569859,7.730572,10.34591,0.12,0.0,0.46,0.732672,0.332367,0
user_70198,2022-10-26 16:44:00,23,11,13,0,3,0,11,1,6,16,7,2,0,5.402982,3.229735,5.22342,0.57,0.0,0.48,0.643618,0.498931,0
user_70199,2022-10-09 08:18:00,19,9,9,0,1,2,9,0,17,14,11,6,1,5.051454,6.536284,5.337487,0.47,0.0,0.47,0.514622,0.627782,0
user_70200,2022-09-07 07:50:00,20,12,6,0,2,1,14,19,2,17,8,2,0,11.671264,4.918999,4.46528,0.3,0.0,0.6,0.979647,0.878352,0
user_70201,2022-09-09 08:27:00,20,11,15,0,3,1,13,1,17,13,3,4,0,1.837037,6.544128,6.317563,0.75,0.0,0.55,0.695394,0.788169,0
user_70202,2022-10-27 01:27:00,24,7,5,1,3,1,19,0,20,13,20,3,0,5.263509,4.136614,3.671238,0.21,0.2,0.29,0.795374,0.37682,1
user_70203,2022-10-02 23:59:00,16,11,9,1,1,4,1,9,1,10,5,6,1,1.421271,9.473725,3.732112,0.56,0.11,0.69,0.970708,0.441757,0
user_70204,2022-09-20 17:05:00,25,8,9,1,3,1,15,9,20,4,19,1,0,2.503449,4.777646,5.993836,0.36,0.11,0.32,0.327802,0.679259,1
user_70205,2022-09-03 18:10:00,23,2,9,1,5,1,2,8,3,16,5,5,1,4.918508,4.565037,10.697641,0.39,0.11,0.09,0.951806,0.826412,0
user_70206,2022-09-06 13:41:00,24,10,13,0,3,4,7,12,11,2,20,1,0,0.481744,3.875599,4.860257,0.54,0.0,0.42,0.911672,0.880321,1
user_70207,2022-09-24 07:00:00,20,9,11,0,1,3,20,5,20,15,5,5,1,2.955524,7.513187,6.481878,0.55,0.0,0.45,0.315113,0.50443,0
user_70208,2022-09-29 23:45:00,22,11,13,0,0,3,6,12,12,6,5,3,0,4.61447,6.70433,5.816588,0.59,0.0,0.5,0.843609,0.735408,0
user_70209,2022-10-20 05:14:00,22,11,7,0,5,0,7,18,18,14,16,3,0,2.332941,8.608423,10.690756,0.32,0.0,0.5,0.367122,0.344864,0
user_70210,2022-10-22 23:12:00,26,7,8,1,5,3,17,20,5,14,17,5,1,3.082943,4.724595,4.809189,0.31,0.12,0.27,0.952326,0.572398,0
user_70211,2022-10-01 21:29:00,23,10,14,1,1,1,11,14,12,10,4,5,1,2.933586,9.098994,4.129494,0.61,0.07,0.43,0.931733,0.719732,0
user_70212,2022-09-12 18:02:00,26,9,10,1,3,2,15,7,12,9,1,0,0,5.147535,1.705827,7.010287,0.38,0.1,0.35,0.888332,0.443907,0
user_70213,2022-10-30 15:39:00,21,6,10,0,0,3,18,2,1,18,10,6,1,4.637561,5.062108,7.139145,0.48,0.0,0.29,0.945693,0.914418,0
user_70214,2022-09-08 21:52:00,23,12,8,1,2,2,5,2,11,4,10,3,0,9.020788,4.35094,3.998776,0.35,0.12,0.52,0.924128,0.919569,0
user_70215,2022-10-26 01:23:00,19,15,9,1,3,0,13,16,2,0,5,2,0,13.191075,7.676185,8.018503,0.47,0.11,0.79,0.593101,0.553685,0
user_70216,2022-09-20 15:58:00,21,8,9,2,4,1,6,5,3,0,4,1,0,7.662466,2.816946,7.250665,0.43,0.22,0.38,0.897193,0.407312,0
user_70217,2022-09-23 23:45:00,24,12,9,0,2,0,11,9,10,4,0,4,0,7.154772,9.0421,9.128972,0.38,0.0,0.5,0.931796,0.986892,0
user_70218,2022-09-25 15:34:00,18,7,9,2,2,3,12,16,15,3,19,6,1,8.445229,8.281386,3.636705,0.5,0.22,0.39,0.397351,0.494209,1
user_70219,2022-09-13 11:46:00,15,8,9,1,1,3,12,18,9,19,2,1,0,10.250189,0.268973,12.097275,0.6,0.11,0.53,0.34582,0.599244,0
user_70220,2022-09-11 19:29:00,23,3,4,2,2,1,11,11,19,20,6,6,1,3.791877,7.269228,5.144885,0.17,0.5,0.13,0.489426,0.901473,0
user_70221,2022-09-26 02:29:00,14,13,9,0,0,2,10,5,12,7,16,0,0,3.474296,3.477815,4.175844,0.64,0.0,0.93,0.962513,0.796959,0
user_70222,2022-10-08 13:58:00,14,9,3,1,1,0,18,16,17,2,1,5,1,3.040885,8.439431,4.596984,0.21,0.33,0.64,0.617452,0.854037,0
user_70223,2022-10-05 09:45:00,25,9,8,1,1,4,15,11,6,7,8,2,0,7.263105,4.933014,4.624642,0.32,0.12,0.36,0.59561,0.904423,0
user_70224,2022-10-29 08:22:00,15,12,8,1,1,1,11,13,14,0,18,5,1,6.810374,6.02043,3.851305,0.53,0.12,0.8,0.855595,0.317243,0
user_70225,2022-10-13 06:18:00,17,21,6,1,2,0,5,9,0,18,2,3,0,4.532188,9.291275,5.971,0.35,0.17,1.24,0.310648,0.839298,0
user_70226,2022-10-13 15:21:00,23,10,4,0,3,1,20,14,15,0,15,3,0,2.516687,0.962821,1.76332,0.17,0.0,0.43,0.627549,0.921615,0
user_70227,2022-09-27 08:21:00,24,12,16,1,3,1,9,19,15,17,9,1,0,2.95342,7.689177,6.821321,0.67,0.06,0.5,0.344296,0.680785,0
user_70228,2022-09-27 19:00:00,15,12,2,1,0,0,16,13,3,13,15,1,0,9.494274,3.581867,6.088256,0.13,0.5,0.8,0.433303,0.973492,0
user_70229,2022-09-22 03:27:00,21,9,7,0,1,1,3,7,0,5,15,3,0,5.090307,8.589498,0.41804,0.33,0.0,0.43,0.524874,0.302008,0
user_70230,2022-10-10 12:36:00,21,9,5,1,3,1,20,2,20,6,18,0,0,2.261604,1.048927,6.532929,0.24,0.2,0.43,0.925476,0.450253,0
user_70231,2022-10-27 09:45:00,17,12,4,0,3,0,15,2,12,20,9,3,0,12.097048,8.649118,4.643447,0.24,0.0,0.71,0.766337,0.941741,0
user_70232,2022-10-20 11:32:00,23,8,8,0,3,3,15,17,3,7,7,3,0,1.951553,11.752546,5.780795,0.35,0.0,0.35,0.762576,0.436464,0
user_70233,2022-10-21 23:54:00,18,9,3,0,2,1,3,16,15,20,9,4,0,2.482666,8.140337,4.796698,0.17,0.0,0.5,0.945024,0.851997,0
user_70234,2022-10-26 06:05:00,28,6,4,1,4,1,6,10,14,6,8,2,0,1.871172,4.543695,7.359177,0.14,0.25,0.21,0.682042,0.319539,0
user_70235,2022-09-19 10:37:00,22,10,5,0,1,1,3,1,14,2,0,0,0,8.165023,5.109336,9.2027,0.23,0.0,0.45,0.564911,0.452576,0
user_70236,2022-09-26 19:39:00,21,8,4,1,0,1,4,7,15,15,11,0,0,4.642455,6.366345,5.807422,0.19,0.25,0.38,0.402317,0.987527,0
user_70237,2022-09-06 01:08:00,24,13,13,2,2,3,9,15,6,12,0,1,0,7.647319,12.118939,8.037031,0.54,0.15,0.54,0.738328,0.94004,0
user_70238,2022-10-15 16:02:00,23,10,14,0,1,4,6,2,13,12,17,5,1,3.67682,5.304817,13.121554,0.61,0.0,0.43,0.32524,0.335734,0
user_70239,2022-10-12 11:11:00,20,10,8,1,1,1,11,12,12,8,6,2,0,2.804101,1.321832,12.47432,0.4,0.12,0.5,0.569409,0.908163,0
user_70240,2022-10-05 06:34:00,18,10,10,1,2,3,17,17,10,3,8,2,0,4.932149,3.799395,9.666993,0.56,0.1,0.56,0.770514,0.479107,0
user_70241,2022-10-07 21:31:00,21,10,7,0,2,2,9,9,17,17,6,4,0,0.039182,2.926518,2.377308,0.33,0.0,0.48,0.44027,0.553767,0
user_70242,2022-10-23 19:08:00,24,13,10,1,2,2,2,18,12,20,8,6,1,1.342874,0.736782,7.872205,0.42,0.1,0.54,0.839417,0.936852,0
user_70243,2022-10-28 13:58:00,24,11,11,1,0,3,14,4,11,5,18,4,0,3.893417,1.429311,8.111968,0.46,0.09,0.46,0.971204,0.310613,0
user_70244,2022-09-14 18:36:00,17,12,7,0,2,2,6,8,1,2,18,2,0,0.989877,4.656025,6.290393,0.41,0.0,0.71,0.756417,0.95468,0
user_70245,2022-09-06 13:45:00,23,9,6,1,1,1,7,8,12,11,1,1,0,3.458887,4.142431,8.742143,0.26,0.17,0.39,0.514836,0.904784,0
user_70246,2022-09-10 07:20:00,21,15,8,0,2,1,16,8,11,20,5,5,1,5.599942,3.55415,7.699895,0.38,0.0,0.71,0.662845,0.323693,0
user_70247,2022-10-25 13:46:00,25,12,12,1,0,3,17,16,15,15,14,1,0,1.071985,10.843921,2.585853,0.48,0.08,0.48,0.722043,0.704148,0
user_70248,2022-09-17 22:14:00,17,4,5,0,3,1,11,17,6,2,13,5,1,3.727841,6.950756,8.364409,0.29,0.0,0.24,0.44541,0.580641,0
user_70249,2022-09-02 09:36:00,12,17,17,1,2,3,6,13,0,1,4,4,0,4.297072,6.771544,10.676963,1.42,0.06,1.42,0.706179,0.916066,0
user_70250,2022-10-29 04:28:00,16,12,9,1,1,2,6,16,15,10,9,5,1,8.777869,1.432752,11.126508,0.56,0.11,0.75,0.671239,0.978038,0
user_70251,2022-09-19 22:49:00,19,9,6,0,1,0,2,5,12,17,19,0,0,3.625021,7.4384,5.632646,0.32,0.0,0.47,0.359948,0.481978,1
user_70252,2022-10-03 03:38:00,10,7,13,0,0,4,19,4,18,12,10,0,0,7.819262,1.646296,7.585771,1.3,0.0,0.7,0.525856,0.592337,0
user_70253,2022-09-27 15:51:00,18,9,5,0,5,0,3,3,0,16,10,1,0,4.156705,7.901298,4.277096,0.28,0.0,0.5,0.377689,0.982021,0
user_70254,2022-09-07 22:44:00,20,9,12,0,2,2,19,2,17,18,8,2,0,5.828984,6.586058,9.588585,0.6,0.0,0.45,0.781426,0.765144,0
user_70255,2022-09-24 04:17:00,22,13,4,1,2,1,11,0,20,16,10,5,1,0.343871,1.629355,11.584578,0.18,0.25,0.59,0.807406,0.503969,0
user_70256,2022-09-14 05:29:00,27,14,10,0,1,5,15,14,20,5,4,2,0,7.228758,7.435048,7.5158,0.37,0.0,0.52,0.695936,0.665188,0
user_70257,2022-10-04 07:16:00,16,4,4,1,1,2,10,0,1,18,7,1,0,7.101394,6.0467,6.659722,0.25,0.25,0.25,0.850179,0.86832,0
user_70258,2022-10-22 07:04:00,21,12,10,2,1,3,0,5,12,8,2,5,1,5.146531,4.777809,5.308196,0.48,0.2,0.57,0.782535,0.825608,0
user_70259,2022-10-05 05:33:00,23,21,5,0,0,0,7,8,11,8,16,2,0,2.31185,0.968997,0.863362,0.22,0.0,0.91,0.956359,0.92171,0
user_70260,2022-09-03 07:23:00,21,12,9,0,1,2,5,19,7,19,0,5,1,2.277414,3.578731,5.543019,0.43,0.0,0.57,0.438685,0.606427,0
user_70261,2022-09-27 20:35:00,26,10,10,1,2,2,8,4,13,0,3,1,0,0.457353,7.509274,9.443442,0.38,0.1,0.38,0.526147,0.436949,0
user_70262,2022-09-24 07:35:00,22,10,2,0,3,0,0,13,4,17,19,5,1,5.030552,2.094089,5.438806,0.09,0.0,0.45,0.347796,0.452389,1
user_70263,2022-10-08 17:08:00,16,14,7,0,1,2,15,6,8,9,6,5,1,7.981505,6.090203,15.636746,0.44,0.0,0.88,0.641767,0.707484,0
user_70264,2022-09-25 16:20:00,19,11,9,0,3,0,14,11,9,13,20,6,1,4.873616,9.165657,10.264086,0.47,0.0,0.58,0.633209,0.782242,1
user_70265,2022-10-05 18:28:00,17,10,8,3,3,3,12,16,1,9,15,2,0,1.814821,4.23064,10.098993,0.47,0.38,0.59,0.506254,0.56572,0
user_70266,2022-10-10 06:52:00,20,10,4,0,6,1,15,3,6,19,7,0,0,2.897865,8.793419,13.272913,0.2,0.0,0.5,0.760969,0.80466,0
user_70267,2022-09-30 08:13:00,24,8,8,3,1,3,17,19,1,3,20,4,0,2.539103,1.127009,9.492209,0.33,0.38,0.33,0.597436,0.701624,1
user_70268,2022-09-11 22:43:00,12,7,9,2,0,2,1,1,18,9,3,6,1,3.721178,0.603465,4.579608,0.75,0.22,0.58,0.50265,0.881728,0
user_70269,2022-09-22 08:38:00,23,10,14,0,1,3,4,9,3,15,12,3,0,6.106667,3.01599,6.002972,0.61,0.0,0.43,0.459753,0.617484,0
user_70270,2022-10-16 22:34:00,16,5,5,1,0,2,5,1,5,1,8,6,1,4.189053,5.989523,7.167263,0.31,0.2,0.31,0.802757,0.588246,0
user_70271,2022-09-20 06:00:00,20,12,12,0,0,0,10,1,2,9,10,1,0,5.381278,0.967404,8.327226,0.6,0.0,0.6,0.754223,0.973791,0
user_70272,2022-10-27 15:11:00,17,13,10,0,1,3,0,1,4,13,5,3,0,3.477333,7.969203,10.609425,0.59,0.0,0.76,0.874949,0.661628,0
user_70273,2022-10-26 06:52:00,21,10,6,0,1,0,3,19,13,0,9,2,0,11.252596,6.154488,3.68922,0.29,0.0,0.48,0.829111,0.973019,0
user_70274,2022-10-06 10:58:00,22,9,10,1,2,1,16,9,3,3,12,3,0,5.07367,11.21089,8.346909,0.45,0.1,0.41,0.632998,0.534885,0
user_70275,2022-10-16 17:09:00,19,6,11,1,3,1,17,9,18,18,15,6,1,4.90347,1.904864,10.60472,0.58,0.09,0.32,0.67999,0.573623,0
user_70276,2022-09-30 03:36:00,12,11,4,0,1,0,20,13,5,2,15,4,0,2.970839,2.177185,9.208796,0.33,0.0,0.92,0.852681,0.807113,0
user_70277,2022-10-03 04:30:00,22,13,11,2,2,1,14,3,0,2,0,0,0,8.049829,0.606858,0.203992,0.5,0.18,0.59,0.709195,0.336747,0
user_70278,2022-10-25 23:22:00,28,7,4,1,5,1,16,13,14,14,9,1,0,9.301785,4.588261,8.222215,0.14,0.25,0.25,0.873818,0.717612,0
user_70279,2022-09-04 18:09:00,19,10,2,2,1,0,4,0,18,13,8,6,1,2.38069,2.252734,6.936324,0.11,1.0,0.53,0.586203,0.427894,0
user_70280,2022-10-08 20:51:00,27,8,7,1,1,5,10,8,5,18,2,5,1,2.039174,7.760561,6.709287,0.26,0.14,0.3,0.461523,0.733414,0
user_70281,2022-09-17 10:24:00,18,15,6,0,2,2,17,15,0,18,15,5,1,7.837474,3.606154,9.18668,0.33,0.0,0.83,0.731027,0.79838,0
user_70282,2022-10-30 15:35:00,23,6,8,1,0,0,20,3,11,10,18,6,1,8.13835,3.782508,2.912059,0.35,0.12,0.26,0.790578,0.987219,0
user_70283,2022-09-09 12:24:00,12,11,3,1,1,0,19,18,8,11,17,4,0,2.094688,2.900615,6.989591,0.25,0.33,0.92,0.786549,0.790839,0
user_70284,2022-09-11 21:22:00,22,10,6,0,1,1,10,20,14,16,14,6,1,5.862981,6.199639,11.154769,0.27,0.0,0.45,0.75585,0.498472,0
user_70285,2022-10-03 22:57:00,24,10,4,1,1,1,1,2,6,0,6,0,0,3.79819,5.07962,8.565837,0.17,0.25,0.42,0.511744,0.419947,0
user_70286,2022-09-18 11:41:00,19,12,10,1,4,1,13,0,0,13,4,6,1,8.537312,0.0515,5.919525,0.53,0.1,0.63,0.366955,0.682274,0
user_70287,2022-10-27 12:21:00,20,8,8,1,1,3,0,1,7,20,3,3,0,3.191744,2.990511,11.638515,0.4,0.12,0.4,0.561436,0.484119,0
user_70288,2022-10-30 15:38:00,15,10,5,0,2,0,6,19,9,4,6,6,1,7.646953,9.341782,9.157749,0.33,0.0,0.67,0.865211,0.431324,0
user_70289,2022-09-30 19:41:00,27,10,7,0,2,1,0,12,20,13,15,4,0,6.457306,2.60225,3.253232,0.26,0.0,0.37,0.976145,0.491005,0
user_70290,2022-09-08 15:12:00,16,13,9,1,4,3,17,6,3,1,16,3,0,5.716046,6.127337,8.440131,0.56,0.11,0.81,0.395912,0.375549,0
user_70291,2022-09-19 08:11:00,22,8,8,1,3,1,2,17,1,2,3,0,0,7.109852,2.54688,9.058675,0.36,0.12,0.36,0.659209,0.40525,0
user_70292,2022-10-18 10:34:00,16,7,6,1,1,2,0,13,1,16,1,1,0,7.575304,6.034078,7.713652,0.38,0.17,0.44,0.763066,0.748654,0
user_70293,2022-10-18 21:40:00,22,15,3,0,2,0,10,20,10,5,7,1,0,5.146681,4.927444,4.533584,0.14,0.0,0.68,0.834209,0.513216,0
user_70294,2022-10-28 05:13:00,20,8,5,1,2,1,15,11,1,3,2,4,0,3.835297,2.632694,9.446686,0.25,0.2,0.4,0.808369,0.818991,0
user_70295,2022-09-26 17:46:00,24,15,7,1,5,1,8,10,19,20,1,0,0,3.17964,5.304055,1.566233,0.29,0.14,0.62,0.402165,0.451532,0
user_70296,2022-10-10 22:13:00,21,9,6,0,1,2,15,19,10,6,10,0,0,8.355951,3.877314,5.050699,0.29,0.0,0.43,0.871571,0.710635,0
user_70297,2022-09-06 04:11:00,20,12,12,0,2,4,7,9,1,6,5,1,0,4.48421,1.744045,4.816174,0.6,0.0,0.6,0.445166,0.449682,0
user_70298,2022-10-06 21:00:00,15,4,4,1,3,1,7,6,8,17,12,3,0,0.843142,5.643485,6.216907,0.27,0.25,0.27,0.967345,0.716766,0
user_70299,2022-09-02 18:13:00,21,8,13,1,0,3,16,9,4,18,19,4,0,6.093862,0.790977,12.536019,0.62,0.08,0.38,0.49688,0.687177,1
user_70300,2022-10-29 17:08:00,20,9,3,2,0,0,19,0,4,9,13,5,1,1.547305,1.158654,8.663096,0.15,0.67,0.45,0.976848,0.710935,0
user_70301,2022-09-28 11:06:00,23,6,5,0,4,0,16,2,19,20,9,2,0,7.825768,2.764187,6.774525,0.22,0.0,0.26,0.640317,0.569235,0
user_70302,2022-09-20 08:09:00,14,13,11,2,2,3,19,5,13,2,20,1,0,5.368551,3.126247,6.8343,0.79,0.18,0.93,0.340751,0.78217,1
user_70303,2022-09-04 08:36:00,21,9,8,1,0,2,16,10,14,6,6,6,1,4.46765,6.576341,7.567974,0.38,0.12,0.43,0.948988,0.81922,0
user_70304,2022-09-26 11:02:00,20,12,9,0,1,3,14,15,9,10,3,0,0,4.357569,5.676602,8.092776,0.45,0.0,0.6,0.593531,0.463887,0
user_70305,2022-09-30 10:01:00,23,8,10,0,3,1,16,18,7,4,9,4,0,4.381892,8.47006,8.502585,0.43,0.0,0.35,0.3023,0.385829,0
user_70306,2022-09-21 13:51:00,24,5,8,2,1,2,6,16,9,5,15,2,0,0.678217,3.001823,5.306887,0.33,0.25,0.21,0.863465,0.732719,0
user_70307,2022-09-15 09:47:00,21,4,7,0,2,3,20,13,13,18,11,3,0,2.11068,9.909576,9.175962,0.33,0.0,0.19,0.716136,0.326662,0
user_70308,2022-10-04 14:00:00,23,6,9,0,0,1,8,6,12,3,15,1,0,3.958943,3.087026,5.096004,0.39,0.0,0.26,0.811501,0.377032,0
user_70309,2022-09-13 07:56:00,27,15,9,1,5,0,12,7,5,1,20,1,0,5.830193,3.723842,7.568518,0.33,0.11,0.56,0.485499,0.733866,1
user_70310,2022-09-21 11:03:00,20,11,10,1,2,2,7,16,11,4,4,2,0,8.01161,2.737191,9.670002,0.5,0.1,0.55,0.574942,0.478068,0
user_70311,2022-09-04 00:40:00,24,9,6,0,7,1,12,20,9,4,1,6,1,5.818704,6.309603,3.0115,0.25,0.0,0.38,0.84267,0.372622,0
user_70312,2022-10-17 00:14:00,19,6,7,0,3,0,16,12,11,20,4,0,0,4.85878,0.412823,6.281121,0.37,0.0,0.32,0.365195,0.59122,0
user_70313,2022-09-04 12:15:00,19,15,9,1,0,1,1,4,10,20,20,6,1,4.602696,0.034048,2.295521,0.47,0.11,0.79,0.940729,0.357803,1
user_70314,2022-10-12 04:45:00,18,13,8,0,1,1,13,4,4,1,5,2,0,6.949644,3.402474,1.545351,0.44,0.0,0.72,0.655943,0.503533,0
user_70315,2022-10-22 03:59:00,18,8,7,1,2,1,18,5,17,10,0,5,1,4.159936,5.655271,10.762386,0.39,0.14,0.44,0.483576,0.863885,0
user_70316,2022-09-07 08:06:00,15,9,4,0,1,0,20,2,4,3,7,2,0,7.353803,3.837379,9.829651,0.27,0.0,0.6,0.536156,0.805363,0
user_70317,2022-10-14 15:26:00,17,20,10,0,3,1,13,14,3,15,19,4,0,5.841439,3.202409,8.077488,0.59,0.0,1.18,0.731269,0.815508,1
user_70318,2022-09-03 03:16:00,13,11,7,0,1,4,1,15,18,12,18,5,1,2.954369,2.693441,7.328636,0.54,0.0,0.85,0.867923,0.773423,0
user_70319,2022-09-23 21:21:00,19,9,12,0,3,4,5,8,20,16,16,4,0,0.474462,2.990085,2.120559,0.63,0.0,0.47,0.917608,0.351502,0
user_70320,2022-10-15 15:31:00,13,9,4,0,1,1,1,10,19,12,1,5,1,4.586498,3.297894,9.144887,0.31,0.0,0.69,0.415264,0.401242,0
user_70321,2022-09-21 22:08:00,25,8,10,0,4,5,16,6,17,1,8,2,0,7.841089,2.970915,0.934645,0.4,0.0,0.32,0.563887,0.967608,0
user_70322,2022-09-21 17:51:00,22,14,9,0,1,1,0,3,12,10,13,2,0,3.711946,2.430984,8.394154,0.41,0.0,0.64,0.646224,0.754978,0
user_70323,2022-09-26 10:40:00,18,8,8,1,1,1,20,1,10,16,2,0,0,1.907131,8.751337,7.594412,0.44,0.12,0.44,0.924267,0.46039,0
user_70324,2022-09-02 14:37:00,21,5,7,1,2,1,8,5,6,2,14,4,0,0.309278,5.157439,7.677937,0.33,0.14,0.24,0.524234,0.538778,0
user_70325,2022-09-21 09:47:00,25,7,7,0,1,2,9,6,5,17,3,2,0,7.533534,7.615783,4.366151,0.28,0.0,0.28,0.630512,0.620719,0
user_70326,2022-10-27 07:36:00,24,11,9,0,1,3,2,0,13,0,8,3,0,1.276639,4.225486,6.527103,0.38,0.0,0.46,0.793533,0.300418,0
user_70327,2022-10-25 13:15:00,18,6,11,0,1,3,10,18,1,1,13,1,0,8.701732,6.311984,6.926958,0.61,0.0,0.33,0.525474,0.53973,0
user_70328,2022-10-17 20:21:00,19,11,7,0,2,1,6,19,16,17,12,0,0,8.496306,7.859309,8.606672,0.37,0.0,0.58,0.908441,0.804576,0
user_70329,2022-09-01 05:37:00,19,11,6,0,2,3,12,10,17,9,3,3,0,3.768373,6.837599,8.995155,0.32,0.0,0.58,0.362873,0.576899,0
user_70330,2022-10-22 07:20:00,20,5,5,0,1,1,12,7,15,17,13,5,1,1.864565,11.25591,8.490047,0.25,0.0,0.25,0.631515,0.625196,0
user_70331,2022-09-27 07:08:00,26,13,8,1,2,1,7,9,19,16,12,1,0,9.254625,9.105976,7.60771,0.31,0.12,0.5,0.301348,0.482847,0
user_70332,2022-10-02 18:55:00,18,12,14,1,1,2,19,1,6,6,19,6,1,5.974034,3.220633,8.977339,0.78,0.07,0.67,0.711523,0.861736,1
user_70333,2022-10-22 17:15:00,18,14,7,0,2,0,13,14,9,15,10,5,1,8.500083,1.192755,6.940647,0.39,0.0,0.78,0.905289,0.814379,0
user_70334,2022-10-13 13:44:00,16,7,7,1,1,3,14,2,20,0,7,3,0,3.368506,0.308848,8.150153,0.44,0.14,0.44,0.529092,0.554813,0
user_70335,2022-10-18 11:30:00,19,12,10,2,0,0,8,10,8,9,9,1,0,7.868297,4.172978,8.189931,0.53,0.2,0.63,0.632288,0.982252,0
user_70336,2022-10-05 05:24:00,11,12,8,0,0,1,13,6,14,15,8,2,0,4.079418,4.599866,7.857248,0.73,0.0,1.09,0.393383,0.336197,0
user_70337,2022-10-06 02:49:00,18,10,9,0,4,0,3,11,0,7,8,3,0,1.605344,5.459593,8.097747,0.5,0.0,0.56,0.564267,0.641176,0
user_70338,2022-10-16 18:17:00,15,7,10,1,1,4,0,19,19,9,3,6,1,4.97686,5.864951,3.207636,0.67,0.1,0.47,0.357503,0.758338,0
user_70339,2022-10-19 22:29:00,23,11,10,0,3,3,13,12,16,0,0,2,0,9.759824,2.59794,10.83448,0.43,0.0,0.48,0.819547,0.752483,0
user_70340,2022-09-16 15:32:00,28,11,8,0,3,2,9,11,2,6,16,4,0,1.020713,8.460336,6.759279,0.29,0.0,0.39,0.949531,0.847467,0
user_70341,2022-09-18 00:41:00,22,10,8,1,5,2,10,9,10,0,5,6,1,2.666384,2.329498,8.404873,0.36,0.12,0.45,0.95227,0.409925,0
user_70342,2022-10-07 08:56:00,20,11,11,1,0,1,11,17,16,19,7,4,0,9.804955,2.513505,6.852584,0.55,0.09,0.55,0.388294,0.499704,0
user_70343,2022-09-25 06:36:00,19,14,7,1,0,1,9,3,12,15,0,6,1,5.912776,7.77724,4.259778,0.37,0.14,0.74,0.675865,0.377058,0
user_70344,2022-10-25 00:24:00,23,11,11,0,4,1,1,2,14,8,11,1,0,5.52034,9.250815,9.038296,0.48,0.0,0.48,0.454635,0.522918,0
user_70345,2022-09-05 12:52:00,16,15,12,1,2,3,1,15,8,12,3,0,0,8.328511,5.928496,8.132364,0.75,0.08,0.94,0.682174,0.796004,0
user_70346,2022-10-16 10:45:00,16,7,13,1,0,0,4,2,3,4,17,6,1,3.076309,8.757746,9.665113,0.81,0.08,0.44,0.789295,0.588379,0
user_70347,2022-09-25 14:11:00,24,10,6,2,4,2,5,18,8,20,13,6,1,11.646922,8.043331,5.169273,0.25,0.33,0.42,0.681276,0.573033,0
user_70348,2022-09-29 01:23:00,25,8,7,1,0,1,4,14,18,18,2,3,0,3.671596,8.655975,8.926912,0.28,0.14,0.32,0.327716,0.485476,0
user_70349,2022-09-07 12:45:00,24,17,9,1,3,2,16,9,18,7,1,2,0,7.660929,6.038174,7.064447,0.38,0.11,0.71,0.364028,0.482159,0
user_70350,2022-10-24 06:28:00,23,10,10,0,2,1,11,4,13,0,6,0,0,1.151297,7.224436,8.571625,0.43,0.0,0.43,0.632096,0.985447,0
user_70351,2022-10-24 07:50:00,16,16,7,1,1,0,16,9,11,16,10,0,0,2.306244,6.944935,3.560269,0.44,0.14,1.0,0.65522,0.738424,0
user_70352,2022-09-25 07:12:00,20,7,10,1,5,3,0,2,8,16,8,6,1,3.78557,7.935863,4.158229,0.5,0.1,0.35,0.543941,0.612967,0
user_70353,2022-10-21 23:47:00,23,9,9,1,3,3,6,13,14,8,6,4,0,6.472192,0.846409,7.564716,0.39,0.11,0.39,0.377529,0.833041,0
user_70354,2022-10-18 11:23:00,26,12,5,1,2,1,3,12,1,19,17,1,0,5.885329,5.10718,6.068256,0.19,0.2,0.46,0.693187,0.739947,0
user_70355,2022-09-27 13:47:00,19,8,6,1,2,1,7,17,0,12,6,1,0,6.415641,8.230461,2.227349,0.32,0.17,0.42,0.843933,0.892725,0
user_70356,2022-10-03 03:45:00,26,14,5,0,2,2,19,7,7,7,7,0,0,0.950498,2.354385,8.902132,0.19,0.0,0.54,0.470226,0.506189,0
user_70357,2022-10-15 20:46:00,25,10,7,0,4,1,9,7,6,9,17,5,1,5.635337,6.831662,12.909623,0.28,0.0,0.4,0.448537,0.961467,0
user_70358,2022-10-28 04:08:00,15,5,6,0,2,3,2,7,19,4,19,4,0,3.097964,5.046257,8.088096,0.4,0.0,0.33,0.658223,0.67286,1
user_70359,2022-09-03 10:19:00,21,12,6,0,3,1,15,5,9,17,20,5,1,2.534554,6.302873,10.263673,0.29,0.0,0.57,0.381732,0.829869,1
user_70360,2022-09-13 00:55:00,17,14,10,0,2,4,4,8,8,5,1,1,0,8.656108,4.533179,2.733582,0.59,0.0,0.82,0.497032,0.587046,0
user_70361,2022-10-13 07:08:00,20,13,10,0,6,2,9,4,13,15,19,3,0,4.019303,9.304932,8.859861,0.5,0.0,0.65,0.924195,0.401939,1
user_70362,2022-10-10 04:26:00,21,7,3,2,3,1,0,7,12,16,18,0,0,10.290459,5.319363,10.370979,0.14,0.67,0.33,0.748801,0.564123,0
user_70363,2022-09-01 13:50:00,29,10,13,0,2,0,10,20,9,16,16,3,0,6.071055,2.242999,4.431754,0.45,0.0,0.34,0.46742,0.781634,0
user_70364,2022-10-22 10:48:00,26,8,10,0,3,4,0,10,15,13,10,5,1,3.802679,3.029325,4.910518,0.38,0.0,0.31,0.55402,0.40487,0
user_70365,2022-10-24 21:20:00,24,8,12,0,4,3,9,5,17,18,10,0,0,1.017724,5.791993,9.661385,0.5,0.0,0.33,0.52432,0.688487,0
user_70366,2022-10-06 20:25:00,22,14,11,0,3,1,2,15,8,5,20,3,0,6.038412,0.559017,3.558914,0.5,0.0,0.64,0.907715,0.658036,1
user_70367,2022-09-18 12:16:00,16,7,9,0,1,2,16,13,4,1,7,6,1,5.880798,0.258469,8.377003,0.56,0.0,0.44,0.778965,0.343613,0
user_70368,2022-09-16 23:27:00,21,6,8,0,1,2,4,9,1,12,14,4,0,3.175574,5.102386,3.67252,0.38,0.0,0.29,0.548775,0.645474,0
user_70369,2022-09-17 03:20:00,14,7,9,0,4,1,13,14,5,12,4,5,1,6.398595,1.274007,5.705692,0.64,0.0,0.5,0.599659,0.505435,0
user_70370,2022-09-05 01:18:00,22,8,10,1,2,1,7,1,3,5,3,0,0,9.799859,4.716272,5.072167,0.45,0.1,0.36,0.66182,0.965898,0
user_70371,2022-10-24 18:31:00,14,10,9,2,0,1,20,2,16,15,2,0,0,1.551912,2.071696,7.390231,0.64,0.22,0.71,0.406594,0.742131,0
user_70372,2022-09-14 18:53:00,20,21,9,1,2,2,8,1,3,4,19,2,0,4.634548,4.757147,7.175442,0.45,0.11,1.05,0.684286,0.740821,1
user_70373,2022-10-26 20:10:00,19,10,7,1,2,1,11,18,4,17,16,2,0,5.092963,2.790997,6.85207,0.37,0.14,0.53,0.676995,0.725956,0
user_70374,2022-10-01 08:52:00,13,9,10,1,2,4,10,1,4,18,10,5,1,4.394328,5.453798,11.360996,0.77,0.1,0.69,0.971314,0.301713,0
user_70375,2022-10-23 12:54:00,16,17,10,0,0,2,2,8,19,19,0,6,1,9.797241,12.404673,8.801384,0.62,0.0,1.06,0.412147,0.419427,0
user_70376,2022-09-28 08:29:00,25,10,7,0,2,2,0,5,15,1,18,2,0,8.407316,7.977753,8.111243,0.28,0.0,0.4,0.924371,0.937087,0
user_70377,2022-10-27 01:43:00,22,10,9,0,1,3,0,9,0,18,11,3,0,7.119388,10.019201,3.69664,0.41,0.0,0.45,0.952888,0.309509,0
user_70378,2022-10-03 17:42:00,29,7,10,0,4,2,7,15,5,8,3,0,0,7.352981,4.610413,7.367432,0.34,0.0,0.24,0.945189,0.796288,0
user_70379,2022-09-30 10:49:00,27,9,5,0,4,0,19,20,18,15,9,4,0,5.472821,2.336938,6.124783,0.19,0.0,0.33,0.913641,0.594645,0
user_70380,2022-09-28 23:38:00,24,16,8,1,3,0,13,13,13,18,11,2,0,5.826679,0.987737,3.981774,0.33,0.12,0.67,0.615236,0.987738,0
user_70381,2022-10-26 22:41:00,17,10,7,0,4,0,5,6,2,12,17,2,0,13.470602,2.99661,12.22011,0.41,0.0,0.59,0.750051,0.665636,0
user_70382,2022-10-29 14:47:00,18,14,5,0,0,0,17,5,15,9,7,5,1,8.287283,11.724347,4.046435,0.28,0.0,0.78,0.591654,0.932513,0
user_70383,2022-10-19 15:27:00,20,8,10,0,3,1,8,9,8,1,8,2,0,8.033476,3.700189,9.984221,0.5,0.0,0.4,0.40372,0.617044,0
user_70384,2022-10-10 17:47:00,19,7,3,1,1,1,5,1,7,9,14,0,0,0.900045,3.815241,5.223215,0.16,0.33,0.37,0.854643,0.825455,0
user_70385,2022-10-09 08:07:00,20,9,6,0,2,0,6,12,20,15,4,6,1,2.337741,5.479885,9.050608,0.3,0.0,0.45,0.425214,0.345293,0
user_70386,2022-09-17 04:23:00,21,10,6,1,1,2,3,1,7,15,12,5,1,5.205677,6.137394,8.569853,0.29,0.17,0.48,0.369883,0.991898,0
user_70387,2022-09-06 16:35:00,13,9,6,0,4,0,13,10,13,20,4,1,0,3.385713,5.263516,4.144484,0.46,0.0,0.69,0.473248,0.390004,0
user_70388,2022-09-27 05:27:00,21,10,7,0,2,1,3,4,4,3,13,1,0,7.774891,6.24119,9.122418,0.33,0.0,0.48,0.698616,0.455533,0
user_70389,2022-10-23 16:39:00,23,13,8,0,2,0,0,18,17,6,2,6,1,2.183413,11.835237,11.808784,0.35,0.0,0.57,0.615384,0.589537,0
user_70390,2022-09-27 22:37:00,22,11,6,0,1,3,17,5,5,10,19,1,0,6.400204,4.330355,11.379073,0.27,0.0,0.5,0.554763,0.446921,1
user_70391,2022-10-08 10:25:00,21,6,11,0,2,1,5,2,5,3,11,5,1,6.694865,4.72538,6.708244,0.52,0.0,0.29,0.323833,0.707578,0
user_70392,2022-10-28 14:41:00,20,17,13,1,1,5,16,18,18,12,8,4,0,3.826647,2.726484,5.746144,0.65,0.08,0.85,0.728066,0.630724,0
user_70393,2022-09-14 10:48:00,26,11,7,1,2,3,18,11,7,19,9,2,0,4.846185,6.862646,2.223692,0.27,0.14,0.42,0.581526,0.367212,0
user_70394,2022-09-03 08:00:00,18,7,10,1,1,3,17,14,6,2,2,5,1,6.021781,4.034895,5.784438,0.56,0.1,0.39,0.850121,0.74351,0
user_70395,2022-10-01 17:00:00,23,10,5,0,0,2,7,2,6,20,11,5,1,1.112073,0.751773,8.300278,0.22,0.0,0.43,0.501199,0.963706,0
user_70396,2022-10-03 02:10:00,20,10,8,1,3,1,17,20,17,10,16,0,0,2.56103,0.912541,7.518545,0.4,0.12,0.5,0.34706,0.754282,0
user_70397,2022-10-11 02:53:00,20,14,6,0,3,2,8,10,20,1,5,1,0,4.349093,3.274026,9.90375,0.3,0.0,0.7,0.545658,0.843562,0
user_70398,2022-10-06 23:43:00,14,12,7,0,1,2,15,20,14,11,7,3,0,8.705605,6.89434,4.781155,0.5,0.0,0.86,0.938128,0.846607,0
user_70399,2022-09-02 09:31:00,29,7,6,0,4,0,7,20,16,17,4,4,0,0.792839,6.384513,9.526304,0.21,0.0,0.24,0.978406,0.684738,0
user_70400,2022-10-27 12:07:00,19,11,3,0,2,2,17,10,9,9,4,3,0,9.599358,6.177327,2.988247,0.16,0.0,0.58,0.685949,0.979268,0
user_70401,2022-09-20 14:55:00,21,14,5,1,3,1,5,10,16,20,9,1,0,9.217955,5.355446,7.412286,0.24,0.2,0.67,0.337614,0.97619,0
user_70402,2022-09-15 17:22:00,19,8,16,1,1,0,6,19,19,19,8,3,0,10.226038,4.639894,6.634384,0.84,0.06,0.42,0.629982,0.356154,0
user_70403,2022-09-18 02:47:00,20,6,10,0,0,1,1,17,16,6,12,6,1,8.557395,10.413641,3.991413,0.5,0.0,0.3,0.866005,0.871716,0
user_70404,2022-09-28 03:40:00,18,10,12,0,1,2,12,10,18,18,20,2,0,10.137657,4.767656,3.234746,0.67,0.0,0.56,0.703232,0.805758,1
user_70405,2022-10-30 20:32:00,27,18,9,1,1,2,7,11,17,11,20,6,1,6.459116,4.967706,11.841033,0.33,0.11,0.67,0.66727,0.619227,1
user_70406,2022-09-27 10:01:00,29,11,4,0,3,1,10,12,17,0,1,1,0,7.315587,5.45009,7.888699,0.14,0.0,0.38,0.445662,0.786298,0
user_70407,2022-10-25 14:55:00,17,8,9,0,2,2,1,18,9,17,14,1,0,4.755463,0.79649,10.510835,0.53,0.0,0.47,0.756679,0.390779,0
user_70408,2022-10-19 20:46:00,19,13,9,0,1,2,0,9,0,11,10,2,0,3.119662,3.809721,5.335326,0.47,0.0,0.68,0.749582,0.471108,0
user_70409,2022-10-13 23:11:00,20,13,9,0,3,3,16,4,15,3,18,3,0,4.659113,1.694921,0.80201,0.45,0.0,0.65,0.418568,0.48987,0
user_70410,2022-09-08 20:04:00,13,5,11,1,1,2,12,8,14,3,1,3,0,1.824977,4.434924,8.087855,0.85,0.09,0.38,0.498924,0.887025,0
user_70411,2022-09-25 00:07:00,23,8,16,0,5,1,17,17,8,13,20,6,1,4.751774,8.076003,11.71951,0.7,0.0,0.35,0.942749,0.409379,1
user_70412,2022-10-19 08:35:00,24,13,11,0,3,1,14,17,11,1,17,2,0,8.918439,1.830463,5.745851,0.46,0.0,0.54,0.801425,0.638506,0
user_70413,2022-10-27 21:57:00,15,9,8,0,0,2,15,14,16,20,20,3,0,0.564239,5.715776,6.320889,0.53,0.0,0.6,0.57291,0.737427,1
user_70414,2022-09-29 21:13:00,25,9,5,1,1,0,14,6,14,1,15,3,0,7.185008,0.11791,12.574051,0.2,0.2,0.36,0.459821,0.450124,0
user_70415,2022-09-06 07:11:00,26,4,8,0,4,1,13,10,0,13,13,1,0,0.219212,4.241476,8.617068,0.31,0.0,0.15,0.508235,0.951054,0
user_70416,2022-10-20 18:34:00,20,13,5,2,1,1,12,15,13,6,5,3,0,7.759986,6.925192,2.386365,0.25,0.4,0.65,0.839439,0.903686,0
user_70417,2022-09-16 21:56:00,21,12,6,0,1,2,10,10,13,14,10,4,0,0.598278,4.984056,9.077394,0.29,0.0,0.57,0.431672,0.589112,0
user_70418,2022-10-17 09:10:00,16,8,7,1,1,1,7,19,6,20,5,0,0,2.964422,2.609179,7.124491,0.44,0.14,0.5,0.636217,0.949371,0
user_70419,2022-09-17 14:05:00,21,11,7,1,3,1,4,2,10,19,19,5,1,8.47192,4.591477,12.378167,0.33,0.14,0.52,0.876213,0.470006,1
user_70420,2022-09-30 21:30:00,27,12,4,1,4,0,17,10,6,20,11,4,0,8.889835,5.378695,11.887435,0.15,0.25,0.44,0.705636,0.752823,0
user_70421,2022-09-10 04:58:00,11,11,8,1,1,0,1,10,0,1,12,5,1,6.779906,8.964146,8.126132,0.73,0.12,1.0,0.506534,0.526894,0
user_70422,2022-10-08 18:11:00,17,7,7,0,2,2,12,4,11,16,11,5,1,0.959548,2.364064,7.729711,0.41,0.0,0.41,0.931227,0.51753,0
user_70423,2022-10-06 17:22:00,26,12,5,1,5,1,18,15,18,11,8,3,0,4.080544,3.269642,10.130088,0.19,0.2,0.46,0.63314,0.618791,0
user_70424,2022-10-03 16:08:00,22,13,10,0,1,2,9,7,4,20,12,0,0,4.272547,7.974917,2.751242,0.45,0.0,0.59,0.931743,0.506532,0
user_70425,2022-10-15 01:31:00,24,14,8,0,0,2,0,7,11,3,15,5,1,4.341325,0.508085,6.49327,0.33,0.0,0.58,0.678905,0.960781,0
user_70426,2022-09-13 20:08:00,23,14,5,1,2,0,16,6,18,4,3,1,0,7.923032,6.782369,5.889787,0.22,0.2,0.61,0.45121,0.735713,0
user_70427,2022-10-15 17:57:00,19,12,4,0,0,1,1,11,20,16,11,5,1,4.127427,1.024871,6.756284,0.21,0.0,0.63,0.507684,0.884074,0
user_70428,2022-09-09 23:54:00,25,7,11,0,1,1,2,6,16,10,10,4,0,2.701843,0.660384,6.009075,0.44,0.0,0.28,0.576687,0.439102,0
user_70429,2022-10-05 15:19:00,19,12,13,1,3,1,5,0,15,7,0,2,0,0.617369,1.363487,13.110129,0.68,0.08,0.63,0.728771,0.686599,0
user_70430,2022-10-28 08:41:00,21,8,8,0,2,4,3,8,10,16,16,4,0,4.005503,0.622062,2.620171,0.38,0.0,0.38,0.865484,0.687754,0
user_70431,2022-09-06 12:43:00,21,9,6,0,4,0,3,18,8,4,14,1,0,1.000099,2.494646,7.235897,0.29,0.0,0.43,0.946146,0.888259,0
user_70432,2022-09-30 16:36:00,23,9,5,0,3,0,12,15,18,18,0,4,0,5.577622,8.294745,5.814991,0.22,0.0,0.39,0.933962,0.711432,0
user_70433,2022-09-07 23:34:00,14,7,8,1,0,0,18,13,16,14,3,2,0,7.867707,5.737832,5.566543,0.57,0.12,0.5,0.324436,0.715306,0
user_70434,2022-10-03 20:20:00,12,8,14,0,4,1,7,19,6,9,9,0,0,5.175426,0.792929,7.866972,1.17,0.0,0.67,0.580174,0.73074,0
user_70435,2022-09-22 23:03:00,29,11,8,0,5,2,18,20,12,17,7,3,0,13.418604,2.215992,7.509771,0.28,0.0,0.38,0.817662,0.553063,0
user_70436,2022-10-13 21:35:00,14,10,11,1,0,1,0,13,20,19,19,3,0,8.016398,2.561685,0.969396,0.79,0.09,0.71,0.6099,0.400436,1
user_70437,2022-09-10 16:26:00,22,7,7,0,3,2,10,4,4,9,19,5,1,8.263131,4.680255,0.622595,0.32,0.0,0.32,0.86399,0.508146,1
user_70438,2022-09-26 10:10:00,17,6,8,1,3,2,9,13,13,11,9,0,0,3.045821,5.295696,4.450118,0.47,0.12,0.35,0.694334,0.652762,0
user_70439,2022-10-16 12:30:00,25,8,6,0,2,1,10,5,14,11,17,6,1,7.089407,8.593859,4.884104,0.24,0.0,0.32,0.368266,0.583415,0
user_70440,2022-10-10 09:19:00,12,12,8,1,0,1,1,17,11,7,14,0,0,3.485688,5.754131,5.528789,0.67,0.12,1.0,0.893191,0.613534,0
user_70441,2022-09-23 05:21:00,22,10,8,1,2,2,3,3,1,5,9,4,0,2.390648,8.119656,9.98417,0.36,0.12,0.45,0.865089,0.510956,0
user_70442,2022-09-06 04:54:00,22,12,7,0,6,4,16,4,17,2,17,1,0,2.222724,1.857696,12.520447,0.32,0.0,0.55,0.745769,0.941735,0
user_70443,2022-10-11 18:31:00,13,9,15,0,2,5,6,12,12,10,11,1,0,9.145472,3.885381,8.376381,1.15,0.0,0.69,0.387937,0.637826,0
user_70444,2022-09-19 13:25:00,27,7,4,2,1,0,20,18,19,14,2,0,0,10.396939,0.777434,9.64424,0.15,0.5,0.26,0.785159,0.353795,0
user_70445,2022-09-29 09:04:00,17,13,6,2,2,0,7,15,1,12,15,3,0,6.87921,4.598761,11.349994,0.35,0.33,0.76,0.693586,0.322278,0
user_70446,2022-10-26 19:58:00,29,11,7,0,4,1,19,18,12,16,0,2,0,0.109375,5.096739,9.138391,0.24,0.0,0.38,0.863566,0.891641,0
user_70447,2022-10-13 03:29:00,22,8,8,2,3,1,5,6,18,16,17,3,0,1.450777,2.549815,10.679035,0.36,0.25,0.36,0.724721,0.61883,0
user_70448,2022-09-05 02:45:00,31,12,5,0,2,0,8,19,12,9,18,0,0,3.735985,4.917648,11.649853,0.16,0.0,0.39,0.789721,0.885776,0
user_70449,2022-09-08 08:43:00,27,15,15,1,4,2,2,13,10,8,2,3,0,6.562432,8.532283,6.164358,0.56,0.07,0.56,0.820952,0.962282,0
user_70450,2022-09-22 10:09:00,18,5,8,0,0,3,11,17,9,14,4,3,0,8.082903,0.629437,12.645773,0.44,0.0,0.28,0.609912,0.739432,0
user_70451,2022-09-04 14:03:00,19,15,9,2,1,1,19,9,12,18,6,6,1,6.347606,7.448333,6.662144,0.47,0.22,0.79,0.422399,0.483588,0
user_70452,2022-09-13 01:52:00,22,5,10,0,3,1,12,16,4,4,10,1,0,4.221221,0.69643,0.220323,0.45,0.0,0.23,0.465159,0.341612,0
user_70453,2022-09-17 03:15:00,20,8,9,0,0,6,0,10,15,17,19,5,1,0.768017,8.776514,5.440116,0.45,0.0,0.4,0.519624,0.550481,1
user_70454,2022-10-26 16:07:00,21,7,8,0,5,1,8,18,19,11,17,2,0,0.437327,2.679274,7.169579,0.38,0.0,0.33,0.436989,0.881098,0
user_70455,2022-10-03 23:03:00,17,11,9,0,4,2,19,1,11,11,3,0,0,9.04987,13.119322,3.663937,0.53,0.0,0.65,0.873163,0.931827,0
user_70456,2022-09-28 03:37:00,23,17,6,1,2,2,7,11,1,17,15,2,0,5.910162,5.138772,3.812472,0.26,0.17,0.74,0.605383,0.710554,0
user_70457,2022-09-29 11:00:00,18,7,6,0,1,0,8,3,8,4,4,3,0,3.041275,5.722424,7.690395,0.33,0.0,0.39,0.754368,0.912919,0
user_70458,2022-09-25 01:32:00,21,12,5,1,3,0,19,12,1,9,5,6,1,10.155617,1.499068,8.388072,0.24,0.2,0.57,0.813241,0.726715,0
user_70459,2022-09-27 16:26:00,18,9,6,0,2,2,0,15,6,5,14,1,0,6.399131,3.565519,9.206559,0.33,0.0,0.5,0.458289,0.916246,0
user_70460,2022-10-25 02:59:00,20,12,10,0,1,3,3,10,6,2,16,1,0,1.50295,4.879425,9.045564,0.5,0.0,0.6,0.902632,0.983785,0
user_70461,2022-09-06 00:22:00,26,9,8,0,3,0,15,13,16,8,6,1,0,9.004809,8.344095,9.198919,0.31,0.0,0.35,0.62378,0.836691,0
user_70462,2022-09-06 14:16:00,23,12,9,2,0,1,2,3,5,14,12,1,0,4.045569,2.475365,8.138008,0.39,0.22,0.52,0.611435,0.427261,0
user_70463,2022-10-02 13:55:00,22,10,9,0,2,3,18,1,20,16,0,6,1,9.129418,8.035605,5.391294,0.41,0.0,0.45,0.417974,0.375221,0
user_70464,2022-10-02 23:56:00,27,9,5,0,3,1,5,16,9,11,19,6,1,3.773972,4.836817,12.871604,0.19,0.0,0.33,0.352917,0.718074,1
user_70465,2022-10-07 06:54:00,24,7,9,2,3,2,6,6,20,16,15,4,0,1.440946,4.574449,7.170791,0.38,0.22,0.29,0.644581,0.513605,0
user_70466,2022-09-19 02:35:00,23,13,9,2,5,2,8,11,6,12,11,0,0,1.096655,6.229145,5.375971,0.39,0.22,0.57,0.611674,0.568771,0
user_70467,2022-09-03 19:18:00,15,4,5,0,1,1,20,12,8,12,11,5,1,1.840433,1.886402,5.288227,0.33,0.0,0.27,0.684772,0.308846,0
user_70468,2022-10-29 00:35:00,31,7,5,2,3,0,11,17,11,13,4,5,1,8.136974,14.045527,7.501881,0.16,0.4,0.23,0.847755,0.413603,0
user_70469,2022-09-02 20:09:00,21,11,12,2,2,1,10,11,2,11,7,4,0,1.841103,8.094407,11.940968,0.57,0.17,0.52,0.634896,0.401799,0
user_70470,2022-09-09 08:16:00,19,13,7,0,1,1,3,17,10,16,4,4,0,9.675743,0.213262,8.420404,0.37,0.0,0.68,0.77529,0.9589,0
user_70471,2022-10-18 22:08:00,19,10,7,1,1,1,1,15,7,13,3,1,0,4.115056,5.627619,1.349131,0.37,0.14,0.53,0.705331,0.887267,0
user_70472,2022-09-07 04:13:00,20,8,10,0,2,1,15,16,2,12,15,2,0,5.658176,10.764446,4.469231,0.5,0.0,0.4,0.40478,0.994577,0
user_70473,2022-09-04 14:36:00,14,9,10,2,1,2,19,19,4,15,17,6,1,4.694764,5.780338,7.409482,0.71,0.2,0.64,0.630674,0.449818,0
user_70474,2022-09-08 14:41:00,23,9,7,0,1,2,4,8,5,16,13,3,0,6.752663,5.040493,7.577375,0.3,0.0,0.39,0.961234,0.570232,0
user_70475,2022-10-28 21:49:00,22,16,12,0,1,1,3,9,6,15,4,4,0,9.458055,4.561286,10.572786,0.55,0.0,0.73,0.792532,0.546632,0
user_70476,2022-10-27 17:15:00,13,6,4,0,2,0,1,11,3,3,2,3,0,9.298604,5.916814,10.8633,0.31,0.0,0.46,0.465252,0.946972,0
user_70477,2022-09-28 07:03:00,26,13,12,1,1,4,11,20,4,20,13,2,0,3.832635,9.404161,10.540786,0.46,0.08,0.5,0.470035,0.885167,0
user_70478,2022-09-12 05:50:00,19,8,8,1,1,4,19,12,6,7,2,0,0,7.147075,1.113493,3.073553,0.42,0.12,0.42,0.733739,0.818173,0
user_70479,2022-09-25 21:40:00,25,9,12,0,2,4,9,9,2,0,9,6,1,8.034959,1.240179,5.898202,0.48,0.0,0.36,0.477846,0.81523,0
user_70480,2022-10-24 09:40:00,23,13,9,1,2,1,5,13,1,13,9,0,0,12.383456,0.219537,6.185921,0.39,0.11,0.57,0.674633,0.59193,0
user_70481,2022-10-26 11:58:00,18,11,8,0,4,1,18,18,4,13,13,2,0,8.164317,8.047975,12.810645,0.44,0.0,0.61,0.545509,0.48822,0
user_70482,2022-10-28 18:05:00,23,14,6,1,0,1,18,13,2,8,3,4,0,1.106098,2.187906,4.129419,0.26,0.17,0.61,0.805356,0.949281,0
user_70483,2022-10-19 16:42:00,18,17,13,0,0,0,15,18,7,8,3,2,0,4.541566,4.48804,6.132015,0.72,0.0,0.94,0.769458,0.906346,0
user_70484,2022-09-16 20:16:00,29,11,9,1,2,2,8,4,0,7,3,4,0,2.974798,7.454203,7.012019,0.31,0.11,0.38,0.301334,0.43295,0
user_70485,2022-09-13 02:51:00,19,14,3,1,3,0,6,6,12,3,10,1,0,4.660658,6.029738,5.13772,0.16,0.33,0.74,0.639416,0.996727,0
user_70486,2022-10-19 12:15:00,22,12,9,0,1,3,3,13,3,16,13,2,0,2.777049,2.159069,7.344585,0.41,0.0,0.55,0.494069,0.660183,0
user_70487,2022-09-12 23:58:00,26,11,6,0,2,1,12,6,12,9,18,0,0,1.358488,3.270242,9.165169,0.23,0.0,0.42,0.754665,0.93415,0
user_70488,2022-09-04 15:45:00,19,12,6,0,1,1,7,7,7,9,20,6,1,7.457276,3.857517,7.153432,0.32,0.0,0.63,0.640855,0.41179,1
user_70489,2022-09-02 02:49:00,16,10,10,0,2,1,2,3,9,6,7,4,0,6.148545,2.934712,9.549591,0.62,0.0,0.62,0.383674,0.392683,0
user_70490,2022-10-27 08:21:00,23,11,7,0,2,4,11,17,20,5,10,3,0,9.929651,12.967314,10.263193,0.3,0.0,0.48,0.870688,0.834733,0
user_70491,2022-09-13 06:20:00,19,10,11,0,1,1,10,8,19,15,17,1,0,3.906647,5.639626,8.821836,0.58,0.0,0.53,0.947228,0.402756,0
user_70492,2022-10-26 16:05:00,19,3,13,1,3,4,12,18,5,10,8,2,0,3.249954,3.216649,9.291748,0.68,0.08,0.16,0.951085,0.639086,0
user_70493,2022-09-11 21:52:00,21,12,5,2,1,1,17,11,7,16,19,6,1,1.99938,1.753549,8.558399,0.24,0.4,0.57,0.440609,0.340393,1
user_70494,2022-10-29 18:56:00,18,10,9,0,2,2,2,20,13,3,9,5,1,0.720104,4.680564,5.976628,0.5,0.0,0.56,0.338783,0.457165,0
user_70495,2022-10-12 14:36:00,15,6,8,1,3,2,9,4,8,0,11,2,0,3.23092,8.422959,6.368387,0.53,0.12,0.4,0.948767,0.412653,0
user_70496,2022-09-25 02:15:00,17,5,6,1,0,0,12,9,8,4,3,6,1,8.219552,1.230682,10.361981,0.35,0.17,0.29,0.412115,0.873736,0
user_70497,2022-09-21 22:05:00,19,8,10,0,2,1,14,20,6,11,19,2,0,4.741862,1.425416,9.11469,0.53,0.0,0.42,0.332182,0.547701,1
user_70498,2022-10-17 23:11:00,17,7,6,1,4,1,15,20,4,10,8,0,0,10.366641,10.328856,2.056065,0.35,0.17,0.41,0.422144,0.784808,0
user_70499,2022-09-22 01:53:00,22,12,8,0,1,1,10,5,17,19,18,3,0,3.414876,9.289515,0.439246,0.36,0.0,0.55,0.867352,0.642334,0
user_70500,2022-10-28 13:03:00,20,13,5,0,2,0,9,6,11,9,10,4,0,9.578852,5.103022,10.306624,0.25,0.0,0.65,0.454955,0.384929,0
user_70501,2022-10-01 16:21:00,29,9,6,0,0,3,15,0,1,5,14,5,1,9.332555,6.049403,7.024553,0.21,0.0,0.31,0.634556,0.977711,0
user_70502,2022-09-22 07:23:00,20,10,17,1,4,3,19,10,0,12,4,3,0,2.102707,3.424387,5.445283,0.85,0.06,0.5,0.325742,0.481712,0
user_70503,2022-10-08 06:13:00,9,13,5,0,0,0,1,6,12,16,0,5,1,1.041801,9.415134,1.743719,0.56,0.0,1.44,0.305044,0.571428,0
user_70504,2022-10-29 09:35:00,18,6,9,1,4,0,19,4,16,18,0,5,1,6.366153,3.59662,5.94229,0.5,0.11,0.33,0.798505,0.675989,0
user_70505,2022-09-21 16:40:00,18,13,9,0,2,2,6,15,6,13,16,2,0,5.96261,7.643257,10.142587,0.5,0.0,0.72,0.428319,0.351796,0
user_70506,2022-09-21 14:47:00,24,16,8,1,3,1,0,12,10,3,12,2,0,7.763169,4.774992,10.947433,0.33,0.12,0.67,0.95085,0.663512,0
user_70507,2022-09-22 23:35:00,17,13,12,0,0,3,2,12,12,9,16,3,0,7.482364,1.035127,5.303554,0.71,0.0,0.76,0.379258,0.309941,0
user_70508,2022-09-03 13:42:00,16,11,5,0,1,0,18,16,20,20,16,5,1,6.124309,0.717889,4.806509,0.31,0.0,0.69,0.472146,0.990509,0
user_70509,2022-10-22 04:02:00,20,13,10,0,3,2,11,3,11,6,3,5,1,6.779661,8.011065,5.132834,0.5,0.0,0.65,0.38688,0.568614,0
user_70510,2022-09-03 14:12:00,18,11,12,0,4,3,3,14,8,16,16,5,1,7.639824,4.074562,6.106129,0.67,0.0,0.61,0.935856,0.338119,0
user_70511,2022-10-01 19:00:00,14,6,2,0,1,0,1,10,11,16,1,5,1,6.384456,5.510902,3.679487,0.14,0.0,0.43,0.319259,0.487106,0
user_70512,2022-10-05 17:46:00,16,12,17,1,0,3,3,9,17,5,12,2,0,1.978233,3.172419,9.197483,1.06,0.06,0.75,0.308647,0.735637,0
user_70513,2022-09-05 08:27:00,24,11,6,0,3,2,6,16,16,20,12,0,0,4.309466,7.216912,7.112164,0.25,0.0,0.46,0.510433,0.358282,0
user_70514,2022-10-24 16:19:00,15,13,6,1,1,2,14,10,13,5,15,0,0,2.276289,4.890581,12.388457,0.4,0.17,0.87,0.984829,0.413754,0
user_70515,2022-10-05 03:58:00,17,6,10,1,1,5,2,19,10,20,10,2,0,5.335693,0.427391,7.224494,0.59,0.1,0.35,0.749241,0.976554,0
user_70516,2022-09-21 21:48:00,24,7,5,1,3,2,18,3,18,15,3,2,0,4.209245,2.614838,12.000697,0.21,0.2,0.29,0.81863,0.686789,0
user_70517,2022-09-04 07:06:00,21,9,3,1,1,1,18,10,6,2,14,6,1,4.738544,3.387257,6.994616,0.14,0.33,0.43,0.351026,0.656832,0
user_70518,2022-10-21 12:16:00,20,11,14,0,1,0,20,6,13,13,2,4,0,5.966193,1.43129,9.056196,0.7,0.0,0.55,0.621265,0.651286,0
user_70519,2022-10-18 18:58:00,18,8,5,1,1,3,10,4,9,7,20,1,0,5.992997,1.95283,9.071129,0.28,0.2,0.44,0.786364,0.681911,1
user_70520,2022-10-23 03:46:00,19,10,7,0,3,2,19,18,2,2,13,6,1,9.054433,5.387332,13.487814,0.37,0.0,0.53,0.987885,0.499627,0
user_70521,2022-10-27 06:47:00,12,8,8,1,1,1,12,1,15,17,1,3,0,4.155524,2.43364,4.377161,0.67,0.12,0.67,0.86675,0.409389,0
user_70522,2022-09-04 16:10:00,11,10,12,0,1,4,17,1,20,5,3,6,1,3.043763,6.519211,4.977721,1.09,0.0,0.91,0.3426,0.616997,0
user_70523,2022-09-27 04:38:00,20,8,5,2,1,3,9,19,15,15,13,1,0,7.01562,8.192229,7.419612,0.25,0.4,0.4,0.98532,0.394532,0
user_70524,2022-09-23 18:08:00,22,12,7,2,3,3,15,12,2,5,15,4,0,8.496981,2.806886,8.780722,0.32,0.29,0.55,0.720599,0.37405,0
user_70525,2022-10-26 09:25:00,19,18,11,1,1,2,1,2,16,11,18,2,0,4.745232,5.159825,9.337994,0.58,0.09,0.95,0.873249,0.412866,0
user_70526,2022-10-14 17:33:00,18,17,6,1,1,0,11,0,17,7,20,4,0,0.670371,3.330587,6.723758,0.33,0.17,0.94,0.765452,0.532944,1
user_70527,2022-09-29 12:41:00,23,9,5,0,4,1,14,10,20,10,19,3,0,3.531546,5.632287,7.815453,0.22,0.0,0.39,0.331978,0.433488,1
user_70528,2022-10-24 20:00:00,21,10,5,1,3,0,16,12,15,10,3,0,0,7.407672,7.731463,10.808896,0.24,0.2,0.48,0.656725,0.968486,0
user_70529,2022-09-08 09:18:00,18,10,9,0,1,2,3,4,6,7,1,3,0,2.968866,3.774944,4.931264,0.5,0.0,0.56,0.412626,0.949799,0
user_70530,2022-10-22 21:48:00,16,12,4,0,1,0,12,1,18,4,1,5,1,2.196606,4.393012,4.974882,0.25,0.0,0.75,0.549026,0.817873,0
user_70531,2022-10-02 23:36:00,14,13,5,0,0,0,11,16,16,14,1,6,1,1.271593,5.732448,3.450433,0.36,0.0,0.93,0.975632,0.941746,0
user_70532,2022-10-16 23:11:00,23,16,6,1,4,2,11,12,14,12,17,6,1,7.085002,4.38982,8.715313,0.26,0.17,0.7,0.634721,0.58865,0
user_70533,2022-09-24 03:33:00,21,9,6,1,2,0,13,11,15,13,13,5,1,6.126196,7.340726,3.482451,0.29,0.17,0.43,0.475008,0.813091,0
user_70534,2022-09-26 18:22:00,19,12,6,0,0,0,5,10,15,10,12,0,0,4.700414,2.929994,9.350613,0.32,0.0,0.63,0.548605,0.583514,0
user_70535,2022-10-27 22:38:00,20,10,8,1,0,0,13,0,4,2,15,3,0,0.761973,6.196146,8.204079,0.4,0.12,0.5,0.912718,0.988945,0
user_70536,2022-10-05 22:10:00,19,15,5,1,1,2,1,18,19,5,20,2,0,6.439707,4.22618,2.833659,0.26,0.2,0.79,0.614043,0.621265,1
user_70537,2022-10-22 12:37:00,23,11,11,0,1,2,8,5,11,20,0,5,1,5.228733,9.067113,3.450043,0.48,0.0,0.48,0.725903,0.761809,0
user_70538,2022-09-29 00:35:00,19,11,6,1,1,0,8,17,17,20,9,3,0,7.010272,8.752267,5.488965,0.32,0.17,0.58,0.438103,0.824665,0
user_70539,2022-10-12 20:56:00,25,9,7,0,3,3,7,19,10,11,6,2,0,6.536526,2.715833,6.59532,0.28,0.0,0.36,0.752542,0.641139,0
user_70540,2022-09-29 03:45:00,22,14,6,1,3,1,15,14,5,11,11,3,0,3.350511,4.998221,14.406294,0.27,0.17,0.64,0.962881,0.642616,0
user_70541,2022-09-11 19:08:00,13,12,6,0,3,2,3,2,10,2,19,6,1,2.847202,1.188856,6.176047,0.46,0.0,0.92,0.412415,0.458071,1
user_70542,2022-09-25 05:51:00,23,10,6,1,2,2,17,9,18,10,9,6,1,6.239415,5.672,2.159887,0.26,0.17,0.43,0.407315,0.675257,0
user_70543,2022-09-02 00:38:00,22,10,6,0,1,0,2,8,12,12,11,4,0,2.020673,4.820063,5.628899,0.27,0.0,0.45,0.990497,0.598889,0
user_70544,2022-10-09 17:35:00,19,6,12,2,1,1,11,16,6,7,16,6,1,6.984085,6.130846,7.55312,0.63,0.17,0.32,0.765697,0.84554,0
user_70545,2022-09-02 21:44:00,20,11,7,1,1,0,7,7,20,10,6,4,0,4.469966,9.2332,6.134596,0.35,0.14,0.55,0.967891,0.702244,0
user_70546,2022-09-02 15:54:00,16,13,8,1,1,0,0,0,6,7,19,4,0,4.684337,8.577665,3.000187,0.5,0.12,0.81,0.988207,0.762533,1
user_70547,2022-10-23 13:16:00,23,15,13,0,4,2,17,2,4,6,3,6,1,5.713097,1.756748,8.824687,0.57,0.0,0.65,0.739775,0.67013,0
user_70548,2022-10-22 00:54:00,18,8,9,1,1,0,13,10,10,2,15,5,1,3.054876,8.821345,8.224993,0.5,0.11,0.44,0.994416,0.50975,0
user_70549,2022-09-06 01:54:00,24,15,5,1,2,0,16,3,13,14,12,1,0,2.122575,8.425962,4.022358,0.21,0.2,0.62,0.539668,0.3018,0
user_70550,2022-09-04 15:33:00,18,17,6,0,1,1,5,12,11,20,3,6,1,2.041108,0.142983,7.788673,0.33,0.0,0.94,0.838618,0.950141,0
user_70551,2022-10-26 20:39:00,20,5,6,0,1,1,13,9,15,3,15,2,0,5.43811,4.794069,6.02921,0.3,0.0,0.25,0.686699,0.356119,0
user_70552,2022-09-08 23:15:00,23,10,2,0,3,1,18,4,0,12,10,3,0,2.938672,6.572431,7.386126,0.09,0.0,0.43,0.716457,0.317783,0
user_70553,2022-10-16 21:38:00,21,13,4,0,3,1,13,13,19,3,1,6,1,2.488817,5.242519,4.215715,0.19,0.0,0.62,0.560866,0.426083,0
user_70554,2022-10-24 12:57:00,16,16,4,1,2,0,1,1,9,6,12,0,0,2.515868,11.426281,5.887398,0.25,0.25,1.0,0.3503,0.701676,0
user_70555,2022-10-13 00:10:00,26,11,13,0,4,4,11,5,15,3,20,3,0,6.578343,1.785366,3.276479,0.5,0.0,0.42,0.943644,0.946267,1
user_70556,2022-09-23 16:47:00,27,9,8,1,3,2,6,14,14,13,2,4,0,3.416729,4.327192,9.945496,0.3,0.12,0.33,0.531712,0.784232,0
user_70557,2022-09-11 13:37:00,21,17,11,1,2,2,12,10,17,0,0,6,1,7.441138,2.296199,1.310126,0.52,0.09,0.81,0.717582,0.42607,0
user_70558,2022-09-22 18:42:00,22,7,10,0,3,1,1,18,2,17,16,3,0,5.201883,6.417967,3.390468,0.45,0.0,0.32,0.976476,0.744475,0
user_70559,2022-10-26 02:56:00,19,9,13,2,1,1,1,7,15,6,0,2,0,3.41089,7.555657,2.661846,0.68,0.15,0.47,0.882917,0.887989,0
user_70560,2022-10-14 14:17:00,16,9,14,1,1,3,11,20,10,16,17,4,0,0.411415,5.693181,6.371482,0.88,0.07,0.56,0.695692,0.814211,0
user_70561,2022-10-15 18:16:00,20,7,10,0,2,3,13,12,14,16,18,5,1,6.040055,6.723335,3.522787,0.5,0.0,0.35,0.535141,0.783481,0
user_70562,2022-10-05 18:22:00,16,9,5,1,5,2,13,11,15,2,9,2,0,5.43555,4.331,4.356958,0.31,0.2,0.56,0.923838,0.419731,0
user_70563,2022-09-19 19:13:00,16,7,5,2,1,0,15,17,2,16,19,0,0,1.967452,1.637622,3.744715,0.31,0.4,0.44,0.303781,0.852333,1
user_70564,2022-10-13 14:59:00,22,11,3,0,0,1,7,5,10,10,20,3,0,6.763793,5.437993,10.006277,0.14,0.0,0.5,0.712729,0.843977,1
user_70565,2022-09-22 04:00:00,25,10,5,1,5,0,10,11,17,4,13,3,0,7.180954,7.367672,8.111824,0.2,0.2,0.4,0.528633,0.418882,0
user_70566,2022-10-21 01:14:00,20,3,5,0,1,2,17,18,13,12,6,4,0,4.415507,9.889235,7.316367,0.25,0.0,0.15,0.682621,0.481103,0
user_70567,2022-09-09 16:25:00,22,10,12,1,4,3,3,19,20,5,14,4,0,3.406783,10.466833,13.327885,0.55,0.08,0.45,0.59462,0.781761,0
user_70568,2022-09-01 21:19:00,16,9,21,0,2,6,2,12,1,3,0,3,0,0.544631,9.952143,11.226825,1.31,0.0,0.56,0.875462,0.308767,0
user_70569,2022-09-27 07:28:00,26,12,8,0,4,1,14,15,17,2,13,1,0,9.523245,4.670045,10.807076,0.31,0.0,0.46,0.654261,0.311779,0
user_70570,2022-09-22 22:06:00,21,10,8,0,3,2,10,2,7,17,12,3,0,4.166676,2.285869,5.955992,0.38,0.0,0.48,0.885077,0.474921,0
user_70571,2022-10-21 23:34:00,21,8,7,0,2,1,17,3,7,0,8,4,0,7.246487,5.501577,10.867804,0.33,0.0,0.38,0.428769,0.622663,0
user_70572,2022-10-21 02:52:00,17,17,6,0,1,0,2,11,14,3,16,4,0,4.71451,6.317607,7.090167,0.35,0.0,1.0,0.448179,0.343384,0
user_70573,2022-10-01 07:53:00,24,12,10,0,3,1,10,14,4,6,3,5,1,9.063473,3.884066,11.151812,0.42,0.0,0.5,0.82144,0.56891,0
user_70574,2022-09-18 02:01:00,19,10,6,1,0,1,2,20,8,19,15,6,1,0.203106,3.261589,2.161927,0.32,0.17,0.53,0.679269,0.789729,0
user_70575,2022-10-13 23:27:00,24,9,10,0,2,3,6,11,12,12,14,3,0,0.295656,4.426391,9.180328,0.42,0.0,0.38,0.934322,0.907057,0
user_70576,2022-09-06 10:29:00,21,13,8,0,5,1,7,11,8,1,2,1,0,2.41407,7.470905,4.824979,0.38,0.0,0.62,0.511078,0.308358,0
user_70577,2022-09-22 21:41:00,14,10,10,1,2,3,4,6,12,17,0,3,0,8.084516,1.013586,4.410681,0.71,0.1,0.71,0.363696,0.972555,0
user_70578,2022-10-06 13:12:00,15,11,8,0,1,3,6,15,0,20,13,3,0,4.475601,7.630248,7.155658,0.53,0.0,0.73,0.886184,0.816161,0
user_70579,2022-09-30 18:46:00,17,9,6,0,1,1,18,14,10,15,3,4,0,5.880214,8.769682,9.218421,0.35,0.0,0.53,0.453191,0.91006,0
user_70580,2022-10-15 14:00:00,16,7,4,0,1,1,2,8,7,12,15,5,1,3.662326,4.416477,7.045327,0.25,0.0,0.44,0.399084,0.985807,0
user_70581,2022-10-15 14:12:00,19,7,9,1,1,1,18,1,7,12,2,5,1,1.965732,2.82927,8.2407,0.47,0.11,0.37,0.897434,0.695717,0
user_70582,2022-10-01 10:39:00,19,8,9,2,3,5,8,10,0,6,12,5,1,2.751312,1.368384,8.354367,0.47,0.22,0.42,0.424339,0.984092,0
user_70583,2022-09-29 05:18:00,19,16,12,1,3,2,17,5,13,11,17,3,0,6.607809,7.913587,9.465552,0.63,0.08,0.84,0.780091,0.756765,0
user_70584,2022-09-19 06:35:00,20,7,10,2,1,1,1,18,19,5,16,0,0,0.985717,7.408823,9.09674,0.5,0.2,0.35,0.695872,0.597012,0
user_70585,2022-10-23 11:17:00,15,7,9,0,1,3,5,2,7,6,11,6,1,11.536814,5.353433,8.78819,0.6,0.0,0.47,0.723745,0.908018,0
user_70586,2022-10-13 04:29:00,21,3,15,1,2,1,6,15,4,7,17,3,0,0.082569,4.211548,9.070793,0.71,0.07,0.14,0.547831,0.863036,0
user_70587,2022-10-01 09:08:00,23,11,5,0,4,2,11,12,13,7,16,5,1,2.82164,6.741672,3.143041,0.22,0.0,0.48,0.370631,0.808548,0
user_70588,2022-10-02 00:03:00,9,13,11,1,0,1,1,11,1,17,10,6,1,3.610918,3.906359,7.889558,1.22,0.09,1.44,0.961211,0.377047,0
user_70589,2022-10-27 23:52:00,17,11,5,3,2,1,20,15,17,11,13,3,0,7.526841,7.426247,6.917809,0.29,0.6,0.65,0.537469,0.722806,0
user_70590,2022-10-26 20:41:00,21,15,5,0,1,0,9,16,14,5,2,2,0,7.914608,2.489221,4.293109,0.24,0.0,0.71,0.844477,0.803217,0
user_70591,2022-09-07 20:44:00,19,7,10,0,2,2,13,6,1,1,15,2,0,6.395538,8.636402,5.455483,0.53,0.0,0.37,0.730028,0.671332,0
user_70592,2022-09-28 10:39:00,22,7,9,1,3,2,4,9,11,11,10,2,0,6.590396,2.389053,5.257225,0.41,0.11,0.32,0.436965,0.518909,0
user_70593,2022-09-09 05:30:00,20,16,12,2,2,2,12,10,15,16,5,4,0,2.311704,8.648886,5.048472,0.6,0.17,0.8,0.71527,0.837466,0
user_70594,2022-09-06 08:01:00,16,8,4,1,1,0,16,6,13,18,17,1,0,7.189271,6.234609,3.485815,0.25,0.25,0.5,0.720283,0.411814,0
user_70595,2022-10-03 15:22:00,13,6,6,0,2,1,18,10,6,11,11,0,0,12.061253,6.020332,12.572714,0.46,0.0,0.46,0.925404,0.935202,0
user_70596,2022-09-13 10:17:00,22,7,13,2,2,3,9,4,17,14,7,1,0,6.494254,2.71602,6.561534,0.59,0.15,0.32,0.440698,0.474289,0
user_70597,2022-09-04 03:10:00,16,13,7,2,0,2,12,11,14,17,19,6,1,3.522627,7.784294,6.995907,0.44,0.29,0.81,0.332572,0.919083,1
user_70598,2022-10-15 22:25:00,29,8,10,0,3,3,3,6,14,18,4,5,1,6.685179,6.912072,2.203886,0.34,0.0,0.28,0.879528,0.745569,0
user_70599,2022-09-02 21:13:00,15,11,11,0,3,3,17,1,3,13,5,4,0,7.333438,2.13612,9.204472,0.73,0.0,0.73,0.712515,0.798989,0
user_70600,2022-09-05 21:54:00,15,11,12,1,1,1,18,13,0,3,4,0,0,2.421892,4.879685,3.785053,0.8,0.08,0.73,0.419622,0.940548,0
user_70601,2022-10-14 00:31:00,25,13,6,1,6,3,5,8,12,15,15,4,0,8.632488,8.762365,13.959852,0.24,0.17,0.52,0.774737,0.821113,0
user_70602,2022-10-16 20:50:00,9,16,5,0,0,2,1,20,7,7,17,6,1,5.758282,3.856133,6.542422,0.56,0.0,1.78,0.36037,0.504885,0
user_70603,2022-09-23 05:33:00,17,7,9,2,3,2,18,1,14,20,3,4,0,6.038593,1.250521,10.315953,0.53,0.22,0.41,0.590106,0.609137,0
user_70604,2022-10-07 17:10:00,24,11,5,1,5,1,5,15,7,11,10,4,0,3.455473,1.863948,8.912611,0.21,0.2,0.46,0.303173,0.834972,0
user_70605,2022-09-13 00:15:00,31,17,6,0,4,2,14,18,18,14,10,1,0,8.002741,5.537783,10.350436,0.19,0.0,0.55,0.823371,0.387498,0
user_70606,2022-10-19 09:41:00,21,6,6,1,2,1,5,5,19,19,17,2,0,4.794218,2.179123,11.373417,0.29,0.17,0.29,0.896479,0.650255,0
user_70607,2022-09-02 19:49:00,20,8,14,2,6,3,10,14,6,1,16,4,0,2.766487,0.944544,6.055437,0.7,0.14,0.4,0.303754,0.724388,0
user_70608,2022-09-10 10:38:00,24,9,5,0,3,2,6,18,9,5,14,5,1,9.650449,3.995645,6.801863,0.21,0.0,0.38,0.449004,0.54361,0
user_70609,2022-09-27 22:52:00,33,7,2,0,2,1,10,3,0,11,4,1,0,10.206185,2.59638,6.163439,0.06,0.0,0.21,0.660205,0.559834,0
user_70610,2022-09-12 10:36:00,15,6,8,1,0,1,13,18,15,2,1,0,0,3.210377,2.664223,6.073647,0.53,0.12,0.4,0.843121,0.31915,0
user_70611,2022-09-30 07:37:00,21,10,6,0,2,0,3,17,2,0,10,4,0,5.882655,7.027741,0.200227,0.29,0.0,0.48,0.369252,0.595588,0
user_70612,2022-10-30 15:02:00,13,9,6,1,0,2,17,2,20,19,3,6,1,4.025921,4.132262,6.460846,0.46,0.17,0.69,0.302467,0.960618,0
user_70613,2022-10-08 17:37:00,20,8,6,0,2,1,20,12,16,9,12,5,1,3.431402,3.090732,3.932851,0.3,0.0,0.4,0.308839,0.34846,0
user_70614,2022-10-05 11:27:00,21,10,7,2,6,2,20,7,18,18,2,2,0,8.943024,3.429976,9.373688,0.33,0.29,0.48,0.51431,0.624824,0
user_70615,2022-09-04 15:57:00,21,5,5,2,3,0,14,14,12,5,11,6,1,0.082245,4.742363,13.015056,0.24,0.4,0.24,0.513775,0.623008,0
user_70616,2022-10-17 07:00:00,23,8,3,1,7,0,5,5,18,2,6,0,0,0.419225,5.253581,5.705116,0.13,0.33,0.35,0.992697,0.888164,0
user_70617,2022-09-05 07:54:00,22,13,11,1,2,4,15,3,19,1,7,0,0,3.705959,7.376719,7.180027,0.5,0.09,0.59,0.885383,0.810313,0
user_70618,2022-09-05 17:06:00,20,15,7,1,1,2,2,4,17,2,12,0,0,6.964288,4.945704,6.640711,0.35,0.14,0.75,0.537658,0.451715,0
user_70619,2022-09-25 18:50:00,28,11,8,1,3,0,15,7,18,11,9,6,1,5.27317,9.418851,8.873901,0.29,0.12,0.39,0.414367,0.494209,0
user_70620,2022-09-14 00:44:00,19,13,9,0,1,1,5,8,18,11,13,2,0,6.217111,5.838716,5.772609,0.47,0.0,0.68,0.772759,0.761307,0
user_70621,2022-10-18 06:21:00,13,9,8,0,3,2,13,7,20,10,2,1,0,7.100044,2.379831,7.307852,0.62,0.0,0.69,0.843421,0.659331,0
user_70622,2022-10-23 08:56:00,21,11,7,2,1,2,12,19,15,8,15,6,1,2.013625,5.860913,7.082841,0.33,0.29,0.52,0.850788,0.977266,0
user_70623,2022-09-09 17:22:00,14,6,3,1,0,2,19,6,4,1,0,4,0,7.596602,1.069621,2.23816,0.21,0.33,0.43,0.82667,0.676343,0
user_70624,2022-10-12 18:48:00,12,12,2,1,0,0,8,19,19,0,13,2,0,8.837148,1.02447,6.133441,0.17,0.5,1.0,0.572815,0.741286,0
user_70625,2022-09-22 14:30:00,21,6,9,0,4,3,4,10,8,19,5,3,0,3.189583,2.824698,12.171582,0.43,0.0,0.29,0.355805,0.483876,0
user_70626,2022-09-16 22:08:00,19,9,4,1,2,0,0,3,11,1,13,4,0,7.939157,7.257916,8.651446,0.21,0.25,0.47,0.54754,0.984251,0
user_70627,2022-10-03 18:29:00,21,8,8,0,5,2,3,18,9,8,5,0,0,9.124429,1.180229,5.817891,0.38,0.0,0.38,0.826074,0.355714,0
user_70628,2022-09-11 17:54:00,23,8,5,1,1,0,11,4,11,12,11,6,1,9.815996,6.64457,3.463752,0.22,0.2,0.35,0.829563,0.453402,0
user_70629,2022-10-26 22:01:00,20,9,7,1,3,1,17,12,14,13,11,2,0,4.553186,7.103813,2.757505,0.35,0.14,0.45,0.477383,0.942055,0
user_70630,2022-10-05 13:40:00,14,9,6,0,0,1,20,4,13,1,3,2,0,3.835771,3.085039,8.615896,0.43,0.0,0.64,0.683754,0.720319,0
user_70631,2022-09-30 18:37:00,17,9,7,0,1,0,13,0,3,5,18,4,0,9.868444,4.184227,9.909405,0.41,0.0,0.53,0.344474,0.66832,0
user_70632,2022-10-15 09:47:00,15,10,13,0,4,2,17,14,16,9,14,5,1,0.033033,5.566699,9.812507,0.87,0.0,0.67,0.813549,0.815615,0
user_70633,2022-09-04 10:07:00,20,11,5,1,1,0,1,0,4,7,8,6,1,7.979894,0.915187,12.484226,0.25,0.2,0.55,0.792458,0.32058,0
user_70634,2022-09-15 08:34:00,23,8,13,0,2,3,17,4,9,17,7,3,0,9.031587,2.158733,1.285931,0.57,0.0,0.35,0.533267,0.862343,0
user_70635,2022-09-11 17:17:00,21,14,9,0,2,1,12,9,17,6,5,6,1,2.25288,2.220022,5.23591,0.43,0.0,0.67,0.580998,0.382188,0
user_70636,2022-09-03 16:48:00,21,10,9,2,2,2,9,0,16,11,17,5,1,13.753784,0.5818,3.647897,0.43,0.22,0.48,0.900035,0.855421,0
user_70637,2022-10-12 16:38:00,21,8,7,1,4,0,14,13,9,15,19,2,0,6.947058,7.867489,6.819442,0.33,0.14,0.38,0.644797,0.425838,1
user_70638,2022-09-29 18:29:00,21,14,9,0,1,3,2,8,16,5,19,3,0,3.973925,6.406271,9.576388,0.43,0.0,0.67,0.799412,0.751833,1
user_70639,2022-09-22 05:46:00,12,8,7,0,1,1,15,13,17,2,4,3,0,7.194301,8.44953,4.914465,0.58,0.0,0.67,0.394545,0.398944,0
user_70640,2022-10-13 15:53:00,10,14,6,2,0,1,3,12,4,16,9,3,0,5.278607,12.885087,4.338219,0.6,0.33,1.4,0.883185,0.881099,0
user_70641,2022-10-17 23:56:00,20,9,7,0,2,2,15,13,7,19,15,0,0,3.049508,6.154313,8.956487,0.35,0.0,0.45,0.392143,0.475537,0
user_70642,2022-09-29 17:11:00,15,11,8,0,1,1,13,4,9,18,6,3,0,9.520491,5.225651,9.881536,0.53,0.0,0.73,0.746099,0.581472,0
user_70643,2022-09-19 00:18:00,15,13,15,1,0,4,20,0,9,18,9,0,0,5.431719,7.178735,9.327276,1.0,0.07,0.87,0.982645,0.772163,0
user_70644,2022-09-18 02:38:00,16,10,5,1,1,0,5,10,10,10,11,6,1,7.186767,8.608929,4.856681,0.31,0.2,0.62,0.393018,0.537584,0
user_70645,2022-09-01 12:28:00,22,8,9,0,4,0,11,2,13,3,4,3,0,4.959108,0.829583,9.251701,0.41,0.0,0.36,0.413501,0.761435,0
user_70646,2022-09-10 13:53:00,24,15,9,3,1,0,1,3,10,19,6,5,1,12.517326,7.477761,5.956059,0.38,0.33,0.62,0.622952,0.356392,0
user_70647,2022-09-21 10:52:00,25,10,3,1,2,0,16,9,9,3,11,2,0,5.415842,1.124133,10.748363,0.12,0.33,0.4,0.48532,0.763283,0
user_70648,2022-09-28 19:35:00,13,8,6,1,3,2,3,10,3,7,19,2,0,3.411532,8.742937,2.111969,0.46,0.17,0.62,0.785453,0.712165,1
user_70649,2022-09-24 20:30:00,16,10,13,1,2,2,4,14,13,4,10,5,1,5.139052,0.414972,6.45092,0.81,0.08,0.62,0.77939,0.951328,0
user_70650,2022-10-18 00:41:00,20,13,10,1,4,2,16,15,14,4,1,1,0,5.44015,1.304864,6.920937,0.5,0.1,0.65,0.570554,0.695467,0
user_70651,2022-10-07 02:20:00,21,16,6,0,2,0,4,20,16,19,10,4,0,7.894672,0.6474,5.050685,0.29,0.0,0.76,0.303341,0.840239,0
user_70652,2022-09-16 04:18:00,29,11,10,1,1,2,17,15,20,19,18,4,0,6.957737,0.743512,8.338824,0.34,0.1,0.38,0.434613,0.548763,0
user_70653,2022-10-20 23:06:00,17,9,10,1,1,3,4,6,3,8,5,3,0,8.906827,11.020167,8.147492,0.59,0.1,0.53,0.442503,0.557441,0
user_70654,2022-10-18 12:19:00,20,10,9,0,2,1,14,17,2,3,1,1,0,0.106403,7.438891,9.886468,0.45,0.0,0.5,0.961747,0.536258,0
user_70655,2022-10-17 03:52:00,15,10,10,0,3,0,2,6,4,2,1,0,0,3.03237,6.356346,6.428294,0.67,0.0,0.67,0.883999,0.74412,0
user_70656,2022-10-03 08:00:00,25,13,6,2,4,1,19,5,7,15,10,0,0,3.872967,0.232129,4.203702,0.24,0.33,0.52,0.464047,0.89091,0
user_70657,2022-09-09 04:01:00,23,5,7,1,5,0,1,10,14,1,0,4,0,4.554465,10.487468,2.769093,0.3,0.14,0.22,0.613463,0.503141,0
user_70658,2022-10-17 23:44:00,15,12,4,0,0,1,12,11,5,10,3,0,0,3.904156,7.650604,8.266071,0.27,0.0,0.8,0.892348,0.936719,0
user_70659,2022-10-11 03:14:00,21,7,5,1,5,2,10,2,15,14,8,1,0,7.283412,6.968889,8.356281,0.24,0.2,0.33,0.686955,0.334275,0
user_70660,2022-09-10 18:04:00,20,4,5,0,4,0,2,8,13,17,15,5,1,4.941836,4.66216,7.85093,0.25,0.0,0.2,0.56461,0.341432,0
user_70661,2022-10-07 14:34:00,23,9,12,1,4,1,5,19,20,6,15,4,0,1.089763,7.754821,7.681685,0.52,0.08,0.39,0.395244,0.522155,0
user_70662,2022-09-07 21:19:00,23,20,6,0,5,3,0,20,12,20,0,2,0,4.519628,6.817095,11.324032,0.26,0.0,0.87,0.90748,0.308034,0
user_70663,2022-09-11 01:50:00,19,12,8,1,1,3,0,20,2,4,4,6,1,3.720021,2.914761,5.326272,0.42,0.12,0.63,0.677541,0.760976,0
user_70664,2022-09-22 05:34:00,17,11,11,0,1,3,0,13,0,10,13,3,0,9.00428,6.228081,12.609161,0.65,0.0,0.65,0.554806,0.307398,0
user_70665,2022-10-06 21:24:00,18,7,8,0,3,1,4,15,2,5,8,3,0,1.484544,1.254385,8.9614,0.44,0.0,0.39,0.344496,0.453483,0
user_70666,2022-10-18 04:07:00,20,12,8,0,1,2,10,2,12,15,4,1,0,6.782545,7.004365,8.984306,0.4,0.0,0.6,0.889232,0.742759,0
user_70667,2022-09-30 15:53:00,22,12,7,0,3,0,20,18,7,6,17,4,0,4.212299,9.463102,10.129445,0.32,0.0,0.55,0.812427,0.527029,0
user_70668,2022-10-26 19:05:00,25,10,8,0,2,1,2,10,0,3,3,2,0,6.429352,3.01472,2.444613,0.32,0.0,0.4,0.649769,0.424065,0
user_70669,2022-10-22 01:33:00,24,9,12,0,3,1,4,6,17,1,14,5,1,6.573343,9.70303,8.266762,0.5,0.0,0.38,0.463731,0.311111,0
user_70670,2022-10-13 10:57:00,27,11,15,0,4,2,7,16,1,8,19,3,0,6.125361,3.85287,7.548885,0.56,0.0,0.41,0.383476,0.791382,1
user_70671,2022-10-30 07:05:00,21,14,7,0,1,0,0,12,6,11,0,6,1,4.083482,2.255096,3.771854,0.33,0.0,0.67,0.663797,0.822354,0
user_70672,2022-09-20 02:34:00,22,12,1,2,1,0,7,6,1,14,16,1,0,2.527732,10.416612,2.277033,0.05,2.0,0.55,0.723781,0.499918,0
user_70673,2022-10-16 11:09:00,17,12,4,0,0,3,6,9,6,7,6,6,1,7.060183,0.901679,8.666044,0.24,0.0,0.71,0.911265,0.849907,0
user_70674,2022-10-16 00:42:00,26,11,18,1,1,3,1,19,13,10,20,6,1,7.539066,7.073961,5.699404,0.69,0.06,0.42,0.505122,0.726959,1
user_70675,2022-10-10 21:38:00,17,11,9,0,4,1,16,18,1,19,3,0,0,4.787187,3.757053,8.932335,0.53,0.0,0.65,0.300818,0.725581,0
user_70676,2022-09-09 08:21:00,17,9,7,2,1,2,9,16,9,18,5,4,0,3.007866,10.18245,5.122536,0.41,0.29,0.53,0.956955,0.933453,0
user_70677,2022-10-09 14:53:00,22,6,4,0,1,0,10,20,0,3,1,6,1,3.426951,4.192211,10.775369,0.18,0.0,0.27,0.543854,0.358945,0
user_70678,2022-10-25 18:41:00,19,12,7,0,1,1,8,12,8,6,7,1,0,8.154591,0.436492,6.459361,0.37,0.0,0.63,0.720841,0.674593,0
user_70679,2022-10-24 20:22:00,23,9,7,2,2,1,8,16,16,4,10,0,0,3.137858,6.711271,6.576639,0.3,0.29,0.39,0.676943,0.329189,0
user_70680,2022-10-16 16:01:00,16,6,11,1,2,1,0,15,1,20,4,6,1,4.910085,3.684812,8.856284,0.69,0.09,0.38,0.805517,0.546251,0
user_70681,2022-09-29 03:24:00,15,13,6,1,1,0,12,0,15,0,3,3,0,0.129173,5.79337,13.340329,0.4,0.17,0.87,0.335562,0.760952,0
user_70682,2022-09-23 13:27:00,30,9,7,1,2,0,19,7,13,17,0,4,0,6.015275,4.590514,8.875925,0.23,0.14,0.3,0.912227,0.507441,0
user_70683,2022-10-02 21:40:00,20,9,6,0,1,1,15,0,0,11,4,6,1,12.323561,8.096812,13.363779,0.3,0.0,0.45,0.7261,0.892995,0
user_70684,2022-10-17 23:17:00,15,8,13,1,3,1,9,5,19,8,1,0,0,3.33577,6.643015,5.803139,0.87,0.08,0.53,0.622154,0.906025,0
user_70685,2022-09-21 22:11:00,19,11,12,1,1,2,9,6,18,4,12,2,0,6.355252,7.938151,9.471491,0.63,0.08,0.58,0.422563,0.565688,0
user_70686,2022-10-20 11:05:00,17,8,11,1,3,1,1,1,2,11,11,3,0,2.006621,8.888188,6.328733,0.65,0.09,0.47,0.445812,0.533938,0
user_70687,2022-10-26 01:41:00,16,7,6,1,2,1,18,7,18,14,13,2,0,6.552645,6.221866,4.588479,0.38,0.17,0.44,0.623703,0.851274,0
user_70688,2022-09-22 17:57:00,24,11,4,0,3,1,18,3,14,12,6,3,0,8.525318,4.333809,8.58078,0.17,0.0,0.46,0.821444,0.34155,0
user_70689,2022-10-26 19:30:00,17,7,14,0,0,4,13,6,10,2,9,2,0,6.072451,1.545665,13.917739,0.82,0.0,0.41,0.758308,0.54602,0
user_70690,2022-10-08 14:23:00,21,15,8,1,3,0,17,9,4,13,9,5,1,2.413626,4.6396,3.880776,0.38,0.12,0.71,0.640591,0.333798,0
user_70691,2022-10-15 18:02:00,23,15,8,0,2,1,6,18,10,2,2,5,1,10.683751,3.511038,6.101265,0.35,0.0,0.65,0.530737,0.720337,0
user_70692,2022-09-28 16:19:00,20,7,9,0,3,1,5,17,14,7,13,2,0,2.732537,5.042517,6.457399,0.45,0.0,0.35,0.464978,0.589554,0
user_70693,2022-09-30 03:18:00,23,13,7,2,1,1,8,7,12,14,12,4,0,5.02166,5.894351,10.149344,0.3,0.29,0.57,0.683145,0.722986,0
user_70694,2022-09-01 05:00:00,14,7,9,2,3,0,10,7,18,6,4,3,0,3.269111,5.760604,7.224127,0.64,0.22,0.5,0.454253,0.99736,0
user_70695,2022-10-23 13:39:00,18,14,11,1,1,2,6,5,16,13,14,6,1,6.471978,6.253258,7.381353,0.61,0.09,0.78,0.676028,0.468057,0
user_70696,2022-09-05 09:57:00,20,8,11,2,1,3,10,12,3,0,15,0,0,5.043225,8.834612,6.147272,0.55,0.18,0.4,0.505465,0.874194,0
user_70697,2022-09-26 00:53:00,22,11,9,0,2,3,12,10,13,20,15,0,0,1.863419,9.032748,6.775946,0.41,0.0,0.5,0.99879,0.323995,0
user_70698,2022-09-04 13:46:00,22,12,10,1,1,3,5,20,8,2,16,6,1,2.775513,3.464076,5.859612,0.45,0.1,0.55,0.896838,0.501975,0
user_70699,2022-10-10 15:48:00,18,9,10,1,2,0,0,13,16,12,14,0,0,2.895572,1.07603,5.602952,0.56,0.1,0.5,0.882555,0.382088,0
user_70700,2022-09-22 15:27:00,25,10,6,1,1,1,17,19,10,6,20,3,0,1.814782,5.631337,5.588531,0.24,0.17,0.4,0.449189,0.439001,1
user_70701,2022-10-15 09:48:00,16,18,4,0,1,0,18,13,14,17,14,5,1,7.434227,3.114267,9.020927,0.25,0.0,1.12,0.645875,0.510985,0
user_70702,2022-10-06 08:57:00,20,15,7,2,1,3,2,7,5,11,6,3,0,4.930876,2.343696,11.124259,0.35,0.29,0.75,0.328857,0.545878,0
user_70703,2022-09-03 22:25:00,19,7,5,1,0,1,13,18,0,9,15,5,1,3.13681,1.879393,4.916805,0.26,0.2,0.37,0.633516,0.587635,0
user_70704,2022-09-29 02:31:00,18,8,10,1,0,3,17,9,7,0,9,3,0,6.645916,9.507906,5.709993,0.56,0.1,0.44,0.3872,0.882259,0
user_70705,2022-09-19 13:14:00,24,11,6,1,2,3,20,2,16,8,15,0,0,3.348528,12.786763,4.405484,0.25,0.17,0.46,0.604065,0.835897,0
user_70706,2022-09-02 02:35:00,24,10,7,1,2,3,3,15,7,7,19,4,0,7.284953,1.812108,5.663845,0.29,0.14,0.42,0.937356,0.358315,1
user_70707,2022-09-11 06:19:00,21,11,8,0,3,1,8,13,19,9,10,6,1,3.789866,3.060362,9.568741,0.38,0.0,0.52,0.470392,0.479973,0
user_70708,2022-09-12 21:15:00,22,9,6,1,1,1,7,7,16,9,3,0,0,9.386064,5.697134,7.324177,0.27,0.17,0.41,0.638704,0.802284,0
user_70709,2022-09-09 00:53:00,25,8,11,0,3,2,3,12,15,6,17,4,0,2.817558,9.996678,4.637652,0.44,0.0,0.32,0.355244,0.969333,0
user_70710,2022-09-17 20:30:00,15,11,7,0,3,2,6,10,11,4,10,5,1,7.178581,3.284249,5.39927,0.47,0.0,0.73,0.899758,0.405956,0
user_70711,2022-10-05 02:11:00,19,9,11,2,3,2,5,7,0,17,9,2,0,0.59009,4.045719,10.62076,0.58,0.18,0.47,0.377886,0.440559,0
user_70712,2022-09-27 17:13:00,23,16,10,0,4,2,17,0,2,20,2,1,0,4.942484,8.36974,8.870908,0.43,0.0,0.7,0.488301,0.958151,0
user_70713,2022-10-02 16:29:00,28,16,10,2,3,1,17,19,16,8,13,6,1,5.776116,9.978236,8.897039,0.36,0.2,0.57,0.340783,0.698933,0
user_70714,2022-10-18 00:36:00,27,9,7,0,1,2,3,13,6,11,8,1,0,7.518877,4.353754,11.813204,0.26,0.0,0.33,0.930421,0.634781,0
user_70715,2022-09-02 04:01:00,17,8,10,1,2,3,11,12,13,8,17,4,0,4.910906,10.002649,2.850239,0.59,0.1,0.47,0.822865,0.69265,0
user_70716,2022-09-17 02:48:00,26,8,8,0,2,3,5,13,5,20,5,5,1,2.78912,3.616576,6.376634,0.31,0.0,0.31,0.581937,0.680702,0
user_70717,2022-10-27 20:01:00,21,12,5,1,1,0,8,6,16,17,3,3,0,10.171556,4.251229,5.271681,0.24,0.2,0.57,0.440116,0.634257,0
user_70718,2022-09-07 11:37:00,21,7,5,2,2,1,4,12,10,8,15,2,0,7.219045,2.533566,6.558587,0.24,0.4,0.33,0.698276,0.931379,0
user_70719,2022-10-02 20:40:00,23,9,6,0,3,1,7,16,11,19,0,6,1,5.903827,0.086275,8.675339,0.26,0.0,0.39,0.914485,0.942147,0
user_70720,2022-09-09 11:20:00,23,15,6,0,3,1,15,4,11,16,2,4,0,6.910731,5.973564,15.109398,0.26,0.0,0.65,0.733009,0.974893,0
user_70721,2022-10-14 19:20:00,20,11,11,1,1,5,7,2,13,10,3,4,0,2.357535,2.843268,7.844663,0.55,0.09,0.55,0.418716,0.450028,0
user_70722,2022-09-08 11:34:00,15,11,6,0,1,2,19,9,13,4,10,3,0,0.44833,2.34984,0.130359,0.4,0.0,0.73,0.817746,0.477336,0
user_70723,2022-09-08 09:56:00,15,9,6,1,0,1,1,5,14,12,13,3,0,5.864689,9.833692,9.240351,0.4,0.17,0.6,0.45795,0.471044,0
user_70724,2022-10-26 11:36:00,21,12,5,0,1,0,19,18,12,3,10,2,0,12.274605,3.370797,6.097776,0.24,0.0,0.57,0.844019,0.822731,0
user_70725,2022-10-13 17:07:00,27,9,12,1,3,5,7,12,0,2,6,3,0,5.327754,3.158184,3.223207,0.44,0.08,0.33,0.48922,0.994594,0
user_70726,2022-10-01 20:49:00,21,13,11,0,3,2,10,0,19,6,8,5,1,0.095537,3.674694,5.523085,0.52,0.0,0.62,0.778973,0.376471,0
user_70727,2022-09-29 15:54:00,16,9,12,0,0,1,5,17,7,11,14,3,0,2.471682,1.003123,11.645825,0.75,0.0,0.56,0.66971,0.794384,0
user_70728,2022-10-04 12:49:00,20,5,9,1,2,2,9,11,0,18,11,1,0,10.860624,6.165952,9.361529,0.45,0.11,0.25,0.45421,0.803929,0
user_70729,2022-10-14 17:37:00,18,4,3,1,2,1,1,20,1,1,9,4,0,14.805014,7.220492,9.850039,0.17,0.33,0.22,0.559929,0.883247,0
user_70730,2022-10-11 21:21:00,18,8,9,0,0,0,13,17,12,19,20,1,0,2.92727,0.37248,11.279665,0.5,0.0,0.44,0.488737,0.312921,1
user_70731,2022-10-02 19:30:00,17,8,8,0,2,1,7,18,2,5,11,6,1,9.928959,9.301783,11.326924,0.47,0.0,0.47,0.753229,0.635424,0
user_70732,2022-09-10 22:59:00,24,12,10,1,3,5,17,19,3,18,1,5,1,10.479495,7.646798,9.00083,0.42,0.1,0.5,0.894622,0.770603,0
user_70733,2022-09-23 19:45:00,27,10,4,1,4,0,7,11,1,14,1,4,0,6.096512,3.573539,9.19141,0.15,0.25,0.37,0.936753,0.806661,0
user_70734,2022-10-29 16:08:00,18,6,6,0,1,2,13,5,14,11,17,5,1,2.886683,4.906453,7.411694,0.33,0.0,0.33,0.310436,0.399518,0
user_70735,2022-09-23 04:47:00,23,6,11,0,3,3,8,13,16,19,14,4,0,6.407795,9.889068,11.99635,0.48,0.0,0.26,0.95559,0.373405,0
user_70736,2022-09-20 01:59:00,24,10,11,0,1,1,3,0,4,9,19,1,0,5.376075,8.205126,6.927627,0.46,0.0,0.42,0.820686,0.641372,1
user_70737,2022-10-08 07:25:00,20,4,10,1,0,1,18,3,11,14,7,5,1,0.426044,8.605473,5.796909,0.5,0.1,0.2,0.616048,0.621652,0
user_70738,2022-10-03 23:09:00,15,9,12,1,1,2,12,4,1,3,14,0,0,7.21922,0.665582,6.890497,0.8,0.08,0.6,0.601975,0.501545,0
user_70739,2022-10-29 02:31:00,17,9,6,0,1,3,15,20,13,3,18,5,1,3.731673,8.159981,5.529551,0.35,0.0,0.53,0.385499,0.762714,0
user_70740,2022-09-08 15:02:00,26,17,5,0,4,1,9,17,5,16,14,3,0,4.564624,4.749077,7.768125,0.19,0.0,0.65,0.564017,0.664253,0
user_70741,2022-10-05 18:38:00,20,7,5,1,5,2,1,17,16,16,10,2,0,1.488737,7.50855,10.039891,0.25,0.2,0.35,0.565658,0.661108,0
user_70742,2022-09-07 21:50:00,19,8,6,0,1,1,15,4,10,3,20,2,0,4.985955,2.575698,12.133421,0.32,0.0,0.42,0.658432,0.866796,1
user_70743,2022-09-04 16:26:00,14,11,10,0,0,1,19,18,14,15,15,6,1,4.748429,10.453859,8.374967,0.71,0.0,0.79,0.426116,0.712719,0
user_70744,2022-10-06 12:00:00,17,5,6,1,1,0,14,6,9,17,10,3,0,6.19127,4.613554,1.692676,0.35,0.17,0.29,0.901476,0.717246,0
user_70745,2022-09-14 08:12:00,13,7,8,0,2,1,18,16,20,18,18,2,0,1.970809,6.689351,5.701796,0.62,0.0,0.54,0.873644,0.448046,0
user_70746,2022-09-10 09:16:00,16,11,4,0,0,0,9,6,17,5,17,5,1,3.659117,11.226856,9.404363,0.25,0.0,0.69,0.461428,0.535933,0
user_70747,2022-10-10 08:48:00,21,8,6,0,0,2,14,7,15,10,0,0,0,1.959006,8.876163,10.93132,0.29,0.0,0.38,0.97733,0.655738,0
user_70748,2022-09-12 20:47:00,21,10,11,2,1,3,18,1,11,16,0,0,0,9.543192,11.80775,3.794412,0.52,0.18,0.48,0.89715,0.920656,0
user_70749,2022-10-11 01:06:00,22,9,6,1,4,1,13,5,18,19,19,1,0,8.813607,6.222849,8.519972,0.27,0.17,0.41,0.813912,0.825114,1
user_70750,2022-09-25 10:31:00,20,7,11,1,3,2,17,7,6,8,11,6,1,2.150614,3.461757,6.827753,0.55,0.09,0.35,0.71154,0.806757,0
user_70751,2022-09-18 13:31:00,20,8,11,1,2,2,12,17,13,15,8,6,1,6.860859,8.843656,7.856167,0.55,0.09,0.4,0.445844,0.870009,0
user_70752,2022-10-24 11:05:00,18,14,6,0,1,2,11,6,12,5,10,0,0,5.744167,7.584046,6.000003,0.33,0.0,0.78,0.46529,0.518559,0
user_70753,2022-10-27 15:48:00,15,13,5,0,1,3,11,13,14,16,5,3,0,4.045031,2.852011,3.218935,0.33,0.0,0.87,0.837216,0.581359,0
user_70754,2022-09-18 14:29:00,17,11,12,2,1,3,12,20,10,12,6,6,1,11.650867,6.355796,6.164324,0.71,0.17,0.65,0.357364,0.911052,0
user_70755,2022-09-08 17:50:00,20,14,9,0,1,1,0,20,8,20,5,3,0,4.876345,0.370931,2.965802,0.45,0.0,0.7,0.837224,0.311009,0
user_70756,2022-10-24 03:14:00,16,11,7,1,1,1,15,2,12,6,2,0,0,5.371087,4.567405,8.913228,0.44,0.14,0.69,0.423943,0.588126,0
user_70757,2022-10-29 04:08:00,24,9,9,0,1,0,18,18,7,2,10,5,1,6.949598,0.380845,10.217605,0.38,0.0,0.38,0.751057,0.980098,0
user_70758,2022-10-26 10:58:00,23,9,6,0,4,0,10,11,14,18,9,2,0,6.744127,5.428541,4.908699,0.26,0.0,0.39,0.809441,0.426156,0
user_70759,2022-10-10 08:06:00,15,10,8,0,2,2,17,18,3,7,14,0,0,6.395572,4.491116,6.097198,0.53,0.0,0.67,0.425409,0.360788,0
user_70760,2022-10-10 12:29:00,12,5,6,0,2,2,2,3,7,1,11,0,0,4.570376,1.210945,13.345757,0.5,0.0,0.42,0.816565,0.921675,0
user_70761,2022-09-10 14:19:00,23,14,4,0,0,0,5,1,5,13,15,5,1,1.03959,3.307388,6.679804,0.17,0.0,0.61,0.921364,0.652762,0
user_70762,2022-09-02 13:27:00,22,9,8,1,2,1,8,1,8,12,12,4,0,1.347636,6.069263,6.652548,0.36,0.12,0.41,0.927426,0.613898,0
user_70763,2022-09-11 01:29:00,20,8,8,2,1,2,11,19,3,16,8,6,1,7.562142,3.232266,5.361031,0.4,0.25,0.4,0.401281,0.459001,0
user_70764,2022-10-28 04:02:00,14,9,10,1,2,1,10,16,10,7,12,4,0,5.719218,5.633493,0.652298,0.71,0.1,0.64,0.35388,0.470709,0
user_70765,2022-10-19 20:50:00,20,14,11,0,1,1,9,11,11,18,20,2,0,0.990861,2.45886,4.218653,0.55,0.0,0.7,0.639279,0.891668,1
user_70766,2022-09-15 18:57:00,16,7,6,1,1,1,17,7,5,9,18,3,0,5.961012,9.146485,2.016472,0.38,0.17,0.44,0.864634,0.451467,0
user_70767,2022-10-10 10:53:00,20,7,6,0,3,2,0,19,16,4,14,0,0,3.619819,2.143828,8.810891,0.3,0.0,0.35,0.569931,0.469489,0
user_70768,2022-09-26 19:13:00,18,10,10,0,2,1,8,2,8,0,8,0,0,1.404922,3.876265,6.751429,0.56,0.0,0.56,0.544273,0.591729,0
user_70769,2022-10-24 06:06:00,25,5,6,1,1,1,2,12,18,2,3,0,0,4.154124,2.424606,9.732966,0.24,0.17,0.2,0.958188,0.464165,0
user_70770,2022-10-04 08:58:00,27,8,10,0,4,3,18,18,4,7,4,1,0,2.864579,6.141173,9.007317,0.37,0.0,0.3,0.346925,0.928799,0
user_70771,2022-09-26 22:51:00,26,7,9,1,2,3,11,18,0,5,11,0,0,9.878946,0.938062,8.520142,0.35,0.11,0.27,0.33103,0.988262,0
user_70772,2022-09-20 20:15:00,21,9,8,1,0,2,14,8,6,13,1,1,0,6.063742,7.015375,9.992837,0.38,0.12,0.43,0.623023,0.97061,0
user_70773,2022-10-08 14:28:00,16,6,8,0,1,3,1,17,20,0,3,5,1,7.535908,5.215625,12.557692,0.5,0.0,0.38,0.847155,0.563659,0
user_70774,2022-09-01 23:37:00,13,6,12,1,0,2,0,17,17,11,0,3,0,0.545868,8.790379,7.459371,0.92,0.08,0.46,0.824932,0.764579,0
user_70775,2022-09-08 00:47:00,19,11,6,0,3,0,2,15,15,16,14,3,0,8.087766,2.748881,5.724733,0.32,0.0,0.58,0.544947,0.498386,0
user_70776,2022-10-21 18:40:00,24,9,14,2,3,4,19,10,15,1,7,4,0,0.590057,6.849114,7.533782,0.58,0.14,0.38,0.896986,0.315045,0
user_70777,2022-10-16 13:05:00,23,10,12,2,1,1,18,10,1,15,15,6,1,8.126534,3.310553,2.981383,0.52,0.17,0.43,0.310895,0.459993,0
user_70778,2022-10-15 11:05:00,21,10,7,0,4,3,12,2,0,18,8,5,1,0.940244,0.243365,12.366041,0.33,0.0,0.48,0.387047,0.450953,0
user_70779,2022-09-10 09:37:00,5,5,6,1,0,2,18,0,8,18,9,5,1,1.308969,1.258251,6.509068,1.2,0.17,1.0,0.707452,0.482229,0
user_70780,2022-09-15 10:46:00,19,13,12,0,1,2,13,19,14,4,2,3,0,5.92099,11.63795,3.050072,0.63,0.0,0.68,0.942844,0.83587,0
user_70781,2022-09-24 20:56:00,14,13,10,0,1,3,13,19,8,10,18,5,1,6.692843,2.975728,3.127063,0.71,0.0,0.93,0.392736,0.504877,0
user_70782,2022-09-27 14:27:00,20,11,7,0,2,2,10,3,4,12,13,1,0,0.041644,4.643367,5.657091,0.35,0.0,0.55,0.835764,0.895409,0
user_70783,2022-10-06 05:52:00,16,12,14,1,2,3,17,12,15,20,6,3,0,3.78308,2.21494,14.009595,0.88,0.07,0.75,0.584457,0.773606,0
user_70784,2022-10-05 23:30:00,22,18,6,1,1,0,11,7,10,8,9,2,0,4.603924,3.303593,13.165653,0.27,0.17,0.82,0.667487,0.620664,0
user_70785,2022-09-20 18:12:00,16,7,10,0,3,4,18,18,7,15,2,1,0,8.466783,1.087295,7.731455,0.62,0.0,0.44,0.4427,0.574763,0
user_70786,2022-10-12 03:56:00,26,11,12,1,1,4,13,14,7,20,20,2,0,5.364321,7.355037,8.051653,0.46,0.08,0.42,0.686878,0.421896,1
user_70787,2022-10-23 11:26:00,13,14,8,0,1,0,1,7,9,4,20,6,1,5.422277,5.142274,8.15782,0.62,0.0,1.08,0.913139,0.64555,1
user_70788,2022-09-08 01:17:00,17,10,9,0,2,2,1,6,19,9,12,3,0,0.12039,8.574056,9.385227,0.53,0.0,0.59,0.347199,0.390723,0
user_70789,2022-10-08 20:16:00,19,10,10,1,5,0,14,13,3,9,15,5,1,4.804036,0.8855,10.05602,0.53,0.1,0.53,0.547771,0.511248,0
user_70790,2022-09-03 16:10:00,25,10,11,0,2,1,4,5,2,7,6,5,1,4.882928,4.750013,5.508743,0.44,0.0,0.4,0.659493,0.971848,0
user_70791,2022-10-07 10:24:00,20,11,8,1,1,1,8,16,12,6,2,4,0,2.580427,5.806307,7.731025,0.4,0.12,0.55,0.851277,0.949202,0
user_70792,2022-10-09 17:27:00,21,13,9,1,0,2,18,2,9,16,2,6,1,5.200291,6.802923,9.058025,0.43,0.11,0.62,0.990166,0.447335,0
user_70793,2022-10-02 06:35:00,21,8,5,1,3,0,0,18,17,14,17,6,1,1.068479,3.257599,5.815762,0.24,0.2,0.38,0.414308,0.393071,0
user_70794,2022-10-23 11:58:00,22,9,7,0,1,4,8,15,0,2,4,6,1,0.076205,6.631913,7.838303,0.32,0.0,0.41,0.955757,0.880449,0
user_70795,2022-10-26 21:22:00,27,7,10,1,2,1,17,15,14,13,4,2,0,3.866756,8.249266,8.977716,0.37,0.1,0.26,0.519142,0.504848,0
user_70796,2022-10-27 03:26:00,23,9,9,0,4,1,8,8,15,10,18,3,0,8.270148,7.102732,6.161846,0.39,0.0,0.39,0.394881,0.840855,0
user_70797,2022-10-10 18:44:00,20,8,10,0,3,3,7,9,16,9,3,0,0,3.904956,1.701522,11.109435,0.5,0.0,0.4,0.503906,0.317483,0
user_70798,2022-10-13 21:06:00,18,6,5,0,2,0,16,6,14,17,17,3,0,4.520671,7.097335,1.33752,0.28,0.0,0.33,0.993846,0.817313,0
user_70799,2022-10-09 00:15:00,17,14,3,0,3,1,16,7,5,11,5,6,1,1.384959,1.282121,8.43992,0.18,0.0,0.82,0.559552,0.718438,0
user_70800,2022-09-26 11:13:00,27,8,10,1,0,2,10,12,3,8,14,0,0,8.344584,4.039435,4.150226,0.37,0.1,0.3,0.408041,0.914136,0
user_70801,2022-09-10 12:04:00,27,11,8,0,2,4,9,2,3,7,10,5,1,6.21819,0.076463,6.050257,0.3,0.0,0.41,0.999468,0.642269,0
user_70802,2022-09-06 06:02:00,22,10,10,1,4,2,12,5,15,15,13,1,0,11.413367,9.359962,5.844682,0.45,0.1,0.45,0.766125,0.713986,0
user_70803,2022-10-19 03:05:00,22,15,9,1,2,1,8,19,17,15,19,2,0,5.223611,6.732937,4.632156,0.41,0.11,0.68,0.943861,0.391028,1
user_70804,2022-09-02 14:15:00,24,9,6,0,1,2,2,14,7,16,5,4,0,4.270321,6.973505,9.124019,0.25,0.0,0.38,0.32195,0.762339,0
user_70805,2022-10-24 12:23:00,13,12,9,1,1,2,9,4,4,7,9,0,0,13.088448,8.455011,8.619387,0.69,0.11,0.92,0.531076,0.567977,0
user_70806,2022-09-24 08:51:00,17,14,8,0,0,1,8,20,13,11,2,5,1,6.450981,3.323349,9.906705,0.47,0.0,0.82,0.89032,0.446718,0
user_70807,2022-09-19 14:18:00,20,12,8,0,8,0,16,13,1,7,17,0,0,4.973003,6.884714,6.822037,0.4,0.0,0.6,0.630311,0.330599,0
user_70808,2022-09-25 13:29:00,16,8,4,0,0,0,12,13,17,19,15,6,1,7.254469,8.264344,5.959357,0.25,0.0,0.5,0.70674,0.588646,0
user_70809,2022-10-26 08:46:00,22,10,9,0,4,1,20,17,17,19,16,2,0,8.643543,4.491382,6.272629,0.41,0.0,0.45,0.518848,0.329137,0
user_70810,2022-10-12 04:34:00,12,8,5,0,1,1,15,4,10,3,4,2,0,4.523432,2.257252,2.387808,0.42,0.0,0.67,0.410589,0.935234,0
user_70811,2022-10-28 08:57:00,25,8,11,0,2,4,4,1,3,7,14,4,0,1.519072,9.546136,5.975277,0.44,0.0,0.32,0.922271,0.69942,0
user_70812,2022-10-30 00:47:00,24,8,9,0,1,1,13,7,17,15,20,6,1,4.745381,5.437267,6.691243,0.38,0.0,0.33,0.604018,0.672228,1
user_70813,2022-10-16 00:05:00,24,9,5,1,4,0,14,0,13,14,13,6,1,6.642068,4.261398,1.731264,0.21,0.2,0.38,0.886931,0.900603,0
user_70814,2022-10-16 10:06:00,18,13,4,1,4,1,14,6,8,4,16,6,1,0.16136,9.639312,10.276687,0.22,0.25,0.72,0.908951,0.37365,0
user_70815,2022-10-02 07:19:00,27,7,7,0,2,0,8,8,13,8,11,6,1,10.292843,6.964683,9.420309,0.26,0.0,0.26,0.464311,0.956425,0
user_70816,2022-09-04 23:33:00,21,8,12,0,2,2,8,0,1,19,14,6,1,4.330046,9.692479,8.391385,0.57,0.0,0.38,0.828699,0.583462,0
user_70817,2022-10-05 02:27:00,21,6,6,3,1,0,11,13,15,11,14,2,0,9.220565,11.296526,10.255575,0.29,0.5,0.29,0.814229,0.516205,0
user_70818,2022-09-06 16:19:00,19,12,10,1,2,2,2,3,13,4,20,1,0,4.575575,3.107863,7.485978,0.53,0.1,0.63,0.762168,0.520012,1
user_70819,2022-09-19 14:24:00,18,19,6,1,1,2,1,7,14,0,5,0,0,1.775884,4.671083,7.661308,0.33,0.17,1.06,0.906092,0.790117,0
user_70820,2022-09-22 03:07:00,23,8,10,0,0,3,4,3,11,15,15,3,0,4.919716,5.562704,6.65332,0.43,0.0,0.35,0.777671,0.77506,0
user_70821,2022-09-01 02:18:00,14,17,9,1,1,2,4,4,6,9,14,3,0,3.70393,1.026045,4.762352,0.64,0.11,1.21,0.355149,0.963582,0
user_70822,2022-09-12 12:56:00,14,10,9,1,0,3,13,1,2,14,18,0,0,3.840095,3.6034,9.22831,0.64,0.11,0.71,0.95825,0.565008,0
user_70823,2022-09-12 19:00:00,9,10,4,0,2,1,20,18,13,9,10,0,0,2.452156,6.229487,2.137364,0.44,0.0,1.11,0.561927,0.904785,0
user_70824,2022-10-30 02:26:00,24,14,10,0,2,3,9,6,4,4,15,6,1,1.359664,0.615414,7.161254,0.42,0.0,0.58,0.32677,0.972249,0
user_70825,2022-10-25 04:58:00,16,10,7,0,2,1,4,6,14,15,16,1,0,6.092363,0.954166,8.983596,0.44,0.0,0.62,0.394159,0.62495,0
user_70826,2022-09-02 00:17:00,26,13,6,0,4,0,8,11,15,17,7,4,0,3.272447,4.011188,11.219025,0.23,0.0,0.5,0.720158,0.818272,0
user_70827,2022-09-17 05:01:00,15,6,8,1,1,3,2,13,6,6,18,5,1,4.494758,12.05499,11.416281,0.53,0.12,0.4,0.502703,0.643529,0
user_70828,2022-09-20 10:02:00,19,15,7,0,2,1,5,14,8,14,12,1,0,4.292494,3.500429,6.768007,0.37,0.0,0.79,0.575408,0.40284,0
user_70829,2022-09-01 22:03:00,15,6,7,0,3,1,5,17,5,13,5,3,0,1.295644,3.938185,4.088846,0.47,0.0,0.4,0.981681,0.684052,0
user_70830,2022-09-13 05:59:00,19,9,5,0,2,1,0,14,9,14,4,1,0,7.254808,3.846111,6.98679,0.26,0.0,0.47,0.642011,0.581509,0
user_70831,2022-09-06 16:40:00,18,12,6,1,2,1,19,1,9,20,3,1,0,0.75865,8.601708,5.523389,0.33,0.17,0.67,0.69697,0.623797,0
user_70832,2022-10-18 05:10:00,25,13,5,2,3,1,15,11,17,18,17,1,0,5.604307,4.062885,9.351247,0.2,0.4,0.52,0.893658,0.694955,0
user_70833,2022-10-09 18:24:00,22,16,14,1,3,4,2,15,20,20,7,6,1,7.631633,8.337303,11.392494,0.64,0.07,0.73,0.50915,0.977063,0
user_70834,2022-09-13 19:03:00,15,5,4,0,3,1,9,10,3,3,16,1,0,4.571428,5.224967,8.950821,0.27,0.0,0.33,0.751018,0.711205,0
user_70835,2022-10-12 11:34:00,15,12,7,0,2,1,16,19,8,15,12,2,0,4.214464,6.615731,5.265207,0.47,0.0,0.8,0.447835,0.385438,0
user_70836,2022-09-13 06:20:00,19,10,10,1,1,2,10,0,8,6,12,1,0,5.980281,2.179322,5.535306,0.53,0.1,0.53,0.81461,0.804107,0
user_70837,2022-10-24 09:16:00,18,11,7,2,1,1,15,6,9,11,20,0,0,5.717727,3.541658,13.432674,0.39,0.29,0.61,0.641057,0.66041,1
user_70838,2022-10-14 03:47:00,28,14,8,0,4,0,13,17,10,1,12,4,0,8.020163,6.625763,5.847349,0.29,0.0,0.5,0.36639,0.470713,0
user_70839,2022-10-22 17:22:00,16,9,9,0,1,1,3,4,5,1,13,5,1,3.97625,6.513358,4.197053,0.56,0.0,0.56,0.68453,0.812684,0
user_70840,2022-10-25 20:36:00,19,10,12,1,1,5,14,9,8,19,19,1,0,3.864531,5.122576,4.49408,0.63,0.08,0.53,0.616425,0.659826,1
user_70841,2022-10-03 08:05:00,24,15,9,1,2,0,2,13,17,18,2,0,0,8.762717,3.761681,8.876577,0.38,0.11,0.62,0.584516,0.99462,0
user_70842,2022-10-15 05:03:00,16,12,11,1,1,4,2,12,4,16,19,5,1,3.832397,2.251284,7.782039,0.69,0.09,0.75,0.379571,0.945229,1
user_70843,2022-10-14 13:21:00,26,6,9,0,2,3,6,7,18,3,19,4,0,10.388784,5.286635,9.177542,0.35,0.0,0.23,0.457876,0.876351,1
user_70844,2022-09-10 07:27:00,21,12,5,1,1,2,19,12,15,6,19,5,1,1.05558,6.655692,7.381718,0.24,0.2,0.57,0.663359,0.539076,1
user_70845,2022-10-29 21:51:00,14,10,8,1,0,1,19,0,11,20,20,5,1,7.10055,4.966428,10.296231,0.57,0.12,0.71,0.418045,0.396723,1
user_70846,2022-10-22 00:19:00,23,11,8,0,5,2,7,12,16,8,17,5,1,4.698802,0.65295,6.994769,0.35,0.0,0.48,0.994621,0.757476,0
user_70847,2022-10-21 15:20:00,20,8,7,0,2,3,0,14,3,1,4,4,0,2.518376,9.87407,6.945291,0.35,0.0,0.4,0.566073,0.848148,0
user_70848,2022-09-22 05:25:00,20,14,10,1,1,3,3,19,18,11,7,3,0,5.489204,12.536815,5.415435,0.5,0.1,0.7,0.819831,0.341975,0
user_70849,2022-10-21 00:23:00,27,8,4,1,3,0,13,2,19,3,1,4,0,0.591315,4.535979,5.199385,0.15,0.25,0.3,0.765575,0.362033,0
user_70850,2022-10-11 19:34:00,24,9,5,0,1,3,5,4,9,17,8,1,0,3.332655,7.611996,5.805971,0.21,0.0,0.38,0.492383,0.589843,0
user_70851,2022-09-12 05:51:00,24,7,8,1,1,2,6,17,6,6,12,0,0,3.910078,9.629987,6.228721,0.33,0.12,0.29,0.950722,0.90281,0
user_70852,2022-10-23 17:41:00,25,9,9,0,3,3,14,3,11,19,14,6,1,7.064341,7.495763,4.433173,0.36,0.0,0.36,0.667259,0.733348,0
user_70853,2022-09-05 14:58:00,20,11,6,2,4,1,7,6,6,19,11,0,0,1.912767,1.966527,4.611855,0.3,0.33,0.55,0.313796,0.497204,0
user_70854,2022-09-20 07:20:00,16,9,7,2,1,1,9,19,20,3,2,1,0,9.973031,4.93187,9.458645,0.44,0.29,0.56,0.809045,0.699099,0
user_70855,2022-09-27 19:28:00,20,12,4,0,0,0,18,4,18,14,15,1,0,0.376733,2.035372,9.336925,0.2,0.0,0.6,0.923871,0.356109,0
user_70856,2022-10-11 20:56:00,24,14,13,1,2,5,17,18,0,13,15,1,0,2.896756,7.467075,5.896973,0.54,0.08,0.58,0.699577,0.875558,0
user_70857,2022-09-28 10:59:00,14,9,7,1,1,1,19,5,18,18,16,2,0,7.737943,3.317377,8.27306,0.5,0.14,0.64,0.379336,0.953928,0
user_70858,2022-10-29 11:50:00,15,9,2,0,3,1,2,16,11,2,12,5,1,5.02884,6.455598,3.878439,0.13,0.0,0.6,0.754028,0.827983,0
user_70859,2022-09-09 05:45:00,27,11,2,0,5,1,8,7,6,5,12,4,0,6.684728,6.289641,2.386147,0.07,0.0,0.41,0.956919,0.413642,0
user_70860,2022-09-18 07:01:00,24,11,2,1,1,0,17,4,19,5,1,6,1,2.983785,5.983556,5.737351,0.08,0.5,0.46,0.690648,0.982846,0
user_70861,2022-09-27 18:22:00,16,7,11,1,2,2,12,18,2,17,20,1,0,7.36246,6.05694,7.488377,0.69,0.09,0.44,0.713734,0.988658,1
user_70862,2022-10-13 19:40:00,14,11,5,1,2,1,4,8,1,10,8,3,0,7.806499,6.650004,1.088046,0.36,0.2,0.79,0.985362,0.63869,0
user_70863,2022-09-18 12:04:00,25,13,11,1,4,3,17,19,9,7,6,6,1,0.385411,7.882109,2.039233,0.44,0.09,0.52,0.995621,0.782146,0
user_70864,2022-10-09 02:21:00,25,16,10,1,5,2,8,0,6,13,19,6,1,1.498886,7.325278,7.890581,0.4,0.1,0.64,0.970212,0.759435,1
user_70865,2022-10-15 02:18:00,21,7,7,1,1,2,2,7,17,12,2,5,1,15.214164,9.304433,6.094459,0.33,0.14,0.33,0.850366,0.479,0
user_70866,2022-10-26 02:20:00,18,12,9,2,0,1,2,1,4,13,11,2,0,1.774562,0.739875,7.478483,0.5,0.22,0.67,0.878507,0.744867,0
user_70867,2022-10-09 15:17:00,17,15,7,0,1,0,7,4,14,14,11,6,1,7.476146,3.506942,5.448274,0.41,0.0,0.88,0.626992,0.852327,0
user_70868,2022-10-22 00:43:00,24,5,14,0,4,5,17,18,20,15,8,5,1,3.380085,6.338856,5.612633,0.58,0.0,0.21,0.867939,0.738552,0
user_70869,2022-09-12 10:32:00,21,17,13,0,4,1,16,5,1,10,2,0,0,2.828369,1.20239,5.566051,0.62,0.0,0.81,0.916725,0.74451,0
user_70870,2022-09-24 22:07:00,17,8,16,0,1,3,4,19,11,7,1,5,1,5.842538,3.068132,9.452466,0.94,0.0,0.47,0.966709,0.706794,0
user_70871,2022-09-13 05:37:00,21,16,9,1,4,1,11,13,11,16,13,1,0,9.371314,4.816282,6.678497,0.43,0.11,0.76,0.557456,0.51222,0
user_70872,2022-10-28 15:20:00,17,9,8,1,2,2,6,1,20,15,2,4,0,4.536947,4.745689,10.920491,0.47,0.12,0.53,0.346367,0.881097,0
user_70873,2022-10-13 23:29:00,19,10,3,0,3,0,11,10,1,20,16,3,0,9.17062,3.063783,10.470546,0.16,0.0,0.53,0.701882,0.474053,0
user_70874,2022-10-11 19:23:00,17,18,7,0,0,2,2,13,5,8,20,1,0,5.125929,1.29524,8.38957,0.41,0.0,1.06,0.980432,0.475123,1
user_70875,2022-09-08 22:25:00,12,9,17,1,0,6,18,1,11,15,9,3,0,0.641563,7.838932,6.137415,1.42,0.06,0.75,0.740264,0.927906,0
user_70876,2022-09-06 04:55:00,17,9,9,2,2,0,5,19,0,2,15,1,0,5.171832,3.096725,7.878913,0.53,0.22,0.53,0.958646,0.305549,0
user_70877,2022-10-26 10:47:00,20,8,6,0,0,1,19,17,15,1,14,2,0,2.828165,4.666901,1.291368,0.3,0.0,0.4,0.854439,0.429881,0
user_70878,2022-10-21 19:30:00,12,9,8,0,0,1,15,6,16,17,0,4,0,5.935652,2.678877,2.09703,0.67,0.0,0.75,0.777442,0.348517,0
user_70879,2022-09-19 14:25:00,26,13,8,0,4,0,20,17,1,17,19,0,0,6.131217,4.605074,3.180982,0.31,0.0,0.5,0.825528,0.311388,1
user_70880,2022-10-14 18:29:00,30,10,7,1,2,2,17,2,3,10,19,4,0,5.516123,6.219687,6.311421,0.23,0.14,0.33,0.881625,0.984926,1
user_70881,2022-10-23 12:35:00,22,13,11,0,4,2,6,3,8,12,19,6,1,8.003923,9.180284,1.526629,0.5,0.0,0.59,0.968153,0.436989,1
user_70882,2022-10-26 13:19:00,12,10,9,2,0,1,11,0,11,18,3,2,0,9.110379,5.211815,4.932943,0.75,0.22,0.83,0.624169,0.440742,0
user_70883,2022-10-06 16:49:00,16,7,7,2,1,2,14,15,12,10,15,3,0,10.370898,8.183268,11.280081,0.44,0.29,0.44,0.40369,0.628635,0
user_70884,2022-10-10 01:57:00,20,15,8,1,1,0,13,7,9,14,12,0,0,5.864383,2.575229,8.314441,0.4,0.12,0.75,0.713019,0.351281,0
user_70885,2022-10-14 23:40:00,16,7,9,1,6,4,7,0,3,1,12,4,0,1.095929,10.832808,6.706155,0.56,0.11,0.44,0.930048,0.713759,0
user_70886,2022-09-07 14:08:00,26,11,9,2,7,1,5,16,14,1,15,2,0,1.04194,4.406768,9.549229,0.35,0.22,0.42,0.364477,0.933237,0
user_70887,2022-09-01 13:26:00,16,14,6,0,0,2,5,6,10,6,8,3,0,10.508589,6.429928,8.579021,0.38,0.0,0.88,0.379793,0.91916,0
user_70888,2022-09-11 09:35:00,14,10,13,0,0,4,1,19,14,14,10,6,1,7.418296,8.837792,8.571446,0.93,0.0,0.71,0.779461,0.454014,0
user_70889,2022-10-15 04:04:00,22,4,9,1,1,2,18,19,8,14,1,5,1,5.879172,1.468212,3.391658,0.41,0.11,0.18,0.795111,0.319349,0
user_70890,2022-10-22 00:29:00,26,6,7,1,1,2,2,8,15,14,5,5,1,7.026491,4.261635,9.13805,0.27,0.14,0.23,0.725568,0.788735,0
user_70891,2022-10-07 00:31:00,19,11,8,1,3,0,3,17,1,15,20,4,0,2.020157,4.411024,4.492715,0.42,0.12,0.58,0.562664,0.639645,1
user_70892,2022-10-18 04:34:00,22,14,11,0,2,1,19,3,1,10,12,1,0,1.21251,7.683781,2.813599,0.5,0.0,0.64,0.596538,0.752934,0
user_70893,2022-10-13 00:35:00,16,8,8,0,3,1,8,8,1,7,11,3,0,6.240196,9.407479,7.899569,0.5,0.0,0.5,0.711795,0.77522,0
user_70894,2022-09-26 04:39:00,18,16,10,1,2,4,9,6,0,1,15,0,0,3.215462,1.78468,10.860346,0.56,0.1,0.89,0.61637,0.955256,0
user_70895,2022-10-24 04:40:00,18,6,8,0,1,3,19,6,3,15,16,0,0,12.338527,7.023011,4.803745,0.44,0.0,0.33,0.866964,0.679212,0
user_70896,2022-10-22 21:22:00,14,18,3,1,1,0,11,12,17,16,19,5,1,6.746726,0.029064,8.640062,0.21,0.33,1.29,0.305684,0.901846,1
user_70897,2022-09-21 20:05:00,22,10,6,0,4,0,5,6,3,6,12,2,0,6.417162,2.479055,9.035438,0.27,0.0,0.45,0.923266,0.937266,0
user_70898,2022-10-15 11:49:00,26,13,7,0,3,2,11,9,7,2,14,5,1,6.184672,1.465944,5.894919,0.27,0.0,0.5,0.485429,0.867334,0
user_70899,2022-09-03 17:38:00,24,8,12,1,1,6,3,8,8,10,13,5,1,5.067005,1.614322,2.134787,0.5,0.08,0.33,0.686898,0.577528,0
user_70900,2022-10-08 23:10:00,17,7,8,1,2,0,20,12,3,4,17,5,1,10.237068,2.153322,7.919766,0.47,0.12,0.41,0.614092,0.657917,0
user_70901,2022-09-07 01:14:00,21,17,4,1,5,1,18,14,9,12,18,2,0,0.827186,1.891311,1.334895,0.19,0.25,0.81,0.693601,0.77461,0
user_70902,2022-09-29 11:14:00,21,9,13,0,3,2,18,7,19,12,11,3,0,3.086141,5.174815,6.230086,0.62,0.0,0.43,0.627322,0.301316,0
user_70903,2022-10-17 23:18:00,23,10,9,0,0,2,19,5,0,4,19,0,0,8.760465,3.895345,5.102706,0.39,0.0,0.43,0.317705,0.706453,1
user_70904,2022-10-24 05:55:00,18,12,9,1,2,2,14,15,19,2,15,0,0,5.190925,2.151934,9.289979,0.5,0.11,0.67,0.696682,0.796297,0
user_70905,2022-10-14 04:22:00,25,7,9,2,3,1,1,17,18,12,3,4,0,9.178411,5.560301,1.92772,0.36,0.22,0.28,0.752473,0.41276,0
user_70906,2022-10-23 09:56:00,16,13,10,1,0,1,8,10,17,5,9,6,1,4.572993,5.034208,5.584443,0.62,0.1,0.81,0.659072,0.708558,0
user_70907,2022-10-27 06:59:00,15,16,11,1,0,0,0,18,7,15,20,3,0,0.125275,0.819327,8.12062,0.73,0.09,1.07,0.99268,0.952718,1
user_70908,2022-10-22 19:07:00,16,15,5,1,3,2,9,11,14,1,6,5,1,5.933804,8.795923,11.141432,0.31,0.2,0.94,0.41214,0.49063,0
user_70909,2022-09-22 04:37:00,14,9,9,0,2,1,14,3,0,8,17,3,0,6.758949,1.465853,3.165273,0.64,0.0,0.64,0.535096,0.884047,0
user_70910,2022-10-10 00:37:00,23,14,8,0,4,2,8,18,19,10,20,0,0,6.802878,6.444944,8.592001,0.35,0.0,0.61,0.510555,0.45652,1
user_70911,2022-10-28 15:54:00,26,4,9,1,3,1,12,8,18,13,12,4,0,1.025316,6.865942,4.621566,0.35,0.11,0.15,0.760819,0.376872,0
user_70912,2022-10-24 15:37:00,15,8,7,1,0,3,17,2,5,18,0,0,0,8.685153,4.357162,7.109157,0.47,0.14,0.53,0.912259,0.688179,0
user_70913,2022-09-15 13:59:00,21,12,10,0,3,2,6,13,14,10,14,3,0,1.102592,3.934367,12.650807,0.48,0.0,0.57,0.718594,0.504136,0
user_70914,2022-09-08 08:56:00,22,10,10,0,0,0,7,8,7,4,14,3,0,7.420679,3.505253,9.109365,0.45,0.0,0.45,0.74855,0.632081,0
user_70915,2022-10-15 07:55:00,19,12,7,0,1,0,10,3,16,5,2,5,1,4.212731,9.572273,6.988464,0.37,0.0,0.63,0.702181,0.488527,0
user_70916,2022-10-01 18:47:00,16,7,10,0,0,2,11,14,0,15,19,5,1,5.874527,2.400597,13.843715,0.62,0.0,0.44,0.955263,0.475757,1
user_70917,2022-09-19 18:17:00,24,9,1,0,1,0,18,16,1,6,12,0,0,6.133175,6.353278,4.705116,0.04,0.0,0.38,0.549012,0.952248,0
user_70918,2022-09-14 11:59:00,24,15,7,1,2,1,10,13,14,3,11,2,0,1.951922,8.311289,4.34844,0.29,0.14,0.62,0.89486,0.685531,0
user_70919,2022-10-20 05:44:00,21,7,9,0,2,3,20,8,14,2,0,3,0,5.107588,5.566981,11.199323,0.43,0.0,0.33,0.409992,0.810624,0
user_70920,2022-10-30 23:13:00,23,6,5,0,2,1,9,12,14,9,8,6,1,4.74892,3.484421,4.231659,0.22,0.0,0.26,0.457749,0.581885,0
user_70921,2022-09-24 20:36:00,19,10,9,1,2,4,9,10,17,6,18,5,1,9.599876,3.911387,5.581686,0.47,0.11,0.53,0.812941,0.612131,0
user_70922,2022-09-06 21:58:00,26,4,8,1,2,0,5,8,16,7,1,1,0,3.161418,7.0627,8.107102,0.31,0.12,0.15,0.459819,0.683294,0
user_70923,2022-10-07 19:23:00,17,13,8,1,4,3,9,1,10,7,10,4,0,1.658347,4.886354,6.760695,0.47,0.12,0.76,0.701408,0.626475,0
user_70924,2022-09-11 01:07:00,18,6,6,1,1,1,15,20,17,19,6,6,1,2.375235,1.18364,6.980461,0.33,0.17,0.33,0.743323,0.711998,0
user_70925,2022-10-14 13:46:00,25,7,8,1,2,3,17,6,10,1,4,4,0,4.414591,4.530035,8.727289,0.32,0.12,0.28,0.307554,0.822764,0
user_70926,2022-10-05 08:23:00,19,6,9,1,1,2,0,11,19,13,3,2,0,3.925516,8.654725,4.913008,0.47,0.11,0.32,0.721226,0.67999,0
user_70927,2022-09-11 17:46:00,18,9,5,1,3,1,1,18,20,3,5,6,1,0.659715,3.240933,9.718529,0.28,0.2,0.5,0.860186,0.427157,0
user_70928,2022-10-13 09:12:00,19,11,12,0,5,2,3,4,5,19,14,3,0,4.867939,4.539085,15.525097,0.63,0.0,0.58,0.83823,0.633688,0
user_70929,2022-09-17 07:28:00,22,9,13,1,5,3,2,11,1,7,18,5,1,1.789254,5.39098,6.014537,0.59,0.08,0.41,0.358591,0.458697,0
user_70930,2022-10-10 02:10:00,29,13,9,1,3,4,3,7,20,1,7,0,0,3.456532,7.835177,6.049408,0.31,0.11,0.45,0.509647,0.309341,0
user_70931,2022-10-12 08:28:00,22,5,9,0,2,1,3,20,10,7,2,2,0,13.923957,5.875278,6.129217,0.41,0.0,0.23,0.765024,0.808131,0
user_70932,2022-09-23 01:37:00,19,5,2,1,1,2,8,14,4,10,12,4,0,7.585163,8.38292,3.83688,0.11,0.5,0.26,0.633359,0.821502,0
user_70933,2022-10-27 05:32:00,18,10,10,1,2,0,16,15,11,20,17,3,0,5.41741,3.119351,8.670686,0.56,0.1,0.56,0.877692,0.721409,0
user_70934,2022-09-29 12:27:00,21,12,4,0,1,0,3,0,11,14,3,3,0,3.207016,6.160529,4.664934,0.19,0.0,0.57,0.79505,0.608247,0
user_70935,2022-09-27 23:12:00,15,7,7,0,1,1,18,2,20,15,4,1,0,5.145076,8.358687,8.760311,0.47,0.0,0.47,0.357406,0.707192,0
user_70936,2022-10-30 04:29:00,29,8,7,0,3,0,8,1,3,3,6,6,1,7.060913,9.42837,8.018732,0.24,0.0,0.28,0.724093,0.441541,0
user_70937,2022-10-26 23:04:00,22,8,6,1,3,2,11,17,11,14,19,2,0,4.718278,0.861134,11.294762,0.27,0.17,0.36,0.977628,0.954734,1
user_70938,2022-10-10 21:36:00,27,7,7,0,2,3,3,20,1,8,14,0,0,6.342615,1.98157,7.026848,0.26,0.0,0.26,0.305917,0.368636,0
user_70939,2022-09-11 10:23:00,22,4,11,0,3,3,10,12,11,1,6,6,1,3.494188,4.46889,4.920394,0.5,0.0,0.18,0.381953,0.790003,0
user_70940,2022-10-15 13:02:00,16,6,8,1,0,1,4,10,16,10,17,5,1,5.428863,4.632302,2.534636,0.5,0.12,0.38,0.52608,0.371596,0
user_70941,2022-10-21 07:26:00,24,8,7,0,2,1,11,19,1,1,19,4,0,2.72227,6.897816,3.391351,0.29,0.0,0.33,0.919922,0.685898,1
user_70942,2022-09-17 13:47:00,24,6,11,0,4,4,16,12,9,4,7,5,1,2.724667,9.828443,9.412832,0.46,0.0,0.25,0.61229,0.420371,0
user_70943,2022-10-25 03:17:00,21,9,8,0,3,0,6,12,3,3,8,1,0,2.193825,5.204745,7.562718,0.38,0.0,0.43,0.530721,0.773914,0
user_70944,2022-09-21 03:27:00,17,5,6,0,1,3,4,0,6,11,12,2,0,7.870943,4.490414,10.695441,0.35,0.0,0.29,0.674354,0.563157,0
user_70945,2022-10-24 11:27:00,27,14,7,0,3,1,19,12,16,7,7,0,0,5.891673,6.265107,9.700326,0.26,0.0,0.52,0.88411,0.823736,0
user_70946,2022-10-10 23:25:00,30,7,7,1,4,0,8,1,16,8,9,0,0,3.05687,6.856873,6.753822,0.23,0.14,0.23,0.705923,0.608358,0
user_70947,2022-10-10 13:28:00,22,6,9,1,2,0,20,13,5,0,13,0,0,6.393311,4.512411,5.350987,0.41,0.11,0.27,0.830987,0.580865,0
user_70948,2022-09-30 18:01:00,23,8,5,1,2,1,3,15,13,11,15,4,0,7.462948,6.888593,6.748626,0.22,0.2,0.35,0.644478,0.54391,0
user_70949,2022-10-04 12:23:00,13,16,9,0,4,1,3,12,19,1,17,1,0,2.923976,1.157689,11.254333,0.69,0.0,1.23,0.606348,0.891067,0
user_70950,2022-09-02 19:35:00,26,12,1,0,0,0,13,4,5,16,8,4,0,0.564637,8.184265,8.496184,0.04,0.0,0.46,0.505001,0.49372,0
user_70951,2022-10-14 07:53:00,19,14,2,1,5,1,11,12,11,9,16,4,0,2.174829,4.089352,7.349983,0.11,0.5,0.74,0.391907,0.461695,0
user_70952,2022-09-25 22:04:00,17,12,10,1,2,1,12,11,11,13,10,6,1,6.676767,4.162158,8.915726,0.59,0.1,0.71,0.887752,0.442529,0
user_70953,2022-09-03 14:19:00,25,7,5,0,2,1,20,4,0,12,15,5,1,3.404809,4.667961,2.852422,0.2,0.0,0.28,0.760972,0.323928,0
user_70954,2022-09-23 19:49:00,19,16,10,0,2,1,2,17,0,18,16,4,0,1.790457,8.806589,7.033271,0.53,0.0,0.84,0.813776,0.989686,0
user_70955,2022-09-04 14:10:00,27,8,10,2,3,2,18,3,7,9,17,6,1,1.132054,4.014065,6.611895,0.37,0.2,0.3,0.364584,0.363912,0
user_70956,2022-10-15 11:43:00,14,8,11,0,1,1,10,15,10,6,1,5,1,6.88354,2.674867,8.437745,0.79,0.0,0.57,0.67091,0.768105,0
user_70957,2022-09-06 02:51:00,19,9,10,1,3,1,10,11,0,9,7,1,0,7.230136,5.842316,7.122196,0.53,0.1,0.47,0.449916,0.618503,0
user_70958,2022-10-02 11:09:00,16,8,8,0,1,2,0,6,8,12,0,6,1,5.837608,8.128568,8.683457,0.5,0.0,0.5,0.855256,0.302181,0
user_70959,2022-10-25 20:50:00,24,8,9,1,2,3,0,18,1,3,4,1,0,1.100114,3.434554,3.894019,0.38,0.11,0.33,0.440829,0.687169,0
user_70960,2022-10-26 21:14:00,18,13,9,1,1,1,6,13,3,10,9,2,0,0.677873,3.868212,5.827266,0.5,0.11,0.72,0.891522,0.921047,0
user_70961,2022-09-19 21:15:00,18,15,6,2,3,2,11,12,1,11,12,0,0,4.306826,7.632311,4.163305,0.33,0.33,0.83,0.844553,0.744415,0
user_70962,2022-09-03 12:05:00,13,14,5,0,1,2,13,6,0,13,18,5,1,2.967457,6.505003,10.42229,0.38,0.0,1.08,0.722316,0.399607,0
user_70963,2022-09-30 01:29:00,25,8,7,0,3,2,0,2,4,10,20,4,0,8.983181,3.924091,9.467172,0.28,0.0,0.32,0.354514,0.567008,1
user_70964,2022-09-29 19:25:00,22,16,7,0,3,3,0,8,15,6,2,3,0,6.492158,5.43134,0.435614,0.32,0.0,0.73,0.584018,0.362818,0
user_70965,2022-10-14 07:59:00,21,10,10,0,1,1,10,14,13,8,2,4,0,5.326878,5.168612,8.074016,0.48,0.0,0.48,0.340684,0.363722,0
user_70966,2022-10-23 23:15:00,27,12,7,2,2,3,8,19,10,4,15,6,1,1.30191,2.873921,3.162398,0.26,0.29,0.44,0.956967,0.356077,0
user_70967,2022-09-22 06:03:00,18,10,8,0,1,2,15,11,7,11,13,3,0,2.915385,4.077816,5.663582,0.44,0.0,0.56,0.754153,0.335631,0
user_70968,2022-09-30 11:27:00,17,5,10,0,5,4,19,5,0,1,19,4,0,9.176992,0.929474,6.014852,0.59,0.0,0.29,0.311571,0.803551,1
user_70969,2022-10-30 10:00:00,11,11,7,0,2,1,18,2,13,18,4,6,1,6.609834,6.020284,8.272148,0.64,0.0,1.0,0.384487,0.307907,0
user_70970,2022-09-23 19:12:00,21,9,10,0,0,3,1,18,9,10,12,4,0,9.207706,8.834957,9.554385,0.48,0.0,0.43,0.786454,0.885513,0
user_70971,2022-09-04 15:32:00,15,17,11,0,2,3,13,14,10,8,10,6,1,9.051073,4.459433,10.243934,0.73,0.0,1.13,0.764745,0.889024,0
user_70972,2022-09-03 04:04:00,26,10,7,0,4,0,13,18,19,11,16,5,1,4.793765,6.092768,6.311636,0.27,0.0,0.38,0.783976,0.637176,0
user_70973,2022-09-27 19:21:00,20,9,11,1,1,2,13,13,15,1,14,1,0,5.265225,4.03438,10.86477,0.55,0.09,0.45,0.984095,0.354106,0
user_70974,2022-09-16 19:17:00,16,11,6,1,1,1,14,3,18,0,15,4,0,5.014734,1.085872,7.669629,0.38,0.17,0.69,0.935345,0.502387,0
user_70975,2022-10-21 09:19:00,18,8,9,1,0,1,10,19,5,0,13,4,0,5.021248,5.007074,3.914144,0.5,0.11,0.44,0.33664,0.336787,0
user_70976,2022-10-20 17:11:00,21,8,9,1,0,1,11,0,16,11,13,3,0,1.518375,4.978659,10.714589,0.43,0.11,0.38,0.855289,0.308462,0
user_70977,2022-10-18 16:11:00,25,9,8,0,4,3,16,7,12,16,12,1,0,0.05502,4.014677,7.34329,0.32,0.0,0.36,0.92103,0.449632,0
user_70978,2022-09-07 17:30:00,18,7,4,1,1,0,7,7,18,1,16,2,0,8.279846,7.659461,13.233903,0.22,0.25,0.39,0.8346,0.724509,0
user_70979,2022-09-30 18:34:00,28,14,9,1,2,0,7,1,18,0,5,4,0,4.564748,6.842387,7.954829,0.32,0.11,0.5,0.328094,0.440872,0
user_70980,2022-09-20 13:11:00,20,12,6,0,1,0,0,12,1,17,18,1,0,5.272892,1.506082,6.054311,0.3,0.0,0.6,0.954203,0.815199,0
user_70981,2022-09-24 06:57:00,21,9,4,2,4,0,18,4,15,9,12,5,1,5.336708,6.042653,12.053051,0.19,0.5,0.43,0.664898,0.405047,0
user_70982,2022-10-08 19:26:00,15,20,5,1,1,1,1,17,5,14,2,5,1,7.1938,7.870926,5.328272,0.33,0.2,1.33,0.327119,0.936325,0
user_70983,2022-10-06 02:58:00,17,11,3,0,1,0,7,18,17,8,2,3,0,2.360672,4.59996,1.953053,0.18,0.0,0.65,0.501087,0.921305,0
user_70984,2022-09-19 18:15:00,25,14,11,0,3,2,9,6,20,0,0,0,0,1.832024,0.684538,12.341265,0.44,0.0,0.56,0.496208,0.683396,0
user_70985,2022-09-16 10:28:00,13,12,5,0,4,1,6,16,8,13,8,4,0,8.078924,7.07553,9.158292,0.38,0.0,0.92,0.746352,0.599859,0
user_70986,2022-09-19 03:19:00,22,16,10,1,1,3,18,4,2,18,15,0,0,9.955531,6.133899,4.717231,0.45,0.1,0.73,0.724543,0.683907,0
user_70987,2022-10-16 13:41:00,15,5,10,0,2,1,20,17,1,10,17,6,1,0.462776,7.504833,3.570703,0.67,0.0,0.33,0.568066,0.73545,0
user_70988,2022-10-23 20:34:00,21,18,8,0,3,0,16,14,20,20,1,6,1,9.708007,5.883271,12.186108,0.38,0.0,0.86,0.531783,0.753257,0
user_70989,2022-09-04 17:00:00,14,15,11,0,0,1,8,6,6,9,0,6,1,1.872465,3.70212,4.993103,0.79,0.0,1.07,0.891304,0.671045,0
user_70990,2022-09-23 04:50:00,23,19,5,0,3,1,14,10,0,17,1,4,0,0.870915,6.493624,1.12538,0.22,0.0,0.83,0.489702,0.755724,0
user_70991,2022-10-08 03:33:00,20,12,5,1,3,1,2,11,18,8,18,5,1,7.194539,6.654592,8.108079,0.25,0.2,0.6,0.339267,0.471892,0
user_70992,2022-09-25 07:45:00,12,10,12,0,0,5,20,14,9,9,19,6,1,6.365884,4.28998,6.884678,1.0,0.0,0.83,0.39404,0.990861,1
user_70993,2022-09-27 18:29:00,23,7,8,0,6,0,12,19,15,17,14,1,0,7.495975,4.724643,10.686585,0.35,0.0,0.3,0.459115,0.814504,0
user_70994,2022-09-06 18:31:00,22,12,9,1,4,3,18,0,15,5,13,1,0,2.461348,8.455805,11.676318,0.41,0.11,0.55,0.684587,0.405865,0
user_70995,2022-09-19 13:31:00,19,2,11,1,4,4,6,12,5,10,3,0,0,3.97696,8.259296,0.989278,0.58,0.09,0.11,0.519868,0.54239,0
user_70996,2022-10-28 03:05:00,15,6,12,1,1,3,11,1,7,3,2,4,0,0.938603,5.457273,7.046437,0.8,0.08,0.4,0.776467,0.401119,0
user_70997,2022-10-17 02:49:00,21,11,7,0,3,2,11,2,11,0,4,0,0,7.291048,10.142116,10.626113,0.33,0.0,0.52,0.511834,0.680906,0
user_70998,2022-09-15 11:56:00,25,7,5,0,1,1,20,10,18,6,15,3,0,7.769968,7.290973,5.574134,0.2,0.0,0.28,0.818299,0.96423,0
user_70999,2022-09-03 12:13:00,30,14,11,1,4,3,10,11,3,12,16,5,1,6.1619,1.705659,3.388069,0.37,0.09,0.47,0.567401,0.454948,0
user_71000,2022-10-04 10:23:00,22,12,15,2,2,4,6,14,7,20,0,1,0,4.425806,2.783624,3.282355,0.68,0.13,0.55,0.480288,0.757754,0
user_71001,2022-09-08 21:04:00,19,14,7,0,1,1,6,5,12,18,8,3,0,9.687895,4.683095,9.640206,0.37,0.0,0.74,0.732474,0.532679,0
user_71002,2022-09-11 05:17:00,25,10,10,1,2,3,9,20,5,13,0,6,1,6.743047,5.163763,4.941768,0.4,0.1,0.4,0.474255,0.368297,0
user_71003,2022-10-03 19:49:00,28,10,12,1,3,3,14,4,4,14,18,0,0,4.639467,4.769717,12.788697,0.43,0.08,0.36,0.312925,0.648369,0
user_71004,2022-10-17 09:12:00,19,7,11,0,0,3,10,4,0,14,19,0,0,8.55266,3.477666,10.23803,0.58,0.0,0.37,0.753905,0.348464,1
user_71005,2022-10-12 17:40:00,16,10,11,1,2,1,6,10,13,10,6,2,0,6.464501,7.155162,3.421409,0.69,0.09,0.62,0.664766,0.632545,0
user_71006,2022-10-28 15:19:00,21,8,11,0,1,2,11,18,4,12,9,4,0,2.803872,1.981076,6.601292,0.52,0.0,0.38,0.703324,0.340064,0
user_71007,2022-09-03 11:57:00,22,8,5,0,2,1,14,1,6,8,7,5,1,6.359544,7.767408,12.973659,0.23,0.0,0.36,0.716773,0.652272,0
user_71008,2022-09-01 13:12:00,23,12,9,1,1,0,1,8,9,14,20,3,0,11.792485,9.494696,4.802061,0.39,0.11,0.52,0.376771,0.711227,1
user_71009,2022-09-13 13:57:00,21,5,5,1,2,0,5,4,4,12,0,1,0,3.184602,1.158447,8.267167,0.24,0.2,0.24,0.755461,0.700447,0
user_71010,2022-10-24 02:49:00,27,9,9,1,5,0,15,8,17,13,6,0,0,7.625739,4.501972,7.852474,0.33,0.11,0.33,0.744097,0.70204,0
user_71011,2022-10-10 13:16:00,21,5,10,0,1,2,20,15,2,19,0,0,0,7.773177,6.285525,3.460053,0.48,0.0,0.24,0.777506,0.44073,0
user_71012,2022-09-04 04:55:00,22,14,9,1,2,2,4,11,16,6,19,6,1,7.588621,10.821714,4.960579,0.41,0.11,0.64,0.600331,0.678888,1
user_71013,2022-09-22 00:40:00,18,12,6,1,1,1,9,3,4,12,5,3,0,7.193976,6.088046,5.793218,0.33,0.17,0.67,0.95443,0.680533,0
user_71014,2022-09-23 00:05:00,23,9,9,0,4,1,14,11,19,20,1,4,0,1.660967,7.369078,8.714436,0.39,0.0,0.39,0.677284,0.8778,0
user_71015,2022-09-12 15:59:00,20,11,3,0,4,1,12,0,1,7,20,0,0,0.010075,6.269805,3.585318,0.15,0.0,0.55,0.554851,0.462536,1
user_71016,2022-10-29 02:06:00,20,15,9,0,3,2,19,18,1,18,18,5,1,1.666814,7.136385,7.547942,0.45,0.0,0.75,0.613856,0.327356,0
user_71017,2022-09-24 16:15:00,16,11,8,0,3,3,8,7,17,8,4,5,1,6.735304,5.969759,3.592914,0.5,0.0,0.69,0.7943,0.842415,0
user_71018,2022-09-02 21:00:00,16,10,9,0,3,1,10,9,1,17,8,4,0,3.555357,0.276008,4.181724,0.56,0.0,0.62,0.684086,0.64103,0
user_71019,2022-09-06 20:48:00,18,9,14,0,1,3,14,2,8,16,8,1,0,1.095146,1.713162,11.344481,0.78,0.0,0.5,0.511021,0.490167,0
user_71020,2022-10-04 21:09:00,19,10,6,1,2,1,9,4,6,11,2,1,0,5.211899,7.990471,5.770191,0.32,0.17,0.53,0.562698,0.917579,0
user_71021,2022-10-28 14:56:00,32,11,5,0,2,1,18,0,12,7,11,4,0,6.310521,6.80557,5.559363,0.16,0.0,0.34,0.953215,0.756808,0
user_71022,2022-09-01 18:36:00,26,5,8,1,3,1,6,20,20,11,15,3,0,9.342552,5.555612,6.999588,0.31,0.12,0.19,0.340206,0.407619,0
user_71023,2022-09-19 01:09:00,29,15,7,0,3,4,3,3,5,13,11,0,0,8.063918,2.625456,8.827557,0.24,0.0,0.52,0.844902,0.431367,0
user_71024,2022-09-26 23:58:00,17,13,11,1,4,0,16,13,20,13,20,0,0,4.182188,7.709976,10.273715,0.65,0.09,0.76,0.921463,0.730795,1
user_71025,2022-10-29 16:33:00,18,10,9,1,3,1,8,19,20,15,9,5,1,0.969784,4.823778,7.137464,0.5,0.11,0.56,0.817418,0.361308,0
user_71026,2022-09-05 23:19:00,23,7,9,1,2,1,3,16,7,11,16,0,0,5.647246,1.217113,9.44536,0.39,0.11,0.3,0.409106,0.510982,0
user_71027,2022-10-23 14:34:00,19,12,9,0,3,2,4,11,13,11,17,6,1,3.100265,0.765172,5.329653,0.47,0.0,0.63,0.861849,0.992721,0
user_71028,2022-10-22 15:58:00,19,10,7,1,3,0,3,18,10,9,20,5,1,6.961132,7.520265,3.932727,0.37,0.14,0.53,0.469203,0.92313,1
user_71029,2022-10-30 21:06:00,22,6,3,0,2,1,3,15,19,14,14,6,1,3.699623,3.973818,5.099034,0.14,0.0,0.27,0.666022,0.808212,0
user_71030,2022-10-03 10:59:00,13,12,5,1,2,1,8,7,3,14,16,0,0,4.106035,5.066175,10.070348,0.38,0.2,0.92,0.587617,0.386829,0
user_71031,2022-10-29 10:01:00,12,5,17,1,2,5,11,17,11,19,0,5,1,8.077036,3.855754,6.033587,1.42,0.06,0.42,0.610761,0.832452,0
user_71032,2022-09-27 16:55:00,22,18,10,1,1,1,13,17,11,11,2,1,0,12.247915,3.874547,6.563363,0.45,0.1,0.82,0.496283,0.455543,0
user_71033,2022-10-28 19:07:00,24,11,10,0,5,3,11,14,19,14,0,4,0,8.610743,6.175036,8.907795,0.42,0.0,0.46,0.527702,0.851579,0
user_71034,2022-10-01 20:22:00,19,12,7,0,2,1,18,14,20,19,5,5,1,3.86363,1.000387,9.983733,0.37,0.0,0.63,0.419565,0.538813,0
user_71035,2022-09-27 13:29:00,20,10,11,0,1,3,8,2,7,18,3,1,0,3.785004,9.820375,11.542017,0.55,0.0,0.5,0.433516,0.905693,0
user_71036,2022-10-06 05:12:00,19,4,13,0,1,4,13,20,6,0,7,3,0,11.429704,2.701927,5.852515,0.68,0.0,0.21,0.575688,0.666444,0
user_71037,2022-10-01 15:14:00,16,11,11,0,1,3,16,17,18,13,2,5,1,4.791827,3.580044,5.609788,0.69,0.0,0.69,0.610786,0.933498,0
user_71038,2022-09-27 03:19:00,16,13,10,0,2,1,15,17,20,10,0,1,0,9.951099,2.646794,3.273073,0.62,0.0,0.81,0.738975,0.37486,0
user_71039,2022-10-03 11:18:00,25,14,4,0,2,1,14,5,11,4,19,0,0,3.36454,6.703942,10.870832,0.16,0.0,0.56,0.602415,0.324526,1
user_71040,2022-10-28 18:55:00,17,9,9,0,2,1,2,1,9,17,4,4,0,3.696103,6.142618,10.089455,0.53,0.0,0.53,0.406107,0.51842,0
user_71041,2022-10-02 20:50:00,17,12,13,0,3,5,19,15,16,6,17,6,1,3.370473,4.666078,4.485027,0.76,0.0,0.71,0.568738,0.872182,0
user_71042,2022-09-14 02:17:00,23,10,5,1,2,1,4,18,1,2,20,2,0,4.85448,10.989267,13.768257,0.22,0.2,0.43,0.437962,0.914418,1
user_71043,2022-10-21 17:47:00,25,16,7,1,4,0,3,6,13,20,4,4,0,10.857114,6.262626,6.468152,0.28,0.14,0.64,0.707795,0.48571,0
user_71044,2022-09-07 11:30:00,28,9,4,3,7,0,3,8,13,12,12,2,0,8.170247,2.397941,4.772796,0.14,0.75,0.32,0.424005,0.62661,0
user_71045,2022-09-06 04:01:00,23,11,7,0,2,0,9,17,17,6,19,1,0,5.406109,5.879142,10.084992,0.3,0.0,0.48,0.459875,0.75402,1
user_71046,2022-09-22 13:46:00,17,15,4,1,2,1,1,0,17,5,5,3,0,5.774447,5.494568,9.106894,0.24,0.25,0.88,0.735537,0.594754,0
user_71047,2022-09-25 20:37:00,29,10,10,0,6,2,15,4,16,12,10,6,1,6.16819,3.142487,5.57096,0.34,0.0,0.34,0.569405,0.306626,0
user_71048,2022-10-12 08:36:00,24,10,11,0,0,2,3,17,4,12,4,2,0,5.061452,5.100569,5.931013,0.46,0.0,0.42,0.507743,0.862421,0
user_71049,2022-10-10 23:15:00,17,10,6,0,0,1,18,6,7,17,4,0,0,8.723572,8.188912,2.142713,0.35,0.0,0.59,0.612216,0.504855,0
user_71050,2022-09-12 10:00:00,23,14,11,1,0,1,6,7,8,8,9,0,0,8.231995,10.274446,10.228579,0.48,0.09,0.61,0.717885,0.874466,0
user_71051,2022-09-11 16:55:00,22,11,7,1,1,0,6,0,6,19,1,6,1,5.132187,4.89845,12.810884,0.32,0.14,0.5,0.377101,0.355228,0
user_71052,2022-09-16 19:46:00,16,10,8,0,0,3,9,19,10,1,10,4,0,2.906533,2.535933,8.143476,0.5,0.0,0.62,0.569431,0.51523,0
user_71053,2022-10-18 17:00:00,23,9,10,1,4,1,1,9,17,13,3,1,0,4.629484,1.116525,3.279311,0.43,0.1,0.39,0.449808,0.669857,0
user_71054,2022-10-09 05:38:00,18,8,9,1,3,2,1,11,10,14,15,6,1,8.685546,7.669064,6.664592,0.5,0.11,0.44,0.880987,0.519113,0
user_71055,2022-10-02 16:08:00,26,10,4,0,4,2,14,0,6,14,17,6,1,3.202344,7.142437,7.797674,0.15,0.0,0.38,0.90056,0.425368,0
user_71056,2022-10-23 17:41:00,15,9,8,1,1,1,7,0,15,7,3,6,1,3.457997,5.705859,7.416793,0.53,0.12,0.6,0.414088,0.870141,0
user_71057,2022-10-19 21:26:00,17,8,7,1,3,4,13,2,18,3,8,2,0,2.348615,4.007955,10.312043,0.41,0.14,0.47,0.627689,0.66042,0
user_71058,2022-10-06 15:10:00,23,7,10,1,5,1,13,10,4,18,3,3,0,8.405134,3.469943,8.486132,0.43,0.1,0.3,0.417818,0.621497,0
user_71059,2022-09-09 13:38:00,21,9,9,0,3,0,20,6,1,14,18,4,0,0.971008,2.952595,3.627305,0.43,0.0,0.43,0.87711,0.585848,0
user_71060,2022-09-03 22:35:00,23,8,6,1,4,2,10,8,1,12,13,5,1,2.619674,2.125473,7.596322,0.26,0.17,0.35,0.977582,0.593778,0
user_71061,2022-09-10 07:14:00,17,6,13,2,1,2,15,2,1,7,5,5,1,3.895418,2.199189,4.230734,0.76,0.15,0.35,0.507049,0.52315,0
user_71062,2022-10-03 10:24:00,14,11,4,2,2,1,8,2,13,12,13,0,0,5.592524,2.730864,9.24197,0.29,0.5,0.79,0.729108,0.965441,0
user_71063,2022-09-12 15:35:00,15,15,9,1,2,1,12,18,4,20,11,0,0,1.71309,5.443263,9.708197,0.6,0.11,1.0,0.952858,0.665383,0
user_71064,2022-09-18 18:47:00,13,10,8,1,1,1,15,8,6,15,6,6,1,2.72991,4.490393,3.599191,0.62,0.12,0.77,0.94762,0.486611,0
user_71065,2022-10-22 00:53:00,16,7,6,0,0,3,12,2,19,18,11,5,1,3.158756,4.218435,7.311371,0.38,0.0,0.44,0.357542,0.483871,0
user_71066,2022-09-21 10:52:00,14,8,5,2,1,0,19,0,13,17,1,2,0,6.300843,1.236913,3.42203,0.36,0.4,0.57,0.881723,0.753859,0
user_71067,2022-10-25 00:36:00,21,13,8,0,1,0,7,6,20,12,11,1,0,2.302537,3.67077,7.327357,0.38,0.0,0.62,0.668308,0.954362,0
user_71068,2022-09-06 18:06:00,18,8,7,0,2,1,8,7,10,11,9,1,0,4.147605,8.465086,8.910672,0.39,0.0,0.44,0.985008,0.910058,0
user_71069,2022-09-09 19:11:00,16,8,3,0,2,1,16,20,19,17,4,4,0,3.932858,6.966087,7.635341,0.19,0.0,0.5,0.954937,0.722006,0
user_71070,2022-10-09 17:08:00,9,15,10,0,0,2,13,3,17,16,16,6,1,6.104318,4.527952,7.617805,1.11,0.0,1.67,0.698021,0.565713,0
user_71071,2022-09-09 18:25:00,17,6,9,1,4,0,1,8,4,9,5,4,0,4.87975,8.08055,1.994711,0.53,0.11,0.35,0.988987,0.921414,0
user_71072,2022-09-30 00:28:00,18,8,11,0,3,2,18,0,10,12,18,4,0,4.275791,8.025872,1.406581,0.61,0.0,0.44,0.43697,0.496954,0
user_71073,2022-10-11 01:24:00,17,7,4,0,3,0,8,0,8,19,14,1,0,3.9402,5.07371,4.55289,0.24,0.0,0.41,0.546025,0.977625,0
user_71074,2022-09-12 18:38:00,16,8,12,1,1,4,15,2,11,15,13,0,0,3.033002,9.003985,4.080514,0.75,0.08,0.5,0.706704,0.789572,0
user_71075,2022-09-29 12:17:00,21,11,9,1,3,2,10,0,1,1,19,3,0,0.749392,1.642364,3.920702,0.43,0.11,0.52,0.640792,0.390656,1
user_71076,2022-09-01 17:48:00,22,12,10,1,1,2,7,7,2,4,6,3,0,12.612078,5.855856,7.163106,0.45,0.1,0.55,0.863168,0.395756,0
user_71077,2022-10-25 11:59:00,17,11,11,0,2,1,10,16,18,15,14,1,0,3.977657,1.936516,9.941536,0.65,0.0,0.65,0.543537,0.560469,0
user_71078,2022-10-12 01:35:00,14,12,7,0,1,2,9,3,14,16,11,2,0,3.618515,2.374495,8.542266,0.5,0.0,0.86,0.656508,0.679292,0
user_71079,2022-09-11 17:25:00,18,5,7,2,2,2,15,13,14,5,10,6,1,8.963444,6.49314,7.284273,0.39,0.29,0.28,0.758576,0.637781,0
user_71080,2022-10-02 07:04:00,23,10,4,1,3,0,11,7,14,20,9,6,1,0.501448,6.301889,9.976285,0.17,0.25,0.43,0.540134,0.583513,0
user_71081,2022-10-19 20:56:00,19,12,8,0,4,2,18,13,10,9,13,2,0,5.135608,5.348993,2.678118,0.42,0.0,0.63,0.599514,0.953967,0
user_71082,2022-09-08 20:34:00,24,9,6,0,4,3,8,15,1,9,14,3,0,4.505914,5.577783,2.110104,0.25,0.0,0.38,0.338437,0.395918,0
user_71083,2022-10-15 22:00:00,27,5,5,1,1,0,10,13,4,16,3,5,1,7.149194,5.288386,0.517184,0.19,0.2,0.19,0.584177,0.795013,0
user_71084,2022-09-11 17:45:00,22,12,8,3,1,3,4,19,9,12,6,6,1,6.68534,8.364492,6.200302,0.36,0.38,0.55,0.459976,0.605257,0
user_71085,2022-10-28 22:49:00,22,11,6,1,4,0,8,13,11,17,7,4,0,8.20143,9.379952,10.195306,0.27,0.17,0.5,0.302349,0.972333,0
user_71086,2022-10-02 15:12:00,19,10,7,1,1,1,4,0,6,19,15,6,1,4.714266,3.366889,9.448669,0.37,0.14,0.53,0.330853,0.891801,0
user_71087,2022-10-26 08:29:00,13,7,7,0,0,2,13,20,9,18,14,2,0,0.849159,3.237644,1.127283,0.54,0.0,0.54,0.352891,0.910697,0
user_71088,2022-10-02 12:23:00,23,12,12,0,0,2,15,19,0,16,6,6,1,5.867861,4.647443,3.192601,0.52,0.0,0.52,0.863438,0.552459,0
user_71089,2022-10-05 07:16:00,26,4,5,0,2,0,14,6,9,19,16,2,0,0.882625,5.284019,8.299219,0.19,0.0,0.15,0.346096,0.492647,0
user_71090,2022-10-16 00:24:00,20,6,10,1,2,1,20,3,11,6,15,6,1,2.330833,9.048293,5.556972,0.5,0.1,0.3,0.463112,0.795935,0
user_71091,2022-09-26 18:39:00,25,10,9,1,1,3,13,18,0,3,2,0,0,6.285941,7.991764,12.433309,0.36,0.11,0.4,0.480058,0.949552,0
user_71092,2022-09-22 20:42:00,20,15,9,1,0,0,14,16,6,9,8,3,0,7.012076,3.722021,6.817678,0.45,0.11,0.75,0.759593,0.513353,0
user_71093,2022-10-02 21:34:00,13,8,9,0,1,2,20,12,14,1,3,6,1,8.568164,7.062727,9.503828,0.69,0.0,0.62,0.436197,0.939706,0
user_71094,2022-10-07 07:06:00,21,9,7,1,1,2,11,14,3,10,0,4,0,6.486953,7.680497,4.170261,0.33,0.14,0.43,0.605188,0.716193,0
user_71095,2022-10-11 17:16:00,23,9,8,1,1,2,5,18,13,15,12,1,0,3.612226,8.003085,9.228756,0.35,0.12,0.39,0.887268,0.373379,0
user_71096,2022-09-23 13:53:00,17,12,7,1,2,0,19,12,5,20,1,4,0,6.032798,5.350863,11.481577,0.41,0.14,0.71,0.882385,0.637049,0
user_71097,2022-09-24 16:29:00,19,4,9,2,2,0,1,7,16,4,11,5,1,3.778566,0.380762,10.512323,0.47,0.22,0.21,0.515182,0.781144,0
user_71098,2022-09-22 02:58:00,21,9,10,1,0,2,12,6,16,8,9,3,0,3.419607,8.442664,9.519674,0.48,0.1,0.43,0.704959,0.503617,0
user_71099,2022-09-29 12:32:00,27,15,9,0,2,1,4,3,7,8,7,3,0,6.623915,5.75027,11.972386,0.33,0.0,0.56,0.455126,0.413483,0
user_71100,2022-10-19 23:27:00,17,11,4,0,1,2,3,1,11,10,4,2,0,4.934354,4.917451,5.357243,0.24,0.0,0.65,0.482367,0.972077,0
user_71101,2022-09-21 12:43:00,26,9,11,0,4,3,0,18,20,14,6,2,0,2.241356,0.81093,6.008329,0.42,0.0,0.35,0.374092,0.723793,0
user_71102,2022-10-24 04:12:00,14,7,7,0,2,1,8,1,13,16,12,0,0,5.429459,3.923658,3.926052,0.5,0.0,0.5,0.449838,0.475655,0
user_71103,2022-10-21 09:19:00,20,14,9,0,1,1,4,7,16,1,8,4,0,3.754652,5.904647,7.059444,0.45,0.0,0.7,0.74099,0.87063,0
user_71104,2022-10-03 09:53:00,26,5,12,0,0,1,4,8,17,19,19,0,0,6.313526,8.228698,4.673365,0.46,0.0,0.19,0.399169,0.861246,1
user_71105,2022-09-14 15:58:00,21,11,11,0,1,1,5,4,9,14,13,2,0,8.636186,10.701348,4.417282,0.52,0.0,0.52,0.702118,0.995495,0
user_71106,2022-10-16 00:11:00,17,9,5,0,1,1,0,18,9,10,6,6,1,7.81827,4.020558,9.30222,0.29,0.0,0.53,0.681914,0.654653,0
user_71107,2022-09-29 16:45:00,19,12,7,0,2,1,13,17,14,2,20,3,0,1.671683,7.391172,10.859347,0.37,0.0,0.63,0.36596,0.812676,1
user_71108,2022-10-29 22:18:00,16,8,13,1,1,2,9,10,13,20,1,5,1,0.042866,3.665088,9.162376,0.81,0.08,0.5,0.731117,0.974455,0
user_71109,2022-09-10 16:25:00,9,10,7,3,0,2,14,8,6,8,15,5,1,5.933617,2.748245,8.001847,0.78,0.43,1.11,0.977662,0.738589,0
user_71110,2022-09-08 00:05:00,20,7,8,1,2,0,16,12,17,20,7,3,0,3.285428,4.312201,9.737345,0.4,0.12,0.35,0.61643,0.653837,0
user_71111,2022-10-15 08:09:00,17,9,13,0,3,0,19,13,0,16,17,5,1,9.597008,8.232064,2.681963,0.76,0.0,0.53,0.403089,0.527944,0
user_71112,2022-10-06 08:04:00,21,7,5,0,2,0,20,14,4,16,19,3,0,7.85237,5.562462,11.928096,0.24,0.0,0.33,0.670523,0.723545,1
user_71113,2022-09-28 12:59:00,13,12,11,0,1,3,20,0,2,5,6,2,0,3.735054,4.859135,11.822753,0.85,0.0,0.92,0.784501,0.936925,0
user_71114,2022-10-30 02:24:00,20,12,7,1,4,2,1,13,20,0,12,6,1,7.035588,4.522244,5.606427,0.35,0.14,0.6,0.982398,0.579756,0
user_71115,2022-09-28 05:39:00,21,8,7,0,3,2,7,19,1,20,5,2,0,4.096633,2.529184,6.810143,0.33,0.0,0.38,0.871265,0.705686,0
user_71116,2022-10-18 10:28:00,20,9,7,0,2,1,6,19,16,10,4,1,0,8.397543,8.742785,5.738597,0.35,0.0,0.45,0.84194,0.952296,0
user_71117,2022-09-09 20:32:00,23,13,7,1,1,1,7,17,1,0,1,4,0,6.478821,3.991557,10.739398,0.3,0.14,0.57,0.778794,0.675767,0
user_71118,2022-09-01 23:00:00,14,11,7,1,1,0,15,16,16,10,7,3,0,10.418464,0.036714,7.919128,0.5,0.14,0.79,0.667025,0.346389,0
user_71119,2022-09-20 04:29:00,18,11,8,0,1,2,2,3,5,19,0,1,0,2.970459,4.578727,6.105375,0.44,0.0,0.61,0.645128,0.532202,0
user_71120,2022-09-29 07:01:00,24,10,6,2,2,2,7,5,12,15,14,3,0,8.392876,1.240615,5.077714,0.25,0.33,0.42,0.509847,0.323383,0
user_71121,2022-10-29 08:07:00,12,5,6,0,1,1,15,17,10,5,12,5,1,1.21577,1.326271,7.323866,0.5,0.0,0.42,0.854222,0.38006,0
user_71122,2022-10-16 01:41:00,20,12,8,0,1,0,0,13,19,19,16,6,1,9.534931,4.779443,10.770788,0.4,0.0,0.6,0.721311,0.574784,0
user_71123,2022-10-01 03:16:00,22,12,6,1,4,3,9,4,11,14,8,5,1,9.343528,6.803471,4.857103,0.27,0.17,0.55,0.780657,0.406346,0
user_71124,2022-10-30 05:21:00,21,10,8,1,1,2,16,12,11,12,12,6,1,8.284894,7.984318,12.815692,0.38,0.12,0.48,0.573506,0.95289,0
user_71125,2022-09-05 21:40:00,21,7,5,2,1,1,2,6,19,17,18,0,0,5.734587,9.063891,8.47791,0.24,0.4,0.33,0.416813,0.863446,0
user_71126,2022-10-03 18:39:00,16,12,7,1,0,3,7,10,15,7,8,0,0,2.824929,1.736563,4.417436,0.44,0.14,0.75,0.727165,0.778666,0
user_71127,2022-09-30 01:31:00,26,10,10,0,2,2,0,8,19,9,5,4,0,2.077981,0.734293,7.98506,0.38,0.0,0.38,0.813002,0.626425,0
user_71128,2022-09-01 22:43:00,18,5,7,2,3,1,16,12,10,12,5,3,0,6.231097,2.74126,8.473491,0.39,0.29,0.28,0.864794,0.455173,0
user_71129,2022-09-15 04:12:00,28,6,9,0,2,1,10,18,2,11,9,3,0,1.895383,3.424651,2.245327,0.32,0.0,0.21,0.698216,0.708433,0
user_71130,2022-09-21 15:02:00,15,6,9,0,1,3,3,17,3,5,6,2,0,3.576578,3.816608,9.904636,0.6,0.0,0.4,0.922696,0.385509,0
user_71131,2022-10-26 02:04:00,24,13,4,2,2,0,0,5,8,18,9,2,0,6.668312,4.46444,1.520423,0.17,0.5,0.54,0.772359,0.454009,0
user_71132,2022-09-25 17:08:00,18,18,8,1,1,1,8,2,10,13,0,6,1,4.429826,3.853252,8.563025,0.44,0.12,1.0,0.431707,0.703187,0
user_71133,2022-10-08 13:58:00,13,6,7,1,1,1,8,19,6,12,13,5,1,0.008695,10.944521,8.149354,0.54,0.14,0.46,0.370159,0.740061,0
user_71134,2022-09-09 13:33:00,23,9,4,1,2,0,20,7,20,10,0,4,0,4.689385,4.594065,6.401773,0.17,0.25,0.39,0.795555,0.448466,0
user_71135,2022-09-05 01:23:00,19,16,8,0,4,2,14,12,9,5,18,0,0,1.964889,1.513943,7.591536,0.42,0.0,0.84,0.688734,0.696872,0
user_71136,2022-10-29 19:05:00,28,6,5,1,2,1,13,19,14,18,16,5,1,6.941511,3.96394,8.790599,0.18,0.2,0.21,0.955116,0.980197,0
user_71137,2022-09-07 13:35:00,22,7,10,1,4,3,14,0,18,13,3,2,0,6.667968,0.44505,5.292304,0.45,0.1,0.32,0.984981,0.784342,0
user_71138,2022-10-06 17:22:00,26,6,5,0,4,3,14,11,11,12,8,3,0,7.204397,2.606206,4.602817,0.19,0.0,0.23,0.594119,0.806028,0
user_71139,2022-09-14 03:05:00,22,8,9,1,1,1,16,14,1,10,10,2,0,2.070119,2.365506,9.212357,0.41,0.11,0.36,0.904774,0.903088,0
user_71140,2022-10-19 19:25:00,10,9,8,0,1,0,17,5,10,11,10,2,0,6.968527,4.0668,4.282002,0.8,0.0,0.9,0.535873,0.937691,0
user_71141,2022-09-02 04:23:00,16,9,12,1,1,2,0,5,6,15,2,4,0,4.468781,7.966391,4.791848,0.75,0.08,0.56,0.820012,0.939648,0
user_71142,2022-10-08 02:24:00,22,9,7,0,2,1,13,12,3,20,5,5,1,4.263471,5.250294,7.766795,0.32,0.0,0.41,0.54998,0.902799,0
user_71143,2022-10-18 02:42:00,11,9,7,2,1,1,9,2,1,6,19,1,0,5.008458,3.504587,10.933596,0.64,0.29,0.82,0.773942,0.444513,1
user_71144,2022-09-30 17:13:00,21,12,7,0,2,0,6,2,4,7,19,4,0,7.039206,7.975671,7.674026,0.33,0.0,0.57,0.619417,0.860242,1
user_71145,2022-09-27 19:29:00,27,8,4,1,2,1,2,15,16,3,16,1,0,5.304491,1.216563,4.016251,0.15,0.25,0.3,0.474434,0.453096,0
user_71146,2022-10-09 01:40:00,26,14,4,1,3,1,4,8,5,20,12,6,1,2.944863,3.918937,7.221224,0.15,0.25,0.54,0.481163,0.401913,0
user_71147,2022-09-23 06:54:00,24,11,8,1,3,0,5,16,0,0,5,4,0,11.224415,11.367798,3.644935,0.33,0.12,0.46,0.664117,0.731007,0
user_71148,2022-09-01 19:04:00,31,17,9,0,3,4,0,20,8,5,18,3,0,1.710441,3.075104,10.120372,0.29,0.0,0.55,0.69976,0.738019,0
user_71149,2022-09-30 18:58:00,23,6,17,0,1,1,18,12,6,2,2,4,0,3.570528,7.047892,4.193818,0.74,0.0,0.26,0.369856,0.776164,0
user_71150,2022-10-19 09:27:00,24,7,9,0,1,2,11,14,15,11,8,2,0,5.922113,3.872198,0.509931,0.38,0.0,0.29,0.993448,0.641293,0
user_71151,2022-10-29 20:39:00,23,7,9,2,2,3,20,8,4,1,3,5,1,8.243721,1.657287,8.076685,0.39,0.22,0.3,0.680122,0.680966,0
user_71152,2022-09-26 21:09:00,21,13,5,2,1,1,20,18,13,17,4,0,0,3.76107,6.66416,9.057788,0.24,0.4,0.62,0.358702,0.74703,0
user_71153,2022-09-30 04:40:00,26,11,7,1,1,0,10,5,12,0,18,4,0,5.778033,1.348383,5.004151,0.27,0.14,0.42,0.72837,0.797764,0
user_71154,2022-09-21 16:26:00,24,7,10,0,1,2,12,5,9,13,11,2,0,4.885927,7.779867,13.923323,0.42,0.0,0.29,0.451815,0.497854,0
user_71155,2022-09-04 02:02:00,10,9,7,0,0,3,12,6,3,14,17,6,1,6.294271,1.350229,9.021717,0.7,0.0,0.9,0.385027,0.373239,0
user_71156,2022-10-25 14:44:00,21,8,5,2,0,2,17,6,4,17,9,1,0,0.181264,1.072622,8.911439,0.24,0.4,0.38,0.809197,0.571309,0
user_71157,2022-09-06 20:26:00,24,11,7,1,7,1,14,1,7,15,11,1,0,6.189807,5.496818,7.909841,0.29,0.14,0.46,0.321703,0.509693,0
user_71158,2022-10-11 03:38:00,22,15,7,0,0,2,10,3,3,6,8,1,0,3.059511,2.297351,8.145888,0.32,0.0,0.68,0.448067,0.474561,0
user_71159,2022-09-17 16:52:00,18,8,5,0,1,1,1,10,14,17,0,5,1,1.603746,4.801132,5.723998,0.28,0.0,0.44,0.939885,0.658703,0
user_71160,2022-10-30 08:52:00,23,10,9,0,2,2,8,6,8,20,14,6,1,5.767149,5.713727,5.310688,0.39,0.0,0.43,0.35515,0.35524,0
user_71161,2022-10-23 21:12:00,16,11,9,0,1,2,17,5,6,12,2,6,1,10.182631,3.291778,7.738607,0.56,0.0,0.69,0.736918,0.694312,0
user_71162,2022-09-10 10:35:00,21,9,7,1,1,3,5,15,4,16,2,5,1,1.204446,6.997075,7.771919,0.33,0.14,0.43,0.434247,0.304515,0
user_71163,2022-10-04 09:38:00,28,8,4,1,2,1,14,7,4,13,13,1,0,4.947624,11.54208,6.832041,0.14,0.25,0.29,0.683358,0.591118,0
user_71164,2022-09-02 07:01:00,26,4,8,1,4,2,12,18,12,20,20,4,0,4.781459,4.421735,4.193592,0.31,0.12,0.15,0.351044,0.874392,1
user_71165,2022-10-25 01:07:00,24,8,7,1,2,1,14,6,12,5,18,1,0,5.67947,5.536218,8.39208,0.29,0.14,0.33,0.720359,0.597582,0
user_71166,2022-09-22 05:57:00,23,13,2,1,2,1,6,15,5,15,1,3,0,5.923138,5.044326,8.860441,0.09,0.5,0.57,0.955372,0.598348,0
user_71167,2022-10-12 00:21:00,22,12,11,0,2,2,2,2,6,12,6,2,0,3.444469,6.662581,7.97248,0.5,0.0,0.55,0.50727,0.682516,0
user_71168,2022-09-19 03:26:00,18,11,8,0,4,2,18,4,16,3,4,0,0,2.257597,5.90825,6.793374,0.44,0.0,0.61,0.979883,0.791886,0
user_71169,2022-09-13 03:25:00,20,15,7,0,3,1,10,8,3,7,20,1,0,8.485832,6.363345,5.363337,0.35,0.0,0.75,0.491391,0.505252,1
user_71170,2022-10-23 23:59:00,17,10,5,0,1,0,9,18,13,1,13,6,1,7.068156,5.799539,0.058862,0.29,0.0,0.59,0.752122,0.583791,0
user_71171,2022-10-06 11:25:00,23,14,6,0,5,1,0,12,0,1,11,3,0,0.215047,3.423742,4.167302,0.26,0.0,0.61,0.832665,0.548904,0
user_71172,2022-09-01 09:32:00,17,16,11,1,2,2,19,6,4,17,4,3,0,6.516716,9.721913,4.737604,0.65,0.09,0.94,0.330332,0.740728,0
user_71173,2022-09-28 04:37:00,22,15,6,0,2,0,18,14,2,8,6,2,0,1.032031,7.178865,4.933037,0.27,0.0,0.68,0.326387,0.591237,0
user_71174,2022-10-12 04:49:00,19,4,8,0,4,3,18,0,18,6,13,2,0,5.943503,3.2009,6.101894,0.42,0.0,0.21,0.59249,0.698116,0
user_71175,2022-10-07 18:17:00,29,11,9,0,3,1,20,3,3,3,10,4,0,5.887474,2.219676,11.095856,0.31,0.0,0.38,0.629893,0.59781,0
user_71176,2022-10-03 00:00:00,19,7,6,1,1,0,11,0,9,16,3,0,0,7.322008,2.489747,5.289127,0.32,0.17,0.37,0.951903,0.981659,0
user_71177,2022-10-07 06:29:00,18,14,5,0,0,1,5,13,9,8,18,4,0,1.502362,6.978502,9.074311,0.28,0.0,0.78,0.402394,0.981062,0
user_71178,2022-09-16 05:36:00,19,18,8,2,1,0,16,20,13,19,18,4,0,0.401236,5.28095,7.485795,0.42,0.25,0.95,0.671834,0.645869,0
user_71179,2022-09-22 12:49:00,24,10,12,0,3,3,17,7,19,10,8,3,0,3.770488,8.242139,6.088511,0.5,0.0,0.42,0.559117,0.535238,0
user_71180,2022-09-03 14:47:00,13,9,7,0,0,1,20,4,1,17,5,5,1,2.689337,9.568519,10.900841,0.54,0.0,0.69,0.639343,0.633154,0
user_71181,2022-10-10 18:15:00,24,19,11,1,1,2,18,4,0,11,20,0,0,1.8531,0.57399,10.795164,0.46,0.09,0.79,0.701984,0.927398,1
user_71182,2022-09-10 05:11:00,19,13,4,2,2,0,11,3,0,10,3,5,1,0.905263,6.326864,8.164903,0.21,0.5,0.68,0.966727,0.412309,0
user_71183,2022-10-04 08:30:00,13,17,10,0,1,4,9,2,14,18,9,1,0,3.339625,1.345993,1.359756,0.77,0.0,1.31,0.618856,0.763343,0
user_71184,2022-09-16 17:08:00,24,8,8,2,1,1,0,5,18,0,4,4,0,1.048307,6.728651,8.729931,0.33,0.25,0.33,0.979978,0.487548,0
user_71185,2022-10-22 15:08:00,22,11,10,1,3,0,20,10,5,6,16,5,1,8.772681,2.67756,4.338434,0.45,0.1,0.5,0.407693,0.475797,0
user_71186,2022-09-16 02:28:00,19,9,10,2,1,4,10,1,18,2,1,4,0,5.4087,6.949501,4.322554,0.53,0.2,0.47,0.992434,0.326233,0
user_71187,2022-09-21 20:36:00,24,10,10,0,3,0,13,9,12,8,15,2,0,9.401927,5.326835,8.698805,0.42,0.0,0.42,0.36399,0.542624,0
user_71188,2022-10-15 14:22:00,18,8,14,1,3,5,0,0,9,13,19,5,1,3.6133,12.104016,10.980979,0.78,0.07,0.44,0.401616,0.989329,1
user_71189,2022-10-10 05:09:00,19,16,14,1,2,1,7,8,5,17,18,0,0,3.955214,1.272693,10.902003,0.74,0.07,0.84,0.428279,0.707496,0
user_71190,2022-09-26 16:21:00,17,8,7,0,1,0,10,7,1,5,1,0,0,0.801243,3.389677,16.546049,0.41,0.0,0.47,0.408913,0.995862,0
user_71191,2022-10-15 03:36:00,19,10,9,1,0,3,7,2,8,1,4,5,1,5.941311,5.162788,6.100032,0.47,0.11,0.53,0.935329,0.77679,0
user_71192,2022-10-13 16:46:00,16,14,7,2,0,1,5,20,14,5,12,3,0,2.693782,2.80038,4.123411,0.44,0.29,0.88,0.325464,0.594976,0
user_71193,2022-09-18 19:58:00,21,9,5,1,2,1,6,9,14,7,7,6,1,0.436834,6.615908,7.494364,0.24,0.2,0.43,0.82431,0.842456,0
user_71194,2022-10-24 13:09:00,22,14,8,0,0,3,0,16,10,1,7,0,0,4.14034,3.36281,2.394866,0.36,0.0,0.64,0.4691,0.68972,0
user_71195,2022-10-29 18:20:00,34,14,11,0,2,1,9,4,1,4,5,5,1,10.292256,3.788661,11.771843,0.32,0.0,0.41,0.605848,0.877526,0
user_71196,2022-10-17 15:12:00,17,9,9,0,0,5,17,6,20,13,1,0,0,1.293732,6.708362,10.361314,0.53,0.0,0.53,0.52169,0.615617,0
user_71197,2022-10-21 13:06:00,13,9,10,0,0,2,1,9,17,16,15,4,0,0.896217,1.381406,5.549336,0.77,0.0,0.69,0.946856,0.853648,0
user_71198,2022-10-03 04:08:00,23,15,8,0,4,1,17,18,18,18,2,0,0,5.237766,0.61498,7.075866,0.35,0.0,0.65,0.814628,0.82023,0
user_71199,2022-09-27 14:24:00,23,9,8,1,0,1,3,11,7,3,13,1,0,1.161532,8.135065,8.898841,0.35,0.12,0.39,0.929111,0.393159,0
user_71200,2022-09-22 11:07:00,19,5,6,0,1,0,20,4,20,9,5,3,0,11.121579,5.940929,3.89045,0.32,0.0,0.26,0.313927,0.646579,0
user_71201,2022-10-25 16:19:00,26,12,8,0,4,4,11,1,17,4,10,1,0,5.721674,4.969343,8.727285,0.31,0.0,0.46,0.566786,0.919061,0
user_71202,2022-09-30 20:33:00,25,11,6,1,1,0,3,20,8,1,15,4,0,7.218729,3.999123,1.870402,0.24,0.17,0.44,0.742636,0.896427,0
user_71203,2022-10-20 04:33:00,22,19,6,0,1,1,10,14,9,15,14,3,0,4.776602,0.471913,11.161501,0.27,0.0,0.86,0.719707,0.761105,0
user_71204,2022-10-18 10:25:00,24,13,7,0,1,2,10,1,3,4,8,1,0,6.12909,4.579089,14.532576,0.29,0.0,0.54,0.3962,0.482563,0
user_71205,2022-09-25 00:52:00,24,9,6,1,4,1,3,16,17,18,5,6,1,3.736293,6.319446,6.645366,0.25,0.17,0.38,0.885468,0.449363,0
user_71206,2022-10-03 07:59:00,18,8,4,0,2,1,8,5,7,15,17,0,0,0.090952,7.422048,10.387883,0.22,0.0,0.44,0.310084,0.454699,0
user_71207,2022-09-22 19:10:00,17,12,6,1,1,2,17,14,10,14,3,3,0,4.70849,5.338161,5.75733,0.35,0.17,0.71,0.449,0.308228,0
user_71208,2022-10-08 20:50:00,17,11,8,0,1,3,0,9,11,10,17,5,1,4.86114,0.28263,7.304478,0.47,0.0,0.65,0.827221,0.765322,0
user_71209,2022-09-28 13:57:00,20,10,8,0,1,2,15,8,0,5,4,2,0,3.990003,10.653318,9.59095,0.4,0.0,0.5,0.820916,0.377795,0
user_71210,2022-09-08 05:35:00,23,7,3,0,2,3,9,3,0,16,8,3,0,3.303177,1.952592,5.876796,0.13,0.0,0.3,0.690903,0.321509,0
user_71211,2022-10-03 19:02:00,17,9,10,1,1,0,1,10,9,15,3,0,0,8.078664,4.751899,8.026851,0.59,0.1,0.53,0.713309,0.459791,0
user_71212,2022-10-25 01:52:00,19,9,13,1,3,2,1,5,5,15,11,1,0,1.207886,5.035032,6.761392,0.68,0.08,0.47,0.770919,0.656927,0
user_71213,2022-09-05 08:21:00,17,10,5,0,2,0,19,20,6,14,9,0,0,4.347774,6.970725,7.490305,0.29,0.0,0.59,0.841597,0.976677,0
user_71214,2022-09-07 19:41:00,18,17,3,1,1,1,10,17,7,15,17,2,0,5.448069,2.391921,3.520491,0.17,0.33,0.94,0.570121,0.876969,0
user_71215,2022-09-22 19:37:00,20,6,6,1,4,1,19,11,0,17,9,3,0,2.93281,4.272033,7.669399,0.3,0.17,0.3,0.694033,0.471817,0
user_71216,2022-10-19 02:49:00,23,11,13,0,2,6,4,2,14,2,9,2,0,2.561264,1.124706,6.056706,0.57,0.0,0.48,0.607775,0.700482,0
user_71217,2022-09-17 17:59:00,19,9,6,2,2,1,3,14,2,2,4,5,1,10.243926,4.395304,10.102633,0.32,0.33,0.47,0.597649,0.496079,0
user_71218,2022-10-20 01:30:00,21,11,5,1,1,0,1,11,6,19,16,3,0,5.064997,8.788423,7.460491,0.24,0.2,0.52,0.896132,0.574494,0
user_71219,2022-09-14 21:09:00,17,4,11,0,1,5,20,0,5,15,12,2,0,3.391615,13.520838,5.189619,0.65,0.0,0.24,0.867356,0.983252,0
user_71220,2022-09-26 23:45:00,21,7,8,0,1,1,17,20,13,19,4,0,0,5.298846,8.955918,6.849086,0.38,0.0,0.33,0.446315,0.369388,0
user_71221,2022-09-21 02:13:00,16,5,9,0,3,2,14,9,2,3,11,2,0,8.900144,1.519921,7.702929,0.56,0.0,0.31,0.972173,0.640707,0
user_71222,2022-09-02 18:53:00,22,9,7,1,3,2,10,1,14,2,12,4,0,3.091027,5.478143,3.396418,0.32,0.14,0.41,0.863048,0.900505,0
user_71223,2022-10-13 05:41:00,20,14,12,2,0,0,7,7,19,9,1,3,0,11.462162,4.476508,11.625528,0.6,0.17,0.7,0.70602,0.637934,0
user_71224,2022-10-14 00:08:00,14,11,6,1,3,3,1,10,0,14,19,4,0,7.790967,10.661507,9.179047,0.43,0.17,0.79,0.998332,0.306002,1
user_71225,2022-10-13 12:06:00,13,15,4,1,1,1,3,6,7,13,12,3,0,5.878237,4.013461,10.064293,0.31,0.25,1.15,0.531826,0.395349,0
user_71226,2022-09-30 20:03:00,14,5,7,0,0,1,0,6,18,9,20,4,0,1.955312,4.573408,7.408924,0.5,0.0,0.36,0.62375,0.684261,1
user_71227,2022-10-18 01:03:00,17,13,10,0,3,4,5,18,2,1,5,1,0,0.30719,3.409251,11.322246,0.59,0.0,0.76,0.706029,0.406508,0
user_71228,2022-10-30 20:22:00,25,10,5,0,2,3,10,11,9,16,3,6,1,5.550897,4.441975,3.758136,0.2,0.0,0.4,0.572451,0.807283,0
user_71229,2022-10-12 13:27:00,25,4,12,1,3,2,15,7,6,20,19,2,0,3.778726,3.4313,10.876048,0.48,0.08,0.16,0.968667,0.905677,1
user_71230,2022-09-28 17:41:00,20,5,9,2,3,1,5,11,9,1,8,2,0,5.819615,6.134807,7.924882,0.45,0.22,0.25,0.956036,0.367441,0
user_71231,2022-09-27 08:22:00,20,7,8,1,2,2,7,8,16,8,13,1,0,5.814658,6.852601,2.97371,0.4,0.12,0.35,0.499427,0.721739,0
user_71232,2022-10-15 14:30:00,25,11,3,1,2,1,9,2,0,15,15,5,1,9.304213,3.012934,7.995398,0.12,0.33,0.44,0.369915,0.989947,0
user_71233,2022-10-23 17:55:00,25,12,9,1,1,0,9,11,20,12,12,6,1,4.948715,5.744625,1.217041,0.36,0.11,0.48,0.958986,0.838004,0
user_71234,2022-10-16 12:02:00,19,12,8,1,2,1,19,19,17,12,15,6,1,9.224529,3.882351,8.527202,0.42,0.12,0.63,0.443496,0.448361,0
user_71235,2022-09-03 19:55:00,23,12,6,1,2,0,11,3,19,4,11,5,1,1.7384,4.149695,1.923725,0.26,0.17,0.52,0.750014,0.453346,0
user_71236,2022-10-11 09:53:00,28,8,7,0,3,1,18,8,14,13,16,1,0,6.356377,8.801243,0.514784,0.25,0.0,0.29,0.84579,0.47752,0
user_71237,2022-10-17 00:25:00,16,8,9,0,3,2,0,9,7,2,8,0,0,6.327412,2.763348,7.843752,0.56,0.0,0.5,0.886568,0.716357,0
user_71238,2022-09-16 01:06:00,15,15,4,0,2,1,9,0,11,14,15,4,0,5.289028,9.263599,11.267799,0.27,0.0,1.0,0.558286,0.352136,0
user_71239,2022-10-09 20:41:00,25,5,11,0,0,2,15,17,14,8,15,6,1,0.213428,2.261912,7.150418,0.44,0.0,0.2,0.313415,0.39819,0
user_71240,2022-09-22 03:55:00,28,8,9,1,2,2,9,7,1,7,13,3,0,1.6568,5.844703,8.41958,0.32,0.11,0.29,0.602262,0.541377,0
user_71241,2022-09-13 15:41:00,20,8,8,1,4,3,1,0,18,17,16,1,0,5.350654,4.72404,6.376986,0.4,0.12,0.4,0.531418,0.784991,0
user_71242,2022-09-26 02:55:00,18,11,7,0,3,0,3,8,12,12,17,0,0,4.315686,2.852402,7.084504,0.39,0.0,0.61,0.765,0.930815,0
user_71243,2022-09-13 13:50:00,24,9,8,0,2,2,11,5,10,12,14,1,0,3.645363,4.359839,7.319415,0.33,0.0,0.38,0.59919,0.542537,0
user_71244,2022-09-11 04:05:00,23,9,11,1,1,1,9,6,2,8,2,6,1,2.146895,4.719449,7.515765,0.48,0.09,0.39,0.738254,0.68683,0
user_71245,2022-10-24 18:34:00,23,19,6,1,0,3,13,11,1,15,14,0,0,5.718419,3.277238,5.858419,0.26,0.17,0.83,0.972151,0.859884,0
user_71246,2022-09-11 04:29:00,27,13,8,1,3,0,14,15,0,3,8,6,1,0.021641,2.502947,10.303948,0.3,0.12,0.48,0.816221,0.963167,0
user_71247,2022-10-07 11:06:00,22,11,9,1,4,3,1,0,10,20,0,4,0,10.552198,4.531372,10.770259,0.41,0.11,0.5,0.660658,0.721599,0
user_71248,2022-10-08 12:13:00,21,11,11,2,1,2,2,13,13,19,14,5,1,2.390084,4.253615,6.429912,0.52,0.18,0.52,0.367867,0.579915,0
user_71249,2022-09-04 21:23:00,21,15,6,0,1,0,17,16,16,16,12,6,1,7.381953,3.612578,4.475044,0.29,0.0,0.71,0.838908,0.654087,0
user_71250,2022-09-09 13:26:00,19,10,8,0,2,0,11,4,20,11,16,4,0,5.13288,6.538511,9.969065,0.42,0.0,0.53,0.779175,0.55761,0
user_71251,2022-10-17 19:57:00,18,15,7,1,2,2,1,9,10,15,15,0,0,2.000802,0.13105,1.953314,0.39,0.14,0.83,0.903645,0.520286,0
user_71252,2022-10-17 09:24:00,25,13,8,0,2,0,7,19,14,0,17,0,0,9.696641,5.537023,8.598481,0.32,0.0,0.52,0.990376,0.683546,0
user_71253,2022-09-07 12:30:00,19,11,7,1,0,5,10,3,17,17,14,2,0,2.28072,10.094478,4.726312,0.37,0.14,0.58,0.388189,0.411746,0
user_71254,2022-10-08 20:18:00,18,18,9,1,2,0,15,20,16,7,9,5,1,3.866877,4.093795,10.166771,0.5,0.11,1.0,0.990837,0.45816,0
user_71255,2022-10-08 21:25:00,24,13,7,1,2,3,7,18,7,17,1,5,1,4.666931,0.016297,6.663026,0.29,0.14,0.54,0.782502,0.818543,0
user_71256,2022-10-10 05:01:00,16,11,8,1,2,0,18,15,19,12,4,0,0,0.463198,7.101474,6.340735,0.5,0.12,0.69,0.535215,0.510905,0
user_71257,2022-09-19 02:27:00,14,14,10,1,1,4,18,4,6,13,6,0,0,5.130378,7.816168,3.895666,0.71,0.1,1.0,0.708163,0.694044,0
user_71258,2022-10-20 19:00:00,20,9,4,0,3,3,0,5,18,6,16,3,0,9.369175,8.579574,6.519368,0.2,0.0,0.45,0.756811,0.620765,0
user_71259,2022-09-08 07:37:00,16,12,13,2,3,5,11,3,1,18,12,3,0,5.739188,0.005155,8.347272,0.81,0.15,0.75,0.903869,0.811427,0
user_71260,2022-09-12 23:37:00,14,12,5,1,2,2,2,19,15,3,18,0,0,0.75062,4.219551,2.786463,0.36,0.2,0.86,0.581583,0.312885,0
user_71261,2022-09-20 23:58:00,17,10,5,1,1,0,2,1,12,5,1,1,0,3.611343,5.844441,9.279477,0.29,0.2,0.59,0.86195,0.39308,0
user_71262,2022-09-16 05:09:00,23,11,8,0,4,0,11,2,12,16,20,4,0,14.882445,4.620674,7.593483,0.35,0.0,0.48,0.815963,0.658519,1
user_71263,2022-09-04 05:32:00,23,7,9,0,1,2,18,3,18,16,18,6,1,4.344916,7.920858,7.76793,0.39,0.0,0.3,0.424203,0.630095,0
user_71264,2022-09-10 23:41:00,19,3,6,1,0,3,8,17,11,10,17,5,1,1.438995,7.391119,12.218509,0.32,0.17,0.16,0.491963,0.309864,0
user_71265,2022-09-26 20:57:00,20,10,10,1,3,2,17,0,9,9,6,0,0,3.64178,1.405377,6.752284,0.5,0.1,0.5,0.67095,0.827987,0
user_71266,2022-09-29 01:59:00,25,12,10,1,1,4,2,18,4,20,2,3,0,5.406332,1.444826,6.318689,0.4,0.1,0.48,0.681358,0.592862,0
user_71267,2022-10-30 13:42:00,20,6,8,0,4,1,16,19,9,8,9,6,1,3.628315,3.617733,2.746877,0.4,0.0,0.3,0.807363,0.311337,0
user_71268,2022-09-27 12:57:00,22,7,4,0,1,2,9,12,12,8,10,1,0,0.437893,1.840794,3.724053,0.18,0.0,0.32,0.696969,0.837649,0
user_71269,2022-09-02 05:09:00,28,9,4,0,1,0,20,20,14,10,8,4,0,6.740469,9.222767,8.930071,0.14,0.0,0.32,0.904991,0.401537,0
user_71270,2022-10-12 01:00:00,17,12,5,1,3,1,14,15,2,7,0,2,0,1.528096,4.309259,5.890437,0.29,0.2,0.71,0.362591,0.964669,0
user_71271,2022-10-07 23:57:00,26,12,11,1,2,2,3,9,17,20,9,4,0,6.360975,6.14979,8.509408,0.42,0.09,0.46,0.979918,0.739443,0
user_71272,2022-10-10 23:56:00,23,15,9,0,2,2,1,7,20,19,19,0,0,7.864519,5.982604,5.082839,0.39,0.0,0.65,0.450133,0.389146,1
user_71273,2022-09-05 19:19:00,27,13,12,1,4,5,20,9,8,7,0,0,0,12.970975,5.002778,10.460977,0.44,0.08,0.48,0.47682,0.503273,0
user_71274,2022-09-16 17:54:00,21,14,12,0,4,1,11,13,2,2,13,4,0,3.623562,3.374176,8.776761,0.57,0.0,0.67,0.939698,0.588087,0
user_71275,2022-10-20 10:48:00,22,10,13,0,1,2,1,18,20,4,18,3,0,2.718746,6.333075,7.293128,0.59,0.0,0.45,0.620216,0.652704,0
user_71276,2022-09-11 21:25:00,14,5,7,1,1,1,10,10,17,10,1,6,1,1.408606,2.057859,10.172062,0.5,0.14,0.36,0.575418,0.720463,0
user_71277,2022-09-29 17:16:00,16,10,5,1,1,1,16,10,16,5,3,3,0,8.075863,4.075672,6.344388,0.31,0.2,0.62,0.416224,0.623632,0
user_71278,2022-10-17 15:40:00,15,9,5,0,4,2,9,13,17,13,20,0,0,2.906973,7.074836,9.038869,0.33,0.0,0.6,0.539942,0.720859,1
user_71279,2022-09-24 12:49:00,21,12,4,0,6,0,8,4,2,12,20,5,1,10.607312,3.579955,2.275102,0.19,0.0,0.57,0.950228,0.801355,1
user_71280,2022-09-15 17:59:00,12,12,10,1,1,3,10,14,18,7,14,3,0,6.841912,4.648437,10.986563,0.83,0.1,1.0,0.341002,0.459607,0
user_71281,2022-10-20 11:18:00,19,12,5,1,1,2,1,11,19,2,11,3,0,6.151319,3.228554,6.303262,0.26,0.2,0.63,0.935262,0.843015,0
user_71282,2022-09-26 12:49:00,25,10,6,2,3,1,5,14,14,1,9,0,0,7.983926,7.677517,3.821523,0.24,0.33,0.4,0.863041,0.625681,0
user_71283,2022-09-23 04:24:00,23,10,8,0,2,1,5,2,1,20,10,4,0,8.252078,4.886209,7.49787,0.35,0.0,0.43,0.462231,0.503415,0
user_71284,2022-10-03 00:40:00,19,10,8,1,3,1,11,4,13,16,3,0,0,1.492827,3.052815,8.600226,0.42,0.12,0.53,0.448674,0.443817,0
user_71285,2022-10-11 08:49:00,17,9,11,1,0,3,8,12,7,3,5,1,0,7.815677,4.559061,6.202764,0.65,0.09,0.53,0.740974,0.352484,0
user_71286,2022-09-17 08:52:00,16,19,5,1,1,1,10,4,18,0,19,5,1,3.021013,2.087361,7.306981,0.31,0.2,1.19,0.841821,0.783942,1
user_71287,2022-09-05 01:07:00,17,7,9,0,1,1,6,2,4,0,0,0,0,6.470517,6.367457,6.529115,0.53,0.0,0.41,0.866039,0.996866,0
user_71288,2022-09-27 19:22:00,18,4,8,0,2,2,6,14,8,3,13,1,0,0.895639,6.764085,10.040245,0.44,0.0,0.22,0.847009,0.378722,0
user_71289,2022-09-05 05:12:00,21,13,11,2,1,5,13,10,11,2,1,0,0,0.988387,2.449183,8.507526,0.52,0.18,0.62,0.914466,0.369826,0
user_71290,2022-10-02 05:09:00,21,4,6,0,2,1,15,10,8,6,1,6,1,4.565302,2.773489,6.086197,0.29,0.0,0.19,0.93524,0.373205,0
user_71291,2022-10-30 22:50:00,18,13,9,2,1,2,13,15,13,20,0,6,1,9.595969,2.443074,3.077623,0.5,0.22,0.72,0.323072,0.736767,0
user_71292,2022-10-10 15:39:00,20,10,9,0,2,2,9,14,17,18,7,0,0,4.306907,2.891804,10.435006,0.45,0.0,0.5,0.738682,0.500224,0
user_71293,2022-09-05 17:47:00,16,13,5,0,0,0,16,12,19,17,8,0,0,6.11914,4.63313,7.888913,0.31,0.0,0.81,0.482054,0.480196,0
user_71294,2022-09-29 22:28:00,13,16,5,1,0,0,4,13,10,9,20,3,0,6.89803,8.221399,3.417829,0.38,0.2,1.23,0.300526,0.618797,1
user_71295,2022-10-25 08:22:00,11,6,8,0,2,4,12,17,15,11,17,1,0,10.134017,7.230736,13.624346,0.73,0.0,0.55,0.413722,0.571153,0
user_71296,2022-09-17 18:30:00,18,17,5,0,0,1,14,20,6,18,13,5,1,1.268834,2.939368,11.403538,0.28,0.0,0.94,0.662779,0.802712,0
user_71297,2022-09-16 00:20:00,21,15,10,1,2,1,11,16,18,19,9,4,0,10.057802,5.796786,10.237707,0.48,0.1,0.71,0.458137,0.512528,0
user_71298,2022-10-27 02:42:00,19,11,9,0,3,0,5,19,12,17,19,3,0,6.474199,10.373453,7.640307,0.47,0.0,0.58,0.579655,0.833368,1
user_71299,2022-09-23 21:31:00,24,8,7,2,1,2,8,10,15,13,18,4,0,8.43842,7.530257,11.690821,0.29,0.29,0.33,0.982329,0.436268,0
user_71300,2022-09-06 14:44:00,11,8,13,1,1,1,4,16,14,11,14,1,0,3.788324,0.847041,8.315746,1.18,0.08,0.73,0.322185,0.489275,0
user_71301,2022-10-15 14:25:00,10,12,11,0,1,1,16,7,19,13,5,5,1,2.009296,5.922753,7.520012,1.1,0.0,1.2,0.3375,0.954711,0
user_71302,2022-09-27 07:29:00,20,11,6,0,2,1,0,10,17,7,5,1,0,5.960225,3.327055,8.040295,0.3,0.0,0.55,0.544145,0.699792,0
user_71303,2022-10-28 03:09:00,20,11,6,0,4,1,15,17,4,3,11,4,0,5.271452,4.446043,7.851531,0.3,0.0,0.55,0.809193,0.783316,0
user_71304,2022-09-05 06:29:00,19,11,12,1,2,1,4,19,8,7,17,0,0,5.98459,3.535673,9.070677,0.63,0.08,0.58,0.901473,0.350292,0
user_71305,2022-10-07 21:02:00,19,7,5,0,3,1,19,10,11,18,9,4,0,4.592977,4.46635,1.127695,0.26,0.0,0.37,0.902505,0.384576,0
user_71306,2022-09-18 04:12:00,18,11,8,0,2,2,11,1,10,0,9,6,1,1.275148,4.019027,4.990199,0.44,0.0,0.61,0.418348,0.362879,0
user_71307,2022-09-26 05:23:00,15,7,7,1,0,3,15,18,13,10,6,0,0,10.757682,1.179848,2.675801,0.47,0.14,0.47,0.482823,0.741716,0
user_71308,2022-09-19 21:56:00,16,11,8,1,1,1,20,8,6,7,3,0,0,0.876595,6.818945,9.176739,0.5,0.12,0.69,0.75629,0.631588,0
user_71309,2022-09-04 23:45:00,18,11,5,2,3,1,14,7,20,12,16,6,1,5.704448,5.755651,10.671145,0.28,0.4,0.61,0.911924,0.803914,0
user_71310,2022-10-20 21:26:00,17,15,9,0,5,0,1,15,9,8,5,3,0,1.324172,3.018474,8.691232,0.53,0.0,0.88,0.813784,0.341086,0
user_71311,2022-09-04 05:49:00,22,10,10,1,1,2,18,5,10,20,16,6,1,5.556003,0.206029,11.204656,0.45,0.1,0.45,0.982142,0.970569,0
user_71312,2022-10-06 21:59:00,18,6,11,1,2,2,14,19,9,16,14,3,0,0.188676,1.743451,6.018937,0.61,0.09,0.33,0.780791,0.841474,0
user_71313,2022-10-01 09:49:00,22,6,12,0,2,1,7,20,13,15,16,5,1,7.261569,5.61228,7.370395,0.55,0.0,0.27,0.538223,0.985715,0
user_71314,2022-10-27 12:08:00,23,13,12,0,5,1,11,13,18,11,14,3,0,7.682747,3.308043,6.558232,0.52,0.0,0.57,0.426329,0.451402,0
user_71315,2022-10-12 15:12:00,12,6,12,2,1,1,0,11,13,11,17,2,0,7.994218,10.303651,6.140184,1.0,0.17,0.5,0.387224,0.369464,0
user_71316,2022-09-08 10:35:00,16,6,8,2,4,1,3,2,9,0,9,3,0,0.700285,3.112339,3.693634,0.5,0.25,0.38,0.405565,0.551424,0
user_71317,2022-10-03 09:15:00,17,11,12,0,1,3,17,5,12,14,16,0,0,13.585668,0.83682,3.441914,0.71,0.0,0.65,0.347936,0.520179,0
user_71318,2022-10-06 01:02:00,27,4,8,0,2,0,3,10,18,10,5,3,0,6.330218,5.423056,4.62933,0.3,0.0,0.15,0.560451,0.416911,0
user_71319,2022-09-26 15:35:00,19,10,6,0,3,2,13,0,4,7,8,0,0,5.517029,3.74165,6.618068,0.32,0.0,0.53,0.961824,0.405316,0
user_71320,2022-09-04 19:41:00,14,4,9,0,2,1,6,13,0,18,0,6,1,9.143208,7.027482,4.910182,0.64,0.0,0.29,0.52288,0.800358,0
user_71321,2022-10-23 22:13:00,18,4,11,0,3,3,19,16,12,11,20,6,1,11.796199,1.076213,5.936078,0.61,0.0,0.22,0.601994,0.368414,1
user_71322,2022-09-05 02:30:00,12,7,8,1,1,2,16,10,17,15,6,0,0,5.333304,5.868684,6.644037,0.67,0.12,0.58,0.372334,0.729559,0
user_71323,2022-09-13 00:27:00,22,10,3,1,3,0,9,12,18,7,9,1,0,2.111955,4.076677,5.888193,0.14,0.33,0.45,0.941086,0.392929,0
user_71324,2022-09-24 23:18:00,25,14,9,1,3,4,19,12,19,0,16,5,1,2.240414,2.635567,10.554438,0.36,0.11,0.56,0.643375,0.785145,0
user_71325,2022-10-02 11:20:00,22,11,9,1,6,3,2,11,9,18,20,6,1,5.556195,4.634676,5.741757,0.41,0.11,0.5,0.545951,0.558844,1
user_71326,2022-09-25 03:23:00,23,9,5,1,4,2,18,14,6,20,7,6,1,7.880477,10.928801,11.249322,0.22,0.2,0.39,0.398256,0.601194,0
user_71327,2022-10-26 08:39:00,21,15,7,1,0,2,9,13,16,16,4,2,0,0.604465,9.311848,1.613295,0.33,0.14,0.71,0.576617,0.416991,0
user_71328,2022-10-01 00:57:00,24,8,5,2,1,1,5,5,19,15,20,5,1,6.386175,11.683482,10.644514,0.21,0.4,0.33,0.842388,0.451884,1
user_71329,2022-09-25 08:56:00,21,11,7,2,6,2,11,14,0,3,2,6,1,1.804301,5.249842,10.892191,0.33,0.29,0.52,0.3029,0.736877,0
user_71330,2022-10-10 06:47:00,24,11,5,1,1,2,1,9,2,10,4,0,0,5.123285,0.935902,4.831728,0.21,0.2,0.46,0.730264,0.769453,0
user_71331,2022-09-10 18:24:00,25,8,7,0,2,2,7,6,10,11,2,5,1,7.773018,9.488645,10.597513,0.28,0.0,0.32,0.722592,0.356503,0
user_71332,2022-10-03 10:43:00,23,5,6,0,4,0,7,5,9,10,7,0,0,6.695674,6.927183,6.722138,0.26,0.0,0.22,0.795481,0.420383,0
user_71333,2022-09-22 17:52:00,15,14,6,1,3,1,17,11,18,11,9,3,0,6.5141,4.628163,3.431716,0.4,0.17,0.93,0.652798,0.321748,0
user_71334,2022-09-14 07:32:00,20,9,7,1,0,2,6,4,1,4,4,2,0,0.954225,0.697098,7.183223,0.35,0.14,0.45,0.521406,0.356961,0
user_71335,2022-10-27 23:43:00,18,9,11,0,2,3,9,10,11,16,6,3,0,11.425701,4.116779,4.589168,0.61,0.0,0.5,0.855533,0.923164,0
user_71336,2022-09-26 22:09:00,18,9,11,1,3,4,5,2,4,20,19,0,0,9.967267,8.382779,6.099235,0.61,0.09,0.5,0.62899,0.810658,1
user_71337,2022-09-07 19:03:00,26,19,8,0,5,2,10,10,17,0,17,2,0,5.414153,2.78888,6.180645,0.31,0.0,0.73,0.493872,0.916321,0
user_71338,2022-09-20 13:57:00,24,14,9,1,3,1,13,14,7,5,3,1,0,2.68117,5.043796,11.286207,0.38,0.11,0.58,0.647153,0.315298,0
user_71339,2022-10-19 19:28:00,13,6,4,0,3,0,19,20,6,11,6,2,0,0.463646,5.908163,3.808409,0.31,0.0,0.46,0.611929,0.744953,0
user_71340,2022-09-03 16:18:00,13,14,5,0,2,1,3,9,6,3,15,5,1,2.924599,8.698323,8.94375,0.38,0.0,1.08,0.78911,0.869115,0
user_71341,2022-10-04 16:08:00,17,6,4,0,1,1,1,17,13,11,17,1,0,6.669417,2.648764,1.501162,0.24,0.0,0.35,0.883771,0.916449,0
user_71342,2022-10-26 12:58:00,19,11,11,0,1,3,9,20,4,11,8,2,0,4.844273,7.803328,5.939195,0.58,0.0,0.58,0.844472,0.60108,0
user_71343,2022-10-07 17:00:00,23,14,4,1,3,1,1,18,17,5,20,4,0,0.039321,9.03,2.781184,0.17,0.25,0.61,0.568016,0.404542,1
user_71344,2022-10-27 09:47:00,17,7,5,1,1,2,0,0,11,16,0,3,0,7.420111,2.54595,5.729957,0.29,0.2,0.41,0.717824,0.437302,0
user_71345,2022-10-08 09:50:00,14,13,10,1,1,3,16,3,10,8,2,5,1,4.62829,1.045766,5.532691,0.71,0.1,0.93,0.961611,0.991079,0
user_71346,2022-10-29 10:17:00,15,5,10,1,1,3,20,4,9,1,8,5,1,6.112673,7.005817,11.759946,0.67,0.1,0.33,0.318299,0.506737,0
user_71347,2022-09-18 15:36:00,16,4,12,0,1,3,15,15,15,19,0,6,1,4.971167,0.343022,1.959447,0.75,0.0,0.25,0.789575,0.770305,0
user_71348,2022-10-07 16:37:00,22,10,4,0,1,0,3,17,9,4,10,4,0,2.078024,3.529707,11.323831,0.18,0.0,0.45,0.90875,0.591896,0
user_71349,2022-10-26 14:46:00,19,10,6,0,0,1,1,16,8,12,6,2,0,7.854714,1.011058,1.091034,0.32,0.0,0.53,0.984496,0.844181,0
user_71350,2022-10-07 19:07:00,16,13,11,0,1,4,7,3,2,4,5,4,0,5.469624,6.733306,9.46418,0.69,0.0,0.81,0.882685,0.710334,0
user_71351,2022-10-30 00:58:00,18,10,12,1,1,2,7,0,11,11,0,6,1,4.013332,6.159674,7.688135,0.67,0.08,0.56,0.978218,0.607903,0
user_71352,2022-09-21 06:24:00,27,12,8,0,3,3,17,9,20,9,14,2,0,5.810584,7.218888,6.980805,0.3,0.0,0.44,0.574801,0.606346,0
user_71353,2022-09-28 05:46:00,21,10,5,1,2,0,8,9,12,16,11,2,0,3.869338,4.726868,10.771011,0.24,0.2,0.48,0.595271,0.881537,0
user_71354,2022-10-17 04:48:00,26,7,9,0,4,5,10,6,4,2,13,0,0,3.886752,5.490082,13.206826,0.35,0.0,0.27,0.828489,0.313115,0
user_71355,2022-09-02 14:12:00,23,12,14,1,3,4,17,13,18,14,4,4,0,12.676047,6.637873,9.653251,0.61,0.07,0.52,0.551668,0.392251,0
user_71356,2022-10-10 01:47:00,14,13,6,2,2,2,15,9,12,17,12,0,0,6.820688,3.202102,11.282344,0.43,0.33,0.93,0.610944,0.8101,0
user_71357,2022-10-28 13:36:00,12,11,7,0,3,0,0,3,14,1,13,4,0,4.009658,8.853775,4.633689,0.58,0.0,0.92,0.415618,0.728466,0
user_71358,2022-09-14 12:40:00,16,7,9,2,3,2,3,8,19,19,7,2,0,7.121615,1.822782,8.216513,0.56,0.22,0.44,0.558118,0.675835,0
user_71359,2022-10-28 04:47:00,26,13,10,1,5,3,20,0,15,2,9,4,0,2.575892,5.325771,7.508401,0.38,0.1,0.5,0.656466,0.886381,0
user_71360,2022-10-25 20:56:00,18,7,8,1,1,1,18,20,19,13,19,1,0,4.384261,6.465681,11.293843,0.44,0.12,0.39,0.658442,0.486534,1
user_71361,2022-09-14 03:12:00,30,7,11,1,5,4,2,17,5,0,11,2,0,3.874829,9.565499,9.480073,0.37,0.09,0.23,0.870041,0.589492,0
user_71362,2022-09-21 10:02:00,23,14,7,0,1,2,0,16,6,4,3,2,0,7.477473,5.144747,9.368142,0.3,0.0,0.61,0.988754,0.433924,0
user_71363,2022-10-01 15:27:00,23,9,12,1,2,1,11,14,0,5,8,5,1,5.811063,0.483137,5.175843,0.52,0.08,0.39,0.908098,0.571059,0
user_71364,2022-10-10 10:58:00,25,7,6,1,4,3,12,0,4,4,6,0,0,5.28454,4.556726,0.106276,0.24,0.17,0.28,0.446361,0.714436,0
user_71365,2022-10-14 21:18:00,24,21,10,0,0,0,10,6,19,10,16,4,0,5.372295,10.469201,5.865967,0.42,0.0,0.88,0.928727,0.73752,0
user_71366,2022-10-28 11:49:00,23,8,9,0,2,1,1,1,13,14,7,4,0,7.049168,3.098375,9.159573,0.39,0.0,0.35,0.675219,0.566383,0
user_71367,2022-09-25 09:17:00,27,8,6,1,3,2,15,17,0,4,5,6,1,2.52914,8.224714,5.240322,0.22,0.17,0.3,0.440751,0.419842,0
user_71368,2022-09-13 12:42:00,21,10,9,1,1,1,14,17,20,11,10,1,0,5.450403,5.081124,11.153527,0.43,0.11,0.48,0.500941,0.66153,0
user_71369,2022-10-04 01:14:00,18,15,11,0,1,2,2,20,5,20,0,1,0,5.874744,2.11579,6.343617,0.61,0.0,0.83,0.84807,0.425957,0
user_71370,2022-10-04 14:06:00,25,8,5,0,4,1,2,7,9,12,16,1,0,5.567533,3.709346,10.103949,0.2,0.0,0.32,0.362466,0.865233,0
user_71371,2022-10-29 23:59:00,18,15,7,0,4,2,8,8,1,8,14,5,1,9.204493,2.239269,3.203297,0.39,0.0,0.83,0.560528,0.828485,0
user_71372,2022-10-17 22:17:00,33,16,6,0,6,2,16,10,4,18,20,0,0,8.336846,11.071359,6.294319,0.18,0.0,0.48,0.336154,0.675915,1
user_71373,2022-10-28 17:59:00,19,8,5,0,0,2,11,0,20,9,9,4,0,0.984926,1.741296,8.642741,0.26,0.0,0.42,0.585763,0.953632,0
user_71374,2022-10-22 01:04:00,17,11,7,0,4,2,17,11,20,2,20,5,1,7.163041,2.103993,12.750582,0.41,0.0,0.65,0.513747,0.716117,1
user_71375,2022-09-28 05:21:00,26,5,6,0,2,2,0,11,11,13,10,2,0,4.796966,2.408147,2.967417,0.23,0.0,0.19,0.825495,0.542401,0
user_71376,2022-09-23 00:18:00,17,19,5,0,1,2,5,7,9,20,17,4,0,9.703125,8.677481,9.109562,0.29,0.0,1.12,0.87238,0.395675,0
user_71377,2022-09-08 02:30:00,13,10,15,1,2,2,9,7,20,3,18,3,0,0.073687,1.969194,7.692882,1.15,0.07,0.77,0.762553,0.743027,0
user_71378,2022-10-11 01:27:00,19,10,7,1,1,1,2,10,10,19,5,1,0,1.240126,3.8216,6.092805,0.37,0.14,0.53,0.918516,0.684158,0
user_71379,2022-10-14 20:16:00,23,11,10,1,1,3,10,12,19,0,2,4,0,5.234035,6.670495,5.296205,0.43,0.1,0.48,0.757518,0.377174,0
user_71380,2022-10-17 22:48:00,19,11,3,1,3,1,9,15,4,8,6,0,0,5.275933,5.608423,6.09385,0.16,0.33,0.58,0.925653,0.637804,0
user_71381,2022-10-20 01:37:00,16,8,7,2,0,2,12,19,18,15,12,3,0,0.239712,5.240754,8.57294,0.44,0.29,0.5,0.793062,0.794781,0
user_71382,2022-10-03 09:51:00,19,7,6,0,2,1,14,9,12,10,18,0,0,0.048877,9.574013,3.618121,0.32,0.0,0.37,0.323216,0.569323,0
user_71383,2022-09-19 05:44:00,21,11,6,1,2,0,5,15,17,14,12,0,0,2.991862,3.991282,7.63239,0.29,0.17,0.52,0.684879,0.315385,0
user_71384,2022-09-04 02:51:00,14,9,9,2,3,1,16,8,18,9,7,6,1,0.099269,0.601575,3.009409,0.64,0.22,0.64,0.945289,0.813788,0
user_71385,2022-09-09 18:42:00,24,10,7,0,4,1,3,17,5,4,20,4,0,4.143607,6.525683,2.49393,0.29,0.0,0.42,0.668386,0.955894,1
user_71386,2022-09-18 08:09:00,24,10,7,0,1,1,13,2,1,16,19,6,1,9.959304,1.337913,3.217727,0.29,0.0,0.42,0.916134,0.710058,1
user_71387,2022-09-17 21:40:00,29,9,8,1,2,2,2,4,7,14,0,5,1,8.07494,2.168203,5.838836,0.28,0.12,0.31,0.596498,0.53118,0
user_71388,2022-10-12 20:02:00,10,14,7,0,1,2,6,12,3,1,17,2,0,3.375634,4.342144,6.824839,0.7,0.0,1.4,0.415505,0.443365,0
user_71389,2022-09-30 04:00:00,34,8,3,0,4,0,6,19,12,10,5,4,0,3.370059,1.822535,3.597371,0.09,0.0,0.24,0.957558,0.435487,0
user_71390,2022-09-08 14:23:00,22,8,9,0,2,0,0,11,20,2,10,3,0,2.539597,5.760585,9.158861,0.41,0.0,0.36,0.328487,0.867432,0
user_71391,2022-10-14 14:15:00,27,8,8,0,1,2,10,0,12,19,12,4,0,1.095863,6.329819,7.166298,0.3,0.0,0.3,0.696636,0.344592,0
user_71392,2022-09-19 09:03:00,23,17,6,1,5,2,10,9,0,4,13,0,0,5.912279,7.993772,12.372749,0.26,0.17,0.74,0.43328,0.720821,0
user_71393,2022-09-22 11:30:00,17,7,9,2,1,1,1,10,2,3,4,3,0,9.398947,0.836882,4.916542,0.53,0.22,0.41,0.963328,0.300236,0
user_71394,2022-10-04 06:10:00,13,9,5,0,1,3,18,5,14,5,14,1,0,5.804946,5.377813,7.148875,0.38,0.0,0.69,0.830759,0.548331,0
user_71395,2022-10-30 09:25:00,18,7,7,0,2,3,15,15,5,3,3,6,1,9.757923,6.996579,6.820295,0.39,0.0,0.39,0.844846,0.373642,0
user_71396,2022-10-14 18:52:00,10,5,10,0,2,1,17,0,20,12,5,4,0,5.748579,7.04283,4.524355,1.0,0.0,0.5,0.512189,0.979538,0
user_71397,2022-09-03 09:18:00,21,9,5,3,0,0,0,6,16,14,3,5,1,10.610113,3.08128,3.10037,0.24,0.6,0.43,0.775933,0.957926,0
user_71398,2022-09-27 18:29:00,20,6,5,1,4,0,0,15,8,12,1,1,0,2.717431,4.905171,4.461103,0.25,0.2,0.3,0.656636,0.571163,0
user_71399,2022-09-01 12:57:00,17,9,6,0,0,1,5,9,14,20,0,3,0,3.194844,8.605475,5.28107,0.35,0.0,0.53,0.37674,0.580815,0
user_71400,2022-10-11 20:22:00,17,11,5,1,0,1,12,0,14,18,10,1,0,5.195526,1.847343,8.191905,0.29,0.2,0.65,0.984728,0.518441,0
user_71401,2022-10-12 22:31:00,18,6,8,0,2,3,6,16,3,10,0,2,0,2.520844,5.461336,6.83793,0.44,0.0,0.33,0.584648,0.686889,0
user_71402,2022-10-02 07:28:00,19,9,12,1,2,1,4,12,3,17,4,6,1,9.256207,10.855294,1.123616,0.63,0.08,0.47,0.511095,0.367197,0
user_71403,2022-10-05 00:30:00,21,9,7,1,3,1,12,0,12,1,12,2,0,8.111372,10.393523,12.857548,0.33,0.14,0.43,0.947139,0.591448,0
user_71404,2022-09-21 21:07:00,20,10,9,0,0,2,10,2,14,15,2,2,0,3.473529,5.629169,7.174259,0.45,0.0,0.5,0.753201,0.648133,0
user_71405,2022-09-26 22:40:00,26,11,9,0,3,3,20,0,8,14,16,0,0,8.475217,9.279842,3.008586,0.35,0.0,0.42,0.433779,0.308141,0
user_71406,2022-10-06 06:47:00,24,11,9,2,4,0,11,7,18,15,10,3,0,7.091042,5.489851,9.195823,0.38,0.22,0.46,0.944147,0.457689,0
user_71407,2022-09-17 13:13:00,12,12,5,1,2,1,3,5,14,8,4,5,1,5.129383,3.910466,17.698751,0.42,0.2,1.0,0.477921,0.659538,0
user_71408,2022-10-27 15:02:00,22,7,5,0,3,1,10,18,2,3,7,3,0,8.13834,0.525246,9.672993,0.23,0.0,0.32,0.48936,0.950032,0
user_71409,2022-10-25 21:29:00,18,1,15,0,1,2,2,12,19,18,3,1,0,6.946949,4.810706,4.648194,0.83,0.0,0.06,0.448829,0.409729,0
user_71410,2022-10-25 02:11:00,20,7,1,0,2,0,10,20,7,18,3,1,0,4.147253,7.231222,3.816676,0.05,0.0,0.35,0.405716,0.647277,0
user_71411,2022-10-10 23:24:00,17,7,3,0,1,1,9,2,0,19,2,0,0,2.053676,6.177209,10.209602,0.18,0.0,0.41,0.768232,0.40978,0
user_71412,2022-09-06 22:17:00,18,14,6,0,2,1,16,11,2,20,1,1,0,5.755942,3.683829,8.131463,0.33,0.0,0.78,0.948581,0.333117,0
user_71413,2022-09-04 01:04:00,22,12,1,0,1,0,19,4,4,15,17,6,1,7.075695,4.175966,7.373922,0.05,0.0,0.55,0.436852,0.444372,0
user_71414,2022-09-13 21:05:00,22,11,6,0,3,1,0,16,3,15,9,1,0,4.867964,2.633999,8.923411,0.27,0.0,0.5,0.307537,0.461524,0
user_71415,2022-10-08 23:30:00,22,10,11,2,4,3,5,16,17,4,12,5,1,3.736295,0.017967,4.9893,0.5,0.18,0.45,0.805557,0.982248,0
user_71416,2022-10-14 13:38:00,17,9,8,0,1,1,2,5,18,5,16,4,0,2.604792,3.830157,4.792207,0.47,0.0,0.53,0.815269,0.358139,0
user_71417,2022-09-11 17:44:00,22,9,9,0,2,0,19,15,15,2,20,6,1,4.297596,7.99711,7.129032,0.41,0.0,0.41,0.788051,0.329156,1
user_71418,2022-10-02 13:41:00,29,9,6,1,1,0,12,2,17,18,10,6,1,8.761315,5.019775,8.371565,0.21,0.17,0.31,0.92095,0.867371,0
user_71419,2022-10-21 21:11:00,19,5,7,1,3,1,15,7,17,1,7,4,0,4.918745,2.164366,10.719371,0.37,0.14,0.26,0.369561,0.321507,0
user_71420,2022-10-17 10:17:00,18,11,13,0,4,3,13,3,19,7,10,0,0,1.478963,9.970557,7.758759,0.72,0.0,0.61,0.592545,0.401292,0
user_71421,2022-09-26 17:59:00,17,7,5,2,3,2,11,12,14,19,3,0,0,5.484945,5.239779,3.749202,0.29,0.4,0.41,0.536833,0.986054,0
user_71422,2022-10-26 12:36:00,20,10,9,0,1,2,9,19,18,0,12,2,0,8.716584,2.559866,12.336977,0.45,0.0,0.5,0.443579,0.947799,0
user_71423,2022-09-15 05:01:00,27,11,7,1,4,2,7,13,17,6,20,3,0,5.009316,0.059143,6.301034,0.26,0.14,0.41,0.478689,0.606803,1
user_71424,2022-09-30 06:24:00,14,8,9,0,0,3,18,19,3,3,12,4,0,5.717972,3.146297,7.496088,0.64,0.0,0.57,0.874772,0.958103,0
user_71425,2022-09-22 00:22:00,22,9,4,0,3,0,3,12,11,1,11,3,0,2.672642,0.477177,15.850494,0.18,0.0,0.41,0.955535,0.564488,0
user_71426,2022-09-15 11:51:00,19,12,6,0,1,3,13,13,13,0,18,3,0,4.226277,1.338358,5.925728,0.32,0.0,0.63,0.33358,0.86906,0
user_71427,2022-10-30 12:08:00,24,7,6,1,1,1,0,0,16,9,19,6,1,8.112038,6.584239,4.549242,0.25,0.17,0.29,0.719132,0.582769,1
user_71428,2022-09-02 18:30:00,17,8,9,0,2,2,17,13,4,9,16,4,0,3.629051,11.8248,3.835963,0.53,0.0,0.47,0.309121,0.362458,0
user_71429,2022-10-02 22:47:00,19,11,10,0,6,4,9,14,11,2,12,6,1,1.290774,7.379898,4.168671,0.53,0.0,0.58,0.846754,0.553864,0
user_71430,2022-09-29 18:40:00,19,7,11,1,2,1,14,9,9,10,1,3,0,1.89891,4.310357,5.229675,0.58,0.09,0.37,0.43281,0.740783,0
user_71431,2022-10-06 08:59:00,25,9,9,0,2,2,20,18,17,14,12,3,0,1.693702,4.130315,7.755459,0.36,0.0,0.36,0.309937,0.711312,0
user_71432,2022-10-07 17:50:00,19,10,6,0,0,0,16,14,6,13,10,4,0,6.362233,3.96799,8.047794,0.32,0.0,0.53,0.380774,0.392606,0
user_71433,2022-10-02 19:54:00,18,10,11,0,2,3,10,5,11,10,1,6,1,5.368686,9.248372,9.267404,0.61,0.0,0.56,0.726406,0.800747,0
user_71434,2022-09-03 06:53:00,18,8,13,0,0,4,18,7,14,10,15,5,1,7.689425,8.40749,7.900799,0.72,0.0,0.44,0.867102,0.934941,0
user_71435,2022-10-26 13:53:00,13,13,12,3,0,1,18,15,16,4,14,2,0,3.493819,3.522524,9.973831,0.92,0.25,1.0,0.649757,0.314417,0
user_71436,2022-09-06 01:36:00,22,7,6,2,2,1,10,6,11,3,16,1,0,5.533328,3.593989,3.181887,0.27,0.33,0.32,0.874954,0.426105,0
user_71437,2022-10-25 05:07:00,26,9,11,0,1,4,12,3,13,20,4,1,0,5.152621,4.837271,10.623131,0.42,0.0,0.35,0.994572,0.399144,0
user_71438,2022-10-12 01:06:00,32,8,8,0,2,1,7,9,15,9,17,2,0,7.129847,3.184044,5.352337,0.25,0.0,0.25,0.732947,0.46549,0
user_71439,2022-09-14 10:16:00,21,14,5,0,4,2,6,7,4,20,10,2,0,8.302538,0.491041,2.805834,0.24,0.0,0.67,0.997033,0.952731,0
user_71440,2022-09-26 14:48:00,26,8,16,0,5,2,13,4,2,9,14,0,0,4.4847,4.898726,4.875412,0.62,0.0,0.31,0.791545,0.511851,0
user_71441,2022-09-25 01:18:00,23,9,6,1,4,0,5,16,14,0,8,6,1,5.987654,5.71226,1.241787,0.26,0.17,0.39,0.575523,0.512762,0
user_71442,2022-10-06 11:43:00,15,10,8,1,5,0,13,1,9,2,15,3,0,5.349272,5.417393,7.558272,0.53,0.12,0.67,0.747327,0.851957,0
user_71443,2022-09-17 02:46:00,31,7,8,1,2,2,11,0,19,8,7,5,1,6.651138,3.000613,5.271847,0.26,0.12,0.23,0.532913,0.507871,0
user_71444,2022-09-24 03:47:00,21,6,7,0,0,1,12,10,12,2,17,5,1,8.268833,8.352906,8.123348,0.33,0.0,0.29,0.847948,0.895713,0
user_71445,2022-09-13 10:50:00,25,10,8,0,3,2,13,15,9,17,3,1,0,6.607011,8.397853,10.422413,0.32,0.0,0.4,0.372996,0.735212,0
user_71446,2022-10-25 05:24:00,20,13,12,0,5,2,0,16,13,14,6,1,0,5.568983,11.729642,5.167777,0.6,0.0,0.65,0.870038,0.468352,0
user_71447,2022-10-16 21:41:00,20,19,11,0,1,4,2,0,3,10,14,6,1,7.02839,2.139038,5.985622,0.55,0.0,0.95,0.631569,0.866437,0
user_71448,2022-09-09 16:04:00,19,8,9,1,3,4,9,8,15,5,13,4,0,4.699845,8.938761,6.73432,0.47,0.11,0.42,0.756208,0.972654,0
user_71449,2022-10-15 13:10:00,24,13,8,1,0,1,11,19,6,15,16,5,1,4.659034,4.145835,7.384392,0.33,0.12,0.54,0.540985,0.787845,0
user_71450,2022-10-11 10:12:00,20,10,14,1,3,5,3,11,14,3,19,1,0,3.736419,10.363254,4.979702,0.7,0.07,0.5,0.800397,0.888541,1
user_71451,2022-09-22 16:39:00,24,8,12,1,5,2,16,5,9,5,3,3,0,2.633909,6.116882,4.027297,0.5,0.08,0.33,0.809282,0.484979,0
user_71452,2022-09-13 10:21:00,25,15,9,0,1,2,14,15,19,17,15,1,0,2.937702,2.046427,3.6442,0.36,0.0,0.6,0.921042,0.847151,0
user_71453,2022-10-11 11:22:00,18,7,3,0,3,0,3,6,19,4,20,1,0,2.988285,5.485986,3.921649,0.17,0.0,0.39,0.686286,0.643231,1
user_71454,2022-09-26 19:32:00,13,7,5,0,2,1,13,11,13,2,17,0,0,0.825746,2.321753,6.303142,0.38,0.0,0.54,0.738573,0.714041,0
user_71455,2022-09-29 18:36:00,18,8,7,1,2,4,17,3,1,0,11,3,0,3.827669,4.501399,6.169913,0.39,0.14,0.44,0.515138,0.654539,0
user_71456,2022-10-03 22:43:00,24,7,5,0,4,1,3,4,0,7,19,0,0,7.244664,0.466435,9.628796,0.21,0.0,0.29,0.442094,0.84518,1
user_71457,2022-10-29 04:57:00,27,11,9,0,2,1,0,3,17,13,17,5,1,6.885721,9.073488,7.367025,0.33,0.0,0.41,0.927579,0.755076,0
user_71458,2022-10-25 21:19:00,22,11,7,1,3,4,0,13,20,2,14,1,0,7.854526,5.008644,6.238089,0.32,0.14,0.5,0.474275,0.500439,0
user_71459,2022-10-03 17:19:00,17,11,4,1,2,0,4,7,0,11,18,0,0,10.255202,5.723874,7.39816,0.24,0.25,0.65,0.392104,0.959864,0
user_71460,2022-10-23 12:52:00,12,7,10,1,1,2,16,2,14,18,2,6,1,4.154967,8.936548,10.199239,0.83,0.1,0.58,0.531988,0.646894,0
user_71461,2022-10-06 11:58:00,18,12,8,1,1,2,15,2,0,18,18,3,0,5.287273,0.832099,5.401679,0.44,0.12,0.67,0.918683,0.868481,0
user_71462,2022-10-03 11:17:00,22,5,7,1,1,0,0,16,4,7,4,0,0,6.440647,2.251719,10.125013,0.32,0.14,0.23,0.952982,0.654779,0
user_71463,2022-10-01 19:32:00,19,15,8,1,2,1,9,4,0,16,11,5,1,5.80137,2.996123,4.758233,0.42,0.12,0.79,0.578874,0.801371,0
user_71464,2022-09-09 19:03:00,12,12,6,1,0,1,12,3,6,0,7,4,0,5.158169,6.693067,9.001481,0.5,0.17,1.0,0.962903,0.924528,0
user_71465,2022-09-18 17:57:00,25,9,6,1,3,0,6,19,19,14,6,6,1,5.337284,3.2605,8.937059,0.24,0.17,0.36,0.556393,0.732839,0
user_71466,2022-09-10 14:54:00,15,9,10,0,1,3,7,0,15,16,11,5,1,5.108559,2.804705,11.471254,0.67,0.0,0.6,0.953544,0.890786,0
user_71467,2022-10-15 19:31:00,19,11,8,0,2,0,12,3,13,1,5,5,1,5.387056,4.854037,8.720741,0.42,0.0,0.58,0.449574,0.844544,0
user_71468,2022-10-30 14:34:00,21,9,5,1,2,1,5,8,19,18,7,6,1,2.856779,1.477577,6.54262,0.24,0.2,0.43,0.723181,0.872709,0
user_71469,2022-10-04 13:45:00,17,8,5,1,1,0,15,15,11,3,2,1,0,11.897816,8.041014,2.798349,0.29,0.2,0.47,0.5361,0.403365,0
user_71470,2022-09-19 10:54:00,27,10,12,0,5,1,16,13,10,9,3,0,0,2.931833,4.435459,5.31207,0.44,0.0,0.37,0.870845,0.453709,0
user_71471,2022-10-21 16:05:00,20,12,9,0,3,2,6,13,2,20,20,4,0,1.444068,4.155894,5.068825,0.45,0.0,0.6,0.699692,0.424047,1
user_71472,2022-09-03 21:30:00,19,20,6,1,2,3,19,12,15,19,16,5,1,6.876762,4.787864,6.227288,0.32,0.17,1.05,0.361537,0.424973,0
user_71473,2022-09-28 13:54:00,17,12,7,0,4,2,13,18,19,4,5,2,0,0.473698,4.182534,7.562737,0.41,0.0,0.71,0.421004,0.893855,0
user_71474,2022-10-20 03:00:00,16,8,12,1,2,4,6,13,12,19,4,3,0,5.801354,6.561983,5.346679,0.75,0.08,0.5,0.465318,0.418467,0
user_71475,2022-09-15 04:55:00,22,13,9,0,3,2,8,20,6,12,15,3,0,7.692915,6.131639,8.741331,0.41,0.0,0.59,0.471005,0.847332,0
user_71476,2022-09-20 02:11:00,14,11,14,1,1,2,3,13,16,15,1,1,0,4.603106,7.679258,9.368616,1.0,0.07,0.79,0.829533,0.737367,0
user_71477,2022-09-30 22:57:00,19,11,4,0,0,1,14,12,16,16,15,4,0,4.478804,5.386648,8.161089,0.21,0.0,0.58,0.401067,0.53169,0
user_71478,2022-09-14 16:36:00,24,14,10,0,2,1,7,0,19,20,20,2,0,2.194805,0.208663,6.052262,0.42,0.0,0.58,0.720316,0.702676,1
user_71479,2022-10-23 17:45:00,20,8,6,1,2,1,19,2,14,15,3,6,1,3.416436,2.019995,7.716749,0.3,0.17,0.4,0.871892,0.541921,0
user_71480,2022-10-01 02:44:00,11,14,7,1,1,0,8,18,2,16,8,5,1,6.603998,5.26699,8.325604,0.64,0.14,1.27,0.404666,0.87521,0
user_71481,2022-10-29 09:24:00,12,9,9,1,3,3,9,12,15,5,11,5,1,6.026498,2.076611,8.132919,0.75,0.11,0.75,0.502606,0.313174,0
user_71482,2022-09-28 04:35:00,19,7,7,1,5,3,9,6,6,19,20,2,0,0.816863,3.168968,5.330024,0.37,0.14,0.37,0.763135,0.528243,1
user_71483,2022-10-05 00:33:00,20,6,11,0,0,3,10,6,14,13,5,2,0,5.328725,8.681973,7.601279,0.55,0.0,0.3,0.527163,0.721859,0
user_71484,2022-09-22 01:37:00,24,10,5,0,4,1,14,16,19,2,6,3,0,8.495721,10.289344,8.620923,0.21,0.0,0.42,0.580809,0.345602,0
user_71485,2022-10-25 15:57:00,21,13,4,1,4,1,16,7,16,19,4,1,0,8.086359,14.207162,6.840867,0.19,0.25,0.62,0.700792,0.428444,0
user_71486,2022-09-08 01:39:00,22,7,14,1,1,2,5,14,19,0,13,3,0,6.776874,6.337449,8.851844,0.64,0.07,0.32,0.514846,0.671839,0
user_71487,2022-10-06 06:08:00,25,12,4,0,5,2,4,6,10,10,18,3,0,4.818346,10.444299,9.860038,0.16,0.0,0.48,0.682237,0.657555,0
user_71488,2022-09-07 21:54:00,20,9,7,1,1,2,17,5,1,0,4,2,0,6.015258,2.11907,6.398475,0.35,0.14,0.45,0.349688,0.404085,0
user_71489,2022-10-17 13:18:00,24,12,9,0,4,5,10,6,19,14,3,0,0,1.580373,2.569099,8.995579,0.38,0.0,0.5,0.645943,0.641986,0
user_71490,2022-10-27 02:40:00,24,12,5,1,1,1,14,20,15,20,14,3,0,2.966999,1.641923,9.957693,0.21,0.2,0.5,0.317036,0.362615,0
user_71491,2022-09-18 18:59:00,21,8,9,0,2,2,16,4,13,9,12,6,1,0.860769,6.501087,0.033852,0.43,0.0,0.38,0.572286,0.526396,0
user_71492,2022-09-01 07:21:00,19,9,5,2,4,1,8,0,13,19,0,3,0,3.507572,3.633589,9.422628,0.26,0.4,0.47,0.850911,0.756922,0
user_71493,2022-09-20 08:59:00,18,9,11,0,1,2,1,1,10,9,18,1,0,5.463657,0.842473,11.747648,0.61,0.0,0.5,0.77362,0.567927,0
user_71494,2022-10-01 22:28:00,23,8,7,1,1,3,12,2,16,2,13,5,1,4.415189,5.870375,5.73335,0.3,0.14,0.35,0.554921,0.639491,0
user_71495,2022-10-19 02:27:00,18,12,8,1,4,1,5,1,2,14,18,2,0,10.339974,8.158933,2.258677,0.44,0.12,0.67,0.472133,0.848247,0
user_71496,2022-10-09 04:29:00,21,14,6,1,1,0,4,4,5,17,6,6,1,7.209842,4.997745,9.611468,0.29,0.17,0.67,0.710133,0.953107,0
user_71497,2022-09-05 15:25:00,27,14,9,0,6,2,16,6,13,18,1,0,0,4.232847,2.813405,8.420979,0.33,0.0,0.52,0.545751,0.469965,0
user_71498,2022-09-09 11:59:00,17,11,4,2,2,1,3,10,18,20,3,4,0,2.089139,5.475758,9.5664,0.24,0.5,0.65,0.45108,0.692962,0
user_71499,2022-10-07 09:44:00,18,7,5,1,3,1,0,20,9,9,15,4,0,0.061305,6.016842,1.26585,0.28,0.2,0.39,0.919503,0.966328,0
user_71500,2022-10-12 04:35:00,18,6,7,0,1,1,7,16,10,5,20,2,0,6.785406,9.19652,8.087172,0.39,0.0,0.33,0.444347,0.877006,1
user_71501,2022-10-29 23:30:00,16,9,6,0,3,0,4,0,17,4,12,5,1,2.039255,0.191124,4.917951,0.38,0.0,0.56,0.472008,0.426022,0
user_71502,2022-10-22 09:59:00,16,9,6,1,1,1,11,19,13,2,16,5,1,9.448697,9.232397,10.342379,0.38,0.17,0.56,0.894234,0.435243,0
user_71503,2022-09-08 04:14:00,21,7,5,0,1,0,2,3,10,9,0,3,0,7.041822,5.014711,10.566237,0.24,0.0,0.33,0.348848,0.35473,0
user_71504,2022-10-06 12:43:00,16,9,4,2,2,0,17,1,10,4,16,3,0,7.331146,6.482773,10.131599,0.25,0.5,0.56,0.607804,0.319992,0
user_71505,2022-09-15 12:04:00,14,11,9,0,0,1,20,18,14,16,20,3,0,7.38666,6.689135,9.978953,0.64,0.0,0.79,0.737384,0.376768,1
user_71506,2022-10-20 14:34:00,28,5,8,1,3,3,2,11,19,16,9,3,0,5.988048,2.658969,6.560104,0.29,0.12,0.18,0.856897,0.80786,0
user_71507,2022-10-04 10:03:00,19,3,7,0,2,1,2,5,10,9,12,1,0,6.070493,4.95376,11.228516,0.37,0.0,0.16,0.766228,0.443599,0
user_71508,2022-10-24 10:59:00,20,8,12,2,3,5,3,9,15,9,19,0,0,2.688735,5.866508,7.860238,0.6,0.17,0.4,0.785926,0.632626,1
user_71509,2022-10-23 06:57:00,22,8,12,1,0,4,10,9,7,11,18,6,1,3.102261,3.422522,5.918582,0.55,0.08,0.36,0.798651,0.801418,0
user_71510,2022-09-27 10:08:00,25,15,8,1,3,3,10,7,2,9,16,1,0,6.851598,1.394505,3.127427,0.32,0.12,0.6,0.495404,0.70353,0
user_71511,2022-10-19 08:45:00,22,5,7,0,3,2,14,17,0,19,7,2,0,8.630056,4.71363,15.78737,0.32,0.0,0.23,0.475257,0.830543,0
user_71512,2022-10-14 09:24:00,29,6,6,2,2,1,17,2,14,9,3,4,0,3.903332,1.369714,7.975589,0.21,0.33,0.21,0.410733,0.575985,0
user_71513,2022-10-27 11:24:00,22,12,7,0,1,0,2,16,9,15,19,3,0,0.105624,3.774922,4.88005,0.32,0.0,0.55,0.814426,0.572984,1
user_71514,2022-10-05 22:43:00,18,13,8,1,1,2,11,2,4,20,9,2,0,8.856931,5.041007,7.965218,0.44,0.12,0.72,0.982024,0.680168,0
user_71515,2022-10-07 15:14:00,22,12,9,1,2,2,8,15,12,15,18,4,0,1.090309,4.467606,5.791807,0.41,0.11,0.55,0.857446,0.747344,0
user_71516,2022-09-28 05:00:00,16,11,12,0,1,3,16,19,12,3,5,2,0,8.610308,6.100205,6.562169,0.75,0.0,0.69,0.88531,0.872926,0
user_71517,2022-10-11 12:28:00,24,7,5,0,4,3,11,6,16,5,19,1,0,0.13774,1.197681,7.314375,0.21,0.0,0.29,0.514087,0.560108,1
user_71518,2022-10-25 23:14:00,21,7,13,0,3,3,3,10,10,14,11,1,0,7.386795,5.55618,7.554223,0.62,0.0,0.33,0.810234,0.910606,0
user_71519,2022-10-21 20:01:00,22,8,4,2,2,1,5,3,5,3,6,4,0,4.442609,7.207074,7.149108,0.18,0.5,0.36,0.623097,0.519979,0
user_71520,2022-10-06 15:44:00,19,7,12,1,2,2,19,7,17,12,7,3,0,1.750528,2.551073,8.896452,0.63,0.08,0.37,0.859047,0.381426,0
user_71521,2022-09-15 14:51:00,22,11,8,3,3,0,11,9,16,3,12,3,0,3.757992,5.895769,11.95905,0.36,0.38,0.5,0.846661,0.531284,0
user_71522,2022-10-23 16:23:00,20,7,4,0,5,1,16,14,9,4,2,6,1,8.351566,0.87817,10.296146,0.2,0.0,0.35,0.552393,0.504236,0
user_71523,2022-10-29 08:44:00,26,10,6,0,4,2,13,16,6,8,2,5,1,2.801247,7.885618,10.354727,0.23,0.0,0.38,0.488027,0.834642,0
user_71524,2022-09-30 18:57:00,25,13,6,2,3,3,6,12,1,12,16,4,0,6.848016,3.026505,4.139648,0.24,0.33,0.52,0.794346,0.74787,0
user_71525,2022-09-01 01:06:00,17,9,7,0,1,2,13,15,9,7,0,3,0,7.081877,3.860781,1.820091,0.41,0.0,0.53,0.875185,0.476694,0
user_71526,2022-10-20 11:13:00,24,8,10,2,2,3,3,6,8,20,3,3,0,3.442459,2.86362,4.885276,0.42,0.2,0.33,0.351882,0.68298,0
user_71527,2022-10-16 02:04:00,31,12,12,0,4,2,16,8,20,9,15,6,1,3.141312,3.492109,0.544727,0.39,0.0,0.39,0.847327,0.799012,0
user_71528,2022-09-06 02:04:00,28,5,5,1,1,3,2,19,10,18,5,1,0,6.324518,2.956422,5.803476,0.18,0.2,0.18,0.718972,0.422944,0
user_71529,2022-09-28 04:58:00,23,13,9,0,3,2,0,18,17,13,6,2,0,3.788734,0.803085,8.051026,0.39,0.0,0.57,0.590325,0.383668,0
user_71530,2022-09-06 20:06:00,21,11,12,1,1,0,8,18,2,4,18,1,0,4.476453,10.135823,6.324635,0.57,0.08,0.52,0.86775,0.470136,0
user_71531,2022-09-08 09:18:00,12,12,5,0,2,3,6,7,18,9,5,3,0,7.564906,6.824616,1.063195,0.42,0.0,1.0,0.841994,0.588719,0
user_71532,2022-10-20 11:26:00,18,8,10,0,2,0,10,9,5,15,11,3,0,5.007329,0.436532,4.264277,0.56,0.0,0.44,0.547908,0.95248,0
user_71533,2022-10-12 22:44:00,15,19,5,0,5,0,14,20,10,11,15,2,0,4.992307,10.622565,12.365284,0.33,0.0,1.27,0.345803,0.374882,0
user_71534,2022-09-11 18:01:00,20,13,9,0,4,0,0,12,10,1,16,6,1,1.307012,2.593991,9.212357,0.45,0.0,0.65,0.494479,0.317283,0
user_71535,2022-10-07 10:56:00,19,6,9,1,0,3,18,7,10,9,12,4,0,3.669363,0.507905,1.240042,0.47,0.11,0.32,0.657993,0.855828,0
user_71536,2022-09-24 13:56:00,18,8,9,1,2,2,11,4,6,0,6,5,1,9.030766,2.386737,5.18702,0.5,0.11,0.44,0.704492,0.509521,0
user_71537,2022-09-17 21:05:00,18,13,5,0,3,1,16,8,10,17,10,5,1,3.110244,4.833904,7.781202,0.28,0.0,0.72,0.771341,0.592774,0
user_71538,2022-10-23 19:47:00,15,5,6,0,1,1,1,8,4,19,9,6,1,6.076784,3.255624,7.751039,0.4,0.0,0.33,0.784599,0.59546,0
user_71539,2022-09-26 18:03:00,14,9,9,1,4,3,17,6,0,7,17,0,0,7.721959,7.676106,6.066917,0.64,0.11,0.64,0.442944,0.311305,0
user_71540,2022-09-03 10:58:00,21,8,10,1,1,3,11,4,14,14,15,5,1,6.64056,1.30597,0.385853,0.48,0.1,0.38,0.907378,0.669719,0
user_71541,2022-09-07 16:14:00,17,8,4,0,1,0,7,16,8,20,17,2,0,1.381179,4.464875,0.673901,0.24,0.0,0.47,0.508816,0.308207,0
user_71542,2022-10-17 02:28:00,23,8,8,0,3,1,7,2,17,6,8,0,0,3.086515,3.943075,8.312605,0.35,0.0,0.35,0.560697,0.691711,0
user_71543,2022-09-06 20:05:00,16,11,10,0,2,6,17,17,3,10,10,1,0,3.401163,0.47995,7.400285,0.62,0.0,0.69,0.814875,0.622922,0
user_71544,2022-09-28 10:28:00,23,11,9,0,4,3,11,19,2,1,3,2,0,3.571853,6.760661,0.966759,0.39,0.0,0.48,0.640857,0.87628,0
user_71545,2022-09-26 04:01:00,24,7,6,0,1,0,10,19,12,8,8,0,0,5.490241,2.968383,2.904579,0.25,0.0,0.29,0.603369,0.920487,0
user_71546,2022-10-23 17:17:00,15,11,6,0,1,1,10,11,17,13,5,6,1,5.263018,5.998246,9.282377,0.4,0.0,0.73,0.982912,0.664251,0
user_71547,2022-10-23 01:42:00,16,12,4,2,4,0,3,1,13,8,8,6,1,0.820199,2.025793,6.667805,0.25,0.5,0.75,0.534665,0.659274,0
user_71548,2022-10-26 14:09:00,20,14,6,2,0,3,4,13,1,2,19,2,0,2.430676,2.165574,7.276604,0.3,0.33,0.7,0.8174,0.994635,1
user_71549,2022-09-10 10:53:00,12,12,5,0,2,0,15,4,14,11,15,5,1,5.519986,1.703071,6.246863,0.42,0.0,1.0,0.601868,0.36303,0
user_71550,2022-09-04 16:19:00,21,14,11,1,1,4,10,18,19,4,7,6,1,8.44772,2.970651,13.328209,0.52,0.09,0.67,0.337284,0.420616,0
user_71551,2022-10-05 09:30:00,18,11,8,2,2,2,17,17,9,12,14,2,0,5.008644,7.416872,1.496444,0.44,0.25,0.61,0.522621,0.394199,0
user_71552,2022-10-17 09:18:00,21,11,10,0,2,2,8,15,5,13,18,0,0,4.808178,3.734653,10.393578,0.48,0.0,0.52,0.704128,0.853776,0
user_71553,2022-09-14 22:11:00,26,6,9,0,3,0,1,19,18,19,10,2,0,4.191368,8.416537,7.166794,0.35,0.0,0.23,0.601486,0.48842,0
user_71554,2022-10-28 00:42:00,21,14,5,1,2,1,5,14,5,19,20,4,0,5.133684,4.339276,13.019198,0.24,0.2,0.67,0.780028,0.548723,1
user_71555,2022-10-30 23:24:00,18,11,6,0,1,0,3,9,18,19,3,6,1,4.598492,2.324171,9.34378,0.33,0.0,0.61,0.53105,0.811197,0
user_71556,2022-10-07 15:11:00,21,14,5,0,2,1,17,16,15,17,16,4,0,1.025641,5.611627,7.415472,0.24,0.0,0.67,0.790315,0.635078,0
user_71557,2022-10-10 11:21:00,22,6,5,0,1,1,7,11,9,8,17,0,0,8.526563,3.511344,8.47544,0.23,0.0,0.27,0.318372,0.600714,0
user_71558,2022-10-13 06:26:00,17,6,5,0,1,3,5,19,15,11,14,3,0,4.095369,7.958872,11.502422,0.29,0.0,0.35,0.857373,0.379307,0
user_71559,2022-10-18 08:30:00,26,9,8,2,3,0,13,0,11,1,8,1,0,5.858928,5.015011,5.17906,0.31,0.25,0.35,0.326692,0.425172,0
user_71560,2022-09-29 03:05:00,20,14,14,0,4,2,11,17,6,13,13,3,0,7.511696,3.075582,10.127544,0.7,0.0,0.7,0.440113,0.760777,0
user_71561,2022-09-21 08:26:00,28,7,5,1,4,0,7,12,15,18,5,2,0,2.609148,4.702368,8.79813,0.18,0.2,0.25,0.659158,0.740546,0
user_71562,2022-09-18 15:48:00,28,17,6,0,3,1,18,0,9,10,12,6,1,0.82771,6.84071,5.958306,0.21,0.0,0.61,0.569079,0.43533,0
user_71563,2022-09-02 10:37:00,18,13,7,1,1,2,17,6,12,10,15,4,0,9.141942,7.569372,11.407181,0.39,0.14,0.72,0.797498,0.33627,0
user_71564,2022-09-23 13:12:00,16,12,7,1,2,1,10,4,0,3,20,4,0,7.116412,1.999122,13.91126,0.44,0.14,0.75,0.500973,0.788978,1
user_71565,2022-10-29 04:40:00,24,8,9,0,6,1,0,5,2,13,5,5,1,2.484554,5.516084,4.288264,0.38,0.0,0.33,0.680838,0.543018,0
user_71566,2022-10-23 04:30:00,22,6,13,0,3,1,10,5,6,17,20,6,1,7.003817,5.099556,8.675108,0.59,0.0,0.27,0.783704,0.412994,1
user_71567,2022-09-09 21:31:00,17,7,7,0,2,1,8,1,5,19,7,4,0,6.214392,2.166461,4.198052,0.41,0.0,0.41,0.702506,0.564687,0
user_71568,2022-10-17 22:28:00,19,9,7,1,4,1,12,11,11,19,4,0,0,4.810455,3.809876,8.271018,0.37,0.14,0.47,0.921989,0.944781,0
user_71569,2022-09-13 20:03:00,17,8,4,0,2,0,2,12,4,3,20,1,0,2.727204,4.808259,7.749596,0.24,0.0,0.47,0.43014,0.97104,1
user_71570,2022-09-08 18:14:00,22,4,7,1,2,2,2,8,12,20,2,3,0,1.789434,3.95422,9.185895,0.32,0.14,0.18,0.790406,0.405497,0
user_71571,2022-10-07 16:32:00,17,9,10,0,0,1,3,0,10,7,4,4,0,4.812936,3.785668,3.583836,0.59,0.0,0.53,0.643067,0.362441,0
user_71572,2022-09-10 11:54:00,21,18,6,1,2,3,6,12,8,9,13,5,1,3.193474,5.447648,8.857676,0.29,0.17,0.86,0.664815,0.589825,0
user_71573,2022-09-10 12:24:00,17,6,10,0,3,1,0,12,5,10,6,5,1,8.10782,6.31692,7.097797,0.59,0.0,0.35,0.582007,0.845056,0
user_71574,2022-09-16 06:33:00,20,10,7,0,0,0,14,10,2,15,5,4,0,3.455061,2.959567,6.839232,0.35,0.0,0.5,0.676204,0.331518,0
user_71575,2022-09-17 20:51:00,25,10,13,0,3,1,1,13,5,18,16,5,1,8.738319,3.679688,0.478219,0.52,0.0,0.4,0.562845,0.637391,0
user_71576,2022-10-05 11:21:00,13,13,9,1,0,2,19,13,5,4,17,2,0,3.728687,10.198539,4.878501,0.69,0.11,1.0,0.62265,0.460083,0
user_71577,2022-09-25 12:39:00,23,12,6,0,1,3,10,13,0,17,13,6,1,0.710991,8.276507,6.511073,0.26,0.0,0.52,0.449731,0.717048,0
user_71578,2022-10-05 00:18:00,28,15,2,1,2,0,7,18,10,0,9,2,0,5.280839,2.343447,2.099161,0.07,0.5,0.54,0.895579,0.38245,0
user_71579,2022-10-09 03:04:00,19,14,9,2,1,1,5,9,12,18,5,6,1,3.447859,4.357626,1.309766,0.47,0.22,0.74,0.439338,0.894996,0
user_71580,2022-09-10 23:06:00,21,1,10,1,1,2,13,17,16,10,8,5,1,1.325835,1.43815,10.167599,0.48,0.1,0.05,0.806864,0.425753,0
user_71581,2022-10-25 17:28:00,23,11,11,0,0,1,5,11,8,16,2,1,0,9.511456,5.328737,5.825751,0.48,0.0,0.48,0.66228,0.906174,0
user_71582,2022-09-17 21:06:00,12,5,9,2,5,1,10,7,4,15,15,5,1,6.391766,1.963289,8.556992,0.75,0.22,0.42,0.709174,0.323696,0
user_71583,2022-10-06 13:56:00,18,14,6,0,3,3,13,6,10,1,1,3,0,4.426264,3.07507,9.526071,0.33,0.0,0.78,0.689389,0.408728,0
user_71584,2022-09-22 04:09:00,15,10,3,0,1,0,15,13,9,9,18,3,0,6.548452,12.067664,5.895293,0.2,0.0,0.67,0.564131,0.55069,0
user_71585,2022-09-19 22:28:00,29,12,7,1,7,1,1,8,16,6,0,0,0,7.604234,6.645399,1.99293,0.24,0.14,0.41,0.448068,0.582652,0
user_71586,2022-09-23 14:22:00,20,11,4,2,1,1,8,3,12,7,12,4,0,8.2998,9.027719,9.772246,0.2,0.5,0.55,0.844238,0.629392,0
user_71587,2022-09-02 19:49:00,23,11,8,0,2,2,4,16,2,1,6,4,0,4.373969,5.988692,5.423891,0.35,0.0,0.48,0.871222,0.980973,0
user_71588,2022-09-03 15:04:00,22,8,8,1,1,3,16,18,5,15,1,5,1,6.463747,2.043286,7.312513,0.36,0.12,0.36,0.672027,0.909147,0
user_71589,2022-09-17 13:19:00,23,9,10,1,3,2,17,15,14,1,17,5,1,1.828703,4.547366,5.483477,0.43,0.1,0.39,0.564399,0.68969,0
user_71590,2022-09-14 21:31:00,20,17,12,0,2,5,20,0,6,19,11,2,0,4.452326,1.941355,4.492687,0.6,0.0,0.85,0.548846,0.322436,0
user_71591,2022-10-16 17:22:00,16,12,9,1,2,1,6,20,13,3,0,6,1,6.082438,8.309443,9.149911,0.56,0.11,0.75,0.835735,0.879781,0
user_71592,2022-10-09 21:10:00,27,9,8,2,1,0,16,11,5,6,8,6,1,6.327264,4.797598,8.479811,0.3,0.25,0.33,0.692147,0.847743,0
user_71593,2022-10-08 02:42:00,18,12,6,0,2,2,16,1,14,1,19,5,1,9.699865,1.95115,7.776508,0.33,0.0,0.67,0.450447,0.692339,1
user_71594,2022-09-04 19:40:00,19,15,9,0,4,2,13,15,9,12,5,6,1,4.276619,0.782095,9.460482,0.47,0.0,0.79,0.966512,0.595633,0
user_71595,2022-10-16 22:23:00,25,14,6,0,4,3,6,20,2,9,8,6,1,10.49006,7.058796,4.946593,0.24,0.0,0.56,0.491839,0.846904,0
user_71596,2022-09-15 12:02:00,16,4,8,1,0,2,13,8,15,7,2,3,0,5.981211,0.556538,10.340802,0.5,0.12,0.25,0.723975,0.654107,0
user_71597,2022-10-29 05:24:00,24,13,9,1,2,1,5,20,17,8,6,5,1,2.690047,7.491304,7.588042,0.38,0.11,0.54,0.796289,0.709729,0
user_71598,2022-10-26 00:37:00,12,9,8,1,0,4,20,13,13,3,18,2,0,11.548703,5.598406,8.533179,0.67,0.12,0.75,0.693364,0.517007,0
user_71599,2022-10-23 22:59:00,25,12,5,1,3,1,9,10,15,3,14,6,1,3.188077,5.077883,4.776497,0.2,0.2,0.48,0.85986,0.30479,0
user_71600,2022-10-28 01:41:00,19,8,11,0,1,3,15,5,17,1,7,4,0,4.332263,12.446947,7.252282,0.58,0.0,0.42,0.339713,0.362992,0
user_71601,2022-09-22 01:05:00,17,10,7,1,3,1,4,13,11,4,4,3,0,3.372086,9.950935,12.077479,0.41,0.14,0.59,0.32734,0.383388,0
user_71602,2022-09-21 19:33:00,20,14,5,0,5,1,4,3,13,17,7,2,0,8.146911,3.347579,4.219428,0.25,0.0,0.7,0.881106,0.511898,0
user_71603,2022-10-09 00:39:00,29,10,9,1,3,2,9,12,4,7,11,6,1,1.623444,7.142091,6.726495,0.31,0.11,0.34,0.804187,0.802546,0
user_71604,2022-10-29 20:00:00,16,13,10,0,1,4,17,11,2,1,1,5,1,12.137596,2.467147,5.979583,0.62,0.0,0.81,0.432126,0.815856,0
user_71605,2022-10-28 18:25:00,20,13,9,0,1,2,14,10,2,15,7,4,0,7.418685,5.061076,8.194206,0.45,0.0,0.65,0.849928,0.82288,0
user_71606,2022-09-13 16:27:00,26,7,10,0,5,2,4,3,7,0,15,1,0,6.812155,7.02186,2.965033,0.38,0.0,0.27,0.651294,0.692754,0
user_71607,2022-10-05 03:36:00,20,8,10,0,0,2,16,8,17,4,9,2,0,5.893307,7.076785,7.958827,0.5,0.0,0.4,0.914663,0.549255,0
user_71608,2022-09-29 04:42:00,22,9,8,0,2,3,11,11,18,3,5,3,0,7.891347,9.439041,7.31705,0.36,0.0,0.41,0.854807,0.362692,0
user_71609,2022-09-16 06:20:00,20,12,9,1,2,2,11,6,19,3,16,4,0,7.228339,0.979187,8.421355,0.45,0.11,0.6,0.452201,0.819946,0
user_71610,2022-09-15 01:09:00,19,9,12,3,2,6,17,8,20,12,12,3,0,4.581467,0.500083,14.176076,0.63,0.25,0.47,0.998985,0.383057,0
user_71611,2022-10-05 09:21:00,20,12,7,0,3,1,14,4,20,9,17,2,0,4.116313,0.44692,2.675487,0.35,0.0,0.6,0.532247,0.751702,0
user_71612,2022-09-13 04:05:00,15,7,7,1,2,2,7,17,5,20,8,1,0,6.890225,5.841396,6.904337,0.47,0.14,0.47,0.817453,0.389145,0
user_71613,2022-10-15 17:07:00,19,2,9,0,3,2,2,6,19,3,18,5,1,7.923359,7.175112,9.260181,0.47,0.0,0.11,0.446848,0.509921,0
user_71614,2022-10-24 05:10:00,18,14,7,1,1,3,3,20,0,13,5,0,0,0.953677,1.796181,9.964125,0.39,0.14,0.78,0.575226,0.784287,0
user_71615,2022-10-29 06:52:00,24,9,11,0,0,2,8,20,15,15,16,5,1,3.503181,4.464588,3.503848,0.46,0.0,0.38,0.813702,0.974125,0
user_71616,2022-09-07 03:02:00,18,10,7,0,3,1,3,7,18,19,12,2,0,3.153257,1.033205,11.541616,0.39,0.0,0.56,0.899637,0.725741,0
user_71617,2022-10-01 11:07:00,18,10,6,0,3,0,19,4,13,20,5,5,1,3.542264,1.935293,8.806806,0.33,0.0,0.56,0.607156,0.438002,0
user_71618,2022-10-18 01:31:00,25,6,7,0,3,2,4,9,13,5,17,1,0,1.369334,3.006809,7.202471,0.28,0.0,0.24,0.368959,0.915439,0
user_71619,2022-09-25 04:04:00,20,8,10,0,2,1,6,18,1,6,3,6,1,4.944237,4.845338,6.481104,0.5,0.0,0.4,0.468228,0.395557,0
user_71620,2022-10-06 02:06:00,27,13,12,0,1,2,19,20,18,1,12,3,0,8.409683,4.740711,8.386983,0.44,0.0,0.48,0.896252,0.813422,0
user_71621,2022-09-26 15:34:00,23,13,7,1,4,0,15,4,17,16,9,0,0,6.761488,11.195982,9.985258,0.3,0.14,0.57,0.673475,0.587703,0
user_71622,2022-09-14 19:29:00,18,10,8,2,1,2,12,11,17,11,8,2,0,7.702425,5.365151,10.784589,0.44,0.25,0.56,0.987087,0.477606,0
user_71623,2022-09-06 08:01:00,16,7,9,0,1,4,12,6,11,0,5,1,0,6.416916,4.495064,8.217077,0.56,0.0,0.44,0.557191,0.98156,0
user_71624,2022-09-07 23:47:00,27,7,6,0,6,1,5,1,15,11,3,2,0,4.974701,1.044289,1.769672,0.22,0.0,0.26,0.79749,0.826874,0
user_71625,2022-09-23 05:10:00,33,13,11,0,3,2,8,20,1,9,10,4,0,7.520602,7.974749,3.103789,0.33,0.0,0.39,0.998344,0.716565,0
user_71626,2022-09-26 01:00:00,18,9,7,1,1,1,5,4,5,11,17,0,0,4.522378,6.574345,4.573919,0.39,0.14,0.5,0.565084,0.434526,0
user_71627,2022-10-07 01:27:00,15,13,6,0,2,1,17,0,20,12,1,4,0,7.045336,3.140594,8.372848,0.4,0.0,0.87,0.624063,0.523426,0
user_71628,2022-10-11 18:01:00,27,10,6,0,1,2,9,15,3,14,0,1,0,6.862904,3.880266,4.928045,0.22,0.0,0.37,0.81929,0.497578,0
user_71629,2022-10-17 04:43:00,15,7,5,2,1,2,9,20,12,9,20,0,0,5.799943,3.810582,9.982298,0.33,0.4,0.47,0.505433,0.525495,1
user_71630,2022-10-22 22:02:00,30,12,2,0,5,0,12,17,16,19,4,5,1,2.425145,6.984624,7.191847,0.07,0.0,0.4,0.940353,0.806672,0
user_71631,2022-09-11 06:27:00,14,7,10,1,2,1,13,16,20,17,3,6,1,1.063844,8.401623,1.05347,0.71,0.1,0.5,0.429968,0.83244,0
user_71632,2022-09-14 00:23:00,18,7,10,1,1,5,2,19,18,9,1,2,0,0.182008,2.33598,3.562975,0.56,0.1,0.39,0.813561,0.518635,0
user_71633,2022-09-27 03:04:00,33,14,9,0,6,3,5,18,4,19,8,1,0,9.096712,3.757524,5.527517,0.27,0.0,0.42,0.970653,0.779518,0
user_71634,2022-10-02 02:18:00,20,8,14,0,1,5,19,17,4,4,7,6,1,3.329637,2.568536,12.490074,0.7,0.0,0.4,0.391013,0.64509,0
user_71635,2022-09-09 07:18:00,16,12,13,0,1,4,13,19,13,10,9,4,0,8.584535,2.21759,9.302876,0.81,0.0,0.75,0.925859,0.627488,0
user_71636,2022-10-05 14:57:00,19,11,12,1,1,1,7,9,9,20,19,2,0,2.591968,1.57274,7.354354,0.63,0.08,0.58,0.822274,0.962119,1
user_71637,2022-09-25 04:28:00,24,14,16,1,3,1,17,16,12,0,9,6,1,4.729384,2.791456,3.383533,0.67,0.06,0.58,0.547417,0.967752,0
user_71638,2022-09-22 05:41:00,19,11,9,0,2,4,2,17,11,10,13,3,0,2.420946,4.710371,11.361507,0.47,0.0,0.58,0.710177,0.979055,0
user_71639,2022-09-26 02:33:00,20,12,5,0,1,0,2,20,15,4,13,0,0,7.850801,0.690486,9.635721,0.25,0.0,0.6,0.989224,0.43882,0
user_71640,2022-09-05 20:20:00,19,13,1,1,1,0,2,12,16,19,2,0,0,9.367919,5.000747,7.461654,0.05,1.0,0.68,0.624528,0.464596,0
user_71641,2022-09-23 23:11:00,15,13,8,0,0,3,19,20,11,3,18,4,0,7.442915,6.997868,1.53058,0.53,0.0,0.87,0.903619,0.803564,0
user_71642,2022-09-11 23:42:00,19,18,6,1,2,0,8,1,18,16,19,6,1,4.203052,2.203514,9.726624,0.32,0.17,0.95,0.962827,0.971273,1
user_71643,2022-09-06 17:45:00,26,12,13,1,3,4,5,2,0,13,1,1,0,10.199035,3.204373,8.807321,0.5,0.08,0.46,0.53764,0.326473,0
user_71644,2022-10-07 20:17:00,19,9,9,2,1,1,14,1,20,1,18,4,0,8.338152,4.880731,5.787087,0.47,0.22,0.47,0.389716,0.666924,0
user_71645,2022-10-21 20:50:00,20,8,10,0,2,2,20,4,5,11,4,4,0,3.609827,8.257438,5.054305,0.5,0.0,0.4,0.742319,0.33721,0
user_71646,2022-10-28 12:48:00,16,11,9,1,0,0,18,12,3,6,10,4,0,4.595784,5.41402,7.762947,0.56,0.11,0.69,0.935855,0.838526,0
user_71647,2022-10-19 04:58:00,17,10,10,1,1,3,4,10,0,5,10,2,0,1.740332,5.583947,3.79517,0.59,0.1,0.59,0.637707,0.944443,0
user_71648,2022-09-05 17:48:00,17,8,9,0,3,3,14,5,15,7,12,0,0,5.757974,4.980151,9.33983,0.53,0.0,0.47,0.531027,0.880012,0
user_71649,2022-10-13 22:37:00,12,8,7,1,2,2,4,9,1,3,17,3,0,2.010504,1.558041,6.799205,0.58,0.14,0.67,0.845946,0.405259,0
user_71650,2022-09-24 13:00:00,20,12,5,1,5,1,9,9,16,0,7,5,1,6.433886,11.164813,12.510283,0.25,0.2,0.6,0.535662,0.505755,0
user_71651,2022-10-17 21:50:00,20,11,6,0,2,1,1,9,1,19,15,0,0,5.163913,5.025072,5.625431,0.3,0.0,0.55,0.531161,0.697604,0
user_71652,2022-09-26 11:01:00,22,9,9,0,1,1,9,1,10,14,14,0,0,5.211937,13.970492,6.70387,0.41,0.0,0.41,0.940501,0.838123,0
user_71653,2022-09-22 11:20:00,15,16,4,2,0,0,13,3,16,5,9,3,0,6.154921,3.648776,6.037403,0.27,0.5,1.07,0.323121,0.500507,0
user_71654,2022-10-26 14:35:00,22,9,4,0,2,1,14,13,10,14,1,2,0,5.982848,4.970036,7.020844,0.18,0.0,0.41,0.513637,0.750948,0
user_71655,2022-09-24 08:57:00,19,9,8,0,1,2,2,2,4,6,19,5,1,3.268011,2.731192,6.984756,0.42,0.0,0.47,0.331348,0.726904,1
user_71656,2022-09-17 12:57:00,23,6,10,0,2,0,6,8,20,19,18,5,1,9.26218,9.439809,9.660792,0.43,0.0,0.26,0.373781,0.924189,0
user_71657,2022-10-27 13:08:00,13,3,10,1,1,1,0,9,19,15,17,3,0,6.579702,1.800884,8.212582,0.77,0.1,0.23,0.578605,0.440609,0
user_71658,2022-10-07 03:41:00,10,12,5,1,1,1,7,14,17,1,14,4,0,5.728599,7.278387,6.719844,0.5,0.2,1.2,0.46006,0.763161,0
user_71659,2022-09-01 12:14:00,25,11,6,1,4,1,1,6,9,11,1,3,0,6.65459,3.772002,2.531865,0.24,0.17,0.44,0.490442,0.496482,0
user_71660,2022-09-14 15:40:00,25,10,8,0,2,1,19,5,2,4,14,2,0,3.566525,7.569112,9.632708,0.32,0.0,0.4,0.452697,0.717955,0
user_71661,2022-10-17 17:56:00,20,11,10,1,1,4,16,2,15,13,7,0,0,3.55103,5.362916,4.276156,0.5,0.1,0.55,0.337465,0.463633,0
user_71662,2022-09-14 21:25:00,23,10,10,0,2,2,7,0,17,8,20,2,0,6.91533,5.85207,5.960134,0.43,0.0,0.43,0.702482,0.967224,1
user_71663,2022-10-30 05:22:00,15,14,10,1,2,2,17,3,0,3,11,6,1,5.518323,6.115284,12.440188,0.67,0.1,0.93,0.329403,0.468041,0
user_71664,2022-10-25 08:32:00,20,9,9,0,1,1,10,1,15,4,18,1,0,6.206678,5.272305,5.990027,0.45,0.0,0.45,0.83775,0.579897,0
user_71665,2022-09-10 12:46:00,23,10,5,1,3,1,19,6,13,0,5,5,1,8.517804,6.165462,4.270412,0.22,0.2,0.43,0.329245,0.91158,0
user_71666,2022-10-19 17:11:00,22,12,11,0,1,1,16,14,17,16,13,2,0,0.767736,6.099507,6.092068,0.5,0.0,0.55,0.970686,0.691018,0
user_71667,2022-09-24 14:28:00,21,13,16,1,4,5,11,19,13,0,17,5,1,3.32403,7.331766,8.768663,0.76,0.06,0.62,0.587851,0.744438,0
user_71668,2022-10-02 16:24:00,23,9,3,0,3,1,3,2,8,13,9,6,1,4.434321,1.178143,7.85009,0.13,0.0,0.39,0.551124,0.872613,0
user_71669,2022-10-24 09:45:00,13,9,5,0,1,2,13,9,14,5,8,0,0,3.296141,5.371951,9.926812,0.38,0.0,0.69,0.347817,0.890031,0
user_71670,2022-09-21 21:23:00,15,7,8,0,1,0,4,0,19,12,9,2,0,3.481944,8.710825,10.826704,0.53,0.0,0.47,0.697063,0.810232,0
user_71671,2022-10-04 11:40:00,15,9,8,2,1,1,9,17,18,10,11,1,0,6.026423,4.649033,6.229455,0.53,0.25,0.6,0.671039,0.850311,0
user_71672,2022-10-25 13:35:00,21,11,4,0,2,0,15,20,17,16,5,1,0,0.718508,0.368679,11.128448,0.19,0.0,0.52,0.915711,0.935374,0
user_71673,2022-09-16 00:32:00,15,12,10,0,1,2,1,17,7,2,12,4,0,5.84243,2.903319,7.182935,0.67,0.0,0.8,0.404309,0.388648,0
user_71674,2022-10-29 16:26:00,16,13,6,1,2,1,17,7,11,17,5,5,1,2.42003,0.212422,9.636916,0.38,0.17,0.81,0.896926,0.930606,0
user_71675,2022-10-11 16:54:00,20,9,6,1,4,2,5,15,3,11,1,1,0,2.076864,7.268718,8.451658,0.3,0.17,0.45,0.754624,0.827114,0
user_71676,2022-10-04 01:10:00,19,6,8,2,1,3,4,17,5,3,2,1,0,1.928606,4.441205,8.313307,0.42,0.25,0.32,0.432256,0.859321,0
user_71677,2022-09-22 04:44:00,28,10,9,1,1,2,5,15,14,12,18,3,0,4.281461,2.12388,8.94352,0.32,0.11,0.36,0.892064,0.675683,0
user_71678,2022-09-08 23:22:00,19,13,11,0,4,2,6,17,17,9,3,3,0,7.478389,2.778893,12.531702,0.58,0.0,0.68,0.89933,0.43056,0
user_71679,2022-09-10 23:59:00,24,9,12,0,3,5,19,10,16,19,7,5,1,3.339978,11.500999,8.50668,0.5,0.0,0.38,0.964965,0.365089,0
user_71680,2022-09-24 20:57:00,18,15,7,0,3,1,5,16,12,2,0,5,1,2.841464,0.762769,8.888295,0.39,0.0,0.83,0.759022,0.686046,0
user_71681,2022-09-09 11:35:00,17,9,5,2,1,0,12,10,9,9,18,4,0,4.360195,5.475841,3.857037,0.29,0.4,0.53,0.931922,0.911734,0
user_71682,2022-10-11 07:42:00,23,4,8,1,3,2,4,13,0,20,2,1,0,0.392626,5.196289,9.249754,0.35,0.12,0.17,0.392901,0.376215,0
user_71683,2022-09-01 08:32:00,17,13,7,0,3,2,14,4,14,16,12,3,0,8.199627,6.241609,10.680694,0.41,0.0,0.76,0.873148,0.684089,0
user_71684,2022-09-28 04:26:00,22,16,11,1,2,0,20,10,16,9,5,2,0,8.944193,0.06969,8.701725,0.5,0.09,0.73,0.472652,0.846632,0
user_71685,2022-09-25 21:13:00,8,10,14,1,1,4,14,11,3,20,14,6,1,3.237067,10.144969,6.612564,1.75,0.07,1.25,0.736358,0.531349,0
user_71686,2022-09-02 13:31:00,20,6,6,0,0,0,7,20,2,8,16,4,0,0.400781,4.070048,10.964235,0.3,0.0,0.3,0.877253,0.386895,0
user_71687,2022-09-10 13:13:00,25,15,14,0,3,2,7,7,3,7,6,5,1,4.234063,11.120973,10.383648,0.56,0.0,0.6,0.851541,0.447562,0
user_71688,2022-09-25 22:55:00,28,18,12,0,5,4,2,10,0,12,12,6,1,6.379901,8.420165,8.152602,0.43,0.0,0.64,0.463611,0.913647,0
user_71689,2022-09-09 09:41:00,20,14,6,1,2,2,10,8,6,19,12,4,0,2.418266,5.067775,7.1388,0.3,0.17,0.7,0.416952,0.422585,0
user_71690,2022-09-11 09:54:00,25,13,8,0,2,1,11,18,15,3,5,6,1,4.48175,5.279835,6.081664,0.32,0.0,0.52,0.460307,0.526729,0
user_71691,2022-10-12 19:36:00,23,8,8,1,3,0,11,5,19,12,16,2,0,10.068604,4.082686,8.449502,0.35,0.12,0.35,0.643696,0.806206,0
user_71692,2022-10-16 11:47:00,9,15,5,0,0,0,9,15,20,14,0,6,1,11.157072,4.106962,2.756087,0.56,0.0,1.67,0.439525,0.325581,0
user_71693,2022-10-30 13:31:00,18,8,7,0,3,0,6,2,3,15,1,6,1,5.928998,6.810557,7.672904,0.39,0.0,0.44,0.801689,0.342685,0
user_71694,2022-10-16 10:31:00,15,20,8,1,0,1,13,10,9,11,5,6,1,2.500123,8.498752,8.724689,0.53,0.12,1.33,0.560638,0.586257,0
user_71695,2022-10-06 19:21:00,20,17,11,0,4,1,9,1,15,7,5,3,0,4.673986,2.546571,8.286004,0.55,0.0,0.85,0.542435,0.716657,0
user_71696,2022-10-11 08:39:00,22,15,12,0,5,2,15,17,4,0,8,1,0,8.601253,3.784513,7.367149,0.55,0.0,0.68,0.950508,0.736278,0
user_71697,2022-09-20 01:15:00,16,11,10,0,2,3,4,7,17,8,15,1,0,10.68755,3.458391,4.091114,0.62,0.0,0.69,0.812116,0.612668,0
user_71698,2022-10-17 09:33:00,17,6,7,2,2,2,14,7,7,18,8,0,0,6.375518,6.529772,7.548163,0.41,0.29,0.35,0.913488,0.926136,0
user_71699,2022-10-23 08:10:00,28,12,9,1,1,0,13,16,9,5,16,6,1,9.113216,3.389539,12.162651,0.32,0.11,0.43,0.500925,0.317585,0
user_71700,2022-09-01 17:59:00,21,6,4,1,2,1,14,5,1,14,1,3,0,3.275683,10.780461,7.604932,0.19,0.25,0.29,0.361257,0.686599,0
user_71701,2022-09-12 08:06:00,26,17,9,0,2,1,3,18,20,10,15,0,0,1.511245,8.64422,5.310149,0.35,0.0,0.65,0.772808,0.459059,0
user_71702,2022-09-01 05:38:00,20,10,4,0,4,1,12,20,17,9,12,3,0,9.44962,5.093094,6.475427,0.2,0.0,0.5,0.772105,0.77175,0
user_71703,2022-10-15 18:31:00,18,13,7,1,2,0,18,11,7,11,14,5,1,5.503042,7.448914,7.900467,0.39,0.14,0.72,0.312287,0.828825,0
user_71704,2022-09-04 16:22:00,21,10,7,2,3,2,9,10,19,12,8,6,1,4.429146,5.193336,9.706861,0.33,0.29,0.48,0.322673,0.777157,0
user_71705,2022-10-20 15:46:00,20,11,11,3,0,1,5,6,12,4,11,3,0,4.179502,0.872035,1.296684,0.55,0.27,0.55,0.562895,0.436549,0
user_71706,2022-10-06 05:08:00,29,8,10,0,1,1,6,20,7,15,2,3,0,3.644499,8.903291,8.662322,0.34,0.0,0.28,0.46612,0.827153,0
user_71707,2022-09-18 14:02:00,19,8,11,0,1,3,6,10,15,10,7,6,1,4.030352,6.327349,5.226563,0.58,0.0,0.42,0.418325,0.978899,0
user_71708,2022-10-15 19:31:00,19,11,6,1,1,0,6,2,6,4,16,5,1,4.604569,0.095094,8.327185,0.32,0.17,0.58,0.636241,0.934324,0
user_71709,2022-10-11 05:39:00,22,11,9,0,2,2,6,9,4,17,17,1,0,5.857144,6.978917,6.503692,0.41,0.0,0.5,0.510118,0.553939,0
user_71710,2022-09-21 21:38:00,24,6,11,0,0,1,5,8,18,20,19,2,0,8.098632,5.966528,6.468757,0.46,0.0,0.25,0.464916,0.889698,1
user_71711,2022-10-16 00:03:00,14,9,4,0,1,0,20,3,5,4,13,6,1,5.882934,4.583065,5.765138,0.29,0.0,0.64,0.678287,0.743487,0
user_71712,2022-09-21 18:56:00,17,9,9,0,0,0,19,11,3,16,19,2,0,7.555858,1.261549,8.82661,0.53,0.0,0.53,0.510125,0.363534,1
user_71713,2022-10-18 11:58:00,14,8,6,0,0,0,14,2,3,7,5,1,0,5.294488,0.72197,11.563618,0.43,0.0,0.57,0.338512,0.308276,0
user_71714,2022-10-24 03:40:00,12,13,4,1,1,0,15,15,7,4,13,0,0,4.651512,9.390003,9.134774,0.33,0.25,1.08,0.484219,0.693067,0
user_71715,2022-09-11 13:51:00,25,7,6,1,0,2,16,9,19,2,7,6,1,4.224487,0.818718,8.887145,0.24,0.17,0.28,0.944478,0.816774,0
user_71716,2022-09-02 15:09:00,22,6,5,1,1,0,2,8,13,4,9,4,0,1.570163,6.430383,8.290983,0.23,0.2,0.27,0.975805,0.322546,0
user_71717,2022-10-22 06:28:00,30,9,10,1,5,1,13,18,20,18,4,5,1,7.276643,8.202527,8.870834,0.33,0.1,0.3,0.670695,0.875879,0
user_71718,2022-10-16 19:22:00,25,13,5,1,4,0,5,5,9,12,20,6,1,7.74131,3.526056,6.239059,0.2,0.2,0.52,0.770195,0.763402,1
user_71719,2022-09-13 08:52:00,19,8,10,1,4,4,1,14,5,17,6,1,0,5.584605,7.643262,7.650672,0.53,0.1,0.42,0.741088,0.929311,0
user_71720,2022-10-08 05:42:00,18,13,4,0,2,2,8,9,7,8,3,5,1,6.628801,6.016416,12.23631,0.22,0.0,0.72,0.593279,0.494765,0
user_71721,2022-09-09 13:00:00,23,12,8,0,2,2,1,2,9,0,0,4,0,7.737989,2.759215,5.520681,0.35,0.0,0.52,0.5597,0.853507,0
user_71722,2022-10-16 20:58:00,14,11,7,0,2,2,14,9,1,20,5,6,1,2.766272,8.428825,5.737576,0.5,0.0,0.79,0.921634,0.396307,0
user_71723,2022-10-26 18:03:00,13,7,10,0,1,3,11,8,18,17,12,2,0,3.100982,7.134803,11.316077,0.77,0.0,0.54,0.471727,0.645772,0
user_71724,2022-10-18 06:52:00,16,7,7,0,3,2,0,20,18,2,20,1,0,3.6413,11.228683,0.079486,0.44,0.0,0.44,0.337778,0.833189,1
user_71725,2022-09-13 00:27:00,14,7,8,0,1,4,14,20,7,10,6,1,0,6.465314,2.941531,1.229617,0.57,0.0,0.5,0.874762,0.736397,0
user_71726,2022-09-30 23:30:00,29,5,3,2,4,0,6,2,9,7,8,4,0,4.00141,5.576835,14.392214,0.1,0.67,0.17,0.905457,0.629067,0
user_71727,2022-09-26 07:41:00,22,12,12,0,1,4,6,9,12,2,9,0,0,3.868331,5.849863,5.967107,0.55,0.0,0.55,0.987797,0.884961,0
user_71728,2022-09-01 10:42:00,24,5,12,0,6,4,11,4,1,6,10,3,0,2.897588,5.0679,1.978754,0.5,0.0,0.21,0.526069,0.833684,0
user_71729,2022-09-20 00:56:00,18,11,12,1,3,1,10,7,1,4,3,1,0,6.253852,2.156649,5.292248,0.67,0.08,0.61,0.863397,0.76085,0
user_71730,2022-10-11 13:53:00,19,5,6,2,1,3,19,11,13,3,7,1,0,5.44213,7.666816,1.269008,0.32,0.33,0.26,0.600985,0.651052,0
user_71731,2022-10-16 19:08:00,20,9,9,0,3,3,18,18,19,15,0,6,1,10.836047,3.002811,7.67784,0.45,0.0,0.45,0.500948,0.869211,0
user_71732,2022-09-03 03:18:00,19,11,10,0,1,3,5,17,12,14,6,5,1,7.245912,8.58731,6.897604,0.53,0.0,0.58,0.47869,0.897926,0
user_71733,2022-09-19 03:44:00,18,15,7,1,2,3,1,19,7,3,13,0,0,9.153922,4.526233,7.165592,0.39,0.14,0.83,0.661342,0.302311,0
user_71734,2022-09-10 07:31:00,25,11,6,0,5,0,13,20,20,19,6,5,1,7.48941,9.525869,8.757027,0.24,0.0,0.44,0.52796,0.803257,0
user_71735,2022-09-21 10:00:00,12,15,8,1,2,3,16,11,8,1,12,2,0,0.303256,8.5524,5.023474,0.67,0.12,1.25,0.530799,0.739593,0
user_71736,2022-09-15 08:07:00,23,10,10,0,2,2,14,18,3,4,3,3,0,5.344502,3.048501,8.077261,0.43,0.0,0.43,0.605175,0.642664,0
user_71737,2022-09-15 17:40:00,18,13,5,0,1,0,17,18,2,5,7,3,0,3.248666,4.447796,3.997365,0.28,0.0,0.72,0.474512,0.581917,0
user_71738,2022-09-07 15:03:00,18,14,15,1,3,1,8,15,15,1,2,2,0,1.64663,5.994136,7.197988,0.83,0.07,0.78,0.849452,0.361392,0
user_71739,2022-09-16 07:22:00,18,10,4,1,2,2,19,7,13,1,14,4,0,7.124371,10.833597,10.504478,0.22,0.25,0.56,0.384754,0.346444,0
user_71740,2022-10-05 02:48:00,16,9,7,2,5,0,5,14,20,0,2,2,0,4.315558,7.291568,12.167196,0.44,0.29,0.56,0.826211,0.65021,0
user_71741,2022-10-18 15:24:00,20,2,14,0,5,3,6,9,16,9,20,1,0,5.516614,4.364988,5.290784,0.7,0.0,0.1,0.848685,0.888834,1
user_71742,2022-09-02 21:43:00,19,13,7,0,3,2,5,5,12,13,9,4,0,10.49007,5.806772,4.54159,0.37,0.0,0.68,0.537428,0.752867,0
user_71743,2022-10-25 07:48:00,14,7,6,0,1,2,1,11,17,10,10,1,0,3.955298,4.552056,13.069261,0.43,0.0,0.5,0.446748,0.617986,0
user_71744,2022-10-11 13:27:00,15,11,7,0,3,0,7,1,9,3,0,1,0,2.886873,3.498318,3.600026,0.47,0.0,0.73,0.846269,0.383032,0
user_71745,2022-10-15 17:41:00,28,7,8,0,5,4,19,20,16,12,20,5,1,5.661184,8.553963,8.136739,0.29,0.0,0.25,0.745361,0.901238,1
user_71746,2022-10-28 14:48:00,31,9,10,0,2,2,0,9,3,3,7,4,0,5.668829,5.052306,4.405826,0.32,0.0,0.29,0.462294,0.797043,0
user_71747,2022-10-29 09:08:00,16,7,8,0,3,0,11,10,12,18,19,5,1,5.253305,1.316719,9.962857,0.5,0.0,0.44,0.662992,0.530537,1
user_71748,2022-09-04 14:59:00,19,12,8,0,1,3,14,4,10,3,15,6,1,3.736422,3.430899,5.261524,0.42,0.0,0.63,0.596335,0.352716,0
user_71749,2022-09-13 23:35:00,19,9,10,1,3,3,14,4,7,16,9,1,0,1.220427,9.038271,7.432136,0.53,0.1,0.47,0.50112,0.714571,0
user_71750,2022-09-20 05:02:00,20,14,8,0,2,1,1,2,7,18,7,1,0,2.85709,3.089329,7.660328,0.4,0.0,0.7,0.7709,0.709027,0
user_71751,2022-09-08 05:13:00,18,4,8,1,1,3,15,9,18,17,18,3,0,7.796219,3.494101,6.253531,0.44,0.12,0.22,0.733028,0.737592,0
user_71752,2022-10-01 17:12:00,16,13,10,1,0,3,15,4,10,0,8,5,1,5.255214,5.832934,11.117456,0.62,0.1,0.81,0.706778,0.891076,0
user_71753,2022-09-18 05:37:00,21,9,6,0,2,0,12,2,6,9,4,6,1,0.498508,8.255059,7.400491,0.29,0.0,0.43,0.568161,0.95983,0
user_71754,2022-09-10 05:04:00,18,9,5,1,2,1,13,13,18,13,19,5,1,6.403307,2.184762,4.97069,0.28,0.2,0.5,0.690531,0.335848,1
user_71755,2022-10-26 19:54:00,24,8,11,1,6,4,16,20,11,3,11,2,0,6.136271,6.589694,3.759065,0.46,0.09,0.33,0.623491,0.484876,0
user_71756,2022-10-12 00:01:00,13,11,5,2,0,3,9,12,15,11,7,2,0,7.54929,3.995127,5.334571,0.38,0.4,0.85,0.870241,0.909559,0
user_71757,2022-09-13 18:36:00,22,5,8,1,5,1,0,10,8,14,8,1,0,5.120141,4.817578,11.598746,0.36,0.12,0.23,0.737049,0.652816,0
user_71758,2022-09-30 21:11:00,12,15,10,2,1,1,5,12,1,7,2,4,0,2.313571,1.282805,8.374557,0.83,0.2,1.25,0.499785,0.459744,0
user_71759,2022-09-03 17:55:00,14,7,6,1,3,2,13,2,17,12,1,5,1,5.589891,5.530491,11.106943,0.43,0.17,0.5,0.309728,0.680154,0
user_71760,2022-10-05 22:13:00,24,11,12,0,3,2,15,2,15,3,11,2,0,12.693187,8.791358,11.196655,0.5,0.0,0.46,0.644764,0.908597,0
user_71761,2022-09-15 21:43:00,29,13,4,0,0,0,7,16,11,11,3,3,0,5.639013,7.629177,0.363223,0.14,0.0,0.45,0.982579,0.435961,0
user_71762,2022-09-18 04:28:00,25,12,6,0,1,0,2,17,12,5,0,6,1,6.487684,7.845653,6.959677,0.24,0.0,0.48,0.438238,0.501755,0
user_71763,2022-09-12 21:58:00,20,12,7,1,4,1,4,1,6,14,4,0,0,1.309497,1.049362,6.935197,0.35,0.14,0.6,0.877398,0.982129,0
user_71764,2022-10-03 13:55:00,18,5,10,0,2,2,11,0,11,4,3,0,0,4.037448,7.329318,5.128303,0.56,0.0,0.28,0.530655,0.599099,0
user_71765,2022-09-15 02:52:00,24,7,4,1,4,0,8,8,16,12,6,3,0,5.11277,3.873739,9.064877,0.17,0.25,0.29,0.71195,0.324577,0
user_71766,2022-09-08 05:20:00,13,5,12,1,3,2,11,5,4,17,15,3,0,5.076514,6.478029,7.64814,0.92,0.08,0.38,0.885229,0.537386,0
user_71767,2022-10-08 10:30:00,22,7,10,1,2,6,12,17,15,17,6,5,1,6.843514,0.388438,4.578381,0.45,0.1,0.32,0.858687,0.370174,0
user_71768,2022-09-14 20:05:00,29,13,7,0,3,0,3,0,7,8,2,2,0,6.079233,8.21302,11.188235,0.24,0.0,0.45,0.80334,0.370267,0
user_71769,2022-10-03 08:38:00,20,11,5,1,2,1,20,6,0,7,18,0,0,6.194321,11.785317,6.68797,0.25,0.2,0.55,0.725976,0.60291,0
user_71770,2022-10-16 01:36:00,20,6,8,0,1,3,2,8,3,11,20,6,1,7.961042,3.36419,6.897849,0.4,0.0,0.3,0.823675,0.698912,1
user_71771,2022-09-25 06:07:00,9,10,13,1,0,4,5,3,15,7,3,6,1,5.143836,5.988053,8.793464,1.44,0.08,1.11,0.381267,0.421822,0
user_71772,2022-09-14 00:59:00,11,15,3,2,1,1,15,0,10,10,10,2,0,7.978238,3.944534,8.022866,0.27,0.67,1.36,0.410307,0.426313,0
user_71773,2022-10-23 20:56:00,23,10,7,0,2,0,15,15,18,7,19,6,1,0.996065,4.527029,3.901297,0.3,0.0,0.43,0.389119,0.839697,1
user_71774,2022-09-21 18:31:00,20,11,10,1,2,2,17,9,17,20,9,2,0,7.870683,2.675955,5.324519,0.5,0.1,0.55,0.357425,0.987107,0
user_71775,2022-10-30 11:53:00,16,7,7,0,1,1,0,19,6,9,0,6,1,5.168056,6.180766,8.302217,0.44,0.0,0.44,0.550989,0.400228,0
user_71776,2022-10-21 20:46:00,24,9,8,0,1,3,18,20,17,15,20,4,0,1.013432,11.220014,4.582996,0.33,0.0,0.38,0.654523,0.711004,1
user_71777,2022-10-25 00:02:00,25,8,4,0,1,0,17,11,16,13,9,1,0,7.088034,7.586257,7.46334,0.16,0.0,0.32,0.623699,0.477601,0
user_71778,2022-10-13 15:04:00,28,7,7,1,4,0,10,7,5,3,15,3,0,3.817293,5.466833,5.024307,0.25,0.14,0.25,0.389377,0.950977,0
user_71779,2022-10-29 19:49:00,28,6,8,0,3,2,18,1,0,13,18,5,1,7.145287,6.175128,1.224022,0.29,0.0,0.21,0.389993,0.928519,0
user_71780,2022-10-05 19:37:00,16,8,13,2,2,0,12,8,12,11,8,2,0,4.322903,0.974939,9.994932,0.81,0.15,0.5,0.786019,0.303939,0
user_71781,2022-09-19 10:02:00,19,9,9,1,3,2,14,8,16,11,8,0,0,2.477776,7.994413,7.015034,0.47,0.11,0.47,0.74052,0.533557,0
user_71782,2022-09-19 07:32:00,20,8,11,1,0,2,0,0,17,20,14,0,0,2.846705,1.328768,11.094807,0.55,0.09,0.4,0.543059,0.568026,0
user_71783,2022-10-27 19:58:00,24,11,7,0,3,1,1,13,10,7,13,3,0,3.827218,6.824343,6.842153,0.29,0.0,0.46,0.608127,0.778889,0
user_71784,2022-10-11 18:44:00,21,6,9,1,1,0,4,1,14,20,19,1,0,6.46376,2.288047,8.300309,0.43,0.11,0.29,0.768955,0.44861,1
user_71785,2022-09-09 04:28:00,17,12,6,2,3,0,12,12,18,9,2,4,0,6.258954,4.149835,10.459236,0.35,0.33,0.71,0.862673,0.337625,0
user_71786,2022-09-09 19:15:00,14,10,3,0,2,1,16,7,7,15,0,4,0,10.30791,6.529417,6.470317,0.21,0.0,0.71,0.98056,0.709642,0
user_71787,2022-10-27 17:35:00,13,7,8,0,1,3,11,19,1,19,12,3,0,3.931444,5.473501,7.814843,0.62,0.0,0.54,0.553879,0.390919,0
user_71788,2022-09-18 02:31:00,18,7,8,2,2,2,14,11,3,11,18,6,1,3.133135,9.058214,5.051306,0.44,0.25,0.39,0.603904,0.333495,0
user_71789,2022-09-04 03:56:00,21,8,10,0,4,2,16,13,7,9,8,6,1,5.539876,7.633623,8.124104,0.48,0.0,0.38,0.474989,0.420575,0
user_71790,2022-10-18 14:20:00,16,8,7,0,2,1,8,19,12,10,0,1,0,6.863384,3.006325,10.012806,0.44,0.0,0.5,0.646559,0.679156,0
user_71791,2022-09-10 12:31:00,17,15,14,0,2,2,8,18,1,6,1,5,1,6.44209,5.637743,5.877989,0.82,0.0,0.88,0.366242,0.527265,0
user_71792,2022-09-06 01:59:00,13,8,7,1,0,1,6,14,9,18,17,1,0,2.303723,7.892492,3.227263,0.54,0.14,0.62,0.481788,0.306479,0
user_71793,2022-10-23 08:47:00,25,13,11,0,1,2,2,4,18,7,12,6,1,6.053449,3.460168,8.353723,0.44,0.0,0.52,0.497402,0.508697,0
user_71794,2022-09-30 03:22:00,23,12,9,0,3,4,2,8,0,2,15,4,0,3.360742,0.446124,8.165138,0.39,0.0,0.52,0.576473,0.804964,0
user_71795,2022-09-27 03:59:00,13,13,12,1,1,1,18,0,20,12,13,1,0,8.199877,1.183939,3.679834,0.92,0.08,1.0,0.902397,0.615414,0
user_71796,2022-09-07 00:29:00,12,12,7,0,4,1,13,20,13,6,19,2,0,0.929552,2.715422,7.537579,0.58,0.0,1.0,0.822563,0.735286,1
user_71797,2022-09-13 13:45:00,14,10,11,1,1,3,18,0,11,8,8,1,0,7.339388,6.890961,7.456636,0.79,0.09,0.71,0.949902,0.509846,0
user_71798,2022-09-25 00:33:00,29,9,9,1,2,1,4,15,4,16,7,6,1,5.009134,5.944477,9.33374,0.31,0.11,0.31,0.477737,0.845137,0
user_71799,2022-09-10 00:16:00,26,13,5,0,4,1,0,17,12,1,14,5,1,0.398664,2.919443,7.205783,0.19,0.0,0.5,0.963983,0.397448,0
user_71800,2022-10-20 02:51:00,13,18,6,1,0,3,6,17,4,14,19,3,0,3.196361,0.058751,11.419831,0.46,0.17,1.38,0.332551,0.914963,1
user_71801,2022-10-04 00:09:00,34,5,7,2,1,2,15,5,1,13,4,1,0,2.230886,2.192577,7.789231,0.21,0.29,0.15,0.906317,0.443387,0
user_71802,2022-10-20 00:18:00,21,7,10,1,1,4,6,14,11,9,9,3,0,8.449082,5.539324,1.14175,0.48,0.1,0.33,0.619583,0.559274,0
user_71803,2022-09-16 10:45:00,22,11,10,0,6,3,6,16,17,9,18,4,0,6.745392,7.115768,4.699117,0.45,0.0,0.5,0.942823,0.564496,0
user_71804,2022-09-08 07:19:00,25,11,7,0,2,1,9,10,19,7,13,3,0,7.416611,5.733314,6.363803,0.28,0.0,0.44,0.4483,0.780445,0
user_71805,2022-09-04 01:08:00,23,10,8,0,1,3,18,9,8,7,16,6,1,2.817043,10.167674,5.853103,0.35,0.0,0.43,0.534259,0.324342,0
user_71806,2022-10-15 22:47:00,18,9,10,0,2,3,1,1,12,6,5,5,1,2.172803,7.034743,11.045759,0.56,0.0,0.5,0.816899,0.7552,0
user_71807,2022-10-05 11:32:00,23,14,7,1,3,1,9,1,14,5,17,2,0,1.39459,4.614137,5.552563,0.3,0.14,0.61,0.650549,0.478958,0
user_71808,2022-09-19 06:57:00,25,6,7,1,2,1,10,1,5,20,6,0,0,2.904666,5.770242,4.421324,0.28,0.14,0.24,0.665775,0.999217,0
user_71809,2022-09-05 14:23:00,22,11,6,0,5,1,15,0,5,4,14,0,0,8.955966,2.645959,9.103368,0.27,0.0,0.5,0.870855,0.354031,0
user_71810,2022-09-26 15:00:00,18,6,5,1,3,1,14,3,17,4,16,0,0,7.705923,4.371469,6.349769,0.28,0.2,0.33,0.35019,0.95723,0
user_71811,2022-09-28 09:29:00,17,5,11,0,3,5,0,7,16,14,3,2,0,5.771939,3.809351,4.2302,0.65,0.0,0.29,0.911549,0.324825,0
user_71812,2022-09-14 12:39:00,12,8,5,0,2,0,6,18,8,5,13,2,0,0.44713,6.135727,9.671714,0.42,0.0,0.67,0.657959,0.615626,0
user_71813,2022-10-04 01:53:00,16,12,8,0,3,1,11,13,9,5,7,1,0,2.946117,4.96037,6.949024,0.5,0.0,0.75,0.571809,0.809772,0
user_71814,2022-10-10 18:53:00,21,8,10,1,1,1,3,12,19,1,0,0,0,5.696688,6.621465,3.398513,0.48,0.1,0.38,0.585036,0.718199,0
user_71815,2022-09-04 08:19:00,23,16,7,1,4,0,17,4,15,17,5,6,1,1.985859,4.968587,10.53593,0.3,0.14,0.7,0.502521,0.600677,0
user_71816,2022-09-19 05:35:00,20,14,7,0,2,3,0,3,4,6,17,0,0,2.271691,6.886103,6.058004,0.35,0.0,0.7,0.621751,0.551904,0
user_71817,2022-10-18 09:21:00,31,8,7,0,6,0,8,11,20,2,1,1,0,3.768919,5.89246,9.596627,0.23,0.0,0.26,0.514712,0.797144,0
user_71818,2022-09-09 11:28:00,14,10,11,1,4,3,1,3,5,13,18,4,0,5.140543,0.912708,4.379801,0.79,0.09,0.71,0.638465,0.654593,0
user_71819,2022-09-01 02:10:00,25,12,8,0,3,2,13,20,12,9,4,3,0,2.393006,3.123529,4.660496,0.32,0.0,0.48,0.942681,0.366695,0
user_71820,2022-09-17 09:01:00,18,5,5,0,1,1,7,18,4,18,8,5,1,0.540093,3.775356,1.095608,0.28,0.0,0.28,0.321888,0.642186,0
user_71821,2022-09-06 09:30:00,15,13,7,1,2,1,10,9,17,3,0,1,0,2.056622,5.184532,4.432129,0.47,0.14,0.87,0.505837,0.974501,0
user_71822,2022-10-30 10:03:00,15,13,4,1,1,2,2,6,10,1,15,6,1,7.469708,3.707142,5.537137,0.27,0.25,0.87,0.978544,0.848416,0
user_71823,2022-10-30 13:08:00,24,14,9,0,2,4,3,14,9,15,12,6,1,3.023836,2.285495,7.154787,0.38,0.0,0.58,0.516278,0.72595,0
user_71824,2022-09-19 11:25:00,18,9,9,1,0,0,17,20,20,19,10,0,0,3.896628,6.006739,10.591701,0.5,0.11,0.5,0.946129,0.403548,0
user_71825,2022-10-29 09:56:00,24,13,8,1,3,1,9,3,9,8,20,5,1,10.011598,2.92365,4.764127,0.33,0.12,0.54,0.390627,0.346438,1
user_71826,2022-09-15 02:29:00,18,10,4,2,1,0,12,11,20,2,9,3,0,3.773813,8.267716,6.933732,0.22,0.5,0.56,0.442583,0.471346,0
user_71827,2022-10-14 15:31:00,23,9,4,1,2,3,12,8,3,15,19,4,0,3.510671,6.383009,6.254963,0.17,0.25,0.39,0.441169,0.507698,1
user_71828,2022-10-30 11:50:00,21,6,6,1,2,3,4,13,14,11,11,6,1,4.154521,2.655342,4.372599,0.29,0.17,0.29,0.665269,0.585674,0
user_71829,2022-10-21 23:22:00,22,8,6,0,2,1,16,16,10,5,9,4,0,3.855969,6.387286,5.41275,0.27,0.0,0.36,0.814522,0.771164,0
user_71830,2022-09-06 13:49:00,13,15,7,0,1,0,16,14,15,6,10,1,0,7.568898,7.698214,9.979006,0.54,0.0,1.15,0.521075,0.304655,0
user_71831,2022-09-26 23:40:00,21,10,6,0,4,2,7,13,2,1,2,0,0,5.739583,6.845263,5.076715,0.29,0.0,0.48,0.331358,0.955948,0
user_71832,2022-10-19 20:57:00,20,18,8,0,2,0,17,14,17,10,5,2,0,2.079164,1.886176,5.593646,0.4,0.0,0.9,0.309825,0.643823,0
user_71833,2022-09-29 02:43:00,19,12,12,2,1,3,3,15,12,19,5,3,0,8.805896,1.577694,7.5833,0.63,0.17,0.63,0.359573,0.658568,0
user_71834,2022-09-16 08:56:00,20,8,7,2,1,3,14,12,17,20,13,4,0,3.229207,5.763582,7.721626,0.35,0.29,0.4,0.765545,0.419102,0
user_71835,2022-09-08 04:26:00,13,7,11,0,2,1,1,17,0,7,2,3,0,3.226238,1.01188,11.691643,0.85,0.0,0.54,0.368013,0.541171,0
user_71836,2022-09-06 10:08:00,22,11,7,0,0,0,11,2,6,16,2,1,0,1.707359,0.795416,8.820417,0.32,0.0,0.5,0.88019,0.993571,0
user_71837,2022-09-06 13:31:00,19,9,5,1,2,2,5,0,7,10,20,1,0,5.116506,8.342355,8.399746,0.26,0.2,0.47,0.391445,0.397855,1
user_71838,2022-09-06 18:15:00,24,8,5,0,3,1,4,6,15,3,12,1,0,2.277744,7.08225,6.286217,0.21,0.0,0.33,0.600268,0.66942,0
user_71839,2022-09-10 18:00:00,18,6,9,0,2,0,10,0,16,20,3,5,1,7.090191,3.320381,7.848205,0.5,0.0,0.33,0.567236,0.8185,0
user_71840,2022-10-28 18:50:00,12,12,8,1,1,4,8,6,15,0,12,4,0,1.56796,3.526699,10.140297,0.67,0.12,1.0,0.914049,0.784762,0
user_71841,2022-09-29 06:49:00,23,9,14,0,4,1,4,13,14,11,19,3,0,11.457971,1.804027,6.565263,0.61,0.0,0.39,0.686559,0.472992,1
user_71842,2022-09-08 18:49:00,20,12,11,0,1,4,10,1,17,13,2,3,0,2.646607,4.328275,6.829557,0.55,0.0,0.6,0.840885,0.82202,0
user_71843,2022-09-22 14:40:00,13,6,9,1,5,1,10,1,14,8,7,3,0,1.837949,9.420659,7.587633,0.69,0.11,0.46,0.566339,0.967236,0
user_71844,2022-10-20 18:25:00,16,10,10,0,0,1,20,1,11,8,3,3,0,5.27123,3.819864,4.383846,0.62,0.0,0.62,0.989241,0.450186,0
user_71845,2022-09-28 08:35:00,18,13,8,0,1,2,4,6,10,1,1,2,0,2.492192,10.215287,2.769755,0.44,0.0,0.72,0.897233,0.696701,0
user_71846,2022-09-24 20:18:00,20,8,6,1,1,1,6,5,2,19,9,5,1,1.107544,7.655225,10.097752,0.3,0.17,0.4,0.960214,0.773814,0
user_71847,2022-09-14 09:41:00,18,9,10,2,0,1,4,15,13,8,9,2,0,5.522897,7.77311,3.303063,0.56,0.2,0.5,0.9572,0.819539,0
user_71848,2022-10-04 07:12:00,24,15,7,1,2,2,17,2,1,14,15,1,0,4.324004,3.547162,5.878341,0.29,0.14,0.62,0.68503,0.831185,0
user_71849,2022-10-22 17:24:00,17,12,5,1,3,0,20,12,14,17,10,5,1,12.902573,4.477675,4.524904,0.29,0.2,0.71,0.76323,0.927758,0
user_71850,2022-10-07 04:01:00,15,14,8,2,0,0,8,7,20,20,19,4,0,0.588103,5.592849,2.360229,0.53,0.25,0.93,0.698279,0.698354,1
user_71851,2022-10-21 13:59:00,18,13,11,0,3,3,2,18,20,6,11,4,0,4.330903,9.820946,11.159274,0.61,0.0,0.72,0.552425,0.657418,0
user_71852,2022-09-20 09:36:00,17,12,8,1,2,1,3,16,16,15,6,1,0,0.806677,3.003191,6.596059,0.47,0.12,0.71,0.469595,0.676507,0
user_71853,2022-09-09 03:25:00,18,17,6,0,3,1,0,1,17,10,2,4,0,8.692297,0.993061,4.695033,0.33,0.0,0.94,0.934359,0.526965,0
user_71854,2022-10-07 23:37:00,16,9,7,0,2,4,20,6,15,16,0,4,0,3.737678,10.707747,13.207197,0.44,0.0,0.56,0.823396,0.329533,0
user_71855,2022-10-23 14:34:00,16,10,9,0,3,3,13,1,15,12,18,6,1,11.134914,6.100811,5.686862,0.56,0.0,0.62,0.348131,0.815127,0
user_71856,2022-10-02 07:40:00,26,12,5,1,1,0,2,15,1,2,3,6,1,6.366063,7.118035,10.153463,0.19,0.2,0.46,0.480225,0.41798,0
user_71857,2022-09-22 01:36:00,26,12,7,1,3,2,20,1,18,14,13,3,0,1.859806,5.998456,2.43065,0.27,0.14,0.46,0.646927,0.835019,0
user_71858,2022-09-10 14:02:00,20,8,13,1,1,3,15,1,3,12,10,5,1,10.271942,6.560835,11.200173,0.65,0.08,0.4,0.929703,0.625652,0
user_71859,2022-09-23 07:18:00,17,14,11,1,1,5,10,3,15,11,12,4,0,3.504761,8.719605,4.760452,0.65,0.09,0.82,0.56912,0.478675,0
user_71860,2022-09-15 10:06:00,24,8,7,1,3,2,0,15,13,18,2,3,0,2.67626,4.324803,6.572927,0.29,0.14,0.33,0.652075,0.613449,0
user_71861,2022-09-15 03:31:00,22,14,10,1,1,4,10,11,19,5,9,3,0,4.6643,5.253556,5.158417,0.45,0.1,0.64,0.557444,0.319181,0
user_71862,2022-10-16 21:00:00,20,11,9,1,2,0,12,11,6,4,17,6,1,4.307573,5.493321,10.283769,0.45,0.11,0.55,0.578006,0.705977,0
user_71863,2022-10-09 02:37:00,17,8,7,0,2,1,10,18,6,0,8,6,1,6.247868,5.880771,9.356901,0.41,0.0,0.47,0.577849,0.688418,0
user_71864,2022-10-10 12:21:00,14,7,5,0,1,1,20,5,0,20,6,0,0,7.269106,4.943915,9.169923,0.36,0.0,0.5,0.736814,0.478702,0
user_71865,2022-10-25 00:23:00,14,11,4,0,1,1,19,4,1,0,6,1,0,3.486186,6.178073,3.402976,0.29,0.0,0.79,0.955968,0.403036,0
user_71866,2022-09-15 19:23:00,22,19,4,0,1,2,14,8,18,4,7,3,0,11.193507,2.094979,8.663348,0.18,0.0,0.86,0.723488,0.475017,0
user_71867,2022-10-15 16:29:00,18,12,12,1,2,2,4,19,11,2,12,5,1,5.095161,3.209974,9.439699,0.67,0.08,0.67,0.775661,0.546653,0
user_71868,2022-09-17 14:08:00,16,9,7,2,1,2,17,19,15,0,12,5,1,4.466314,5.949028,6.68404,0.44,0.29,0.56,0.604831,0.587273,0
user_71869,2022-09-03 10:26:00,24,13,6,2,2,3,1,7,20,14,4,5,1,4.972975,5.551129,5.497745,0.25,0.33,0.54,0.658578,0.741678,0
user_71870,2022-10-13 14:17:00,16,13,11,1,0,1,13,15,2,16,10,3,0,9.529871,8.272619,7.601337,0.69,0.09,0.81,0.53262,0.448587,0
user_71871,2022-09-07 07:51:00,23,8,7,0,4,0,5,0,10,10,17,2,0,6.494464,7.543598,6.007713,0.3,0.0,0.35,0.853892,0.93414,0
user_71872,2022-10-25 04:44:00,19,13,1,0,2,0,12,19,0,19,12,1,0,11.057402,4.318029,6.366392,0.05,0.0,0.68,0.787676,0.391036,0
user_71873,2022-10-06 03:56:00,28,10,8,1,4,3,19,18,6,14,3,3,0,1.048498,9.868901,8.995542,0.29,0.12,0.36,0.578826,0.812872,0
user_71874,2022-10-13 08:03:00,23,15,10,0,3,3,8,18,1,18,6,3,0,0.388051,7.508784,5.433309,0.43,0.0,0.65,0.415869,0.858309,0
user_71875,2022-10-22 02:42:00,23,9,8,0,4,2,5,19,12,2,1,5,1,4.766248,1.975126,8.688186,0.35,0.0,0.39,0.724237,0.333088,0
user_71876,2022-10-01 06:18:00,13,12,12,1,1,0,16,0,20,4,20,5,1,3.001841,5.780128,11.805801,0.92,0.08,0.92,0.319854,0.725324,1
user_71877,2022-10-01 08:22:00,29,10,5,1,0,4,20,0,15,12,17,5,1,3.732702,3.529277,7.050213,0.17,0.2,0.34,0.353877,0.833651,0
user_71878,2022-09-03 20:21:00,25,11,11,0,1,2,1,13,5,15,20,5,1,6.228967,2.939967,10.141242,0.44,0.0,0.44,0.888234,0.966483,1
user_71879,2022-10-30 05:43:00,27,10,8,1,3,2,7,3,17,6,12,6,1,4.46142,5.871679,6.427319,0.3,0.12,0.37,0.547415,0.828059,0
user_71880,2022-10-23 23:44:00,21,10,10,0,2,0,7,2,17,3,5,6,1,1.706651,8.30185,6.818147,0.48,0.0,0.48,0.35014,0.410754,0
user_71881,2022-10-15 15:24:00,22,8,13,0,2,1,12,8,8,18,14,5,1,3.086464,7.76868,6.581194,0.59,0.0,0.36,0.938175,0.383957,0
user_71882,2022-10-05 19:19:00,17,9,8,1,2,3,9,2,20,4,13,2,0,9.082437,1.888851,4.336649,0.47,0.12,0.53,0.992858,0.487053,0
user_71883,2022-09-27 07:31:00,24,4,7,0,1,2,14,8,13,17,0,1,0,10.87049,2.926962,4.651357,0.29,0.0,0.17,0.652856,0.840399,0
user_71884,2022-09-23 14:40:00,17,12,15,0,4,3,19,3,7,17,3,4,0,0.886699,0.799213,6.957889,0.88,0.0,0.71,0.655928,0.391453,0
user_71885,2022-09-22 23:41:00,15,10,9,0,0,3,16,5,19,2,12,3,0,2.003993,7.897079,1.97129,0.6,0.0,0.67,0.958853,0.866727,0
user_71886,2022-09-01 02:35:00,10,8,10,1,0,3,20,19,5,6,18,3,0,7.082823,1.953459,12.158776,1.0,0.1,0.8,0.350556,0.666369,0
user_71887,2022-09-09 19:43:00,26,6,9,2,1,1,6,14,7,2,4,4,0,1.479526,3.766123,2.476738,0.35,0.22,0.23,0.547713,0.929327,0
user_71888,2022-10-12 06:15:00,17,6,6,1,2,1,8,13,18,12,2,2,0,7.035605,8.264275,9.663215,0.35,0.17,0.35,0.596973,0.892832,0
user_71889,2022-10-21 10:01:00,20,12,10,1,3,4,6,6,6,16,2,4,0,3.508917,4.97579,2.85746,0.5,0.1,0.6,0.573931,0.456655,0
user_71890,2022-10-10 07:51:00,20,9,8,0,1,1,0,20,18,12,11,0,0,7.215664,6.112107,7.895595,0.4,0.0,0.45,0.655088,0.428234,0
user_71891,2022-10-05 22:22:00,28,15,6,1,4,2,0,12,11,14,13,2,0,5.949845,9.741973,7.067229,0.21,0.17,0.54,0.613488,0.359682,0
user_71892,2022-10-27 22:18:00,19,15,4,2,2,1,10,19,12,9,9,3,0,5.743953,2.776064,9.048099,0.21,0.5,0.79,0.772071,0.739557,0
user_71893,2022-10-16 16:29:00,21,8,6,0,1,1,6,16,19,19,2,6,1,4.916178,5.491407,9.71762,0.29,0.0,0.38,0.795054,0.407974,0
user_71894,2022-09-11 09:23:00,12,8,9,2,2,1,16,9,0,13,20,6,1,3.97972,3.174932,5.854591,0.75,0.22,0.67,0.74024,0.350495,1
user_71895,2022-09-17 02:49:00,18,15,2,3,1,0,1,18,1,19,20,5,1,9.365753,5.56117,4.365604,0.11,1.5,0.83,0.33503,0.465663,1
user_71896,2022-09-07 03:14:00,20,7,7,1,1,2,12,7,9,6,9,2,0,0.943004,2.76971,4.914839,0.35,0.14,0.35,0.937825,0.319762,0
user_71897,2022-10-13 02:51:00,34,12,6,1,1,1,6,14,4,7,1,3,0,6.040164,5.298234,6.362646,0.18,0.17,0.35,0.689286,0.301993,0
user_71898,2022-09-28 06:39:00,14,13,11,1,1,3,5,13,15,13,12,2,0,5.305793,6.064227,4.607597,0.79,0.09,0.93,0.783357,0.364052,0
user_71899,2022-10-29 21:41:00,19,15,5,0,3,2,20,7,1,16,2,5,1,2.312985,4.039948,1.06423,0.26,0.0,0.79,0.690825,0.51334,0
user_71900,2022-09-02 18:13:00,19,12,7,0,4,3,11,7,5,20,8,4,0,0.999896,7.993102,4.043778,0.37,0.0,0.63,0.340162,0.959349,0
user_71901,2022-10-19 07:34:00,20,10,5,0,1,2,16,10,5,19,2,2,0,4.73865,7.470014,4.374387,0.25,0.0,0.5,0.399541,0.671082,0
user_71902,2022-09-20 12:51:00,18,14,14,0,1,6,13,2,11,6,20,1,0,0.799057,4.034039,4.21092,0.78,0.0,0.78,0.891764,0.885045,1
user_71903,2022-10-06 10:35:00,14,14,12,1,2,4,17,1,9,19,3,3,0,2.811428,4.519029,7.556857,0.86,0.08,1.0,0.635853,0.384524,0
user_71904,2022-10-26 23:06:00,14,6,9,0,0,2,16,3,17,10,17,2,0,2.777113,2.666653,5.191255,0.64,0.0,0.43,0.70526,0.706356,0
user_71905,2022-09-14 07:34:00,22,9,8,0,0,2,3,0,7,3,17,2,0,4.127158,1.055432,10.21519,0.36,0.0,0.41,0.933261,0.954131,0
user_71906,2022-10-14 21:02:00,21,11,6,0,0,2,9,3,18,9,2,4,0,0.049959,7.979957,10.815898,0.29,0.0,0.52,0.91452,0.713456,0
user_71907,2022-10-25 17:18:00,28,5,4,1,3,1,10,14,3,14,11,1,0,4.830101,2.722539,7.203944,0.14,0.25,0.18,0.3864,0.376195,0
user_71908,2022-09-30 08:46:00,16,11,12,0,0,2,2,12,14,7,6,4,0,4.170482,1.203184,7.277629,0.75,0.0,0.69,0.33735,0.585832,0
user_71909,2022-09-01 01:07:00,15,13,4,1,5,1,10,4,8,17,13,3,0,2.560839,1.625567,4.483933,0.27,0.25,0.87,0.683744,0.648979,0
user_71910,2022-09-26 14:48:00,23,8,8,2,2,4,15,20,16,8,12,0,0,5.606089,6.652699,3.028902,0.35,0.25,0.35,0.538536,0.705409,0
user_71911,2022-09-30 03:49:00,21,7,9,0,1,3,3,0,16,4,18,4,0,5.492942,4.589087,5.925142,0.43,0.0,0.33,0.541852,0.942144,0
user_71912,2022-10-13 07:26:00,18,4,10,0,0,1,11,14,3,5,14,3,0,3.533581,4.439181,7.042081,0.56,0.0,0.22,0.492833,0.606278,0
user_71913,2022-10-14 12:26:00,20,9,6,0,3,1,7,9,3,18,10,4,0,5.090976,8.877523,8.506665,0.3,0.0,0.45,0.812734,0.671113,0
user_71914,2022-10-16 07:08:00,19,7,5,0,1,1,8,19,11,5,2,6,1,4.121128,5.246699,8.565909,0.26,0.0,0.37,0.426896,0.465074,0
user_71915,2022-09-28 01:14:00,18,8,2,1,1,0,18,20,10,20,15,2,0,6.814352,5.314541,9.968718,0.11,0.5,0.44,0.520108,0.483707,0
user_71916,2022-09-30 22:48:00,19,9,10,2,2,1,20,13,18,14,2,4,0,9.232617,2.864761,12.226954,0.53,0.2,0.47,0.575406,0.346552,0
user_71917,2022-09-17 22:02:00,19,17,11,1,3,2,2,12,0,11,12,5,1,5.570072,0.109734,2.709823,0.58,0.09,0.89,0.737183,0.421673,0
user_71918,2022-09-29 04:26:00,24,14,9,1,3,2,2,5,0,2,16,3,0,5.695671,9.386684,7.406827,0.38,0.11,0.58,0.957773,0.90834,0
user_71919,2022-10-15 17:50:00,23,8,10,0,1,0,4,1,1,6,10,5,1,4.770967,2.695935,6.135298,0.43,0.0,0.35,0.915291,0.695906,0
user_71920,2022-09-04 03:59:00,19,9,12,0,2,1,18,3,11,12,0,6,1,6.124612,4.632036,8.258526,0.63,0.0,0.47,0.713474,0.630822,0
user_71921,2022-10-10 09:37:00,14,5,12,1,1,1,16,4,1,11,3,0,0,7.715077,3.845494,4.619116,0.86,0.08,0.36,0.383211,0.678158,0
user_71922,2022-10-23 16:51:00,24,15,8,0,2,2,13,11,3,20,3,6,1,7.800937,6.330569,8.258929,0.33,0.0,0.62,0.906779,0.482942,0
user_71923,2022-10-23 19:49:00,17,14,4,2,0,0,15,13,20,19,20,6,1,6.179902,5.285449,0.347595,0.24,0.5,0.82,0.729207,0.330032,1
user_71924,2022-09-16 08:18:00,15,11,5,0,2,0,15,3,13,19,15,4,0,3.498097,3.066187,7.405032,0.33,0.0,0.73,0.705473,0.559027,0
user_71925,2022-09-30 14:54:00,18,8,5,2,3,2,12,1,12,15,0,4,0,5.593347,7.742556,7.62685,0.28,0.4,0.44,0.987204,0.727719,0
user_71926,2022-09-06 23:58:00,15,10,10,0,1,3,3,10,2,14,4,1,0,8.424172,2.331935,9.418272,0.67,0.0,0.67,0.574901,0.53892,0
user_71927,2022-10-17 18:52:00,16,11,16,0,1,2,14,10,16,20,6,0,0,6.054111,7.420075,10.009654,1.0,0.0,0.69,0.658208,0.990068,0
user_71928,2022-10-14 18:19:00,20,12,7,2,2,3,7,13,8,5,11,4,0,5.982571,8.7905,6.131004,0.35,0.29,0.6,0.334386,0.769414,0
user_71929,2022-09-24 20:06:00,17,13,8,0,1,1,2,19,6,4,18,5,1,4.885505,4.065694,7.682239,0.47,0.0,0.76,0.828206,0.358266,0
user_71930,2022-09-19 07:55:00,10,18,9,0,1,2,8,7,7,0,5,0,0,8.079497,0.658757,3.748609,0.9,0.0,1.8,0.306325,0.541133,0
user_71931,2022-09-07 21:15:00,16,6,7,0,3,3,14,3,19,1,1,2,0,4.758643,6.756043,1.205188,0.44,0.0,0.38,0.469394,0.851562,0
user_71932,2022-10-22 00:15:00,20,9,3,0,0,0,0,19,19,18,6,5,1,5.04768,4.94002,7.722065,0.15,0.0,0.45,0.462425,0.407222,0
user_71933,2022-09-16 03:58:00,20,6,7,1,1,3,2,0,0,13,18,4,0,7.511926,3.163504,4.364748,0.35,0.14,0.3,0.823853,0.679082,0
user_71934,2022-09-15 22:49:00,21,9,6,2,3,1,11,17,10,12,1,3,0,10.233308,2.497921,4.649134,0.29,0.33,0.43,0.555969,0.89413,0
user_71935,2022-09-13 04:23:00,19,8,10,1,3,0,11,7,12,1,6,1,0,0.314577,7.108656,4.198736,0.53,0.1,0.42,0.927376,0.763265,0
user_71936,2022-10-03 22:07:00,27,5,16,0,1,3,6,7,19,18,19,0,0,11.496674,6.444408,1.967103,0.59,0.0,0.19,0.827604,0.991483,1
user_71937,2022-10-23 11:19:00,15,16,10,1,2,2,1,17,2,9,3,6,1,11.877396,1.621415,1.780323,0.67,0.1,1.07,0.386243,0.378742,0
user_71938,2022-10-18 13:46:00,19,14,5,2,2,1,10,5,20,14,6,1,0,5.259221,1.996607,1.137258,0.26,0.4,0.74,0.703762,0.595036,0
user_71939,2022-10-19 10:04:00,21,14,6,2,3,0,4,3,5,13,11,2,0,4.10245,4.347848,0.493752,0.29,0.33,0.67,0.967525,0.460445,0
user_71940,2022-10-18 03:22:00,15,7,11,0,4,2,16,18,18,7,7,1,0,6.24079,3.131998,13.328171,0.73,0.0,0.47,0.796124,0.963329,0
user_71941,2022-09-11 15:18:00,15,6,7,1,0,2,4,12,6,8,5,6,1,4.187081,6.070952,8.230188,0.47,0.14,0.4,0.666746,0.467806,0
user_71942,2022-09-18 07:08:00,26,7,5,1,3,1,4,5,11,8,9,6,1,2.940793,0.898632,6.375457,0.19,0.2,0.27,0.415099,0.836379,0
user_71943,2022-10-12 05:28:00,18,7,7,2,1,1,0,11,20,6,15,2,0,5.331401,8.489847,7.36839,0.39,0.29,0.39,0.42631,0.718209,0
user_71944,2022-10-04 23:47:00,21,13,5,0,2,2,10,7,0,16,18,1,0,5.243767,9.495437,3.558112,0.24,0.0,0.62,0.946028,0.308369,0
user_71945,2022-09-05 08:52:00,20,10,9,0,2,2,3,2,4,15,15,0,0,5.504916,3.196902,8.53811,0.45,0.0,0.5,0.93605,0.681449,0
user_71946,2022-09-15 10:55:00,18,13,10,0,3,3,6,13,8,11,2,3,0,3.18389,3.064389,9.116874,0.56,0.0,0.72,0.541646,0.83514,0
user_71947,2022-09-04 07:09:00,15,14,7,1,0,0,0,17,20,17,0,6,1,3.375541,6.402255,9.871815,0.47,0.14,0.93,0.657279,0.941246,0
user_71948,2022-10-22 01:43:00,17,9,6,0,4,3,0,1,12,10,4,5,1,3.072022,10.050314,9.207794,0.35,0.0,0.53,0.563148,0.523913,0
user_71949,2022-10-23 23:02:00,20,7,10,1,1,1,3,19,3,20,1,6,1,4.2438,6.792026,1.639775,0.5,0.1,0.35,0.847986,0.653838,0
user_71950,2022-09-28 23:47:00,19,8,12,1,1,3,18,9,16,19,12,2,0,3.423251,1.911598,5.104716,0.63,0.08,0.42,0.712851,0.951465,0
user_71951,2022-09-08 15:19:00,18,16,3,0,1,0,20,17,18,14,11,3,0,10.481,9.501387,8.593388,0.17,0.0,0.89,0.897075,0.960581,0
user_71952,2022-09-23 03:20:00,23,10,3,0,5,1,17,17,13,9,0,4,0,11.37172,8.817343,0.390477,0.13,0.0,0.43,0.714086,0.831061,0
user_71953,2022-09-03 00:49:00,19,9,6,1,1,2,7,15,17,20,7,5,1,8.05301,5.08118,2.215559,0.32,0.17,0.47,0.795314,0.929902,0
user_71954,2022-09-05 16:26:00,19,17,8,0,1,1,14,19,16,6,4,0,0,2.479148,7.594083,9.732802,0.42,0.0,0.89,0.564409,0.498758,0
user_71955,2022-10-21 18:50:00,19,8,8,0,0,1,0,4,13,7,16,4,0,0.921764,4.392158,5.352384,0.42,0.0,0.42,0.970739,0.699195,0
user_71956,2022-10-05 08:52:00,17,13,9,0,0,3,8,14,8,1,0,2,0,5.046654,2.583723,7.474767,0.53,0.0,0.76,0.846659,0.483877,0
user_71957,2022-09-08 20:01:00,16,15,6,2,3,1,13,4,19,0,9,3,0,7.754526,7.576483,8.238673,0.38,0.33,0.94,0.659635,0.692676,0
user_71958,2022-09-16 15:49:00,24,15,7,0,3,2,0,1,15,2,18,4,0,6.193866,0.199306,5.549178,0.29,0.0,0.62,0.672384,0.884368,0
user_71959,2022-09-23 10:02:00,13,14,7,1,1,0,6,12,11,6,17,4,0,4.347448,2.25413,14.35833,0.54,0.14,1.08,0.405412,0.534364,0
user_71960,2022-09-30 13:05:00,28,12,8,0,4,1,3,8,12,2,7,4,0,3.455825,5.787763,5.708117,0.29,0.0,0.43,0.320392,0.305622,0
user_71961,2022-10-19 16:56:00,20,9,7,0,1,0,12,1,18,12,0,2,0,3.271065,1.35801,7.956242,0.35,0.0,0.45,0.632814,0.759904,0
user_71962,2022-09-13 08:16:00,25,7,6,1,2,2,8,8,8,16,13,1,0,0.224711,6.607451,1.674876,0.24,0.17,0.28,0.597959,0.634369,0
user_71963,2022-10-25 01:32:00,24,10,5,1,2,0,18,1,7,18,18,1,0,5.487267,7.081713,7.382597,0.21,0.2,0.42,0.323292,0.714014,0
user_71964,2022-09-18 04:44:00,22,6,2,1,3,0,4,0,1,13,16,6,1,7.460572,7.426731,5.906902,0.09,0.5,0.27,0.636359,0.740074,0
user_71965,2022-09-13 08:02:00,19,10,11,1,1,4,12,8,15,0,12,1,0,7.706734,1.476227,10.097005,0.58,0.09,0.53,0.567619,0.730488,0
user_71966,2022-10-08 20:09:00,14,14,7,0,1,2,9,7,10,8,9,5,1,7.182633,2.789516,5.4013,0.5,0.0,1.0,0.46513,0.920209,0
user_71967,2022-09-28 06:49:00,26,8,5,1,1,2,1,17,5,3,14,2,0,4.186906,4.165934,3.508001,0.19,0.2,0.31,0.423983,0.539623,0
user_71968,2022-09-04 07:15:00,20,13,9,1,1,1,15,19,16,19,9,6,1,8.618906,7.797848,2.295715,0.45,0.11,0.65,0.915617,0.379958,0
user_71969,2022-10-23 13:32:00,27,13,7,1,3,2,10,17,18,0,13,6,1,5.442714,5.775586,2.703377,0.26,0.14,0.48,0.901612,0.484336,0
user_71970,2022-10-08 06:13:00,19,9,9,1,4,3,8,3,1,19,4,5,1,4.220086,5.334147,8.525775,0.47,0.11,0.47,0.835481,0.657551,0
user_71971,2022-10-02 15:47:00,15,7,7,1,0,2,4,20,15,19,15,6,1,0.271272,9.217806,4.832346,0.47,0.14,0.47,0.862081,0.931088,0
user_71972,2022-09-06 10:13:00,24,12,12,0,3,3,19,8,10,17,3,1,0,8.343935,4.704024,12.414906,0.5,0.0,0.5,0.977321,0.318484,0
user_71973,2022-10-14 16:30:00,15,13,9,0,3,1,8,0,14,12,12,4,0,3.373909,4.186516,4.729959,0.6,0.0,0.87,0.6459,0.526372,0
user_71974,2022-09-03 16:47:00,13,9,8,0,0,1,9,5,15,13,6,5,1,5.304402,8.810645,10.848462,0.62,0.0,0.69,0.609771,0.30542,0
user_71975,2022-09-27 17:50:00,24,10,10,1,5,2,11,11,20,6,9,1,0,1.056468,5.760301,5.366212,0.42,0.1,0.42,0.389357,0.885063,0
user_71976,2022-09-08 13:55:00,29,8,11,0,1,3,0,3,13,11,12,3,0,4.74957,1.427394,11.99027,0.38,0.0,0.28,0.96908,0.643901,0
user_71977,2022-10-17 01:56:00,18,14,10,0,0,2,20,17,20,11,0,0,0,9.691116,4.379545,6.211951,0.56,0.0,0.78,0.319567,0.391301,0
user_71978,2022-09-21 18:07:00,19,12,7,0,3,1,10,0,8,17,12,2,0,1.410286,4.30654,4.742109,0.37,0.0,0.63,0.799009,0.363201,0
user_71979,2022-10-18 00:01:00,19,16,7,1,1,2,15,2,2,11,2,1,0,2.229712,8.589508,10.512097,0.37,0.14,0.84,0.705289,0.767185,0
user_71980,2022-10-16 18:11:00,13,10,5,1,1,1,14,18,12,0,17,6,1,7.474452,8.502236,0.653479,0.38,0.2,0.77,0.881805,0.542239,0
user_71981,2022-10-12 02:22:00,22,9,8,2,1,3,18,9,18,7,13,2,0,8.575147,2.719329,6.302453,0.36,0.25,0.41,0.721992,0.648675,0
user_71982,2022-10-05 20:01:00,19,13,4,1,1,0,9,17,13,0,5,2,0,9.336805,8.019697,8.684012,0.21,0.25,0.68,0.64489,0.589296,0
user_71983,2022-10-19 06:01:00,27,11,6,0,4,2,1,14,8,7,13,2,0,1.917609,0.767579,7.576822,0.22,0.0,0.41,0.822626,0.426272,0
user_71984,2022-10-14 17:00:00,26,9,6,0,3,2,8,1,3,16,12,4,0,1.870587,1.253505,6.519393,0.23,0.0,0.35,0.898256,0.517256,0
user_71985,2022-10-14 13:44:00,22,17,3,0,6,0,17,4,19,14,0,4,0,4.750195,5.742434,6.532618,0.14,0.0,0.77,0.534602,0.780216,0
user_71986,2022-09-03 01:16:00,21,8,12,0,3,2,6,12,0,12,20,5,1,2.723905,6.077212,14.510796,0.57,0.0,0.38,0.371037,0.481269,1
user_71987,2022-09-13 20:51:00,18,10,6,0,1,1,10,12,14,9,7,1,0,0.303269,3.502173,0.697278,0.33,0.0,0.56,0.817693,0.315972,0
user_71988,2022-09-29 23:20:00,21,10,9,2,2,2,20,20,18,1,8,3,0,0.034703,2.374489,7.708262,0.43,0.22,0.48,0.337223,0.381533,0
user_71989,2022-10-03 21:25:00,14,13,5,1,1,1,4,16,0,12,19,0,0,6.290585,6.304112,6.48567,0.36,0.2,0.93,0.72974,0.339958,1
user_71990,2022-10-09 03:36:00,22,10,7,0,5,2,15,11,7,13,13,6,1,3.885069,4.544191,3.175886,0.32,0.0,0.45,0.653402,0.567068,0
user_71991,2022-10-10 07:25:00,22,10,10,0,1,2,5,12,5,6,19,0,0,10.035871,7.157119,9.864373,0.45,0.0,0.45,0.997952,0.809157,1
user_71992,2022-10-23 11:39:00,18,6,9,0,1,2,10,3,2,2,15,6,1,2.575286,3.409324,6.238611,0.5,0.0,0.33,0.858244,0.636094,0
user_71993,2022-10-26 00:28:00,14,8,2,1,1,0,16,15,2,10,19,2,0,5.467485,2.818596,10.7436,0.14,0.5,0.57,0.927235,0.414916,1
user_71994,2022-09-16 23:56:00,23,12,11,0,0,0,16,14,18,15,8,4,0,10.061364,4.351035,2.156213,0.48,0.0,0.52,0.603081,0.956108,0
user_71995,2022-09-17 00:43:00,24,12,7,1,2,3,8,20,12,16,4,5,1,2.456032,5.106468,1.381066,0.29,0.14,0.5,0.427088,0.669392,0
user_71996,2022-09-05 21:29:00,13,8,7,1,1,0,6,19,14,11,8,0,0,8.566816,0.368629,7.384719,0.54,0.14,0.62,0.304852,0.775128,0
user_71997,2022-10-04 23:45:00,18,8,5,1,2,3,0,7,3,3,18,1,0,0.178754,4.012307,7.211403,0.28,0.2,0.44,0.41938,0.699075,0
user_71998,2022-10-28 00:58:00,22,7,6,0,2,0,2,1,20,18,13,4,0,1.926554,2.690746,9.144135,0.27,0.0,0.32,0.550121,0.989653,0
user_71999,2022-10-10 19:41:00,16,12,7,0,2,2,7,6,2,2,0,0,0,5.57903,2.584447,4.857985,0.44,0.0,0.75,0.554718,0.389178,0
user_72000,2022-10-21 06:18:00,17,4,5,0,1,3,12,3,19,11,9,4,0,0.046865,9.408452,14.529324,0.29,0.0,0.24,0.969003,0.857649,0
user_72001,2022-09-16 17:20:00,20,4,8,1,2,0,0,18,3,14,0,4,0,2.24216,7.672613,8.196131,0.4,0.12,0.2,0.526191,0.48151,0
user_72002,2022-09-27 17:06:00,25,10,9,0,4,1,12,0,11,14,7,1,0,6.738733,9.414731,8.196495,0.36,0.0,0.4,0.906455,0.797314,0
user_72003,2022-09-21 01:48:00,24,5,9,1,3,1,8,9,18,5,8,2,0,4.607368,8.119461,12.4593,0.38,0.11,0.21,0.731379,0.706067,0
user_72004,2022-10-30 02:59:00,21,8,4,2,4,0,3,7,13,9,12,6,1,6.73663,7.511282,4.700389,0.19,0.5,0.38,0.854307,0.981213,0
user_72005,2022-09-26 09:07:00,19,7,7,1,3,0,4,5,16,11,19,0,0,7.509815,8.360577,4.633694,0.37,0.14,0.37,0.45752,0.359522,1
user_72006,2022-10-13 22:21:00,21,12,7,1,0,1,14,10,0,2,5,3,0,6.473596,0.814662,4.069123,0.33,0.14,0.57,0.991146,0.919648,0
user_72007,2022-10-27 22:37:00,16,8,5,1,2,0,5,12,0,15,16,3,0,7.182731,7.945221,11.248301,0.31,0.2,0.5,0.650942,0.339123,0
user_72008,2022-09-03 00:07:00,20,9,6,0,3,1,19,12,13,19,6,5,1,4.806829,5.433772,7.392457,0.3,0.0,0.45,0.880039,0.872411,0
user_72009,2022-10-02 07:40:00,11,6,6,1,3,0,9,1,2,13,15,6,1,9.974531,8.243333,6.867885,0.55,0.17,0.55,0.530211,0.703484,0
user_72010,2022-10-12 02:06:00,19,6,7,0,2,2,8,16,19,15,15,2,0,0.474144,5.755757,6.87609,0.37,0.0,0.32,0.59677,0.372449,0
user_72011,2022-09-14 12:14:00,22,11,12,2,1,3,6,4,6,4,3,2,0,8.093403,8.546762,4.343234,0.55,0.17,0.5,0.734259,0.399377,0
user_72012,2022-10-03 06:55:00,18,7,10,1,3,0,14,10,2,10,13,0,0,5.654583,2.195513,9.217282,0.56,0.1,0.39,0.639616,0.772717,0
user_72013,2022-10-01 08:10:00,16,8,5,2,3,1,0,13,19,11,10,5,1,5.081217,7.418624,11.954446,0.31,0.4,0.5,0.620961,0.346998,0
user_72014,2022-10-09 16:28:00,18,3,8,0,3,2,0,6,8,5,13,6,1,9.067894,4.618885,5.847371,0.44,0.0,0.17,0.445953,0.460893,0
user_72015,2022-09-01 11:53:00,18,5,5,0,2,0,14,10,10,18,5,3,0,4.419756,5.355024,6.927644,0.28,0.0,0.28,0.399964,0.562371,0
user_72016,2022-09-27 21:29:00,22,3,7,1,2,2,12,15,12,14,9,1,0,9.581605,4.157035,6.232255,0.32,0.14,0.14,0.699093,0.357278,0
user_72017,2022-09-11 17:10:00,21,8,9,0,2,3,16,17,1,6,2,6,1,9.426103,4.095993,4.815639,0.43,0.0,0.38,0.748651,0.368474,0
user_72018,2022-09-07 11:30:00,16,6,6,0,2,1,18,13,6,6,12,2,0,5.425647,11.326529,5.96024,0.38,0.0,0.38,0.83076,0.757859,0
user_72019,2022-09-23 14:17:00,29,7,6,0,3,2,10,4,7,5,6,4,0,6.014719,6.037092,6.184254,0.21,0.0,0.24,0.405234,0.920305,0
user_72020,2022-09-08 18:33:00,26,7,5,0,4,1,8,16,19,3,8,3,0,3.545964,9.427714,5.172581,0.19,0.0,0.27,0.863898,0.36978,0
user_72021,2022-10-23 17:28:00,23,9,8,0,2,1,17,11,7,11,6,6,1,5.093703,3.39214,5.045211,0.35,0.0,0.39,0.671682,0.570875,0
user_72022,2022-10-06 21:24:00,12,7,9,0,3,0,17,18,11,1,4,3,0,4.544815,5.938792,5.941256,0.75,0.0,0.58,0.6647,0.340478,0
user_72023,2022-10-18 23:42:00,18,13,7,0,4,2,8,14,17,19,20,1,0,4.927956,2.106348,7.824428,0.39,0.0,0.72,0.723506,0.517686,1
user_72024,2022-09-10 03:29:00,18,11,5,1,3,1,7,17,9,11,8,5,1,7.678129,8.334083,5.899261,0.28,0.2,0.61,0.447893,0.552448,0
user_72025,2022-10-07 11:35:00,16,6,6,0,1,1,8,9,20,17,5,4,0,4.591256,3.531543,2.650944,0.38,0.0,0.38,0.374827,0.805737,0
user_72026,2022-09-16 10:13:00,28,10,12,0,3,1,16,0,5,13,11,4,0,6.491235,8.697902,0.407452,0.43,0.0,0.36,0.409056,0.712348,0
user_72027,2022-10-27 13:18:00,20,14,11,0,1,5,9,20,3,15,7,3,0,0.184052,8.1494,12.694446,0.55,0.0,0.7,0.380387,0.538479,0
user_72028,2022-09-23 00:56:00,16,9,4,1,1,1,12,8,1,3,14,4,0,6.581901,9.413439,5.147465,0.25,0.25,0.56,0.877641,0.975641,0
user_72029,2022-09-08 00:10:00,21,11,9,1,4,2,10,12,20,19,19,3,0,6.623208,3.622693,4.339772,0.43,0.11,0.52,0.688238,0.35107,1
user_72030,2022-09-09 05:40:00,22,14,12,0,2,4,4,9,5,7,2,4,0,10.277891,9.350113,2.458723,0.55,0.0,0.64,0.484107,0.432292,0
user_72031,2022-10-21 21:43:00,18,8,5,1,3,2,13,0,18,0,8,4,0,2.587671,6.0109,10.591716,0.28,0.2,0.44,0.383639,0.830886,0
user_72032,2022-10-07 00:17:00,14,10,13,0,1,3,11,11,20,15,10,4,0,0.514818,12.703434,8.398347,0.93,0.0,0.71,0.961005,0.907459,0
user_72033,2022-10-25 04:56:00,16,4,7,0,1,2,3,13,5,5,14,1,0,0.899772,2.403263,9.857004,0.44,0.0,0.25,0.496517,0.883969,0
user_72034,2022-09-09 02:56:00,21,6,7,0,1,2,5,19,2,9,16,4,0,8.311568,4.959722,11.385294,0.33,0.0,0.29,0.97545,0.414296,0
user_72035,2022-10-29 12:22:00,26,13,7,0,2,1,5,5,19,16,8,5,1,9.123445,1.87229,5.56479,0.27,0.0,0.5,0.962299,0.532668,0
user_72036,2022-09-08 11:49:00,23,19,7,0,1,2,9,2,18,14,13,3,0,3.094363,3.614041,7.02605,0.3,0.0,0.83,0.675168,0.327183,0
user_72037,2022-09-28 18:58:00,18,9,4,2,4,1,11,7,16,5,14,2,0,1.97716,3.669514,3.77746,0.22,0.5,0.5,0.573512,0.454626,0
user_72038,2022-09-07 14:37:00,18,15,9,1,1,1,19,0,10,20,12,2,0,5.770662,9.124057,12.994749,0.5,0.11,0.83,0.317133,0.353883,0
user_72039,2022-10-08 17:50:00,16,9,5,0,1,1,7,17,0,16,4,5,1,9.564197,3.729436,13.03451,0.31,0.0,0.56,0.872852,0.413365,0
user_72040,2022-10-01 14:57:00,17,8,8,0,1,2,20,13,4,16,20,5,1,8.346313,4.431395,9.964517,0.47,0.0,0.47,0.326615,0.885937,1
user_72041,2022-10-26 11:16:00,22,11,9,0,1,1,11,13,16,17,8,2,0,4.633877,0.135994,1.075017,0.41,0.0,0.5,0.524002,0.460564,0
user_72042,2022-10-14 14:41:00,18,11,8,0,2,2,19,3,6,5,11,4,0,7.825655,0.351852,7.763046,0.44,0.0,0.61,0.418793,0.469407,0
user_72043,2022-10-13 09:06:00,22,10,8,0,3,3,1,5,2,16,11,3,0,1.466695,3.591425,6.507467,0.36,0.0,0.45,0.891303,0.678166,0
user_72044,2022-09-03 20:27:00,21,8,9,2,2,2,12,9,1,6,18,5,1,7.831949,4.088498,8.90542,0.43,0.22,0.38,0.992289,0.57454,0
user_72045,2022-10-30 11:07:00,19,8,11,1,0,1,16,10,0,8,14,6,1,10.905678,4.131463,10.366486,0.58,0.09,0.42,0.55899,0.436262,0
user_72046,2022-10-01 16:50:00,17,6,5,1,2,0,5,0,3,9,18,5,1,6.477414,5.389307,8.404324,0.29,0.2,0.35,0.431976,0.480992,0
user_72047,2022-10-27 00:53:00,20,14,3,1,5,0,6,13,2,9,8,3,0,3.478639,1.117381,5.507913,0.15,0.33,0.7,0.517618,0.428206,0
user_72048,2022-09-01 11:51:00,22,7,8,2,5,3,2,1,0,9,6,3,0,9.383723,0.549562,5.049356,0.36,0.25,0.32,0.559226,0.687613,0
user_72049,2022-09-30 03:41:00,20,10,7,1,2,0,15,9,15,13,5,4,0,1.856804,7.108089,8.853258,0.35,0.14,0.5,0.488002,0.334338,0
user_72050,2022-09-14 17:12:00,29,12,10,1,4,2,20,3,14,16,8,2,0,2.268693,8.734884,8.590164,0.34,0.1,0.41,0.480608,0.574538,0
user_72051,2022-10-08 16:02:00,20,6,8,0,2,1,18,4,0,6,0,5,1,3.439535,3.867603,6.450405,0.4,0.0,0.3,0.7148,0.659027,0
user_72052,2022-10-06 18:34:00,20,14,12,0,2,3,19,4,14,20,13,3,0,4.919768,8.371746,6.107447,0.6,0.0,0.7,0.323378,0.80176,0
user_72053,2022-10-18 20:06:00,25,12,7,2,0,0,1,6,1,4,11,1,0,3.172342,4.382958,6.852684,0.28,0.29,0.48,0.906072,0.844514,0
user_72054,2022-10-22 17:14:00,26,9,8,2,3,0,7,6,2,20,12,5,1,3.663699,0.595112,5.60777,0.31,0.25,0.35,0.40075,0.750222,0
user_72055,2022-10-21 07:38:00,24,11,8,1,1,4,3,3,16,14,3,4,0,2.820842,2.560604,4.821411,0.33,0.12,0.46,0.640841,0.892631,0
user_72056,2022-10-19 03:19:00,23,8,7,1,3,2,16,17,6,1,11,2,0,7.083514,7.604751,6.258062,0.3,0.14,0.35,0.853495,0.901105,0
user_72057,2022-10-18 15:45:00,18,10,5,0,2,3,10,13,8,20,1,1,0,5.261868,5.083859,3.070469,0.28,0.0,0.56,0.962657,0.729369,0
user_72058,2022-10-02 02:20:00,27,9,13,1,1,2,12,14,16,13,7,6,1,4.534573,4.710187,7.543046,0.48,0.08,0.33,0.493002,0.745354,0
user_72059,2022-09-29 23:03:00,25,14,5,1,1,0,12,11,2,8,16,3,0,6.062021,7.465681,7.718589,0.2,0.2,0.56,0.359027,0.655383,0
user_72060,2022-09-10 13:22:00,16,8,10,0,1,3,10,2,9,0,14,5,1,4.388256,6.660108,6.791911,0.62,0.0,0.5,0.31858,0.958173,0
user_72061,2022-09-07 19:10:00,23,6,8,1,4,2,9,4,1,7,16,2,0,7.784865,1.463403,3.168769,0.35,0.12,0.26,0.925065,0.510269,0
user_72062,2022-10-03 11:34:00,13,6,7,1,1,1,0,3,17,16,16,0,0,7.631172,1.335732,7.401002,0.54,0.14,0.46,0.703561,0.778646,0
user_72063,2022-10-20 12:50:00,23,8,7,1,2,0,1,13,8,17,6,3,0,6.188572,5.429045,7.731577,0.3,0.14,0.35,0.356924,0.67418,0
user_72064,2022-10-10 13:18:00,22,10,7,1,1,3,16,16,9,2,0,0,0,3.839528,3.567699,8.889279,0.32,0.14,0.45,0.566677,0.443504,0
user_72065,2022-09-06 16:39:00,18,12,5,1,1,1,12,7,3,17,2,1,0,6.883603,9.39866,11.395008,0.28,0.2,0.67,0.384255,0.530212,0
user_72066,2022-10-07 21:58:00,24,15,12,1,2,5,10,15,20,9,9,4,0,7.183514,8.645699,13.295026,0.5,0.08,0.62,0.669863,0.344764,0
user_72067,2022-10-21 07:30:00,26,11,7,0,3,0,6,3,11,13,17,4,0,4.791324,6.194855,7.875126,0.27,0.0,0.42,0.657119,0.830276,0
user_72068,2022-09-24 12:15:00,24,7,5,0,2,2,13,15,10,3,10,5,1,5.136568,4.682044,5.088516,0.21,0.0,0.29,0.763993,0.799355,0
user_72069,2022-10-26 15:52:00,22,8,9,1,5,1,13,6,17,4,10,2,0,7.054694,7.942343,4.533705,0.41,0.11,0.36,0.369735,0.518192,0
user_72070,2022-09-06 22:44:00,13,8,7,1,1,1,20,11,6,6,8,1,0,3.842415,6.241156,10.812649,0.54,0.14,0.62,0.955858,0.894788,0
user_72071,2022-09-01 08:25:00,14,11,6,0,2,3,12,13,10,16,12,3,0,6.87576,2.113509,11.464254,0.43,0.0,0.79,0.496419,0.801217,0
user_72072,2022-09-18 19:21:00,15,12,10,2,2,2,7,2,0,1,14,6,1,10.573118,0.300095,6.170519,0.67,0.2,0.8,0.725227,0.860382,0
user_72073,2022-09-01 03:02:00,17,12,6,0,0,0,5,15,0,7,20,3,0,9.76644,1.946978,12.376748,0.35,0.0,0.71,0.512196,0.365154,1
user_72074,2022-10-27 17:14:00,17,13,15,0,2,6,6,4,13,12,5,3,0,6.534869,10.55082,5.078187,0.88,0.0,0.76,0.319224,0.500284,0
user_72075,2022-09-10 14:38:00,34,11,9,1,5,1,5,15,0,11,12,5,1,5.527253,1.182131,3.094925,0.26,0.11,0.32,0.883569,0.855754,0
user_72076,2022-09-17 22:35:00,24,9,14,0,4,3,20,1,17,10,4,5,1,4.947487,9.459489,12.185267,0.58,0.0,0.38,0.59403,0.539093,0
user_72077,2022-10-12 05:14:00,18,12,5,1,1,2,13,2,5,16,4,2,0,4.950155,1.583602,5.408651,0.28,0.2,0.67,0.487767,0.848026,0
user_72078,2022-09-30 07:33:00,22,7,6,1,3,0,15,6,18,20,12,4,0,7.407326,6.001721,4.08913,0.27,0.17,0.32,0.507272,0.690704,0
user_72079,2022-09-25 14:52:00,24,7,10,0,2,2,12,3,6,16,14,6,1,5.296551,4.852994,2.773726,0.42,0.0,0.29,0.559619,0.82593,0
user_72080,2022-10-25 09:55:00,18,12,14,2,3,2,18,12,19,15,10,1,0,9.794607,0.609646,7.10362,0.78,0.14,0.67,0.48765,0.419673,0
user_72081,2022-09-26 11:51:00,22,12,5,1,3,0,8,12,19,19,20,0,0,2.161618,6.562903,7.901062,0.23,0.2,0.55,0.852843,0.62546,1
user_72082,2022-10-15 09:56:00,21,20,10,1,1,0,6,6,12,7,12,5,1,4.688478,6.172838,4.803057,0.48,0.1,0.95,0.737921,0.967854,0
user_72083,2022-09-06 18:04:00,17,11,13,1,2,3,0,4,8,17,9,1,0,3.408677,4.948997,2.004427,0.76,0.08,0.65,0.631519,0.786478,0
user_72084,2022-09-01 16:01:00,22,11,7,0,2,2,14,20,10,9,16,3,0,8.623257,8.147628,9.40433,0.32,0.0,0.5,0.494649,0.843983,0
user_72085,2022-09-07 14:01:00,14,12,7,1,1,2,1,12,8,10,18,2,0,3.862138,5.058856,10.123988,0.5,0.14,0.86,0.441357,0.590081,0
user_72086,2022-09-04 03:02:00,18,13,8,0,2,2,2,17,5,2,2,6,1,2.024503,10.002097,5.871501,0.44,0.0,0.72,0.563838,0.365453,0
user_72087,2022-09-18 09:56:00,22,10,10,0,0,3,0,11,3,16,8,6,1,5.155925,7.943744,11.582434,0.45,0.0,0.45,0.421975,0.702847,0
user_72088,2022-09-25 23:39:00,24,15,9,0,2,2,13,0,20,3,5,6,1,8.93294,1.436701,6.27056,0.38,0.0,0.62,0.380023,0.796749,0
user_72089,2022-10-19 14:41:00,17,6,13,0,1,0,1,4,20,10,18,2,0,3.722378,6.252744,8.192953,0.76,0.0,0.35,0.83685,0.876768,0
user_72090,2022-09-04 10:35:00,12,5,5,1,1,1,12,20,2,4,8,6,1,3.600468,1.785817,11.365313,0.42,0.2,0.42,0.849307,0.855821,0
user_72091,2022-09-03 21:44:00,18,11,4,0,3,0,9,0,20,9,14,5,1,9.382794,4.327874,7.454078,0.22,0.0,0.61,0.874271,0.401536,0
user_72092,2022-09-04 09:42:00,35,5,8,0,3,1,10,10,1,1,7,6,1,2.727343,3.405523,10.104714,0.23,0.0,0.14,0.612379,0.416699,0
user_72093,2022-10-27 02:10:00,25,10,11,0,7,2,5,8,10,2,18,3,0,6.160351,0.084011,6.710512,0.44,0.0,0.4,0.878376,0.943261,0
user_72094,2022-09-01 03:47:00,18,10,11,1,0,3,5,4,11,20,13,3,0,0.728802,4.915086,10.176223,0.61,0.09,0.56,0.572949,0.490486,0
user_72095,2022-10-22 11:04:00,20,8,11,1,0,1,1,4,13,17,6,5,1,7.556391,0.805075,10.380299,0.55,0.09,0.4,0.616131,0.653734,0
user_72096,2022-10-27 12:14:00,18,7,6,0,1,0,10,14,18,6,3,3,0,6.899209,3.573467,8.858198,0.33,0.0,0.39,0.958198,0.460945,0
user_72097,2022-09-26 08:24:00,17,13,9,1,1,1,15,14,6,17,1,0,0,5.329535,6.038612,8.875463,0.53,0.11,0.76,0.527173,0.400567,0
user_72098,2022-10-06 08:39:00,20,13,7,0,2,0,19,11,4,2,11,3,0,3.033627,7.280552,1.667328,0.35,0.0,0.65,0.964606,0.917271,0
user_72099,2022-10-30 23:02:00,16,7,6,1,1,1,16,6,15,8,12,6,1,4.097144,2.9977,11.631745,0.38,0.17,0.44,0.95568,0.768047,0
user_72100,2022-10-15 22:59:00,23,7,4,1,1,0,2,10,13,3,1,5,1,2.99067,4.345344,5.382762,0.17,0.25,0.3,0.329696,0.832959,0
user_72101,2022-09-05 07:42:00,28,7,3,1,0,0,17,4,0,20,8,0,0,0.550511,5.963994,7.80156,0.11,0.33,0.25,0.865469,0.962742,0
user_72102,2022-09-27 23:08:00,21,19,4,1,1,1,4,20,14,3,18,1,0,6.753221,4.679592,5.116117,0.19,0.25,0.9,0.370051,0.666317,0
user_72103,2022-09-18 12:23:00,21,6,10,2,3,2,8,19,15,9,8,6,1,3.735227,3.332885,2.187569,0.48,0.2,0.29,0.375931,0.955172,0
user_72104,2022-10-22 17:57:00,21,14,10,0,4,1,0,16,15,1,19,5,1,1.993827,0.459901,15.833663,0.48,0.0,0.67,0.935168,0.344448,1
user_72105,2022-09-17 08:19:00,16,9,11,1,0,0,20,19,13,3,4,5,1,6.74448,4.347031,6.407732,0.69,0.09,0.56,0.869232,0.347508,0
user_72106,2022-09-03 03:22:00,10,13,8,1,0,3,16,6,4,14,14,5,1,7.212383,10.618757,7.619508,0.8,0.12,1.3,0.406693,0.327514,0
user_72107,2022-10-20 03:56:00,20,12,9,1,3,1,8,9,8,19,8,3,0,0.513344,4.524392,4.728528,0.45,0.11,0.6,0.587491,0.631753,0
user_72108,2022-09-17 11:29:00,16,10,7,0,1,0,2,20,12,12,12,5,1,9.45782,5.507185,9.672792,0.44,0.0,0.62,0.321529,0.313432,0
user_72109,2022-09-29 06:13:00,10,9,13,1,1,3,3,20,8,14,12,3,0,4.672371,3.064383,15.113657,1.3,0.08,0.9,0.658765,0.769375,0
user_72110,2022-09-14 02:18:00,18,4,10,1,1,2,12,3,6,20,18,2,0,3.311298,11.617538,3.100522,0.56,0.1,0.22,0.540019,0.335301,0
user_72111,2022-10-20 23:44:00,20,10,7,0,1,4,11,10,7,16,15,3,0,5.520909,11.218094,8.378506,0.35,0.0,0.5,0.330114,0.695742,0
user_72112,2022-09-13 05:25:00,22,6,11,1,2,5,4,16,19,14,16,1,0,0.35496,4.871749,1.804663,0.5,0.09,0.27,0.614947,0.743037,0
user_72113,2022-09-21 20:38:00,15,4,4,0,2,1,4,3,15,14,12,2,0,4.007987,0.327617,6.364125,0.27,0.0,0.27,0.61943,0.466148,0
user_72114,2022-09-12 14:31:00,29,7,7,1,3,0,5,18,4,14,13,0,0,5.010994,2.997267,7.30334,0.24,0.14,0.24,0.616483,0.356134,0
user_72115,2022-09-19 07:36:00,12,12,9,1,1,1,20,15,0,6,9,0,0,9.440022,8.803685,6.481047,0.75,0.11,1.0,0.752722,0.670075,0
user_72116,2022-10-15 10:04:00,22,14,2,0,2,1,20,3,11,15,11,5,1,3.022067,3.802252,5.946144,0.09,0.0,0.64,0.954918,0.308849,0
user_72117,2022-09-16 01:35:00,16,11,10,0,1,1,6,3,9,14,8,4,0,2.913994,7.58562,9.98491,0.62,0.0,0.69,0.670558,0.817932,0
user_72118,2022-09-20 02:10:00,18,14,5,1,2,0,5,0,8,7,18,1,0,2.902623,11.543342,6.057965,0.28,0.2,0.78,0.545116,0.923325,0
user_72119,2022-09-19 11:09:00,14,12,5,2,1,1,17,2,10,12,2,0,0,1.810915,6.081589,8.989,0.36,0.4,0.86,0.515858,0.577654,0
user_72120,2022-10-16 05:46:00,21,12,8,2,2,0,19,16,15,1,20,6,1,5.493229,7.3758,5.928555,0.38,0.25,0.57,0.861675,0.461292,1
user_72121,2022-10-10 05:39:00,18,13,8,0,1,2,18,7,12,1,11,0,0,9.194129,0.651514,8.55143,0.44,0.0,0.72,0.88288,0.755323,0
user_72122,2022-09-19 18:28:00,22,13,5,0,2,1,11,19,7,12,16,0,0,2.811699,6.585507,12.320484,0.23,0.0,0.59,0.58819,0.609517,0
user_72123,2022-09-13 05:18:00,22,4,10,2,1,1,14,19,3,0,7,1,0,4.825361,3.681796,11.020842,0.45,0.2,0.18,0.421325,0.670515,0
user_72124,2022-10-14 18:37:00,24,7,10,1,1,0,16,4,1,18,0,4,0,13.289679,3.98938,5.298383,0.42,0.1,0.29,0.639776,0.37865,0
user_72125,2022-09-30 08:07:00,30,10,10,1,5,3,20,0,0,20,9,4,0,4.587461,7.018405,9.308904,0.33,0.1,0.33,0.315785,0.884009,0
user_72126,2022-10-25 05:50:00,26,11,10,1,4,2,17,15,18,1,11,1,0,5.433724,4.234823,5.277741,0.38,0.1,0.42,0.678323,0.807499,0
user_72127,2022-09-09 10:18:00,12,7,8,0,4,0,17,12,7,19,17,4,0,9.150106,4.745738,9.109733,0.67,0.0,0.58,0.698527,0.85273,0
user_72128,2022-09-05 04:29:00,19,10,6,2,3,2,7,7,12,5,10,0,0,6.887737,9.617692,13.674893,0.32,0.33,0.53,0.656467,0.516452,0
user_72129,2022-09-11 01:50:00,21,13,9,0,5,1,19,2,0,0,14,6,1,3.223038,7.53984,9.473755,0.43,0.0,0.62,0.349265,0.957926,0
user_72130,2022-10-15 21:39:00,20,12,6,1,1,1,4,14,3,5,19,5,1,3.959741,8.000575,6.711056,0.3,0.17,0.6,0.642006,0.486201,1
user_72131,2022-09-05 12:53:00,19,15,11,1,2,2,12,19,20,6,11,0,0,1.638606,5.014362,4.990255,0.58,0.09,0.79,0.8845,0.517039,0
user_72132,2022-10-15 03:41:00,25,13,6,0,4,2,18,1,4,14,14,5,1,7.545906,5.736619,9.077581,0.24,0.0,0.52,0.630737,0.89191,0
user_72133,2022-10-27 07:20:00,31,15,8,1,2,3,2,3,0,15,17,3,0,11.278685,9.540765,8.396664,0.26,0.12,0.48,0.510044,0.853248,0
user_72134,2022-10-03 15:23:00,22,7,8,2,1,1,8,7,3,4,1,0,0,0.596214,2.928278,6.762653,0.36,0.25,0.32,0.577679,0.774873,0
user_72135,2022-10-25 19:21:00,23,12,15,0,4,1,8,6,18,2,9,1,0,7.872073,2.332389,3.887508,0.65,0.0,0.52,0.729103,0.538209,0
user_72136,2022-09-27 12:07:00,17,7,8,1,1,0,7,17,18,6,17,1,0,12.310249,7.076291,7.627017,0.47,0.12,0.41,0.48742,0.32537,0
user_72137,2022-09-27 15:48:00,24,13,5,1,2,1,11,6,19,18,1,1,0,7.300852,9.469591,9.946243,0.21,0.2,0.54,0.494674,0.795438,0
user_72138,2022-10-02 23:06:00,20,5,9,0,4,1,1,17,2,18,16,6,1,8.123149,4.998791,4.315672,0.45,0.0,0.25,0.582092,0.368886,0
user_72139,2022-10-21 07:34:00,22,9,13,0,2,3,11,1,5,18,13,4,0,9.365977,6.555567,10.302425,0.59,0.0,0.41,0.683245,0.921178,0
user_72140,2022-09-09 00:43:00,19,10,12,1,2,4,11,1,16,9,1,4,0,5.215512,3.194334,12.787233,0.63,0.08,0.53,0.567158,0.768835,0
user_72141,2022-10-12 12:02:00,20,7,8,0,2,3,15,11,0,19,0,2,0,1.474122,9.411079,3.625395,0.4,0.0,0.35,0.637353,0.341786,0
user_72142,2022-10-25 22:50:00,21,10,4,1,4,2,5,11,5,13,8,1,0,5.660217,6.095733,10.316363,0.19,0.25,0.48,0.599066,0.511244,0
user_72143,2022-10-28 23:07:00,18,5,11,1,0,2,18,13,16,5,6,4,0,7.248856,9.714798,5.403128,0.61,0.09,0.28,0.664026,0.970214,0
user_72144,2022-09-20 23:19:00,14,8,5,1,1,1,14,3,2,1,5,1,0,6.564355,5.182725,7.182979,0.36,0.2,0.57,0.999983,0.479575,0
user_72145,2022-10-19 09:08:00,23,13,7,0,1,1,6,9,10,16,19,2,0,0.040864,3.405017,10.544525,0.3,0.0,0.57,0.328358,0.918679,1
user_72146,2022-09-15 10:34:00,18,10,4,1,2,1,12,3,5,13,6,3,0,2.532827,8.084191,1.97747,0.22,0.25,0.56,0.920693,0.929319,0
user_72147,2022-09-14 07:48:00,24,16,5,1,1,1,9,20,16,13,17,2,0,11.938167,1.751879,7.812315,0.21,0.2,0.67,0.473941,0.684079,0
user_72148,2022-10-15 06:20:00,21,8,10,0,1,0,2,11,11,14,4,5,1,3.473859,5.591255,12.42647,0.48,0.0,0.38,0.940433,0.309429,0
user_72149,2022-09-18 19:54:00,22,14,9,0,1,3,13,1,14,9,15,6,1,4.706372,6.733708,5.047249,0.41,0.0,0.64,0.518457,0.613296,0
user_72150,2022-09-05 00:09:00,21,16,6,0,2,0,18,9,8,20,3,0,0,0.341914,8.798662,9.512475,0.29,0.0,0.76,0.464155,0.87202,0
user_72151,2022-09-05 04:53:00,18,15,10,0,2,1,20,9,7,20,0,0,0,1.911977,7.57023,8.346927,0.56,0.0,0.83,0.657217,0.391308,0
user_72152,2022-09-06 00:33:00,24,12,6,0,3,1,10,19,5,17,19,1,0,4.018876,7.900878,1.09408,0.25,0.0,0.5,0.797557,0.62322,1
user_72153,2022-09-03 21:59:00,25,9,12,0,6,2,11,13,5,0,3,5,1,2.867226,6.044078,4.740146,0.48,0.0,0.36,0.643953,0.440875,0
user_72154,2022-10-01 21:49:00,15,14,8,0,2,1,7,20,6,12,19,5,1,9.111938,7.182739,7.653346,0.53,0.0,0.93,0.620213,0.92547,1
user_72155,2022-10-22 14:58:00,16,9,6,0,4,1,11,16,8,19,5,5,1,1.697017,5.720477,4.707547,0.38,0.0,0.56,0.976563,0.749711,0
user_72156,2022-10-26 07:27:00,26,11,8,0,2,2,9,16,5,3,3,2,0,3.133318,7.816951,3.332084,0.31,0.0,0.42,0.765343,0.686068,0
user_72157,2022-10-20 00:05:00,13,8,9,1,1,2,17,15,14,12,19,3,0,2.742393,4.529511,7.656277,0.69,0.11,0.62,0.453261,0.690804,1
user_72158,2022-09-05 17:59:00,11,10,4,0,2,2,15,5,5,1,19,0,0,5.836992,6.550211,7.490988,0.36,0.0,0.91,0.899096,0.508535,1
user_72159,2022-09-23 22:47:00,18,5,5,1,2,0,13,20,3,5,13,4,0,0.471846,6.270762,4.689427,0.28,0.2,0.28,0.362839,0.561788,0
user_72160,2022-10-02 04:10:00,30,4,8,1,3,2,2,3,8,10,15,6,1,4.624335,3.289652,12.164361,0.27,0.12,0.13,0.751082,0.839473,0
user_72161,2022-10-27 00:57:00,16,7,9,0,2,2,9,14,14,3,4,3,0,3.915764,4.283468,12.703614,0.56,0.0,0.44,0.508638,0.339389,0
user_72162,2022-09-23 02:48:00,17,13,7,1,2,2,14,9,11,13,2,4,0,9.330105,8.569583,4.396404,0.41,0.14,0.76,0.874773,0.317079,0
user_72163,2022-09-19 11:08:00,25,7,13,0,2,4,1,10,19,11,0,0,0,3.563784,7.956495,3.40059,0.52,0.0,0.28,0.413413,0.408691,0
user_72164,2022-10-02 10:28:00,17,13,12,2,1,1,10,4,18,8,9,6,1,7.229849,2.552622,0.999965,0.71,0.17,0.76,0.345349,0.423136,0
user_72165,2022-10-17 03:15:00,22,12,9,0,2,3,9,1,15,4,18,0,0,12.827022,1.984815,9.626368,0.41,0.0,0.55,0.37534,0.446073,0
user_72166,2022-10-22 18:53:00,25,8,13,1,4,2,1,6,4,17,19,5,1,5.994542,0.825862,5.193298,0.52,0.08,0.32,0.693726,0.375687,1
user_72167,2022-10-12 23:15:00,20,7,8,0,1,0,5,8,8,4,5,2,0,5.367575,3.821402,12.425136,0.4,0.0,0.35,0.74361,0.660801,0
user_72168,2022-10-03 20:08:00,24,5,11,1,0,2,12,13,6,12,16,0,0,7.508164,0.181142,2.184711,0.46,0.09,0.21,0.932799,0.452156,0
user_72169,2022-09-26 23:18:00,27,7,9,1,5,1,12,14,5,20,13,0,0,8.096042,3.693976,5.10341,0.33,0.11,0.26,0.941578,0.754889,0
user_72170,2022-09-10 09:38:00,19,8,12,0,2,4,0,17,3,2,16,5,1,7.225618,5.41951,10.520635,0.63,0.0,0.42,0.437983,0.58844,0
user_72171,2022-10-29 18:29:00,18,11,5,1,1,2,5,6,3,20,15,5,1,1.929585,5.919258,9.434136,0.28,0.2,0.61,0.319016,0.992526,0
user_72172,2022-10-01 14:24:00,22,3,8,1,2,1,4,8,14,15,18,5,1,3.281071,1.605663,7.464083,0.36,0.12,0.14,0.353744,0.600291,0
user_72173,2022-10-16 08:19:00,16,7,5,0,1,1,19,19,11,3,7,6,1,7.670783,4.861754,5.940283,0.31,0.0,0.44,0.928475,0.674102,0
user_72174,2022-10-17 13:33:00,9,12,8,0,0,1,9,2,12,1,6,0,0,5.342029,6.402528,2.895494,0.89,0.0,1.33,0.786438,0.795123,0
user_72175,2022-09-14 15:40:00,29,11,6,0,4,0,14,7,20,11,16,2,0,2.787477,6.838539,6.389726,0.21,0.0,0.38,0.508353,0.525315,0
user_72176,2022-10-08 15:34:00,16,6,9,0,1,2,1,9,18,19,7,5,1,7.87795,3.552594,7.883612,0.56,0.0,0.38,0.975642,0.676702,0
user_72177,2022-10-17 01:14:00,25,9,4,0,5,0,10,17,8,13,6,0,0,6.200751,6.474413,8.994911,0.16,0.0,0.36,0.91272,0.801225,0
user_72178,2022-10-16 20:01:00,15,7,6,0,2,1,9,11,2,20,2,6,1,6.395997,3.071266,13.129971,0.4,0.0,0.47,0.728357,0.505647,0
user_72179,2022-10-17 06:01:00,22,4,10,1,1,1,6,6,13,1,0,0,0,3.562028,8.2105,14.314024,0.45,0.1,0.18,0.608779,0.352572,0
user_72180,2022-10-16 22:27:00,21,10,5,0,3,0,17,18,12,10,9,6,1,8.758455,9.513911,8.12164,0.24,0.0,0.48,0.945975,0.883785,0
user_72181,2022-10-12 02:03:00,11,11,14,0,2,1,20,8,18,8,6,2,0,0.5468,1.280282,6.740739,1.27,0.0,1.0,0.336385,0.718181,0
user_72182,2022-10-26 11:17:00,21,20,9,2,0,1,18,13,19,13,7,2,0,5.701447,2.260523,4.958651,0.43,0.22,0.95,0.941501,0.725324,0
user_72183,2022-09-21 02:32:00,25,17,8,1,3,2,11,7,8,4,18,2,0,2.923021,9.652272,4.886069,0.32,0.12,0.68,0.444287,0.56142,0
user_72184,2022-09-21 18:19:00,17,12,7,0,2,0,15,17,8,20,20,2,0,2.203716,2.850734,7.379407,0.41,0.0,0.71,0.858831,0.97502,1
user_72185,2022-10-19 21:32:00,25,8,6,0,4,1,10,0,20,12,1,2,0,6.133937,6.356339,7.350982,0.24,0.0,0.32,0.405472,0.686069,0
user_72186,2022-10-04 11:39:00,20,11,7,0,2,1,10,12,2,17,10,1,0,7.058552,4.443657,1.685265,0.35,0.0,0.55,0.923735,0.910369,0
user_72187,2022-10-01 22:13:00,20,9,7,2,0,2,10,17,20,0,14,5,1,0.567753,3.607825,4.874788,0.35,0.29,0.45,0.730941,0.392975,0
user_72188,2022-09-01 03:41:00,24,8,8,0,3,2,5,5,19,12,17,3,0,0.966748,5.088832,7.264827,0.33,0.0,0.33,0.345427,0.633702,0
user_72189,2022-10-30 20:32:00,23,7,5,1,0,1,8,9,11,9,2,6,1,6.358705,5.700412,6.147379,0.22,0.2,0.3,0.632759,0.554987,0
user_72190,2022-10-10 03:14:00,26,2,7,0,1,4,20,10,7,8,16,0,0,5.104627,1.807716,9.590877,0.27,0.0,0.08,0.434354,0.657068,0
user_72191,2022-10-19 01:12:00,15,8,7,1,1,0,17,18,6,17,1,2,0,2.640523,1.819073,11.474783,0.47,0.14,0.53,0.7993,0.744786,0
user_72192,2022-10-19 09:10:00,19,8,7,0,1,0,10,17,20,8,16,2,0,5.696166,3.650425,5.672325,0.37,0.0,0.42,0.557784,0.365987,0
user_72193,2022-10-15 21:09:00,17,8,7,0,3,1,8,19,9,10,11,5,1,12.320315,0.683245,9.005017,0.41,0.0,0.47,0.787408,0.444139,0
user_72194,2022-09-22 05:59:00,16,4,9,0,2,1,20,1,5,9,1,3,0,3.893815,12.713041,5.274752,0.56,0.0,0.25,0.359044,0.466438,0
user_72195,2022-09-27 09:36:00,25,14,2,1,2,0,2,4,13,14,11,1,0,9.620752,0.532691,8.351869,0.08,0.5,0.56,0.659933,0.608246,0
user_72196,2022-10-01 11:44:00,19,6,5,2,0,0,15,14,13,3,16,5,1,4.476253,3.913804,7.430986,0.26,0.4,0.32,0.871082,0.556951,0
user_72197,2022-10-01 23:35:00,19,8,9,2,2,0,11,6,15,10,20,5,1,5.863379,6.886038,3.501846,0.47,0.22,0.42,0.914938,0.510752,1
user_72198,2022-10-29 21:02:00,17,9,7,0,0,1,10,13,18,13,8,5,1,5.536904,1.701873,1.777042,0.41,0.0,0.53,0.593949,0.649263,0
user_72199,2022-09-18 13:17:00,20,9,8,0,3,3,11,1,15,2,7,6,1,1.230921,5.771906,5.494651,0.4,0.0,0.45,0.818463,0.624092,0
user_72200,2022-10-21 09:49:00,19,14,8,3,2,1,14,10,11,18,17,4,0,5.541237,2.53937,12.14833,0.42,0.38,0.74,0.486245,0.481417,0
user_72201,2022-09-14 23:53:00,14,11,6,1,2,2,7,0,20,9,9,2,0,10.596959,0.620271,3.934842,0.43,0.17,0.79,0.747877,0.74071,0
user_72202,2022-10-11 05:56:00,23,13,9,1,5,2,10,5,15,12,13,1,0,7.479738,5.825647,5.146234,0.39,0.11,0.57,0.479395,0.557122,0
user_72203,2022-09-27 17:06:00,19,9,9,0,3,1,0,10,14,5,19,1,0,13.422558,3.083522,10.24242,0.47,0.0,0.47,0.641756,0.996032,1
user_72204,2022-09-24 12:42:00,18,7,7,0,2,1,16,1,20,5,0,5,1,7.76907,4.217108,14.48588,0.39,0.0,0.39,0.355643,0.947587,0
user_72205,2022-09-09 16:46:00,19,13,9,1,2,0,5,18,14,8,4,4,0,1.347979,2.501455,10.228929,0.47,0.11,0.68,0.829715,0.433957,0
user_72206,2022-09-04 02:28:00,20,7,7,0,0,1,11,9,20,5,17,6,1,6.824825,3.93761,3.44272,0.35,0.0,0.35,0.526756,0.818007,0
user_72207,2022-10-19 15:13:00,21,9,10,1,1,3,7,0,1,14,2,2,0,4.787323,3.95728,4.587394,0.48,0.1,0.43,0.996882,0.9387,0
user_72208,2022-10-02 17:02:00,19,3,4,1,1,2,1,3,19,9,4,6,1,7.116038,5.525621,10.059503,0.21,0.25,0.16,0.527488,0.854309,0
user_72209,2022-10-12 13:55:00,22,7,5,0,0,2,6,16,9,9,10,2,0,6.439235,3.79264,6.37479,0.23,0.0,0.32,0.630564,0.750227,0
user_72210,2022-10-19 10:48:00,19,7,10,0,3,2,5,20,19,1,19,2,0,0.721671,0.7462,2.648312,0.53,0.0,0.37,0.484724,0.676284,1
user_72211,2022-09-23 02:24:00,15,16,6,1,2,1,20,10,11,4,15,4,0,0.527087,11.524569,6.782751,0.4,0.17,1.07,0.356981,0.983705,0
user_72212,2022-09-25 18:49:00,14,8,4,0,4,1,10,4,17,0,7,6,1,3.552757,4.863477,10.697574,0.29,0.0,0.57,0.373055,0.772931,0
user_72213,2022-10-22 04:08:00,26,7,4,1,1,2,5,17,5,13,18,5,1,8.905045,6.31493,4.813229,0.15,0.25,0.27,0.93093,0.721079,0
user_72214,2022-09-09 06:35:00,16,14,7,1,1,0,18,7,1,20,2,4,0,6.193627,4.534561,6.642904,0.44,0.14,0.88,0.6398,0.601784,0
user_72215,2022-10-16 15:07:00,22,11,5,0,3,0,16,6,20,10,4,6,1,5.985073,5.007319,4.21987,0.23,0.0,0.5,0.504456,0.588945,0
user_72216,2022-10-24 03:22:00,18,11,6,0,3,2,17,11,20,13,19,0,0,8.965987,7.474894,1.698829,0.33,0.0,0.61,0.920978,0.945995,1
user_72217,2022-10-28 08:55:00,20,17,15,1,2,1,7,20,0,12,12,4,0,7.219304,2.459464,5.70766,0.75,0.07,0.85,0.606378,0.785223,0
user_72218,2022-09-19 16:34:00,24,7,12,0,2,3,13,10,1,11,6,0,0,5.475326,3.680846,2.7239,0.5,0.0,0.29,0.463797,0.562417,0
user_72219,2022-10-02 16:09:00,22,11,6,1,5,0,9,1,13,6,16,6,1,0.54268,6.447649,8.639725,0.27,0.17,0.5,0.849124,0.763771,0
user_72220,2022-09-06 12:58:00,22,7,11,0,4,2,3,6,7,20,20,1,0,4.404178,7.025113,6.818579,0.5,0.0,0.32,0.662357,0.484273,1
user_72221,2022-10-08 13:44:00,18,7,6,0,3,2,9,14,0,4,6,5,1,3.466945,5.419065,4.149717,0.33,0.0,0.39,0.883188,0.908483,0
user_72222,2022-09-12 13:28:00,10,7,8,0,1,3,19,0,5,14,7,0,0,8.414142,4.165502,2.811318,0.8,0.0,0.7,0.340643,0.447613,0
user_72223,2022-10-26 16:44:00,16,7,6,1,1,1,0,6,2,19,10,2,0,8.020052,5.833492,9.12131,0.38,0.17,0.44,0.641564,0.642347,0
user_72224,2022-10-23 07:16:00,26,11,4,0,1,0,16,15,17,12,15,6,1,3.410336,3.186011,6.197209,0.15,0.0,0.42,0.921741,0.478993,0
user_72225,2022-09-08 19:34:00,20,7,6,0,2,2,5,20,4,10,7,3,0,5.563734,5.242287,2.746139,0.3,0.0,0.35,0.862172,0.80686,0
user_72226,2022-09-10 16:46:00,26,9,11,0,3,0,16,15,12,7,1,5,1,3.103752,2.971341,9.242159,0.42,0.0,0.35,0.40449,0.817449,0
user_72227,2022-10-22 03:06:00,14,5,7,1,1,0,4,6,2,5,15,5,1,1.670761,4.896373,10.647373,0.5,0.14,0.36,0.346528,0.664426,0
user_72228,2022-10-21 00:44:00,19,8,8,0,3,3,11,15,15,11,19,4,0,0.504214,3.034326,10.489581,0.42,0.0,0.42,0.775464,0.316138,1
user_72229,2022-10-15 09:36:00,23,8,8,0,2,2,12,10,1,7,12,5,1,3.76482,4.639668,9.259736,0.35,0.0,0.35,0.583559,0.717488,0
user_72230,2022-09-18 11:41:00,20,12,5,1,1,1,8,9,17,4,9,6,1,3.01513,6.548489,6.611662,0.25,0.2,0.6,0.470442,0.907092,0
user_72231,2022-10-08 12:08:00,18,9,11,2,1,3,19,5,10,18,17,5,1,7.633587,7.825914,9.694447,0.61,0.18,0.5,0.332671,0.568336,0
user_72232,2022-10-01 19:37:00,19,9,11,0,2,2,15,5,17,19,13,5,1,13.19595,6.068626,4.871747,0.58,0.0,0.47,0.37228,0.955931,0
user_72233,2022-09-16 14:15:00,24,13,10,0,2,1,9,12,11,8,0,4,0,10.49212,2.791334,6.171226,0.42,0.0,0.54,0.918527,0.701879,0
user_72234,2022-09-26 20:01:00,18,11,9,1,1,1,5,13,6,1,5,0,0,2.672642,5.694436,12.399709,0.5,0.11,0.61,0.78115,0.874261,0
user_72235,2022-10-20 21:59:00,24,9,11,0,0,3,12,1,5,13,17,3,0,4.505808,4.37352,3.896346,0.46,0.0,0.38,0.709361,0.790195,0
user_72236,2022-10-28 19:24:00,25,13,6,0,2,2,12,8,12,12,17,4,0,5.20787,3.289667,0.559976,0.24,0.0,0.52,0.345283,0.969109,0
user_72237,2022-10-19 12:46:00,16,5,3,3,3,0,9,13,4,15,15,2,0,0.311397,5.53461,13.113953,0.19,1.0,0.31,0.658666,0.892118,0
user_72238,2022-10-17 07:37:00,24,9,6,0,4,1,19,6,1,17,9,0,0,5.699854,7.989821,14.184856,0.25,0.0,0.38,0.971674,0.856862,0
user_72239,2022-09-14 07:39:00,9,10,5,0,0,1,5,19,18,12,7,2,0,0.096579,3.4849,12.017033,0.56,0.0,1.11,0.755083,0.864392,0
user_72240,2022-09-16 11:17:00,25,5,9,0,4,0,11,11,1,10,4,4,0,5.586206,7.697358,8.513145,0.36,0.0,0.2,0.775775,0.729708,0
user_72241,2022-10-15 08:45:00,15,16,7,0,0,2,12,16,4,15,12,5,1,8.003643,2.607963,5.65092,0.47,0.0,1.07,0.524516,0.970686,0
user_72242,2022-10-16 05:28:00,24,12,4,1,1,0,2,8,11,10,4,6,1,8.994028,9.772956,6.608223,0.17,0.25,0.5,0.815156,0.712792,0
user_72243,2022-10-11 11:09:00,28,9,5,1,2,1,7,0,18,10,13,1,0,3.303468,8.031221,7.207821,0.18,0.2,0.32,0.619592,0.885548,0
user_72244,2022-10-08 07:09:00,18,12,3,2,4,0,7,3,5,10,12,5,1,6.776122,2.066772,2.469408,0.17,0.67,0.67,0.316521,0.411909,0
user_72245,2022-09-21 07:28:00,24,11,6,0,1,1,14,14,1,8,17,2,0,3.429898,2.986274,5.174285,0.25,0.0,0.46,0.376216,0.714766,0
user_72246,2022-10-25 03:02:00,11,9,9,0,0,1,3,18,7,0,4,1,0,9.644762,9.061337,7.593946,0.82,0.0,0.82,0.406895,0.846009,0
user_72247,2022-09-30 10:56:00,19,12,8,0,0,0,18,10,17,3,19,4,0,13.679809,2.384746,8.572568,0.42,0.0,0.63,0.754979,0.576173,1
user_72248,2022-10-20 11:30:00,19,7,10,1,3,0,4,20,6,20,13,3,0,5.130281,9.343161,1.840643,0.53,0.1,0.37,0.819854,0.33756,0
user_72249,2022-09-10 06:28:00,20,7,8,0,1,3,0,4,12,10,2,5,1,5.286047,8.570489,7.169405,0.4,0.0,0.35,0.600435,0.444058,0
user_72250,2022-10-14 22:54:00,15,12,4,3,0,1,11,9,11,5,3,4,0,2.226496,10.241939,6.118496,0.27,0.75,0.8,0.538863,0.634266,0
user_72251,2022-10-02 15:27:00,20,6,10,0,1,0,12,15,13,1,17,6,1,10.892946,4.478387,2.141737,0.5,0.0,0.3,0.731835,0.956438,0
user_72252,2022-10-24 01:48:00,18,7,11,1,0,3,7,12,16,19,5,0,0,4.395207,8.922784,10.101754,0.61,0.09,0.39,0.725288,0.469112,0
user_72253,2022-10-17 22:07:00,19,11,9,0,2,3,7,17,4,15,16,0,0,7.60767,5.615645,8.007165,0.47,0.0,0.58,0.559429,0.560396,0
user_72254,2022-10-23 07:31:00,10,11,4,1,1,1,4,13,2,19,13,6,1,9.557789,4.154663,9.834093,0.4,0.25,1.1,0.648455,0.674886,0
user_72255,2022-10-25 06:15:00,18,12,12,1,0,3,17,14,3,18,18,1,0,4.434852,3.623488,5.982208,0.67,0.08,0.67,0.691395,0.496201,0
user_72256,2022-09-30 10:34:00,25,8,6,0,2,2,5,3,8,3,3,4,0,6.479933,5.625496,7.799829,0.24,0.0,0.32,0.708776,0.90278,0
user_72257,2022-09-28 00:56:00,31,17,7,1,3,1,2,14,20,15,14,2,0,4.288982,2.960426,7.349652,0.23,0.14,0.55,0.582075,0.376685,0
user_72258,2022-09-29 21:02:00,20,13,9,1,4,1,6,13,17,12,9,3,0,1.936287,2.751704,9.630414,0.45,0.11,0.65,0.712276,0.675988,0
user_72259,2022-10-25 15:19:00,32,11,8,2,3,2,17,4,14,3,5,1,0,1.153809,4.097821,7.734908,0.25,0.25,0.34,0.803,0.908004,0
user_72260,2022-10-30 23:08:00,20,8,8,1,3,0,17,16,11,10,6,6,1,1.086288,8.644706,8.40354,0.4,0.12,0.4,0.679568,0.415754,0
user_72261,2022-09-10 05:41:00,27,6,4,1,2,0,16,20,18,10,3,5,1,10.217108,2.163962,3.777446,0.15,0.25,0.22,0.86303,0.8745,0
user_72262,2022-10-24 02:58:00,18,8,14,0,2,5,15,19,7,15,18,0,0,8.685084,8.665925,7.097509,0.78,0.0,0.44,0.550362,0.739,0
user_72263,2022-10-10 08:17:00,25,6,3,0,4,0,9,7,0,14,8,0,0,9.13918,7.791592,4.634146,0.12,0.0,0.24,0.859042,0.762647,0
user_72264,2022-10-20 10:37:00,16,8,10,0,2,3,10,16,12,6,11,3,0,6.723806,8.474285,10.346882,0.62,0.0,0.5,0.958232,0.936191,0
user_72265,2022-09-18 04:46:00,18,12,7,1,3,1,15,1,5,20,5,6,1,5.531878,6.274511,8.193054,0.39,0.14,0.67,0.537328,0.797754,0
user_72266,2022-09-03 03:51:00,14,13,5,1,3,2,2,2,12,3,11,5,1,7.28981,7.999763,4.644948,0.36,0.2,0.93,0.559542,0.854814,0
user_72267,2022-09-03 15:43:00,17,9,7,2,1,1,0,14,15,4,20,5,1,9.681247,6.710974,4.026908,0.41,0.29,0.53,0.314752,0.37206,1
user_72268,2022-09-20 00:35:00,28,11,10,2,1,0,0,12,2,3,6,1,0,4.24223,5.230656,0.729941,0.36,0.2,0.39,0.945877,0.671043,0
user_72269,2022-10-06 16:42:00,17,18,8,2,0,1,16,1,15,1,13,3,0,5.701976,10.353295,11.110797,0.47,0.25,1.06,0.775145,0.752445,0
user_72270,2022-10-02 19:26:00,14,10,8,1,2,1,6,17,7,16,20,6,1,5.891604,4.252127,6.962329,0.57,0.12,0.71,0.945689,0.791968,1
user_72271,2022-09-06 12:53:00,20,9,13,1,3,2,2,16,2,16,5,1,0,8.991848,7.386692,4.056019,0.65,0.08,0.45,0.925955,0.948275,0
user_72272,2022-10-01 10:02:00,31,6,5,0,5,1,14,13,7,2,19,5,1,7.032028,3.86181,7.013584,0.16,0.0,0.19,0.831506,0.556022,1
user_72273,2022-09-26 00:00:00,20,11,7,0,0,0,18,11,8,12,9,0,0,5.588127,6.121604,8.857588,0.35,0.0,0.55,0.798673,0.667223,0
user_72274,2022-10-29 20:11:00,17,12,7,0,3,1,14,11,0,5,18,5,1,6.199303,0.238518,7.424031,0.41,0.0,0.71,0.958637,0.429174,0
user_72275,2022-10-21 20:44:00,25,7,7,1,2,2,20,10,2,16,7,4,0,6.32998,11.130025,9.01938,0.28,0.14,0.28,0.867187,0.751847,0
user_72276,2022-09-07 12:33:00,26,8,6,1,6,1,11,6,5,17,3,2,0,4.717385,6.788569,7.846264,0.23,0.17,0.31,0.651049,0.817045,0
user_72277,2022-09-26 09:13:00,27,2,11,1,0,1,11,9,17,15,14,0,0,2.874105,11.004555,10.68196,0.41,0.09,0.07,0.6506,0.382476,0
user_72278,2022-10-28 18:26:00,16,9,7,0,1,1,19,14,15,15,13,4,0,5.715406,2.952619,6.81885,0.44,0.0,0.56,0.57165,0.676947,0
user_72279,2022-10-29 17:57:00,17,10,7,0,2,2,0,2,4,1,7,5,1,5.72979,6.506174,8.001067,0.41,0.0,0.59,0.897651,0.827908,0
user_72280,2022-10-29 00:52:00,20,3,8,0,0,3,20,12,0,16,9,5,1,9.418708,4.189823,2.251371,0.4,0.0,0.15,0.348168,0.912334,0
user_72281,2022-09-04 17:02:00,29,8,6,0,5,1,0,20,10,5,18,6,1,3.693298,8.547435,3.712995,0.21,0.0,0.28,0.497647,0.488622,0
user_72282,2022-10-26 14:24:00,15,13,4,0,0,0,15,8,6,11,18,2,0,2.852578,9.069674,6.933535,0.27,0.0,0.87,0.720477,0.53931,0
user_72283,2022-10-12 10:59:00,20,17,9,0,2,2,20,8,8,8,4,2,0,4.28183,4.958337,4.159495,0.45,0.0,0.85,0.633697,0.594278,0
user_72284,2022-09-26 15:08:00,29,10,11,1,0,5,14,17,11,16,13,0,0,3.874492,0.037039,15.718265,0.38,0.09,0.34,0.300862,0.558871,0
user_72285,2022-09-17 22:36:00,13,8,7,1,1,1,2,16,17,12,17,5,1,1.576166,4.449164,9.871184,0.54,0.14,0.62,0.59634,0.472527,0
user_72286,2022-10-03 15:30:00,24,7,12,1,3,0,17,12,9,3,5,0,0,2.730969,3.555052,9.738999,0.5,0.08,0.29,0.44882,0.350417,0
user_72287,2022-10-30 00:28:00,21,12,9,0,2,4,6,3,18,2,20,6,1,4.19902,6.096365,7.483127,0.43,0.0,0.57,0.926035,0.851488,1
user_72288,2022-10-15 10:42:00,25,10,10,0,3,1,8,1,6,7,20,5,1,7.937639,3.868966,5.887453,0.4,0.0,0.4,0.628823,0.719914,1
user_72289,2022-09-13 07:43:00,22,10,13,1,2,5,18,2,2,5,18,1,0,7.837266,2.827602,9.007439,0.59,0.08,0.45,0.595993,0.39319,0
user_72290,2022-09-21 09:22:00,17,14,5,1,1,0,7,16,20,2,10,2,0,7.333845,7.920475,7.296864,0.29,0.2,0.82,0.980152,0.695961,0
user_72291,2022-10-03 02:56:00,31,15,13,0,1,2,7,10,11,7,5,0,0,2.040417,2.10191,3.304607,0.42,0.0,0.48,0.937497,0.464264,0
user_72292,2022-10-25 11:11:00,26,10,7,0,1,1,19,8,9,8,12,1,0,6.08239,3.764405,4.408448,0.27,0.0,0.38,0.906945,0.592475,0
user_72293,2022-10-09 06:19:00,13,15,8,0,1,1,20,11,9,4,9,6,1,3.915498,7.439026,5.731893,0.62,0.0,1.15,0.525283,0.382289,0
user_72294,2022-10-30 17:30:00,17,7,6,1,1,0,5,6,7,0,9,6,1,1.018204,7.860986,4.462787,0.35,0.17,0.41,0.824798,0.773879,0
user_72295,2022-10-29 15:39:00,11,14,7,2,1,0,18,11,17,3,7,5,1,3.900946,4.860701,9.49958,0.64,0.29,1.27,0.432507,0.966778,0
user_72296,2022-10-21 18:19:00,19,9,9,0,1,2,2,9,7,1,9,4,0,5.632123,5.859298,7.156578,0.47,0.0,0.47,0.605854,0.558932,0
user_72297,2022-10-11 07:03:00,18,12,3,0,1,1,1,19,19,9,12,1,0,9.607882,4.552931,3.771277,0.17,0.0,0.67,0.579073,0.464755,0
user_72298,2022-09-14 17:30:00,13,15,7,0,2,2,18,13,10,1,1,2,0,3.864143,1.904465,6.322832,0.54,0.0,1.15,0.528314,0.848366,0
user_72299,2022-10-23 16:25:00,16,10,8,1,2,1,18,17,2,11,18,6,1,6.017857,8.556604,7.514031,0.5,0.12,0.62,0.516799,0.780438,0
user_72300,2022-09-06 13:28:00,20,14,10,0,4,4,6,10,5,20,13,1,0,9.737039,8.898116,3.585773,0.5,0.0,0.7,0.946059,0.573534,0
user_72301,2022-10-24 14:35:00,21,12,6,0,1,1,7,4,20,6,0,0,0,8.611528,4.941979,6.691254,0.29,0.0,0.57,0.988975,0.897612,0
user_72302,2022-09-20 19:51:00,19,9,6,0,1,4,17,16,6,7,5,1,0,2.522329,7.644551,5.529177,0.32,0.0,0.47,0.304239,0.800931,0
user_72303,2022-10-26 18:25:00,26,11,7,0,4,0,13,14,9,15,4,2,0,5.300749,7.081466,9.729669,0.27,0.0,0.42,0.39028,0.835619,0
user_72304,2022-10-18 15:24:00,27,5,11,0,2,2,9,2,15,14,9,1,0,7.427913,6.891961,9.084433,0.41,0.0,0.19,0.497576,0.840751,0
user_72305,2022-10-01 23:55:00,23,15,9,0,3,1,9,10,12,12,1,5,1,0.843285,8.296142,4.334475,0.39,0.0,0.65,0.463447,0.685979,0
user_72306,2022-09-04 09:31:00,24,12,11,1,1,2,9,5,19,12,13,6,1,2.337532,5.202389,5.914751,0.46,0.09,0.5,0.441482,0.634871,0
user_72307,2022-09-11 07:55:00,24,12,5,2,3,1,4,5,13,15,3,6,1,11.372286,3.972844,2.226779,0.21,0.4,0.5,0.79911,0.442535,0
user_72308,2022-10-19 14:56:00,18,8,8,0,1,1,14,7,15,3,8,2,0,1.439119,5.371622,11.652925,0.44,0.0,0.44,0.55006,0.870563,0
user_72309,2022-10-20 16:03:00,26,9,8,1,2,3,9,1,0,18,0,3,0,2.447625,3.306819,7.58721,0.31,0.12,0.35,0.461808,0.50094,0
user_72310,2022-10-24 09:51:00,22,8,8,1,1,3,17,18,11,6,4,0,0,5.769342,4.286449,11.010239,0.36,0.12,0.36,0.475604,0.326815,0
user_72311,2022-09-17 14:10:00,25,10,8,0,2,0,11,14,2,18,10,5,1,5.724511,7.672397,2.229714,0.32,0.0,0.4,0.390041,0.890285,0
user_72312,2022-10-20 01:38:00,23,8,4,1,2,1,9,17,16,20,4,3,0,10.901494,10.947344,10.376588,0.17,0.25,0.35,0.333161,0.376967,0
user_72313,2022-10-14 20:02:00,17,11,10,1,2,1,14,17,12,2,10,4,0,7.863551,5.354706,6.501841,0.59,0.1,0.65,0.803095,0.572696,0
user_72314,2022-09-24 22:11:00,16,10,5,0,4,0,19,15,11,11,7,5,1,5.441531,1.196847,6.110113,0.31,0.0,0.62,0.609951,0.538432,0
user_72315,2022-10-22 11:41:00,20,13,8,0,4,2,11,9,17,5,15,5,1,3.492938,4.66692,2.104138,0.4,0.0,0.65,0.326149,0.612503,0
user_72316,2022-10-06 01:38:00,17,15,4,3,2,0,16,14,5,12,15,3,0,5.358889,5.277949,8.380091,0.24,0.75,0.88,0.601407,0.526158,0
user_72317,2022-09-16 02:27:00,32,8,10,1,5,1,17,0,18,16,8,4,0,3.853317,5.832037,10.598779,0.31,0.1,0.25,0.608007,0.482818,0
user_72318,2022-10-10 15:55:00,24,5,10,0,6,2,12,0,15,10,20,0,0,5.183256,0.546429,4.338744,0.42,0.0,0.21,0.422302,0.711757,1
user_72319,2022-09-25 04:46:00,22,7,4,0,0,1,18,13,5,6,19,6,1,4.196477,0.94614,14.997817,0.18,0.0,0.32,0.893434,0.62015,1
user_72320,2022-10-20 18:21:00,12,9,7,0,0,3,5,4,18,15,14,3,0,6.754719,5.911549,11.02085,0.58,0.0,0.75,0.455248,0.445724,0
user_72321,2022-10-10 04:07:00,24,9,8,2,3,0,1,11,1,5,10,0,0,4.069116,2.233594,10.612627,0.33,0.25,0.38,0.453651,0.484334,0
user_72322,2022-10-23 02:55:00,15,8,10,0,2,0,0,2,4,0,5,6,1,1.850833,8.64066,4.381111,0.67,0.0,0.53,0.561476,0.65112,0
user_72323,2022-09-24 07:17:00,26,8,5,0,2,2,5,1,4,9,8,5,1,7.299391,8.6385,11.703712,0.19,0.0,0.31,0.916642,0.592682,0
user_72324,2022-09-26 08:52:00,27,15,12,1,5,2,2,14,15,2,1,0,0,10.910582,3.725843,13.099783,0.44,0.08,0.56,0.300296,0.586534,0
user_72325,2022-09-25 11:35:00,18,13,9,0,0,6,17,8,20,6,19,6,1,2.793441,5.10258,9.123358,0.5,0.0,0.72,0.463476,0.8951,1
user_72326,2022-10-14 19:44:00,21,8,9,1,2,1,17,2,17,5,16,4,0,8.350437,0.718304,7.293859,0.43,0.11,0.38,0.327162,0.944618,0
user_72327,2022-10-24 01:19:00,24,7,11,0,2,1,11,6,0,7,10,0,0,8.857582,2.32182,9.282953,0.46,0.0,0.29,0.512673,0.597505,0
user_72328,2022-10-15 18:44:00,15,14,9,0,0,5,3,8,7,1,11,5,1,2.781592,2.125386,4.157176,0.6,0.0,0.93,0.388731,0.59018,0
user_72329,2022-09-12 23:02:00,21,8,7,1,1,0,16,18,16,9,19,0,0,7.715349,8.293763,6.341061,0.33,0.14,0.38,0.417921,0.785809,1
user_72330,2022-09-21 23:03:00,13,9,11,0,0,4,10,20,14,20,16,2,0,8.295945,5.034292,11.11529,0.85,0.0,0.69,0.429417,0.662682,0
user_72331,2022-10-24 14:39:00,26,5,6,1,3,3,14,9,14,5,0,0,0,5.54442,10.439551,8.420552,0.23,0.17,0.19,0.409555,0.528916,0
user_72332,2022-09-21 18:54:00,24,6,6,0,3,1,7,12,6,3,20,2,0,0.213844,7.05915,11.846774,0.25,0.0,0.25,0.847656,0.960926,1
user_72333,2022-10-21 13:32:00,26,16,7,0,4,2,0,6,17,0,6,4,0,3.098911,5.440096,6.63551,0.27,0.0,0.62,0.964703,0.31676,0
user_72334,2022-10-15 11:51:00,25,11,6,0,2,1,7,0,9,14,15,5,1,0.241123,8.039197,8.374255,0.24,0.0,0.44,0.629923,0.87997,0
user_72335,2022-09-14 00:07:00,20,3,7,1,1,2,12,1,5,16,20,2,0,10.457781,13.444186,10.015079,0.35,0.14,0.15,0.698449,0.319659,1
user_72336,2022-09-08 16:48:00,18,6,7,1,4,2,8,16,2,6,6,3,0,4.746214,1.820914,2.056514,0.39,0.14,0.33,0.306049,0.932974,0
user_72337,2022-09-23 15:55:00,16,13,9,0,0,1,14,16,2,8,8,4,0,4.07435,6.887681,8.106121,0.56,0.0,0.81,0.670759,0.560052,0
user_72338,2022-10-03 04:40:00,21,9,8,1,1,1,13,4,3,20,12,0,0,6.477345,4.481752,9.60474,0.38,0.12,0.43,0.515949,0.691533,0
user_72339,2022-09-17 08:43:00,21,7,3,1,3,1,11,13,6,15,8,5,1,1.174177,2.192968,6.363047,0.14,0.33,0.33,0.385065,0.3518,0
user_72340,2022-10-24 02:21:00,23,12,6,0,0,2,15,7,19,7,17,0,0,6.771573,3.800188,12.994506,0.26,0.0,0.52,0.613778,0.813184,0
user_72341,2022-09-11 08:33:00,18,13,10,0,2,1,13,14,20,14,18,6,1,7.023588,3.453838,10.12783,0.56,0.0,0.72,0.469958,0.795873,0
user_72342,2022-10-21 01:57:00,19,7,10,1,2,2,3,9,2,5,0,4,0,5.194094,8.663922,6.146533,0.53,0.1,0.37,0.598012,0.809677,0
user_72343,2022-10-29 09:37:00,19,8,9,0,2,1,7,10,2,20,19,5,1,2.007781,5.099461,2.415319,0.47,0.0,0.42,0.74603,0.668038,1
user_72344,2022-10-28 17:27:00,21,4,6,1,1,1,16,16,0,12,15,4,0,7.464007,7.105716,6.238051,0.29,0.17,0.19,0.893744,0.437419,0
user_72345,2022-09-22 14:40:00,17,6,8,1,0,1,7,16,18,16,10,3,0,6.888981,2.452297,8.928291,0.47,0.12,0.35,0.783627,0.30291,0
user_72346,2022-09-04 11:25:00,14,13,11,0,1,2,10,2,14,7,17,6,1,4.399801,0.878598,8.404428,0.79,0.0,0.93,0.910296,0.608721,0
user_72347,2022-09-27 14:18:00,17,13,11,0,2,4,15,3,8,0,17,1,0,2.67552,5.168324,6.26604,0.65,0.0,0.76,0.881666,0.939185,0
user_72348,2022-09-12 06:33:00,14,15,6,0,4,0,1,12,4,17,11,0,0,8.868076,11.119435,6.235912,0.43,0.0,1.07,0.473466,0.347371,0
user_72349,2022-09-29 07:37:00,13,9,6,2,1,2,6,9,13,15,13,3,0,4.955461,2.90381,5.080559,0.46,0.33,0.69,0.617976,0.330742,0
user_72350,2022-10-07 23:09:00,14,5,7,0,1,1,5,8,9,17,8,4,0,6.402365,1.26362,9.597145,0.5,0.0,0.36,0.847811,0.911496,0
user_72351,2022-09-28 00:51:00,14,10,5,2,1,1,9,10,9,12,3,2,0,1.030967,0.460726,7.203978,0.36,0.4,0.71,0.313471,0.844255,0
user_72352,2022-10-10 05:49:00,21,11,7,1,3,4,1,12,3,1,4,0,0,1.098482,7.379154,4.591622,0.33,0.14,0.52,0.853342,0.304458,0
user_72353,2022-10-25 19:30:00,16,11,6,0,2,1,17,3,18,16,10,1,0,7.751193,3.384178,11.017905,0.38,0.0,0.69,0.643458,0.743042,0
user_72354,2022-10-17 11:00:00,17,10,5,0,3,1,19,7,11,1,10,0,0,6.444958,5.765917,7.342099,0.29,0.0,0.59,0.383057,0.542636,0
user_72355,2022-09-21 14:44:00,22,10,12,1,4,2,18,5,20,10,10,2,0,4.057996,4.681728,8.354883,0.55,0.08,0.45,0.658946,0.881865,0
user_72356,2022-09-15 21:31:00,24,7,10,0,3,4,20,5,13,8,4,3,0,4.395169,5.223057,6.242554,0.42,0.0,0.29,0.908573,0.628234,0
user_72357,2022-10-23 03:45:00,24,11,16,0,2,4,0,9,8,16,3,6,1,8.51877,3.503134,4.998216,0.67,0.0,0.46,0.618794,0.543893,0
user_72358,2022-09-05 04:09:00,20,10,8,0,2,1,18,1,20,8,3,0,0,6.615229,3.06001,6.300673,0.4,0.0,0.5,0.829119,0.477754,0
user_72359,2022-09-16 21:17:00,15,9,7,1,1,1,1,9,2,2,2,4,0,2.310367,3.865556,5.03211,0.47,0.14,0.6,0.489478,0.928066,0
user_72360,2022-10-07 14:17:00,23,14,6,1,1,2,10,17,11,0,19,4,0,7.071715,4.850639,8.418528,0.26,0.17,0.61,0.693105,0.747573,1
user_72361,2022-10-03 06:18:00,25,7,7,0,1,0,13,14,13,15,0,0,0,7.506889,6.284377,14.297699,0.28,0.0,0.28,0.868115,0.326667,0
user_72362,2022-10-26 14:41:00,23,7,12,1,3,3,4,19,14,14,13,2,0,6.372087,0.630671,7.72949,0.52,0.08,0.3,0.693137,0.708208,0
user_72363,2022-09-11 08:41:00,16,7,12,0,4,4,10,0,9,5,8,6,1,6.110476,7.098068,6.734374,0.75,0.0,0.44,0.5144,0.419861,0
user_72364,2022-10-05 05:36:00,20,6,4,0,2,0,16,18,19,0,7,2,0,10.796191,4.367828,3.494919,0.2,0.0,0.3,0.842288,0.53886,0
user_72365,2022-09-17 21:49:00,21,5,5,1,0,1,1,7,5,18,12,5,1,8.495895,2.590511,7.875189,0.24,0.2,0.24,0.611813,0.3695,0
user_72366,2022-10-13 10:21:00,23,18,7,0,2,2,19,8,10,7,19,3,0,4.017029,4.350775,9.246044,0.3,0.0,0.78,0.893915,0.311269,1
user_72367,2022-10-18 05:05:00,26,6,11,0,3,4,2,18,20,5,13,1,0,3.751799,8.013996,6.69403,0.42,0.0,0.23,0.591801,0.871117,0
user_72368,2022-09-20 04:12:00,23,7,6,1,2,0,1,20,8,17,8,1,0,8.296041,4.209803,6.699049,0.26,0.17,0.3,0.760467,0.325869,0
user_72369,2022-10-26 21:00:00,28,13,4,0,3,0,11,8,1,18,19,2,0,8.514145,4.592544,12.300184,0.14,0.0,0.46,0.522834,0.757509,1
user_72370,2022-09-13 15:31:00,28,7,13,1,0,1,15,7,7,16,2,1,0,6.165813,2.627684,8.401376,0.46,0.08,0.25,0.973906,0.832656,0
user_72371,2022-09-27 12:37:00,18,13,7,0,3,0,3,18,13,8,8,1,0,4.609902,2.908166,9.181249,0.39,0.0,0.72,0.90635,0.850675,0
user_72372,2022-10-14 04:19:00,20,13,14,0,3,3,0,19,3,1,16,4,0,4.365502,5.471546,1.328314,0.7,0.0,0.65,0.527195,0.758701,0
user_72373,2022-10-09 02:19:00,19,6,8,0,4,4,5,6,11,14,7,6,1,7.143628,3.827743,10.092695,0.42,0.0,0.32,0.669161,0.302142,0
user_72374,2022-10-14 08:25:00,16,5,9,1,3,1,2,16,8,19,6,4,0,3.51118,7.187807,3.162861,0.56,0.11,0.31,0.94101,0.60209,0
user_72375,2022-10-30 17:59:00,14,17,5,2,2,0,2,4,8,14,13,6,1,6.278815,3.297409,3.802359,0.36,0.4,1.21,0.632365,0.494315,0
user_72376,2022-09-20 08:41:00,20,10,8,2,1,0,11,8,2,3,17,1,0,5.647604,9.213314,5.02944,0.4,0.25,0.5,0.74686,0.556119,0
user_72377,2022-10-14 06:01:00,14,12,8,1,2,2,11,3,14,3,7,4,0,5.093089,4.65876,1.876322,0.57,0.12,0.86,0.725721,0.647276,0
user_72378,2022-09-22 12:10:00,18,9,7,1,3,2,2,12,1,17,20,3,0,0.385453,5.503893,11.75889,0.39,0.14,0.5,0.839551,0.85496,1
user_72379,2022-10-12 14:50:00,20,12,8,1,0,2,7,6,5,9,9,2,0,6.394496,6.541202,9.966886,0.4,0.12,0.6,0.921261,0.627933,0
user_72380,2022-09-27 06:21:00,20,7,7,1,3,1,18,4,20,13,7,1,0,9.7254,6.378569,5.423988,0.35,0.14,0.35,0.981768,0.715894,0
user_72381,2022-09-01 15:15:00,29,10,8,2,2,2,17,14,9,6,11,3,0,4.804451,6.999353,3.538891,0.28,0.25,0.34,0.311113,0.615772,0
user_72382,2022-10-01 13:20:00,20,17,12,2,0,3,20,0,8,12,12,5,1,5.650008,4.139517,4.435914,0.6,0.17,0.85,0.742213,0.670588,0
user_72383,2022-09-05 01:57:00,21,15,7,0,3,1,19,19,2,15,7,0,0,1.169879,9.243555,9.372842,0.33,0.0,0.71,0.524799,0.421605,0
user_72384,2022-09-17 13:18:00,18,11,3,0,2,0,13,14,1,17,2,5,1,6.958462,4.546588,5.903157,0.17,0.0,0.61,0.787445,0.678258,0
user_72385,2022-09-27 04:06:00,21,9,5,0,1,1,8,1,7,1,8,1,0,5.827493,6.685354,10.645943,0.24,0.0,0.43,0.478627,0.880718,0
user_72386,2022-09-24 05:16:00,19,12,15,0,2,1,13,1,7,1,0,5,1,3.830186,3.25526,0.933142,0.79,0.0,0.63,0.466512,0.559788,0
user_72387,2022-10-01 15:06:00,22,7,10,1,4,5,10,12,20,18,4,5,1,8.465098,5.321563,6.219291,0.45,0.1,0.32,0.56929,0.636209,0
user_72388,2022-10-17 10:06:00,20,13,8,0,3,1,6,9,8,13,14,0,0,1.246305,4.505257,5.10737,0.4,0.0,0.65,0.737338,0.949776,0
user_72389,2022-09-26 23:58:00,29,9,5,0,2,0,10,17,8,10,3,0,0,7.235904,4.338483,8.953452,0.17,0.0,0.31,0.377075,0.843093,0
user_72390,2022-09-07 06:36:00,21,11,12,1,2,2,3,6,17,2,9,2,0,6.452438,7.103547,2.629996,0.57,0.08,0.52,0.598873,0.726357,0
user_72391,2022-09-10 06:03:00,26,15,10,0,4,4,15,17,12,8,7,5,1,2.107683,4.507885,5.933691,0.38,0.0,0.58,0.42216,0.591486,0
user_72392,2022-10-21 14:26:00,23,10,6,0,4,1,0,14,16,10,5,4,0,1.767853,7.319989,7.696635,0.26,0.0,0.43,0.722113,0.371344,0
user_72393,2022-09-13 16:58:00,15,8,10,0,2,3,20,15,11,1,5,1,0,7.788473,4.337878,8.654082,0.67,0.0,0.53,0.668104,0.600275,0
user_72394,2022-10-22 19:59:00,17,14,10,0,1,1,12,4,11,4,0,5,1,5.848714,6.167904,7.94829,0.59,0.0,0.82,0.638601,0.375551,0
user_72395,2022-10-26 15:00:00,15,8,4,0,2,0,15,12,11,0,12,2,0,6.776518,2.08821,8.016442,0.27,0.0,0.53,0.824583,0.511529,0
user_72396,2022-09-09 17:27:00,29,8,10,2,4,4,13,20,6,3,0,4,0,6.718919,2.138959,8.479566,0.34,0.2,0.28,0.511169,0.545698,0
user_72397,2022-10-14 17:53:00,19,8,6,0,0,3,13,8,9,19,13,4,0,5.271949,5.519134,6.494812,0.32,0.0,0.42,0.981136,0.473665,0
user_72398,2022-09-15 03:44:00,14,15,9,0,0,1,14,2,7,11,5,3,0,6.30752,6.625438,3.0733,0.64,0.0,1.07,0.514011,0.53086,0
user_72399,2022-09-25 01:58:00,17,6,11,1,0,2,10,10,8,17,6,6,1,3.791284,4.165511,4.332175,0.65,0.09,0.35,0.493716,0.419257,0
user_72400,2022-10-17 08:03:00,26,11,10,0,3,2,11,1,18,1,0,0,0,4.005804,5.55725,8.083411,0.38,0.0,0.42,0.51326,0.793018,0
user_72401,2022-09-07 00:38:00,22,12,10,0,2,2,4,3,4,17,5,2,0,7.506416,5.393175,9.356917,0.45,0.0,0.55,0.746364,0.609348,0
user_72402,2022-10-24 02:29:00,22,9,3,0,6,0,5,17,12,20,19,0,0,0.092482,5.437192,7.131408,0.14,0.0,0.41,0.947927,0.480494,1
user_72403,2022-09-27 14:48:00,25,12,9,0,5,0,1,8,17,2,12,1,0,7.315744,4.516687,6.993252,0.36,0.0,0.48,0.734118,0.704918,0
user_72404,2022-09-17 06:19:00,15,10,7,2,2,1,14,1,11,12,11,5,1,3.65598,3.738284,5.443138,0.47,0.29,0.67,0.925797,0.805261,0
user_72405,2022-10-13 02:50:00,21,5,9,1,6,3,0,15,18,7,14,3,0,4.726758,5.407022,10.018583,0.43,0.11,0.24,0.945102,0.343503,0
user_72406,2022-10-12 03:58:00,19,4,7,1,2,1,17,9,11,8,20,2,0,6.877598,5.366266,13.332778,0.37,0.14,0.21,0.529049,0.368252,1
user_72407,2022-09-27 07:42:00,17,7,17,1,2,1,16,20,2,13,10,1,0,2.020527,5.865613,10.274456,1.0,0.06,0.41,0.782989,0.919224,0
user_72408,2022-10-12 16:09:00,17,12,14,0,1,1,1,7,5,6,4,2,0,5.704565,3.860534,7.411669,0.82,0.0,0.71,0.735415,0.363498,0
user_72409,2022-10-09 16:08:00,23,11,5,2,3,0,12,15,12,10,17,6,1,3.673151,4.437656,0.357094,0.22,0.4,0.48,0.983728,0.675756,0
user_72410,2022-10-03 05:27:00,26,4,5,1,3,0,20,20,13,15,9,0,0,8.554021,10.211613,13.331307,0.19,0.2,0.15,0.84886,0.757973,0
user_72411,2022-10-30 12:04:00,24,12,7,0,2,1,4,16,4,12,15,6,1,10.780769,4.088158,2.30281,0.29,0.0,0.5,0.864407,0.839629,0
user_72412,2022-09-17 10:32:00,18,10,5,1,0,2,17,1,2,3,8,5,1,2.429421,2.711688,10.672804,0.28,0.2,0.56,0.775677,0.434936,0
user_72413,2022-10-21 22:42:00,21,14,6,0,3,1,19,5,4,0,2,4,0,6.884537,5.710744,8.939843,0.29,0.0,0.67,0.33921,0.399983,0
user_72414,2022-09-23 22:34:00,25,11,12,2,3,2,1,17,3,0,3,4,0,6.69159,6.420042,0.461202,0.48,0.17,0.44,0.85724,0.435622,0
user_72415,2022-09-03 22:57:00,12,12,10,0,2,2,15,3,14,20,15,5,1,3.729193,6.551694,7.089197,0.83,0.0,1.0,0.355418,0.614148,0
user_72416,2022-09-28 22:43:00,26,10,6,0,2,2,18,7,17,14,15,2,0,7.122365,6.830995,6.931878,0.23,0.0,0.38,0.361706,0.68217,0
user_72417,2022-10-28 06:39:00,18,11,8,0,2,4,7,12,6,0,16,4,0,5.910292,4.863702,2.355305,0.44,0.0,0.61,0.399777,0.52736,0
user_72418,2022-10-09 00:55:00,13,16,4,0,0,0,19,11,7,6,20,6,1,3.115671,2.034307,8.295226,0.31,0.0,1.23,0.672602,0.398145,1
user_72419,2022-09-06 05:54:00,15,8,11,2,3,3,16,18,13,19,16,1,0,9.716359,4.037819,4.277045,0.73,0.18,0.53,0.980921,0.633013,0
user_72420,2022-10-24 00:34:00,15,12,11,3,1,4,12,13,3,12,17,0,0,0.184872,7.516558,6.708475,0.73,0.27,0.8,0.683744,0.786424,0
user_72421,2022-09-18 14:14:00,24,10,3,0,4,0,6,3,15,4,20,6,1,3.834762,4.007958,4.816539,0.12,0.0,0.42,0.618972,0.668459,1
user_72422,2022-09-30 20:00:00,25,8,7,1,3,2,9,18,13,6,7,4,0,6.285988,0.89875,5.569174,0.28,0.14,0.32,0.860447,0.929406,0
user_72423,2022-09-11 07:26:00,19,10,12,0,2,0,20,1,0,8,4,6,1,1.445013,0.632446,7.84871,0.63,0.0,0.53,0.707245,0.363231,0
user_72424,2022-10-09 14:06:00,15,14,9,0,0,2,6,16,1,20,6,6,1,9.826955,7.032413,7.88384,0.6,0.0,0.93,0.779048,0.582785,0
user_72425,2022-10-04 18:04:00,12,9,10,0,2,2,10,14,16,4,4,1,0,4.74494,5.362056,9.758595,0.83,0.0,0.75,0.679097,0.558,0
user_72426,2022-09-14 07:23:00,11,13,10,1,0,2,0,17,6,1,19,2,0,3.518666,6.279838,8.539019,0.91,0.1,1.18,0.635329,0.818022,1
user_72427,2022-10-11 09:00:00,24,15,8,0,1,0,15,3,0,4,10,1,0,6.407832,10.249044,4.951524,0.33,0.0,0.62,0.917346,0.985549,0
user_72428,2022-09-25 20:57:00,17,9,8,1,2,2,16,8,7,19,6,6,1,1.419359,2.013088,9.807386,0.47,0.12,0.53,0.863275,0.322319,0
user_72429,2022-09-02 02:39:00,20,8,13,0,2,3,3,4,10,15,15,4,0,3.512695,3.074083,4.010344,0.65,0.0,0.4,0.64686,0.827947,0
user_72430,2022-09-19 16:31:00,18,7,8,1,1,1,5,1,11,18,5,0,0,7.348795,2.982149,10.396686,0.44,0.12,0.39,0.849973,0.655325,0
user_72431,2022-09-12 02:12:00,26,10,8,0,3,1,7,1,20,19,0,0,0,8.610217,5.510308,4.119573,0.31,0.0,0.38,0.439464,0.802073,0
user_72432,2022-09-08 00:00:00,16,9,8,1,1,1,18,1,12,19,3,3,0,4.084272,0.224223,4.075636,0.5,0.12,0.56,0.39933,0.978007,0
user_72433,2022-09-07 14:24:00,27,9,3,0,4,0,7,11,2,4,4,2,0,4.804882,6.379582,4.989388,0.11,0.0,0.33,0.942872,0.948197,0
user_72434,2022-10-23 04:02:00,15,12,10,0,2,2,8,11,14,5,11,6,1,1.430593,5.223568,8.227744,0.67,0.0,0.8,0.464158,0.300394,0
user_72435,2022-09-28 05:35:00,13,16,7,0,0,1,1,15,10,20,0,2,0,3.459273,3.819672,2.40677,0.54,0.0,1.23,0.848638,0.68994,0
user_72436,2022-10-01 03:06:00,20,18,4,0,0,2,14,8,0,2,10,5,1,2.742724,0.473576,9.312913,0.2,0.0,0.9,0.773517,0.852712,0
user_72437,2022-10-22 03:20:00,22,14,11,0,1,1,13,11,8,9,13,5,1,8.23226,2.980976,5.768396,0.5,0.0,0.64,0.473733,0.376478,0
user_72438,2022-10-08 23:37:00,17,12,7,0,1,0,1,4,17,9,8,5,1,5.411949,0.801014,6.070352,0.41,0.0,0.71,0.895531,0.740741,0
user_72439,2022-10-08 00:37:00,19,8,9,1,2,1,6,0,2,3,18,5,1,6.054425,6.067663,9.637701,0.47,0.11,0.42,0.882429,0.485537,0
user_72440,2022-09-24 15:46:00,23,7,9,1,0,2,20,11,13,10,4,5,1,4.357042,2.876634,9.084576,0.39,0.11,0.3,0.81395,0.544851,0
user_72441,2022-09-21 09:27:00,14,13,7,0,4,0,20,5,11,19,20,2,0,1.974637,7.491611,4.766235,0.5,0.0,0.93,0.753033,0.394462,1
user_72442,2022-09-10 05:39:00,16,8,13,0,2,3,0,3,5,9,7,5,1,5.694711,4.154545,4.80239,0.81,0.0,0.5,0.852742,0.568183,0
user_72443,2022-09-17 19:17:00,22,11,6,1,4,0,5,2,15,1,9,5,1,3.571577,6.79238,3.3058,0.27,0.17,0.5,0.870831,0.885834,0
user_72444,2022-10-06 05:53:00,18,7,11,0,2,0,8,19,18,9,18,3,0,5.27444,7.423789,10.868675,0.61,0.0,0.39,0.330318,0.974278,0
user_72445,2022-10-10 23:13:00,20,6,6,0,0,1,3,18,7,20,9,0,0,8.968919,4.236363,9.38461,0.3,0.0,0.3,0.623909,0.727922,0
user_72446,2022-09-22 20:01:00,18,10,9,0,2,0,19,9,7,4,14,3,0,7.583168,3.219479,8.401651,0.5,0.0,0.56,0.944802,0.859427,0
user_72447,2022-10-14 09:44:00,17,10,9,1,0,3,7,11,6,16,11,4,0,8.668125,1.49788,7.730365,0.53,0.11,0.59,0.796289,0.591245,0
user_72448,2022-10-17 04:48:00,16,11,5,2,3,1,3,5,6,19,8,0,0,0.276175,9.668796,8.873783,0.31,0.4,0.69,0.525274,0.833484,0
user_72449,2022-09-18 04:47:00,19,11,4,0,1,0,8,19,18,5,20,6,1,11.154628,3.173146,5.867007,0.21,0.0,0.58,0.732558,0.820841,1
user_72450,2022-10-19 13:47:00,22,11,14,0,4,2,12,14,5,12,9,2,0,4.278698,10.762088,4.191286,0.64,0.0,0.5,0.411655,0.324607,0
user_72451,2022-10-03 12:34:00,12,14,7,0,1,1,9,2,17,4,18,0,0,2.66138,1.385709,7.00636,0.58,0.0,1.17,0.645055,0.634118,0
user_72452,2022-09-14 15:21:00,21,6,9,0,1,1,0,8,3,14,14,2,0,7.934748,2.777418,3.20275,0.43,0.0,0.29,0.638649,0.428388,0
user_72453,2022-09-05 02:29:00,14,7,8,1,1,1,2,14,15,10,18,0,0,1.775638,4.136819,7.393231,0.57,0.12,0.5,0.408381,0.587999,0
user_72454,2022-09-12 12:29:00,23,9,6,0,1,2,4,13,14,15,13,0,0,0.910838,2.191635,3.674761,0.26,0.0,0.39,0.792862,0.363713,0
user_72455,2022-10-07 12:44:00,24,8,6,0,2,0,2,10,2,14,18,4,0,1.76577,3.470148,6.205128,0.25,0.0,0.33,0.420353,0.676239,0
user_72456,2022-09-01 09:25:00,16,5,9,1,3,1,19,8,17,20,6,3,0,3.461801,5.048931,5.966316,0.56,0.11,0.31,0.811758,0.453804,0
user_72457,2022-09-26 07:56:00,28,10,13,0,3,3,17,19,7,12,6,0,0,2.975717,2.236454,10.544939,0.46,0.0,0.36,0.675956,0.616718,0
user_72458,2022-09-01 00:39:00,16,7,5,0,2,1,17,2,1,8,14,3,0,8.60393,2.240523,5.830504,0.31,0.0,0.44,0.41636,0.492771,0
user_72459,2022-10-15 09:18:00,8,10,7,0,0,0,16,19,20,10,2,5,1,9.161508,7.930547,1.82817,0.88,0.0,1.25,0.315368,0.749798,0
user_72460,2022-10-23 21:07:00,25,7,10,1,0,5,13,13,8,18,17,6,1,4.20887,4.305872,7.895456,0.4,0.1,0.28,0.752643,0.738519,0
user_72461,2022-10-11 23:24:00,16,13,9,0,2,0,19,10,17,5,14,1,0,7.625361,5.477707,1.112123,0.56,0.0,0.81,0.462464,0.403804,0
user_72462,2022-10-22 07:06:00,28,10,7,0,2,3,1,12,16,11,18,5,1,8.663139,7.559852,7.185825,0.25,0.0,0.36,0.385893,0.98134,0
user_72463,2022-10-18 05:26:00,25,13,6,0,1,0,12,1,17,14,0,1,0,6.574942,3.863922,10.086487,0.24,0.0,0.52,0.643119,0.385107,0
user_72464,2022-10-11 17:28:00,17,12,7,2,2,2,18,18,5,18,5,1,0,11.193987,10.853517,8.565955,0.41,0.29,0.71,0.318138,0.995796,0
user_72465,2022-10-21 17:21:00,33,9,11,0,2,2,8,5,9,11,1,4,0,0.896602,9.628011,12.072879,0.33,0.0,0.27,0.75298,0.628034,0
user_72466,2022-09-06 22:43:00,23,11,6,0,2,2,0,6,7,13,11,1,0,3.680113,2.954407,7.006594,0.26,0.0,0.48,0.93295,0.904317,0
user_72467,2022-10-01 19:24:00,25,9,6,0,3,1,16,12,16,14,20,5,1,8.083818,7.022362,3.106073,0.24,0.0,0.36,0.684778,0.494992,1
user_72468,2022-09-30 03:13:00,17,4,13,1,5,2,14,19,7,4,12,4,0,8.23083,3.628825,6.403135,0.76,0.08,0.24,0.349308,0.55961,0
user_72469,2022-09-18 06:23:00,23,4,8,0,3,0,10,8,1,18,0,6,1,5.945322,11.34991,7.602547,0.35,0.0,0.17,0.301667,0.738635,0
user_72470,2022-09-02 06:27:00,14,10,9,0,3,1,20,3,4,6,20,4,0,5.006431,6.791765,11.489496,0.64,0.0,0.71,0.69464,0.887844,1
user_72471,2022-09-25 15:43:00,25,4,12,0,3,2,5,0,19,3,17,6,1,8.219583,6.56344,6.93878,0.48,0.0,0.16,0.336555,0.66376,0
user_72472,2022-10-25 15:28:00,25,9,7,1,3,1,0,12,18,19,20,1,0,6.837783,4.752469,9.567646,0.28,0.14,0.36,0.80899,0.595335,1
user_72473,2022-09-09 13:51:00,23,12,9,1,2,0,7,12,10,13,3,4,0,6.8181,9.922356,10.502373,0.39,0.11,0.52,0.668834,0.472054,0
user_72474,2022-09-10 18:07:00,14,9,7,1,2,2,8,8,12,4,15,5,1,7.050842,12.535618,6.233762,0.5,0.14,0.64,0.847492,0.659237,0
user_72475,2022-10-14 11:41:00,16,10,6,1,3,0,8,10,7,12,10,4,0,6.377957,3.987025,12.826252,0.38,0.17,0.62,0.906041,0.917314,0
user_72476,2022-10-25 13:03:00,25,5,6,0,3,2,3,15,15,0,20,1,0,4.484124,6.646861,6.275281,0.24,0.0,0.2,0.8741,0.533809,1
user_72477,2022-09-10 09:57:00,20,10,8,0,1,0,10,6,5,9,17,5,1,6.703962,5.60671,2.592283,0.4,0.0,0.5,0.794594,0.686173,0
user_72478,2022-09-07 21:27:00,20,14,8,1,1,2,10,5,16,4,12,2,0,1.756937,5.998937,9.428064,0.4,0.12,0.7,0.956956,0.541466,0
user_72479,2022-09-14 10:12:00,19,7,9,2,1,2,9,20,4,9,9,2,0,8.991876,10.080326,7.907581,0.47,0.22,0.37,0.851517,0.327947,0
user_72480,2022-09-13 08:28:00,20,4,6,0,0,1,19,13,19,9,15,1,0,1.098749,2.405384,3.619233,0.3,0.0,0.2,0.442988,0.5033,0
user_72481,2022-10-27 02:35:00,25,11,9,1,4,1,2,14,13,7,1,3,0,3.402388,3.261711,8.421769,0.36,0.11,0.44,0.734176,0.656615,0
user_72482,2022-09-17 00:22:00,15,8,5,0,4,2,14,20,16,1,19,5,1,4.443702,8.985564,5.73445,0.33,0.0,0.53,0.967261,0.302964,1
user_72483,2022-09-24 16:56:00,20,9,9,1,2,2,19,15,6,2,20,5,1,4.154947,7.61075,7.50641,0.45,0.11,0.45,0.732878,0.746864,1
user_72484,2022-10-01 09:00:00,23,7,8,0,1,1,17,2,1,3,19,5,1,5.271392,6.008853,6.59313,0.35,0.0,0.3,0.749465,0.334273,1
user_72485,2022-09-16 02:29:00,21,10,9,0,1,3,2,3,17,4,2,4,0,7.481393,2.203085,15.115521,0.43,0.0,0.48,0.483287,0.84732,0
user_72486,2022-10-28 00:03:00,12,12,7,0,0,3,1,2,10,13,6,4,0,1.775773,1.010776,5.258768,0.58,0.0,1.0,0.810612,0.753492,0
user_72487,2022-09-03 12:11:00,18,7,5,0,3,1,19,4,0,3,13,5,1,3.953588,6.19094,5.731565,0.28,0.0,0.39,0.587238,0.813323,0
user_72488,2022-10-20 22:34:00,13,7,14,0,3,3,7,4,2,19,12,3,0,0.173955,7.100076,1.993616,1.08,0.0,0.54,0.979635,0.725634,0
user_72489,2022-10-11 13:02:00,21,8,11,1,2,1,13,18,18,4,12,1,0,3.475926,5.611009,8.964062,0.52,0.09,0.38,0.577562,0.625435,0
user_72490,2022-10-22 22:53:00,16,11,8,0,1,1,14,12,5,11,17,5,1,7.345434,5.997494,8.333751,0.5,0.0,0.69,0.960474,0.684313,0
user_72491,2022-09-30 08:20:00,27,7,6,0,3,1,0,9,12,15,12,4,0,3.058886,7.0721,1.13658,0.22,0.0,0.26,0.850157,0.748211,0
user_72492,2022-09-27 06:58:00,18,13,8,3,3,2,9,9,20,1,3,1,0,8.109739,1.661452,6.022478,0.44,0.38,0.72,0.394234,0.488787,0
user_72493,2022-09-24 11:32:00,16,11,10,1,1,1,9,16,14,9,5,5,1,4.118459,6.831613,5.456682,0.62,0.1,0.69,0.653168,0.65414,0
user_72494,2022-09-30 23:18:00,24,7,4,0,1,0,1,13,3,8,5,4,0,8.021263,2.560864,4.058569,0.17,0.0,0.29,0.304059,0.348715,0
user_72495,2022-10-05 13:59:00,12,11,8,0,2,2,11,3,2,18,4,2,0,4.339825,5.065312,5.899286,0.67,0.0,0.92,0.927437,0.776183,0
user_72496,2022-09-12 10:24:00,25,11,11,1,2,5,4,6,4,17,13,0,0,8.756709,7.52809,12.741284,0.44,0.09,0.44,0.954875,0.755202,0
user_72497,2022-09-09 08:10:00,21,10,6,1,4,3,13,15,7,6,16,4,0,6.169142,4.964492,4.114156,0.29,0.17,0.48,0.317291,0.393234,0
user_72498,2022-10-13 09:37:00,20,6,5,0,4,0,15,10,17,18,13,3,0,4.588565,4.286624,2.20115,0.25,0.0,0.3,0.452391,0.784772,0
user_72499,2022-10-07 02:56:00,18,14,5,0,2,3,20,1,2,2,16,4,0,4.011682,4.377817,6.770277,0.28,0.0,0.78,0.503941,0.546208,0
user_72500,2022-10-06 19:49:00,17,10,9,1,0,2,8,3,0,0,14,3,0,2.482569,9.062348,10.621976,0.53,0.11,0.59,0.734501,0.481982,0
user_72501,2022-10-20 10:37:00,17,9,14,0,1,4,20,4,16,4,19,3,0,2.324527,9.595783,6.868411,0.82,0.0,0.53,0.707228,0.373787,1
user_72502,2022-10-23 09:23:00,17,12,11,0,0,4,15,18,4,12,0,6,1,6.719612,3.444687,0.880508,0.65,0.0,0.71,0.41098,0.522355,0
user_72503,2022-10-13 18:52:00,20,9,13,1,4,1,3,5,17,12,8,3,0,5.25236,11.223919,5.525511,0.65,0.08,0.45,0.329874,0.491792,0
user_72504,2022-10-21 12:12:00,15,11,7,1,2,3,6,3,4,11,11,4,0,7.226073,7.105787,2.124918,0.47,0.14,0.73,0.849699,0.521692,0
user_72505,2022-10-25 09:01:00,22,13,13,0,2,2,1,9,16,8,4,1,0,3.895444,6.778042,3.595011,0.59,0.0,0.59,0.577157,0.514822,0
user_72506,2022-10-09 09:04:00,25,10,6,0,2,1,4,8,3,11,3,6,1,5.56247,3.921708,12.870504,0.24,0.0,0.4,0.622164,0.784584,0
user_72507,2022-10-21 08:25:00,19,14,11,2,3,0,17,6,1,2,4,4,0,2.065079,9.337619,7.807702,0.58,0.18,0.74,0.976625,0.560521,0
user_72508,2022-09-20 06:52:00,16,9,10,1,1,2,6,19,13,11,17,1,0,4.537,2.790758,4.860518,0.62,0.1,0.56,0.803494,0.863399,0
user_72509,2022-10-01 10:58:00,34,6,16,0,2,3,8,5,1,11,13,5,1,4.778232,3.71002,9.243197,0.47,0.0,0.18,0.851478,0.31046,0
user_72510,2022-10-09 03:17:00,19,11,9,2,1,2,5,14,16,9,12,6,1,4.96116,8.594619,6.366385,0.47,0.22,0.58,0.410576,0.614577,0
user_72511,2022-09-24 12:50:00,15,11,9,0,2,3,15,3,10,17,15,5,1,3.275823,6.330431,6.836837,0.6,0.0,0.73,0.710273,0.799105,0
user_72512,2022-10-22 13:47:00,18,6,5,0,1,1,6,2,13,10,2,5,1,3.595459,3.610179,14.636632,0.28,0.0,0.33,0.925032,0.709893,0
user_72513,2022-10-27 09:35:00,21,10,11,0,1,3,11,16,13,10,7,3,0,1.530287,7.647821,7.370438,0.52,0.0,0.48,0.37098,0.646284,0
user_72514,2022-09-15 00:08:00,26,11,3,0,7,0,14,12,17,17,16,3,0,7.374453,4.379109,4.377028,0.12,0.0,0.42,0.344059,0.777829,0
user_72515,2022-09-28 04:14:00,22,15,8,0,4,3,9,14,2,5,3,2,0,8.525374,3.350913,9.457339,0.36,0.0,0.68,0.490808,0.535589,0
user_72516,2022-09-30 04:44:00,20,5,10,0,1,5,13,18,2,7,19,4,0,11.80751,4.058806,2.920775,0.5,0.0,0.25,0.835483,0.888536,1
user_72517,2022-09-14 13:11:00,25,13,4,2,3,1,12,13,1,2,14,2,0,7.545911,6.56607,6.023089,0.16,0.5,0.52,0.777388,0.847501,0
user_72518,2022-10-18 13:18:00,23,8,9,0,2,3,0,3,7,5,2,1,0,1.681656,1.630416,8.435592,0.39,0.0,0.35,0.595777,0.950358,0
user_72519,2022-10-19 00:05:00,16,12,6,1,0,3,1,16,13,7,12,2,0,5.019669,0.874783,7.841294,0.38,0.17,0.75,0.673159,0.985859,0
user_72520,2022-09-13 00:10:00,18,5,8,1,4,1,6,5,2,18,15,1,0,3.03076,1.851463,1.733783,0.44,0.12,0.28,0.550427,0.379948,0
user_72521,2022-10-11 13:10:00,17,8,4,0,3,1,10,8,10,20,19,1,0,1.540555,7.131519,6.584891,0.24,0.0,0.47,0.462994,0.591149,1
user_72522,2022-09-26 07:38:00,13,13,4,1,0,1,5,9,7,8,7,0,0,4.341151,4.785889,9.794105,0.31,0.25,1.0,0.46651,0.360537,0
user_72523,2022-09-15 17:22:00,16,11,12,1,1,4,4,2,3,15,1,3,0,7.577274,3.315825,10.397951,0.75,0.08,0.69,0.51523,0.556581,0
user_72524,2022-09-30 21:41:00,15,9,9,1,3,2,11,8,10,20,4,4,0,1.561541,3.020633,9.475828,0.6,0.11,0.6,0.357943,0.647104,0
user_72525,2022-10-26 12:07:00,11,4,8,1,0,0,20,9,0,12,5,2,0,5.728991,0.178625,4.066772,0.73,0.12,0.36,0.918402,0.81883,0
user_72526,2022-09-16 04:03:00,27,8,9,1,3,2,16,15,6,18,16,4,0,2.730972,8.951896,6.966415,0.33,0.11,0.3,0.820988,0.817406,0
user_72527,2022-10-20 02:50:00,19,12,5,0,3,0,13,10,4,1,20,3,0,3.632885,5.719008,9.627151,0.26,0.0,0.63,0.690185,0.884896,1
user_72528,2022-09-11 18:42:00,22,10,8,1,2,1,7,19,8,10,11,6,1,3.043841,6.838454,6.571212,0.36,0.12,0.45,0.836859,0.478312,0
user_72529,2022-09-04 06:07:00,18,9,5,0,2,0,9,16,16,14,0,6,1,4.580203,6.732468,3.006312,0.28,0.0,0.5,0.467167,0.956732,0
user_72530,2022-10-22 16:42:00,17,10,8,1,2,2,11,8,14,13,17,5,1,3.621796,2.216454,9.371816,0.47,0.12,0.59,0.851985,0.496034,0
user_72531,2022-10-25 01:40:00,20,7,3,2,2,0,13,10,20,18,12,1,0,7.160519,8.067021,6.906077,0.15,0.67,0.35,0.755816,0.661022,0
user_72532,2022-10-12 04:07:00,16,5,9,0,3,2,18,18,6,8,10,2,0,3.104244,1.39052,3.34203,0.56,0.0,0.31,0.68162,0.365536,0
user_72533,2022-09-19 03:13:00,12,6,7,0,0,1,18,1,5,12,5,0,0,7.345421,3.73266,7.437745,0.58,0.0,0.5,0.825894,0.657552,0
user_72534,2022-10-19 05:42:00,21,14,8,1,1,0,6,16,3,18,12,2,0,6.322079,9.364487,4.382906,0.38,0.12,0.67,0.395159,0.401738,0
user_72535,2022-10-15 02:30:00,14,7,11,2,0,3,0,7,2,0,6,5,1,5.69075,1.146293,5.76923,0.79,0.18,0.5,0.35553,0.433017,0
user_72536,2022-09-26 03:59:00,18,11,5,1,3,1,16,7,1,14,9,0,0,0.134583,8.791874,7.7335,0.28,0.2,0.61,0.584612,0.51166,0
user_72537,2022-09-03 19:34:00,16,9,15,1,2,3,10,8,3,20,20,5,1,0.702851,6.065312,4.569443,0.94,0.07,0.56,0.583695,0.681998,1
user_72538,2022-09-30 21:45:00,20,12,7,2,0,0,17,7,12,7,8,4,0,12.857398,4.126886,4.563837,0.35,0.29,0.6,0.558557,0.995299,0
user_72539,2022-10-19 08:44:00,20,10,8,1,0,0,11,18,7,18,7,2,0,8.89211,7.30658,4.562674,0.4,0.12,0.5,0.613647,0.539607,0
user_72540,2022-10-28 19:05:00,23,12,11,0,2,0,20,12,15,19,4,4,0,14.40308,5.892569,8.556132,0.48,0.0,0.52,0.35234,0.580446,0
user_72541,2022-10-19 01:44:00,18,8,4,0,1,2,0,7,5,6,5,2,0,2.068532,1.535382,5.833622,0.22,0.0,0.44,0.844257,0.385225,0
user_72542,2022-10-07 19:17:00,28,10,10,2,3,4,7,6,16,11,19,4,0,9.181934,3.226803,10.365818,0.36,0.2,0.36,0.879833,0.570876,1
user_72543,2022-09-29 09:48:00,23,8,5,0,3,1,3,15,18,10,11,3,0,4.789796,5.087336,12.641705,0.22,0.0,0.35,0.771122,0.351928,0
user_72544,2022-10-15 10:57:00,14,9,6,0,2,1,3,3,17,14,19,5,1,5.911789,8.160575,6.380148,0.43,0.0,0.64,0.631061,0.877484,1
user_72545,2022-10-30 14:16:00,19,11,13,0,4,0,1,7,10,19,15,6,1,1.379349,3.479402,5.76397,0.68,0.0,0.58,0.961818,0.682397,0
user_72546,2022-10-24 13:46:00,20,10,14,0,0,5,3,2,10,4,6,0,0,0.309504,2.046293,3.407077,0.7,0.0,0.5,0.531717,0.439658,0
user_72547,2022-10-12 12:50:00,20,9,7,1,1,0,16,14,8,12,14,2,0,6.351256,9.210571,8.602046,0.35,0.14,0.45,0.312632,0.676603,0
user_72548,2022-10-12 11:46:00,15,14,8,0,2,1,5,2,17,17,8,2,0,5.242938,9.582207,11.358102,0.53,0.0,0.93,0.422248,0.640146,0
user_72549,2022-09-10 19:59:00,17,9,7,1,2,2,8,3,1,12,11,5,1,10.103149,1.06927,8.357295,0.41,0.14,0.53,0.38297,0.470063,0
user_72550,2022-09-27 23:03:00,14,16,9,1,1,3,3,8,0,3,0,1,0,7.651096,5.180292,2.594342,0.64,0.11,1.14,0.983336,0.608839,0
user_72551,2022-09-22 07:41:00,13,10,12,0,2,0,8,6,11,14,19,3,0,5.41019,5.40025,1.152407,0.92,0.0,0.77,0.389926,0.973412,1
user_72552,2022-09-26 05:36:00,25,11,6,2,2,1,4,8,3,17,14,0,0,5.923804,7.169638,10.669884,0.24,0.33,0.44,0.799792,0.453829,0
user_72553,2022-09-28 03:43:00,19,10,9,1,2,1,13,18,4,11,4,2,0,2.481991,6.39631,9.417617,0.47,0.11,0.53,0.800887,0.623052,0
user_72554,2022-10-29 01:45:00,18,12,10,0,3,2,17,15,0,13,14,5,1,4.90326,3.697948,4.493691,0.56,0.0,0.67,0.990439,0.527013,0
user_72555,2022-10-15 21:44:00,15,11,6,1,1,0,1,1,0,11,17,5,1,3.42407,3.290877,7.081201,0.4,0.17,0.73,0.431089,0.345125,0
user_72556,2022-09-04 17:18:00,16,14,13,0,2,6,0,18,8,9,2,6,1,4.428169,5.726771,7.233024,0.81,0.0,0.88,0.846493,0.476343,0
user_72557,2022-10-19 18:50:00,20,9,9,0,1,2,0,19,15,13,13,2,0,1.543277,5.738281,6.170409,0.45,0.0,0.45,0.598025,0.784551,0
user_72558,2022-09-28 10:48:00,28,9,5,1,1,1,19,6,17,1,4,2,0,3.833098,7.68527,7.693216,0.18,0.2,0.32,0.631265,0.946815,0
user_72559,2022-10-15 04:02:00,22,9,8,0,4,1,4,13,9,16,6,5,1,0.296168,1.920819,3.159417,0.36,0.0,0.41,0.845591,0.979975,0
user_72560,2022-10-03 16:26:00,22,11,16,0,1,4,15,15,10,8,18,0,0,1.980402,4.616823,5.663561,0.73,0.0,0.5,0.482307,0.874764,0
user_72561,2022-09-16 03:32:00,13,7,7,0,0,2,14,3,11,1,20,4,0,7.832407,11.618213,5.980772,0.54,0.0,0.54,0.801996,0.660854,1
user_72562,2022-09-10 00:25:00,15,7,10,1,1,1,16,7,0,15,12,5,1,7.462815,12.607247,13.381131,0.67,0.1,0.47,0.990282,0.334794,0
user_72563,2022-09-05 13:09:00,21,14,10,0,0,1,20,9,12,14,4,0,0,8.913476,5.164436,3.038265,0.48,0.0,0.67,0.400202,0.916241,0
user_72564,2022-10-16 07:32:00,14,13,5,1,0,2,19,2,9,8,6,6,1,8.592632,8.28969,7.364847,0.36,0.2,0.93,0.536649,0.531793,0
user_72565,2022-10-18 16:38:00,24,6,2,0,5,1,7,2,2,0,4,1,0,7.457261,3.189598,3.07222,0.08,0.0,0.25,0.979774,0.546709,0
user_72566,2022-10-01 09:11:00,17,8,6,1,3,2,20,1,0,12,17,5,1,3.443589,3.917257,10.294824,0.35,0.17,0.47,0.39355,0.688875,0
user_72567,2022-09-07 17:25:00,16,9,6,0,2,0,14,3,8,17,16,2,0,2.411206,2.670941,4.253187,0.38,0.0,0.56,0.321079,0.750771,0
user_72568,2022-09-08 19:46:00,21,12,6,0,3,2,4,14,6,19,10,3,0,4.977015,5.100683,6.24204,0.29,0.0,0.57,0.705875,0.987757,0
user_72569,2022-09-21 15:52:00,22,11,9,0,3,1,17,17,4,8,6,2,0,1.697896,1.381147,5.165334,0.41,0.0,0.5,0.741536,0.804365,0
user_72570,2022-10-20 02:12:00,18,7,8,1,1,3,10,14,4,14,16,3,0,2.88968,6.928897,6.507976,0.44,0.12,0.39,0.577147,0.649038,0
user_72571,2022-10-29 09:28:00,19,10,6,1,3,1,19,12,7,5,14,5,1,10.075021,8.941509,0.696921,0.32,0.17,0.53,0.540749,0.58719,0
user_72572,2022-09-26 09:59:00,20,9,8,1,3,3,7,3,3,0,14,0,0,2.997739,5.126593,3.695487,0.4,0.12,0.45,0.826813,0.631549,0
user_72573,2022-09-24 10:37:00,17,10,8,0,2,1,2,11,8,11,13,5,1,5.305751,5.535148,8.473187,0.47,0.0,0.59,0.925735,0.437757,0
user_72574,2022-09-28 04:18:00,17,8,11,0,4,3,17,14,11,18,17,2,0,2.126853,7.571905,7.670591,0.65,0.0,0.47,0.630733,0.427685,0
user_72575,2022-10-18 06:03:00,25,11,11,0,2,5,3,5,20,14,5,1,0,1.965424,7.831966,1.434354,0.44,0.0,0.44,0.801649,0.501272,0
user_72576,2022-09-02 21:07:00,30,11,9,0,1,2,6,2,0,10,9,4,0,6.265996,4.594378,3.230077,0.3,0.0,0.37,0.603401,0.903798,0
user_72577,2022-09-16 19:27:00,23,12,9,0,2,2,3,8,8,13,0,4,0,4.964998,9.315162,4.739402,0.39,0.0,0.52,0.69451,0.846952,0
user_72578,2022-09-28 18:24:00,18,8,11,1,1,3,1,20,14,19,0,2,0,5.004514,1.743332,5.326204,0.61,0.09,0.44,0.715382,0.318275,0
user_72579,2022-10-30 18:17:00,21,8,10,0,2,0,9,14,14,12,19,6,1,7.970395,6.073961,11.81889,0.48,0.0,0.38,0.63506,0.674055,1
user_72580,2022-09-29 01:51:00,24,5,11,1,1,0,14,3,20,18,17,3,0,1.308022,0.627235,6.484349,0.46,0.09,0.21,0.825919,0.379046,0
user_72581,2022-09-20 20:27:00,13,16,9,1,4,0,4,1,9,2,5,1,0,5.46778,10.75265,9.799031,0.69,0.11,1.23,0.749339,0.361922,0
user_72582,2022-10-30 11:14:00,18,14,6,1,1,0,15,5,17,4,0,6,1,0.796697,6.551061,9.243117,0.33,0.17,0.78,0.944191,0.753958,0
user_72583,2022-10-11 19:38:00,17,8,6,0,2,0,7,8,0,11,8,1,0,6.082583,4.130662,7.924218,0.35,0.0,0.47,0.875692,0.596298,0
user_72584,2022-09-27 13:39:00,19,5,7,1,3,2,16,20,19,15,13,1,0,7.320075,0.325953,11.506452,0.37,0.14,0.26,0.568577,0.741102,0
user_72585,2022-09-08 04:09:00,14,8,11,1,3,3,5,18,19,4,20,3,0,0.590872,4.54313,9.519122,0.79,0.09,0.57,0.738359,0.386636,1
user_72586,2022-09-06 00:58:00,29,7,10,1,4,4,12,3,4,0,2,1,0,7.361813,9.817618,12.719965,0.34,0.1,0.24,0.64716,0.634138,0
user_72587,2022-10-20 11:43:00,22,15,12,1,2,2,18,15,18,15,18,3,0,2.326508,6.070243,8.274077,0.55,0.08,0.68,0.743234,0.686874,0
user_72588,2022-09-16 03:44:00,19,6,6,0,0,0,8,12,10,3,6,4,0,6.091889,5.796512,8.494238,0.32,0.0,0.32,0.934067,0.888722,0
user_72589,2022-10-30 16:49:00,21,13,7,0,2,1,9,20,14,6,1,6,1,6.406896,0.536648,4.839418,0.33,0.0,0.62,0.376191,0.844205,0
user_72590,2022-10-05 07:02:00,19,8,10,2,2,0,16,11,7,9,5,2,0,4.879091,1.821483,6.631182,0.53,0.2,0.42,0.67647,0.550293,0
user_72591,2022-10-21 03:00:00,22,9,10,2,1,2,20,7,4,13,2,4,0,6.656459,2.978908,8.095347,0.45,0.2,0.41,0.719196,0.846206,0
user_72592,2022-10-16 22:25:00,21,13,11,0,1,2,11,3,5,14,11,6,1,3.410675,2.360744,10.626728,0.52,0.0,0.62,0.860681,0.300092,0
user_72593,2022-10-18 12:54:00,16,8,6,1,2,3,4,6,20,10,16,1,0,5.967018,1.51881,10.914598,0.38,0.17,0.5,0.676625,0.485951,0
user_72594,2022-10-04 10:03:00,15,16,4,1,5,0,9,2,0,3,4,1,0,0.8604,10.906749,9.12887,0.27,0.25,1.07,0.944832,0.317851,0
user_72595,2022-10-28 05:30:00,20,8,9,0,1,2,18,5,13,20,13,4,0,5.390582,2.611374,5.950343,0.45,0.0,0.4,0.36469,0.365248,0
user_72596,2022-10-03 07:37:00,17,4,8,1,0,0,8,7,10,9,18,0,0,3.293914,8.769849,4.837159,0.47,0.12,0.24,0.922436,0.97671,0
user_72597,2022-09-22 07:14:00,20,14,11,0,2,2,12,6,18,1,16,3,0,2.796775,2.934256,4.868458,0.55,0.0,0.7,0.31477,0.340547,0
user_72598,2022-09-26 02:43:00,16,12,9,1,2,1,19,11,3,6,17,0,0,2.080382,6.412739,4.397886,0.56,0.11,0.75,0.974789,0.803953,0
user_72599,2022-10-30 08:06:00,15,7,10,0,2,2,19,4,19,9,5,6,1,8.250838,8.776091,3.006581,0.67,0.0,0.47,0.727689,0.700277,0
user_72600,2022-09-24 05:16:00,28,7,7,1,3,0,20,13,18,10,17,5,1,4.130496,4.514337,4.139851,0.25,0.14,0.25,0.756006,0.901302,0
user_72601,2022-10-30 23:15:00,27,10,8,1,3,1,20,19,0,20,10,6,1,3.71993,9.971096,9.09666,0.3,0.12,0.37,0.775894,0.715828,0
user_72602,2022-10-13 21:21:00,21,11,7,0,4,1,10,9,0,13,4,3,0,6.529735,4.929851,6.682211,0.33,0.0,0.52,0.970045,0.852743,0
user_72603,2022-10-15 22:08:00,27,8,14,1,1,2,14,5,18,7,18,5,1,6.985766,4.866581,9.185478,0.52,0.07,0.3,0.753733,0.507721,0
user_72604,2022-09-12 23:31:00,16,13,5,0,1,0,2,11,20,20,2,0,0,3.395978,1.417149,5.425434,0.31,0.0,0.81,0.948151,0.719131,0
user_72605,2022-10-07 01:31:00,19,7,9,0,2,4,3,10,13,9,13,4,0,2.9061,4.362246,11.42618,0.47,0.0,0.37,0.615568,0.967427,0
user_72606,2022-10-14 06:13:00,18,13,10,2,3,4,3,14,4,18,20,4,0,10.274477,1.072615,5.805983,0.56,0.2,0.72,0.812975,0.475591,1
user_72607,2022-09-16 17:22:00,28,6,11,0,1,6,2,10,8,0,19,4,0,4.827999,2.038446,3.132744,0.39,0.0,0.21,0.382478,0.572477,1
user_72608,2022-10-16 19:03:00,19,5,10,0,3,1,16,12,20,18,5,6,1,8.676693,10.398671,6.194139,0.53,0.0,0.26,0.746209,0.817675,0
user_72609,2022-09-14 16:37:00,20,11,10,1,5,2,5,16,2,12,10,2,0,5.472253,5.219073,8.39328,0.5,0.1,0.55,0.431163,0.637555,0
user_72610,2022-09-06 21:29:00,25,6,7,0,1,3,3,10,17,5,4,1,0,6.469925,4.351225,5.073493,0.28,0.0,0.24,0.36524,0.557704,0
user_72611,2022-09-21 17:30:00,21,12,7,2,1,1,1,18,17,3,11,2,0,5.741353,0.754777,6.666621,0.33,0.29,0.57,0.575048,0.644469,0
user_72612,2022-10-06 07:00:00,15,15,5,1,1,1,19,4,3,14,9,3,0,9.111194,2.60585,4.567957,0.33,0.2,1.0,0.546498,0.96334,0
user_72613,2022-09-02 09:51:00,24,12,9,0,3,3,13,0,14,6,7,4,0,3.088794,9.651806,6.582423,0.38,0.0,0.5,0.872309,0.802234,0
user_72614,2022-09-18 03:53:00,22,9,6,0,0,3,10,19,18,10,18,6,1,2.202133,6.153798,8.447547,0.27,0.0,0.41,0.693105,0.398769,0
user_72615,2022-10-10 16:01:00,27,13,10,0,0,1,9,19,8,1,18,0,0,1.728157,7.673478,3.656207,0.37,0.0,0.48,0.307822,0.368865,0
user_72616,2022-10-13 23:53:00,21,7,9,0,3,3,15,17,18,15,14,3,0,7.058158,2.889767,5.019301,0.43,0.0,0.33,0.996093,0.314993,0
user_72617,2022-10-18 03:13:00,17,8,11,2,3,3,1,5,15,19,3,1,0,4.443944,5.334033,7.10633,0.65,0.18,0.47,0.641764,0.748006,0
user_72618,2022-10-03 06:00:00,24,10,4,1,2,0,10,4,18,0,8,0,0,10.977612,7.240058,10.777192,0.17,0.25,0.42,0.69421,0.756404,0
user_72619,2022-10-12 14:56:00,20,6,11,0,4,2,8,14,2,2,1,2,0,5.104567,4.970873,12.081428,0.55,0.0,0.3,0.813723,0.905725,0
user_72620,2022-10-12 12:44:00,21,8,6,1,3,0,16,19,12,2,10,2,0,2.246026,2.241515,5.168422,0.29,0.17,0.38,0.328803,0.794676,0
user_72621,2022-10-26 17:35:00,22,10,12,1,3,2,15,20,9,2,19,2,0,7.453126,7.061823,10.074384,0.55,0.08,0.45,0.464149,0.544923,1
user_72622,2022-09-15 09:58:00,22,6,11,1,2,1,12,0,7,18,18,3,0,6.089479,5.659187,5.870643,0.5,0.09,0.27,0.697139,0.7573,0
user_72623,2022-09-11 15:16:00,14,7,8,0,0,3,15,10,7,0,16,6,1,9.193192,8.392528,4.528437,0.57,0.0,0.5,0.39505,0.984945,0
user_72624,2022-09-18 13:45:00,21,8,6,1,2,0,16,0,10,10,7,6,1,4.254472,1.414232,8.543458,0.29,0.17,0.38,0.903097,0.903451,0
user_72625,2022-09-11 22:37:00,21,7,10,1,3,2,20,18,10,18,2,6,1,6.932794,3.620716,8.52798,0.48,0.1,0.33,0.602465,0.859692,0
user_72626,2022-09-04 03:03:00,21,7,4,1,1,1,16,16,2,2,17,6,1,4.810806,2.391949,9.674331,0.19,0.25,0.33,0.910717,0.881492,0
user_72627,2022-09-17 14:03:00,17,7,9,1,1,1,10,13,13,9,19,5,1,2.675367,1.00227,6.588356,0.53,0.11,0.41,0.589372,0.547109,1
user_72628,2022-10-11 14:57:00,15,15,9,0,1,2,6,18,6,19,4,1,0,5.489841,6.339605,6.554358,0.6,0.0,1.0,0.528378,0.714239,0
user_72629,2022-09-12 19:40:00,17,7,7,0,1,1,17,1,20,5,4,0,0,7.117803,4.614409,4.121839,0.41,0.0,0.41,0.575455,0.67703,0
user_72630,2022-10-09 06:02:00,23,6,11,0,4,2,6,20,4,3,11,6,1,0.852283,6.37561,9.615108,0.48,0.0,0.26,0.821644,0.37462,0
user_72631,2022-10-01 22:03:00,14,3,9,1,3,2,3,10,0,8,4,5,1,1.735302,8.386285,8.596946,0.64,0.11,0.21,0.57502,0.304137,0
user_72632,2022-10-03 00:03:00,19,11,6,1,3,2,6,20,4,14,8,0,0,11.087028,1.184045,8.669879,0.32,0.17,0.58,0.472033,0.949155,0
user_72633,2022-09-25 16:25:00,20,7,8,1,5,1,4,19,6,15,9,6,1,8.331851,4.41927,4.445471,0.4,0.12,0.35,0.858184,0.946912,0
user_72634,2022-09-27 15:23:00,21,15,9,0,2,2,12,2,14,16,13,1,0,3.084616,8.561874,4.129417,0.43,0.0,0.71,0.460443,0.796437,0
user_72635,2022-10-04 10:01:00,19,10,6,0,1,0,7,4,6,16,2,1,0,5.063883,2.018895,10.733162,0.32,0.0,0.53,0.324424,0.966744,0
user_72636,2022-09-18 21:34:00,20,12,8,0,4,1,14,17,8,1,2,6,1,6.818479,5.691564,8.375242,0.4,0.0,0.6,0.341594,0.978474,0
user_72637,2022-09-29 18:05:00,16,10,5,0,1,0,7,9,0,11,18,3,0,1.152335,7.261526,5.222409,0.31,0.0,0.62,0.434758,0.450848,0
user_72638,2022-10-23 04:33:00,15,9,7,0,0,1,5,13,5,0,18,6,1,0.650621,2.960975,9.270862,0.47,0.0,0.6,0.735235,0.550634,0
user_72639,2022-09-16 04:01:00,25,12,6,1,4,0,20,14,10,7,20,4,0,4.08128,2.589424,6.144967,0.24,0.17,0.48,0.838813,0.885225,1
user_72640,2022-09-07 23:53:00,14,11,11,1,4,3,20,12,11,18,5,2,0,5.349603,3.90973,1.830392,0.79,0.09,0.79,0.417667,0.511757,0
user_72641,2022-09-15 08:58:00,17,10,12,0,1,4,5,14,6,1,0,3,0,3.305736,6.920128,1.994308,0.71,0.0,0.59,0.556391,0.980836,0
user_72642,2022-09-24 23:37:00,17,7,8,0,3,2,0,6,12,4,0,5,1,2.730718,3.464069,5.935191,0.47,0.0,0.41,0.31564,0.754202,0
user_72643,2022-10-04 19:54:00,17,12,9,0,1,1,13,17,7,18,17,1,0,7.451811,7.598299,2.236762,0.53,0.0,0.71,0.469701,0.98452,0
user_72644,2022-09-07 05:15:00,23,20,14,1,2,5,7,17,5,9,7,2,0,2.856983,8.954022,11.324946,0.61,0.07,0.87,0.475672,0.707688,0
user_72645,2022-10-14 09:54:00,24,5,12,1,1,3,2,20,5,5,9,4,0,1.523076,4.122351,9.23951,0.5,0.08,0.21,0.728159,0.881372,0
user_72646,2022-10-28 08:29:00,16,9,10,0,2,2,9,4,17,1,7,4,0,3.614995,7.47425,9.561328,0.62,0.0,0.56,0.567763,0.413392,0
user_72647,2022-09-10 22:16:00,24,12,10,0,4,1,1,16,11,18,2,5,1,6.404232,2.786757,10.599781,0.42,0.0,0.5,0.93976,0.392574,0
user_72648,2022-09-03 09:24:00,14,7,9,1,1,1,15,1,2,8,3,5,1,6.069639,3.327607,5.13152,0.64,0.11,0.5,0.911381,0.984262,0
user_72649,2022-10-08 13:15:00,27,14,6,0,0,1,2,10,18,11,0,5,1,6.019031,7.272522,6.607486,0.22,0.0,0.52,0.731204,0.742592,0
user_72650,2022-10-21 20:46:00,21,10,9,1,2,4,17,2,12,6,19,4,0,0.531994,4.281229,9.511796,0.43,0.11,0.48,0.561365,0.531124,1
user_72651,2022-10-20 14:26:00,23,9,11,0,2,1,3,15,20,20,6,3,0,0.589101,4.365121,8.111046,0.48,0.0,0.39,0.983419,0.376669,0
user_72652,2022-10-23 17:15:00,26,8,9,2,2,2,10,1,19,19,14,6,1,8.495212,3.20578,1.458161,0.35,0.22,0.31,0.523559,0.707093,0
user_72653,2022-09-20 07:23:00,22,6,9,0,1,1,14,13,5,17,4,1,0,1.289545,3.727204,3.734353,0.41,0.0,0.27,0.66607,0.530838,0
user_72654,2022-10-21 00:37:00,22,5,13,0,3,2,18,14,10,20,6,4,0,5.751239,2.959016,2.786311,0.59,0.0,0.23,0.918024,0.505502,0
user_72655,2022-09-16 01:01:00,15,15,12,2,4,2,7,4,8,5,11,4,0,3.81779,2.755207,9.620588,0.8,0.17,1.0,0.337866,0.86107,0
user_72656,2022-10-25 03:55:00,14,8,7,1,1,1,5,19,15,17,19,1,0,0.06798,5.356618,12.42828,0.5,0.14,0.57,0.332833,0.993081,1
user_72657,2022-09-23 07:45:00,25,10,11,0,3,4,11,16,10,18,17,4,0,7.76354,4.477434,2.466214,0.44,0.0,0.4,0.524286,0.900096,0
user_72658,2022-10-05 15:57:00,24,11,6,0,2,0,12,11,2,15,2,2,0,3.424434,5.006862,6.357613,0.25,0.0,0.46,0.660001,0.373437,0
user_72659,2022-10-25 16:14:00,17,8,5,0,5,3,18,5,9,6,17,1,0,7.902149,4.80096,5.540143,0.29,0.0,0.47,0.955512,0.303798,0
user_72660,2022-09-16 02:48:00,21,12,9,1,3,1,14,16,12,14,9,4,0,0.543545,8.694196,8.34948,0.43,0.11,0.57,0.301233,0.31248,0
user_72661,2022-10-18 13:12:00,21,9,5,1,2,1,2,14,3,4,5,1,0,5.249895,8.173142,5.205012,0.24,0.2,0.43,0.777242,0.368092,0
user_72662,2022-09-16 08:25:00,26,12,9,1,1,3,1,4,15,6,0,4,0,3.396637,5.910563,6.790654,0.35,0.11,0.46,0.734248,0.841128,0
user_72663,2022-09-04 05:54:00,20,9,11,0,1,1,0,8,20,0,8,6,1,5.582053,1.394679,7.401176,0.55,0.0,0.45,0.809948,0.557898,0
user_72664,2022-10-23 01:47:00,24,8,7,0,2,2,11,0,11,10,13,6,1,7.461964,3.812651,3.290542,0.29,0.0,0.33,0.968206,0.559881,0
user_72665,2022-10-08 01:53:00,21,10,6,1,3,0,17,9,9,11,3,5,1,7.416439,4.942749,8.020686,0.29,0.17,0.48,0.920802,0.749845,0
user_72666,2022-10-08 19:55:00,22,8,5,1,5,2,13,8,5,16,16,5,1,10.693821,3.637702,5.497008,0.23,0.2,0.36,0.395142,0.338845,0
user_72667,2022-10-08 07:44:00,15,10,16,0,1,3,8,20,8,11,3,5,1,1.461987,6.365402,7.571198,1.07,0.0,0.67,0.88346,0.382083,0
user_72668,2022-10-05 03:50:00,28,6,9,2,2,2,17,8,9,8,0,2,0,9.463846,7.786366,8.900989,0.32,0.22,0.21,0.953861,0.407306,0
user_72669,2022-10-12 16:32:00,16,9,8,2,0,0,6,1,3,0,14,2,0,5.367453,8.318214,2.192668,0.5,0.25,0.56,0.766659,0.894727,0
user_72670,2022-09-30 17:37:00,13,7,7,0,2,1,18,12,10,3,20,4,0,7.824568,7.37953,13.501622,0.54,0.0,0.54,0.678374,0.399788,1
user_72671,2022-09-02 09:35:00,22,5,8,0,5,1,20,12,15,1,17,4,0,1.838745,4.767289,6.009065,0.36,0.0,0.23,0.483547,0.516567,0
user_72672,2022-09-13 02:50:00,19,13,3,0,1,0,17,8,4,4,17,1,0,5.443592,5.964559,9.700155,0.16,0.0,0.68,0.362833,0.956773,0
user_72673,2022-10-16 23:44:00,19,7,5,1,2,2,17,17,19,3,13,6,1,11.06655,2.814599,5.959319,0.26,0.2,0.37,0.627924,0.582188,0
user_72674,2022-10-24 09:55:00,27,14,4,2,2,1,4,10,16,6,18,0,0,7.19586,5.169093,7.367071,0.15,0.5,0.52,0.8329,0.439423,0
user_72675,2022-10-23 11:45:00,16,12,8,1,0,3,7,19,4,20,9,6,1,6.201679,1.017338,13.206999,0.5,0.12,0.75,0.465224,0.595105,0
user_72676,2022-09-23 13:23:00,18,9,7,1,3,1,3,15,2,1,7,4,0,4.674739,7.794399,3.928996,0.39,0.14,0.5,0.70091,0.882778,0
user_72677,2022-09-22 05:05:00,28,18,9,1,5,1,15,18,4,6,14,3,0,9.449452,0.839617,5.846402,0.32,0.11,0.64,0.72652,0.672161,0
user_72678,2022-10-26 04:07:00,16,8,8,1,1,0,17,20,6,0,11,2,0,2.756145,2.907121,2.548169,0.5,0.12,0.5,0.386217,0.501255,0
user_72679,2022-09-10 16:24:00,18,13,8,1,2,2,7,20,19,17,6,5,1,4.561805,7.544413,9.221638,0.44,0.12,0.72,0.883937,0.512455,0
user_72680,2022-10-16 22:24:00,15,11,9,1,0,3,16,4,11,3,9,6,1,4.524195,5.686639,4.985308,0.6,0.11,0.73,0.561461,0.82614,0
user_72681,2022-10-03 07:07:00,12,9,6,1,2,0,18,9,7,7,2,0,0,6.148129,6.221518,9.705787,0.5,0.17,0.75,0.836726,0.980882,0
user_72682,2022-10-01 16:20:00,23,11,9,0,1,4,19,9,19,3,18,5,1,7.161841,3.189223,2.718699,0.39,0.0,0.48,0.656203,0.43105,0
user_72683,2022-10-06 16:09:00,15,6,10,1,2,2,5,18,5,7,4,3,0,9.262821,6.501649,7.604684,0.67,0.1,0.4,0.319373,0.803211,0
user_72684,2022-10-19 18:54:00,19,16,9,0,3,2,1,14,18,16,1,2,0,7.471226,5.148873,10.654919,0.47,0.0,0.84,0.740676,0.567805,0
user_72685,2022-10-07 20:58:00,18,11,5,0,0,0,9,0,5,15,19,4,0,6.576753,6.489035,6.678117,0.28,0.0,0.61,0.810474,0.815371,1
user_72686,2022-09-19 10:28:00,21,11,8,2,2,2,19,16,10,19,6,0,0,3.362063,3.109625,9.119104,0.38,0.25,0.52,0.427128,0.563943,0
user_72687,2022-10-16 12:34:00,17,9,10,0,1,3,10,18,17,1,0,6,1,15.930374,8.08873,10.972495,0.59,0.0,0.53,0.988062,0.51994,0
user_72688,2022-10-30 14:24:00,21,11,8,0,0,2,9,19,13,16,2,6,1,3.864601,6.26153,7.754644,0.38,0.0,0.52,0.715207,0.351405,0
user_72689,2022-10-19 06:25:00,18,14,10,1,3,0,4,1,3,10,20,2,0,6.340957,1.939946,11.667967,0.56,0.1,0.78,0.779645,0.431446,1
user_72690,2022-09-27 11:14:00,25,11,10,0,2,2,3,5,16,11,19,1,0,2.654292,1.231154,3.736072,0.4,0.0,0.44,0.557241,0.609078,1
user_72691,2022-09-02 10:44:00,25,14,5,1,6,1,17,2,16,0,14,4,0,5.229617,3.247991,5.405156,0.2,0.2,0.56,0.9729,0.349454,0
user_72692,2022-10-02 09:09:00,18,13,8,1,1,2,5,17,3,13,7,6,1,2.677466,1.105081,2.332408,0.44,0.12,0.72,0.445808,0.420318,0
user_72693,2022-09-28 20:30:00,27,15,8,0,1,1,18,7,19,12,15,2,0,6.463286,6.744766,6.801361,0.3,0.0,0.56,0.541825,0.327336,0
user_72694,2022-09-23 07:41:00,16,15,12,1,3,1,4,3,7,2,15,4,0,6.63706,6.381499,9.521899,0.75,0.08,0.94,0.364016,0.955197,0
user_72695,2022-09-20 14:27:00,21,8,5,1,4,1,7,20,11,7,11,1,0,2.849154,6.917755,7.091166,0.24,0.2,0.38,0.412109,0.895834,0
user_72696,2022-09-02 10:45:00,22,13,10,0,2,2,10,18,16,11,15,4,0,1.258317,4.511553,6.145421,0.45,0.0,0.59,0.853873,0.575963,0
user_72697,2022-09-28 16:21:00,12,10,7,1,2,3,2,0,20,20,17,2,0,2.724346,8.178894,12.522399,0.58,0.14,0.83,0.388408,0.553085,0
user_72698,2022-10-24 02:45:00,18,20,6,0,0,1,5,2,3,14,16,0,0,3.652153,7.878972,9.138688,0.33,0.0,1.11,0.964175,0.342136,0
user_72699,2022-09-05 04:10:00,21,9,4,2,4,1,6,20,14,15,1,0,0,6.157687,8.67766,7.820878,0.19,0.5,0.43,0.856585,0.384234,0
user_72700,2022-09-20 12:15:00,21,11,5,0,4,2,20,9,0,7,1,1,0,2.134001,2.309549,6.217453,0.24,0.0,0.52,0.64554,0.840854,0
user_72701,2022-10-08 21:51:00,19,10,9,1,1,1,15,6,20,16,12,5,1,1.243621,9.920686,6.087586,0.47,0.11,0.53,0.652075,0.516037,0
user_72702,2022-10-08 14:13:00,24,12,8,2,3,5,1,8,13,14,7,5,1,5.752591,9.093408,7.991791,0.33,0.25,0.5,0.64812,0.757856,0
user_72703,2022-10-03 17:12:00,19,9,8,1,3,1,9,7,6,8,2,0,0,7.282352,7.853952,7.717041,0.42,0.12,0.47,0.6619,0.540693,0
user_72704,2022-10-06 17:43:00,18,12,7,0,1,1,8,2,1,12,7,3,0,7.611818,1.056095,5.268418,0.39,0.0,0.67,0.851863,0.90189,0
user_72705,2022-09-03 02:15:00,26,18,7,0,4,1,2,15,3,19,19,5,1,5.874561,8.292185,6.127222,0.27,0.0,0.69,0.461263,0.497081,1
user_72706,2022-09-11 13:53:00,25,13,6,0,7,0,8,19,2,5,14,6,1,7.265118,0.776456,5.351465,0.24,0.0,0.52,0.983227,0.987346,0
user_72707,2022-10-06 22:01:00,18,5,11,1,1,4,3,19,19,16,12,3,0,8.16998,4.495115,9.504845,0.61,0.09,0.28,0.34433,0.520844,0
user_72708,2022-10-17 13:54:00,34,14,8,0,7,0,14,8,12,19,16,0,0,4.756773,2.324676,8.82744,0.24,0.0,0.41,0.760143,0.773782,0
user_72709,2022-09-18 05:29:00,20,11,10,0,0,2,17,16,18,9,3,6,1,5.789281,4.995062,3.279764,0.5,0.0,0.55,0.863957,0.749388,0
user_72710,2022-10-24 14:21:00,22,10,8,1,3,0,12,4,0,2,16,0,0,6.117743,11.803974,3.348543,0.36,0.12,0.45,0.788538,0.378099,0
user_72711,2022-10-06 15:41:00,21,11,5,3,3,1,10,2,9,6,14,3,0,3.104608,0.92608,12.87905,0.24,0.6,0.52,0.749366,0.599952,0
user_72712,2022-10-29 00:04:00,21,11,7,2,1,2,14,18,13,18,11,5,1,4.073136,4.442082,4.20777,0.33,0.29,0.52,0.429521,0.620478,0
user_72713,2022-10-05 20:11:00,29,9,13,0,3,0,9,7,7,16,5,2,0,3.255221,0.970519,0.036074,0.45,0.0,0.31,0.920403,0.363665,0
user_72714,2022-09-25 05:13:00,17,12,4,1,0,1,9,19,15,18,6,6,1,5.604538,6.86648,13.154468,0.24,0.25,0.71,0.594631,0.948124,0
user_72715,2022-10-04 05:53:00,19,11,10,1,2,4,7,14,11,13,4,1,0,8.566132,5.162915,3.46758,0.53,0.1,0.58,0.849286,0.664237,0
user_72716,2022-09-09 10:37:00,20,11,8,2,3,1,6,20,11,18,19,4,0,3.64286,8.017075,12.735861,0.4,0.25,0.55,0.582266,0.871659,1
user_72717,2022-09-16 02:40:00,17,10,9,0,2,1,11,15,11,4,9,4,0,5.479982,10.73939,1.75966,0.53,0.0,0.59,0.429934,0.488822,0
user_72718,2022-10-13 10:37:00,22,21,8,0,3,2,8,15,12,5,7,3,0,1.875216,4.257237,6.287907,0.36,0.0,0.95,0.46101,0.694532,0
user_72719,2022-09-27 16:35:00,20,7,9,0,3,2,14,13,9,11,6,1,0,3.065014,7.012754,3.535751,0.45,0.0,0.35,0.756542,0.561904,0
user_72720,2022-09-30 05:46:00,24,13,9,0,0,3,2,20,8,7,8,4,0,4.353745,0.881255,5.05947,0.38,0.0,0.54,0.805482,0.738338,0
user_72721,2022-10-22 04:17:00,15,13,8,2,3,3,4,13,14,5,10,5,1,5.958933,4.865187,9.272631,0.53,0.25,0.87,0.387314,0.472474,0
user_72722,2022-09-08 04:50:00,14,12,6,0,2,1,2,7,20,5,0,3,0,6.136563,3.698513,10.555572,0.43,0.0,0.86,0.664416,0.582574,0
user_72723,2022-10-22 07:08:00,18,5,6,1,1,2,15,7,0,5,18,5,1,6.119885,9.343021,11.924624,0.33,0.17,0.28,0.328021,0.514005,0
user_72724,2022-10-27 06:38:00,18,6,5,2,0,0,10,3,16,6,6,3,0,1.948091,0.517087,9.282326,0.28,0.4,0.33,0.433726,0.762482,0
user_72725,2022-10-23 23:51:00,20,4,8,0,2,2,17,13,7,1,1,6,1,6.581465,7.087966,2.246287,0.4,0.0,0.2,0.580284,0.74217,0
user_72726,2022-09-22 06:12:00,30,13,11,0,2,3,9,18,15,16,8,3,0,5.282893,0.024573,5.813241,0.37,0.0,0.43,0.365061,0.429868,0
user_72727,2022-10-30 23:07:00,19,12,11,0,3,2,2,12,4,6,9,6,1,5.258471,4.658519,2.225776,0.58,0.0,0.63,0.499228,0.964963,0
user_72728,2022-09-13 10:20:00,27,9,15,0,3,4,13,9,17,12,10,1,0,5.898918,4.719894,7.10246,0.56,0.0,0.33,0.809916,0.956839,0
user_72729,2022-09-05 22:37:00,17,12,8,2,1,3,12,9,6,1,20,0,0,1.163687,4.262139,2.192448,0.47,0.25,0.71,0.436345,0.3802,1
user_72730,2022-10-11 01:15:00,17,8,7,0,2,2,17,19,0,13,12,1,0,8.860839,8.016728,1.511792,0.41,0.0,0.47,0.420505,0.872037,0
user_72731,2022-10-20 18:18:00,15,7,9,1,2,1,15,1,13,1,16,3,0,1.822973,2.970956,6.414925,0.6,0.11,0.47,0.611659,0.817264,0
user_72732,2022-09-15 10:28:00,22,10,4,0,0,2,5,1,5,10,9,3,0,5.945036,6.18349,11.793085,0.18,0.0,0.45,0.953964,0.548529,0
user_72733,2022-09-18 08:20:00,27,7,7,0,2,2,1,11,5,8,7,6,1,6.72267,6.195081,4.808378,0.26,0.0,0.26,0.457792,0.933251,0
user_72734,2022-09-19 11:27:00,27,11,11,0,3,2,20,16,3,7,15,0,0,7.457154,3.725531,4.295827,0.41,0.0,0.41,0.351895,0.772083,0
user_72735,2022-10-18 12:23:00,16,10,8,1,2,1,12,18,18,11,3,1,0,2.748294,4.389389,10.281733,0.5,0.12,0.62,0.645205,0.563922,0
user_72736,2022-10-27 13:18:00,12,7,9,0,2,0,9,14,19,8,19,3,0,1.126537,1.932962,8.74363,0.75,0.0,0.58,0.48095,0.394208,1
user_72737,2022-10-04 12:41:00,11,13,3,0,1,0,1,2,4,18,11,1,0,8.130949,3.176863,5.527954,0.27,0.0,1.18,0.504791,0.558771,0
user_72738,2022-09-07 10:21:00,18,7,9,0,2,2,4,0,1,9,5,2,0,7.168504,5.573241,9.586724,0.5,0.0,0.39,0.842079,0.786156,0
user_72739,2022-09-30 19:20:00,20,11,8,1,3,2,12,2,4,7,2,4,0,4.198874,1.500515,9.955868,0.4,0.12,0.55,0.996636,0.886901,0
user_72740,2022-10-12 21:59:00,23,15,14,0,2,1,12,15,9,4,3,2,0,2.633251,7.829653,3.375522,0.61,0.0,0.65,0.384792,0.653079,0
user_72741,2022-10-21 06:24:00,26,11,4,1,2,1,2,18,20,2,7,4,0,3.319791,8.618854,6.140992,0.15,0.25,0.42,0.801317,0.852984,0
user_72742,2022-09-24 14:31:00,12,10,10,0,0,1,19,17,4,10,5,5,1,3.547664,0.758364,11.128347,0.83,0.0,0.83,0.912392,0.321633,0
user_72743,2022-10-15 17:06:00,23,14,6,0,1,3,14,10,9,17,14,5,1,6.045827,6.058539,6.580876,0.26,0.0,0.61,0.795966,0.5635,0
user_72744,2022-10-19 20:48:00,18,12,7,0,4,1,14,19,4,8,10,2,0,7.437699,12.237517,9.602066,0.39,0.0,0.67,0.34008,0.374258,0
user_72745,2022-09-11 03:47:00,16,16,10,0,1,1,12,4,15,13,18,6,1,4.736565,2.382744,8.458742,0.62,0.0,1.0,0.933452,0.471533,0
user_72746,2022-09-05 22:24:00,25,6,4,0,4,0,6,14,15,8,10,0,0,6.560344,7.652541,9.152233,0.16,0.0,0.24,0.733942,0.793382,0
user_72747,2022-09-29 17:39:00,19,7,9,1,0,1,19,7,14,6,18,3,0,1.709412,4.772355,8.798055,0.47,0.11,0.37,0.784799,0.340344,0
user_72748,2022-10-10 18:11:00,16,14,6,0,1,1,14,14,15,10,0,0,0,7.120107,4.409894,4.977492,0.38,0.0,0.88,0.565236,0.349892,0
user_72749,2022-09-21 20:29:00,15,10,4,1,1,2,12,6,2,8,7,2,0,6.631475,7.211843,6.176922,0.27,0.25,0.67,0.46937,0.423182,0
user_72750,2022-10-28 05:58:00,17,10,5,1,2,1,0,16,3,0,0,4,0,7.285317,6.494321,12.30521,0.29,0.2,0.59,0.778309,0.71099,0
user_72751,2022-10-20 18:50:00,22,7,6,0,1,0,7,6,19,16,15,3,0,3.663756,4.86202,8.768689,0.27,0.0,0.32,0.788005,0.370575,0
user_72752,2022-09-24 19:31:00,15,7,9,0,0,4,4,7,6,18,7,5,1,1.699216,1.93788,2.713702,0.6,0.0,0.47,0.743064,0.704513,0
user_72753,2022-09-08 00:12:00,18,10,8,0,2,1,8,9,11,8,10,3,0,6.963814,3.064286,4.164394,0.44,0.0,0.56,0.670122,0.71874,0
user_72754,2022-10-09 03:10:00,19,6,8,0,3,1,13,6,6,7,14,6,1,0.478725,5.627217,8.72196,0.42,0.0,0.32,0.831095,0.532327,0
user_72755,2022-10-18 03:45:00,21,7,8,1,1,2,15,13,1,4,5,1,0,8.255762,9.258701,1.705997,0.38,0.12,0.33,0.666368,0.713601,0
user_72756,2022-10-22 14:32:00,14,8,12,0,2,2,10,12,16,14,13,5,1,5.907802,7.63779,12.159976,0.86,0.0,0.57,0.802231,0.865082,0
user_72757,2022-09-03 18:47:00,19,10,9,1,0,2,16,0,9,2,11,5,1,5.071584,10.371124,6.833358,0.47,0.11,0.53,0.669265,0.881969,0
user_72758,2022-10-30 12:38:00,19,16,7,0,1,3,15,16,13,16,9,6,1,4.79143,1.179011,5.630455,0.37,0.0,0.84,0.36931,0.86727,0
user_72759,2022-09-28 10:20:00,24,6,11,0,2,2,3,4,0,15,12,2,0,1.015323,5.396057,4.812323,0.46,0.0,0.25,0.824222,0.435511,0
user_72760,2022-10-09 09:18:00,18,8,7,1,2,2,10,16,18,15,17,6,1,3.392083,9.110981,10.34439,0.39,0.14,0.44,0.666042,0.729355,0
user_72761,2022-10-09 04:09:00,22,6,8,2,2,2,8,8,8,13,20,6,1,6.776815,0.747073,6.233297,0.36,0.25,0.27,0.562938,0.907818,1
user_72762,2022-09-06 00:53:00,21,14,7,1,2,1,7,20,1,1,11,1,0,4.474636,3.612684,7.641284,0.33,0.14,0.67,0.995044,0.586511,0
user_72763,2022-10-15 01:03:00,23,13,11,0,2,5,12,13,6,7,13,5,1,2.383997,5.675366,2.775907,0.48,0.0,0.57,0.839605,0.718212,0
user_72764,2022-10-28 07:36:00,27,8,9,1,4,3,17,12,17,3,13,4,0,7.081012,1.906605,12.168703,0.33,0.11,0.3,0.676688,0.503311,0
user_72765,2022-10-28 03:23:00,17,8,6,0,3,1,11,16,10,15,7,4,0,4.463786,8.235215,8.456367,0.35,0.0,0.47,0.446057,0.795769,0
user_72766,2022-09-18 20:55:00,27,8,9,0,2,4,2,12,19,12,6,6,1,6.405012,7.299619,7.913098,0.33,0.0,0.3,0.443777,0.656441,0
user_72767,2022-09-18 22:02:00,17,11,7,1,1,5,19,15,1,1,12,6,1,8.698502,9.225393,2.788182,0.41,0.14,0.65,0.380182,0.81311,0
user_72768,2022-09-27 00:21:00,20,9,14,0,2,4,7,13,7,2,1,1,0,7.049432,6.66424,6.00972,0.7,0.0,0.45,0.917391,0.322205,0
user_72769,2022-10-18 11:31:00,15,9,7,1,3,0,10,6,14,4,17,1,0,4.366737,4.630965,8.026436,0.47,0.14,0.6,0.583324,0.550068,0
user_72770,2022-09-09 21:26:00,21,9,8,0,3,0,7,15,1,0,4,4,0,4.07251,4.039152,8.186181,0.38,0.0,0.43,0.438627,0.305225,0
user_72771,2022-10-13 00:47:00,24,9,5,0,0,1,10,15,20,10,16,3,0,3.489479,12.444271,7.421677,0.21,0.0,0.38,0.980865,0.307973,0
user_72772,2022-09-05 07:54:00,17,9,8,1,1,2,20,6,1,8,4,0,0,10.940666,8.993423,7.299156,0.47,0.12,0.53,0.322678,0.4981,0
user_72773,2022-10-06 15:03:00,18,11,10,0,3,1,14,3,9,13,2,3,0,3.691525,7.225206,6.733776,0.56,0.0,0.61,0.650654,0.609086,0
user_72774,2022-10-09 05:14:00,18,11,6,0,2,2,5,5,4,0,11,6,1,4.629704,2.197556,4.834745,0.33,0.0,0.61,0.440007,0.644794,0
user_72775,2022-09-03 22:01:00,16,11,14,0,1,2,15,3,18,14,0,5,1,6.760236,9.471326,5.715058,0.88,0.0,0.69,0.894961,0.787182,0
user_72776,2022-10-29 16:24:00,28,8,8,0,2,1,9,16,7,19,14,5,1,0.25696,6.344827,9.008739,0.29,0.0,0.29,0.947608,0.392868,0
user_72777,2022-10-19 15:49:00,13,14,7,1,1,1,11,5,0,0,19,2,0,1.053114,3.100358,6.900794,0.54,0.14,1.08,0.331141,0.463754,1
user_72778,2022-10-28 23:15:00,18,10,6,0,1,1,8,6,12,20,3,4,0,5.934494,9.263272,8.014785,0.33,0.0,0.56,0.903279,0.725509,0
user_72779,2022-10-05 08:01:00,26,12,5,1,3,0,7,6,2,8,18,2,0,6.475506,3.476149,10.963951,0.19,0.2,0.46,0.767743,0.985612,0
user_72780,2022-10-07 09:19:00,13,14,5,1,1,2,16,19,4,20,11,4,0,2.199255,6.901481,11.436332,0.38,0.2,1.08,0.349755,0.905379,0
user_72781,2022-09-11 23:13:00,21,16,6,0,2,2,17,6,1,11,7,6,1,7.341137,12.691189,7.338217,0.29,0.0,0.76,0.470269,0.950918,0
user_72782,2022-09-13 12:11:00,16,17,7,0,1,1,9,12,1,6,5,1,0,2.999737,4.39461,6.217081,0.44,0.0,1.06,0.580182,0.545852,0
user_72783,2022-09-26 17:37:00,22,10,7,0,5,2,5,4,20,2,5,0,0,8.863361,7.801294,10.954989,0.32,0.0,0.45,0.690417,0.32534,0
user_72784,2022-10-12 04:32:00,22,8,11,2,3,3,8,7,8,11,3,2,0,3.319004,6.002225,11.415481,0.5,0.18,0.36,0.601459,0.479092,0
user_72785,2022-10-27 19:45:00,20,15,9,1,5,2,8,16,8,12,8,3,0,5.327787,5.189483,9.661963,0.45,0.11,0.75,0.86936,0.807421,0
user_72786,2022-09-16 20:44:00,20,8,8,0,2,2,9,0,15,9,18,4,0,0.389494,0.848192,9.621186,0.4,0.0,0.4,0.899665,0.357004,0
user_72787,2022-10-12 02:02:00,17,9,11,0,3,2,11,6,17,9,6,2,0,4.558711,5.377398,2.462297,0.65,0.0,0.53,0.994021,0.474322,0
user_72788,2022-10-15 18:59:00,15,10,7,2,3,0,5,0,13,0,6,5,1,7.243437,1.084718,9.390083,0.47,0.29,0.67,0.893127,0.70653,0
user_72789,2022-09-03 19:44:00,17,13,11,0,1,1,12,13,18,20,7,5,1,2.136589,4.861533,3.192639,0.65,0.0,0.76,0.856334,0.733607,0
user_72790,2022-09-05 15:04:00,24,12,4,0,1,1,12,12,4,11,3,0,0,2.395105,4.43397,3.823839,0.17,0.0,0.5,0.469624,0.457872,0
user_72791,2022-10-08 18:07:00,22,8,11,0,0,6,4,19,7,11,11,5,1,7.20231,10.303217,11.646226,0.5,0.0,0.36,0.406337,0.540611,0
user_72792,2022-10-30 09:15:00,25,6,8,0,2,3,11,2,10,6,5,6,1,2.478002,2.004065,1.707961,0.32,0.0,0.24,0.728259,0.504016,0
user_72793,2022-10-12 22:36:00,22,7,7,1,2,0,15,20,14,15,16,2,0,1.999201,10.899844,7.633634,0.32,0.14,0.32,0.312077,0.472492,0
user_72794,2022-09-10 09:15:00,16,8,8,2,0,3,18,17,19,9,15,5,1,7.358939,5.458544,5.712323,0.5,0.25,0.5,0.391712,0.575623,0
user_72795,2022-10-26 02:15:00,25,19,15,0,1,5,9,7,15,15,15,2,0,5.462867,6.370788,11.159781,0.6,0.0,0.76,0.730895,0.590445,0
user_72796,2022-09-23 05:39:00,27,8,11,1,2,1,1,12,19,20,10,4,0,2.805035,3.816001,6.275162,0.41,0.09,0.3,0.839691,0.375757,0
user_72797,2022-10-09 02:25:00,26,11,12,0,3,2,16,18,10,7,7,6,1,6.682194,8.091311,2.643193,0.46,0.0,0.42,0.764253,0.923475,0
user_72798,2022-09-09 13:36:00,24,6,12,0,2,3,8,3,20,11,19,4,0,3.573052,2.921147,7.806587,0.5,0.0,0.25,0.598772,0.661843,1
user_72799,2022-09-18 14:14:00,21,6,11,3,3,1,20,6,7,15,5,6,1,3.697064,1.213121,4.220836,0.52,0.27,0.29,0.337147,0.914974,0
user_72800,2022-09-26 10:46:00,20,10,7,0,0,1,7,13,12,1,2,0,0,5.202912,5.785239,11.461603,0.35,0.0,0.5,0.849926,0.53323,0
user_72801,2022-09-23 06:41:00,21,8,9,0,1,1,8,8,18,3,6,4,0,5.224421,5.975741,8.095762,0.43,0.0,0.38,0.878262,0.683862,0
user_72802,2022-10-05 22:28:00,29,7,10,1,3,1,2,8,7,6,4,2,0,5.833631,5.383565,11.855471,0.34,0.1,0.24,0.416425,0.923342,0
user_72803,2022-10-04 04:18:00,23,13,8,0,2,0,14,19,19,1,14,1,0,3.493791,2.11108,6.560051,0.35,0.0,0.57,0.783805,0.540556,0
user_72804,2022-10-16 16:09:00,12,11,7,0,0,2,16,17,8,2,15,6,1,5.141183,0.239055,10.975823,0.58,0.0,0.92,0.434432,0.499864,0
user_72805,2022-10-15 07:42:00,26,14,6,0,0,0,15,10,17,12,18,5,1,11.587464,2.767443,7.516438,0.23,0.0,0.54,0.490632,0.736945,0
user_72806,2022-10-11 20:07:00,21,15,7,0,0,2,5,8,12,2,1,1,0,6.167738,2.738645,8.360054,0.33,0.0,0.71,0.833543,0.339035,0
user_72807,2022-09-27 18:02:00,14,11,8,1,1,1,15,0,6,19,19,1,0,4.441345,3.077161,8.081327,0.57,0.12,0.79,0.443664,0.965386,1
user_72808,2022-10-22 04:38:00,21,11,10,0,1,1,3,4,14,2,20,5,1,10.034226,5.017566,6.604513,0.48,0.0,0.52,0.61123,0.655748,1
user_72809,2022-10-08 10:47:00,17,8,12,0,4,0,4,19,8,12,15,5,1,12.151827,1.65909,2.680939,0.71,0.0,0.47,0.806178,0.71824,0
user_72810,2022-09-26 19:35:00,17,13,9,0,5,1,0,2,16,4,7,0,0,8.100524,9.185923,11.814795,0.53,0.0,0.76,0.488165,0.671981,0
user_72811,2022-09-12 22:51:00,21,7,6,1,3,0,19,2,16,1,11,0,0,2.6656,2.814412,4.860187,0.29,0.17,0.33,0.733857,0.607914,0
user_72812,2022-10-15 22:31:00,27,8,6,1,5,0,13,15,6,14,11,5,1,9.261747,3.451239,4.717222,0.22,0.17,0.3,0.690818,0.406779,0
user_72813,2022-10-21 00:36:00,19,6,9,0,2,1,4,20,17,7,8,4,0,3.277924,4.498607,5.703948,0.47,0.0,0.32,0.568927,0.967301,0
user_72814,2022-10-18 19:17:00,24,13,3,0,7,2,20,1,4,0,9,1,0,2.894934,4.23012,5.467481,0.12,0.0,0.54,0.78128,0.785771,0
user_72815,2022-10-04 00:47:00,14,10,5,0,2,0,20,15,14,19,20,1,0,0.738104,3.462891,5.033925,0.36,0.0,0.71,0.351249,0.380134,1
user_72816,2022-09-17 11:35:00,20,13,10,1,4,0,11,2,0,3,6,5,1,9.052381,1.490523,4.17724,0.5,0.1,0.65,0.535113,0.331603,0
user_72817,2022-10-05 04:00:00,13,10,9,0,2,3,3,12,13,5,19,2,0,2.117914,6.92372,11.315608,0.69,0.0,0.77,0.680168,0.843024,1
user_72818,2022-10-02 16:08:00,24,18,5,0,4,1,14,11,0,19,8,6,1,0.897685,1.441814,9.947445,0.21,0.0,0.75,0.827768,0.47578,0
user_72819,2022-09-11 05:56:00,24,11,8,0,2,2,9,18,17,7,16,6,1,9.108189,1.826986,8.198618,0.33,0.0,0.46,0.79767,0.844051,0
user_72820,2022-09-04 04:45:00,16,11,16,1,3,1,4,0,8,20,12,6,1,0.96786,3.891416,9.615039,1.0,0.06,0.69,0.968376,0.334868,0
user_72821,2022-10-24 23:19:00,23,11,7,1,4,1,5,6,5,16,1,0,0,7.1446,3.436786,9.724733,0.3,0.14,0.48,0.683966,0.738138,0
user_72822,2022-09-08 14:19:00,17,12,7,0,4,2,17,3,1,4,13,3,0,10.504648,2.717215,6.882617,0.41,0.0,0.71,0.747275,0.730798,0
user_72823,2022-10-25 05:47:00,23,8,7,1,3,0,7,9,0,1,3,1,0,2.226501,10.228256,10.568737,0.3,0.14,0.35,0.831807,0.795183,0
user_72824,2022-09-30 04:32:00,18,9,9,0,0,2,8,8,12,16,12,4,0,9.507165,1.064206,5.609214,0.5,0.0,0.5,0.91424,0.888887,0
user_72825,2022-09-16 16:06:00,20,9,6,0,3,0,1,4,19,18,8,4,0,6.582659,8.789226,6.992413,0.3,0.0,0.45,0.396404,0.450719,0
user_72826,2022-09-04 10:06:00,22,12,8,0,3,3,16,3,2,4,13,6,1,3.793786,5.204066,8.48998,0.36,0.0,0.55,0.500685,0.36002,0
user_72827,2022-09-03 04:37:00,23,9,8,0,2,1,18,9,13,16,0,5,1,4.249189,1.003942,0.279967,0.35,0.0,0.39,0.574816,0.789691,0
user_72828,2022-10-04 06:04:00,20,15,14,1,2,3,16,10,19,20,17,1,0,7.879158,4.036199,6.633723,0.7,0.07,0.75,0.428375,0.655808,0
user_72829,2022-09-25 01:21:00,18,13,14,1,2,2,7,17,10,3,6,6,1,8.408897,3.361615,6.429266,0.78,0.07,0.72,0.782501,0.675034,0
user_72830,2022-10-12 11:06:00,23,10,7,1,2,1,13,0,7,20,10,2,0,3.4813,9.737932,8.27796,0.3,0.14,0.43,0.722869,0.904049,0
user_72831,2022-09-29 18:16:00,27,5,11,1,3,1,18,17,9,15,8,3,0,6.188893,6.792557,8.387809,0.41,0.09,0.19,0.5065,0.442545,0
user_72832,2022-09-06 14:27:00,22,6,9,1,5,4,19,9,16,10,12,1,0,5.216495,5.403162,13.303625,0.41,0.11,0.27,0.902529,0.64243,0
user_72833,2022-10-18 20:51:00,29,14,5,1,2,0,9,19,0,15,0,1,0,0.994742,3.036691,6.560708,0.17,0.2,0.48,0.88582,0.394342,0
user_72834,2022-10-09 09:32:00,20,13,8,1,3,2,4,20,6,4,5,6,1,6.802659,6.919224,9.506152,0.4,0.12,0.65,0.688677,0.675886,0
user_72835,2022-10-07 17:08:00,15,7,11,0,1,3,5,13,7,12,5,4,0,4.740825,2.4665,4.008489,0.73,0.0,0.47,0.34345,0.808159,0
user_72836,2022-10-09 19:28:00,14,19,8,0,2,0,0,16,8,2,2,6,1,7.089861,2.175931,8.228699,0.57,0.0,1.36,0.666632,0.437884,0
user_72837,2022-10-19 08:26:00,25,15,4,0,1,0,5,9,16,20,8,2,0,6.65664,3.422055,0.525845,0.16,0.0,0.6,0.629854,0.750155,0
user_72838,2022-10-14 03:01:00,21,12,5,1,4,1,19,3,20,10,8,4,0,9.583062,5.660534,5.563275,0.24,0.2,0.57,0.67347,0.913319,0
user_72839,2022-10-26 21:27:00,22,15,13,1,3,5,12,18,5,16,0,2,0,4.889523,8.183057,4.36314,0.59,0.08,0.68,0.642124,0.434301,0
user_72840,2022-09-08 13:24:00,21,9,8,1,1,0,2,3,17,12,3,3,0,5.709182,11.201361,2.94861,0.38,0.12,0.43,0.888135,0.365174,0
user_72841,2022-09-19 09:21:00,17,13,8,0,1,0,0,7,15,20,4,0,0,2.623628,5.848857,3.908446,0.47,0.0,0.76,0.784335,0.323474,0
user_72842,2022-09-05 16:39:00,17,3,8,0,1,3,4,7,6,19,14,0,0,4.893194,5.147614,9.172703,0.47,0.0,0.18,0.884929,0.829737,0
user_72843,2022-09-08 04:09:00,18,4,9,0,3,2,13,11,17,14,12,3,0,4.906364,4.676932,3.258623,0.5,0.0,0.22,0.749774,0.34955,0
user_72844,2022-09-05 16:17:00,23,7,8,0,3,3,10,4,13,14,17,0,0,1.596513,6.512888,5.447206,0.35,0.0,0.3,0.331125,0.332543,0
user_72845,2022-09-13 10:27:00,18,8,5,0,3,3,0,4,5,5,4,1,0,4.042687,6.240782,4.173017,0.28,0.0,0.44,0.78515,0.874183,0
user_72846,2022-10-30 15:55:00,8,9,13,0,1,1,1,19,17,20,8,6,1,7.678232,1.722211,11.939432,1.62,0.0,1.12,0.823551,0.785312,0
user_72847,2022-10-14 20:23:00,22,8,6,0,4,2,16,11,18,14,6,4,0,6.77778,3.350497,4.443663,0.27,0.0,0.36,0.579714,0.34103,0
user_72848,2022-09-13 05:39:00,30,17,9,2,8,3,1,14,18,16,18,1,0,12.025811,6.519642,7.349078,0.3,0.22,0.57,0.548682,0.419231,0
user_72849,2022-09-30 13:00:00,13,8,6,1,1,2,1,8,11,0,5,4,0,6.367489,6.531336,8.804023,0.46,0.17,0.62,0.915043,0.843247,0
user_72850,2022-09-28 05:37:00,15,5,7,1,4,3,20,13,13,3,13,2,0,1.709975,7.028803,11.320533,0.47,0.14,0.33,0.369105,0.751473,0
user_72851,2022-10-04 05:41:00,30,10,6,0,4,0,12,20,20,20,18,1,0,5.696966,2.134747,3.722043,0.2,0.0,0.33,0.903198,0.876311,0
user_72852,2022-10-22 21:15:00,20,7,5,1,1,0,7,4,13,18,3,5,1,10.580761,2.783736,3.202694,0.25,0.2,0.35,0.815966,0.807862,0
user_72853,2022-09-05 22:38:00,19,18,7,1,3,1,2,3,4,2,18,0,0,5.838799,0.904125,9.293848,0.37,0.14,0.95,0.560078,0.53813,0
user_72854,2022-10-30 11:35:00,18,9,8,1,3,1,20,20,3,2,0,6,1,2.152753,0.028431,2.202967,0.44,0.12,0.5,0.748171,0.42308,0
user_72855,2022-10-21 14:55:00,19,12,4,0,0,2,19,14,4,4,15,4,0,0.986229,6.362262,10.71196,0.21,0.0,0.63,0.964464,0.581393,0
user_72856,2022-09-06 11:33:00,21,12,6,0,2,0,19,1,8,10,19,1,0,4.308665,4.574081,8.36832,0.29,0.0,0.57,0.768049,0.477064,1
user_72857,2022-09-30 01:54:00,9,12,4,0,1,0,5,13,9,17,6,4,0,4.556036,2.142423,5.625153,0.44,0.0,1.33,0.491161,0.58198,0
user_72858,2022-10-02 07:06:00,19,11,9,0,1,2,20,2,11,2,0,6,1,2.543801,5.634455,7.969897,0.47,0.0,0.58,0.722506,0.795006,0
user_72859,2022-09-25 16:46:00,27,10,7,0,4,1,4,0,13,11,8,6,1,1.163703,6.098064,1.932616,0.26,0.0,0.37,0.860874,0.389919,0
user_72860,2022-09-07 03:54:00,18,10,9,0,0,1,18,4,18,20,7,2,0,1.762441,4.785083,8.378903,0.5,0.0,0.56,0.808503,0.860111,0
user_72861,2022-10-28 03:39:00,19,12,9,0,2,1,17,5,16,1,11,4,0,5.861024,4.430308,7.9434,0.47,0.0,0.63,0.40578,0.502158,0
user_72862,2022-10-26 12:34:00,16,8,3,1,2,0,8,17,16,15,13,2,0,4.517341,0.259776,11.320654,0.19,0.33,0.5,0.996856,0.7103,0
user_72863,2022-09-11 15:27:00,25,10,8,1,1,2,7,19,8,20,6,6,1,6.732366,5.761806,5.657821,0.32,0.12,0.4,0.584609,0.844163,0
user_72864,2022-09-11 16:17:00,20,13,9,1,3,2,15,12,2,16,6,6,1,1.543098,4.173243,7.050541,0.45,0.11,0.65,0.908567,0.566412,0
user_72865,2022-10-21 08:44:00,20,11,6,1,2,0,0,15,16,16,10,4,0,7.147668,3.828239,8.771788,0.3,0.17,0.55,0.361633,0.643977,0
user_72866,2022-09-03 04:27:00,21,7,7,0,1,1,13,13,15,15,10,5,1,4.866725,4.247196,8.944788,0.33,0.0,0.33,0.541016,0.381524,0
user_72867,2022-09-05 23:24:00,17,8,6,1,0,2,11,9,9,3,5,0,0,7.812849,7.834014,0.278088,0.35,0.17,0.47,0.683043,0.57231,0
user_72868,2022-10-30 23:14:00,18,10,6,0,0,3,9,11,14,11,9,6,1,3.340103,2.093648,7.991159,0.33,0.0,0.56,0.896725,0.547881,0
user_72869,2022-09-22 04:06:00,24,10,7,1,1,2,10,11,15,11,3,3,0,3.071137,5.106453,8.661173,0.29,0.14,0.42,0.506304,0.480328,0
user_72870,2022-10-27 13:29:00,15,10,8,0,3,4,19,0,11,6,16,3,0,5.581327,5.389833,4.992228,0.53,0.0,0.67,0.352817,0.490037,0
user_72871,2022-10-21 02:29:00,20,10,7,0,2,1,14,3,3,6,16,4,0,9.524063,6.338486,8.632167,0.35,0.0,0.5,0.419002,0.754397,0
user_72872,2022-10-27 19:43:00,20,10,15,1,4,2,1,18,7,15,20,3,0,6.609797,6.634263,7.961905,0.75,0.07,0.5,0.453966,0.484966,1
user_72873,2022-10-30 11:07:00,27,9,13,0,3,3,20,5,4,10,9,6,1,6.720665,4.341839,12.640519,0.48,0.0,0.33,0.734093,0.550977,0
user_72874,2022-10-03 12:46:00,25,12,10,1,4,2,6,3,6,6,0,0,0,2.305163,3.908039,5.665372,0.4,0.1,0.48,0.545381,0.827542,0
user_72875,2022-09-26 16:06:00,14,10,13,1,0,5,8,10,18,10,7,0,0,6.951634,0.509829,10.983024,0.93,0.08,0.71,0.608184,0.923274,0
user_72876,2022-10-24 06:56:00,25,9,10,0,3,1,18,12,2,20,10,0,0,7.442459,4.043968,9.322306,0.4,0.0,0.36,0.382337,0.798282,0
user_72877,2022-09-16 19:23:00,19,14,11,1,2,0,18,3,2,5,0,4,0,1.144817,10.461651,3.3326,0.58,0.09,0.74,0.905152,0.369031,0
user_72878,2022-09-19 11:05:00,18,9,7,0,0,3,17,13,8,18,3,0,0,1.094674,9.077769,9.56215,0.39,0.0,0.5,0.306745,0.770001,0
user_72879,2022-10-04 10:23:00,19,5,6,1,4,1,4,4,3,0,2,1,0,9.416208,1.04728,9.564636,0.32,0.17,0.26,0.647424,0.915623,0
user_72880,2022-09-17 17:54:00,22,6,14,2,0,2,20,6,1,15,2,5,1,2.734554,5.529771,8.834545,0.64,0.14,0.27,0.531177,0.313138,0
user_72881,2022-09-06 13:36:00,21,12,9,0,3,1,12,4,15,18,14,1,0,5.405189,5.056297,4.088359,0.43,0.0,0.57,0.514866,0.836964,0
user_72882,2022-09-22 22:41:00,19,15,6,0,2,0,4,16,16,14,4,3,0,6.435402,6.296072,3.337256,0.32,0.0,0.79,0.371857,0.811851,0
user_72883,2022-09-06 10:44:00,20,13,7,1,2,0,5,7,5,6,12,1,0,6.417792,8.487095,11.117682,0.35,0.14,0.65,0.658886,0.616439,0
user_72884,2022-10-19 13:28:00,19,13,4,1,3,1,11,15,4,7,8,2,0,2.774776,8.379316,6.732481,0.21,0.25,0.68,0.596003,0.73619,0
user_72885,2022-09-15 05:59:00,10,10,8,0,1,1,13,16,2,12,15,3,0,0.411835,5.31571,7.893328,0.8,0.0,1.0,0.510139,0.399109,0
user_72886,2022-09-12 02:23:00,18,10,6,0,1,0,13,18,19,5,16,0,0,6.224541,7.601433,10.488311,0.33,0.0,0.56,0.511698,0.384522,0
user_72887,2022-09-17 10:22:00,24,10,6,0,1,2,18,13,18,1,20,5,1,7.022364,0.904696,9.923783,0.25,0.0,0.42,0.979944,0.883745,1
user_72888,2022-10-11 21:28:00,15,8,12,0,1,4,9,11,2,9,14,1,0,2.314716,4.043845,10.321804,0.8,0.0,0.53,0.487766,0.859735,0
user_72889,2022-09-11 21:06:00,18,10,5,2,0,0,11,8,13,4,2,6,1,1.834691,3.031683,15.761494,0.28,0.4,0.56,0.827234,0.871578,0
user_72890,2022-09-17 21:17:00,18,16,5,1,1,0,14,18,8,20,19,5,1,8.152818,8.792179,10.289466,0.28,0.2,0.89,0.376803,0.850148,1
user_72891,2022-09-20 16:22:00,18,7,12,0,2,1,0,13,16,7,4,1,0,2.829588,1.877177,12.819061,0.67,0.0,0.39,0.956621,0.618873,0
user_72892,2022-09-11 22:15:00,18,12,12,0,1,1,8,8,19,14,0,6,1,4.394526,2.047106,9.647545,0.67,0.0,0.67,0.482178,0.658045,0
user_72893,2022-09-10 13:25:00,22,12,10,1,1,1,15,18,0,6,13,5,1,7.513285,2.826192,6.610356,0.45,0.1,0.55,0.460735,0.362694,0
user_72894,2022-10-01 12:54:00,21,7,11,0,1,2,4,7,18,16,8,5,1,7.454221,5.834613,4.545657,0.52,0.0,0.33,0.476473,0.440952,0
user_72895,2022-09-22 06:58:00,22,13,2,2,2,0,7,4,7,17,10,3,0,7.962354,3.82291,6.398203,0.09,1.0,0.59,0.975946,0.797068,0
user_72896,2022-09-07 19:48:00,17,11,5,2,2,1,9,12,16,3,4,2,0,5.180847,0.21695,9.462548,0.29,0.4,0.65,0.678676,0.459815,0
user_72897,2022-09-26 03:31:00,18,12,7,1,5,0,18,14,16,14,14,0,0,6.749859,5.032912,7.695012,0.39,0.14,0.67,0.791794,0.720877,0
user_72898,2022-10-05 20:35:00,19,7,11,0,1,3,2,5,3,14,2,2,0,6.375045,5.040282,4.714083,0.58,0.0,0.37,0.859908,0.771713,0
user_72899,2022-09-18 19:01:00,19,8,8,0,5,0,18,19,2,4,10,6,1,2.745131,0.407081,7.038492,0.42,0.0,0.42,0.438677,0.637493,0
user_72900,2022-10-05 02:34:00,27,10,5,0,5,0,13,8,10,6,10,2,0,3.911197,6.077725,4.871306,0.19,0.0,0.37,0.965343,0.909654,0
user_72901,2022-09-16 19:04:00,25,13,12,0,3,2,5,1,1,11,11,4,0,0.470688,8.688389,6.450331,0.48,0.0,0.52,0.399177,0.762958,0
user_72902,2022-10-14 18:38:00,24,7,9,0,1,5,13,3,10,0,1,4,0,4.582769,8.305552,9.876862,0.38,0.0,0.29,0.634552,0.335104,0
user_72903,2022-10-01 04:18:00,19,11,9,0,3,4,20,7,19,5,16,5,1,6.55296,5.214575,5.165758,0.47,0.0,0.58,0.398106,0.721124,0
user_72904,2022-09-05 07:41:00,28,8,9,0,2,0,4,20,15,19,5,0,0,5.506002,10.909441,6.409171,0.32,0.0,0.29,0.490509,0.90665,0
user_72905,2022-10-13 16:54:00,16,9,4,0,4,2,6,3,16,6,14,3,0,3.275142,5.802648,0.512387,0.25,0.0,0.56,0.559677,0.682593,0
user_72906,2022-09-12 20:44:00,21,11,6,1,3,1,6,13,4,20,20,0,0,6.955401,5.580714,9.911687,0.29,0.17,0.52,0.949762,0.958054,1
user_72907,2022-10-19 20:06:00,23,18,6,0,4,0,1,3,19,14,2,2,0,1.276008,5.796839,1.995121,0.26,0.0,0.78,0.380822,0.889065,0
user_72908,2022-09-22 13:55:00,23,8,9,2,4,0,19,4,17,7,1,3,0,5.276793,9.995695,7.016593,0.39,0.22,0.35,0.897377,0.740591,0
user_72909,2022-10-05 13:36:00,27,9,13,1,4,1,6,4,4,17,14,2,0,8.266975,2.189035,10.480978,0.48,0.08,0.33,0.847768,0.627935,0
user_72910,2022-09-28 15:59:00,23,9,7,1,2,3,13,9,6,10,0,2,0,5.19257,3.694343,8.551163,0.3,0.14,0.39,0.969242,0.88766,0
user_72911,2022-10-23 18:52:00,20,8,8,2,3,5,8,3,9,2,19,6,1,4.374431,4.841809,9.862783,0.4,0.25,0.4,0.342091,0.609146,1
user_72912,2022-10-03 07:05:00,18,9,6,1,0,2,15,20,20,10,13,0,0,4.282093,7.20702,3.157963,0.33,0.17,0.5,0.95735,0.651964,0
user_72913,2022-09-01 06:11:00,12,9,8,1,1,2,1,11,11,4,14,3,0,2.180517,7.976945,5.632582,0.67,0.12,0.75,0.9207,0.466665,0
user_72914,2022-09-24 21:45:00,24,13,11,0,2,3,18,8,16,8,9,5,1,6.141965,1.37553,4.552265,0.46,0.0,0.54,0.962085,0.842192,0
user_72915,2022-09-11 13:57:00,25,5,5,0,2,0,14,14,0,16,0,6,1,3.986385,7.229707,11.301784,0.2,0.0,0.2,0.940298,0.411929,0
user_72916,2022-09-03 02:06:00,27,7,10,1,2,1,4,10,0,4,11,5,1,7.489334,7.323009,4.851407,0.37,0.1,0.26,0.368911,0.896568,0
user_72917,2022-10-12 00:43:00,22,12,8,2,2,1,7,20,16,0,0,2,0,6.442025,7.192868,4.626933,0.36,0.25,0.55,0.534535,0.685875,0
user_72918,2022-10-09 18:19:00,27,11,10,1,3,1,1,2,0,7,3,6,1,3.952439,0.724988,10.803123,0.37,0.1,0.41,0.83827,0.464659,0
user_72919,2022-10-19 20:17:00,24,7,6,1,3,2,15,1,11,11,13,2,0,0.650274,1.714249,5.535006,0.25,0.17,0.29,0.529377,0.562167,0
user_72920,2022-09-07 06:02:00,19,5,8,0,3,0,20,13,9,14,7,2,0,5.22457,7.636595,6.754204,0.42,0.0,0.26,0.651859,0.428509,0
user_72921,2022-10-25 15:25:00,24,8,5,0,5,1,0,0,14,13,20,1,0,7.919793,10.702787,3.676555,0.21,0.0,0.33,0.829818,0.440708,1
user_72922,2022-09-26 18:38:00,21,9,7,1,4,2,11,14,9,19,14,0,0,8.932277,5.788878,7.151383,0.33,0.14,0.43,0.68167,0.47617,0
user_72923,2022-09-22 13:33:00,17,14,8,1,1,3,3,17,11,0,7,3,0,2.24439,3.780332,4.05141,0.47,0.12,0.82,0.777487,0.943031,0
user_72924,2022-10-26 01:18:00,20,11,4,1,1,1,9,13,17,15,16,2,0,2.869424,5.280144,6.225986,0.2,0.25,0.55,0.43279,0.78454,0
user_72925,2022-10-12 15:20:00,17,10,9,2,1,1,2,5,15,12,13,2,0,6.754504,3.850236,3.444015,0.53,0.22,0.59,0.683332,0.407857,0
user_72926,2022-10-08 23:47:00,20,14,9,1,2,0,6,5,1,9,17,5,1,11.586857,7.411385,2.954429,0.45,0.11,0.7,0.897046,0.574915,0
user_72927,2022-10-10 08:26:00,17,6,6,0,1,1,4,4,19,15,4,0,0,1.617372,3.69403,7.97579,0.35,0.0,0.35,0.318869,0.938852,0
user_72928,2022-10-04 03:37:00,16,6,9,0,2,3,2,2,3,15,7,1,0,6.170921,0.975135,5.246163,0.56,0.0,0.38,0.805463,0.563247,0
user_72929,2022-10-14 05:27:00,19,17,10,1,0,2,20,9,6,15,7,4,0,4.362922,3.568516,10.020363,0.53,0.1,0.89,0.552516,0.431899,0
user_72930,2022-10-12 09:54:00,21,10,6,0,4,1,1,16,11,6,13,2,0,5.735663,4.773906,10.923534,0.29,0.0,0.48,0.388963,0.620435,0
user_72931,2022-10-05 16:01:00,14,5,6,1,0,1,13,11,13,7,12,2,0,7.307895,3.284892,11.999232,0.43,0.17,0.36,0.568418,0.368067,0
user_72932,2022-10-16 23:27:00,17,13,10,0,1,3,0,20,13,4,18,6,1,6.556282,6.065131,8.178471,0.59,0.0,0.76,0.917681,0.725863,0
user_72933,2022-09-08 09:44:00,18,9,5,0,1,1,2,8,5,20,9,3,0,1.090878,6.796789,3.993062,0.28,0.0,0.5,0.979781,0.559015,0
user_72934,2022-10-04 17:09:00,24,10,6,0,2,0,3,17,11,3,11,1,0,4.838203,9.236161,4.585038,0.25,0.0,0.42,0.385408,0.665375,0
user_72935,2022-09-19 23:47:00,20,14,11,0,1,2,7,17,10,2,6,0,0,5.033956,7.952267,9.002214,0.55,0.0,0.7,0.992442,0.430558,0
user_72936,2022-09-10 06:26:00,18,9,12,1,2,5,1,5,11,1,6,5,1,6.857188,7.985781,3.613917,0.67,0.08,0.5,0.567424,0.561409,0
user_72937,2022-09-06 05:04:00,26,6,9,1,1,3,18,17,0,6,8,1,0,8.668669,2.709394,3.408714,0.35,0.11,0.23,0.626486,0.633794,0
user_72938,2022-09-06 20:43:00,29,10,9,0,5,1,19,0,6,0,1,1,0,3.99927,4.646308,7.067449,0.31,0.0,0.34,0.49957,0.65403,0
user_72939,2022-10-18 03:23:00,17,8,12,1,7,2,11,12,16,17,10,1,0,6.138148,1.296353,3.820352,0.71,0.08,0.47,0.945718,0.622379,0
user_72940,2022-10-10 20:00:00,11,9,13,0,1,1,18,1,5,16,3,0,0,7.652088,3.742539,13.74212,1.18,0.0,0.82,0.969348,0.920788,0
user_72941,2022-10-02 03:38:00,22,9,5,0,4,1,19,20,2,16,8,6,1,2.824665,6.619359,7.260061,0.23,0.0,0.41,0.397845,0.997315,0
user_72942,2022-10-22 13:49:00,11,5,7,1,3,1,15,5,17,2,10,5,1,4.938977,0.517917,7.24543,0.64,0.14,0.45,0.540309,0.93343,0
user_72943,2022-10-30 09:22:00,22,9,10,1,3,2,12,8,16,3,10,6,1,7.582192,2.406629,4.941036,0.45,0.1,0.41,0.482775,0.530519,0
user_72944,2022-09-19 03:11:00,22,10,13,1,2,1,20,15,18,6,6,0,0,0.231779,6.779513,8.698618,0.59,0.08,0.45,0.626896,0.707418,0
user_72945,2022-09-01 11:55:00,21,15,6,1,4,2,1,17,14,3,12,3,0,2.444726,4.173182,10.571938,0.29,0.17,0.71,0.330716,0.417792,0
user_72946,2022-09-15 22:29:00,26,8,7,0,3,1,18,16,9,0,0,3,0,6.678334,2.013842,5.258914,0.27,0.0,0.31,0.869886,0.651635,0
user_72947,2022-09-09 13:11:00,16,12,7,0,0,1,20,14,3,19,18,4,0,0.117129,7.500536,8.359976,0.44,0.0,0.75,0.571535,0.821908,0
user_72948,2022-09-21 11:59:00,22,13,5,0,3,1,9,7,14,16,12,2,0,7.32215,8.354869,6.815689,0.23,0.0,0.59,0.508663,0.304681,0
user_72949,2022-09-07 03:47:00,27,7,5,1,3,0,15,0,12,8,7,2,0,6.977114,2.059274,7.176977,0.19,0.2,0.26,0.997791,0.806299,0
user_72950,2022-09-15 00:37:00,22,12,8,0,6,1,5,8,13,9,16,3,0,5.355492,7.719739,5.717031,0.36,0.0,0.55,0.403679,0.878384,0
user_72951,2022-10-25 04:51:00,20,12,6,0,2,2,2,20,17,20,5,1,0,2.980007,3.085844,2.904076,0.3,0.0,0.6,0.443464,0.57965,0
user_72952,2022-09-10 19:41:00,21,7,7,0,2,3,16,5,12,8,17,5,1,7.708015,6.49682,9.64409,0.33,0.0,0.33,0.719459,0.462748,0
user_72953,2022-10-27 04:35:00,14,6,16,2,0,3,8,6,18,14,20,3,0,7.466637,0.847168,12.141707,1.14,0.12,0.43,0.62428,0.478215,1
user_72954,2022-10-19 15:17:00,20,14,8,3,1,2,18,6,7,8,6,2,0,7.428741,3.861105,6.192385,0.4,0.38,0.7,0.313776,0.319592,0
user_72955,2022-10-07 13:29:00,21,8,5,0,0,2,7,3,0,17,18,4,0,7.310788,8.833597,7.710481,0.24,0.0,0.38,0.508192,0.666671,0
user_72956,2022-09-01 05:07:00,22,8,6,1,3,1,13,14,13,10,0,3,0,0.484114,3.429875,5.647047,0.27,0.17,0.36,0.335324,0.916847,0
user_72957,2022-09-20 09:41:00,25,8,11,0,3,2,11,9,20,16,0,1,0,1.318745,4.804483,3.676363,0.44,0.0,0.32,0.373084,0.549006,0
user_72958,2022-10-03 17:48:00,17,10,13,0,1,2,8,17,9,3,0,0,0,7.214978,3.898533,6.41827,0.76,0.0,0.59,0.727443,0.615712,0
user_72959,2022-10-19 07:28:00,22,10,11,0,4,1,17,10,7,3,2,2,0,7.341952,9.248266,7.374786,0.5,0.0,0.45,0.887631,0.822739,0
user_72960,2022-09-12 04:32:00,25,9,9,0,3,0,2,19,13,11,20,0,0,6.46364,3.181219,9.382359,0.36,0.0,0.36,0.804593,0.859159,1
user_72961,2022-10-12 18:58:00,10,9,6,1,0,1,10,4,20,10,2,2,0,8.240463,0.112001,7.076638,0.6,0.17,0.9,0.414411,0.897529,0
user_72962,2022-10-14 01:01:00,16,8,11,0,1,0,20,7,19,8,8,4,0,3.927582,4.459737,2.473091,0.69,0.0,0.5,0.900321,0.481792,0
user_72963,2022-10-30 11:16:00,28,7,8,1,2,3,9,17,20,18,18,6,1,3.95694,6.007256,11.249535,0.29,0.12,0.25,0.520546,0.445352,0
user_72964,2022-09-28 09:42:00,18,12,7,0,0,3,16,0,14,3,10,2,0,7.749008,6.078561,7.310587,0.39,0.0,0.67,0.678456,0.792621,0
user_72965,2022-10-13 04:40:00,22,12,6,0,2,1,5,5,17,1,11,3,0,0.820075,8.875366,2.882634,0.27,0.0,0.55,0.733155,0.536685,0
user_72966,2022-10-12 21:37:00,21,10,9,0,5,3,13,11,0,15,15,2,0,0.225326,0.651982,5.811691,0.43,0.0,0.48,0.351058,0.974114,0
user_72967,2022-09-13 08:53:00,27,16,5,1,2,2,8,11,12,14,19,1,0,7.931646,7.046355,9.963272,0.19,0.2,0.59,0.944571,0.467348,1
user_72968,2022-09-06 06:49:00,22,7,5,1,2,2,6,10,4,15,17,1,0,1.540414,1.587576,9.414189,0.23,0.2,0.32,0.514501,0.633668,0
user_72969,2022-10-10 18:17:00,27,12,6,2,8,2,12,12,9,7,17,0,0,9.594396,1.74672,5.51325,0.22,0.33,0.44,0.45678,0.880891,0
user_72970,2022-09-28 03:27:00,21,8,7,0,2,3,18,20,19,4,13,2,0,8.429367,6.047408,5.07755,0.33,0.0,0.38,0.685044,0.807551,0
user_72971,2022-10-05 07:57:00,14,13,9,2,1,2,19,4,12,20,18,2,0,8.673841,4.699339,9.60347,0.64,0.22,0.93,0.980424,0.388434,0
user_72972,2022-09-23 18:08:00,29,9,15,0,5,2,11,17,7,20,7,4,0,5.172599,6.076834,7.237687,0.52,0.0,0.31,0.821625,0.662062,0
user_72973,2022-10-24 07:57:00,21,8,9,0,1,1,0,3,1,3,11,0,0,3.460817,0.674435,9.628838,0.43,0.0,0.38,0.826119,0.913467,0
user_72974,2022-10-20 11:28:00,28,6,4,0,4,0,3,13,12,5,0,3,0,4.546853,7.678963,6.182575,0.14,0.0,0.21,0.387226,0.489767,0
user_72975,2022-10-10 03:32:00,17,9,7,0,1,2,6,0,17,12,4,0,0,12.909942,6.963497,5.525373,0.41,0.0,0.53,0.770695,0.478824,0
user_72976,2022-10-23 08:09:00,22,6,5,1,4,1,2,10,18,19,0,6,1,6.75878,8.890708,3.634286,0.23,0.2,0.27,0.568817,0.864526,0
user_72977,2022-09-29 11:31:00,17,12,11,0,2,4,17,20,0,19,15,3,0,8.648212,9.216373,7.505001,0.65,0.0,0.71,0.851737,0.83096,0
user_72978,2022-10-13 04:12:00,19,14,8,0,3,4,6,5,15,10,15,3,0,10.087327,1.030935,4.998585,0.42,0.0,0.74,0.704468,0.450023,0
user_72979,2022-09-04 09:29:00,26,5,9,2,5,1,10,0,9,6,5,6,1,14.32937,7.158658,3.450049,0.35,0.22,0.19,0.923365,0.422656,0
user_72980,2022-09-23 06:48:00,16,5,8,0,0,1,0,17,15,14,7,4,0,6.860028,0.944702,7.276982,0.5,0.0,0.31,0.930704,0.842287,0
user_72981,2022-10-23 21:44:00,23,15,6,2,1,1,1,1,4,12,2,6,1,6.498815,6.207201,5.74822,0.26,0.33,0.65,0.92068,0.699006,0
user_72982,2022-10-21 23:57:00,22,9,11,1,4,0,11,18,4,6,19,4,0,4.038901,2.265916,9.37909,0.5,0.09,0.41,0.44579,0.363482,1
user_72983,2022-10-08 06:04:00,22,7,11,0,3,2,6,8,7,14,7,5,1,6.324335,3.595825,2.691117,0.5,0.0,0.32,0.429059,0.815873,0
user_72984,2022-10-25 23:24:00,17,8,7,0,1,1,19,19,0,10,10,1,0,2.908119,4.31218,1.179771,0.41,0.0,0.47,0.455049,0.512468,0
user_72985,2022-09-02 17:12:00,22,8,11,1,1,2,17,11,18,1,0,4,0,6.827286,0.109582,9.717801,0.5,0.09,0.36,0.907684,0.533219,0
user_72986,2022-10-07 15:58:00,21,4,11,1,1,3,20,2,11,16,20,4,0,9.378753,7.250506,7.068999,0.52,0.09,0.19,0.30796,0.577924,1
user_72987,2022-09-09 07:57:00,23,8,7,0,1,3,11,0,8,3,1,4,0,1.331931,5.703118,5.872812,0.3,0.0,0.35,0.816432,0.998351,0
user_72988,2022-09-23 11:46:00,16,13,10,0,1,3,18,17,6,20,19,4,0,0.936137,9.491848,6.533593,0.62,0.0,0.81,0.658272,0.805244,1
user_72989,2022-09-23 11:14:00,17,8,6,0,1,0,6,5,19,6,16,4,0,0.474956,2.844982,6.214123,0.35,0.0,0.47,0.592352,0.443006,0
user_72990,2022-10-01 06:17:00,26,7,5,0,5,1,3,2,18,4,4,5,1,2.887544,4.29445,11.254905,0.19,0.0,0.27,0.429748,0.96988,0
user_72991,2022-10-28 01:48:00,22,10,8,0,2,2,0,15,20,17,6,4,0,4.094148,5.441191,6.660183,0.36,0.0,0.45,0.700602,0.866439,0
user_72992,2022-10-30 10:27:00,18,13,6,2,0,1,20,16,13,9,15,6,1,4.372743,10.297655,5.769473,0.33,0.33,0.72,0.743014,0.401969,0
user_72993,2022-10-08 12:06:00,11,9,13,2,1,4,18,10,1,14,13,5,1,3.384924,9.450002,9.715822,1.18,0.15,0.82,0.543233,0.485419,0
user_72994,2022-09-27 09:41:00,15,11,3,0,0,0,4,8,3,0,4,1,0,2.002201,1.01909,5.135347,0.2,0.0,0.73,0.364724,0.900157,0
user_72995,2022-10-03 10:25:00,16,10,6,2,1,3,16,5,17,15,2,0,0,2.075466,5.156449,4.968141,0.38,0.33,0.62,0.850763,0.390638,0
user_72996,2022-10-15 00:32:00,21,13,4,0,3,1,2,10,17,17,12,5,1,3.334935,9.167496,5.36503,0.19,0.0,0.62,0.537586,0.375845,0
user_72997,2022-10-15 03:59:00,20,15,7,1,4,1,18,16,15,13,16,5,1,2.794468,4.154804,4.235442,0.35,0.14,0.75,0.778637,0.360775,0
user_72998,2022-10-07 22:48:00,15,11,6,1,2,2,15,18,12,9,6,4,0,1.186265,10.245629,3.258085,0.4,0.17,0.73,0.444077,0.911581,0
user_72999,2022-09-17 18:48:00,19,10,6,0,5,2,18,9,13,17,15,5,1,3.854642,4.490164,3.353611,0.32,0.0,0.53,0.706934,0.652045,0
