user,timestamp,number_of_emails_dispatched,number_of_files_interacted,total_logon_attempts,usb_connection_incidents,nighttime_email_events,number_of_night_logons,trait_openness_score,trait_conscientiousness_score,trait_extraversion_score,trait_agreeableness_score,trait_neuroticism_score,weekday_index,is_weekend_day,email_volume_change_1d,logon_variation_1d,logon_rolling_average_7d,logon_to_email_event_ratio,usb_to_logon_ratio,file_to_email_ratio,email_volume_volatility_3d,logon_volatility_3d,predicted_threat_label
user_0000,2021-04-30 23:43:00,17,17,10,0,1,1,13,19,16,10,6,4,0,1.9209926355896634,9.576838614451145,9.492561678730057,0.5555555555555556,0.0,0.9444444444444444,0.053329144775048354,1.0892587662412214,0
user_0001,2021-04-16 21:24:00,30,13,6,0,6,0,14,6,15,14,16,4,0,2.0717388765508113,0.9632688313589999,8.184179765527196,0.1935483870967742,0.0,0.41935483870967744,0.5703486440958472,1.4673401183544246,0
user_0002,2021-04-14 21:39:00,20,19,10,1,1,3,7,15,17,13,19,2,0,5.417952089271434,2.6415315781098982,6.191751838968786,0.47619047619047616,0.09090909090909091,0.9047619047619048,0.22920442781757244,1.7205221024451836,0
user_0003,2021-04-25 16:51:00,24,22,14,2,6,1,12,12,10,15,18,6,1,0.3290043714356028,3.045373953623831,5.0788827001984185,0.56,0.13333333333333333,0.88,0.31548181583846424,1.08027645054637,0
user_0004,2021-04-13 16:23:00,23,10,14,0,2,3,12,8,11,12,11,1,0,8.590314221629926,4.871792714614602,2.6997852972783636,0.5833333333333334,0.0,0.4166666666666667,0.015073638711037507,0.4747386846835633,0
user_0005,2021-01-25 03:37:00,27,9,7,1,2,2,11,6,13,8,16,0,0,8.668800482657819,4.895200928086264,9.237533507934392,0.25,0.125,0.32142857142857145,0.31848136073410505,0.799388749985948,0
user_0006,2021-03-22 21:01:00,24,15,10,0,3,1,9,9,12,19,18,0,0,1.2451306329019485,5.029497921098361,8.284009717938382,0.4,0.0,0.6,1.5695888673153546,0.6872541198426667,1
user_0007,2021-04-13 11:12:00,21,19,6,1,2,1,5,15,6,17,8,1,0,3.9675348595275164,5.277165750159477,9.933634694011587,0.2727272727272727,0.14285714285714285,0.8636363636363636,0.04928263470531724,0.9389632171406737,0
user_0008,2021-01-16 09:32:00,20,13,10,1,4,3,9,18,19,6,15,5,1,7.405927129430507,9.355242800669034,1.2515972747355986,0.47619047619047616,0.09090909090909091,0.6190476190476191,0.14205112646443974,0.1460605007310829,0
user_0009,2021-04-12 21:51:00,17,13,8,1,1,1,11,16,16,14,14,0,0,7.897090087666299,5.318535142421496,9.772075243207775,0.4444444444444444,0.1111111111111111,0.7222222222222222,1.8871455880934926,1.7872679094123771,0
user_0010,2021-04-24 15:46:00,28,17,6,0,3,0,11,10,14,9,9,5,1,2.9642540219757296,9.959129885407735,8.793791274890015,0.20689655172413793,0.0,0.5862068965517241,0.5583714899130126,1.6690277466762433,0
user_0011,2021-04-05 15:07:00,17,14,6,0,0,0,16,6,13,19,9,0,0,4.202237392381316,4.176232331902993,1.3457309306583372,0.3333333333333333,0.0,0.7777777777777778,0.17879533848017792,1.851797416649606,0
user_0012,2021-04-16 19:22:00,22,14,11,1,3,1,7,12,15,19,19,4,0,0.8463257435716354,2.879019737735662,1.6501955223908484,0.4782608695652174,0.08333333333333333,0.6086956521739131,0.009968473935007438,1.7234982118432378,1
user_0013,2021-01-04 08:52:00,19,23,14,2,1,0,7,8,15,10,8,0,0,3.4933187448450997,4.605513628974734,3.7614399740920543,0.7,0.13333333333333333,1.15,1.8603999705813834,0.21056494081575616,0
user_0014,2021-02-25 00:41:00,24,17,9,1,3,1,17,8,9,15,17,3,0,6.010025009044203,2.248910588226729,7.167276902518812,0.36,0.1,0.68,0.6163548235196632,1.5363790158244548,0
user_0015,2021-01-06 22:28:00,18,21,8,0,2,2,13,12,17,5,17,2,0,3.3289165328067902,1.6359719206706158,8.16155357316918,0.42105263157894735,0.0,1.105263157894737,1.4241478617295358,1.973154938618096,0
user_0016,2021-04-11 00:20:00,17,17,13,0,1,3,10,5,14,18,8,6,1,0.5852738439030036,1.9189835846013426,9.439051827933657,0.7222222222222222,0.0,0.9444444444444444,0.34543859710204394,0.6971652001276665,0
user_0017,2021-01-13 03:01:00,22,12,6,2,2,1,6,15,18,5,6,2,0,0.011286455674502927,5.675858350116625,9.092001573598122,0.2608695652173913,0.2857142857142857,0.5217391304347826,1.668739655450742,0.17234819146618863,0
user_0018,2021-03-28 10:53:00,14,16,11,1,1,2,11,10,12,18,8,6,1,6.076463677588042,8.820617489053134,1.8718690917669067,0.7333333333333333,0.08333333333333333,1.0666666666666667,0.5337972641736917,1.5874781816182983,0
user_0019,2021-02-18 04:48:00,15,15,11,1,2,2,8,13,8,11,10,3,0,5.995178653245079,8.520934444993724,8.432690406934338,0.6875,0.08333333333333333,0.9375,1.781282267441077,0.06516149292378248,0
user_0020,2021-03-15 23:02:00,16,16,6,1,2,1,15,16,7,15,7,0,0,5.135881747259619,9.5453751820041,4.408231966645237,0.35294117647058826,0.14285714285714285,0.9411764705882353,1.899125760793595,1.804249044938174,0
user_0021,2021-01-30 11:48:00,23,17,7,2,1,0,8,12,19,10,6,5,1,2.6276604936637202,4.6835329029260295,6.928385554026953,0.2916666666666667,0.25,0.7083333333333334,0.6540966868616716,0.07324308100236587,0
user_0022,2021-04-07 06:36:00,11,13,13,0,1,0,12,14,10,16,13,2,0,1.1691163653096992,1.1201302271156133,5.3651687387685225,1.0833333333333333,0.0,1.0833333333333333,0.9243817005438,1.2257016568616887,0
user_0023,2021-02-07 07:24:00,25,20,9,0,3,0,17,5,9,17,6,6,1,5.714081727709022,0.6634198087780707,5.366094084304324,0.34615384615384615,0.0,0.7692307692307693,1.609446150817687,1.068909595447598,0
user_0024,2021-02-26 02:27:00,13,12,11,1,1,2,8,18,10,8,16,4,0,7.408814884548639,0.2227972603866335,2.2297326081372497,0.7857142857142857,0.08333333333333333,0.8571428571428571,0.5905755562921937,1.9077301011072059,0
user_0025,2021-01-05 22:25:00,24,11,8,2,0,0,7,14,11,14,11,1,0,8.869210256575663,3.387967720110112,1.3998089165903633,0.32,0.2222222222222222,0.44,1.5960616586798506,0.24057361410696654,0
user_0026,2021-01-11 09:15:00,15,16,13,1,1,0,17,13,19,14,19,0,0,7.391088839074181,9.250671959867208,8.571647649728405,0.8125,0.07142857142857142,1.0,0.8531505550064056,1.6466684855352676,0
user_0027,2021-02-07 11:48:00,10,13,5,1,2,1,12,10,16,6,6,6,1,6.925038257184898,4.450497444657384,9.721821477355016,0.45454545454545453,0.16666666666666666,1.1818181818181819,0.8371333452600183,0.4843532432590423,0
user_0028,2021-01-06 11:31:00,20,11,9,0,5,2,17,14,14,16,18,2,0,3.418306171759382,9.106724918955084,5.201971533023588,0.42857142857142855,0.0,0.5238095238095238,1.6468654809132501,1.1052010846775346,1
user_0029,2021-03-06 21:14:00,27,22,12,1,1,0,17,14,10,16,19,5,1,9.089474405722752,4.050061298825343,5.135052111203694,0.42857142857142855,0.07692307692307693,0.7857142857142857,1.7364723604296703,1.8670283867886492,0
user_0030,2021-02-17 10:19:00,26,22,13,1,3,3,6,10,16,11,15,2,0,3.1918247032606217,1.4955014767449615,6.7049749617683165,0.48148148148148145,0.07142857142857142,0.8148148148148148,1.024995644423333,1.2548178521591835,0
user_0031,2021-02-19 05:01:00,22,25,6,0,4,0,14,10,16,5,11,4,0,7.064431649571664,3.2095345479316117,8.949930984441291,0.2608695652173913,0.0,1.0869565217391304,0.2818540608766884,1.5799635208914438,0
user_0032,2021-02-21 02:46:00,27,11,18,0,1,0,11,17,18,7,11,6,1,3.097306220979086,3.1825632562058024,3.2198608597052485,0.6428571428571429,0.0,0.39285714285714285,1.4560837530599093,0.6955605536434557,0
user_0033,2021-01-06 07:33:00,28,23,6,1,1,1,19,13,17,9,16,2,0,9.081848254111302,6.370936150405483,8.141363764107435,0.20689655172413793,0.14285714285714285,0.7931034482758621,1.8131882568560458,1.3720387358570483,0
user_0034,2021-01-21 07:48:00,24,17,7,0,4,0,11,6,8,16,13,3,0,2.1208991753141406,5.131663103967934,7.745564415665616,0.28,0.0,0.68,1.8182706601882737,1.6019647744321752,0
user_0035,2021-03-31 06:16:00,17,15,10,1,1,1,11,11,5,13,5,2,0,3.3364393650819055,1.3115530396816955,1.3606815347366765,0.5555555555555556,0.09090909090909091,0.8333333333333334,1.8883500195415792,1.1322827071376458,0
user_0036,2021-01-20 05:24:00,20,10,8,1,0,0,13,6,18,16,18,2,0,9.701449514549395,9.24641815272275,1.3330240135927236,0.38095238095238093,0.1111111111111111,0.47619047619047616,0.12168439125696895,0.9982313325898571,0
user_0037,2021-04-16 21:20:00,26,14,6,1,0,1,6,18,19,18,17,4,0,3.013905643155368,9.475911249728275,2.997042089080092,0.2222222222222222,0.14285714285714285,0.5185185185185185,1.4509398615301672,1.283340300050489,0
user_0038,2021-01-17 08:05:00,23,12,11,1,3,2,12,14,6,9,8,6,1,3.137840693287309,5.856722313902917,1.483750261366715,0.4583333333333333,0.08333333333333333,0.5,0.09923890701339944,0.7862116750457755,0
user_0039,2021-02-15 13:18:00,18,20,10,1,2,0,18,13,7,8,19,0,0,2.773918371211903,1.1619287396712175,7.871286967331862,0.5263157894736842,0.09090909090909091,1.0526315789473684,1.7755229446537741,1.6590822746469092,0
user_0040,2021-03-28 04:35:00,28,15,8,0,3,1,18,7,12,10,13,6,1,0.9740710745926007,6.571219508442555,6.226678123672556,0.27586206896551724,0.0,0.5172413793103449,0.8337693214958066,1.0721150651866804,0
user_0041,2021-02-09 15:19:00,18,17,6,1,2,1,14,18,12,8,9,1,0,0.25378794737413557,5.10383720919457,8.486297310885762,0.3157894736842105,0.14285714285714285,0.8947368421052632,0.1729547219523755,1.5676564499566987,0
user_0042,2021-03-17 14:04:00,19,15,9,0,3,0,7,18,12,17,12,2,0,9.414991186277303,1.5330704882269486,8.21652192218486,0.45,0.0,0.75,1.4616318035746019,1.8620739587313155,0
user_0043,2021-02-18 01:12:00,18,13,11,0,0,2,19,10,19,14,9,3,0,0.5041978389445179,9.984162593025545,2.5427626182080036,0.5789473684210527,0.0,0.6842105263157895,0.08860586630390554,1.686326685218241,0
user_0044,2021-03-15 23:41:00,20,21,12,1,2,1,17,16,12,6,14,0,0,0.44818576768780427,3.17436417691751,9.046831486644848,0.5714285714285714,0.07692307692307693,1.0,1.196134435904094,1.419754824710654,0
user_0045,2021-02-16 10:37:00,30,14,4,1,2,0,16,12,10,12,15,1,0,4.285307299999255,7.400282645171451,7.920408678581397,0.12903225806451613,0.2,0.45161290322580644,1.635959719488882,1.1227325872094274,0
user_0046,2021-03-27 23:34:00,23,17,6,0,0,0,19,15,13,11,15,5,1,0.15538217909658703,8.086281167729231,7.29756079242881,0.25,0.0,0.7083333333333334,1.6191821434797917,0.7191898137151176,0
user_0047,2021-01-23 03:25:00,30,18,6,1,4,1,15,18,7,11,12,5,1,1.9815089231667604,2.75297764705475,1.4381061768706893,0.1935483870967742,0.14285714285714285,0.5806451612903226,0.5510909931600867,1.4260387447624598,0
user_0048,2021-04-29 20:14:00,25,16,12,1,2,3,5,11,11,16,19,3,0,5.631208037963846,5.77261347282099,7.4551406464910634,0.46153846153846156,0.07692307692307693,0.6153846153846154,0.9493802268551463,1.2719980569045068,0
user_0049,2021-03-23 23:17:00,16,25,14,0,1,1,9,15,10,13,17,1,0,1.5944291837626612,7.3155483258967715,9.914861396197717,0.8235294117647058,0.0,1.4705882352941178,0.377317363526102,1.9320233683448251,0
user_0050,2021-02-21 09:41:00,19,21,6,0,3,1,17,15,11,9,16,6,1,9.64615354818974,7.132894551715507,3.005569730328449,0.3,0.0,1.05,0.6944272868457662,0.6685116516013252,0
user_0051,2021-01-07 05:18:00,19,12,12,2,1,3,11,13,8,19,19,3,0,8.88010167169634,8.263525105019372,5.3723253853860875,0.6,0.15384615384615385,0.6,1.4609476761355296,1.5979650007229436,0
user_0052,2021-03-06 13:07:00,22,24,7,1,4,0,8,17,18,19,17,5,1,6.747466073630758,8.247965132558686,5.945654412528612,0.30434782608695654,0.125,1.0434782608695652,1.1275376574997464,1.481458116206075,0
user_0053,2021-02-10 21:44:00,20,17,6,1,3,0,15,15,6,6,12,2,0,7.062269777226653,9.530790645021396,5.941486744538608,0.2857142857142857,0.14285714285714285,0.8095238095238095,1.7892346258579448,0.09954704202200237,0
user_0054,2021-03-24 01:51:00,23,15,11,2,1,0,9,6,8,18,13,2,0,3.064968129742589,7.5853762108625835,3.503579171482541,0.4583333333333333,0.16666666666666666,0.625,1.256889848370809,0.5728621473303066,0
user_0055,2021-02-08 05:07:00,14,14,9,0,0,3,16,17,15,7,5,0,0,2.185459780674229,5.3080694171931775,4.760572827071206,0.6,0.0,0.9333333333333333,1.0987976166045832,0.8842291990235298,0
user_0056,2021-03-28 03:00:00,13,13,14,1,3,0,14,12,14,16,19,6,1,4.019181146852664,6.085176481428628,5.388161404323183,1.0,0.06666666666666667,0.9285714285714286,0.17520556953345623,0.7068802893602437,0
user_0057,2021-04-21 19:56:00,16,13,12,3,4,1,13,10,13,10,14,2,0,4.120824060588246,2.167890756650489,7.891893740929434,0.7058823529411765,0.23076923076923078,0.7647058823529411,1.71925356564038,1.9292065664604547,0
user_0058,2021-02-10 20:46:00,19,20,8,0,0,0,5,13,16,11,17,2,0,9.876468434235008,6.831498243644392,2.2588351398443844,0.4,0.0,1.0,1.9884680715823735,1.790161146246968,0
user_0059,2021-01-31 19:33:00,22,18,16,1,5,1,19,18,13,13,10,6,1,8.425382158320318,5.916408956814609,5.115825711078979,0.6956521739130435,0.058823529411764705,0.782608695652174,1.735244841099843,1.8382426248156047,0
user_0060,2021-03-12 13:20:00,24,18,14,0,2,2,12,14,13,11,6,4,0,3.2854526308773115,2.9865774161520884,3.034292324770018,0.56,0.0,0.72,0.2512716883072985,1.8072837026536466,1
user_0061,2021-01-30 12:29:00,25,10,15,1,5,4,11,8,16,6,10,5,1,6.525970958048313,3.2636798615159055,3.2352086555914346,0.5769230769230769,0.0625,0.38461538461538464,1.7265851694419432,1.5312277013753932,0
user_0062,2021-02-14 11:32:00,24,8,10,1,3,2,8,19,19,16,17,6,1,4.371459197443466,4.421029775252993,8.764909917438596,0.4,0.09090909090909091,0.32,1.073994420980145,0.46699925205197257,0
user_0063,2021-04-19 08:01:00,12,22,16,1,1,1,9,7,16,10,14,0,0,7.530493948859998,5.245990882671862,6.842231648449363,1.2307692307692308,0.058823529411764705,1.6923076923076923,0.8914102972494446,1.5047502355427678,1
user_0064,2021-02-07 02:16:00,27,15,10,0,3,2,17,19,15,6,10,6,1,5.504431654817521,0.9450250504903612,1.6772906086157724,0.35714285714285715,0.0,0.5357142857142857,0.14515536602100676,0.11038718634649314,0
user_0065,2021-04-08 01:21:00,20,16,10,0,2,1,11,9,9,19,11,3,0,7.859020085121415,2.8156249292840876,9.172621064203389,0.47619047619047616,0.0,0.7619047619047619,1.6804450742514276,1.3156660821253485,0
user_0066,2021-01-23 10:42:00,21,19,9,1,2,0,6,12,18,5,8,5,1,2.8985745748485128,1.1381323617844796,1.5634857621955351,0.4090909090909091,0.1,0.8636363636363636,0.730827155350666,1.9286808443211778,0
user_0067,2021-01-10 16:40:00,14,15,11,0,1,1,17,8,14,10,9,6,1,3.0470313727394913,9.2038154982643,9.607645457869726,0.7333333333333333,0.0,1.0,0.7764807577180186,0.6785066132962903,0
user_0068,2021-03-21 04:00:00,22,9,13,1,3,1,13,12,17,15,7,6,1,2.13358250028549,6.570487566272244,7.894623217755597,0.5652173913043478,0.07142857142857142,0.391304347826087,1.9215775528439387,0.3395279245567926,0
user_0069,2021-03-18 19:15:00,26,16,13,1,7,2,16,9,14,9,13,3,0,0.11055127273034371,1.479089402474274,7.852835129813905,0.48148148148148145,0.07142857142857142,0.5925925925925926,1.002512307289048,1.2421223424530206,0
user_0070,2021-03-25 15:52:00,26,15,10,0,7,1,13,9,10,18,15,3,0,5.9724840817296485,0.7028650320521768,7.4022754689427535,0.37037037037037035,0.0,0.5555555555555556,0.38083976404187303,0.46258804272622167,1
user_0071,2021-01-17 22:48:00,14,20,11,1,1,0,12,10,11,7,6,6,1,6.96099152285961,3.1637281176883816,3.302773798873027,0.7333333333333333,0.08333333333333333,1.3333333333333333,0.025775346537400212,1.7030810755845192,0
user_0072,2021-03-20 08:36:00,21,9,10,2,1,0,5,9,9,5,7,5,1,1.7472653019180717,9.409709233523884,3.795167595032606,0.45454545454545453,0.18181818181818182,0.4090909090909091,0.3231204978007223,0.012152281950684518,0
user_0073,2021-02-16 07:08:00,25,14,9,0,3,0,5,13,7,19,8,1,0,1.5183573875744683,9.252096777790374,9.912440555770909,0.34615384615384615,0.0,0.5384615384615384,0.10144584856107564,0.49821719939315234,0
user_0074,2021-01-15 07:58:00,24,12,7,2,3,1,7,5,6,12,18,4,0,7.459703176506352,9.690724480906054,5.324264065756677,0.28,0.25,0.48,0.036021329039575445,0.5804533643162315,0
user_0075,2021-03-16 09:27:00,14,17,11,0,0,2,9,8,5,18,19,1,0,0.129604207132078,0.5614991838862715,3.1620391571600717,0.7333333333333333,0.0,1.1333333333333333,1.148336411387102,0.7145808608875783,0
user_0076,2021-01-25 19:14:00,17,11,12,1,1,1,9,8,15,5,5,0,0,6.766775972833075,3.03802266533462,8.792256261557093,0.6666666666666666,0.07692307692307693,0.6111111111111112,1.0006117543803483,1.5863447137967825,0
user_0077,2021-03-20 05:53:00,18,21,7,1,1,0,6,14,14,13,16,5,1,0.3189682043246622,6.475609630813443,9.65003110045302,0.3684210526315789,0.125,1.105263157894737,1.7486644403847598,1.1478427428030231,0
user_0078,2021-04-25 11:52:00,18,14,9,1,0,0,15,17,16,18,11,6,1,7.593803394624113,9.077970670889092,6.551111389451473,0.47368421052631576,0.1,0.7368421052631579,0.9752898071068279,0.37350967410402225,0
user_0079,2021-01-15 12:01:00,19,8,14,3,1,3,7,7,8,17,10,4,0,2.636773538098669,4.65038839077949,9.153316892230025,0.7,0.2,0.4,0.41964879298877267,1.2268989649924107,1
user_0080,2021-04-05 21:38:00,16,23,6,0,2,1,17,19,10,11,15,0,0,4.404630823982575,6.530361643553454,3.558766539173546,0.35294117647058826,0.0,1.3529411764705883,0.6530705233988676,0.46209824001456057,0
user_0081,2021-04-24 16:15:00,22,17,13,2,2,0,13,17,15,15,15,5,1,0.26698564633166333,4.584346316902042,1.1044852858656853,0.5652173913043478,0.14285714285714285,0.7391304347826086,0.14079872196006038,1.5815350455690922,0
user_0082,2021-04-12 00:16:00,22,13,10,2,2,0,7,8,18,17,13,0,0,2.595520654611845,5.011297130276495,8.183223178582663,0.43478260869565216,0.18181818181818182,0.5652173913043478,0.32698995202051484,1.8896406209851337,0
user_0083,2021-04-22 20:19:00,26,9,10,0,3,1,17,17,6,17,5,3,0,1.5997501092494737,2.255279729712073,6.494686129614891,0.37037037037037035,0.0,0.3333333333333333,0.7601559438662402,1.005793753027848,0
user_0084,2021-03-05 14:21:00,23,14,5,0,2,0,6,18,9,9,5,4,0,9.108263534133558,3.0474248815687255,1.7901176608079583,0.20833333333333334,0.0,0.5833333333333334,0.42818305146419755,1.1173837053215532,0
user_0085,2021-03-08 20:31:00,16,14,11,1,1,1,11,11,7,17,16,0,0,4.589194646792043,3.822919255442434,2.030834109059806,0.6470588235294118,0.08333333333333333,0.8235294117647058,0.21601048090965436,1.3564737636391333,0
user_0086,2021-01-07 21:04:00,21,17,7,2,1,1,18,12,9,18,11,3,0,1.591421735395857,8.478896808922729,7.926432767548656,0.3181818181818182,0.25,0.7727272727272727,0.3057871453152925,0.262773776231358,0
user_0087,2021-03-27 14:05:00,23,16,8,1,0,1,11,5,17,9,14,5,1,7.55627993164662,8.523742877567978,5.751309814996118,0.3333333333333333,0.1111111111111111,0.6666666666666666,1.861325194979162,0.650287122368475,0
user_0088,2021-02-01 19:22:00,20,16,12,2,2,0,6,11,8,10,18,0,0,5.5183262891935865,7.974692952365072,8.218342017751707,0.5714285714285714,0.15384615384615385,0.7619047619047619,1.9699219268440957,1.5046794010249316,0
user_0089,2021-01-16 21:51:00,22,9,5,0,3,0,13,9,12,15,11,5,1,1.6555536063482146,3.3012057415327813,1.91042355138412,0.21739130434782608,0.0,0.391304347826087,1.5052027473419303,1.83392551469202,0
user_0090,2021-03-12 18:01:00,18,15,9,1,1,0,5,19,7,9,19,4,0,6.703907985555439,0.34849121256183335,5.460975854953752,0.47368421052631576,0.1,0.7894736842105263,0.6651249579262704,1.7915986562550403,0
user_0091,2021-01-25 13:13:00,16,17,12,0,2,2,15,10,18,17,16,0,0,4.763956798781174,2.840331042366362,8.188047241468084,0.7058823529411765,0.0,1.0,1.0296826311894864,1.438222045412995,1
user_0092,2021-02-24 01:20:00,22,8,13,1,1,1,15,6,18,10,12,2,0,5.780399893415159,1.6935203662874987,6.163463847290541,0.5652173913043478,0.07142857142857142,0.34782608695652173,0.837711923107747,0.6788853180076353,0
user_0093,2021-04-10 08:19:00,13,15,4,0,1,0,13,9,11,10,10,5,1,7.15022968510059,8.919765441197933,5.605019258032105,0.2857142857142857,0.0,1.0714285714285714,0.17037456517995841,1.5388130931172566,1
user_0094,2021-03-07 17:03:00,20,12,11,1,3,3,8,18,9,9,8,6,1,3.374256722305522,4.771562687596658,5.777907082157397,0.5238095238095238,0.08333333333333333,0.5714285714285714,1.2641395927345214,1.3130794797159944,0
user_0095,2021-01-21 17:05:00,28,12,10,2,1,0,6,10,16,16,9,3,0,8.806376372930284,0.9461038303995872,9.026075161185416,0.3448275862068966,0.18181818181818182,0.41379310344827586,1.1545335182208958,1.3714917339648272,1
user_0096,2021-04-23 09:12:00,13,16,8,0,2,0,7,19,7,12,19,4,0,0.9088171307325676,9.197322684837651,3.560275762898164,0.5714285714285714,0.0,1.1428571428571428,0.13988691244683737,1.323832543558242,0
user_0097,2021-03-25 16:54:00,26,12,14,3,5,0,5,9,19,11,12,3,0,3.1055837153738306,3.4924359451998486,1.84951343611301,0.5185185185185185,0.2,0.4444444444444444,0.3335713215411624,0.05646664557698755,0
user_0098,2021-03-18 17:38:00,22,17,10,0,1,0,13,11,8,18,9,3,0,9.790321004274858,1.7641354404293152,9.45611257340643,0.43478260869565216,0.0,0.7391304347826086,1.381312906860008,1.198056972891198,0
user_0099,2021-02-15 08:40:00,16,20,12,0,0,0,18,12,11,5,16,0,0,4.326056022945352,9.35029003754164,9.274439092082172,0.7058823529411765,0.0,1.1764705882352942,1.4992991267913314,1.954980829081616,0
user_0100,2021-04-25 07:05:00,26,16,18,2,3,1,9,19,13,16,12,6,1,2.9028734891255494,2.3317190775248053,7.3251547819095135,0.6666666666666666,0.10526315789473684,0.5925925925925926,0.37727443135204375,0.1661514182967836,0
user_0101,2021-02-11 05:27:00,17,17,9,1,2,1,16,15,15,5,13,3,0,1.8169372803548556,9.173336754763342,2.218815761293753,0.5,0.1,0.9444444444444444,1.5797897259915628,1.3708441104615545,0
user_0102,2021-01-21 10:21:00,13,13,15,0,0,2,10,16,17,15,14,3,0,2.945893550988451,3.3131241972036074,9.9715178820008,1.0714285714285714,0.0,0.9285714285714286,1.8121425552520063,0.04057046778823592,0
user_0103,2021-04-02 12:59:00,15,11,12,1,2,1,15,11,8,5,19,4,0,3.1017106839249644,6.299489046992287,1.27153556724793,0.75,0.07692307692307693,0.6875,0.9497628990126814,1.539983425676504,0
user_0104,2021-03-16 02:38:00,22,16,7,0,1,0,18,15,13,9,17,1,0,2.3282810156774394,3.866284723189973,4.653642091456911,0.30434782608695654,0.0,0.6956521739130435,0.4015898908710829,1.697182699912401,1
user_0105,2021-02-27 10:19:00,15,7,12,3,1,1,9,12,8,6,11,5,1,2.894249595256908,1.3992290893543924,8.896366568893221,0.75,0.23076923076923078,0.4375,0.049251390249640536,1.295629029369536,0
user_0106,2021-02-10 14:50:00,16,16,12,0,1,2,17,12,17,11,11,2,0,4.346476755062623,2.0722916923790646,3.195481323198733,0.7058823529411765,0.0,0.9411764705882353,1.1897486225010194,1.6683455216301852,0
user_0107,2021-02-04 03:49:00,15,17,11,0,1,0,7,15,11,12,12,3,0,6.422960525863649,4.491469188272744,8.088769929365231,0.6875,0.0,1.0625,1.0568745766167884,1.0903643872014093,0
user_0108,2021-01-28 06:59:00,22,16,9,2,3,0,14,10,13,15,13,3,0,2.4340179377082216,8.968497431813962,3.8253803053091455,0.391304347826087,0.2,0.6956521739130435,1.4445012273521056,0.9975309574247095,1
user_0109,2021-02-23 09:07:00,17,7,7,2,3,3,8,16,5,7,15,1,0,7.413841552691725,1.1957005815115163,4.0199359143548214,0.3888888888888889,0.25,0.3888888888888889,0.9092249441874174,1.0159498353731404,0
user_0110,2021-04-13 01:17:00,18,8,15,1,1,2,10,7,11,11,18,1,0,3.388587681967156,7.50399636439921,3.8039292039540316,0.7894736842105263,0.0625,0.42105263157894735,1.2446817885924493,0.6808322767625956,0
user_0111,2021-02-08 07:13:00,18,21,10,0,1,0,12,18,7,16,7,0,0,1.9653209800887639,1.1515096955880633,4.698268084754485,0.5263157894736842,0.0,1.105263157894737,1.2237391563386677,0.11493241062670956,0
user_0112,2021-04-04 08:05:00,22,13,10,0,1,1,11,6,5,15,19,6,1,2.611439864843196,3.642860300369828,7.409987145242875,0.43478260869565216,0.0,0.5652173913043478,1.9338220793835592,0.6383191709318188,1
user_0113,2021-04-07 01:46:00,32,15,9,0,2,2,8,7,11,16,15,2,0,7.081377350983777,5.696389984280916,3.0083574803345763,0.2727272727272727,0.0,0.45454545454545453,0.6123265768787383,1.7657172060813924,0
user_0114,2021-02-16 15:54:00,21,18,8,0,2,1,6,12,19,10,17,1,0,6.157457668232746,8.81364296809011,2.300349720290781,0.36363636363636365,0.0,0.8181818181818182,1.799463356070039,1.561913427657406,0
user_0115,2021-03-01 10:50:00,24,9,13,0,1,2,13,9,10,6,18,0,0,6.974806585426982,5.0165380581201315,1.1252321609531535,0.52,0.0,0.36,0.37539852214226865,0.11035122921751395,1
user_0116,2021-03-23 17:04:00,21,18,11,1,2,1,18,13,8,14,16,1,0,4.389240280867758,6.9871189238897005,2.0851224450317947,0.5,0.08333333333333333,0.8181818181818182,1.1802454493681591,1.016686623492806,0
user_0117,2021-02-09 19:41:00,15,19,13,0,1,0,14,19,10,8,10,1,0,4.820100001249063,3.5676578628482494,8.313949685068398,0.8125,0.0,1.1875,0.5339134408502546,1.3256862542297896,0
user_0118,2021-02-03 06:25:00,18,16,9,1,0,0,14,8,14,15,5,2,0,3.639669686345006,5.936136234120919,4.45157348911513,0.47368421052631576,0.1,0.8421052631578947,1.5631917109699431,1.531657873380008,0
user_0119,2021-04-19 06:38:00,29,9,11,2,1,0,16,5,15,16,5,0,0,1.7108866880341767,6.4372440523461325,8.401874747884364,0.36666666666666664,0.16666666666666666,0.3,1.2255417594484599,1.2083483090153067,0
user_0120,2021-02-22 22:39:00,18,16,10,0,0,1,15,5,18,13,15,0,0,7.900482266513683,3.7921622908855293,4.793780531281516,0.5263157894736842,0.0,0.8421052631578947,1.0461148390632427,0.6416618407566914,0
user_0121,2021-02-09 21:23:00,17,16,7,2,2,0,7,16,8,6,5,1,0,3.5401452668017552,7.113060742050001,9.94003631373005,0.3888888888888889,0.25,0.8888888888888888,1.8756710881038392,1.9392468959972304,0
user_0122,2021-01-28 12:04:00,13,18,15,3,0,2,10,15,13,16,16,3,0,8.343329175011013,2.26317057932064,5.544639985447003,1.0714285714285714,0.1875,1.2857142857142858,1.359664400966276,0.6880191332073893,0
user_0123,2021-02-02 09:23:00,16,18,6,0,4,1,6,16,12,13,10,1,0,0.6835145408698595,6.102159819502694,1.1945610981940513,0.35294117647058826,0.0,1.0588235294117647,0.9291256576069999,1.6777865054439727,0
user_0124,2021-04-12 08:18:00,22,15,11,3,1,0,19,9,13,10,11,0,0,3.0293021778559925,9.573844246604956,3.813356536468428,0.4782608695652174,0.25,0.6521739130434783,0.7526578426137793,0.7204834474569692,0
user_0125,2021-02-12 17:56:00,21,14,11,1,1,0,15,17,18,7,17,4,0,6.214815099892194,6.566652315164165,9.285012719410773,0.5,0.08333333333333333,0.6363636363636364,0.19823575100071955,1.2016079184298534,0
user_0126,2021-03-01 13:08:00,19,11,6,0,0,0,13,14,5,6,7,0,0,2.900123356702864,2.882730644608964,6.754708442518038,0.3,0.0,0.55,0.5278221728296171,1.903584274752925,0
user_0127,2021-04-26 23:18:00,25,16,8,1,4,2,6,18,5,12,16,0,0,1.740378975766459,1.8553100351929008,4.092908664632659,0.3076923076923077,0.1111111111111111,0.6153846153846154,0.13173609031086753,1.7885685473415547,0
user_0128,2021-01-29 01:13:00,25,9,11,2,2,1,14,17,15,18,16,4,0,1.1098869526776278,7.312000144971243,4.840733393494647,0.4230769230769231,0.16666666666666666,0.34615384615384615,1.0214490243132202,0.9448119555589185,0
user_0129,2021-01-05 21:17:00,29,13,8,0,3,0,13,5,6,14,18,1,0,7.574852262181566,8.548873758183293,2.798102752551437,0.26666666666666666,0.0,0.43333333333333335,1.0151711852395635,0.8093463118180897,0
user_0130,2021-04-12 04:46:00,31,20,8,1,5,2,6,6,10,11,18,0,0,7.620563361619858,2.471294362033559,5.991390646682336,0.25,0.1111111111111111,0.625,0.2818674023358656,0.4978736940383168,0
user_0131,2021-01-04 15:05:00,17,10,13,1,4,1,5,9,18,11,16,0,0,5.3858872382155685,3.4828670656521754,8.595828681663033,0.7222222222222222,0.07142857142857142,0.5555555555555556,1.7798522996726762,0.2553774826570996,0
user_0132,2021-04-28 13:47:00,22,19,13,2,1,1,13,11,13,6,13,2,0,2.2963329953711407,7.710794775429579,5.813850435286366,0.5652173913043478,0.14285714285714285,0.8260869565217391,0.7403695959049399,0.5920315332105122,0
user_0133,2021-02-23 08:05:00,23,19,18,1,3,2,18,13,19,13,12,1,0,5.402782137435668,8.034093777741013,5.194814372706439,0.75,0.05263157894736842,0.7916666666666666,0.35280139754281414,0.5648233018173485,0
user_0134,2021-03-02 12:55:00,15,12,5,2,2,0,5,10,8,6,18,1,0,7.516788665136243,9.883058259556584,4.557609255719762,0.3125,0.3333333333333333,0.75,0.03991492904610383,1.5122202512397511,1
user_0135,2021-02-01 10:04:00,25,15,8,0,1,0,18,6,11,9,15,0,0,0.6286111118120696,3.3111094298402333,6.604133162062375,0.3076923076923077,0.0,0.5769230769230769,0.1811204730467888,0.9992332776159489,0
user_0136,2021-01-09 01:47:00,23,11,14,0,3,1,12,12,13,6,7,5,1,0.4455831587162129,5.732010308302392,7.588473074009669,0.5833333333333334,0.0,0.4583333333333333,0.9764867622969995,0.5507720091595412,0
user_0137,2021-03-14 03:03:00,21,13,11,2,0,3,13,8,11,14,8,6,1,3.233858034302428,8.180153819760754,9.77006902175545,0.5,0.16666666666666666,0.5909090909090909,1.0120215347419876,1.1255761076624495,0
user_0138,2021-01-28 06:43:00,20,7,9,0,2,0,5,18,18,10,7,3,0,3.502144714522095,0.1296413030980148,4.26356165542576,0.42857142857142855,0.0,0.3333333333333333,1.4120401676421506,0.5587646717430046,0
user_0139,2021-02-23 04:37:00,26,21,16,1,3,1,17,9,9,19,10,1,0,0.9791142924315965,2.5788849572703008,1.3328647423831426,0.5925925925925926,0.058823529411764705,0.7777777777777778,1.9636119723994818,0.8796552398440269,0
user_0140,2021-02-23 05:54:00,23,9,10,3,2,1,9,7,14,9,14,1,0,8.516697150006824,1.5539618357860574,8.533592969604815,0.4166666666666667,0.2727272727272727,0.375,0.7106007451901608,1.7053811116942486,0
user_0141,2021-02-23 01:22:00,11,17,9,1,2,2,13,11,19,18,10,1,0,7.175770289001725,3.6515605454973277,1.8358255036705482,0.75,0.1,1.4166666666666667,0.7305703199862714,1.8099245540498845,0
user_0142,2021-03-11 03:30:00,20,22,12,2,1,1,6,13,11,19,17,3,0,9.385108138098516,6.261584723442021,7.42134511922501,0.5714285714285714,0.15384615384615385,1.0476190476190477,0.7768336736920121,0.6264725767537898,0
user_0143,2021-02-22 17:34:00,19,13,11,1,0,0,15,11,19,11,14,0,0,9.896788911256333,0.18684878732004084,4.443643978061141,0.55,0.08333333333333333,0.65,1.5407182058073479,1.9829827815660015,0
user_0144,2021-03-14 14:06:00,22,19,8,1,1,0,16,12,11,13,6,6,1,5.878537899706923,2.894263254908924,4.1921634079042995,0.34782608695652173,0.1111111111111111,0.8260869565217391,1.5318685154710705,0.4148783990235354,0
user_0145,2021-02-04 22:35:00,23,12,13,2,2,1,5,13,6,12,15,3,0,7.359347598800018,6.906698058282005,1.247505771160898,0.5416666666666666,0.14285714285714285,0.5,1.2389896644096239,0.6238383419790179,0
user_0146,2021-02-28 15:05:00,26,8,11,0,5,0,5,11,13,15,15,6,1,5.509243096959411,4.953612834658701,4.5889885517603375,0.4074074074074074,0.0,0.2962962962962963,0.5241169719017473,1.0182867211088442,0
user_0147,2021-03-06 22:37:00,18,16,9,1,2,0,16,19,10,18,19,5,1,2.07627644494367,0.943711618158477,2.417694350414566,0.47368421052631576,0.1,0.8421052631578947,0.4681972475338734,1.581217350918095,0
user_0148,2021-01-05 15:07:00,19,10,12,2,2,3,14,13,12,13,6,1,0,7.634631819295179,8.716065105811534,3.578212659245952,0.6,0.15384615384615385,0.5,0.40597014168301615,0.9391487979026967,0
user_0149,2021-04-11 17:45:00,23,14,7,2,2,0,5,19,7,18,10,6,1,7.5522524015067605,9.781169254709392,6.000631937698996,0.2916666666666667,0.25,0.5833333333333334,0.694147420629746,1.6684182611693468,0
user_0150,2021-04-19 02:52:00,18,9,6,0,2,0,5,8,15,8,13,0,0,0.908449102236718,4.45668761588562,6.159824620397842,0.3157894736842105,0.0,0.47368421052631576,0.7656378595335738,0.8367640454420373,0
user_0151,2021-03-27 13:30:00,20,18,9,0,1,2,18,10,14,7,19,5,1,2.114252623196564,8.886628444839541,2.0756038113062716,0.42857142857142855,0.0,0.8571428571428571,0.9883434732546963,1.7299725590309316,0
user_0152,2021-01-02 02:21:00,22,16,7,1,3,2,17,8,11,11,5,5,1,2.2151427355274365,1.6471044244052213,1.2158935777802515,0.30434782608695654,0.125,0.6956521739130435,1.7953677843881566,1.3580016885807427,0
user_0153,2021-04-29 12:23:00,20,14,7,1,0,1,10,7,15,9,19,3,0,3.6343596227047135,5.5122882192946285,8.476150101251317,0.3333333333333333,0.125,0.6666666666666666,1.948384439978403,1.422698017888019,0
user_0154,2021-04-15 12:30:00,19,8,6,1,1,1,15,18,18,16,5,3,0,5.06222988843347,7.947153888334864,8.624456347765317,0.3,0.14285714285714285,0.4,0.09269474558066237,0.08302463437872842,0
user_0155,2021-04-14 18:20:00,20,17,8,1,0,0,8,5,15,10,16,2,0,4.673057816606976,5.879682503710328,8.648696658334227,0.38095238095238093,0.1111111111111111,0.8095238095238095,1.234216099520134,1.318678486921463,0
user_0156,2021-04-17 12:32:00,19,11,10,1,0,0,17,9,10,17,5,5,1,2.5640812368696064,1.8676109063056112,7.271986561985035,0.5,0.09090909090909091,0.55,0.06674471096724699,1.6791905318549498,0
user_0157,2021-02-18 06:47:00,21,19,11,0,3,1,5,15,18,15,17,3,0,1.2043941816744763,4.1309699252479035,7.666303042192489,0.5,0.0,0.8636363636363636,1.3027008978099046,1.8484896576860759,0
user_0158,2021-01-08 09:08:00,21,12,9,2,1,0,8,5,8,11,9,4,0,0.39481869175706397,4.649655376253735,5.964749098042513,0.4090909090909091,0.2,0.5454545454545454,1.6980112095441737,0.14282600481765595,0
user_0159,2021-04-11 10:16:00,30,19,9,1,3,1,11,16,19,16,6,6,1,7.94299778037918,8.969241985163642,9.172086888258987,0.2903225806451613,0.1,0.6129032258064516,0.3556995272367811,0.8736034546919262,0
user_0160,2021-04-25 17:56:00,22,17,13,1,3,0,16,18,16,13,12,6,1,1.7928476097004464,3.4961648848134406,6.926498840757653,0.5652173913043478,0.07142857142857142,0.7391304347826086,1.569837446249612,1.9692165053444965,0
user_0161,2021-02-26 06:28:00,19,8,12,2,0,2,17,8,9,11,15,4,0,4.894972886381921,0.036851023815980266,6.773113942161051,0.6,0.15384615384615385,0.4,0.46587945760714233,0.28383508297179727,0
user_0162,2021-01-29 23:04:00,20,15,15,0,1,3,14,17,17,9,16,4,0,1.2604674561338636,5.506999039854737,1.8450211800179517,0.7142857142857143,0.0,0.7142857142857143,1.7656837142367665,1.8364656300004591,0
user_0163,2021-02-03 23:09:00,29,17,8,0,2,1,18,7,11,9,12,2,0,3.2651553516447085,7.442185721985471,2.1087749978024544,0.26666666666666666,0.0,0.5666666666666667,1.330072521922394,0.5951536863404603,0
user_0164,2021-02-07 07:22:00,27,14,6,0,2,3,13,15,13,15,17,6,1,4.194938195753729,1.464955226268465,2.9641635625044103,0.21428571428571427,0.0,0.5,1.732870423304501,0.461943920688614,0
user_0165,2021-01-10 06:43:00,25,8,18,1,5,1,6,19,13,18,5,6,1,0.3227593293356812,0.8360489505629154,5.570641950206812,0.6923076923076923,0.05263157894736842,0.3076923076923077,1.9189640098235003,0.7476824455484721,0
user_0166,2021-02-15 09:04:00,15,13,10,1,1,2,13,16,8,5,18,0,0,6.297955834378481,1.0879709408414184,1.1660494557638055,0.625,0.09090909090909091,0.8125,1.9488970342838432,1.571862737225138,0
user_0167,2021-03-08 04:29:00,23,11,5,0,4,0,19,11,9,15,14,0,0,0.12269240024207373,2.084870732628812,2.644545332946003,0.20833333333333334,0.0,0.4583333333333333,0.3913067464814797,1.1365054338208154,0
user_0168,2021-01-20 22:52:00,22,15,12,1,2,1,7,13,14,15,18,2,0,6.64725381669329,6.151959827645088,1.5994988451406225,0.5217391304347826,0.07692307692307693,0.6521739130434783,0.6200913462853448,0.44547027685621,1
user_0169,2021-03-29 23:40:00,15,18,8,1,0,2,9,9,7,17,12,0,0,7.819061876001612,6.174939204300994,1.025356950913521,0.5,0.1111111111111111,1.125,1.587287013107475,1.5391558081581647,0
user_0170,2021-01-07 05:21:00,13,9,9,0,3,0,10,7,13,7,6,3,0,7.231381811880238,4.66826601379985,5.757342898484781,0.6428571428571429,0.0,0.6428571428571429,1.0160553290173833,1.6400107220633495,0
user_0171,2021-04-02 01:51:00,18,15,8,0,3,0,7,8,12,17,12,4,0,3.991990699393577,0.9893908082810754,7.567718517814125,0.42105263157894735,0.0,0.7894736842105263,1.2869307617337558,0.665964223385316,1
user_0172,2021-01-30 13:26:00,27,17,19,2,4,2,18,6,15,6,13,5,1,6.474137021474365,8.039567728987201,6.1909487553928155,0.6785714285714286,0.1,0.6071428571428571,0.6782110791222344,1.7663957203880072,0
user_0173,2021-03-09 06:21:00,21,15,14,0,4,3,15,18,17,11,17,1,0,2.7684218046560893,0.5072530850430468,6.14667820846591,0.6363636363636364,0.0,0.6818181818181818,0.04254478204514389,1.1224325099446795,0
user_0174,2021-02-04 00:38:00,16,21,11,2,3,1,11,17,14,18,10,3,0,4.670383567729768,1.6658158200950612,9.58384603820753,0.6470588235294118,0.16666666666666666,1.2352941176470589,0.6685620776681731,0.030611205885323622,0
user_0175,2021-01-26 15:09:00,20,12,16,0,1,1,16,8,7,8,7,1,0,7.669353337812642,5.7325708080680915,7.494329209344433,0.7619047619047619,0.0,0.5714285714285714,1.6664193112598962,1.4745430680441756,0
user_0176,2021-01-08 10:50:00,18,22,11,1,1,1,14,17,16,11,5,4,0,0.10645830927177413,8.521424105196807,8.328271163962103,0.5789473684210527,0.08333333333333333,1.1578947368421053,0.20553130373898676,0.6573961947268461,1
user_0177,2021-01-19 12:56:00,13,20,8,0,2,1,10,13,11,8,12,1,0,6.4289685959969685,6.118501305599632,2.495266565835065,0.5714285714285714,0.0,1.4285714285714286,0.4669645626272736,0.14200474034927524,0
user_0178,2021-01-03 18:58:00,21,8,13,0,4,1,19,18,18,7,9,6,1,9.522773253766756,7.63220719813472,2.8205134552436713,0.5909090909090909,0.0,0.36363636363636365,1.0571856505456525,0.44489199983043926,0
user_0179,2021-03-13 16:59:00,27,16,11,0,2,1,6,9,7,12,12,5,1,1.650974880947057,9.951500432774527,6.518181658232915,0.39285714285714285,0.0,0.5714285714285714,0.15316406814883798,0.7174214162714541,0
user_0180,2021-01-02 20:21:00,17,11,6,1,2,1,7,11,7,7,17,5,1,7.428470251516072,2.603479929073056,4.0587310956650775,0.3333333333333333,0.14285714285714285,0.6111111111111112,0.43377317120792536,0.37468089805744564,0
user_0181,2021-01-19 03:10:00,17,20,7,0,2,1,10,18,13,19,8,1,0,8.221156960100602,9.267951846283896,3.17308766812823,0.3888888888888889,0.0,1.1111111111111112,0.7851644209691824,1.9855074165353137,0
user_0182,2021-02-28 08:43:00,17,21,10,1,0,0,9,8,19,8,7,6,1,5.349071042462711,9.95472179510656,6.264211727916754,0.5555555555555556,0.09090909090909091,1.1666666666666667,1.906749643603463,0.38191417312741005,0
user_0183,2021-03-01 08:20:00,23,15,10,1,2,0,16,8,19,18,13,0,0,8.52352157923457,0.9865799941646458,4.474670518699836,0.4166666666666667,0.09090909090909091,0.625,0.7662636897804835,1.465714373327032,0
user_0184,2021-01-28 05:53:00,22,10,5,0,1,0,16,8,15,5,15,3,0,5.5829300411521725,7.763253790358479,5.414811076755997,0.21739130434782608,0.0,0.43478260869565216,1.5885815767360238,0.777773602929672,0
user_0185,2021-01-17 15:35:00,17,13,10,2,1,0,15,8,5,14,14,6,1,8.989919648768112,7.622678986196329,1.8502652260762735,0.5555555555555556,0.18181818181818182,0.7222222222222222,1.0743997527699263,0.41072870058300137,0
user_0186,2021-02-22 12:20:00,20,12,9,3,3,1,16,6,14,8,14,0,0,3.7224434681473015,4.021127096456235,7.777926447547157,0.42857142857142855,0.3,0.5714285714285714,0.5384639674107836,1.2290999287504762,0
user_0187,2021-01-26 14:26:00,21,12,10,1,2,5,18,7,10,12,12,1,0,2.6053601038538297,1.0766328621091437,8.783713243484058,0.45454545454545453,0.09090909090909091,0.5454545454545454,1.6976564220291948,0.35101516280725953,0
user_0188,2021-01-01 15:18:00,28,19,8,2,2,2,18,18,7,12,18,4,0,7.56635163585167,9.69886087184363,2.3178892633562937,0.27586206896551724,0.2222222222222222,0.6551724137931034,1.9052511853327432,1.4286359528118047,0
user_0189,2021-03-12 02:06:00,22,15,12,2,4,1,10,18,19,19,19,4,0,9.86953620930777,4.680718726328563,5.583092367726598,0.5217391304347826,0.15384615384615385,0.6521739130434783,0.8270412164176189,0.40956936632229635,0
user_0190,2021-01-20 17:19:00,22,12,9,0,3,1,9,12,14,8,6,2,0,9.146146189588046,1.5703596783511609,3.4578323887858167,0.391304347826087,0.0,0.5217391304347826,0.27750086461379864,0.19766235839019553,0
user_0191,2021-03-16 18:37:00,24,10,9,0,3,2,18,11,17,18,12,1,0,5.289344353426246,1.92019417182552,3.3258303151212862,0.36,0.0,0.4,0.16201224834843408,0.5862539455536584,0
user_0192,2021-02-19 01:49:00,17,15,11,1,2,0,5,17,18,17,5,4,0,3.8312118071926617,6.3415625230439865,8.762707185016993,0.6111111111111112,0.08333333333333333,0.8333333333333334,0.5611371864799766,1.8054444054007575,0
user_0193,2021-04-12 01:54:00,16,12,8,1,1,0,17,10,5,16,9,0,0,3.450586306343193,6.914649543644265,8.339259260436052,0.47058823529411764,0.1111111111111111,0.7058823529411765,0.2697833322991632,1.766900566215332,0
user_0194,2021-01-19 17:41:00,21,20,11,2,5,0,18,9,10,19,17,1,0,4.99554274380902,3.607417808661225,6.482958289414112,0.5,0.16666666666666666,0.9090909090909091,0.319399770574333,0.3903048200330199,0
user_0195,2021-01-26 22:04:00,22,18,17,1,2,2,9,18,18,11,12,1,0,3.9992183750622665,8.7640375920009,4.003653094597171,0.7391304347826086,0.05555555555555555,0.782608695652174,1.965084733037973,0.04386171018718321,0
user_0196,2021-04-09 23:26:00,28,7,6,0,3,0,18,12,8,9,11,4,0,0.3265869067850491,8.388265626764692,4.3411498469998975,0.20689655172413793,0.0,0.2413793103448276,0.13868971677490727,0.5898200685109918,0
user_0197,2021-03-13 02:40:00,21,18,10,0,1,1,14,19,18,18,11,5,1,7.719452698241161,2.3744561884132676,4.224103796358802,0.45454545454545453,0.0,0.8181818181818182,0.0015249763093765356,1.284988342449266,1
user_0198,2021-03-26 20:06:00,22,17,13,0,3,1,12,5,15,17,6,4,0,9.221575308351017,5.689327734647819,1.0654225160832018,0.5652173913043478,0.0,0.7391304347826086,1.8979488562548044,1.1748983786987761,0
user_0199,2021-03-04 15:59:00,11,16,8,1,2,1,12,15,14,10,19,3,0,4.304209736347727,3.542915502549109,1.2533282189959096,0.6666666666666666,0.1111111111111111,1.3333333333333333,1.791803095613077,0.9727492039996377,0
user_0200,2021-04-18 09:38:00,18,23,11,0,2,0,12,19,7,18,10,6,1,3.4422095260283947,6.617557660416969,9.63526693953382,0.5789473684210527,0.0,1.2105263157894737,0.4511331063523474,0.847052975428771,0
user_0201,2021-01-20 07:57:00,23,10,7,2,1,1,6,10,13,8,15,2,0,9.38789206127209,4.519416292142387,9.542542753421861,0.2916666666666667,0.25,0.4166666666666667,1.0565490236698571,1.525080298882852,0
user_0202,2021-04-23 02:59:00,24,18,10,2,4,0,9,19,18,17,15,4,0,7.458717316171876,6.69169159585557,9.721920438364158,0.4,0.18181818181818182,0.72,1.2574479766548428,0.918850933085783,0
user_0203,2021-02-09 10:37:00,15,17,8,1,1,1,6,9,5,17,5,1,0,8.030774978392397,8.596457495767604,4.398379841400278,0.5,0.1111111111111111,1.0625,0.7631361361257973,1.8487211890340078,0
user_0204,2021-01-02 12:47:00,20,19,10,3,2,1,12,5,7,12,6,5,1,5.45055774553895,1.4086085036746687,6.102377992243863,0.47619047619047616,0.2727272727272727,0.9047619047619048,0.02593795447979197,1.2468476156551076,0
user_0205,2021-03-05 02:29:00,16,19,16,3,1,3,11,9,18,14,13,4,0,2.615732333178441,0.41912122623410264,9.262903424868002,0.9411764705882353,0.17647058823529413,1.1176470588235294,0.21652474399364752,0.38266353889425053,1
user_0206,2021-01-02 01:53:00,16,16,11,4,1,0,14,18,9,11,9,5,1,4.997889312460818,1.35195351123504,3.535390899890577,0.6470588235294118,0.3333333333333333,0.9411764705882353,0.7946409925905336,0.45818407433675956,0
user_0207,2021-02-19 00:24:00,19,14,9,0,1,1,9,12,17,16,5,4,0,8.642110185947494,2.5032949523832437,4.3669435644593175,0.45,0.0,0.7,0.9165314695237676,1.3864974118803952,0
user_0208,2021-02-11 16:01:00,18,12,5,1,1,0,11,7,19,12,13,3,0,7.063095044378132,3.8844098078120606,9.282751720542832,0.2631578947368421,0.16666666666666666,0.631578947368421,0.6587445612651983,0.9688614854266895,0
user_0209,2021-02-13 08:45:00,25,17,9,2,2,1,12,18,12,5,9,5,1,0.5809629617732437,8.437325899579294,3.960631147166282,0.34615384615384615,0.2,0.6538461538461539,0.46901400592461084,1.2547559681091058,0
user_0210,2021-02-13 10:18:00,16,9,10,0,2,1,7,13,15,14,19,5,1,7.784454223692128,2.8456657170051436,8.568696115123336,0.5882352941176471,0.0,0.5294117647058824,1.8424356197170986,1.2207492143795748,0
user_0211,2021-04-18 03:11:00,15,23,14,1,1,2,16,15,16,7,5,6,1,2.2690182091650835,6.1193945397188445,3.455928586469015,0.875,0.06666666666666667,1.4375,1.554605421273897,1.430387802591928,0
user_0212,2021-04-26 11:35:00,26,13,7,0,2,3,5,16,13,19,12,0,0,7.975722121486271,3.6999353958034154,5.309429785970488,0.25925925925925924,0.0,0.48148148148148145,0.21985684007491302,1.9671663792869911,0
user_0213,2021-04-24 05:25:00,22,12,9,0,0,1,11,18,12,8,17,5,1,5.647920195785656,1.2546418758535505,7.30933952720503,0.391304347826087,0.0,0.5217391304347826,0.21262616047847605,1.9845260306243313,0
user_0214,2021-02-13 08:47:00,28,13,10,3,3,0,11,5,10,5,17,5,1,0.26835500342611396,3.213454234619182,2.888837601402777,0.3448275862068966,0.2727272727272727,0.4482758620689655,0.6752128071444785,0.8231872387876265,0
user_0215,2021-02-24 00:07:00,24,16,6,3,4,0,12,13,18,10,13,2,0,7.686970999511837,2.0445047347948417,6.7879650141970895,0.24,0.42857142857142855,0.64,0.9701546721897507,0.5706918054500274,0
user_0216,2021-04-16 17:18:00,22,16,11,2,0,2,16,13,17,14,16,4,0,1.646188474247966,2.6191100067224693,2.4247075738204886,0.4782608695652174,0.16666666666666666,0.6956521739130435,0.785067283745811,1.2846953049532752,1
user_0217,2021-01-29 02:51:00,11,12,10,1,0,3,17,18,18,6,5,4,0,3.3960994142586385,1.3159055763644711,2.4198309346440303,0.8333333333333334,0.09090909090909091,1.0,1.1987023484428005,1.5142514918263268,0
user_0218,2021-01-26 18:47:00,24,15,6,2,5,0,10,7,18,16,14,1,0,9.11988434741758,9.394597151016931,7.455422126555935,0.24,0.2857142857142857,0.6,1.312027878973243,1.583658438258398,0
user_0219,2021-04-16 06:39:00,17,13,2,2,3,1,14,5,10,11,8,4,0,5.643100431388346,7.430975579491773,8.375664480702905,0.1111111111111111,0.6666666666666666,0.7222222222222222,1.7385672036980044,1.5650739192261152,0
user_0220,2021-04-06 06:30:00,17,14,10,0,0,3,12,6,9,8,8,1,0,3.5705758174594573,3.759245908203618,2.803617283579368,0.5555555555555556,0.0,0.7777777777777778,1.3660103857813513,0.8390087150710195,0
user_0221,2021-04-21 15:36:00,18,24,18,1,1,2,19,13,6,14,5,2,0,4.657842154933988,6.265838119688507,1.203845307478896,0.9473684210526315,0.05263157894736842,1.263157894736842,1.0141036444668687,0.3542807491056177,0
user_0222,2021-02-26 17:15:00,20,14,13,2,2,4,17,7,8,16,15,4,0,1.4772006350606415,4.643791740612052,3.0153384619644275,0.6190476190476191,0.14285714285714285,0.6666666666666666,0.5426251017757102,0.18019720189146327,0
user_0223,2021-02-02 11:19:00,23,12,11,0,0,1,9,18,9,11,15,1,0,8.476605291035868,3.0310330777090764,5.962357370921273,0.4583333333333333,0.0,0.5,1.1684249661765629,0.8785043886077928,0
user_0224,2021-04-13 21:25:00,19,12,4,2,2,0,18,9,16,9,15,1,0,2.0498826754976207,4.999520217295261,7.420888738551763,0.2,0.4,0.6,1.872566737190374,1.2880563328260901,1
user_0225,2021-03-04 06:54:00,17,17,10,3,6,0,14,7,5,9,5,3,0,7.73837594132221,1.862288415921195,9.9912205348098,0.5555555555555556,0.2727272727272727,0.9444444444444444,1.4972150300329727,0.9073422523757793,0
user_0226,2021-04-04 07:30:00,17,16,11,3,2,0,8,9,19,19,13,6,1,8.024910167398687,1.7203928459434359,7.111896608028681,0.6111111111111112,0.25,0.8888888888888888,1.3788273065103007,1.870045185896802,0
user_0227,2021-03-10 04:07:00,16,15,11,1,4,0,6,10,16,9,8,2,0,6.389775698271659,2.3364569431628524,5.58504617242307,0.6470588235294118,0.08333333333333333,0.8823529411764706,1.1446007940516643,0.6038913767067642,0
user_0228,2021-03-31 05:26:00,13,14,9,0,1,0,18,14,10,11,15,2,0,9.77908960221569,2.696011573267605,1.6078563436314703,0.6428571428571429,0.0,1.0,1.4055013530348004,0.2034066110489927,0
user_0229,2021-01-01 06:16:00,20,15,14,0,0,0,8,15,15,19,12,4,0,3.4978045715132353,7.6606517978266,5.031824359145401,0.6666666666666666,0.0,0.7142857142857143,1.7362046795391248,0.7588607097624225,0
user_0230,2021-02-21 07:05:00,14,16,17,0,2,3,13,15,14,19,7,6,1,9.285277332139687,2.759067016425314,8.825420168921479,1.1333333333333333,0.0,1.0666666666666667,0.15329364156578595,0.568905882435718,0
user_0231,2021-04-02 08:04:00,14,17,14,1,1,0,19,16,10,9,6,4,0,4.939484551881087,6.363942504993366,2.2678274140370664,0.9333333333333333,0.06666666666666667,1.1333333333333333,1.954620580182718,1.5675402823713906,0
user_0232,2021-01-18 05:50:00,12,14,11,2,0,0,7,17,6,14,15,0,0,1.7896318453040816,3.5598285284708417,1.8423974546593938,0.8461538461538461,0.16666666666666666,1.0769230769230769,0.5939043059216147,0.8497107295222306,0
user_0233,2021-01-01 05:41:00,19,16,5,1,2,1,14,10,10,18,5,4,0,0.12177692836110032,5.024727799212741,7.264811574427691,0.25,0.16666666666666666,0.8,1.9468502701759867,0.241101351938817,0
user_0234,2021-03-01 12:45:00,31,18,10,1,6,0,6,10,11,13,9,0,0,7.84121158911749,0.8728582738484081,3.458712844970494,0.3125,0.09090909090909091,0.5625,1.9345899912376792,0.20386067368487892,0
user_0235,2021-03-09 08:29:00,18,13,12,1,3,1,19,19,11,13,14,1,0,3.7971944961023696,5.917415296982557,6.517066584674496,0.631578947368421,0.07692307692307693,0.6842105263157895,1.6333740002887922,1.192836622256584,0
user_0236,2021-02-10 02:42:00,20,12,9,1,1,0,19,8,9,6,14,2,0,8.439027735433404,3.349925822113924,4.7271310955154835,0.42857142857142855,0.1,0.5714285714285714,1.5347671144835913,1.4415479313608266,0
user_0237,2021-02-24 07:46:00,9,18,7,1,1,0,18,8,19,5,18,2,0,0.2464367773434062,2.5885985689591298,2.066855598031872,0.7,0.125,1.8,1.9019948903820185,1.0087859694656103,0
user_0238,2021-02-01 19:42:00,18,16,13,2,7,1,10,6,12,19,17,0,0,0.5014179621372294,7.79738225698985,8.5754142420358,0.6842105263157895,0.14285714285714285,0.8421052631578947,1.119513721852964,0.3035619399768843,0
user_0239,2021-04-19 03:32:00,26,5,12,1,2,0,8,7,6,5,14,0,0,9.9868745175449,6.6510792073119465,3.6583752762606467,0.4444444444444444,0.07692307692307693,0.18518518518518517,1.6384044387010372,1.1688877693788198,1
user_0240,2021-03-14 08:05:00,18,19,13,3,3,0,8,13,8,9,18,6,1,5.128908201909103,0.6235093806828618,1.2370137976624325,0.6842105263157895,0.21428571428571427,1.0,1.085616409903862,1.7095879938298086,0
user_0241,2021-03-07 08:24:00,22,16,8,0,5,0,13,16,15,11,10,6,1,1.6974628549215165,7.438787928302819,9.21892468944318,0.34782608695652173,0.0,0.6956521739130435,1.6086761286892826,0.8889295981945191,1
user_0242,2021-04-26 17:30:00,17,18,8,3,2,0,19,15,10,19,9,0,0,0.026268332369169256,3.0028895727563567,7.620132563968932,0.4444444444444444,0.3333333333333333,1.0,0.7461308577216694,1.7799822884829961,0
user_0243,2021-01-06 14:57:00,19,16,9,2,1,0,11,9,14,16,16,2,0,2.0512732484524134,1.6447147034318443,1.7412937162083102,0.45,0.2,0.8,1.639472595525459,0.08489740948434998,0
user_0244,2021-02-10 10:22:00,12,19,8,0,0,1,8,7,13,10,8,2,0,8.24917099806483,2.4410830279854046,7.238993840218187,0.6153846153846154,0.0,1.4615384615384615,0.012339741655600367,0.6966577926710271,0
user_0245,2021-01-25 04:38:00,27,8,8,0,2,1,14,16,8,11,15,0,0,1.374786871388859,8.82029073261914,4.357748790367226,0.2857142857142857,0.0,0.2857142857142857,0.8665517930787878,1.6796248933650522,0
user_0246,2021-01-06 23:34:00,23,20,9,1,1,0,9,18,9,11,15,2,0,0.7985267350232061,9.658325628818291,5.47069963052529,0.375,0.1,0.8333333333333334,1.8756931002371755,1.8502449273765926,0
user_0247,2021-02-26 13:39:00,32,8,12,1,2,3,19,5,12,7,14,4,0,5.746037970563307,1.416250760544443,4.9398375866722155,0.36363636363636365,0.07692307692307693,0.24242424242424243,0.0904427955538658,1.104774341637864,0
user_0248,2021-02-21 16:13:00,30,14,6,0,3,1,16,14,15,12,17,6,1,7.449312250319231,3.3500569722376348,6.926601516454886,0.1935483870967742,0.0,0.45161290322580644,0.17428741530204395,0.7906804938249232,0
user_0249,2021-03-27 02:51:00,12,16,13,1,2,1,8,16,12,9,16,5,1,9.154525961462161,4.749656631448348,6.341832502963517,1.0,0.07142857142857142,1.2307692307692308,0.06996709825447422,1.0796604549319628,0
user_0250,2021-03-17 08:39:00,21,8,12,1,1,0,9,13,8,13,16,2,0,7.2951499807335995,5.40979160681221,6.492551134906086,0.5454545454545454,0.07692307692307693,0.36363636363636365,1.4071558141692715,0.9249641878447423,0
user_0251,2021-01-21 19:48:00,22,15,8,0,4,0,10,7,14,10,13,3,0,2.5332405886646994,3.0709916423066685,1.0070282929811698,0.34782608695652173,0.0,0.6521739130434783,1.5886805794125025,0.537705480058196,0
user_0252,2021-03-10 21:25:00,22,16,7,2,1,1,13,9,12,18,18,2,0,6.964376713648218,6.487291901730235,4.720909914629271,0.30434782608695654,0.25,0.6956521739130435,1.820269826160258,1.1563741469623676,0
user_0253,2021-02-25 14:50:00,26,9,6,1,1,1,13,10,6,6,12,3,0,3.0851456637164243,9.693295720582528,6.957082382816352,0.2222222222222222,0.14285714285714285,0.3333333333333333,1.8518127350257296,1.099428446682398,0
user_0254,2021-01-30 12:28:00,12,9,8,1,2,0,14,9,11,18,9,5,1,0.06056525388499656,7.316619705386436,3.5291804570624485,0.6153846153846154,0.1111111111111111,0.6923076923076923,1.8230434444076618,0.14409922869314595,0
user_0255,2021-02-15 03:51:00,21,12,8,0,4,1,17,19,9,15,16,0,0,4.370589718339161,1.9892601396384524,2.475328398306325,0.36363636363636365,0.0,0.5454545454545454,0.30774235354795265,0.838696786900291,0
user_0256,2021-04-28 16:44:00,24,14,5,1,2,2,11,7,6,8,9,2,0,5.659095734240347,1.195978927449709,5.1949328058431155,0.2,0.16666666666666666,0.56,1.4344315350954706,0.05253022040673749,0
user_0257,2021-04-20 01:19:00,20,13,3,2,3,0,19,7,6,6,8,1,0,6.721269361521735,8.409480032642314,4.963824944776959,0.14285714285714285,0.5,0.6190476190476191,0.6629612402855491,0.6671320528213907,0
user_0258,2021-02-25 14:58:00,17,16,13,0,3,0,11,15,11,11,19,3,0,2.432425843540625,0.5432006101664832,5.448324504524012,0.7222222222222222,0.0,0.8888888888888888,0.8848156696668961,1.476801255626748,0
user_0259,2021-02-19 22:54:00,22,15,7,2,2,0,14,16,6,15,9,4,0,7.350425711250578,5.87805528789948,5.02256064465616,0.30434782608695654,0.25,0.6521739130434783,0.46055391641316556,1.8421738578223663,1
user_0260,2021-01-25 22:57:00,16,12,12,0,2,0,14,12,8,6,19,0,0,8.48541792128115,2.003327713881975,2.243030920078922,0.7058823529411765,0.0,0.7058823529411765,0.8377804827846136,0.4248765356033142,0
user_0261,2021-04-11 22:10:00,20,14,6,2,1,1,5,9,11,10,5,6,1,9.98911591178545,6.612054600057485,4.321598749967706,0.2857142857142857,0.2857142857142857,0.6666666666666666,0.8357065911891295,0.22847579657867967,0
user_0262,2021-04-25 02:00:00,19,12,14,0,1,0,8,16,7,17,16,6,1,4.979764936896154,0.2531852896563802,7.089969333679415,0.7,0.0,0.6,1.0796831254573072,0.016393114303528522,0
user_0263,2021-02-04 07:49:00,14,18,9,2,1,2,6,8,12,16,6,3,0,6.866967037102459,4.401595243195001,2.9774600879784607,0.6,0.2,1.2,1.4435377791081057,1.2770186734875588,0
user_0264,2021-01-30 18:39:00,17,20,8,2,0,2,11,11,19,14,18,5,1,0.2710866483052421,5.965459794582238,9.248307799308106,0.4444444444444444,0.2222222222222222,1.1111111111111112,0.5122394849191423,1.115693248387383,0
user_0265,2021-02-11 20:07:00,15,19,17,0,0,1,5,10,9,13,13,3,0,7.999153563003196,2.9646746794241166,2.453580889826298,1.0625,0.0,1.1875,0.48679329816906014,0.9630206145653988,0
user_0266,2021-01-06 22:02:00,16,11,9,0,2,0,16,8,14,16,13,2,0,3.0066542043754954,8.161856255685118,9.259119767804503,0.5294117647058824,0.0,0.6470588235294118,0.3236485756905927,1.7754135760801282,0
user_0267,2021-02-16 19:57:00,19,15,10,0,1,1,15,9,8,17,19,1,0,7.101099417633084,4.464957372865949,6.2544178452628865,0.5,0.0,0.75,0.1823674882775066,0.7074706909243693,0
user_0268,2021-04-19 23:27:00,18,20,11,1,0,0,10,13,8,7,7,0,0,1.4985536576645653,2.4031691551007217,1.4307546991636944,0.5789473684210527,0.08333333333333333,1.0526315789473684,0.0786298876722411,0.7140800101928857,0
user_0269,2021-03-14 23:52:00,20,20,12,1,2,1,9,19,16,10,15,6,1,4.260308557052169,6.248405342511695,8.229401035436494,0.5714285714285714,0.07692307692307693,0.9523809523809523,0.23585838531741166,1.3570412687961004,0
user_0270,2021-01-18 07:29:00,30,10,9,2,7,1,8,11,16,9,5,0,0,4.911498760416051,4.133804357703515,6.29485767783083,0.2903225806451613,0.2,0.3225806451612903,0.30755009479983864,0.5630990180140707,0
user_0271,2021-04-05 22:07:00,13,14,4,0,1,1,7,8,16,12,15,0,0,4.171380506543755,4.758057624174048,7.860356693072752,0.2857142857142857,0.0,1.0,1.1012718171046516,0.9693225222008912,0
user_0272,2021-01-30 15:14:00,18,18,9,2,2,1,7,15,18,18,10,5,1,6.509089776966743,2.0063468040851538,9.099363277867955,0.47368421052631576,0.2,0.9473684210526315,0.2983032616514172,0.1968199099851098,0
user_0273,2021-02-06 12:34:00,16,13,6,1,2,0,11,5,9,14,11,5,1,0.40013139945850207,8.325913003474074,5.3211623972065425,0.35294117647058826,0.14285714285714285,0.7647058823529411,0.242793209081974,1.8274601525720362,0
user_0274,2021-03-31 14:37:00,19,8,9,2,1,0,13,18,18,6,7,2,0,7.874046586924609,0.4847344287060207,5.224929152092253,0.45,0.2,0.4,1.1843730097784348,0.17774199998262707,0
user_0275,2021-03-15 13:12:00,15,12,8,1,1,2,5,14,15,14,17,0,0,9.222019703522292,0.7219187365318158,3.027963434692144,0.5,0.1111111111111111,0.75,1.591485045492785,1.5921506443796098,0
user_0276,2021-01-13 13:42:00,24,17,11,2,0,1,14,16,18,13,18,2,0,4.727927853562858,5.742931592089741,5.9812079175701465,0.44,0.16666666666666666,0.68,1.3432349748788996,1.188047366868575,0
user_0277,2021-04-17 17:54:00,18,18,11,1,5,7,7,7,19,5,10,5,1,2.216912823250239,2.0678222384488274,7.232134905541796,0.5789473684210527,0.08333333333333333,0.9473684210526315,0.991026256264917,0.20353431790538945,0
user_0278,2021-03-22 13:14:00,32,20,4,0,2,0,11,9,8,9,8,0,0,0.49986493423733513,0.9051662574034691,5.354927121335629,0.12121212121212122,0.0,0.6060606060606061,1.6959521031190343,1.297006634104037,0
user_0279,2021-02-11 19:59:00,21,12,6,1,1,0,16,14,7,14,19,3,0,0.5719876989597139,7.322354918817904,3.3832235795063985,0.2727272727272727,0.14285714285714285,0.5454545454545454,1.0261069987172102,0.6073688539676354,0
user_0280,2021-04-24 15:44:00,24,13,12,2,0,1,9,10,10,17,11,5,1,8.54904043516768,9.801607551720934,1.991633647956979,0.48,0.15384615384615385,0.52,1.918544755516367,1.3521868864356874,0
user_0281,2021-02-24 00:09:00,19,14,16,1,4,0,15,8,6,11,7,2,0,5.925340148881476,7.916346268279037,6.091043334018472,0.8,0.058823529411764705,0.7,0.6480795036890505,1.4815156441577102,0
user_0282,2021-01-20 20:46:00,14,13,11,3,0,1,11,13,8,12,13,2,0,3.4490639937062184,4.633546488606566,8.625802157311217,0.7333333333333333,0.25,0.8666666666666667,0.23586780751503,1.6751526520378748,0
user_0283,2021-04-26 21:23:00,24,9,13,1,0,2,5,15,17,5,5,0,0,1.1120540086144637,7.0272377005381,9.487162909665836,0.52,0.07142857142857142,0.36,0.22939554621135483,1.7023018477628555,0
user_0284,2021-03-05 20:06:00,25,13,9,0,0,0,16,8,18,14,16,4,0,3.756726871260645,8.430235327739993,6.900454491096619,0.34615384615384615,0.0,0.5,1.5990559778356952,1.5120898561597664,0
user_0285,2021-01-20 20:49:00,27,19,9,1,1,2,9,7,17,13,17,2,0,7.060936509750029,7.148959002333725,8.723522929940184,0.32142857142857145,0.1,0.6785714285714286,0.22263469700334726,0.8257304292804806,0
user_0286,2021-02-28 15:45:00,21,15,8,0,2,0,7,9,16,14,11,6,1,7.834511809847918,0.09777209073826287,7.024478562422706,0.36363636363636365,0.0,0.6818181818181818,0.2023259634108252,0.7408640087779528,0
user_0287,2021-04-06 05:07:00,22,16,15,1,4,0,12,15,19,8,6,1,0,9.260241449620258,6.724410475488895,2.2588402036690503,0.6521739130434783,0.0625,0.6956521739130435,1.3987122247562953,1.987033433102509,0
user_0288,2021-03-24 09:24:00,26,17,11,1,2,1,13,19,5,10,9,2,0,7.107685377216412,3.0677241819420322,3.4665581189293775,0.4074074074074074,0.08333333333333333,0.6296296296296297,1.0006179014640946,1.4975979528986658,0
user_0289,2021-01-12 17:33:00,21,12,7,1,1,1,19,11,7,12,6,1,0,4.197612084728853,7.810857039576982,4.544532343790727,0.3181818181818182,0.125,0.5454545454545454,0.2795727994074779,1.40818341764175,0
user_0290,2021-02-20 12:39:00,12,7,9,0,3,1,11,9,19,10,5,5,1,7.720740380089412,7.276632835095093,8.135568502506056,0.6923076923076923,0.0,0.5384615384615384,1.5449990126866835,0.4255236566288283,0
user_0291,2021-01-17 22:40:00,14,17,6,1,2,1,10,18,19,10,15,6,1,5.133038561920208,8.660315892859167,5.064931074686024,0.4,0.14285714285714285,1.1333333333333333,0.6369915642165898,0.185152156958303,0
user_0292,2021-01-10 06:07:00,18,14,14,0,2,1,17,17,19,16,14,6,1,5.952211456309822,3.0053168529927152,5.060135669842036,0.7368421052631579,0.0,0.7368421052631579,1.8874323027734248,1.5097380951322872,0
user_0293,2021-03-17 20:35:00,12,17,6,0,0,1,15,18,19,15,19,2,0,7.420226720431792,7.989465530815817,8.929507120864631,0.46153846153846156,0.0,1.3076923076923077,0.7316984257067751,1.9147348582158186,0
user_0294,2021-03-29 22:50:00,29,18,11,1,2,2,5,15,6,16,17,0,0,0.3021830596096642,4.0958187396565515,3.9474451072565993,0.36666666666666664,0.08333333333333333,0.6,0.6926062121314256,0.7103824271379504,0
user_0295,2021-03-21 17:36:00,16,9,13,1,2,2,19,16,14,10,12,6,1,3.68525481699272,2.4116005130207654,4.430235229323401,0.7647058823529411,0.07142857142857142,0.5294117647058824,0.7560254513356581,1.1875605568484564,0
user_0296,2021-03-09 07:13:00,19,7,10,0,3,1,19,5,19,15,5,1,0,2.324885910482516,7.9838160503813995,3.4695601070171165,0.5,0.0,0.35,1.1437619656621787,0.8594112278270272,0
user_0297,2021-04-03 03:51:00,18,12,8,2,3,0,11,18,13,7,18,5,1,2.513028463514857,5.014572524449531,4.872323107475049,0.42105263157894735,0.2222222222222222,0.631578947368421,0.0764073546410271,0.8932776907708371,0
user_0298,2021-02-02 16:18:00,21,19,6,2,4,1,6,12,8,15,17,1,0,3.3639739477590713,3.2452225187203543,7.228923435612512,0.2727272727272727,0.2857142857142857,0.8636363636363636,1.3340077040665614,1.8108679076223353,1
user_0299,2021-03-18 05:42:00,24,24,10,0,3,0,11,5,13,9,12,3,0,7.304241844651262,0.1436656080806087,2.4539748649210607,0.4,0.0,0.96,1.4410612265833198,0.4851429177633779,0
user_0300,2021-02-17 13:06:00,19,17,10,0,5,3,15,11,14,19,17,2,0,2.173088004537609,7.057776431271283,8.251398426773104,0.5,0.0,0.85,0.6241199005151059,1.3501862831538114,0
user_0301,2021-01-18 02:39:00,13,15,7,1,1,0,7,15,5,6,17,0,0,4.1141165852784205,4.638785534502147,2.600934425957031,0.5,0.125,1.0714285714285714,0.8193927339229126,0.4805893700253627,0
user_0302,2021-04-22 18:33:00,22,24,13,0,2,0,12,6,17,11,16,3,0,9.848924706629976,5.175509404817813,4.930372509816474,0.5652173913043478,0.0,1.0434782608695652,0.03580226737301828,0.7037694081310373,0
user_0303,2021-02-18 18:13:00,13,11,5,0,0,0,9,15,17,13,12,3,0,5.99839141292896,2.6986587381463503,4.673040453623113,0.35714285714285715,0.0,0.7857142857142857,1.295405051495379,1.7701351254515092,0
user_0304,2021-04-08 16:03:00,15,12,14,0,1,1,11,10,18,14,7,3,0,5.4398773313277875,8.34713076125479,7.8953032314778735,0.875,0.0,0.75,1.394075640555014,0.371972269109651,0
user_0305,2021-02-23 08:15:00,16,18,9,1,2,1,6,8,13,16,12,1,0,3.395454056439248,2.9894393045327785,7.825603693048467,0.5294117647058824,0.1,1.0588235294117647,1.2230880385118732,1.7585128950514115,0
user_0306,2021-01-17 01:48:00,18,19,9,1,1,2,16,10,10,7,17,6,1,3.910404644759992,8.881307881633811,3.0285123381508967,0.47368421052631576,0.1,1.0,1.7458637886145951,1.2368095493630211,0
user_0307,2021-04-05 04:42:00,17,12,9,0,2,0,12,5,5,6,11,0,0,7.0122403084333556,9.665888303123381,2.349423716698828,0.5,0.0,0.6666666666666666,1.8736297318840731,1.612697624860356,0
user_0308,2021-02-01 10:22:00,36,16,11,1,1,1,19,18,18,10,12,0,0,0.5064120299107222,0.9453143707872935,9.806233774349602,0.2972972972972973,0.08333333333333333,0.43243243243243246,1.3589139446696512,0.7980525387732698,0
user_0309,2021-04-08 13:45:00,12,11,13,1,1,1,7,7,19,14,7,3,0,0.2459652877420171,4.929549783657641,1.4933069792246196,1.0,0.07142857142857142,0.8461538461538461,1.6860994481881408,1.0943777128812588,0
user_0310,2021-03-12 20:40:00,29,11,15,0,4,0,19,14,7,13,17,4,0,6.616566780186118,4.892526049020525,5.574317823197645,0.5,0.0,0.36666666666666664,0.7619044846802896,1.1278527821520046,0
user_0311,2021-01-08 21:33:00,15,19,9,0,3,1,14,11,18,12,10,4,0,6.0004803859031055,1.9266003871091242,8.252041486152752,0.5625,0.0,1.1875,1.5323354066212151,1.5611422847414151,0
user_0312,2021-04-17 19:45:00,28,11,8,0,4,2,16,19,5,9,8,5,1,6.4388778685721215,8.642000679373814,7.000433930956244,0.27586206896551724,0.0,0.3793103448275862,1.6657016673886036,0.3819248141799205,0
user_0313,2021-01-10 01:50:00,17,15,12,1,0,2,8,7,9,19,17,6,1,2.7772056234845213,4.332560759595148,4.924277585880914,0.6666666666666666,0.07692307692307693,0.8333333333333334,1.7974397584717112,1.4263971963149897,0
user_0314,2021-01-31 16:14:00,16,18,10,0,3,2,8,19,16,14,7,6,1,8.355023350317545,9.515244228539514,9.146131268797847,0.5882352941176471,0.0,1.0588235294117647,0.4420747946841057,1.6994235829279174,0
user_0315,2021-01-10 03:00:00,18,10,18,0,0,6,15,14,12,9,9,6,1,7.558566087452031,1.9178547142084168,4.659565194651602,0.9473684210526315,0.0,0.5263157894736842,1.7906607434408577,0.4026224913704086,0
user_0316,2021-03-09 12:59:00,22,15,16,2,1,2,19,7,11,5,15,1,0,8.984838861439075,5.380161290412749,7.972314396467641,0.6956521739130435,0.11764705882352941,0.6521739130434783,1.2797527568554814,0.42332700522695244,0
user_0317,2021-03-07 00:46:00,18,12,8,0,2,2,18,9,6,19,19,6,1,3.817297395770071,3.9962675266423,1.2361116379689505,0.42105263157894735,0.0,0.631578947368421,0.722217151331155,1.1865820832055372,1
user_0318,2021-03-25 20:03:00,17,16,8,1,1,1,18,17,16,17,5,3,0,7.244575730500653,6.569107730573157,4.846972651868527,0.4444444444444444,0.1111111111111111,0.8888888888888888,0.15508181536325805,1.9601179398585815,0
user_0319,2021-01-19 00:21:00,19,17,6,0,2,0,6,17,11,16,16,1,0,2.9844233877597857,9.00444719782559,7.073209198530103,0.3,0.0,0.85,0.11292136959531529,1.4346953794310346,0
user_0320,2021-04-11 05:46:00,23,10,11,0,2,2,11,7,17,13,13,6,1,4.902459810782412,2.923123262745534,9.345563159296209,0.4583333333333333,0.0,0.4166666666666667,1.1620869546401578,1.0649871452198159,0
user_0321,2021-03-27 20:48:00,18,9,11,2,1,1,19,14,7,14,7,5,1,0.33933695062428604,8.753666218095455,2.8008927240381865,0.5789473684210527,0.16666666666666666,0.47368421052631576,0.1799761755797349,0.007963327751559612,0
user_0322,2021-03-27 12:45:00,26,11,15,1,3,0,12,6,17,9,11,5,1,9.294110425983535,5.5109419600006575,7.649225362473875,0.5555555555555556,0.0625,0.4074074074074074,1.1214219015607512,1.0934200358494601,0
user_0323,2021-04-24 13:08:00,24,20,10,0,3,1,8,5,7,11,16,5,1,0.29611655051069996,1.690312654863817,9.497793444756285,0.4,0.0,0.8,0.8918698822009017,1.7863439599949378,0
user_0324,2021-02-22 20:49:00,20,9,15,1,4,1,19,5,11,14,5,0,0,6.39725265263971,8.515339302752006,2.533536022885679,0.7142857142857143,0.0625,0.42857142857142855,0.9749761466195461,0.8256330991788214,0
user_0325,2021-03-20 09:18:00,26,13,7,0,3,0,15,17,7,7,16,5,1,4.689965525817355,5.909575719075391,5.870492088332669,0.25925925925925924,0.0,0.48148148148148145,0.030187768847482754,1.07715077998824,0
user_0326,2021-03-25 07:28:00,24,13,11,1,1,2,17,17,18,5,12,3,0,2.9324776054838484,5.5709232815011855,2.0286425786653517,0.44,0.08333333333333333,0.52,1.7185024665563635,1.9508582043838658,0
user_0327,2021-01-02 08:48:00,37,18,13,0,5,3,7,5,6,17,14,5,1,2.934016723774382,5.289079920630315,8.777994076980638,0.34210526315789475,0.0,0.47368421052631576,0.2599580192940092,1.1773805894512477,1
user_0328,2021-04-01 21:29:00,22,11,9,1,3,0,19,15,18,6,16,3,0,3.8561855715867344,5.077812671281214,6.074660201755144,0.391304347826087,0.1,0.4782608695652174,0.5241052812128231,1.7364733792834592,0
user_0329,2021-02-28 10:16:00,22,23,14,1,1,1,17,6,8,19,13,6,1,8.366778138110346,5.423324128007067,6.460332175574671,0.6086956521739131,0.06666666666666667,1.0,0.8196653451389164,1.607535381386497,0
user_0330,2021-03-18 17:29:00,20,15,14,2,1,0,18,12,13,15,18,3,0,7.361650021424746,1.8750103155140552,1.197544927537594,0.6666666666666666,0.13333333333333333,0.7142857142857143,0.8050909905040513,1.9438218781230154,0
user_0331,2021-04-03 04:07:00,25,14,10,2,4,1,17,9,15,11,13,5,1,1.5489766345448897,5.279137891473759,3.0205129424066417,0.38461538461538464,0.18181818181818182,0.5384615384615384,1.5510410005463426,1.180564970185256,0
user_0332,2021-02-02 20:15:00,26,17,6,1,4,1,18,10,10,13,9,1,0,3.590632785879441,5.320274431846656,2.297137330893583,0.2222222222222222,0.14285714285714285,0.6296296296296297,0.9622500017302487,1.362488012368232,0
user_0333,2021-04-04 07:57:00,20,15,5,1,1,0,6,8,6,9,15,6,1,6.306177966284893,8.103057975007228,2.039954277623192,0.23809523809523808,0.16666666666666666,0.7142857142857143,1.7954095402777697,1.634727078918477,0
user_0334,2021-03-30 02:38:00,26,13,11,1,4,0,8,7,12,16,17,1,0,5.480111963150214,5.260476736561364,3.4182846158014444,0.4074074074074074,0.08333333333333333,0.48148148148148145,0.6952235420572666,1.2764223331878275,0
user_0335,2021-02-16 10:56:00,24,10,8,0,4,2,16,9,12,6,6,1,0,1.8441776500402396,8.633971799266078,7.646018805776916,0.32,0.0,0.4,1.94211661300986,0.5413194449078775,0
user_0336,2021-02-27 14:50:00,23,14,10,2,2,1,11,9,12,10,15,5,1,0.5681469595418298,6.608717238237228,3.550301086405715,0.4166666666666667,0.18181818181818182,0.5833333333333334,1.8543647511562666,0.1339077770407875,0
user_0337,2021-02-17 04:01:00,24,12,7,2,1,0,9,12,19,9,9,2,0,1.3540352655403853,5.941584388869079,8.54596470515688,0.28,0.25,0.48,0.7554470535043321,1.409106575910754,0
user_0338,2021-03-29 15:33:00,20,16,9,1,3,0,7,19,6,15,14,0,0,8.879689208296265,0.09741584342107812,9.103393773861178,0.42857142857142855,0.1,0.7619047619047619,1.6006704938073055,1.9174495562292655,0
user_0339,2021-01-17 15:02:00,18,15,10,0,2,1,10,7,14,11,19,6,1,6.256620233337886,9.862161405509603,6.398338731781395,0.5263157894736842,0.0,0.7894736842105263,1.8383497988065667,0.8773081705146246,0
user_0340,2021-03-16 18:43:00,21,17,11,2,2,1,13,18,11,8,19,1,0,1.2226299562309983,0.7137707602668142,5.903029012045535,0.5,0.16666666666666666,0.7727272727272727,0.9558789928766662,0.659732891757185,0
user_0341,2021-01-12 18:30:00,25,19,8,1,3,1,7,12,19,5,9,1,0,0.39986111376194566,8.165350796481121,8.40171026625125,0.3076923076923077,0.1111111111111111,0.7307692307692307,1.4773499927937566,0.4219473048424187,0
user_0342,2021-02-12 09:29:00,21,12,14,2,3,0,7,8,8,5,12,4,0,4.571224618118705,7.573227106155096,6.358524964949876,0.6363636363636364,0.13333333333333333,0.5454545454545454,1.42999113952519,1.9367129602647053,1
user_0343,2021-01-10 05:28:00,16,13,9,1,2,4,8,10,16,10,8,6,1,0.3447595042145657,7.927153619967489,9.003382920850184,0.5294117647058824,0.1,0.7647058823529411,0.06775946089003426,1.923286471376763,0
user_0344,2021-03-02 13:24:00,24,14,4,2,2,0,17,15,8,14,9,1,0,8.791457742658764,1.1421841025624024,8.994869377044541,0.16,0.4,0.56,0.7265875690371086,1.786732379970546,0
user_0345,2021-04-10 18:54:00,23,16,13,0,0,3,18,13,6,15,17,5,1,0.039824708762047356,9.536805190962522,2.074727477423295,0.5416666666666666,0.0,0.6666666666666666,0.2948118267331712,1.9863532283494898,0
user_0346,2021-03-19 05:02:00,18,16,9,1,4,2,14,9,9,6,12,4,0,3.596319042699496,4.480940894760153,3.4757298271742534,0.47368421052631576,0.1,0.8421052631578947,1.0860725026372935,1.0550398239282341,0
user_0347,2021-01-01 09:28:00,18,23,9,1,2,0,15,5,5,16,12,4,0,6.564979999857029,2.411169518454157,5.804558147153289,0.47368421052631576,0.1,1.2105263157894737,0.8903336050082138,1.7677141008082158,1
user_0348,2021-04-18 09:51:00,26,13,12,1,1,1,14,10,14,19,14,6,1,0.46628460028462215,6.826788578424634,5.5055879462169806,0.4444444444444444,0.07692307692307693,0.48148148148148145,1.192681349315808,1.345170455681322,0
user_0349,2021-03-31 17:36:00,13,11,8,1,1,1,13,7,11,19,5,2,0,2.148546738398014,6.714770893791057,6.140708601811869,0.5714285714285714,0.1111111111111111,0.7857142857142857,1.7521257270454478,1.8562183670154482,0
user_0350,2021-01-19 01:04:00,21,23,10,0,1,1,14,10,7,9,13,1,0,8.318346212602771,7.392321934541899,9.621326008764806,0.45454545454545453,0.0,1.0454545454545454,1.8133433091897153,0.5867685347066942,0
user_0351,2021-04-07 07:47:00,25,18,4,1,2,0,10,13,14,8,11,2,0,0.9907916336006939,1.6000962674104413,9.84914207672216,0.15384615384615385,0.2,0.6923076923076923,0.42628152433831534,1.7961975155970336,0
user_0352,2021-02-06 01:40:00,11,20,9,2,2,1,12,14,14,6,18,5,1,5.803671815125116,7.836589894536252,5.374703267297828,0.75,0.2,1.6666666666666667,0.16082275331561657,0.15522564563159236,1
user_0353,2021-01-30 03:55:00,23,17,8,0,2,2,13,11,18,11,5,5,1,1.7966380516599367,7.436475888721718,4.79345512964389,0.3333333333333333,0.0,0.7083333333333334,1.341349101760667,0.9637181378259132,0
user_0354,2021-01-29 14:54:00,22,15,8,1,2,0,11,5,11,16,7,4,0,2.011101852841808,0.7028401404330653,7.528829217783936,0.34782608695652173,0.1111111111111111,0.6521739130434783,1.0680505037333674,0.8009000500162138,0
user_0355,2021-04-01 18:33:00,15,13,9,2,3,1,9,7,8,19,15,3,0,8.289576030633723,8.807321211128494,3.2636554235675606,0.5625,0.2,0.8125,0.9774390092136291,1.3687226929448955,0
user_0356,2021-04-11 03:20:00,22,19,6,0,1,0,12,6,19,14,9,6,1,9.972920332857273,2.18844903267573,6.264460021940478,0.2608695652173913,0.0,0.8260869565217391,0.045178675324459405,1.6752403107039044,0
user_0357,2021-04-13 00:20:00,17,18,8,1,1,0,19,12,12,10,5,1,0,0.44866778005821284,6.102660153684548,6.219239446215044,0.4444444444444444,0.1111111111111111,1.0,1.5354396248990874,1.7537937274482591,0
user_0358,2021-03-09 08:35:00,18,14,11,1,2,1,14,10,18,11,14,1,0,4.664974346115831,4.717938551250603,7.727642338912668,0.5789473684210527,0.08333333333333333,0.7368421052631579,0.08663028616596646,0.6752680867124683,0
user_0359,2021-02-18 20:51:00,26,17,11,0,2,0,12,5,6,10,14,3,0,8.540331232411848,3.424578538607046,4.566174414089479,0.4074074074074074,0.0,0.6296296296296297,1.600292921294919,1.4232972029491933,0
user_0360,2021-01-18 23:10:00,25,12,10,0,1,2,16,18,15,15,5,0,0,3.965358883385244,2.3293181339830604,6.118014918594005,0.38461538461538464,0.0,0.46153846153846156,1.135124777490292,0.044533288928400916,0
user_0361,2021-04-07 11:13:00,14,17,8,1,0,2,8,7,16,8,18,2,0,9.45435792383519,5.584692099463638,2.367507846896866,0.5333333333333333,0.1111111111111111,1.1333333333333333,0.7950209968955051,1.841936871016135,0
user_0362,2021-01-20 13:19:00,27,18,13,2,2,2,14,16,5,7,5,2,0,4.282251178478356,6.867336211923032,6.703726941944869,0.4642857142857143,0.14285714285714285,0.6428571428571429,0.7807900059137105,0.4679665867016005,0
user_0363,2021-04-07 02:14:00,17,15,10,2,1,0,14,14,13,5,18,2,0,5.903733041293688,3.8710464866248886,7.798083511588473,0.5555555555555556,0.18181818181818182,0.8333333333333334,0.11074348409749124,1.4855481587083712,0
user_0364,2021-01-01 22:48:00,16,14,17,0,1,2,17,19,17,16,9,4,0,9.9185454591099,8.25385327158379,9.981447151532707,1.0,0.0,0.8235294117647058,1.760798931550521,0.784314875487965,0
user_0365,2021-03-30 04:37:00,16,7,13,0,3,0,11,14,18,13,13,1,0,1.6234439620484065,0.6668000459126389,4.502661771372175,0.7647058823529411,0.0,0.4117647058823529,0.008998178032501025,1.1842980978276616,0
user_0366,2021-01-07 20:12:00,24,12,9,0,1,1,19,14,10,13,9,3,0,0.7459166401723127,6.192887183711927,7.836247210040042,0.36,0.0,0.48,1.3291221197814234,1.372200154546218,0
user_0367,2021-01-12 18:17:00,15,12,18,0,0,3,8,13,13,6,12,1,0,3.4036591760539303,6.586241254121669,3.614394266762657,1.125,0.0,0.75,1.35888209659085,0.9563788517319785,0
user_0368,2021-04-30 06:50:00,26,14,10,2,2,2,10,13,11,15,12,4,0,0.47098398260334906,2.2787027668535256,2.6807357223185266,0.37037037037037035,0.18181818181818182,0.5185185185185185,1.5134861503558923,1.4314730367137898,0
user_0369,2021-02-05 21:30:00,26,15,10,1,4,0,5,7,12,14,7,4,0,1.650454364077636,6.540993158994953,1.9213317654445001,0.37037037037037035,0.09090909090909091,0.5555555555555556,0.1374123733886563,1.9423465874849397,0
user_0370,2021-04-11 15:29:00,26,9,12,1,2,0,16,17,18,19,15,6,1,1.2638793524510061,4.290641758495761,7.550868416649357,0.4444444444444444,0.07692307692307693,0.3333333333333333,0.046309040279506775,1.2698969707205932,0
user_0371,2021-04-07 16:45:00,22,13,5,1,3,0,15,7,17,15,18,2,0,1.43338613072153,7.707904045857729,7.60748595238212,0.21739130434782608,0.16666666666666666,0.5652173913043478,1.8740933631912275,0.8809099438348775,0
user_0372,2021-04-21 06:42:00,21,19,12,0,3,1,11,16,10,13,11,2,0,4.012585088550239,5.3740143655126715,4.842396512313499,0.5454545454545454,0.0,0.8636363636363636,1.9552742475603873,1.6464533976140243,0
user_0373,2021-02-09 17:53:00,18,17,16,0,3,2,16,17,18,13,13,1,0,3.725762771459382,6.289441157033483,7.404848885157721,0.8421052631578947,0.0,0.8947368421052632,0.7749182254688527,0.1465026889501584,0
user_0374,2021-03-08 06:53:00,24,18,11,1,6,1,8,14,16,9,8,0,0,5.194800047687693,7.84690955650185,4.5995176257192885,0.44,0.08333333333333333,0.72,1.5783480429823016,0.6906202052224564,0
user_0375,2021-02-18 23:20:00,13,20,14,3,1,3,17,14,9,6,19,3,0,8.800976754132105,2.670833115661667,6.750157421172606,1.0,0.2,1.4285714285714286,0.5464330709989755,0.3641464121179687,0
user_0376,2021-01-27 17:22:00,17,11,7,1,1,2,17,17,9,11,6,2,0,8.967468811519426,8.017257877994146,2.945158091375099,0.3888888888888889,0.125,0.6111111111111112,0.39975855853509223,0.7510255889038266,0
user_0377,2021-02-03 21:38:00,20,15,11,0,2,2,14,15,7,18,18,2,0,3.550227419434954,2.391842468907359,7.958337005414821,0.5238095238095238,0.0,0.7142857142857143,0.9741305133916065,0.7228041069789659,0
user_0378,2021-04-14 13:17:00,25,9,11,0,3,0,7,16,17,7,19,2,0,4.18542343515166,2.06283817359068,4.843203944790222,0.4230769230769231,0.0,0.34615384615384615,1.0247753619954663,1.7995234092048191,0
user_0379,2021-02-20 23:28:00,7,14,15,0,1,1,17,10,19,6,7,5,1,9.492575798675176,8.376026404445657,6.5263027089583945,1.875,0.0,1.75,0.034834621370219976,1.6896355494245643,0
user_0380,2021-04-03 18:31:00,22,16,12,0,1,2,15,16,19,12,17,5,1,0.4961721680739728,4.8871622963372365,3.928764144756553,0.5217391304347826,0.0,0.6956521739130435,0.3883714085859409,0.8464084321444576,0
user_0381,2021-01-30 22:01:00,24,19,13,1,3,1,9,10,10,15,5,5,1,0.4441316039504728,1.1308259767609752,4.435229661992574,0.52,0.07142857142857142,0.76,1.4638237289205211,1.0316331286220521,1
user_0382,2021-02-10 17:43:00,16,14,7,0,4,0,12,8,16,15,15,2,0,1.8944823198569594,1.7628383392306834,7.795582826254634,0.4117647058823529,0.0,0.8235294117647058,1.5316613615011738,1.6384119941606727,0
user_0383,2021-02-06 09:29:00,27,17,6,2,0,2,12,7,16,17,12,5,1,4.698601166368761,2.3047975736407524,2.8208360485642907,0.21428571428571427,0.2857142857142857,0.6071428571428571,0.49869842317207125,0.8873092824242892,0
user_0384,2021-03-18 14:03:00,14,6,15,0,2,1,6,9,17,9,8,3,0,2.4876759570866334,6.220123994450317,9.508344132797923,1.0,0.0,0.4,0.31349192001592807,1.7736664815428895,1
user_0385,2021-02-07 11:50:00,21,15,11,0,3,0,15,13,10,13,7,6,1,2.8978575908732553,7.898469471683506,4.226026563235339,0.5,0.0,0.6818181818181818,0.8484156641465674,1.445607147773637,0
user_0386,2021-01-28 19:08:00,21,12,9,2,0,0,17,10,11,5,9,3,0,1.9911507501646242,2.6289106445761568,2.1563485619335556,0.4090909090909091,0.2,0.5454545454545454,1.9545624594474518,1.951851224473423,0
user_0387,2021-01-06 07:03:00,19,12,11,0,4,1,12,15,15,7,14,2,0,9.220187497363616,0.28901186335189677,2.8915550903706846,0.55,0.0,0.6,0.5406208784073663,0.35281527889050657,0
user_0388,2021-03-03 21:45:00,18,17,15,1,2,4,9,7,9,13,11,2,0,3.977079263891615,9.845759699997995,3.057349075629568,0.7894736842105263,0.0625,0.8947368421052632,0.5318652118894336,1.708283835911499,0
user_0389,2021-03-29 15:42:00,28,14,8,2,4,1,5,12,8,8,11,0,0,1.3962405589336457,1.391526407689262,6.759738048556239,0.27586206896551724,0.2222222222222222,0.4827586206896552,1.4360385743788313,1.137933081976313,0
user_0390,2021-03-23 19:37:00,17,7,8,0,4,3,16,19,17,11,13,1,0,4.560453003209792,8.279719626701265,6.269115097265669,0.4444444444444444,0.0,0.3888888888888889,1.3409662534435638,1.3593972658655515,0
user_0391,2021-01-02 04:48:00,21,18,14,3,3,1,12,15,7,14,18,5,1,9.636204372807143,6.5551017925065675,8.74130243682689,0.6363636363636364,0.2,0.8181818181818182,0.8342414474366913,0.16298978070541326,0
user_0392,2021-04-04 11:10:00,22,18,9,0,2,1,10,15,17,5,18,6,1,7.817245275514396,8.063399907747577,9.91517056377164,0.391304347826087,0.0,0.782608695652174,1.0323174659219727,0.28743033950125185,1
user_0393,2021-01-10 04:57:00,20,11,8,2,2,1,11,5,7,6,11,6,1,8.803951336173832,0.22700641837543833,5.005242143381945,0.38095238095238093,0.2222222222222222,0.5238095238095238,1.4060219200825228,0.9722894313744361,0
user_0394,2021-04-15 21:21:00,17,18,10,0,1,1,8,11,14,14,19,3,0,2.987806209957151,4.600039263693311,7.570959503095826,0.5555555555555556,0.0,1.0,1.9880352543890387,1.3480199687418881,0
user_0395,2021-02-13 05:32:00,25,19,7,1,1,1,16,12,18,12,17,5,1,4.675869541969807,2.0062552816222667,4.813877288751536,0.2692307692307692,0.125,0.7307692307692307,0.5584365676953029,1.0907404757443793,0
user_0396,2021-03-28 12:44:00,22,16,11,2,2,0,7,5,5,7,12,6,1,3.047011962817142,8.438181649504932,6.510797334400265,0.4782608695652174,0.16666666666666666,0.6956521739130435,1.0843832119968662,1.3445743608847291,0
user_0397,2021-03-07 23:22:00,20,15,9,1,3,0,11,9,19,12,16,6,1,9.076672197234055,2.877034828367102,3.4331336217717623,0.42857142857142855,0.1,0.7142857142857143,0.28146377910590514,1.6310223195481717,1
user_0398,2021-02-27 19:18:00,13,17,10,2,2,2,5,5,17,18,11,5,1,5.008005787677872,6.184647849031255,7.059507921299363,0.7142857142857143,0.18181818181818182,1.2142857142857142,0.355872681579968,1.4627811433729925,0
user_0399,2021-03-16 01:58:00,12,19,7,1,1,0,19,6,17,12,16,1,0,9.801858905099985,7.5076614848537915,9.931002978581757,0.5384615384615384,0.125,1.4615384615384615,1.4704337253754043,0.6862742958721111,0
user_0400,2021-02-03 09:59:00,26,12,12,0,1,2,16,9,13,15,11,2,0,6.070526031748886,3.4524863200894162,3.008621147331877,0.4444444444444444,0.0,0.4444444444444444,0.5562319599198151,1.5315518598450126,0
user_0401,2021-04-16 15:50:00,17,18,12,1,1,1,8,18,10,14,11,4,0,4.5459510583229275,2.9523781907461277,5.938627775894389,0.6666666666666666,0.07692307692307693,1.0,1.5102903914055887,0.373867579762144,0
user_0402,2021-03-06 21:57:00,27,16,10,2,4,0,13,9,17,10,13,5,1,0.0025273413228588115,2.0129052179421967,1.300073635234376,0.35714285714285715,0.18181818181818182,0.5714285714285714,1.518696960740121,0.12373784141369404,0
user_0403,2021-04-28 15:55:00,22,13,7,2,1,0,10,8,12,8,11,2,0,9.126644664903036,7.678081325861923,4.410041134995965,0.30434782608695654,0.25,0.5652173913043478,1.0942257309124235,1.7944255550617632,0
user_0404,2021-02-14 22:53:00,23,17,10,1,3,1,14,7,17,5,13,6,1,6.67886868347856,3.9288462742363492,5.691431446249327,0.4166666666666667,0.09090909090909091,0.7083333333333334,1.615656723270866,0.1645378075525301,0
user_0405,2021-04-07 03:41:00,17,17,14,2,3,1,9,9,16,7,11,2,0,5.038639611899859,8.375659985692941,7.605539431138617,0.7777777777777778,0.13333333333333333,0.9444444444444444,0.6414130488964744,1.9277741493005234,0
user_0406,2021-04-21 12:47:00,20,13,11,2,5,2,7,13,10,15,7,2,0,4.603664693336608,3.2670028446941157,2.757291742278885,0.5238095238095238,0.16666666666666666,0.6190476190476191,0.8827127260272734,1.3437301732682612,0
user_0407,2021-04-21 10:30:00,22,23,11,2,2,0,10,18,7,18,15,2,0,0.06798366873144612,5.80091054967745,9.724477821533952,0.4782608695652174,0.16666666666666666,1.0,1.6436251992215034,0.3943909291521801,0
user_0408,2021-03-08 17:05:00,25,15,14,1,3,1,18,5,16,8,15,0,0,0.9391056269475795,7.305237759846669,9.266358040290102,0.5384615384615384,0.06666666666666667,0.5769230769230769,0.5028164030120841,1.5593955955774679,1
user_0409,2021-02-28 21:08:00,15,16,6,3,0,1,9,9,9,15,6,6,1,8.574968033772363,4.798361921278602,5.088586699929184,0.375,0.42857142857142855,1.0,0.9488667555341292,1.4234588295985304,0
user_0410,2021-03-04 08:31:00,12,19,14,1,1,3,13,6,11,13,18,3,0,0.015362098429382298,9.745090936069072,2.855950522283509,1.0769230769230769,0.06666666666666667,1.4615384615384615,1.4340275573032728,0.4777927544264664,0
user_0411,2021-03-29 23:57:00,13,13,16,2,4,3,15,11,15,5,5,0,0,0.5745194236312168,2.080511158270699,6.074775989931465,1.1428571428571428,0.11764705882352941,0.9285714285714286,0.34346253367972013,0.6152371569643393,0
user_0412,2021-03-16 01:52:00,23,15,10,1,2,0,6,19,15,12,12,1,0,9.979872887674375,8.732099678186378,9.015567798674478,0.4166666666666667,0.09090909090909091,0.625,1.4306326179794024,1.98746292441105,0
user_0413,2021-03-20 04:47:00,18,15,8,0,4,0,5,17,19,5,10,5,1,2.768288191928411,4.830420836248916,2.002499789532025,0.42105263157894735,0.0,0.7894736842105263,1.3718153422645833,1.6204928401995289,0
user_0414,2021-03-14 04:43:00,21,15,17,3,4,2,13,16,16,16,11,6,1,6.745198711774614,0.2634993835426136,4.2083291956735795,0.7727272727272727,0.16666666666666666,0.6818181818181818,0.6470248431357442,1.5604168621369443,0
user_0415,2021-03-23 19:09:00,17,21,7,1,3,1,8,8,9,7,19,1,0,9.580843571841761,4.6610140888805045,9.674620591481025,0.3888888888888889,0.125,1.1666666666666667,1.3659765879258734,1.2915295510343814,0
user_0416,2021-01-27 14:15:00,32,15,18,2,7,2,14,17,19,11,18,2,0,0.323155883096512,2.8895317392320816,8.278291272140468,0.5454545454545454,0.10526315789473684,0.45454545454545453,1.3054729126993132,1.403389972466631,0
user_0417,2021-04-09 18:45:00,24,21,7,1,2,0,8,13,12,18,18,4,0,8.87969035039731,0.7704989772050996,4.47757802759492,0.28,0.125,0.84,1.5077458718489885,1.2743894836698448,0
user_0418,2021-03-18 21:55:00,15,28,12,1,2,2,15,18,16,14,8,3,0,5.8949117377177584,3.5175545749575843,1.5789894612913034,0.75,0.07692307692307693,1.75,1.0265246359676161,1.7475460121072124,1
user_0419,2021-01-16 22:10:00,28,16,12,1,3,0,14,6,16,17,7,5,1,3.0911167433625586,7.250423304806999,1.9029173831535875,0.41379310344827586,0.07692307692307693,0.5517241379310345,1.041440809384752,0.45084284554985676,0
user_0420,2021-04-13 11:16:00,25,22,10,0,3,0,11,16,17,6,19,1,0,4.814330440555109,3.0870885876645793,1.6305406722013958,0.38461538461538464,0.0,0.8461538461538461,0.8470929331235084,0.7173956943897306,0
user_0421,2021-02-23 19:47:00,20,14,8,1,2,0,17,9,12,7,9,1,0,1.6428182842872552,5.818642505109194,3.774297664367925,0.38095238095238093,0.1111111111111111,0.6666666666666666,1.3729229576644377,1.9967517023564048,1
user_0422,2021-01-09 05:24:00,29,15,10,2,4,1,10,8,6,7,11,5,1,4.082086749540665,4.4423673482032235,4.173918779081742,0.3333333333333333,0.18181818181818182,0.5,1.445862256096531,1.0907984387331962,0
user_0423,2021-04-03 22:06:00,25,12,8,1,0,1,10,18,15,15,8,5,1,9.692779253504696,4.561622250734554,9.44827680781781,0.3076923076923077,0.1111111111111111,0.46153846153846156,1.4475539732589329,1.4711122942526784,0
user_0424,2021-03-06 00:55:00,21,12,7,1,3,0,9,6,17,7,10,5,1,2.84843232000755,8.119945233453908,4.868400200473237,0.3181818181818182,0.125,0.5454545454545454,1.4896478473317516,0.8401226795383885,0
user_0425,2021-04-07 04:39:00,24,10,12,1,3,0,17,7,13,13,17,2,0,7.1575248038377035,9.905995945277548,5.098541970790086,0.48,0.07692307692307693,0.4,0.45806604124563277,1.4317361006449651,0
user_0426,2021-03-12 20:12:00,18,14,8,1,6,0,17,18,17,16,16,4,0,6.872939313525927,9.949695474985647,7.167228213368471,0.42105263157894735,0.1111111111111111,0.7368421052631579,0.7572599583298534,0.6933149920840873,0
user_0427,2021-03-26 12:30:00,15,13,9,1,3,0,19,16,11,12,10,4,0,1.4837061151790698,7.7533779188872565,6.788082508543705,0.5625,0.1,0.8125,1.7289918969988505,0.8518470121205142,0
user_0428,2021-02-09 09:56:00,26,19,8,0,7,1,7,8,13,13,11,1,0,8.811443918132065,1.4685130757890585,1.4725663854655835,0.2962962962962963,0.0,0.7037037037037037,1.2739348993648905,0.979263275841114,1
user_0429,2021-02-01 07:15:00,23,19,15,2,3,1,16,9,18,15,7,0,0,4.772510348834446,2.0807084701157708,2.612607519457214,0.625,0.125,0.7916666666666666,0.9837539639807298,1.530220077814893,0
user_0430,2021-03-15 02:04:00,21,16,12,3,2,1,6,8,17,18,5,0,0,7.7660854806336586,7.769843407871743,3.345793890304298,0.5454545454545454,0.23076923076923078,0.7272727272727273,0.27076732647840585,1.644144710666109,0
user_0431,2021-03-26 11:53:00,19,13,16,0,0,4,19,9,5,10,14,4,0,6.342147106188792,2.729546900993233,5.1734939899577,0.8,0.0,0.65,0.1411160317888429,0.7376950975504111,0
user_0432,2021-01-13 11:26:00,24,14,10,1,2,1,18,6,8,7,17,2,0,6.1531892190724395,8.175376648527912,8.915178769791478,0.4,0.09090909090909091,0.56,0.125339531401377,1.4495376810512373,0
user_0433,2021-01-04 13:42:00,21,15,12,0,1,0,7,11,11,14,13,0,0,1.5690410377611008,0.6725701992537392,8.565845499187882,0.5454545454545454,0.0,0.6818181818181818,1.3389257241709636,1.3073265954393902,0
user_0434,2021-02-20 09:07:00,27,13,13,0,2,0,17,16,17,14,10,5,1,3.902249855753186,8.059829373129174,2.2157961878924337,0.4642857142857143,0.0,0.4642857142857143,1.9588028988627237,0.5416356455803155,0
user_0435,2021-01-02 23:03:00,22,14,13,1,2,1,18,7,14,14,13,5,1,7.329318627705681,3.704213036946621,4.128620011312959,0.5652173913043478,0.07142857142857142,0.6086956521739131,0.34339229687928996,1.6354913993780096,0
user_0436,2021-03-13 11:03:00,22,16,7,1,3,1,13,19,10,8,9,5,1,9.511460218086873,5.087070797253798,2.0976668716002425,0.30434782608695654,0.125,0.6956521739130435,1.895569295649378,1.731341741210138,0
user_0437,2021-04-01 11:15:00,22,16,7,1,2,1,7,15,15,5,15,3,0,2.7829588196721664,2.797074248058932,3.657573680275068,0.30434782608695654,0.125,0.6956521739130435,0.7263745324247659,1.9613971755461466,0
user_0438,2021-04-16 17:08:00,15,10,5,1,2,0,7,7,9,9,10,4,0,7.655920094684415,0.22849622153044424,9.12776920050972,0.3125,0.16666666666666666,0.625,0.7026409219220202,1.577886992855678,0
user_0439,2021-02-21 05:12:00,16,16,17,1,1,0,9,10,16,15,13,6,1,1.3645331974595942,9.558287605868264,8.051640637963523,1.0,0.05555555555555555,0.9411764705882353,1.2883729927473424,0.6685969413251989,1
user_0440,2021-02-04 10:23:00,15,15,7,0,1,0,5,14,17,9,19,3,0,3.4930743183376087,0.9548258168688772,4.526787616111176,0.4375,0.0,0.9375,1.5831100979942279,0.5013631176097164,0
user_0441,2021-01-31 16:40:00,28,9,11,0,2,0,15,19,12,5,12,6,1,5.131383250646135,0.17428713358148884,2.1720795670967794,0.3793103448275862,0.0,0.3103448275862069,0.4878031788377526,1.5244849565698637,0
user_0442,2021-03-19 07:30:00,22,12,16,1,3,3,5,15,8,17,16,4,0,1.7459911971975883,2.48520171049164,4.495666302698075,0.6956521739130435,0.058823529411764705,0.5217391304347826,1.6195181924979734,0.3687869984824188,0
user_0443,2021-02-12 20:39:00,19,18,15,0,0,2,15,9,6,19,7,4,0,3.9071248339097355,5.260217599134542,7.583513072443271,0.75,0.0,0.9,0.48537341990696126,0.1581942400049139,0
user_0444,2021-01-08 20:27:00,27,17,11,1,3,2,9,19,13,12,16,4,0,8.540375003812024,1.9801255219622116,1.920404155364524,0.39285714285714285,0.08333333333333333,0.6071428571428571,1.0763467799067037,0.5704552202895523,0
user_0445,2021-03-30 23:07:00,25,12,11,1,2,1,8,5,9,7,15,1,0,7.668642209328418,3.0530333719479206,1.846083442414336,0.4230769230769231,0.08333333333333333,0.46153846153846156,1.994945115169454,0.0031946799133246717,0
user_0446,2021-02-10 06:54:00,26,15,8,0,3,1,12,15,7,11,9,2,0,7.610957712589301,8.922629037516872,4.395836678839267,0.2962962962962963,0.0,0.5555555555555556,0.8153830149206158,0.37568189994488743,0
user_0447,2021-02-12 21:05:00,22,13,13,1,1,1,14,13,15,7,8,4,0,8.97326117710067,1.9381644062928571,7.33783816511358,0.5652173913043478,0.07142857142857142,0.5652173913043478,0.15120459214714832,1.2853945133380382,0
user_0448,2021-04-30 07:38:00,19,15,19,0,2,5,16,6,5,18,7,4,0,9.61701138361018,7.146209464330246,9.664032640011643,0.95,0.0,0.75,0.5973966496982648,0.03661196978333514,0
user_0449,2021-02-09 06:37:00,20,24,13,2,3,2,16,12,7,13,8,1,0,0.5484273216942104,6.075823030580563,4.001807935052846,0.6190476190476191,0.14285714285714285,1.1428571428571428,0.1537513180343788,0.7673301329621713,0
user_0450,2021-03-13 19:42:00,25,17,9,2,1,0,5,16,19,18,13,5,1,8.96697044440984,0.323298208399464,8.42779628688307,0.34615384615384615,0.2,0.6538461538461539,1.126163640122008,0.36328703372909654,0
user_0451,2021-03-02 13:27:00,17,12,8,1,1,0,5,19,14,8,7,1,0,3.0764329195956686,1.8456348606666828,7.805458932269305,0.4444444444444444,0.1111111111111111,0.6666666666666666,1.446304191909109,0.4281287642579159,0
user_0452,2021-04-13 23:26:00,19,15,7,0,1,1,17,19,9,15,9,1,0,4.540399011016922,6.950205221186412,3.098486914535293,0.35,0.0,0.75,1.16034602965393,1.287213771820868,0
user_0453,2021-04-14 05:08:00,19,23,10,4,5,2,10,14,9,15,15,2,0,0.6672198219218439,4.205272643600832,8.623434544429342,0.5,0.36363636363636365,1.15,1.4454357299164171,0.5078331229168287,0
user_0454,2021-03-03 22:36:00,26,15,12,2,2,3,8,9,11,6,9,2,0,9.900835873017446,9.757698352645432,7.4972121363988435,0.4444444444444444,0.15384615384615385,0.5555555555555556,0.1768037210965565,0.3323547656774948,1
user_0455,2021-02-17 02:32:00,32,11,12,0,3,1,17,5,8,12,16,2,0,0.3600955608201939,7.731161330520129,8.162292433235706,0.36363636363636365,0.0,0.3333333333333333,1.3586695151339203,1.6557049751384656,0
user_0456,2021-01-31 07:38:00,16,18,11,0,2,0,15,13,9,9,15,6,1,1.2026658538773627,3.521442319686888,3.6429634580806103,0.6470588235294118,0.0,1.0588235294117647,1.4141593437585787,0.167954749312607,1
user_0457,2021-02-15 13:15:00,20,13,7,0,0,0,8,12,7,19,16,0,0,9.565493183890656,4.763749958309477,2.1944196276913512,0.3333333333333333,0.0,0.6190476190476191,0.3804704668573329,1.1533532951703138,1
user_0458,2021-02-25 09:10:00,18,14,8,3,4,1,7,14,15,17,16,3,0,6.112189832201725,3.150553448710588,9.008654647357316,0.42105263157894735,0.3333333333333333,0.7368421052631579,1.0878989768084404,0.858659203465568,0
user_0459,2021-02-18 13:37:00,20,7,10,1,1,2,19,17,12,11,5,3,0,8.863362950548382,2.902537743489063,1.6628800532217611,0.47619047619047616,0.09090909090909091,0.3333333333333333,1.9609486264987452,1.2560667979172564,0
user_0460,2021-02-28 13:05:00,21,16,10,0,4,1,9,15,11,5,6,6,1,5.817362946336483,3.652302149040869,1.5278566084298941,0.45454545454545453,0.0,0.7272727272727273,0.3201397469583107,0.04998795745861129,0
user_0461,2021-04-16 14:55:00,13,15,9,0,5,1,6,17,15,7,19,4,0,3.132666755152229,3.423727274605357,5.212522686673619,0.6428571428571429,0.0,1.0714285714285714,0.08417247296930142,1.8952684731043545,0
user_0462,2021-02-03 23:41:00,17,12,10,2,1,0,7,13,5,16,14,2,0,7.338803262387553,5.9201267941547995,2.1958392536656204,0.5555555555555556,0.18181818181818182,0.6666666666666666,1.5993449568477331,1.3202336983695582,0
user_0463,2021-03-09 07:01:00,24,23,13,1,2,0,14,13,9,10,10,1,0,1.3421883069069374,0.7417096742069396,5.064035895376056,0.52,0.07142857142857142,0.92,1.4469409262464292,1.3549016564374896,0
user_0464,2021-01-04 18:08:00,17,19,5,3,1,0,16,11,19,5,18,0,0,2.023714694453669,0.777233165826583,8.353067255629611,0.2777777777777778,0.5,1.0555555555555556,0.015274495957703138,0.3864854650458547,0
user_0465,2021-03-30 16:09:00,17,14,6,1,3,1,8,16,15,13,11,1,0,4.551469225014255,5.3062402559998745,6.833243457754145,0.3333333333333333,0.14285714285714285,0.7777777777777778,1.5071158351893241,0.05901662795741647,0
user_0466,2021-03-27 18:15:00,23,21,6,2,4,1,8,17,5,19,15,5,1,5.001218015350225,7.356518823267876,6.573294218013417,0.25,0.2857142857142857,0.875,1.2080163139421518,1.2559909742758797,0
user_0467,2021-02-12 14:58:00,16,17,16,1,2,2,17,9,8,7,17,4,0,0.4371648309830123,5.944713923767018,1.822255613040915,0.9411764705882353,0.058823529411764705,1.0,0.5774129334785845,0.4177648185797955,0
user_0468,2021-03-29 17:57:00,13,15,9,1,0,1,13,11,5,15,18,0,0,5.512128857954003,2.3709411405214964,9.094893208256725,0.6428571428571429,0.1,1.0714285714285714,0.5307960043554754,0.20875725441435988,0
user_0469,2021-04-30 05:03:00,21,12,7,0,5,1,7,13,10,9,8,4,0,9.159025614853151,9.539448798886367,5.667776001672083,0.3181818181818182,0.0,0.5454545454545454,1.95204136782496,0.49926175686502305,0
user_0470,2021-04-13 17:37:00,18,17,7,0,4,1,9,10,9,8,12,1,0,7.479355495841212,3.0007685275785025,6.282162310596506,0.3684210526315789,0.0,0.8947368421052632,1.2247059038456085,1.286098767031647,0
user_0471,2021-03-25 09:40:00,16,12,17,2,3,1,16,6,15,13,10,3,0,3.664595220687077,5.232150429658388,8.304901683976972,1.0,0.1111111111111111,0.7058823529411765,1.7934359817378296,1.2152244487571942,0
user_0472,2021-02-19 21:20:00,32,17,15,0,2,0,11,13,5,11,12,4,0,1.8897670480149953,6.133749489290205,1.3862734098359262,0.45454545454545453,0.0,0.5151515151515151,1.4060587601601062,0.11398231280619542,0
user_0473,2021-03-22 11:49:00,18,15,8,2,2,0,7,13,16,5,19,0,0,3.99699166911623,5.182832441990945,2.626380174016957,0.42105263157894735,0.2222222222222222,0.7894736842105263,0.2758406068597645,1.2216418437899659,0
user_0474,2021-01-26 14:52:00,20,19,10,3,3,1,8,7,9,5,16,1,0,6.345993407658382,3.224939991307152,2.3091272867422648,0.47619047619047616,0.2727272727272727,0.9047619047619048,1.7379035053241163,1.7628815202319852,0
user_0475,2021-02-10 18:09:00,30,11,16,0,1,1,12,10,19,7,8,2,0,2.305267327885007,5.474336273240301,4.89516308417463,0.5161290322580645,0.0,0.3548387096774194,1.471045281547276,0.9953170431167844,0
user_0476,2021-04-28 17:34:00,18,14,14,3,1,0,18,9,10,12,8,2,0,3.5627709445907687,5.961102398553382,5.273503800939265,0.7368421052631579,0.2,0.7368421052631579,1.482902797697933,1.481381405290333,0
user_0477,2021-02-02 21:10:00,20,16,10,0,1,2,5,12,18,19,9,1,0,4.602253484078832,1.2951089931403226,7.317486215189281,0.47619047619047616,0.0,0.7619047619047619,0.3759383323339154,0.5970493818328442,0
user_0478,2021-03-25 03:16:00,15,11,9,2,2,0,18,14,10,17,18,3,0,3.091017765403856,9.081340245212733,4.1362791105684735,0.5625,0.2,0.6875,0.8641506785530517,0.2139401228041955,0
user_0479,2021-04-02 05:27:00,20,16,8,2,1,1,14,11,10,9,16,4,0,1.8328227720647683,4.82814366956198,2.025352466947222,0.38095238095238093,0.2222222222222222,0.7619047619047619,0.0886788045215845,0.6949527939109945,0
user_0480,2021-03-03 21:10:00,21,19,7,4,2,1,6,7,16,17,14,2,0,8.993499163015478,1.360206080623838,5.256845200383113,0.3181818181818182,0.5,0.8636363636363636,0.07018789298259809,1.8482481637007186,0
user_0481,2021-02-21 20:41:00,18,14,6,0,4,2,16,14,12,16,9,6,1,3.476191950177554,1.1925386853619924,8.277519185425511,0.3157894736842105,0.0,0.7368421052631579,0.24796500051889003,0.08268538743107356,0
user_0482,2021-01-27 16:37:00,32,10,10,0,3,1,7,13,17,12,7,2,0,7.303670355685357,5.5483513197233165,7.034537650641066,0.30303030303030304,0.0,0.30303030303030304,1.5496582489471196,0.3317923524633257,0
user_0483,2021-03-30 08:53:00,15,12,10,2,1,0,14,15,18,12,7,1,0,0.42252428729838143,2.2552925843030804,3.308137541485882,0.625,0.18181818181818182,0.75,0.4637702707418814,1.3899636147756564,0
user_0484,2021-01-08 02:32:00,22,11,7,0,7,0,17,12,8,7,16,4,0,3.21508006575245,7.097768246407766,6.12310787188607,0.30434782608695654,0.0,0.4782608695652174,0.005762230584131611,0.00012218865006619062,0
user_0485,2021-02-14 14:29:00,20,8,9,1,2,2,5,17,11,16,18,6,1,5.503636715766001,1.4444778419244109,1.4133788179370208,0.42857142857142855,0.1,0.38095238095238093,0.2860953818999681,1.7831380960803187,0
user_0486,2021-03-29 12:09:00,18,8,8,0,3,1,12,8,7,16,15,0,0,2.133032945519945,8.987421371874634,9.517062118978831,0.42105263157894735,0.0,0.42105263157894735,1.2629468947293065,1.5284599371425842,0
user_0487,2021-02-01 08:15:00,22,23,11,1,2,1,8,16,6,17,10,0,0,3.5640488672676494,6.6444084833938435,9.073882743559306,0.4782608695652174,0.08333333333333333,1.0,0.7425530779771139,1.1330079260690848,0
user_0488,2021-04-21 16:54:00,22,17,7,1,1,0,16,12,5,12,7,2,0,6.4550235261546245,6.11259451001369,3.8803791921523842,0.30434782608695654,0.125,0.7391304347826086,1.1020842342678288,0.2811482995929182,0
user_0489,2021-03-05 18:25:00,16,18,11,2,4,2,8,11,18,13,16,4,0,4.947029019295627,8.334911623509736,2.9491729191136526,0.6470588235294118,0.16666666666666666,1.0588235294117647,1.7892366514443245,1.8497795138037838,0
user_0490,2021-02-09 19:10:00,32,21,7,0,2,0,16,19,13,12,5,1,0,1.963775818525788,9.140556852656323,8.60017756422273,0.21212121212121213,0.0,0.6363636363636364,0.7672943801382179,1.950410823650212,0
user_0491,2021-01-09 11:54:00,26,21,11,2,3,1,9,14,10,17,16,5,1,0.40327619781910573,8.209188210245504,7.547584770109986,0.4074074074074074,0.16666666666666666,0.7777777777777778,1.0973178896263505,0.9256813804299362,0
user_0492,2021-03-26 16:20:00,18,21,7,0,5,1,9,14,6,9,17,4,0,1.6368460773080984,8.508684609274995,1.8525422234920872,0.3684210526315789,0.0,1.105263157894737,1.0365488624813115,0.879055914288873,1
user_0493,2021-03-05 07:33:00,24,9,14,0,1,2,6,10,15,10,6,4,0,7.27045281885585,6.289321751222565,4.003030290615213,0.56,0.0,0.36,0.2122756459490942,1.485231451548151,0
user_0494,2021-04-04 09:18:00,26,21,9,2,6,1,15,10,10,12,8,6,1,2.53915596014614,7.817663715178459,9.535769148196886,0.3333333333333333,0.2,0.7777777777777778,0.5789950646444981,1.298241372573798,0
user_0495,2021-03-15 07:00:00,18,13,8,2,0,1,10,7,19,13,5,0,0,3.1316747595071948,7.630921999502428,7.775845889117457,0.42105263157894735,0.2222222222222222,0.6842105263157895,0.24770447034430298,1.1221014898647397,0
user_0496,2021-02-07 21:16:00,28,14,11,2,2,0,9,11,19,17,7,6,1,6.29785301180143,7.094573029722319,8.265550278019465,0.3793103448275862,0.16666666666666666,0.4827586206896552,0.685283781641709,0.8935260307687491,0
user_0497,2021-02-19 10:40:00,22,17,8,3,4,1,19,11,18,6,16,4,0,2.4566058472367294,4.072456512560104,4.18461244651129,0.34782608695652173,0.3333333333333333,0.7391304347826086,0.00866166821511305,1.5832505359550415,0
user_0498,2021-01-19 05:16:00,28,15,9,1,3,1,17,19,17,16,6,1,0,7.727718177487563,2.2160495367664224,2.9901853987751625,0.3103448275862069,0.1,0.5172413793103449,1.5451190603243223,1.3531006162638517,0
user_0499,2021-01-10 10:34:00,21,11,6,1,1,2,5,9,7,16,16,6,1,5.539969747629915,2.4903277470501326,9.228780114183591,0.2727272727272727,0.14285714285714285,0.5,0.41727675580793333,0.989146580451713,0
user_0500,2021-02-03 13:39:00,19,18,6,1,0,0,13,11,5,5,17,2,0,9.24417754968757,7.084638432498814,4.02924557451254,0.3,0.14285714285714285,0.9,1.9973560097689946,0.8789255706767232,0
user_0501,2021-03-22 00:19:00,16,12,13,2,1,2,10,14,18,14,12,0,0,7.089473259776609,2.1485246297809524,6.9903183805753235,0.7647058823529411,0.14285714285714285,0.7058823529411765,0.2205568157827542,0.4097946009881672,0
user_0502,2021-02-20 14:12:00,24,14,9,2,1,0,10,9,6,8,8,5,1,0.0025169583889650404,5.269311820648802,9.923806055710541,0.36,0.2,0.56,1.9601296394699894,1.5449477159046514,0
user_0503,2021-01-06 06:02:00,19,19,15,0,2,1,17,17,17,7,15,2,0,8.35717292718391,7.241074294697486,6.4645805884248375,0.75,0.0,0.95,1.6758977590968644,0.5542431611036489,1
user_0504,2021-03-27 05:45:00,27,21,11,0,2,1,16,8,17,18,8,5,1,2.863911197765663,1.9836565366181669,7.4663857986838105,0.39285714285714285,0.0,0.75,1.1343223054922782,0.5200427880702689,0
user_0505,2021-02-12 00:11:00,18,15,12,0,0,1,10,7,12,15,11,4,0,4.006983861680568,8.011621149321767,2.913228002135681,0.631578947368421,0.0,0.7894736842105263,1.0703879305197497,1.5023556523475616,0
user_0506,2021-02-17 21:37:00,18,18,9,1,0,2,17,14,17,9,16,2,0,7.820823350502883,3.428862382638731,8.558003200356563,0.47368421052631576,0.1,0.9473684210526315,0.3926713963795556,1.4536903921321735,0
user_0507,2021-03-23 13:07:00,18,8,7,2,2,1,8,10,16,16,5,1,0,1.011634330517066,0.9467682738706673,7.511075726742544,0.3684210526315789,0.25,0.42105263157894735,1.1525896215328124,0.7334667349835318,0
user_0508,2021-03-15 02:41:00,16,21,5,0,0,1,8,11,19,17,13,0,0,6.892352409727229,1.0523724694552483,4.253138312567599,0.29411764705882354,0.0,1.2352941176470589,1.7535853633421983,1.2671794318182226,0
user_0509,2021-02-04 12:19:00,18,12,6,1,2,1,14,15,5,5,17,3,0,7.430303243799025,2.2724265444660894,6.1871447524856,0.3157894736842105,0.14285714285714285,0.631578947368421,1.7303770145596677,1.6138666149103278,0
user_0510,2021-01-13 17:04:00,22,15,13,0,3,1,13,5,14,14,5,2,0,5.662149800824702,5.584538126065644,2.9137362527268365,0.5652173913043478,0.0,0.6521739130434783,1.557143832985079,1.0704312449594995,0
user_0511,2021-02-25 09:43:00,23,12,14,2,0,0,18,18,12,6,14,3,0,3.956801429447987,3.4843880130843843,2.1159846905414272,0.5833333333333334,0.13333333333333333,0.5,1.1067763180055412,0.4335652773086718,0
user_0512,2021-01-22 13:44:00,21,12,5,1,3,0,17,10,7,17,10,4,0,7.794892454708755,0.6380614312039312,4.689643274430338,0.22727272727272727,0.16666666666666666,0.5454545454545454,0.46447996513898016,0.8593077514608973,0
user_0513,2021-03-16 16:36:00,15,16,3,0,1,0,19,19,10,11,15,1,0,2.8438208040495683,9.525456163294166,4.7951781496838795,0.1875,0.0,1.0,1.1039156469052467,0.9447667102254305,0
user_0514,2021-01-27 06:30:00,20,14,9,2,1,1,19,10,14,6,12,2,0,3.5422617013752298,4.10530693006915,9.802366230940917,0.42857142857142855,0.2,0.6666666666666666,1.5823499663532996,0.11312282939087726,0
user_0515,2021-03-11 23:14:00,25,13,3,1,4,1,14,6,13,9,6,3,0,6.513142409672895,0.6349615739852799,2.8509912532554345,0.11538461538461539,0.25,0.5,1.7467701244814064,0.16499256179980537,0
user_0516,2021-04-12 10:21:00,17,10,18,0,2,2,15,6,7,16,18,0,0,9.735070507516355,7.664727284303602,4.925329960660297,1.0,0.0,0.5555555555555556,0.7721262500229695,0.953524024854133,0
user_0517,2021-01-08 01:37:00,17,13,11,1,1,2,15,17,8,5,10,4,0,5.462974320711478,2.0263715587559608,1.937919486662489,0.6111111111111112,0.08333333333333333,0.7222222222222222,0.19454442583306286,1.487393113318257,0
user_0518,2021-04-04 20:35:00,24,18,21,0,1,2,6,16,18,6,15,6,1,9.035620426006503,3.357886926153315,8.241653118363189,0.84,0.0,0.72,1.1185429898269534,1.2018012770706044,0
user_0519,2021-01-12 18:03:00,20,11,8,1,2,0,19,12,8,14,16,1,0,3.571652331543774,8.650283058432457,1.0431281498638216,0.38095238095238093,0.1111111111111111,0.5238095238095238,0.7013028361632088,0.9970210758004636,0
user_0520,2021-03-24 17:29:00,23,12,11,0,4,1,7,10,14,15,15,2,0,2.566251732425645,4.653855178832034,7.855020466854647,0.4583333333333333,0.0,0.5,0.008877281733421949,0.6150749898113426,0
user_0521,2021-01-14 16:14:00,24,18,6,0,2,0,18,19,6,8,17,3,0,3.668514981269798,7.130455692039441,3.573837321815531,0.24,0.0,0.72,1.3265391513012756,1.682080319775053,0
user_0522,2021-04-05 02:53:00,20,12,9,1,1,0,17,11,7,15,6,0,0,5.108241586003843,7.130840029307663,3.0528654615038806,0.42857142857142855,0.1,0.5714285714285714,0.1312426931233437,1.8079151581353392,0
user_0523,2021-01-03 22:19:00,22,18,9,1,3,2,7,8,16,5,17,6,1,0.41568243536923677,2.0899714019065128,3.575959578599293,0.391304347826087,0.1,0.782608695652174,0.7410151053802894,1.876832323028481,1
user_0524,2021-03-18 19:51:00,16,10,14,1,1,0,8,12,18,7,8,3,0,1.6258176695903181,7.066361609683741,3.252829860789839,0.8235294117647058,0.06666666666666667,0.5882352941176471,1.563931528013754,1.3993213591954492,0
user_0525,2021-04-09 05:25:00,22,7,7,3,4,0,7,8,16,5,10,4,0,7.638293369940813,2.778482827630638,5.299565915497211,0.30434782608695654,0.375,0.30434782608695654,1.2264879475267625,1.383287914787502,0
user_0526,2021-03-17 18:09:00,18,11,12,1,2,1,9,16,14,13,13,2,0,8.40510208953434,6.462433982333506,6.463467262951439,0.631578947368421,0.07692307692307693,0.5789473684210527,0.9586265599600905,1.9287611273444105,0
user_0527,2021-03-01 05:16:00,28,16,13,3,3,0,12,9,16,17,18,0,0,5.733002929350653,8.277439909388185,6.453928202181602,0.4482758620689655,0.21428571428571427,0.5517241379310345,1.0217793065945262,0.277560078725988,0
user_0528,2021-03-01 18:45:00,14,19,7,1,3,1,13,8,19,7,18,0,0,0.4614507389223721,8.169434178578426,4.173860807663301,0.4666666666666667,0.125,1.2666666666666666,1.0905296133931746,1.5083883249942318,1
user_0529,2021-04-04 17:25:00,24,15,15,1,2,3,14,14,10,10,6,6,1,8.81657135387541,2.2372027576156905,5.0662038257663875,0.6,0.0625,0.6,0.39063934296205827,1.0238910700835013,0
user_0530,2021-02-16 05:45:00,17,10,5,3,1,1,12,15,16,19,6,1,0,7.372665291244545,5.6618427565323035,1.1294620523619603,0.2777777777777778,0.5,0.5555555555555556,1.1464427240385733,1.8588219571969382,0
user_0531,2021-01-03 15:40:00,18,20,7,1,0,0,11,5,10,17,5,6,1,6.089257579697158,3.7287607655198105,8.529143702410309,0.3684210526315789,0.125,1.0526315789473684,1.7695220195896237,0.05704845294574912,0
user_0532,2021-04-04 13:11:00,17,12,11,2,3,0,13,11,8,5,15,6,1,1.462184439895361,9.693542156180069,8.208657746416911,0.6111111111111112,0.16666666666666666,0.6666666666666666,0.9779865192423003,0.2394904057724878,0
user_0533,2021-03-28 17:55:00,15,17,14,0,3,1,15,6,17,18,9,6,1,0.4443163208078471,5.170479653739011,5.324115618290307,0.875,0.0,1.0625,0.3821246231970459,1.2740431783158475,0
user_0534,2021-04-23 23:48:00,23,20,6,2,1,0,19,15,10,5,14,4,0,4.108488373923571,3.043228656201129,1.0274770822997938,0.25,0.2857142857142857,0.8333333333333334,0.8725994290016774,1.211993133850988,0
user_0535,2021-01-31 12:18:00,25,16,12,3,3,0,16,16,14,14,14,6,1,1.740326991023069,7.923680618898529,4.239413948126593,0.46153846153846156,0.23076923076923078,0.6153846153846154,1.7602566977941483,0.1403309859521087,0
user_0536,2021-04-16 06:58:00,27,16,19,3,2,3,13,13,18,16,5,4,0,0.21330209130068223,7.379508960358866,6.69583399268072,0.6785714285714286,0.15,0.5714285714285714,0.9020080498169354,1.2794388014195937,0
user_0537,2021-03-21 08:33:00,24,13,10,0,1,2,19,11,9,16,6,6,1,1.222774843502299,9.273853947563426,4.264356239171162,0.4,0.0,0.52,0.5737588539443677,1.8365919505736699,1
user_0538,2021-03-26 18:23:00,19,12,8,1,1,2,7,14,11,10,16,4,0,3.6023008145849964,2.2535992144479424,3.514373502621484,0.4,0.1111111111111111,0.6,1.426937008009088,0.6074663792892516,0
user_0539,2021-03-08 12:18:00,16,18,12,2,0,3,12,14,14,11,11,0,0,6.862142604114746,0.41430934258042895,7.672123739772784,0.7058823529411765,0.15384615384615385,1.0588235294117647,0.6840505857121579,1.0438907412977858,0
user_0540,2021-03-13 07:20:00,18,18,6,2,2,0,12,19,15,17,5,5,1,4.294468075582282,0.8080243179766522,2.089082573902953,0.3157894736842105,0.2857142857142857,0.9473684210526315,0.29952339722731414,1.386822717420509,0
user_0541,2021-02-20 20:28:00,26,14,4,2,3,0,7,13,13,16,5,5,1,8.316322543717444,4.982658274398018,8.400431215230482,0.14814814814814814,0.4,0.5185185185185185,1.8588600435520324,1.4276884444342326,0
user_0542,2021-01-08 03:16:00,18,12,15,0,2,3,6,14,9,12,15,4,0,7.575958469019449,1.0767409390658,2.359814748137505,0.7894736842105263,0.0,0.631578947368421,0.36484554700505045,1.6365443544353675,0
user_0543,2021-01-15 08:52:00,18,11,9,1,3,0,12,17,8,10,6,4,0,8.47418846312127,1.6212378143574968,6.430276237002331,0.47368421052631576,0.1,0.5789473684210527,1.2487337396018627,1.271857578082076,0
user_0544,2021-01-09 20:34:00,24,21,4,1,3,0,18,5,6,19,19,5,1,3.178331280512529,2.5872487519281417,8.698069549093706,0.16,0.2,0.84,0.7158741410785778,0.05205603594807151,0
user_0545,2021-03-21 18:41:00,21,16,6,1,2,1,5,14,19,8,9,6,1,8.77915454587245,0.29653855765204185,3.5659866575382573,0.2727272727272727,0.14285714285714285,0.7272727272727273,1.668697766714632,1.5413370962981165,0
user_0546,2021-02-14 20:49:00,18,9,12,0,1,4,9,9,16,11,11,6,1,8.297422998703713,8.592928107941038,6.116711945254807,0.631578947368421,0.0,0.47368421052631576,0.581265932272075,0.1659369300217084,0
user_0547,2021-01-05 08:40:00,17,17,10,2,1,0,13,18,14,14,8,1,0,5.450412872257132,3.853616660369339,5.614293951746414,0.5555555555555556,0.18181818181818182,0.9444444444444444,1.8339395637181075,0.24793625346795412,1
user_0548,2021-04-19 05:01:00,19,19,5,3,1,0,13,12,16,7,9,0,0,8.40594287666801,9.74409429435727,1.3614986665615456,0.25,0.5,0.95,0.7329644019094477,0.25151651725288393,0
user_0549,2021-02-18 16:27:00,17,19,6,3,3,1,19,17,14,18,5,3,0,6.503926837078375,3.90507691047147,1.710523475122692,0.3333333333333333,0.42857142857142855,1.0555555555555556,1.4270792904296814,1.9197672075592065,0
user_0550,2021-01-13 00:13:00,21,13,10,0,5,0,19,6,16,12,11,2,0,6.510688656145751,5.694984632688719,2.3176314697088305,0.45454545454545453,0.0,0.5909090909090909,1.1631674933185079,1.2871484579334174,0
user_0551,2021-03-21 01:21:00,26,13,7,2,4,0,19,5,11,12,14,6,1,8.67921123355258,7.709253248515401,6.567322084034554,0.25925925925925924,0.25,0.48148148148148145,1.6422758195320382,0.892086419753122,0
user_0552,2021-02-13 11:41:00,25,18,9,1,1,2,17,12,11,5,17,5,1,5.216464454308943,2.5329256115219367,4.6312332384780115,0.34615384615384615,0.1,0.6923076923076923,1.6344864369852279,1.3768108152063234,0
user_0553,2021-02-23 11:53:00,14,16,9,1,2,1,13,12,19,19,7,1,0,1.4896285845248047,1.2809163587928307,2.419351719844978,0.6,0.1,1.0666666666666667,1.149048483215002,0.6599535787207473,0
user_0554,2021-03-15 10:00:00,16,16,9,0,2,0,14,12,12,8,19,0,0,1.8232154158435188,2.5268668288860896,9.259027832764009,0.5294117647058824,0.0,0.9411764705882353,1.1475197609182854,1.73285878341704,1
user_0555,2021-02-06 17:33:00,23,13,15,1,2,5,9,7,17,9,9,5,1,8.397119099827597,9.350325612222209,3.611416783271582,0.625,0.0625,0.5416666666666666,1.6964532321267893,0.5336175070307627,0
user_0556,2021-03-21 05:01:00,25,12,5,2,0,0,18,9,17,15,16,6,1,2.7129114670297994,8.749792020965781,6.9476775600194,0.19230769230769232,0.3333333333333333,0.46153846153846156,1.4964939248674523,1.8674207224294805,0
user_0557,2021-03-31 20:31:00,20,19,10,1,0,1,18,14,11,16,5,2,0,1.1482866001257552,8.492098775377553,1.1228950613751016,0.47619047619047616,0.09090909090909091,0.9047619047619048,1.672828057899655,1.2217931554329207,0
user_0558,2021-02-15 06:59:00,23,9,16,0,3,2,13,13,5,6,15,0,0,8.367471255395628,0.9703679095095274,1.8654855076842092,0.6666666666666666,0.0,0.375,1.4157697420327062,0.32649207702493843,0
user_0559,2021-03-03 17:13:00,15,20,7,1,3,1,14,5,15,17,13,2,0,9.929219676335782,0.4017361594840141,8.825697747689755,0.4375,0.125,1.25,0.8487157769801172,0.8629664928841521,0
user_0560,2021-02-13 09:13:00,10,20,11,2,2,2,16,10,10,15,5,5,1,8.62190021652793,2.59746198836123,4.301283950452274,1.0,0.16666666666666666,1.8181818181818181,1.4562285312733987,0.11690169005787632,0
user_0561,2021-04-20 15:23:00,17,12,12,1,2,1,16,12,16,14,5,1,0,2.902040162295769,4.270246551302903,3.2774754955127348,0.6666666666666666,0.07692307692307693,0.6666666666666666,0.5923063700917564,1.9929523276978387,0
user_0562,2021-01-23 01:04:00,17,18,10,1,3,0,10,13,6,15,15,5,1,8.836824269577054,9.122730034863437,5.26746052408343,0.5555555555555556,0.09090909090909091,1.0,0.21835610036060826,0.559672497614963,0
user_0563,2021-04-23 06:22:00,25,11,14,3,2,2,14,11,5,8,12,4,0,4.316717030124378,7.952448033825989,7.868857345386559,0.5384615384615384,0.2,0.4230769230769231,1.527388256402567,1.8942623487802872,0
user_0564,2021-01-15 13:31:00,6,11,7,1,1,0,17,14,19,19,19,4,0,9.452807843318457,7.788918372897945,1.6978184527242566,1.0,0.125,1.5714285714285714,1.633291864851611,1.4755402160455215,0
user_0565,2021-04-16 12:22:00,20,14,11,1,0,2,17,5,16,9,9,4,0,6.371364014407196,9.60763007280777,7.989010698258599,0.5238095238095238,0.08333333333333333,0.6666666666666666,0.6832355732422357,0.2936040039888368,0
user_0566,2021-04-23 09:03:00,21,11,8,0,4,1,6,10,18,18,6,4,0,1.1340433103373915,6.560673082896101,1.1510784502623594,0.36363636363636365,0.0,0.5,1.0777694980079604,0.08058571242904655,0
user_0567,2021-04-02 21:27:00,18,14,9,3,1,2,15,10,8,6,18,4,0,2.890371472047062,2.877216238335575,2.171964621380543,0.47368421052631576,0.3,0.7368421052631579,0.5513581303353767,1.8273249425995923,0
user_0568,2021-04-07 06:48:00,23,11,13,1,3,0,7,16,13,9,7,2,0,4.988502955627237,8.121290895488269,9.572675041411346,0.5416666666666666,0.07142857142857142,0.4583333333333333,0.9573737560611217,0.9904780859414988,0
user_0569,2021-04-21 13:30:00,22,14,11,0,2,0,5,7,7,9,16,2,0,2.771063910163342,8.050029708471666,8.911258272634607,0.4782608695652174,0.0,0.6086956521739131,0.7560223189523985,1.2776991287541217,1
user_0570,2021-01-20 17:47:00,13,26,9,0,1,0,8,15,17,18,14,2,0,5.890102373412592,1.4594937313103928,3.2261412028173013,0.6428571428571429,0.0,1.8571428571428572,0.5653323904041796,1.7452495618330264,0
user_0571,2021-03-14 15:19:00,20,17,12,2,1,2,13,13,12,18,6,6,1,1.0102557100208398,4.889097431811945,9.641831404600541,0.5714285714285714,0.15384615384615385,0.8095238095238095,1.4903309353008707,1.0360313383381388,0
user_0572,2021-01-22 02:44:00,17,19,8,0,2,1,9,6,17,14,16,4,0,8.828417102171146,1.6981264472200164,9.811869349676083,0.4444444444444444,0.0,1.0555555555555556,1.1623792361723675,1.4743245043689122,0
user_0573,2021-03-12 22:59:00,17,12,12,1,2,1,6,5,7,6,15,4,0,1.8835870527252663,1.6956013502021572,1.6058445702094262,0.6666666666666666,0.07692307692307693,0.6666666666666666,0.3722366370924326,0.3078815695412258,0
user_0574,2021-04-17 12:35:00,19,12,9,1,5,1,16,9,19,10,9,5,1,4.891369875366119,8.583899392455683,2.716302045941592,0.45,0.1,0.6,0.927571494536457,1.9923131306292978,0
user_0575,2021-01-28 07:00:00,23,18,9,1,1,1,16,5,6,17,18,3,0,3.2211907045460975,5.473599159732108,1.0139396322960341,0.375,0.1,0.75,1.4760947224909542,0.3573469350831442,0
user_0576,2021-03-10 22:10:00,13,15,9,0,0,0,19,11,12,11,13,2,0,4.6927295397814275,1.2728120537576038,7.36595163045272,0.6428571428571429,0.0,1.0714285714285714,1.559770644411113,1.8300664199785832,0
user_0577,2021-03-24 20:33:00,28,11,9,0,3,1,16,19,15,14,19,2,0,8.868045496111696,5.921134138111888,6.590193901244836,0.3103448275862069,0.0,0.3793103448275862,0.785078123567142,1.97139387126938,0
user_0578,2021-04-04 00:34:00,19,13,16,0,5,2,16,13,18,9,12,6,1,3.9719160465863412,9.293149071632227,8.485313031617157,0.8,0.0,0.65,0.05783031144945783,1.3834622009722795,0
user_0579,2021-01-13 02:09:00,11,18,9,1,2,1,19,17,8,9,18,2,0,3.993316592875309,0.9261674768326889,9.44915506479027,0.75,0.1,1.5,0.6640325205463133,1.2672734008149913,0
user_0580,2021-01-21 18:09:00,15,17,14,0,0,0,12,19,19,8,16,3,0,5.230841256711937,8.00496389956104,2.0773602843208456,0.875,0.0,1.0625,1.2240364148624832,1.0731379031180235,0
user_0581,2021-02-12 01:16:00,20,13,11,0,1,1,7,15,14,5,14,4,0,9.983317749073732,4.208707057592557,6.427770653632965,0.5238095238095238,0.0,0.6190476190476191,1.5004910359801826,1.6417453220741902,0
user_0582,2021-02-01 15:29:00,22,12,13,1,1,0,16,12,6,6,11,0,0,2.1778976592785204,1.7129574374501921,9.574704844063499,0.5652173913043478,0.07142857142857142,0.5217391304347826,0.08454914186925877,0.844006844507164,0
user_0583,2021-04-22 22:23:00,20,12,9,0,4,0,6,19,5,13,10,3,0,2.696833817479798,8.394854223734674,5.701742292258876,0.42857142857142855,0.0,0.5714285714285714,1.3755874564377237,0.2607258201685232,0
user_0584,2021-02-22 17:15:00,18,20,10,2,0,3,8,15,13,6,19,0,0,3.8755884911200935,5.604814066883293,4.386550675088534,0.5263157894736842,0.18181818181818182,1.0526315789473684,0.11561282196002653,1.1141200590708866,0
user_0585,2021-02-15 15:16:00,18,19,9,0,4,2,5,19,14,13,12,0,0,4.240226905638487,6.619606030723077,1.91691325272887,0.47368421052631576,0.0,1.0,1.2230159652331118,1.2213321641790365,0
user_0586,2021-02-01 01:11:00,20,12,11,1,1,1,7,9,18,12,9,0,0,5.493064988459441,8.417681198926322,9.031174271824415,0.5238095238095238,0.08333333333333333,0.5714285714285714,0.4969412477545636,0.6472876086044734,0
user_0587,2021-01-01 18:53:00,19,11,10,1,7,1,14,9,19,12,8,4,0,2.802087026321992,9.462462595440716,1.7535288740179729,0.5,0.09090909090909091,0.55,1.103280150167645,1.3640644598837361,0
user_0588,2021-01-03 00:48:00,21,12,15,2,1,1,18,7,15,18,18,6,1,9.640400829867033,3.348027966980258,9.475397258038026,0.6818181818181818,0.125,0.5454545454545454,1.820481789638185,0.17767226444635908,1
user_0589,2021-01-14 07:39:00,17,22,12,2,5,1,16,11,7,17,11,3,0,9.011692022207788,8.547312919878122,7.933053339296091,0.6666666666666666,0.15384615384615385,1.2222222222222223,1.7942682123325202,1.8437469888731304,0
user_0590,2021-02-09 05:59:00,20,11,9,1,3,1,13,14,15,18,15,1,0,1.4424113207492617,2.8639480665438533,4.601212151592613,0.42857142857142855,0.1,0.5238095238095238,0.4484445929848464,0.03487354441966084,1
user_0591,2021-04-16 06:25:00,22,16,5,0,2,1,10,18,13,8,11,4,0,7.454093461843394,9.792341588276349,8.864417014650005,0.21739130434782608,0.0,0.6956521739130435,0.79204219762061,1.893125264971756,0
user_0592,2021-02-03 19:07:00,18,9,12,0,1,2,13,15,12,16,17,2,0,9.762870533814858,2.0786140811141482,4.67731201355567,0.631578947368421,0.0,0.47368421052631576,1.2995091301642396,0.6231956825157865,0
user_0593,2021-03-30 12:40:00,23,16,10,1,2,1,18,11,6,9,17,1,0,1.4127650547915682,9.758853890456704,6.608262079665285,0.4166666666666667,0.09090909090909091,0.6666666666666666,1.2164143402428262,1.292210156433719,0
user_0594,2021-03-31 20:11:00,20,15,6,1,1,0,16,9,17,12,10,2,0,3.6712480509689494,6.324586536126498,2.5399737741882586,0.2857142857142857,0.14285714285714285,0.7142857142857143,1.2211528062012602,0.6298695320188472,0
user_0595,2021-02-22 11:39:00,16,16,7,0,1,1,17,14,13,9,8,0,0,2.506086146414771,1.6309262479491304,1.577442212604986,0.4117647058823529,0.0,0.9411764705882353,1.9047105442651757,0.7802099289043132,0
user_0596,2021-04-09 21:29:00,13,17,5,1,2,1,7,16,14,12,8,4,0,0.9412447192943163,7.651337860993623,8.778644901431685,0.35714285714285715,0.16666666666666666,1.2142857142857142,0.08156441840313211,0.7405805653396946,0
user_0597,2021-01-18 14:44:00,24,15,12,3,5,1,14,9,6,15,7,0,0,8.903207480355167,7.238188432141173,1.7764902689863222,0.48,0.23076923076923078,0.6,0.5687573599479143,1.940697078731384,0
user_0598,2021-02-01 09:36:00,20,17,12,2,3,0,12,18,15,16,6,0,0,8.616095204088746,5.475538933921852,2.953040102839281,0.5714285714285714,0.15384615384615385,0.8095238095238095,1.1980028324863194,0.32620288167756906,0
user_0599,2021-01-28 12:21:00,18,11,4,1,3,1,16,11,18,19,7,3,0,1.5800649623950747,4.691250213570886,6.070081162740084,0.21052631578947367,0.2,0.5789473684210527,0.5777432189785356,0.27345690985622584,0
user_0600,2021-04-17 12:32:00,24,12,8,0,2,1,5,14,16,15,17,5,1,4.409784814221361,2.3582432906206274,9.54781077708467,0.32,0.0,0.48,0.06276070181315663,1.2643039374152891,0
user_0601,2021-01-02 02:10:00,19,17,7,2,3,0,5,5,14,17,19,5,1,3.1972809032062233,2.456563793020765,3.3934571979541883,0.35,0.25,0.85,0.26970950245309866,0.5636173870301453,0
user_0602,2021-03-03 01:52:00,28,8,14,1,6,1,7,13,15,19,15,2,0,0.7975943947065389,9.935733560937551,7.004386098588939,0.4827586206896552,0.06666666666666667,0.27586206896551724,0.8368244741547952,1.2370459848390674,0
user_0603,2021-01-17 17:28:00,21,10,14,0,3,0,9,18,11,15,18,6,1,3.4156668491941087,1.476641679749594,8.914274781494068,0.6363636363636364,0.0,0.45454545454545453,1.2903553359424944,0.4536396222830601,0
user_0604,2021-04-22 02:40:00,17,18,9,1,1,0,14,11,14,16,15,3,0,8.643591612128557,5.892160728435253,5.2750584997040395,0.5,0.1,1.0,1.750119979834607,0.3787846915256534,0
user_0605,2021-02-20 16:02:00,13,9,18,1,0,0,13,12,5,10,16,5,1,5.30162228283603,2.354225010256892,4.701203714624759,1.2857142857142858,0.05263157894736842,0.6428571428571429,1.4797841395248745,0.8366538720617767,0
user_0606,2021-01-01 05:17:00,22,9,13,2,0,2,7,19,6,9,19,4,0,4.988787467639083,5.12595182469708,2.7736372168226824,0.5652173913043478,0.14285714285714285,0.391304347826087,1.8027950744751327,0.1562703353634074,0
user_0607,2021-04-17 16:08:00,15,17,5,3,2,1,8,10,12,10,14,5,1,9.833159920701897,2.01190990440303,6.702431003712345,0.3125,0.5,1.0625,1.5903011534096991,1.3167427556285665,0
user_0608,2021-04-28 18:53:00,17,21,12,1,0,0,8,14,7,5,13,2,0,3.540033139164737,2.3313052168893433,7.128111172163629,0.6666666666666666,0.07692307692307693,1.1666666666666667,1.2758661271948066,0.8546719958302282,0
user_0609,2021-01-06 04:43:00,28,20,10,0,0,1,17,19,9,8,12,2,0,9.672756285701722,7.629787983549799,4.434714067237047,0.3448275862068966,0.0,0.6896551724137931,1.7657972723614068,1.9627734786334605,0
user_0610,2021-03-21 07:34:00,16,12,11,1,0,0,5,16,5,6,5,6,1,5.197927105088773,4.278814329923746,1.162820242667026,0.6470588235294118,0.08333333333333333,0.7058823529411765,1.9030528647579286,0.8544041398195157,0
user_0611,2021-03-30 20:27:00,16,15,13,2,0,1,9,17,9,17,15,1,0,6.741218325316487,3.8475504586838616,1.553422467778386,0.7647058823529411,0.14285714285714285,0.8823529411764706,0.9116187393260748,0.7920742824123326,0
user_0612,2021-04-03 18:10:00,19,9,9,0,0,2,5,9,14,10,19,5,1,2.94820586529558,0.7620661151065666,7.863305712873692,0.45,0.0,0.45,0.10781341427052604,0.6613064269943396,0
user_0613,2021-02-22 16:08:00,20,14,10,1,0,2,16,17,16,7,13,0,0,4.01868663196197,8.500450640415082,7.381273552339985,0.47619047619047616,0.09090909090909091,0.6666666666666666,0.9436936682484236,1.8855583824662683,0
user_0614,2021-01-10 13:48:00,22,9,8,2,3,1,12,19,12,12,19,6,1,2.6185830811476873,9.362870006747157,1.16887139653246,0.34782608695652173,0.2222222222222222,0.391304347826087,1.973258435151983,0.9992060083536458,0
user_0615,2021-02-10 09:06:00,20,19,4,0,4,1,5,7,9,19,8,2,0,4.945276225371087,6.386976223647725,9.482098560909787,0.19047619047619047,0.0,0.9047619047619048,0.5030973199662956,0.9179823447289268,0
user_0616,2021-01-07 19:45:00,15,15,13,3,1,0,13,16,12,19,12,3,0,2.525908374941511,0.49481672643549746,3.319044840333019,0.8125,0.21428571428571427,0.9375,0.2919065135591614,1.7111353816365884,0
user_0617,2021-03-18 22:37:00,16,15,9,2,3,0,9,16,15,14,9,3,0,0.5956674504691029,0.4492685314899192,2.371886273747476,0.5294117647058824,0.2,0.8823529411764706,1.1215135685382351,0.06836873962774659,1
user_0618,2021-03-28 09:14:00,21,13,8,0,5,1,7,6,7,6,16,6,1,7.281077471661675,4.450339712826255,7.525829264731417,0.36363636363636365,0.0,0.5909090909090909,1.1896624421085613,1.698447859109665,0
user_0619,2021-04-05 19:46:00,18,16,7,0,0,0,8,12,10,12,18,0,0,2.7248717766878316,3.424774533863265,7.940469307952663,0.3684210526315789,0.0,0.8421052631578947,1.2401879017835475,0.5362233781454975,0
user_0620,2021-04-21 17:55:00,28,17,10,0,4,1,11,16,10,8,10,2,0,4.714617865169338,7.54344346902183,5.7317560938880305,0.3448275862068966,0.0,0.5862068965517241,1.8820420986827593,0.44041659895229435,0
user_0621,2021-04-06 05:12:00,16,12,18,0,2,1,19,13,18,7,13,1,0,7.690329856134661,1.7491456558790852,5.020209346662839,1.0588235294117647,0.0,0.7058823529411765,0.057172913737667974,0.8448529013984636,1
user_0622,2021-04-18 15:46:00,21,15,10,0,2,0,15,5,13,17,5,6,1,1.224681989962303,7.103636435565969,1.4616891989539544,0.45454545454545453,0.0,0.6818181818181818,0.9508029022136057,1.4928380928865888,0
user_0623,2021-04-11 00:01:00,15,13,7,2,0,1,10,19,11,15,17,6,1,1.2324096859518074,6.4217167149425505,8.017226894484331,0.4375,0.25,0.8125,1.9010699398216984,0.6208663187224881,0
user_0624,2021-02-16 18:03:00,18,22,12,1,1,2,11,17,10,12,13,1,0,9.690880826485625,5.707444119893531,5.211694428084966,0.631578947368421,0.07692307692307693,1.1578947368421053,1.5530412930673085,1.8805820741020787,0
user_0625,2021-03-03 20:50:00,20,13,14,0,0,0,12,5,10,13,8,2,0,5.391359857817404,2.213896387153391,2.328628812479538,0.6666666666666666,0.0,0.6190476190476191,1.8363517466499812,1.8165951893692145,0
user_0626,2021-01-17 13:50:00,16,17,4,1,0,1,15,6,19,9,19,6,1,4.840920171376316,8.787342308608162,2.511062859547214,0.23529411764705882,0.2,1.0,1.595663318630745,0.34586669367405265,0
user_0627,2021-02-09 18:42:00,25,22,8,2,0,2,16,12,18,16,5,1,0,7.982103160293383,7.768054062218477,1.3359027549536575,0.3076923076923077,0.2222222222222222,0.8461538461538461,0.6887295232748365,0.8461494161794318,0
user_0628,2021-01-16 17:18:00,14,11,9,0,1,1,12,14,10,13,5,5,1,1.0267743684386665,3.2074106830592006,9.687385942287637,0.6,0.0,0.7333333333333333,1.3266687337455383,0.007090291475525978,0
user_0629,2021-01-16 13:27:00,24,18,11,1,4,0,8,18,17,8,19,5,1,6.153872107114459,4.52053430335694,4.117580315666111,0.44,0.08333333333333333,0.72,1.9637663766908005,1.6781118867147586,0
user_0630,2021-01-12 05:33:00,26,9,14,1,3,2,15,19,5,8,6,1,0,1.9221254618868922,2.341493833927286,4.3887295176982715,0.5185185185185185,0.06666666666666667,0.3333333333333333,0.4177893143399529,1.5280854266762744,0
user_0631,2021-02-16 11:30:00,16,17,13,2,1,1,10,13,18,7,6,1,0,3.6950101949655823,1.6529537804241912,7.076901948301412,0.7647058823529411,0.14285714285714285,1.0,1.2213423674759027,1.804521112298721,0
user_0632,2021-03-11 11:01:00,22,13,7,1,4,2,13,13,19,12,17,3,0,4.013158107564413,1.6097841273359126,9.499272472905671,0.30434782608695654,0.125,0.5652173913043478,1.2808756184874048,0.43338129549956084,0
user_0633,2021-02-14 00:24:00,19,7,11,3,3,1,18,18,8,7,17,6,1,8.942293125659907,0.6154085705315815,8.555870734070513,0.55,0.25,0.35,1.4884228872045806,0.8497020201226493,0
user_0634,2021-04-09 15:25:00,20,13,10,0,5,2,5,9,8,17,14,4,0,3.451546342804601,6.748623621315401,4.934543221780499,0.47619047619047616,0.0,0.6190476190476191,1.6455902472488861,0.49977519483831134,0
user_0635,2021-02-01 17:52:00,21,18,10,2,1,2,13,18,5,17,7,0,0,7.3608380929954365,2.4621500375822736,2.3327421947466394,0.45454545454545453,0.18181818181818182,0.8181818181818182,1.486128315683696,1.0762175844963242,0
user_0636,2021-01-17 07:35:00,24,14,11,2,4,0,16,10,16,10,7,6,1,2.9858310817993616,3.427595123561108,3.293708267543554,0.44,0.16666666666666666,0.56,0.14375264492272488,0.5406744761507696,0
user_0637,2021-04-17 07:22:00,21,13,14,2,1,2,19,8,8,19,7,5,1,8.02540321518917,3.3350721331572206,5.234883422340346,0.6363636363636364,0.13333333333333333,0.5909090909090909,0.5482832371717916,0.4850470323314231,0
user_0638,2021-04-14 15:10:00,22,16,9,1,4,2,5,19,9,10,17,2,0,7.401823231871742,4.856336275139576,3.8847122890267207,0.391304347826087,0.1,0.6956521739130435,1.350060447871975,1.460523311141449,0
user_0639,2021-01-15 09:58:00,24,17,10,0,0,2,9,17,10,12,16,4,0,0.9309131080504518,1.6646107718779168,1.0202824517884124,0.4,0.0,0.68,1.0381101905673094,1.973640040740617,0
user_0640,2021-04-16 23:00:00,16,11,6,2,1,3,16,10,11,17,5,4,0,7.953183442955942,3.4602828393063225,5.4054603058289965,0.35294117647058826,0.2857142857142857,0.6470588235294118,0.05951551084278672,0.597856271880447,0
user_0641,2021-04-22 00:18:00,21,21,8,0,2,1,16,9,14,5,9,3,0,1.267516133570472,7.022571059958508,6.977346790110773,0.36363636363636365,0.0,0.9545454545454546,0.4007350652427535,1.0050246211398373,0
user_0642,2021-03-16 02:32:00,18,19,9,1,2,2,19,13,13,9,14,1,0,9.870595814309217,0.17649725973607255,2.776633648679315,0.47368421052631576,0.1,1.0,1.1038440193472137,1.648699339897702,0
user_0643,2021-02-23 13:42:00,18,17,9,1,2,0,14,19,5,10,17,1,0,3.526065409900039,5.29144210783314,5.583965913006919,0.47368421052631576,0.1,0.8947368421052632,0.39471602012615237,1.6413694686662859,0
user_0644,2021-04-27 13:37:00,19,16,10,0,1,1,6,19,17,14,5,1,0,3.926497759887101,0.6808202983144784,4.002917188204281,0.5,0.0,0.8,0.14333233444797755,1.1837063667150742,1
user_0645,2021-03-09 05:27:00,14,17,15,1,4,2,8,10,18,13,14,1,0,3.2435950146395207,4.451713499041591,9.221716031977701,1.0,0.0625,1.1333333333333333,1.3329054849013948,0.4758879858469045,0
user_0646,2021-03-27 15:14:00,22,17,10,0,1,1,15,8,16,7,6,5,1,1.2770017646332432,0.6514120364614473,4.849425659929061,0.43478260869565216,0.0,0.7391304347826086,0.7419411865338765,0.3820378864564886,0
user_0647,2021-02-27 17:38:00,24,18,11,1,1,1,9,5,18,5,19,5,1,9.27799387331342,3.6889841839341333,7.6316668811305,0.44,0.08333333333333333,0.72,1.3837488106981073,1.0172202134151496,0
user_0648,2021-03-08 18:25:00,20,19,7,2,2,1,18,8,13,9,19,0,0,5.437175912285383,1.1843812493055972,2.3273701806262768,0.3333333333333333,0.25,0.9047619047619048,0.9955405050406139,0.4395770387193112,1
user_0649,2021-01-17 12:13:00,19,14,8,1,3,2,8,18,16,17,18,6,1,8.547286919884336,2.1379275895544927,2.376541085561258,0.4,0.1111111111111111,0.7,0.7146792581359951,0.4293794628778531,0
user_0650,2021-04-18 12:13:00,20,9,19,0,2,1,17,6,13,14,12,6,1,5.142349293009197,7.40004640834184,7.919706675648409,0.9047619047619048,0.0,0.42857142857142855,0.17440069247560164,0.9278993500744397,0
user_0651,2021-01-27 13:12:00,22,17,7,2,2,0,9,13,14,11,5,2,0,5.4636673981058514,4.96908278892327,1.120391027823127,0.30434782608695654,0.25,0.7391304347826086,0.43313156150262566,1.5515185349944272,0
user_0652,2021-01-09 05:50:00,17,19,9,0,1,0,19,7,10,8,18,5,1,6.720297537198362,5.838201977732286,7.1085237894697935,0.5,0.0,1.0555555555555556,0.21880218948520636,1.3052662498225749,0
user_0653,2021-03-28 13:23:00,26,13,7,1,3,0,10,14,19,6,19,6,1,3.774553766355874,5.700724887690864,6.174669261725122,0.25925925925925924,0.125,0.48148148148148145,0.8232895162634324,0.24164069114475217,0
user_0654,2021-04-01 01:57:00,9,13,7,2,2,0,14,5,14,9,18,3,0,1.7234083159293268,7.969858207004258,5.588059157324798,0.7,0.25,1.3,1.2784632273301824,0.3063979174036735,0
user_0655,2021-02-24 17:27:00,20,13,7,0,4,0,14,18,11,16,13,2,0,2.6622525736882077,9.787039747916403,2.4550198843712243,0.3333333333333333,0.0,0.6190476190476191,1.93273240661265,1.7085476689422472,0
user_0656,2021-04-05 15:13:00,22,15,8,1,2,2,18,17,13,11,5,0,0,9.033975050415371,1.1990904890807907,5.550410331710319,0.34782608695652173,0.1111111111111111,0.6521739130434783,1.4588470833378866,1.9038423598192433,0
user_0657,2021-03-31 02:29:00,24,16,10,1,2,1,14,8,8,11,14,2,0,4.957548804565885,5.604001225132526,8.104623971169287,0.4,0.09090909090909091,0.64,1.0239151839660035,0.4805140001340922,0
user_0658,2021-04-22 12:07:00,18,18,11,1,0,1,7,7,7,17,10,3,0,5.140417236375817,4.046569978138144,5.72944368486488,0.5789473684210527,0.08333333333333333,0.9473684210526315,0.07856042501684724,1.375386745566457,0
user_0659,2021-01-23 06:05:00,17,10,8,1,1,2,10,17,9,17,18,5,1,4.453186808037978,8.569818723314915,9.419719572529141,0.4444444444444444,0.1111111111111111,0.5555555555555556,0.15009249164574356,0.051305165366291705,0
user_0660,2021-02-17 04:59:00,12,10,11,1,0,1,12,13,11,17,14,2,0,9.155280137479776,5.7126531408917,1.7005865024191773,0.8461538461538461,0.08333333333333333,0.7692307692307693,0.04544956293504132,0.06577330208052312,0
user_0661,2021-04-15 20:14:00,14,8,9,2,2,1,15,18,9,5,7,3,0,3.412059434251934,3.6695699285894046,5.00586934255006,0.6,0.2,0.5333333333333333,1.1850275019780423,0.5298596274550773,0
user_0662,2021-04-04 07:29:00,18,10,4,0,2,1,19,18,11,13,13,6,1,0.14473341560698683,4.298104975433418,3.204904171056991,0.21052631578947367,0.0,0.5263157894736842,1.169087094953572,1.3187394117464755,0
user_0663,2021-03-14 10:15:00,20,13,7,0,1,0,19,8,8,10,15,6,1,7.096081069932557,2.8991790530729444,3.13905709297741,0.3333333333333333,0.0,0.6190476190476191,1.1405935930208246,1.2149992826886746,0
user_0664,2021-01-16 09:16:00,16,15,9,1,0,1,15,17,19,12,10,5,1,1.2129825078436551,6.935456028208194,1.1465082898692796,0.5294117647058824,0.1,0.8823529411764706,1.4177784621552505,0.47081622899842057,0
user_0665,2021-01-23 18:16:00,31,13,11,2,1,0,14,15,10,9,6,5,1,0.2659803871484234,0.5391903221817107,8.64592774286455,0.34375,0.16666666666666666,0.40625,1.5333379856053104,0.7095457079313652,0
user_0666,2021-04-10 07:36:00,18,13,14,1,2,1,10,8,14,18,11,5,1,2.8741011639078007,2.251957956141414,2.4004316788934412,0.7368421052631579,0.06666666666666667,0.6842105263157895,0.9195651097343682,0.18955237957287596,0
user_0667,2021-04-18 01:47:00,28,9,9,0,4,0,7,16,17,18,8,6,1,1.993874788209975,5.017888484715751,4.407102493657988,0.3103448275862069,0.0,0.3103448275862069,1.1023509985522546,0.3471391092494429,0
user_0668,2021-03-20 12:27:00,18,20,9,1,0,1,7,16,11,6,10,5,1,6.673253566077166,7.458999850091633,6.966520744688313,0.47368421052631576,0.1,1.0526315789473684,0.7063452476065879,0.1031808160457961,0
user_0669,2021-03-31 20:39:00,18,8,8,2,2,0,16,7,18,12,10,2,0,7.72786590950712,4.22954967198654,8.39765174004376,0.42105263157894735,0.2222222222222222,0.42105263157894735,1.8222371943803695,0.9357233650340644,0
user_0670,2021-01-18 01:38:00,21,10,9,2,2,1,13,12,16,6,12,0,0,7.008073446265274,1.3565457793068725,8.177086260152318,0.4090909090909091,0.2,0.45454545454545453,1.9057837785653973,1.8651610688482034,1
user_0671,2021-04-12 06:12:00,23,10,13,2,0,0,7,16,17,7,14,0,0,7.6668882891187025,1.4244203661179178,8.026289984837796,0.5416666666666666,0.14285714285714285,0.4166666666666667,1.8057959036745401,1.9214765847511637,0
user_0672,2021-02-08 12:52:00,22,17,16,0,3,0,5,10,16,8,10,0,0,9.207808624271237,0.5694073449882442,1.1432806262606077,0.6956521739130435,0.0,0.7391304347826086,0.3673713009724897,0.4305454222173557,0
user_0673,2021-02-28 08:14:00,23,13,7,2,0,1,8,17,17,10,11,6,1,6.666924613857256,5.721608572436095,5.898189099788491,0.2916666666666667,0.25,0.5416666666666666,1.0469952551464394,1.0636204819732646,0
user_0674,2021-03-28 22:13:00,26,20,8,0,4,0,5,5,15,15,13,6,1,3.358979875910466,1.9274471233553636,3.753226014571462,0.2962962962962963,0.0,0.7407407407407407,0.004909884770540218,0.8085537924056978,0
user_0675,2021-01-05 04:48:00,17,16,13,0,2,1,11,5,5,17,6,1,0,6.820985745193183,3.8139218152983356,8.672417103043244,0.7222222222222222,0.0,0.8888888888888888,1.5610510032261806,1.1319824788203925,0
user_0676,2021-03-09 06:08:00,14,13,8,0,2,3,9,8,9,6,17,1,0,6.285446406212615,0.7684003391847938,6.6450823131805326,0.5333333333333333,0.0,0.8666666666666667,0.7334164492664075,0.19109368227985035,0
user_0677,2021-02-09 17:18:00,16,22,12,1,2,1,7,15,11,9,11,1,0,8.5019008822405,8.940608464076455,2.0950811195650214,0.7058823529411765,0.07692307692307693,1.2941176470588236,1.275236528573293,1.135783575897977,0
user_0678,2021-02-11 05:50:00,27,12,9,2,1,0,9,16,9,19,17,3,0,6.752883472648641,7.808427839518307,7.581407272135802,0.32142857142857145,0.2,0.42857142857142855,1.5916445553309861,0.6061931587386828,0
user_0679,2021-04-11 18:47:00,27,6,9,0,4,1,17,6,17,13,10,6,1,4.536635854873471,1.4737473304754145,7.836626282336653,0.32142857142857145,0.0,0.21428571428571427,1.637729554946825,1.8391437905349202,0
user_0680,2021-04-08 10:13:00,14,19,7,1,0,0,10,16,15,19,5,3,0,7.607842760064349,0.7477826839627411,8.745427688054146,0.4666666666666667,0.125,1.2666666666666666,1.185866619194289,1.383050375049234,0
user_0681,2021-01-01 06:30:00,24,13,3,1,1,0,6,12,17,13,16,4,0,4.789360252430307,1.2122455338094684,5.394404225499885,0.12,0.25,0.52,0.1910909302636019,1.81458084377931,0
user_0682,2021-04-26 07:29:00,19,18,14,1,3,1,12,19,18,17,17,0,0,2.469950560430899,3.566365572214986,7.994921559731409,0.7,0.06666666666666667,0.9,1.2606861475822049,1.5690072732542049,1
user_0683,2021-02-21 03:31:00,20,14,11,0,1,0,12,16,8,11,8,6,1,5.029309080874906,1.6752585440072087,1.6453247269439584,0.5238095238095238,0.0,0.6666666666666666,1.9343730128708665,0.1265985691804008,0
user_0684,2021-04-23 20:31:00,34,12,16,0,2,1,9,17,12,10,19,4,0,7.484651415523417,7.002701264653845,8.97346003000616,0.45714285714285713,0.0,0.34285714285714286,1.8359293284831415,1.5829939210127986,0
user_0685,2021-04-03 02:49:00,23,17,7,2,3,1,8,19,16,5,5,5,1,0.749419545570037,6.313477882345898,9.814079428967494,0.2916666666666667,0.25,0.7083333333333334,1.4569107442795792,1.800246828514144,0
user_0686,2021-01-18 17:34:00,21,21,7,0,0,1,11,13,16,11,11,0,0,5.507244948011365,4.598385538788818,2.4891532521743995,0.3181818181818182,0.0,0.9545454545454546,0.9843618762391708,0.8096577532415683,0
user_0687,2021-02-20 09:31:00,21,17,8,2,4,1,16,19,6,5,15,5,1,0.33868159037386936,2.135672319374181,7.6002064891783805,0.36363636363636365,0.2222222222222222,0.7727272727272727,1.6254043273804728,1.967518195071611,0
user_0688,2021-03-12 11:39:00,18,12,10,1,1,4,6,6,15,6,11,4,0,1.9908469809968454,2.4923405632906315,9.765294842134413,0.5263157894736842,0.09090909090909091,0.631578947368421,1.9681962632795615,0.18343468756590964,0
user_0689,2021-03-20 20:36:00,14,11,10,0,2,0,18,17,14,11,12,5,1,2.3120572455949997,9.093644564158229,2.260363905710134,0.6666666666666666,0.0,0.7333333333333333,0.7621904763655165,0.49908645154578246,0
user_0690,2021-01-19 04:10:00,25,18,16,1,3,1,5,18,7,15,8,1,0,5.762311781870611,2.9676232071608633,5.568115466890343,0.6153846153846154,0.058823529411764705,0.6923076923076923,1.5441178189766678,1.2918214915394324,0
user_0691,2021-01-09 22:40:00,21,17,9,0,2,1,18,16,16,5,12,5,1,3.690491171549115,1.9437715608503814,5.761073223376862,0.4090909090909091,0.0,0.7727272727272727,0.22909709865495786,1.4967845858862967,0
user_0692,2021-04-23 12:48:00,12,19,8,1,0,0,10,17,5,14,12,4,0,4.277302524398263,2.8920596868841053,8.938233589747995,0.6153846153846154,0.1111111111111111,1.4615384615384615,1.328329758650885,0.8212268407111598,0
user_0693,2021-01-10 22:06:00,18,20,11,2,1,2,17,15,11,19,9,6,1,7.202669120630135,6.908616334048807,1.2330233344296782,0.5789473684210527,0.16666666666666666,1.0526315789473684,0.6305009392738936,1.3582291861815943,0
user_0694,2021-02-01 14:46:00,18,15,11,2,2,2,14,7,11,16,18,0,0,9.38798414149735,9.028965030365928,6.8581343359541735,0.5789473684210527,0.16666666666666666,0.7894736842105263,1.5572009506452127,1.338345421714093,0
user_0695,2021-02-26 12:55:00,17,19,13,2,0,1,9,14,17,14,12,4,0,7.295768334673395,8.582968462721729,9.489087540801563,0.7222222222222222,0.14285714285714285,1.0555555555555556,0.19030646822960517,0.20703468074817444,0
user_0696,2021-01-02 08:48:00,22,17,6,1,3,2,10,9,10,12,19,5,1,1.359279643721213,6.276384158535788,5.480650120903379,0.2608695652173913,0.14285714285714285,0.7391304347826086,0.4147522427555861,0.751184209856006,0
user_0697,2021-04-24 07:25:00,14,18,12,1,1,0,5,11,16,11,19,5,1,9.944205122519005,0.37241168603084907,6.888029289089333,0.8,0.07692307692307693,1.2,0.5987322670369044,1.7757882968343972,1
user_0698,2021-02-10 03:08:00,16,19,13,2,0,3,14,5,9,9,16,2,0,8.724143378210155,8.139940910229042,5.934359643555299,0.7647058823529411,0.14285714285714285,1.1176470588235294,0.33803302627805154,1.4231299434421114,0
user_0699,2021-04-29 00:26:00,28,14,4,2,3,1,8,6,11,13,13,3,0,8.005417461366784,7.5451537594352835,9.693296022122144,0.13793103448275862,0.4,0.4827586206896552,0.19942853978798358,0.15263476558320477,0
user_0700,2021-04-27 14:09:00,22,20,10,0,5,2,8,9,6,13,13,1,0,0.2406676863892876,1.9618326877337733,9.245425790089527,0.43478260869565216,0.0,0.8695652173913043,0.19300171605477967,0.11117003324692587,0
user_0701,2021-03-24 11:36:00,18,29,9,2,0,1,15,14,5,7,16,2,0,8.98989900835696,8.967540085287348,5.944743512090496,0.47368421052631576,0.2,1.5263157894736843,1.0152647795085412,0.5590644532885711,0
user_0702,2021-02-06 08:15:00,26,17,20,1,4,4,13,12,14,13,11,5,1,8.246930862389627,6.136360272096785,5.985481765164899,0.7407407407407407,0.047619047619047616,0.6296296296296297,1.09195701456726,1.2643170723679475,0
user_0703,2021-01-16 23:59:00,18,17,13,2,2,1,13,9,19,14,11,5,1,4.287906698813448,6.790616978248748,5.15258766667224,0.6842105263157895,0.14285714285714285,0.8947368421052632,0.9307507324095194,1.7158887310753792,0
user_0704,2021-02-09 14:44:00,27,15,10,1,1,0,17,5,6,19,9,1,0,5.587599446424188,4.275487269827941,6.623237411870905,0.35714285714285715,0.09090909090909091,0.5357142857142857,1.7982241400489565,0.03726894475396314,0
user_0705,2021-03-21 23:46:00,19,15,9,0,2,2,19,14,12,12,14,6,1,2.235336575711997,9.857514516544253,9.801410976351288,0.45,0.0,0.75,0.699596805470279,1.4612789127937533,1
user_0706,2021-04-09 08:44:00,17,15,14,2,2,0,8,8,9,18,6,4,0,6.400127513926398,8.74238955173367,8.431341853919708,0.7777777777777778,0.13333333333333333,0.8333333333333334,0.31083691718963347,1.9967522516623226,0
user_0707,2021-01-18 15:03:00,19,15,10,1,2,2,17,7,16,5,15,0,0,9.368376483259443,3.577833332166974,1.2434192769586803,0.5,0.09090909090909091,0.75,0.9989127532642765,1.4408750816060285,0
user_0708,2021-04-28 08:29:00,20,18,7,3,2,0,5,17,12,6,12,2,0,5.9119935444399925,7.6522210322016075,2.1562770107733407,0.3333333333333333,0.375,0.8571428571428571,1.4195112115865989,1.3410616328943268,0
user_0709,2021-01-28 19:50:00,15,13,12,2,3,1,14,10,11,18,17,3,0,5.135406806069172,0.7643640941074514,5.334433398438085,0.75,0.15384615384615385,0.8125,1.4956757655753692,0.7886435029741998,1
user_0710,2021-02-10 15:40:00,10,9,11,0,2,1,6,10,8,14,19,2,0,3.993111156630559,4.036440527292612,8.871950322429285,1.0,0.0,0.8181818181818182,0.5227366279090246,0.26866088797963994,0
user_0711,2021-03-04 00:35:00,15,10,15,0,2,1,5,13,17,5,16,3,0,4.09951872892353,9.70838577575536,1.696665651552054,0.9375,0.0,0.625,1.8527958299819036,0.4052108857150034,0
user_0712,2021-02-14 17:27:00,19,19,8,0,1,2,6,12,14,12,7,6,1,1.5659171409632944,2.455162100652913,5.544553523586281,0.4,0.0,0.95,1.617495653970744,1.5936247924679587,0
user_0713,2021-01-10 10:02:00,15,19,5,1,2,0,18,14,7,16,19,6,1,9.279782424794057,0.4728012680150928,3.7460375466483544,0.3125,0.16666666666666666,1.1875,1.9518469648492776,0.06397507200950292,0
user_0714,2021-04-29 04:50:00,27,18,11,0,0,1,17,9,10,9,9,3,0,7.937500922404603,3.058864946379983,1.681264026901449,0.39285714285714285,0.0,0.6428571428571429,0.9622895362644597,1.494681526579623,0
user_0715,2021-02-20 05:08:00,28,15,10,2,2,3,6,7,8,8,11,5,1,2.455480345511133,8.685403036302304,7.855153762425942,0.3448275862068966,0.18181818181818182,0.5172413793103449,1.4365503806195072,0.5102934413373021,0
user_0716,2021-01-28 11:47:00,18,9,12,0,3,0,16,7,17,16,12,3,0,7.021140724944361,8.680154883140965,2.093093602328917,0.631578947368421,0.0,0.47368421052631576,0.8215571739852403,0.9996531880069139,0
user_0717,2021-03-13 00:50:00,13,17,11,0,1,1,11,17,17,6,8,5,1,6.549533628959971,0.7963964751595942,4.579103012990283,0.7857142857142857,0.0,1.2142857142857142,1.8450047468809965,1.4613696075357474,0
user_0718,2021-01-10 10:26:00,15,12,10,0,2,0,15,19,12,19,15,6,1,4.038441804959172,4.5485899301688795,5.276046599209611,0.625,0.0,0.75,1.8712504347821866,0.43859148613486343,0
user_0719,2021-03-13 14:47:00,15,24,8,2,2,0,16,12,17,5,13,5,1,4.452248487343634,4.960502356767171,8.34139538686199,0.5,0.2222222222222222,1.5,1.549887556445331,1.677076125804508,0
user_0720,2021-02-15 00:50:00,15,13,15,0,1,1,19,10,15,15,10,0,0,2.4691374895350626,7.6764368015671804,6.904999558459421,0.9375,0.0,0.8125,1.71547121627942,1.419558248901284,0
user_0721,2021-03-07 07:52:00,25,20,10,2,4,2,11,18,9,12,16,6,1,0.8082589737289014,5.6955246748146635,4.42676821926311,0.38461538461538464,0.18181818181818182,0.7692307692307693,1.4801725361752203,1.095103876626822,0
user_0722,2021-02-02 19:14:00,28,13,9,0,4,1,15,16,8,11,8,1,0,2.549261253390409,0.6285107277170754,9.076324019722364,0.3103448275862069,0.0,0.4482758620689655,1.26296947920859,1.1904758914194493,0
user_0723,2021-04-08 02:43:00,21,7,9,0,3,3,8,8,15,17,14,3,0,8.188423588159381,0.8730331600044383,9.576458829040497,0.4090909090909091,0.0,0.3181818181818182,1.4946245185459615,1.4249350511822823,0
user_0724,2021-03-18 11:20:00,22,16,7,0,4,1,15,8,5,15,16,3,0,8.69297229772431,8.700341280220869,6.388446835857289,0.30434782608695654,0.0,0.6956521739130435,0.5753312783632758,0.6696579244875498,0
user_0725,2021-04-18 14:02:00,14,18,6,2,0,0,11,16,12,7,13,6,1,6.97243697703526,2.9394038553246435,8.186054910675423,0.4,0.2857142857142857,1.2,0.9640643340062467,0.5721758247155024,0
user_0726,2021-03-27 02:17:00,30,16,17,2,5,0,19,17,14,7,9,5,1,0.9791511875110925,7.6723876432038445,9.489302862068094,0.5483870967741935,0.1111111111111111,0.5161290322580645,0.685850694318358,0.9791637105563435,1
user_0727,2021-01-28 08:59:00,14,14,14,3,0,3,8,19,9,9,7,3,0,9.84154627269274,7.059777175021374,8.565661690350339,0.9333333333333333,0.2,0.9333333333333333,0.19483120818841937,0.16984222948868544,0
user_0728,2021-03-22 22:45:00,17,11,11,0,1,0,5,8,18,10,7,0,0,9.749357112307878,5.22979593364273,2.7354374946323547,0.6111111111111112,0.0,0.6111111111111112,0.38892177216250157,1.0089686006433412,0
user_0729,2021-02-23 05:02:00,17,13,9,2,2,1,6,8,14,19,16,1,0,4.681672007986294,1.362028926998906,3.999605491544382,0.5,0.2,0.7222222222222222,0.9956986652474591,1.2562782763790712,0
user_0730,2021-01-14 19:30:00,20,18,15,0,2,1,9,18,18,17,8,3,0,9.819931169653149,7.009121998741959,2.8465917521522033,0.7142857142857143,0.0,0.8571428571428571,0.37391376806935805,0.9745468654558489,0
user_0731,2021-02-10 05:04:00,17,13,7,0,0,0,14,14,13,6,15,2,0,7.853040980026607,2.893133152467348,7.285162228771354,0.3888888888888889,0.0,0.7222222222222222,1.353872545784095,0.28366574999610683,1
user_0732,2021-02-07 17:49:00,26,13,1,3,6,0,9,11,17,6,19,6,1,6.913780948536338,1.148165892071883,3.156900058838116,0.037037037037037035,1.5,0.48148148148148145,0.7680783998614147,1.4825763395082068,0
user_0733,2021-02-08 01:13:00,30,20,7,0,4,0,12,15,9,17,5,0,0,6.790598057417,9.140235301973714,5.136590974259861,0.22580645161290322,0.0,0.6451612903225806,1.1429856722229204,1.9671768249065116,0
user_0734,2021-02-03 00:41:00,18,13,11,0,3,1,8,9,10,7,18,2,0,4.290255495665971,6.350336675840208,7.559664974512301,0.5789473684210527,0.0,0.6842105263157895,0.27740251376329583,0.17797606311890535,1
user_0735,2021-04-25 11:34:00,13,22,10,0,3,1,6,6,16,12,18,6,1,1.9791183537489687,7.293333106866999,2.542595139185371,0.7142857142857143,0.0,1.5714285714285714,1.1981465094863717,0.07571019848709781,0
user_0736,2021-04-11 07:10:00,28,15,8,1,3,1,17,5,13,12,13,6,1,5.615179922792683,0.3719802581223097,4.579941924211923,0.27586206896551724,0.1111111111111111,0.5172413793103449,1.1903328563287634,1.5660867483127925,1
user_0737,2021-01-04 15:24:00,20,17,5,3,3,2,13,17,14,17,13,0,0,4.805942290170279,0.6515790178328806,6.746732601906816,0.23809523809523808,0.5,0.8095238095238095,0.5366721930305411,1.1790565200362133,0
user_0738,2021-02-28 15:52:00,16,13,11,0,1,1,6,8,14,17,14,6,1,4.669569082734818,1.9599750655415948,9.263287818463738,0.6470588235294118,0.0,0.7647058823529411,0.3318617554686334,1.3505424285125087,0
user_0739,2021-04-17 00:05:00,20,18,5,2,2,0,5,8,13,6,15,5,1,7.597688407395367,9.608569435240051,5.569736773142188,0.23809523809523808,0.3333333333333333,0.8571428571428571,1.3973278535502711,1.5236311017656468,0
user_0740,2021-02-01 04:16:00,24,17,9,0,2,1,14,8,8,17,9,0,0,4.47795505746487,2.4171825413590486,1.8424905655996968,0.36,0.0,0.68,0.3298154990191444,1.865523114923237,0
user_0741,2021-02-10 04:04:00,29,17,12,1,2,3,15,7,16,7,5,2,0,0.08717383599397,1.5120303125519863,8.972391184973969,0.4,0.07692307692307693,0.5666666666666667,1.1876473069145117,0.1560564303367089,0
user_0742,2021-01-29 11:13:00,20,16,16,0,2,0,18,8,17,10,8,4,0,8.317991172196704,0.644971183066898,7.268327200542905,0.7619047619047619,0.0,0.7619047619047619,1.0336914949617526,1.3953332576436515,0
user_0743,2021-03-28 06:56:00,11,12,9,2,0,1,7,15,8,15,10,6,1,5.224994581057353,0.2992925249894729,6.906659021330445,0.75,0.2,1.0,0.5139270999478955,0.516330746518032,0
user_0744,2021-04-10 17:27:00,22,16,12,3,2,0,15,6,17,13,6,5,1,7.204515301789858,9.349376383851283,7.799801134268865,0.5217391304347826,0.23076923076923078,0.6956521739130435,0.36932241126736853,1.7232268520954281,0
user_0745,2021-02-19 13:02:00,17,14,9,2,1,2,10,17,15,13,19,4,0,0.9183850848534314,3.2375598316811383,4.160625331488564,0.5,0.2,0.7777777777777778,1.968716131225017,0.4641100591658025,1
user_0746,2021-01-11 21:06:00,25,16,8,1,1,1,11,13,17,19,9,0,0,8.608227015336329,3.6613145562792706,9.100403180031368,0.3076923076923077,0.1111111111111111,0.6153846153846154,1.6220596339238342,0.21158306176822217,0
user_0747,2021-03-22 03:41:00,20,13,12,2,3,1,10,16,18,13,14,0,0,1.1925247688300677,1.704287439285329,4.3624232362499855,0.5714285714285714,0.15384615384615385,0.6190476190476191,0.8772135125947933,0.3996151581770724,1
user_0748,2021-02-18 01:46:00,17,11,13,1,1,2,9,12,16,11,16,3,0,8.617534723558045,4.577432235648796,8.018305829965847,0.7222222222222222,0.07142857142857142,0.6111111111111112,0.22952487397402654,1.3121765475366636,0
user_0749,2021-04-11 16:41:00,23,18,6,1,2,1,14,17,6,13,12,6,1,0.18106169698702157,2.322456926893106,4.0614086601469594,0.25,0.14285714285714285,0.75,0.08014453424063994,1.5788447956562885,0
user_0750,2021-01-16 10:21:00,25,15,11,2,5,0,11,15,9,15,11,5,1,9.38556979875228,7.107915184798498,4.060202075029925,0.4230769230769231,0.16666666666666666,0.5769230769230769,0.5182726045758306,1.8445054606373585,0
user_0751,2021-01-01 07:47:00,23,19,7,0,4,0,17,16,8,11,14,4,0,4.862700744655111,6.20875393243427,9.795668340118322,0.2916666666666667,0.0,0.7916666666666666,0.33789058183713916,1.7016356297149513,0
user_0752,2021-04-18 15:36:00,18,18,11,2,4,1,15,15,16,19,16,6,1,3.5558546546637437,0.2942735240263772,2.256083540528329,0.5789473684210527,0.16666666666666666,0.9473684210526315,1.6470194004913765,0.6971313107437345,1
user_0753,2021-01-22 15:20:00,17,23,7,1,2,1,11,16,6,11,14,4,0,7.111643062952382,5.905708440864517,9.884867515384746,0.3888888888888889,0.125,1.2777777777777777,0.7868614938601157,1.5394613974940237,0
user_0754,2021-01-11 04:27:00,19,16,12,0,1,0,8,14,15,16,10,0,0,9.788985073576411,2.632855185455829,4.953421474497121,0.6,0.0,0.8,0.2221028110484926,1.6802324026936006,1
user_0755,2021-02-08 04:54:00,21,14,12,1,2,0,6,9,11,10,10,0,0,3.544118947872273,7.111829808001202,3.6286979730896465,0.5454545454545454,0.07692307692307693,0.6363636363636364,1.0976434253214096,0.2619099491902688,0
user_0756,2021-02-24 14:01:00,22,17,6,1,0,0,10,13,18,16,6,2,0,9.53555159033842,3.7569902639092145,3.6675136706835736,0.2608695652173913,0.14285714285714285,0.7391304347826086,0.374928436956647,1.048060081703582,1
user_0757,2021-02-22 18:37:00,17,13,11,1,1,0,10,17,11,16,18,0,0,3.934511833012966,2.478459891353646,8.077670508660333,0.6111111111111112,0.08333333333333333,0.7222222222222222,1.2624930799589034,0.7959043558130958,0
user_0758,2021-01-28 01:25:00,19,11,8,0,1,0,18,5,19,10,10,3,0,9.310522820726728,1.2829139380506982,7.429323067389471,0.4,0.0,0.55,0.11739531220239519,0.9530106481189515,0
user_0759,2021-04-02 16:56:00,21,11,9,1,3,0,7,16,14,15,7,4,0,2.1533110220636953,5.893556709343592,3.479295628510146,0.4090909090909091,0.1,0.5,1.8483529869583375,1.4001127593114069,0
user_0760,2021-02-07 07:45:00,15,18,6,1,1,0,12,16,19,16,15,6,1,1.8990221519036043,6.273211411712573,5.027031588471963,0.375,0.14285714285714285,1.125,0.782456788338648,0.3179069839934341,0
user_0761,2021-02-22 16:18:00,21,21,8,0,3,0,16,11,5,15,15,0,0,8.248992183293694,1.4972029704791034,5.02087528921041,0.36363636363636365,0.0,0.9545454545454546,1.7136588226498919,1.9803791420310661,0
user_0762,2021-03-07 02:29:00,16,16,10,0,0,0,9,7,5,6,6,6,1,5.720645114635729,1.087843772039384,2.901341030518078,0.5882352941176471,0.0,0.9411764705882353,1.7037839216781479,1.5383035330415245,0
user_0763,2021-02-16 15:42:00,21,17,15,0,1,2,14,19,18,12,9,1,0,3.3384501062099616,8.370254314391994,3.3539066828337707,0.6818181818181818,0.0,0.7727272727272727,1.893926133565857,1.7510448222463675,0
user_0764,2021-03-12 16:21:00,19,17,11,0,2,4,18,11,6,6,7,4,0,8.730239988585053,4.554541522391585,3.244739098981119,0.55,0.0,0.85,1.9293222770912923,1.0853197617453234,1
user_0765,2021-02-05 14:10:00,17,14,9,1,0,0,11,9,13,13,8,4,0,2.324209429457137,4.395584323793319,8.687285824878858,0.5,0.1,0.7777777777777778,1.0498153219525146,0.41147256873324345,0
user_0766,2021-03-15 18:45:00,16,11,12,2,0,0,14,6,11,14,7,0,0,8.425521671071397,1.0617669768901838,2.8629615507043162,0.7058823529411765,0.15384615384615385,0.6470588235294118,1.9805511454164437,1.3593094810846091,0
user_0767,2021-01-13 12:27:00,20,11,4,0,2,0,19,17,8,7,15,2,0,6.290907984910979,2.6147146439208813,8.83616895424067,0.19047619047619047,0.0,0.5238095238095238,0.7134512832984947,0.32777150042487313,1
user_0768,2021-02-01 21:29:00,28,18,14,0,2,1,10,6,9,19,19,0,0,8.333435013020022,5.369410812984212,1.4549880316044665,0.4827586206896552,0.0,0.6206896551724138,1.313355471743458,0.8490200058089206,0
user_0769,2021-04-01 17:01:00,22,8,12,1,1,2,9,6,10,12,15,3,0,2.7539542098959826,2.6282405162404467,8.73444183383023,0.5217391304347826,0.07692307692307693,0.34782608695652173,0.3901747140803664,0.48130526788889716,1
user_0770,2021-03-28 16:49:00,27,20,1,0,5,0,17,5,11,16,8,6,1,4.665161077869167,1.466105731746511,8.334070668857686,0.03571428571428571,0.0,0.7142857142857143,0.25827282289155207,1.6710417526995565,0
user_0771,2021-03-14 12:25:00,22,21,9,2,1,2,6,14,14,19,18,6,1,2.6576223789192746,1.4296230614852523,7.132925907376712,0.391304347826087,0.2,0.9130434782608695,0.6437035802342599,1.0904466784727,1
user_0772,2021-01-26 04:27:00,14,18,11,1,0,1,8,19,17,5,7,1,0,3.0901486217759864,6.573574703942708,5.375781619749087,0.7333333333333333,0.08333333333333333,1.2,1.7556622830989428,0.48764432500112354,0
user_0773,2021-04-05 19:55:00,26,17,6,2,1,0,6,9,10,10,17,0,0,6.114419744246855,3.5929128252638654,1.9290871009513095,0.2222222222222222,0.2857142857142857,0.6296296296296297,1.6463424839830725,1.044107362504535,0
user_0774,2021-03-20 15:11:00,27,16,13,2,3,0,7,7,8,6,18,5,1,6.151661277488854,0.26453304228579944,9.371727468536232,0.4642857142857143,0.14285714285714285,0.5714285714285714,1.3557430436499385,1.4010167938876663,0
user_0775,2021-03-19 04:25:00,21,10,12,1,0,0,19,5,16,13,11,4,0,6.141066275210958,3.3916286803643225,4.025816480672134,0.5454545454545454,0.07692307692307693,0.45454545454545453,1.351020149361085,0.8160913008434316,0
user_0776,2021-04-03 20:12:00,16,18,7,2,2,2,7,5,11,6,10,5,1,8.111322539300074,3.443865356510419,4.2979670284070215,0.4117647058823529,0.25,1.0588235294117647,0.9008928548927164,0.7713273199755175,0
user_0777,2021-03-07 15:52:00,17,5,15,2,2,2,10,8,19,15,13,6,1,4.506515621684802,5.350985060898422,3.1595612537381075,0.8333333333333334,0.125,0.2777777777777778,0.5846008413727413,0.7847019062053011,0
user_0778,2021-02-19 07:09:00,17,10,8,0,3,1,13,11,5,19,18,4,0,2.5034950471826134,8.809458641177484,7.583424689944664,0.4444444444444444,0.0,0.5555555555555556,1.1836004504765798,0.8809456694561897,0
user_0779,2021-02-05 23:21:00,24,10,8,0,2,0,18,5,5,19,6,4,0,3.1943858901806044,8.40948886221346,7.110563720641232,0.32,0.0,0.4,1.8592499380575451,0.9645376838435806,0
user_0780,2021-02-22 04:24:00,29,18,7,0,3,0,6,17,7,12,5,0,0,2.0503022447316708,7.476276370322306,7.531812053502095,0.23333333333333334,0.0,0.6,0.49751706045786714,0.0956374505480142,0
user_0781,2021-04-24 18:49:00,13,15,10,2,0,2,11,10,10,9,16,5,1,3.5918739697148605,4.918282698607608,7.925766031291463,0.7142857142857143,0.18181818181818182,1.0714285714285714,1.8563366482384496,1.3128857749035945,0
user_0782,2021-03-17 19:07:00,14,12,8,0,1,0,12,16,15,8,8,2,0,8.781922000702986,9.523868761850006,7.188484852595591,0.5333333333333333,0.0,0.8,0.39431124575486276,1.315941608343092,0
user_0783,2021-03-15 21:01:00,19,14,7,0,3,1,8,12,17,15,13,0,0,0.3287904474051584,2.470141523926622,2.704481894739929,0.35,0.0,0.7,0.737845955864761,1.356428291453605,0
user_0784,2021-01-28 02:44:00,20,16,10,1,2,0,9,14,16,7,12,3,0,5.30355152195288,1.9134847690189816,9.421397812786841,0.47619047619047616,0.09090909090909091,0.7619047619047619,1.7170345184728761,0.5992171682188638,0
user_0785,2021-03-11 15:07:00,15,12,4,1,2,0,11,12,11,5,19,3,0,2.3837228406527187,0.30542295130169483,9.071883642059726,0.25,0.2,0.75,0.8941120463531398,1.0754707263148178,0
user_0786,2021-02-07 08:02:00,25,6,12,3,5,2,18,11,8,10,16,6,1,2.088015561604124,2.792130425600189,3.2486298173292236,0.46153846153846156,0.23076923076923078,0.23076923076923078,1.7484887135755036,0.5775164211759996,0
user_0787,2021-04-05 02:21:00,24,17,11,2,5,1,6,5,14,14,17,0,0,7.891322981683438,3.122591711272944,9.831458516634424,0.44,0.16666666666666666,0.68,0.6391764072729862,1.4358201364212273,0
user_0788,2021-02-19 00:23:00,22,16,12,2,0,2,11,17,16,8,12,4,0,1.2962950308679122,5.265288146925325,6.381337832220922,0.5217391304347826,0.15384615384615385,0.6956521739130435,0.31377924062850915,1.4793692197673751,0
user_0789,2021-04-17 11:33:00,15,18,11,0,1,1,18,18,17,18,11,5,1,7.792732512475553,5.303073091807087,5.025222446290261,0.6875,0.0,1.125,0.5968734917776803,0.19008820281817007,0
user_0790,2021-04-20 11:20:00,24,21,9,0,1,1,10,7,18,16,11,1,0,8.490385062788867,7.946683924736152,1.26145897702092,0.36,0.0,0.84,1.6032876198858033,1.0281369601853654,0
user_0791,2021-02-26 16:53:00,17,15,9,2,2,0,16,18,15,9,14,4,0,2.842837155247481,7.941207339347799,7.984555338941941,0.5,0.2,0.8333333333333334,0.7367713959576749,1.4984324707644436,0
user_0792,2021-02-23 05:36:00,20,15,10,1,5,1,7,8,16,13,9,1,0,4.458294325507902,0.21089388705082368,5.102828136405327,0.47619047619047616,0.09090909090909091,0.7142857142857143,0.7390900235502704,1.5621649336940653,0
user_0793,2021-03-18 02:55:00,23,10,12,1,1,1,14,10,19,8,5,3,0,9.17488226577987,9.75379262962819,9.504179737843442,0.5,0.07692307692307693,0.4166666666666667,1.0229755312851587,1.9148811717296819,0
user_0794,2021-03-04 01:44:00,18,11,10,0,2,1,16,12,16,11,5,3,0,3.659791390220807,3.410545032574226,4.417248728934206,0.5263157894736842,0.0,0.5789473684210527,0.04689261721743887,0.1454995022746186,0
user_0795,2021-04-26 06:58:00,23,13,10,1,4,2,8,8,15,10,19,0,0,1.2772351011118865,3.1023371387878553,7.615059367432077,0.4166666666666667,0.09090909090909091,0.5416666666666666,0.0422856794952966,0.9684586702158957,0
user_0796,2021-01-14 14:14:00,15,13,12,2,1,1,15,5,19,19,12,3,0,7.146045327791666,4.498853261261315,5.885588386520288,0.75,0.15384615384615385,0.8125,1.3513691358750195,1.978535336235634,0
user_0797,2021-04-14 18:20:00,21,8,10,1,4,1,16,19,15,13,14,2,0,8.76700668577431,1.184156480921985,2.2668407363629917,0.45454545454545453,0.09090909090909091,0.36363636363636365,1.7896536308296436,1.9164358149271734,0
user_0798,2021-04-03 00:30:00,16,8,11,0,2,1,7,5,15,8,8,5,1,6.844058724905093,9.462905266125187,3.753478071529079,0.6470588235294118,0.0,0.47058823529411764,0.9099011565858746,1.106653677729782,0
user_0799,2021-01-31 14:04:00,16,14,15,1,3,3,10,11,5,12,16,6,1,2.50588045516965,1.3879189458980934,4.113927101164652,0.8823529411764706,0.0625,0.8235294117647058,0.5503500202162501,0.36539946726732464,0
user_0800,2021-02-03 13:25:00,23,10,9,0,3,0,13,13,14,18,18,2,0,7.701249720388147,3.953974177360089,2.614115060169522,0.375,0.0,0.4166666666666667,0.8387595773874752,0.2503231006860429,0
user_0801,2021-02-22 15:40:00,16,19,15,0,1,0,9,18,6,19,13,0,0,6.017172434367284,8.71594841263629,9.440109409945666,0.8823529411764706,0.0,1.1176470588235294,1.8944813502834976,0.4601364481093868,0
user_0802,2021-01-24 02:56:00,22,13,9,1,0,0,14,5,19,12,11,6,1,2.653846789508366,2.7398244828378604,7.17911345668152,0.391304347826087,0.1,0.5652173913043478,1.578527560546682,1.794129815895337,1
user_0803,2021-01-20 19:35:00,17,18,13,1,1,0,11,10,11,5,16,2,0,0.7811406502719742,4.961778940180271,5.84335122596818,0.7222222222222222,0.07142857142857142,1.0,1.7597919523193761,1.277660304870032,0
user_0804,2021-02-25 13:16:00,17,11,11,0,4,0,16,15,18,19,16,3,0,3.3504693583498177,3.2074579726318797,2.2356837522255137,0.6111111111111112,0.0,0.6111111111111112,0.15300917716597762,1.733236560796368,0
user_0805,2021-02-11 09:31:00,19,14,12,0,1,1,12,10,14,10,18,3,0,3.4177891831527853,8.40615199015708,6.210353904675667,0.6,0.0,0.7,1.7309891075366994,1.0235349862847205,0
user_0806,2021-03-09 04:10:00,26,14,11,1,2,1,16,10,7,12,10,1,0,2.0783943092665402,7.251141977547761,8.324077950173335,0.4074074074074074,0.08333333333333333,0.5185185185185185,1.1913077876487763,1.6982124314182805,0
user_0807,2021-04-19 17:27:00,27,14,10,1,3,2,15,18,18,15,19,0,0,9.899864939164049,3.730030016896868,8.581719542869596,0.35714285714285715,0.09090909090909091,0.5,1.2650854626653438,0.718145616207317,0
user_0808,2021-03-27 10:45:00,23,12,13,0,3,1,7,12,5,5,13,5,1,7.0297093251107015,9.522603200641672,8.614646915124887,0.5416666666666666,0.0,0.5,1.2708236348453836,0.07963550521779172,0
user_0809,2021-04-18 00:41:00,17,8,9,1,1,2,10,9,8,7,9,6,1,7.424244057320419,3.4033985884598095,2.7373151298524636,0.5,0.1,0.4444444444444444,0.3299289466532298,1.4924377449748818,0
user_0810,2021-04-09 08:50:00,23,18,11,1,3,1,6,5,7,8,11,4,0,1.1884868717145558,0.3463250666219009,3.924150572457976,0.4583333333333333,0.08333333333333333,0.75,0.3461199416860956,1.7813514078555948,0
user_0811,2021-03-23 16:40:00,17,11,8,1,2,1,5,8,8,10,18,1,0,8.410729105791905,5.282451178175343,8.54960263265157,0.4444444444444444,0.1111111111111111,0.6111111111111112,0.46349051978777256,1.6787163904114302,0
user_0812,2021-02-10 23:51:00,11,13,8,0,1,1,19,19,9,17,5,2,0,7.641977918508776,1.83586974237822,7.0960589406508525,0.6666666666666666,0.0,1.0833333333333333,0.7007525700339707,0.2258794401476072,0
user_0813,2021-02-07 19:07:00,17,17,14,1,2,3,14,8,16,15,13,6,1,3.951897792317517,2.344873460099639,1.974957787053668,0.7777777777777778,0.06666666666666667,0.9444444444444444,0.16021867934233502,0.06732836749041193,0
user_0814,2021-04-08 12:18:00,17,15,7,1,1,1,17,14,17,15,11,3,0,2.105810477737263,5.610604717424924,3.183410800495669,0.3888888888888889,0.125,0.8333333333333334,0.46688017627999234,0.4825295428600791,0
user_0815,2021-01-21 19:50:00,14,22,7,0,0,0,7,14,8,18,12,3,0,6.64999172235734,2.600938691332211,5.026669874497845,0.4666666666666667,0.0,1.4666666666666666,0.972058910433921,0.5944764116643264,0
user_0816,2021-03-20 04:36:00,15,17,10,1,1,1,16,11,8,18,8,5,1,4.182292603282817,7.338654961608372,1.101369319415225,0.625,0.09090909090909091,1.0625,0.775323831825691,0.004234106423865569,0
user_0817,2021-04-08 21:19:00,29,13,11,2,4,2,13,6,15,6,8,3,0,3.6982640421353263,6.284574975640723,8.367493795756134,0.36666666666666664,0.16666666666666666,0.43333333333333335,1.1276411311742935,1.074474301646341,1
user_0818,2021-01-13 12:19:00,23,19,6,0,1,0,12,7,10,8,14,2,0,3.225958452481618,8.114772969609547,4.375171519067675,0.25,0.0,0.7916666666666666,0.551717530325516,1.7841011368473385,0
user_0819,2021-04-14 23:19:00,17,18,7,2,2,1,10,6,17,13,10,2,0,1.1256835933420517,1.5166560985650324,3.4661908329341813,0.3888888888888889,0.25,1.0,0.8161819011236415,0.24392851869507215,0
user_0820,2021-04-17 01:54:00,17,13,9,1,2,3,17,8,14,8,14,5,1,5.301244980848493,2.65547213485825,7.370861731313212,0.5,0.1,0.7222222222222222,1.689875669943574,1.4126247626985469,1
user_0821,2021-03-30 16:33:00,26,18,12,2,5,0,18,7,12,6,10,1,0,2.090952894947342,2.904447317227401,9.716646394416575,0.4444444444444444,0.15384615384615385,0.6666666666666666,1.5743984375093498,1.087075913527767,0
user_0822,2021-01-16 04:23:00,17,18,15,1,3,0,14,9,17,9,8,5,1,7.6662925480951785,7.733779899455021,7.450148610138958,0.8333333333333334,0.0625,1.0,0.5355144354101198,0.2001488792092918,0
user_0823,2021-03-02 18:25:00,22,18,8,1,3,2,7,10,10,15,19,1,0,3.509616263864367,9.928370921075754,2.4625900063461827,0.34782608695652173,0.1111111111111111,0.782608695652174,0.578066068605442,1.260948034174841,0
user_0824,2021-04-19 01:44:00,20,19,10,2,3,2,6,6,8,9,19,0,0,6.374760860092158,6.761026208509455,2.888284289145919,0.47619047619047616,0.18181818181818182,0.9047619047619048,1.1116778912546665,1.61929332367707,0
user_0825,2021-01-10 20:24:00,23,14,5,1,3,0,5,12,13,6,13,6,1,1.0198889964415425,3.2154990700642836,2.285384847466209,0.20833333333333334,0.16666666666666666,0.5833333333333334,1.1108890034353904,1.017004933720451,0
user_0826,2021-01-10 07:15:00,16,13,17,1,1,2,9,15,9,9,12,6,1,7.94110803404992,2.6270562467828706,9.994216676357535,1.0,0.05555555555555555,0.7647058823529411,0.3968017597017197,0.3206165777881227,0
user_0827,2021-02-13 18:34:00,25,13,12,1,2,1,6,7,8,16,5,5,1,1.6818324567493836,5.487329171993977,6.609097190525377,0.46153846153846156,0.07692307692307693,0.5,0.5395142714303807,0.4233217595506873,0
user_0828,2021-03-24 17:36:00,13,13,9,2,0,2,13,18,12,9,11,2,0,7.652049288187958,9.892534896642681,3.1714111191737864,0.6428571428571429,0.2,0.9285714285714286,1.227181279562596,0.5309691727037902,1
user_0829,2021-02-09 00:39:00,20,11,6,0,0,0,5,7,19,8,7,1,0,9.606550173380775,4.318212081340622,5.761437572220513,0.2857142857142857,0.0,0.5238095238095238,0.2478421569086291,1.394736177452624,0
user_0830,2021-03-20 17:38:00,21,18,10,0,2,2,13,5,19,12,11,5,1,6.290431308925002,6.880033225807019,6.928551073297488,0.45454545454545453,0.0,0.8181818181818182,0.9825385258095365,1.4227579693260042,0
user_0831,2021-03-17 18:26:00,29,23,7,2,2,0,18,19,11,12,18,2,0,4.240387185264969,7.72509902364278,7.63679940731314,0.23333333333333334,0.25,0.7666666666666667,1.1929395000090646,0.721543666342908,0
user_0832,2021-01-26 20:59:00,19,18,13,1,1,1,7,10,18,11,17,1,0,3.1979715525903787,4.106171568863504,8.46669533607243,0.65,0.07142857142857142,0.9,1.298471114513624,0.39731293113270305,0
user_0833,2021-01-25 16:55:00,16,11,4,1,0,0,16,13,19,16,6,0,0,5.510291511185827,8.096353758688652,6.874270748838658,0.23529411764705882,0.2,0.6470588235294118,0.8904330054233807,0.01238921236800139,0
user_0834,2021-02-03 20:39:00,21,7,7,0,4,1,9,7,5,12,16,2,0,3.3634609324857365,6.3570429029259525,8.992421469919561,0.3181818181818182,0.0,0.3181818181818182,0.5931365731793745,1.8510778562619001,0
user_0835,2021-02-03 19:57:00,16,16,6,1,1,1,15,6,8,5,10,2,0,6.927763304326313,2.668955836934581,7.356512852607028,0.35294117647058826,0.14285714285714285,0.9411764705882353,1.657285855824562,1.2206438065877339,0
user_0836,2021-04-03 15:05:00,28,11,10,3,0,0,10,10,16,12,6,5,1,9.623324571761,0.9303735199586138,3.7075937328415103,0.3448275862068966,0.2727272727272727,0.3793103448275862,0.5590778248964645,1.0062939306685856,0
user_0837,2021-04-12 07:42:00,15,13,12,1,1,2,14,7,12,14,16,0,0,5.313581084225948,5.026773477602592,4.792063655748598,0.75,0.07692307692307693,0.8125,1.9242225262400008,1.047151012539583,0
user_0838,2021-01-07 08:00:00,25,12,12,1,4,2,8,11,17,18,17,3,0,3.342909394976733,9.447182112030251,1.639418171078339,0.46153846153846156,0.07692307692307693,0.46153846153846156,1.5976910896998728,1.4713432427156985,0
user_0839,2021-03-28 02:17:00,17,19,12,0,0,0,15,9,17,19,12,6,1,5.84779309499612,4.538899181362198,2.5768342863078972,0.6666666666666666,0.0,1.0555555555555556,0.5549568555023947,0.18607853739742963,0
user_0840,2021-04-14 21:48:00,24,12,12,1,3,2,10,12,12,5,14,2,0,8.963736027371393,9.12810813022774,1.6842887754017337,0.48,0.07692307692307693,0.48,1.3539920845938298,0.6514040550815763,0
user_0841,2021-04-10 09:59:00,18,21,5,0,1,2,12,5,5,8,19,5,1,9.150190729491223,4.211733576906504,2.321825280950449,0.2631578947368421,0.0,1.105263157894737,0.8243039071122209,0.9991935501611562,0
user_0842,2021-03-18 09:26:00,30,18,17,1,2,0,14,12,16,16,12,3,0,1.7718008490999515,3.770777169171807,6.6909800612822785,0.5483870967741935,0.05555555555555555,0.5806451612903226,0.2942859092803478,0.4092377999531587,0
user_0843,2021-03-20 13:00:00,15,14,12,1,5,1,9,11,9,12,13,5,1,5.642038381366379,7.288972386101717,2.056536736608431,0.75,0.07692307692307693,0.875,0.35977629073430983,0.39759779018876484,0
user_0844,2021-03-17 20:45:00,23,14,8,3,2,1,9,17,12,17,18,2,0,5.261126365801353,4.390862091344666,2.409515468354895,0.3333333333333333,0.3333333333333333,0.5833333333333334,1.9612571721368215,1.1571512746085295,0
user_0845,2021-02-07 20:07:00,19,11,10,0,5,1,7,12,11,5,10,6,1,4.66896031245782,6.077888722435157,6.912130834277076,0.5,0.0,0.55,1.1892600870225125,1.5558933066135285,0
user_0846,2021-03-17 21:23:00,27,16,11,1,4,3,10,14,5,5,5,2,0,7.712815789263054,5.0314011224699575,2.1892363490092204,0.39285714285714285,0.08333333333333333,0.5714285714285714,0.49410701593356743,0.22186534913808398,0
user_0847,2021-04-01 10:57:00,26,19,8,1,1,1,16,16,5,17,10,3,0,1.916473103891887,9.370511032464094,1.5754383643837244,0.2962962962962963,0.1111111111111111,0.7037037037037037,1.1602712917315803,1.7032236945007642,0
user_0848,2021-03-31 04:51:00,26,13,10,2,0,1,12,9,6,10,16,2,0,2.9938152267726394,5.179587010073429,6.619617307405114,0.37037037037037035,0.18181818181818182,0.48148148148148145,1.3191250018968375,0.566616451391964,0
user_0849,2021-02-22 08:26:00,21,12,7,0,0,2,15,17,18,15,6,0,0,5.154603703407069,9.637526362465028,4.229879758184749,0.3181818181818182,0.0,0.5454545454545454,0.981201332772049,0.5121699970445706,0
user_0850,2021-03-29 12:46:00,25,15,10,1,0,0,10,16,12,13,7,0,0,9.646299788267985,7.546424383777341,8.745231945850175,0.38461538461538464,0.09090909090909091,0.5769230769230769,0.7348417480206322,0.08998117247026882,0
user_0851,2021-03-05 19:25:00,19,19,8,1,2,1,6,7,5,10,18,4,0,2.601357213353447,9.080539272338147,7.3903287908889705,0.4,0.1111111111111111,0.95,1.4977341826221269,0.16515680820752543,0
user_0852,2021-04-16 10:26:00,20,21,14,1,0,0,19,6,14,19,14,4,0,8.212351494019575,5.115070638877012,9.355206376970441,0.6666666666666666,0.06666666666666667,1.0,1.1004559226618054,0.05875881840473851,0
user_0853,2021-04-22 10:07:00,21,16,7,0,1,0,18,13,5,9,6,3,0,0.4908993748206536,8.094418006761384,9.337872748961068,0.3181818181818182,0.0,0.7272727272727273,0.7178465598991277,1.8138326789019947,0
user_0854,2021-03-16 17:37:00,20,18,6,1,3,0,8,19,19,9,6,1,0,5.38052433098674,4.993400161937815,1.8056938318158862,0.2857142857142857,0.14285714285714285,0.8571428571428571,1.383857469694498,1.976992490613062,0
user_0855,2021-01-26 15:23:00,22,19,11,3,1,2,7,15,16,10,18,1,0,0.9729157516387688,2.2482435121794797,7.160705077709041,0.4782608695652174,0.25,0.8260869565217391,1.1861458395577889,1.579608905871732,0
user_0856,2021-01-17 01:22:00,12,18,5,2,1,2,12,9,12,17,18,6,1,6.880680100108708,5.068316750637373,9.967444438656441,0.38461538461538464,0.3333333333333333,1.3846153846153846,1.6402503657966598,0.7516279833500172,0
user_0857,2021-01-15 15:38:00,22,10,16,1,0,2,15,6,13,9,7,4,0,8.998529492150842,5.576090309743698,9.651736272600608,0.6956521739130435,0.058823529411764705,0.43478260869565216,0.529262664901585,1.830666694064728,0
user_0858,2021-02-20 01:25:00,20,12,16,1,0,0,17,19,14,6,11,5,1,6.976015969375631,8.892720017193303,3.720614248177963,0.7619047619047619,0.058823529411764705,0.5714285714285714,1.9628530471146552,0.5370300580546368,0
user_0859,2021-04-20 05:44:00,18,15,12,0,2,2,7,13,9,8,16,1,0,0.6466629869381924,2.227492676509514,8.192261910778774,0.631578947368421,0.0,0.7894736842105263,0.6327524054243299,1.4470334273751628,0
user_0860,2021-01-11 18:54:00,16,20,6,0,1,0,7,9,5,16,5,0,0,2.9310718571969705,8.856440515939239,5.523151105772506,0.35294117647058826,0.0,1.1764705882352942,1.0368786000958343,0.49920110230738013,1
user_0861,2021-02-12 15:19:00,19,20,9,1,1,2,5,6,19,13,16,4,0,2.3225982707599746,4.497771037996983,5.111273555070448,0.45,0.1,1.0,1.1727501925221637,0.7238158043604064,1
user_0862,2021-04-20 21:53:00,23,13,5,1,2,2,6,17,18,16,8,1,0,3.539639751630804,4.770936246077935,1.9402182681717148,0.20833333333333334,0.16666666666666666,0.5416666666666666,0.9321001803417708,0.8819103284371506,0
user_0863,2021-01-07 16:26:00,21,17,9,2,2,0,8,11,12,10,5,3,0,4.777885082888224,1.8568423131659995,1.1734008571170422,0.4090909090909091,0.2,0.7727272727272727,0.6809781555958769,1.4028997009399804,0
user_0864,2021-03-09 00:07:00,21,18,15,1,1,2,8,17,14,17,15,1,0,3.4437732723892136,8.82732487723461,6.344034987034718,0.6818181818181818,0.0625,0.8181818181818182,1.1886431464826825,0.7015779229369341,0
user_0865,2021-03-01 00:05:00,22,15,8,1,1,0,19,12,17,8,13,0,0,1.61650965724074,6.431938762791232,9.6907130883917,0.34782608695652173,0.1111111111111111,0.6521739130434783,1.8341926598274438,0.8206125931076487,1
user_0866,2021-02-14 17:12:00,24,12,12,3,5,0,7,18,18,11,19,6,1,5.917400102415165,2.1999202916350233,5.249253304814815,0.48,0.23076923076923078,0.48,0.38937544775034594,0.8689820942333504,0
user_0867,2021-01-30 20:20:00,19,15,11,0,1,2,19,8,6,7,5,5,1,2.4447086546432684,4.48821021518619,1.8504780709160524,0.55,0.0,0.75,1.5694517956706133,0.4731927146235275,0
user_0868,2021-01-24 10:26:00,21,15,8,2,4,0,9,17,15,10,18,6,1,5.743115039631958,5.415994591159848,7.178189103573261,0.36363636363636365,0.2222222222222222,0.6818181818181818,0.266172199744233,0.04722394438826383,0
user_0869,2021-03-30 07:42:00,20,17,11,0,4,0,9,7,9,10,19,1,0,1.4871566242379586,8.899588577056637,4.775243636191975,0.5238095238095238,0.0,0.8095238095238095,0.3435560995393314,0.22377403570030174,1
user_0870,2021-03-29 20:07:00,22,13,14,0,1,0,10,5,13,10,5,0,0,5.645660660862577,5.781966005131834,9.542712608853616,0.6086956521739131,0.0,0.5652173913043478,0.8774659123444881,0.918458388578965,0
user_0871,2021-03-02 15:07:00,21,12,11,1,4,1,17,7,17,8,16,1,0,1.2523179269458018,5.564487478885235,4.92974525450673,0.5,0.08333333333333333,0.5454545454545454,0.5530278537983444,0.30918243431255155,0
user_0872,2021-04-01 13:41:00,18,17,8,2,2,0,14,7,15,19,6,3,0,2.557808829263759,1.8512163315328423,6.116917726116372,0.42105263157894735,0.2222222222222222,0.8947368421052632,0.5716080522276585,0.4428969107786158,0
user_0873,2021-02-01 15:26:00,17,13,8,1,3,0,6,13,11,11,6,0,0,4.154157780794764,7.617181865634585,5.834994720372611,0.4444444444444444,0.1111111111111111,0.7222222222222222,0.11574419672716663,1.962578654901745,0
user_0874,2021-03-25 21:47:00,31,14,10,0,4,1,10,5,9,16,8,3,0,2.5938845064405616,2.1239904843610056,5.371212984940542,0.3125,0.0,0.4375,0.840277355717135,1.4830874581710027,0
user_0875,2021-03-19 16:27:00,16,13,7,1,2,1,17,9,12,19,13,4,0,5.434831352240367,6.651253461241698,7.189327726702706,0.4117647058823529,0.125,0.7647058823529411,1.4663332485686853,1.0259076932949587,1
user_0876,2021-03-18 07:56:00,29,8,3,1,1,0,11,9,16,8,8,3,0,1.1676909180231476,4.487421330042372,2.92472398710449,0.1,0.25,0.26666666666666666,0.45140873566313555,0.12027082122033139,0
user_0877,2021-02-03 18:11:00,24,12,9,1,2,2,19,7,17,16,8,2,0,6.825761427031042,9.973615431210302,2.9611859975334403,0.36,0.1,0.48,1.8837721635147184,1.5899803218606998,0
user_0878,2021-03-16 15:39:00,22,18,15,1,3,2,8,6,12,9,10,1,0,8.471952065906178,6.616600385038518,2.7571486420459657,0.6521739130434783,0.0625,0.782608695652174,1.3553768387447886,1.6193157723156104,0
user_0879,2021-04-18 20:37:00,21,23,13,1,0,0,5,19,16,12,8,6,1,2.152431161133881,0.7651941456583589,2.30724081873542,0.5909090909090909,0.07142857142857142,1.0454545454545454,1.3131370064307772,0.4933954654502366,0
user_0880,2021-01-17 20:21:00,18,23,14,2,0,1,10,5,15,9,17,6,1,8.593068755129062,9.77852726623672,5.11014519888158,0.7368421052631579,0.13333333333333333,1.2105263157894737,0.600121911228334,0.8721036946157434,0
user_0881,2021-01-25 02:49:00,26,9,9,0,1,0,13,12,15,15,17,0,0,6.326122023427524,1.0615496137169411,7.1317502780949384,0.3333333333333333,0.0,0.3333333333333333,0.9929353561598031,1.7826144930729741,0
user_0882,2021-02-23 00:15:00,22,15,16,0,3,3,15,15,6,9,10,1,0,1.8860541454038549,0.31148521862361833,6.218348913333765,0.6956521739130435,0.0,0.6521739130434783,1.9195303523784124,1.2805738231288115,0
user_0883,2021-02-14 13:16:00,25,21,7,1,2,0,16,11,9,7,11,6,1,3.3251471426073254,8.149337578524769,7.18213475796551,0.2692307692307692,0.125,0.8076923076923077,1.625429240959837,0.01687278716088736,1
user_0884,2021-01-01 10:48:00,27,19,11,2,3,0,9,18,14,17,6,4,0,5.89588601744392,4.368257083677522,5.536505223705403,0.39285714285714285,0.16666666666666666,0.6785714285714286,0.5157073593539219,0.634214295455461,0
user_0885,2021-04-23 20:45:00,25,10,16,1,7,4,14,18,5,16,8,4,0,1.5879535029179748,8.177631485320232,4.330790448409098,0.6153846153846154,0.058823529411764705,0.38461538461538464,1.0384581313252512,1.8100192742895236,0
user_0886,2021-01-24 09:25:00,21,14,9,0,3,2,13,16,5,12,7,6,1,0.9337545560694049,4.549587540842497,2.4917567694170706,0.4090909090909091,0.0,0.6363636363636364,0.9181668750185659,0.7694627190448247,0
user_0887,2021-03-24 12:29:00,19,12,10,0,0,1,15,8,9,18,16,2,0,1.2689777019845139,5.609711820889,7.2228204212990335,0.5,0.0,0.6,1.4338065244916933,1.649367713916314,0
user_0888,2021-02-23 12:46:00,22,13,10,1,2,2,9,15,16,12,9,1,0,0.3747074549678542,3.5751370537011495,8.879593873699072,0.43478260869565216,0.09090909090909091,0.5652173913043478,1.6012971211813125,0.42141133834830136,0
user_0889,2021-01-19 10:28:00,15,15,13,1,0,1,16,10,5,5,11,1,0,2.4161563048488324,8.82563757651383,8.830076364625697,0.8125,0.07142857142857142,0.9375,1.187375609802701,1.8378913587853534,0
user_0890,2021-04-13 11:24:00,10,16,12,0,1,2,5,6,15,12,16,1,0,5.627563611771978,5.780584096057067,2.88062609971636,1.0909090909090908,0.0,1.4545454545454546,0.21085816559025572,0.5004399771170502,1
user_0891,2021-03-25 13:59:00,19,15,10,2,2,2,17,18,10,18,18,3,0,2.803166691649106,2.521598990212308,7.933482905794974,0.5,0.18181818181818182,0.75,1.2019045093943639,0.7346708637401138,1
user_0892,2021-02-18 07:25:00,16,17,14,1,0,2,15,9,19,17,5,3,0,8.360908898176751,0.3155234778264615,1.61668755325735,0.8235294117647058,0.06666666666666667,1.0,1.4683668337440454,1.489508748107643,0
user_0893,2021-04-25 13:48:00,22,18,9,1,6,1,10,7,13,13,13,6,1,7.0350411881972095,4.709421563156643,8.66977371980526,0.391304347826087,0.1,0.782608695652174,1.7184570245253818,1.3290344745216423,0
user_0894,2021-02-14 19:02:00,18,14,6,1,2,0,18,19,9,15,6,6,1,2.135831255874093,0.5595326097529463,8.888349271868016,0.3157894736842105,0.14285714285714285,0.7368421052631579,1.4736406807259477,1.978282233737876,0
user_0895,2021-02-11 16:51:00,18,14,12,1,1,3,5,19,16,8,9,3,0,4.868220845480817,0.22610846776257687,9.32626316628798,0.631578947368421,0.07692307692307693,0.7368421052631579,1.558122722335027,1.9582472079296802,0
user_0896,2021-03-19 15:34:00,21,8,8,0,5,0,6,15,15,6,5,4,0,0.8100100243026553,7.794031364779873,5.801269419712377,0.36363636363636365,0.0,0.36363636363636365,0.5953566668430934,1.0449179020522277,0
user_0897,2021-02-27 01:26:00,19,13,12,1,2,6,16,8,7,17,17,5,1,3.5508630953928155,2.632140374311448,3.0919952229189436,0.6,0.07692307692307693,0.65,1.686795315888984,1.9965137138812117,0
user_0898,2021-03-22 19:30:00,11,13,8,0,2,1,16,18,13,16,14,0,0,4.106305628837622,3.6545337748211604,5.3439705201028564,0.6666666666666666,0.0,1.0833333333333333,1.5936578421104168,1.2311304130463676,0
user_0899,2021-01-14 10:20:00,19,16,10,0,2,0,13,6,16,16,10,3,0,4.711540656537875,1.3492953773787209,5.9598894844009465,0.5,0.0,0.8,0.987316160917121,1.4277931014614809,0
user_0900,2021-01-31 17:31:00,27,15,9,0,3,1,19,12,6,15,9,6,1,4.18706643485481,8.64177049957584,9.499705073797195,0.32142857142857145,0.0,0.5357142857142857,0.3834165546371491,0.6861300255400489,0
user_0901,2021-03-28 20:14:00,22,17,7,1,1,0,17,18,16,11,10,6,1,2.0613587742253845,5.007852309573668,1.2660472595335475,0.30434782608695654,0.125,0.7391304347826086,0.2458311822741308,0.2643147206662344,0
user_0902,2021-02-09 14:45:00,18,14,7,2,4,0,18,12,16,11,15,1,0,5.723256501594723,5.813391583350988,3.622804570029546,0.3684210526315789,0.25,0.7368421052631579,1.6365339584743779,1.1183370155983607,0
user_0903,2021-04-16 01:49:00,14,17,12,1,3,0,19,6,7,7,7,4,0,2.524736498172664,2.4168755192637494,7.459746322928923,0.8,0.07692307692307693,1.1333333333333333,0.9340321540406709,0.08729168793977737,0
user_0904,2021-02-01 23:46:00,16,18,13,1,3,3,19,9,12,8,10,0,0,8.439392086677572,7.6849031169438735,1.757259792732318,0.7647058823529411,0.07142857142857142,1.0588235294117647,0.40701970431720347,1.2097948571316477,0
user_0905,2021-02-28 03:12:00,26,16,12,3,1,1,9,9,19,12,10,6,1,9.43884660176089,8.865714694977576,9.375051348569645,0.4444444444444444,0.23076923076923078,0.5925925925925926,1.7409087854032042,0.9484278105593178,0
user_0906,2021-04-05 03:57:00,14,14,10,0,3,5,12,19,12,8,7,0,0,7.56713360132161,9.212166316552164,5.051639733545754,0.6666666666666666,0.0,0.9333333333333333,0.9412504521939686,1.261823733040743,0
user_0907,2021-01-29 23:46:00,24,18,5,0,4,0,5,17,17,11,13,4,0,7.133117162540734,1.7250114171357267,7.062362554361822,0.2,0.0,0.72,1.373694486074868,0.34628273420642364,0
user_0908,2021-04-28 16:48:00,16,12,16,0,2,1,19,8,13,12,5,2,0,0.9135191125980024,8.609427708638393,6.721419664411642,0.9411764705882353,0.0,0.7058823529411765,1.170479938982278,0.382723924908946,0
user_0909,2021-01-01 03:01:00,24,11,13,1,3,1,11,8,8,19,6,4,0,6.698524589925271,0.9109963903280094,4.511393075352899,0.52,0.07142857142857142,0.44,1.0824896828981934,1.2074081850938885,0
user_0910,2021-03-07 03:01:00,20,14,8,0,3,0,8,15,18,14,15,6,1,4.484931381164784,0.003488552480552798,7.813006701870373,0.38095238095238093,0.0,0.6666666666666666,0.5179585498281338,1.4875125664645596,0
user_0911,2021-03-03 21:59:00,26,10,8,0,2,0,12,15,15,12,5,2,0,5.549103250367469,6.005179436722826,4.209260575520419,0.2962962962962963,0.0,0.37037037037037035,0.5326984716064349,0.6895838182232337,0
user_0912,2021-02-27 14:37:00,25,21,12,2,2,1,18,5,13,10,10,5,1,3.6566175013364877,0.8806459813692291,2.5394743976604963,0.46153846153846156,0.15384615384615385,0.8076923076923077,1.353434011004603,1.602717187479844,0
user_0913,2021-03-25 10:15:00,14,16,9,1,1,0,17,8,5,10,14,3,0,0.4237298953492341,1.8176977638353142,8.415782759371783,0.6,0.1,1.0666666666666667,1.500203657757209,0.2987510509165381,0
user_0914,2021-04-19 17:37:00,20,9,11,1,1,1,10,18,7,6,5,0,0,7.8759115700132645,4.936898104290904,9.826654291036983,0.5238095238095238,0.08333333333333333,0.42857142857142855,0.4661851328292972,0.7066648128843769,0
user_0915,2021-03-01 22:55:00,20,18,14,1,7,4,13,5,19,11,7,0,0,1.3672609048377549,2.9454860734660637,5.116868265448625,0.6666666666666666,0.06666666666666667,0.8571428571428571,0.6337771449151537,1.2137834289830693,0
user_0916,2021-01-09 23:39:00,16,13,9,0,0,1,5,15,18,5,16,5,1,5.977730777663646,0.12868214876495587,5.1731219808518185,0.5294117647058824,0.0,0.7647058823529411,1.8751422712950527,0.26601564142543443,0
user_0917,2021-04-15 11:56:00,19,16,7,3,4,0,17,14,8,9,16,3,0,3.9017408986722946,8.489778788774684,8.050236224397747,0.35,0.375,0.8,0.9716495531634366,0.03700870205895712,0
user_0918,2021-02-18 13:09:00,18,19,7,1,0,0,13,12,17,11,8,3,0,9.890879213109653,9.377908628000904,9.618729243767865,0.3684210526315789,0.125,1.0,0.27359048481509873,0.9101752963169814,0
user_0919,2021-03-01 00:33:00,10,13,12,0,2,2,15,12,19,8,5,0,0,2.6341740911440157,2.5591510702992637,4.913160357583159,1.0909090909090908,0.0,1.1818181818181819,0.5254959663841319,0.27749339012079743,0
user_0920,2021-03-17 22:46:00,17,12,12,1,4,0,17,5,7,16,6,2,0,3.5434397111161955,8.656674682033852,4.7681065858191225,0.6666666666666666,0.07692307692307693,0.6666666666666666,0.41348957307948364,1.585415277058137,0
user_0921,2021-02-22 05:40:00,15,12,13,1,1,0,10,13,13,16,6,0,0,7.218106827070484,1.5156942123968487,5.6089510149006045,0.8125,0.07142857142857142,0.75,0.6610160041552642,0.8390214609188467,0
user_0922,2021-01-17 22:37:00,14,8,5,1,2,1,10,14,17,5,13,6,1,9.916433725256159,8.092580267696775,7.248158984093023,0.3333333333333333,0.16666666666666666,0.5333333333333333,0.1275061469647789,1.9652752317587674,0
user_0923,2021-04-02 05:35:00,14,10,8,1,3,1,7,8,14,13,9,4,0,3.3061248839661603,0.2943307690016894,7.325074789053948,0.5333333333333333,0.1111111111111111,0.6666666666666666,0.23939269288580545,1.6817941971730141,0
user_0924,2021-04-06 23:50:00,17,19,13,3,0,1,15,15,19,5,8,1,0,7.819386706631377,6.280999503804337,3.595719947316833,0.7222222222222222,0.21428571428571427,1.0555555555555556,1.7952664372954774,1.196422570543893,0
user_0925,2021-04-15 19:58:00,16,13,13,2,2,1,13,14,18,11,12,3,0,1.2549785487881515,9.774868639725693,1.1468025143571898,0.7647058823529411,0.14285714285714285,0.7647058823529411,1.894003076619068,1.483461419174048,0
user_0926,2021-03-26 08:24:00,17,10,11,0,0,3,7,13,12,10,9,4,0,4.959888317330574,7.344132725870699,1.5849249974137958,0.6111111111111112,0.0,0.5555555555555556,0.7774046093197375,1.7054882964617477,0
user_0927,2021-04-27 14:05:00,19,24,14,0,1,1,18,12,19,6,10,1,0,1.6195685306560192,6.802384146535626,4.718527583700086,0.7,0.0,1.2,1.8986562233649338,1.9922095107090672,0
user_0928,2021-01-26 00:14:00,16,10,8,0,1,2,14,16,6,11,12,1,0,0.6533992801703081,3.4709576713162313,7.436831668994426,0.47058823529411764,0.0,0.5882352941176471,0.7364593791605774,1.3865546373557425,0
user_0929,2021-02-02 13:05:00,21,12,10,1,1,1,6,11,9,13,6,1,0,1.4428031012279607,4.490890887577726,4.71581379869658,0.45454545454545453,0.09090909090909091,0.5454545454545454,1.908346896096166,0.19314665428580868,0
user_0930,2021-03-18 01:29:00,15,16,12,2,1,1,11,13,15,7,6,3,0,8.19134157074497,5.9995272879408725,7.321874901743034,0.75,0.15384615384615385,1.0,1.1198874693369765,0.9635632811608232,0
user_0931,2021-01-22 01:38:00,13,13,10,2,3,1,6,17,10,19,18,4,0,0.9074532827716886,8.790281584936416,3.7132994284257337,0.7142857142857143,0.18181818181818182,0.9285714285714286,0.18954756872234024,0.9038272785293533,0
user_0932,2021-01-12 08:05:00,26,15,7,0,2,0,5,10,16,13,19,1,0,1.332580606114907,9.97096173109999,2.8360714256272566,0.25925925925925924,0.0,0.5555555555555556,1.2621625012144937,0.6572957400056634,0
user_0933,2021-04-20 00:41:00,24,9,10,1,4,3,6,10,14,19,16,1,0,5.482341995472283,6.79983283984265,2.94144117124864,0.4,0.09090909090909091,0.36,0.9323906679531215,0.11581321013422241,0
user_0934,2021-01-16 01:48:00,13,17,10,1,2,2,12,19,6,14,9,5,1,2.732391906115833,2.387461954703122,5.84455045621425,0.7142857142857143,0.09090909090909091,1.2142857142857142,0.12662004509162528,0.7696707686627398,0
user_0935,2021-02-27 23:48:00,28,11,9,0,1,0,9,9,6,7,7,5,1,3.888610134538811,6.004685681008636,5.268537196481371,0.3103448275862069,0.0,0.3793103448275862,0.6294367011672244,0.9144533183530819,1
user_0936,2021-01-24 01:29:00,23,12,4,0,2,0,7,12,5,19,8,6,1,6.7462108199953965,5.095294609319723,3.3443645579823733,0.16666666666666666,0.0,0.5,0.18220264707181055,1.4935332224213052,0
user_0937,2021-02-19 04:20:00,17,16,11,0,3,1,14,8,13,18,5,4,0,4.817924817810406,3.3880548648008935,4.293517544549735,0.6111111111111112,0.0,0.8888888888888888,0.4433055085129771,0.4938109261403365,0
user_0938,2021-01-01 02:07:00,20,12,9,0,0,1,17,7,11,8,9,4,0,9.500741704970796,8.672505423495725,9.35878869661094,0.42857142857142855,0.0,0.5714285714285714,0.650880778258615,0.38865413281660777,0
user_0939,2021-03-17 17:14:00,23,24,7,0,0,0,11,14,13,16,17,2,0,6.181896720428046,3.0308373046591397,3.6286938318746813,0.2916666666666667,0.0,1.0,1.4483761229991847,1.581728276521252,0
user_0940,2021-02-04 14:11:00,19,17,8,1,2,2,8,10,15,14,17,3,0,7.869717190888316,2.00536289255697,6.743992539253033,0.4,0.1111111111111111,0.85,0.20703474950521894,0.45409380563607726,0
user_0941,2021-02-16 01:44:00,16,18,7,0,2,0,11,15,18,10,18,1,0,5.964550954094442,4.020309717291051,9.415201045194262,0.4117647058823529,0.0,1.0588235294117647,1.722971661811518,1.9800197176584584,0
user_0942,2021-01-28 09:17:00,24,18,5,0,3,0,16,5,9,5,11,3,0,1.8699417045732591,5.4693660160006985,8.100972136353484,0.2,0.0,0.72,1.2982499361076223,1.0650893847457024,1
user_0943,2021-03-31 12:15:00,15,10,12,1,3,0,19,19,11,13,10,2,0,4.2768196989137905,0.8531595332891306,1.0909016610383517,0.75,0.07692307692307693,0.625,1.271539758922035,0.8847787707500199,0
user_0944,2021-02-21 20:58:00,15,14,8,1,5,0,5,6,11,8,16,6,1,1.1183012369340417,2.0174093926610706,2.0800834482163717,0.5,0.1111111111111111,0.875,0.49506174384761237,1.3060653736779892,0
user_0945,2021-01-09 22:11:00,18,20,11,0,1,1,14,5,14,14,11,5,1,3.447369835337076,8.688324782783402,8.71717624828228,0.5789473684210527,0.0,1.0526315789473684,0.8489833572032233,0.14599649679567306,0
user_0946,2021-03-20 12:26:00,21,13,11,0,1,0,16,8,8,8,5,5,1,3.8755348755974106,7.367380719817246,4.714641877234714,0.5,0.0,0.5909090909090909,1.8224420980728313,0.9001737072162903,0
user_0947,2021-03-18 06:29:00,19,17,14,1,4,1,5,8,16,11,13,3,0,5.303590284508335,0.40020561326252313,9.19825811843106,0.7,0.06666666666666667,0.85,1.4346135300179768,0.43087713971006014,0
user_0948,2021-01-02 14:24:00,20,16,12,1,1,2,12,13,15,10,6,5,1,7.874743971815352,7.533933422438517,3.9580769395808373,0.5714285714285714,0.07692307692307693,0.7619047619047619,0.13856636437574377,1.0763781230247893,0
user_0949,2021-02-22 11:20:00,29,21,8,1,3,0,19,17,6,6,11,0,0,3.7751867441366227,8.924550548514992,4.7029366173277225,0.26666666666666666,0.1111111111111111,0.7,0.01800030328181146,1.6132828107395203,0
user_0950,2021-01-19 12:06:00,24,12,18,1,2,3,14,6,9,5,10,1,0,5.196362990975889,4.343275118559129,7.320831828794202,0.72,0.05263157894736842,0.48,1.3190455004712307,0.35285841305049126,0
user_0951,2021-03-07 16:10:00,26,13,6,1,2,0,18,16,6,16,15,6,1,5.503761476993746,6.483744172627502,2.7624653652902507,0.2222222222222222,0.14285714285714285,0.48148148148148145,1.8094530658909793,1.2522052944002802,0
user_0952,2021-02-12 14:52:00,17,15,9,0,2,1,16,10,18,5,15,4,0,4.107663257389683,2.5721463449080795,9.609991251695101,0.5,0.0,0.8333333333333334,0.9060846112333563,1.175775540736243,0
user_0953,2021-03-03 17:49:00,30,18,15,3,3,1,9,15,5,19,15,2,0,5.118895050912803,4.558046926229901,6.386794876786859,0.4838709677419355,0.1875,0.5806451612903226,1.8172949200249,1.0905359055858495,0
user_0954,2021-04-01 21:02:00,14,16,6,0,1,1,18,10,6,18,13,3,0,8.200377960349352,0.9374022853174735,5.307567549318332,0.4,0.0,1.0666666666666667,0.30419950631990145,0.329391416538364,0
user_0955,2021-02-13 21:24:00,20,15,20,0,1,0,16,17,13,17,13,5,1,8.971955668154651,3.8087385001075647,6.89263697907432,0.9523809523809523,0.0,0.7142857142857143,0.008982630357025734,1.785002857719349,0
user_0956,2021-04-27 10:44:00,18,13,8,2,1,0,8,10,18,6,12,1,0,0.8494835229618014,9.577353506385853,3.4868657768510127,0.42105263157894735,0.2222222222222222,0.6842105263157895,1.7622584806793582,1.5949676224474199,0
user_0957,2021-02-17 08:31:00,15,21,14,2,0,1,10,6,8,5,9,2,0,4.11314004109192,7.112647942039828,3.3600846708209757,0.875,0.13333333333333333,1.3125,1.5090088834690978,0.30238015460483103,1
user_0958,2021-01-19 05:48:00,24,14,13,2,1,2,15,12,9,11,11,1,0,9.84178728143405,4.341790696641569,9.4874748979135,0.52,0.14285714285714285,0.56,1.6494779369111627,0.4546054773842967,0
user_0959,2021-04-02 18:01:00,24,8,14,1,2,0,12,16,11,7,11,4,0,6.9818202251095105,6.266887076267849,1.9450577709591363,0.56,0.06666666666666667,0.32,0.3703756111611236,1.2542302440531023,0
user_0960,2021-04-10 02:59:00,15,11,13,0,1,1,7,17,10,18,6,5,1,7.618042828194786,5.637093286201708,1.783556020109654,0.8125,0.0,0.6875,0.03952632728131955,1.6405411244279842,1
user_0961,2021-03-02 06:37:00,22,7,8,0,1,1,13,8,15,7,5,1,0,3.0994140855292205,3.735992976959299,6.869942068690968,0.34782608695652173,0.0,0.30434782608695654,1.8383485370905264,1.1014692047094512,0
user_0962,2021-01-24 05:42:00,7,11,8,2,1,1,11,16,17,14,10,6,1,8.627289041719928,4.556342662956018,4.036150820830581,1.0,0.2222222222222222,1.375,0.19163718062515978,1.3502808923823977,0
user_0963,2021-03-09 08:40:00,19,8,8,1,4,0,18,15,10,15,19,1,0,5.48118670816331,8.22327038711849,5.440415202740917,0.4,0.1111111111111111,0.4,1.616440249845238,0.8879563716024754,0
user_0964,2021-04-19 15:02:00,17,19,13,0,4,0,6,17,7,18,8,0,0,8.195713030791453,5.545795135398795,5.846030201087173,0.7222222222222222,0.0,1.0555555555555556,1.7645459077329115,1.8171376999043318,0
user_0965,2021-01-17 21:50:00,19,20,10,1,0,2,19,15,15,6,15,6,1,3.9841568860924137,1.3918616045938048,6.067663011085432,0.5,0.09090909090909091,1.0,0.5438219799456239,1.8466257821929872,0
user_0966,2021-02-02 03:09:00,17,17,10,1,0,1,7,11,7,12,13,1,0,2.6609085470472857,4.984869953174349,8.899563079936897,0.5555555555555556,0.09090909090909091,0.9444444444444444,0.21219547592506505,1.3509181429843318,0
user_0967,2021-04-19 20:21:00,24,18,7,2,2,1,14,16,16,10,12,0,0,0.4946699649902597,8.795394597215761,7.5446065349139,0.28,0.25,0.72,1.2310597443410836,1.0468869286610174,0
user_0968,2021-03-25 19:35:00,22,13,9,1,7,1,17,11,13,10,5,3,0,3.750849642341445,7.128474166768276,3.54314722331647,0.391304347826087,0.1,0.5652173913043478,0.9252325707044342,0.6440794893112531,0
user_0969,2021-03-10 03:05:00,18,10,11,0,1,3,7,9,16,7,7,2,0,0.07885921727846301,2.8568053870133294,2.5475127849953076,0.5789473684210527,0.0,0.5263157894736842,1.8042411633150506,0.1474128542644233,0
user_0970,2021-01-12 17:02:00,21,22,8,0,1,1,16,15,17,10,7,1,0,4.388488199278335,2.6912599483142365,4.760451526645663,0.36363636363636365,0.0,1.0,1.2556671916238615,1.2553608101114244,0
user_0971,2021-01-24 01:07:00,16,18,12,1,2,2,15,17,5,8,11,6,1,2.4954314153606596,0.43175449656533305,3.284503000039767,0.7058823529411765,0.07692307692307693,1.0588235294117647,1.7275443933957466,1.9915343924783078,0
user_0972,2021-04-28 21:58:00,25,17,4,2,7,1,11,18,15,8,11,2,0,4.061214756521596,7.305637080549625,4.431591736766039,0.15384615384615385,0.4,0.6538461538461539,0.3873502494213781,0.07870670323914153,0
user_0973,2021-01-09 15:53:00,17,14,14,1,0,2,9,19,9,12,11,5,1,5.316859935191273,9.48806885844575,6.340571376232986,0.7777777777777778,0.06666666666666667,0.7777777777777778,0.750529582666281,0.5629732057799741,0
user_0974,2021-01-01 14:33:00,18,25,7,2,1,2,12,5,12,13,12,4,0,2.7444976926587827,0.18062510520647113,6.676007282178097,0.3684210526315789,0.25,1.3157894736842106,0.5356432107826457,1.4021221044650067,0
user_0975,2021-03-06 23:51:00,18,16,7,1,0,0,15,10,7,11,8,5,1,9.09908559209465,2.936771719123069,2.303400404744118,0.3684210526315789,0.125,0.8421052631578947,1.850967387441408,0.2877485855254762,0
user_0976,2021-02-13 06:41:00,26,14,12,2,4,2,6,19,9,8,13,5,1,4.77073147869989,4.740568893140258,9.48382956554926,0.4444444444444444,0.15384615384615385,0.5185185185185185,0.7882332924264115,0.9901175628574328,0
user_0977,2021-01-02 05:00:00,23,15,8,1,5,1,11,5,15,9,10,5,1,2.4922992805096325,0.22564075643687564,5.918618727221615,0.3333333333333333,0.1111111111111111,0.625,1.1038334279483681,0.28247476496584056,0
user_0978,2021-04-21 05:56:00,19,10,10,1,1,0,12,17,17,10,18,2,0,1.926950254076052,8.477315259801065,2.2435037976811065,0.5,0.09090909090909091,0.5,0.7778281716844764,0.6761245438764933,0
user_0979,2021-04-16 15:03:00,18,14,14,0,2,2,16,7,12,19,11,4,0,7.308553680029676,9.400168390722074,1.9257827193415968,0.7368421052631579,0.0,0.7368421052631579,0.8038440082807969,0.4113018816769438,0
user_0980,2021-03-19 20:20:00,22,16,9,0,1,1,7,19,10,18,11,4,0,3.009746915286009,8.769152026440015,3.1356604048467474,0.391304347826087,0.0,0.6956521739130435,0.6107827185463588,0.20198851792975825,0
user_0981,2021-04-06 20:01:00,19,12,15,0,0,2,17,13,16,12,17,1,0,1.9802112961591833,8.17708584191198,6.781318282385845,0.75,0.0,0.6,0.884107672970897,1.229616735280435,0
user_0982,2021-03-27 19:39:00,22,10,7,0,2,1,12,18,14,17,14,5,1,6.157138143498444,5.30719988546932,7.480319629947236,0.30434782608695654,0.0,0.43478260869565216,1.2990344464386483,1.6578371558688387,0
user_0983,2021-02-20 11:04:00,24,13,2,0,3,0,8,5,5,14,6,5,1,4.348164508198708,1.496135697723382,3.034007135567168,0.08,0.0,0.52,1.830256763007905,1.5254603115964602,0
user_0984,2021-03-03 23:16:00,23,16,6,1,5,0,6,10,11,5,15,2,0,3.0224133709206313,6.7967080188113105,1.700673182180772,0.25,0.14285714285714285,0.6666666666666666,1.576973801594928,1.645193300849138,0
user_0985,2021-02-25 17:41:00,23,13,12,1,2,2,9,12,12,13,15,3,0,1.6024237529190155,2.862576615075927,8.404550851524503,0.5,0.07692307692307693,0.5416666666666666,0.8008891003676182,1.4881384500779005,0
user_0986,2021-03-03 12:42:00,11,14,8,2,1,1,7,19,18,19,19,2,0,4.622842126566758,8.667203023153856,4.376995423851736,0.6666666666666666,0.2222222222222222,1.1666666666666667,0.8717787697471022,0.6124870666438749,0
user_0987,2021-03-18 13:05:00,19,17,9,0,2,0,13,16,5,12,16,3,0,0.2601642733038767,4.081215815112067,8.50111838008991,0.45,0.0,0.85,0.4338730532451993,0.24455067743367254,0
user_0988,2021-04-27 18:39:00,20,13,7,0,0,1,10,19,12,7,18,1,0,1.493753710162874,4.616651676908962,4.196379657646254,0.3333333333333333,0.0,0.6190476190476191,1.1038676831640866,1.2859292865487226,0
user_0989,2021-04-13 08:55:00,24,17,9,0,2,1,5,8,10,14,16,1,0,5.136346623608183,2.642363759684093,9.402153504005797,0.36,0.0,0.68,1.9110463616053044,0.15207615430693355,0
user_0990,2021-02-21 11:43:00,22,11,10,0,1,2,6,12,6,6,15,6,1,2.6721881533420144,9.327128105254523,5.59967503433381,0.43478260869565216,0.0,0.4782608695652174,1.5614746904304622,1.5557655409851074,0
user_0991,2021-02-21 17:49:00,24,17,12,0,2,3,10,5,12,18,8,6,1,9.841193563860905,8.303602858680323,6.827354759272297,0.48,0.0,0.68,1.5936737106922085,1.430143564557766,0
user_0992,2021-03-24 06:04:00,18,15,12,0,1,2,5,9,18,13,11,2,0,5.3451926149987035,4.990337527153969,1.2908358572177596,0.631578947368421,0.0,0.7894736842105263,1.9728091160474963,1.8388132417981147,0
user_0993,2021-03-23 05:28:00,22,18,12,2,2,0,11,18,8,9,9,1,0,5.281323410415821,4.277072681249782,1.215806930219602,0.5217391304347826,0.15384615384615385,0.782608695652174,0.2769723727690323,0.7473849814263345,0
user_0994,2021-04-15 02:36:00,20,19,6,0,2,0,5,10,9,10,18,3,0,9.040240024974073,5.0672843073118035,1.3730197544744889,0.2857142857142857,0.0,0.9047619047619048,1.2532645339297073,1.2272608362753763,0
user_0995,2021-01-07 03:38:00,16,15,12,1,0,3,14,17,16,10,13,3,0,1.6303617495753253,5.133769743365724,3.0618056393742856,0.7058823529411765,0.07692307692307693,0.8823529411764706,0.7332774608494588,0.6111356042618117,0
user_0996,2021-02-19 15:01:00,17,13,13,1,2,2,16,19,17,14,18,4,0,3.3427307765312833,1.1189657176816892,4.775691031212455,0.7222222222222222,0.07142857142857142,0.7222222222222222,1.96595679073408,1.1914934918428952,1
user_0997,2021-04-22 21:48:00,16,16,10,0,0,1,6,11,12,17,8,3,0,4.450332973205063,2.0638733267390763,4.305441341341126,0.5882352941176471,0.0,0.9411764705882353,1.4490213217711103,1.4374177919745257,0
user_0998,2021-01-01 08:52:00,19,17,8,1,3,1,14,12,12,10,13,4,0,2.7550544512174877,7.915194006512362,7.522208730450479,0.4,0.1111111111111111,0.85,1.1665563328060544,1.1501689618490925,0
user_0999,2021-01-31 13:05:00,18,11,7,1,0,1,14,7,6,13,8,6,1,7.678633424975737,2.8440886903395213,5.339799243330445,0.3684210526315789,0.125,0.5789473684210527,1.3190777595707814,0.3896040543090056,0
user_1000,2021-01-14 04:06:00,20,12,8,0,1,0,9,6,11,13,12,3,0,8.723908564984713,7.640007358296098,2.531611925051404,0.38095238095238093,0.0,0.5714285714285714,1.8153831932427786,1.3635730972415034,0
user_1001,2021-02-15 19:44:00,14,16,12,1,2,1,19,8,5,10,16,0,0,3.45364424081833,3.4138242002967276,9.331298491177378,0.8,0.07692307692307693,1.0666666666666667,0.016221014235238584,0.2685967041906079,0
user_1002,2021-03-09 03:16:00,24,19,10,1,2,0,10,15,8,13,13,1,0,1.1465965347967455,2.792929404109241,8.03161029590174,0.4,0.09090909090909091,0.76,0.43021318541174813,0.18429320185434017,0
user_1003,2021-03-28 23:00:00,14,15,9,2,1,1,19,8,16,12,13,6,1,2.544720404657166,2.1682759690384867,9.842001409872719,0.6,0.2,1.0,1.216780803640901,1.6607388273538903,0
user_1004,2021-04-27 10:15:00,13,12,14,2,1,3,19,7,18,12,19,1,0,2.54348803125099,9.807655154712036,7.90579707924333,1.0,0.13333333333333333,0.8571428571428571,1.0319080138212007,1.2466714482955625,0
user_1005,2021-01-28 17:12:00,16,15,9,1,1,1,16,8,13,12,6,3,0,6.109091920770963,3.0911315163334407,3.279279224496234,0.5294117647058824,0.1,0.8823529411764706,1.3815736944300363,1.4684277525853977,0
user_1006,2021-04-10 10:30:00,25,8,7,2,3,1,19,14,11,15,11,5,1,3.391598983697881,7.3187746122394355,2.7073712849753053,0.2692307692307692,0.25,0.3076923076923077,1.181833732081001,1.194146872758202,0
user_1007,2021-01-10 12:39:00,14,19,7,0,1,0,5,13,15,14,13,6,1,4.797486047925748,5.895629507606083,3.752390893188674,0.4666666666666667,0.0,1.2666666666666666,1.740048328667611,1.9793043919647937,0
user_1008,2021-03-26 23:00:00,19,12,8,1,1,1,16,10,10,16,7,4,0,6.341896484830794,7.052682439250191,2.233696715288471,0.4,0.1111111111111111,0.6,0.3922066880331163,1.633771348822316,1
user_1009,2021-04-15 23:30:00,12,15,9,1,1,3,8,18,13,8,16,3,0,8.679197720984602,4.648586988702945,9.165652950744034,0.6923076923076923,0.1,1.1538461538461537,1.6005792798760463,0.6105134542789863,0
user_1010,2021-02-28 20:07:00,24,17,4,0,2,1,19,8,8,15,13,6,1,5.968556219462476,8.715409929600675,4.277521579566712,0.16,0.0,0.68,1.5884682035153603,1.0407685095549324,0
user_1011,2021-02-07 15:40:00,20,21,9,2,8,3,18,16,6,18,8,6,1,2.988529598930537,9.478438433963968,6.358485808368845,0.42857142857142855,0.2,1.0,0.8950182042927208,0.9224336273095854,0
user_1012,2021-03-10 22:10:00,26,12,8,1,0,2,8,16,12,8,9,2,0,1.4462986528962096,5.031353838943718,7.093878031518791,0.2962962962962963,0.1111111111111111,0.4444444444444444,1.3520286349616306,0.053492407898260375,0
user_1013,2021-01-09 07:29:00,12,17,10,0,0,2,18,6,16,17,17,5,1,9.280852449637546,3.4670579678831146,2.457586941674734,0.7692307692307693,0.0,1.3076923076923077,0.6330965724948467,1.9959790767149523,0
user_1014,2021-04-13 08:17:00,26,14,15,3,2,1,9,15,12,14,10,1,0,9.856989395680314,1.017778197384197,5.814331440051984,0.5555555555555556,0.1875,0.5185185185185185,0.8579623795663849,1.0792665996243924,0
user_1015,2021-04-08 14:15:00,18,24,7,2,1,0,15,13,14,5,17,3,0,3.655104281527363,2.7991311693754204,6.029124589312698,0.3684210526315789,0.25,1.263157894736842,0.3311736059903667,1.8748820788303606,0
user_1016,2021-03-06 05:17:00,18,15,6,0,3,0,16,19,9,19,15,5,1,5.509090470223072,0.02594390619473974,1.4277054382466603,0.3157894736842105,0.0,0.7894736842105263,1.9938454268304027,0.33229385354776575,0
user_1017,2021-02-08 22:42:00,27,14,12,1,2,2,11,17,16,7,5,0,0,6.648948932867352,0.09888496603283836,7.574430305009496,0.42857142857142855,0.07692307692307693,0.5,0.07713201694833405,1.6659499131045492,1
user_1018,2021-01-07 11:02:00,20,15,10,2,0,1,7,19,6,13,12,3,0,2.925192984134861,0.37771876389527503,6.3507160164806065,0.47619047619047616,0.18181818181818182,0.7142857142857143,0.7136447652297195,0.5771839549815982,0
user_1019,2021-01-24 07:20:00,26,23,9,0,2,1,17,19,14,12,16,6,1,5.641193133133088,5.357789261984904,2.796193517559577,0.3333333333333333,0.0,0.8518518518518519,0.009204611697083864,0.3653469742299864,1
user_1020,2021-03-15 15:18:00,16,17,16,1,2,4,7,15,18,18,10,0,0,6.87575881109022,3.6159891337348826,6.692503140756285,0.9411764705882353,0.058823529411764705,1.0,1.3762288494373989,0.9229995492823373,0
user_1021,2021-04-27 10:11:00,22,17,12,2,1,3,16,14,6,12,12,1,0,7.262273878615505,6.626245345117875,8.054540595702273,0.5217391304347826,0.15384615384615385,0.7391304347826086,1.8618503875059598,1.814106215963191,1
user_1022,2021-01-30 05:53:00,25,20,9,1,3,1,15,12,18,5,5,5,1,6.481451591047477,2.162305860127857,9.379935034667849,0.34615384615384615,0.1,0.7692307692307693,1.616177273546243,0.7334407225440582,0
user_1023,2021-03-16 13:06:00,20,12,10,2,2,1,17,13,16,10,16,1,0,4.127396721532669,7.250536330624941,5.159470865186436,0.47619047619047616,0.18181818181818182,0.5714285714285714,0.7049819556068184,1.3541159737559159,0
user_1024,2021-03-02 23:35:00,20,22,12,2,2,3,7,6,18,17,8,1,0,6.843958593787506,1.272516360698186,2.460351513107633,0.5714285714285714,0.15384615384615385,1.0476190476190477,1.2597859415683401,0.7146679460875982,0
user_1025,2021-04-23 06:54:00,19,11,7,2,1,2,14,16,9,10,12,4,0,0.49482787001283945,0.4054248059945853,1.1632740763544624,0.35,0.25,0.55,1.8005235683553726,1.9554427676870787,0
user_1026,2021-03-15 21:34:00,16,16,16,1,1,1,18,19,17,5,12,0,0,8.740848361388739,0.19905165321767226,8.281428860168619,0.9411764705882353,0.058823529411764705,0.9411764705882353,1.9765888494185646,1.8281077892334017,0
user_1027,2021-04-13 18:45:00,26,6,9,1,1,3,9,10,6,19,6,1,0,1.2213463864737029,0.44660047566900896,6.332128469257337,0.3333333333333333,0.1,0.2222222222222222,0.6884676205057512,0.5928751635357672,0
user_1028,2021-01-09 10:27:00,13,9,11,1,2,3,15,11,14,6,6,5,1,7.188870867105367,9.052585838684687,8.980418889356152,0.7857142857142857,0.08333333333333333,0.6428571428571429,1.1200240484224775,1.3674696649732812,0
user_1029,2021-03-24 12:13:00,14,16,10,2,0,2,18,8,10,19,17,2,0,0.13890210922930524,2.7217371511661725,1.1748677516552921,0.6666666666666666,0.18181818181818182,1.0666666666666667,1.3312432581892981,1.4941252832737413,0
user_1030,2021-03-28 04:12:00,28,18,7,0,4,2,19,13,9,5,19,6,1,2.4799281366416404,1.0941743268010862,5.730575365010658,0.2413793103448276,0.0,0.6206896551724138,0.5211874516229678,0.28404730034613834,0
user_1031,2021-03-25 05:09:00,20,12,10,2,3,2,18,15,5,15,6,3,0,6.321552665480235,0.5938063405711247,1.2674854692729274,0.47619047619047616,0.18181818181818182,0.5714285714285714,0.9700623003279523,0.103407341002552,0
user_1032,2021-03-19 19:57:00,22,8,12,0,3,2,8,7,9,11,13,4,0,5.418804503113122,9.38387220205562,6.540718184588782,0.5217391304347826,0.0,0.34782608695652173,1.5053920040273245,0.8819282044551402,1
user_1033,2021-04-09 00:52:00,18,16,10,0,3,0,12,11,10,5,19,4,0,6.39413886078593,1.4512054996171797,8.313980202009871,0.5263157894736842,0.0,0.8421052631578947,0.94797904558209,1.1740588559819563,0
user_1034,2021-03-14 04:32:00,21,15,9,2,0,0,9,15,16,5,18,6,1,0.7050180794632899,9.856684605449106,6.642121919293013,0.4090909090909091,0.2,0.6818181818181818,1.6193966089451364,1.4483970427214405,0
user_1035,2021-03-26 16:01:00,19,15,10,0,1,2,10,7,5,17,5,4,0,4.830171399324094,6.222076022024584,7.476131486918644,0.5,0.0,0.75,0.4025939788257613,0.34728558381802066,0
user_1036,2021-04-07 01:39:00,22,14,6,0,0,0,14,17,10,19,15,2,0,7.338226517361425,1.5806475735398073,8.178265007702285,0.2608695652173913,0.0,0.6086956521739131,0.5308794375384995,0.07401092093924855,0
user_1037,2021-04-12 07:15:00,24,11,12,1,3,0,9,13,6,8,5,0,0,6.4721597372783375,1.0033505801509268,4.972955287321986,0.48,0.07692307692307693,0.44,0.8883317694739752,0.5401842194907227,0
user_1038,2021-03-26 23:12:00,24,12,7,4,6,1,5,19,15,5,5,4,0,5.420163138311954,8.971559818268815,7.931423329967534,0.28,0.5,0.48,0.3840099387321667,1.7300317377880248,1
user_1039,2021-02-22 22:26:00,18,12,9,1,2,2,16,15,19,11,10,0,0,9.264764087491747,3.6537917622786162,7.0481682127923175,0.47368421052631576,0.1,0.631578947368421,0.05637405235575277,0.9705358864933387,0
user_1040,2021-03-10 12:20:00,22,16,12,2,1,1,9,12,15,15,9,2,0,2.2275653242870574,0.7712104785435747,2.5100102691916084,0.5217391304347826,0.15384615384615385,0.6956521739130435,0.25786134345726164,1.8413662013526542,0
user_1041,2021-01-16 18:21:00,24,16,10,0,3,1,15,18,6,8,8,5,1,2.590428853866913,2.0131373365573846,3.190444034979692,0.4,0.0,0.64,0.9993096737215512,1.3633381436950958,0
user_1042,2021-03-13 12:55:00,20,15,10,1,3,0,5,13,13,7,17,5,1,9.501953275197367,0.9225848257054292,6.561000297636818,0.47619047619047616,0.09090909090909091,0.7142857142857143,1.8548492877262734,0.04593632047138563,0
user_1043,2021-02-04 07:48:00,14,15,11,2,1,1,7,6,12,14,16,3,0,7.3477407925549425,3.4978183554647524,9.040842089495817,0.7333333333333333,0.16666666666666666,1.0,1.063676586686479,1.5305774270468109,0
user_1044,2021-03-25 03:31:00,17,11,8,0,2,2,15,12,12,14,7,3,0,8.522458151869019,9.501747178362422,2.240064797434447,0.4444444444444444,0.0,0.6111111111111112,1.205343404178051,1.0429616381047944,1
user_1045,2021-01-26 21:38:00,22,16,8,2,1,1,11,5,14,9,12,1,0,5.2081934137109895,4.927033007112392,8.835853907248024,0.34782608695652173,0.2222222222222222,0.6956521739130435,1.7593987015309782,1.8859042581872834,0
user_1046,2021-02-18 16:38:00,22,15,11,0,4,2,5,15,16,8,9,3,0,3.5553551528573157,2.8403978395383076,7.165323646886832,0.4782608695652174,0.0,0.6521739130434783,1.3809743751640258,1.0483146697894257,0
user_1047,2021-01-13 02:02:00,24,17,10,2,1,0,7,8,8,11,18,2,0,6.843339653884674,2.5770452343939496,5.700417060475402,0.4,0.18181818181818182,0.68,1.4658121326005693,1.7312943481667504,0
user_1048,2021-02-16 03:39:00,26,18,12,0,2,1,12,11,11,12,8,1,0,5.038686165771735,1.004922037860364,8.6904095997917,0.4444444444444444,0.0,0.6666666666666666,1.9510802845456536,1.7938704839562933,0
user_1049,2021-04-30 23:13:00,18,20,14,1,0,2,18,11,8,14,19,4,0,1.3217301572183737,1.918839594350099,5.076719359190028,0.7368421052631579,0.06666666666666667,1.0526315789473684,0.923797255843408,0.14889803637515087,0
user_1050,2021-01-20 03:46:00,28,18,12,2,3,1,16,14,18,7,5,2,0,4.542121972927065,1.5380408541564328,6.853434890722467,0.41379310344827586,0.15384615384615385,0.6206896551724138,0.6583325323097229,0.7313765772464691,0
user_1051,2021-03-17 13:51:00,21,18,7,1,2,2,14,6,16,13,19,2,0,1.6274701788722723,7.560448638390557,3.8533598649093603,0.3181818181818182,0.125,0.8181818181818182,1.5741753825225666,1.4054095398829665,0
user_1052,2021-02-20 14:32:00,19,14,7,2,3,0,9,17,7,12,12,5,1,8.789585972973901,0.6773580131358126,9.934813243596988,0.35,0.25,0.7,1.966297287230583,0.3414031326739144,0
user_1053,2021-02-21 00:08:00,20,12,8,1,3,0,13,8,18,13,8,6,1,3.036135860020377,1.0706541880944032,1.991338383989872,0.38095238095238093,0.1111111111111111,0.5714285714285714,0.700271717923665,0.1945297078925292,0
user_1054,2021-01-05 13:47:00,14,14,12,4,2,2,10,7,8,7,17,1,0,1.0140019634657305,7.038934970946499,1.8646365303553902,0.8,0.3076923076923077,0.9333333333333333,0.044023502872162945,1.6749537172837032,0
user_1055,2021-03-29 18:28:00,23,12,21,1,5,3,10,11,17,10,11,0,0,7.391058423659725,5.64887653139075,3.6965308372043615,0.875,0.045454545454545456,0.5,0.8106319931497976,0.40831771247267645,0
user_1056,2021-03-15 03:26:00,21,15,10,1,2,0,13,8,11,12,10,0,0,1.5165298217698997,5.842466459209462,2.75663308104786,0.45454545454545453,0.09090909090909091,0.6818181818181818,1.4752164648087043,0.031237484605154853,0
user_1057,2021-02-26 05:52:00,13,13,11,2,0,1,17,6,14,18,13,4,0,9.425538894754844,3.4592352490284064,5.34801848027307,0.7857142857142857,0.16666666666666666,0.9285714285714286,0.08087436400762282,1.2948516874223992,0
user_1058,2021-03-12 23:50:00,16,17,9,2,1,2,6,18,11,15,10,4,0,2.9109813115363616,2.738615221659045,7.769755350421708,0.5294117647058824,0.2,1.0,1.740204474906572,0.409710793751237,1
user_1059,2021-04-16 04:27:00,19,19,8,3,0,0,15,15,10,19,18,4,0,3.6966113069734097,5.457869136175973,7.258249677938089,0.4,0.3333333333333333,0.95,0.795743780354802,0.6611775453089788,0
user_1060,2021-01-02 04:35:00,25,14,11,1,1,0,13,15,7,9,11,5,1,7.444433358932773,6.075476017125373,7.6257916671811214,0.4230769230769231,0.08333333333333333,0.5384615384615384,0.4448495639328962,1.0373676787065207,0
user_1061,2021-01-02 11:16:00,16,12,10,0,1,2,12,19,6,17,6,5,1,9.139304161449054,1.53036855201801,2.1813718038369023,0.5882352941176471,0.0,0.7058823529411765,0.9776856827453324,0.2927502254920482,0
user_1062,2021-03-03 05:51:00,14,20,7,1,3,1,19,16,14,15,11,2,0,1.178515343774299,4.646328439639952,8.483353312491465,0.4666666666666667,0.125,1.3333333333333333,0.6865694574115364,0.011262998384328649,0
user_1063,2021-01-21 05:42:00,24,11,4,1,3,0,8,7,14,5,15,3,0,2.2542200912307218,2.0796219212184197,4.502343899800839,0.16,0.2,0.44,0.9493935048657351,0.2023629939182492,0
user_1064,2021-01-19 18:41:00,16,15,10,2,1,1,14,19,19,19,11,1,0,3.944791634613093,0.7467674871698149,8.884825780873072,0.5882352941176471,0.18181818181818182,0.8823529411764706,0.0023424566043441786,1.2671289037033597,0
user_1065,2021-02-27 02:44:00,17,14,13,0,2,0,8,12,13,6,8,5,1,6.714101109779897,2.8926143930083437,2.029110101425924,0.7222222222222222,0.0,0.7777777777777778,1.419430649666922,0.6412988317292292,0
user_1066,2021-01-06 09:11:00,9,17,5,0,1,0,9,10,14,17,10,2,0,7.633143567896977,7.382876503582981,3.5674450090081025,0.5,0.0,1.7,0.9279616444197896,0.38198193561963456,0
user_1067,2021-01-04 21:58:00,27,13,17,2,2,2,9,18,16,6,10,0,0,9.129896649035494,1.6514111286174793,1.6560468550925997,0.6071428571428571,0.1111111111111111,0.4642857142857143,0.9502800343412847,0.30624296865111833,0
user_1068,2021-03-07 23:54:00,17,19,6,2,1,1,14,13,14,15,17,6,1,7.933882472734877,2.631676691706625,6.425150600509753,0.3333333333333333,0.2857142857142857,1.0555555555555556,0.15141523455660666,1.588591720068783,0
user_1069,2021-02-20 07:12:00,23,15,12,0,1,0,10,14,6,13,12,5,1,6.584055974147446,1.1319158848496136,1.1332533132004787,0.5,0.0,0.625,1.7534314158600548,1.0512112304336996,0
user_1070,2021-01-18 04:38:00,20,25,6,1,1,0,12,19,14,13,7,0,0,9.709347635754277,5.874934476489356,7.2019380628542535,0.2857142857142857,0.14285714285714285,1.1904761904761905,0.17191521630851314,0.6966661599774331,0
user_1071,2021-04-19 20:15:00,20,12,6,1,0,0,14,17,15,6,7,0,0,9.95096578264485,9.854854252640886,5.659318300133734,0.2857142857142857,0.14285714285714285,0.5714285714285714,1.7549590629117084,1.7878685576830557,0
user_1072,2021-04-17 23:40:00,19,12,14,2,1,1,17,7,5,7,19,5,1,9.204125332860869,5.233208504563156,4.705142466065013,0.7,0.13333333333333333,0.6,0.4328484754335904,0.6580197753129493,0
user_1073,2021-01-29 16:07:00,20,15,14,0,4,2,7,17,13,5,6,4,0,1.724234340763715,6.06568811745511,8.047770351446188,0.6666666666666666,0.0,0.7142857142857143,0.5427290940847742,0.1839851226319007,0
user_1074,2021-01-26 17:21:00,22,20,7,0,4,0,13,12,11,12,9,1,0,5.303525110739226,0.8156971667601653,5.657386845803453,0.30434782608695654,0.0,0.8695652173913043,0.7439111124506137,0.7692658592931454,0
user_1075,2021-01-14 15:28:00,26,11,5,0,1,2,10,10,10,17,8,3,0,9.724281684957987,7.2780098226988885,2.1814915276150257,0.18518518518518517,0.0,0.4074074074074074,0.8132901639519294,1.7339509828530326,0
user_1076,2021-04-27 02:47:00,25,14,11,1,2,0,15,5,14,15,13,1,0,9.17532143739807,7.395507402618274,7.623096846454039,0.4230769230769231,0.08333333333333333,0.5384615384615384,0.15772346210976962,1.810765695442207,0
user_1077,2021-03-23 07:59:00,22,7,14,0,3,1,7,12,9,10,6,1,0,3.84354662154059,2.9137917522584287,5.353630610918682,0.6086956521739131,0.0,0.30434782608695654,0.11491719550995239,1.0742981981016997,0
user_1078,2021-04-27 06:31:00,17,16,12,2,2,2,7,8,19,9,8,1,0,9.21951100287025,7.67029025701474,9.031441182365354,0.6666666666666666,0.15384615384615385,0.8888888888888888,0.9427887702718725,1.8741325339911856,0
user_1079,2021-04-01 02:24:00,18,7,9,1,5,0,18,9,13,9,7,3,0,5.370007196471311,3.37761812152942,9.493428783896917,0.47368421052631576,0.1,0.3684210526315789,0.645695025717286,1.1531776004777128,0
user_1080,2021-04-03 18:27:00,16,19,8,0,2,0,10,7,16,5,15,5,1,2.6086007963564306,5.5383232630686985,1.3512055328887587,0.47058823529411764,0.0,1.1176470588235294,1.7882286909182497,1.0317573159794082,0
user_1081,2021-01-20 02:55:00,22,11,7,0,1,1,19,18,18,13,6,2,0,7.755824404847238,7.405518992608836,4.781895446010042,0.30434782608695654,0.0,0.4782608695652174,0.07066662651789724,1.3746114873433652,0
user_1082,2021-04-01 17:21:00,24,14,9,1,2,0,7,9,19,14,18,3,0,1.4868814018393472,9.17192745830757,8.7706223925261,0.36,0.1,0.56,1.4333604555791697,0.04406883662609218,0
user_1083,2021-04-04 10:40:00,15,15,13,2,0,1,17,12,5,7,12,6,1,2.223002481958437,1.379636267907688,8.148262608185972,0.8125,0.14285714285714285,0.9375,1.799180256636927,0.9638812419559866,0
user_1084,2021-04-18 04:33:00,19,14,12,1,2,0,13,7,7,14,14,6,1,5.907959474157868,3.074430189021422,6.300954491149893,0.6,0.07692307692307693,0.7,0.9891150674607425,1.305935783333808,0
user_1085,2021-04-15 04:52:00,20,14,6,1,1,0,16,7,11,16,18,3,0,4.39509030595091,5.0699909668847285,5.478808638547511,0.2857142857142857,0.14285714285714285,0.6666666666666666,0.14369469046036132,0.6860268433323116,0
user_1086,2021-04-02 15:05:00,17,15,5,1,1,1,9,10,9,13,16,4,0,1.0465074143632858,5.03462070718321,6.87884282943425,0.2777777777777778,0.16666666666666666,0.8333333333333334,1.5098745582837556,0.5572268269209866,0
user_1087,2021-03-12 22:40:00,24,12,10,2,2,0,19,5,5,16,11,4,0,6.126463025341304,9.564716623676667,9.022110692700227,0.4,0.18181818181818182,0.48,0.991699180736296,0.029777715598266585,1
user_1088,2021-01-02 12:25:00,21,17,10,3,3,2,11,15,17,14,12,5,1,8.652282002310304,1.8308282417408117,2.918763917970538,0.45454545454545453,0.2727272727272727,0.7727272727272727,0.6696024469613491,0.6770849810692805,0
user_1089,2021-02-19 16:51:00,17,14,17,2,0,2,14,18,19,8,12,4,0,1.078941947254639,9.06659170246266,2.293789967718462,0.9444444444444444,0.1111111111111111,0.7777777777777778,1.5770688839180789,1.5829370123325108,0
user_1090,2021-04-09 04:19:00,23,14,7,2,2,1,5,19,14,16,13,4,0,1.2529615879020395,2.087043524634007,6.293952733406366,0.2916666666666667,0.25,0.5833333333333334,0.35849779547410976,0.3542077876920735,0
user_1091,2021-03-09 03:14:00,27,16,10,1,1,0,19,6,7,5,11,1,0,1.0301053983736719,5.348841122595491,3.69921230461624,0.35714285714285715,0.09090909090909091,0.5714285714285714,0.13425173746974206,0.010046895679452383,0
user_1092,2021-02-19 05:56:00,18,23,8,3,1,2,17,17,6,16,19,4,0,7.101998858987908,7.520365494720878,5.447070495975579,0.42105263157894735,0.3333333333333333,1.2105263157894737,0.5074298050074122,1.0860367125956243,0
user_1093,2021-03-17 07:33:00,16,10,8,1,1,2,18,17,9,17,14,2,0,4.94532592287022,6.818492881975569,9.025141026248697,0.47058823529411764,0.1111111111111111,0.5882352941176471,0.45895535828722656,1.9456411231452744,0
user_1094,2021-01-28 17:59:00,19,15,8,1,2,0,18,19,19,14,14,3,0,4.514535784300478,3.268552625687362,1.931869882979952,0.4,0.1111111111111111,0.75,0.27579349631390637,0.44821984506651114,0
user_1095,2021-02-02 12:41:00,17,21,7,0,0,2,9,13,17,17,12,1,0,7.917543122264023,4.14023885334493,1.0211531318706015,0.3888888888888889,0.0,1.1666666666666667,1.2289876732468288,0.7732622895733972,0
user_1096,2021-02-13 07:21:00,21,22,14,0,2,1,11,9,13,16,18,5,1,1.5373690086976244,8.759828660063938,6.289756295339624,0.6363636363636364,0.0,1.0,0.9114818639469715,1.4103028803922741,0
user_1097,2021-04-27 01:36:00,24,18,16,1,0,2,17,10,8,14,7,1,0,1.3526378411070994,4.2504081584220765,9.770260255813337,0.64,0.058823529411764705,0.72,1.5687365858446585,0.5100878440053371,0
user_1098,2021-01-18 08:37:00,19,23,8,0,3,0,10,6,13,19,12,0,0,1.4242875561775126,7.894852145331132,8.05800133253516,0.4,0.0,1.15,0.961671397931348,1.7391211094647236,0
user_1099,2021-02-07 09:00:00,21,20,8,0,1,1,10,7,16,11,12,6,1,5.629182964401331,1.2319456733158973,8.025493733082715,0.36363636363636365,0.0,0.9090909090909091,0.24156456623071487,0.1213165707465147,0
user_1100,2021-03-08 12:40:00,17,16,9,0,1,1,18,7,6,11,14,0,0,1.643832500430914,1.3507311611276474,8.624322837535374,0.5,0.0,0.8888888888888888,0.20491567372366615,1.387827665924947,0
user_1101,2021-04-23 13:52:00,29,10,11,0,4,2,19,15,10,8,13,4,0,7.316894428489452,7.616033522744914,2.6432910454039344,0.36666666666666664,0.0,0.3333333333333333,1.61085444457103,0.3150907554361695,0
user_1102,2021-01-22 00:18:00,22,14,11,0,5,0,9,5,18,8,10,4,0,5.142715819826055,3.884515621817294,2.8895953324885495,0.4782608695652174,0.0,0.6086956521739131,1.401960110803216,0.598134077188216,0
user_1103,2021-04-28 06:19:00,23,20,8,3,2,0,6,9,11,5,18,2,0,3.2593480077069117,6.431876150175432,4.527068900282434,0.3333333333333333,0.3333333333333333,0.8333333333333334,1.208520688826492,1.7792671226770655,0
user_1104,2021-02-18 05:50:00,20,14,10,1,1,1,13,15,17,5,13,3,0,6.130127483169164,0.7355576293601007,9.58889097366885,0.47619047619047616,0.09090909090909091,0.6666666666666666,0.1642536551183842,0.5168278877823305,0
user_1105,2021-03-29 03:13:00,28,18,15,0,3,2,16,15,7,15,13,0,0,0.8950650702772001,2.5843595166399282,6.149706399183021,0.5172413793103449,0.0,0.6206896551724138,1.3682583828825108,1.1031977162739675,0
user_1106,2021-01-09 14:30:00,21,17,12,3,0,0,10,13,12,9,11,5,1,5.227358340348557,0.892392091235017,8.707891179894881,0.5454545454545454,0.23076923076923078,0.7727272727272727,0.4416383457160147,1.4840098993189945,0
user_1107,2021-02-27 18:21:00,30,10,7,3,3,0,5,15,13,19,9,5,1,9.876186362047262,7.339814454888284,2.805118591304237,0.22580645161290322,0.375,0.3225806451612903,0.5574911601569321,0.07843260068282087,0
user_1108,2021-03-18 20:13:00,25,14,13,3,3,4,17,16,5,11,9,3,0,4.8065847646643824,6.905957888453416,8.654078529721554,0.5,0.21428571428571427,0.5384615384615384,0.9094223753960042,0.05003401069975766,0
user_1109,2021-04-19 08:25:00,17,14,12,0,2,0,9,6,6,11,5,0,0,8.172077849699688,0.6347544455997833,4.545246468754588,0.6666666666666666,0.0,0.7777777777777778,1.9538974975139354,0.9577076541287128,0
user_1110,2021-01-02 05:59:00,19,16,9,1,2,1,9,6,8,16,15,5,1,9.95730447495647,6.389903984612559,5.8313379926982005,0.45,0.1,0.8,0.03183987375732267,1.0062888419935296,0
user_1111,2021-04-23 14:03:00,22,7,10,0,4,0,5,11,18,15,12,4,0,4.35740237310163,7.131299301149259,6.196314904641569,0.43478260869565216,0.0,0.30434782608695654,0.03954856695560682,0.1321521025992407,0
user_1112,2021-03-09 08:43:00,24,19,12,1,1,2,18,9,15,11,12,1,0,5.897977910458709,0.5122788924701682,1.2431716696651316,0.48,0.07692307692307693,0.76,0.8155443188214961,0.919247996374901,0
user_1113,2021-01-12 22:11:00,21,16,10,0,0,0,6,10,17,17,11,1,0,2.7497175863088232,7.34658876448215,6.282458185085198,0.45454545454545453,0.0,0.7272727272727273,0.3988375091951226,0.92012859298977,0
user_1114,2021-04-20 07:37:00,21,18,11,1,3,0,13,10,11,19,17,1,0,1.7549758428584628,8.892062881333427,8.575417374931599,0.5,0.08333333333333333,0.8181818181818182,1.0326499934848374,1.074298608741917,0
user_1115,2021-02-02 03:12:00,14,14,13,1,2,2,16,5,14,19,13,1,0,4.175993436143717,5.866581411728925,7.474006966325218,0.8666666666666667,0.07142857142857142,0.9333333333333333,0.8862489134147078,0.5838833210036536,0
user_1116,2021-02-17 12:19:00,21,16,5,2,1,1,13,5,15,18,16,2,0,4.033894259348395,7.486747795682513,1.1821377986694044,0.22727272727272727,0.3333333333333333,0.7272727272727273,0.4015849564144509,1.5502374937584338,0
user_1117,2021-01-25 20:24:00,21,17,10,2,1,3,14,16,16,12,8,0,0,2.2807947232330017,7.33706275345697,7.6428542911383595,0.45454545454545453,0.18181818181818182,0.7727272727272727,1.8307167834940632,0.6713410346281661,0
user_1118,2021-02-11 12:41:00,18,15,9,1,0,0,12,18,17,6,9,3,0,0.7088728233899433,0.938982664487158,6.725622854364725,0.47368421052631576,0.1,0.7894736842105263,1.9610623689430762,1.2069763587444713,0
user_1119,2021-03-21 16:02:00,26,22,11,1,3,3,9,8,7,8,7,6,1,0.9391064328340681,0.12766778984241722,3.712179165697704,0.4074074074074074,0.08333333333333333,0.8148148148148148,0.807216996852745,1.6788419990725363,0
user_1120,2021-03-06 15:40:00,20,17,14,1,1,1,18,6,13,12,9,5,1,9.871850152528822,7.434760023222687,7.74256260075901,0.6666666666666666,0.06666666666666667,0.8095238095238095,1.3535953970384489,0.1681799603243357,0
user_1121,2021-04-13 00:51:00,15,14,11,3,1,0,17,11,10,11,19,1,0,7.022985377434722,7.637980416835956,5.16695811504489,0.6875,0.25,0.875,1.8826475162143024,1.1684270424753087,0
user_1122,2021-04-03 09:44:00,23,14,8,2,2,2,15,12,16,15,6,5,1,4.568544426834046,9.085732653578766,9.024986059272411,0.3333333333333333,0.2222222222222222,0.5833333333333334,1.5971835589805286,1.5006700796049641,0
user_1123,2021-02-24 18:13:00,19,16,10,2,2,1,18,16,17,7,6,2,0,5.2150413075251665,7.487923905217881,5.8087432294457955,0.5,0.18181818181818182,0.8,0.04027790274046472,1.4834462226089797,1
user_1124,2021-02-07 16:27:00,22,18,12,3,2,1,18,17,13,6,10,6,1,7.675792124180308,8.759822029370454,6.567401348958478,0.5217391304347826,0.23076923076923078,0.782608695652174,0.9000679453307812,1.6598698942934635,0
user_1125,2021-03-21 17:27:00,11,15,11,1,1,1,5,15,17,13,5,6,1,6.689274451559028,8.187977873175651,9.733978960184036,0.9166666666666666,0.08333333333333333,1.25,1.3664216286753847,0.5785708728405656,0
user_1126,2021-02-16 22:59:00,15,18,14,2,1,3,16,6,8,17,15,1,0,4.48571060577226,9.034720675076123,6.4816877933180885,0.875,0.13333333333333333,1.125,1.6917269194142512,0.6231069667187503,0
user_1127,2021-02-09 19:33:00,19,13,8,3,3,3,16,13,11,17,9,1,0,1.3946846094458343,5.766101830711362,8.197053471822352,0.4,0.3333333333333333,0.65,0.014452964410845093,1.8456765427693846,0
user_1128,2021-01-11 18:45:00,17,13,5,2,0,2,17,18,6,9,7,0,0,7.6570173469116725,3.9061384846991274,5.568598607670185,0.2777777777777778,0.3333333333333333,0.7222222222222222,0.3468209541748344,0.39972537056107993,0
user_1129,2021-01-10 08:50:00,18,17,11,1,1,2,15,15,10,17,10,6,1,7.096275910291082,1.359961691439523,2.620670041506627,0.5789473684210527,0.08333333333333333,0.8947368421052632,1.429137213621781,0.2333428318756554,0
user_1130,2021-03-25 04:50:00,19,17,11,2,3,2,13,5,18,19,13,3,0,1.7746779907473986,5.149064906070563,5.523007932894607,0.55,0.16666666666666666,0.85,0.13923864755161341,0.6587961969416269,0
user_1131,2021-03-14 18:35:00,27,14,10,2,0,4,10,19,18,5,12,6,1,1.4323486546593855,7.448921799769369,9.996302375542069,0.35714285714285715,0.18181818181818182,0.5,0.07558595915900512,1.7998416257222667,0
user_1132,2021-03-23 04:20:00,14,11,12,0,2,1,13,17,14,17,17,1,0,3.6462775754117005,0.5158521768994473,2.982767575012211,0.8,0.0,0.7333333333333333,1.1676480430228806,1.846752462473415,0
user_1133,2021-03-20 05:56:00,21,14,8,2,2,2,13,12,5,11,15,5,1,3.5050701215178415,1.5165322147721005,4.369070681295617,0.36363636363636365,0.2222222222222222,0.6363636363636364,0.43633689577736634,0.6169050931109119,0
user_1134,2021-02-04 09:40:00,19,12,9,3,1,0,15,11,5,9,17,3,0,0.10394156965656265,0.05548781971533967,4.913660756606033,0.45,0.3,0.6,0.7039395527500181,0.09777065675011554,0
user_1135,2021-03-11 02:29:00,17,14,15,1,4,3,14,12,9,7,10,3,0,9.332620862023425,8.973233470870191,8.542225117817946,0.8333333333333334,0.0625,0.7777777777777778,0.1250391296840765,0.44571541571719986,0
user_1136,2021-02-10 22:01:00,19,17,6,3,3,1,18,16,15,12,14,2,0,5.442694316833952,2.1131102888028055,3.970454508379805,0.3,0.42857142857142855,0.85,0.4682060043321721,1.4731767782628529,0
user_1137,2021-01-16 18:32:00,18,15,8,0,3,0,19,5,7,7,19,5,1,9.09316261161195,6.34448328356793,3.130136540679764,0.42105263157894735,0.0,0.7894736842105263,0.19572638678711463,0.008287636372906082,0
user_1138,2021-03-30 14:25:00,20,16,21,1,2,3,10,15,18,8,19,1,0,6.1596653163581925,7.516728084588106,6.104432711693085,1.0,0.045454545454545456,0.7619047619047619,1.0688237209672733,1.1650816482483703,0
user_1139,2021-02-24 21:52:00,32,14,5,1,3,0,8,5,7,9,7,2,0,7.4930113980309265,9.277605651310134,8.92112045364592,0.15151515151515152,0.16666666666666666,0.42424242424242425,0.46611450050501557,1.2211110127722096,0
user_1140,2021-01-14 01:05:00,15,17,10,0,2,0,10,13,15,7,6,3,0,8.601250522963378,1.3464370463664133,9.826545000436633,0.625,0.0,1.0625,0.26954360889107076,1.851375498739193,1
user_1141,2021-03-30 15:56:00,17,16,8,1,1,0,16,9,6,14,16,1,0,6.542506616004596,1.9858704068771993,7.164303281334594,0.4444444444444444,0.1111111111111111,0.8888888888888888,0.4509038806223544,1.943902886767019,0
user_1142,2021-04-26 10:50:00,27,13,11,1,3,0,9,16,10,15,7,0,0,3.63675220956896,9.992790643288911,1.0550883882902924,0.39285714285714285,0.08333333333333333,0.4642857142857143,0.31398190466071907,0.2616248893478783,0
user_1143,2021-02-13 07:14:00,27,17,6,0,3,0,13,16,11,16,13,5,1,1.8166870952604175,0.4415669915649989,1.6619246095717821,0.21428571428571427,0.0,0.6071428571428571,1.1047389547816233,1.4029858162152338,0
user_1144,2021-03-08 17:57:00,21,13,18,1,3,2,13,11,5,18,16,0,0,7.011864778290413,6.071797191349731,9.340844187557689,0.8181818181818182,0.05263157894736842,0.5909090909090909,0.48992138622277737,0.031596571855477595,0
user_1145,2021-01-22 01:25:00,18,11,14,0,5,2,8,15,18,17,18,4,0,2.3584313515806965,5.575152410949942,7.192951574577973,0.7368421052631579,0.0,0.5789473684210527,0.852847720482153,1.6610409883562502,0
user_1146,2021-01-08 00:01:00,23,19,9,1,6,1,19,15,9,19,10,4,0,8.060625496525008,7.685987222672863,8.656394436744762,0.375,0.1,0.7916666666666666,1.3460518456947606,0.8693738148816521,0
user_1147,2021-04-10 19:44:00,15,18,13,3,2,2,16,11,15,18,12,5,1,6.310152080189477,2.24713368868433,9.518839372068733,0.8125,0.21428571428571427,1.125,0.20852827234859173,0.5278017261691588,0
user_1148,2021-02-16 13:39:00,21,14,11,3,2,1,15,8,10,18,10,1,0,4.206533342277742,7.134329192811256,1.4919186820814199,0.5,0.25,0.6363636363636364,1.0982674979626421,0.9045524714490703,0
user_1149,2021-02-09 04:37:00,24,17,11,2,5,1,7,16,6,6,19,1,0,1.2427535250915156,7.560128762839256,1.679187015284818,0.44,0.16666666666666666,0.68,0.49178841688237385,0.9366255900992699,0
user_1150,2021-04-27 01:26:00,14,16,9,1,1,1,7,7,11,10,18,1,0,5.8285866883675554,0.9677220944882126,4.491669038255791,0.6,0.1,1.0666666666666667,0.7489242290891269,0.03431854301664794,0
user_1151,2021-02-11 16:46:00,17,10,8,2,2,2,14,13,15,15,15,3,0,3.006876511406608,6.339683326195508,1.6501084090248517,0.4444444444444444,0.2222222222222222,0.5555555555555556,0.2944885626594491,0.8772744147205316,1
user_1152,2021-04-22 02:25:00,25,9,16,3,3,3,17,19,5,12,11,3,0,5.429924539989282,0.618282125361419,9.884738087816986,0.6153846153846154,0.17647058823529413,0.34615384615384615,0.42750095585444114,0.27675262313250437,0
user_1153,2021-03-28 17:02:00,23,19,9,0,1,1,5,19,5,6,15,6,1,5.7020791835673466,2.1032675841442616,7.455805615274716,0.375,0.0,0.7916666666666666,1.7974892008895724,1.0445221637956967,0
user_1154,2021-03-31 09:02:00,27,9,7,0,2,0,12,13,19,10,14,2,0,4.1301515086389795,0.3085691952320324,1.555587648201143,0.25,0.0,0.32142857142857145,0.7705310499128153,1.0795557030675202,0
user_1155,2021-03-08 07:33:00,16,23,12,1,2,1,13,17,5,9,10,0,0,7.952289630583323,3.6662935503894802,3.194869798058149,0.7058823529411765,0.07692307692307693,1.3529411764705883,0.18235073399036583,1.1890774717574892,0
user_1156,2021-01-01 02:47:00,18,15,8,2,0,1,7,12,7,8,6,4,0,2.3876686615798306,6.233340648669018,1.4383010254147308,0.42105263157894735,0.2222222222222222,0.7894736842105263,1.061054746241315,0.23374931705005708,0
user_1157,2021-02-27 22:20:00,24,16,8,1,4,0,16,6,13,15,17,5,1,6.957296267852186,4.111494995463181,8.702730548203188,0.32,0.1111111111111111,0.64,0.41416021596801333,1.5179774019022623,0
user_1158,2021-02-08 17:23:00,14,16,3,0,1,0,18,8,17,14,16,0,0,5.742736119422736,3.168989230100987,3.5674793406383514,0.2,0.0,1.0666666666666667,1.5692587781966088,1.403872991633638,0
user_1159,2021-01-27 06:47:00,21,12,14,0,2,2,18,7,12,11,16,2,0,3.8816404536021287,4.81018005485746,7.645102871511853,0.6363636363636364,0.0,0.5454545454545454,1.430820955181038,1.9019205202301155,0
user_1160,2021-02-09 10:47:00,12,15,9,0,3,0,9,18,16,10,11,1,0,6.212151632770776,8.096112852427934,4.002947797139934,0.6923076923076923,0.0,1.1538461538461537,1.0862032360943694,1.0558260997126612,0
user_1161,2021-02-17 08:57:00,23,12,7,1,1,0,11,9,6,5,6,2,0,4.387252029474426,6.04221305778799,5.279761352595198,0.2916666666666667,0.125,0.5,1.2038654608363861,0.8697057855879922,0
user_1162,2021-01-14 09:05:00,18,13,5,0,1,1,15,14,16,14,12,3,0,9.332741692952734,7.072049580217527,9.175903188944917,0.2631578947368421,0.0,0.6842105263157895,1.2819493477033985,1.9182353142688389,0
user_1163,2021-01-12 22:22:00,17,11,8,2,2,1,5,7,13,8,6,1,0,9.346626298663548,2.4229800697592987,1.533006213647838,0.4444444444444444,0.2222222222222222,0.6111111111111112,0.6446594931597571,0.37591076040921156,0
user_1164,2021-03-16 12:16:00,22,12,9,2,1,0,15,17,11,10,19,1,0,7.888144685161272,4.848911668786597,1.7918507948775195,0.391304347826087,0.2,0.5217391304347826,0.4902097155443639,1.4014905610674675,0
user_1165,2021-01-14 14:27:00,16,16,8,1,1,2,9,14,19,13,8,3,0,7.0871851843787805,5.852337344618132,8.430661706020672,0.47058823529411764,0.1111111111111111,0.9411764705882353,0.9344658261679022,0.9994712689296819,0
user_1166,2021-02-27 13:46:00,18,20,7,2,2,3,11,12,6,7,10,5,1,2.079631527549207,9.777674130617482,8.577486282234243,0.3684210526315789,0.25,1.0526315789473684,0.22013383726529012,1.3328196363750853,0
user_1167,2021-02-23 05:52:00,16,22,10,0,1,0,18,14,5,17,17,1,0,5.26051976775552,4.914010486872355,3.9750808326929037,0.5882352941176471,0.0,1.2941176470588236,1.2615011415204576,0.6796644845169726,0
user_1168,2021-01-07 15:32:00,11,15,17,0,2,1,8,9,6,5,16,3,0,1.7033306896896028,8.821232101301579,7.556157588775293,1.4166666666666667,0.0,1.25,1.2516913690167941,0.6393079630074903,0
user_1169,2021-02-28 00:01:00,13,10,16,1,1,0,10,17,9,6,12,6,1,6.058325595867448,5.0227541582807875,1.3552458075223521,1.1428571428571428,0.058823529411764705,0.7142857142857143,0.8339940800185197,1.4207428314908845,0
user_1170,2021-02-03 17:16:00,21,16,12,1,0,0,8,15,7,5,13,2,0,6.169127448068692,0.04748670630334906,7.531731345357687,0.5454545454545454,0.07692307692307693,0.7272727272727273,0.22372769852127106,1.0357325893957865,0
user_1171,2021-01-16 17:19:00,19,18,5,1,1,1,9,10,17,6,14,5,1,1.6796374912493406,8.96360943393509,2.4718123066493134,0.25,0.16666666666666666,0.9,0.5948277570298037,0.7108220761046387,0
user_1172,2021-04-26 12:01:00,29,18,11,1,2,3,19,7,16,17,12,0,0,5.4382205865892095,4.241814049455136,3.53976254033029,0.36666666666666664,0.08333333333333333,0.6,0.17844126873482402,1.0788483020135962,0
user_1173,2021-02-16 19:56:00,22,18,4,1,2,0,18,7,10,12,14,1,0,7.726640359142064,2.6059162385134336,5.220899466225482,0.17391304347826086,0.2,0.782608695652174,0.5888662982370418,0.07164325262445925,0
user_1174,2021-02-17 15:28:00,10,18,10,2,2,2,8,19,11,6,17,2,0,4.12752221595046,0.8607857088467963,3.208978529542735,0.9090909090909091,0.18181818181818182,1.6363636363636365,0.9551004939139669,0.7692373746335412,0
user_1175,2021-03-17 12:21:00,16,18,12,1,2,1,14,11,5,6,10,2,0,0.9381157309896293,8.685957812115303,2.0119479763512103,0.7058823529411765,0.07692307692307693,1.0588235294117647,1.4678649830991293,0.08733645163243464,0
user_1176,2021-01-20 16:19:00,17,18,18,1,2,0,7,14,19,10,12,2,0,5.5549892402064325,4.629762397955949,1.7899277744614697,1.0,0.05263157894736842,1.0,1.8822019375975336,1.2679135068665686,0
user_1177,2021-03-06 04:44:00,17,22,10,3,2,3,16,7,15,12,7,5,1,1.4455207750985666,3.2290740969596134,3.385490870501597,0.5555555555555556,0.2727272727272727,1.2222222222222223,0.5330161061611098,1.550335012582704,0
user_1178,2021-02-08 09:47:00,12,13,8,1,1,2,7,16,15,17,12,0,0,8.837630874482505,3.7556959859864323,2.0261527042521763,0.6153846153846154,0.1111111111111111,1.0,0.07110369213325929,1.6338547639332972,0
user_1179,2021-02-14 10:42:00,25,13,8,1,0,1,10,11,15,13,18,6,1,1.5904155479632254,5.750123636145968,2.440148872061961,0.3076923076923077,0.1111111111111111,0.5,0.7539588894683598,1.060170482390029,0
user_1180,2021-01-10 06:55:00,23,13,10,1,3,1,5,15,9,13,14,6,1,5.893307192123817,7.669505223180155,7.511696245039405,0.4166666666666667,0.09090909090909091,0.5416666666666666,1.198372254719606,0.019441907118345814,0
user_1181,2021-04-22 21:05:00,15,13,10,1,1,0,6,14,15,7,16,3,0,5.120949600858533,4.823783187637025,9.884053741204093,0.625,0.09090909090909091,0.8125,1.752903403649178,1.6993069943874965,0
user_1182,2021-02-16 14:33:00,24,16,11,1,2,0,8,16,18,18,9,1,0,3.9159143177545683,3.3617428689151896,7.305316216734157,0.44,0.08333333333333333,0.64,1.9867492603704269,0.4385162905525164,0
user_1183,2021-02-03 10:33:00,16,17,16,2,2,2,13,12,10,8,14,2,0,1.4647191332602205,9.745396439394655,3.135076863163926,0.9411764705882353,0.11764705882352941,1.0,0.2721624137022951,1.9571477235763624,0
user_1184,2021-03-10 11:36:00,25,14,12,3,2,0,8,11,16,6,19,2,0,0.4857004729377912,4.309227282207083,5.2671604480135,0.46153846153846156,0.23076923076923078,0.5384615384615384,1.3066101552475757,1.2976489460615308,0
user_1185,2021-02-06 08:00:00,20,18,13,0,3,1,12,17,9,13,13,5,1,8.111917756208715,9.633861438998053,2.9612364870843675,0.6190476190476191,0.0,0.8571428571428571,0.13378522694420014,0.6610493637371331,0
user_1186,2021-01-22 18:23:00,14,20,5,1,3,0,10,18,6,8,11,4,0,8.533646380416744,6.700508518379436,2.244291178444564,0.3333333333333333,0.16666666666666666,1.3333333333333333,0.7119285051081119,0.10894444055359975,0
user_1187,2021-01-24 19:14:00,20,17,10,2,2,1,7,11,10,8,8,6,1,1.1133703799207972,1.4126607502205002,9.893573758193993,0.47619047619047616,0.18181818181818182,0.8095238095238095,0.14131775097384347,0.2823840124516781,1
user_1188,2021-04-26 14:39:00,17,16,16,2,4,1,14,19,6,6,18,0,0,2.1206567673828145,8.560731180279884,3.6999784224742713,0.8888888888888888,0.11764705882352941,0.8888888888888888,1.9877027340309386,0.6361465650107263,0
user_1189,2021-04-20 07:30:00,21,14,3,1,4,0,12,14,17,6,19,1,0,2.9567932463665225,4.640057235384827,5.191251811956669,0.13636363636363635,0.25,0.6363636363636364,1.6706549350112516,1.6898639401179767,1
user_1190,2021-01-17 08:56:00,21,21,7,1,2,2,5,11,19,13,18,6,1,5.723091227937745,3.625418014343863,8.211507887844007,0.3181818181818182,0.125,0.9545454545454546,0.11647298808326578,1.3450345930522178,0
user_1191,2021-02-27 14:51:00,16,17,13,1,2,2,14,9,6,17,11,5,1,0.6967241565525251,3.654714558356713,6.917240042676529,0.7647058823529411,0.07142857142857142,1.0,1.1509587025434147,1.179809676555031,0
user_1192,2021-02-18 07:46:00,15,19,6,1,0,0,10,12,6,7,15,3,0,3.1094409659183366,7.873211746229076,1.5291941935437139,0.375,0.14285714285714285,1.1875,1.012421097347205,1.2536448701177856,0
user_1193,2021-01-23 11:42:00,11,18,12,2,2,2,9,14,7,8,15,5,1,5.218484721567984,6.54441973710464,5.662053308005845,1.0,0.15384615384615385,1.5,0.6907147177528179,0.5333304670015437,0
user_1194,2021-04-11 08:11:00,19,16,8,0,5,0,9,15,14,19,7,6,1,1.3746419389165565,0.8888664812383906,1.2047782299284213,0.4,0.0,0.8,1.3673636605591037,1.5431929389009063,0
user_1195,2021-04-24 00:00:00,21,16,14,1,2,1,10,10,16,17,16,5,1,8.878977179415623,4.119023627929402,7.534917552106701,0.6363636363636364,0.06666666666666667,0.7272727272727273,1.2284205585025612,1.0983320909523233,0
user_1196,2021-01-16 19:53:00,14,11,10,2,3,1,16,7,15,8,16,5,1,1.7797038216284489,2.47964312282136,5.268724190609697,0.6666666666666666,0.18181818181818182,0.7333333333333333,0.9746469442251593,0.7074291315818795,0
user_1197,2021-03-21 04:14:00,17,17,10,1,3,0,14,19,12,12,16,6,1,4.088913096272493,7.560207432378533,6.477667388572325,0.5555555555555556,0.09090909090909091,0.9444444444444444,0.20165583599767123,1.7337004913734546,0
user_1198,2021-03-17 13:17:00,30,12,9,3,1,1,12,15,5,12,17,2,0,3.4556826277564157,9.550647459311033,3.5690616101835815,0.2903225806451613,0.3,0.3870967741935484,0.8732718012751446,1.6686580613544637,0
user_1199,2021-01-01 06:58:00,28,16,3,1,3,0,19,13,7,12,17,4,0,3.238889708703997,4.286439135329491,2.42703126060703,0.10344827586206896,0.25,0.5517241379310345,1.4944466386906772,0.7540727328536212,0
user_1200,2021-03-08 10:28:00,17,22,13,1,1,5,16,13,9,19,15,0,0,0.4057661431927073,0.5418889011390693,6.450689402555383,0.7222222222222222,0.07142857142857142,1.2222222222222223,1.2484650586180412,1.4702563507500612,1
user_1201,2021-03-23 00:03:00,18,12,8,0,1,0,16,18,8,10,6,1,0,1.9677382859779013,7.398686805834882,7.048945781614366,0.42105263157894735,0.0,0.631578947368421,0.15118416396055134,0.13884906350487958,0
user_1202,2021-02-07 20:40:00,24,18,10,3,3,1,18,8,6,9,8,6,1,3.451078247732932,2.5756580227457224,3.4904084755578677,0.4,0.2727272727272727,0.72,1.869699349664672,0.683180566211804,0
user_1203,2021-01-06 02:09:00,16,12,7,1,1,0,5,10,9,5,14,2,0,4.987035274878919,7.007973442534373,8.570906493894064,0.4117647058823529,0.125,0.7058823529411765,1.825935628045623,0.6242496226222434,0
user_1204,2021-03-07 06:46:00,19,15,7,3,2,0,9,7,15,16,10,6,1,7.8939704369538255,1.5161194704050351,2.680618033711507,0.35,0.375,0.75,0.8539458374560149,1.8518850753162095,0
user_1205,2021-02-05 01:43:00,14,12,11,1,2,2,7,16,6,9,10,4,0,8.342539937914868,5.99955638737962,8.189595357944544,0.7333333333333333,0.08333333333333333,0.8,0.9825515348596654,1.947177776256832,0
user_1206,2021-04-21 03:09:00,19,10,15,2,5,2,14,5,9,19,9,2,0,6.515250097027828,6.006111614290167,8.68215507759014,0.75,0.125,0.5,1.1474943641973554,0.9329962004281571,0
user_1207,2021-02-20 21:23:00,19,16,7,1,0,0,14,13,14,6,11,5,1,9.467824514170147,8.249427723991595,5.145457309218965,0.35,0.125,0.8,1.244488345620983,1.0152390386298948,0
user_1208,2021-04-15 18:36:00,21,19,11,1,2,0,15,17,7,11,17,3,0,4.886364847947775,9.09772856059067,1.6792625781876,0.5,0.08333333333333333,0.8636363636363636,0.4950797269431453,1.1905206611590395,0
user_1209,2021-01-10 18:36:00,17,14,12,1,2,1,12,12,6,14,8,6,1,5.46564397681558,2.4085552541833932,9.025435455535458,0.6666666666666666,0.07692307692307693,0.7777777777777778,1.446264316325294,1.8889861139139306,0
user_1210,2021-03-19 12:18:00,21,20,8,1,1,1,10,17,18,5,17,4,0,4.630100791478253,0.6503535690759166,1.5740312172859277,0.36363636363636365,0.1111111111111111,0.9090909090909091,1.3489620197780097,1.0643397540860555,0
user_1211,2021-02-22 13:47:00,11,8,17,3,1,0,10,19,11,18,8,0,0,2.0874484510413227,7.4856537574270305,1.4947051940987026,1.4166666666666667,0.16666666666666666,0.6666666666666666,1.0099793143489635,1.3532413429160923,0
user_1212,2021-01-05 05:19:00,21,17,11,0,1,0,9,5,12,9,17,1,0,1.7848797051961007,0.35479450889463804,2.6181271455227337,0.5,0.0,0.7727272727272727,0.08253239631699838,0.16036725156500387,0
user_1213,2021-03-29 09:29:00,24,15,11,0,3,2,9,11,19,11,18,0,0,3.0360895747627046,8.105954190591396,5.731672282849969,0.44,0.0,0.6,1.362254913211632,0.6872287770790269,0
user_1214,2021-02-12 01:25:00,15,15,9,1,0,2,16,9,6,11,12,4,0,5.022542819709271,9.979342381580011,1.2617419264697949,0.5625,0.1,0.9375,0.7864331690882354,0.6602477191058109,0
user_1215,2021-03-10 21:56:00,24,18,7,1,3,0,15,17,6,10,11,2,0,0.6731921933806917,6.96667017160443,9.857019105208995,0.28,0.125,0.72,1.4824263776318463,0.9552856337644537,0
user_1216,2021-03-15 18:35:00,19,9,8,1,3,1,10,16,17,7,19,0,0,9.277360833129327,4.202692897633423,1.5360995894422291,0.4,0.1111111111111111,0.45,0.8018103960423788,0.734834592660002,1
user_1217,2021-02-20 01:16:00,12,12,3,1,0,0,17,18,17,9,12,5,1,3.9285451763986803,5.566138602697414,5.000404785638143,0.23076923076923078,0.25,0.9230769230769231,1.5678223418811015,0.3869711097064952,0
user_1218,2021-03-14 13:27:00,20,14,11,1,4,0,6,7,6,17,10,6,1,8.969724258816417,4.427516053529055,5.786548735250383,0.5238095238095238,0.08333333333333333,0.6666666666666666,0.8943024617345052,0.7488109568537293,0
user_1219,2021-01-26 10:39:00,19,16,9,2,2,0,18,7,8,11,10,1,0,9.408905836619862,4.232517393257195,8.204822736485193,0.45,0.2,0.8,0.22128492982507297,0.2286064010002642,0
user_1220,2021-01-18 23:26:00,12,22,9,0,4,2,9,8,6,5,6,0,0,5.515967834486448,6.769882731144113,6.156418440959846,0.6923076923076923,0.0,1.6923076923076923,0.14009471363681958,0.07754618695445936,0
user_1221,2021-04-18 15:15:00,24,16,8,0,4,0,6,9,15,5,7,6,1,2.7298544002730996,8.88830430425921,2.3274675416631094,0.32,0.0,0.64,0.6096310955320008,1.077233463544364,0
user_1222,2021-02-28 01:47:00,26,18,4,0,0,0,14,19,14,15,18,6,1,7.128150859279382,7.305354672731949,3.822228347877573,0.14814814814814814,0.0,0.6666666666666666,1.8592962098218064,0.21863809053389494,0
user_1223,2021-03-11 20:41:00,10,14,9,1,1,3,15,9,19,18,13,3,0,5.499284721680066,9.749262885720745,3.987895312298818,0.8181818181818182,0.1,1.2727272727272727,0.1316299084990531,0.11993391489425909,0
user_1224,2021-01-15 13:44:00,14,15,7,1,0,1,15,13,6,5,5,4,0,8.936499704113185,1.1374374273316656,7.484560234294693,0.4666666666666667,0.125,1.0,1.944420167956699,1.79204406575356,0
user_1225,2021-04-23 13:22:00,21,12,6,1,0,1,16,19,18,5,10,4,0,0.2841924474069901,4.354053598949483,1.3992842725328334,0.2727272727272727,0.14285714285714285,0.5454545454545454,1.9562880184400382,1.7326903827864335,0
user_1226,2021-01-24 00:27:00,19,12,11,3,0,0,11,17,15,5,17,6,1,0.531888453718331,6.743198850482617,8.789846197822634,0.55,0.25,0.6,0.8459218888725291,0.49758925450076763,0
user_1227,2021-01-22 23:27:00,11,16,12,2,2,0,11,6,6,16,8,4,0,4.3005378497991895,4.554331953260159,3.49346343437962,1.0,0.15384615384615385,1.3333333333333333,1.301509798334953,1.088530838492669,0
user_1228,2021-03-09 18:31:00,18,10,7,1,1,1,8,19,8,16,15,1,0,4.671277244642224,0.12570227213808294,3.084704490681654,0.3684210526315789,0.125,0.5263157894736842,1.2013309132651833,1.762352261648793,0
user_1229,2021-03-31 11:17:00,20,18,14,0,1,0,18,19,16,14,9,2,0,8.909702911524315,3.406493388306957,3.231118618379847,0.6666666666666666,0.0,0.8571428571428571,0.36641387007482473,0.9259773433212086,0
user_1230,2021-02-16 06:33:00,28,15,10,1,1,0,11,16,8,15,5,1,0,7.344146566998905,6.6721169788666055,9.654987698362149,0.3448275862068966,0.09090909090909091,0.5172413793103449,1.1451480158439566,0.8403043551969935,0
user_1231,2021-01-28 10:35:00,19,14,9,0,2,2,7,9,19,6,17,3,0,1.089814156277863,4.3978973157467784,7.528006811358651,0.45,0.0,0.7,1.7376628031353534,0.6780556440483638,0
user_1232,2021-03-01 07:01:00,15,13,11,1,1,2,16,6,18,6,6,0,0,2.29747365853611,6.817509901131819,7.518702285718225,0.6875,0.08333333333333333,0.8125,1.9899283769280294,0.0623747234167662,0
user_1233,2021-02-06 23:06:00,22,14,13,0,2,2,9,10,13,8,19,5,1,5.043294682319822,5.532380680684498,2.4540370918448597,0.5652173913043478,0.0,0.6086956521739131,1.0588015896116212,0.32268192936797435,0
user_1234,2021-01-08 08:58:00,21,12,20,0,2,2,11,9,11,16,8,4,0,6.193817272343136,6.218814861024752,2.6866540787033495,0.9090909090909091,0.0,0.5454545454545454,0.5252185415997548,1.0726982445521192,0
user_1235,2021-02-14 16:57:00,14,10,11,0,2,0,19,13,15,8,11,6,1,2.9883952888992016,5.176537168162074,5.236927323590895,0.7333333333333333,0.0,0.6666666666666666,1.1505311399491838,0.9198623268732682,0
user_1236,2021-03-24 00:41:00,19,10,10,2,2,1,10,11,15,13,12,2,0,8.636065030120339,8.699861409480578,4.19973646353737,0.5,0.18181818181818182,0.5,1.1451219443709493,0.8346927972501168,0
user_1237,2021-04-15 04:56:00,27,13,6,1,3,1,17,9,15,10,17,3,0,0.9650229062304894,5.151791321509464,8.603583534893223,0.21428571428571427,0.14285714285714285,0.4642857142857143,0.5634454909829816,0.014819864201298438,0
user_1238,2021-02-27 11:34:00,19,18,8,0,2,0,10,6,14,7,13,5,1,2.032948153289599,5.165208702145543,9.487010666124789,0.4,0.0,0.9,0.731098674109981,0.364369373465804,0
user_1239,2021-03-19 15:17:00,25,19,9,3,2,1,9,19,6,15,10,4,0,3.7154346710770305,0.31458659125356947,1.0007351622045255,0.34615384615384615,0.3,0.7307692307692307,1.8607320724263883,0.5792199912828491,0
user_1240,2021-02-26 22:00:00,22,17,7,2,5,1,7,10,14,9,19,4,0,3.1881336868365695,5.064722019893705,9.436157946728859,0.30434782608695654,0.25,0.7391304347826086,1.8521246235987945,0.9649495707510494,0
user_1241,2021-04-22 10:05:00,29,15,5,0,2,1,19,10,14,16,12,3,0,6.3711502590167255,6.472179010751833,7.8442696124713525,0.16666666666666666,0.0,0.5,0.15262176253903048,1.6129463681016827,0
user_1242,2021-04-30 22:35:00,25,15,11,2,1,2,18,9,9,13,10,4,0,6.783845700893353,8.494918177821386,1.4098920479430925,0.4230769230769231,0.16666666666666666,0.5769230769230769,1.8481054472290817,1.5489128752031616,0
user_1243,2021-03-19 17:38:00,16,14,12,1,3,1,8,6,10,17,13,4,0,2.411739896467603,9.580723266509626,6.340380671203958,0.7058823529411765,0.07692307692307693,0.8235294117647058,0.6116834963265689,0.5905276755175113,0
user_1244,2021-03-11 01:41:00,29,13,14,0,2,1,10,5,19,8,8,3,0,9.051599388724052,7.369877240054236,5.55932106754102,0.4666666666666667,0.0,0.43333333333333335,0.9691661997984595,1.2791672924117377,0
user_1245,2021-04-25 03:05:00,23,21,4,1,4,0,10,19,8,17,13,6,1,8.197066515339037,5.978580490158329,5.134732366589633,0.16666666666666666,0.2,0.875,0.5639679225406866,0.7490104533743469,0
user_1246,2021-02-21 03:41:00,20,13,10,0,1,1,9,6,5,17,11,6,1,7.389557716301871,9.272112307857395,1.6808832788689076,0.47619047619047616,0.0,0.6190476190476191,1.2188992200735715,0.3219751184817381,0
user_1247,2021-03-19 12:15:00,18,6,11,0,2,2,16,6,6,6,19,4,0,8.683692650867016,1.3740205827974006,6.468352372014843,0.5789473684210527,0.0,0.3157894736842105,1.1568295111679368,0.7107491778594603,1
user_1248,2021-03-08 12:23:00,16,20,9,1,1,1,17,16,16,5,10,0,0,7.458270192724587,0.9597283702180526,2.9200541127711723,0.5294117647058824,0.1,1.1764705882352942,1.5921706248504632,1.1075897283540177,0
user_1249,2021-02-05 02:45:00,21,9,9,0,2,1,16,10,13,9,9,4,0,9.872375728009263,9.738715692026771,6.873406270403928,0.4090909090909091,0.0,0.4090909090909091,1.6409430179292885,0.8665498348042264,0
user_1250,2021-04-16 16:15:00,15,14,5,1,2,0,6,7,18,5,19,4,0,9.258914294562254,5.9883921127138855,9.302603648822725,0.3125,0.16666666666666666,0.875,1.7534444718236324,1.8822006736666084,0
user_1251,2021-02-19 19:38:00,15,12,11,1,3,2,10,12,19,12,9,4,0,3.822522360296702,5.606450664497904,9.752390458833034,0.6875,0.08333333333333333,0.75,1.423374611676295,1.4212086997865723,0
user_1252,2021-01-07 21:06:00,21,12,11,0,0,0,5,13,8,16,14,3,0,6.053588739945369,9.460394306152798,1.6454728457419652,0.5,0.0,0.5454545454545454,0.9019650331920108,1.6230501555222216,0
user_1253,2021-02-19 14:43:00,20,13,10,0,0,0,9,18,5,7,9,4,0,6.905099148552052,6.256387898777692,8.128912122813919,0.47619047619047616,0.0,0.6190476190476191,1.2225678667434055,1.8433148074045749,0
user_1254,2021-01-12 00:46:00,15,11,7,0,4,1,15,11,16,8,11,1,0,7.34710243625341,3.3549039572356887,4.612887850575154,0.4375,0.0,0.6875,0.3784324462399442,1.2589615515272496,0
user_1255,2021-02-23 00:57:00,17,17,6,1,3,2,10,10,17,8,18,1,0,5.980135642253902,4.141110190142897,1.4967601406279503,0.3333333333333333,0.14285714285714285,0.9444444444444444,1.2050972143698904,0.746313927826278,0
user_1256,2021-03-20 05:37:00,14,14,10,2,3,0,12,13,11,9,14,5,1,3.113447181054454,1.8492137875185088,8.592035092948498,0.6666666666666666,0.18181818181818182,0.9333333333333333,1.2783677820629609,1.2597265946178964,0
user_1257,2021-03-14 17:12:00,19,13,10,1,1,2,7,6,18,6,19,6,1,4.754996996511974,0.41497270778380724,8.47476196882524,0.5,0.09090909090909091,0.65,0.3978886400007611,1.4151857670339159,0
user_1258,2021-04-11 16:35:00,14,15,14,1,1,0,18,6,12,16,12,6,1,7.6065393626415485,1.3763304988220504,3.162081900817401,0.9333333333333333,0.06666666666666667,1.0,0.3166544530414124,0.05204041600549436,0
user_1259,2021-01-17 16:25:00,23,15,9,1,0,2,15,17,6,13,8,6,1,9.691078847563542,5.063120339792578,2.236771666573399,0.375,0.1,0.625,1.6497510883303408,0.012635993959579928,0
user_1260,2021-03-20 01:08:00,18,12,9,0,0,1,14,14,19,8,12,5,1,0.02504079957717953,7.99660911471287,6.175848701650976,0.47368421052631576,0.0,0.631578947368421,0.3079622480977786,0.914982937126098,0
user_1261,2021-02-21 16:39:00,16,20,9,1,4,2,13,9,15,6,7,6,1,4.581114853181339,3.660835509932694,5.853321536616278,0.5294117647058824,0.1,1.1764705882352942,1.09072295364192,1.0660961486695515,0
user_1262,2021-04-07 02:48:00,15,11,8,1,3,0,10,7,7,7,12,2,0,1.4111856865486272,7.705866914248539,7.848891737042534,0.5,0.1111111111111111,0.6875,1.427214191517947,0.6928059658761543,0
user_1263,2021-01-11 22:55:00,15,16,13,2,3,1,10,17,17,7,14,0,0,7.2629211527873085,6.365934706985321,5.193720204237724,0.8125,0.14285714285714285,1.0,1.5287331094485683,1.086067679304812,0
user_1264,2021-02-23 22:02:00,26,15,16,0,2,0,9,6,7,5,8,1,0,5.9948421819280195,5.915174609641685,4.332075465939122,0.5925925925925926,0.0,0.5555555555555556,1.970120463142312,1.1623128864787637,0
user_1265,2021-01-30 10:38:00,25,18,13,0,2,2,12,12,9,18,12,5,1,1.7818759731946165,0.6209631052916309,1.5257713997745643,0.5,0.0,0.6923076923076923,0.8444047790688887,0.860256320364905,0
user_1266,2021-01-11 03:58:00,25,13,10,1,1,2,5,9,11,7,9,0,0,5.711235225443358,1.210398470312134,2.82685024964582,0.38461538461538464,0.09090909090909091,0.5,1.5552791380697761,0.5554217570385254,0
user_1267,2021-01-02 04:26:00,24,22,6,0,3,0,8,18,16,8,17,5,1,4.543315899861874,4.682972515840552,5.657665800231498,0.24,0.0,0.88,0.6499830341174193,1.2082406744260232,0
user_1268,2021-03-19 09:21:00,22,21,8,1,2,2,12,11,11,19,15,4,0,2.908928042969311,1.5541690200002867,4.378075375311104,0.34782608695652173,0.1111111111111111,0.9130434782608695,1.8656101930292073,1.4097979461314836,0
user_1269,2021-04-11 09:51:00,13,23,5,2,4,0,12,7,8,17,6,6,1,3.4318491390237083,7.196276310956938,9.082418400381192,0.35714285714285715,0.3333333333333333,1.6428571428571428,1.0719640070678225,1.6179956844144894,0
user_1270,2021-03-25 15:51:00,22,16,9,0,1,2,17,12,15,6,13,3,0,6.891525810996638,7.888739129972974,5.303821651342351,0.391304347826087,0.0,0.6956521739130435,0.13558998732119654,0.7325832215224364,0
user_1271,2021-03-31 17:28:00,21,13,4,1,4,0,15,15,7,5,6,2,0,8.85393138622214,0.23369850627318445,9.42826224897916,0.18181818181818182,0.2,0.5909090909090909,0.9072782870457512,1.6357012706106162,1
user_1272,2021-03-07 06:50:00,30,10,12,0,2,1,16,14,5,19,11,6,1,6.567493130262028,0.3509201977538834,3.1811326672020055,0.3870967741935484,0.0,0.3225806451612903,1.5595239055035612,1.9202404303731104,0
user_1273,2021-03-30 16:03:00,28,11,12,1,3,1,5,11,12,18,5,1,0,4.7832127740719566,3.5631159879404373,7.621935253359422,0.41379310344827586,0.07692307692307693,0.3793103448275862,1.6576099111759344,1.394447171289641,1
user_1274,2021-04-05 02:10:00,33,21,4,1,5,0,7,19,10,9,8,0,0,8.333642144863573,5.506444387364844,7.068179171812519,0.11764705882352941,0.2,0.6176470588235294,0.9765757263768293,0.7867835969320269,0
user_1275,2021-04-08 21:57:00,20,16,11,1,1,2,6,10,17,17,15,3,0,7.50272515390585,0.6517879514888714,3.7396912428272415,0.5238095238095238,0.08333333333333333,0.7619047619047619,1.5728156138120082,0.9211182046103434,1
user_1276,2021-01-10 10:28:00,18,11,5,0,4,0,7,9,5,16,9,6,1,8.94933611426691,8.727976658948194,1.8426183187781797,0.2631578947368421,0.0,0.5789473684210527,1.48754937224223,1.3106060806279785,0
user_1277,2021-04-25 17:20:00,14,11,9,3,0,0,19,17,19,7,11,6,1,8.4898175877154,6.119585235583003,9.453484824733424,0.6,0.3,0.7333333333333333,0.4597722401457143,1.429857405438671,0
user_1278,2021-03-12 10:26:00,25,12,13,1,3,2,15,10,7,18,19,4,0,9.946415302806319,0.8268256693118692,6.006160369957037,0.5,0.07142857142857142,0.46153846153846156,0.4244434107118096,1.1719428837679604,0
user_1279,2021-04-20 16:56:00,20,15,7,2,2,2,14,14,17,12,9,1,0,6.223808961446849,1.643089471850846,1.5438701008373235,0.3333333333333333,0.25,0.7142857142857143,1.859961984456726,1.035150161289336,0
user_1280,2021-04-13 02:49:00,18,14,6,1,1,0,12,17,10,14,14,1,0,6.202090403794337,0.43210817820210634,3.17871355137358,0.3157894736842105,0.14285714285714285,0.7368421052631579,1.7091919453399536,0.46515100818829924,0
user_1281,2021-01-26 20:55:00,23,19,8,1,2,1,8,15,14,11,10,1,0,0.8463119017965981,3.2987554524000764,8.320130750946362,0.3333333333333333,0.1111111111111111,0.7916666666666666,1.5379282987408867,0.9917322362437149,0
user_1282,2021-04-11 14:17:00,11,10,15,1,0,2,19,7,14,15,16,6,1,1.1516493236800895,2.9971505233432927,8.569587260513268,1.25,0.0625,0.8333333333333334,0.628699802175211,1.5996542212499518,0
user_1283,2021-03-19 04:24:00,28,18,9,0,3,1,8,12,10,18,15,4,0,5.830457500757248,9.938877905559714,3.859278412936551,0.3103448275862069,0.0,0.6206896551724138,1.8854950163411635,1.1406717090183185,0
user_1284,2021-02-17 07:10:00,21,20,11,0,1,0,15,8,18,11,15,2,0,5.1144681182425735,0.10649370593565965,8.133681059193112,0.5,0.0,0.9090909090909091,0.24396648361579998,0.7217986102534681,0
user_1285,2021-02-14 09:54:00,19,14,9,0,1,0,12,10,6,5,14,6,1,8.578256593147866,6.5769144115309075,9.922988835581704,0.45,0.0,0.7,0.23186110750420674,0.20047569119537068,0
user_1286,2021-03-02 03:59:00,25,16,12,0,3,1,7,9,10,11,19,1,0,4.809863812289329,2.9078504192941415,5.115041710627846,0.46153846153846156,0.0,0.6153846153846154,1.4541821227710163,0.7316642846943091,0
user_1287,2021-02-09 17:36:00,14,19,11,1,3,3,13,17,11,7,17,1,0,9.161405912296255,5.106970286596875,8.917148294294151,0.7333333333333333,0.08333333333333333,1.2666666666666666,0.5741239535495004,0.6732936360836859,0
user_1288,2021-03-10 05:24:00,19,19,15,0,1,3,14,6,14,12,14,2,0,0.046076679053239644,4.4924938112226,4.276584602308342,0.75,0.0,0.95,1.1735956384901693,1.5985332913106287,0
user_1289,2021-01-31 07:53:00,21,18,10,1,1,1,11,19,18,10,12,6,1,2.8327487274435814,7.435431769133633,8.3524124051923,0.45454545454545453,0.09090909090909091,0.8181818181818182,1.8995279713602218,1.2073157770698304,0
user_1290,2021-04-22 16:07:00,16,17,5,1,1,1,17,17,11,13,15,3,0,7.699010526198386,7.623346442961889,9.971302253106552,0.29411764705882354,0.16666666666666666,1.0,1.2313604707948218,0.6223731317124748,0
user_1291,2021-04-09 12:51:00,18,24,7,1,0,0,6,8,10,7,19,4,0,0.8029163212576351,3.5046241195332284,9.638591410319856,0.3684210526315789,0.125,1.263157894736842,0.7037739963408742,1.865421199264913,0
user_1292,2021-04-11 06:17:00,28,12,11,0,1,1,14,8,11,15,10,6,1,6.111667793387222,5.335125020866759,6.894404146795743,0.3793103448275862,0.0,0.41379310344827586,1.2715065682127145,0.11338460131676298,0
user_1293,2021-04-19 08:58:00,19,13,12,1,1,0,6,19,13,9,19,0,0,7.5807730338426875,3.6865882680436632,3.2129224125902667,0.6,0.07692307692307693,0.65,1.0842823686490415,1.1726653870109203,0
user_1294,2021-04-27 12:41:00,13,19,10,1,1,0,6,6,12,11,12,1,0,7.997030875130891,2.3278129226839974,3.4000874653832964,0.7142857142857143,0.09090909090909091,1.3571428571428572,1.7473034866376476,1.054404742409418,0
user_1295,2021-04-25 18:59:00,18,13,9,2,1,1,14,6,15,11,18,6,1,9.374227917746827,2.510065832375804,6.592396439803771,0.47368421052631576,0.2,0.6842105263157895,1.0616239795146492,0.5375050307001978,0
user_1296,2021-03-26 23:18:00,18,22,8,0,0,1,5,6,12,18,6,4,0,9.985743913742564,1.9801744030453616,8.805708698184723,0.42105263157894735,0.0,1.1578947368421053,1.841917695405206,1.842878140618591,0
user_1297,2021-04-14 10:36:00,21,15,9,2,1,1,7,10,9,15,11,2,0,8.436657742199303,6.569214360281852,6.434241695826014,0.4090909090909091,0.2,0.6818181818181818,0.618211464373343,1.764779197304718,0
user_1298,2021-01-06 22:17:00,10,19,12,1,2,0,12,19,9,10,15,2,0,1.9133095442155479,4.498793828983693,8.823791739279116,1.0909090909090908,0.07692307692307693,1.7272727272727273,1.2954160803225578,0.41504767263085873,0
user_1299,2021-03-06 01:56:00,14,22,11,0,0,0,17,6,7,12,8,5,1,4.703902545346134,2.7772071741451265,7.013251678496514,0.7333333333333333,0.0,1.4666666666666666,0.302316391932117,1.8217997210898045,0
user_1300,2021-03-02 20:04:00,19,16,7,1,0,1,14,15,18,19,5,1,0,8.675448946980438,5.956484596495711,4.166109885728703,0.35,0.125,0.8,1.5447704313231547,0.40136063490159857,0
user_1301,2021-04-13 22:29:00,14,17,6,0,1,0,18,14,13,6,19,1,0,7.31093988242697,2.381587221505125,8.713203137614244,0.4,0.0,1.1333333333333333,1.2415353255979724,1.0832282727987226,0
user_1302,2021-03-08 01:00:00,12,19,10,1,0,1,10,15,13,10,11,0,0,8.743179178530909,4.686746666200509,8.868536313243919,0.7692307692307693,0.09090909090909091,1.4615384615384615,1.4608865539166136,0.8282604459809042,0
user_1303,2021-02-11 17:28:00,21,10,6,2,1,0,6,15,14,17,18,3,0,7.247588278995289,1.674421960527509,3.045343861132377,0.2727272727272727,0.2857142857142857,0.45454545454545453,1.3316364506879073,0.5168885812023272,0
user_1304,2021-04-29 04:54:00,10,10,9,2,1,0,14,19,13,18,14,3,0,7.31265553145384,7.827522352869619,8.429467886874756,0.8181818181818182,0.2,0.9090909090909091,1.3330792283983628,0.2352191507073469,0
user_1305,2021-03-12 12:38:00,24,17,6,0,1,0,18,19,11,6,19,4,0,4.393380293182733,8.603858761379056,9.511365104083646,0.24,0.0,0.68,0.22458363877350584,0.3500305031315287,0
user_1306,2021-04-27 03:48:00,21,10,6,2,0,0,6,9,13,15,13,1,0,0.8234822932687413,7.372042411006684,1.9867694927853785,0.2727272727272727,0.2857142857142857,0.45454545454545453,1.3354201801547516,0.9412663396636487,0
user_1307,2021-04-23 01:55:00,19,11,11,3,1,1,19,5,17,12,9,4,0,1.0450115743268096,7.1782649071312035,1.631126195981266,0.55,0.25,0.55,1.8096762921397,1.9022829237325083,1
user_1308,2021-03-13 17:45:00,20,17,10,2,2,0,17,15,14,15,17,5,1,2.623957635653229,1.421232505240314,1.0305079669300656,0.47619047619047616,0.18181818181818182,0.8095238095238095,0.1876001945466228,1.268713230393598,0
user_1309,2021-03-13 02:25:00,30,21,6,0,4,2,6,18,10,13,12,5,1,1.9398751707849637,8.314696122362284,7.060733674358817,0.1935483870967742,0.0,0.6774193548387096,1.9538935865712714,1.376644781598679,0
user_1310,2021-02-09 12:17:00,19,17,14,0,3,2,18,8,19,9,18,1,0,0.6058216945001937,5.3230776514423574,9.869878968204418,0.7,0.0,0.85,1.3960473393097768,0.9190534182215337,0
user_1311,2021-03-30 03:40:00,14,16,18,1,1,0,6,11,17,15,7,1,0,7.739197510608032,3.857928153882393,4.195489997615494,1.2,0.05263157894736842,1.0666666666666667,1.8203857136506298,0.08829190813955545,1
user_1312,2021-04-04 09:45:00,22,12,9,1,3,1,16,17,18,18,18,6,1,3.7794253347770845,1.8045836806794058,6.129311532964134,0.391304347826087,0.1,0.5217391304347826,0.6249617745322755,0.49070626266143336,0
user_1313,2021-01-13 21:42:00,17,13,11,1,3,1,19,9,15,18,19,2,0,3.4984898235756767,7.039925223362893,4.4711201831524505,0.6111111111111112,0.08333333333333333,0.7222222222222222,0.5148204106441632,1.6918007787908842,0
user_1314,2021-02-08 09:38:00,13,20,7,1,0,0,9,19,11,17,9,0,0,0.07074703021438311,5.881007796266569,3.653279049281285,0.5,0.125,1.4285714285714286,1.7735654192089965,0.5537010445791095,0
user_1315,2021-01-13 20:01:00,15,16,13,0,2,1,15,8,6,17,10,2,0,8.435840240537992,2.286799229765746,2.335523802787895,0.8125,0.0,1.0,0.13401819020432182,0.46013022773880374,0
user_1316,2021-01-10 12:23:00,21,11,7,0,5,0,7,19,5,14,6,6,1,4.628526676127605,7.175672950100983,1.9148980748710862,0.3181818181818182,0.0,0.5,1.3186805307647393,0.8049701699945189,0
user_1317,2021-03-24 05:39:00,21,16,11,0,2,1,15,14,14,13,15,2,0,2.929890581835306,7.150978397393891,8.809048498952682,0.5,0.0,0.7272727272727273,0.004132034247276151,1.0204975079533254,0
user_1318,2021-01-20 17:34:00,19,20,8,1,1,0,18,13,12,5,9,2,0,5.636421580792836,9.525659418438918,5.895255206284832,0.4,0.1111111111111111,1.0,1.32299630525914,1.8017849780007766,0
user_1319,2021-01-27 17:12:00,18,13,7,2,3,1,12,11,13,15,14,2,0,2.6599606789156405,9.293629431286988,7.607655061618834,0.3684210526315789,0.25,0.6842105263157895,1.3764124338435926,1.9383067026890903,0
user_1320,2021-03-03 05:10:00,9,22,12,1,0,3,8,5,5,11,12,2,0,9.543226346127415,8.823304638645032,8.88474196768587,1.2,0.07692307692307693,2.2,0.8896119706459371,0.1584260026414115,0
user_1321,2021-03-02 15:54:00,15,6,5,1,1,1,11,11,18,13,8,1,0,6.426225580226453,3.13849050510129,3.752056285047842,0.3125,0.16666666666666666,0.375,1.277926068146558,1.1459735316184168,0
user_1322,2021-03-20 04:11:00,20,16,8,3,3,1,7,14,19,15,8,5,1,8.825362431762022,5.516170900745154,6.471396669838034,0.38095238095238093,0.3333333333333333,0.7619047619047619,1.1148345255662628,1.6469069276618615,0
user_1323,2021-03-19 14:45:00,12,9,13,0,1,0,7,18,12,14,5,4,0,0.5323186479336561,5.7830830090832155,7.504876187661454,1.0,0.0,0.6923076923076923,0.2805729583539933,0.9924918806277137,0
user_1324,2021-03-19 13:15:00,21,14,9,0,0,1,14,19,9,6,16,4,0,3.8926723306282773,7.878140691294439,7.019734252270589,0.4090909090909091,0.0,0.6363636363636364,0.9447409633495223,1.7501356956742842,0
user_1325,2021-03-03 11:48:00,18,23,16,2,2,2,12,15,19,10,11,2,0,9.32932900314441,5.345861651601251,1.6738400020580269,0.8421052631578947,0.11764705882352941,1.2105263157894737,1.2981105078764863,1.0031878088650457,0
user_1326,2021-02-22 14:58:00,23,9,11,0,2,0,10,5,10,13,7,0,0,2.1543943754758663,7.688139587104894,6.975887357801323,0.4583333333333333,0.0,0.375,1.0967981155970332,1.590038583887524,0
user_1327,2021-03-21 02:58:00,24,18,10,0,0,1,5,18,7,19,8,6,1,3.4440628474549917,0.4301664210957268,6.952982371426272,0.4,0.0,0.72,1.462121993631203,0.3993063675414035,0
user_1328,2021-01-06 18:22:00,16,6,12,0,2,5,10,14,15,11,15,2,0,7.615139460792703,2.4432054023833216,8.619864736803635,0.7058823529411765,0.0,0.35294117647058826,0.7339936003018155,1.5404653013021274,0
user_1329,2021-04-18 01:54:00,25,17,6,3,3,1,5,19,8,9,5,6,1,5.855316200225146,1.4235643320222413,2.580516612029257,0.23076923076923078,0.42857142857142855,0.6538461538461539,0.5564865840800979,1.6459462016699002,1
user_1330,2021-01-10 08:16:00,21,13,7,0,0,1,18,10,6,17,16,6,1,8.370071297758031,9.325861886537414,3.264697199455675,0.3181818181818182,0.0,0.5909090909090909,0.9427120061732113,0.7407976522460775,0
user_1331,2021-03-04 00:54:00,21,13,10,1,1,1,12,18,15,7,10,3,0,8.626878920177562,4.105108460428031,9.279646114981361,0.45454545454545453,0.09090909090909091,0.5909090909090909,0.14263953221614822,1.5247706443916762,0
user_1332,2021-01-20 06:20:00,19,10,6,1,1,1,5,18,9,9,15,2,0,3.8328958157881976,2.0104235721180053,4.211356179533762,0.3,0.14285714285714285,0.5,0.22856463791935977,0.9542464100863488,0
user_1333,2021-01-30 18:48:00,24,12,8,2,2,0,8,9,16,19,13,5,1,5.875314815639131,6.466465490301986,5.617658511524699,0.32,0.2222222222222222,0.48,1.9203843283693367,1.197616194642812,0
user_1334,2021-02-16 16:10:00,14,20,6,0,2,0,5,12,14,7,9,1,0,2.4439156244727367,7.720007451085556,9.699154196041624,0.4,0.0,1.3333333333333333,1.618508157316836,1.5718531428792049,0
user_1335,2021-03-28 15:32:00,21,10,7,0,3,1,8,15,13,13,13,6,1,3.3670300102293007,9.38064394412909,1.7452875725806898,0.3181818181818182,0.0,0.45454545454545453,0.6139861225006424,1.159722516002983,0
user_1336,2021-02-21 11:56:00,19,19,4,1,4,1,5,14,16,8,18,6,1,0.2659634254246457,7.851089618508952,4.701898532856461,0.2,0.2,0.95,0.719763724033776,1.110646813539984,0
user_1337,2021-03-07 22:40:00,19,22,5,0,4,0,18,13,6,14,18,6,1,3.9984723092950256,3.642801219518641,6.411832116403345,0.25,0.0,1.1,0.32604138466375154,0.9954408700660957,0
user_1338,2021-04-12 02:21:00,10,12,6,0,0,0,8,10,16,6,16,0,0,1.0338884215260047,0.9898257354959916,2.144814101924242,0.5454545454545454,0.0,1.0909090909090908,1.8351054711395467,1.5732005286712192,0
user_1339,2021-04-25 06:52:00,15,16,13,2,1,0,14,17,17,17,12,6,1,4.536680161187058,6.562707605738975,3.955171001372662,0.8125,0.14285714285714285,1.0,0.7768833441827228,1.68649686833378,0
user_1340,2021-02-16 04:55:00,22,16,14,1,1,1,10,18,14,14,10,1,0,1.4068320659577938,9.103912714048132,8.446946639777059,0.6086956521739131,0.06666666666666667,0.6956521739130435,0.1049855126070336,1.438162745208078,0
user_1341,2021-03-12 03:03:00,22,9,10,2,1,3,10,14,8,6,6,4,0,8.656137349816548,2.737075070786924,4.039780154187548,0.43478260869565216,0.18181818181818182,0.391304347826087,1.5755438246403024,0.6894123196066257,0
user_1342,2021-04-29 02:33:00,29,17,11,1,4,0,17,18,7,14,11,3,0,4.232425601631345,6.175309112223838,5.15851779526443,0.36666666666666664,0.08333333333333333,0.5666666666666667,1.9313068828452171,1.0758809768670845,0
user_1343,2021-01-20 13:29:00,19,7,6,2,1,0,14,6,19,17,12,2,0,3.002222817713316,6.972677198470162,3.2819652611058836,0.3,0.2857142857142857,0.35,0.5865188837155082,0.33796112664484323,0
user_1344,2021-03-20 13:25:00,20,13,13,1,2,2,17,18,13,9,9,5,1,3.3029735647300495,2.2165504533430735,5.023148647158102,0.6190476190476191,0.07142857142857142,0.6190476190476191,1.8347735566335985,1.7255145098024451,0
user_1345,2021-01-12 16:32:00,25,16,13,2,4,4,11,9,9,6,6,1,0,3.7250730119478,3.8161579069966836,6.263345118229551,0.5,0.14285714285714285,0.6153846153846154,0.5771861564032217,1.3937818673879485,0
user_1346,2021-01-01 08:45:00,16,15,12,1,0,1,14,9,13,7,18,4,0,2.6844759965465306,1.8964398330560572,9.182712690097416,0.7058823529411765,0.07692307692307693,0.8823529411764706,0.7119061843006749,1.7232027406559676,0
user_1347,2021-01-07 14:14:00,21,28,12,0,3,2,6,10,19,15,6,3,0,1.4732786704074885,1.1782191941077524,2.201788069700512,0.5454545454545454,0.0,1.2727272727272727,0.8430294451849782,1.7834275352213127,0
user_1348,2021-04-19 03:13:00,22,13,1,0,2,0,10,11,7,18,14,0,0,0.7526528503846119,1.2429478873045863,6.432542061623816,0.043478260869565216,0.0,0.5652173913043478,1.702650280402417,0.48894731893882737,0
user_1349,2021-01-01 19:16:00,23,23,12,1,5,0,13,11,5,17,11,4,0,1.9737270396966489,8.359071979021044,2.0264014778683723,0.5,0.07692307692307693,0.9583333333333334,0.2739091625252217,1.6616840539155135,0
user_1350,2021-04-29 22:59:00,20,11,8,2,1,0,19,18,14,13,10,3,0,1.2935158592075646,5.70253467116715,3.2335784212164143,0.38095238095238093,0.2222222222222222,0.5238095238095238,1.9448343421320864,1.857852180742345,0
user_1351,2021-01-30 14:32:00,11,17,17,1,0,1,19,11,6,10,10,5,1,1.244378143104552,9.323110889124841,4.901188360148855,1.4166666666666667,0.05555555555555555,1.4166666666666667,0.5597638028869707,1.3561010778754894,0
user_1352,2021-01-20 17:42:00,14,14,10,1,1,0,15,15,15,17,19,2,0,4.295080268841616,1.528418007389617,3.7777437648094185,0.6666666666666666,0.09090909090909091,0.9333333333333333,0.06239808199983621,0.4034609759059107,0
user_1353,2021-01-06 20:06:00,23,19,8,1,2,1,11,12,15,10,15,2,0,0.760932470195137,8.899700903732874,4.357437080157957,0.3333333333333333,0.1111111111111111,0.7916666666666666,1.3590405472597749,0.6662025308033444,1
user_1354,2021-02-15 08:47:00,26,16,22,0,2,3,10,10,8,6,9,0,0,5.624694412650796,0.03159486267158673,9.265825795128576,0.8148148148148148,0.0,0.5925925925925926,1.011037810820298,1.4780744427097667,1
user_1355,2021-03-10 22:15:00,23,14,5,1,1,0,15,9,7,18,7,2,0,5.00474505288043,8.555222828430617,5.309122597184579,0.20833333333333334,0.16666666666666666,0.5833333333333334,0.06895775517981462,1.562980043002063,0
user_1356,2021-03-21 19:00:00,17,7,12,2,4,1,8,5,19,11,11,6,1,2.3922885548914707,0.9995244709645745,8.192397102926407,0.6666666666666666,0.15384615384615385,0.3888888888888889,0.8113819523321881,1.1512196591624588,0
user_1357,2021-01-06 13:13:00,18,13,10,1,2,1,14,18,10,15,16,2,0,4.411169827386031,5.2688781897570705,4.4732082189462465,0.5263157894736842,0.09090909090909091,0.6842105263157895,0.15152751558313127,0.3605234597670739,1
user_1358,2021-04-12 10:01:00,23,19,10,1,3,0,19,14,5,5,10,0,0,2.9805901804878876,4.419852215082358,6.674164330018934,0.4166666666666667,0.09090909090909091,0.7916666666666666,1.9653449338679245,0.2273733232057411,1
user_1359,2021-04-06 15:13:00,17,16,13,1,0,0,14,13,16,9,10,1,0,6.383366076781606,2.744493856332136,8.159060195090047,0.7222222222222222,0.07142857142857142,0.8888888888888888,0.66903466790517,0.906011170038131,0
user_1360,2021-03-22 20:02:00,21,12,11,0,3,1,16,17,19,16,10,0,0,3.761080198120422,0.3531053296157449,1.1612234938875412,0.5,0.0,0.5454545454545454,0.5827369886730158,0.4517819341450098,0
user_1361,2021-04-12 13:00:00,19,19,13,0,1,2,6,6,17,15,6,0,0,5.181004208206471,5.460358267213477,8.819834753270868,0.65,0.0,0.95,1.3100423929625977,0.7471657087478603,0
user_1362,2021-01-10 02:35:00,28,15,7,3,2,1,12,7,17,11,14,6,1,4.840396686319694,4.015207521343658,1.1442570981472149,0.2413793103448276,0.375,0.5172413793103449,0.7378447419054037,1.669430572368754,0
user_1363,2021-01-09 18:52:00,20,9,3,0,3,0,5,5,6,6,18,5,1,1.3215875587654669,3.54941751462115,9.392780410018275,0.14285714285714285,0.0,0.42857142857142855,1.3038641330129677,0.11098298833613995,0
user_1364,2021-01-16 06:15:00,19,22,10,0,1,0,5,13,18,6,13,5,1,5.1092140428958,8.668099824680777,9.95232482496464,0.5,0.0,1.1,0.7568691552890805,1.3997115694625981,0
user_1365,2021-02-27 23:09:00,16,9,7,0,2,1,13,11,15,16,5,5,1,2.8900819482122753,5.40441330422171,2.1627558419947075,0.4117647058823529,0.0,0.5294117647058824,1.7676285250023018,1.235448744611756,0
user_1366,2021-04-16 15:28:00,18,17,10,0,0,0,18,16,13,19,5,4,0,4.728259320998999,3.1307767099003536,7.631305453212297,0.5263157894736842,0.0,0.8947368421052632,0.7566971235234852,0.1154439945657264,1
user_1367,2021-03-24 14:14:00,25,10,13,1,1,2,6,18,18,8,7,2,0,1.4949450123564023,5.29392105450348,8.69073050428251,0.5,0.07142857142857142,0.38461538461538464,0.3129529094797565,1.4777903037028624,0
user_1368,2021-01-02 19:05:00,23,11,10,1,6,1,6,15,8,17,8,5,1,6.518446301927339,0.6098609876575944,2.4145332795713976,0.4166666666666667,0.09090909090909091,0.4583333333333333,1.513734844773348,1.7041478912858712,1
user_1369,2021-01-19 01:05:00,24,10,6,1,2,1,5,13,11,15,8,1,0,5.43250223203402,4.6545461582428995,6.775876902680658,0.24,0.14285714285714285,0.4,0.5294029910593405,1.4666464521855602,0
user_1370,2021-02-25 10:03:00,24,15,7,0,2,0,11,15,16,16,13,3,0,9.099282083670808,0.13910762540082167,3.033093972253069,0.28,0.0,0.6,0.560185826481189,1.6595057081556253,0
user_1371,2021-02-20 05:21:00,18,22,6,0,2,0,8,5,7,9,9,5,1,5.036236756456818,6.543828419537786,2.430789082521362,0.3157894736842105,0.0,1.1578947368421053,1.986568187554959,1.0879597239315064,0
user_1372,2021-01-04 21:00:00,16,17,10,3,2,3,7,19,19,7,7,0,0,3.189322859893169,9.936614340330696,5.545845987083281,0.5882352941176471,0.2727272727272727,1.0,0.8674902857118278,1.4828800916443599,0
user_1373,2021-04-05 17:29:00,33,15,5,0,5,0,19,6,6,9,16,0,0,0.6346376418683031,7.942512993779073,7.724221741687966,0.14705882352941177,0.0,0.4411764705882353,1.047679407084117,1.2443054144199635,0
user_1374,2021-02-21 12:54:00,13,22,6,3,1,0,19,15,19,8,5,6,1,5.053013908581151,6.724328644197557,7.7615931601351456,0.42857142857142855,0.42857142857142855,1.5714285714285714,0.355297769590317,0.2599839400480417,0
user_1375,2021-01-24 04:19:00,23,11,4,0,4,1,12,10,11,7,14,6,1,2.6754804193381565,5.069877382858358,6.146429976915956,0.16666666666666666,0.0,0.4583333333333333,0.035119188556022696,1.089401910932641,0
user_1376,2021-04-18 02:28:00,22,21,8,1,6,1,15,18,9,17,7,6,1,7.948066609320435,2.923060956307,8.355176191075463,0.34782608695652173,0.1111111111111111,0.9130434782608695,1.8308237773567235,1.837882704035041,0
user_1377,2021-01-01 01:22:00,22,11,16,1,4,3,8,11,18,8,7,4,0,9.470556967968395,2.1488681204907154,1.3362074727186821,0.6956521739130435,0.058823529411764705,0.4782608695652174,1.6340427560156119,0.612806782381822,0
user_1378,2021-03-10 19:07:00,30,12,9,0,3,1,18,16,6,5,5,2,0,5.010641994629567,8.137160742978006,8.942279301889426,0.2903225806451613,0.0,0.3870967741935484,0.3090648330178405,0.2802041892188849,0
user_1379,2021-03-20 22:18:00,25,17,10,0,3,2,14,19,16,17,13,5,1,8.278629441110253,2.339151788979379,8.646422730492894,0.38461538461538464,0.0,0.6538461538461539,1.3966393724946484,0.32890318902915916,1
user_1380,2021-01-01 01:43:00,31,16,17,1,5,2,16,6,11,12,10,4,0,7.657986923321789,2.8708885940148754,2.88568455356785,0.53125,0.05555555555555555,0.5,1.2277707088322025,0.7193433656026711,0
user_1381,2021-01-05 11:30:00,20,24,6,2,0,0,14,5,6,5,7,1,0,9.373010472047845,9.967251204701686,2.861229395972711,0.2857142857142857,0.2857142857142857,1.1428571428571428,1.911202878454831,1.7857739420649636,0
user_1382,2021-02-10 11:18:00,22,18,6,1,3,0,5,17,6,15,5,2,0,8.105311660027542,8.174302108120084,7.019182098611093,0.2608695652173913,0.14285714285714285,0.782608695652174,0.22950563727495688,1.4195492558936478,0
user_1383,2021-04-18 16:59:00,21,21,6,1,1,0,7,6,10,18,10,6,1,5.0249363181744915,7.505561349445707,4.4894886267915615,0.2727272727272727,0.14285714285714285,0.9545454545454546,0.7925234047418928,0.2533181501578572,0
user_1384,2021-02-25 05:32:00,21,21,7,1,4,1,12,11,8,5,15,3,0,4.681048692528354,3.2223156018746666,4.479590137271375,0.3181818181818182,0.125,0.9545454545454546,0.4977838568395878,0.5557267973406192,0
user_1385,2021-04-28 11:14:00,11,16,13,0,0,2,13,16,14,11,11,2,0,5.150939492332386,5.987831900250377,7.810056037956237,1.0833333333333333,0.0,1.3333333333333333,1.1950823717006913,1.2698402130383546,0
user_1386,2021-03-04 07:22:00,19,23,10,0,0,0,12,17,15,8,6,3,0,2.636202630603426,6.043171987895163,7.852816435045313,0.5,0.0,1.15,0.44270465707881224,0.9298859764936072,0
user_1387,2021-02-07 16:31:00,16,21,13,0,1,1,7,15,18,5,7,6,1,0.6906253254121297,3.9246850833087024,3.0778047287080073,0.7647058823529411,0.0,1.2352941176470589,0.5523278413089994,1.9596223181849368,1
user_1388,2021-02-20 05:24:00,15,17,14,1,1,1,7,9,10,7,13,5,1,0.411308312026899,4.426972714292559,5.302778132963677,0.875,0.06666666666666667,1.0625,0.15714742685754102,1.7423316015554275,0
user_1389,2021-03-14 01:06:00,18,13,13,2,4,1,15,8,10,12,15,6,1,5.309700895809448,7.062386038182043,2.7263820510590335,0.6842105263157895,0.14285714285714285,0.6842105263157895,1.7736204882378834,1.2619727777920657,0
user_1390,2021-04-30 18:04:00,11,12,7,1,0,0,18,19,5,11,14,4,0,4.75388036103483,1.4082162511767093,3.850327460360168,0.5833333333333334,0.125,1.0,1.1139690371038333,0.9514785461138122,0
user_1391,2021-03-17 05:50:00,23,17,9,0,3,0,9,11,12,13,7,2,0,3.923385890119897,5.270092202133378,6.878586340710242,0.375,0.0,0.7083333333333334,0.46288885377182054,1.9059827301909276,0
user_1392,2021-03-23 04:01:00,23,17,8,0,2,1,6,16,9,5,12,1,0,8.874877604630607,6.289885172615854,7.126622256987385,0.3333333333333333,0.0,0.7083333333333334,0.8813408115649142,0.2748545558446813,0
user_1393,2021-02-10 17:36:00,20,14,8,2,3,0,19,11,12,19,14,2,0,2.162639147019567,4.808860231150344,3.8525419258369973,0.38095238095238093,0.2222222222222222,0.6666666666666666,0.8235064127351139,0.5119405529865735,0
user_1394,2021-01-28 19:47:00,18,11,12,1,3,2,8,7,16,17,5,3,0,9.716364992007996,8.057636093877708,9.186687467639729,0.631578947368421,0.07692307692307693,0.5789473684210527,0.6227367785329805,0.45830658210636543,0
user_1395,2021-04-24 05:25:00,15,11,9,1,3,0,18,17,13,7,16,5,1,2.0871706842612237,0.34618278469197517,2.9741682197797665,0.5625,0.1,0.6875,0.008470160269799631,1.5925586456071805,0
user_1396,2021-04-12 18:47:00,15,16,8,2,2,1,9,19,11,10,7,0,0,3.656351635753846,1.9060019340010004,2.5561540230547743,0.5,0.2222222222222222,1.0,1.1662782357783883,0.22635050962761372,0
user_1397,2021-01-19 23:04:00,21,17,10,2,3,4,17,12,7,19,8,1,0,4.71181311888031,3.6410384383626204,1.7174681371452265,0.45454545454545453,0.18181818181818182,0.7727272727272727,1.956506628000398,0.38206323762841854,0
user_1398,2021-02-24 00:08:00,24,17,11,2,2,0,8,14,11,17,7,2,0,5.448585749410966,7.886392669105538,4.365644526803941,0.44,0.16666666666666666,0.68,0.8818191539654292,1.4547850530962092,0
user_1399,2021-02-12 11:53:00,19,14,15,1,2,2,9,14,18,12,16,4,0,9.633609114725964,2.0002668896041187,1.9675100356898216,0.75,0.0625,0.7,0.7830043450805735,0.5909233535943215,0
user_1400,2021-01-22 06:22:00,22,17,9,2,1,4,18,13,8,13,10,4,0,0.4780883933561275,1.8311771479782812,9.529459974337827,0.391304347826087,0.2,0.7391304347826086,1.3800564752345679,1.288934861835961,0
user_1401,2021-04-26 04:18:00,23,14,10,1,2,1,16,13,12,14,5,0,0,2.3808215244808926,3.6646389921042366,9.637650874363025,0.4166666666666667,0.09090909090909091,0.5833333333333334,1.0798110918697026,1.1571077805437806,0
user_1402,2021-02-24 04:04:00,25,11,11,1,2,0,16,12,5,15,17,2,0,3.2549946099559857,0.06689690402733928,3.7858528791589263,0.4230769230769231,0.08333333333333333,0.4230769230769231,0.23656595232995614,1.2222038009192222,0
user_1403,2021-03-17 01:08:00,18,17,8,0,1,1,12,12,16,9,17,2,0,5.541079001884358,9.706921937292098,2.029662922323623,0.42105263157894735,0.0,0.8947368421052632,1.5283328650850183,1.8795105218173573,1
user_1404,2021-03-05 20:35:00,31,11,9,0,3,1,5,10,16,18,9,4,0,0.4919878624290519,7.500075292109422,7.427700022428588,0.28125,0.0,0.34375,1.922449019175665,1.9405284542720656,0
user_1405,2021-04-30 02:59:00,17,17,13,1,0,2,6,16,8,17,12,4,0,2.2032349237751436,8.896938384465567,1.3285779490547787,0.7222222222222222,0.07142857142857142,0.9444444444444444,0.14247879424692478,1.9516785849152716,0
user_1406,2021-02-27 11:33:00,18,14,11,1,1,2,14,13,14,15,17,5,1,6.964179772330486,4.502858802269497,7.2581228649122185,0.5789473684210527,0.08333333333333333,0.7368421052631579,1.4554423291022724,1.1624065448068346,0
user_1407,2021-02-13 20:37:00,26,16,11,1,3,1,11,15,12,14,10,5,1,5.986608663520815,9.295884283735255,9.885408172565995,0.4074074074074074,0.08333333333333333,0.5925925925925926,0.34843851984670393,0.9720276786644872,0
user_1408,2021-03-16 15:46:00,18,13,15,2,2,2,15,16,16,18,13,1,0,5.264672948517512,3.2037916518451692,8.2440896549545,0.7894736842105263,0.125,0.6842105263157895,1.9630894353582313,1.6812905405611709,0
user_1409,2021-04-21 01:07:00,17,15,8,2,2,0,6,10,15,6,7,2,0,2.468667180313128,2.23417812574667,6.543160715970024,0.4444444444444444,0.2222222222222222,0.8333333333333334,0.1490327192675318,1.8063866555786843,1
user_1410,2021-01-08 10:57:00,18,6,9,3,1,0,11,7,19,15,7,4,0,1.3731117833326312,9.033785938673567,3.0147014625024373,0.47368421052631576,0.3,0.3157894736842105,0.8314786088003685,0.885054954094159,0
user_1411,2021-03-09 11:39:00,15,17,8,0,2,1,19,19,5,10,7,1,0,2.315393617611462,6.638226006915869,9.028759762962446,0.5,0.0,1.0625,0.04548047226445573,0.42561285811995586,0
user_1412,2021-03-25 05:42:00,30,15,13,1,2,2,11,14,13,16,6,3,0,9.89229669040496,4.179310590304409,4.943264413520215,0.41935483870967744,0.07142857142857142,0.4838709677419355,1.4350902050099044,0.7560150642012378,0
user_1413,2021-03-31 23:18:00,13,14,9,0,2,0,19,11,11,15,14,2,0,9.705735992149801,7.463263853320284,4.754416452225727,0.6428571428571429,0.0,1.0,0.638844608914628,0.6728597997826855,0
user_1414,2021-03-29 02:11:00,13,14,9,2,1,0,13,7,5,13,6,0,0,7.417550665205031,9.482878600416083,5.038242429684743,0.6428571428571429,0.2,1.0,1.6121503308592953,0.6126185768476051,0
user_1415,2021-02-15 19:14:00,31,21,7,1,1,2,14,12,15,14,18,0,0,2.5112952570111,2.527233148511584,7.032694866334733,0.21875,0.125,0.65625,1.212542882331331,1.6181112399826563,0
user_1416,2021-02-10 18:44:00,22,13,10,1,2,2,11,15,6,15,11,2,0,2.1846008761637603,7.147834235431027,5.915970488466263,0.43478260869565216,0.09090909090909091,0.5652173913043478,0.3027160373793458,1.5392854694452411,0
user_1417,2021-02-18 10:09:00,16,13,11,0,2,2,12,5,12,5,15,3,0,1.4843848767354784,9.550085445449012,8.65565339931323,0.6470588235294118,0.0,0.7647058823529411,1.198404705478128,1.087741294214526,0
user_1418,2021-02-03 21:13:00,28,13,13,1,2,1,16,16,9,16,5,2,0,0.8887975666297376,2.96970043132881,2.415962382980118,0.4482758620689655,0.07142857142857142,0.4482758620689655,0.3416053781702404,1.3130188382989758,0
user_1419,2021-03-17 21:05:00,13,15,5,0,2,2,14,11,13,7,18,2,0,3.9891387886332352,2.2670418596309307,6.28386446003778,0.35714285714285715,0.0,1.0714285714285714,0.5045075847056337,0.5726812114804525,0
user_1420,2021-03-18 00:38:00,23,21,10,0,5,1,12,7,12,15,7,3,0,1.7034321953311804,0.9823202204468562,1.8204459444294818,0.4166666666666667,0.0,0.875,1.763047683815056,0.9251000397976923,0
user_1421,2021-01-28 05:47:00,26,13,12,1,0,2,14,18,5,19,19,3,0,2.337462289173887,9.204623379476825,5.974970191247108,0.4444444444444444,0.07692307692307693,0.48148148148148145,0.5816913644618402,1.4034911239795604,0
user_1422,2021-01-23 09:20:00,20,9,6,1,2,0,13,11,6,10,6,5,1,5.240953494835754,6.785226242140949,7.9690505645660235,0.2857142857142857,0.14285714285714285,0.42857142857142855,0.022676319254384847,1.5687920071695827,1
user_1423,2021-04-13 22:40:00,18,10,8,0,2,1,8,17,18,17,17,1,0,8.769822154920618,6.907222919456071,6.100134394350763,0.42105263157894735,0.0,0.5263157894736842,0.7296427252078477,0.8685704707158666,0
user_1424,2021-03-26 01:45:00,21,13,5,0,2,0,11,9,7,6,8,4,0,9.955091449157585,7.074572021654596,3.2261798523989356,0.22727272727272727,0.0,0.5909090909090909,1.4412295958244867,1.8232569895486668,1
user_1425,2021-04-26 18:30:00,19,13,12,0,3,1,14,9,7,13,14,0,0,8.205674555935703,2.1332959067944737,1.6170253558309473,0.6,0.0,0.65,0.33350622894448434,0.7764470416098057,0
user_1426,2021-04-10 01:09:00,15,26,9,0,1,2,13,9,14,13,6,5,1,6.5317022631663635,1.4664147209002365,1.8798154956000825,0.5625,0.0,1.625,0.019303797372443476,1.3432047651798447,0
user_1427,2021-02-02 23:36:00,17,16,15,2,4,1,9,8,17,13,7,1,0,9.523159891724305,8.401726524988272,8.015204868096006,0.8333333333333334,0.125,0.8888888888888888,0.4580305609708406,0.26276210139980205,1
user_1428,2021-04-23 08:48:00,21,16,11,3,1,0,14,18,16,7,18,4,0,0.3966258211640483,3.9986114346182977,6.148223338943511,0.5,0.25,0.7272727272727273,0.782672126650424,1.3418022234263383,1
user_1429,2021-02-27 01:46:00,30,18,8,0,3,1,13,7,9,17,6,5,1,6.547773548064231,9.62701664034062,4.0553741164935175,0.25806451612903225,0.0,0.5806451612903226,1.8944751332105292,0.29619892219749944,0
user_1430,2021-03-06 02:50:00,15,15,15,2,2,1,19,8,7,19,16,5,1,7.337427967105644,2.811304562364586,9.004955411772556,0.9375,0.125,0.9375,1.1268186967248628,0.5843474565646285,0
user_1431,2021-01-18 21:04:00,11,22,5,2,1,1,11,19,7,16,6,0,0,1.4128997178559322,9.245753842276285,7.0826154325476605,0.4166666666666667,0.3333333333333333,1.8333333333333333,0.46238343352782274,1.124478265020578,0
user_1432,2021-03-18 04:50:00,23,14,7,2,4,1,8,5,5,9,6,3,0,0.7832186581641287,2.3089337943836172,6.3217781078628725,0.2916666666666667,0.25,0.5833333333333334,1.8943500096037833,0.8697891190328202,0
user_1433,2021-02-22 08:17:00,22,17,10,2,0,1,5,13,18,19,10,0,0,6.774648550809317,0.8751164624471963,6.293774950627628,0.43478260869565216,0.18181818181818182,0.7391304347826086,0.8340646905553923,1.806682585701024,0
user_1434,2021-03-05 11:03:00,18,14,8,0,1,1,11,9,5,9,12,4,0,2.2792234531141133,2.0936687130367817,8.047270540888164,0.42105263157894735,0.0,0.7368421052631579,1.884480784398349,1.1796919449265875,0
user_1435,2021-01-14 09:40:00,21,16,15,1,1,1,15,13,9,7,16,3,0,3.987973345415543,7.815128543472749,7.383410294215383,0.6818181818181818,0.0625,0.7272727272727273,0.5455782296361904,0.4879966098092541,0
user_1436,2021-03-02 07:16:00,21,13,10,0,1,2,19,5,12,6,16,1,0,4.725940215146571,6.617433199812041,7.6381684201839875,0.45454545454545453,0.0,0.5909090909090909,0.6889703706888675,1.4999244686682474,0
user_1437,2021-01-01 07:24:00,16,21,13,0,0,0,13,7,13,17,18,4,0,0.7288992773075043,7.137175981969602,7.758059719366201,0.7647058823529411,0.0,1.2352941176470589,1.7511838197106142,1.8114339831762378,0
user_1438,2021-03-21 05:08:00,19,14,7,0,2,0,8,12,15,12,19,6,1,3.8217793578591417,3.226249056334638,8.57385637401311,0.35,0.0,0.7,0.26541692926927185,0.7143434617658946,0
user_1439,2021-04-22 04:48:00,19,15,13,0,0,0,16,11,7,14,8,3,0,1.5283484409334358,1.3875165746565565,7.3833771733493325,0.65,0.0,0.75,1.8939641387858444,0.2809670860765112,0
user_1440,2021-04-01 00:25:00,18,11,7,1,2,1,5,7,17,11,12,3,0,2.841685215074955,8.877930192894558,5.436990714398368,0.3684210526315789,0.125,0.5789473684210527,0.09295399433390439,0.6939525959218542,0
user_1441,2021-02-26 10:28:00,31,14,7,1,6,0,18,13,7,8,14,4,0,9.51367134354886,7.193145256532995,7.101267917038806,0.21875,0.125,0.4375,0.7310024136518727,1.784975674068528,0
user_1442,2021-04-05 09:54:00,23,9,5,2,1,0,11,14,19,10,10,0,0,2.5770847947983135,2.384511537451315,6.758025004969564,0.20833333333333334,0.3333333333333333,0.375,1.4104476219910447,0.4527331104742496,0
user_1443,2021-03-30 03:00:00,17,18,8,1,0,0,19,14,5,10,13,1,0,9.226282143769524,7.104213461605057,4.414656908360344,0.4444444444444444,0.1111111111111111,1.0,1.4216184047457623,1.944590079121172,0
user_1444,2021-03-18 18:01:00,6,16,7,1,2,1,13,6,16,12,10,3,0,3.103971055222191,8.870433760942536,3.5764140961957915,1.0,0.125,2.2857142857142856,1.1704543201096949,0.03281272644139954,1
user_1445,2021-04-23 14:49:00,23,8,5,1,3,0,5,12,16,10,13,4,0,4.4178644365962025,4.720234187858238,7.985526161631142,0.20833333333333334,0.16666666666666666,0.3333333333333333,0.32825550537519277,0.9028266429888812,0
user_1446,2021-02-15 06:10:00,22,11,6,0,2,1,10,7,9,14,11,0,0,9.300035032983706,5.362423160921987,5.840393503402497,0.2608695652173913,0.0,0.4782608695652174,1.4574586941654541,0.7729488728857246,0
user_1447,2021-02-22 00:28:00,25,16,11,2,3,1,12,15,8,15,9,0,0,8.651196434118042,0.8706987682048861,6.056338465847141,0.4230769230769231,0.16666666666666666,0.6153846153846154,0.34267166730339804,1.577238713961432,0
user_1448,2021-03-21 11:25:00,25,9,14,1,3,3,12,15,13,11,8,6,1,1.5855506682260412,0.01846609429568824,5.725981490272645,0.5384615384615384,0.06666666666666667,0.34615384615384615,1.0954014860192636,1.7724721607647538,0
user_1449,2021-02-21 15:47:00,22,13,15,0,0,1,9,15,15,7,15,6,1,2.903481012044823,3.772180918989416,6.291396676614081,0.6521739130434783,0.0,0.5652173913043478,1.4143017122491752,0.2386990688848909,0
user_1450,2021-01-12 22:46:00,33,10,8,1,0,0,12,11,17,16,6,1,0,1.974936181404574,7.552647190601649,8.958102163570771,0.23529411764705882,0.1111111111111111,0.29411764705882354,0.12364444895326021,1.9253108446157112,0
user_1451,2021-01-20 06:47:00,25,15,5,2,2,0,5,19,18,16,19,2,0,1.0043451078666787,3.3214123962883546,1.7256698546593403,0.19230769230769232,0.3333333333333333,0.5769230769230769,0.20670865085150525,0.6814807412760324,0
user_1452,2021-04-16 18:37:00,15,16,10,1,2,0,7,16,13,12,14,4,0,7.736810900654081,7.270395613801136,6.337772515461121,0.625,0.09090909090909091,1.0,1.4703748110839772,1.937792983964534,0
user_1453,2021-02-12 14:27:00,29,20,6,1,2,1,9,19,12,13,6,4,0,6.8109342065709635,5.548046897453526,5.9559182429491395,0.2,0.14285714285714285,0.6666666666666666,0.2927996714100538,0.144376369406092,0
user_1454,2021-03-23 15:44:00,21,17,10,1,3,1,14,13,12,19,19,1,0,3.032923877748207,8.062758982568825,2.0760224809845615,0.45454545454545453,0.09090909090909091,0.7727272727272727,1.79459287865283,0.9324733033913322,0
user_1455,2021-02-27 18:04:00,26,19,8,0,2,0,12,16,15,13,9,5,1,7.165705044622866,8.998755034355355,9.300689498266205,0.2962962962962963,0.0,0.7037037037037037,1.989751380838889,1.899005923810093,1
user_1456,2021-04-12 10:13:00,16,12,8,3,2,0,13,11,12,8,17,0,0,7.928970375098433,9.652973127393189,5.603557910597606,0.47058823529411764,0.3333333333333333,0.7058823529411765,1.6899133247048461,0.038566068311156165,0
user_1457,2021-01-02 22:08:00,19,18,10,0,2,0,6,5,18,5,19,5,1,6.52816453708202,8.484979535501695,4.098127335810102,0.5,0.0,0.9,0.6452564951917212,0.3574807617338127,1
user_1458,2021-02-27 02:27:00,21,16,6,0,1,0,14,15,14,17,10,5,1,9.37175534580707,3.8093034117107702,1.4604537899258232,0.2727272727272727,0.0,0.7272727272727273,1.3882922459802816,1.3677029529641185,0
user_1459,2021-03-21 13:40:00,29,23,8,0,5,2,17,9,9,8,5,6,1,4.981302666178547,2.053198129500636,1.918746474654698,0.26666666666666666,0.0,0.7666666666666667,0.6511612850954047,1.259979712478601,0
user_1460,2021-01-27 03:40:00,17,15,9,0,2,0,12,19,19,17,19,2,0,5.3277071244898835,9.76597085811835,2.3386819056413426,0.5,0.0,0.8333333333333334,0.19199653364316926,0.9516079981627348,0
user_1461,2021-01-02 22:14:00,16,15,9,1,0,0,18,11,9,15,5,5,1,4.122067331773812,3.581141757093722,8.567282226429507,0.5294117647058824,0.1,0.8823529411764706,1.9002524016691682,1.3349684667668527,0
user_1462,2021-01-21 17:11:00,21,21,3,2,2,0,12,7,9,10,9,3,0,2.833281392050162,3.138058921164597,4.592807217015078,0.13636363636363635,0.5,0.9545454545454546,0.8901411896946338,1.1389998545020568,0
user_1463,2021-02-08 16:57:00,19,13,6,1,3,0,15,6,6,17,7,0,0,0.6364334924857828,9.577607093824117,1.861011057807163,0.3,0.14285714285714285,0.65,0.8765212943721321,1.7815492123382883,0
user_1464,2021-03-09 10:18:00,17,8,6,1,1,0,12,12,8,5,10,1,0,3.092159292942507,8.15010628408749,1.543054771994538,0.3333333333333333,0.14285714285714285,0.4444444444444444,0.8785038344447778,1.301759260163845,0
user_1465,2021-04-11 00:47:00,20,18,13,0,2,1,9,14,19,11,17,6,1,7.296240586383492,0.048700668095562616,6.106610427303022,0.6190476190476191,0.0,0.8571428571428571,0.5619616972329,0.5689069920367518,0
user_1466,2021-02-22 13:29:00,20,12,14,2,2,5,15,6,18,10,13,0,0,2.3020125761854815,9.595626184371397,7.761594276389259,0.6666666666666666,0.13333333333333333,0.5714285714285714,1.0188862386243596,0.48532272939740073,0
user_1467,2021-04-12 15:34:00,15,16,5,0,2,0,18,5,12,18,19,0,0,3.878898024431474,7.451849462932891,4.232716534824936,0.3125,0.0,1.0,1.964108715106304,1.042166131963335,0
user_1468,2021-02-14 21:51:00,16,15,6,0,1,0,13,18,7,13,10,6,1,1.9814558952300032,9.12225067202452,5.534261777866324,0.35294117647058826,0.0,0.8823529411764706,0.3019316332349611,1.6904669359579665,0
user_1469,2021-01-14 14:36:00,16,15,17,1,2,2,12,15,13,12,5,3,0,9.71016605160236,6.055822563142658,7.9479030700876905,1.0,0.05555555555555555,0.8823529411764706,0.27515617148539184,0.5374952996323961,0
user_1470,2021-02-20 07:03:00,20,19,7,1,7,1,18,6,18,13,13,5,1,9.068955084718612,5.894838527421849,3.6783236214005757,0.3333333333333333,0.125,0.9047619047619048,0.3118503665252532,1.1577374443841881,0
user_1471,2021-01-29 04:11:00,23,16,12,0,4,1,7,12,15,19,18,4,0,4.286627827736183,5.056744684218604,2.7501308612955624,0.5,0.0,0.6666666666666666,0.35435371841231467,0.8977121565267672,0
user_1472,2021-03-13 14:39:00,17,11,9,2,0,3,8,8,13,11,19,5,1,8.583570346687349,5.229775695876553,4.095398627041374,0.5,0.2,0.6111111111111112,1.8165173658902944,0.8076539136491081,0
user_1473,2021-04-29 08:45:00,15,17,12,0,3,2,13,19,16,8,10,3,0,5.2779399396673305,5.597916533764771,5.22770431000048,0.75,0.0,1.0625,0.6448251144729478,0.33731588503614085,0
user_1474,2021-04-14 03:03:00,26,14,9,3,4,1,17,18,16,5,12,2,0,3.6952518868592543,8.707158073706795,7.35291367863294,0.3333333333333333,0.3,0.5185185185185185,0.4028628756846997,0.7807976098904219,0
user_1475,2021-03-17 22:30:00,14,11,10,3,0,0,13,15,7,9,19,2,0,2.031295481054883,8.448868875014163,4.350053144818945,0.6666666666666666,0.2727272727272727,0.7333333333333333,0.9456179417449699,0.7659789756825419,0
user_1476,2021-04-16 18:21:00,20,15,13,5,2,0,14,15,11,17,11,4,0,5.821517942510582,8.902335370218793,1.9040422653258382,0.6190476190476191,0.35714285714285715,0.7142857142857143,0.2899368497772088,1.118895702399016,0
user_1477,2021-04-29 04:40:00,22,19,10,1,1,1,8,17,12,9,12,3,0,3.7271107526894176,8.856659496826076,6.514285499861451,0.43478260869565216,0.09090909090909091,0.8260869565217391,0.5463154385959113,1.3503634153317752,0
user_1478,2021-01-20 01:14:00,19,19,7,1,5,0,8,5,9,5,15,2,0,6.042293579496639,7.9764286523431185,3.3758270944097206,0.35,0.125,0.95,0.14379477605522673,0.4171061572135557,0
user_1479,2021-01-16 17:55:00,18,18,4,1,2,1,6,11,15,18,5,5,1,3.0678102394626694,8.434327043481764,6.040117019984063,0.21052631578947367,0.2,0.9473684210526315,1.1491207423710148,1.9616465444690994,0
user_1480,2021-01-04 17:27:00,13,15,6,0,2,0,10,8,9,8,7,0,0,5.149231062753383,0.6859964449622169,2.0162118887034914,0.42857142857142855,0.0,1.0714285714285714,0.720698482291136,1.5573551019349217,0
user_1481,2021-03-23 23:25:00,23,20,9,1,3,1,6,9,18,17,14,1,0,0.1968541110315225,5.733837109404819,6.199775515338938,0.375,0.1,0.8333333333333334,1.9295114755794456,0.32831398178839133,1
user_1482,2021-01-05 10:30:00,22,15,8,0,2,0,14,18,7,11,7,1,0,9.72322683625123,3.629178782479138,3.8790824068886787,0.34782608695652173,0.0,0.6521739130434783,0.31706247115614206,1.1245865647868325,0
user_1483,2021-03-27 10:00:00,22,18,9,0,2,2,7,9,13,9,8,5,1,3.619472843535614,7.78001365391864,4.9827599033458405,0.391304347826087,0.0,0.782608695652174,0.921622102816462,0.18761715689581715,0
user_1484,2021-01-11 23:21:00,14,15,14,1,3,0,8,14,6,5,16,0,0,8.215303742078296,4.588386105511969,4.257302913655462,0.9333333333333333,0.06666666666666667,1.0,1.2073352745708514,0.033635016441269094,0
user_1485,2021-04-18 07:26:00,17,13,4,2,3,0,12,14,12,8,13,6,1,0.46683986621831597,6.507838449966483,4.503566145123532,0.2222222222222222,0.4,0.7222222222222222,1.91945878605174,1.8105584735728169,0
user_1486,2021-03-08 01:16:00,22,15,13,2,2,0,10,10,8,9,16,0,0,9.686080160689718,4.21973898291256,3.0760892830000683,0.5652173913043478,0.14285714285714285,0.6521739130434783,0.47152351345461097,0.7931276891290902,0
user_1487,2021-02-04 21:31:00,27,11,12,1,6,2,12,12,18,10,11,3,0,0.5563276885658341,9.495546211729307,7.945194019960298,0.42857142857142855,0.07692307692307693,0.39285714285714285,0.8734880556855038,1.905038547038151,0
user_1488,2021-02-22 07:32:00,25,13,17,0,3,2,6,13,17,19,19,0,0,7.0680327669530385,2.685241984921334,4.58235228105497,0.6538461538461539,0.0,0.5,1.5329733195632183,0.37346110814312095,0
user_1489,2021-02-14 00:41:00,17,7,10,2,3,3,14,6,9,12,10,6,1,3.781835065178077,2.5231064326346364,9.372552899621107,0.5555555555555556,0.18181818181818182,0.3888888888888889,1.658091470455868,1.1041994446269823,0
user_1490,2021-02-20 17:56:00,30,20,11,2,3,0,16,5,9,10,14,5,1,8.08664020303518,3.8523729072373456,8.511560493575637,0.3548387096774194,0.16666666666666666,0.6451612903225806,1.0357787697092602,1.3558016980169938,0
user_1491,2021-04-13 06:52:00,19,19,13,1,4,1,10,5,10,11,10,1,0,2.2414598698252575,6.175149957339859,8.341528872514399,0.65,0.07142857142857142,0.95,0.599741582920102,1.222523133087907,0
user_1492,2021-03-17 07:57:00,23,19,13,1,1,3,7,19,10,18,14,2,0,8.455462374998877,9.885304060071347,9.852211174835476,0.5416666666666666,0.07142857142857142,0.7916666666666666,1.4284020830116018,0.2982875621484642,0
user_1493,2021-01-07 03:03:00,24,20,14,1,5,2,17,12,18,15,14,3,0,8.301363496055256,0.872511061479615,7.116480500319738,0.56,0.06666666666666667,0.8,1.704877078660725,1.0629917123620714,0
user_1494,2021-04-06 14:44:00,26,13,11,1,3,1,14,5,12,18,19,1,0,6.001846983867002,9.661184640037245,2.7160240811690786,0.4074074074074074,0.08333333333333333,0.48148148148148145,0.35588669473085854,0.6548459845435204,0
user_1495,2021-01-02 10:59:00,14,17,9,0,3,1,14,15,6,17,12,5,1,8.796238979689956,8.265398252733826,4.937750470320214,0.6,0.0,1.1333333333333333,1.4701501365882468,1.1586578351356998,0
user_1496,2021-02-28 08:09:00,14,9,9,1,2,1,11,19,16,12,15,6,1,1.1395952233069317,6.880739922551392,1.9143532377104235,0.6,0.1,0.6,1.629022276123424,1.1238683965652165,0
user_1497,2021-04-18 22:23:00,27,9,13,0,5,1,10,18,10,16,11,6,1,7.238803292092796,7.137590201121955,9.761909204446201,0.4642857142857143,0.0,0.32142857142857145,1.1101449822945137,0.30212326296539427,0
user_1498,2021-01-05 10:58:00,21,15,10,1,2,1,5,16,10,6,11,1,0,1.2145323548521891,2.27913051730828,5.1803262165718635,0.45454545454545453,0.09090909090909091,0.6818181818181818,0.6881726903067371,1.9566087036355428,0
user_1499,2021-03-25 15:26:00,25,20,19,1,2,2,19,7,17,5,5,3,0,4.4068710514039875,3.6179924140039366,5.5961584075178825,0.7307692307692307,0.05,0.7692307692307693,1.7842086034786682,0.5351635947656752,0
user_1500,2021-04-16 16:07:00,24,22,11,0,3,0,12,15,9,15,19,4,0,1.0537140941415668,1.8949851268244355,4.8822364614478,0.44,0.0,0.88,1.5463971257015559,1.445147322998508,0
user_1501,2021-03-14 05:08:00,21,11,10,1,4,1,19,16,16,12,17,6,1,2.238524366000183,7.684095110644366,6.831917580745669,0.45454545454545453,0.09090909090909091,0.5,0.008203570166263274,0.9296878084150029,0
user_1502,2021-03-06 08:21:00,25,17,9,1,3,0,10,7,5,8,12,5,1,2.4080875954485617,0.8545612059413665,9.933251839499249,0.34615384615384615,0.1,0.6538461538461539,0.745482631192141,0.16899741095223497,0
user_1503,2021-02-11 08:18:00,18,17,8,0,0,0,6,13,15,17,8,3,0,3.5502303771163213,5.7697077484245085,1.9906885394989322,0.42105263157894735,0.0,0.8947368421052632,1.607010577178178,1.3817297324250846,0
user_1504,2021-03-18 04:49:00,12,15,8,0,0,1,13,8,12,11,8,3,0,2.4104980461094963,8.053321844872944,3.5410983770991957,0.6153846153846154,0.0,1.1538461538461537,0.6312749140111227,1.2499338887296345,0
user_1505,2021-03-17 01:02:00,20,17,9,0,2,2,8,10,7,18,10,2,0,6.239278762268019,3.7284396501168535,1.7151080063237305,0.42857142857142855,0.0,0.8095238095238095,0.2786146103726237,1.072127612052394,0
user_1506,2021-04-17 17:55:00,24,9,11,0,2,2,19,5,16,19,12,5,1,6.874916112515988,9.945850720155029,6.007744242728444,0.44,0.0,0.36,0.19827616950975702,0.651276876043513,0
user_1507,2021-04-22 12:58:00,23,16,13,1,3,1,14,15,18,14,12,3,0,6.529321366053594,8.778541688653767,9.869547509560812,0.5416666666666666,0.07142857142857142,0.6666666666666666,0.202551559579208,1.6119720751890239,0
user_1508,2021-01-17 21:17:00,16,17,4,2,1,0,8,7,10,13,6,6,1,7.054858549132794,4.220802970488581,5.991891254840279,0.23529411764705882,0.4,1.0,0.2996227198168786,1.217121389737653,0
user_1509,2021-01-28 06:49:00,18,22,7,2,2,2,5,16,7,13,11,3,0,6.228548896825985,6.589523315256304,9.120404263299388,0.3684210526315789,0.25,1.1578947368421053,0.022967158345563066,0.15693438576035068,0
user_1510,2021-01-07 16:56:00,23,12,8,1,2,0,13,16,11,19,15,3,0,6.227704312948359,5.603889731693635,5.668567136718014,0.3333333333333333,0.1111111111111111,0.5,0.3254391024386998,0.8049996909933474,0
user_1511,2021-04-13 07:16:00,30,14,12,1,4,3,12,14,6,18,13,1,0,0.42022959177609676,4.813811779911684,3.1599532516674067,0.3870967741935484,0.07692307692307693,0.45161290322580644,1.2487694284699893,0.2407638871947404,1
user_1512,2021-04-19 12:52:00,19,18,12,1,1,2,9,9,11,5,6,0,0,3.0880422272767314,8.94685754795568,6.975685707404033,0.6,0.07692307692307693,0.9,0.9217631372072099,1.2123826751873235,0
user_1513,2021-03-12 06:41:00,23,10,7,2,2,1,14,10,6,14,6,4,0,8.25265203114789,0.5090080450179091,1.9155699731736688,0.2916666666666667,0.25,0.4166666666666667,0.8567581024713613,1.7833368751690406,0
user_1514,2021-03-29 12:02:00,26,18,4,2,4,0,13,11,17,13,12,0,0,4.384710183352507,7.973334317909765,6.483774069947082,0.14814814814814814,0.4,0.6666666666666666,0.4063187678839537,1.9941115705036736,0
user_1515,2021-02-15 18:17:00,18,18,9,1,2,0,8,19,6,11,10,0,0,7.783861685484705,8.539649750746204,5.036007211704633,0.47368421052631576,0.1,0.9473684210526315,0.9976901164070624,1.5904077042027231,0
user_1516,2021-02-18 15:22:00,17,17,12,1,0,1,14,16,6,17,14,3,0,2.7838036766744434,6.209137214500058,2.2464514651059337,0.6666666666666666,0.07692307692307693,0.9444444444444444,0.7934859693728018,0.9499925257228836,0
user_1517,2021-03-05 02:58:00,20,18,10,0,1,1,12,18,12,18,10,4,0,1.1025509174271153,8.308444285019492,6.857804243586678,0.47619047619047616,0.0,0.8571428571428571,1.7416640573995281,0.437554840819635,0
user_1518,2021-03-22 19:15:00,19,24,7,1,4,0,19,15,18,12,18,0,0,3.7171072391967233,8.559649060371457,6.326828918013591,0.35,0.125,1.2,0.19614057388003237,1.8085438894007753,0
user_1519,2021-01-24 21:03:00,19,21,9,0,2,0,6,12,19,15,17,6,1,3.88459768783064,8.834550598691614,4.207644855531928,0.45,0.0,1.05,0.9199683778101642,0.9532272152901415,0
user_1520,2021-02-13 16:18:00,16,15,9,3,1,1,9,10,13,5,11,5,1,0.9892655479514711,3.920119106637471,1.2071931911754792,0.5294117647058824,0.3,0.8823529411764706,0.7835364651073788,0.6159102091292066,0
user_1521,2021-03-24 21:52:00,27,20,12,0,3,1,17,15,18,15,5,2,0,1.0366295216153087,6.679375472687895,1.3245050597595889,0.42857142857142855,0.0,0.7142857142857143,0.951881429780099,1.281387801152603,0
user_1522,2021-04-11 04:27:00,20,22,11,1,0,2,16,18,6,18,14,6,1,9.098497113084166,5.757514925597608,9.637774050685222,0.5238095238095238,0.08333333333333333,1.0476190476190477,0.11701555867337454,0.2830120017917819,0
user_1523,2021-02-18 07:14:00,22,15,14,0,7,1,12,7,14,11,9,3,0,3.332858546616092,9.727735439278181,6.2432817638793665,0.6086956521739131,0.0,0.6521739130434783,1.845098559413273,0.6314950386243234,0
user_1524,2021-04-29 01:12:00,24,14,15,2,1,4,15,17,15,10,13,3,0,5.157495087867751,9.30611147812017,4.774018729948013,0.6,0.125,0.56,1.1636311278833134,1.043717893605994,0
user_1525,2021-02-28 20:23:00,26,15,14,0,0,0,7,14,19,7,6,6,1,7.472515762559432,8.700204163425378,2.783114318527069,0.5185185185185185,0.0,0.5555555555555556,1.8268804001958199,1.5538614205145709,0
user_1526,2021-01-06 23:32:00,18,13,6,1,0,0,12,7,6,8,14,2,0,0.14913951104680967,6.773939549835236,3.0095545112614337,0.3157894736842105,0.14285714285714285,0.6842105263157895,1.8477459339078621,0.3111960494743322,0
user_1527,2021-02-06 09:04:00,16,12,12,0,1,1,9,13,8,10,5,5,1,2.5397595955677144,1.5725614309217306,7.125342552464411,0.7058823529411765,0.0,0.7058823529411765,0.8846810111592782,1.640315203149934,0
user_1528,2021-02-24 20:27:00,19,11,8,1,3,0,9,19,12,12,14,2,0,0.021786643212766688,2.8151021258535236,4.494413483260324,0.4,0.1111111111111111,0.55,1.337501025166427,0.22315033454603328,0
user_1529,2021-01-31 21:15:00,23,16,9,0,3,1,18,17,8,6,12,6,1,4.9607501174932,2.4314639045277877,5.178118361565263,0.375,0.0,0.6666666666666666,1.40425139680587,0.03994861127171245,1
user_1530,2021-01-05 12:59:00,25,11,9,2,0,0,14,7,7,14,7,1,0,5.9524129112675315,5.935037921132179,4.407850224479491,0.34615384615384615,0.2,0.4230769230769231,0.00977712872564429,0.1429868206085425,0
user_1531,2021-01-28 23:40:00,22,9,12,0,2,1,16,15,18,9,17,3,0,4.237286336649817,5.0072053819953934,6.717430687420384,0.5217391304347826,0.0,0.391304347826087,0.7222152025249533,1.0082055802023953,0
user_1532,2021-01-05 10:44:00,21,17,7,0,1,0,9,15,9,12,11,1,0,2.0582152736901715,5.145187744160941,1.4783518052352675,0.3181818181818182,0.0,0.7727272727272727,1.3896898552209573,1.0560430689657379,0
user_1533,2021-03-21 07:34:00,17,12,11,2,3,1,19,11,9,18,16,6,1,1.9065231768678637,6.069754455583714,9.213033666690572,0.6111111111111112,0.16666666666666666,0.6666666666666666,1.0362615795015955,0.17323121524551577,0
user_1534,2021-04-25 07:47:00,23,20,5,1,1,1,13,14,8,8,5,6,1,1.9516156164061493,3.957565871115589,8.535333745055839,0.20833333333333334,0.16666666666666666,0.8333333333333334,0.43100045281965293,1.5743438487796029,0
user_1535,2021-02-13 21:29:00,18,10,10,0,1,1,11,6,13,5,13,5,1,3.841816684346069,0.019682330714795304,9.599396506680485,0.5263157894736842,0.0,0.5263157894736842,1.264321826672203,1.5516322377553462,0
user_1536,2021-01-03 10:36:00,21,19,12,2,5,1,14,10,12,6,12,6,1,6.389333889140454,1.4689377434005102,5.266396330368006,0.5454545454545454,0.15384615384615385,0.8636363636363636,0.06155481526065065,1.4663259338756391,0
user_1537,2021-01-30 08:31:00,15,16,16,0,0,1,12,9,14,6,10,5,1,3.798239817238601,1.7119738807306717,9.956282224783175,1.0,0.0,1.0,1.8081087756944145,1.9636188407812296,1
user_1538,2021-03-09 15:52:00,21,18,11,1,4,1,6,13,7,15,13,1,0,8.133708890957632,3.7180273391394048,7.840168845144378,0.5,0.08333333333333333,0.8181818181818182,0.12679107444552562,1.4901962418956618,0
user_1539,2021-04-12 18:56:00,20,19,11,2,4,0,12,15,6,14,14,0,0,2.376132050088564,6.087023706343046,2.3948698994125213,0.5238095238095238,0.16666666666666666,0.9047619047619048,1.9020483890701665,0.32037977544554064,0
user_1540,2021-04-17 09:46:00,25,13,13,1,5,0,8,12,7,15,8,5,1,2.0779879761171607,5.594584013272001,1.901593512126221,0.5,0.07142857142857142,0.5,1.2267914582286492,0.34632302254618397,0
user_1541,2021-04-28 11:47:00,21,11,8,0,2,1,16,19,12,5,13,2,0,8.212907865186015,4.052292229441238,9.44307162183104,0.36363636363636365,0.0,0.5,1.5803077915245571,0.8600913318742143,0
user_1542,2021-01-02 11:50:00,24,7,10,2,1,1,12,15,11,19,12,5,1,3.2317318177415597,6.658925977393412,7.371817314263298,0.4,0.18181818181818182,0.28,0.700498055958265,0.6985997062042704,0
user_1543,2021-03-23 21:58:00,17,6,11,2,3,0,6,14,13,7,8,1,0,1.9620793557102778,8.690637229881714,9.690801099460781,0.6111111111111112,0.16666666666666666,0.3333333333333333,1.2079869683987479,1.4536039540382475,0
user_1544,2021-02-22 01:17:00,19,12,4,0,1,0,8,18,19,16,13,0,0,2.60004089256916,4.642895812675891,9.224130987660425,0.2,0.0,0.6,1.401575241590503,1.084620326889965,0
user_1545,2021-02-01 07:03:00,24,12,16,1,3,2,5,8,15,13,7,0,0,9.12344158622017,9.68537098988392,9.496197789333273,0.64,0.058823529411764705,0.48,1.3651232930690234,1.4990831658234212,1
user_1546,2021-03-28 06:11:00,19,11,12,1,2,0,5,11,18,8,11,6,1,0.036709664442996504,4.218163257345905,7.077347199956623,0.6,0.07692307692307693,0.55,1.6251791110096896,1.3328865021288059,0
user_1547,2021-04-21 16:49:00,22,23,12,0,4,1,8,15,11,16,5,2,0,4.642327324817792,7.826552325975226,4.006503533798061,0.5217391304347826,0.0,1.0,1.0596886465311741,1.6832747795953342,0
user_1548,2021-02-20 07:16:00,19,15,7,1,3,0,10,9,8,7,15,5,1,4.642242292340857,2.7101630210187153,5.008642830876045,0.35,0.125,0.75,1.1253516295058632,0.40665054385294774,0
user_1549,2021-03-15 16:40:00,21,15,7,2,2,1,5,15,10,10,12,0,0,0.41177180962426174,5.554975968817447,2.033629357992181,0.3181818181818182,0.25,0.6818181818181818,1.5697567512307218,1.9725062415866186,0
user_1550,2021-01-19 03:25:00,18,24,11,1,3,1,7,8,7,10,17,1,0,1.3872424842136177,3.251232011787125,5.879946656047124,0.5789473684210527,0.08333333333333333,1.263157894736842,1.593083943809195,0.5423097547123439,0
user_1551,2021-03-24 12:41:00,21,14,9,1,3,1,16,19,13,17,9,2,0,0.5714401911095068,4.180195520539032,9.009675175271814,0.4090909090909091,0.1,0.6363636363636364,0.4262891657520731,0.34699986700619556,1
user_1552,2021-04-28 17:39:00,25,12,11,0,1,2,10,14,8,19,13,2,0,0.8834652845956736,8.02783865958007,1.742711606000403,0.4230769230769231,0.0,0.46153846153846156,1.4514832990526176,1.8280689877868461,0
user_1553,2021-01-14 02:47:00,22,13,7,0,0,0,12,14,8,17,13,3,0,4.631347017755264,6.287269804652055,7.450049364498882,0.30434782608695654,0.0,0.5652173913043478,0.02203291492290882,0.030880119504133274,0
user_1554,2021-02-23 15:33:00,20,15,8,1,4,1,12,17,7,18,5,1,0,9.341930149894607,4.34209591149611,3.6984641113539656,0.38095238095238093,0.1111111111111111,0.7142857142857143,1.9084142452104167,0.14507253679017817,0
user_1555,2021-03-24 19:35:00,21,17,4,1,0,0,16,7,19,19,13,2,0,9.857901138860047,0.15516581475979008,6.425121397345338,0.18181818181818182,0.2,0.7727272727272727,0.9788897416920539,0.5206873644709866,0
user_1556,2021-02-08 03:18:00,23,12,7,1,2,0,7,12,15,15,16,0,0,5.356501097357608,1.432798485282858,5.080865354674908,0.2916666666666667,0.125,0.5,1.7288553908541042,0.09157230838237407,0
user_1557,2021-04-13 02:27:00,22,23,9,2,1,1,7,6,17,14,12,1,0,2.516183630045814,1.8595167650306665,1.7375807062576754,0.391304347826087,0.2,1.0,1.770335859793405,0.7452874872245876,0
user_1558,2021-03-20 20:22:00,24,18,14,2,2,3,17,16,7,9,13,5,1,0.09356338820590726,1.80263724663275,9.56877536154736,0.56,0.13333333333333333,0.72,1.3171845387719558,1.091972949098607,0
user_1559,2021-04-27 05:16:00,15,13,5,2,3,1,5,14,5,5,6,1,0,8.454301402322303,1.8985499898770442,3.3541256356061036,0.3125,0.3333333333333333,0.8125,0.8882257220990406,1.2915107864328976,0
user_1560,2021-03-02 21:08:00,18,21,13,1,5,0,18,17,5,5,11,1,0,3.1064282243147012,1.857498071500775,1.2494516774640263,0.6842105263157895,0.07142857142857142,1.105263157894737,0.653586000022109,0.20140053455339602,0
user_1561,2021-02-19 23:48:00,22,13,10,0,3,0,10,13,14,8,11,4,0,1.6463801115535548,5.974926446258005,2.1701070579794446,0.43478260869565216,0.0,0.5652173913043478,1.4602373201209704,0.5313925250757374,0
user_1562,2021-04-29 18:25:00,27,14,5,2,2,0,19,14,12,14,15,3,0,5.235947912053584,9.240218519980122,6.32116910592308,0.17857142857142858,0.3333333333333333,0.5,1.2403532702292333,0.687923662610715,0
user_1563,2021-04-19 23:46:00,24,18,6,2,1,1,5,18,12,18,10,0,0,5.910482597211963,8.488251632425786,4.952919381169884,0.24,0.2857142857142857,0.72,1.859240059267674,0.694103462637242,0
user_1564,2021-04-12 21:32:00,23,14,11,1,2,1,7,18,14,19,11,0,0,4.67785781016711,9.156186230707027,9.847757905024991,0.4583333333333333,0.08333333333333333,0.5833333333333334,1.0099233234608695,1.4351962307337884,0
user_1565,2021-03-11 07:27:00,30,20,9,0,3,0,5,11,17,7,12,3,0,7.527697088190196,3.25637986348423,9.609808972709049,0.2903225806451613,0.0,0.6451612903225806,0.26327652249511524,0.5834402206914904,1
user_1566,2021-01-31 10:18:00,16,15,5,2,3,0,18,9,6,5,13,6,1,2.535453157212455,5.550078088582204,1.1310474315212715,0.29411764705882354,0.3333333333333333,0.8823529411764706,1.4485025158596037,0.9695755160973016,0
user_1567,2021-04-30 21:38:00,17,18,16,1,1,0,6,17,7,15,18,4,0,5.278919527080213,3.329414976700539,2.0170628653848017,0.8888888888888888,0.058823529411764705,1.0,1.8725625000103407,0.9086615201854986,1
user_1568,2021-04-21 22:14:00,18,10,14,1,2,2,11,14,9,19,5,2,0,1.7299698876046998,5.307707686878176,8.151275845166412,0.7368421052631579,0.06666666666666667,0.5263157894736842,0.5565780291268112,1.8526154309971552,0
user_1569,2021-03-16 04:09:00,30,22,11,1,4,1,7,13,7,16,15,1,0,2.9523684735382982,3.053138814566858,2.4327919429841813,0.3548387096774194,0.08333333333333333,0.7096774193548387,1.8467117528682857,0.6217039011350882,0
user_1570,2021-04-04 23:12:00,23,14,10,1,2,0,11,11,5,11,12,6,1,1.1243945924259025,2.832293735102851,9.95261085137856,0.4166666666666667,0.09090909090909091,0.5833333333333334,0.40680732241243445,0.7046512822221007,0
user_1571,2021-04-30 06:20:00,15,22,8,1,1,2,10,6,18,6,11,4,0,4.737244108893242,5.904246430029757,5.827571146633408,0.5,0.1111111111111111,1.375,0.6661384734209266,1.6130018265526518,0
user_1572,2021-03-08 04:05:00,19,18,12,0,5,2,6,5,12,11,14,0,0,3.5819070931250896,7.152292543681757,7.412967465642472,0.6,0.0,0.9,1.7794763240693794,1.897540762897771,1
user_1573,2021-01-01 20:09:00,19,19,5,0,1,0,13,18,17,5,7,4,0,0.6437773832327753,6.198651441891279,9.7536892603231,0.25,0.0,0.95,0.13680097216133458,1.6995665947514846,0
user_1574,2021-03-27 02:06:00,18,9,13,0,2,1,17,11,6,17,6,5,1,0.30693847116221584,3.847282636391234,2.5181231169698157,0.6842105263157895,0.0,0.47368421052631576,1.95286493417769,1.029011157547502,0
user_1575,2021-02-18 05:27:00,14,16,10,1,0,1,17,6,18,14,10,3,0,5.562756284050197,0.8592015488988392,6.449868263377172,0.6666666666666666,0.09090909090909091,1.0666666666666667,1.0810670730189402,0.9994566272555843,1
user_1576,2021-04-22 05:38:00,30,13,10,1,6,1,9,5,19,18,12,3,0,6.350419487510122,8.78931391862239,1.9235573345534038,0.3225806451612903,0.09090909090909091,0.41935483870967744,1.6258051828206013,0.10366673416069427,0
user_1577,2021-01-14 06:42:00,14,19,8,0,2,1,15,7,14,6,16,3,0,9.738762068863567,6.983651226147696,8.786546536212215,0.5333333333333333,0.0,1.2666666666666666,0.42114911564068236,1.2755137692915466,0
user_1578,2021-02-12 14:50:00,20,14,12,1,1,1,7,17,5,14,6,4,0,1.9075814264888724,2.306288349746186,5.394729534794994,0.5714285714285714,0.07692307692307693,0.6666666666666666,1.729597155651097,0.8695443575061061,0
user_1579,2021-01-19 20:52:00,26,18,8,1,1,0,5,5,6,16,5,1,0,5.973963088103565,4.199374179534088,8.413355850182503,0.2962962962962963,0.1111111111111111,0.6666666666666666,0.5336006146906462,0.5121242013299561,0
user_1580,2021-01-02 08:50:00,20,19,8,0,1,2,10,5,17,15,12,5,1,3.4567639017322693,5.7447492470856645,7.960317742611543,0.38095238095238093,0.0,0.9047619047619048,1.135423028819477,1.8427684128802264,0
user_1581,2021-03-02 04:20:00,27,13,15,0,3,0,5,5,18,16,10,1,0,8.434743592807559,7.233090040176048,1.6401401526765345,0.5357142857142857,0.0,0.4642857142857143,1.8203846657149676,0.6057952032338005,0
user_1582,2021-04-21 10:26:00,20,11,8,2,0,1,16,7,5,16,8,2,0,8.659376095998123,8.964579558812524,3.331244720802862,0.38095238095238093,0.2222222222222222,0.5238095238095238,1.8236927616483505,1.7544709987928848,0
user_1583,2021-02-14 22:38:00,24,20,12,0,2,1,6,5,7,9,11,6,1,3.5472932931611787,1.6352257272469017,4.985119616346383,0.48,0.0,0.8,0.4827866936294265,1.9249416230385368,0
user_1584,2021-02-21 13:33:00,27,16,11,1,2,2,13,11,16,15,9,6,1,7.934125208723333,7.174859940862055,8.472284349408135,0.39285714285714285,0.08333333333333333,0.5714285714285714,0.7526547285666068,1.3089682539332053,0
user_1585,2021-02-10 23:14:00,17,15,11,1,2,1,6,7,15,6,14,2,0,4.150944454518611,1.015649916592296,5.885222676240852,0.6111111111111112,0.08333333333333333,0.8333333333333334,0.5086799628755327,0.6828267058414044,0
user_1586,2021-03-09 18:01:00,19,21,9,0,4,2,12,13,15,7,12,1,0,5.370513671382647,8.610747436479269,5.059476913168609,0.45,0.0,1.05,0.3126377424962816,1.644788393737328,0
user_1587,2021-01-14 06:31:00,13,11,14,2,1,0,19,14,19,12,15,3,0,2.4764240628477605,9.886870392369037,1.988918100619329,1.0,0.13333333333333333,0.7857142857142857,0.3479227503710325,0.9672609977088562,0
user_1588,2021-04-05 19:47:00,22,14,10,0,2,0,14,13,14,9,10,0,0,9.46373477870776,3.228070410087831,9.898096221953761,0.43478260869565216,0.0,0.6086956521739131,1.7531958478137606,0.2656114863845431,1
user_1589,2021-03-05 23:12:00,22,20,11,1,1,2,5,11,14,10,19,4,0,2.3947295575985574,3.8178177816128622,7.676374105355771,0.4782608695652174,0.08333333333333333,0.8695652173913043,0.5905557360208018,1.7850953858851693,0
user_1590,2021-03-13 02:01:00,27,13,11,3,1,0,5,14,11,17,5,5,1,6.424666240350183,8.470631824811768,8.215135005352064,0.39285714285714285,0.25,0.4642857142857143,1.1303155060208796,1.1624178425176424,0
user_1591,2021-03-26 07:40:00,23,15,8,0,1,0,16,6,9,12,15,4,0,2.5878285157569714,4.64851040469603,5.407962336673422,0.3333333333333333,0.0,0.625,0.1502432085443559,0.513912188600713,0
user_1592,2021-04-25 23:02:00,21,15,9,1,1,1,16,12,13,11,5,6,1,9.47023606378912,0.7911895368232491,9.1781495869343,0.4090909090909091,0.1,0.6818181818181818,1.4259795520879568,0.9060825000739463,0
user_1593,2021-03-05 01:32:00,19,10,11,0,1,1,13,18,15,13,16,4,0,9.77967171037463,3.5202121956759633,6.237686423650901,0.55,0.0,0.5,1.581810704517753,1.8202403020706737,0
user_1594,2021-01-24 11:27:00,11,14,8,0,0,1,11,13,6,15,13,6,1,5.636576956270335,7.07821702560368,5.820878230267418,0.6666666666666666,0.0,1.1666666666666667,0.5397907537068098,1.9402909604467358,1
user_1595,2021-03-12 01:04:00,11,9,8,2,0,1,5,5,16,18,6,4,0,7.569527540796058,3.8417622666762763,2.020544793102538,0.6666666666666666,0.2222222222222222,0.75,1.267570858149781,1.1604269908781126,0
user_1596,2021-01-01 19:19:00,23,17,10,1,4,2,8,10,9,5,7,4,0,8.085117757942335,4.183197852666879,7.12789745175038,0.4166666666666667,0.09090909090909091,0.7083333333333334,1.8599340237181623,1.4586555418622793,0
user_1597,2021-02-05 23:30:00,23,23,9,1,2,1,14,16,19,12,19,4,0,3.715101457569683,6.482491088674341,1.5044765807015232,0.375,0.1,0.9583333333333334,0.4652367562220787,0.9126863204809241,0
user_1598,2021-04-27 10:34:00,17,11,13,1,3,2,6,16,15,10,9,1,0,3.3644835689114294,5.896124804242869,3.6053901978384566,0.7222222222222222,0.07142857142857142,0.6111111111111112,1.947005031173772,1.3250913592103908,0
user_1599,2021-02-10 12:40:00,26,9,9,0,4,0,12,18,14,6,18,2,0,7.042838056728389,2.106599006073898,1.165458471655441,0.3333333333333333,0.0,0.3333333333333333,0.20430268567308985,0.7928535636474054,0
user_1600,2021-03-20 21:01:00,22,14,8,1,2,1,12,16,7,6,8,5,1,0.7573036953644285,7.271844495119051,8.663983162099157,0.34782608695652173,0.1111111111111111,0.6086956521739131,0.9272603730704256,1.7426759348333667,0
user_1601,2021-02-20 08:46:00,23,15,8,0,4,1,18,5,19,11,17,5,1,3.8229127497668705,2.890122032471721,4.224084068639257,0.3333333333333333,0.0,0.625,0.3684674567000312,1.0510025597913744,1
user_1602,2021-02-14 12:23:00,21,17,8,1,0,0,7,11,9,5,13,6,1,9.143869760395916,1.985495508533488,4.390826324480207,0.36363636363636365,0.1111111111111111,0.7727272727272727,0.6091115481934404,1.9121108606884196,0
user_1603,2021-01-10 20:50:00,18,14,15,1,1,3,10,8,8,10,12,6,1,0.5809708902771049,5.624472419549285,9.122742218406165,0.7894736842105263,0.0625,0.7368421052631579,0.3323543411988985,1.0298546049756239,0
user_1604,2021-04-22 04:09:00,20,17,6,2,0,0,14,19,14,13,19,3,0,8.34287497713149,4.713134214004979,6.2532827781121245,0.2857142857142857,0.2857142857142857,0.8095238095238095,0.3324224771565236,0.8111085238080258,0
user_1605,2021-04-30 10:27:00,26,8,12,1,2,1,10,17,12,14,16,4,0,6.5587227473614576,6.181445896773807,7.932913419561542,0.4444444444444444,0.07692307692307693,0.2962962962962963,0.5873151572554411,1.1525253511337434,0
user_1606,2021-01-21 21:54:00,19,18,8,3,0,0,7,8,16,18,5,3,0,1.3194428010929171,6.705843349717644,4.115145761770632,0.4,0.3333333333333333,0.9,1.3153650460568205,0.5705250069206669,0
user_1607,2021-04-18 07:02:00,14,15,16,2,1,3,14,6,12,8,15,6,1,1.690021697142583,1.5824999685904062,6.478896800171475,1.0666666666666667,0.11764705882352941,1.0,1.7639359414073175,1.8506552557538927,1
user_1608,2021-01-27 08:21:00,24,20,10,1,3,1,12,10,10,15,11,2,0,2.474243444800066,1.8969146836765938,5.5952269291348715,0.4,0.09090909090909091,0.8,1.9979676694333963,1.553315694042113,0
user_1609,2021-02-17 20:55:00,14,16,14,2,3,1,10,12,18,8,14,2,0,1.806656529376529,6.998906323248453,7.853413774433914,0.9333333333333333,0.13333333333333333,1.0666666666666667,1.3973149701745646,1.4878461649914088,0
user_1610,2021-02-22 10:02:00,17,12,6,1,3,0,17,11,7,17,15,0,0,2.911626192623408,9.21643625404571,4.719792450929852,0.3333333333333333,0.14285714285714285,0.6666666666666666,0.11026875359146704,0.6779859215277586,0
user_1611,2021-03-16 08:11:00,14,15,8,0,5,1,10,16,15,18,8,1,0,0.5292562578707138,5.072552787500781,9.523794267850128,0.5333333333333333,0.0,1.0,1.9933542352720908,1.2258674837461963,0
user_1612,2021-01-05 08:32:00,24,14,7,1,4,0,18,17,15,8,15,1,0,5.296485442767787,8.548171206681184,6.42011849443787,0.28,0.125,0.56,0.3013838264366533,1.673491753085931,0
user_1613,2021-02-24 05:42:00,21,17,13,1,2,0,8,11,5,14,9,2,0,1.6060740838001009,2.2296705787445905,7.117400349644158,0.5909090909090909,0.07142857142857142,0.7727272727272727,1.9660162615519325,0.8937156265076398,0
user_1614,2021-02-16 03:51:00,19,19,7,0,1,2,10,5,10,9,9,1,0,1.5861671053436865,3.2254616961238303,8.189367704901237,0.35,0.0,0.95,0.26890291056235305,1.6820715679025597,0
user_1615,2021-04-12 00:28:00,25,13,3,2,2,0,15,13,14,9,15,0,0,5.067265979149163,4.30448511649506,9.440031086462469,0.11538461538461539,0.5,0.5,0.42197730812574674,0.496807779658323,0
user_1616,2021-01-24 11:13:00,19,11,9,1,3,0,9,19,13,8,5,6,1,5.410092126315254,8.21804008947209,2.77900224459581,0.45,0.1,0.55,1.1622117046421785,0.7326941648404457,0
user_1617,2021-02-13 06:31:00,20,11,9,2,0,3,8,10,17,13,12,5,1,4.185257071280195,5.288499883730688,4.411988325804842,0.42857142857142855,0.2,0.5238095238095238,0.8528177555007377,0.9669418798057503,0
user_1618,2021-02-02 00:10:00,15,12,15,0,0,1,10,19,12,18,12,1,0,3.7522728922278183,0.11625068584646847,2.4611763883257294,0.9375,0.0,0.75,1.1950875840418795,0.1923329287871347,0
user_1619,2021-02-18 15:47:00,22,17,12,0,3,2,16,11,11,7,17,3,0,3.5237486400906946,5.595942667781296,9.827012025529914,0.5217391304347826,0.0,0.7391304347826086,1.8242075511348483,0.6653096258135549,0
user_1620,2021-03-16 19:14:00,22,15,19,1,0,2,15,7,14,19,19,1,0,3.147572835777476,3.091877740573983,3.0634939566157002,0.8260869565217391,0.05,0.6521739130434783,0.5952468616635491,1.8820900873948372,0
user_1621,2021-01-31 13:17:00,22,17,11,4,3,1,6,19,13,5,13,6,1,3.800512479188752,3.622179532464634,8.460376654320521,0.4782608695652174,0.3333333333333333,0.7391304347826086,1.4672614047452204,0.8306864530166929,1
user_1622,2021-03-21 18:58:00,21,16,6,2,2,0,13,9,10,19,9,6,1,1.7328445182053154,5.102816561943506,7.8511763351858095,0.2727272727272727,0.2857142857142857,0.7272727272727273,1.606055690642529,1.0983132035822423,0
user_1623,2021-03-10 19:04:00,14,22,14,1,1,2,16,11,14,18,5,2,0,8.600485247818419,2.3024503566764554,9.681656519490279,0.9333333333333333,0.06666666666666667,1.4666666666666666,1.947942316288731,0.12075601559341376,0
user_1624,2021-03-14 18:38:00,22,19,11,1,4,0,13,19,19,14,19,6,1,5.830551561353838,4.677921584832228,2.0079338699106755,0.4782608695652174,0.08333333333333333,0.8260869565217391,0.6509116914267692,1.6252211313623741,0
user_1625,2021-01-04 08:06:00,15,14,13,3,3,0,14,15,10,14,7,0,0,0.21421217108263724,7.8637794554218265,9.387665039886416,0.8125,0.21428571428571427,0.875,1.229839787139798,0.2449345500641742,0
user_1626,2021-03-12 10:17:00,24,21,8,1,2,1,14,16,17,10,8,4,0,6.836452083411472,0.6085555952596855,8.166210614333892,0.32,0.1111111111111111,0.84,0.2700417732940992,0.565880263978525,0
user_1627,2021-03-27 14:17:00,25,11,9,1,5,0,13,9,11,19,9,5,1,1.7854908016426574,4.935157968677785,5.251604201445378,0.34615384615384615,0.1,0.4230769230769231,1.777473701622855,1.819737243426061,0
user_1628,2021-01-04 09:30:00,25,18,9,0,3,2,5,6,6,16,9,0,0,1.7512054992410209,0.20575353138502006,5.9958463226133825,0.34615384615384615,0.0,0.6923076923076923,1.9151190547977714,1.8762495479516996,0
user_1629,2021-04-03 12:32:00,15,17,11,2,1,0,8,16,5,13,9,5,1,9.668911809742557,3.7803829325924267,1.081374082821997,0.6875,0.16666666666666666,1.0625,0.3270063200505702,0.9924245136763639,0
user_1630,2021-03-27 00:16:00,27,10,11,2,3,1,10,9,8,18,19,5,1,2.6262613688126657,3.30159907332088,7.111461949072285,0.39285714285714285,0.16666666666666666,0.35714285714285715,0.6279691484636534,1.7313740791686487,0
user_1631,2021-01-08 06:28:00,20,11,14,3,3,1,13,7,16,17,5,4,0,0.011570888059956319,9.569209307991605,6.923821203515758,0.6666666666666666,0.2,0.5238095238095238,0.23972589814392964,1.648691366332557,0
user_1632,2021-02-21 20:23:00,23,11,13,2,4,0,7,13,8,8,14,6,1,7.8005373680741465,4.740358874602762,1.4287272663776984,0.5416666666666666,0.14285714285714285,0.4583333333333333,1.0531055779990215,1.0354413175841393,0
user_1633,2021-01-28 07:10:00,23,9,9,0,2,1,9,13,7,17,16,3,0,9.604901185726543,0.520391015586753,8.664019023736621,0.375,0.0,0.375,1.6034894058535825,0.8869323333706733,0
user_1634,2021-01-31 01:11:00,16,17,11,1,1,0,17,17,7,14,16,6,1,6.96344746389915,2.7802725154878494,4.039481200700445,0.6470588235294118,0.08333333333333333,1.0,1.1888008331883433,0.3699760244600039,0
user_1635,2021-02-01 05:09:00,21,12,7,2,3,0,10,16,19,9,5,0,0,3.648660867776278,6.120298873748187,1.3263861792047709,0.3181818181818182,0.25,0.5454545454545454,1.3651537779356886,0.7581838925169104,0
user_1636,2021-03-13 10:14:00,26,11,12,0,3,0,14,11,15,11,16,5,1,5.474948799295921,5.888471127443858,2.309010078155012,0.4444444444444444,0.0,0.4074074074074074,0.24619576230403983,1.8432647705213085,0
user_1637,2021-02-08 10:08:00,18,18,5,2,3,0,11,8,6,7,8,0,0,0.8283081813987658,8.66934767223472,1.8264703225541372,0.2631578947368421,0.3333333333333333,0.9473684210526315,1.8382938310790267,0.21952004324769514,0
user_1638,2021-03-28 06:27:00,21,11,11,0,3,4,18,17,10,10,5,6,1,4.654010095375886,7.8567912677551,1.4383463202060236,0.5,0.0,0.5,1.6400601953835565,0.6217180514408653,1
user_1639,2021-02-13 08:10:00,19,11,7,1,6,0,12,18,19,8,15,5,1,5.187531763787043,2.7411470345015743,1.8184202141976464,0.35,0.125,0.55,0.3077150281714054,0.5080171520930856,0
user_1640,2021-02-03 06:21:00,21,18,8,3,3,1,10,19,10,14,7,2,0,4.027224492255998,7.060281040321762,1.9053935981246393,0.36363636363636365,0.3333333333333333,0.8181818181818182,1.659566183363059,1.0539786976037742,0
user_1641,2021-02-11 18:52:00,25,16,5,3,3,0,9,16,5,10,9,3,0,9.692731921123928,6.880142176485262,6.186597599118974,0.19230769230769232,0.5,0.6153846153846154,0.26849774545867056,0.4643664951981541,0
user_1642,2021-04-20 14:03:00,17,17,11,0,4,3,13,18,13,18,15,1,0,5.318901713902697,6.231695493172033,9.186217675968896,0.6111111111111112,0.0,0.9444444444444444,1.8814647083716642,0.7767221717147614,0
user_1643,2021-03-06 11:11:00,23,15,14,1,2,1,13,11,5,19,7,5,1,3.0741125819838166,4.739927360585938,1.3461550206731507,0.5833333333333334,0.06666666666666667,0.625,0.5370093654303545,1.0488969844689087,0
user_1644,2021-02-17 00:57:00,25,16,7,1,4,2,17,13,15,10,11,2,0,0.8821051738472185,0.2101261077906258,2.3329382510627923,0.2692307692307692,0.125,0.6153846153846154,0.8319087782338699,0.5122134993658365,0
user_1645,2021-04-30 20:54:00,18,16,10,3,2,0,9,19,17,17,6,4,0,7.279263759613562,6.143154738538445,6.983874308633254,0.5263157894736842,0.2727272727272727,0.8421052631578947,0.5006084768217713,0.14896619354086593,1
user_1646,2021-04-14 22:58:00,19,11,10,2,4,1,13,8,10,10,10,2,0,3.0131614275846417,2.0292216276416286,7.030859028907576,0.5,0.18181818181818182,0.55,0.13366763744526122,1.0901369600767332,0
user_1647,2021-04-08 09:56:00,28,14,12,1,5,1,5,14,6,7,18,3,0,6.417951195441813,4.237769444780338,6.464965847284449,0.41379310344827586,0.07692307692307693,0.4827586206896552,0.6826826708092684,1.0887769121779358,0
user_1648,2021-04-02 21:37:00,22,14,11,1,3,0,14,12,6,7,11,4,0,6.1617450319744025,0.7014522809442814,6.573517252075476,0.4782608695652174,0.08333333333333333,0.6086956521739131,0.6948261970670255,0.4861496047282652,0
user_1649,2021-03-09 00:50:00,27,18,4,1,2,0,10,18,19,11,16,1,0,9.847036345361126,6.536170736242372,2.926277365991519,0.14285714285714285,0.2,0.6428571428571429,1.0769027132101696,0.1277116120836228,0
user_1650,2021-03-18 03:58:00,20,14,6,1,5,0,14,16,15,10,12,3,0,5.23812828567919,6.230366217600228,1.2873567168767908,0.2857142857142857,0.14285714285714285,0.6666666666666666,1.992142631329423,0.5541118569641923,0
user_1651,2021-01-29 10:13:00,13,12,7,0,1,1,8,6,7,10,8,4,0,0.8425718283208927,9.814896177602993,6.75987633737306,0.5,0.0,0.8571428571428571,1.2601176223058652,1.5526625982147966,0
user_1652,2021-01-16 01:26:00,20,19,7,0,1,1,8,13,14,9,18,5,1,8.083814059112587,3.4449355030874793,4.652766883353509,0.3333333333333333,0.0,0.9047619047619048,0.22218142557352483,0.8250410580022896,0
user_1653,2021-01-23 03:49:00,20,14,5,2,2,0,19,17,7,9,8,5,1,7.961735221435094,0.739614299931376,3.003642197541989,0.23809523809523808,0.3333333333333333,0.6666666666666666,1.5824354996833492,1.1244561691209316,0
user_1654,2021-02-19 02:46:00,28,10,7,1,1,0,9,18,9,5,13,4,0,5.407868685636736,3.6704811794626737,4.020345598022839,0.2413793103448276,0.125,0.3448275862068966,1.1621528193991022,0.19524115154377975,0
user_1655,2021-03-30 05:41:00,12,15,9,2,3,1,10,13,19,11,5,1,0,5.5474876729265805,8.473559320957172,2.313574239131974,0.6923076923076923,0.2,1.1538461538461537,1.5069622447240747,0.9515513740377555,0
user_1656,2021-04-03 10:03:00,21,17,8,1,1,1,10,12,19,11,18,5,1,5.5612495500528905,5.902143784317619,3.227557285143646,0.36363636363636365,0.1111111111111111,0.7727272727272727,1.6744719111754414,0.24458217916138358,0
user_1657,2021-04-08 10:14:00,19,9,8,0,0,2,19,14,8,14,18,3,0,0.606490628262466,5.169897179155344,1.4696927449924289,0.4,0.0,0.45,1.6797240080010707,1.7317226766878764,0
user_1658,2021-01-30 19:29:00,25,14,4,1,3,1,13,10,11,14,10,5,1,7.432868725490756,4.752930081238001,3.5001149642386817,0.15384615384615385,0.2,0.5384615384615384,1.8320449642139387,1.5787574613847828,0
user_1659,2021-01-23 09:33:00,19,9,6,3,2,0,9,19,19,19,17,5,1,3.082646549893852,4.7219812839119655,6.429776148854507,0.3,0.42857142857142855,0.45,1.4828238020411602,0.5764192081186124,0
user_1660,2021-01-14 08:00:00,20,21,6,2,6,0,18,14,19,18,13,3,0,0.13484627070356137,1.3058545056605797,8.81662460785201,0.2857142857142857,0.2857142857142857,1.0,0.20555937674934643,0.093985681876537,0
user_1661,2021-04-22 14:01:00,22,10,13,3,5,0,11,8,6,14,7,3,0,6.030419350626939,2.2410920172386204,2.5548859779798287,0.5652173913043478,0.21428571428571427,0.43478260869565216,1.8050881167246915,1.8746070105675918,0
user_1662,2021-03-14 07:58:00,14,15,8,0,2,1,9,5,8,12,7,6,1,3.764884356792569,3.4590982045751693,6.962756798192402,0.5333333333333333,0.0,1.0,0.02981954536485998,1.5355239482410414,0
user_1663,2021-03-23 21:28:00,21,14,9,0,2,1,13,7,7,19,11,1,0,2.093914067686783,3.7990434148728114,9.072091200188732,0.4090909090909091,0.0,0.6363636363636364,1.8427812983538807,1.2968461857870357,0
user_1664,2021-02-18 08:30:00,18,12,10,0,2,0,15,6,13,7,17,3,0,3.70344814977029,5.51014149109352,3.781805520594687,0.5263157894736842,0.0,0.631578947368421,1.711642407096603,1.0512894907520984,0
user_1665,2021-02-27 22:34:00,30,5,13,3,2,1,8,16,6,16,13,5,1,7.825193042384791,9.94695985544373,8.745544844875171,0.41935483870967744,0.21428571428571427,0.16129032258064516,1.9830015776899703,1.1707929527506415,0
user_1666,2021-04-19 22:19:00,25,13,11,0,3,1,11,6,9,6,7,0,0,2.781299349982782,9.863477055490243,4.981228673460672,0.4230769230769231,0.0,0.5,1.24738073367758,1.5778923485460439,0
user_1667,2021-04-14 12:59:00,23,16,13,2,4,1,15,13,16,13,6,2,0,1.8570129130682655,8.228151468946521,9.43209239569636,0.5416666666666666,0.14285714285714285,0.6666666666666666,1.882887872918567,1.5752761219799818,0
user_1668,2021-04-18 23:28:00,24,15,9,1,3,1,11,5,8,12,18,6,1,1.1752404279456663,3.3174129328469637,9.845076752428128,0.36,0.1,0.6,0.14715266834213914,1.4519703456769821,0
user_1669,2021-02-10 02:51:00,22,13,11,0,4,2,8,7,9,6,8,2,0,0.891570210109961,3.021541688929368,5.365250317953158,0.4782608695652174,0.0,0.5652173913043478,1.8255734220276052,1.8589860454449119,1
user_1670,2021-02-25 23:19:00,21,18,14,0,2,2,9,18,18,6,12,3,0,3.5414732743737023,6.533237108842279,6.515009230199966,0.6363636363636364,0.0,0.8181818181818182,1.5411425900854017,1.300297530106563,0
user_1671,2021-04-02 04:40:00,20,20,9,0,0,3,6,14,12,17,16,4,0,2.7397979644667068,9.552712301442218,1.7964357558625212,0.42857142857142855,0.0,0.9523809523809523,0.6610051420325567,0.9716183821263289,0
user_1672,2021-02-23 11:34:00,13,5,10,2,0,2,9,18,9,15,7,1,0,8.376228647452985,7.206991858049242,9.63182729974706,0.7142857142857143,0.18181818181818182,0.35714285714285715,1.689104396005148,0.2727541073424635,0
user_1673,2021-04-15 05:19:00,17,20,15,0,2,1,13,7,13,11,15,3,0,9.919856228731675,7.657291907715576,9.187790526867962,0.8333333333333334,0.0,1.1111111111111112,0.6304651890305366,1.6023214601220614,1
user_1674,2021-02-06 03:00:00,18,13,8,2,0,0,15,15,9,19,18,5,1,4.089046901839048,5.434977622924224,9.305833487531094,0.42105263157894735,0.2222222222222222,0.6842105263157895,0.6074458080913636,0.3282472802297707,0
user_1675,2021-02-06 08:28:00,21,18,5,0,3,0,13,10,10,6,10,5,1,6.7538257452371155,7.207460891419279,7.41516444358974,0.22727272727272727,0.0,0.8181818181818182,0.7832967415488539,1.396751981610845,0
user_1676,2021-01-11 11:28:00,15,16,9,1,1,2,9,10,13,12,6,0,0,0.9888153949356515,2.8860696969836743,7.458778765512675,0.5625,0.1,1.0,1.1408845514918942,0.39058778531306726,0
user_1677,2021-02-21 13:38:00,12,15,13,0,1,1,9,17,18,14,18,6,1,9.228120527680616,4.435533203388409,8.612256749545715,1.0,0.0,1.1538461538461537,0.14136410132500354,1.9866782487817338,0
user_1678,2021-02-21 17:20:00,11,15,14,0,2,3,10,13,13,15,9,6,1,5.799437066345019,7.619943500665918,7.200102539049251,1.1666666666666667,0.0,1.25,1.4811417897582912,0.5835998067090495,0
user_1679,2021-04-14 08:11:00,15,14,9,2,2,0,5,9,8,16,6,2,0,2.7411539219001755,1.906013331114217,3.327638318483709,0.5625,0.2,0.875,1.321357755260134,1.3301838770395755,0
user_1680,2021-02-08 04:51:00,16,12,13,2,1,1,5,19,14,9,8,0,0,5.1382253098861455,4.912767674024217,4.420902302413504,0.7647058823529411,0.14285714285714285,0.7058823529411765,0.7847087505351764,0.24003258503383407,0
user_1681,2021-03-06 12:22:00,24,13,13,2,1,1,13,18,5,5,19,5,1,3.261784165799164,8.461226669121357,8.339966289975791,0.52,0.14285714285714285,0.52,0.9642342857745159,1.8429456890234381,0
user_1682,2021-02-04 19:27:00,11,12,13,2,1,2,13,10,18,18,12,3,0,2.6110414242751556,4.307561820782966,1.6676992492777074,1.0833333333333333,0.14285714285714285,1.0,0.6372178689345342,0.7211401263326938,0
user_1683,2021-03-09 14:21:00,13,13,6,0,2,0,14,11,12,7,10,1,0,7.120174334190407,6.281765728914456,2.374637642573035,0.42857142857142855,0.0,0.9285714285714286,0.5986552744172129,1.5146831774779261,0
user_1684,2021-02-17 03:39:00,14,16,12,0,1,1,14,18,16,9,16,2,0,7.609041125305342,5.311109570890177,3.312327121504083,0.8,0.0,1.0666666666666667,0.28083987017323775,1.9436481615330703,0
user_1685,2021-03-01 01:37:00,25,17,12,1,3,2,12,6,18,9,17,0,0,7.462188089148003,1.8299002497651817,2.480184036553612,0.46153846153846156,0.07692307692307693,0.6538461538461539,0.6134469779094702,1.6841097593940964,0
user_1686,2021-04-15 11:18:00,13,15,7,2,0,0,5,19,10,19,17,3,0,3.8232702805527854,1.7309096736916374,8.794230276211959,0.5,0.25,1.0714285714285714,0.8529482165465416,1.6145329292798234,0
user_1687,2021-01-27 20:17:00,20,14,6,1,1,0,7,11,5,12,5,2,0,1.0705439090025126,1.6172661232550056,8.236370959481448,0.2857142857142857,0.14285714285714285,0.6666666666666666,0.9078429493873725,1.2646416988097076,1
user_1688,2021-03-28 05:53:00,15,21,7,0,2,1,14,7,6,12,19,6,1,7.977511566044981,6.60752979458535,1.5573478118825799,0.4375,0.0,1.3125,0.1461169620092253,0.7633455888462946,0
user_1689,2021-04-15 10:17:00,15,17,2,1,0,0,14,13,15,16,16,3,0,2.16054340632885,5.314365761714319,2.565208649067072,0.125,0.3333333333333333,1.0625,1.9354336113068555,1.8606903889262825,0
user_1690,2021-03-26 03:49:00,15,12,14,2,2,2,5,16,15,17,18,4,0,0.5653444300759491,7.722210290366816,9.929694550598732,0.875,0.13333333333333333,0.75,1.0491975058516032,1.510252738192614,0
user_1691,2021-03-03 03:12:00,26,15,14,0,1,3,11,12,11,15,11,2,0,1.8687495431507684,4.086669616539918,3.539558297691681,0.5185185185185185,0.0,0.5555555555555556,0.8804440181773088,0.31431076281376824,0
user_1692,2021-03-27 21:09:00,16,8,15,2,2,1,6,9,10,17,18,5,1,4.398726923109945,0.1500945426544309,5.202037388833101,0.8823529411764706,0.125,0.47058823529411764,0.015379038802473044,0.8826946799668884,0
user_1693,2021-02-20 05:54:00,25,15,11,0,2,1,9,13,8,15,19,5,1,2.927693097473502,5.915221894356309,5.887864837803087,0.4230769230769231,0.0,0.5769230769230769,0.03945645876338655,0.2820106829422988,1
user_1694,2021-03-20 17:27:00,24,12,18,1,2,1,11,16,18,5,10,5,1,9.73258562324041,4.576657192135042,2.553745094696837,0.72,0.05263157894736842,0.48,1.4509196684094972,1.1567203877074825,0
user_1695,2021-03-28 12:02:00,21,19,15,1,3,2,6,18,8,18,16,6,1,0.5508919868793316,9.834195675744525,4.956061155867721,0.6818181818181818,0.0625,0.8636363636363636,0.942214465404507,0.0777250718083331,0
user_1696,2021-02-20 03:07:00,15,14,9,1,0,2,12,16,15,7,14,5,1,7.820487616638545,9.797558908998562,5.8732871384705,0.5625,0.1,0.875,1.1654313264671503,1.8802940446132348,0
user_1697,2021-04-04 01:50:00,21,15,12,0,1,1,13,15,17,17,13,6,1,8.938934206864761,6.469012215954503,2.49384591867545,0.5454545454545454,0.0,0.6818181818181818,1.7430969020407547,1.5264665398321349,0
user_1698,2021-03-08 04:12:00,22,18,10,0,1,2,10,8,10,10,17,0,0,3.8038663054264656,0.6815159302433438,5.910998300044558,0.43478260869565216,0.0,0.782608695652174,1.0103621966006386,0.11238083663850307,1
user_1699,2021-03-22 19:11:00,17,16,11,2,1,3,11,15,9,10,8,0,0,7.8088119885123515,8.539671946604582,6.453846207777307,0.6111111111111112,0.16666666666666666,0.8888888888888888,1.8357616909403651,1.3615447144491435,0
user_1700,2021-04-16 18:41:00,17,22,8,0,3,2,5,11,16,16,14,4,0,1.1569308758163177,9.04652685034921,6.891523140951888,0.4444444444444444,0.0,1.2222222222222223,0.0990894479086033,0.2944620437132437,0
user_1701,2021-01-27 23:37:00,15,17,14,1,0,5,19,10,7,6,9,2,0,1.5251172607959362,6.42850455251997,2.8872441125787183,0.875,0.06666666666666667,1.0625,0.957078447183201,1.767934471996681,0
user_1702,2021-02-26 06:44:00,22,12,9,0,4,2,19,18,6,12,13,4,0,0.43921027598909923,2.469038174764072,1.3495692996656434,0.391304347826087,0.0,0.5217391304347826,1.5555215192277456,1.4330918145332523,0
user_1703,2021-03-15 22:48:00,13,19,15,1,1,1,10,14,11,16,12,0,0,2.0899649162210143,2.9950832457198717,8.055932315956385,1.0714285714285714,0.0625,1.3571428571428572,1.1726458454417013,1.417073396178661,0
user_1704,2021-04-28 22:38:00,19,21,11,0,3,0,16,7,12,7,19,2,0,2.22328195391968,3.8673605220240725,4.608558108487587,0.55,0.0,1.05,0.6092866102745507,1.129253211862789,0
user_1705,2021-03-18 16:35:00,19,24,10,3,3,2,6,19,5,17,12,3,0,7.243100838639641,4.564188990852019,7.505782525491958,0.5,0.2727272727272727,1.2,1.4516137683705908,1.11719230522939,0
user_1706,2021-01-13 19:16:00,24,6,13,0,2,1,16,16,14,6,5,2,0,6.735599377546326,0.8445743020719954,5.512144144270179,0.52,0.0,0.24,0.44637594205270226,1.8053566890375266,0
user_1707,2021-04-05 13:37:00,12,16,9,0,2,1,19,19,15,14,9,0,0,1.014272714373361,8.261417142498093,9.89246008876846,0.6923076923076923,0.0,1.2307692307692308,1.4649911087641985,1.7579673751195593,1
user_1708,2021-01-24 06:36:00,21,14,11,0,1,0,8,14,19,12,8,6,1,0.7941295674039217,6.859109982071549,5.9589649228764445,0.5,0.0,0.6363636363636364,0.2472217718875036,1.1739870965041588,0
user_1709,2021-03-29 15:23:00,20,12,10,1,3,0,5,19,7,17,17,0,0,4.72539399621604,5.688889099128017,3.1811081364571403,0.47619047619047616,0.09090909090909091,0.5714285714285714,1.060092463993793,0.9055737361415779,0
user_1710,2021-03-03 10:08:00,14,19,13,1,2,1,11,15,19,17,16,2,0,7.256536364193572,1.479577751371176,1.695541560475692,0.8666666666666667,0.07142857142857142,1.2666666666666666,1.2477820573515612,0.606522320451131,0
user_1711,2021-04-30 08:35:00,24,14,10,1,1,0,8,17,7,5,18,4,0,4.659531050034021,7.289448430764064,4.158372160054146,0.4,0.09090909090909091,0.56,1.206925310046372,0.9851976665816125,0
user_1712,2021-02-09 11:22:00,19,12,14,3,1,2,8,12,17,15,8,1,0,0.31563254156708465,9.167767558666274,3.6750557042145355,0.7,0.2,0.6,0.36820623795446106,1.6019327117805275,0
user_1713,2021-04-05 10:15:00,28,24,10,0,1,1,18,11,13,11,5,0,0,9.456416744149637,6.271156619280392,5.534416394018221,0.3448275862068966,0.0,0.8275862068965517,0.37336856072741775,1.5265531573637978,0
user_1714,2021-01-18 18:58:00,25,17,13,0,1,0,6,12,12,18,11,0,0,6.812672416156005,3.6562972925480075,4.217760370131209,0.5,0.0,0.6538461538461539,1.0936249485685767,0.9684488445258141,0
user_1715,2021-02-04 21:42:00,16,18,4,1,3,1,6,12,14,9,19,3,0,7.471483637391368,5.242246107483227,3.073379644417,0.23529411764705882,0.2,1.0588235294117647,0.8832379684554341,1.1844836131100207,0
user_1716,2021-03-13 18:12:00,16,19,4,2,4,2,18,6,18,10,14,5,1,3.532776699325492,6.059601599566466,2.621936008299731,0.23529411764705882,0.4,1.1176470588235294,1.1697147375377606,0.8345638324002984,0
user_1717,2021-02-10 11:53:00,21,8,7,0,5,1,10,19,12,15,18,2,0,3.502774230564565,3.3705214312947107,9.401428103904886,0.3181818181818182,0.0,0.36363636363636365,0.4269488795013914,0.5242018906223009,0
user_1718,2021-02-14 17:25:00,24,17,8,2,4,1,8,11,6,9,8,6,1,5.066362962036872,4.242839366677126,7.621393870722557,0.32,0.2222222222222222,0.68,1.4451288580372057,1.5677206478642287,0
user_1719,2021-03-19 22:36:00,25,13,12,0,2,3,10,13,18,10,7,4,0,4.467642508535134,6.321690118524748,5.651434718616578,0.46153846153846156,0.0,0.5,1.190472519199986,0.13969950138940823,0
user_1720,2021-04-12 18:31:00,25,15,8,1,3,1,18,18,13,16,6,0,0,3.533584556598165,1.5510073100828203,3.3477809719786924,0.3076923076923077,0.1111111111111111,0.5769230769230769,1.8864201494799306,1.0789072976934782,0
user_1721,2021-04-14 03:30:00,27,14,14,0,2,0,11,18,15,15,17,2,0,7.3353415795172685,0.8603399805822354,1.7732769365869236,0.5,0.0,0.5,0.38450762807668615,0.4947497018473843,0
user_1722,2021-04-21 05:00:00,21,18,11,0,5,1,12,18,6,8,8,2,0,4.891537694282783,1.087649711371137,2.6779167688150056,0.5,0.0,0.8181818181818182,1.2209097990422146,0.36217231564140073,0
user_1723,2021-03-25 04:28:00,27,11,10,2,3,3,8,15,14,16,19,3,0,3.899989872239953,1.1879965160428585,5.789688905643229,0.35714285714285715,0.18181818181818182,0.39285714285714285,1.3356108520360157,1.207691380055037,0
user_1724,2021-03-04 19:36:00,22,13,6,0,2,1,7,15,13,10,9,3,0,3.7814422609971077,7.79665474055051,4.011693191968668,0.2608695652173913,0.0,0.5652173913043478,1.2143850772557034,1.7542761503774045,0
user_1725,2021-04-23 15:11:00,20,12,10,1,0,1,14,10,7,10,11,4,0,0.08961520299801906,1.5490815168424221,2.076768475493255,0.47619047619047616,0.09090909090909091,0.5714285714285714,1.1077763771406057,0.5549286024308311,0
user_1726,2021-04-20 06:01:00,14,20,11,2,3,1,13,14,13,9,13,1,0,9.892941435447026,6.041755892153683,9.467682383413084,0.7333333333333333,0.16666666666666666,1.3333333333333333,1.0585334911271547,1.6763511941136158,0
user_1727,2021-03-20 12:55:00,16,19,4,0,0,2,8,8,8,12,14,5,1,4.784905151077151,6.791099709088173,9.045336288920778,0.23529411764705882,0.0,1.1176470588235294,1.5976601341783463,0.7204583472141401,0
user_1728,2021-03-12 08:25:00,25,23,5,0,0,0,19,5,11,8,10,4,0,7.005777310459347,9.01708492745019,2.500945544342506,0.19230769230769232,0.0,0.8846153846153846,0.9333422675200165,1.750729216345569,0
user_1729,2021-04-20 04:35:00,20,23,10,2,6,0,15,19,15,15,8,1,0,2.6893982419238602,9.295889975823574,1.031434706628478,0.47619047619047616,0.18181818181818182,1.0952380952380953,0.5151400383028082,1.5731758588824154,0
user_1730,2021-04-05 23:00:00,17,21,11,0,1,1,11,6,14,17,6,0,0,7.0741529940531445,8.258817839952352,6.58671909142949,0.6111111111111112,0.0,1.1666666666666667,1.8241137588516643,0.2113888939680506,0
user_1731,2021-03-12 16:00:00,18,14,8,1,2,0,6,14,9,14,15,4,0,2.511625271742839,0.1100242575460364,2.7611322340305735,0.42105263157894735,0.1111111111111111,0.7368421052631579,0.06897390622703337,1.5500902647631436,0
user_1732,2021-03-01 05:48:00,25,10,7,1,2,0,12,9,10,14,14,0,0,9.409835671630335,4.107906670451065,4.368152000430475,0.2692307692307692,0.125,0.38461538461538464,1.055619142093944,0.984720419057062,0
user_1733,2021-01-29 06:44:00,18,21,9,2,0,2,12,13,17,16,15,4,0,8.20282563322179,2.291461471140648,7.176232537606289,0.47368421052631576,0.2,1.105263157894737,0.8044048723915769,1.4528538197622949,0
user_1734,2021-04-20 08:58:00,28,12,10,1,3,1,8,15,7,8,16,1,0,3.648883090552506,6.688277408770546,9.700205514821844,0.3448275862068966,0.09090909090909091,0.41379310344827586,1.900030228707613,1.788726543485745,0
user_1735,2021-01-08 05:21:00,17,20,4,0,2,1,13,12,7,16,6,4,0,9.645392822810898,9.19197738584683,8.110170590898825,0.2222222222222222,0.0,1.1111111111111112,1.7604609782672047,1.3360196084564138,0
user_1736,2021-03-05 09:36:00,15,7,6,1,1,0,9,9,18,6,10,4,0,5.503269239891288,8.4784484182048,2.4335584871002127,0.375,0.14285714285714285,0.4375,1.3937361977864278,1.771196438281621,0
user_1737,2021-04-02 08:50:00,20,14,10,2,3,0,16,18,19,15,15,4,0,7.506044697269338,4.270177016355024,9.577017377540654,0.47619047619047616,0.18181818181818182,0.6666666666666666,1.420775317470293,1.1825478931641,0
user_1738,2021-04-15 13:59:00,19,17,4,1,2,1,10,11,6,15,8,3,0,9.492824091784405,3.162826141610282,1.031752273415799,0.2,0.2,0.85,1.9163018907716471,0.2583487420458457,0
user_1739,2021-01-20 16:08:00,21,19,10,0,2,2,18,11,12,11,7,2,0,1.3488085453614518,5.51732738445613,6.163615545558862,0.45454545454545453,0.0,0.8636363636363636,1.532610906674625,1.6292178999434017,0
user_1740,2021-04-18 16:50:00,26,20,16,2,3,0,17,18,14,15,18,6,1,3.220930789035913,4.887198935938707,8.825640679416171,0.5925925925925926,0.11764705882352941,0.7407407407407407,1.9369010562621263,0.7094386259741818,0
user_1741,2021-01-17 15:34:00,20,17,10,1,4,0,8,14,11,14,11,6,1,6.374717041134442,8.941030489216773,7.2947241248240235,0.47619047619047616,0.09090909090909091,0.8095238095238095,0.6917494043142076,1.7400472438804087,0
user_1742,2021-03-14 21:47:00,13,16,6,1,2,0,15,5,18,13,10,6,1,2.079242919077285,1.860553722548719,5.064060554735038,0.42857142857142855,0.14285714285714285,1.1428571428571428,0.02192152732031971,1.716476378591454,0
user_1743,2021-04-11 06:13:00,16,15,15,2,1,2,15,16,15,11,5,6,1,2.3405826167318713,4.4691768664112015,3.832204193914206,0.8823529411764706,0.125,0.8823529411764706,0.4935950771024149,0.6862517666025822,0
user_1744,2021-01-06 13:42:00,19,11,8,3,0,0,11,19,6,10,5,2,0,0.6683606117220542,9.917859259823791,7.818542689763118,0.4,0.3333333333333333,0.55,1.5029521732591482,1.6937925486274104,0
user_1745,2021-04-08 05:59:00,16,12,8,1,2,0,15,9,6,7,12,3,0,6.756982836183666,9.31108305651811,4.111244770069071,0.47058823529411764,0.1111111111111111,0.7058823529411765,1.6303797166555998,0.5083504215132959,0
user_1746,2021-04-05 10:00:00,19,8,9,1,2,1,5,18,15,9,10,0,0,5.823068653835169,4.690473294188397,2.4471850738726006,0.45,0.1,0.4,0.3428183142548151,1.3757918163112637,0
user_1747,2021-02-24 02:26:00,22,15,12,0,5,2,19,13,19,15,19,2,0,8.612515574858731,0.8158036866558382,8.780238257326781,0.5217391304347826,0.0,0.6521739130434783,1.693916643220311,1.1678729191779238,0
user_1748,2021-02-17 19:33:00,16,12,7,1,0,0,14,18,10,11,6,2,0,8.580395368699941,7.291279806541459,4.94556237003186,0.4117647058823529,0.125,0.7058823529411765,0.33364991321200543,0.14198725789946964,1
user_1749,2021-03-13 00:49:00,24,10,8,1,3,2,16,19,10,7,14,5,1,4.004951954649951,5.7077229374162215,5.503139711380322,0.32,0.1111111111111111,0.4,0.1002489209563302,1.7621416743229485,0
user_1750,2021-01-16 15:41:00,22,16,6,0,0,0,8,19,18,17,17,5,1,6.953316434533136,8.068613585309395,4.727895348664667,0.2608695652173913,0.0,0.6956521739130435,0.01131365468141321,0.3136310801355193,1
user_1751,2021-04-09 06:03:00,20,21,10,0,3,1,14,7,16,15,11,4,0,7.479411288811266,8.71363597914854,7.602559556870812,0.47619047619047616,0.0,1.0,1.8422255858926115,0.8704133070584739,0
user_1752,2021-04-07 10:19:00,31,21,13,0,0,1,7,19,6,5,6,2,0,5.913283505150667,4.569756228194294,8.162525969916327,0.40625,0.0,0.65625,1.504186441758565,0.8954017907082625,0
user_1753,2021-01-20 00:25:00,17,15,10,1,4,0,10,9,13,16,8,2,0,5.665540453344812,2.0780852130076277,7.840736847690668,0.5555555555555556,0.09090909090909091,0.8333333333333334,0.1942912283149949,1.6585443693990785,0
user_1754,2021-01-22 07:49:00,20,11,6,2,1,0,12,9,16,9,14,4,0,2.5850315825941816,8.331138911622796,9.94966809978145,0.2857142857142857,0.2857142857142857,0.5238095238095238,1.782037368304405,0.026030845328754548,0
user_1755,2021-03-16 03:34:00,25,10,7,0,1,0,19,6,6,7,10,1,0,9.508943097451187,0.8204007876924269,2.1316356774399328,0.2692307692307692,0.0,0.38461538461538464,1.608188311171592,0.06088985612840503,0
user_1756,2021-03-26 22:12:00,16,15,10,0,3,2,13,8,8,13,10,4,0,1.4119970604294263,2.7505087219379387,4.4923729366584535,0.5882352941176471,0.0,0.8823529411764706,1.3789057374192175,0.43026221047224045,0
user_1757,2021-03-12 14:49:00,20,14,10,2,4,1,18,15,9,5,7,4,0,7.458623040523502,4.039725426658126,9.487099481903284,0.47619047619047616,0.18181818181818182,0.6666666666666666,1.7424747585267584,0.913027614781029,0
user_1758,2021-01-05 05:44:00,32,17,8,2,1,1,19,18,16,17,10,1,0,9.866253113363538,7.456854445021973,1.362548534052078,0.24242424242424243,0.2222222222222222,0.5151515151515151,0.028017445373836214,0.9082947559898442,0
user_1759,2021-04-22 02:06:00,20,16,12,2,4,1,19,12,12,13,5,3,0,6.372809174075834,9.38326508815122,2.1431124684342446,0.5714285714285714,0.15384615384615385,0.7619047619047619,1.4858854674471393,0.16193008154268806,0
user_1760,2021-02-28 08:04:00,25,11,12,0,2,0,10,16,16,17,9,6,1,3.5755769872900203,4.389350066869592,3.065940078980022,0.46153846153846156,0.0,0.4230769230769231,1.7351945263801218,1.6839933430675478,0
user_1761,2021-01-03 04:59:00,23,16,10,1,2,1,12,19,6,14,5,6,1,1.2620521814340846,4.094840317214571,3.903138097974775,0.4166666666666667,0.09090909090909091,0.6666666666666666,1.2004090425570217,0.17540325573056892,1
user_1762,2021-01-15 21:08:00,23,16,9,3,3,3,12,7,9,15,11,4,0,3.4413595226623372,7.2344111485247975,1.9687026757141686,0.375,0.3,0.6666666666666666,0.37930099403836115,1.7312383223971555,0
user_1763,2021-03-20 18:26:00,23,13,6,1,4,1,11,6,11,14,14,5,1,0.849466714610777,3.768144099357226,1.4897712712911975,0.25,0.14285714285714285,0.5416666666666666,1.947365205402488,0.5217562014339943,0
user_1764,2021-04-26 05:34:00,18,15,13,1,0,0,16,11,19,15,7,0,0,7.1651494255757395,8.253070565814443,3.259242635557022,0.6842105263157895,0.07142857142857142,0.7894736842105263,1.9247434386373883,0.6214475078561557,0
user_1765,2021-02-13 14:35:00,20,15,6,1,2,0,17,18,11,8,16,5,1,2.7013035906450034,4.940521138960684,1.465988628463474,0.2857142857142857,0.14285714285714285,0.7142857142857143,1.781722262363198,0.8090484759929635,0
user_1766,2021-01-16 18:21:00,17,14,5,1,4,0,5,17,15,9,10,5,1,0.36659950811740005,5.464004401292551,3.6713273953467036,0.2777777777777778,0.16666666666666666,0.7777777777777778,0.5519488569806803,1.9355036264195393,1
user_1767,2021-02-09 09:14:00,17,10,9,0,3,1,16,18,12,13,9,1,0,4.52995601232614,1.1489421094118057,1.015952118164944,0.5,0.0,0.5555555555555556,0.021804026597496806,0.14946254653569513,0
user_1768,2021-01-03 12:31:00,27,16,13,3,2,0,12,8,6,12,10,6,1,1.3236069874125467,2.707869994398402,8.298540335488896,0.4642857142857143,0.21428571428571427,0.5714285714285714,0.44777759820809715,0.2657230051909132,0
user_1769,2021-03-07 12:27:00,19,14,20,2,1,1,15,11,7,18,18,6,1,6.926676464434332,8.144561612158428,7.768095054792264,1.0,0.09523809523809523,0.7,0.6929388831595986,0.5935280440902708,0
user_1770,2021-01-02 15:04:00,25,17,11,2,0,1,6,14,10,17,9,5,1,6.318325294418407,0.04085773579932006,3.6235030430301904,0.4230769230769231,0.16666666666666666,0.6538461538461539,0.206004095730427,0.919976796272604,1
user_1771,2021-03-29 01:20:00,17,11,6,1,1,2,5,13,12,12,19,0,0,5.986186828988862,4.539805669419378,4.90122843964516,0.3333333333333333,0.14285714285714285,0.6111111111111112,0.6115429995375516,0.9847129642927437,0
user_1772,2021-04-01 02:07:00,20,21,8,1,3,2,9,9,11,15,8,3,0,7.835130422003681,0.237959963720894,7.784878142861475,0.38095238095238093,0.1111111111111111,1.0,1.1438980519120354,1.5048241349420832,0
user_1773,2021-03-20 09:49:00,17,11,13,0,2,1,13,5,14,16,12,5,1,2.5731253441264146,6.968694788027973,8.112100429322606,0.7222222222222222,0.0,0.6111111111111112,1.2108112740198969,1.9769418222025197,0
user_1774,2021-03-13 00:57:00,28,18,7,0,3,0,14,18,5,8,6,5,1,2.7552316322952333,8.419190043202146,1.956482719278838,0.2413793103448276,0.0,0.6206896551724138,0.09083817132507055,0.38225479498187176,0
user_1775,2021-02-13 10:36:00,25,11,9,1,4,1,19,11,6,6,11,5,1,6.1820899413925,4.371415899613819,9.037213804284837,0.34615384615384615,0.1,0.4230769230769231,0.5111807922927059,1.1543889797658249,0
user_1776,2021-03-11 07:40:00,25,10,8,1,3,0,7,10,13,9,9,3,0,8.70743643842702,6.568848457792736,2.500878443492193,0.3076923076923077,0.1111111111111111,0.38461538461538464,1.8464170465864562,1.9669539623672743,0
user_1777,2021-04-17 13:53:00,7,19,10,1,0,0,16,15,5,18,11,5,1,4.318204707368441,6.920098762844978,5.808567282962973,1.25,0.09090909090909091,2.375,1.9030960699354766,0.8603156844565274,0
user_1778,2021-03-05 14:24:00,27,13,17,2,0,0,17,5,16,6,17,4,0,5.327841908029676,4.344390575031202,2.4199806178881897,0.6071428571428571,0.1111111111111111,0.4642857142857143,1.7723276728239261,0.7440650726584455,0
user_1779,2021-04-19 02:55:00,20,26,13,1,4,1,10,16,18,18,12,0,0,3.118443150030763,9.217180536327547,3.987402668035573,0.6190476190476191,0.07142857142857142,1.2380952380952381,0.4981398152898704,0.8279584903908535,0
user_1780,2021-02-09 14:23:00,18,11,18,1,2,2,12,7,5,19,18,1,0,5.427433626241904,2.8907938604720904,9.895366953493232,0.9473684210526315,0.05263157894736842,0.5789473684210527,1.4508917371091237,0.6370774841390496,0
user_1781,2021-04-03 01:43:00,23,18,6,0,1,0,14,12,8,16,12,5,1,6.09333666139547,8.02176120355626,4.627714766350832,0.25,0.0,0.75,0.050588099527102415,1.4278746918952296,0
user_1782,2021-04-01 02:32:00,18,16,9,1,3,2,15,15,5,9,10,3,0,6.167763675746645,7.500303474383195,2.9158831694056015,0.47368421052631576,0.1,0.8421052631578947,1.1042803883196548,0.9068174673851497,0
user_1783,2021-04-23 07:22:00,19,17,11,0,2,1,14,9,12,10,7,4,0,9.157850353705966,1.6105993844401123,1.6253619258192673,0.55,0.0,0.85,0.8586237997100368,0.44911198177890843,1
user_1784,2021-04-11 12:59:00,23,15,15,3,0,2,13,8,15,13,8,6,1,1.481105848347064,4.7005994264757565,7.136675394272594,0.625,0.1875,0.625,1.58222936917446,1.0766477651461364,0
user_1785,2021-03-28 21:54:00,13,14,11,1,1,2,10,17,16,13,19,6,1,2.336083636062786,4.86662125811936,5.83507738538649,0.7857142857142857,0.08333333333333333,1.0,0.2957137753369796,1.8655321846004251,0
user_1786,2021-02-15 19:05:00,27,19,9,2,1,1,14,19,6,6,7,0,0,5.765465014966473,5.77680351701288,2.8253963541072253,0.32142857142857145,0.2,0.6785714285714286,1.0408193467955282,0.3224915571600546,0
user_1787,2021-03-25 04:01:00,20,16,5,1,2,0,5,15,19,19,16,3,0,3.6207444418399226,9.682622866757487,5.183784249125937,0.23809523809523808,0.16666666666666666,0.7619047619047619,0.1576105228661715,0.393836882341533,0
user_1788,2021-04-30 09:53:00,14,20,9,1,2,1,13,5,6,13,14,4,0,7.812274810970402,9.850220477743953,9.504832876952316,0.6,0.1,1.3333333333333333,1.5538185055408806,0.7404361641455293,0
user_1789,2021-02-11 11:25:00,18,9,7,2,4,1,8,17,18,16,5,3,0,9.12277548496807,5.688087079104048,4.255786357807558,0.3684210526315789,0.25,0.47368421052631576,0.6729638409554821,1.851349422619386,0
user_1790,2021-03-23 05:23:00,12,13,8,0,2,1,11,18,9,15,9,1,0,8.027944616894501,8.993249695622586,9.431132477352532,0.6153846153846154,0.0,1.0,1.6467835268670195,1.1922986142920355,0
user_1791,2021-02-06 03:51:00,22,15,9,1,2,0,14,8,12,16,7,5,1,8.213489855335865,7.902550488643055,5.235788473895711,0.391304347826087,0.1,0.6521739130434783,1.7057869495895994,1.9845608489363131,0
user_1792,2021-02-04 13:16:00,15,13,7,0,2,2,7,16,5,19,10,3,0,1.9387337701633534,0.9122125180195817,6.761225480906422,0.4375,0.0,0.8125,0.22277642932176067,0.8461260830079074,0
user_1793,2021-03-26 13:14:00,21,11,9,2,2,2,6,19,6,10,13,4,0,8.691344354557732,7.708061843003195,3.094230499310451,0.4090909090909091,0.2,0.5,0.032797874789188386,0.3530957217253301,0
user_1794,2021-01-04 23:19:00,18,13,5,0,2,1,16,15,19,14,18,0,0,8.154710760142745,8.37826352242271,7.48954037339058,0.2631578947368421,0.0,0.6842105263157895,1.9457945452891663,1.721382979942717,0
user_1795,2021-04-19 16:31:00,21,14,6,1,1,0,18,14,12,10,16,0,0,6.678820997116304,2.0422461328650887,1.7327529584371835,0.2727272727272727,0.14285714285714285,0.6363636363636364,1.251389295119228,0.4997312255765438,0
user_1796,2021-03-17 07:37:00,19,14,13,1,4,1,7,9,18,17,8,2,0,1.6606996888928072,2.252725988464354,2.9814446382056348,0.65,0.07142857142857142,0.7,1.0397192230909391,1.743639887899111,0
user_1797,2021-01-19 19:05:00,16,13,8,1,2,0,10,12,15,13,8,1,0,2.3970869465762235,1.9869567992558823,1.536088991789158,0.47058823529411764,0.1111111111111111,0.7647058823529411,0.4162070235524016,1.5530171962495913,0
user_1798,2021-04-26 11:26:00,20,15,6,1,1,0,9,11,5,19,15,0,0,9.899924421091788,8.442635369541986,3.0009320106724404,0.2857142857142857,0.14285714285714285,0.7142857142857143,0.26744606197128884,0.4241629226884429,0
user_1799,2021-04-03 06:25:00,19,11,9,2,2,0,16,18,19,15,18,5,1,0.8780060852632854,1.3672125576665028,2.0828923195530025,0.45,0.2,0.55,1.3770599458666435,0.24020579372861617,0
user_1800,2021-04-06 07:33:00,22,11,12,2,3,1,15,12,9,8,18,1,0,0.8946537680231914,3.596055556816986,1.5437456646766807,0.5217391304347826,0.15384615384615385,0.4782608695652174,0.507954307346087,0.2108967914905202,1
user_1801,2021-01-31 05:08:00,27,12,9,0,3,0,10,7,14,9,9,6,1,8.429795786689906,4.51483708530406,5.065787615925428,0.32142857142857145,0.0,0.42857142857142855,1.268100144186784,0.561260372092822,0
user_1802,2021-04-29 05:22:00,14,12,8,1,1,0,13,15,5,6,8,3,0,7.696824905518769,5.554054395224152,4.910416555996347,0.5333333333333333,0.1111111111111111,0.8,0.9167457659099691,1.1935959857723881,0
user_1803,2021-03-21 21:26:00,22,15,13,1,2,2,19,15,13,17,13,6,1,5.105481270178538,3.880249952103415,4.766379801784905,0.5652173913043478,0.07142857142857142,0.6521739130434783,1.8213231947005812,1.3176961225714687,0
user_1804,2021-04-24 06:43:00,17,12,14,1,3,3,16,7,5,7,7,5,1,8.256103450134157,9.297014299807872,5.148571903138201,0.7777777777777778,0.06666666666666667,0.6666666666666666,0.4333330863193572,1.51984036982068,1
user_1805,2021-01-26 23:30:00,20,18,12,1,1,3,19,11,19,13,5,1,0,3.993121319006155,5.91555656103378,7.010184077918778,0.5714285714285714,0.07692307692307693,0.8571428571428571,0.4425672384602015,1.050364859213854,0
user_1806,2021-03-01 12:06:00,17,18,5,1,0,0,19,15,16,5,7,0,0,9.317454616594919,2.1547973145469235,6.3412839558112895,0.2777777777777778,0.16666666666666666,1.0,0.3174369206249186,1.72374732685462,0
user_1807,2021-03-02 07:06:00,17,22,18,0,2,2,18,18,15,7,10,1,0,5.051611371740135,4.0387655140653305,1.1277542508047786,1.0,0.0,1.2222222222222223,0.0675939306179214,1.7149153514539228,0
user_1808,2021-02-04 13:38:00,20,13,11,2,2,0,16,9,6,13,10,3,0,7.381147828313145,8.266511917107485,8.62271952505934,0.5238095238095238,0.16666666666666666,0.6190476190476191,1.447127289283029,1.3127928905378359,0
user_1809,2021-04-12 14:13:00,20,15,8,0,2,1,9,17,6,13,12,0,0,6.195435652169282,4.954135527051977,4.928057761091967,0.38095238095238093,0.0,0.7142857142857143,1.4524451456266867,1.1115667829026654,0
user_1810,2021-03-19 10:18:00,15,18,8,1,3,1,10,14,12,17,7,4,0,0.6637815988750995,5.8839165485867815,8.550722653122854,0.5,0.1111111111111111,1.125,0.03050877669672447,1.3067505110395696,1
user_1811,2021-02-05 11:07:00,19,13,11,1,1,0,7,13,9,15,11,4,0,3.0256321038787704,7.684707494167768,5.59691004442209,0.55,0.08333333333333333,0.65,1.2666099714830643,0.9611366858291341,0
user_1812,2021-02-17 10:44:00,15,10,11,1,1,1,10,11,13,15,16,2,0,8.466594571033575,0.03128224201968233,6.439561499816768,0.6875,0.08333333333333333,0.625,0.7037789421271605,1.207987210603221,0
user_1813,2021-02-15 02:10:00,17,15,11,3,4,1,5,14,11,18,11,0,0,3.24259605741835,3.5696671072139696,6.2318157110178705,0.6111111111111112,0.25,0.8333333333333334,0.47616520663081974,1.3196109763352406,0
user_1814,2021-04-23 07:42:00,20,18,7,1,3,2,5,8,14,14,9,4,0,8.094662594713183,6.59817069677107,9.239728342639916,0.3333333333333333,0.125,0.8571428571428571,1.330287914589155,1.9915713590657813,0
user_1815,2021-04-14 20:09:00,40,15,10,4,5,2,19,10,11,6,5,2,0,9.491088895141443,8.458709569977627,2.8572406253015585,0.24390243902439024,0.36363636363636365,0.36585365853658536,0.28209422118821315,0.03965696899856841,0
user_1816,2021-03-11 02:31:00,18,17,12,1,3,1,17,6,11,9,19,3,0,6.644064922426,2.7356774689453403,2.2210638631112705,0.631578947368421,0.07692307692307693,0.8947368421052632,0.2508476999450442,1.0729909636994126,0
user_1817,2021-02-15 00:15:00,20,25,9,1,2,2,9,17,10,12,9,0,0,6.751553971107085,3.9800194397563304,3.307455899642511,0.42857142857142855,0.1,1.1904761904761905,1.4294955374188583,0.5750394267104282,0
user_1818,2021-02-18 17:48:00,28,22,13,3,2,2,17,9,11,10,8,3,0,9.549405247449897,4.787743973361948,5.705423021147088,0.4482758620689655,0.21428571428571427,0.7586206896551724,1.6009252932263918,0.07296571381425276,0
user_1819,2021-03-14 09:19:00,19,10,13,2,4,2,13,18,6,14,16,6,1,7.67568392821627,7.170423331852341,9.463715261930576,0.65,0.14285714285714285,0.5,1.1779601526484165,1.8375184893205954,0
user_1820,2021-02-07 05:04:00,21,13,16,1,2,3,8,18,8,13,12,6,1,4.037230353716951,9.462878874466455,7.684879531316059,0.7272727272727273,0.058823529411764705,0.5909090909090909,1.8763274545727437,1.1637507914467866,0
user_1821,2021-03-08 07:54:00,20,9,15,0,3,2,11,19,14,8,16,0,0,7.29613695360586,4.860964366787143,1.5445768185045865,0.7142857142857143,0.0,0.42857142857142855,0.7244136290140317,0.6089956067188529,0
user_1822,2021-03-26 01:23:00,21,17,8,1,0,0,10,9,7,13,6,4,0,8.321817033610268,6.726490060114251,2.9188322342591224,0.36363636363636365,0.1111111111111111,0.7727272727272727,0.1812199831086403,0.7280761401591724,0
user_1823,2021-02-13 19:27:00,22,13,10,0,1,2,14,15,14,9,14,5,1,1.418155874770426,1.3185429870494303,3.407654414162187,0.43478260869565216,0.0,0.5652173913043478,0.4445233708822829,1.4609113548559092,0
user_1824,2021-03-17 20:48:00,18,21,8,1,1,1,7,9,14,16,17,2,0,8.02441901133881,5.008671161401015,4.798273254130196,0.42105263157894735,0.1111111111111111,1.105263157894737,1.4984099267405615,0.6178709073379596,0
user_1825,2021-01-13 20:30:00,22,11,15,2,1,0,18,17,11,13,5,2,0,0.6880073809536935,9.794090121252935,8.804208341301173,0.6521739130434783,0.125,0.4782608695652174,1.9944210628429608,0.6066047065249573,0
user_1826,2021-01-07 22:17:00,22,16,6,3,3,1,15,17,11,18,5,3,0,1.3225026001993923,7.152972089493108,4.455248897008926,0.2608695652173913,0.42857142857142855,0.6956521739130435,1.269687219113268,0.5487955028577607,1
user_1827,2021-01-22 23:39:00,18,17,13,0,2,0,8,12,5,13,9,4,0,6.236357183967135,0.301700831375612,5.775443050618955,0.6842105263157895,0.0,0.8947368421052632,1.8830413673026951,1.1006718366262027,0
user_1828,2021-02-02 02:15:00,20,17,8,1,2,0,5,10,12,18,9,1,0,5.825637161516961,1.8461285738895494,5.232061828716479,0.38095238095238093,0.1111111111111111,0.8095238095238095,0.9014992429838553,1.7560157400857659,0
user_1829,2021-02-04 03:36:00,24,9,11,1,4,0,15,11,6,5,15,3,0,7.673665320879187,4.829892516014551,7.647883574195946,0.44,0.08333333333333333,0.36,1.948604301676114,1.3001006370512818,0
user_1830,2021-01-14 03:58:00,18,21,8,2,3,1,17,16,6,16,18,3,0,2.6743175262408148,2.5948163706089353,7.376983279979338,0.42105263157894735,0.2222222222222222,1.105263157894737,1.3552187897114714,1.9373682862074646,0
user_1831,2021-03-15 12:59:00,17,11,7,2,1,1,19,18,17,14,5,0,0,0.7468086489300418,8.139410881793355,3.436563663649073,0.3888888888888889,0.25,0.6111111111111112,1.6146882392889417,0.4150926495793683,1
user_1832,2021-01-28 13:26:00,20,15,12,0,2,1,6,6,14,13,8,3,0,5.318810024818706,0.00022788183352329128,7.882996672761453,0.5714285714285714,0.0,0.7142857142857143,0.7125139188136669,1.1384441683780955,0
user_1833,2021-02-24 08:08:00,19,16,8,2,1,1,14,19,13,13,9,2,0,3.00342013347884,4.355751052116375,4.862435042786132,0.4,0.2222222222222222,0.8,1.6797496301143386,1.0885796419544156,0
user_1834,2021-03-09 08:14:00,24,14,8,2,4,0,6,17,8,16,6,1,0,1.0386215478519212,0.6299824604042881,1.6970159129188396,0.32,0.2222222222222222,0.56,1.0722080113787158,0.209614084406065,0
user_1835,2021-03-20 02:22:00,17,13,15,1,0,2,10,5,8,11,15,5,1,0.483144997007503,7.894911377146179,4.878967143983007,0.8333333333333334,0.0625,0.7222222222222222,0.9095987525560727,0.7121432978328868,0
user_1836,2021-01-07 13:37:00,12,15,8,0,0,0,9,13,13,18,9,3,0,5.695463606618727,1.9276106180669461,3.965894063582659,0.6153846153846154,0.0,1.1538461538461537,1.5080914291290113,0.08123005287583895,0
user_1837,2021-03-02 01:01:00,18,15,12,2,0,0,6,8,9,17,6,1,0,3.485534574904853,7.6292888721428085,5.145131480334654,0.631578947368421,0.15384615384615385,0.7894736842105263,1.0254911486132263,0.3894754604637034,0
user_1838,2021-03-25 07:09:00,16,12,6,1,3,1,5,5,14,10,6,3,0,3.8107912603279956,8.602202269900921,3.149098402832735,0.35294117647058826,0.14285714285714285,0.7058823529411765,0.32642891986815536,0.2118450547151578,0
user_1839,2021-04-28 18:38:00,17,19,7,2,2,0,9,16,11,12,13,2,0,8.055843404237883,1.7405367339499456,5.016587595759985,0.3888888888888889,0.25,1.0555555555555556,1.3637376747881889,1.243293596489253,0
user_1840,2021-04-03 13:50:00,24,10,8,1,1,0,12,11,13,13,9,5,1,9.159311049135605,1.981748929927729,5.012223448994627,0.32,0.1111111111111111,0.4,1.7267757245554316,1.280235203834609,0
user_1841,2021-01-02 02:21:00,15,16,14,0,1,0,11,11,16,12,9,5,1,5.115545298359075,9.03974311812088,4.26590191935192,0.875,0.0,1.0,1.7867346136399769,1.6440461052942046,0
user_1842,2021-01-12 05:32:00,16,16,10,0,3,2,7,7,9,6,11,1,0,2.2730161665714332,9.680079592829468,8.495093990093977,0.5882352941176471,0.0,0.9411764705882353,0.6403523269807934,0.9680499206206858,0
user_1843,2021-04-11 10:03:00,18,18,10,1,2,2,9,19,9,19,10,6,1,0.8328155971173468,9.464578778225729,6.8737807530590604,0.5263157894736842,0.09090909090909091,0.9473684210526315,1.255313593747913,0.7995180454340756,0
user_1844,2021-01-16 21:53:00,18,20,10,0,3,2,17,11,16,8,10,5,1,4.3455902458051625,1.0496434351421902,8.553975286392902,0.5263157894736842,0.0,1.0526315789473684,1.641315777803034,0.8690765064915518,0
user_1845,2021-01-18 11:03:00,23,11,11,1,0,1,11,11,6,8,15,0,0,2.99128928086577,1.8051577289981424,1.4065581911967633,0.4583333333333333,0.08333333333333333,0.4583333333333333,0.22692517166363313,1.3046085313056675,0
user_1846,2021-02-21 04:17:00,13,12,8,0,0,0,19,7,16,10,6,6,1,5.312317818885409,6.413188213864203,7.335654320073875,0.5714285714285714,0.0,0.8571428571428571,0.25324137168560745,1.7604258026814232,1
user_1847,2021-04-07 23:24:00,25,11,10,1,2,1,5,8,14,8,9,2,0,9.689180767935323,9.641951622699384,2.9377907499748304,0.38461538461538464,0.09090909090909091,0.4230769230769231,0.34105939038557986,0.3136863862104389,0
user_1848,2021-03-03 10:20:00,26,13,9,1,3,0,18,15,13,19,11,2,0,7.360228992577488,2.1861783917079567,6.128982533361766,0.3333333333333333,0.1,0.48148148148148145,0.7159853801667693,0.22675192995243765,0
user_1849,2021-01-01 05:21:00,16,12,8,1,0,0,12,16,11,6,8,4,0,7.329624878067127,8.090220326869428,9.621584973702635,0.47058823529411764,0.1111111111111111,0.7058823529411765,0.6744370660840058,0.8082389829420908,0
user_1850,2021-01-28 04:45:00,24,17,12,0,5,1,10,16,13,8,19,3,0,8.514370017916319,4.825258515741789,3.459058916504863,0.48,0.0,0.68,1.8152021021983402,1.2435657222871206,0
user_1851,2021-02-11 16:22:00,10,11,9,0,0,0,8,16,9,14,7,3,0,0.06084773433671642,3.5692012167484046,4.020493783089085,0.8181818181818182,0.0,1.0,1.8198664894307146,0.05043035573786714,0
user_1852,2021-02-20 23:26:00,11,15,10,2,2,1,8,14,17,17,5,5,1,6.4973150443240755,5.68961863238391,6.722807333441069,0.8333333333333334,0.18181818181818182,1.25,0.2561149165093295,1.946973297020667,0
user_1853,2021-01-19 03:18:00,23,19,6,0,4,0,17,13,12,12,13,1,0,9.545441145694799,3.853075826287351,6.115081259605775,0.25,0.0,0.7916666666666666,0.03612467146997811,1.042871574392744,0
user_1854,2021-04-27 06:37:00,23,13,13,1,1,2,6,18,14,6,9,1,0,4.3859706185273755,0.17505924272037787,4.9386903699210825,0.5416666666666666,0.07142857142857142,0.5416666666666666,0.9219127111677874,0.44330127206301473,0
user_1855,2021-02-21 21:45:00,13,18,9,0,0,1,8,14,15,7,5,6,1,2.527836483145942,2.618536504820831,2.293867187726467,0.6428571428571429,0.0,1.2857142857142858,0.8193758581146899,0.8526395230020329,0
user_1856,2021-02-09 08:06:00,18,15,12,1,3,0,12,14,11,7,18,1,0,3.047930636452456,7.221442944844387,2.6422406666938083,0.631578947368421,0.07692307692307693,0.7894736842105263,0.7904963864805774,1.9338116532182743,0
user_1857,2021-03-26 00:09:00,15,12,15,1,1,1,8,10,6,11,12,4,0,1.9156901701287776,5.848085067731731,2.699154421660929,0.9375,0.0625,0.75,1.4907674126784458,1.97551571636494,0
user_1858,2021-01-29 23:36:00,16,15,10,0,0,1,17,6,9,13,17,4,0,1.267843227505141,0.5682660678431384,5.669098109457622,0.5882352941176471,0.0,0.8823529411764706,1.6184206348605512,1.7762667426061005,0
user_1859,2021-01-06 10:16:00,26,16,16,0,4,1,12,14,5,6,14,2,0,7.351560774151318,7.692268354671493,7.926874612276416,0.5925925925925926,0.0,0.5925925925925926,0.5246793200432791,0.35827630750281125,0
user_1860,2021-01-30 21:30:00,22,14,15,0,1,0,16,11,16,15,10,5,1,3.3487546937394876,2.1011039808848797,7.723076138936978,0.6521739130434783,0.0,0.6086956521739131,0.6575941230673494,0.9682394283750917,0
user_1861,2021-03-31 20:28:00,17,12,8,1,0,1,19,17,5,9,6,2,0,5.383770509831933,6.496801088089209,5.01036629271347,0.4444444444444444,0.1111111111111111,0.6666666666666666,0.09506068220391861,0.04718033343845618,0
user_1862,2021-01-11 21:48:00,17,16,17,1,1,2,18,6,13,13,5,0,0,9.05251586780481,3.806887795548076,2.0718938921522043,0.9444444444444444,0.05555555555555555,0.8888888888888888,0.40617314665902415,0.03471370655544015,0
user_1863,2021-01-14 19:36:00,24,17,11,0,0,4,9,15,14,5,13,3,0,4.2525538665270135,9.989546391232937,6.268186245955534,0.44,0.0,0.68,0.8106583729818186,0.058953177153996394,0
user_1864,2021-04-29 21:21:00,20,14,9,2,2,2,8,12,16,17,14,3,0,2.950465275333871,8.360016089723416,7.81175499966992,0.42857142857142855,0.2,0.6666666666666666,0.01637673063020806,0.07529456073850316,0
user_1865,2021-02-19 09:13:00,17,18,9,0,2,0,5,6,13,6,19,4,0,1.1480774436992902,4.733844994395056,4.454016950150455,0.5,0.0,1.0,0.26274910602836155,1.9685784729916211,0
user_1866,2021-04-09 10:28:00,18,15,9,0,2,1,17,8,9,13,9,4,0,2.327860958562462,3.7939226981060736,6.242481207436224,0.47368421052631576,0.0,0.7894736842105263,1.354018281834662,1.027280066842307,0
user_1867,2021-01-29 11:38:00,26,21,13,2,3,1,15,6,19,10,14,4,0,7.21714995993554,5.325400300809214,1.483888669649216,0.48148148148148145,0.14285714285714285,0.7777777777777778,0.9665604977305091,0.8985997833725001,0
user_1868,2021-02-19 05:23:00,12,13,9,0,1,0,18,14,17,19,10,4,0,6.5679757808550026,2.901607596604369,9.757043552749519,0.6923076923076923,0.0,1.0,0.776001259032056,0.6110145002667284,0
user_1869,2021-02-03 14:50:00,21,10,9,0,1,1,15,9,14,16,12,2,0,6.084700374463506,1.5244386170801216,8.901248715548935,0.4090909090909091,0.0,0.45454545454545453,0.054951645610560984,1.578194540172839,1
user_1870,2021-01-08 17:53:00,20,18,10,2,1,0,14,13,9,6,6,4,0,7.932621381324584,6.642373244267681,2.132845125498939,0.47619047619047616,0.18181818181818182,0.8571428571428571,1.4191354490840227,1.5593276289080538,0
user_1871,2021-01-30 07:20:00,21,18,12,1,2,0,12,10,18,16,19,5,1,6.304677007972373,3.342770417307289,6.9383972788957,0.5454545454545454,0.07692307692307693,0.8181818181818182,0.11883448995503976,0.14279599902767193,0
user_1872,2021-04-12 21:41:00,17,19,10,0,0,0,17,12,15,14,14,0,0,5.867952355866817,2.560428371601615,3.7421120313564753,0.5555555555555556,0.0,1.0555555555555556,0.4828695579769551,0.1608794557965647,0
user_1873,2021-03-08 22:02:00,20,15,11,0,3,1,15,13,7,16,11,0,0,5.192189887397171,8.634516747512727,8.674174613808416,0.5238095238095238,0.0,0.7142857142857143,0.5330236778995254,1.0720595508462913,0
user_1874,2021-02-09 22:18:00,18,15,5,1,0,1,17,6,8,7,12,1,0,5.374409620271634,3.9716076358928545,5.890265041585947,0.2631578947368421,0.16666666666666666,0.7894736842105263,0.33082042111009,1.2721556408149939,0
user_1875,2021-03-25 12:25:00,28,17,14,0,2,0,13,17,5,10,6,3,0,0.6290459910184909,3.4682871576236938,4.387548313360279,0.4827586206896552,0.0,0.5862068965517241,1.341459316242494,1.0673766705103203,1
user_1876,2021-01-10 20:19:00,17,11,14,2,3,1,13,15,5,13,5,6,1,6.833332835353439,3.8463823323646453,7.764244682700026,0.7777777777777778,0.13333333333333333,0.6111111111111112,1.6474571937169722,0.5502088617473686,1
user_1877,2021-03-11 06:28:00,18,15,7,0,2,1,17,11,10,6,14,3,0,9.45960453429593,2.27075524461799,6.370644818664106,0.3684210526315789,0.0,0.7894736842105263,0.5475038021286991,1.1762477234385114,0
user_1878,2021-01-14 05:40:00,15,15,7,0,2,0,11,18,11,9,11,3,0,9.94968371917036,4.582964832751314,7.498414443610053,0.4375,0.0,0.9375,1.0097704241008172,0.47145304627390483,0
user_1879,2021-04-09 19:13:00,22,9,17,0,0,1,11,11,6,18,5,4,0,2.9620187484574756,1.5045972402629226,9.937170662344236,0.7391304347826086,0.0,0.391304347826087,0.8962380584167018,0.10784228449717426,1
user_1880,2021-03-13 02:17:00,20,13,10,1,4,3,17,6,10,16,11,5,1,0.08764376454192258,2.129674502528831,9.197858119735848,0.47619047619047616,0.09090909090909091,0.6190476190476191,1.5094545259561176,1.4148196950699463,0
user_1881,2021-03-25 17:25:00,16,12,9,2,0,0,15,7,10,6,19,3,0,0.7246116451595697,0.8521750794941352,3.0272066485739826,0.5294117647058824,0.2,0.7058823529411765,1.500003824717393,1.127557068494552,0
user_1882,2021-02-16 09:44:00,15,17,12,2,3,1,5,17,16,6,10,1,0,8.09987674663979,3.323938477051369,1.2794874570593655,0.75,0.15384615384615385,1.0625,1.3989948074449912,1.6373824766613736,1
user_1883,2021-04-27 10:46:00,22,12,10,2,4,0,13,11,14,19,8,1,0,3.0779183620867356,9.259304654369519,7.7278752184165596,0.43478260869565216,0.18181818181818182,0.5217391304347826,0.06745331460843418,1.8118120419481683,0
user_1884,2021-04-27 10:16:00,19,19,11,4,0,1,8,9,12,18,12,1,0,1.8493956668987688,2.668450094381317,8.882262320076762,0.55,0.3333333333333333,0.95,0.7906415399051192,0.457250925860206,0
user_1885,2021-02-01 16:25:00,24,16,9,3,1,1,6,13,19,5,11,0,0,4.0483933621747425,9.590162373042183,8.652885942825225,0.36,0.3,0.64,1.6250454900134557,0.07684870432240398,0
user_1886,2021-02-20 14:40:00,20,16,12,0,2,2,6,11,18,15,6,5,1,1.5678299497913173,3.125455941765095,4.113711479166784,0.5714285714285714,0.0,0.7619047619047619,1.443184602755907,0.29355862439786873,1
user_1887,2021-03-26 11:13:00,21,17,17,2,2,3,16,12,17,9,9,4,0,2.6960429231934735,7.908786694875005,7.099883911162478,0.7727272727272727,0.1111111111111111,0.7727272727272727,0.40544620653837016,1.0042244009892702,0
user_1888,2021-01-20 07:45:00,29,14,7,1,3,1,12,9,17,19,12,2,0,1.6896254869414429,9.65709176096404,5.321641861915966,0.23333333333333334,0.125,0.4666666666666667,0.3478135310685071,1.2268419547022313,0
user_1889,2021-04-26 14:49:00,23,12,9,0,0,0,13,15,7,11,14,0,0,7.4099558513265436,3.5643327435534133,6.5911518512236364,0.375,0.0,0.5,1.3299702052964404,1.4513946477093593,0
user_1890,2021-01-25 22:39:00,18,20,7,1,2,2,19,18,12,5,12,0,0,1.3185678587521765,7.587095700674794,8.599207233794761,0.3684210526315789,0.125,1.0526315789473684,0.2501235350255462,1.9274750725647871,0
user_1891,2021-03-23 06:53:00,25,18,5,0,0,1,14,19,14,8,10,1,0,1.751708160797023,0.851730709803411,5.0155208700622556,0.19230769230769232,0.0,0.6923076923076923,0.8449377763550832,0.6877480887295382,1
user_1892,2021-04-10 21:21:00,23,11,11,1,1,1,10,5,14,16,14,5,1,1.9502157512731444,5.766371884823221,1.2761770611189083,0.4583333333333333,0.08333333333333333,0.4583333333333333,0.0587034798846775,0.47540609981268656,0
user_1893,2021-03-14 18:31:00,16,11,11,0,1,3,15,9,11,16,18,6,1,2.0530491434185185,7.805333252209854,9.937647445611601,0.6470588235294118,0.0,0.6470588235294118,1.2580850626690814,1.1507582010878565,0
user_1894,2021-02-15 05:38:00,17,18,8,2,2,3,12,10,17,8,18,0,0,3.7868928198129312,9.417152370787798,3.2503554409583533,0.4444444444444444,0.2222222222222222,1.0,1.5866201084526501,1.273392974791353,1
user_1895,2021-01-04 09:16:00,16,20,10,1,0,1,16,19,6,18,19,0,0,5.811594332876414,0.772711186664593,2.8925088579025067,0.5882352941176471,0.09090909090909091,1.1764705882352942,0.23282229820890965,1.718019081282519,0
user_1896,2021-03-02 05:41:00,20,16,5,2,3,0,18,17,12,18,7,1,0,2.0690355380324563,3.4919248791087174,2.6899872709584756,0.23809523809523808,0.3333333333333333,0.7619047619047619,0.5436911331542285,1.7444150069099094,0
user_1897,2021-04-10 08:38:00,11,17,10,0,0,2,7,10,5,17,7,5,1,3.978392576255083,5.223172607640594,9.270711028245556,0.8333333333333334,0.0,1.4166666666666667,0.6037272162707412,0.27752271308544363,0
user_1898,2021-02-02 02:23:00,14,9,10,2,2,1,8,5,17,7,9,1,0,3.5482320650664123,4.002497825528993,8.80952806806278,0.6666666666666666,0.18181818181818182,0.6,1.6237393937437627,1.6602528849872893,0
user_1899,2021-04-12 09:56:00,20,12,7,1,3,1,14,9,6,12,13,0,0,2.0818711975540505,3.0818302638278405,7.629287028476596,0.3333333333333333,0.125,0.5714285714285714,0.19791141595396655,1.1268871431877843,0
user_1900,2021-02-02 02:19:00,18,11,11,1,2,1,13,8,14,17,17,1,0,6.290717856218066,5.3266886721305475,3.388183512713746,0.5789473684210527,0.08333333333333333,0.5789473684210527,1.231513324419149,0.7845953624360114,0
user_1901,2021-04-22 16:04:00,22,23,17,2,3,1,10,17,6,11,7,3,0,3.101245578213133,0.11216922215208314,9.190964532509483,0.7391304347826086,0.1111111111111111,1.0,1.363641763060694,0.4128879796617906,1
user_1902,2021-04-02 13:37:00,17,17,11,1,1,1,18,17,6,17,17,4,0,9.549355265824035,9.61045832743681,9.096591316773338,0.6111111111111112,0.08333333333333333,0.9444444444444444,0.5748681279065313,0.40295853785971447,0
user_1903,2021-04-02 02:23:00,18,19,12,1,0,1,19,11,17,19,5,4,0,1.271964972401226,3.0603687397647485,5.935701715194632,0.631578947368421,0.07692307692307693,1.0,0.5126657776866763,1.0730760080288761,0
user_1904,2021-01-06 19:23:00,17,13,10,1,2,0,15,19,19,17,8,2,0,2.316377505724466,4.731303799326079,8.080274535308018,0.5555555555555556,0.09090909090909091,0.7222222222222222,0.12702264341998126,0.024921073069595012,0
user_1905,2021-04-12 08:46:00,13,21,6,0,1,2,19,15,6,8,16,0,0,7.822508783075946,7.379273272572728,3.5305862591595814,0.42857142857142855,0.0,1.5,0.1758696322510498,1.9972366912269337,0
user_1906,2021-04-04 03:05:00,30,15,15,0,6,2,5,13,11,14,5,6,1,2.780423400116012,2.886022385155158,8.274080908587287,0.4838709677419355,0.0,0.4838709677419355,0.0029430599230766408,1.6876561772121006,1
user_1907,2021-03-14 15:29:00,15,13,15,1,2,2,17,14,15,5,16,6,1,4.2680406393314705,4.3073198030928594,1.928006328258065,0.9375,0.0625,0.8125,0.43490207566497463,0.16696148377985187,0
user_1908,2021-02-10 10:44:00,15,11,6,0,2,0,12,15,13,12,15,2,0,1.176867539063956,7.023105803385576,7.50177837602114,0.375,0.0,0.6875,1.3284164227815212,1.2829947464580704,0
user_1909,2021-04-22 13:19:00,31,13,12,2,6,4,15,16,5,14,7,3,0,1.2020594852606836,6.866334601893343,9.51428338298285,0.375,0.15384615384615385,0.40625,0.30036894896481403,1.791745013411464,0
user_1910,2021-04-11 23:13:00,13,17,11,0,2,0,10,17,17,6,15,6,1,5.281635734467195,2.527848611434762,1.2953745660077745,0.7857142857142857,0.0,1.2142857142857142,0.5634620403572783,0.19471848730892583,0
user_1911,2021-01-05 04:31:00,9,17,11,2,1,1,10,18,10,16,19,1,0,8.008712392080966,3.69348781834014,1.2139933578760433,1.1,0.16666666666666666,1.7,0.6205843368029273,0.1550344847115721,0
user_1912,2021-02-12 09:51:00,17,13,4,0,3,0,12,8,17,15,18,4,0,5.368810930005855,5.760033638038932,5.056864142407183,0.2222222222222222,0.0,0.7222222222222222,1.5669816535369578,1.415787677481657,0
user_1913,2021-04-29 15:24:00,20,23,7,2,1,1,13,16,6,15,11,3,0,7.976394687893774,0.5198215921573379,2.0206048283107827,0.3333333333333333,0.25,1.0952380952380953,1.1137158033964916,0.7272716525893759,0
user_1914,2021-02-17 14:25:00,16,11,12,1,0,1,6,6,17,11,9,2,0,6.110567193103905,2.464662622165318,1.8262468143311517,0.7058823529411765,0.07692307692307693,0.6470588235294118,0.5823324159440286,0.7231011907231406,0
user_1915,2021-01-10 04:54:00,15,16,11,1,1,1,11,14,19,15,8,6,1,0.4235857908556273,6.324017511486881,8.603162312949037,0.6875,0.08333333333333333,1.0,0.2729547670702839,0.28266824559130055,0
user_1916,2021-02-26 01:56:00,10,12,13,0,3,0,11,15,12,18,16,4,0,1.600520329535503,4.393573478149398,6.273841503265383,1.1818181818181819,0.0,1.0909090909090908,1.319884482526608,0.20103363436186927,0
user_1917,2021-02-14 18:00:00,22,12,6,1,5,0,5,7,16,16,10,6,1,7.615872939437821,9.196447018769232,8.127962389494844,0.2608695652173913,0.14285714285714285,0.5217391304347826,1.0225277352517304,0.3125723942281984,0
user_1918,2021-04-05 04:12:00,18,9,5,2,0,0,10,17,11,19,14,0,0,9.89118980303931,9.6600926150419,2.632713742154726,0.2631578947368421,0.3333333333333333,0.47368421052631576,0.6105079517048351,1.5390730503024377,0
user_1919,2021-02-06 02:16:00,13,14,6,2,1,1,14,12,16,12,16,5,1,2.492852016366104,8.04710944575375,7.798845924533311,0.42857142857142855,0.2857142857142857,1.0,0.3575292627680213,1.670189161352019,1
user_1920,2021-02-18 10:46:00,26,11,14,2,4,2,9,10,18,5,6,3,0,6.293038603684153,7.615971829790057,7.498502785343672,0.5185185185185185,0.13333333333333333,0.4074074074074074,1.7699768029426708,0.7833667261395494,0
user_1921,2021-03-16 01:36:00,14,12,10,1,1,3,11,6,9,9,15,1,0,3.380479675180803,7.329145097432825,1.6293690724485836,0.6666666666666666,0.09090909090909091,0.8,0.4936335430575183,0.5007849816650793,0
user_1922,2021-04-19 23:21:00,21,15,11,2,2,0,16,12,17,18,9,0,0,5.706971156812841,8.066055919450655,1.2102197656365026,0.5,0.16666666666666666,0.6818181818181818,0.0667187513251768,1.4535358735208563,0
user_1923,2021-02-08 17:06:00,21,10,9,1,2,2,8,6,7,12,8,0,0,0.3113824829749101,1.0647554876826504,4.7916063325760305,0.4090909090909091,0.1,0.45454545454545453,1.4052957526471745,1.61075977117214,0
user_1924,2021-01-15 09:06:00,17,8,9,0,0,0,5,18,14,19,13,4,0,9.532446176274048,2.7207222737985237,9.007449519629496,0.5,0.0,0.4444444444444444,0.2849953045739311,0.49167627536413105,0
user_1925,2021-03-17 10:35:00,23,14,13,2,1,2,18,5,13,7,8,2,0,5.1524562159926806,9.212770341273595,1.1246224533042897,0.5416666666666666,0.14285714285714285,0.5833333333333334,0.01377178986512062,0.9337147821136227,0
user_1926,2021-03-02 15:06:00,17,15,7,1,2,0,9,10,15,9,14,1,0,3.513183059104188,5.075130336237863,3.430988936742372,0.3888888888888889,0.125,0.8333333333333334,0.3653495999438432,1.6946160400933858,0
user_1927,2021-02-08 01:39:00,16,15,6,2,1,0,9,6,11,12,19,0,0,5.6582599160152744,6.254181751277295,7.596480820824287,0.35294117647058826,0.2857142857142857,0.8823529411764706,1.3337591209858566,1.5444266110356473,0
user_1928,2021-03-04 00:54:00,20,17,7,0,1,1,17,5,13,14,12,3,0,4.669920417106189,1.8826950361131634,6.157527005878196,0.3333333333333333,0.0,0.8095238095238095,0.042205953784370864,0.33150490809597444,0
user_1929,2021-03-05 13:52:00,19,10,8,1,4,0,17,18,18,12,19,4,0,7.250241486547341,5.3096764782869785,4.216285288037489,0.4,0.1111111111111111,0.5,0.8887475849840396,1.8278023362269824,0
user_1930,2021-01-11 12:36:00,22,15,13,3,2,1,11,14,17,14,12,0,0,6.039521740305595,1.2366084266036792,9.65157745846522,0.5652173913043478,0.21428571428571427,0.6521739130434783,1.5162378894636441,1.0087673032791538,0
user_1931,2021-04-01 17:33:00,9,9,9,0,0,0,19,18,16,18,7,3,0,4.326785663432043,6.9787852446980505,7.296579003035978,0.9,0.0,0.9,1.9855462837674236,0.8727104656128977,0
user_1932,2021-04-03 10:14:00,23,12,10,1,2,1,19,13,13,7,11,5,1,5.8441155030491485,3.118115454586304,1.8362441780730214,0.4166666666666667,0.09090909090909091,0.5,1.7375719029960122,0.6487899920332558,1
user_1933,2021-04-04 18:47:00,17,8,12,0,4,1,14,11,6,8,7,6,1,4.273692913731189,2.037392847852586,7.29680028527587,0.6666666666666666,0.0,0.4444444444444444,0.21891478555035815,0.0888694624774129,0
user_1934,2021-03-25 23:29:00,24,16,12,0,3,1,5,13,10,12,19,3,0,0.1043750214468131,0.5629144571283462,6.645578949944039,0.48,0.0,0.64,0.9210099365840649,0.052493604539587624,0
user_1935,2021-01-20 12:55:00,18,14,14,3,0,1,18,5,13,6,12,2,0,7.371229763048207,8.028295476547132,4.868749199997039,0.7368421052631579,0.2,0.7368421052631579,0.06939988798334529,1.6588988725758063,1
user_1936,2021-03-18 19:27:00,18,21,18,2,0,4,18,12,7,10,5,3,0,0.2882010622573794,4.1963837137792845,5.6111306309582725,0.9473684210526315,0.10526315789473684,1.105263157894737,0.722732227471754,0.24600195001909309,0
user_1937,2021-04-19 04:46:00,14,13,9,0,2,1,18,6,16,5,7,0,0,3.1053228016572354,1.4487998467104402,3.9181678725176456,0.6,0.0,0.8666666666666667,0.6742462614849867,1.9896356588944764,0
user_1938,2021-03-12 23:54:00,13,17,10,0,0,0,17,5,6,15,9,4,0,7.491457675253548,3.46880248365256,1.3138671203683288,0.7142857142857143,0.0,1.2142857142857142,0.5888282733037653,0.3088969835269302,0
user_1939,2021-01-21 07:21:00,16,14,8,0,0,1,7,12,17,19,11,3,0,6.260801337947109,0.34584353705955695,2.601403616348559,0.47058823529411764,0.0,0.8235294117647058,1.7694888687163342,0.5666580809460031,0
user_1940,2021-01-05 09:16:00,21,15,9,1,3,0,5,14,15,13,11,1,0,4.5517790668363665,1.9165294252814313,1.6993182077767162,0.4090909090909091,0.1,0.6818181818181818,1.9389082262299084,1.2495057797416904,0
user_1941,2021-04-02 23:27:00,14,12,9,1,2,1,11,7,9,15,8,4,0,2.9536288258176855,7.554583688414326,9.689853482043157,0.6,0.1,0.8,1.9331534475612726,0.6829424489379299,0
user_1942,2021-01-21 12:11:00,12,15,7,1,1,1,17,13,12,9,6,3,0,4.865622405322049,4.278071113515951,7.441971030034283,0.5384615384615384,0.125,1.1538461538461537,1.896900102159738,0.289063608024952,1
user_1943,2021-01-18 02:50:00,17,15,12,1,3,2,10,16,16,13,14,0,0,0.5362939081200524,4.4417208808592825,1.2004110834153554,0.6666666666666666,0.07692307692307693,0.8333333333333334,1.8337087907207625,0.9116301032140692,0
user_1944,2021-03-19 00:13:00,21,9,10,3,1,1,8,14,10,14,16,4,0,3.8637423923791614,2.944327990876827,3.7530154543142094,0.45454545454545453,0.2727272727272727,0.4090909090909091,1.8914528342242312,1.242132819126696,0
user_1945,2021-02-11 19:19:00,22,13,9,1,1,1,18,17,5,11,14,3,0,5.166728779265542,0.11191698653377546,5.893117218678757,0.391304347826087,0.1,0.5652173913043478,1.1606483590236165,0.3317774739247503,0
user_1946,2021-02-15 17:09:00,25,10,8,1,4,1,18,11,8,9,13,0,0,0.887164339039862,4.926664546556991,2.4989705509639903,0.3076923076923077,0.1111111111111111,0.38461538461538464,1.9629665390647726,0.9470873787974996,0
user_1947,2021-04-29 21:32:00,15,13,10,1,0,0,14,10,16,5,15,3,0,8.496458802634614,6.1128276340228584,2.0454983225640757,0.625,0.09090909090909091,0.8125,0.5931362314320605,1.497616873552858,0
user_1948,2021-01-03 12:21:00,19,13,15,0,2,1,18,17,18,15,9,6,1,5.052836755320534,9.309203360156069,9.409307268960735,0.75,0.0,0.65,0.50727879692457,0.43337023381315,0
user_1949,2021-03-06 14:12:00,21,13,8,1,1,0,10,7,18,19,19,5,1,4.991756506760092,8.8897890453829,2.769906668337795,0.36363636363636365,0.1111111111111111,0.5909090909090909,1.931976605907853,1.9999469662175922,0
user_1950,2021-02-10 17:50:00,21,15,11,0,2,1,12,7,7,9,5,2,0,2.5382634174000263,4.20091701617499,2.1439529194620803,0.5,0.0,0.6818181818181818,1.1340300447452065,1.4118779844715754,0
user_1951,2021-04-20 00:45:00,18,10,8,2,1,3,15,7,13,15,10,1,0,3.843511455542179,3.522904567639431,3.7371718460743404,0.42105263157894735,0.2222222222222222,0.5263157894736842,1.0729348320958159,1.0186423708006513,0
user_1952,2021-02-24 05:06:00,21,14,6,0,3,0,9,10,9,16,9,2,0,8.385009593890407,0.5784406514312346,8.839982829036476,0.2727272727272727,0.0,0.6363636363636364,1.7289789751237903,0.2659856538225833,0
user_1953,2021-03-19 14:39:00,13,14,16,0,0,2,12,9,12,10,6,4,0,8.984749688808751,8.887398294938297,7.882725637025181,1.1428571428571428,0.0,1.0,0.8796510835648543,0.2980701744115768,0
user_1954,2021-01-09 07:21:00,24,10,9,1,2,1,15,14,16,7,5,5,1,4.531316437438284,4.909437280091602,5.899112126829954,0.36,0.1,0.4,1.1006561606166818,0.5269596120435636,0
user_1955,2021-04-27 09:43:00,19,11,13,3,2,1,13,16,17,15,17,1,0,7.25113508059959,3.275350221472734,9.646458447262447,0.65,0.21428571428571427,0.55,1.5875195168284768,0.23111702571277926,0
user_1956,2021-04-24 18:36:00,28,16,4,1,4,1,8,10,11,8,10,5,1,0.04663381840036673,5.403128243500835,2.1385016778391943,0.13793103448275862,0.2,0.5517241379310345,0.8371388510530571,0.929087632085235,0
user_1957,2021-03-30 08:24:00,23,20,10,1,3,0,17,8,6,12,10,1,0,7.511265601763538,0.003999925061568543,3.006785675055177,0.4166666666666667,0.09090909090909091,0.8333333333333334,0.2697909301985768,1.0006471518101683,0
user_1958,2021-02-12 21:53:00,16,12,9,0,3,2,6,9,19,16,10,4,0,8.96745359579354,1.023988039610253,3.443887412681127,0.5294117647058824,0.0,0.7058823529411765,0.1335470629635196,1.8784148842819277,0
user_1959,2021-02-03 02:32:00,18,13,14,0,1,0,13,16,6,9,8,2,0,0.9767952947794445,3.8294862254525555,8.846004910983854,0.7368421052631579,0.0,0.6842105263157895,1.6086718426903368,0.4041555336843283,0
user_1960,2021-02-05 12:20:00,19,12,11,0,2,0,16,5,10,16,9,4,0,7.037611925781031,2.136522839699684,9.46983933083753,0.55,0.0,0.6,0.4756648173658822,0.9880029569050919,0
user_1961,2021-01-13 11:00:00,27,13,9,3,2,0,15,8,14,16,5,2,0,3.707229010268369,9.590331929811658,8.061061885433677,0.32142857142857145,0.3,0.4642857142857143,0.4546361778700241,0.9099162687930646,0
user_1962,2021-01-20 19:17:00,14,10,11,2,3,0,8,15,5,17,8,2,0,9.196427474736268,0.4950069531483281,8.249104601507561,0.7333333333333333,0.16666666666666666,0.6666666666666666,1.1967874035420722,0.0329500604662758,0
user_1963,2021-01-10 02:31:00,20,11,7,2,1,0,18,10,12,16,19,6,1,8.067733394217429,2.4036778007189197,4.6814145697607685,0.3333333333333333,0.25,0.5238095238095238,1.8572497798066254,1.5221665340304102,0
user_1964,2021-01-02 01:40:00,19,18,9,0,2,1,7,5,12,10,7,5,1,0.4318595159456051,2.9742948429843095,4.59090048924943,0.45,0.0,0.9,1.2822186997737508,0.5603014754203621,0
user_1965,2021-01-17 16:05:00,15,14,10,2,2,0,18,16,9,5,8,6,1,3.8180164272982706,4.654916258160398,7.1512423370926115,0.625,0.18181818181818182,0.875,0.8064556167054533,0.26513186322285387,0
user_1966,2021-04-19 03:01:00,25,16,9,1,3,1,5,11,19,11,12,0,0,6.5655262480930965,6.008662798706961,9.729993762376186,0.34615384615384615,0.1,0.6153846153846154,1.7767121634269152,1.1881147958492209,0
user_1967,2021-03-14 01:51:00,29,13,10,0,1,0,16,12,10,10,14,6,1,2.111137227666333,1.7391940236964865,2.9262547043056495,0.3333333333333333,0.0,0.43333333333333335,1.4857548356184964,0.8915159357037061,0
user_1968,2021-04-11 19:01:00,17,16,12,3,2,1,16,15,15,12,19,6,1,6.461667682763581,4.980151542373718,5.111451618302221,0.6666666666666666,0.23076923076923078,0.8888888888888888,0.35242541359025137,0.2963650442547521,0
user_1969,2021-02-11 08:06:00,27,9,8,1,2,0,14,8,16,17,14,3,0,5.999960576473459,1.375954008554252,2.023303868484178,0.2857142857142857,0.1111111111111111,0.32142857142857145,1.1845408171122294,1.4047947495478113,0
user_1970,2021-02-26 12:23:00,13,11,13,1,1,3,11,8,7,19,9,4,0,7.291117255625124,6.549438660670072,5.4128807221922495,0.9285714285714286,0.07142857142857142,0.7857142857142857,0.07920511649452955,0.8611264678400119,1
user_1971,2021-03-19 13:17:00,25,11,17,1,3,2,12,5,11,17,14,4,0,5.225800598813533,3.019711910580296,7.6447025901135195,0.6538461538461539,0.05555555555555555,0.4230769230769231,0.4011269584306698,0.9672207579046135,0
user_1972,2021-04-11 10:43:00,23,12,11,0,2,1,8,19,16,8,14,6,1,4.419355980698815,3.477631964491944,3.2348098873643476,0.4583333333333333,0.0,0.5,0.963105758311136,1.876383193687977,0
user_1973,2021-02-16 15:24:00,22,12,12,2,3,3,16,18,17,17,11,1,0,8.031967740706866,4.512605352400948,3.8379967822540673,0.5217391304347826,0.15384615384615385,0.5217391304347826,1.3708813430604072,1.7066896786973023,0
user_1974,2021-01-25 21:46:00,17,13,3,1,2,1,19,14,16,5,14,0,0,1.9771917561217844,4.859199670161711,3.1158741019068676,0.16666666666666666,0.25,0.7222222222222222,1.10654827851154,0.428596696555273,0
user_1975,2021-01-10 23:33:00,23,12,10,1,3,2,13,15,10,14,11,6,1,2.4004204859153324,1.9336976568226683,9.29247909909901,0.4166666666666667,0.09090909090909091,0.5,0.16356795334936103,1.3121346087033017,0
user_1976,2021-01-05 15:44:00,21,17,8,1,3,1,13,17,6,12,6,1,0,7.1126277435241985,1.5053768021785574,1.1597658039045213,0.36363636363636365,0.1111111111111111,0.7727272727272727,0.23133275525994001,0.13499212220900403,0
user_1977,2021-04-14 20:37:00,15,24,9,0,4,1,6,15,11,7,11,2,0,6.970608808158096,0.922787980398373,2.9101043406268605,0.5625,0.0,1.5,1.867177901587734,0.01603755136492202,0
user_1978,2021-01-31 15:16:00,17,18,12,0,0,1,11,7,14,7,11,6,1,7.684797128751094,5.6178818957639844,9.806708745490514,0.6666666666666666,0.0,1.0,0.3494738519562681,0.9317219552853375,0
user_1979,2021-04-12 06:16:00,15,12,9,1,3,2,13,11,18,15,13,0,0,5.291602786140456,4.433411355728872,2.981565016273937,0.5625,0.1,0.75,1.116101681954937,0.6439204232382545,0
user_1980,2021-02-24 18:31:00,18,15,11,2,1,0,12,5,17,5,13,2,0,8.251113695530748,2.7113293894328203,8.669469248336423,0.5789473684210527,0.16666666666666666,0.7894736842105263,0.47162841977873415,0.10076547461321539,0
user_1981,2021-01-18 05:39:00,25,11,14,0,3,1,5,19,6,18,5,0,0,6.961497671698281,8.777935319062154,8.436021965030726,0.5384615384615384,0.0,0.4230769230769231,1.753201399122015,0.03409939533556505,0
user_1982,2021-01-17 16:31:00,16,14,7,1,3,0,8,9,8,7,13,6,1,2.878505851861519,3.4978626241760926,3.134970185737953,0.4117647058823529,0.125,0.8235294117647058,1.2139870272525621,0.2736255430879653,0
user_1983,2021-01-21 22:16:00,26,11,10,0,4,2,16,14,6,11,9,3,0,0.5047810155632693,3.3448785856259544,5.7907380522862795,0.37037037037037035,0.0,0.4074074074074074,0.7217668309485847,0.04034069148740893,0
user_1984,2021-01-06 18:24:00,22,9,6,0,3,1,6,17,8,7,15,2,0,5.802733423832816,2.4205461269407813,6.217686863360527,0.2608695652173913,0.0,0.391304347826087,0.4440598015453705,1.3514543628408993,0
user_1985,2021-02-17 06:42:00,19,18,13,1,5,1,10,14,10,19,7,2,0,2.487705703393207,9.944069137066512,5.13648518706544,0.65,0.07142857142857142,0.9,0.1677499169063048,0.43181396784620185,0
user_1986,2021-03-01 00:32:00,23,26,12,0,3,0,17,9,10,6,7,0,0,1.8560842871436678,9.062665910113077,9.930526004376063,0.5,0.0,1.0833333333333333,1.5370206902944605,0.4799345373788284,0
user_1987,2021-02-20 17:53:00,18,22,7,0,6,0,13,12,13,18,6,5,1,2.731358854635416,1.108104433030791,2.091357376917802,0.3684210526315789,0.0,1.1578947368421053,1.1062161794713519,0.689207320693848,0
user_1988,2021-02-16 03:12:00,21,11,7,0,2,0,13,15,10,18,5,1,0,3.962005965504111,2.391652935233426,1.4833106317924432,0.3181818181818182,0.0,0.5,0.7159436969636983,1.2436775837589882,0
user_1989,2021-02-01 04:41:00,19,21,7,1,2,1,10,12,19,5,11,0,0,8.083529814106136,2.700473547932617,6.64363163048842,0.35,0.125,1.05,1.2659126535222598,1.5868493921194269,0
user_1990,2021-02-05 20:07:00,13,17,13,2,0,1,8,14,9,18,8,4,0,4.767450963673987,1.119806182900288,6.982229550999652,0.9285714285714286,0.14285714285714285,1.2142857142857142,1.9356611003649682,1.198477675570736,0
user_1991,2021-04-07 22:27:00,19,9,10,1,1,1,10,9,11,7,10,2,0,7.934139051829926,1.4207170411795933,9.671468749466586,0.5,0.09090909090909091,0.45,1.8016902217369104,0.9577762964282923,0
user_1992,2021-03-19 18:11:00,27,16,12,2,2,0,12,6,19,16,13,4,0,6.852547244096679,1.6235295543405337,6.927121110953055,0.42857142857142855,0.15384615384615385,0.5714285714285714,0.29445646968563444,0.6800073968140554,0
user_1993,2021-01-21 19:55:00,24,11,8,2,1,0,13,16,13,8,8,3,0,6.485701182534357,4.3816827177036,9.231446689860844,0.32,0.2222222222222222,0.44,1.8376474038849928,1.3557895990998174,0
user_1994,2021-01-19 13:01:00,23,14,9,2,3,0,7,13,7,15,8,1,0,4.100561087326002,9.241783532306632,4.572506372802232,0.375,0.2,0.5833333333333334,0.8622347347106714,0.3163111023840086,0
user_1995,2021-03-12 13:29:00,20,11,9,1,6,0,8,15,7,7,14,4,0,2.3141745735923234,2.485369001944109,7.1524297309542835,0.42857142857142855,0.1,0.5238095238095238,0.836332341169028,1.3490798480773696,0
user_1996,2021-02-20 16:18:00,19,8,10,1,2,1,13,15,9,10,16,5,1,8.942605968553236,3.352813361329442,8.84495780250724,0.5,0.09090909090909091,0.4,0.7901839093922256,1.549765168387636,0
user_1997,2021-02-25 20:56:00,21,18,14,0,1,0,15,18,13,12,14,3,0,6.9183089755503016,0.8981130952887073,9.727951969789897,0.6363636363636364,0.0,0.8181818181818182,0.7785634298202959,1.1210705078708354,1
user_1998,2021-01-23 14:22:00,15,22,12,0,4,0,11,12,7,16,19,5,1,3.8541615571448973,7.79394348084275,6.313363483960846,0.75,0.0,1.375,0.2696704726481838,0.11895655851743148,0
user_1999,2021-03-19 06:56:00,19,11,9,1,2,0,16,17,19,6,9,4,0,3.034320798677151,8.323180778153853,8.995874910961518,0.45,0.1,0.55,1.6492387690565677,1.6696402523286882,0
user_2000,2021-02-28 01:57:00,15,19,16,0,3,1,15,19,9,11,6,6,1,9.780697654788087,3.6934393764181452,7.108749444210811,1.0,0.0,1.1875,0.6780479858183457,0.3907821485256666,0
user_2001,2021-03-15 06:41:00,22,24,10,0,1,0,18,18,15,11,6,0,0,7.155343661170432,5.496022725550277,6.388363714862672,0.43478260869565216,0.0,1.0434782608695652,0.8887239773934761,0.7687129115231439,0
user_2002,2021-03-26 02:15:00,20,12,14,1,1,2,9,8,14,13,8,4,0,6.249629949656894,3.1852663644084056,9.948480688736252,0.6666666666666666,0.06666666666666667,0.5714285714285714,1.411699354810647,1.6877564159599194,0
user_2003,2021-04-06 09:27:00,22,14,9,0,1,2,12,5,10,13,14,1,0,6.463588622945611,4.159335067944285,7.681690369826422,0.391304347826087,0.0,0.6086956521739131,0.6556304513190492,1.2056421625548646,0
user_2004,2021-04-04 09:51:00,23,14,8,1,3,0,6,19,8,17,13,6,1,5.106684625993356,1.0495997330312246,5.481104103482896,0.3333333333333333,0.1111111111111111,0.5833333333333334,1.8359370058231865,1.7601357831424767,0
user_2005,2021-02-02 22:44:00,21,12,6,2,1,0,6,15,17,13,5,1,0,4.811522601552537,6.414850250491634,4.286566586442916,0.2727272727272727,0.2857142857142857,0.5454545454545454,0.04890997362063576,1.1477068573317035,0
user_2006,2021-01-27 07:43:00,13,13,11,1,2,0,17,7,9,17,12,2,0,7.397881023415862,5.860284186223479,5.0565271389522515,0.7857142857142857,0.08333333333333333,0.9285714285714286,1.3841058100103456,0.37711161061574416,0
user_2007,2021-01-27 07:23:00,15,14,8,0,2,1,16,12,14,12,19,2,0,4.203484093062917,5.030163840406629,7.77540469535803,0.5,0.0,0.875,1.4604710713939173,0.8295774627495696,0
user_2008,2021-01-07 09:27:00,19,18,13,0,2,2,9,15,19,13,10,3,0,8.17456981559748,3.0689052261821157,1.632954610817024,0.65,0.0,0.9,1.8518957983211295,1.2287734055460855,0
user_2009,2021-02-13 08:24:00,18,18,18,0,1,1,5,16,5,17,15,5,1,1.2774253160916105,1.4238451337579472,1.3618581728324703,0.9473684210526315,0.0,0.9473684210526315,0.15243289381290226,1.1591633763856215,0
user_2010,2021-04-29 08:27:00,22,13,10,2,2,1,7,18,13,16,9,3,0,9.888187405403109,1.2992907750744476,9.580987366427008,0.43478260869565216,0.18181818181818182,0.5652173913043478,0.42670265915409655,1.2523537244524034,0
user_2011,2021-03-04 06:31:00,25,19,13,1,1,1,12,15,5,7,19,3,0,2.215088014411518,3.50744560191559,2.9710458929121404,0.5,0.07142857142857142,0.7307692307692307,1.7450139016977346,0.504603678129558,0
user_2012,2021-01-03 17:33:00,21,11,5,2,4,1,8,11,6,14,6,6,1,1.9908736425961049,8.353023802070211,4.197140026700129,0.22727272727272727,0.3333333333333333,0.5,1.2793184279339669,1.4921973287577484,0
user_2013,2021-02-01 16:43:00,20,12,12,3,2,1,16,16,14,16,12,0,0,0.5971692305313936,8.77637768078232,8.443554973204638,0.5714285714285714,0.23076923076923078,0.5714285714285714,0.3707839418507708,0.41476581287981085,1
user_2014,2021-04-24 15:44:00,19,19,8,0,1,0,7,17,16,19,5,5,1,3.684136413863511,8.241653225537798,3.4780904407916995,0.4,0.0,0.95,1.222544859301791,1.6599927756226345,0
user_2015,2021-02-12 13:41:00,21,17,6,2,5,0,5,5,18,14,19,4,0,5.4127114595856245,8.730705439377331,8.017772468849795,0.2727272727272727,0.2857142857142857,0.7727272727272727,0.8716366340631769,1.695504201651312,0
user_2016,2021-01-01 21:03:00,20,20,9,1,1,0,19,11,14,19,13,4,0,6.468615904525371,2.6177481096517097,4.135507784312217,0.42857142857142855,0.1,0.9523809523809523,1.7606452979790266,1.3527978245983072,0
user_2017,2021-04-05 21:55:00,18,18,12,0,3,3,15,15,17,13,12,0,0,3.0254694078765656,9.87071490800284,2.5746533137860586,0.631578947368421,0.0,0.9473684210526315,1.5911509411121503,0.40272137786319906,0
user_2018,2021-03-05 03:59:00,18,13,9,0,1,0,11,19,8,5,12,4,0,2.561168580490282,5.645823988899093,7.255550087727494,0.47368421052631576,0.0,0.6842105263157895,0.6278186182700805,1.7589826993339936,1
user_2019,2021-04-12 10:48:00,18,15,16,0,2,4,7,9,16,5,10,0,0,8.450338714736747,2.059189105080651,7.246091189922561,0.8421052631578947,0.0,0.7894736842105263,0.9485207979215002,0.1391348865399089,0
user_2020,2021-02-01 13:09:00,22,17,5,1,6,2,17,11,8,7,7,0,0,4.549797558474528,5.3039330892044525,3.299436639881213,0.21739130434782608,0.16666666666666666,0.7391304347826086,0.25357114109932466,0.8792278487327951,0
user_2021,2021-02-21 15:01:00,18,12,11,0,3,2,18,13,14,18,13,6,1,0.5155851894903685,3.7738196191797235,3.692436675998011,0.5789473684210527,0.0,0.631578947368421,0.4595914206025866,1.8035887337938208,0
user_2022,2021-03-13 07:16:00,15,19,6,1,1,0,18,16,12,10,11,5,1,5.594277068624659,7.163620526294485,7.7754878515333985,0.375,0.14285714285714285,1.1875,0.49363079540197696,0.6480763600252086,1
user_2023,2021-03-18 18:41:00,21,20,6,0,0,0,15,9,9,18,13,3,0,0.7674220080474736,4.545848557244954,6.704040677401339,0.2727272727272727,0.0,0.9090909090909091,1.5123094049135701,1.9230923339296282,0
user_2024,2021-01-15 05:41:00,18,18,11,1,1,0,14,5,13,6,5,4,0,8.15474210745604,8.552977067541786,5.000684120059265,0.5789473684210527,0.08333333333333333,0.9473684210526315,1.8030966774901747,1.2332470813717842,0
user_2025,2021-03-01 11:41:00,28,13,11,1,5,1,9,6,12,6,11,0,0,9.591166973781597,3.3610758566350207,5.995207769446826,0.3793103448275862,0.08333333333333333,0.4482758620689655,1.8248695119939369,1.7437720288210508,0
user_2026,2021-04-28 16:08:00,18,13,11,3,0,1,6,12,7,10,12,2,0,0.028601760770384788,8.035979703015833,5.207855182323187,0.5789473684210527,0.25,0.6842105263157895,1.4453906187908208,0.6322007519654744,0
user_2027,2021-02-26 18:36:00,21,8,11,2,4,1,17,13,11,6,14,4,0,8.914261922828414,8.438472240354143,7.887604297283323,0.5,0.16666666666666666,0.36363636363636365,0.03216524869556259,1.3030625783681942,0
user_2028,2021-03-19 11:50:00,23,19,12,2,1,3,19,7,13,17,14,4,0,1.4467820822862898,9.174637214701585,7.404347707836699,0.5,0.15384615384615385,0.7916666666666666,1.4156832241162725,0.1351748866773903,0
user_2029,2021-01-17 15:30:00,21,15,12,0,1,2,9,10,5,7,13,6,1,1.6117830781499298,1.849448693366852,4.344729389026577,0.5454545454545454,0.0,0.6818181818181818,0.4228935442468149,0.5917160373535317,0
user_2030,2021-02-19 20:15:00,24,12,10,1,3,1,14,10,8,10,10,4,0,9.343354487380436,7.4376097782523924,9.310771248291951,0.4,0.09090909090909091,0.48,1.6991728208142616,0.8917964480915128,0
user_2031,2021-01-24 03:06:00,12,16,11,1,0,1,7,8,7,13,8,6,1,9.983457529062704,4.980582051071714,4.7396121570153245,0.8461538461538461,0.08333333333333333,1.2307692307692308,0.22993947246741553,1.9833039194338915,0
user_2032,2021-01-01 01:29:00,23,11,12,2,2,1,15,12,8,10,14,4,0,7.344786697619393,6.8846125540025405,7.322246609720215,0.5,0.15384615384615385,0.4583333333333333,1.0525616697455276,1.4172927993739555,0
user_2033,2021-04-16 13:25:00,9,20,5,1,1,0,9,17,12,7,7,4,0,3.1908262563664493,9.396142535724943,7.87557542449629,0.5,0.16666666666666666,2.0,0.21159011198510225,1.4369268246799205,0
user_2034,2021-03-09 02:18:00,20,18,11,0,2,2,18,8,9,9,5,1,0,9.543306433757845,7.756187527863043,1.169854571196392,0.5238095238095238,0.0,0.8571428571428571,0.7143405531267681,1.1770334828109186,0
user_2035,2021-02-18 02:56:00,22,17,6,1,1,1,6,16,8,13,8,3,0,7.963529116065672,1.5593341737545896,8.42113055489023,0.2608695652173913,0.14285714285714285,0.7391304347826086,1.0512063679160846,1.8622660023913706,0
user_2036,2021-04-26 06:28:00,18,16,10,1,2,0,13,14,17,11,6,0,0,5.627331098203036,9.263925592914738,9.88078583948658,0.5263157894736842,0.09090909090909091,0.8421052631578947,0.6140024210529491,0.5273604472627202,0
user_2037,2021-01-19 05:03:00,28,13,10,0,2,2,19,12,8,13,8,1,0,2.6994360733358835,9.673705036262009,8.329549911702873,0.3448275862068966,0.0,0.4482758620689655,0.7174165181956376,0.311884956655867,0
user_2038,2021-04-17 15:13:00,20,13,12,0,5,2,8,15,10,7,6,5,1,5.850905686374638,2.6339976093466655,6.630479299340553,0.5714285714285714,0.0,0.6190476190476191,0.3582453830836836,0.3005533925062327,0
user_2039,2021-03-31 00:36:00,19,15,9,0,3,1,11,14,19,7,17,2,0,7.320804323808824,7.858880766328625,3.5337723453226135,0.45,0.0,0.75,1.0076514672609604,0.3710334958007484,0
user_2040,2021-03-19 00:21:00,19,14,10,2,1,0,5,10,13,7,6,4,0,2.9019261232192073,8.471859841923017,8.92616030011351,0.5,0.18181818181818182,0.7,0.3699377831661437,0.9595246043368408,0
user_2041,2021-03-04 15:31:00,21,11,11,1,1,1,15,11,17,5,12,3,0,7.7582836653514615,7.028264553699635,4.227472367506061,0.5,0.08333333333333333,0.5,0.17014407255053343,1.2627386627348178,0
user_2042,2021-03-17 20:51:00,18,11,11,2,3,0,14,11,8,19,7,2,0,6.934131257520192,5.144936845992413,7.212322566260905,0.5789473684210527,0.16666666666666666,0.5789473684210527,0.3794770605884821,1.1077506885686095,0
user_2043,2021-04-13 04:39:00,28,13,8,0,3,0,10,17,15,8,6,1,0,3.6492015260557844,2.517443421536126,4.909968906136998,0.27586206896551724,0.0,0.4482758620689655,0.9721419495264962,1.0547731894625072,0
user_2044,2021-01-30 14:21:00,17,12,13,1,1,1,8,18,10,14,9,5,1,9.841166238475704,8.350016556375763,8.92161420385694,0.7222222222222222,0.07142857142857142,0.6666666666666666,1.6227298531803453,0.0497277167473158,0
user_2045,2021-02-19 09:16:00,19,13,13,0,2,2,16,6,5,14,13,4,0,6.492782114130215,0.5246448930329595,8.78083384125435,0.65,0.0,0.65,0.5579533566238959,0.19378671467709574,0
user_2046,2021-01-08 01:11:00,23,7,12,0,2,1,11,7,15,8,11,4,0,0.26761511743014443,6.095621071675196,8.97900508815916,0.5,0.0,0.2916666666666667,1.1724856232588738,1.14386108544254,0
user_2047,2021-04-21 06:12:00,16,14,7,0,0,0,11,7,14,14,10,2,0,9.381947976739568,4.0336676642436515,3.578625022376661,0.4117647058823529,0.0,0.8235294117647058,1.6724714932346738,1.279830770968572,0
user_2048,2021-01-23 20:13:00,23,12,11,0,2,2,17,6,8,8,10,5,1,5.48241021457396,1.5011319909787313,2.853706008110474,0.4583333333333333,0.0,0.5,0.11691358643686134,1.6821823685488662,0
user_2049,2021-03-18 17:31:00,23,11,9,2,3,1,6,12,19,10,9,3,0,9.212532392186883,7.703882611415008,3.8839558496764157,0.375,0.2,0.4583333333333333,0.04568544408835984,0.4720629256595896,1
user_2050,2021-01-19 10:05:00,22,16,3,0,0,0,7,10,7,15,10,1,0,0.8658210565987734,9.751535903557318,5.75280379587129,0.13043478260869565,0.0,0.6956521739130435,1.596336968727138,1.3652370248635084,0
user_2051,2021-02-06 21:08:00,21,14,11,1,2,1,6,7,11,18,14,5,1,5.486072531775099,0.9844693583349917,8.684551805268566,0.5,0.08333333333333333,0.6363636363636364,0.42462164348999076,1.5214169483282438,0
user_2052,2021-03-31 05:05:00,23,14,13,2,3,1,14,16,7,17,11,2,0,6.087277590075358,0.5541534695328942,6.542173121857449,0.5416666666666666,0.14285714285714285,0.5833333333333334,0.9480527810887533,1.108605684535628,0
user_2053,2021-04-06 21:39:00,21,15,10,1,0,2,18,18,19,9,6,1,0,3.442442523085638,8.177865180418106,5.264514530845692,0.45454545454545453,0.09090909090909091,0.6818181818181818,1.3167547263907011,0.5368540827836852,0
user_2054,2021-02-23 08:15:00,17,17,15,3,1,2,15,10,10,7,9,1,0,3.8130543035488316,0.3609167555705428,5.084115865200021,0.8333333333333334,0.1875,0.9444444444444444,1.3144983063113724,1.5682619803331235,0
user_2055,2021-04-03 12:04:00,22,14,8,4,2,1,12,18,11,9,10,5,1,3.212619291038087,6.136679604483664,8.902635513647445,0.34782608695652173,0.4444444444444444,0.6086956521739131,0.0434579767612564,0.9477930867908804,0
user_2056,2021-04-30 11:49:00,13,22,9,0,3,0,13,13,10,7,18,4,0,9.999222205091115,1.5057263931479026,2.4757126080474414,0.6428571428571429,0.0,1.5714285714285714,0.327065568518744,0.7070371658211498,0
user_2057,2021-01-17 09:22:00,25,14,12,2,2,0,19,8,17,11,5,6,1,6.400460641556666,7.011368849985478,7.1947464661741405,0.46153846153846156,0.15384615384615385,0.5384615384615384,0.48674886829644026,0.5937127093625425,0
user_2058,2021-01-12 20:52:00,17,10,10,1,1,1,14,11,19,19,11,1,0,7.464592896014665,7.8040518676461135,7.095926703044522,0.5555555555555556,0.09090909090909091,0.5555555555555556,0.21548753701194268,0.3033554961887095,0
user_2059,2021-01-07 19:16:00,20,24,9,1,0,2,11,8,11,15,12,3,0,0.5004325263390663,7.723420804585186,8.02925065565808,0.42857142857142855,0.1,1.1428571428571428,1.5014113319054347,1.3012628298803324,0
user_2060,2021-02-01 21:58:00,22,18,6,0,1,0,18,16,19,9,6,0,0,3.301102164522225,0.1537499600690262,7.268377112521435,0.2608695652173913,0.0,0.782608695652174,1.2964001167184998,1.5899834242498112,1
user_2061,2021-03-22 10:58:00,18,20,12,2,1,0,17,7,10,12,14,0,0,5.5490450536746465,8.368350090017335,4.271214344050366,0.631578947368421,0.15384615384615385,1.0526315789473684,1.0366480480954656,1.2912009635814492,0
user_2062,2021-02-21 14:53:00,18,12,9,0,0,0,15,16,12,12,17,6,1,0.08989560508098182,5.048246665098829,3.526427321187196,0.47368421052631576,0.0,0.631578947368421,0.04021919029686161,1.356842366581962,0
user_2063,2021-02-05 02:55:00,24,21,7,0,2,2,9,10,14,9,18,4,0,6.699403182612213,8.09282414654213,6.909024963407661,0.28,0.0,0.84,1.920071534891785,0.7394653718980879,0
user_2064,2021-02-25 19:06:00,19,25,18,2,3,1,5,17,11,17,10,3,0,3.521979519966875,9.874597905064018,2.6623914956248234,0.9,0.10526315789473684,1.25,1.6583504180537467,0.4311945056061268,0
user_2065,2021-01-03 23:04:00,14,12,6,1,2,0,8,11,17,19,17,6,1,4.45446662082894,9.468928613038193,8.992270198835806,0.4,0.14285714285714285,0.8,0.8346479397305118,0.8288413512867188,1
user_2066,2021-03-26 16:02:00,16,16,13,2,1,0,14,15,10,9,16,4,0,4.755264331495839,1.0793632217432891,3.965883102148021,0.7647058823529411,0.14285714285714285,0.9411764705882353,0.9753579340922223,0.21220644690716406,0
user_2067,2021-03-06 20:11:00,18,14,5,1,3,1,5,6,8,7,6,5,1,5.609694772252877,3.8139198501417604,9.180441631153723,0.2631578947368421,0.16666666666666666,0.7368421052631579,1.9629085562123094,1.1443408187105253,0
user_2068,2021-02-25 09:29:00,23,12,10,0,3,2,7,12,19,7,5,3,0,7.737753234614363,2.586558433768783,4.765678194032504,0.4166666666666667,0.0,0.5,0.6787864686624683,1.2059909001677998,0
user_2069,2021-03-02 00:08:00,24,14,12,1,0,1,5,9,8,5,10,1,0,9.415183460218776,9.100625853550238,7.668185212991789,0.48,0.07692307692307693,0.56,1.7107248937207677,1.5459272278386558,0
user_2070,2021-04-18 17:38:00,23,18,12,2,4,0,17,14,10,5,14,6,1,1.7931858316964,3.658884053184318,1.3878763143265547,0.5,0.15384615384615385,0.75,0.3450093971792416,1.4684622877155677,0
user_2071,2021-03-06 14:31:00,21,13,8,0,2,1,8,13,17,7,6,5,1,0.36715834443919904,3.7614790932464084,5.745726092036652,0.36363636363636365,0.0,0.5909090909090909,0.4775823058624342,0.23150690899996973,0
user_2072,2021-03-12 14:08:00,20,15,13,2,1,0,7,16,14,13,18,4,0,9.82360697141303,2.72248146973352,8.840565627813701,0.6190476190476191,0.14285714285714285,0.7142857142857143,0.27890160562921684,0.08682667348178952,1
user_2073,2021-02-11 13:04:00,18,19,10,1,2,0,6,12,13,16,7,3,0,9.090429931047376,0.957209660516487,1.3954416255986075,0.5263157894736842,0.09090909090909091,1.0,1.5674105837516215,1.979857640679809,0
user_2074,2021-02-07 14:58:00,20,17,8,1,2,1,8,9,14,8,12,6,1,9.645770621575364,7.153726112094246,7.756646484519221,0.38095238095238093,0.1111111111111111,0.8095238095238095,0.7381099133576308,1.437404997600346,1
user_2075,2021-01-31 05:11:00,19,20,8,0,3,0,11,7,18,10,14,6,1,3.0939552083341013,0.5123381927321768,9.451660572674708,0.4,0.0,1.0,1.280611140479528,0.3195877309395627,0
user_2076,2021-02-01 23:05:00,21,17,7,2,2,1,15,16,6,19,18,0,0,5.451954420541921,9.782862256617628,1.834422410484257,0.3181818181818182,0.25,0.7727272727272727,1.3268562493075704,0.4965540534756614,0
user_2077,2021-02-20 06:20:00,26,10,10,0,0,0,7,16,17,13,5,5,1,6.726334318091069,6.1833136439001475,8.71571350390767,0.37037037037037035,0.0,0.37037037037037035,1.5734411248936773,1.5365736932097371,0
user_2078,2021-01-23 18:15:00,25,10,16,0,2,0,8,10,6,9,11,5,1,5.5276141709256965,4.634058520370342,8.781815897936713,0.6153846153846154,0.0,0.38461538461538464,0.0478098310110473,1.934763770969371,0
user_2079,2021-01-29 07:37:00,21,9,13,1,2,0,15,11,13,17,14,4,0,7.9701795884311935,4.520479152275226,1.2487949012405966,0.5909090909090909,0.07142857142857142,0.4090909090909091,0.042607253963271585,1.8711882464636564,0
user_2080,2021-01-20 11:00:00,16,14,11,0,1,0,13,14,6,11,17,2,0,2.7333550677424334,2.8462519660272925,3.4864162994813266,0.6470588235294118,0.0,0.8235294117647058,1.508766162159402,1.9298032761718011,0
user_2081,2021-01-07 20:31:00,24,18,19,0,5,1,17,19,11,6,18,3,0,5.446079212747072,8.592369778341777,7.741737359912603,0.76,0.0,0.72,0.7023103234852344,0.5674145592425068,0
user_2082,2021-01-13 03:35:00,10,13,13,0,0,1,8,13,19,19,18,2,0,7.54076915251704,2.4958437628450882,3.059947969294455,1.1818181818181819,0.0,1.1818181818181819,0.07503429012561713,0.7442400877816657,0
user_2083,2021-03-17 05:22:00,16,11,11,0,1,0,13,11,9,19,10,2,0,3.2684578665090944,5.734506537710854,1.4996988892433065,0.6470588235294118,0.0,0.6470588235294118,1.514050535581757,1.7437652636886007,0
user_2084,2021-01-14 04:04:00,25,17,15,1,8,1,19,7,16,19,7,3,0,4.822558808195315,8.280449550956096,3.607629336188805,0.5769230769230769,0.0625,0.6538461538461539,1.133335208819993,0.5248601542987026,0
user_2085,2021-01-11 08:25:00,25,14,10,0,2,3,17,8,13,13,6,0,0,1.0426687752085728,7.092024893780014,8.02263196146677,0.38461538461538464,0.0,0.5384615384615384,0.43879317693142306,1.5018026490631877,0
user_2086,2021-01-29 01:23:00,19,10,4,0,2,0,19,12,10,7,19,4,0,9.000253703341684,9.777741092368036,9.413470492659783,0.2,0.0,0.5,1.2531168920796736,0.8534006368699085,1
user_2087,2021-03-26 02:36:00,22,8,4,0,2,1,16,18,19,19,19,4,0,9.733311506719744,4.227765074941994,1.0942029402306626,0.17391304347826086,0.0,0.34782608695652173,0.5875897443674556,0.07006243789764222,0
user_2088,2021-02-02 04:10:00,23,8,14,0,3,0,18,11,13,11,11,1,0,2.498014843890598,8.573677292054246,6.055874461503734,0.5833333333333334,0.0,0.3333333333333333,0.009567101316943383,0.4577119386927895,0
user_2089,2021-03-06 03:20:00,13,18,10,1,1,0,11,5,11,9,16,5,1,1.7176545336947613,0.2432541471513583,9.723885645236631,0.7142857142857143,0.09090909090909091,1.2857142857142858,1.9324891584617323,1.224093219576321,0
user_2090,2021-04-16 05:55:00,23,14,9,1,4,1,14,8,8,15,11,4,0,4.143504163867457,4.816781818994508,2.167448385025787,0.375,0.1,0.5833333333333334,1.6611953120680099,1.5521712481565968,0
user_2091,2021-01-03 08:39:00,21,17,6,0,3,0,11,7,18,13,19,6,1,6.627890043757608,5.989763991086836,2.5969900585795926,0.2727272727272727,0.0,0.7727272727272727,1.4614399199431416,1.8983179356170392,0
user_2092,2021-01-24 05:21:00,16,14,10,0,4,4,19,17,5,17,16,6,1,6.627109065596794,5.632912341721116,4.812901602270363,0.5882352941176471,0.0,0.8235294117647058,0.07229561513830252,1.6486322325382452,0
user_2093,2021-01-12 22:24:00,18,17,10,0,2,0,16,11,15,8,12,1,0,6.539148121747891,9.440731299544629,3.037699047648926,0.5263157894736842,0.0,0.8947368421052632,0.54552989687466,0.9903147592400918,0
user_2094,2021-04-19 16:51:00,19,16,6,1,1,0,16,8,17,19,10,0,0,4.5669730305108756,7.763596827252223,8.394486686782093,0.3,0.14285714285714285,0.8,1.2094931165650091,0.7452358725100101,0
user_2095,2021-03-18 11:57:00,16,14,12,0,0,0,15,6,6,14,6,3,0,6.547304252488263,3.1957690982889044,7.360326017388311,0.7058823529411765,0.0,0.8235294117647058,0.2725133835394986,1.4830125203172342,0
user_2096,2021-04-02 19:51:00,20,10,10,0,1,1,8,9,6,7,15,4,0,2.8049163350588713,2.8119568464875186,1.815406079870843,0.47619047619047616,0.0,0.47619047619047616,1.4425721103448577,0.5333316954334328,0
user_2097,2021-02-15 20:39:00,28,22,13,0,2,2,18,14,18,14,15,0,0,6.658473166023235,7.5917937349686255,5.724330852695141,0.4482758620689655,0.0,0.7586206896551724,1.4410867171247992,0.7160285365982981,0
user_2098,2021-03-28 16:36:00,22,17,15,1,3,1,8,5,10,10,11,6,1,7.603968436322309,2.4339099949831313,7.782382091091616,0.6521739130434783,0.0625,0.7391304347826086,1.2781222339635776,1.003310546576583,1
user_2099,2021-02-25 07:04:00,24,12,13,0,1,2,9,12,9,6,18,3,0,0.7294455354109597,8.082801008946776,4.863516936188781,0.52,0.0,0.48,1.0183079531863581,1.3388819141756814,0
user_2100,2021-03-29 16:21:00,22,14,11,2,3,2,6,13,16,7,18,0,0,0.31637648236177207,4.311163473860672,5.351628712309586,0.4782608695652174,0.16666666666666666,0.6086956521739131,1.5778947283246407,1.9796998581547778,0
user_2101,2021-04-09 16:49:00,20,15,4,2,1,0,11,7,17,5,5,4,0,2.3511941335985087,1.8560241094458185,2.0474383467772856,0.19047619047619047,0.4,0.7142857142857143,1.8614895357027044,1.5963179197037518,0
user_2102,2021-04-08 21:09:00,22,15,13,1,2,3,12,6,14,16,7,3,0,9.429179269960065,9.015417357473991,3.126519074851213,0.5652173913043478,0.07142857142857142,0.6521739130434783,1.1872728334775153,0.2079154182607197,0
user_2103,2021-01-22 01:05:00,18,11,10,1,2,2,8,8,10,6,5,4,0,4.4078166566476815,1.663188139345495,1.4086122866175423,0.5263157894736842,0.09090909090909091,0.5789473684210527,1.4145506656032445,0.697028276562194,0
user_2104,2021-03-18 05:45:00,17,16,8,1,1,1,8,7,11,10,8,3,0,6.850334299531524,9.356233371113081,3.685173108630697,0.4444444444444444,0.1111111111111111,0.8888888888888888,0.609604849999928,1.5900032574081984,0
user_2105,2021-01-26 15:36:00,21,10,9,1,3,1,13,14,19,11,5,1,0,9.768504435824742,5.6349882479256665,4.339001155406104,0.4090909090909091,0.1,0.45454545454545453,0.5822245073625425,1.3471137334561607,0
user_2106,2021-03-22 20:28:00,18,20,6,1,1,0,15,11,10,6,11,0,0,8.462112289703569,2.278900827057986,1.882739395609444,0.3157894736842105,0.14285714285714285,1.0526315789473684,0.7827792119835701,1.8530020127842566,0
user_2107,2021-04-23 20:07:00,19,13,13,2,4,2,7,8,11,17,10,4,0,9.431606957211274,1.8792693853140363,6.242313346189567,0.65,0.14285714285714285,0.65,0.5992434840650138,0.7841197312247989,0
user_2108,2021-03-14 12:08:00,23,13,8,0,3,0,10,13,14,12,10,6,1,3.0639935005741084,4.954819890994634,4.940085278038374,0.3333333333333333,0.0,0.5416666666666666,1.7872320218408673,0.6036431429755196,0
user_2109,2021-03-08 00:18:00,21,16,13,1,2,1,10,10,6,7,9,0,0,5.515619818635012,6.712764830777279,9.450506212107708,0.5909090909090909,0.07142857142857142,0.7272727272727273,1.9688203751202877,0.9410340292188419,0
user_2110,2021-01-16 11:57:00,23,13,7,0,3,0,13,17,16,15,11,5,1,0.22519815469860593,4.816186472737714,7.346079693489617,0.2916666666666667,0.0,0.5416666666666666,0.32511881370117846,1.9533202121376154,0
user_2111,2021-03-03 19:55:00,18,15,9,1,3,0,8,13,10,8,11,2,0,2.4295602060116614,6.110751562255165,2.187205642665931,0.47368421052631576,0.1,0.7894736842105263,0.8484784201452935,1.2947095756294773,0
user_2112,2021-04-21 14:03:00,33,13,10,1,1,2,5,12,14,17,6,2,0,7.256913849958489,9.516601376179668,6.650257821868081,0.29411764705882354,0.09090909090909091,0.38235294117647056,1.9678374251084423,0.23143670634815172,0
user_2113,2021-01-30 20:45:00,21,20,6,1,2,1,8,11,11,19,13,5,1,3.412384567421368,4.6901667878448015,4.101461866445344,0.2727272727272727,0.14285714285714285,0.9090909090909091,1.8280693203693488,1.5528902724556026,0
user_2114,2021-04-30 17:27:00,28,11,11,1,5,0,17,5,6,16,12,4,0,6.328592486494523,4.027210574695007,4.557746734683581,0.3793103448275862,0.08333333333333333,0.3793103448275862,1.1602704490270608,1.1085470382587987,0
user_2115,2021-03-05 02:29:00,18,11,14,2,0,2,16,19,7,9,14,4,0,3.776087748545388,0.9138115906516564,8.20276556531144,0.7368421052631579,0.13333333333333333,0.5789473684210527,0.9309600866928176,1.0871885261237093,1
user_2116,2021-02-19 13:16:00,21,10,8,1,6,1,15,5,8,9,10,4,0,3.2900407713007427,5.253304095348421,2.2563703814106884,0.36363636363636365,0.1111111111111111,0.45454545454545453,0.016305570804091785,1.9198560088680154,0
user_2117,2021-04-06 23:02:00,18,23,8,1,2,1,14,13,10,15,8,1,0,7.303919653012186,7.902227657953244,7.036019962226426,0.42105263157894735,0.1111111111111111,1.2105263157894737,0.9307429589132996,1.2320071013781555,0
user_2118,2021-01-31 10:30:00,14,23,9,0,4,0,9,18,18,10,9,6,1,0.2286307615884231,2.411568981930643,8.795863081232856,0.6,0.0,1.5333333333333334,0.6819778167886736,1.3278943888163026,0
user_2119,2021-02-12 15:59:00,21,14,10,0,1,1,11,17,17,7,7,4,0,1.6637369351909448,6.354949362959184,6.852594714730659,0.45454545454545453,0.0,0.6363636363636364,0.607417102890994,1.7104824897059139,1
user_2120,2021-04-11 04:01:00,22,14,5,1,1,0,13,7,7,16,10,6,1,4.827333614622091,8.767193781326494,4.395297259421297,0.21739130434782608,0.16666666666666666,0.6086956521739131,1.5017339967197032,1.8401222442657297,0
user_2121,2021-04-16 13:42:00,23,20,14,2,1,0,14,17,5,9,15,4,0,1.1375021137302455,6.156727763613308,4.524965569590534,0.5833333333333334,0.13333333333333333,0.8333333333333334,1.8658072687788871,0.25675551704495736,0
user_2122,2021-02-19 09:29:00,17,12,8,0,3,1,6,8,10,11,12,4,0,3.764754032720272,6.602073739238544,4.075423902750019,0.4444444444444444,0.0,0.6666666666666666,1.369684299680971,0.8125922794225175,0
user_2123,2021-04-18 03:55:00,20,10,9,0,2,2,14,18,5,10,12,6,1,3.978858343511539,0.9581560755453589,5.889529177900332,0.42857142857142855,0.0,0.47619047619047616,0.10677469915727489,0.6383526280661738,0
user_2124,2021-02-07 06:26:00,19,18,9,0,3,2,7,13,19,19,12,6,1,0.23834174470556135,3.6130554132660677,3.1679935746996657,0.45,0.0,0.9,1.6411401110686765,0.17114195284523803,0
user_2125,2021-02-21 12:03:00,23,14,11,1,3,2,15,9,9,12,14,6,1,2.131895988532425,5.7366925955816,5.914798255094995,0.4583333333333333,0.08333333333333333,0.5833333333333334,1.837823845749713,0.5184980790628311,0
user_2126,2021-02-23 19:27:00,20,18,12,1,3,3,8,10,7,14,5,1,0,0.12379187460831109,3.334399834589221,8.469142527013044,0.5714285714285714,0.07692307692307693,0.8571428571428571,0.3173599530170055,0.7007842989080724,0
user_2127,2021-04-22 21:28:00,23,10,10,0,2,1,13,18,8,14,14,3,0,9.500939316111852,9.740664329215429,1.669186084481538,0.4166666666666667,0.0,0.4166666666666667,1.9061231713751383,1.0279788068048303,0
user_2128,2021-01-21 10:08:00,9,9,8,2,0,1,9,9,16,9,19,3,0,0.7712816827457591,8.071296238525175,1.8698074517081273,0.8,0.2222222222222222,0.9,0.5669781956428126,1.596554525326764,0
user_2129,2021-03-22 22:35:00,23,12,9,0,5,1,9,5,9,14,14,0,0,8.488174537667796,6.04441287445043,2.4815991130782518,0.375,0.0,0.5,0.7592165473707624,1.7007072626166668,0
user_2130,2021-02-06 04:28:00,24,20,12,1,2,0,13,14,19,10,12,5,1,6.059404721137468,1.592121670620772,1.4745871203356407,0.48,0.07692307692307693,0.8,1.5165138526357218,0.8522799248564288,0
user_2131,2021-01-24 22:07:00,15,14,10,1,1,2,11,19,7,8,15,6,1,8.401453256132962,0.6757803593619316,3.010324264754533,0.625,0.09090909090909091,0.875,0.8041852957284241,0.19468013064317247,0
user_2132,2021-01-21 15:21:00,19,14,15,1,1,1,17,5,5,17,12,3,0,8.90036703010461,7.271672817997288,1.8923557802584354,0.75,0.0625,0.7,0.8660201597446389,0.02260803900892916,0
user_2133,2021-04-28 08:48:00,16,14,6,2,0,0,12,6,16,16,18,2,0,6.225109464207003,9.222820864433803,4.002482186972019,0.35294117647058826,0.2857142857142857,0.8235294117647058,0.9153136897191219,1.7440796439874386,1
user_2134,2021-03-25 12:41:00,17,10,11,1,6,1,5,13,14,12,19,3,0,4.670994797613415,9.120702283189763,4.709765379447051,0.6111111111111112,0.08333333333333333,0.5555555555555556,0.0697720240941484,1.0952624181698427,0
user_2135,2021-04-19 12:38:00,21,15,12,1,1,1,11,8,5,14,17,0,0,0.7591195799443906,8.049071564076002,5.5239737942658325,0.5454545454545454,0.07692307692307693,0.6818181818181818,1.6127155735902035,0.7004267006681704,0
user_2136,2021-04-12 04:28:00,27,17,9,2,2,1,18,11,7,13,6,0,0,7.629126753059916,8.438344741428104,5.176896650256021,0.32142857142857145,0.2,0.6071428571428571,0.3957202194150453,1.0012373622621953,1
user_2137,2021-04-12 15:37:00,15,18,10,1,2,2,12,14,6,8,11,0,0,4.06546318111853,7.250418250817013,3.3976188542916894,0.625,0.09090909090909091,1.125,0.620953447598499,1.491211024315361,0
user_2138,2021-02-03 14:19:00,22,14,14,2,2,1,15,8,8,13,14,2,0,5.6809107791640345,1.6344015893613995,6.976225455484902,0.6086956521739131,0.13333333333333333,0.6086956521739131,0.6450996969246763,0.5941247323315013,0
user_2139,2021-03-29 00:48:00,18,16,10,1,2,2,7,10,19,16,5,0,0,8.19553829139981,7.774742842274983,4.803221613392949,0.5263157894736842,0.09090909090909091,0.8421052631578947,1.8497667629475132,1.5621875952300839,0
user_2140,2021-01-06 19:44:00,21,18,6,0,2,1,17,13,13,5,11,2,0,2.007279274934329,0.8477785066905941,4.42675671618697,0.2727272727272727,0.0,0.8181818181818182,1.1013760948431497,0.4876394594483979,0
user_2141,2021-03-30 11:47:00,26,20,12,1,2,1,10,13,17,9,19,1,0,8.019621325440529,2.261697151717393,7.503719870731567,0.4444444444444444,0.07692307692307693,0.7407407407407407,1.2443159181909453,0.9067058067009797,0
user_2142,2021-04-27 17:09:00,18,22,12,0,1,2,14,19,17,11,7,1,0,7.556558961825592,2.416913383698361,4.5436631920251696,0.631578947368421,0.0,1.1578947368421053,0.37003054425141113,0.5420192511767763,0
user_2143,2021-04-23 09:48:00,22,18,11,0,2,0,11,18,8,14,14,4,0,0.5860330313940754,8.625468699852524,6.421447474660883,0.4782608695652174,0.0,0.782608695652174,1.6885101374714577,0.3332746472441561,0
user_2144,2021-03-20 00:55:00,26,18,13,1,1,1,7,6,11,17,19,5,1,8.846118747497256,6.390419978242433,2.75867756054863,0.48148148148148145,0.07142857142857142,0.6666666666666666,1.1245921586026264,1.2200962714257622,0
user_2145,2021-01-18 00:03:00,28,24,11,0,0,2,6,5,13,14,11,0,0,5.334894272443883,0.07004673947144324,8.900431282297838,0.3793103448275862,0.0,0.8275862068965517,1.1902941303512313,1.6537464216456748,0
user_2146,2021-01-16 11:54:00,11,13,6,1,4,1,19,6,15,18,11,5,1,3.2048205523192475,8.405343148083476,5.654355849727125,0.5,0.14285714285714285,1.0833333333333333,0.7234404460784756,1.9277774537897225,0
user_2147,2021-03-28 01:29:00,18,8,9,0,1,1,14,17,12,12,15,6,1,4.539949480612311,0.09359146231158522,6.492246214350087,0.47368421052631576,0.0,0.42105263157894735,1.575313086625488,1.7843986196788981,1
user_2148,2021-03-05 01:32:00,19,13,12,1,1,2,19,11,5,13,16,4,0,3.474699647643389,3.494162671746696,8.626945237041141,0.6,0.07692307692307693,0.65,1.4579110170500642,0.49422037285055476,0
user_2149,2021-03-26 08:55:00,24,12,5,1,4,1,6,8,12,7,16,4,0,9.230907557102881,7.816939053259162,6.40999613882225,0.2,0.16666666666666666,0.48,1.365921459253589,0.8441977862247794,0
user_2150,2021-04-26 23:41:00,20,10,6,0,3,0,7,13,13,16,12,0,0,6.593660876680472,4.042087578654925,3.2581821936924165,0.2857142857142857,0.0,0.47619047619047616,0.06524816233747832,0.20192350991038333,1
user_2151,2021-02-03 18:25:00,17,13,6,0,0,0,10,12,9,16,16,2,0,8.573522657397596,3.1620948515369305,4.6947003635025215,0.3333333333333333,0.0,0.7222222222222222,0.32217752301466995,0.7667056473390963,0
user_2152,2021-03-07 03:01:00,18,18,9,3,1,2,11,17,14,8,13,6,1,1.3698694889912733,0.2823237286686786,5.219070003677253,0.47368421052631576,0.3,0.9473684210526315,0.4384359287714732,1.0912717718285323,0
user_2153,2021-04-03 18:02:00,17,11,8,1,0,1,18,7,17,16,13,5,1,1.9927287131945592,5.327617755684759,2.6184244452095014,0.4444444444444444,0.1111111111111111,0.6111111111111112,1.3629250548650909,1.4070611766659087,0
user_2154,2021-02-07 01:19:00,22,12,7,1,0,1,18,17,18,5,12,6,1,1.0223859588557516,3.2603637685096487,5.646645463882756,0.30434782608695654,0.125,0.5217391304347826,1.4791981157536527,1.1636275189028669,0
user_2155,2021-02-02 21:51:00,16,18,12,0,1,1,10,13,5,14,9,1,0,2.6767521425522753,4.455352755970427,3.8428117069667467,0.7058823529411765,0.0,1.0588235294117647,1.1873533041011128,0.6071636422851641,0
user_2156,2021-02-12 00:28:00,26,12,10,2,3,1,12,11,13,15,18,4,0,5.974205796204423,2.44730232143217,6.397845907255433,0.37037037037037035,0.18181818181818182,0.4444444444444444,1.2558378593056956,1.8290270340753367,0
user_2157,2021-04-29 21:49:00,18,16,7,0,1,0,14,16,5,10,14,3,0,2.026823463152553,0.9178902037667858,4.709112199108209,0.3684210526315789,0.0,0.8421052631578947,0.24797614814600366,0.5185217233205981,0
user_2158,2021-02-07 10:09:00,24,13,16,0,3,3,13,6,13,7,17,6,1,3.7935530576316614,6.232983637851185,4.547406465281428,0.64,0.0,0.52,0.00499442342969858,0.6560797842042712,0
user_2159,2021-01-09 22:03:00,18,10,10,1,2,2,6,15,8,18,6,5,1,1.4166816100254365,6.735384341790783,1.2178097141763973,0.5263157894736842,0.09090909090909091,0.5263157894736842,1.5955619722144627,1.5404013531029135,0
user_2160,2021-04-13 13:25:00,21,11,9,0,1,0,19,16,9,14,14,1,0,1.3155037494503852,2.078920089419877,8.683862025464347,0.4090909090909091,0.0,0.5,0.4481125430111723,0.05654746262299715,0
user_2161,2021-03-25 05:17:00,15,14,11,1,2,1,17,6,7,8,13,3,0,2.334362188816923,9.011096365188651,6.861850688817633,0.6875,0.08333333333333333,0.875,0.35937548528670016,0.6303804077320996,0
user_2162,2021-01-17 12:12:00,25,15,8,2,1,0,19,16,19,16,17,6,1,0.9212101528847472,3.137271236785738,5.07251823168434,0.3076923076923077,0.2222222222222222,0.5769230769230769,1.932580331369671,1.2142671994028187,0
user_2163,2021-04-26 21:24:00,26,9,7,0,5,1,19,14,19,18,15,0,0,6.750992925261911,6.695063251751198,1.634956166166946,0.25925925925925924,0.0,0.3333333333333333,1.0611275405020013,1.519567245326767,0
user_2164,2021-01-04 11:21:00,23,13,10,4,1,0,18,17,6,13,7,0,0,2.404532148977786,2.056522362538292,5.90060970751533,0.4166666666666667,0.36363636363636365,0.5416666666666666,0.2923237864735806,0.963071655799894,0
user_2165,2021-02-21 18:40:00,19,14,8,0,5,2,10,19,12,15,7,6,1,8.930452651442648,9.76323643332239,5.798620106298666,0.4,0.0,0.7,0.7348151518173163,0.10651907400052152,0
user_2166,2021-04-19 22:11:00,19,12,7,1,3,1,9,14,16,17,18,0,0,1.7777084628663153,2.485327992580544,1.8398234357840924,0.35,0.125,0.6,0.5999427416156928,1.1898806085004905,0
user_2167,2021-03-12 14:31:00,17,22,12,1,0,1,7,12,9,5,17,4,0,3.378943775084772,0.6356786171631112,1.1614702550923388,0.6666666666666666,0.07692307692307693,1.2222222222222223,1.1003537874674798,0.8607011313322701,0
user_2168,2021-03-05 03:06:00,17,18,7,0,2,2,17,10,7,12,16,4,0,6.110850680176009,4.623789548365891,4.116477476818028,0.3888888888888889,0.0,1.0,1.124252597676728,0.6007166283926977,0
user_2169,2021-01-21 05:57:00,22,16,10,0,1,0,18,12,15,7,18,3,0,4.039371428825009,3.442997135413093,7.340973223769842,0.43478260869565216,0.0,0.6956521739130435,0.20780270671397183,1.205218499821277,1
user_2170,2021-02-20 17:42:00,14,15,7,1,1,0,16,5,17,18,19,5,1,1.2197019647166663,8.51380360406121,3.375387656237466,0.4666666666666667,0.125,1.0,1.8075083712642461,1.148078755475448,0
user_2171,2021-01-28 14:18:00,20,13,6,2,5,0,10,12,18,18,12,3,0,9.061079964870927,7.22024456572477,4.12078220842179,0.2857142857142857,0.2857142857142857,0.6190476190476191,0.6763753733806726,0.9968653415467907,1
user_2172,2021-03-02 06:37:00,28,16,9,2,1,2,15,18,9,16,10,1,0,9.159773534768508,7.445278961864846,3.508811403000152,0.3103448275862069,0.2,0.5517241379310345,1.2938081039889902,1.0498003600400132,0
user_2173,2021-04-27 23:46:00,23,13,10,0,9,0,19,7,6,11,16,1,0,3.940430139888045,0.4703477011613211,8.680724639736017,0.4166666666666667,0.0,0.5416666666666666,0.2592607143374719,1.4892854760827088,0
user_2174,2021-03-02 13:39:00,13,16,8,1,1,1,7,13,13,5,18,1,0,7.814957636433038,3.6263109871254473,1.492759664628688,0.5714285714285714,0.1111111111111111,1.1428571428571428,0.9345236798321481,1.9702053527489805,0
user_2175,2021-04-27 17:34:00,19,10,8,1,3,1,10,6,19,6,19,1,0,4.0757361881720175,2.5300468996000425,1.3459023269885089,0.4,0.1111111111111111,0.5,1.6293124410073707,0.863400328552866,0
user_2176,2021-03-06 08:32:00,23,11,12,1,0,1,5,6,7,10,5,5,1,0.02445960994260421,8.298398250658721,7.612551707032933,0.5,0.07692307692307693,0.4583333333333333,1.14965169223945,1.5839996469040927,0
user_2177,2021-01-24 03:14:00,18,12,12,0,2,0,16,12,10,13,19,6,1,1.2573524126103852,9.342817027449351,5.829805029184566,0.631578947368421,0.0,0.631578947368421,0.6786495899526461,1.2799391879805235,0
user_2178,2021-03-15 06:20:00,26,20,13,1,3,1,15,7,8,16,15,0,0,4.4408327857846,4.717222361603017,3.7216213547560244,0.48148148148148145,0.07142857142857142,0.7407407407407407,0.3821371145660988,0.7497814964075895,0
user_2179,2021-04-06 15:12:00,11,17,6,2,2,1,15,13,17,18,19,1,0,9.416784274559165,3.0926096571766095,1.4857668179563372,0.5,0.2857142857142857,1.4166666666666667,0.7545519196433026,0.6221724143660017,0
user_2180,2021-04-08 14:13:00,26,20,9,2,1,0,12,18,19,16,7,3,0,7.209410941194423,1.9742091531954664,2.115344088051295,0.3333333333333333,0.2,0.7407407407407407,1.4017729544100044,1.7623219116498452,0
user_2181,2021-01-29 01:20:00,15,17,11,0,1,1,15,12,7,9,5,4,0,0.4139233655142971,9.972978647984416,5.666783677372976,0.6875,0.0,1.0625,0.47723473304522823,0.27364686763069046,0
user_2182,2021-04-22 04:22:00,26,14,7,0,3,0,6,8,18,17,9,3,0,2.0248286486847,7.820367540344386,9.732662861106089,0.25925925925925924,0.0,0.5185185185185185,0.4797995209966801,0.12526238055632555,0
user_2183,2021-04-06 07:21:00,18,24,6,3,3,2,13,14,10,6,5,1,0,2.8775530661591664,3.945125232073343,9.97869555045736,0.3157894736842105,0.42857142857142855,1.263157894736842,0.9651403307452895,1.3091944781620157,0
user_2184,2021-03-18 16:46:00,16,15,9,0,1,3,6,11,16,19,7,3,0,4.267328950322015,0.8050815343652973,9.029758378675687,0.5294117647058824,0.0,0.8823529411764706,0.25975646458844937,1.9047064218366858,0
user_2185,2021-01-19 02:42:00,21,21,18,2,2,0,11,7,8,16,18,1,0,8.959650890161337,6.180273601364062,6.715855434607429,0.8181818181818182,0.10526315789473684,0.9545454545454546,0.17878106741442212,1.8267816073159995,0
user_2186,2021-04-02 17:49:00,22,19,8,1,1,1,17,10,13,13,17,4,0,4.343092295408542,5.1628802531178275,3.421305710988712,0.34782608695652173,0.1111111111111111,0.8260869565217391,1.7236126346819736,0.33286527702693625,1
user_2187,2021-01-22 19:42:00,24,9,10,2,3,3,16,11,5,5,8,4,0,0.048021704279579414,0.006429324370353928,7.384221741518946,0.4,0.18181818181818182,0.36,0.8803685974400686,1.889655237548351,0
user_2188,2021-01-25 09:32:00,17,14,14,0,1,1,16,19,8,13,13,0,0,5.561476194744541,7.354676565930472,2.3977845550066945,0.7777777777777778,0.0,0.7777777777777778,1.9267966275289743,0.09563196157680465,0
user_2189,2021-02-13 05:32:00,26,15,4,1,6,0,18,5,11,6,12,5,1,8.322484399311442,9.510050483542313,1.3176434462830566,0.14814814814814814,0.2,0.5555555555555556,0.708704337327247,1.2791027076721404,0
user_2190,2021-02-23 05:10:00,20,19,9,2,2,1,5,17,9,13,7,1,0,8.108539836583182,1.0768917555112423,4.994517168043341,0.42857142857142855,0.2,0.9047619047619048,0.9942698046967973,0.5552869098994306,0
user_2191,2021-02-16 23:51:00,24,18,11,2,1,1,10,10,7,9,9,1,0,5.004628959057824,6.712625856391728,2.0911827972800197,0.44,0.16666666666666666,0.72,1.168072373824201,0.42695577790434514,0
user_2192,2021-01-03 22:15:00,18,15,4,1,3,0,17,7,15,17,17,6,1,7.549591030666035,6.63937627018567,4.188450642845598,0.21052631578947367,0.2,0.7894736842105263,1.1480540159411659,0.019672717492433822,0
user_2193,2021-04-15 13:45:00,22,17,9,1,2,0,17,6,15,19,15,3,0,9.429060396322026,7.37452276491231,2.5373889812291273,0.391304347826087,0.1,0.7391304347826086,0.8557265028318524,1.2369653538507268,0
user_2194,2021-04-06 12:14:00,19,17,13,2,1,3,9,16,15,5,11,1,0,2.7559180263869276,9.120730789018992,6.407663607187449,0.65,0.14285714285714285,0.85,0.6262188368235342,0.4590723797147864,0
user_2195,2021-02-17 07:46:00,26,8,9,2,5,0,13,7,15,19,17,2,0,1.9660726516780958,2.6906464714529124,3.0810862016630587,0.3333333333333333,0.2,0.2962962962962963,0.470256108856157,1.7966130501243098,0
user_2196,2021-03-27 05:49:00,17,17,5,0,2,0,18,17,5,19,14,5,1,0.010099142291398744,3.5931614159998357,3.5980977483102206,0.2777777777777778,0.0,0.9444444444444444,0.5658259710707441,0.05224946790563356,0
user_2197,2021-03-29 23:41:00,16,16,14,1,1,3,15,8,13,10,12,0,0,1.963900907113385,1.5483140540847073,8.112417774672231,0.8235294117647058,0.06666666666666667,0.9411764705882353,1.7028950267582956,0.3230789642763714,0
user_2198,2021-04-08 20:35:00,18,14,11,1,1,0,9,17,7,19,10,3,0,4.020476690977563,9.212897876298102,1.6026948486486892,0.5789473684210527,0.08333333333333333,0.7368421052631579,0.32956053328492607,1.0967550253530856,0
user_2199,2021-02-19 17:25:00,19,16,10,2,1,1,19,15,17,19,8,4,0,0.9355285095466681,9.104511890808705,1.9347292797818414,0.5,0.18181818181818182,0.8,1.4819154009697957,1.3837971088227041,0
user_2200,2021-01-11 16:35:00,26,19,11,3,1,1,15,15,15,9,19,0,0,5.00504590246857,8.651044672606853,3.856180853366188,0.4074074074074074,0.25,0.7037037037037037,0.5903713010433598,0.45162603509560584,0
user_2201,2021-01-02 02:02:00,19,17,11,0,0,2,17,8,15,15,14,5,1,2.871717289652106,7.759193899545906,6.981961961727761,0.55,0.0,0.85,0.4101378623903056,0.4650574800224927,0
user_2202,2021-03-11 19:04:00,12,13,8,2,2,2,7,8,17,14,17,3,0,0.13168218361928274,8.84186984790971,6.2637780987347345,0.6153846153846154,0.2222222222222222,1.0,0.30267930748920935,0.523367779872216,0
user_2203,2021-01-28 02:19:00,21,17,14,1,5,0,10,12,10,6,15,3,0,8.527475388251455,5.234122316581158,5.2204749394848475,0.6363636363636364,0.06666666666666667,0.7727272727272727,0.14819739846114555,0.7803524366704193,0
user_2204,2021-03-23 16:04:00,25,10,8,0,2,1,15,8,14,9,7,1,0,0.22365172995959637,3.558204615204498,7.583448089227754,0.3076923076923077,0.0,0.38461538461538464,1.720306001485995,1.7664704330714376,1
user_2205,2021-04-26 03:57:00,11,9,8,1,0,1,6,6,16,17,13,0,0,2.6617915221110886,1.6081860563331185,9.115725233204076,0.6666666666666666,0.1111111111111111,0.75,1.2722464412554493,0.8258061907190186,0
user_2206,2021-03-09 07:22:00,14,16,13,2,3,0,17,18,7,19,6,1,0,8.074634233332109,3.223234224306357,6.591408287254785,0.8666666666666667,0.14285714285714285,1.0666666666666667,1.1045209552594442,1.2411963185670734,0
user_2207,2021-03-01 11:31:00,17,18,9,0,3,0,6,9,7,10,9,0,0,1.8126605979280774,0.9038212577445259,8.443119827074995,0.5,0.0,1.0,0.8130780717841821,1.063880910514742,0
user_2208,2021-02-23 11:17:00,23,12,8,2,1,0,15,7,11,15,5,1,0,6.628063437384731,3.6996570132712447,6.2058089024329215,0.3333333333333333,0.2222222222222222,0.5,1.6977123502040283,0.9812854880803337,0
user_2209,2021-01-17 17:52:00,23,22,7,0,2,2,16,19,5,8,5,6,1,0.25078604808961846,8.902556917468408,5.431976341311238,0.2916666666666667,0.0,0.9166666666666666,1.4976172836595718,0.25667169566531234,1
user_2210,2021-04-25 15:30:00,14,17,11,0,3,0,7,7,11,6,5,6,1,3.812070033678557,1.2233642428557578,8.472138574591789,0.7333333333333333,0.0,1.1333333333333333,0.6989756080319054,1.1737631424159642,0
user_2211,2021-01-31 15:41:00,27,19,15,1,3,0,11,7,16,15,18,6,1,3.8224098789312,9.167960227138021,5.473874172068315,0.5357142857142857,0.0625,0.6785714285714286,1.205855185619752,0.9521305619904679,0
user_2212,2021-01-05 17:46:00,17,18,7,1,1,1,15,7,11,6,11,1,0,0.24917442393528666,3.663211178097149,8.459464695239127,0.3888888888888889,0.125,1.0,0.7714544020941141,0.7932975898725421,0
user_2213,2021-02-14 16:56:00,20,16,11,1,1,0,5,11,15,5,8,6,1,9.848558205490184,3.3510536828854756,6.443647841352188,0.5238095238095238,0.08333333333333333,0.7619047619047619,0.33913622400663757,0.8752513388684735,0
user_2214,2021-02-18 21:56:00,19,8,12,0,3,0,5,14,10,5,16,3,0,1.2908773247245187,6.180321421613869,2.660013912617421,0.6,0.0,0.4,1.9203513776578225,1.4278199041501933,0
user_2215,2021-02-17 08:32:00,22,14,10,2,1,1,8,18,7,14,12,2,0,9.315972917249853,8.323573068267109,5.060915638271286,0.43478260869565216,0.18181818181818182,0.6086956521739131,1.7699486795840558,1.8629144302674518,0
user_2216,2021-02-12 14:26:00,16,12,11,1,1,0,15,8,10,9,6,4,0,6.426201697239708,2.9035096760710277,4.92136439852557,0.6470588235294118,0.08333333333333333,0.7058823529411765,1.2326893430129415,0.7821731476481781,0
user_2217,2021-03-10 11:58:00,25,18,7,1,4,2,11,8,15,18,14,2,0,4.212097948913197,3.2478923644594273,7.419107176172973,0.2692307692307692,0.125,0.6923076923076923,1.3843795651014499,1.135100337314799,0
user_2218,2021-01-27 13:16:00,23,19,14,0,4,2,14,11,8,16,13,2,0,5.715175657310335,3.3310365885172146,7.968353949679494,0.5833333333333334,0.0,0.7916666666666666,1.0029214800878097,1.3855512520506552,0
user_2219,2021-03-29 06:39:00,18,18,10,1,1,1,13,17,11,5,17,0,0,9.737169980813182,1.5872263436300094,7.619130957584894,0.5263157894736842,0.09090909090909091,0.9473684210526315,1.1807634618406182,1.578853847964968,0
user_2220,2021-03-21 13:43:00,17,13,10,0,5,1,5,8,15,17,5,6,1,6.489986442608201,7.687360804926025,8.116490167915877,0.5555555555555556,0.0,0.7222222222222222,1.3304685292857579,1.7023076118109761,0
user_2221,2021-04-08 03:04:00,19,14,15,1,0,0,16,16,10,6,5,3,0,6.904041460509962,9.758911717773316,2.3870514154507867,0.75,0.0625,0.7,0.5776749181967478,1.6709246969975529,0
user_2222,2021-02-10 00:49:00,19,23,11,0,2,1,6,12,13,18,8,2,0,1.3989308322764138,0.5573201092017821,4.133562124449716,0.55,0.0,1.15,0.15199985660673865,1.2323011181769723,0
user_2223,2021-04-06 05:29:00,21,10,10,2,1,3,7,6,12,13,17,1,0,6.63460906936325,7.130949817876925,4.332866601332754,0.45454545454545453,0.18181818181818182,0.45454545454545453,1.4458707503703345,1.4032771516522602,0
user_2224,2021-04-24 02:06:00,20,16,15,0,3,2,5,13,9,5,15,5,1,8.321607492488551,1.2838366188546735,8.017710636773664,0.7142857142857143,0.0,0.7619047619047619,1.1723184936373,0.4482462106767531,0
user_2225,2021-02-13 14:21:00,27,18,11,1,1,0,16,5,19,15,15,5,1,5.029815385093064,3.261096990975596,6.295685766078488,0.39285714285714285,0.08333333333333333,0.6428571428571429,0.7185504999590011,0.9216087234956822,0
user_2226,2021-03-06 03:10:00,13,10,9,2,1,1,8,19,7,18,16,5,1,5.399372353300109,5.852880399862394,6.037626908438769,0.6428571428571429,0.2,0.7142857142857143,1.8667315797064543,0.7130801720578543,0
user_2227,2021-01-08 05:57:00,24,5,12,0,3,1,5,19,13,7,9,4,0,3.762370282636126,9.697638504060778,2.329947299128825,0.48,0.0,0.2,1.5665548825665954,1.5792499189030653,1
user_2228,2021-04-10 20:02:00,13,15,5,0,0,1,11,9,13,14,8,5,1,0.005657529808629214,0.9441580363351831,9.505040626674436,0.35714285714285715,0.0,1.0714285714285714,0.7213858387793735,0.29477669787271377,0
user_2229,2021-04-17 00:25:00,21,15,12,2,2,0,14,10,15,5,17,5,1,8.537501409819146,0.3087636310562403,1.835371570507661,0.5454545454545454,0.15384615384615385,0.6818181818181818,0.18496532163779755,1.8196563024185586,1
user_2230,2021-03-31 12:36:00,21,21,12,4,2,1,6,12,11,9,18,2,0,8.99023513730151,2.2163537384796217,4.404991368840957,0.5454545454545454,0.3076923076923077,0.9545454545454546,1.2974006029739822,0.2838861783216795,0
user_2231,2021-02-28 23:11:00,14,14,15,3,0,0,14,13,16,13,6,6,1,8.276556036782363,4.846174803500628,7.833378547476452,1.0,0.1875,0.9333333333333333,0.15611769984070034,0.8608962249603376,1
user_2232,2021-03-24 04:40:00,21,12,12,2,3,0,9,9,7,6,13,2,0,7.315704382221808,7.030213235086169,9.526839276486763,0.5454545454545454,0.15384615384615385,0.5454545454545454,0.5565673002189535,0.37255164676636277,1
user_2233,2021-02-16 20:31:00,21,21,13,3,0,1,7,18,11,16,18,1,0,2.6416751313926854,3.9541913443007806,4.820355455795909,0.5909090909090909,0.21428571428571427,0.9545454545454546,0.7340232218521336,1.429128912006447,0
user_2234,2021-04-15 03:48:00,28,13,11,2,3,1,13,16,9,14,7,3,0,2.256060306616604,7.257714016682179,6.236102378291599,0.3793103448275862,0.16666666666666666,0.4482758620689655,0.12739398507120203,0.9948802780712125,0
user_2235,2021-04-10 08:57:00,17,15,9,3,2,1,13,8,17,19,12,5,1,1.7283071213765278,3.6923361373512673,1.6064091468738761,0.5,0.3,0.8333333333333334,1.1051989476786388,1.9141777178889803,0
user_2236,2021-02-17 14:20:00,22,15,11,2,3,1,16,13,15,16,18,2,0,7.01842587118684,4.729584304641733,8.495918740132531,0.4782608695652174,0.16666666666666666,0.6521739130434783,1.085917313711882,1.8089254359265565,0
user_2237,2021-03-31 23:33:00,21,17,5,0,3,0,8,8,8,16,9,2,0,6.187047122228116,1.0752015346625787,9.426907574325366,0.22727272727272727,0.0,0.7727272727272727,0.2523509530930701,1.312674969880962,0
user_2238,2021-03-24 07:20:00,21,9,8,1,0,1,10,9,5,19,13,2,0,9.325920823597897,5.704426193231948,9.122985877768418,0.36363636363636365,0.1111111111111111,0.4090909090909091,1.7739533002043761,0.4571118773688989,0
user_2239,2021-01-17 11:14:00,25,23,8,0,1,0,18,8,16,14,19,6,1,2.449061719112202,5.823187277859574,6.3010978513783975,0.3076923076923077,0.0,0.8846153846153846,1.8893037606198178,1.9787250953339297,0
user_2240,2021-01-24 16:03:00,16,22,10,1,0,1,7,7,17,11,18,6,1,9.49614350418157,5.931287727860731,5.471756182503469,0.5882352941176471,0.09090909090909091,1.2941176470588236,0.07656359932781776,0.35578221192340753,1
user_2241,2021-03-07 13:53:00,24,16,8,3,4,0,10,16,6,12,11,6,1,2.9482219116759367,6.275757395952786,2.6949123548365423,0.32,0.3333333333333333,0.64,1.8031923033699808,1.2116110175732009,0
user_2242,2021-03-02 07:36:00,25,11,11,1,2,1,6,14,11,8,19,1,0,1.9457984391412053,3.2866989732843965,9.878905770868029,0.4230769230769231,0.08333333333333333,0.4230769230769231,1.145361455994022,0.7311674759143003,0
user_2243,2021-03-17 04:34:00,19,21,6,0,1,0,12,17,5,10,17,2,0,6.992007776213253,6.871499272876454,7.001537827901538,0.3,0.0,1.05,1.4194972950693483,1.0428325282440327,0
user_2244,2021-04-30 02:30:00,20,19,12,1,3,1,17,13,18,11,13,4,0,6.985726397646351,4.510658295767728,3.9545211861734284,0.5714285714285714,0.07692307692307693,0.9047619047619048,1.5865339555061015,0.7327660599471943,0
user_2245,2021-04-25 17:11:00,25,14,8,1,5,0,18,17,5,18,13,6,1,4.860184035422011,1.7529598908522448,7.015696546320156,0.3076923076923077,0.1111111111111111,0.5384615384615384,0.2744952773540883,1.6350679256694622,1
user_2246,2021-03-16 09:28:00,19,12,10,3,3,1,11,19,12,15,8,1,0,0.4088489105411808,9.794590983458473,2.523162701704469,0.5,0.2727272727272727,0.6,1.7614797811151157,1.9238737001664634,1
user_2247,2021-03-03 16:49:00,19,9,13,0,3,2,19,16,18,8,12,2,0,9.010576705307862,0.28321876345542285,7.24908135761878,0.65,0.0,0.45,1.3841894391186476,0.7187506937792574,0
user_2248,2021-03-15 02:38:00,20,15,9,1,5,1,5,18,9,5,9,0,0,6.103517911426142,2.128376262936804,7.821770368121973,0.42857142857142855,0.1,0.7142857142857143,1.6253120718416962,0.3238603526510522,0
user_2249,2021-03-08 21:52:00,16,23,6,2,1,2,7,7,17,11,11,0,0,3.5709708755709824,6.917859023332844,1.9454696400494287,0.35294117647058826,0.2857142857142857,1.3529411764705883,1.0047462919940207,0.8021163810117731,0
user_2250,2021-04-08 03:23:00,21,11,13,0,2,4,14,14,16,14,17,3,0,6.885578199462113,7.883784928240539,1.431780919588774,0.5909090909090909,0.0,0.5,0.32013710893415914,1.8509658052799332,0
user_2251,2021-04-30 23:36:00,25,18,8,0,0,0,10,16,11,15,8,4,0,9.383486095672424,2.2435316462625576,9.45783136914573,0.3076923076923077,0.0,0.6923076923076923,1.7935111897844633,0.9309083118361288,0
user_2252,2021-04-23 22:31:00,18,16,7,3,2,2,13,7,18,9,13,4,0,0.47949216348005086,8.247241231166365,7.9634335535301695,0.3684210526315789,0.375,0.8421052631578947,1.2400612226087673,0.33952733896118414,0
user_2253,2021-04-02 18:34:00,18,13,8,1,4,1,5,19,18,13,14,4,0,7.790790893039064,7.7695406153610405,8.112277659690593,0.42105263157894735,0.1111111111111111,0.6842105263157895,1.382107037426865,1.8862560640275425,0
user_2254,2021-02-26 17:24:00,23,13,14,1,2,0,6,6,5,19,6,4,0,8.684400584588413,5.348492994954659,4.785330403293781,0.5833333333333334,0.06666666666666667,0.5416666666666666,0.6085632826234191,0.5050266490256372,0
user_2255,2021-02-04 03:35:00,20,20,11,1,2,0,15,13,15,14,12,3,0,8.256405965240967,0.11539258268482788,2.9927088669722046,0.5238095238095238,0.08333333333333333,0.9523809523809523,0.21960590146425552,0.061234518181550346,0
user_2256,2021-03-29 17:38:00,22,8,6,1,6,0,19,14,9,19,12,0,0,9.891868667898711,4.763784813885257,2.066212567303841,0.2608695652173913,0.14285714285714285,0.34782608695652173,1.5162625579014382,0.03430094250297522,0
user_2257,2021-03-29 22:22:00,19,15,7,1,1,1,9,15,10,12,13,0,0,9.672315817407423,6.472654078495806,1.7826354418443735,0.35,0.125,0.75,0.9872647165445767,1.6886463866780927,0
user_2258,2021-01-16 14:57:00,18,13,16,1,3,1,11,5,9,18,7,5,1,0.1573711476067119,2.089292982276114,3.316873856063591,0.8421052631578947,0.058823529411764705,0.6842105263157895,1.8084555225134775,0.10002983723597891,0
user_2259,2021-01-11 02:20:00,24,18,4,1,0,0,10,6,15,8,12,0,0,6.9963742604885715,8.63857269539616,6.797138878359595,0.16,0.2,0.72,1.6661541118909657,1.9973431748342665,0
user_2260,2021-02-14 02:13:00,23,12,9,2,4,0,13,17,17,6,6,6,1,3.6878966807519453,8.319565214159134,2.6242130263281402,0.375,0.2,0.5,0.059149316621302406,0.9542891043713018,0
user_2261,2021-03-03 15:27:00,20,9,15,1,1,0,19,12,13,15,8,2,0,0.8365374807347725,6.685091153631357,2.8565613056325114,0.7142857142857143,0.0625,0.42857142857142855,1.0745918547458455,0.047917479134882646,0
user_2262,2021-01-23 09:08:00,21,15,14,1,5,1,5,10,14,10,13,5,1,3.832659159449224,2.5186989761909495,7.514641020840528,0.6363636363636364,0.06666666666666667,0.6818181818181818,0.7712981356526174,1.4001917407303701,1
user_2263,2021-04-30 23:49:00,17,19,19,1,0,3,11,14,15,19,19,4,0,2.9517709117964905,0.49316502563026776,5.278236678162835,1.0555555555555556,0.05,1.0555555555555556,0.3000935940700573,0.9597794768918428,0
user_2264,2021-02-07 10:19:00,26,12,9,2,3,1,18,19,15,10,12,6,1,7.119646214939651,5.302612791095804,4.624081305520942,0.3333333333333333,0.2,0.4444444444444444,1.1311410012936498,0.8911755960849495,0
user_2265,2021-01-19 03:48:00,21,14,9,1,1,1,14,17,13,17,16,1,0,1.337034644166314,7.157545574896219,7.981176252640819,0.4090909090909091,0.1,0.6363636363636364,0.3329956740211282,1.4696136690740835,0
user_2266,2021-04-22 11:16:00,19,17,8,0,4,0,9,16,11,13,9,3,0,7.243491569364696,1.5740105809656313,5.054056056941954,0.4,0.0,0.85,1.224084680742676,1.5664501031982774,0
user_2267,2021-02-25 11:14:00,17,14,12,0,1,1,15,12,5,13,7,3,0,0.3521095258540896,0.0141000832976379,6.283847394962861,0.6666666666666666,0.0,0.7777777777777778,1.9134083693916666,1.7371780806559116,1
user_2268,2021-04-23 18:48:00,25,22,14,1,4,2,10,12,8,8,15,4,0,0.23599637588343159,2.9238611573570985,5.057747463089481,0.5384615384615384,0.06666666666666667,0.8461538461538461,0.3468778729618647,1.0285404065814665,0
user_2269,2021-04-04 18:06:00,21,11,10,1,1,1,8,6,12,12,17,6,1,8.63081520029754,5.9452660792719305,3.939404943630489,0.45454545454545453,0.09090909090909091,0.5,0.37074633290795167,0.39552786380704585,0
user_2270,2021-04-09 01:55:00,25,10,13,3,4,1,10,14,8,5,7,4,0,2.406763693434603,6.089401530224448,2.0650623231816363,0.5,0.21428571428571427,0.38461538461538464,1.1921755713243223,1.9414030048894588,0
user_2271,2021-02-20 04:06:00,18,11,15,0,1,0,11,5,16,5,17,5,1,4.614464559855021,8.882545519923175,4.662112733310902,0.7894736842105263,0.0,0.5789473684210527,1.8294434385484943,0.34498434409804357,0
user_2272,2021-01-10 14:43:00,19,13,11,1,2,3,6,16,5,5,5,6,1,3.1390550717116996,5.751306380656491,4.269069353581276,0.55,0.08333333333333333,0.65,0.8472458920193275,0.9691830318251347,0
user_2273,2021-01-23 17:24:00,19,12,13,2,3,2,5,7,14,10,8,5,1,8.646384739680746,3.509066490488777,9.157995071207479,0.65,0.14285714285714285,0.6,0.7025708123466945,1.0195392638057121,0
user_2274,2021-02-21 18:49:00,19,12,7,1,2,2,11,6,10,5,12,6,1,1.9462678693013624,3.2214865109515403,1.8534520985938872,0.35,0.125,0.6,1.0783402974918364,1.7386673496865042,1
user_2275,2021-04-30 23:06:00,22,13,6,2,2,1,9,16,14,15,16,4,0,4.605672717229576,7.526554303820916,7.032112760605586,0.2608695652173913,0.2857142857142857,0.5652173913043478,0.46921574252341025,0.1247143281310672,0
user_2276,2021-02-26 19:47:00,17,18,11,3,1,2,12,6,19,11,17,4,0,6.925241568818695,0.23814246212413015,7.073775343683972,0.6111111111111112,0.25,1.0,0.6992996237372102,1.0271724621314484,1
user_2277,2021-01-23 23:37:00,22,18,11,1,1,0,9,8,14,10,6,5,1,7.734470230926082,0.6067464170159853,7.401991886673903,0.4782608695652174,0.08333333333333333,0.782608695652174,0.6039633180678026,0.7341843097973242,0
user_2278,2021-01-23 09:17:00,18,19,13,0,1,3,17,6,11,18,7,5,1,3.589001892924796,2.063360344270526,7.291873203204699,0.6842105263157895,0.0,1.0,0.4678641878613292,1.7351281764849997,1
user_2279,2021-03-19 08:30:00,19,12,11,0,1,1,14,17,13,15,19,4,0,7.721602785115555,4.182423679048805,1.1793550444055643,0.55,0.0,0.6,1.9665816967652563,0.1305875883697365,0
user_2280,2021-03-11 06:37:00,16,15,12,0,0,1,16,12,13,10,16,3,0,2.9370242010074685,0.2739610591901187,4.756434720086814,0.7058823529411765,0.0,0.8823529411764706,0.7042609456960185,1.7110537335707703,0
user_2281,2021-03-23 14:53:00,23,14,8,0,2,1,8,19,18,8,13,1,0,6.666448997910761,9.753731228186924,7.685406470391234,0.3333333333333333,0.0,0.5833333333333334,1.7043836803597883,0.14644440855284202,1
user_2282,2021-03-24 17:01:00,14,14,6,0,2,0,10,6,18,12,9,2,0,1.7075363270570287,2.1833754186663015,3.855689800447048,0.4,0.0,0.9333333333333333,1.6962631574444578,1.6410694390137066,0
user_2283,2021-03-26 17:04:00,23,15,11,1,0,1,5,17,11,11,7,4,0,0.2970686224109498,5.224224677071253,8.928411668642347,0.4583333333333333,0.08333333333333333,0.625,0.3226634621601059,0.740616774004546,0
user_2284,2021-04-10 00:52:00,18,11,5,1,0,0,19,9,19,10,5,5,1,4.963170951425648,0.7377765563226357,8.879358345055858,0.2631578947368421,0.16666666666666666,0.5789473684210527,1.0355218965777817,1.8438192262057558,0
user_2285,2021-01-04 23:18:00,9,13,13,0,3,2,12,9,6,7,18,0,0,0.9379409457929111,9.28090810057531,2.009690107702328,1.3,0.0,1.3,0.7257905843881607,0.24937861836322162,0
user_2286,2021-02-08 18:19:00,15,17,5,2,4,1,17,5,11,12,11,0,0,3.0903344308011604,4.733549013592579,2.7665628818595454,0.3125,0.3333333333333333,1.0625,0.6511899812098194,0.08185433009325971,0
user_2287,2021-01-12 01:30:00,11,10,12,2,2,2,8,10,9,7,13,1,0,1.0854698682206343,1.6239080619614321,5.781735047974935,1.0,0.15384615384615385,0.8333333333333334,0.12342684064656084,0.42957487065920374,0
user_2288,2021-02-02 12:07:00,17,12,8,0,3,0,13,5,9,8,8,1,0,3.6604556089212927,9.967980080085724,1.6208289955256847,0.4444444444444444,0.0,0.6666666666666666,0.10355392811836883,0.546085019251825,1
user_2289,2021-04-06 10:03:00,20,12,10,2,1,0,12,7,9,7,11,1,0,9.994495316547743,2.26000258702173,6.556131174175774,0.47619047619047616,0.18181818181818182,0.5714285714285714,1.9881910126933995,1.8307342652786034,0
user_2290,2021-04-30 08:07:00,28,11,10,1,4,2,6,10,19,13,10,4,0,2.5565170173675957,9.534017253529342,3.793795227421315,0.3448275862068966,0.09090909090909091,0.3793103448275862,1.2976988255640718,0.5641594565917292,0
user_2291,2021-04-17 05:13:00,16,12,11,1,2,1,17,18,8,13,18,5,1,3.6955701035788104,2.946759394963425,1.020259497645327,0.6470588235294118,0.08333333333333333,0.7058823529411765,0.4160276711291999,0.31748870631671355,0
user_2292,2021-03-16 08:28:00,22,10,11,0,3,0,14,8,18,18,16,1,0,5.998846224696452,3.9495674397102274,1.9668217564436894,0.4782608695652174,0.0,0.43478260869565216,1.6925679820094757,0.03737182082908497,0
user_2293,2021-01-06 22:24:00,17,12,18,1,2,2,11,7,13,16,8,2,0,2.48585140849076,2.4435053010882135,2.7066089218080776,1.0,0.05263157894736842,0.6666666666666666,1.3779644631506178,0.6748497477568842,0
user_2294,2021-02-20 16:54:00,20,14,12,1,1,1,16,6,5,15,19,5,1,7.817232253842203,0.39781000232885333,1.5740303768473218,0.5714285714285714,0.07692307692307693,0.6666666666666666,0.6595819720139395,1.9368677671809775,0
user_2295,2021-03-22 07:10:00,17,17,17,1,1,0,5,11,12,16,13,0,0,1.446397902558596,6.838471836581265,2.9363679331004593,0.9444444444444444,0.05555555555555555,0.9444444444444444,0.42546489004378674,1.8057568934450552,0
user_2296,2021-04-01 19:37:00,24,11,17,2,3,2,19,19,12,10,8,3,0,9.260858485925226,7.206450804480205,5.750693896378069,0.68,0.1111111111111111,0.44,1.2852376805431887,1.7740595121426124,1
user_2297,2021-02-17 08:18:00,22,14,12,1,5,1,9,18,13,6,7,2,0,1.0557978649005761,6.226201972394887,7.539528763562282,0.5217391304347826,0.07692307692307693,0.6086956521739131,1.7957768905178395,1.8806874766113413,0
user_2298,2021-04-14 05:39:00,24,11,13,3,3,2,6,17,9,16,16,2,0,4.322357315125086,8.437865287477031,5.5097624969486105,0.52,0.21428571428571427,0.44,1.7898579641909844,1.1754912536900375,0
user_2299,2021-03-25 17:26:00,19,16,10,1,2,3,17,13,10,17,15,3,0,1.3401727914437866,2.334339801424271,6.692261071115031,0.5,0.09090909090909091,0.8,1.7589479934939574,1.5608817953384562,0
user_2300,2021-01-04 20:48:00,19,19,8,1,2,1,11,12,5,5,9,0,0,5.751751647437261,3.569504609073623,4.049968711666532,0.4,0.1111111111111111,0.95,0.7639395624230689,1.731220965371136,0
user_2301,2021-04-04 12:19:00,22,22,4,2,3,0,12,19,7,9,15,6,1,6.649363521863992,2.6875286612567004,8.973966237169044,0.17391304347826086,0.4,0.9565217391304348,1.4363888898274397,0.8691112576519462,1
user_2302,2021-01-10 17:31:00,19,13,7,2,0,0,17,19,17,6,19,6,1,7.671347187241709,4.792584050240638,5.744910909831045,0.35,0.25,0.65,0.9251329037706266,0.6662681023425501,1
user_2303,2021-04-29 22:32:00,14,21,18,3,0,3,14,13,6,18,19,3,0,1.1170159571873883,3.6906528746666014,5.504739975327078,1.2,0.15789473684210525,1.4,0.5093919304476637,0.941735357830747,0
user_2304,2021-04-23 06:22:00,23,11,11,2,4,3,19,16,17,15,15,4,0,2.346954822401629,6.994158135626031,6.816368465363088,0.4583333333333333,0.16666666666666666,0.4583333333333333,0.1352215626835198,1.528576047596011,0
user_2305,2021-03-11 17:25:00,15,14,9,1,1,0,8,14,12,19,18,3,0,8.472649609647195,9.16836783052063,4.170325196160995,0.5625,0.1,0.875,1.8494338093475713,1.4388989760284976,0
user_2306,2021-01-03 04:07:00,28,10,6,0,7,0,6,18,17,5,14,6,1,9.802716022789513,0.12500460409064718,7.486580519918787,0.20689655172413793,0.0,0.3448275862068966,1.8897700529924175,0.36177840218292445,0
user_2307,2021-01-30 19:58:00,27,16,14,0,1,2,13,14,5,17,8,5,1,1.8469837932914912,6.0861018901981625,8.515247841701608,0.5,0.0,0.5714285714285714,1.4268771777326832,1.114810347199759,0
user_2308,2021-01-05 04:08:00,16,20,15,0,6,3,19,15,13,7,7,1,0,1.7673582697672952,9.27092800871847,2.3387514004134986,0.8823529411764706,0.0,1.1764705882352942,1.6181381845510143,0.5499098471686157,0
user_2309,2021-04-28 14:56:00,20,16,8,2,1,1,10,8,16,16,19,2,0,3.595506433329141,3.4847706421331193,7.031720683975539,0.38095238095238093,0.2222222222222222,0.7619047619047619,1.475791446482277,1.0717195506239974,0
user_2310,2021-02-03 21:39:00,29,20,7,1,1,1,18,7,12,8,13,2,0,1.5038208997857472,8.320193203135497,8.447715317771362,0.23333333333333334,0.125,0.6666666666666666,1.3217799858552537,0.725437381212392,0
user_2311,2021-02-21 15:01:00,16,11,15,1,2,2,6,7,19,15,18,6,1,2.329556173698127,1.2449688665306402,1.8469593140345266,0.8823529411764706,0.0625,0.6470588235294118,1.7045231512690042,0.2646717443862836,0
user_2312,2021-02-02 21:39:00,14,10,13,3,3,4,11,14,18,13,12,1,0,4.778378552723489,6.971445126822542,3.1855053118580967,0.8666666666666667,0.21428571428571427,0.6666666666666666,1.5941067450564073,1.0109440522523734,0
user_2313,2021-02-06 10:30:00,12,15,8,1,0,2,19,8,15,13,15,5,1,9.021030989371647,5.525498397320937,2.283616370750533,0.6153846153846154,0.1111111111111111,1.1538461538461537,0.8205746490755239,0.7055051879995418,0
user_2314,2021-04-21 17:59:00,9,15,12,1,2,1,17,9,19,12,6,2,0,6.947481755812901,0.9407378919601816,5.670801401347937,1.2,0.07692307692307693,1.5,1.1404157411049924,0.07863110883069768,0
user_2315,2021-02-26 17:58:00,16,16,7,2,2,1,5,11,7,18,10,4,0,0.41660224939713886,2.080831248061811,7.106543015326204,0.4117647058823529,0.25,0.9411764705882353,0.4652795629394013,0.6465652238943287,0
user_2316,2021-03-08 10:27:00,21,15,13,1,0,2,10,5,6,11,5,0,0,2.3577678210243667,3.1930004691898795,8.285917224926095,0.5909090909090909,0.07142857142857142,0.6818181818181818,0.7822874224332761,1.9783122597683893,0
user_2317,2021-04-12 21:09:00,21,17,8,1,2,1,6,7,14,15,8,0,0,6.087968202741721,0.6490274733776702,3.3854599435075303,0.36363636363636365,0.1111111111111111,0.7727272727272727,0.2781636241795553,0.581690817839353,0
user_2318,2021-02-10 21:24:00,17,15,10,0,0,1,19,15,18,8,8,2,0,1.1610760626569616,9.298659315646397,2.8400619427296525,0.5555555555555556,0.0,0.8333333333333334,1.1450802382660263,1.034186901825316,0
user_2319,2021-04-07 18:40:00,18,16,11,3,0,2,6,16,10,6,16,2,0,5.262452066918827,6.090010629015051,6.0910059748082865,0.5789473684210527,0.25,0.8421052631578947,1.750885614003336,1.799856613310338,0
user_2320,2021-04-21 23:06:00,13,18,11,1,1,2,19,5,19,9,12,2,0,8.910326288054872,2.11620794328244,5.563821038796057,0.7857142857142857,0.08333333333333333,1.2857142857142858,0.1220510004748927,0.09594238642079489,0
user_2321,2021-04-25 13:55:00,21,17,13,2,0,3,5,5,7,12,18,6,1,8.85380718503548,9.289295472457274,7.2183613350775,0.5909090909090909,0.14285714285714285,0.7727272727272727,0.1334846590238583,0.19254369311726083,0
user_2322,2021-01-10 02:22:00,22,20,5,0,1,0,16,11,19,8,5,6,1,6.340972109057183,2.472668754343874,8.134675146851142,0.21739130434782608,0.0,0.8695652173913043,0.9491598176735629,0.8859074234934265,0
user_2323,2021-01-09 14:53:00,18,18,9,1,1,2,15,12,13,13,19,5,1,1.809283031090373,5.919734294068002,4.467093958807366,0.47368421052631576,0.1,0.9473684210526315,0.5914947434235573,0.4748911418494477,0
user_2324,2021-02-19 20:19:00,20,22,3,0,2,0,13,7,7,17,14,4,0,1.9381357508154295,1.2196893074766124,9.10835388200064,0.14285714285714285,0.0,1.0476190476190477,1.74055503190007,1.018930412918659,0
user_2325,2021-04-02 22:25:00,19,7,11,2,0,0,5,18,13,11,12,4,0,5.5535777197997565,9.219722697287626,3.816052250550482,0.55,0.16666666666666666,0.35,0.09218647400699598,1.9082475163187564,0
user_2326,2021-04-26 05:55:00,20,15,10,0,2,2,13,11,9,15,6,0,0,5.593039334021995,2.63054810269737,9.953590905049175,0.47619047619047616,0.0,0.7142857142857143,0.1342224201779325,0.3926622738059966,1
user_2327,2021-03-30 20:13:00,27,16,14,2,2,4,10,16,13,16,13,1,0,8.195098625434433,6.053195845460072,7.153519616063505,0.5,0.13333333333333333,0.5714285714285714,0.6381489716131761,1.39095221893915,0
user_2328,2021-03-29 05:41:00,16,12,14,0,2,4,13,17,5,13,10,0,0,5.008976232965162,0.883873573881766,3.1814975900062183,0.8235294117647058,0.0,0.7058823529411765,1.1920693778020641,0.22036255615636802,0
user_2329,2021-01-13 18:31:00,24,14,4,0,1,0,13,14,7,18,14,2,0,7.894169171943668,0.37073842639682164,9.52867582669307,0.16,0.0,0.56,0.6328963013681026,1.4430259565504344,0
user_2330,2021-04-23 15:48:00,23,14,7,0,2,0,18,16,9,19,7,4,0,9.259753981012699,9.093009028430236,3.116487638680016,0.2916666666666667,0.0,0.5833333333333334,0.18053730313935779,0.175456631775315,0
user_2331,2021-01-11 23:55:00,32,14,8,0,6,1,7,14,9,6,11,0,0,4.657162100836869,1.8224499650337,2.3985219241375955,0.24242424242424243,0.0,0.42424242424242425,1.1581564918603773,0.3096311917070649,0
user_2332,2021-03-03 00:35:00,18,20,7,0,1,1,5,9,19,8,9,2,0,4.732210381376593,0.8736159059303972,3.986914618243603,0.3684210526315789,0.0,1.0526315789473684,0.2412684325392076,1.3962299297233234,0
user_2333,2021-04-16 05:41:00,25,22,8,2,3,0,6,16,5,11,12,4,0,1.2749797700337728,3.7320500407163406,2.490762695809935,0.3076923076923077,0.2222222222222222,0.8461538461538461,0.22530800667808748,0.9292458313166723,0
user_2334,2021-03-10 18:28:00,17,18,12,1,0,0,13,6,14,6,10,2,0,2.7173400737609255,9.261952610927086,1.4207057288052334,0.6666666666666666,0.07692307692307693,1.0,1.4534014574986722,1.1076502160401185,0
user_2335,2021-04-24 09:07:00,18,20,7,1,1,2,5,17,16,11,6,5,1,6.292549750741032,9.852595207367822,1.3923028191315754,0.3684210526315789,0.125,1.0526315789473684,1.9481306695696439,1.1082871159425833,0
user_2336,2021-04-21 02:38:00,19,15,10,2,1,0,18,9,14,14,17,2,0,3.744903117037308,9.144517948027872,7.462827518412559,0.5,0.18181818181818182,0.75,0.20256131267903732,1.4010857441534272,0
user_2337,2021-01-06 17:29:00,13,15,14,0,3,4,8,12,12,5,12,2,0,1.142727698971212,7.7071021555196895,2.341093059496462,1.0,0.0,1.0714285714285714,0.6061882834405334,1.5635542839309333,0
user_2338,2021-02-27 10:41:00,22,16,9,1,4,1,12,8,5,13,8,5,1,5.987029888248293,0.5331055001670126,2.716052831560873,0.391304347826087,0.1,0.6956521739130435,1.6506565637685635,1.8159155276525731,0
user_2339,2021-01-25 04:53:00,20,9,8,1,1,0,10,6,12,11,13,0,0,5.655300220518678,1.0121828861838822,8.855873330722506,0.38095238095238093,0.1111111111111111,0.42857142857142855,0.5591567929362098,1.6174500847837088,0
user_2340,2021-03-08 01:49:00,21,11,9,2,1,1,19,16,12,9,18,0,0,8.549809708888574,7.6956255373479765,1.0129061954504621,0.4090909090909091,0.2,0.5,0.833150882906188,1.2618561205574768,0
user_2341,2021-01-01 20:58:00,17,15,5,0,4,1,12,15,19,18,12,4,0,4.398975518444718,6.351959848400007,9.835394826906809,0.2777777777777778,0.0,0.8333333333333334,0.7639151277457281,0.3116998981727275,1
user_2342,2021-02-14 12:29:00,21,13,13,0,3,1,11,10,15,8,6,6,1,5.09734711014079,2.5654030195772237,7.143565399801415,0.5909090909090909,0.0,0.5909090909090909,1.47849704050661,0.6024259870930644,1
user_2343,2021-03-23 19:59:00,20,14,12,0,1,3,6,19,16,8,5,1,0,2.862844069566451,6.028891770240772,7.6575133531114705,0.5714285714285714,0.0,0.6666666666666666,0.9204813575092137,0.1649753152741984,1
user_2344,2021-01-16 14:27:00,20,14,7,2,4,0,14,5,14,8,18,5,1,1.4273051840731599,9.385268927850714,8.952366942192178,0.3333333333333333,0.25,0.6666666666666666,0.6682284936310081,1.6348356504040629,0
user_2345,2021-03-01 14:11:00,26,18,10,1,1,0,9,7,19,7,11,0,0,1.1931711928414168,4.4772882024765215,1.083073240761318,0.37037037037037035,0.09090909090909091,0.6666666666666666,0.9376930763500162,1.754327445760975,0
user_2346,2021-03-10 06:19:00,22,8,12,0,1,1,18,13,5,11,7,2,0,1.754629003667042,5.03687460392943,4.103472961595974,0.5217391304347826,0.0,0.34782608695652173,0.892631121747903,0.002371840761852706,0
user_2347,2021-01-18 16:24:00,20,11,16,1,2,2,8,12,9,18,13,0,0,6.847718171301304,2.3394416609705893,7.279717896224287,0.7619047619047619,0.058823529411764705,0.5238095238095238,0.9204597872152298,1.1682689139449807,0
user_2348,2021-03-28 08:10:00,18,13,10,3,1,1,14,11,18,13,10,6,1,8.10841320404627,4.5240937714681015,9.615154508683506,0.5263157894736842,0.2727272727272727,0.6842105263157895,1.9866293197596376,1.0702053354681613,1
user_2349,2021-02-03 01:44:00,26,16,7,1,2,0,7,10,10,13,14,2,0,4.121095685376101,6.277020335527814,6.244588946438717,0.25925925925925924,0.125,0.5925925925925926,0.6492787363633505,0.9402863468153764,0
user_2350,2021-04-10 07:15:00,26,7,11,1,1,3,16,9,15,6,17,5,1,0.6781033620256927,2.363241771488801,6.600931656825234,0.4074074074074074,0.08333333333333333,0.25925925925925924,1.7698136088464838,1.1350805344655273,0
user_2351,2021-01-07 03:51:00,20,14,11,0,4,1,12,17,18,9,7,3,0,2.3926019741586337,5.037306938473874,9.021279894632697,0.5238095238095238,0.0,0.6666666666666666,1.836310840763957,0.532605355101156,0
user_2352,2021-02-06 20:52:00,13,30,6,1,0,2,14,11,14,5,18,5,1,9.6935471949281,4.116441706227914,7.454054674512794,0.42857142857142855,0.14285714285714285,2.142857142857143,1.9472065506698493,0.31995692769410233,0
user_2353,2021-02-10 19:17:00,15,15,12,0,2,1,8,11,12,12,6,2,0,4.797973311140061,1.4782963834602347,1.3267491593901135,0.75,0.0,0.9375,0.004604626493256658,1.5516186479975378,1
user_2354,2021-02-01 04:13:00,16,12,16,1,0,0,19,14,14,7,17,0,0,9.96365609236041,8.934681421947463,1.5393404302230134,0.9411764705882353,0.058823529411764705,0.7058823529411765,1.401237421880659,1.0769893838446196,0
user_2355,2021-02-24 04:15:00,28,17,10,2,5,3,9,17,5,11,15,2,0,7.3761970313340175,4.88919127211246,4.24742765487366,0.3448275862068966,0.18181818181818182,0.5862068965517241,0.05690726945987157,0.25618089155669943,0
user_2356,2021-04-17 10:16:00,21,19,17,1,1,2,11,19,8,7,7,5,1,7.544367327571889,8.117336080077067,3.541422774388807,0.7727272727272727,0.05555555555555555,0.8636363636363636,1.7975374206119898,0.9751015623674948,0
user_2357,2021-04-01 13:53:00,22,13,10,0,2,2,7,16,7,9,10,3,0,9.077078451688829,3.217510590041904,1.3516391830306125,0.43478260869565216,0.0,0.5652173913043478,1.625547469672199,1.383802421420354,0
user_2358,2021-03-09 13:21:00,22,14,15,2,1,1,5,17,11,13,8,1,0,9.803871197759557,9.554967309351653,6.536894710966068,0.6521739130434783,0.125,0.6086956521739131,0.606256764506371,0.6033040729097783,0
user_2359,2021-03-26 13:24:00,12,24,18,1,2,2,6,7,16,10,7,4,0,0.7247383133952068,5.259566357391238,5.930375996626363,1.3846153846153846,0.05263157894736842,1.8461538461538463,1.7531494328636577,1.9940326516042401,0
user_2360,2021-04-09 07:15:00,19,16,13,1,3,1,14,12,15,13,15,4,0,3.4604946078808627,5.553767744366649,9.658146291879733,0.65,0.07142857142857142,0.8,1.0315510016400946,1.055175721791048,1
user_2361,2021-04-22 19:47:00,25,16,18,1,0,1,5,18,5,19,7,3,0,5.341675579086779,2.6552775067793233,9.713378032447077,0.6923076923076923,0.05263157894736842,0.6153846153846154,1.5344958572265819,0.2670263242174231,0
user_2362,2021-03-26 13:08:00,23,15,8,2,1,0,17,14,12,16,17,4,0,6.771187684222894,6.013984726885171,1.1504808903834447,0.3333333333333333,0.2222222222222222,0.625,0.24290860667765313,0.011169380304713261,0
user_2363,2021-01-05 02:11:00,17,15,9,2,3,1,9,16,6,12,15,1,0,2.295876948297005,5.541845409734387,6.620681921015415,0.5,0.2,0.8333333333333334,0.8513118994915276,0.4859259950088659,0
user_2364,2021-03-06 03:28:00,10,9,12,1,2,2,13,9,15,10,17,5,1,0.5236542323057602,5.459000309936682,6.286045789370777,1.0909090909090908,0.07692307692307693,0.8181818181818182,0.480035744868307,1.374405281849734,0
user_2365,2021-04-15 03:36:00,19,18,11,2,2,0,5,14,9,15,7,3,0,3.4069884178198153,5.0749459638578776,4.758749447274105,0.55,0.16666666666666666,0.9,1.3286004949630918,0.5626055555200258,0
user_2366,2021-01-30 15:43:00,20,19,10,3,3,2,9,15,13,14,18,5,1,5.932417084744977,7.810039189777801,7.186455170297733,0.47619047619047616,0.2727272727272727,0.9047619047619048,0.37482462977432385,0.3784682647755677,0
user_2367,2021-01-18 20:26:00,15,16,15,3,2,1,16,13,14,9,12,0,0,5.007922879902477,1.0276644735536777,7.495298776162238,0.9375,0.1875,1.0,1.133495113800671,0.3127959597687857,0
user_2368,2021-02-20 15:54:00,21,15,11,0,1,3,16,5,10,19,9,5,1,2.7619217168581676,5.729664047144929,7.200233008137422,0.5,0.0,0.6818181818181818,1.3952459757920477,1.469221403978592,0
user_2369,2021-01-31 13:19:00,22,13,9,1,4,1,18,12,8,16,15,6,1,1.0682423735646307,0.4405160215165538,1.1301284212343918,0.391304347826087,0.1,0.5652173913043478,1.9325783750621113,0.2350040727169882,0
user_2370,2021-02-19 05:53:00,19,15,11,1,1,1,15,16,17,10,14,4,0,2.615363488100537,1.303177485530943,9.818221703009915,0.55,0.08333333333333333,0.75,0.8354542950548622,1.0293115192973479,0
user_2371,2021-02-04 18:17:00,27,14,11,1,2,0,9,13,16,17,13,3,0,3.3296209828211887,5.828641467224468,8.188891915315118,0.39285714285714285,0.08333333333333333,0.5,0.8644278871295081,0.9848262114416462,0
user_2372,2021-03-04 15:20:00,21,16,11,2,2,0,9,5,9,19,18,3,0,9.106914468325076,1.250595904478422,5.759715621905675,0.5,0.16666666666666666,0.7272727272727273,0.15203984967530193,0.32952450284628143,0
user_2373,2021-01-18 11:50:00,23,11,9,0,3,2,14,18,16,6,7,0,0,6.0118756144256045,4.6597331465972305,4.621724137957242,0.375,0.0,0.4583333333333333,0.6630019757104026,1.2259043483086816,0
user_2374,2021-01-10 04:18:00,17,15,5,0,0,1,10,19,6,8,15,6,1,4.4412866740663395,6.228748035851187,4.876732276219962,0.2777777777777778,0.0,0.8333333333333334,0.623560938054248,0.5572988245010007,0
user_2375,2021-01-19 02:58:00,18,16,10,2,0,1,18,19,19,17,10,1,0,1.936655287684348,5.258564869296048,4.718883697003502,0.5263157894736842,0.18181818181818182,0.8421052631578947,0.48473446463338665,1.4924528252743803,0
user_2376,2021-01-18 02:52:00,19,17,8,0,2,0,19,7,9,17,5,0,0,0.2513462427799906,3.4823236459267335,2.610310594790689,0.4,0.0,0.85,0.8277214041694658,0.5731639275130984,0
user_2377,2021-04-20 17:55:00,12,17,11,0,1,1,13,8,15,12,8,1,0,0.4820871699582907,8.565267710076052,8.666286436269168,0.8461538461538461,0.0,1.3076923076923077,0.7447749483636934,1.327326026515792,0
user_2378,2021-03-16 04:34:00,26,11,11,0,2,1,15,9,10,11,5,1,0,6.323388710449578,5.2546959010860235,7.4670999177735675,0.4074074074074074,0.0,0.4074074074074074,0.5942323332386592,1.7805955492618883,0
user_2379,2021-04-26 20:26:00,27,12,11,2,2,1,5,13,11,12,17,0,0,8.20831213361467,9.12140359194625,5.654601974426404,0.39285714285714285,0.16666666666666666,0.42857142857142855,1.2406888088665446,0.2962868924015858,0
user_2380,2021-01-16 08:16:00,25,13,12,0,5,2,16,12,15,9,7,5,1,7.432202132062194,5.100012470503473,3.636881560966945,0.46153846153846156,0.0,0.5,0.6272043818522761,0.38599455304304753,0
user_2381,2021-02-22 08:59:00,19,12,16,1,5,2,18,12,8,11,9,0,0,7.804729184815518,5.173052403269487,7.468335825949092,0.8,0.058823529411764705,0.6,1.675122249705032,0.8465303624149205,0
user_2382,2021-04-29 00:21:00,19,12,9,0,2,3,6,8,9,6,9,3,0,4.705359998289036,0.25464252754817895,1.883991127976452,0.45,0.0,0.6,1.829856718591402,1.7038144544153542,0
user_2383,2021-02-05 15:03:00,23,24,7,0,1,0,16,5,11,6,13,4,0,1.7952458610745148,2.1387542718792893,8.917159406165391,0.2916666666666667,0.0,1.0,1.2132722918269239,1.8818205161005204,0
user_2384,2021-04-13 16:08:00,27,15,9,2,3,0,15,14,15,17,16,1,0,0.9397189695184782,6.042435486407154,1.1162035811028073,0.32142857142857145,0.2,0.5357142857142857,0.7837294055174528,1.6530886199591945,0
user_2385,2021-01-24 21:59:00,18,19,12,0,2,1,8,16,7,16,8,6,1,0.5381485293603194,8.82174741958048,9.038098969650761,0.631578947368421,0.0,1.0,0.6412849204319735,0.37619040342904353,0
user_2386,2021-03-08 23:38:00,15,19,11,3,2,1,13,14,8,10,19,0,0,4.171010014613402,5.7598792516101565,2.279807567289571,0.6875,0.25,1.1875,0.9700089448443596,0.32674509186918055,0
user_2387,2021-01-21 18:11:00,25,9,20,1,2,2,13,9,15,5,7,3,0,8.16039717382962,7.7870767458596895,3.317415154378439,0.7692307692307693,0.047619047619047616,0.34615384615384615,1.1075260425401987,1.097704198165885,0
user_2388,2021-03-10 13:47:00,21,11,6,1,1,2,7,6,14,9,13,2,0,8.613580319898173,8.152194304995167,2.9642547911033605,0.2727272727272727,0.14285714285714285,0.5,1.9223162315992541,0.6601202575577243,0
user_2389,2021-01-05 14:18:00,19,9,9,1,1,0,14,14,8,15,13,1,0,3.9775612788747483,9.859762433916622,7.7036791704102665,0.45,0.1,0.45,0.5335281269389038,0.436562599319253,0
user_2390,2021-04-11 18:42:00,21,24,9,3,0,1,10,14,18,17,19,6,1,1.3756843373816774,3.587998674461165,9.327913476817859,0.4090909090909091,0.3,1.0909090909090908,0.56811647298793,1.2524284709237068,0
user_2391,2021-03-05 17:32:00,28,16,7,1,3,0,17,9,8,9,8,4,0,3.3007367038362068,8.452971673744415,5.903707288757773,0.2413793103448276,0.125,0.5517241379310345,1.8736475833109323,1.0907713558472194,0
user_2392,2021-04-01 18:51:00,24,15,10,3,3,1,15,11,8,18,18,3,0,2.04303558858418,9.622066295418211,4.729094867591238,0.4,0.2727272727272727,0.6,0.016934520222310345,0.14979450540053874,0
user_2393,2021-01-22 10:19:00,20,18,4,0,3,1,8,6,19,7,6,4,0,0.23832767682993805,1.590989929796638,6.163545411442626,0.19047619047619047,0.0,0.8571428571428571,1.4673027782519923,1.3943875646753534,0
user_2394,2021-01-16 02:06:00,18,17,6,1,1,1,8,10,6,15,14,5,1,6.581225833943249,0.47155763131671247,8.309286466441979,0.3157894736842105,0.14285714285714285,0.8947368421052632,0.29917606766360216,0.014858753264866298,0
user_2395,2021-04-12 04:43:00,17,13,8,1,0,2,19,18,16,18,13,0,0,8.824129968808991,3.0511224252821845,7.06266273242125,0.4444444444444444,0.1111111111111111,0.7222222222222222,0.7416569577915944,0.2965273871021912,0
user_2396,2021-04-28 18:55:00,22,18,11,0,2,1,7,9,18,8,8,2,0,8.287476053993318,6.090364592001211,5.0864026264581765,0.4782608695652174,0.0,0.782608695652174,1.8546831065727039,0.23248433914830513,1
user_2397,2021-03-29 20:17:00,17,11,9,3,1,2,6,14,10,15,6,0,0,3.4755140845517793,0.1772697098972298,3.3008834771316273,0.5,0.3,0.6111111111111112,1.472511860945854,0.32766171946594125,0
user_2398,2021-03-05 17:37:00,20,15,10,1,2,0,9,8,13,5,17,4,0,3.6714180274839583,5.61162127787734,8.97946757920013,0.47619047619047616,0.09090909090909091,0.7142857142857143,0.4686343551908245,1.1203871633811286,0
user_2399,2021-03-16 18:14:00,17,21,11,1,3,3,6,14,8,5,12,1,0,5.62450408359581,4.646977998266758,2.146084604523022,0.6111111111111112,0.08333333333333333,1.1666666666666667,1.5532838165012484,1.936652658336152,0
user_2400,2021-01-16 11:36:00,11,7,12,0,2,4,7,11,6,7,6,5,1,5.439371569491152,5.882990394159578,5.980194764751783,1.0,0.0,0.5833333333333334,1.9347848357471937,1.856157105852471,0
user_2401,2021-01-25 05:41:00,25,13,11,2,2,3,10,6,9,10,9,0,0,3.0783408156706047,2.6103819165080555,5.408037922729584,0.4230769230769231,0.16666666666666666,0.5,0.32126404697754274,1.7355319646038512,0
user_2402,2021-03-06 03:19:00,22,9,10,0,2,0,9,18,9,17,14,5,1,5.596238343136896,6.350063353499652,7.454353293657372,0.43478260869565216,0.0,0.391304347826087,1.5905894437410566,0.47536812220421676,0
user_2403,2021-02-03 04:09:00,16,15,5,3,0,2,10,19,14,10,18,2,0,1.9440326543450692,3.4895563576996946,9.615653245398057,0.29411764705882354,0.5,0.8823529411764706,1.5655213935408054,0.1918985936762012,0
user_2404,2021-04-25 03:32:00,21,13,6,0,2,1,11,5,19,10,8,6,1,9.344814947426011,7.147148098075416,1.645182682745383,0.2727272727272727,0.0,0.5909090909090909,0.8542510419544231,1.040629306307408,0
user_2405,2021-03-23 04:58:00,24,11,10,1,4,1,9,9,9,9,8,1,0,8.719718559095904,7.966059367983197,5.843421192996443,0.4,0.09090909090909091,0.44,0.6716018352853155,1.2696875895838555,0
user_2406,2021-01-23 11:19:00,12,15,10,0,2,4,15,8,12,12,10,5,1,6.954232076153985,4.47010457922111,3.90755210820871,0.7692307692307693,0.0,1.1538461538461537,1.3276128741056497,0.35305420048765934,1
user_2407,2021-02-01 13:05:00,18,15,7,1,1,0,11,16,8,7,6,0,0,8.560562065352157,4.552222077936222,2.8092071469853446,0.3684210526315789,0.125,0.7894736842105263,0.30098168325415275,0.5066241451121163,1
user_2408,2021-03-15 22:40:00,17,19,10,1,2,0,6,6,8,7,16,0,0,0.8448084957550317,4.143070955046517,4.524234672056458,0.5555555555555556,0.09090909090909091,1.0555555555555556,1.6318751183524671,0.7022460084747075,0
user_2409,2021-04-23 12:25:00,29,4,6,2,4,0,12,7,14,17,5,4,0,1.1506066977541707,2.4107750479370695,3.9561647564737927,0.2,0.2857142857142857,0.13333333333333333,1.4076873597482487,1.9076400482731268,0
user_2410,2021-02-01 07:42:00,12,6,15,2,2,1,13,5,13,10,13,0,0,9.86475129453219,7.0178596177973365,3.033876913749215,1.1538461538461537,0.125,0.46153846153846156,0.7387190016495304,1.3304714124660753,0
user_2411,2021-01-03 19:05:00,19,21,7,0,3,0,6,9,19,6,10,6,1,4.427346603371531,4.910569352369569,9.25039502839255,0.35,0.0,1.05,1.5089198523427596,1.2196071857013409,0
user_2412,2021-04-22 00:08:00,18,17,13,3,1,0,5,5,5,16,6,3,0,4.403876348954038,2.548776993589801,2.2649715344836747,0.6842105263157895,0.21428571428571427,0.8947368421052632,1.3306137064593992,0.7258186048426813,0
user_2413,2021-02-28 02:36:00,15,11,10,1,2,1,15,6,7,5,11,6,1,6.260707368432924,7.754014289908896,8.182868135949352,0.625,0.09090909090909091,0.6875,1.183396015918979,0.4704260565113989,0
user_2414,2021-03-28 15:53:00,14,17,7,0,3,0,12,19,15,15,11,6,1,1.3327730578682795,3.4163361133925294,5.092328479032401,0.4666666666666667,0.0,1.1333333333333333,0.9490766057671662,0.14056470062758364,0
user_2415,2021-02-19 07:48:00,22,18,10,0,2,1,17,15,16,18,7,4,0,6.547820508236119,3.1906675482825584,4.2917237551346,0.43478260869565216,0.0,0.782608695652174,0.40613513457214445,1.2366332710831676,0
user_2416,2021-01-06 18:12:00,26,13,10,1,2,0,14,10,11,7,6,2,0,1.8764162580371924,3.934382688925895,4.3718896990295395,0.37037037037037035,0.09090909090909091,0.48148148148148145,0.8175210007876941,0.994514537727321,0
user_2417,2021-04-21 12:18:00,24,13,14,1,3,1,7,6,11,6,8,2,0,9.233690657065273,8.395457743658277,6.995957850121094,0.56,0.06666666666666667,0.52,0.060476780328562185,1.2378231535573825,0
user_2418,2021-02-10 00:51:00,22,15,6,1,4,0,10,13,15,5,15,2,0,8.910911913171942,7.45998397784572,6.5648736465230035,0.2608695652173913,0.14285714285714285,0.6521739130434783,0.11785660640294315,1.1576691783155526,0
user_2419,2021-03-14 15:33:00,14,15,9,2,3,2,13,11,8,10,11,6,1,6.775846284290981,1.4231992261769222,5.8351499384543635,0.6,0.2,1.0,0.049898806398726014,1.7789249171416945,1
user_2420,2021-04-28 15:52:00,28,17,8,3,3,1,9,12,7,16,8,2,0,6.467005301023851,7.632912237027275,1.352540530371483,0.27586206896551724,0.3333333333333333,0.5862068965517241,0.5052298099473138,1.558286348306754,0
user_2421,2021-01-27 15:19:00,20,14,7,0,1,2,6,13,15,8,11,2,0,1.2977468387489666,6.604513703707119,1.5327224163964068,0.3333333333333333,0.0,0.6666666666666666,1.171418358971606,1.1560563408131643,0
user_2422,2021-02-04 19:02:00,22,13,7,2,2,1,13,15,8,19,17,3,0,2.7531133674404296,2.0267464391421584,3.3036717886258176,0.30434782608695654,0.25,0.5652173913043478,1.6434464186425175,0.7553244658777933,0
user_2423,2021-03-26 15:22:00,22,16,8,1,2,3,8,19,9,5,16,4,0,0.45667451670003634,2.4133002533669003,1.5165284510799415,0.34782608695652173,0.1111111111111111,0.6956521739130435,0.6842803291864856,0.9336912489082907,0
user_2424,2021-02-02 17:59:00,16,12,7,1,0,1,8,11,14,7,6,1,0,8.038795107199459,3.7910347617668316,8.417317852510097,0.4117647058823529,0.125,0.7058823529411765,0.7774805883963127,0.16606690673677105,0
user_2425,2021-04-17 22:19:00,32,13,8,0,3,1,14,19,7,7,9,5,1,2.3866939360727413,3.001036887528855,4.574985433753311,0.24242424242424243,0.0,0.3939393939393939,1.4182759162014806,0.5454855215009802,0
user_2426,2021-01-19 23:41:00,17,16,11,1,1,1,6,19,6,18,18,1,0,3.800667035680899,5.1302789994442115,1.1884357373075116,0.6111111111111112,0.08333333333333333,0.8888888888888888,1.2871485822390232,0.9187844522478013,0
user_2427,2021-04-13 10:30:00,15,10,11,1,1,1,12,15,10,5,9,1,0,8.517488108084265,3.483536170359869,6.310478536093122,0.6875,0.08333333333333333,0.625,1.4613967615999741,0.7939473479185115,0
user_2428,2021-02-19 15:55:00,15,21,8,1,0,1,6,5,7,6,7,4,0,5.987600047904614,5.5674374723809015,4.306666943661449,0.5,0.1111111111111111,1.3125,1.3084091757298784,0.45577799041016087,0
user_2429,2021-04-28 07:32:00,13,13,10,1,1,0,15,10,15,19,6,2,0,6.464206180035478,1.7083284608918403,2.8682100128308083,0.7142857142857143,0.09090909090909091,0.9285714285714286,0.04252893557718984,1.3261104273249917,0
user_2430,2021-03-13 22:17:00,18,23,11,1,2,1,16,18,12,14,12,5,1,5.864378617516758,8.096571492845941,3.5635740281171118,0.5789473684210527,0.08333333333333333,1.2105263157894737,1.609807970378065,1.6721249297926168,1
user_2431,2021-01-23 23:02:00,23,13,11,1,4,1,15,5,7,11,9,5,1,3.3448892614714687,4.514955657268071,7.898784372142386,0.4583333333333333,0.08333333333333333,0.5416666666666666,0.8053241101528685,1.7857195840559936,0
user_2432,2021-04-09 10:23:00,21,13,7,3,3,1,5,12,19,8,16,4,0,4.514836599156455,7.928956851028895,8.334348882899624,0.3181818181818182,0.375,0.5909090909090909,0.08728138268235286,0.314673325389043,0
user_2433,2021-03-30 16:04:00,24,13,7,0,2,1,19,15,16,16,15,1,0,5.545726150324258,8.051467656197735,4.983188963616974,0.28,0.0,0.52,0.6597668522311786,0.589802973071375,0
user_2434,2021-01-18 07:24:00,20,15,9,2,1,2,5,15,14,9,16,0,0,4.93451655398339,3.3583620445341325,8.835667877645816,0.42857142857142855,0.2,0.7142857142857143,0.5008610852662858,0.5515744523855468,0
user_2435,2021-01-04 10:24:00,23,8,11,1,1,0,15,19,15,12,8,0,0,2.991698003229968,9.784504908687229,8.68082512712196,0.4583333333333333,0.08333333333333333,0.3333333333333333,0.029723933433455585,0.8335380087733446,0
user_2436,2021-04-12 06:20:00,22,17,7,0,3,1,19,6,8,11,15,0,0,5.348604369022956,1.49881680261294,9.54700496713676,0.30434782608695654,0.0,0.7391304347826086,1.9165612455515082,0.09774872177874783,0
user_2437,2021-04-23 20:28:00,29,20,10,0,4,2,11,16,19,6,15,4,0,6.463018446799737,7.068214189014434,3.8290714157962777,0.3333333333333333,0.0,0.6666666666666666,0.5685702387163651,0.7984211591678336,0
user_2438,2021-02-11 09:45:00,19,20,10,0,1,1,16,6,14,19,15,3,0,6.1598747992564595,1.3426269453925799,6.004736550743485,0.5,0.0,1.0,1.506143154910584,0.18556299628699136,0
user_2439,2021-02-11 16:11:00,17,19,9,0,1,1,17,19,14,14,19,3,0,1.1021263090420363,2.777302373448766,9.131154746263515,0.5,0.0,1.0555555555555556,0.6827603761833412,0.0749028671278611,0
user_2440,2021-04-17 22:09:00,17,10,9,3,1,0,10,6,5,9,17,5,1,4.558376696750449,9.463857111579017,7.959303358381999,0.5,0.3,0.5555555555555556,0.011886045103547183,0.451092035327757,0
user_2441,2021-03-23 00:06:00,22,14,10,2,0,0,19,5,17,19,5,1,0,3.654507762471683,3.0933954135473396,8.745990516412814,0.43478260869565216,0.18181818181818182,0.6086956521739131,0.6372811001539407,1.0349682049151019,0
user_2442,2021-01-26 23:04:00,27,18,11,0,3,2,12,11,10,16,12,1,0,1.8622615603566317,3.170704837000632,3.5350108071001833,0.39285714285714285,0.0,0.6428571428571429,0.5513304409998216,0.4630346325420236,0
user_2443,2021-03-08 07:26:00,21,18,10,0,2,1,17,5,18,13,8,0,0,0.21794478792944827,0.08071789276993258,1.9806627575359632,0.45454545454545453,0.0,0.8181818181818182,1.4535164049377147,1.8936422171538536,0
user_2444,2021-03-30 15:20:00,18,17,7,2,1,0,13,19,9,14,6,1,0,8.687341348442473,9.92108786515993,4.517086881728419,0.3684210526315789,0.25,0.8947368421052632,0.8263055728498123,0.16050858920204036,0
user_2445,2021-03-12 09:39:00,19,14,14,3,2,2,15,7,13,5,7,4,0,6.999468691505879,5.809975873115723,2.9400399851926884,0.7,0.2,0.7,0.0947879037899213,1.6579041951980245,0
user_2446,2021-01-01 16:46:00,18,13,8,0,2,1,17,9,7,16,12,4,0,3.4492597169365014,5.839096100879534,8.585462416460677,0.42105263157894735,0.0,0.6842105263157895,0.2249850715310593,1.3161547543401704,0
user_2447,2021-04-14 18:24:00,28,22,3,1,2,0,6,7,10,19,7,2,0,0.22441137132532374,1.0976765076048012,6.739189195171247,0.10344827586206896,0.25,0.7586206896551724,0.2365990891498173,0.252500425113263,1
user_2448,2021-02-14 00:35:00,18,9,12,1,1,1,16,19,15,13,11,6,1,6.345936423308008,1.4663653639319274,2.058928235601,0.631578947368421,0.07692307692307693,0.47368421052631576,1.113848645058495,1.4726238337616102,0
user_2449,2021-04-07 07:33:00,16,15,5,0,1,1,9,19,9,12,12,2,0,6.5211118082754975,4.9501561730787245,4.6550037179599855,0.29411764705882354,0.0,0.8823529411764706,0.02192965362677768,0.7794702885733427,0
user_2450,2021-03-19 11:08:00,17,13,12,2,1,1,9,6,17,17,19,4,0,9.085107243151295,2.3100534195965663,9.454750729764468,0.6666666666666666,0.15384615384615385,0.7222222222222222,0.6989649688132866,1.8910982242447971,0
user_2451,2021-04-26 11:12:00,20,16,15,0,2,1,11,11,12,18,15,0,0,0.41482412949711556,7.662108789755897,7.625145878798262,0.7142857142857143,0.0,0.7619047619047619,0.35805331806134233,0.610773092793099,0
user_2452,2021-03-23 20:19:00,14,6,9,1,1,0,16,11,9,19,11,1,0,9.270414308325524,4.838744266253453,9.264881432886497,0.6,0.1,0.4,1.7177987845068403,0.8829043082860117,0
user_2453,2021-03-31 03:14:00,24,16,17,2,2,0,10,9,6,15,5,2,0,4.234473054693058,8.654980933088227,9.443696962084543,0.68,0.1111111111111111,0.64,1.2707893149669038,0.438104507573426,1
user_2454,2021-03-28 04:23:00,22,14,11,3,2,0,12,10,8,18,10,6,1,7.866816856064027,9.43372305757874,5.9771952913973685,0.4782608695652174,0.25,0.6086956521739131,0.7839981075847804,1.204187076670617,0
user_2455,2021-04-17 23:30:00,19,10,6,0,1,3,18,13,10,17,18,5,1,3.1597163997318156,6.577733367128822,9.957042038800322,0.3,0.0,0.5,1.1894575103802913,1.2980346623897123,0
user_2456,2021-04-22 04:22:00,17,17,6,1,1,1,19,6,5,8,14,3,0,8.970460814883939,3.258311419754618,2.6386396743973677,0.3333333333333333,0.14285714285714285,0.9444444444444444,0.16802129186331105,0.7375336756445712,0
user_2457,2021-03-24 02:31:00,15,8,9,1,0,1,14,8,6,9,11,2,0,0.11915868526642726,6.7374267434300865,8.324355010217491,0.5625,0.1,0.5,1.5021895061817816,1.16725654028525,0
user_2458,2021-03-01 06:29:00,8,17,12,1,0,4,13,6,5,10,18,0,0,6.268391822549624,5.939236386504029,3.194916656050158,1.3333333333333333,0.07692307692307693,1.8888888888888888,1.49835706257448,0.41087593536752687,0
user_2459,2021-02-02 03:14:00,27,12,11,0,4,2,7,9,9,5,6,1,0,9.628804689244358,5.747641773722218,6.240750584584497,0.39285714285714285,0.0,0.42857142857142855,0.08101543470233663,0.639093593243603,0
user_2460,2021-01-20 16:31:00,12,13,8,1,2,0,12,9,15,8,14,2,0,2.202874235220249,9.598182606744633,8.501217191942658,0.6153846153846154,0.1111111111111111,1.0,1.1243959516564457,0.02198288139039395,0
user_2461,2021-02-19 10:20:00,12,10,11,0,1,3,9,5,14,15,10,4,0,4.468271012132972,2.4383602045711115,3.1845696823365945,0.8461538461538461,0.0,0.7692307692307693,1.4220962257974323,1.9289650449574838,1
user_2462,2021-02-06 03:41:00,20,14,8,0,4,0,16,11,16,6,7,5,1,1.7098371063021822,0.33054821178177485,2.3802554485514285,0.38095238095238093,0.0,0.6666666666666666,1.041116019548693,1.171697832076968,0
user_2463,2021-04-25 16:45:00,17,12,14,1,0,1,14,6,14,13,10,6,1,4.0361043469724445,0.9552619202891566,4.789430234403678,0.7777777777777778,0.06666666666666667,0.6666666666666666,1.8274457200894572,1.5204429724877204,0
user_2464,2021-03-23 20:58:00,23,16,9,1,1,2,18,18,18,15,16,1,0,2.366777375524097,0.6622134237274324,1.0104459013678129,0.375,0.1,0.6666666666666666,1.6889663100789774,1.8672875234269952,0
user_2465,2021-03-16 16:48:00,21,16,9,1,2,1,18,9,8,7,17,1,0,1.737995283958358,8.114365916721086,4.259673885885676,0.4090909090909091,0.1,0.7272727272727273,0.7742077505072273,0.22000601629725725,0
user_2466,2021-04-15 10:37:00,23,9,16,0,2,3,13,12,14,14,13,3,0,5.171018185560837,7.529777461091256,7.566181937842999,0.6666666666666666,0.0,0.375,0.8756424859897078,0.4774649182593862,1
user_2467,2021-04-30 14:44:00,24,13,3,1,3,0,13,5,6,12,14,4,0,4.646481358193827,5.753195786804469,3.407169476532721,0.12,0.25,0.52,0.5187580001611696,0.6252526811981958,0
user_2468,2021-04-27 15:47:00,17,16,8,1,0,1,13,10,16,17,15,1,0,2.2907438015312342,6.4310516292650535,6.167922050841043,0.4444444444444444,0.1111111111111111,0.8888888888888888,0.3492735658403292,0.28647330432881346,0
user_2469,2021-04-30 12:03:00,22,14,11,1,3,3,15,8,7,7,13,4,0,2.9877893271690725,3.1484468828761756,6.07160516761741,0.4782608695652174,0.08333333333333333,0.6086956521739131,1.6435116265342966,1.5672123844854597,1
user_2470,2021-03-22 01:54:00,22,20,4,1,2,0,6,13,18,5,9,0,0,0.2599919208740864,2.7187162760638364,7.4635485471416745,0.17391304347826086,0.2,0.8695652173913043,1.2489935357926916,0.7508383893404194,0
user_2471,2021-02-02 14:06:00,22,19,7,0,2,0,6,5,17,9,6,1,0,6.564357417143048,7.970349796670268,2.435722702889973,0.30434782608695654,0.0,0.8260869565217391,0.38212803709892373,1.2170895460480735,0
user_2472,2021-03-20 03:56:00,24,18,8,2,1,0,7,19,8,10,7,5,1,3.930112612733787,9.222935294404508,7.096675161724008,0.32,0.2222222222222222,0.72,1.1371963641909095,0.4017340140138963,0
user_2473,2021-01-31 07:34:00,20,19,5,0,2,0,7,8,8,11,8,6,1,5.720698542797856,1.4851033414506043,1.388357234695234,0.23809523809523808,0.0,0.9047619047619048,0.6437325413303978,0.2528487146220795,0
user_2474,2021-03-30 01:41:00,19,11,13,0,2,5,13,12,5,15,17,1,0,1.56831116278354,5.572768230422342,8.792925331265524,0.65,0.0,0.55,0.026855718165215592,0.158578872695752,0
user_2475,2021-04-20 12:29:00,19,14,12,0,1,1,10,11,13,9,18,1,0,4.494666320708052,8.980647387784659,1.7926029427977692,0.6,0.0,0.7,0.2878996463506365,1.4849779376344223,1
user_2476,2021-01-22 13:42:00,19,11,4,0,1,0,11,12,16,19,5,4,0,6.880186827083845,4.838677266181534,7.39388073397117,0.2,0.0,0.55,1.9156171479477861,0.362038884076485,0
user_2477,2021-03-16 04:34:00,20,19,8,0,1,1,18,11,17,17,15,1,0,9.676510110100418,7.984071535281226,2.3497322203422213,0.38095238095238093,0.0,0.9047619047619048,1.4621162066419422,0.7008345803103015,0
user_2478,2021-04-30 01:17:00,19,25,11,0,2,1,10,11,14,9,6,4,0,0.46936267950197896,5.7916558566239695,6.864347382795841,0.55,0.0,1.25,1.0470784486613283,1.6687110434561034,0
user_2479,2021-04-14 05:11:00,24,15,9,0,3,0,16,7,7,11,14,2,0,9.309918561397815,7.177164641329266,5.517273726624371,0.36,0.0,0.6,0.683216963518726,0.3527418201845005,0
user_2480,2021-04-12 00:22:00,12,17,11,2,1,0,14,15,7,16,9,0,0,0.9284738385565661,8.046056696503184,9.824293761514848,0.8461538461538461,0.16666666666666666,1.3076923076923077,0.20712086497828275,0.5035761317379208,0
user_2481,2021-03-03 14:47:00,25,27,13,1,4,1,10,11,7,6,12,2,0,9.374753422509732,4.03192637285909,6.4863074336473066,0.5,0.07142857142857142,1.0384615384615385,1.3329190831906594,1.009142618351815,0
user_2482,2021-01-21 12:38:00,22,9,10,1,1,1,10,11,9,17,5,3,0,9.052843261670535,5.805305439325964,7.4207764522227935,0.43478260869565216,0.09090909090909091,0.391304347826087,1.4542423890457852,0.7472008274061037,0
user_2483,2021-02-06 23:48:00,21,14,9,1,1,0,18,17,11,10,9,5,1,9.074970196336121,6.167578496718513,6.239658608083193,0.4090909090909091,0.1,0.6363636363636364,1.2840813969074039,0.7136385734067681,0
user_2484,2021-02-06 08:18:00,17,8,10,1,1,0,10,7,17,14,18,5,1,4.37420588204128,1.7233240104408476,6.516295407638399,0.5555555555555556,0.09090909090909091,0.4444444444444444,1.8076646511170833,0.21292149084963907,0
user_2485,2021-01-03 19:56:00,15,16,8,1,0,0,6,13,13,7,8,6,1,1.8095961190741816,6.736601467203722,6.050768377854014,0.5,0.1111111111111111,1.0,0.6413567105419418,0.43574488452862115,0
user_2486,2021-02-21 21:20:00,22,10,13,2,3,0,17,17,10,11,13,6,1,8.759768421097801,4.457246534318308,5.587099307375011,0.5652173913043478,0.14285714285714285,0.43478260869565216,0.15395021676785925,1.6294283752899033,0
user_2487,2021-03-09 04:26:00,21,5,8,2,2,0,18,13,9,12,13,1,0,8.617131285209375,3.8217403689706355,2.6936781681655084,0.36363636363636365,0.2222222222222222,0.22727272727272727,0.389880068917587,1.2770519426443179,0
user_2488,2021-03-09 18:49:00,24,17,7,2,5,0,12,15,7,18,16,1,0,2.65049299470678,4.652472875209311,8.488659102988871,0.28,0.25,0.68,0.8980852169920985,0.7884205199307355,1
user_2489,2021-03-07 15:20:00,28,10,8,1,2,1,17,6,11,14,18,6,1,2.6640928077020276,3.073178082172979,3.700301424576672,0.27586206896551724,0.1111111111111111,0.3448275862068966,1.4500946239150156,1.9767285652487647,0
user_2490,2021-04-20 18:45:00,19,20,9,0,3,2,13,6,18,7,10,1,0,9.009450543124467,6.217662525905558,1.2970470076451557,0.45,0.0,1.0,0.07496026722004445,1.4068110496477262,0
user_2491,2021-02-28 12:56:00,14,13,19,0,2,1,15,12,7,13,6,6,1,6.685367712989246,5.810566184396087,2.083513194029189,1.2666666666666666,0.0,0.8666666666666667,1.5188284601632602,1.727203525643745,0
user_2492,2021-01-14 08:18:00,23,15,9,0,2,0,18,9,14,15,12,3,0,3.99302581411579,4.494757815380216,9.856228223660576,0.375,0.0,0.625,1.3007187734167514,0.737404710371458,0
user_2493,2021-04-04 04:42:00,34,15,7,1,2,1,18,8,9,8,15,6,1,6.205188081879777,7.210640962381964,7.744980996357592,0.2,0.125,0.42857142857142855,1.3541518945857058,0.739759074581327,0
user_2494,2021-04-27 16:07:00,18,18,8,0,2,2,15,18,10,19,12,1,0,0.9067705664348291,9.100224464382482,7.867796570363917,0.42105263157894735,0.0,0.9473684210526315,0.5012868315682875,0.5910741431883584,1
user_2495,2021-03-09 18:27:00,26,12,7,1,2,2,9,16,8,5,5,1,0,8.967220324270677,2.860995171872328,1.3590397398889564,0.25925925925925924,0.125,0.4444444444444444,1.4957936897733244,0.955289037961337,0
user_2496,2021-02-19 02:38:00,16,17,13,1,0,1,6,12,6,7,17,4,0,7.624829186947552,2.7484526832535803,9.174827448044397,0.7647058823529411,0.07142857142857142,1.0,1.5474491165333624,0.013500802323974881,0
user_2497,2021-03-09 20:39:00,17,16,8,0,0,1,8,16,15,17,12,1,0,1.908740676807108,1.6689768029388397,7.7518615478781125,0.4444444444444444,0.0,0.8888888888888888,1.7463861615688938,0.6998122143024965,0
user_2498,2021-03-29 18:51:00,27,12,9,1,3,3,7,17,19,14,5,0,0,3.620557290924973,7.219268416360495,1.3277337158350684,0.32142857142857145,0.1,0.42857142857142855,1.255360149114565,0.6809673259194802,0
user_2499,2021-01-20 05:51:00,21,24,11,2,0,2,17,18,18,5,19,2,0,1.8255786906289828,9.823159668160583,8.91015894601037,0.5,0.16666666666666666,1.0909090909090908,1.3060735501088867,0.43728599889458986,0
user_2500,2021-01-21 01:34:00,23,15,11,1,1,2,11,17,13,18,11,3,0,7.602567348743708,5.702594319793551,3.081292808916458,0.4583333333333333,0.08333333333333333,0.625,0.545694979749477,0.17678093229005176,0
user_2501,2021-03-30 07:14:00,15,15,7,0,4,1,8,8,15,17,5,1,0,3.6505989969748684,6.236081380149711,7.903521979618103,0.4375,0.0,0.9375,1.3378150636607031,1.7291614480831987,0
user_2502,2021-04-13 03:30:00,18,12,16,1,3,3,18,14,17,6,18,1,0,7.560781227509485,1.151914556319329,1.3515052787760509,0.8421052631578947,0.058823529411764705,0.631578947368421,1.0829881898913734,0.5277070143872034,0
user_2503,2021-04-06 15:14:00,23,14,6,1,3,0,10,19,10,5,18,1,0,9.470501714009913,9.999158717509237,8.6270905027303,0.25,0.14285714285714285,0.5833333333333334,0.2628832083991812,0.7481305975240538,0
user_2504,2021-01-29 04:04:00,30,13,12,1,2,1,6,11,7,14,13,4,0,1.3835228546735256,9.347596213158864,6.478835592474182,0.3870967741935484,0.07692307692307693,0.41935483870967744,1.1956042692949234,1.1657626033308734,0
user_2505,2021-02-18 18:58:00,14,13,15,0,2,2,13,17,6,17,12,3,0,2.1482592695451785,1.7212687406122196,6.748131280007917,1.0,0.0,0.8666666666666667,1.1710516010397007,1.985258917796904,0
user_2506,2021-04-12 03:39:00,21,20,6,1,2,1,7,9,9,19,7,0,0,6.784200528021811,4.000410729239344,8.673468401593826,0.2727272727272727,0.14285714285714285,0.9090909090909091,1.1587291157918789,0.20947378846252507,0
user_2507,2021-01-26 19:26:00,19,11,7,0,2,1,5,9,5,7,7,1,0,4.593979806536019,8.979321335956062,1.2392213904273786,0.35,0.0,0.55,0.19185724093667655,0.7357370186054177,0
user_2508,2021-01-14 11:38:00,15,18,8,1,2,2,17,19,13,18,7,3,0,8.32351287302706,9.738472603789768,7.514514071098927,0.5,0.1111111111111111,1.125,0.5884294215951067,0.5299668187048123,0
user_2509,2021-03-27 11:49:00,27,15,11,1,2,1,10,18,18,8,15,5,1,5.077523359776358,7.543418653537287,5.090228593809288,0.39285714285714285,0.08333333333333333,0.5357142857142857,1.3906020532953525,1.055489323915638,0
user_2510,2021-01-15 10:53:00,15,13,8,2,3,1,14,12,12,18,8,4,0,8.64838760829024,3.0308478109073524,2.9335300814308,0.5,0.2222222222222222,0.8125,0.5093745234096951,0.5133425156500946,0
user_2511,2021-04-18 06:52:00,13,17,11,0,0,1,12,5,12,9,18,6,1,1.941563822366792,2.374642730533493,4.847807901484888,0.7857142857142857,0.0,1.2142857142857142,1.6885481146523635,1.28018580768722,1
user_2512,2021-02-11 16:14:00,17,16,7,3,2,0,9,17,13,9,14,3,0,6.871758081483429,9.282297666387853,1.1194702057684984,0.3888888888888889,0.375,0.8888888888888888,1.6797467959802763,0.014452453530531928,1
user_2513,2021-01-25 08:29:00,29,16,13,0,1,6,8,9,8,16,7,0,0,3.447320089782683,9.52250231243084,5.928332463562841,0.43333333333333335,0.0,0.5333333333333333,1.1450906859341756,0.6539721926455464,0
user_2514,2021-01-26 23:42:00,26,11,14,0,5,1,10,9,18,5,9,1,0,0.888971289741477,2.3304439379288433,8.098723986109366,0.5185185185185185,0.0,0.4074074074074074,1.00439770639802,1.9796119037149786,0
user_2515,2021-01-24 09:01:00,32,20,10,0,1,1,6,12,16,12,6,6,1,5.362653811659104,9.284492424262032,3.847684247464076,0.30303030303030304,0.0,0.6060606060606061,0.6961066894998185,1.0136134697386596,0
user_2516,2021-04-18 17:56:00,16,12,12,1,0,2,11,14,13,19,5,6,1,3.335112351749058,9.066333543324573,6.878277916272261,0.7058823529411765,0.07692307692307693,0.7058823529411765,1.7615338691256142,0.32599312419269366,0
user_2517,2021-04-13 22:18:00,23,10,10,2,6,2,7,8,5,17,10,1,0,1.0354348700423566,5.166126805193106,8.728800208988192,0.4166666666666667,0.18181818181818182,0.4166666666666667,1.6508498548995676,0.3330798586910779,0
user_2518,2021-04-16 21:49:00,21,14,10,1,3,0,19,8,11,12,18,4,0,1.8411033306495117,1.753550651978698,3.2815761188913934,0.45454545454545453,0.09090909090909091,0.6363636363636364,1.1190792646563852,1.7313470440707877,0
user_2519,2021-01-06 05:01:00,22,15,8,1,1,3,9,16,5,13,15,2,0,2.5160268539940778,1.937744573309944,3.0949687032221176,0.34782608695652173,0.1111111111111111,0.6521739130434783,0.4576972944062152,1.3820997672535793,0
user_2520,2021-03-28 00:02:00,23,8,14,0,1,2,5,6,7,13,5,6,1,5.048180534733145,3.672636643212269,5.96686591197469,0.5833333333333334,0.0,0.3333333333333333,0.5542770803233719,0.1758280148328979,0
user_2521,2021-01-18 21:50:00,25,15,15,0,3,4,9,17,18,14,8,0,0,1.6676519771900067,0.7024314887912553,6.488902205483526,0.5769230769230769,0.0,0.5769230769230769,1.756519156046541,1.7787962686706538,1
user_2522,2021-01-22 03:50:00,27,18,11,0,4,2,6,17,9,17,19,4,0,0.0021370489983196794,8.468037499291167,9.182156680157437,0.39285714285714285,0.0,0.6428571428571429,0.39989957885595917,0.606934062129671,0
user_2523,2021-01-23 23:33:00,28,18,6,0,5,2,18,17,17,11,14,5,1,3.3126922938459433,8.556493609516645,4.866568488483095,0.20689655172413793,0.0,0.6206896551724138,0.05269078040849329,0.17727769280024686,0
user_2524,2021-04-12 04:34:00,20,14,6,2,4,1,15,11,6,19,8,0,0,0.3406251642357472,9.317777517410073,5.845059373210605,0.2857142857142857,0.2857142857142857,0.6666666666666666,1.9185356664671085,0.38661458642625335,0
user_2525,2021-02-07 10:39:00,27,11,7,0,1,2,17,15,7,16,16,6,1,1.9116633382389947,3.307215130503973,1.1764582500806564,0.25,0.0,0.39285714285714285,1.4862438762683545,0.6226272341968355,1
user_2526,2021-04-02 09:28:00,16,10,8,0,1,0,13,17,12,17,11,4,0,1.780290763010518,9.641047028838159,8.40302274509095,0.47058823529411764,0.0,0.5882352941176471,1.0461467645496285,1.6916889380562465,1
user_2527,2021-03-23 23:23:00,18,15,11,2,5,2,10,13,8,11,15,1,0,0.02137284066012546,5.498195410582319,8.374907046893497,0.5789473684210527,0.16666666666666666,0.7894736842105263,1.2213500911516915,0.2490514910082271,0
user_2528,2021-01-09 01:53:00,20,8,14,1,1,5,12,6,14,9,18,5,1,4.559335835190732,9.563827582702674,6.929151730988637,0.6666666666666666,0.06666666666666667,0.38095238095238093,0.31676646828115973,1.260478673093681,0
user_2529,2021-01-09 08:52:00,15,14,12,0,2,1,14,5,5,7,9,5,1,7.84977533914868,1.7975525238363277,9.544453936069585,0.75,0.0,0.875,1.0901537128879846,0.14110208163760207,0
user_2530,2021-02-07 08:45:00,19,20,7,2,1,0,18,17,13,16,17,6,1,0.6815336485309043,8.081028643995719,4.794379963433963,0.35,0.25,1.0,0.9807279672627347,0.5893588498984064,0
user_2531,2021-02-18 23:18:00,22,9,10,1,2,0,18,8,5,16,17,3,0,5.162476555389196,3.562084761783243,4.305557659906494,0.43478260869565216,0.09090909090909091,0.391304347826087,0.17405268115888006,1.7870671596519587,0
user_2532,2021-04-17 22:07:00,23,24,12,1,3,1,18,6,5,15,19,5,1,1.225383211167469,1.7144606267752949,6.118591443273599,0.5,0.07692307692307693,1.0,1.6944590795680319,0.3446817906863693,0
user_2533,2021-03-06 09:48:00,22,16,6,3,4,1,19,16,18,18,18,5,1,3.978372884923994,3.4723796819512676,9.668708892552749,0.2608695652173913,0.42857142857142855,0.6956521739130435,0.1654013058918391,0.3767012301885999,0
user_2534,2021-01-11 07:29:00,18,18,15,1,0,0,7,5,13,13,9,0,0,8.592043714034162,6.667052004436633,5.010231394203804,0.7894736842105263,0.0625,0.9473684210526315,0.4166674049948378,0.5459012569719366,0
user_2535,2021-01-26 00:57:00,14,22,9,2,2,0,5,18,7,9,10,1,0,2.1829229719971774,7.806433621194634,1.912220717866722,0.6,0.2,1.4666666666666666,0.36397781186015465,0.32657076556011777,0
user_2536,2021-03-15 04:22:00,21,23,7,0,2,1,19,8,6,7,6,0,0,6.609173637766565,0.48280055416968226,1.7896651269888357,0.3181818181818182,0.0,1.0454545454545454,0.748728847911851,1.4619237878125286,1
user_2537,2021-04-14 00:23:00,17,14,4,3,1,0,7,8,17,11,5,2,0,5.643434654847953,4.560801157132509,5.241794316817515,0.2222222222222222,0.6,0.7777777777777778,0.3914750747421838,1.1514662245876044,0
user_2538,2021-03-21 06:20:00,23,11,11,1,4,2,13,16,5,16,16,6,1,7.605535013056053,8.37948694886397,6.023334933578443,0.4583333333333333,0.08333333333333333,0.4583333333333333,1.0081084963279503,0.33383636416797424,0
user_2539,2021-02-02 02:47:00,26,15,10,1,1,2,11,17,16,8,10,1,0,8.632381170881658,2.0771475385417357,9.124849932220991,0.37037037037037035,0.09090909090909091,0.5555555555555556,1.7816538212278885,1.480137320227795,0
user_2540,2021-03-17 01:13:00,19,15,10,1,3,1,10,12,16,11,15,2,0,3.609412275460049,6.2529957346491605,4.883094957910533,0.5,0.09090909090909091,0.75,0.48855664783511776,1.2897254478339402,0
user_2541,2021-01-10 22:02:00,18,10,9,2,2,1,18,13,10,8,15,6,1,9.56487337607276,5.284081954311876,9.403988898364293,0.47368421052631576,0.2,0.5263157894736842,1.6946893690747618,0.5426719128178639,0
user_2542,2021-02-15 11:48:00,14,12,10,1,0,1,13,13,7,10,17,0,0,2.1788921104540626,5.536309856246837,5.575184916408755,0.6666666666666666,0.09090909090909091,0.8,1.7911506630359644,1.068993528132382,0
user_2543,2021-04-17 22:45:00,15,16,10,1,1,0,8,18,10,17,11,5,1,3.719071877525889,1.9193664756598583,1.910842071085332,0.625,0.09090909090909091,1.0,0.39687144649505646,1.0075176778988477,0
user_2544,2021-01-18 14:20:00,23,17,7,1,0,1,19,12,17,19,14,0,0,2.5791827419019056,7.88791287958515,9.107238805133111,0.2916666666666667,0.125,0.7083333333333334,0.5123059869582576,1.1940752013066744,0
user_2545,2021-03-24 04:13:00,17,18,11,0,3,0,13,13,19,12,10,2,0,2.076435405319801,7.526778188923195,5.014056037824725,0.6111111111111112,0.0,1.0,1.0784659546699904,1.4025402921651322,0
user_2546,2021-04-13 20:33:00,19,18,7,0,2,2,6,16,18,12,19,1,0,9.279603399893967,1.0418630959632935,7.391593722643582,0.35,0.0,0.9,0.8525669868750092,0.053499146621790894,0
user_2547,2021-04-17 05:13:00,17,25,15,0,3,0,5,14,8,11,19,5,1,1.3940864077954518,9.791909587618997,6.88320529051514,0.8333333333333334,0.0,1.3888888888888888,1.8066562318618695,1.3802325905715336,0
user_2548,2021-03-05 22:11:00,26,15,11,1,1,2,15,9,18,17,7,4,0,8.59009132301283,1.9503447722019196,6.6815967483145915,0.4074074074074074,0.08333333333333333,0.5555555555555556,0.8076791943349186,1.705773483181035,1
user_2549,2021-02-22 01:35:00,28,9,13,0,5,1,7,19,15,6,7,0,0,0.04464917315039729,3.80701485492015,8.424168839196959,0.4482758620689655,0.0,0.3103448275862069,1.2546267011306051,0.6392985169547922,0
user_2550,2021-03-10 23:23:00,27,20,14,1,4,3,13,7,12,11,11,2,0,5.533586526563981,4.831870404395514,4.391303849865537,0.5,0.06666666666666667,0.7142857142857143,1.7739206543104424,1.1489561315959531,0
user_2551,2021-01-28 02:39:00,18,21,8,1,4,1,10,10,7,11,9,3,0,8.386918013920484,2.722292645892633,9.64299650246165,0.42105263157894735,0.1111111111111111,1.105263157894737,1.997820403260218,0.315917843260314,0
user_2552,2021-04-28 04:31:00,18,17,9,0,2,0,10,8,11,10,16,2,0,5.76462008012134,5.550343910803246,8.541270400064683,0.47368421052631576,0.0,0.8947368421052632,0.619998982683059,0.29282721791167887,0
user_2553,2021-02-03 13:25:00,18,16,12,0,0,1,13,5,10,6,6,2,0,5.09167325143395,5.676537379373396,8.108344129364628,0.631578947368421,0.0,0.8421052631578947,1.535464146851681,0.21458846308952428,0
user_2554,2021-02-22 20:20:00,20,22,13,3,5,1,8,19,11,12,8,0,0,9.421442992518134,2.199698474227053,4.253384718983925,0.6190476190476191,0.21428571428571427,1.0476190476190477,0.7316277771442423,1.2838604410905385,0
user_2555,2021-01-02 12:29:00,27,10,9,1,1,0,17,10,5,14,14,5,1,8.900272935058897,8.038438986060084,6.082497461644739,0.32142857142857145,0.1,0.35714285714285715,0.007134222462178208,0.6219326132235958,0
user_2556,2021-01-11 20:43:00,16,17,9,1,3,1,5,12,8,5,5,0,0,7.655743817429437,1.780406719399359,5.583890959006986,0.5294117647058824,0.1,1.0,0.6223579956600302,0.43056160669444643,0
user_2557,2021-03-27 09:52:00,13,17,7,0,1,0,13,8,11,15,15,5,1,8.953366194859548,7.6426799300215436,1.3560411807575932,0.5,0.0,1.2142857142857142,0.5718237755264204,1.166564557676014,0
user_2558,2021-02-20 00:28:00,21,11,15,2,1,1,9,17,13,10,19,5,1,0.5813631405087205,9.548104414154336,8.308636624689886,0.6818181818181818,0.125,0.5,0.4642216071222993,1.1533694509023562,0
user_2559,2021-02-22 02:00:00,21,22,16,1,0,0,13,9,17,18,15,0,0,0.21205448967013485,4.4912640261919226,3.867405783250792,0.7272727272727273,0.058823529411764705,1.0,0.03468697113858488,0.1840833674982587,0
user_2560,2021-01-29 05:55:00,28,13,9,1,4,3,10,15,12,11,9,4,0,0.09415946743950632,8.600757907351651,3.5532221454167003,0.3103448275862069,0.1,0.4482758620689655,1.6447696950897208,1.9052286593470698,0
user_2561,2021-04-04 06:09:00,11,14,3,0,0,0,8,11,7,5,11,6,1,7.329496060474612,0.6467094448248367,1.0602997140503134,0.25,0.0,1.1666666666666667,0.23275728647487348,1.2150307696871172,0
user_2562,2021-04-07 21:37:00,18,22,13,0,1,1,18,17,16,5,9,2,0,0.11060321294253606,7.49230790648525,8.189443890239295,0.6842105263157895,0.0,1.1578947368421053,0.07257465793881912,1.9624810283626122,0
user_2563,2021-02-18 10:43:00,25,17,10,1,5,0,19,14,11,5,13,3,0,6.270139321101576,4.9470268714752565,6.934034978265848,0.38461538461538464,0.09090909090909091,0.6538461538461539,1.90057923893754,0.7512534112437914,0
user_2564,2021-02-02 01:51:00,22,11,10,3,4,1,7,16,6,6,6,1,0,9.020438406856288,4.617017834145002,3.9937104861045816,0.43478260869565216,0.2727272727272727,0.4782608695652174,0.5103384649043452,1.6633835768365288,0
user_2565,2021-01-11 19:00:00,16,14,7,0,2,0,17,17,15,6,8,0,0,2.0676240439955906,6.069529854291037,9.894016599060915,0.4117647058823529,0.0,0.8235294117647058,1.9104615025195644,0.6567479239943856,0
user_2566,2021-03-30 04:19:00,24,11,8,1,4,2,5,14,13,17,14,1,0,8.74269143053421,9.851920446600476,6.319159844899029,0.32,0.1111111111111111,0.44,0.7041543721027461,0.08261641495188243,0
user_2567,2021-03-31 21:07:00,26,10,7,0,3,2,17,7,7,5,5,2,0,9.805255409294874,4.747147467118942,3.2726424116022805,0.25925925925925924,0.0,0.37037037037037035,1.4856327839020242,1.773629668089017,1
user_2568,2021-01-14 14:16:00,19,18,5,0,3,0,14,19,17,16,11,3,0,6.65312344166077,9.783148694077966,1.5304731006077146,0.25,0.0,0.9,0.8415209668710977,1.3590174414124299,0
user_2569,2021-03-18 20:31:00,32,18,5,1,3,1,13,13,19,16,19,3,0,2.7267005843750445,0.6037280643321197,4.632839930850539,0.15151515151515152,0.16666666666666666,0.5454545454545454,1.8871643587475408,1.8437723959972356,1
user_2570,2021-01-17 20:28:00,17,12,8,1,4,3,11,7,13,12,5,6,1,6.939158167819307,5.998077448461539,7.761077379564726,0.4444444444444444,0.1111111111111111,0.6666666666666666,1.9412467221461154,0.8698735226302328,0
user_2571,2021-01-23 19:10:00,13,18,17,0,2,2,11,17,6,14,10,5,1,1.663868116347652,6.920101040571134,5.963000998835062,1.2142857142857142,0.0,1.2857142857142858,0.6143541059843864,0.3958566963795902,0
user_2572,2021-01-18 01:40:00,15,11,12,0,3,1,12,15,10,9,14,0,0,8.668488272879094,7.07794654903401,6.860437591877734,0.75,0.0,0.6875,1.4916227868179202,1.9905804351502083,0
user_2573,2021-04-11 16:22:00,27,11,11,1,2,2,18,5,19,14,16,6,1,6.84732104409189,9.667979023467039,9.70186727993433,0.39285714285714285,0.08333333333333333,0.39285714285714285,1.2023285558726613,0.4925292549905491,0
user_2574,2021-03-27 01:40:00,19,13,17,1,1,2,14,8,17,8,6,5,1,7.984771269837312,2.4934577716920705,2.914290288562146,0.85,0.05555555555555555,0.65,0.8205013027963215,0.8468215477720002,0
user_2575,2021-03-03 04:21:00,18,13,14,0,2,0,11,16,19,10,11,2,0,3.747147324997997,8.45773601209428,9.090905118087424,0.7368421052631579,0.0,0.6842105263157895,0.7103949592741445,1.7322114277789997,0
user_2576,2021-01-28 07:54:00,24,12,12,1,2,1,5,7,17,9,13,3,0,9.352279121113993,3.4918531187960475,8.821531424452466,0.48,0.07692307692307693,0.48,1.8343992761985586,0.24723339098216734,0
user_2577,2021-04-24 08:50:00,12,20,14,2,0,0,8,7,16,6,12,5,1,9.669676907607872,0.012185836872388167,2.5009992631679028,1.0769230769230769,0.13333333333333333,1.5384615384615385,1.8903628826129717,0.7216059649146846,0
user_2578,2021-04-11 15:35:00,21,12,7,2,2,1,5,15,9,9,17,6,1,4.893492186554772,8.342827802998386,9.982605071973692,0.3181818181818182,0.25,0.5454545454545454,1.7402050177668922,0.5160926952787428,0
user_2579,2021-01-02 13:01:00,21,13,10,1,3,1,7,10,16,12,16,5,1,3.0070699894587625,9.029767877270018,3.117722795112962,0.45454545454545453,0.09090909090909091,0.5909090909090909,0.37037596089776037,1.5419847497778871,0
user_2580,2021-01-12 18:27:00,24,13,6,3,5,0,9,10,15,13,5,1,0,0.1185424181596395,0.5981512258662536,8.091782722036006,0.24,0.42857142857142855,0.52,0.6954956545533264,1.5757632411012066,1
user_2581,2021-02-03 21:11:00,22,16,12,1,0,3,8,6,19,7,18,2,0,3.387156382800688,9.056432508421665,8.22588349929384,0.5217391304347826,0.07692307692307693,0.6956521739130435,0.1731702503174224,1.5286233643061147,0
user_2582,2021-02-21 03:17:00,17,18,11,0,4,1,19,9,5,12,15,6,1,6.555920309095569,4.608876332418052,6.914103620904808,0.6111111111111112,0.0,1.0,0.0047750887394919506,1.5788497439011135,0
user_2583,2021-04-14 11:57:00,27,19,10,2,3,1,19,16,6,7,18,2,0,5.264351373624121,2.3712289807913423,6.596857598080348,0.35714285714285715,0.18181818181818182,0.6785714285714286,1.822271208558767,0.3190914960412201,0
user_2584,2021-01-23 00:56:00,18,17,10,1,3,0,13,19,19,16,19,5,1,1.6943351526504025,7.363069661859228,6.291187615216886,0.5263157894736842,0.09090909090909091,0.8947368421052632,0.4518162375317696,0.20497933405084834,0
user_2585,2021-02-24 23:08:00,24,18,7,1,1,0,5,19,19,6,14,2,0,9.651516344664875,3.8843188820367813,3.4852549877705092,0.28,0.125,0.72,0.5774906567872702,1.1030043141036,0
user_2586,2021-01-26 09:59:00,15,14,8,1,2,0,14,8,19,6,10,1,0,0.5443837073997104,7.089113649517617,5.8471925052365705,0.5,0.1111111111111111,0.875,0.8594306890033214,1.2767513316120556,0
user_2587,2021-03-13 23:59:00,15,14,14,1,1,0,19,7,5,19,16,5,1,3.7378803131891836,5.840238105713681,8.073741559960538,0.875,0.06666666666666667,0.875,1.6856235144190546,1.7316784569754728,0
user_2588,2021-03-19 16:47:00,14,13,9,0,1,1,7,14,5,19,14,4,0,8.8019668612319,2.4742007510102324,5.859300944567053,0.6,0.0,0.8666666666666667,0.33152236711685856,0.2682024150875997,1
user_2589,2021-04-02 04:13:00,22,15,8,1,4,0,12,7,18,17,5,4,0,9.521436145804191,8.21593060806855,7.87851196813143,0.34782608695652173,0.1111111111111111,0.6521739130434783,0.40762549551920046,1.0713424097345314,1
user_2590,2021-03-17 18:34:00,23,10,11,1,2,0,9,13,5,5,5,2,0,4.989772901263954,5.999925758254127,7.1671383511635725,0.4583333333333333,0.08333333333333333,0.4166666666666667,0.22734866378595697,1.2698656079479744,0
user_2591,2021-02-24 23:12:00,21,19,9,1,2,0,17,14,11,9,17,2,0,0.91976856634429,6.432893537732571,7.672461404564768,0.4090909090909091,0.1,0.8636363636363636,0.6052518162142972,1.7683022307676641,0
user_2592,2021-01-30 18:00:00,19,19,11,1,3,0,13,5,13,9,6,5,1,9.46846103269889,3.2371431863565525,6.376570577423632,0.55,0.08333333333333333,0.95,0.04900806607032093,0.1479660663065956,0
user_2593,2021-03-03 14:24:00,18,15,15,1,1,2,19,7,8,15,12,2,0,8.626151683285721,1.776929791663694,9.596912826070193,0.7894736842105263,0.0625,0.7894736842105263,1.8834147792136753,1.7986532284880221,1
user_2594,2021-04-17 13:14:00,17,8,8,2,0,0,15,18,16,14,11,5,1,9.448143978301442,2.093047653588316,5.119029931045911,0.4444444444444444,0.2222222222222222,0.4444444444444444,0.3237266996815986,1.0930178977832878,0
user_2595,2021-02-10 03:28:00,18,14,6,0,3,3,7,6,6,15,12,2,0,7.11177886712703,5.006084089477242,4.175075918753363,0.3157894736842105,0.0,0.7368421052631579,1.9858655564476257,0.8387003964203219,0
user_2596,2021-02-05 17:28:00,25,24,5,2,2,0,6,13,18,16,5,4,0,5.719340211565219,7.301388725032095,2.5760165814705944,0.19230769230769232,0.3333333333333333,0.9230769230769231,0.5352493679165213,0.13549034938349047,0
user_2597,2021-02-25 09:48:00,21,13,15,1,1,0,10,16,12,17,5,3,0,8.177083819110578,3.4237007165398516,8.005880208796889,0.6818181818181818,0.0625,0.5909090909090909,0.7712646807273533,1.4533439008808722,0
user_2598,2021-03-13 06:36:00,19,14,5,1,0,1,9,11,9,7,14,5,1,5.062961540170319,2.4638582499635318,7.881425251768687,0.25,0.16666666666666666,0.7,0.4395702276371165,1.6428967383175535,0
user_2599,2021-04-30 19:54:00,19,16,7,0,3,1,10,8,18,7,18,4,0,9.893240335967912,0.7836542786224576,6.36356760711789,0.35,0.0,0.8,1.1813442371489544,0.3101755963327615,0
user_2600,2021-03-29 21:27:00,27,18,11,2,3,1,6,12,19,18,18,0,0,9.113826970444718,3.8419125124598894,6.263745770320301,0.39285714285714285,0.16666666666666666,0.6428571428571429,1.5039954206435049,1.4001469356627976,0
user_2601,2021-03-16 02:21:00,20,20,15,0,2,3,8,9,12,9,11,1,0,0.6433632136808121,1.4171211915739435,8.40709879426615,0.7142857142857143,0.0,0.9523809523809523,0.6207076043970101,1.4517326165075781,0
user_2602,2021-01-13 07:22:00,20,23,16,3,4,1,13,17,19,11,16,2,0,1.6562259284576475,7.372866341258638,1.3158924950193671,0.7619047619047619,0.17647058823529413,1.0952380952380953,1.3355503484899727,0.05536731880648138,0
user_2603,2021-03-14 16:07:00,26,14,6,0,3,0,6,18,12,11,19,6,1,7.30579586722849,2.1679921490257437,1.1189396302843577,0.2222222222222222,0.0,0.5185185185185185,1.6220537444927365,1.7301323792690677,0
user_2604,2021-01-12 00:10:00,24,21,9,1,0,1,10,14,15,17,14,1,0,7.990884632817536,6.120292921245335,1.6743833889998974,0.36,0.1,0.84,1.8924412810194848,0.21018870516579002,0
user_2605,2021-02-16 06:19:00,22,14,12,3,1,3,11,16,9,5,7,1,0,8.663184282955083,3.394092221362409,6.329113321519747,0.5217391304347826,0.23076923076923078,0.6086956521739131,1.6611588598817735,1.2641527317154373,0
user_2606,2021-03-03 19:55:00,19,16,13,1,2,3,9,18,15,14,16,2,0,6.078103080021617,9.97950858642924,9.188664841249444,0.65,0.07142857142857142,0.8,0.05947161176935478,1.3081169149334673,0
user_2607,2021-02-16 11:20:00,14,12,11,1,3,1,18,13,19,5,19,1,0,5.769245674668372,2.1318205222748365,4.583950413895968,0.7333333333333333,0.08333333333333333,0.8,0.5681706837079636,0.8873369594687024,0
user_2608,2021-04-19 10:46:00,17,13,12,0,1,0,18,6,15,7,11,0,0,8.746233641591154,5.339220911894694,9.128952713399812,0.6666666666666666,0.0,0.7222222222222222,1.0320296428721656,1.7538323331793517,0
user_2609,2021-01-18 00:26:00,12,18,6,0,2,1,8,8,17,7,19,0,0,6.86182910355864,8.653900502960575,4.17272671797536,0.46153846153846156,0.0,1.3846153846153846,0.4852242346511071,0.49102440852116325,0
user_2610,2021-03-01 14:28:00,19,17,8,3,3,1,13,5,19,18,17,0,0,4.325968015866878,6.292290683205463,6.848990425367507,0.4,0.3333333333333333,0.85,0.1058372686086424,0.7520439869366204,0
user_2611,2021-02-11 05:28:00,16,14,15,0,0,1,11,5,16,14,15,3,0,3.718117067940623,6.9697471014273615,1.4144412221461167,0.8823529411764706,0.0,0.8235294117647058,0.7432760712748994,0.40484774087371567,0
user_2612,2021-01-01 10:40:00,16,18,14,1,2,0,18,17,13,18,7,4,0,8.233914670984717,6.59970903564273,8.328300870504679,0.8235294117647058,0.06666666666666667,1.0588235294117647,0.16022185683965207,1.002724719937881,0
user_2613,2021-04-30 07:45:00,13,17,11,1,0,0,11,5,10,8,11,4,0,6.149170384584831,0.7759692764348813,8.011517330867983,0.7857142857142857,0.08333333333333333,1.2142857142857142,1.2670781477227888,0.785445780194983,0
user_2614,2021-01-18 23:19:00,19,9,10,1,1,1,16,10,12,10,13,0,0,0.49945239651387197,5.07514934952388,7.530780980286159,0.5,0.09090909090909091,0.45,1.631484718081426,1.6401668981637805,0
user_2615,2021-01-13 04:35:00,22,11,13,1,2,1,10,12,19,17,16,2,0,7.2491114178885745,2.364046473644368,5.027186093730211,0.5652173913043478,0.07142857142857142,0.4782608695652174,1.6834816300728928,0.3094089614418343,0
user_2616,2021-02-23 01:18:00,22,22,13,0,5,2,19,10,6,6,7,1,0,0.7834020852937251,7.255446519854569,7.115937972440538,0.5652173913043478,0.0,0.9565217391304348,0.8764381511584636,0.8570293704327039,0
user_2617,2021-03-29 18:22:00,20,13,11,1,2,1,15,10,12,13,19,0,0,8.824065945721383,8.614750075855882,5.03040270869061,0.5238095238095238,0.08333333333333333,0.6190476190476191,1.5328525942402804,0.1700732003247074,0
user_2618,2021-02-15 15:57:00,17,12,8,1,2,1,7,11,17,10,8,0,0,9.893106251393517,0.5031970242228045,7.14518352450977,0.4444444444444444,0.1111111111111111,0.6666666666666666,0.9648880826154493,0.31042536499526063,0
user_2619,2021-02-16 18:49:00,13,19,10,1,1,1,18,5,11,18,11,1,0,2.2604207530285834,6.75355161700029,7.281237320183423,0.7142857142857143,0.09090909090909091,1.3571428571428572,0.4514247081327625,0.2364581477136567,0
user_2620,2021-02-07 04:48:00,20,21,11,1,1,0,7,17,17,9,10,6,1,1.96585551902969,0.5169299981455711,5.859162161426206,0.5238095238095238,0.08333333333333333,1.0,1.4934357103356453,1.4963311270687012,0
user_2621,2021-01-16 09:58:00,21,16,11,2,3,0,16,11,11,19,12,5,1,0.9471159563817289,6.063077711779302,6.938422248476367,0.5,0.16666666666666666,0.7272727272727273,1.581683720051376,1.4605986919596905,0
user_2622,2021-03-23 05:56:00,15,13,6,2,1,0,6,19,6,13,5,1,0,4.58289452573251,3.121399832029036,4.022762826796258,0.375,0.2857142857142857,0.8125,1.5698106879391944,1.6812783802022253,0
user_2623,2021-03-02 08:07:00,15,14,16,0,2,3,7,13,15,12,14,1,0,5.0085845759508665,8.53843082313774,8.573001643689992,1.0,0.0,0.875,1.14602832010295,1.7015225121688387,0
user_2624,2021-01-28 20:42:00,21,12,5,1,2,1,7,8,12,18,19,3,0,0.2773596414946333,4.959195479258252,3.340228122911073,0.22727272727272727,0.16666666666666666,0.5454545454545454,1.3097136325334302,1.3070329438941628,0
user_2625,2021-02-11 20:15:00,23,10,7,2,2,1,18,15,8,8,18,3,0,3.9301161783873617,5.674292264053457,1.8938055874245503,0.2916666666666667,0.25,0.4166666666666667,1.5401391840652796,1.5525826127448616,0
user_2626,2021-02-05 03:45:00,16,21,7,2,2,0,7,12,19,12,16,4,0,1.7050464882124117,8.263519151419784,6.905233588397744,0.4117647058823529,0.25,1.2352941176470589,1.881376595618317,1.9672776464987092,0
user_2627,2021-04-01 18:12:00,16,13,8,0,2,2,14,18,9,10,10,3,0,2.3407042477812756,2.965497038972683,1.5552224404409127,0.47058823529411764,0.0,0.7647058823529411,0.07260616393269737,1.4567587159177016,0
user_2628,2021-02-07 21:24:00,20,22,6,1,4,0,9,15,9,6,17,6,1,0.7119511097626519,9.386239300872418,4.051835995493006,0.2857142857142857,0.14285714285714285,1.0476190476190477,0.3991170557300019,1.923684253960209,0
user_2629,2021-02-04 12:22:00,23,11,9,1,2,1,13,9,12,16,11,3,0,7.785728890143346,7.719910240583019,2.731182355328318,0.375,0.1,0.4583333333333333,1.8911836324552405,0.7635581006787238,0
user_2630,2021-01-09 10:08:00,23,13,9,1,4,0,12,12,5,11,16,5,1,3.139344249066963,8.633234957044388,2.50048303755786,0.375,0.1,0.5416666666666666,1.7798105288143171,0.7577141235191154,0
user_2631,2021-02-05 22:19:00,20,18,10,4,3,1,15,19,13,5,8,4,0,8.969345403092317,9.774844369301993,1.3315018015255333,0.47619047619047616,0.36363636363636365,0.8571428571428571,1.1982311610935985,0.5437725089872143,0
user_2632,2021-03-31 21:51:00,17,19,7,1,1,0,6,10,19,6,7,2,0,5.925806963953186,2.569744528732855,7.670478692921387,0.3888888888888889,0.125,1.0555555555555556,0.5542703944194989,1.6852018349134752,0
user_2633,2021-04-16 06:04:00,20,12,5,1,1,2,8,17,16,19,8,4,0,9.624181252287787,0.23526497523414958,5.209613946444819,0.23809523809523808,0.16666666666666666,0.5714285714285714,1.0029771315626523,0.7178535442758349,0
user_2634,2021-01-10 13:12:00,12,22,10,1,0,0,11,19,7,18,6,6,1,1.4403946546246527,9.44977280287989,1.9386855783400603,0.7692307692307693,0.09090909090909091,1.6923076923076923,0.17613067151442108,1.933691882539193,0
user_2635,2021-04-30 18:42:00,15,10,16,0,1,2,9,6,5,17,11,4,0,7.8156379206609286,2.4560293109687814,8.627370151465065,1.0,0.0,0.625,1.6034347643898768,0.11216903546804113,0
user_2636,2021-02-27 03:21:00,25,15,12,1,3,1,9,19,12,17,19,5,1,9.025883043852662,9.278716836507696,1.9433668310331942,0.46153846153846156,0.07692307692307693,0.5769230769230769,0.1560917704789937,0.2913800967073785,0
user_2637,2021-01-05 16:02:00,25,16,12,4,2,3,14,8,17,12,6,1,0,7.616371557132902,8.834452028931567,6.099442346433582,0.46153846153846156,0.3076923076923077,0.6153846153846154,1.8005496291069663,0.5791029460659585,0
user_2638,2021-01-31 11:52:00,30,14,14,2,3,2,12,14,14,12,6,6,1,3.5862589709021786,1.3925648379382483,8.373166131586665,0.45161290322580644,0.13333333333333333,0.45161290322580644,1.988275427854385,1.7304508761513537,0
user_2639,2021-03-04 15:14:00,20,13,14,1,1,1,14,8,17,15,5,3,0,3.006718436487028,6.419829817414851,9.58517452719557,0.6666666666666666,0.06666666666666667,0.6190476190476191,0.9103709122893358,1.7119146783547605,0
user_2640,2021-01-10 09:52:00,20,14,10,1,2,2,9,17,18,13,6,6,1,5.18579243211205,2.510328573071461,5.106840221757045,0.47619047619047616,0.09090909090909091,0.6666666666666666,1.5987459849968013,1.0462558826365347,0
user_2641,2021-01-20 03:01:00,17,15,8,1,2,1,9,14,6,9,14,2,0,7.450208065277339,4.199091441583399,1.2137103520963552,0.4444444444444444,0.1111111111111111,0.8333333333333334,0.9684944823054478,1.9526224046848353,0
user_2642,2021-01-04 22:17:00,24,9,9,2,0,0,5,12,14,13,17,0,0,2.3113874262713163,8.751730111295453,8.163490756345356,0.36,0.2,0.36,0.4550276527690722,1.875888818557603,0
user_2643,2021-04-26 20:37:00,25,16,10,2,4,0,11,13,7,17,19,0,0,6.912524848382055,2.597198344814733,9.183345446987317,0.38461538461538464,0.18181818181818182,0.6153846153846154,1.1111617194105818,0.7046123413274272,0
user_2644,2021-03-14 05:58:00,17,7,11,1,2,2,13,18,6,9,9,6,1,0.9895177208298511,7.918292005809344,8.510700294813041,0.6111111111111112,0.08333333333333333,0.3888888888888889,0.8482827284273402,1.5975418310963436,0
user_2645,2021-02-25 15:07:00,18,13,10,0,2,0,11,6,18,5,17,3,0,9.473387152404793,9.554530041072882,6.203917023414431,0.5263157894736842,0.0,0.6842105263157895,0.5781065841159341,0.20883883700104944,1
user_2646,2021-01-03 04:39:00,23,13,10,1,1,0,6,16,16,18,16,6,1,7.235539265103521,3.444234976517191,7.6286058472222145,0.4166666666666667,0.09090909090909091,0.5416666666666666,0.6600377646393849,1.414890795411765,0
user_2647,2021-03-09 02:18:00,15,16,4,3,1,0,10,17,12,11,12,1,0,6.5927643880872075,0.3940179126293697,1.7129209598505741,0.25,0.6,1.0,1.5155303893465173,0.38363805367033477,0
user_2648,2021-01-18 10:46:00,15,12,10,2,0,1,18,16,18,17,19,0,0,2.979766494003786,3.1830506231565114,7.514856403190541,0.625,0.18181818181818182,0.75,0.7318843959320958,1.7546390885424568,0
user_2649,2021-03-24 03:01:00,18,10,9,1,0,0,8,19,16,15,11,2,0,2.83598270070197,3.3470827895823776,1.461644660504509,0.47368421052631576,0.1,0.5263157894736842,0.9573829684781319,1.3108169539547434,0
user_2650,2021-04-14 23:55:00,13,12,10,0,0,0,8,8,9,19,6,2,0,3.5909977795676618,9.887404547055638,2.7030035168780886,0.7142857142857143,0.0,0.8571428571428571,0.6376945552792799,1.0864594634091336,0
user_2651,2021-04-21 13:42:00,16,16,8,2,1,1,18,11,16,6,8,2,0,5.2431739761748375,5.33534753643092,6.506006467788899,0.47058823529411764,0.2222222222222222,0.9411764705882353,1.7052985017196833,0.15400526161363604,0
user_2652,2021-01-24 06:14:00,19,14,7,0,3,2,12,10,6,14,19,6,1,5.645360672323387,9.878330262349463,3.1042678208403127,0.35,0.0,0.7,1.3131846991781204,1.3342475475662812,0
user_2653,2021-01-07 06:15:00,16,19,10,0,3,2,16,16,10,14,11,3,0,0.6276202732421843,4.9435685244955465,2.8745289272182357,0.5882352941176471,0.0,1.1176470588235294,0.3985940681457534,0.2607455367053815,0
user_2654,2021-01-13 00:35:00,21,12,8,1,0,1,17,8,16,10,18,2,0,1.3333205674611726,2.6316731727171883,3.3841385380049003,0.36363636363636365,0.1111111111111111,0.5454545454545454,0.4319808307829929,1.081318898122562,0
user_2655,2021-01-20 08:57:00,26,19,6,2,4,1,18,18,10,9,17,2,0,1.890255789043298,7.46266257645687,8.58033046441679,0.2222222222222222,0.2857142857142857,0.7037037037037037,1.413668399788246,0.9912987927168571,0
user_2656,2021-01-05 16:29:00,15,12,11,0,1,2,9,12,18,10,16,1,0,0.14251412464614033,0.3939417926727873,3.9160657213517815,0.6875,0.0,0.75,1.9253503886821832,0.6096176156471358,0
user_2657,2021-04-01 00:26:00,17,12,7,0,3,0,19,6,12,18,12,3,0,2.229460216993897,0.7116676926032417,2.4576815070889837,0.3888888888888889,0.0,0.6666666666666666,1.3251954960682655,1.8070827720456322,0
user_2658,2021-04-07 17:11:00,20,11,19,2,1,0,14,13,7,17,15,2,0,3.7948000715197727,6.215241560263184,3.305461836460675,0.9047619047619048,0.1,0.5238095238095238,1.8095677968058252,1.2052913265851273,0
user_2659,2021-04-28 08:57:00,24,11,7,1,2,0,6,5,19,17,12,2,0,1.4727422497895337,5.005554163580141,9.588723534727082,0.28,0.125,0.44,1.1200817106868703,0.9217279438290527,1
user_2660,2021-01-05 02:11:00,27,11,13,1,4,0,19,17,15,5,14,1,0,9.972096463510185,1.9918025188003186,9.74014733916946,0.4642857142857143,0.07142857142857142,0.39285714285714285,1.510848781494025,1.0282692475965087,1
user_2661,2021-03-30 07:20:00,26,17,9,2,3,2,19,15,12,15,12,1,0,9.022857819429221,8.854667795625813,4.190076891448024,0.3333333333333333,0.2,0.6296296296296297,0.4049315261761892,1.559805066822832,0
user_2662,2021-04-22 07:03:00,22,18,8,1,1,0,6,9,15,12,7,3,0,8.553367761394567,4.810908039409255,1.6960215778704129,0.34782608695652173,0.1111111111111111,0.782608695652174,0.8368956231330198,0.6514101311481646,0
user_2663,2021-03-22 16:00:00,22,14,4,2,4,0,13,9,8,7,15,0,0,3.33376802596642,0.9723287674584724,4.388336818101061,0.17391304347826086,0.4,0.6086956521739131,0.46812880858296335,1.928253716978138,0
user_2664,2021-02-25 03:53:00,21,21,8,0,0,1,19,17,18,16,15,3,0,5.861990099201861,7.494766596642038,5.370066288233439,0.36363636363636365,0.0,0.9545454545454546,0.4476399159438442,1.2996354877972005,1
user_2665,2021-01-23 02:30:00,27,15,10,2,4,0,15,18,17,16,18,5,1,4.341748876841037,6.148042208227288,7.528368712227442,0.35714285714285715,0.18181818181818182,0.5357142857142857,1.5143303357047224,1.6243663491086406,0
user_2666,2021-03-15 01:52:00,21,19,11,3,4,0,16,6,7,17,7,0,0,9.026520889662244,6.033498723801246,4.052422635447741,0.5,0.25,0.8636363636363636,0.43268975415985866,1.2095463257110108,0
user_2667,2021-02-20 06:55:00,24,18,5,1,2,1,10,9,11,14,11,5,1,8.426546964191271,3.986960786677156,2.7576458458641024,0.2,0.16666666666666666,0.72,1.7966943347169293,1.312414234296588,0
user_2668,2021-01-16 03:33:00,20,13,9,2,1,0,10,14,18,8,7,5,1,7.52080101815979,3.989338495240946,8.026877349427256,0.42857142857142855,0.2,0.6190476190476191,0.28931931783350295,1.5278365852672637,1
user_2669,2021-03-11 17:21:00,16,12,8,1,2,3,5,10,11,13,16,3,0,6.825644705275137,4.9210388305118835,2.0244175118466794,0.47058823529411764,0.1111111111111111,0.7058823529411765,1.619161544907639,0.18887615067411279,0
user_2670,2021-04-20 13:55:00,23,15,11,1,2,1,14,12,14,6,6,1,0,6.8882390079016576,4.369535122599175,1.0325073228165493,0.4583333333333333,0.08333333333333333,0.625,0.5099830182178575,0.3881854394121138,0
user_2671,2021-01-11 00:46:00,16,8,14,2,3,2,12,6,13,14,7,0,0,3.640394091634401,5.1535853455977065,1.2317083015116062,0.8235294117647058,0.13333333333333333,0.47058823529411764,1.3492004949388912,0.023920549207079755,0
user_2672,2021-01-07 20:45:00,21,13,15,0,2,3,11,6,14,10,14,3,0,9.221535565455639,8.291076140800946,5.41435160401571,0.6818181818181818,0.0,0.5909090909090909,1.888337437062964,1.4268828605160526,0
user_2673,2021-04-03 20:27:00,11,12,8,2,1,1,7,14,14,10,12,5,1,6.7603467290571215,9.367483097821962,9.359783443728066,0.6666666666666666,0.2222222222222222,1.0,0.032900364294569995,1.5083204726867372,0
user_2674,2021-04-29 05:42:00,21,9,9,2,2,2,17,17,7,5,13,3,0,2.1894377373385,9.670451396483626,3.089189917395668,0.4090909090909091,0.2,0.4090909090909091,1.041872156395054,1.8937633995427674,0
user_2675,2021-02-16 00:49:00,24,17,10,0,5,1,11,16,18,5,13,1,0,2.650534930504582,0.8804675902167058,2.8015022542143875,0.4,0.0,0.68,0.3349707826935333,0.9128844101302256,0
user_2676,2021-04-10 01:45:00,14,16,6,0,4,0,15,17,5,10,7,5,1,7.215546411034206,5.32712017433292,1.1144347557465288,0.4,0.0,1.0666666666666667,1.451200044066011,0.6060790208703597,0
user_2677,2021-03-06 06:16:00,22,15,11,1,3,1,8,14,10,17,17,5,1,2.646522777794104,5.682735180166665,7.737405140116471,0.4782608695652174,0.08333333333333333,0.6521739130434783,0.7452171185758609,1.9822016628927823,0
user_2678,2021-02-19 16:30:00,22,18,9,1,2,1,16,6,10,15,13,4,0,7.338124136889064,3.669609938176558,2.473038410571334,0.391304347826087,0.1,0.782608695652174,0.14888654493170583,0.9829518780466486,0
user_2679,2021-04-14 02:54:00,18,15,7,1,0,0,7,16,7,15,13,2,0,5.3158454740493735,3.534298717815698,3.8175693004621953,0.3684210526315789,0.125,0.7894736842105263,0.9706697234414003,0.31942374326278467,0
user_2680,2021-03-29 23:30:00,21,17,7,1,1,0,16,6,16,12,19,0,0,9.879241992884747,7.269165872583506,1.8929917388702378,0.3181818181818182,0.125,0.7727272727272727,1.809014950998895,0.03412206617328262,0
user_2681,2021-04-05 06:18:00,14,14,15,2,3,1,8,19,14,18,6,0,0,2.9022842838602037,6.198736943233842,5.433518768949809,1.0,0.125,0.9333333333333333,0.09698489228742546,0.773006178715945,0
user_2682,2021-04-21 10:31:00,17,19,16,2,2,2,8,14,12,14,9,2,0,8.929885656189802,1.6664120692035822,5.878742810684135,0.8888888888888888,0.11764705882352941,1.0555555555555556,1.0112635293607233,0.6374766952761106,0
user_2683,2021-02-25 23:54:00,20,18,12,2,3,2,17,19,17,15,8,3,0,1.9561178086759645,0.5103588145834337,4.0454038783305855,0.5714285714285714,0.15384615384615385,0.8571428571428571,1.311425432309067,0.7166753778527681,0
user_2684,2021-04-04 08:09:00,11,15,8,2,2,1,14,5,15,13,5,6,1,1.0674204800313802,7.623827343515362,5.503758059339487,0.6666666666666666,0.2222222222222222,1.25,0.8260407854915801,1.7147259647086643,1
user_2685,2021-03-15 13:39:00,20,15,5,2,1,0,19,15,6,8,11,0,0,0.6222909163270041,3.6195172701524703,4.9131951095104425,0.23809523809523808,0.3333333333333333,0.7142857142857143,1.5488079733051072,1.7557056147333712,1
user_2686,2021-01-18 06:34:00,15,14,6,2,0,2,5,10,19,16,6,0,0,7.449379254104468,5.524622374095662,9.229170429427906,0.375,0.2857142857142857,0.875,1.4737659658828803,0.40982559968631915,0
user_2687,2021-04-16 00:04:00,19,18,8,0,2,0,8,15,7,15,16,4,0,5.030514950843752,9.63699685516378,1.1829601366891616,0.4,0.0,0.9,1.729083274937066,0.4510729669415572,1
user_2688,2021-01-12 01:55:00,25,20,10,2,3,2,14,11,12,13,17,1,0,5.831466010735518,6.648476551228253,2.002566985850947,0.38461538461538464,0.18181818181818182,0.7692307692307693,0.12558470301962577,1.4893568123730792,0
user_2689,2021-02-16 13:25:00,17,14,5,3,2,0,16,14,17,19,12,1,0,4.567048047124431,4.617046950760013,6.1227170169369405,0.2777777777777778,0.5,0.7777777777777778,0.1003834304230391,1.9259140724047406,0
user_2690,2021-03-23 02:43:00,21,11,11,0,1,0,11,16,16,14,17,1,0,8.445025713470912,1.591666762685372,2.863585617349731,0.5,0.0,0.5,0.8563243385722641,0.02339779087292415,0
user_2691,2021-03-24 08:20:00,16,11,11,2,0,2,11,19,17,9,8,2,0,3.9331099354297097,4.222039306359154,2.2252633797242076,0.6470588235294118,0.16666666666666666,0.6470588235294118,0.8312133823316232,1.3901569985794509,0
user_2692,2021-03-07 09:45:00,22,18,8,2,0,2,11,15,14,19,9,6,1,2.1358766416284283,7.960297071093585,4.967790520396173,0.34782608695652173,0.2222222222222222,0.782608695652174,0.46774899301570083,1.3142036852896752,0
user_2693,2021-04-17 01:41:00,29,14,11,1,2,2,19,6,15,10,15,5,1,1.883467812589591,2.903980718391911,8.766803559158847,0.36666666666666664,0.08333333333333333,0.4666666666666667,1.9490533240813026,1.6925208150112467,0
user_2694,2021-03-05 11:56:00,25,19,14,0,3,2,12,11,16,9,8,4,0,2.432538617162867,5.148949888734683,9.015294760997106,0.5384615384615384,0.0,0.7307692307692307,0.642670594457486,1.5464539789880185,0
user_2695,2021-01-02 02:34:00,12,14,12,2,2,2,15,16,19,16,16,5,1,1.1852234037482623,9.797568247504866,5.827881158040847,0.9230769230769231,0.15384615384615385,1.0769230769230769,0.9625082260520375,1.0713365563195085,0
user_2696,2021-04-15 15:22:00,24,11,8,0,3,1,12,19,17,14,13,3,0,5.595429083307765,2.9824929962101265,3.70566757344932,0.32,0.0,0.44,0.49695740010286227,0.3332319061892448,0
user_2697,2021-03-08 13:30:00,26,16,5,0,2,1,16,19,6,8,16,0,0,4.761389794721358,5.261567137306962,4.401563725618788,0.18518518518518517,0.0,0.5925925925925926,0.9478501886131019,1.636817646502644,0
user_2698,2021-02-12 13:03:00,20,10,14,1,3,0,7,12,13,13,11,4,0,1.0666968288673728,3.7362930990885435,4.582688087427858,0.6666666666666666,0.06666666666666667,0.47619047619047616,1.3545234546574514,0.8849798002231546,0
user_2699,2021-01-19 01:52:00,18,18,9,0,3,0,6,6,12,7,10,1,0,6.599294895853895,0.3521109473435491,4.518191037767618,0.47368421052631576,0.0,0.9473684210526315,1.795694731574547,0.3507795915009917,0
user_2700,2021-03-15 16:40:00,25,16,12,0,2,1,9,7,6,9,8,0,0,8.316235256094416,9.067441175125118,4.456187301693923,0.46153846153846156,0.0,0.6153846153846154,0.6503111454178478,1.4002217842847633,0
user_2701,2021-01-18 14:30:00,25,17,10,1,3,1,18,16,16,18,5,0,0,0.5169693819643673,0.3623918477046173,7.966361348720973,0.38461538461538464,0.09090909090909091,0.6538461538461539,0.5885330648925908,0.881902391879972,0
user_2702,2021-02-20 03:52:00,14,14,12,0,1,1,17,19,12,17,19,5,1,8.24567688711008,3.6431862925656553,3.2273822759734365,0.8,0.0,0.9333333333333333,0.12154788591689569,0.7356596527098411,0
user_2703,2021-02-23 17:31:00,21,12,11,0,2,0,6,8,19,5,15,1,0,5.867878773713935,2.4310146420726406,3.197502278974609,0.5,0.0,0.5454545454545454,1.346397804216884,1.884769966011388,0
user_2704,2021-03-16 11:39:00,26,13,12,0,4,3,14,8,17,19,16,1,0,7.360362585245163,8.053693918203155,4.50089655533607,0.4444444444444444,0.0,0.48148148148148145,1.8799472741973622,1.7848171341738246,0
user_2705,2021-03-17 02:42:00,24,20,8,0,2,0,17,11,17,19,11,2,0,8.636570859170178,9.827037475021282,5.052332588576816,0.32,0.0,0.8,1.3929867852909685,0.5913132029703716,1
user_2706,2021-01-18 06:21:00,25,21,14,1,1,2,10,7,6,10,7,0,0,9.947021322621088,7.163861311836634,4.254522632335796,0.5384615384615384,0.06666666666666667,0.8076923076923077,0.27782933048932534,1.4592225055273362,0
user_2707,2021-02-16 11:55:00,25,8,11,2,4,2,16,12,12,15,17,1,0,6.441514925124123,1.8153455053890988,7.406312468840211,0.4230769230769231,0.16666666666666666,0.3076923076923077,0.62593943345549,0.5877574695611605,0
user_2708,2021-01-28 02:26:00,24,14,13,0,2,1,19,6,15,10,14,3,0,2.3907605924090234,7.340544181317714,3.192547493153549,0.52,0.0,0.56,0.013329534169798762,1.730864443738634,0
user_2709,2021-02-11 14:26:00,19,16,11,2,2,1,9,5,6,14,14,3,0,6.566868342082028,4.192350433394436,3.6372514914776333,0.55,0.16666666666666666,0.8,1.1832749339811868,0.04600624702834066,0
user_2710,2021-04-17 18:38:00,24,21,9,1,3,1,6,7,9,19,12,5,1,0.9617770937808867,3.0288314486038734,6.967226557420403,0.36,0.1,0.84,0.8352956452251301,1.3023810254880548,0
user_2711,2021-02-01 15:17:00,22,14,5,2,2,0,8,9,5,18,12,0,0,6.610735517842836,2.7750500828024727,9.05687730435866,0.21739130434782608,0.3333333333333333,0.6086956521739131,0.781971307893456,1.1029792998299037,0
user_2712,2021-01-14 00:45:00,18,13,12,0,1,0,17,9,8,6,18,3,0,0.05519716137557085,0.5807172306326291,7.951994946151071,0.631578947368421,0.0,0.6842105263157895,0.9728683248634968,1.2365252828327264,0
user_2713,2021-02-16 07:40:00,21,8,13,2,0,4,13,5,7,16,15,1,0,9.693375149832503,5.9878584602432205,3.7339242963890715,0.5909090909090909,0.14285714285714285,0.36363636363636365,1.42477201216522,1.073463010112237,1
user_2714,2021-02-02 10:06:00,22,9,8,0,2,1,7,17,19,15,15,1,0,6.378354830394896,5.087277317907005,6.169255417739671,0.34782608695652173,0.0,0.391304347826087,0.1408263388508184,0.7241462495845536,0
user_2715,2021-02-01 01:10:00,21,19,11,1,2,1,14,15,13,15,17,0,0,7.070280687828351,6.7180555619377795,5.254011490189733,0.5,0.08333333333333333,0.8636363636363636,0.02386409343015572,1.6496348732257295,0
user_2716,2021-01-31 17:45:00,18,9,7,2,2,2,19,6,17,9,7,6,1,4.761123373504253,7.145222528495436,2.2716918282905407,0.3684210526315789,0.25,0.47368421052631576,1.4953144127201876,0.18311427075424902,0
user_2717,2021-04-30 02:41:00,14,13,11,2,2,0,10,16,8,12,13,4,0,6.605538657348187,2.5896007150761644,4.934477928066288,0.7333333333333333,0.16666666666666666,0.8666666666666667,0.6660101030992156,1.7980117934128068,0
user_2718,2021-02-10 11:28:00,20,20,11,2,0,1,5,14,19,11,19,2,0,2.441243636156897,1.6177349849381073,6.702498652658926,0.5238095238095238,0.16666666666666666,0.9523809523809523,0.8627481507289076,1.6636902998259853,0
user_2719,2021-04-01 00:29:00,27,14,11,1,3,0,8,19,11,11,14,3,0,3.6470872263507026,0.44167771454105775,1.642341453776041,0.39285714285714285,0.08333333333333333,0.5,1.6762883536045976,0.790901152850527,0
user_2720,2021-01-29 15:56:00,12,16,10,2,1,1,8,12,14,19,7,4,0,7.545836086274576,6.4421156594943,1.68255272246205,0.7692307692307693,0.18181818181818182,1.2307692307692308,1.4875027585088112,1.2744461240793146,0
user_2721,2021-01-08 14:29:00,19,9,8,0,3,1,14,9,11,12,10,4,0,2.75722603031618,8.125765778040893,2.698339347589001,0.4,0.0,0.45,0.23466766865910782,0.591889335029447,0
user_2722,2021-02-17 04:48:00,24,13,5,0,2,1,8,8,10,16,9,2,0,6.144825611449138,9.599525162428469,5.0367074126394185,0.2,0.0,0.52,1.0175282038276467,0.09482688510519943,0
user_2723,2021-02-23 21:17:00,24,14,7,0,2,0,10,9,11,12,5,1,0,4.446862988335113,1.8185757812712178,6.72826051845202,0.28,0.0,0.56,0.9416709520507076,1.1078553892530794,1
user_2724,2021-04-30 14:40:00,17,16,9,0,4,0,19,11,15,10,14,4,0,0.2208029113253962,9.630043366221436,2.49712569818052,0.5,0.0,0.8888888888888888,0.4410854420630641,0.8182977274740093,0
user_2725,2021-03-12 18:28:00,18,17,7,0,0,0,15,19,13,18,13,4,0,9.912507883804789,4.423383113529081,5.558158859504628,0.3684210526315789,0.0,0.8947368421052632,0.5272340646449043,1.6106572113041278,0
user_2726,2021-03-17 00:45:00,16,11,9,2,0,2,13,14,15,11,7,2,0,2.5820703785066454,7.335452297055723,6.719179315036523,0.5294117647058824,0.2,0.6470588235294118,1.8694639703604494,1.7285686862345542,0
user_2727,2021-04-27 07:11:00,21,12,3,1,3,0,12,17,11,15,8,1,0,0.3681125218481007,3.506059333324708,7.5084139676833,0.13636363636363635,0.25,0.5454545454545454,1.9518338802419721,0.7265214876009165,0
user_2728,2021-01-17 05:09:00,19,11,11,2,4,2,12,6,18,10,6,6,1,3.4017145648318294,2.568629519842828,9.357996171516435,0.55,0.16666666666666666,0.55,1.8470023490415912,0.5573350122572349,0
user_2729,2021-01-12 18:22:00,14,13,16,0,3,1,12,16,9,17,11,1,0,1.4964452520533023,3.5575788060589932,4.9396986252902035,1.0666666666666667,0.0,0.8666666666666667,1.8442063150266321,0.82226632431133,0
user_2730,2021-01-26 15:22:00,17,15,11,1,1,0,8,17,7,12,19,1,0,8.539524395673414,5.939064680264159,1.9917841575561839,0.6111111111111112,0.08333333333333333,0.8333333333333334,0.4265639725467103,0.5102790082906208,0
user_2731,2021-01-04 02:51:00,31,15,12,0,3,0,13,12,6,8,12,0,0,6.803561056791691,1.5363581673137483,5.804061186481219,0.375,0.0,0.46875,0.9468753080062198,0.7721964440244506,0
user_2732,2021-03-24 18:16:00,19,14,7,1,2,1,12,15,15,13,5,2,0,5.541879895436471,4.689568598204257,6.187461755401191,0.35,0.125,0.7,1.486737303354783,0.9977614129226129,0
user_2733,2021-04-18 01:30:00,19,15,4,0,4,0,14,17,16,14,18,6,1,7.945912073426172,5.419404737553625,2.4787895176606822,0.2,0.0,0.75,1.2470966376286632,1.0603850539577724,0
user_2734,2021-02-27 17:45:00,24,12,9,0,3,2,14,8,7,12,11,5,1,4.72451134197728,5.300792234355033,8.708371598354613,0.36,0.0,0.48,0.34286108056571196,0.12198394773013477,0
user_2735,2021-02-13 15:37:00,24,20,7,0,3,0,8,7,13,5,11,5,1,4.765071444109031,3.235592376439204,5.035456684089443,0.28,0.0,0.8,0.40957834986261576,1.709179573888469,0
user_2736,2021-01-13 17:00:00,26,12,13,3,1,0,8,13,9,13,15,2,0,8.73711471869706,0.8812261687607692,6.410471224282372,0.48148148148148145,0.21428571428571427,0.4444444444444444,0.2902452287321926,1.4893392975951205,0
user_2737,2021-03-03 07:01:00,21,11,9,0,5,1,7,17,10,8,14,2,0,7.532420957778665,9.018051189415191,4.284006535826011,0.4090909090909091,0.0,0.5,0.6383269301260748,0.3100850118399605,0
user_2738,2021-01-01 05:53:00,29,18,10,1,3,0,15,18,11,6,19,4,0,4.97907887308182,5.552829686453158,9.559279126850988,0.3333333333333333,0.09090909090909091,0.6,0.057881577156014385,0.49147137467708846,0
user_2739,2021-03-03 10:47:00,20,16,9,0,2,0,9,9,7,14,13,2,0,8.035266995319768,6.00805953422067,3.29309084113287,0.42857142857142855,0.0,0.7619047619047619,1.2856872828666788,1.8769945217272956,0
user_2740,2021-03-15 22:55:00,22,22,16,0,0,0,19,19,15,11,8,0,0,7.76986010587356,0.8720712845513956,1.5895306003114849,0.6956521739130435,0.0,0.9565217391304348,1.1088609851249163,1.4486840371795038,1
user_2741,2021-02-03 15:13:00,23,13,8,2,2,2,8,9,5,10,18,2,0,4.155175556045289,6.159174329012648,5.264949364941416,0.3333333333333333,0.2222222222222222,0.5416666666666666,1.0115715493285027,1.0536071077673999,0
user_2742,2021-02-01 08:24:00,19,16,18,2,3,3,11,16,11,15,9,0,0,0.8268316707719969,0.6502975111212073,9.589437924653309,0.9,0.10526315789473684,0.8,1.8608120377505784,0.9671129331881123,0
user_2743,2021-01-12 01:31:00,20,13,9,0,4,1,9,10,6,19,7,1,0,8.032511956815537,0.10883409175684755,8.15129896903256,0.42857142857142855,0.0,0.6190476190476191,1.4709289843880486,0.7016832123911119,0
user_2744,2021-04-30 09:19:00,13,18,12,1,3,3,9,7,12,14,9,4,0,0.1914227446476624,7.245970906654545,6.847231752276204,0.8571428571428571,0.07692307692307693,1.2857142857142858,0.10830507703458014,1.2889754919407939,0
user_2745,2021-01-12 06:09:00,21,8,12,0,3,2,15,13,8,5,6,1,0,0.8005328460529615,7.680661754323737,4.727943345824554,0.5454545454545454,0.0,0.36363636363636365,1.5007395640455155,1.6615034297015925,0
user_2746,2021-01-17 07:41:00,19,13,4,0,0,1,8,14,11,8,6,6,1,0.7849490985955321,5.375348527298653,4.341989471963342,0.2,0.0,0.65,1.648897652484303,1.558584823760995,0
user_2747,2021-04-03 17:30:00,12,9,14,0,0,2,10,16,8,12,14,5,1,3.7350518121953447,1.2535492299295015,5.695084532443031,1.0769230769230769,0.0,0.6923076923076923,1.965363721260808,1.0265078960970067,0
user_2748,2021-04-26 22:51:00,22,16,8,1,1,0,9,12,8,16,18,0,0,7.85183141376148,4.780632034067887,1.0668481493758564,0.34782608695652173,0.1111111111111111,0.6956521739130435,0.7291591975401244,0.9819758263222609,0
user_2749,2021-01-30 02:26:00,17,18,9,1,1,2,10,18,12,6,14,5,1,1.3790654137092262,1.6434158963122314,5.500302776284764,0.5,0.1,1.0,1.8493779487903177,0.4774228970069778,0
user_2750,2021-03-21 07:06:00,18,12,11,3,3,1,10,13,7,17,8,6,1,4.733512169394954,5.279871834524041,9.538588754133954,0.5789473684210527,0.25,0.631578947368421,1.6836369796468025,0.7194125685821973,0
user_2751,2021-01-10 10:59:00,22,16,9,1,0,1,17,11,18,19,6,6,1,7.358662335685548,5.380266561249757,9.565346487127702,0.391304347826087,0.1,0.6956521739130435,0.36279274109625104,1.8656336518519565,0
user_2752,2021-03-12 01:22:00,28,20,13,2,2,0,16,19,12,10,6,4,0,3.339105966231494,5.648967825437973,5.20298073512805,0.4482758620689655,0.14285714285714285,0.6896551724137931,1.9105143849705433,1.235078034393381,0
user_2753,2021-02-14 20:15:00,19,16,12,0,3,1,9,5,8,18,19,6,1,0.13144880865534558,0.8453206644147038,2.525727787426738,0.6,0.0,0.8,1.8229932082145892,1.7340613254055945,0
user_2754,2021-04-29 08:15:00,19,17,14,0,1,1,18,7,14,15,15,3,0,6.777482660011546,4.247585913852431,3.365467580515649,0.7,0.0,0.85,0.8389862855526298,0.11927621129364341,0
user_2755,2021-01-29 05:27:00,21,19,5,2,3,2,10,12,12,16,17,4,0,0.08205596758931066,3.3996565283108717,5.204174977935568,0.22727272727272727,0.3333333333333333,0.8636363636363636,0.7594691453010776,0.4006863609940077,0
user_2756,2021-01-23 17:15:00,19,16,9,2,1,0,10,12,19,5,16,5,1,3.1272166825325787,1.8423349126178512,8.553262439422824,0.45,0.2,0.8,1.240013843808771,1.71246102836287,0
user_2757,2021-01-03 09:46:00,17,14,8,0,2,1,7,12,18,19,16,6,1,8.173597546957108,8.427598771348983,2.3968887053703183,0.4444444444444444,0.0,0.7777777777777778,1.2071335731008825,0.7061738532408979,0
user_2758,2021-02-05 11:11:00,27,16,7,0,5,0,19,5,8,13,13,4,0,0.42757341372295365,2.88888138271967,6.172407681208134,0.25,0.0,0.5714285714285714,1.0104039426876577,0.5678772541995902,0
user_2759,2021-02-24 03:11:00,10,15,12,3,2,1,15,14,7,8,18,2,0,4.877231069080334,7.140923957928091,5.174107674696977,1.0909090909090908,0.23076923076923078,1.3636363636363635,0.9084891198627436,0.7746394239543803,0
user_2760,2021-02-24 21:51:00,28,20,4,1,4,0,6,14,17,12,15,2,0,0.3388361031642384,4.441210392543483,2.3513742211003206,0.13793103448275862,0.2,0.6896551724137931,1.9602478032438244,0.9593698616492559,0
user_2761,2021-04-01 22:20:00,18,20,8,0,0,1,16,7,18,17,8,3,0,2.06805207581203,9.394774148173306,9.829490137860512,0.42105263157894735,0.0,1.0526315789473684,1.5511164868323548,1.1916434546217394,0
user_2762,2021-01-09 16:55:00,16,14,7,1,0,2,6,13,5,18,10,5,1,0.9988582976552374,8.192818571269276,2.4278532860417323,0.4117647058823529,0.125,0.8235294117647058,0.5089277447253608,0.907954271732849,0
user_2763,2021-02-10 07:13:00,18,18,17,1,1,3,11,13,5,8,17,2,0,0.26627372299654395,2.16042811659523,9.598653186132136,0.8947368421052632,0.05555555555555555,0.9473684210526315,0.700686179425591,0.10538341869072343,0
user_2764,2021-04-13 19:53:00,18,18,11,2,2,0,19,13,9,17,15,1,0,3.2515297750690166,3.6186667941487363,4.585581784981296,0.5789473684210527,0.16666666666666666,0.9473684210526315,1.9766867678428899,0.8979216121333435,0
user_2765,2021-01-25 00:15:00,19,14,9,1,1,0,9,11,8,17,17,0,0,9.737727077200802,8.614971470933199,8.492296521228502,0.45,0.1,0.7,1.6395399111087143,0.609184484845311,0
user_2766,2021-01-05 15:20:00,19,7,6,0,2,0,14,6,12,6,10,1,0,5.5533810570172175,9.121305677508333,1.478795920949276,0.3,0.0,0.35,1.3277482217552643,1.4934612159510938,0
user_2767,2021-04-28 07:32:00,26,10,9,2,1,1,16,9,18,5,18,2,0,8.830529885919145,0.18391066504311882,8.28090794600357,0.3333333333333333,0.2,0.37037037037037035,1.746370026448081,1.2677694909702075,0
user_2768,2021-04-24 09:48:00,19,12,15,2,1,1,14,18,5,17,7,5,1,5.2281055693676795,4.961455106764669,6.60050487232777,0.75,0.125,0.6,1.9126042147147666,1.5288225023555326,0
user_2769,2021-01-27 21:11:00,20,16,7,0,4,0,16,13,15,15,13,2,0,9.34060415745083,7.03844083465801,8.735600552536749,0.3333333333333333,0.0,0.7619047619047619,1.075027840673479,1.0853827586800335,0
user_2770,2021-04-12 12:37:00,21,10,10,1,4,1,5,15,12,18,11,0,0,9.649081759892223,1.9742149512894525,1.8395117876578828,0.45454545454545453,0.09090909090909091,0.45454545454545453,0.028137154574098266,0.18222150292655326,0
user_2771,2021-01-17 09:02:00,21,15,4,0,3,0,15,18,15,14,16,6,1,5.193079349378712,9.142576669003,8.797472131329155,0.18181818181818182,0.0,0.6818181818181818,1.8940665280623181,1.0793391118244107,0
user_2772,2021-03-23 05:14:00,21,18,9,1,0,2,12,18,11,19,6,1,0,9.344464335236841,3.506208685789428,9.045260871244382,0.4090909090909091,0.1,0.8181818181818182,1.876361600144316,1.970278278659687,0
user_2773,2021-02-20 05:54:00,28,16,13,0,3,2,6,12,18,13,16,5,1,0.055468610351421255,6.392245364052461,8.116928258175585,0.4482758620689655,0.0,0.5517241379310345,1.765885491474347,1.7538174361898295,1
user_2774,2021-03-21 13:25:00,20,12,11,0,1,1,16,12,11,17,11,6,1,6.581205002680415,0.06787636237925776,2.8648762054052637,0.5238095238095238,0.0,0.5714285714285714,1.2532587279491127,0.2018866635105605,0
user_2775,2021-02-25 17:30:00,15,18,8,0,1,0,14,6,18,5,6,3,0,7.02220448857274,8.63391481041795,9.788955533871292,0.5,0.0,1.125,1.9137150183580247,0.5083209105569229,0
user_2776,2021-04-11 07:42:00,30,17,10,1,4,1,15,7,16,18,19,6,1,4.152861680205761,5.46871599362568,1.7051730339203255,0.3225806451612903,0.09090909090909091,0.5483870967741935,1.486816855183151,0.5454421564383309,1
user_2777,2021-01-31 04:11:00,19,15,9,0,2,1,16,7,11,9,9,6,1,7.938507229086732,1.941653171769654,2.859828306168972,0.45,0.0,0.75,0.9734666010037534,0.6111201818767298,0
user_2778,2021-02-15 00:52:00,20,24,10,2,3,1,7,17,13,6,19,0,0,5.522119217589388,0.19314679602115414,4.7439751573072195,0.47619047619047616,0.18181818181818182,1.1428571428571428,0.5047356214989716,0.20898627932409797,0
user_2779,2021-03-14 06:51:00,16,11,12,1,3,1,12,6,7,17,16,6,1,5.964197725357864,2.3563036355703373,7.831953373873237,0.7058823529411765,0.07692307692307693,0.6470588235294118,0.13610925624610948,1.1488470273398763,1
user_2780,2021-02-12 21:55:00,14,10,9,0,2,0,13,13,9,12,9,4,0,5.179172794315862,8.188715208015397,8.360753106235759,0.6,0.0,0.6666666666666666,1.9053323026304974,0.2510791204257137,0
user_2781,2021-01-30 18:06:00,22,20,8,0,2,1,10,10,15,14,15,5,1,9.852409411344174,9.701865509737827,4.4187715784513575,0.34782608695652173,0.0,0.8695652173913043,0.49822247821213295,1.7398721315425072,0
user_2782,2021-04-03 01:05:00,30,16,11,0,5,1,9,16,18,19,18,5,1,1.7982530671280728,6.053805518895235,7.1065842224902775,0.3548387096774194,0.0,0.5161290322580645,0.8171945182752465,0.1322790514445471,0
user_2783,2021-03-28 22:08:00,19,16,13,1,1,0,15,6,13,19,14,6,1,7.426259897815503,3.9750561391528914,7.652168775145759,0.65,0.07142857142857142,0.8,1.9849439996857843,1.4784439665181883,0
user_2784,2021-01-26 15:36:00,23,13,9,1,2,0,17,19,17,17,17,1,0,2.695760559713393,9.22339969101986,4.548346038632668,0.375,0.1,0.5416666666666666,1.2856096330750921,1.4117426170289273,0
user_2785,2021-01-01 09:32:00,16,16,13,3,0,1,11,8,18,16,6,4,0,7.894097811002222,6.466529987550854,8.34092952727254,0.7647058823529411,0.21428571428571427,0.9411764705882353,1.5182781522617412,1.5113070440791097,0
user_2786,2021-01-14 10:32:00,21,17,18,2,3,2,14,12,17,19,8,3,0,8.209652909578532,0.6532537006454309,6.285902077620996,0.8181818181818182,0.10526315789473684,0.7727272727272727,1.0359773747617371,1.3583410824639,0
user_2787,2021-02-22 20:16:00,34,17,8,0,6,0,19,12,10,7,19,0,0,6.791800717619623,2.022984785346286,2.859694559901717,0.22857142857142856,0.0,0.4857142857142857,1.0183653165497037,0.6147695386834098,0
user_2788,2021-01-13 20:51:00,16,6,11,1,1,0,15,8,6,19,10,2,0,9.897113591181357,5.076370841994766,2.183612981821383,0.6470588235294118,0.08333333333333333,0.35294117647058826,0.6104678732761599,1.3907990755656117,0
user_2789,2021-04-10 21:27:00,20,10,9,0,2,1,15,6,12,14,18,5,1,5.1418840659279486,8.799139557316852,2.5728572683381845,0.42857142857142855,0.0,0.47619047619047616,1.533739329416181,0.04329764422442217,0
user_2790,2021-04-02 10:14:00,22,13,7,2,2,1,5,7,11,7,17,4,0,2.5647342077316515,3.9551549662653827,8.308133397150375,0.30434782608695654,0.25,0.5652173913043478,0.004682614573898736,0.6131642039841392,0
user_2791,2021-04-25 11:37:00,25,15,11,0,3,0,10,8,10,16,14,6,1,0.7461768985539097,5.283241434771213,6.283602409966522,0.4230769230769231,0.0,0.5769230769230769,0.6442225397868762,0.963898732717424,0
user_2792,2021-03-16 10:40:00,21,19,10,0,1,1,19,8,14,13,12,1,0,1.7195808154453918,2.1580237032014624,5.039985072184506,0.45454545454545453,0.0,0.8636363636363636,1.1603862784737566,0.7649390776278302,0
user_2793,2021-04-06 17:57:00,14,18,7,3,0,0,17,17,10,6,18,1,0,2.4314502850819695,4.767115964078163,7.2876757157102245,0.4666666666666667,0.375,1.2,0.7330436397538276,1.0501151368618244,0
user_2794,2021-03-08 18:13:00,15,10,12,2,3,2,14,15,7,14,14,0,0,6.704809384716092,4.935166488896785,1.0596877196586885,0.75,0.15384615384615385,0.625,0.3587278966928653,0.8265362413491804,0
user_2795,2021-02-24 06:38:00,17,27,9,2,1,1,12,10,9,17,7,2,0,6.887493748885677,4.2069317268218605,7.824026125907792,0.5,0.2,1.5,1.0018450302161188,0.13584149825573033,0
user_2796,2021-03-28 12:37:00,27,15,11,0,2,1,13,14,6,6,6,6,1,3.959155681832003,1.8155493782038867,7.328196732792488,0.39285714285714285,0.0,0.5357142857142857,1.7146180263202386,1.382564032664297,0
user_2797,2021-01-28 07:49:00,21,18,14,0,0,1,10,5,14,13,16,3,0,8.72168315816214,6.532092419727796,2.0582305735268274,0.6363636363636364,0.0,0.8181818181818182,0.8914769258679451,1.7752805969687537,0
user_2798,2021-01-24 20:37:00,24,28,9,0,1,1,13,5,15,15,12,6,1,6.359357209918496,7.728248933713928,8.901814288174322,0.36,0.0,1.12,0.32248085828793194,1.8650306872298452,0
user_2799,2021-02-14 15:37:00,25,14,7,1,4,1,15,19,6,11,12,6,1,2.3937253234576152,9.756437515341222,8.479016699097286,0.2692307692307692,0.125,0.5384615384615384,0.2995845401559505,1.1690525900238007,0
user_2800,2021-03-27 11:50:00,18,12,13,3,2,2,13,11,14,15,6,5,1,0.04570701988345971,6.608583015454634,3.8961609989861374,0.6842105263157895,0.21428571428571427,0.631578947368421,0.7986737531936952,1.8494931660768583,0
user_2801,2021-01-06 13:08:00,19,24,15,0,0,2,7,14,14,19,15,2,0,0.15735042987197856,8.554983536869356,2.446054697691225,0.75,0.0,1.2,1.454310631513231,0.07894347157725257,0
user_2802,2021-03-23 17:30:00,19,14,10,1,1,1,18,11,7,10,7,1,0,9.536030717563477,0.16144961009253223,6.963694896335428,0.5,0.09090909090909091,0.7,0.9595115134285197,1.0589092842074022,0
user_2803,2021-04-15 17:35:00,19,17,14,1,1,1,12,7,18,11,15,3,0,2.8436160348423325,6.667734074611599,2.111300481396258,0.7,0.06666666666666667,0.85,1.3709344552980107,1.2275232771675093,0
user_2804,2021-03-07 01:47:00,19,15,14,0,2,1,9,8,7,8,16,6,1,7.622100431491385,8.191640219295074,2.5030493373151597,0.7,0.0,0.75,1.9317794330218183,1.3253297209750565,0
user_2805,2021-01-13 13:14:00,21,14,13,0,3,0,10,14,15,17,19,2,0,7.027979378471651,3.8752263870810033,8.200413021656122,0.5909090909090909,0.0,0.6363636363636364,0.14484384344182621,1.0687192256348572,0
user_2806,2021-03-12 01:45:00,23,15,10,0,3,0,18,16,15,9,9,4,0,5.413047182521029,4.347641663591616,6.989251031279284,0.4166666666666667,0.0,0.625,0.5732031566662039,0.3579145178533454,0
user_2807,2021-03-05 07:09:00,26,4,6,3,2,1,9,5,11,19,14,4,0,2.9307154664023347,3.622424092479789,4.1553844999057805,0.2222222222222222,0.42857142857142855,0.14814814814814814,1.3035524482181202,0.5193778957985717,0
user_2808,2021-04-04 03:10:00,25,20,12,0,4,0,18,16,5,14,7,6,1,7.898640453603079,4.004724009647685,9.832186724199847,0.46153846153846156,0.0,0.7692307692307693,0.9038879657875507,1.146190827408956,0
user_2809,2021-01-04 17:00:00,23,13,16,2,5,3,12,14,12,10,16,0,0,0.7357603622661535,7.967249548056309,1.2336260026713157,0.6666666666666666,0.11764705882352941,0.5416666666666666,0.3246639413428254,1.511738956924789,0
user_2810,2021-04-14 12:32:00,17,14,10,2,2,1,18,13,14,5,16,2,0,0.48722310923270284,3.8460474344405373,3.559990570659687,0.5555555555555556,0.18181818181818182,0.7777777777777778,0.12617727898320563,0.0013618244766506749,0
user_2811,2021-04-06 23:42:00,14,10,12,1,2,1,15,11,8,18,19,1,0,2.909882186799908,7.573058642432567,2.3621633162628504,0.8,0.07692307692307693,0.6666666666666666,1.9092155339605161,1.573124198943565,1
user_2812,2021-02-06 22:01:00,20,12,8,0,1,1,16,18,12,19,19,5,1,3.8582049488313674,2.8181524889314504,3.13399938016903,0.38095238095238093,0.0,0.5714285714285714,1.9009415008582997,0.4875474340815984,0
user_2813,2021-01-27 23:29:00,19,14,12,1,1,1,14,10,13,14,14,2,0,9.151978406050029,1.8686532635725706,7.08944124773056,0.6,0.07692307692307693,0.7,0.6289091326905638,0.40893615834967023,0
user_2814,2021-01-25 15:09:00,25,12,13,1,2,3,18,7,8,16,5,0,0,3.600591725790391,8.65134072406659,8.253944357977378,0.5,0.07142857142857142,0.46153846153846156,1.5949503198437796,0.379085890664572,0
user_2815,2021-03-12 14:43:00,19,12,13,0,5,1,8,10,19,7,13,4,0,3.9390980734018344,3.3492715372865645,4.901965472748949,0.65,0.0,0.6,1.7080342709886767,0.2613619765567663,0
user_2816,2021-02-26 06:37:00,20,9,6,0,4,1,14,7,8,6,18,4,0,4.8145088058894805,0.046632977029321676,7.384795006560021,0.2857142857142857,0.0,0.42857142857142855,0.4897281567606686,0.8112277038657658,0
user_2817,2021-04-14 14:58:00,16,15,13,1,1,2,13,14,17,5,14,2,0,3.555177924905725,9.269349156741969,9.891838857444483,0.7647058823529411,0.07142857142857142,0.8823529411764706,0.7707939967481505,0.19775324925224158,0
user_2818,2021-03-27 02:49:00,18,17,7,2,2,1,19,12,17,19,13,5,1,1.0553924327976782,8.038984021527089,5.955778025791432,0.3684210526315789,0.25,0.8947368421052632,0.5813085991006892,1.8801624017447756,0
user_2819,2021-04-22 15:13:00,18,10,3,2,0,0,16,17,10,12,11,3,0,1.388695283898852,2.46016800128525,8.303080883348139,0.15789473684210525,0.5,0.5263157894736842,0.13672487374728926,1.699471897531459,0
user_2820,2021-02-11 09:46:00,21,10,10,0,1,2,19,14,18,10,9,3,0,6.3713950057864635,4.661550465126654,3.4819715582188566,0.45454545454545453,0.0,0.45454545454545453,0.6431549757872699,0.6899286343758617,0
user_2821,2021-04-15 08:19:00,17,17,14,2,0,0,16,12,19,6,18,3,0,6.141533086505198,2.056051252679093,9.566022702558238,0.7777777777777778,0.13333333333333333,0.9444444444444444,0.6205869198070317,0.6924101561979883,0
user_2822,2021-02-13 14:14:00,23,17,6,1,1,0,14,19,7,19,19,5,1,2.737580892520699,4.988864618493966,7.680847330068963,0.25,0.14285714285714285,0.7083333333333334,1.9970474384897734,0.16256672773067193,0
user_2823,2021-03-03 05:04:00,20,20,11,0,1,3,8,7,13,7,9,2,0,4.351476764998027,0.9156837685663943,5.2487543441458735,0.5238095238095238,0.0,0.9523809523809523,0.15995488834501326,1.2167113129549312,0
user_2824,2021-03-22 11:35:00,26,15,13,1,5,2,8,11,19,17,18,0,0,7.764617562796027,0.5160974120648598,9.797485505953363,0.48148148148148145,0.07142857142857142,0.5555555555555556,1.8318985134030383,1.2368821116437614,1
user_2825,2021-03-26 19:54:00,18,15,4,0,1,1,9,18,7,14,18,4,0,2.215627429251843,2.2511409191205356,9.916320654986466,0.21052631578947367,0.0,0.7894736842105263,1.4567038913690888,0.7991096643394149,0
user_2826,2021-01-31 09:37:00,14,13,4,0,3,0,10,10,7,6,16,6,1,1.022452482190237,1.6233748948972404,9.95818272082616,0.26666666666666666,0.0,0.8666666666666667,1.0611154404880636,1.2279160839427872,0
user_2827,2021-01-06 21:01:00,18,8,12,0,3,0,16,11,10,12,8,2,0,8.43497323248312,7.583976224174388,7.255438025375967,0.631578947368421,0.0,0.42105263157894735,1.3480825101294573,0.43692816281470814,0
user_2828,2021-03-03 09:09:00,27,16,13,1,4,1,13,16,15,19,18,2,0,8.790055870247478,1.2313298803003436,8.092918711150556,0.4642857142857143,0.07142857142857142,0.5714285714285714,0.23083295422983774,1.300402383616581,0
user_2829,2021-04-17 17:40:00,25,19,10,0,5,0,11,14,14,18,17,5,1,4.369049615656864,9.395573553765647,2.5087240725528877,0.38461538461538464,0.0,0.7307692307692307,1.6348747924862679,1.3556064762944964,0
user_2830,2021-02-04 19:28:00,26,10,11,1,1,1,18,19,12,19,11,3,0,6.073089282557914,2.8334628455901187,3.931884372981526,0.4074074074074074,0.08333333333333333,0.37037037037037035,0.8905110393511235,1.4841960043779794,1
user_2831,2021-01-19 13:29:00,23,8,12,1,3,2,17,5,11,16,8,1,0,7.10485219582465,4.85535178014957,3.0762369933264635,0.5,0.07692307692307693,0.3333333333333333,0.0997021555108557,1.6844958023997703,0
user_2832,2021-04-05 06:56:00,13,12,8,0,0,0,7,13,19,11,12,0,0,4.373434463831959,2.154741610727787,7.798123796141592,0.5714285714285714,0.0,0.8571428571428571,0.004796437847397028,0.653253068590947,0
user_2833,2021-03-26 20:20:00,28,9,8,1,5,0,6,6,18,13,11,4,0,2.4628279844692647,1.8510877024472339,1.4377808195746553,0.27586206896551724,0.1111111111111111,0.3103448275862069,1.5032245415785968,0.4651579074059118,0
user_2834,2021-02-20 16:37:00,19,18,6,2,2,0,16,6,13,8,6,5,1,6.068363114333158,6.359566767679551,2.386261251945214,0.3,0.2857142857142857,0.9,0.5239088061362949,0.41398040305593664,0
user_2835,2021-04-19 11:24:00,14,14,9,0,0,0,5,16,13,15,10,0,0,8.396595850080267,7.976629942728862,2.3319076228978295,0.6,0.0,0.9333333333333333,0.15865652587860324,1.9741983044640383,0
user_2836,2021-02-21 06:39:00,18,14,13,0,3,2,17,6,14,15,7,6,1,1.9993727440862263,3.6450900762475147,1.969153480936729,0.6842105263157895,0.0,0.7368421052631579,1.6258097143133738,0.6888565586391557,0
user_2837,2021-02-10 17:02:00,23,17,9,2,3,0,14,5,13,6,15,2,0,6.483077793313804,4.764226310608281,5.30496983469906,0.375,0.2,0.7083333333333334,0.6819826174929866,1.0187680978336877,0
user_2838,2021-02-14 19:01:00,19,13,8,1,6,1,9,15,16,8,19,6,1,2.128899652060776,5.980911754026633,5.467533445780459,0.4,0.1111111111111111,0.65,0.004793756034823238,0.9038218439984922,0
user_2839,2021-04-24 00:06:00,17,17,16,1,4,3,12,9,19,18,12,5,1,1.249337018132235,8.666360820482948,2.2670989416846243,0.8888888888888888,0.058823529411764705,0.9444444444444444,1.533909309050958,1.148312046269396,1
user_2840,2021-03-24 19:35:00,18,18,7,1,1,1,5,9,16,14,8,2,0,3.809902107144858,5.796982213396732,8.94056526555618,0.3684210526315789,0.125,0.9473684210526315,0.3641852524391638,1.4238868805122187,0
user_2841,2021-02-20 01:12:00,14,16,13,3,0,0,9,9,18,8,17,5,1,3.52813383139134,3.276966870049355,3.128144038015061,0.8666666666666667,0.21428571428571427,1.0666666666666667,1.4069434143751534,0.7465440471567077,0
user_2842,2021-04-13 19:21:00,26,15,8,1,3,1,19,7,9,14,19,1,0,7.233605925129352,6.207651890361659,1.8981899159968285,0.2962962962962963,0.1111111111111111,0.5555555555555556,1.353055098099332,0.8578829739714819,0
user_2843,2021-01-16 13:36:00,26,13,14,1,4,1,19,17,14,10,13,5,1,9.809259085637231,4.937868264842134,3.012028800457699,0.5185185185185185,0.06666666666666667,0.48148148148148145,0.6565481233509833,0.6289025315308132,0
user_2844,2021-04-01 10:35:00,17,15,8,1,1,0,11,18,18,18,10,3,0,0.9427113167604639,1.3770387514873417,2.2688602890854996,0.4444444444444444,0.1111111111111111,0.8333333333333334,0.8098821015641322,1.8074736650029077,0
user_2845,2021-04-30 23:51:00,15,13,6,1,4,2,9,13,13,15,15,4,0,7.766958119987255,2.398868934255157,8.261060933269743,0.375,0.14285714285714285,0.8125,1.581297121386715,0.45564674633186075,0
user_2846,2021-04-16 06:40:00,19,13,11,1,0,2,10,18,6,18,9,4,0,1.4801111154364455,6.183190169192363,3.5201356315090173,0.55,0.08333333333333333,0.65,1.8825748995527423,1.8709141026664302,0
user_2847,2021-03-06 19:44:00,27,13,11,1,3,3,11,6,19,15,10,5,1,4.942268999755982,4.944312418997607,6.293842334808983,0.39285714285714285,0.08333333333333333,0.4642857142857143,0.333166105268758,0.4411796339102816,1
user_2848,2021-04-08 13:02:00,24,20,11,0,2,0,8,5,7,6,18,3,0,2.2474662204042684,9.70324616317614,2.307725581302643,0.44,0.0,0.8,1.4208657490785173,0.20531128823124667,0
user_2849,2021-02-25 07:56:00,13,19,8,2,1,0,19,15,6,18,5,3,0,8.781031977710224,2.1343361431366423,7.454571604874485,0.5714285714285714,0.2222222222222222,1.3571428571428572,1.3893978811852157,0.6585482485496723,0
user_2850,2021-04-23 17:29:00,19,11,3,0,2,0,5,9,18,16,6,4,0,6.60876727011804,9.969134202413398,8.999823742950117,0.15,0.0,0.55,0.8697717190070005,1.3987893749960651,0
user_2851,2021-02-06 11:13:00,18,14,13,2,0,1,12,6,14,13,8,5,1,8.441234026576579,6.362133984191556,2.924793318267037,0.6842105263157895,0.14285714285714285,0.7368421052631579,0.8364870220603211,0.15445701662987998,0
user_2852,2021-01-14 08:45:00,18,19,15,0,5,0,12,8,11,10,12,3,0,6.105127971797238,2.70953414382586,6.148323559882967,0.7894736842105263,0.0,1.0,0.3535051186675946,1.095290603024134,0
user_2853,2021-04-23 23:45:00,24,14,6,1,3,1,11,14,8,13,19,4,0,2.408431084914654,0.14831852435261084,1.0089657993857544,0.24,0.14285714285714285,0.56,0.11042021470804597,1.1712868045489042,0
user_2854,2021-02-21 18:21:00,24,11,8,2,4,1,14,16,12,11,18,6,1,1.8687318245491957,7.602135148576375,7.6483440945520105,0.32,0.2222222222222222,0.44,1.7276854624964826,0.03841339935046206,1
user_2855,2021-01-28 18:58:00,24,10,5,2,1,2,19,12,9,13,15,3,0,2.4723357351823627,6.423374915196987,7.089172273599151,0.2,0.3333333333333333,0.4,0.3737664595322845,1.182554214162221,0
user_2856,2021-02-28 04:24:00,17,11,8,1,0,1,6,9,19,16,7,6,1,0.7628742830617796,6.8209496020694225,5.801836679760718,0.4444444444444444,0.1111111111111111,0.6111111111111112,1.0268578456992365,1.404775620742184,0
user_2857,2021-03-08 22:29:00,26,17,12,0,4,1,7,18,10,13,12,0,0,6.918040034756237,5.773812095590261,2.6905843879130003,0.4444444444444444,0.0,0.6296296296296297,1.8906596893815921,0.3041132645617586,0
user_2858,2021-03-23 20:56:00,18,15,16,1,1,3,11,16,13,17,18,1,0,5.753922435339552,0.10528416336527013,8.862855378153608,0.8421052631578947,0.058823529411764705,0.7894736842105263,1.5700374250861182,1.1189307875235048,0
user_2859,2021-02-07 17:33:00,23,12,6,0,1,1,12,12,8,17,7,6,1,5.839049438186511,7.670955931845581,5.909499977239429,0.25,0.0,0.5,0.670629336855451,1.204296072264143,1
user_2860,2021-02-14 12:49:00,27,17,16,1,2,2,6,7,16,8,11,6,1,4.701883318650576,2.8839460292508012,9.224212429744696,0.5714285714285714,0.058823529411764705,0.6071428571428571,0.1994609427059526,0.646565902264645,0
user_2861,2021-04-17 17:10:00,18,12,6,0,2,0,8,12,17,8,18,5,1,6.177110740018746,2.46168879430378,1.005765909030254,0.3157894736842105,0.0,0.631578947368421,1.0883633972940079,0.7157408930249078,0
user_2862,2021-01-30 01:01:00,18,10,2,2,3,0,12,7,14,10,19,5,1,7.1897032320633345,4.927463277601207,1.5561234302382267,0.10526315789473684,0.6666666666666666,0.5263157894736842,0.7118059596801785,1.8365356951335923,1
user_2863,2021-03-05 08:18:00,21,14,10,1,4,1,9,5,14,5,7,4,0,4.41764415294903,6.49311682529885,1.358470767682447,0.45454545454545453,0.09090909090909091,0.6363636363636364,0.8334220381259771,1.7390508182939253,0
user_2864,2021-02-26 02:32:00,15,12,11,0,1,0,18,7,19,8,18,4,0,5.220618266164462,6.030961164775457,4.3201178829013775,0.6875,0.0,0.75,1.2233546511291464,1.964847955641846,0
user_2865,2021-03-09 06:11:00,18,13,12,1,2,3,11,9,17,16,16,1,0,3.578213179364378,2.0217476619792105,3.8789126684139275,0.631578947368421,0.07692307692307693,0.6842105263157895,0.19411412103186043,1.853231313800019,0
user_2866,2021-01-19 13:06:00,21,20,8,1,1,0,17,14,11,15,18,1,0,0.5834650964853938,9.456913537640684,1.0462451033044622,0.36363636363636365,0.1111111111111111,0.9090909090909091,0.738095374071231,1.9332827514296,0
user_2867,2021-03-05 01:02:00,15,10,15,0,0,0,19,19,12,8,7,4,0,2.076919906862109,6.964172766159074,8.098892516168194,0.9375,0.0,0.625,1.6588840017620174,0.6025107656802218,0
user_2868,2021-03-02 10:30:00,19,17,10,1,1,0,10,11,16,9,16,1,0,4.4429623220819625,9.194692819594911,1.2719529264201523,0.5,0.09090909090909091,0.85,0.4003343727713309,0.9488337537472638,0
user_2869,2021-01-14 07:56:00,15,18,8,1,2,0,17,16,15,9,5,3,0,7.241797445996905,7.629731939989775,4.41566782931933,0.5,0.1111111111111111,1.125,1.6242167982885354,0.6574779623251958,0
user_2870,2021-02-26 22:12:00,16,13,9,0,4,0,14,6,14,8,15,4,0,0.18585710157145496,1.6373447882697556,6.1042204873170745,0.5294117647058824,0.0,0.7647058823529411,1.7338624572458026,1.6199283672307911,0
user_2871,2021-03-25 15:33:00,22,17,9,0,2,1,9,19,18,15,12,3,0,4.343707006098332,3.1867773426997346,2.3449170681822773,0.391304347826087,0.0,0.7391304347826086,1.2778273571606285,0.08791976423175174,1
user_2872,2021-01-22 04:21:00,23,18,10,3,1,0,6,14,19,19,19,4,0,7.035352326237182,3.333721416633101,4.506512899869325,0.4166666666666667,0.2727272727272727,0.75,1.8388942438307458,0.9040644179799924,0
user_2873,2021-01-07 09:27:00,23,13,13,2,2,1,5,19,13,14,15,3,0,0.8776065217678697,6.900582564178892,5.735725841638468,0.5416666666666666,0.14285714285714285,0.5416666666666666,0.9635942242720661,0.10156583319765766,0
user_2874,2021-02-25 00:03:00,16,16,8,1,2,0,8,9,6,10,16,3,0,8.31301362153604,8.39864659218732,7.077769280833297,0.47058823529411764,0.1111111111111111,0.9411764705882353,0.533758709315532,1.2818379449293966,0
user_2875,2021-01-06 17:20:00,21,9,7,0,5,2,9,9,6,19,11,2,0,7.549695916182112,3.07307055047787,7.939134611762107,0.3181818181818182,0.0,0.4090909090909091,1.6627322273085117,1.1974451168592197,0
user_2876,2021-02-26 03:01:00,19,17,12,2,2,1,10,17,19,8,9,4,0,7.0704391367925234,2.763061208963693,6.102514254242509,0.6,0.15384615384615385,0.85,0.30756503613619923,0.07142213575907963,0
user_2877,2021-02-24 21:03:00,23,12,13,0,3,2,12,9,7,15,17,2,0,6.430100240584977,3.8382919313287367,2.6092664809965176,0.5416666666666666,0.0,0.5,1.080325220022662,1.1349206018801958,0
user_2878,2021-03-03 14:03:00,15,21,14,2,2,1,19,16,9,18,9,2,0,3.295390644938785,6.789633245532586,6.630401459368701,0.875,0.13333333333333333,1.3125,1.8649733132938107,1.094694545308864,1
user_2879,2021-01-23 00:05:00,16,9,12,3,2,2,7,19,19,8,18,5,1,2.608088975095103,4.088702926434966,8.07074152924907,0.7058823529411765,0.23076923076923078,0.5294117647058824,1.3496619039446498,1.1856069474284816,0
user_2880,2021-01-16 04:36:00,22,22,5,2,0,0,16,11,15,7,17,5,1,8.197957816854643,2.389785522016142,4.1008901500077375,0.21739130434782608,0.3333333333333333,0.9565217391304348,0.6811376536636451,1.6416703860113206,0
user_2881,2021-03-26 17:26:00,26,15,7,0,4,1,14,13,18,16,14,4,0,6.015506747272808,9.846185218597478,9.511780656576333,0.25925925925925924,0.0,0.5555555555555556,0.7531305916536672,1.646683488109943,0
user_2882,2021-03-29 21:00:00,24,12,10,2,0,0,16,9,6,18,12,0,0,9.712789461498415,9.563516950269886,5.3199036120086,0.4,0.18181818181818182,0.48,0.6006473638530629,1.4372077130298309,0
user_2883,2021-02-27 10:56:00,16,14,8,0,1,1,13,11,16,15,17,5,1,4.469515549411254,5.282460446651576,9.124026127962631,0.47058823529411764,0.0,0.8235294117647058,1.158104831962543,1.5612026224166582,0
user_2884,2021-03-18 06:07:00,26,16,9,2,5,1,9,16,11,15,9,3,0,9.106778692664864,5.519244723390529,8.292435270761626,0.3333333333333333,0.2,0.5925925925925926,1.3034273559319696,0.787582127452765,0
user_2885,2021-02-12 04:30:00,21,14,16,2,3,1,16,18,6,13,7,4,0,9.127539125704589,8.173040802115887,9.235796285588876,0.7272727272727273,0.11764705882352941,0.6363636363636364,0.5274933146814758,1.6225955062051245,0
user_2886,2021-04-27 09:17:00,24,15,7,0,2,0,5,19,18,15,16,1,0,4.027897780725067,5.3525372783164595,8.689801049900495,0.28,0.0,0.6,1.191735219442248,0.21950378240413237,0
user_2887,2021-02-06 18:12:00,15,7,9,1,0,1,15,5,19,12,7,5,1,9.220555002893992,4.8895389430458716,9.105595211461676,0.5625,0.1,0.4375,1.3382551264270108,0.40139241405845705,0
user_2888,2021-04-30 01:58:00,16,16,7,0,1,0,6,10,14,10,8,4,0,5.768376562918781,9.82070996349012,5.8839331914049,0.4117647058823529,0.0,0.9411764705882353,1.2329497772603948,1.650536265265545,1
user_2889,2021-01-15 21:30:00,17,19,9,0,3,2,19,17,10,16,14,4,0,6.265075341384044,1.2852658305044162,6.7459529906138895,0.5,0.0,1.0555555555555556,0.6902715650964115,1.2845812524675664,0
user_2890,2021-04-29 21:20:00,14,20,10,1,1,0,14,10,6,15,8,3,0,8.789929238348106,4.981389679313294,2.8844570271248022,0.6666666666666666,0.09090909090909091,1.3333333333333333,0.7719983466776412,0.8762023124561422,0
user_2891,2021-01-22 00:57:00,16,18,6,1,1,1,10,12,11,8,17,4,0,9.511823149864979,4.229872224515602,1.863064469686016,0.35294117647058826,0.14285714285714285,1.0588235294117647,1.273652346366985,1.2933228632438019,1
user_2892,2021-03-07 16:44:00,20,15,9,0,3,0,15,11,13,6,7,6,1,1.2112632082737973,1.9022485403648925,8.373749796525502,0.42857142857142855,0.0,0.7142857142857143,0.8962380387930278,0.8834220550048142,0
user_2893,2021-04-27 19:27:00,22,18,15,1,2,1,5,14,10,15,10,1,0,9.644724008012112,2.6177974956370997,5.387318947225496,0.6521739130434783,0.0625,0.782608695652174,1.1933381271146164,0.16767473827205404,1
user_2894,2021-01-17 20:29:00,17,18,16,2,1,1,19,17,19,13,13,6,1,6.866140687559808,6.718068629475686,8.682152349409073,0.8888888888888888,0.11764705882352941,1.0,1.9502885953299085,1.8434825694153918,0
user_2895,2021-04-23 16:07:00,13,27,13,0,1,0,18,16,9,8,14,4,0,3.555237020418769,2.005123112394206,3.4089571126745715,0.9285714285714286,0.0,1.9285714285714286,0.06637435100009625,0.38126774106168937,1
user_2896,2021-04-02 09:44:00,17,15,7,0,3,2,10,5,17,11,13,4,0,4.186026081392535,0.20396598960564005,4.638713244864143,0.3888888888888889,0.0,0.8333333333333334,0.7001763327938424,1.5615724419150212,0
user_2897,2021-02-20 16:58:00,17,20,12,3,0,0,7,13,8,8,6,5,1,4.763602565381671,4.36921261940534,2.1800780568154807,0.6666666666666666,0.23076923076923078,1.1111111111111112,1.6073580097733262,1.8831624710634172,0
user_2898,2021-01-24 10:28:00,19,17,10,0,2,1,12,13,6,13,19,6,1,3.90322022182809,9.216099474826184,7.615573890048903,0.5,0.0,0.85,1.0847572706407123,1.6305931330313708,0
user_2899,2021-02-17 08:58:00,16,12,11,0,1,1,9,14,19,11,18,2,0,2.0298542012539222,7.145076006536852,8.014425696768782,0.6470588235294118,0.0,0.7058823529411765,1.2975464071615477,1.7995935938981602,0
user_2900,2021-02-25 20:10:00,20,19,6,1,0,2,15,15,7,18,5,3,0,7.494107432839764,5.679985297121936,3.213933396103337,0.2857142857142857,0.14285714285714285,0.9047619047619048,1.3648832815922796,0.5968637018220448,0
user_2901,2021-03-16 17:42:00,21,13,10,3,0,0,6,11,7,9,9,1,0,0.8140302110176312,4.9042748339494,4.048244512528791,0.45454545454545453,0.2727272727272727,0.5909090909090909,1.563074025920135,0.7445497984426788,0
user_2902,2021-04-27 02:51:00,19,13,8,2,3,1,12,15,5,6,15,1,0,9.868971388412312,4.513166278295461,3.6916696798610804,0.4,0.2222222222222222,0.65,1.2638750105015604,1.6671951334582222,0
user_2903,2021-02-11 06:32:00,19,19,3,0,2,0,5,15,11,17,13,3,0,5.711525808393576,4.849104071987446,1.5240125514723482,0.15,0.0,0.95,0.45978860322370485,0.8619020255709087,0
user_2904,2021-01-08 02:13:00,15,8,6,1,0,0,11,6,7,14,9,4,0,2.8063029632708805,5.2852251868364775,7.289618332751469,0.375,0.14285714285714285,0.5,0.21682915959693072,1.8611325102368224,0
user_2905,2021-01-18 12:54:00,17,10,12,1,2,1,8,14,9,13,11,0,0,3.2725063908240837,9.255205522201997,9.21636279748048,0.6666666666666666,0.07692307692307693,0.5555555555555556,1.5769936098071184,0.4445926278827823,0
user_2906,2021-04-26 03:33:00,18,12,6,1,0,0,14,13,15,14,16,0,0,1.5682214968648522,4.661922832002587,4.105303516381744,0.3157894736842105,0.14285714285714285,0.631578947368421,0.7242427109565941,1.816326558160469,0
user_2907,2021-01-18 08:02:00,17,15,10,2,1,2,13,5,6,9,19,0,0,3.2933616461394255,5.898596403676086,4.015797913083429,0.5555555555555556,0.18181818181818182,0.8333333333333334,0.08092940647237579,0.7222450287754623,0
user_2908,2021-03-20 18:12:00,23,18,10,0,1,0,17,11,8,15,7,5,1,0.23860982416801346,3.439234295488661,7.411674557595079,0.4166666666666667,0.0,0.75,0.09591156038959192,0.26264108379448126,1
user_2909,2021-04-22 02:40:00,19,18,8,2,2,0,19,16,19,10,8,3,0,3.5317047784144915,8.18533025615797,1.8723202016555536,0.4,0.2222222222222222,0.9,0.8564738834951409,1.5602928846442088,0
user_2910,2021-01-10 07:55:00,16,13,12,1,2,2,7,10,12,14,14,6,1,9.827544590388442,2.2144390453328677,7.6092103395867134,0.7058823529411765,0.07692307692307693,0.7647058823529411,1.6490313286729052,0.8496569223613226,0
user_2911,2021-04-15 13:12:00,21,12,10,1,1,2,16,14,15,19,13,3,0,2.2438989612662863,1.7083582583577062,8.001633354698479,0.45454545454545453,0.09090909090909091,0.5454545454545454,1.3960900444447066,0.05204293509619107,0
user_2912,2021-04-18 03:53:00,14,16,8,1,0,0,11,10,5,16,8,6,1,6.022203890760574,0.26699864183348576,7.316207895825184,0.5333333333333333,0.1111111111111111,1.0666666666666667,0.8725338725418936,0.33048481642720273,1
user_2913,2021-01-23 14:50:00,15,18,10,0,3,1,19,11,9,16,12,5,1,8.034187871408452,5.177841027162836,3.630294513344394,0.625,0.0,1.125,0.5049627842549158,0.8401072823780071,0
user_2914,2021-03-17 23:00:00,16,15,11,1,1,0,6,9,12,9,9,2,0,1.4914878987481717,7.420102925464477,7.060412788854816,0.6470588235294118,0.08333333333333333,0.8823529411764706,0.9513783999685232,1.9879785723498455,0
user_2915,2021-03-13 03:19:00,19,9,15,1,1,2,11,14,13,8,14,5,1,2.798831234485204,5.05979192259286,2.659477189595745,0.75,0.0625,0.45,0.30526967481750433,0.6952847058897527,0
user_2916,2021-02-19 04:58:00,15,10,8,1,2,2,11,13,16,8,18,4,0,1.667507386265774,1.0465133582301578,5.107195078551011,0.5,0.1111111111111111,0.625,1.5484828877741774,0.8013409470790165,0
user_2917,2021-02-11 10:47:00,27,20,8,1,2,2,12,18,9,8,8,3,0,3.456876634761914,7.725700288873804,9.064637663386312,0.2857142857142857,0.1111111111111111,0.7142857142857143,1.9209663971399298,1.233253153055496,0
user_2918,2021-03-29 07:39:00,23,13,9,0,2,1,11,7,14,19,6,0,0,5.090806673700317,6.409987285547434,6.396124345593187,0.375,0.0,0.5416666666666666,1.6824162751098535,1.9827044923165855,0
user_2919,2021-01-22 14:05:00,25,14,5,1,2,1,6,7,6,14,13,4,0,3.0810853895411405,6.054085077124691,7.285276300253955,0.19230769230769232,0.16666666666666666,0.5384615384615384,0.5849000202473869,0.6220616056968162,0
user_2920,2021-02-24 07:34:00,18,14,16,0,1,1,14,12,10,18,18,2,0,1.0137150503701564,5.050768985138533,6.916740725026736,0.8421052631578947,0.0,0.7368421052631579,0.007683374485989214,0.4869607188911982,0
user_2921,2021-02-15 23:39:00,22,17,14,2,4,1,7,10,13,8,10,0,0,8.63556417103774,7.280231177457196,2.2776100323745347,0.6086956521739131,0.13333333333333333,0.7391304347826086,1.8495712898520633,0.0791346538871407,0
user_2922,2021-03-28 14:08:00,19,17,8,4,3,1,7,6,8,18,6,6,1,2.7568304193883666,1.9208467456580691,4.626803384921047,0.4,0.4444444444444444,0.85,1.8620185071957367,1.7768098181953658,0
user_2923,2021-02-07 09:54:00,13,12,11,1,1,1,16,13,9,19,12,6,1,5.791696827886264,6.67908245683282,2.3613665319179624,0.7857142857142857,0.08333333333333333,0.8571428571428571,1.0767849887868004,0.6398144591573707,0
user_2924,2021-01-17 02:39:00,15,21,8,0,1,1,16,8,19,7,16,6,1,3.7286048150666007,3.103963721416169,7.254057593115938,0.5,0.0,1.3125,0.6590051037404385,0.476099652948373,0
user_2925,2021-01-06 23:25:00,22,15,15,2,4,2,14,12,14,5,15,2,0,3.4262599986481956,7.8458155313264255,5.5224811947567,0.6521739130434783,0.125,0.6521739130434783,1.9720131301617105,1.936931285142213,0
user_2926,2021-01-08 19:12:00,16,12,8,2,0,1,12,14,8,19,5,4,0,8.163207424579763,1.921278179830942,4.802072988725648,0.47058823529411764,0.2222222222222222,0.7058823529411765,0.31991054841188094,1.5074008038509117,0
user_2927,2021-01-20 04:52:00,17,16,10,1,3,1,5,5,18,19,19,2,0,6.098900644423832,6.531152521619398,2.016671936359842,0.5555555555555556,0.09090909090909091,0.8888888888888888,1.9613769865062618,1.408254880565134,0
user_2928,2021-01-02 06:30:00,18,15,12,0,1,2,16,19,14,12,6,5,1,6.3438729762757315,5.4152249081644745,8.171594912958938,0.631578947368421,0.0,0.7894736842105263,0.2932237393955326,0.2913253171773398,0
user_2929,2021-03-04 20:18:00,21,16,6,2,2,1,13,11,11,11,13,3,0,6.0652299809965555,0.8528840834415308,9.665329645836707,0.2727272727272727,0.2857142857142857,0.7272727272727273,0.6346491127873641,1.1698164434705518,0
user_2930,2021-01-15 12:50:00,22,13,17,3,0,1,14,16,5,7,12,4,0,2.775228918620293,7.1208566383985525,5.661769379790581,0.7391304347826086,0.16666666666666666,0.5652173913043478,1.5819569996040992,1.5353850617605886,0
user_2931,2021-04-15 14:59:00,15,17,8,0,2,1,14,7,17,18,11,3,0,0.5499897296278322,8.010202472103735,4.738713980291855,0.5,0.0,1.0625,0.5191781501425927,1.4175151679352822,0
user_2932,2021-04-25 19:50:00,17,11,8,0,4,0,19,16,12,16,10,6,1,7.626580624648833,7.178936404741122,1.0776371838851757,0.4444444444444444,0.0,0.6111111111111112,0.16835950584509773,0.5127473659958761,0
user_2933,2021-01-26 01:38:00,29,16,5,0,0,0,9,12,18,7,9,1,0,9.414367770355968,6.956187430214921,8.565035416274272,0.16666666666666666,0.0,0.5333333333333333,0.8142108258760068,0.49854950259312436,0
user_2934,2021-02-09 10:23:00,19,19,12,1,4,0,17,11,16,12,5,1,0,3.2863907112148496,5.586928114478846,8.543992741416725,0.6,0.07692307692307693,0.95,1.9864391220826816,0.35958439037091905,0
user_2935,2021-01-22 00:34:00,15,16,11,2,3,3,13,10,7,10,14,4,0,8.102269439796594,0.2195763235604875,3.721563399008711,0.6875,0.16666666666666666,1.0,1.4989021724415117,0.17079297555682915,0
user_2936,2021-02-02 13:02:00,19,11,12,0,1,1,6,19,15,8,14,1,0,2.091321829264486,6.728043668696392,4.7483305527740125,0.6,0.0,0.55,0.7162126826973578,0.5555436471763655,0
user_2937,2021-03-27 04:58:00,28,14,8,0,2,1,18,12,15,19,15,5,1,5.500083703178368,0.9130229407274582,4.799273085569823,0.27586206896551724,0.0,0.4827586206896552,1.209559804373501,1.1151608521350418,0
user_2938,2021-02-18 00:51:00,12,19,12,0,1,0,11,10,12,15,8,3,0,1.8952715131536468,2.112318412640415,9.191685172695749,0.9230769230769231,0.0,1.4615384615384615,0.9453424173074727,0.3846013967341657,0
user_2939,2021-02-11 20:37:00,18,14,11,1,4,2,8,18,16,17,8,3,0,4.6074597507306105,7.256656796373414,7.053938539429591,0.5789473684210527,0.08333333333333333,0.7368421052631579,1.9662132755342405,0.9018383054350656,0
user_2940,2021-03-24 23:54:00,27,12,11,1,5,2,10,7,9,17,7,2,0,3.263874712468419,4.995866976485185,9.79770500141887,0.39285714285714285,0.08333333333333333,0.42857142857142855,1.5407424661231053,1.1444691760812387,1
user_2941,2021-04-04 23:20:00,18,15,9,4,3,2,12,16,15,10,15,6,1,4.4146701638753205,1.2285279887229317,9.833517154503205,0.47368421052631576,0.4,0.7894736842105263,1.566271394256058,0.5863745959922528,0
user_2942,2021-02-07 22:03:00,13,15,14,1,3,0,18,12,13,14,19,6,1,7.271910644425066,4.537636347570521,9.836116637669994,1.0,0.06666666666666667,1.0714285714285714,0.48529561853309544,0.14974957791924948,0
user_2943,2021-04-24 10:51:00,25,9,8,1,4,0,14,13,7,17,19,5,1,0.909580777176463,8.038592203908577,7.460187606318861,0.3076923076923077,0.1111111111111111,0.34615384615384615,0.976921624960702,1.6408011594733674,0
user_2944,2021-04-26 16:41:00,21,14,10,1,2,1,11,16,14,15,9,0,0,6.848782320754388,4.33333936486357,7.651679336864659,0.45454545454545453,0.09090909090909091,0.6363636363636364,0.47700239508879205,1.6151843699949158,0
user_2945,2021-04-19 19:52:00,18,10,12,1,2,3,8,19,8,10,8,0,0,6.69908401487601,2.6496956980399977,8.475426386687388,0.631578947368421,0.07692307692307693,0.5263157894736842,1.7611150281801522,0.8878744146150102,0
user_2946,2021-02-12 18:28:00,24,12,5,1,1,1,12,13,15,9,15,4,0,9.657185491664713,5.397587878399368,5.222732882278162,0.2,0.16666666666666666,0.48,0.08786056773831152,1.739060864558682,0
user_2947,2021-04-07 10:09:00,12,8,11,1,1,2,8,12,18,14,9,2,0,2.220266007498073,5.534922535429736,7.021832653532341,0.8461538461538461,0.08333333333333333,0.6153846153846154,0.779049924129189,1.5888447534409305,0
user_2948,2021-03-28 00:04:00,16,10,5,2,1,0,13,6,19,9,16,6,1,4.425722929794694,2.9515764223719465,8.696604476007057,0.29411764705882354,0.3333333333333333,0.5882352941176471,1.0048855792215223,0.23683721443495065,0
user_2949,2021-01-31 16:44:00,22,22,7,1,1,1,18,11,12,12,11,6,1,8.212853166798562,3.2138595330622644,6.319302594169455,0.30434782608695654,0.125,0.9565217391304348,1.3435006076521907,0.9477227336894916,0
user_2950,2021-04-25 15:34:00,30,18,11,1,4,2,8,19,19,5,11,6,1,9.807892026081895,3.1315728414815815,9.020303825600111,0.3548387096774194,0.08333333333333333,0.5806451612903226,1.005978294954165,1.435214441648675,0
user_2951,2021-04-28 22:10:00,18,8,10,0,4,0,15,19,17,5,12,2,0,5.851266220790418,0.7705933475389926,4.752613622892646,0.5263157894736842,0.0,0.42105263157894735,1.7933290209049966,0.9202485759534242,0
user_2952,2021-03-04 21:04:00,21,14,5,0,5,0,7,6,7,12,10,3,0,0.6825941461330531,1.9914244269247239,7.328838254303472,0.22727272727272727,0.0,0.6363636363636364,1.1034209895850444,0.9832336986433947,0
user_2953,2021-04-30 12:11:00,19,10,12,0,1,0,10,10,11,19,8,4,0,0.5989310562781336,5.356126101962034,8.727936396322558,0.6,0.0,0.5,0.3721323874946292,1.0784569868755938,0
user_2954,2021-01-26 23:13:00,25,16,11,2,0,2,18,18,12,12,6,1,0,3.5212235995031804,8.518019294592797,1.260910297661419,0.4230769230769231,0.16666666666666666,0.6153846153846154,0.5704798806048446,1.9472733610728918,0
user_2955,2021-01-12 23:33:00,25,17,9,3,7,1,9,6,17,19,12,1,0,4.032080605056898,2.618933399402353,2.707333468626886,0.34615384615384615,0.3,0.6538461538461539,0.030622704373049592,1.9935486745284172,0
user_2956,2021-01-10 12:49:00,16,12,4,1,1,0,18,9,11,17,19,6,1,1.2994203311599772,9.668908346018622,1.684979904845093,0.23529411764705882,0.2,0.7058823529411765,0.13619221315748287,1.231648447935078,0
user_2957,2021-04-29 21:11:00,16,19,5,1,2,0,18,16,13,13,16,3,0,3.611907126977034,2.248473703959445,5.851721716733846,0.29411764705882354,0.16666666666666666,1.1176470588235294,1.5686704247220276,1.1402973117354092,0
user_2958,2021-03-25 09:55:00,20,10,11,2,4,0,9,18,17,9,15,3,0,9.482944640233535,1.8571130602725838,7.420513660830627,0.5238095238095238,0.16666666666666666,0.47619047619047616,1.8175808155054594,0.19830977791131632,1
user_2959,2021-02-12 23:15:00,25,13,12,0,1,2,8,19,19,8,8,4,0,2.3420162757772545,8.508255746767121,2.0528928545523666,0.46153846153846156,0.0,0.5,1.9623718149094236,1.7221446609005058,0
user_2960,2021-02-26 01:34:00,21,16,8,0,2,0,13,19,7,12,16,4,0,7.6156816119139155,3.2828065901659365,5.046780050217878,0.36363636363636365,0.0,0.7272727272727273,0.1003155634671733,1.6341181609932063,0
user_2961,2021-03-19 14:25:00,20,13,15,0,2,1,12,10,17,8,9,4,0,4.686536952377925,1.1670624819470365,3.8990375807471644,0.7142857142857143,0.0,0.6190476190476191,1.2468894923315832,1.3767503485934305,0
user_2962,2021-04-18 13:21:00,19,20,8,1,1,0,8,15,14,16,17,6,1,3.7029845603709255,9.589699023977388,3.1180048318667843,0.4,0.1111111111111111,1.0,1.2344764692421624,1.2848424590655743,0
user_2963,2021-01-24 16:30:00,14,20,8,1,0,0,14,15,5,19,6,6,1,4.140891710985589,5.0243538026272105,7.905879630690765,0.5333333333333333,0.1111111111111111,1.3333333333333333,0.8464531619728783,1.3220636397677334,0
user_2964,2021-02-22 07:15:00,20,12,9,2,2,0,8,18,5,16,9,0,0,5.7870071593692405,7.729048062409321,1.4238724455786287,0.42857142857142855,0.2,0.5714285714285714,1.7818664989601833,0.7767412138564134,0
user_2965,2021-01-25 21:01:00,23,16,5,2,2,0,10,12,5,10,12,0,0,8.772848686906759,6.234839244061396,1.2557891821760305,0.20833333333333334,0.3333333333333333,0.6666666666666666,0.9702151282400597,0.5253072513607975,0
user_2966,2021-01-01 19:37:00,16,17,4,0,1,1,6,16,16,8,9,4,0,8.297950728143554,2.7376434536515792,5.564423897095638,0.23529411764705882,0.0,1.0,1.732353989123201,0.5977179789562026,0
user_2967,2021-02-05 06:58:00,21,10,14,2,1,1,17,8,14,7,11,4,0,5.410187339803061,2.0947956561498096,9.022384638264482,0.6363636363636364,0.13333333333333333,0.45454545454545453,0.23427216619922908,0.0592181834370602,0
user_2968,2021-02-28 03:22:00,16,18,16,1,1,0,18,19,19,17,12,6,1,9.342932015967566,9.582038613868207,2.9102301277119733,0.9411764705882353,0.058823529411764705,1.0588235294117647,1.435906616517225,0.3116422014430835,0
user_2969,2021-04-28 05:27:00,19,20,5,2,2,0,10,5,12,19,13,2,0,5.710766496228534,5.609308203571329,5.247180536682017,0.25,0.3333333333333333,1.0,1.6834860788396768,0.011101133360329696,0
user_2970,2021-03-12 08:33:00,26,13,9,0,2,2,12,9,11,16,9,4,0,0.4747864827064785,4.351043381513124,9.651287040025606,0.3333333333333333,0.0,0.48148148148148145,0.9571765369241043,1.494370689067458,0
user_2971,2021-03-08 04:00:00,21,15,11,1,2,1,7,8,17,8,13,0,0,1.0628237898845028,3.294551115270222,3.907355533285133,0.5,0.08333333333333333,0.6818181818181818,0.1751084671716927,0.5507292402947188,0
user_2972,2021-02-16 22:25:00,15,14,7,0,0,1,19,5,14,16,5,1,0,8.510289370171705,6.104641892745196,9.205010174431015,0.4375,0.0,0.875,0.18503198254051112,0.6910047531099424,0
user_2973,2021-01-18 09:21:00,18,12,9,0,4,2,16,8,10,16,13,0,0,3.4476056623794946,7.278056745558784,7.733621636453709,0.47368421052631576,0.0,0.631578947368421,1.934168611562695,1.6814449545513022,0
user_2974,2021-04-27 05:01:00,17,11,8,2,3,1,10,9,8,19,5,1,0,7.9675410120322185,5.414514428429282,5.413726461880452,0.4444444444444444,0.2222222222222222,0.6111111111111112,1.7013253884242396,1.6274962931168244,0
user_2975,2021-01-27 21:03:00,28,13,12,0,4,1,5,18,7,7,18,2,0,5.42832946847067,5.87847868962247,4.189208869850091,0.41379310344827586,0.0,0.4482758620689655,0.010849292983541314,0.7098525984452149,0
user_2976,2021-04-27 16:17:00,14,14,16,1,2,2,6,8,16,11,18,1,0,6.3305140640524495,8.474532859202016,6.857022558769095,1.0666666666666667,0.058823529411764705,0.9333333333333333,1.6394519637540865,0.19987153104667987,0
user_2977,2021-04-12 00:56:00,17,15,7,2,2,2,17,12,9,15,11,0,0,4.595421234881034,5.4740098804746005,9.49162998588774,0.3888888888888889,0.25,0.8333333333333334,0.31584612809736945,1.475872218703274,0
user_2978,2021-03-22 21:13:00,25,16,11,0,6,1,8,13,12,10,17,0,0,4.831554778552411,6.275959162527287,8.349263346507588,0.4230769230769231,0.0,0.6153846153846154,0.7407620578637664,1.3103595606013583,0
user_2979,2021-04-24 23:05:00,29,15,13,0,1,1,9,11,13,15,17,5,1,3.837814737314255,3.016813569851603,8.683873855876266,0.43333333333333335,0.0,0.5,1.6493768884758468,0.7573206408578901,0
user_2980,2021-04-10 09:56:00,23,9,11,1,0,1,8,19,10,14,11,5,1,8.07245192079583,7.595830449238498,2.834463536692122,0.4583333333333333,0.08333333333333333,0.375,1.7282712848382216,0.371906517255822,0
user_2981,2021-04-28 22:19:00,23,13,11,1,2,0,9,11,6,12,5,2,0,8.823516906725908,8.337818150509563,9.834344364322755,0.4583333333333333,0.08333333333333333,0.5416666666666666,1.9723026282628966,1.2694362658350362,0
user_2982,2021-02-13 02:38:00,15,13,9,0,1,2,12,16,8,16,12,5,1,2.672571717568135,6.980102628643898,1.8010653278456588,0.5625,0.0,0.8125,0.9755975444167884,0.8244002747906438,0
user_2983,2021-01-20 10:39:00,21,17,18,1,0,5,7,17,12,9,16,2,0,6.282778055231363,1.327274010036853,3.256596586144605,0.8181818181818182,0.05263157894736842,0.7727272727272727,1.043580651111746,0.4099609790669867,0
user_2984,2021-02-15 16:07:00,24,12,12,1,2,2,8,16,17,17,15,0,0,3.098993828019113,0.3056183370149568,7.819418588282789,0.48,0.07692307692307693,0.48,1.1766602123292613,0.8167581512794462,0
user_2985,2021-03-14 02:06:00,22,15,12,1,2,1,19,15,11,17,6,6,1,7.051801958828192,9.627546652180003,5.496722786182972,0.5217391304347826,0.07692307692307693,0.6521739130434783,0.08882654865639039,1.6546454438813205,0
user_2986,2021-04-14 19:11:00,17,10,11,2,1,0,6,7,9,6,5,2,0,6.718539517986298,7.5760016416608,5.45989052125477,0.6111111111111112,0.16666666666666666,0.5555555555555556,1.2386820530189708,1.6362258251609285,0
user_2987,2021-04-16 18:59:00,18,20,6,1,2,3,12,19,9,6,9,4,0,5.597829088716244,4.242930551385457,4.471784470373965,0.3157894736842105,0.14285714285714285,1.0526315789473684,0.975692006553929,1.570616352006626,0
user_2988,2021-02-20 17:36:00,13,15,9,1,1,1,10,12,10,8,6,5,1,3.792907755111168,3.3002682985846143,8.552620647050658,0.6428571428571429,0.1,1.0714285714285714,0.8675107011442402,1.774286647624933,1
user_2989,2021-04-24 12:25:00,22,19,8,3,3,0,11,19,6,18,10,5,1,8.67718117787615,7.965119517057079,8.985715006341014,0.34782608695652173,0.3333333333333333,0.8260869565217391,1.9231017501757806,1.9013322523152494,0
user_2990,2021-04-17 23:00:00,14,16,14,1,1,0,13,19,16,13,9,5,1,7.733119487728958,7.304852568948935,6.8851986556227756,0.9333333333333333,0.06666666666666667,1.0666666666666667,0.8792457880224156,1.1645640025557686,0
user_2991,2021-01-20 05:22:00,29,19,5,0,0,1,19,11,5,14,9,2,0,5.402471436894741,3.9048555231146165,4.570291015199395,0.16666666666666666,0.0,0.6333333333333333,1.6755639455165845,1.020182819466306,0
user_2992,2021-03-24 19:45:00,13,20,9,0,2,1,10,18,5,19,14,2,0,8.37471019145671,0.5650183371756989,9.794976487007279,0.6428571428571429,0.0,1.4285714285714286,0.8326070316188505,0.49489363624755933,0
user_2993,2021-02-13 00:17:00,20,10,10,1,3,1,6,12,10,14,5,5,1,2.0600536985421893,8.360507130116742,4.666849102352024,0.47619047619047616,0.09090909090909091,0.47619047619047616,0.6621414946583246,1.096474436227082,0
user_2994,2021-01-17 17:47:00,26,16,7,0,1,2,17,19,15,19,6,6,1,5.520225423698327,9.449476831426,5.345479272984935,0.25925925925925924,0.0,0.5925925925925926,0.8363242871375267,1.3926240456394994,0
user_2995,2021-01-23 12:33:00,15,14,13,1,0,3,10,10,16,15,6,5,1,5.882701724819035,4.08796358136362,8.95071797088127,0.8125,0.07142857142857142,0.875,1.324434643690563,1.3846565561750832,0
user_2996,2021-04-28 10:44:00,16,10,12,1,1,2,8,13,17,10,6,2,0,1.883643359897228,3.4365487542494213,1.111030938350968,0.7058823529411765,0.07692307692307693,0.5882352941176471,1.5163318878688754,1.918682503762205,1
user_2997,2021-04-30 19:32:00,24,15,14,0,2,2,15,14,5,6,10,4,0,9.026365569179914,6.307295132478049,7.516830179516818,0.56,0.0,0.6,1.2425939940453155,1.4268922498038998,0
user_2998,2021-04-06 03:39:00,18,13,12,1,2,2,9,8,14,13,17,1,0,6.3599427176338486,0.6961826317470232,2.9130890712604556,0.631578947368421,0.07692307692307693,0.6842105263157895,1.852815418135444,0.2996721515918157,0
user_2999,2021-03-19 10:30:00,16,11,4,0,0,0,5,12,12,10,12,4,0,8.31938425115115,1.2302690153671691,7.875053167674092,0.23529411764705882,0.0,0.6470588235294118,0.6973695149627079,0.9779338067285763,0
user_3000,2021-03-15 17:39:00,18,20,15,1,1,1,14,12,8,8,8,0,0,3.352454601368493,7.959706334540093,2.2029445747065717,0.7894736842105263,0.0625,1.0526315789473684,0.13450904243261985,1.0137841756172123,0
user_3001,2021-02-03 19:55:00,18,15,13,1,1,2,19,19,14,11,13,2,0,9.03908655212873,6.954424580710933,3.0814915946645764,0.6842105263157895,0.07142857142857142,0.7894736842105263,1.6911155828289657,1.5333102747387506,0
user_3002,2021-01-02 17:14:00,28,16,12,0,1,0,16,5,16,11,17,5,1,1.4143965090742694,5.77945408256451,3.9920222158271548,0.41379310344827586,0.0,0.5517241379310345,1.1360659697196926,0.2953997275479987,0
user_3003,2021-01-26 23:17:00,16,15,13,1,3,1,16,11,14,19,19,1,0,4.12963988169045,6.1847926265280435,2.7933206251978984,0.7647058823529411,0.07142857142857142,0.8823529411764706,1.5168647478434296,0.45550945225643114,0
user_3004,2021-02-27 11:11:00,14,15,15,1,3,1,18,5,12,16,12,5,1,6.283701408801772,2.4882351602310573,4.107101010464296,1.0,0.0625,1.0,0.7371172848328134,1.7498114447266941,0
user_3005,2021-02-26 19:12:00,19,20,12,0,2,1,15,14,8,8,11,4,0,4.68333813001354,3.9669288948011383,8.555175049265657,0.6,0.0,1.0,1.8293455636995728,0.28309932261462634,0
user_3006,2021-02-22 19:35:00,17,10,10,2,2,0,6,14,17,10,8,0,0,1.5774663101601127,6.809229691083432,1.5787950572019729,0.5555555555555556,0.18181818181818182,0.5555555555555556,0.16503570256701594,1.9121070640691218,0
user_3007,2021-03-20 02:39:00,11,15,11,1,1,1,11,14,9,12,16,5,1,1.6650503121919003,5.685894514036978,8.79827259664815,0.9166666666666666,0.08333333333333333,1.25,1.6078063922471142,0.6741093504378459,0
user_3008,2021-04-25 19:46:00,25,13,10,0,2,0,12,12,5,8,19,6,1,6.762468366050181,3.7632620987194865,2.048680228814667,0.38461538461538464,0.0,0.5,1.5716122160033619,1.0322855696465993,0
user_3009,2021-03-13 06:29:00,25,23,10,2,2,0,8,12,19,13,16,5,1,1.1915396065981365,8.131284219070409,5.198825192914653,0.38461538461538464,0.18181818181818182,0.8846153846153846,0.08261036919918152,0.24784229019760473,1
user_3010,2021-03-06 00:39:00,13,19,11,0,1,2,5,9,18,16,11,5,1,3.296764050582146,5.674082296704615,8.662995451247777,0.7857142857142857,0.0,1.3571428571428572,0.10312542254821166,1.5713632529687702,0
user_3011,2021-01-08 12:56:00,22,12,12,0,2,0,7,7,10,13,11,4,0,3.453113845937643,3.913903701907503,7.497521373679693,0.5217391304347826,0.0,0.5217391304347826,0.5263158115653357,1.225574066658123,1
user_3012,2021-04-12 04:38:00,29,16,16,0,4,2,5,15,16,5,17,0,0,8.054663752867254,6.553959781726579,5.556681092986924,0.5333333333333333,0.0,0.5333333333333333,0.7450849580912167,1.5716096506713721,0
user_3013,2021-01-18 16:27:00,25,12,8,1,0,0,14,8,10,9,9,0,0,1.3784493229860528,2.560997467655043,6.917567024131344,0.3076923076923077,0.1111111111111111,0.46153846153846156,0.7392452822878415,0.4642961469632052,0
user_3014,2021-02-22 06:05:00,9,12,8,1,0,0,16,18,9,13,19,0,0,4.3021044889466555,7.671103231258657,2.166005462879982,0.8,0.1111111111111111,1.2,0.6440285737046623,1.8516247534049894,0
user_3015,2021-03-07 06:57:00,17,14,6,2,1,1,18,13,9,9,8,6,1,6.139777959408085,5.423789124710817,3.3399963079098236,0.3333333333333333,0.2857142857142857,0.7777777777777778,0.5961088411700948,0.20297961456568614,0
user_3016,2021-03-22 21:56:00,22,12,16,0,2,5,16,6,11,11,5,0,0,7.996492802979359,5.951550882573061,9.06604122314491,0.6956521739130435,0.0,0.5217391304347826,1.65964068746255,1.6632180706149033,1
user_3017,2021-04-26 06:31:00,16,11,13,1,0,2,13,16,19,10,10,0,0,5.854281000146797,2.039375889627867,3.5672016215006126,0.7647058823529411,0.07142857142857142,0.6470588235294118,0.6625102641225706,1.2256440260804378,0
user_3018,2021-01-31 23:39:00,26,21,11,0,2,1,6,19,16,14,17,6,1,8.786717062909519,4.88367238502393,9.659503096900147,0.4074074074074074,0.0,0.7777777777777778,1.4023597594856743,0.0934373071443908,1
user_3019,2021-01-04 22:28:00,18,17,8,0,1,0,13,7,6,7,13,0,0,2.211948183585725,5.261188278106548,5.672452391249713,0.42105263157894735,0.0,0.8947368421052632,0.7468586709283074,1.5801155873791197,0
user_3020,2021-03-29 02:30:00,22,13,6,2,0,0,7,10,12,11,11,0,0,9.236033723421528,1.1250527942121913,6.4688649969366665,0.2608695652173913,0.2857142857142857,0.5652173913043478,0.21377607409531207,1.1983623744427558,0
user_3021,2021-01-14 04:55:00,25,22,6,0,3,0,5,13,17,15,8,3,0,6.256486310652949,6.646792019063059,8.723834612689988,0.23076923076923078,0.0,0.8461538461538461,0.7696600781100378,0.38103584834963944,0
user_3022,2021-04-09 16:39:00,25,19,7,1,2,0,8,11,6,18,7,4,0,5.000539227657899,9.842347325883317,6.955793227399861,0.2692307692307692,0.125,0.7307692307692307,1.8939304534800971,1.7239239676137934,0
user_3023,2021-04-13 12:10:00,20,8,11,0,1,0,17,15,10,16,14,1,0,2.3652848944809457,2.931964435831642,7.3079890016513085,0.5238095238095238,0.0,0.38095238095238093,0.01948093264766615,1.821320576791022,0
user_3024,2021-01-14 16:53:00,24,17,7,1,1,0,11,15,10,19,5,3,0,8.067537420594066,2.750430987454149,3.2313399629013304,0.28,0.125,0.68,0.7118958072524317,1.7535377508206917,0
user_3025,2021-03-19 16:52:00,22,18,4,1,3,0,17,15,9,18,19,4,0,5.68230296905376,8.0112326829639,4.5640078316503825,0.17391304347826086,0.2,0.782608695652174,1.22530756625852,1.5043882537372872,0
user_3026,2021-03-26 15:57:00,21,13,8,0,2,1,10,13,8,10,16,4,0,5.004692781047603,4.0435509668160075,8.422190108251584,0.36363636363636365,0.0,0.5909090909090909,0.6609863871181869,1.604936827933807,0
user_3027,2021-03-20 08:01:00,18,13,12,3,2,1,16,15,16,5,6,5,1,2.6232922237696723,9.36089252598569,2.3744190268337757,0.631578947368421,0.23076923076923078,0.6842105263157895,0.9070465984892466,1.887126071617443,0
user_3028,2021-02-16 13:53:00,17,16,12,0,3,0,12,12,7,13,12,1,0,4.139177158556379,2.7982161436788964,6.196821260044153,0.6666666666666666,0.0,0.8888888888888888,0.4390301240813548,1.7939916272147869,0
user_3029,2021-01-20 16:34:00,14,20,9,0,0,0,11,13,17,17,11,2,0,5.6690795405000465,5.92475246687067,8.844701306123097,0.6,0.0,1.3333333333333333,1.773700582532002,1.3994785004278667,0
user_3030,2021-02-12 10:13:00,15,22,16,0,0,1,16,5,11,6,14,4,0,3.943149509388596,1.5111710543067292,5.81341156226632,1.0,0.0,1.375,0.6911261509948243,1.4561738224950587,0
user_3031,2021-04-23 09:43:00,28,13,10,2,6,2,11,10,17,11,17,4,0,1.2869072291673633,2.2607926800322655,4.178472632607303,0.3448275862068966,0.18181818181818182,0.4482758620689655,1.5453170400217124,0.42266484651815306,0
user_3032,2021-02-01 21:04:00,19,13,5,3,2,0,7,17,8,11,14,0,0,8.442042431917526,3.1430538165667024,2.1644171022162166,0.25,0.5,0.65,0.9981283337340261,0.5520917668275762,0
user_3033,2021-03-07 16:07:00,23,16,10,0,0,1,5,6,10,15,5,6,1,6.253329610557752,1.348990638105545,4.865017465791905,0.4166666666666667,0.0,0.6666666666666666,0.11385022295927083,0.0898658833057131,0
user_3034,2021-02-22 09:44:00,27,15,7,3,5,0,8,14,10,9,9,0,0,0.3868108831198336,0.7212146819659948,5.484387640074593,0.25,0.375,0.5357142857142857,0.8269863126729733,0.3193521944557638,0
user_3035,2021-03-04 16:57:00,20,19,6,1,2,0,5,8,12,6,7,3,0,0.4876123268782062,6.768048724534682,2.6667159880587326,0.2857142857142857,0.14285714285714285,0.9047619047619048,0.42609285833600263,1.42193268240413,0
user_3036,2021-04-21 17:05:00,19,10,11,2,2,0,8,8,10,14,11,2,0,7.949988310311916,5.440296315497262,4.600827595134763,0.55,0.16666666666666666,0.5,0.6240406933318279,1.678015826976869,0
user_3037,2021-02-15 15:51:00,26,14,7,2,0,2,15,17,16,8,5,0,0,6.212458594039977,7.845182761482556,6.364633779631984,0.25925925925925924,0.25,0.5185185185185185,1.3366618802981907,1.7908573085979187,0
user_3038,2021-01-19 02:07:00,21,13,11,1,0,1,8,18,19,9,13,1,0,3.10902619029507,7.016227241134384,9.47380831270615,0.5,0.08333333333333333,0.5909090909090909,1.0346850074833351,1.154976005169788,0
user_3039,2021-03-10 22:50:00,19,21,12,2,2,1,17,15,5,11,14,2,0,6.311976369116941,1.2937493056817417,6.9498457905425814,0.6,0.15384615384615385,1.05,0.043513735086982974,1.6738576596828447,0
user_3040,2021-01-25 02:08:00,17,19,14,1,0,1,15,5,16,15,13,0,0,7.163981957819184,6.014932627016497,1.6157278663652281,0.7777777777777778,0.06666666666666667,1.0555555555555556,1.0839735611401977,0.7297580178658118,0
user_3041,2021-02-01 23:45:00,22,9,13,1,3,1,14,5,9,13,11,0,0,0.5535064180995253,0.5504732966174486,7.804764362750832,0.5652173913043478,0.07142857142857142,0.391304347826087,0.868229071296251,0.949922759228,0
user_3042,2021-04-08 01:40:00,16,16,12,1,1,0,8,15,6,17,11,3,0,6.020286518075537,7.040393502209056,2.7729386168768233,0.7058823529411765,0.07692307692307693,0.9411764705882353,0.7584419482799236,0.06081068305549864,0
user_3043,2021-04-07 09:14:00,16,15,7,0,3,0,12,14,12,13,19,2,0,9.267745516073497,9.69053021214916,5.761405872336165,0.4117647058823529,0.0,0.8823529411764706,1.4949865580348067,1.276567444372152,0
user_3044,2021-02-20 18:44:00,24,18,6,1,2,0,9,12,12,18,9,5,1,2.082332741364885,6.602384447645164,1.5204949604871796,0.24,0.14285714285714285,0.72,1.0201915059903204,1.8679740452671918,1
user_3045,2021-04-25 14:53:00,26,12,12,1,3,1,8,11,8,15,10,6,1,4.067819435863393,7.6695231376789526,5.578478714267779,0.4444444444444444,0.07692307692307693,0.4444444444444444,1.1191613547326682,0.6980124600148099,0
user_3046,2021-02-07 11:52:00,31,9,12,0,1,0,7,12,18,12,19,6,1,7.73094148222925,3.680784639574358,1.3935744803834347,0.375,0.0,0.28125,1.3344575941984036,0.2621151004651927,0
user_3047,2021-02-23 23:07:00,20,17,9,1,3,2,7,19,14,14,10,1,0,9.700614425522092,2.8375451706475383,3.756672989778864,0.42857142857142855,0.1,0.8095238095238095,0.9133154537394874,0.7785559349256077,0
user_3048,2021-03-22 19:46:00,28,20,14,1,2,1,17,6,11,14,8,0,0,6.396178458326567,0.35068380490180795,1.5945338296427978,0.4827586206896552,0.06666666666666667,0.6896551724137931,0.15522898441021415,1.7948854071634004,0
user_3049,2021-03-01 01:06:00,26,17,8,2,4,0,15,10,5,17,18,0,0,7.427307914556545,9.584941649914553,6.998564859642092,0.2962962962962963,0.2222222222222222,0.6296296296296297,0.17834058331126013,1.5950835017852791,0
user_3050,2021-04-07 12:00:00,14,12,9,2,1,1,5,14,8,9,5,2,0,8.283012119814813,0.5260576387291582,9.879213287761816,0.6,0.2,0.8,1.9746168500134587,1.4025488320232118,0
user_3051,2021-01-11 03:25:00,28,14,7,1,4,0,19,9,16,14,18,0,0,2.0682426511570284,3.8250590930484263,6.037817679154898,0.2413793103448276,0.125,0.4827586206896552,1.163304480018245,0.8016295206965265,0
user_3052,2021-03-13 22:06:00,21,10,4,2,3,0,10,12,14,10,12,5,1,9.625836000593338,5.873735126281332,3.3812826358422132,0.18181818181818182,0.4,0.45454545454545453,0.13323822606725133,0.17807103737128416,0
user_3053,2021-01-27 00:03:00,22,10,8,1,2,1,10,14,9,11,5,2,0,2.565772835321698,5.181077912510618,3.272840396366838,0.34782608695652173,0.1111111111111111,0.43478260869565216,1.624535951158581,0.9212159033890812,0
user_3054,2021-04-18 09:08:00,14,15,9,1,2,2,10,19,5,19,11,6,1,0.29316314838463864,0.1961951089966929,8.339457519963183,0.6,0.1,1.0,0.44866196775747436,1.9531453138087176,0
user_3055,2021-03-07 05:04:00,24,15,11,0,3,0,18,15,14,19,6,6,1,1.0695232731988324,7.007532540022773,4.6655952072473115,0.44,0.0,0.6,1.7690611002841414,0.9973604697829599,0
user_3056,2021-01-15 18:40:00,13,10,7,1,0,0,7,12,12,15,15,4,0,5.742292516747139,7.602093416341663,6.353052251141926,0.5,0.125,0.7142857142857143,1.7708194868232991,1.89494935271962,0
user_3057,2021-04-28 11:37:00,11,24,9,1,1,1,5,18,6,9,9,2,0,1.948626821376993,5.8341317822720065,2.193078347140971,0.75,0.1,2.0,1.8762030877526004,0.8338864896415872,0
user_3058,2021-01-27 06:24:00,24,17,6,0,5,0,8,18,8,18,13,2,0,4.630057859091653,6.861177341635596,7.074453170535753,0.24,0.0,0.68,0.6822453861040632,1.7355620529186617,0
user_3059,2021-04-30 15:03:00,24,16,13,1,2,2,16,13,13,16,9,4,0,1.1400898049839825,2.0853053645451594,1.6414416733252888,0.52,0.07142857142857142,0.64,0.21232263720640154,1.3137814219415516,0
user_3060,2021-04-01 11:46:00,19,14,9,0,1,1,16,9,13,5,10,3,0,4.945241879703365,3.461260977019588,4.695897356849715,0.45,0.0,0.7,1.1952246786914293,0.9206707263485621,0
user_3061,2021-02-27 10:38:00,20,7,11,1,4,2,6,16,11,16,10,5,1,1.9466603840176333,0.7924720546458364,5.073684393826531,0.5238095238095238,0.08333333333333333,0.3333333333333333,0.2980926643543036,0.4277303136692445,0
user_3062,2021-04-02 09:55:00,16,15,12,0,0,2,15,14,14,11,17,4,0,1.7024671425685378,9.042458343376719,8.74082673329894,0.7058823529411765,0.0,0.8823529411764706,0.8585909708398749,0.5934129294305701,0
user_3063,2021-03-29 19:39:00,19,11,13,0,0,0,10,12,17,11,10,0,0,3.429612990409916,1.0066736895560147,2.2368071658697737,0.65,0.0,0.55,0.9235615657594145,0.06644150637707469,1
user_3064,2021-01-05 22:15:00,24,16,5,1,4,1,15,5,18,17,18,1,0,5.498859606730217,1.496771065741379,8.799362815705043,0.2,0.16666666666666666,0.64,1.292386078088827,1.2209806579937947,0
user_3065,2021-03-17 13:17:00,25,14,6,2,1,0,16,17,5,14,19,2,0,9.561209365829868,1.1836289920688448,2.329770702230688,0.23076923076923078,0.2857142857142857,0.5384615384615384,1.8189068833916595,1.8788597634993633,0
user_3066,2021-03-05 22:44:00,22,10,17,2,3,1,16,15,5,11,12,4,0,4.715116264090662,8.956754216419984,1.834285874560397,0.7391304347826086,0.1111111111111111,0.43478260869565216,1.0559809297508018,0.3386064242204774,0
user_3067,2021-04-18 05:02:00,17,14,12,2,5,0,19,7,15,11,6,6,1,4.408945762632856,1.928791111028073,5.438079985478052,0.6666666666666666,0.15384615384615385,0.7777777777777778,1.167600453294771,1.7497857857825059,0
user_3068,2021-04-18 20:07:00,26,11,11,0,2,1,17,5,16,15,14,6,1,3.805574245416744,7.785397873128408,9.83935889920718,0.4074074074074074,0.0,0.4074074074074074,0.43923820252668744,1.6811638202589163,0
user_3069,2021-03-25 02:53:00,22,13,11,1,0,2,13,6,17,9,16,3,0,8.794384345348359,1.561145311419322,6.074159062235866,0.4782608695652174,0.08333333333333333,0.5652173913043478,1.434378317499672,0.18131019402612059,0
user_3070,2021-03-23 17:34:00,17,17,11,2,3,0,8,9,7,5,6,1,0,7.0757725098166455,5.019660774944045,8.106417588958466,0.6111111111111112,0.16666666666666666,0.9444444444444444,0.2586050371437454,0.019113049845479013,1
user_3071,2021-04-13 19:13:00,16,9,11,2,3,1,8,11,17,8,14,1,0,1.2271285965259393,0.320939148807976,8.256261374059894,0.6470588235294118,0.16666666666666666,0.5294117647058824,0.7083430733746408,1.2957853011865272,0
user_3072,2021-03-15 11:51:00,20,20,10,1,3,0,14,9,11,13,5,0,0,5.115782374216524,5.165855248252331,2.1361841618716837,0.47619047619047616,0.09090909090909091,0.9523809523809523,0.8140967813550823,0.08890905572111474,0
user_3073,2021-04-12 02:30:00,18,13,12,2,1,1,5,11,7,15,11,0,0,4.111449979727584,3.7500615529560433,8.65582799401459,0.631578947368421,0.15384615384615385,0.6842105263157895,1.6900731138473235,0.42318385380690815,0
user_3074,2021-04-04 00:42:00,25,23,6,0,3,0,5,12,18,7,10,6,1,6.076754495650025,3.822320464000587,3.785037439033542,0.23076923076923078,0.0,0.8846153846153846,1.5184211220354,0.6693833347052904,0
user_3075,2021-04-06 14:48:00,21,12,5,0,3,0,17,7,13,14,9,1,0,6.155364465904853,4.686741006378923,6.246332915393932,0.22727272727272727,0.0,0.5454545454545454,1.0676339361701295,0.8637564753950098,0
user_3076,2021-02-22 13:10:00,21,20,9,3,1,1,17,8,5,5,11,0,0,1.8684926135042146,9.771704315459797,1.0457835905227784,0.4090909090909091,0.3,0.9090909090909091,0.09862680085392173,0.6989031154414813,1
user_3077,2021-02-06 19:16:00,24,7,8,2,3,1,8,18,11,19,15,5,1,9.708438911467308,4.384686750744473,7.745098569737187,0.32,0.2222222222222222,0.28,0.31715327550409067,1.296120492439185,0
user_3078,2021-04-20 15:50:00,21,20,3,1,2,1,14,9,19,17,5,1,0,6.189849689579797,0.4636753791033932,5.875731567425218,0.13636363636363635,0.25,0.9090909090909091,0.1910709946490068,0.6457791795829204,0
user_3079,2021-01-13 13:51:00,23,12,14,0,1,3,7,8,8,18,18,2,0,8.455975152535316,9.297586638986031,4.697738538131061,0.5833333333333334,0.0,0.5,1.5282189005727598,0.25988460460787643,0
user_3080,2021-01-07 00:09:00,24,12,8,0,3,0,16,8,7,10,8,3,0,0.968716212883205,5.13693854052592,8.27531634800906,0.32,0.0,0.48,1.8644193575764771,1.2975447481277427,0
user_3081,2021-01-05 19:39:00,22,9,7,1,3,0,11,6,18,9,19,1,0,5.982452120881446,5.104063603407738,9.500222173202431,0.30434782608695654,0.125,0.391304347826087,0.22091237532621788,1.8147921624742371,1
user_3082,2021-04-06 22:05:00,25,10,13,1,1,1,15,19,13,18,9,1,0,9.44036794660475,6.429211501903954,9.755872840581969,0.5,0.07142857142857142,0.38461538461538464,0.9420914562745619,0.3956159637393064,0
user_3083,2021-04-22 09:57:00,22,19,7,1,1,2,13,14,7,19,12,3,0,2.724670345461455,2.3972291212498034,8.792662466618602,0.30434782608695654,0.125,0.8260869565217391,0.5403002495844242,0.7736197062996191,0
user_3084,2021-03-14 08:17:00,6,9,14,0,1,0,11,5,13,7,17,6,1,2.0283196570400595,8.57578841185824,8.913591073957488,2.0,0.0,1.2857142857142858,0.7435787042124427,1.3094520049866862,0
user_3085,2021-01-23 19:09:00,24,12,9,1,0,1,14,16,16,14,6,5,1,2.9668351175670225,2.288173137207373,4.7471129455509296,0.36,0.1,0.48,1.7962957196928342,1.8033694756811218,0
user_3086,2021-02-20 02:32:00,17,10,8,2,1,2,14,16,17,7,19,5,1,1.7958224682400126,0.6309240171675157,8.323990890919637,0.4444444444444444,0.2222222222222222,0.5555555555555556,0.4483149825873367,0.6240290608412229,0
user_3087,2021-04-02 16:37:00,21,16,13,1,1,1,16,18,10,17,16,4,0,5.085986719985932,5.628367282655763,1.396524854135855,0.5909090909090909,0.07142857142857142,0.7272727272727273,0.9384810384235696,0.23964185236937063,0
user_3088,2021-04-17 11:13:00,22,19,9,1,1,0,13,11,13,15,15,5,1,0.9244751562056308,2.0099736890093567,6.146638272754593,0.391304347826087,0.1,0.8260869565217391,1.5564417588061177,0.6872286905770801,1
user_3089,2021-04-12 10:13:00,22,11,13,0,3,0,19,9,15,17,9,0,0,2.085801925048494,1.6484908832995748,3.9975229691647893,0.5652173913043478,0.0,0.4782608695652174,1.0904421985015138,0.7408926428212135,0
user_3090,2021-01-15 06:28:00,22,14,8,1,6,1,13,10,13,15,16,4,0,6.390096382176931,3.6514039204754134,6.6248306255066405,0.34782608695652173,0.1111111111111111,0.6086956521739131,0.568495396707543,1.1412168992649279,0
user_3091,2021-01-30 14:09:00,13,17,8,0,1,1,8,6,10,8,10,5,1,7.460797037054428,1.7595301973661859,8.397985306424932,0.5714285714285714,0.0,1.2142857142857142,0.2866878197660332,1.291201309442546,1
user_3092,2021-02-10 22:51:00,16,12,7,1,0,0,11,11,5,10,17,2,0,4.840075988021008,0.1995789839613893,1.9459673003922728,0.4117647058823529,0.125,0.7058823529411765,0.22740058962379806,1.3955142702612404,0
user_3093,2021-04-24 18:21:00,23,17,7,2,1,0,12,10,16,7,16,5,1,0.026384472010131388,6.794487698376754,7.268236533378127,0.2916666666666667,0.25,0.7083333333333334,0.7788171031225637,1.1299337652241221,0
user_3094,2021-04-19 04:00:00,27,19,6,1,4,1,18,19,6,6,18,0,0,6.414317764303452,5.222832105084276,6.556722994239947,0.21428571428571427,0.14285714285714285,0.6785714285714286,1.6045278287268103,0.6797679398755765,0
user_3095,2021-04-08 13:16:00,24,15,11,0,2,1,8,7,14,13,18,3,0,3.3097084854257632,6.23946576471321,5.013697600722556,0.44,0.0,0.6,0.29634434494428197,0.11051816914825263,0
user_3096,2021-04-24 15:15:00,22,14,6,1,4,0,18,13,16,7,11,5,1,4.501756456469174,8.210434954242567,1.2707169070196742,0.2608695652173913,0.14285714285714285,0.6086956521739131,1.4787289134930155,0.6183282374189769,0
user_3097,2021-01-04 07:26:00,22,20,9,0,1,0,18,19,13,16,8,0,0,8.515616335769542,2.2781789246120643,1.3470708901259605,0.391304347826087,0.0,0.8695652173913043,0.8423529787583441,0.19681093507604985,0
user_3098,2021-03-31 03:16:00,19,22,12,1,0,1,5,6,10,9,10,2,0,4.833298916627804,8.567367687197404,9.215616319404315,0.6,0.07692307692307693,1.1,0.5028025734619761,0.8032543623652901,0
user_3099,2021-01-18 08:14:00,16,14,8,0,3,1,8,14,10,16,10,0,0,2.2077286837507137,0.9334468458386391,9.90322570379193,0.47058823529411764,0.0,0.8235294117647058,1.6978333445407952,1.605778537444011,0
user_3100,2021-02-06 21:42:00,19,16,12,1,3,2,17,5,11,10,10,5,1,5.083902162870454,0.872046146762987,5.2264669460128665,0.6,0.07692307692307693,0.8,1.8743564315672112,1.092516183687805,0
user_3101,2021-03-15 22:47:00,23,15,14,1,3,2,10,17,13,16,10,0,0,9.299547717878834,4.128086377658091,3.0615887734657505,0.5833333333333334,0.06666666666666667,0.625,1.2623259389788255,1.8122851482938522,0
user_3102,2021-01-31 03:59:00,23,13,13,2,4,1,11,12,11,12,19,6,1,9.824814300518716,1.3255495807946238,2.0943966526795723,0.5416666666666666,0.14285714285714285,0.5416666666666666,1.105857732513122,0.9547006750256217,0
user_3103,2021-03-10 05:24:00,17,11,7,0,1,0,6,13,8,19,6,2,0,7.681351382868242,4.599127394229661,8.366430237016694,0.3888888888888889,0.0,0.6111111111111112,0.6000079088804118,1.9100981956807384,0
user_3104,2021-01-02 19:13:00,19,18,13,0,2,1,16,6,5,14,13,5,1,3.082612749682089,0.12937136529173499,4.990767190994453,0.65,0.0,0.9,1.0777784911230157,0.20954658691839634,0
user_3105,2021-01-21 17:32:00,17,20,13,1,1,2,17,17,13,5,11,3,0,1.5725914708929412,3.0246708191875413,4.817371215597163,0.7222222222222222,0.07142857142857142,1.1111111111111112,0.22683166855366155,1.2745187654738497,0
user_3106,2021-04-24 03:56:00,23,9,12,2,3,0,11,15,12,5,18,5,1,8.11372065945756,4.493151488729775,2.0652516032503048,0.5,0.15384615384615385,0.375,0.2671343510531867,1.3758288414221334,0
user_3107,2021-04-02 06:38:00,22,15,7,3,2,0,14,9,10,19,18,4,0,5.141142483819944,9.631405222804304,2.8176868104916073,0.30434782608695654,0.375,0.6521739130434783,0.5340222110804393,1.1052352842596762,0
user_3108,2021-01-19 01:26:00,16,24,7,0,0,1,13,18,12,18,7,1,0,4.103811323192219,3.3588334371402784,2.521608927007991,0.4117647058823529,0.0,1.411764705882353,0.3049328749499123,0.7566643923535645,0
user_3109,2021-03-18 22:06:00,14,9,7,2,0,1,8,11,15,5,9,3,0,7.797675165265906,1.1753065028649845,2.066344415309948,0.4666666666666667,0.25,0.6,0.07069539507898459,1.3126862978379017,0
user_3110,2021-03-16 01:08:00,22,14,12,0,1,0,19,8,18,5,5,1,0,5.766665177019808,6.869186329411202,5.168347398505219,0.5217391304347826,0.0,0.6086956521739131,1.0255879906030472,1.464477485421438,0
user_3111,2021-02-21 11:35:00,17,10,12,0,2,1,5,12,13,7,12,6,1,4.805979543035458,2.6927000787735187,8.239862041257886,0.6666666666666666,0.0,0.5555555555555556,0.9138545294209413,0.4274241244197958,1
user_3112,2021-03-04 16:46:00,19,13,12,0,1,2,19,5,12,5,14,3,0,0.41737257305190845,4.733207073656297,6.812446709943555,0.6,0.0,0.65,1.1557148510257997,1.489329198600958,0
user_3113,2021-02-22 23:01:00,18,16,9,0,1,1,10,15,9,13,12,0,0,2.1504292583595497,8.116416977719874,9.268746843104655,0.47368421052631576,0.0,0.8421052631578947,1.1924878392544627,0.6300025701714822,0
user_3114,2021-02-02 18:56:00,20,13,13,0,4,1,13,6,19,6,10,1,0,7.784863441380203,8.77384373182439,1.7284606242579725,0.6190476190476191,0.0,0.6190476190476191,0.8253186432285702,1.8479704094443543,0
user_3115,2021-01-28 17:51:00,16,18,15,3,2,1,10,9,5,15,15,3,0,9.351862494283314,5.128880878528717,6.6016884158846105,0.8823529411764706,0.1875,1.0588235294117647,0.42856594001271975,1.5507988638741934,1
user_3116,2021-01-08 12:16:00,15,11,9,0,0,0,14,19,13,10,13,4,0,6.816027667882189,0.6755266054282416,9.668373653091148,0.5625,0.0,0.6875,1.3351166380176,1.0050053265898777,0
user_3117,2021-03-26 14:54:00,19,12,10,1,1,0,5,8,10,18,14,4,0,1.3649367882380004,0.2830768075693768,3.6187143991980513,0.5,0.09090909090909091,0.6,1.732243321201466,0.6798805167357234,1
user_3118,2021-02-20 10:38:00,22,7,11,2,2,3,12,15,18,18,18,5,1,7.98595173709414,7.181727866688456,9.199634249817098,0.4782608695652174,0.16666666666666666,0.30434782608695654,0.03308660458904589,0.5202456240799296,0
user_3119,2021-04-03 19:17:00,30,19,11,0,1,2,17,12,7,5,10,5,1,0.5303959076115217,2.266295043214599,8.8007549966772,0.3548387096774194,0.0,0.6129032258064516,1.0735310982153987,1.106403090960873,0
user_3120,2021-02-05 02:11:00,18,16,7,2,1,1,18,12,7,6,12,4,0,2.6094605632764853,1.2590179202589102,8.90213699923247,0.3684210526315789,0.25,0.8421052631578947,1.2245783477461722,0.5825796351506392,0
user_3121,2021-02-12 11:44:00,13,14,11,2,1,2,6,18,16,19,9,4,0,7.0621988718157,6.767529833109084,5.832832894565584,0.7857142857142857,0.16666666666666666,1.0,0.5609944162041514,1.479757544813102,0
user_3122,2021-04-20 06:24:00,19,22,8,3,2,0,19,12,12,12,7,1,0,9.209375179607509,8.93099998230152,1.1128319015519217,0.4,0.3333333333333333,1.1,1.209628744414687,0.7505135996133216,0
user_3123,2021-03-08 21:10:00,19,9,13,1,1,1,14,8,8,17,10,0,0,1.379738441806393,4.131872134877773,1.411772465879896,0.65,0.07142857142857142,0.45,0.5309253375080145,0.5385061603500259,0
user_3124,2021-02-03 19:08:00,19,21,10,1,2,1,14,8,10,16,19,2,0,0.6117979129653361,3.256891298721931,4.550101121811369,0.5,0.09090909090909091,1.05,1.370484709456553,0.8904625164052451,1
user_3125,2021-02-28 18:06:00,21,13,9,0,1,1,5,9,6,11,6,6,1,9.316061395365328,9.589635157112907,3.0698154442046537,0.4090909090909091,0.0,0.5909090909090909,0.7802789285905656,1.7012487986370892,0
user_3126,2021-01-24 02:38:00,22,21,9,0,2,1,5,8,9,5,9,6,1,3.4234975402882153,8.389515895033849,6.141186281847065,0.391304347826087,0.0,0.9130434782608695,0.9004430575754341,0.6681012528429224,0
user_3127,2021-03-03 08:03:00,32,12,12,0,2,1,5,10,10,7,13,2,0,9.349233078086135,7.2979001737453935,5.9514468076292495,0.36363636363636365,0.0,0.36363636363636365,1.8962544395798913,1.7624267042002204,0
user_3128,2021-02-04 20:17:00,24,14,19,1,2,1,15,15,15,14,12,3,0,3.781762685422202,1.7839556589830763,4.854916559246762,0.76,0.05,0.56,0.273879463316443,0.8019053586628027,0
user_3129,2021-04-25 15:00:00,24,16,12,0,5,2,5,8,7,14,18,6,1,3.017259398389257,8.481483274409648,3.476845998897415,0.48,0.0,0.64,0.9863989181436832,1.0533940053860766,0
user_3130,2021-02-11 00:58:00,17,16,13,0,2,2,14,11,8,16,6,3,0,1.3289323942071796,6.091967294609841,5.599944548746552,0.7222222222222222,0.0,0.8888888888888888,0.42813513649279167,1.164571287859726,0
user_3131,2021-02-27 06:58:00,17,17,7,1,1,0,12,5,6,7,7,5,1,8.336594425202701,4.526242418565714,4.645235149933096,0.3888888888888889,0.125,0.9444444444444444,1.6417264218123466,0.7863282900334585,0
user_3132,2021-01-27 15:47:00,16,17,11,1,0,2,16,15,18,10,18,2,0,2.463885419820324,5.520556783636818,4.157524306181522,0.6470588235294118,0.08333333333333333,1.0,1.095586687704061,0.35451488378805696,0
user_3133,2021-03-27 16:53:00,29,16,12,0,1,1,6,7,12,8,9,5,1,0.8989386656485843,9.073279644711384,7.214210080639396,0.4,0.0,0.5333333333333333,1.806646429345744,0.06203235113526273,0
user_3134,2021-02-24 08:43:00,22,14,12,2,1,0,16,5,16,11,9,2,0,6.530341999111856,4.046211948328988,9.760269367663568,0.5217391304347826,0.15384615384615385,0.6086956521739131,0.16459046019039492,0.6283000728625727,0
user_3135,2021-01-13 13:32:00,20,15,5,2,3,1,11,8,11,9,7,2,0,0.4661989314441739,1.985529725216948,1.051994779123326,0.23809523809523808,0.3333333333333333,0.7142857142857143,0.1786971123007819,1.9815047361874378,0
user_3136,2021-03-31 06:16:00,27,13,12,2,3,1,15,15,17,10,18,2,0,8.3429627413083,8.52296961174665,6.665034062551534,0.42857142857142855,0.15384615384615385,0.4642857142857143,0.9632567821622562,0.9548101119625334,1
user_3137,2021-02-15 04:45:00,19,10,9,0,6,1,18,11,6,14,11,0,0,9.558225988633872,3.1056642991589123,7.013689618868169,0.45,0.0,0.5,1.9798340188883181,0.6424289963371599,0
user_3138,2021-01-23 18:28:00,22,20,14,0,1,2,17,16,14,10,5,5,1,6.224727797192335,6.684643993611147,6.488359956543601,0.6086956521739131,0.0,0.8695652173913043,1.6613911797455385,0.3207743401675236,0
user_3139,2021-01-31 22:29:00,25,23,4,1,5,0,19,19,5,7,18,6,1,7.935573337768571,0.0014325495269751354,1.96865695801751,0.15384615384615385,0.2,0.8846153846153846,0.16170530839875363,0.6242865519195788,0
user_3140,2021-02-10 15:11:00,19,15,4,0,2,0,18,7,19,7,17,2,0,4.003024896768103,8.585675909634473,3.5221335980799133,0.2,0.0,0.75,0.4586170701504668,1.8590598153068894,0
user_3141,2021-02-01 22:17:00,23,12,10,0,1,0,13,18,12,13,15,0,0,7.678526231557137,0.05164216794141918,6.418223065427023,0.4166666666666667,0.0,0.5,0.3873598849479032,1.6045552302844297,0
user_3142,2021-03-12 06:31:00,19,18,12,2,2,2,5,18,15,10,16,4,0,6.957588698743536,3.7068859156420944,4.483591159576655,0.6,0.15384615384615385,0.9,0.9538735350362961,0.5491408939586113,0
user_3143,2021-01-21 01:10:00,18,11,5,2,2,1,13,11,5,7,8,3,0,4.458774377744692,2.695030498398072,4.2942457454324465,0.2631578947368421,0.3333333333333333,0.5789473684210527,0.3997146665413527,0.3632316362300292,0
user_3144,2021-01-08 08:05:00,25,19,5,1,1,1,17,17,9,13,11,4,0,7.736784248056001,5.617026023766954,7.05445132329544,0.19230769230769232,0.16666666666666666,0.7307692307692307,0.8565386009220624,0.04598901604047545,0
user_3145,2021-04-20 21:57:00,19,21,7,0,3,1,14,8,11,16,12,1,0,9.171073544425512,0.11439940076376276,9.157549952363963,0.35,0.0,1.05,1.5990873882283574,1.9025210122663354,1
user_3146,2021-02-19 23:33:00,26,16,16,2,5,2,14,7,12,11,13,4,0,1.3112200058332113,8.070066325976043,6.957550086175521,0.5925925925925926,0.11764705882352941,0.5925925925925926,0.4015486337883323,0.5090051568418887,0
user_3147,2021-03-27 00:44:00,26,11,7,1,5,0,15,14,17,19,14,5,1,6.936960509373162,1.1577788995228921,3.2449825003322292,0.25925925925925924,0.125,0.4074074074074074,1.7257702419486505,0.4812684090443702,0
user_3148,2021-01-06 13:11:00,21,23,11,1,2,0,12,11,14,6,8,2,0,4.055328298042013,0.13160320605039022,5.91816686125055,0.5,0.08333333333333333,1.0454545454545454,1.5484265300590758,0.030869645828519143,0
user_3149,2021-01-07 03:13:00,26,23,9,2,1,0,12,10,6,8,13,3,0,8.574885877085173,6.741504516927491,9.240322328803906,0.3333333333333333,0.2,0.8518518518518519,1.96852044487538,0.5369678042737684,0
user_3150,2021-01-25 19:46:00,12,17,16,0,3,1,10,6,15,11,18,0,0,1.4419707655054648,1.5592236756469213,6.224581498740676,1.2307692307692308,0.0,1.3076923076923077,1.8805242981593562,1.3875165155874936,0
user_3151,2021-01-18 08:18:00,16,14,11,3,1,2,19,7,17,8,12,0,0,2.006763812653989,5.382025313502956,3.0619526762148577,0.6470588235294118,0.25,0.8235294117647058,0.7897629046531525,0.4205526035724336,0
user_3152,2021-04-10 09:11:00,22,12,9,0,0,2,10,9,5,12,5,5,1,4.097757540400792,0.31856650458923497,9.368621167560322,0.391304347826087,0.0,0.5217391304347826,0.8820521816906752,0.6207236717662508,0
user_3153,2021-04-09 02:54:00,15,20,11,1,3,2,6,14,16,6,7,4,0,7.861905968323581,7.63804400512472,6.8770736569001345,0.6875,0.08333333333333333,1.25,1.1533278404181269,0.5316457149904315,0
user_3154,2021-04-28 12:21:00,18,14,8,1,2,0,11,17,8,14,7,2,0,0.0686008234530533,1.425130874673256,6.883990616966366,0.42105263157894735,0.1111111111111111,0.7368421052631579,0.9289595382102396,1.434003703230843,0
user_3155,2021-01-22 14:55:00,16,7,10,2,0,2,13,17,7,13,18,4,0,6.636806456878867,9.09197269329781,8.839632223084248,0.5882352941176471,0.18181818181818182,0.4117647058823529,1.289133341760571,0.708675453039801,0
user_3156,2021-01-10 16:32:00,24,13,9,1,3,1,13,19,8,9,14,6,1,9.304506253795331,9.504702687143244,1.1130427859190917,0.36,0.1,0.52,0.354199171491399,1.5411979130803064,0
user_3157,2021-03-02 08:56:00,28,13,15,3,2,2,12,17,7,16,7,1,0,4.613660814828995,6.077382840403205,2.2495626335840764,0.5172413793103449,0.1875,0.4482758620689655,1.0557818547578737,0.014202485019824795,0
user_3158,2021-04-03 13:49:00,17,14,11,1,1,2,5,6,5,14,6,5,1,8.8656955104176,7.294843046763465,3.1227119467100297,0.6111111111111112,0.08333333333333333,0.7777777777777778,1.8002935504407016,0.7090318887767331,0
user_3159,2021-04-10 22:09:00,20,18,6,2,2,1,9,7,18,8,14,5,1,3.242597938491243,1.6533912994104183,1.534063734651086,0.2857142857142857,0.2857142857142857,0.8571428571428571,0.4366057005978963,1.6148186961984923,0
user_3160,2021-02-22 03:45:00,24,10,15,0,0,1,18,9,11,19,18,0,0,7.80549589315056,5.4550747487847016,4.591089562663258,0.6,0.0,0.4,0.8211391616135582,1.6881488611426716,0
user_3161,2021-04-01 14:58:00,17,9,11,1,1,0,19,16,7,6,18,3,0,7.236229054589156,3.9480602446207724,7.517859565635895,0.6111111111111112,0.08333333333333333,0.5,0.8705320057739403,0.2224068324723909,0
user_3162,2021-01-12 01:56:00,18,13,7,1,1,1,16,13,17,11,10,1,0,9.42370776934166,9.329723722582441,6.7791685434334354,0.3684210526315789,0.125,0.6842105263157895,1.0309702811252435,0.12190895162870441,0
user_3163,2021-01-11 13:03:00,25,18,7,0,4,1,13,19,16,8,12,0,0,4.764801010576094,8.448493057340848,5.568593753441228,0.2692307692307692,0.0,0.6923076923076923,0.30775142649052545,0.37854366866391476,0
user_3164,2021-03-10 22:57:00,14,12,7,1,1,2,16,5,6,17,18,2,0,9.086464986184733,3.0732539510083456,5.74748120495865,0.4666666666666667,0.125,0.8,1.1296327815191947,1.4919248424693543,1
user_3165,2021-04-06 05:48:00,19,17,11,1,1,3,5,12,12,17,15,1,0,6.726053979391623,4.8781709608308175,7.171760896836044,0.55,0.08333333333333333,0.85,1.0004001197548709,1.7103019461097408,0
user_3166,2021-01-04 04:02:00,21,15,9,0,1,1,19,11,5,17,12,0,0,8.848058829445627,4.3751608312435755,9.10136323911172,0.4090909090909091,0.0,0.6818181818181818,0.9321323794975271,0.23761689580552026,0
user_3167,2021-03-27 00:57:00,17,5,11,0,0,0,8,11,17,5,10,5,1,0.43256571892938855,4.203991303038982,7.904479402852103,0.6111111111111112,0.0,0.2777777777777778,0.6749025810236045,0.9397791181687207,0
user_3168,2021-01-25 02:54:00,27,20,16,1,3,1,13,7,10,6,16,0,0,9.709401510385486,5.958793473051581,3.270034688118444,0.5714285714285714,0.058823529411764705,0.7142857142857143,0.7348416110381752,0.8317984619193806,0
user_3169,2021-02-14 14:16:00,18,23,15,3,3,2,17,15,17,12,18,6,1,3.1445288231786925,5.035139591394337,6.285037212526161,0.7894736842105263,0.1875,1.2105263157894737,1.0047416689113102,0.07598967547641977,1
user_3170,2021-04-10 20:22:00,20,15,12,2,4,2,5,6,19,18,10,5,1,6.269694182444804,1.9258160313462225,1.0497528794963467,0.5714285714285714,0.15384615384615385,0.7142857142857143,1.2923944874717708,0.5849039454922258,0
user_3171,2021-02-19 20:23:00,14,17,11,2,0,0,16,17,12,6,9,4,0,9.667020062873824,1.2471434096383283,4.8942509556558065,0.7333333333333333,0.16666666666666666,1.1333333333333333,1.2571856714263203,1.4866928635708292,0
user_3172,2021-04-14 08:23:00,19,17,12,0,2,1,14,13,7,13,8,2,0,7.936371476666794,7.391801877903595,9.891501384482048,0.6,0.0,0.85,1.0189021461628338,0.856080106386488,0
user_3173,2021-01-23 14:22:00,16,15,4,0,4,1,17,12,17,16,13,5,1,9.757278726882914,2.037705969349619,8.71846807964192,0.23529411764705882,0.0,0.8823529411764706,0.47950839780728804,0.2508481696284548,0
user_3174,2021-03-02 08:15:00,18,13,15,1,2,3,13,12,10,14,12,1,0,5.628517780221591,6.396405913744151,3.13673263676936,0.7894736842105263,0.0625,0.6842105263157895,0.7748159867603432,1.6257294099020765,0
user_3175,2021-04-16 16:41:00,20,13,7,0,0,1,8,10,5,6,19,4,0,0.2805319515955118,4.623034341555856,7.168446367887092,0.3333333333333333,0.0,0.6190476190476191,1.1600010966828829,0.5804179380947405,0
user_3176,2021-04-15 11:09:00,21,12,15,1,2,2,9,10,7,8,16,3,0,1.9920045492746519,9.738419528539541,7.773713443295179,0.6818181818181818,0.0625,0.5454545454545454,1.6127008632276876,0.9093307444420142,0
user_3177,2021-01-23 13:12:00,25,15,13,1,1,0,13,6,9,6,5,5,1,9.413570081196333,4.910860406958706,3.18784982821787,0.5,0.07142857142857142,0.5769230769230769,0.48805499517639506,0.9319491377794877,0
user_3178,2021-03-30 07:04:00,21,7,7,0,3,4,19,15,10,9,8,1,0,6.6608841599862245,5.870972723534829,1.8137626095393609,0.3181818181818182,0.0,0.3181818181818182,1.8977036938563958,0.16643811043137768,0
user_3179,2021-04-23 14:37:00,25,11,7,2,1,0,16,10,12,12,14,4,0,0.1851583691343972,9.19322263630337,5.872701765261052,0.2692307692307692,0.25,0.4230769230769231,0.4203786000956877,0.9262802471311298,0
user_3180,2021-04-17 23:22:00,21,14,11,1,2,3,7,11,12,13,13,5,1,4.479142837208654,3.884108779212948,9.073298061432844,0.5,0.08333333333333333,0.6363636363636364,0.538085310819103,0.015626229515657508,0
user_3181,2021-03-22 21:13:00,28,16,11,3,2,1,8,16,18,15,15,0,0,9.013790136710444,8.707862157579514,8.24611872559453,0.3793103448275862,0.25,0.5517241379310345,0.6179666063053035,0.8580271529295218,0
user_3182,2021-03-06 21:55:00,21,19,6,2,1,0,8,18,15,17,6,5,1,7.399561610862364,5.756995636528596,6.384065235953124,0.2727272727272727,0.2857142857142857,0.8636363636363636,1.0129338021666177,0.12741848537080114,0
user_3183,2021-04-25 10:05:00,17,13,14,1,1,2,12,5,12,18,12,6,1,3.678757390046812,7.718642270584328,5.8855765201192085,0.7777777777777778,0.06666666666666667,0.7222222222222222,1.3534107648986184,0.13420873211564666,0
user_3184,2021-04-05 01:28:00,25,20,9,0,4,0,6,5,18,6,16,0,0,9.534018746801857,0.056362992179314064,8.546803399313912,0.34615384615384615,0.0,0.7692307692307693,0.13286613963970506,1.6847083751386236,0
user_3185,2021-04-10 12:23:00,16,15,9,1,1,0,18,12,19,12,17,5,1,8.524519573784364,1.189032228942588,3.148565742814,0.5294117647058824,0.1,0.8823529411764706,1.3312957785093928,1.4344914628035428,0
user_3186,2021-03-02 00:39:00,15,12,9,3,1,1,6,18,13,14,19,1,0,5.853981061458773,8.008252894911013,6.6830504693351775,0.5625,0.3,0.75,1.8510419158767615,0.9191033161072328,0
user_3187,2021-04-01 19:21:00,21,18,12,1,4,1,16,17,16,16,9,3,0,0.5817355635441446,3.6299173772246474,9.64086379499963,0.5454545454545454,0.07692307692307693,0.8181818181818182,0.37160751867239683,1.4845458422109084,0
user_3188,2021-01-12 23:40:00,17,14,13,1,2,2,15,17,16,18,18,1,0,0.3637724181859381,0.18842390604526305,4.867324773528781,0.7222222222222222,0.07142857142857142,0.7777777777777778,0.028600554421324587,1.3760377531368073,0
user_3189,2021-02-14 15:00:00,18,12,11,0,5,1,17,5,15,12,12,6,1,5.220795215363322,7.203130884991631,3.4410215330024414,0.5789473684210527,0.0,0.631578947368421,1.2664994317936917,0.05378183824822824,0
user_3190,2021-03-04 02:26:00,20,20,10,2,0,2,5,11,5,8,12,3,0,5.0694004745193215,5.498051018474781,9.224151727993174,0.47619047619047616,0.18181818181818182,0.9523809523809523,1.8760321552945542,0.9387748511125455,0
user_3191,2021-03-04 23:48:00,24,12,5,0,1,0,13,6,18,10,15,3,0,1.448477250634188,5.838865129243857,7.453825118888764,0.2,0.0,0.48,0.35885966235760436,0.5836445311085063,0
user_3192,2021-03-18 02:41:00,25,14,12,0,2,0,10,11,13,17,17,3,0,0.1302601385068769,3.596967676739734,5.5103325436349335,0.46153846153846156,0.0,0.5384615384615384,0.811538688281312,0.7683207882291916,0
user_3193,2021-03-31 22:03:00,19,19,11,1,2,1,10,13,9,9,16,2,0,2.0002772895346412,5.23501317096321,9.287580322001245,0.55,0.08333333333333333,0.95,0.06556231893119913,1.9860852343804662,0
user_3194,2021-02-09 14:15:00,19,6,9,1,3,1,11,18,19,13,14,1,0,4.379401656478397,9.642494776179825,8.719839554002423,0.45,0.1,0.3,0.5679241749413737,1.5060359621483224,0
user_3195,2021-01-26 04:00:00,16,12,10,0,0,0,5,7,5,16,10,1,0,6.2595114258812945,8.6871850191645,6.85634246415963,0.5882352941176471,0.0,0.7058823529411765,0.18051878009643452,1.7500300948813738,0
user_3196,2021-03-12 07:11:00,16,18,4,1,2,1,9,5,17,5,7,4,0,7.58807655676639,9.997233561163103,7.683425612299487,0.23529411764705882,0.2,1.0588235294117647,0.9824210229941106,1.7069621934868142,0
user_3197,2021-03-09 05:17:00,16,19,9,1,2,1,13,5,5,12,7,1,0,1.9686976857130334,1.087788453462093,6.962013518588394,0.5294117647058824,0.1,1.1176470588235294,1.210069694113875,0.8433820319786245,0
user_3198,2021-03-20 10:02:00,18,13,10,0,3,0,6,18,13,19,16,5,1,5.437157000934464,9.219877057610379,1.3258448208013376,0.5263157894736842,0.0,0.6842105263157895,0.253881499566156,1.9915863748320821,0
user_3199,2021-02-11 11:06:00,20,14,9,1,3,1,19,8,12,15,19,3,0,0.11745194291021943,1.5669086470790095,1.6381407861767205,0.42857142857142855,0.1,0.6666666666666666,0.5734864502845016,0.07956827329810467,0
user_3200,2021-03-21 09:30:00,17,17,10,2,0,1,5,8,7,17,16,6,1,9.228285155524599,5.158663639804091,1.5737723964458308,0.5555555555555556,0.18181818181818182,0.9444444444444444,0.12878439215339088,1.7292358752863048,0
user_3201,2021-01-26 09:01:00,17,12,7,2,3,0,15,15,6,9,17,1,0,0.478382161214711,1.8800772493604667,8.728879531031549,0.3888888888888889,0.25,0.6666666666666666,1.0591015391124032,1.908256711293396,0
user_3202,2021-04-22 09:47:00,21,15,8,1,3,1,16,8,17,7,10,3,0,1.835947574656538,8.038148056664493,2.0456863224912807,0.36363636363636365,0.1111111111111111,0.6818181818181818,1.1182219088577077,1.1232461313797188,0
user_3203,2021-02-03 11:09:00,29,16,9,1,0,0,13,18,8,15,11,2,0,8.919421202921106,3.469209818665624,2.022836249439664,0.3,0.1,0.5333333333333333,0.9630569236979702,1.7956489435466818,0
user_3204,2021-04-13 19:05:00,13,10,10,1,2,3,11,16,13,14,5,1,0,5.274171742599812,5.862816851800405,9.243223131654927,0.7142857142857143,0.09090909090909091,0.7142857142857143,0.23289320183915652,1.6472458019134186,0
user_3205,2021-03-05 05:59:00,18,14,7,0,1,0,7,12,15,9,9,4,0,8.33418864331855,8.68479953010684,3.661670800235724,0.3684210526315789,0.0,0.7368421052631579,1.5218382613989183,0.29395405534554997,0
user_3206,2021-04-27 04:45:00,14,9,12,3,0,0,13,6,13,8,10,1,0,4.321210188605285,7.0624308791564445,5.753039088389771,0.8,0.23076923076923078,0.6,0.6114532880454213,1.6213234378838899,0
user_3207,2021-03-04 07:43:00,19,20,13,0,2,2,10,11,12,16,13,3,0,2.3269451020289167,1.0998529133271884,6.453352730299763,0.65,0.0,1.0,1.387908756478196,0.8887203757993329,0
user_3208,2021-03-28 06:05:00,19,25,11,0,2,0,5,17,10,17,10,6,1,8.362717009723578,3.383150465552246,1.9399209513689062,0.55,0.0,1.25,0.8275191078881841,1.146214246513264,0
user_3209,2021-01-17 02:51:00,13,20,11,2,1,1,7,16,15,14,5,6,1,8.643307550611352,6.156566878921712,5.698135280481284,0.7857142857142857,0.16666666666666666,1.4285714285714286,1.3245181941377442,0.9609338897272497,1
user_3210,2021-01-25 01:23:00,22,13,10,1,3,2,17,5,14,17,7,0,0,4.35025235308971,2.475874425110777,5.664175493513378,0.43478260869565216,0.09090909090909091,0.5652173913043478,1.3087978291298568,1.5798245097542991,0
user_3211,2021-03-08 13:44:00,25,13,7,0,3,1,18,17,8,7,16,0,0,7.63646314518388,5.42200758898521,8.735641197675086,0.2692307692307692,0.0,0.5,0.019255532812140874,0.3877895782517413,0
user_3212,2021-04-26 23:46:00,17,9,11,0,2,1,19,19,6,12,15,0,0,5.429163386460154,7.189341019698013,3.8812890358099503,0.6111111111111112,0.0,0.5,0.8496773247691622,1.4741224091746445,0
user_3213,2021-01-16 16:24:00,18,11,7,1,1,0,17,14,10,13,12,5,1,5.945064101269341,0.1747604667702829,2.5923313613655123,0.3684210526315789,0.125,0.5789473684210527,0.27388341907743263,1.3905153069590683,0
user_3214,2021-03-01 10:46:00,13,12,8,2,2,0,8,9,18,8,7,0,0,1.8885299403610245,1.9363836299312576,9.722988187935359,0.5714285714285714,0.2222222222222222,0.8571428571428571,1.1513107686599657,1.762842411503984,0
user_3215,2021-03-23 13:34:00,13,13,9,1,3,1,7,18,12,6,12,1,0,6.52338500960648,9.174100064914116,3.5135195963460135,0.6428571428571429,0.1,0.9285714285714286,1.7242480069275765,1.039750894255363,0
user_3216,2021-01-14 11:50:00,18,18,4,1,2,0,19,11,9,19,11,3,0,0.40094469498735186,1.5003002754851946,8.423706903778605,0.21052631578947367,0.2,0.9473684210526315,1.209408609520979,1.2460603031414597,0
user_3217,2021-02-16 10:46:00,12,15,10,1,0,2,13,18,13,13,19,1,0,8.885748517038087,4.764683408198827,2.979907551233123,0.7692307692307693,0.09090909090909091,1.1538461538461537,1.3244856028069467,0.3270328615474265,0
user_3218,2021-01-30 20:09:00,13,23,6,0,2,0,12,7,7,11,19,5,1,8.587202039960948,4.769196344376723,2.196273821017115,0.42857142857142855,0.0,1.6428571428571428,1.8585132852710475,0.3589707172667509,1
user_3219,2021-03-30 14:06:00,23,14,9,0,1,1,7,12,13,17,13,1,0,1.1341562228856672,5.293026313939758,7.965545948802651,0.375,0.0,0.5833333333333334,0.10207934387569728,0.16322866356132404,0
user_3220,2021-01-25 10:12:00,21,22,6,1,1,1,12,9,19,18,16,0,0,7.599632941127269,4.859343235369744,6.97537282070626,0.2727272727272727,0.14285714285714285,1.0,0.436719388057496,0.3774548528818633,0
user_3221,2021-02-07 06:47:00,17,12,11,1,2,2,19,11,14,7,14,6,1,9.141506779321439,7.676651206349829,3.9047600382271064,0.6111111111111112,0.08333333333333333,0.6666666666666666,1.5348982555163073,1.5965785954451666,0
user_3222,2021-03-31 22:34:00,31,21,11,1,5,1,13,19,6,16,15,2,0,2.5686880546074855,4.293303610556512,3.4896686186080865,0.34375,0.08333333333333333,0.65625,0.25784826140588657,0.33407481929410676,0
user_3223,2021-03-21 03:41:00,25,13,11,0,4,0,13,11,16,12,12,6,1,4.0912280052376,3.0589424595402583,6.951043617138712,0.4230769230769231,0.0,0.5,1.1203178797571776,1.7640756387740766,0
user_3224,2021-01-28 10:57:00,18,15,13,1,3,1,8,15,14,8,15,3,0,5.894450445609017,2.272850667762776,6.752613984534548,0.6842105263157895,0.07142857142857142,0.7894736842105263,1.9056855195359697,1.2654843520601136,0
user_3225,2021-04-27 22:00:00,17,19,10,1,1,0,10,8,16,10,15,1,0,5.353135319288905,8.89028105439107,3.492728510908136,0.5555555555555556,0.09090909090909091,1.0555555555555556,0.9919832927741217,0.5221718737580983,0
user_3226,2021-01-23 00:53:00,17,13,9,1,0,2,9,12,10,7,9,5,1,0.44541821293872297,7.099455804358246,1.7643145324676692,0.5,0.1,0.7222222222222222,0.7548307197753308,0.6750513560426712,0
user_3227,2021-03-29 19:23:00,16,11,10,0,4,1,12,5,7,10,9,0,0,7.239255546151616,3.1903949668388787,9.821599002844435,0.5882352941176471,0.0,0.6470588235294118,0.713781550764591,0.8792006091800306,0
user_3228,2021-04-08 10:14:00,22,13,9,0,3,1,7,7,12,11,16,3,0,0.08106641526036573,8.453894687751188,8.398961936946117,0.391304347826087,0.0,0.5652173913043478,0.8072367290007256,0.6848357737863264,1
user_3229,2021-03-02 23:53:00,22,10,9,2,2,2,14,19,17,6,7,1,0,4.9483939750717845,7.097560784295044,5.65220226654593,0.391304347826087,0.2,0.43478260869565216,1.799130299493133,0.48170489614169565,0
user_3230,2021-03-05 11:49:00,20,13,13,2,2,0,11,7,6,19,13,4,0,0.9961734175496229,6.084503103345566,9.750274523630765,0.6190476190476191,0.14285714285714285,0.6190476190476191,0.8164578387755443,1.722988212650638,0
user_3231,2021-02-26 07:56:00,11,11,10,1,0,0,12,10,9,5,13,4,0,3.5710594826950426,1.3936397715954918,2.0080542537828032,0.8333333333333334,0.09090909090909091,0.9166666666666666,1.1071966172514591,0.309984053541813,0
user_3232,2021-03-03 05:10:00,27,18,12,1,3,2,9,9,7,15,16,2,0,8.614775767675463,9.212500903408312,7.09335749752516,0.42857142857142855,0.07692307692307693,0.6428571428571429,1.1708748197667276,1.5523392900704651,0
user_3233,2021-04-06 02:14:00,19,24,11,0,4,2,13,11,5,16,13,1,0,9.365250790077432,4.536849083792598,4.86912137971033,0.55,0.0,1.2,1.8051508580236115,0.37189192648055647,0
user_3234,2021-03-29 21:28:00,21,15,18,1,3,2,12,17,17,5,13,0,0,8.178138954092315,2.258774853191582,6.484831723640213,0.8181818181818182,0.05263157894736842,0.6818181818181818,1.976085346132982,1.4485959582210242,0
user_3235,2021-04-03 23:27:00,17,26,12,2,3,1,15,6,17,13,8,5,1,7.528812732518074,5.248587178692494,8.943950597381297,0.6666666666666666,0.15384615384615385,1.4444444444444444,1.7284060931192142,0.07965324432256637,0
user_3236,2021-04-19 08:05:00,22,10,10,2,0,3,19,9,17,16,14,0,0,7.183505408815241,0.9584423412393805,5.240017540214479,0.43478260869565216,0.18181818181818182,0.43478260869565216,1.7689840277349027,1.7647357856797872,0
user_3237,2021-01-19 20:48:00,18,25,12,0,1,1,19,9,19,12,17,1,0,5.336535707648302,2.546770073596407,3.25462641281788,0.631578947368421,0.0,1.3157894736842106,1.5476724211054609,1.0271852165119173,1
user_3238,2021-03-06 13:48:00,20,17,7,2,2,1,17,9,9,19,6,5,1,1.5084003647663113,0.3567165979358411,5.58562006829221,0.3333333333333333,0.25,0.8095238095238095,1.0037866426431794,0.3002024188885395,0
user_3239,2021-04-10 00:24:00,20,20,9,0,3,0,19,11,17,11,8,5,1,3.1333459939667008,8.891948515665433,6.501577632017743,0.42857142857142855,0.0,0.9523809523809523,0.26313315365946544,0.7354501171971726,0
user_3240,2021-02-11 12:44:00,18,12,13,2,5,3,14,19,11,9,5,3,0,8.474104343851423,2.227437887069855,4.891336105896081,0.6842105263157895,0.14285714285714285,0.631578947368421,1.7334366536847072,0.0863375374285833,0
user_3241,2021-04-21 09:13:00,17,14,7,0,2,1,11,15,8,12,18,2,0,4.490002212710432,1.0652489304728008,5.48696537356335,0.3888888888888889,0.0,0.7777777777777778,0.4735129988505298,1.442224782230194,1
user_3242,2021-02-15 17:26:00,8,17,3,2,1,0,11,12,17,15,12,0,0,9.617138949443888,2.4901018027147748,1.7135151980037855,0.3333333333333333,0.5,1.8888888888888888,0.7804151848941874,0.36911178037339143,0
user_3243,2021-02-14 07:48:00,15,8,12,2,1,1,11,11,9,12,19,6,1,3.8010875080491626,9.153112636176443,5.008750004265788,0.75,0.15384615384615385,0.5,0.6939198845064738,1.9297762930656135,1
user_3244,2021-02-20 00:43:00,15,12,12,1,1,1,10,5,13,5,15,5,1,5.5809022786018705,1.0108467627548368,3.4793857257794265,0.75,0.07692307692307693,0.75,1.4856696544416315,0.6130521310646093,0
user_3245,2021-01-30 04:37:00,20,19,10,1,2,0,13,11,12,15,6,5,1,1.9024973059341266,5.766182740614183,4.837524023304723,0.47619047619047616,0.09090909090909091,0.9047619047619048,1.0632636575266547,1.4028123280654596,0
user_3246,2021-01-11 14:15:00,17,23,7,2,1,0,15,7,13,19,5,0,0,1.122604349613221,2.180327954999035,6.256517445162282,0.3888888888888889,0.25,1.2777777777777777,0.3916368071407752,1.8922906839196,1
user_3247,2021-01-10 22:23:00,24,10,5,2,4,0,13,8,6,14,10,6,1,0.324047491099948,4.077039374735212,6.804157049217868,0.2,0.3333333333333333,0.4,0.6352656470909901,1.943779209244364,0
user_3248,2021-03-09 14:14:00,24,11,7,0,3,1,13,10,6,18,19,1,0,6.236675264837645,5.2903926072222385,3.359966249756873,0.28,0.0,0.44,1.6208766180455882,1.8864888669101898,0
user_3249,2021-01-23 14:22:00,14,12,10,0,3,0,16,19,18,17,7,5,1,0.1356963077529838,4.388699041412022,1.268306266351042,0.6666666666666666,0.0,0.8,1.1024065221434791,0.10899974167573867,0
user_3250,2021-02-22 20:02:00,26,15,8,1,0,0,13,6,7,16,11,0,0,6.315029828074323,0.4641588047067291,5.968474233826624,0.2962962962962963,0.1111111111111111,0.5555555555555556,1.739944411046641,0.9371699461753165,0
user_3251,2021-01-26 12:32:00,18,16,15,1,1,1,11,15,13,13,15,1,0,7.864143963067366,3.957292265084036,1.122986639162591,0.7894736842105263,0.0625,0.8421052631578947,0.7637537583405032,1.9162595031691898,0
user_3252,2021-04-24 17:36:00,19,12,7,1,2,2,16,16,16,5,13,5,1,8.058384288382179,8.575632354157928,5.215070689090002,0.35,0.125,0.6,0.7146020648416553,1.677839759987032,0
user_3253,2021-02-09 19:52:00,19,15,13,2,0,1,6,8,13,13,16,1,0,6.208006544275305,3.79354226572157,1.5281056778205642,0.65,0.14285714285714285,0.75,0.6279917653280875,0.12450446316605301,0
user_3254,2021-01-17 13:46:00,19,7,5,1,2,1,18,10,19,13,9,6,1,0.5340657643069568,0.8839324712789387,9.19258480452242,0.25,0.16666666666666666,0.35,1.5806136733676575,0.828400905892571,0
user_3255,2021-04-02 03:39:00,24,16,9,4,0,0,5,11,18,10,13,4,0,8.030946971304926,2.422494235789526,3.7881561884989345,0.36,0.4,0.64,1.9703157747460436,0.2974764416946285,0
user_3256,2021-02-05 03:33:00,14,17,7,0,1,0,10,8,19,18,5,4,0,2.7214799050034486,6.930627995483888,7.84737964008172,0.4666666666666667,0.0,1.1333333333333333,1.086568417226425,1.0721104536223518,1
user_3257,2021-02-01 07:21:00,25,16,9,2,4,0,17,9,10,6,13,0,0,2.5896848965485897,9.038315912836698,7.524302161445268,0.34615384615384615,0.2,0.6153846153846154,1.7873841784609876,1.3632968665376053,0
user_3258,2021-01-28 09:40:00,16,18,18,0,0,2,14,14,16,18,6,3,0,4.755053745680653,6.396583652967377,9.96847634114237,1.0588235294117647,0.0,1.0588235294117647,1.681036952600739,0.3921634261181435,0
user_3259,2021-03-31 09:26:00,24,16,12,3,1,4,16,19,16,13,13,2,0,9.712999332983896,7.129981662686459,6.376416658316202,0.48,0.23076923076923078,0.64,1.4451086342444495,0.02994047900364616,0
user_3260,2021-02-01 16:57:00,20,16,11,0,1,1,10,19,19,9,16,0,0,2.6887473013895278,0.6079045758535584,5.638619268469624,0.5238095238095238,0.0,0.7619047619047619,0.45997125150903817,1.0354904699645993,0
user_3261,2021-03-13 19:50:00,27,10,14,2,2,2,16,19,18,6,18,5,1,7.558124589755716,0.16335523242905992,6.820747924490832,0.5,0.13333333333333333,0.35714285714285715,0.49205854191783827,1.8241386914048026,0
user_3262,2021-02-21 04:26:00,9,15,10,0,0,1,13,13,8,5,12,6,1,6.7812333414219435,7.515956935807746,7.953969454209387,1.0,0.0,1.5,0.1687370911115127,1.685660831548057,0
user_3263,2021-03-07 01:20:00,17,7,9,0,2,0,13,12,10,13,9,6,1,0.9000439737558363,2.093225857061963,4.728158788654174,0.5,0.0,0.3888888888888889,0.3051432757651964,1.1988974948986983,0
user_3264,2021-01-18 13:52:00,14,13,16,0,2,1,14,8,7,5,19,0,0,6.310771806512969,9.979025027884767,7.836632399778431,1.0666666666666667,0.0,0.8666666666666667,0.053233003487031194,0.07232108179865149,0
user_3265,2021-04-27 16:03:00,15,16,15,1,2,2,16,12,7,12,7,1,0,1.9674689415708557,4.486329038639083,1.6773014880280406,0.9375,0.0625,1.0,1.876500434098643,1.1109125965831985,0
user_3266,2021-03-04 09:40:00,24,17,9,1,1,2,9,12,16,15,5,3,0,3.856013309912271,9.624482142317222,1.476979838592245,0.36,0.1,0.68,0.40695224402430297,0.524719991480008,0
user_3267,2021-02-10 21:31:00,22,13,15,1,2,1,16,18,9,8,10,2,0,1.7897863316851892,0.01629623016823123,8.255168656442452,0.6521739130434783,0.0625,0.5652173913043478,1.11131144566663,0.9321775525260763,0
user_3268,2021-01-15 05:15:00,27,18,7,1,2,0,9,13,8,12,10,4,0,3.49964065656045,8.791891918758113,3.434364342793468,0.25,0.125,0.6428571428571429,1.3156341562036202,1.5618991055474938,0
user_3269,2021-01-08 03:00:00,18,13,6,0,1,0,19,7,19,5,17,4,0,7.834144932873547,8.294171814943798,4.993983460392472,0.3157894736842105,0.0,0.6842105263157895,0.6552125381462215,0.001940326147639615,0
user_3270,2021-04-01 18:59:00,22,18,11,1,1,1,16,18,19,11,8,3,0,9.24438980151392,1.2887655354898497,2.526732497779569,0.4782608695652174,0.08333333333333333,0.782608695652174,1.5127095160709276,1.7684062860714997,0
user_3271,2021-02-27 08:24:00,15,19,10,1,0,0,10,9,10,9,6,5,1,3.5298117741636323,7.707243824244182,6.989805374225399,0.625,0.09090909090909091,1.1875,1.4375556795052866,1.025165509317647,0
user_3272,2021-03-04 16:48:00,21,18,9,3,2,1,14,9,18,10,10,3,0,2.4962247064579355,5.094505311402849,9.935036215254556,0.4090909090909091,0.3,0.8181818181818182,0.9041858064087349,1.8803707426788019,0
user_3273,2021-01-27 16:20:00,21,21,9,2,0,1,11,8,8,10,12,2,0,3.5934164505295874,8.881836028691001,5.580670193434304,0.4090909090909091,0.2,0.9545454545454546,1.0492801485351442,0.28672319228741383,0
user_3274,2021-04-12 21:39:00,19,23,8,0,1,0,6,5,18,14,19,0,0,6.666423936496452,4.988606504201903,4.187386947438969,0.4,0.0,1.15,0.058329403946029146,1.8275820905891516,0
user_3275,2021-01-12 16:52:00,15,15,6,1,2,1,7,6,11,6,9,1,0,7.743638821971691,5.587007975395631,8.71021325331081,0.375,0.14285714285714285,0.9375,1.9375143547388953,1.0405013121517919,1
user_3276,2021-01-12 21:35:00,23,17,9,2,1,2,11,5,17,16,17,1,0,9.997714640442792,0.08741805295052973,9.455306432163248,0.375,0.2,0.7083333333333334,0.8095959852023085,1.856653090292614,0
user_3277,2021-03-12 17:00:00,10,9,12,2,1,3,9,8,6,17,19,4,0,9.107082197845557,5.385545279232775,4.178276009260989,1.0909090909090908,0.15384615384615385,0.8181818181818182,0.08253020840926273,0.4958796949608115,0
user_3278,2021-01-07 17:48:00,19,12,8,1,2,0,7,5,5,10,18,3,0,2.364360338314712,3.9423930466014245,4.95236037495552,0.4,0.1111111111111111,0.6,1.5311958960441514,0.3426543158371811,0
user_3279,2021-04-10 19:10:00,17,19,8,0,1,1,18,15,10,6,14,5,1,4.3933142294251315,8.41995148125105,6.897283905112265,0.4444444444444444,0.0,1.0555555555555556,1.3807086744213846,1.022632271871929,0
user_3280,2021-02-12 08:48:00,19,14,6,2,2,0,7,13,7,14,12,4,0,4.8191941639798745,0.27395435315186956,8.156856130814894,0.3,0.2857142857142857,0.7,0.2915105364172954,1.0425896736538567,0
user_3281,2021-03-30 07:17:00,15,15,15,1,1,2,9,14,8,10,15,1,0,7.235535329224826,3.9574355527562144,6.814602044322203,0.9375,0.0625,0.9375,0.8897827699039214,0.6891576251849232,0
user_3282,2021-01-29 04:25:00,11,9,6,0,2,1,8,17,6,11,5,4,0,6.900373153711995,4.511798986160002,4.92555417091562,0.5,0.0,0.75,0.3143887718605587,1.9363701731955234,0
user_3283,2021-02-12 09:55:00,20,8,12,0,2,0,15,15,17,6,7,4,0,9.644258801406503,6.502089384032423,9.459488178142662,0.5714285714285714,0.0,0.38095238095238093,1.7889530798450342,0.8476808151301654,0
user_3284,2021-03-25 01:36:00,23,15,13,2,3,1,17,14,16,15,9,3,0,3.1114715182453443,7.638209944457177,3.889648768154712,0.5416666666666666,0.14285714285714285,0.625,0.5256864824773249,0.31728486850477733,0
user_3285,2021-01-24 18:26:00,17,13,10,1,2,1,16,5,6,7,5,6,1,0.7674088410567281,1.472258736208314,5.583878243145553,0.5555555555555556,0.09090909090909091,0.7222222222222222,1.0374364783973027,0.35969194295586937,0
user_3286,2021-04-19 05:18:00,22,15,9,0,1,1,18,16,6,11,12,0,0,3.739114870054754,6.952391385192648,7.025363157122146,0.391304347826087,0.0,0.6521739130434783,0.11052163519790104,0.9305525881246162,0
user_3287,2021-02-14 16:38:00,31,10,7,1,1,1,11,6,6,15,7,6,1,2.159131529990134,6.768119216347083,2.4399790340278518,0.21875,0.125,0.3125,1.9369214496510176,1.7495167206913227,0
user_3288,2021-02-05 17:09:00,15,14,6,3,0,1,15,16,19,7,14,4,0,0.22764958031719185,3.0377298607673717,7.126545258745311,0.375,0.42857142857142855,0.875,0.20392687970559797,1.7080327384366423,0
user_3289,2021-01-08 16:21:00,22,12,16,2,0,2,18,13,9,11,5,4,0,4.679384078324524,8.273952721884454,1.310136734462266,0.6956521739130435,0.11764705882352941,0.5217391304347826,0.8208145744145552,1.961980647351275,0
user_3290,2021-04-09 00:43:00,18,21,10,1,1,2,14,5,10,7,15,4,0,4.221072395163548,4.94379706878346,3.935440296619765,0.5263157894736842,0.09090909090909091,1.105263157894737,0.8204731780925887,0.9203759366991104,0
user_3291,2021-01-19 03:21:00,18,11,8,1,0,0,8,18,17,18,10,1,0,6.210911136805061,3.0558326035139527,9.89654561032256,0.42105263157894735,0.1111111111111111,0.5789473684210527,0.6963660379190921,1.0306026657495473,0
user_3292,2021-04-20 19:25:00,25,17,12,1,1,1,12,18,17,8,16,1,0,4.582118111145801,1.538219698197304,2.276108688279036,0.46153846153846156,0.07692307692307693,0.6538461538461539,1.9680160685736252,1.1829506133424124,0
user_3293,2021-03-07 04:03:00,20,18,16,1,4,1,6,13,17,13,16,6,1,0.8526992440762693,4.603622227258358,5.757061009001687,0.7619047619047619,0.058823529411764705,0.8571428571428571,1.9976309353397226,1.8256143449765667,0
user_3294,2021-02-05 18:29:00,23,14,7,2,3,0,9,15,15,8,7,4,0,8.913048953020512,9.85150422691094,6.307214738091773,0.2916666666666667,0.25,0.5833333333333334,1.1992304728790144,1.822219896403509,0
user_3295,2021-01-18 15:16:00,22,16,8,1,2,1,9,12,10,11,18,0,0,2.490679024368876,8.00217569880071,9.208184361811744,0.34782608695652173,0.1111111111111111,0.6956521739130435,1.8912563734232326,1.6594240530995528,0
user_3296,2021-03-03 14:59:00,22,17,8,1,1,2,8,11,7,6,10,2,0,1.648299181126337,6.016832418016809,9.069812881715137,0.34782608695652173,0.1111111111111111,0.7391304347826086,1.5402206354578765,1.3916481926282671,0
user_3297,2021-04-25 13:02:00,15,12,7,1,2,0,19,10,18,14,13,6,1,0.8217073058951097,9.982594038323297,2.5884140737465744,0.4375,0.125,0.75,0.17847997331201282,1.0052133904325051,0
user_3298,2021-03-23 07:09:00,18,15,12,0,4,2,13,14,18,9,19,1,0,0.19226661951248558,0.12644030059881906,4.155818915897051,0.631578947368421,0.0,0.7894736842105263,0.8266147449832384,1.6962695707871185,0
user_3299,2021-01-13 23:28:00,21,15,12,1,1,2,11,11,16,9,14,2,0,5.876978416123048,4.8274054689445585,9.064297565364289,0.5454545454545454,0.07692307692307693,0.6818181818181818,0.49592938947321863,0.1188075471604968,0
user_3300,2021-03-17 11:03:00,21,11,8,0,0,2,8,14,11,19,19,2,0,2.511026644647909,8.172938261727246,1.8734848709886014,0.36363636363636365,0.0,0.5,0.3122527890233775,0.47650996610299745,0
user_3301,2021-04-26 04:01:00,20,19,12,1,4,2,10,15,8,13,13,0,0,8.433761978921437,9.731401053457256,9.691210554888606,0.5714285714285714,0.07692307692307693,0.9047619047619048,0.18920798062470556,0.0911873837811128,0
user_3302,2021-04-02 00:48:00,22,19,10,2,1,0,16,8,7,16,10,4,0,2.128720526398401,6.6056596065491755,7.212367854885481,0.43478260869565216,0.18181818181818182,0.8260869565217391,1.9629565077981068,0.649527773559442,0
user_3303,2021-01-09 05:34:00,19,14,11,1,2,2,16,6,19,13,14,5,1,2.5206388782646716,8.652868386108317,4.357993947177572,0.55,0.08333333333333333,0.7,1.3609853042640139,1.3133145659392427,0
user_3304,2021-02-13 05:16:00,13,13,10,2,0,0,8,16,10,6,11,5,1,4.648642596096305,4.243385085400897,1.9990664369739222,0.7142857142857143,0.18181818181818182,0.9285714285714286,1.0176283269734205,1.4111229481126177,0
user_3305,2021-01-13 09:47:00,21,20,12,0,1,3,8,8,18,12,10,2,0,2.0420547136896983,2.956042789772282,9.868541255509093,0.5454545454545454,0.0,0.9090909090909091,1.6285237231262928,1.857158222155451,0
user_3306,2021-02-16 14:31:00,22,16,5,1,2,1,12,16,12,14,11,1,0,5.382513556765956,0.5786096491434389,7.098458021029119,0.21739130434782608,0.16666666666666666,0.6956521739130435,0.057089157036235516,0.9088666598319617,0
user_3307,2021-02-19 02:12:00,20,17,12,1,2,1,13,7,17,15,11,4,0,1.9123828396784814,5.112470699811169,3.4409422545805293,0.5714285714285714,0.07692307692307693,0.8095238095238095,0.5756264693205475,0.4855205642580458,1
user_3308,2021-01-18 16:36:00,26,16,13,0,0,0,7,15,5,14,11,0,0,0.6363988873950144,3.546037739901834,9.420783094913903,0.48148148148148145,0.0,0.5925925925925926,0.14900094810058429,0.2258322371913195,1
user_3309,2021-03-08 05:40:00,19,14,12,3,0,0,9,9,17,8,9,0,0,3.2592871463504025,1.0540932525454594,6.130852858669498,0.6,0.23076923076923078,0.7,1.199638639218652,1.678385312726217,0
user_3310,2021-02-21 00:56:00,20,19,5,0,3,0,11,12,11,12,16,6,1,4.106162320883126,4.946454821682461,3.1040568468393896,0.23809523809523808,0.0,0.9047619047619048,0.9406114847467388,0.17569599576186512,0
user_3311,2021-03-27 17:31:00,22,14,12,0,2,1,10,18,13,11,10,5,1,7.187964659073214,9.34381050248992,4.943006335749002,0.5217391304347826,0.0,0.6086956521739131,0.22716339672998043,0.36836348609693204,0
user_3312,2021-04-26 01:54:00,24,11,11,1,3,3,15,8,11,15,15,0,0,2.7537865231268235,5.010915795012182,6.199961943140126,0.44,0.08333333333333333,0.44,0.48347289512549896,0.5871105637321119,0
user_3313,2021-03-24 14:31:00,14,15,9,0,1,1,12,11,11,8,19,2,0,0.7564227838141435,7.328635558286879,5.365030076649959,0.6,0.0,1.0,0.5822663221919158,1.7871926866567611,0
user_3314,2021-04-18 12:36:00,21,17,8,0,2,1,7,16,5,17,17,6,1,0.8394962925409188,8.343631922392058,5.201989492870065,0.36363636363636365,0.0,0.7727272727272727,1.454275462278263,0.10884277987550428,0
user_3315,2021-04-22 19:28:00,24,17,9,1,3,2,13,17,13,15,7,3,0,0.7812251618561084,7.23239734691314,5.465150235700965,0.36,0.1,0.68,0.6504507850782972,0.9022084733154978,0
user_3316,2021-01-06 00:33:00,22,12,11,1,4,2,18,14,15,7,6,2,0,4.399501494665715,5.110314139019093,7.270376062184983,0.4782608695652174,0.08333333333333333,0.5217391304347826,0.044130378573686846,1.2935038901116616,0
user_3317,2021-02-26 10:54:00,21,13,11,1,3,0,15,14,9,12,6,4,0,0.9085381736554554,7.586917731827173,5.20257086929097,0.5,0.08333333333333333,0.5909090909090909,0.8145018514518809,0.6715225677257508,0
user_3318,2021-01-14 14:25:00,13,12,9,0,2,0,18,5,17,18,10,3,0,4.756260203767287,9.723504199173425,2.4360668735861637,0.6428571428571429,0.0,0.8571428571428571,0.38671209941094564,0.935904764582355,0
user_3319,2021-01-15 02:37:00,17,14,7,0,0,1,6,12,14,10,7,4,0,2.6556962774433313,3.9884017797004234,7.361835719996184,0.3888888888888889,0.0,0.7777777777777778,0.8878636648374729,0.934435296849113,0
user_3320,2021-03-09 21:26:00,13,16,8,1,1,1,9,6,15,16,9,1,0,0.7505594023036066,6.669809391966801,7.594136249129844,0.5714285714285714,0.1111111111111111,1.1428571428571428,0.03903194110132269,0.4151837787756596,1
user_3321,2021-01-30 11:01:00,28,18,9,1,5,0,11,12,13,5,11,5,1,9.690158562418826,2.339391440891486,3.722487021588952,0.3103448275862069,0.1,0.6206896551724138,0.6326099000432124,1.460530191655522,0
user_3322,2021-04-28 00:11:00,29,19,8,1,4,0,6,16,13,7,18,2,0,2.848400459986691,9.44454728732518,2.3647969877461907,0.26666666666666666,0.1111111111111111,0.6333333333333333,0.04138101756833046,1.9672107607711757,0
user_3323,2021-02-06 21:24:00,16,14,9,1,1,0,16,6,19,13,14,5,1,5.27023433227396,1.405466950174985,7.507544309825489,0.5294117647058824,0.1,0.8235294117647058,0.32933088823713996,0.35371853707972223,0
user_3324,2021-02-04 13:07:00,18,12,6,1,1,1,17,5,19,19,17,3,0,6.26965461880258,7.7522443553830005,7.692455551502351,0.3157894736842105,0.14285714285714285,0.631578947368421,0.14832527010344898,0.5575649101166424,1
user_3325,2021-01-17 22:19:00,16,17,12,0,3,1,19,13,12,9,8,6,1,4.2123359366106445,5.164717010335935,2.2121954584713066,0.7058823529411765,0.0,1.0,1.4354419552357518,1.8511109389657374,1
user_3326,2021-01-11 02:29:00,19,18,6,1,2,0,11,19,8,16,18,0,0,0.6558349380989414,1.9889171388043958,3.6668978249711413,0.3,0.14285714285714285,0.9,1.1118483568825874,1.5573016616149644,0
user_3327,2021-03-25 07:03:00,22,25,9,3,1,2,12,10,11,11,16,3,0,0.2453076251279107,9.985662579554893,2.980787886034874,0.391304347826087,0.3,1.0869565217391304,0.6755634954000891,0.6806744385798642,0
user_3328,2021-02-20 14:39:00,23,17,16,0,2,3,5,7,8,11,7,5,1,3.2340158066382063,5.579421227172448,3.036675413982194,0.6666666666666666,0.0,0.7083333333333334,1.084335835947774,1.4523176131039586,0
user_3329,2021-03-30 14:10:00,15,14,7,1,3,1,6,13,15,16,9,1,0,4.781309565046569,2.5279860210748306,8.076074642632516,0.4375,0.125,0.875,0.2782939922018304,0.11408479305139241,0
user_3330,2021-01-16 20:08:00,23,11,10,2,1,1,6,8,10,7,10,5,1,9.266135122979831,7.858975760661283,4.449093961223328,0.4166666666666667,0.18181818181818182,0.4583333333333333,0.20576741916609875,0.6435786227194533,0
user_3331,2021-04-24 05:17:00,20,15,9,1,1,2,5,5,18,6,11,5,1,5.714394652152594,3.2847285999830222,2.1027999693026587,0.42857142857142855,0.1,0.7142857142857143,0.13314483583692405,0.5656913557858545,0
user_3332,2021-03-18 16:58:00,24,17,13,1,1,2,17,11,18,15,10,3,0,0.008294823609531488,0.14827517600866313,4.938890322300548,0.52,0.07142857142857142,0.68,1.5921048716634412,0.027697714188578804,0
user_3333,2021-01-08 08:17:00,17,11,16,0,0,0,16,9,19,14,5,4,0,4.632780738897297,0.8360472914052375,9.831226751823005,0.8888888888888888,0.0,0.6111111111111112,0.6253001003836463,0.6788178817145865,0
user_3334,2021-01-30 01:56:00,18,15,10,2,3,0,15,18,17,18,8,5,1,9.224943021638618,8.635273418554968,5.873249877594389,0.5263157894736842,0.18181818181818182,0.7894736842105263,1.8696299045315732,0.8529640263787224,0
user_3335,2021-01-13 23:34:00,30,25,13,0,4,0,15,13,13,12,9,2,0,1.631860770873107,4.950638954034353,5.335829222365868,0.41935483870967744,0.0,0.8064516129032258,0.14192741898983163,0.24954243183700497,1
user_3336,2021-01-19 08:34:00,28,18,9,1,1,0,19,11,14,10,16,1,0,1.2481304532709747,0.4884575677853997,7.226541610078768,0.3103448275862069,0.1,0.6206896551724138,0.781766446645014,1.8511452755641566,0
user_3337,2021-04-11 07:02:00,24,19,6,0,4,1,11,16,18,11,6,6,1,2.867884381096734,2.8722174370329223,7.855381732472601,0.24,0.0,0.76,1.9220334599214535,1.335988724333704,0
user_3338,2021-04-09 03:14:00,20,20,7,1,2,0,19,16,11,16,13,4,0,3.7506697563880618,0.8187516822260221,1.908025686322643,0.3333333333333333,0.125,0.9523809523809523,0.9462712607623229,1.355948488612009,0
user_3339,2021-01-27 04:40:00,22,17,10,1,1,2,12,12,10,7,18,2,0,1.850455893297257,1.5044363193838006,9.539462430685738,0.43478260869565216,0.09090909090909091,0.7391304347826086,0.42553154232608814,0.008144875404500596,0
user_3340,2021-03-23 04:17:00,20,22,10,1,4,0,11,6,15,12,14,1,0,7.3290204998254485,6.798609537472534,3.149399127047255,0.47619047619047616,0.09090909090909091,1.0476190476190477,0.3917825867413727,1.6810687508652415,0
user_3341,2021-01-10 10:33:00,21,16,10,1,3,3,13,9,11,17,19,6,1,7.994227729506874,2.1192441804327986,8.467568879560911,0.45454545454545453,0.09090909090909091,0.7272727272727273,1.7179072416483512,1.4991497840065195,0
user_3342,2021-03-13 22:37:00,19,19,10,2,2,1,15,15,18,9,16,5,1,2.17500731752011,9.650378686064304,9.257754348751922,0.5,0.18181818181818182,0.95,0.9159895155537654,1.513774942537752,0
user_3343,2021-03-29 06:04:00,20,15,15,1,3,1,12,18,13,15,15,0,0,3.857540258499621,9.406952084761928,5.259167831034037,0.7142857142857143,0.0625,0.7142857142857143,1.8126746111553054,0.35373138899086154,0
user_3344,2021-03-28 01:38:00,14,11,4,0,0,0,10,14,5,11,18,6,1,4.481754419489698,1.8828459803484732,4.439900084958644,0.26666666666666666,0.0,0.7333333333333333,0.8335894188431021,0.4724126995761724,0
user_3345,2021-04-06 21:08:00,21,17,11,1,1,2,14,16,5,15,12,1,0,3.9885439660582778,9.042428358288818,5.559054714662362,0.5,0.08333333333333333,0.7727272727272727,1.849210953566191,1.0319679657422363,0
user_3346,2021-01-05 20:39:00,19,20,6,3,2,0,19,12,14,18,15,1,0,9.779009772320249,9.539548615323602,3.8889477082648516,0.3,0.42857142857142855,1.0,1.4516036294052737,0.7763686050866925,0
user_3347,2021-02-05 01:38:00,23,8,14,0,2,1,14,6,12,10,7,4,0,6.446829783487992,9.552472332217599,4.053807815310632,0.5833333333333334,0.0,0.3333333333333333,1.6795112565755554,0.3296155082406489,0
user_3348,2021-01-09 00:03:00,29,11,8,1,5,1,16,13,18,13,9,5,1,0.6461815585862962,4.278318256377166,4.775184697793932,0.26666666666666666,0.1111111111111111,0.36666666666666664,0.3818139384893555,1.7338494041435992,0
user_3349,2021-01-27 19:06:00,19,14,10,1,2,2,5,15,15,14,17,2,0,2.5801861269929516,2.717404160387882,7.759508612292777,0.5,0.09090909090909091,0.7,1.717436125489871,1.4448270216685264,0
user_3350,2021-04-14 09:32:00,17,15,4,0,0,0,11,10,13,13,6,2,0,5.684041865514961,4.980132519565173,4.133153515083234,0.2222222222222222,0.0,0.8333333333333334,0.9163218767314019,1.0038550882075974,0
user_3351,2021-01-31 17:07:00,26,16,9,1,3,2,9,10,8,14,19,6,1,2.1907544503481526,4.613275253162586,6.023008191745197,0.3333333333333333,0.1,0.5925925925925926,0.321877578223714,1.8492342433160704,0
user_3352,2021-01-09 10:15:00,15,13,13,1,1,1,19,16,12,5,17,5,1,1.4496610276988708,1.4489202757607778,5.7794093784845915,0.8125,0.07142857142857142,0.8125,1.7866980331344793,1.4704752631467366,0
user_3353,2021-01-07 05:14:00,19,16,14,1,1,0,14,19,9,10,11,3,0,7.211868190830134,5.554699767745537,5.838057135944714,0.7,0.06666666666666667,0.8,0.36999516769929675,1.3482688402180327,0
user_3354,2021-01-13 18:41:00,17,16,9,1,1,2,7,19,7,8,11,2,0,8.722847234914472,5.60442095179749,1.0564152826999014,0.5,0.1,0.8888888888888888,0.49094526967314,0.880466199695215,0
user_3355,2021-01-22 09:25:00,19,19,12,2,0,0,5,19,13,15,7,4,0,0.4101746217122493,8.71391930023104,9.932419582347508,0.6,0.15384615384615385,0.95,0.5081005169168546,0.2539697539839969,1
user_3356,2021-04-21 02:14:00,21,16,11,0,5,2,15,9,18,6,16,2,0,8.936238326082151,9.338637084276474,5.279390104009829,0.5,0.0,0.7272727272727273,0.20396457375200994,1.3556197093321318,0
user_3357,2021-01-16 22:13:00,16,16,8,1,2,0,9,14,15,12,19,5,1,9.306911513491906,4.065855920839205,7.612008071250967,0.47058823529411764,0.1111111111111111,0.9411764705882353,1.8010523539613967,0.4537541481840701,0
user_3358,2021-01-15 07:33:00,20,21,8,1,2,0,9,18,10,10,19,4,0,7.765751983185431,9.432324199145016,1.709900576517764,0.38095238095238093,0.1111111111111111,1.0,0.780801630130892,0.514949643912394,0
user_3359,2021-03-25 12:15:00,23,20,9,1,3,0,17,8,16,15,16,3,0,1.3047347498553885,1.8503507684842269,9.193011153041073,0.375,0.1,0.8333333333333334,0.242766305820995,0.15689038422204304,0
user_3360,2021-01-02 21:13:00,18,18,12,0,3,2,14,12,14,16,6,5,1,7.487301788228104,5.357998036984605,8.820285163877081,0.631578947368421,0.0,0.9473684210526315,1.8489342814010201,1.1977840031573,0
user_3361,2021-01-27 23:02:00,22,20,5,1,2,1,5,14,10,17,10,2,0,9.676931270864348,0.5080633422734049,9.517462185339927,0.21739130434782608,0.16666666666666666,0.8695652173913043,0.16110092440856483,0.756161759964429,0
user_3362,2021-03-14 17:58:00,22,18,14,0,3,3,17,14,15,9,17,6,1,9.245168219681307,3.493093643976758,5.045825074623471,0.6086956521739131,0.0,0.782608695652174,0.7425460505369348,0.875390704946416,0
user_3363,2021-01-09 18:06:00,17,13,12,1,4,1,7,5,16,15,16,5,1,5.865251057896477,5.257840140251215,3.295084526450517,0.6666666666666666,0.07692307692307693,0.7222222222222222,1.295456141714258,1.3322027093154984,0
user_3364,2021-01-14 13:53:00,21,15,9,1,1,2,9,6,6,19,11,3,0,4.34173792209546,6.687584310687129,3.031945445601707,0.4090909090909091,0.1,0.6818181818181818,1.5890820939215924,1.4022796805265094,1
user_3365,2021-03-19 12:00:00,16,23,5,4,1,0,17,17,18,10,15,4,0,6.929384326422356,6.08129250209859,7.037340863144707,0.29411764705882354,0.6666666666666666,1.3529411764705883,0.5371392582112982,1.9632095211980602,0
user_3366,2021-02-09 05:50:00,25,15,9,3,2,0,9,12,16,15,11,1,0,5.464356633657646,2.199092094382815,4.473134142544911,0.34615384615384615,0.3,0.5769230769230769,0.5475417034391883,1.0593237798866924,0
user_3367,2021-03-20 23:31:00,26,18,9,1,1,0,9,18,10,9,8,5,1,0.04317181685717153,2.568365262156227,2.5977780223328546,0.3333333333333333,0.1,0.6666666666666666,0.7047311214856395,0.9048240173590183,0
user_3368,2021-02-01 13:35:00,19,9,11,1,6,0,5,16,5,19,16,0,0,9.089763096047847,4.7471507770542445,7.445661420040731,0.55,0.08333333333333333,0.45,1.477063874395742,1.9757187699021996,0
user_3369,2021-01-06 22:07:00,22,14,7,2,1,0,12,10,19,6,19,2,0,3.3680461926728067,0.90258104158074,4.200433697912425,0.30434782608695654,0.25,0.6086956521739131,1.1577351455859068,1.0599922249186657,0
user_3370,2021-03-19 05:09:00,18,12,13,1,0,1,13,18,10,14,6,4,0,1.2293069894745012,4.692687189787508,4.066667780013944,0.6842105263157895,0.07142857142857142,0.631578947368421,1.3816307254650395,0.90551660963553,0
user_3371,2021-02-27 02:42:00,11,16,7,2,1,0,13,19,18,18,18,5,1,7.0036083096074675,6.796665701241529,8.343063910795193,0.5833333333333334,0.25,1.3333333333333333,0.1371760149916268,0.14575148478476407,0
user_3372,2021-01-18 06:48:00,21,15,8,0,0,0,16,5,8,17,11,0,0,9.661145682971906,0.602318367890512,2.1480128612814497,0.36363636363636365,0.0,0.6818181818181818,0.118787761179316,0.8008480818763497,0
user_3373,2021-02-15 21:51:00,20,16,10,0,4,1,14,13,19,8,17,0,0,8.91744015150353,5.66524600527924,2.067781685152926,0.47619047619047616,0.0,0.7619047619047619,0.26677479984864294,0.36701305255835504,0
user_3374,2021-04-13 02:10:00,12,7,7,1,1,2,10,16,6,9,12,1,0,2.035167863475454,5.151177902836926,3.2329584616651776,0.5384615384615384,0.125,0.5384615384615384,0.8793443386354562,1.5676768755373878,0
user_3375,2021-03-27 16:12:00,21,13,13,0,3,3,13,7,13,15,15,5,1,4.236081922093277,2.593160556651152,8.589376573180356,0.5909090909090909,0.0,0.5909090909090909,1.1478145156605069,1.9153992702259246,0
user_3376,2021-01-08 08:41:00,22,8,11,0,2,0,7,12,11,17,8,4,0,2.034017710036524,9.138763878489144,7.851081283323374,0.4782608695652174,0.0,0.34782608695652173,1.9765766670627647,1.6517533055396936,0
user_3377,2021-04-17 13:45:00,18,18,13,1,1,0,15,17,6,15,18,5,1,3.631097701091679,1.7001536846770915,4.070274944673496,0.6842105263157895,0.07142857142857142,0.9473684210526315,0.11337133020040557,1.077952797454226,1
user_3378,2021-03-30 11:58:00,21,14,10,0,1,0,17,16,17,17,11,1,0,1.3487006261042245,2.544181709435299,6.005672224540957,0.45454545454545453,0.0,0.6363636363636364,1.6316754357307266,0.2833495028084383,0
user_3379,2021-01-06 07:12:00,23,13,11,1,3,3,10,10,12,6,13,2,0,4.226953320478467,8.18148480335448,6.114410087969388,0.4583333333333333,0.08333333333333333,0.5416666666666666,1.4223211458892933,0.12050726582260696,0
user_3380,2021-01-29 21:15:00,19,16,5,1,2,0,18,15,13,11,12,4,0,8.293371982222707,9.59334027793372,1.0491291049026907,0.25,0.16666666666666666,0.8,0.8107401228053253,1.4134038602613719,0
user_3381,2021-01-24 06:55:00,25,12,6,0,2,1,9,8,7,5,9,6,1,3.201267662149948,8.166516180328864,9.294728699045,0.23076923076923078,0.0,0.46153846153846156,1.9654856992478267,1.1204105016061174,0
user_3382,2021-01-03 12:15:00,20,16,5,3,2,0,18,19,13,11,15,6,1,1.1814768953233634,1.9300711187906028,5.58890065901196,0.23809523809523808,0.5,0.7619047619047619,0.07045378205300867,1.4001265966450052,0
user_3383,2021-04-27 12:06:00,18,14,4,1,1,0,17,10,11,10,11,1,0,6.541456637615122,4.8628157297386885,6.052457023492657,0.21052631578947367,0.2,0.7368421052631579,0.7686864463379697,0.6765982433474007,0
user_3384,2021-03-07 14:46:00,21,18,9,0,2,0,16,11,18,10,19,6,1,6.655702873185339,5.263196286260622,3.655135826788452,0.4090909090909091,0.0,0.8181818181818182,1.8771704295083154,1.1859847759676811,0
user_3385,2021-03-07 14:14:00,21,13,4,1,4,0,8,15,16,15,17,6,1,7.901285750329494,5.282212418699154,5.65343805207059,0.18181818181818182,0.2,0.5909090909090909,1.1173329732406847,1.4021397630871129,0
user_3386,2021-01-12 12:37:00,26,15,7,0,3,0,8,11,9,13,17,1,0,0.556841703789076,2.133635762194567,3.464674188189402,0.25925925925925924,0.0,0.5555555555555556,0.10746857288771428,1.4962262882401969,0
user_3387,2021-01-18 12:21:00,23,13,10,1,4,1,15,11,7,18,16,0,0,6.172857069472505,4.907565062829081,5.786164338079318,0.4166666666666667,0.09090909090909091,0.5416666666666666,0.023873688020071615,1.8122207659363276,0
user_3388,2021-01-03 12:41:00,19,15,11,1,1,1,7,18,18,5,9,6,1,8.848936616245174,1.1603993061565265,9.474368041171225,0.55,0.08333333333333333,0.75,0.15649109197715627,0.4386540665313081,0
user_3389,2021-03-04 22:42:00,28,22,4,1,1,0,5,11,18,19,10,3,0,3.758220435401254,3.758706186977011,3.909813549488235,0.13793103448275862,0.2,0.7586206896551724,0.7992831033276087,1.6536206620365352,0
user_3390,2021-04-28 12:14:00,25,18,11,2,3,2,8,7,18,9,10,2,0,7.307471559753073,4.995097375756901,7.446229757381919,0.4230769230769231,0.16666666666666666,0.6923076923076923,1.8014956889806117,0.12311936947233137,0
user_3391,2021-02-06 19:44:00,21,10,9,3,1,0,5,15,15,7,14,5,1,0.6668892738114551,0.3221063721156392,2.8662412178829295,0.4090909090909091,0.3,0.45454545454545453,0.19539686231611975,1.5985554064354763,0
user_3392,2021-02-25 23:09:00,19,10,13,1,1,3,8,8,8,14,15,3,0,3.231326581662678,2.6954277417483787,1.0941494951011785,0.65,0.07142857142857142,0.5,0.6890847960572042,0.9488485709962069,0
user_3393,2021-03-13 13:37:00,19,11,7,0,2,1,17,9,11,8,10,5,1,9.357904031043011,5.515446103322345,8.302412212463379,0.35,0.0,0.55,0.565012044974539,0.12996976717725728,0
user_3394,2021-04-07 17:46:00,24,16,13,1,3,1,14,14,9,9,13,2,0,7.245252041723561,1.9638635863665488,9.990464596945007,0.52,0.07142857142857142,0.64,0.5745067526896084,1.7786100201072057,0
user_3395,2021-03-01 16:56:00,23,13,11,1,1,2,13,6,9,18,12,0,0,3.031778910348064,3.9472238200675913,8.940039274896753,0.4583333333333333,0.08333333333333333,0.5416666666666666,0.39875083111847576,0.17848733782310577,0
user_3396,2021-03-05 06:39:00,24,10,16,1,3,0,13,11,12,17,5,4,0,0.3787238061803744,5.6227390881236925,3.0648844653006506,0.64,0.058823529411764705,0.4,1.707966324701985,0.2383963336628212,0
user_3397,2021-03-31 04:31:00,26,15,7,0,4,2,16,10,6,6,10,2,0,7.867383883655248,5.697307466506103,7.750469502237205,0.25925925925925924,0.0,0.5555555555555556,1.3505041230759094,1.862205456753644,0
user_3398,2021-04-02 16:44:00,19,21,6,2,2,1,16,17,16,5,9,4,0,2.061678226516145,9.319932796891763,9.441918299263534,0.3,0.2857142857142857,1.05,1.0412538824485196,0.3208286544465073,0
user_3399,2021-02-25 09:33:00,17,22,11,1,3,1,6,15,9,7,16,3,0,7.240590055899501,6.584409291885377,2.762268256872245,0.6111111111111112,0.08333333333333333,1.2222222222222223,0.7894343762056841,0.3937256727764211,0
user_3400,2021-03-10 02:55:00,21,16,10,2,2,2,8,5,14,9,15,2,0,6.765389875188609,9.891101572109458,6.413287220583454,0.45454545454545453,0.18181818181818182,0.7272727272727273,0.24195443861473498,0.7918614915507503,0
user_3401,2021-03-17 20:31:00,13,16,8,2,1,2,19,5,19,12,8,2,0,1.9600631017659775,7.472171915592712,2.0202924242558535,0.5714285714285714,0.2222222222222222,1.1428571428571428,0.07938816676845528,1.6490952229938511,0
user_3402,2021-04-27 13:18:00,17,15,7,0,1,0,5,16,19,10,10,1,0,4.039499639420398,0.6234475557479779,5.637551366088047,0.3888888888888889,0.0,0.8333333333333334,0.7650984205322358,1.2170439367716646,0
user_3403,2021-02-10 13:19:00,10,15,14,2,0,0,15,7,17,12,7,2,0,3.370804498764759,0.42721271077421297,2.0865282854838005,1.2727272727272727,0.13333333333333333,1.3636363636363635,1.4937286551471853,0.1181967393547454,0
user_3404,2021-03-26 13:20:00,19,15,5,0,2,2,16,5,17,12,18,4,0,7.5605368732868525,9.121981145651318,6.134266497984942,0.25,0.0,0.75,0.9841032434164019,0.12334625675903377,1
user_3405,2021-04-11 13:37:00,22,13,2,0,2,0,16,19,18,19,9,6,1,1.4692675502208175,5.750134072370035,7.369618258136512,0.08695652173913043,0.0,0.5652173913043478,1.2592271045411936,1.3730449299637502,0
user_3406,2021-04-03 11:30:00,21,22,14,3,4,3,14,7,7,17,7,5,1,3.0908384650097407,1.798780185707537,1.9088844610096227,0.6363636363636364,0.2,1.0,0.12978133731660102,1.0336945095342374,0
user_3407,2021-04-15 00:08:00,27,23,9,2,6,0,12,16,7,16,12,3,0,9.789606015210245,2.7776436601985397,2.4036543944641453,0.32142857142857145,0.2,0.8214285714285714,1.9562563478065462,1.7260686377201413,0
user_3408,2021-01-29 19:38:00,16,18,12,1,0,3,19,10,6,9,15,4,0,7.675514902240157,3.657688941954854,3.533953434826414,0.7058823529411765,0.07692307692307693,1.0588235294117647,1.6726101565705382,1.4776957699930893,0
user_3409,2021-02-22 15:38:00,24,12,11,0,3,3,19,17,5,19,13,0,0,5.247777584303277,1.4637805423260686,4.188673455923491,0.44,0.0,0.48,1.7404593476870502,1.6199703514759085,0
user_3410,2021-03-12 02:38:00,17,12,9,0,2,0,7,15,7,17,17,4,0,2.2786700257756474,6.098277983326213,3.7034324440908337,0.5,0.0,0.6666666666666666,1.52887838014434,0.1724278146818592,0
user_3411,2021-01-02 14:01:00,21,16,17,0,1,0,15,11,10,15,16,5,1,1.2975998515710352,0.8210185766406497,3.9020680698422736,0.7727272727272727,0.0,0.7272727272727273,1.1180686891291034,1.6013299522114257,0
user_3412,2021-03-30 12:14:00,21,16,6,2,3,0,11,10,16,7,5,1,0,2.894532095270695,9.387988011686502,7.445261766478667,0.2727272727272727,0.2857142857142857,0.7272727272727273,1.0376708401490942,0.052414764221864196,1
user_3413,2021-03-13 05:30:00,28,24,5,0,2,1,7,19,9,18,14,5,1,0.5660390935538118,7.921429852193281,8.383679949775594,0.1724137931034483,0.0,0.8275862068965517,0.22929676657507425,1.3558229076754014,1
user_3414,2021-01-26 08:02:00,19,13,8,1,3,1,12,18,16,5,15,1,0,2.7712728309521175,4.415190841175257,2.0731082019630147,0.4,0.1111111111111111,0.65,0.3400433476212401,0.32521027593712204,0
user_3415,2021-03-30 23:37:00,17,12,13,0,2,1,17,17,8,12,10,1,0,3.5937695518218726,5.713271705216031,5.757342107819819,0.7222222222222222,0.0,0.6666666666666666,0.4553372901536954,1.0390213662640584,0
user_3416,2021-01-10 18:05:00,15,18,7,0,1,1,17,7,11,11,5,6,1,6.752555384951343,8.146360998578663,8.632416871475598,0.4375,0.0,1.125,1.2900610308302392,0.09280398314411342,0
user_3417,2021-04-23 17:17:00,20,14,10,1,1,0,19,7,5,17,11,4,0,9.985328444017972,9.412626872375762,5.96171948693742,0.47619047619047616,0.09090909090909091,0.6666666666666666,0.7707022083810344,0.06517711741779819,1
user_3418,2021-04-21 15:53:00,17,15,9,1,3,0,5,10,8,13,11,2,0,6.375842922440476,0.7326452321797405,9.679602156189402,0.5,0.1,0.8333333333333334,1.5269294782711693,0.4850787512127359,0
user_3419,2021-02-09 21:56:00,22,9,4,0,3,1,6,9,11,9,8,1,0,7.8634034749355965,8.367196480803251,6.508330279817691,0.17391304347826086,0.0,0.391304347826087,0.6313071539109971,0.06037489937203899,0
user_3420,2021-02-21 14:43:00,22,16,15,1,3,1,7,8,10,17,5,6,1,7.114996746274773,5.8367381170103965,2.9374312600918318,0.6521739130434783,0.0625,0.6956521739130435,1.2251453120394622,1.597133416062553,0
user_3421,2021-02-28 16:52:00,22,15,8,1,2,2,9,7,16,8,16,6,1,2.2678298252391125,8.332364534068246,8.209057165780859,0.34782608695652173,0.1111111111111111,0.6521739130434783,1.3438463679521235,1.3335096053966506,0
user_3422,2021-02-19 22:21:00,25,15,14,2,2,0,12,19,11,6,17,4,0,1.8673275100495612,4.651684008621442,3.1235810357902616,0.5384615384615384,0.13333333333333333,0.5769230769230769,0.7423928508557065,0.03268377407373513,0
user_3423,2021-04-14 17:22:00,14,16,8,3,1,1,12,15,13,15,11,2,0,1.3745506787495376,0.13755360952333207,6.466694066464049,0.5333333333333333,0.3333333333333333,1.0666666666666667,0.7549785356801848,0.6601709826320301,0
user_3424,2021-03-09 14:48:00,18,18,12,3,1,1,12,6,15,14,7,1,0,9.386005987566099,1.6992937832381416,2.5939739224398055,0.631578947368421,0.23076923076923078,0.9473684210526315,1.459315641325244,0.07916879335863758,0
user_3425,2021-02-23 10:58:00,6,12,6,3,1,0,6,18,11,14,14,1,0,5.711238180405822,3.880439270431383,8.834831732881653,0.8571428571428571,0.42857142857142855,1.7142857142857142,1.6954054864663581,0.2470447497211572,0
user_3426,2021-02-14 13:31:00,24,13,12,2,1,1,8,14,10,19,19,6,1,2.045177553499682,5.506851498729811,5.0081114669236975,0.48,0.15384615384615385,0.52,0.7464052611707899,0.1855581350758937,0
user_3427,2021-01-25 10:07:00,16,23,8,1,3,0,5,10,19,8,8,0,0,7.2647709894722805,8.952600112063582,6.244016571222982,0.47058823529411764,0.1111111111111111,1.3529411764705883,0.06940906124005153,0.32083986075711524,0
user_3428,2021-01-09 06:46:00,16,18,10,0,2,2,13,9,9,18,5,5,1,8.035927979358807,1.707495403881245,8.548853347531667,0.5882352941176471,0.0,1.0588235294117647,0.43789581673185873,1.9373994236384349,0
user_3429,2021-03-25 10:31:00,19,19,9,1,3,2,13,15,9,17,19,3,0,1.9017151759548212,7.293285276664499,5.849732639317782,0.45,0.1,0.95,1.3767699164639382,1.523677423807739,0
user_3430,2021-02-01 14:56:00,20,21,15,3,0,2,16,12,10,19,19,0,0,5.054419522119089,2.8907273226841603,5.836347104818116,0.7142857142857143,0.1875,1.0,0.5998932886317512,0.3352810536126598,0
user_3431,2021-02-03 12:36:00,24,17,9,0,2,1,7,15,16,19,7,2,0,8.954901920850201,1.7902623406938267,9.69189317240086,0.36,0.0,0.68,0.6749948940636774,1.0925649442539915,0
user_3432,2021-02-26 16:30:00,18,15,8,1,1,1,7,16,5,19,15,4,0,2.9898041929901376,4.577319789473106,5.707014233958859,0.42105263157894735,0.1111111111111111,0.7894736842105263,1.2278697920634352,0.6590555196799786,0
user_3433,2021-01-26 13:22:00,27,13,11,1,3,0,13,15,12,17,18,1,0,3.3409216998781166,6.412942678916861,3.697024808932145,0.39285714285714285,0.08333333333333333,0.4642857142857143,1.3715802995713573,0.42686334226983713,0
user_3434,2021-01-06 19:31:00,13,19,12,2,0,1,5,6,7,16,12,2,0,4.604223446076751,8.36687472839168,3.9224614660085315,0.8571428571428571,0.15384615384615385,1.3571428571428572,0.422016335137708,0.8680031601528384,0
user_3435,2021-02-06 19:49:00,24,15,6,1,2,0,6,19,11,9,17,5,1,4.3745399680046315,4.546298926370453,8.8320706204374,0.24,0.14285714285714285,0.6,1.9582029384674742,1.4878418968002747,0
user_3436,2021-04-20 17:41:00,19,19,7,1,4,0,12,11,16,7,9,1,0,2.476769484363903,1.38248028991105,5.06918577400967,0.35,0.125,0.95,0.7377665528049799,0.7795988099790851,0
user_3437,2021-01-15 02:51:00,22,13,8,1,1,0,15,8,19,16,15,4,0,3.950877385675049,3.258001085844131,3.5950927167506173,0.34782608695652173,0.1111111111111111,0.5652173913043478,1.840787588394495,0.07027431727924638,0
user_3438,2021-01-05 13:29:00,12,12,13,1,1,1,6,11,13,15,9,1,0,8.810014834670346,6.2067724763268375,3.65653232941198,1.0,0.07142857142857142,0.9230769230769231,1.0282274453826636,0.6310897696411197,0
user_3439,2021-01-18 04:21:00,19,12,12,1,3,1,8,7,12,13,12,0,0,8.90093020538565,4.447791949464705,9.147621091489794,0.6,0.07692307692307693,0.6,0.2524614214606957,1.0369678597538434,0
user_3440,2021-03-12 08:38:00,21,9,12,0,2,3,10,11,10,13,18,4,0,2.467942685706186,2.8810677693095057,6.813284840078903,0.5454545454545454,0.0,0.4090909090909091,1.940394651110451,1.3603155291212494,0
user_3441,2021-04-01 08:56:00,17,18,9,2,0,0,9,15,14,19,16,3,0,6.461598294970248,5.907872551060869,8.125875559189979,0.5,0.2,1.0,0.19684515404502556,1.551262451238952,0
user_3442,2021-03-14 09:56:00,13,19,6,1,0,0,19,6,6,7,18,6,1,9.822682759364998,9.328539458783728,9.827231438469548,0.42857142857142855,0.14285714285714285,1.3571428571428572,1.5888797285985623,1.4360853888092795,0
user_3443,2021-01-27 15:18:00,22,12,17,0,4,1,16,13,19,12,7,2,0,1.381614136548337,4.152008101599756,9.8030483883651,0.7391304347826086,0.0,0.5217391304347826,0.8018314091700833,1.6697436639463774,0
user_3444,2021-02-13 19:38:00,26,14,5,0,2,0,5,17,9,7,12,5,1,8.986617012015321,0.9661164019347745,1.061162724998188,0.18518518518518517,0.0,0.5185185185185185,1.5618390035169347,0.43638937298935665,1
user_3445,2021-03-14 18:08:00,24,13,8,1,3,1,13,15,7,17,12,6,1,5.001632597961167,5.074387435414565,4.505717292495357,0.32,0.1111111111111111,0.52,1.917871160859818,0.009312538702705764,0
user_3446,2021-01-28 18:28:00,15,10,10,1,2,0,10,7,19,16,16,3,0,4.30647258117823,8.649684501647787,7.559957491358109,0.625,0.09090909090909091,0.625,0.31620709395511404,1.6692092401900431,0
user_3447,2021-03-07 09:54:00,23,23,11,1,2,1,17,14,14,9,7,6,1,9.178135370557683,2.5042555594791627,1.931660236956354,0.4583333333333333,0.08333333333333333,0.9583333333333334,0.5581183002418573,0.010443471636306434,0
user_3448,2021-04-13 18:08:00,18,12,9,1,0,0,16,13,17,19,16,1,0,9.245049420325168,8.882375169139292,2.73997087095133,0.47368421052631576,0.1,0.631578947368421,0.8420936803905754,1.9140784539749147,0
user_3449,2021-04-16 04:26:00,13,12,8,3,2,1,15,7,18,8,14,4,0,1.8336008538132165,5.929366913010444,1.8562493954150239,0.5714285714285714,0.3333333333333333,0.8571428571428571,1.0292733065258108,0.9061641425132232,0
user_3450,2021-01-14 17:53:00,17,14,15,0,3,1,8,8,16,6,5,3,0,3.9099329919634194,6.76076966839517,2.3520483217589465,0.8333333333333334,0.0,0.7777777777777778,1.4652495321979337,1.133235054458901,0
user_3451,2021-03-31 05:50:00,21,10,10,1,0,2,17,8,11,18,7,2,0,3.981564657798975,4.555120763383263,5.275408110705124,0.45454545454545453,0.09090909090909091,0.45454545454545453,1.832450927298278,1.784323964005125,0
user_3452,2021-01-15 19:53:00,27,17,6,1,0,0,6,18,8,15,10,4,0,5.621320875996219,4.548908901348499,7.500433321939146,0.21428571428571427,0.14285714285714285,0.6071428571428571,1.8925825516864985,0.18961306619139928,0
user_3453,2021-04-12 06:16:00,24,19,12,0,1,1,7,16,6,16,8,0,0,5.973188613175963,4.52754284714929,5.827846502844221,0.48,0.0,0.76,1.6579891418634511,1.6680921516648686,0
user_3454,2021-03-24 19:44:00,13,10,7,1,0,1,9,19,10,16,7,2,0,9.940552338431175,8.93890563810292,2.0409349514928885,0.5,0.125,0.7142857142857143,1.142368248871378,0.8087272696143493,0
user_3455,2021-03-26 04:08:00,16,17,9,0,1,1,7,11,7,8,6,4,0,6.551577159792115,9.583912640087771,5.1282450857508906,0.5294117647058824,0.0,1.0,0.3408571404581693,1.0942506372484022,1
user_3456,2021-04-25 13:35:00,20,17,5,0,3,2,10,9,16,12,14,6,1,1.667141383720836,0.6598232384906,4.865882289633093,0.23809523809523808,0.0,0.8095238095238095,0.7106287216959251,0.5745910803021705,0
user_3457,2021-03-11 00:03:00,20,15,6,1,2,1,14,15,8,7,15,3,0,0.7345788744757975,6.4452163414733965,9.613972365209145,0.2857142857142857,0.14285714285714285,0.7142857142857143,1.6711197094883563,0.3607638703020073,0
user_3458,2021-03-25 16:49:00,26,6,9,1,3,3,7,9,12,7,8,3,0,5.512833273436799,4.366726043165368,3.5772664654332305,0.3333333333333333,0.1,0.2222222222222222,1.181848467096301,0.2664727700214897,0
user_3459,2021-01-09 20:20:00,28,10,6,1,4,1,19,9,13,13,11,5,1,5.7425517960787476,8.027863096990888,6.438472966212393,0.20689655172413793,0.14285714285714285,0.3448275862068966,0.27411787870451265,0.11314288957364949,0
user_3460,2021-01-09 21:04:00,18,17,10,1,2,1,12,18,18,10,17,5,1,4.491050358797914,8.644950607838776,9.527970861739883,0.5263157894736842,0.09090909090909091,0.8947368421052632,0.17610793575851602,1.1852309717051008,0
user_3461,2021-04-12 10:43:00,15,7,11,2,4,0,16,5,11,10,5,0,0,5.722628247431741,4.2740788278138595,8.671194456334465,0.6875,0.16666666666666666,0.4375,1.9509738769006182,1.3610602457026755,0
user_3462,2021-01-07 15:11:00,14,16,13,2,1,0,10,12,6,9,5,3,0,9.653354189975886,7.901284735154847,3.814061964237185,0.8666666666666667,0.14285714285714285,1.0666666666666667,0.3661277246422945,1.7488077066262775,0
user_3463,2021-02-28 21:27:00,19,12,6,2,3,0,7,6,6,18,10,6,1,0.29542213483584656,1.4947400656589338,1.1749456451809408,0.3,0.2857142857142857,0.6,1.9793348385093388,0.04455943754263836,0
user_3464,2021-02-24 15:42:00,16,15,9,1,1,0,12,16,11,8,7,2,0,4.7208419198937985,9.615920995150674,1.4386382516762861,0.5294117647058824,0.1,0.8823529411764706,1.5819819567619655,0.8043503917724089,0
user_3465,2021-02-24 12:45:00,18,12,11,1,4,2,13,12,5,18,9,2,0,1.7514180692550563,6.614316199084904,9.284883462574589,0.5789473684210527,0.08333333333333333,0.631578947368421,0.6071803788180434,0.15675971326863758,0
user_3466,2021-04-04 02:31:00,28,14,5,0,1,0,6,11,19,19,17,6,1,9.380433767430517,7.604842613712092,7.5240747797200465,0.1724137931034483,0.0,0.4827586206896552,0.2542473798840328,1.6568465316742274,0
user_3467,2021-04-06 19:13:00,19,8,3,0,1,0,6,16,14,12,10,1,0,8.701358418563336,2.448360831251153,6.219481971860416,0.15,0.0,0.4,1.2967765338460884,0.5345045378322919,0
user_3468,2021-04-16 08:42:00,18,20,13,1,1,1,10,7,5,8,5,4,0,0.2902909708376411,5.597645295880565,1.9159713982063002,0.6842105263157895,0.07142857142857142,1.0526315789473684,1.701020424074601,1.3020943843685164,0
user_3469,2021-01-04 21:04:00,22,13,8,0,1,2,8,11,13,9,10,0,0,9.390613709144267,9.214282962250582,1.81153638336666,0.34782608695652173,0.0,0.5652173913043478,0.03612383958552523,0.9754296136433656,0
user_3470,2021-01-19 15:13:00,23,11,7,0,1,1,14,17,9,8,11,1,0,4.098288273738181,7.624923123323139,5.97963499714245,0.2916666666666667,0.0,0.4583333333333333,1.1094380635855283,0.16604239646272245,0
user_3471,2021-01-02 18:26:00,23,23,12,0,3,2,12,7,12,7,9,5,1,0.3065995768072305,8.075665539677086,7.431600315562932,0.5,0.0,0.9583333333333334,1.6749265478202708,0.7857379881180633,0
user_3472,2021-04-20 14:06:00,13,18,6,1,3,0,18,8,7,19,5,1,0,9.114538400820136,8.169423214215506,5.7073410672212725,0.42857142857142855,0.14285714285714285,1.2857142857142858,0.15552349115252917,1.4005716974622466,0
user_3473,2021-02-22 03:56:00,19,9,10,0,0,1,16,19,15,6,19,0,0,4.195301607404134,2.2282471060144236,2.1135058672202214,0.5,0.0,0.45,1.015287634364163,0.48448977556201167,0
user_3474,2021-03-14 16:35:00,24,14,8,0,1,0,13,16,10,5,12,6,1,1.7495329185523656,7.59605326991206,4.345586774860108,0.32,0.0,0.56,1.0288460290396042,1.5567051329790202,0
user_3475,2021-01-14 10:38:00,15,14,13,3,1,0,11,11,9,11,6,3,0,7.179963814076058,0.3578351871780383,5.5729388298162315,0.8125,0.21428571428571427,0.875,0.6034849234262147,0.8760275963973505,0
user_3476,2021-01-13 01:34:00,23,14,7,1,3,1,16,12,14,6,8,2,0,2.657872057988644,4.719366834440533,7.06055155623911,0.2916666666666667,0.125,0.5833333333333334,1.6795408981058613,1.7616518077088406,1
user_3477,2021-02-24 00:54:00,20,10,9,1,0,1,13,9,16,6,15,2,0,7.712470209674719,0.47332939251551465,6.860369186969333,0.42857142857142855,0.1,0.47619047619047616,1.2252130077152292,1.7546944389542583,0
user_3478,2021-01-26 17:42:00,26,17,8,2,2,1,10,7,11,8,11,1,0,0.2695331338213536,1.1983953562111593,8.038149545422716,0.2962962962962963,0.2222222222222222,0.6296296296296297,1.232758168750547,1.7837937184024453,0
user_3479,2021-04-17 23:18:00,25,15,11,1,3,0,14,16,15,19,14,5,1,3.810109215309605,5.690673157010878,1.3744243665210036,0.4230769230769231,0.08333333333333333,0.5769230769230769,0.47640726160504476,0.15354834904881676,0
user_3480,2021-02-14 01:07:00,17,12,9,0,1,1,5,10,6,13,14,6,1,4.100411656792126,4.051289683332491,2.321855504775599,0.5,0.0,0.6666666666666666,0.6116634303847774,1.4051578591018747,0
user_3481,2021-03-31 23:41:00,30,15,14,1,4,1,14,14,13,15,8,2,0,2.00949578577448,7.717286399266428,5.852862515569372,0.45161290322580644,0.06666666666666667,0.4838709677419355,1.7098651349254612,1.5291548380146638,0
user_3482,2021-03-03 01:20:00,20,17,5,2,1,0,18,10,7,16,7,2,0,0.5098822321465957,9.767913310348527,8.758880902082437,0.23809523809523808,0.3333333333333333,0.8095238095238095,1.3741210128427808,1.9695911679090976,0
user_3483,2021-02-06 16:50:00,18,16,9,1,2,2,7,13,8,7,16,5,1,4.898666570549648,0.25104553545563735,1.4810125233350457,0.47368421052631576,0.1,0.8421052631578947,1.475878407146732,1.3153703581431477,0
user_3484,2021-02-24 10:01:00,28,14,15,2,4,1,5,11,5,14,8,2,0,0.24081341019795532,1.1902447621027978,1.963772966044357,0.5172413793103449,0.125,0.4827586206896552,0.13139835760226748,0.5205983996020618,0
user_3485,2021-04-14 07:29:00,19,17,9,1,2,0,18,19,8,17,10,2,0,8.758759700450563,2.8745590789472897,5.687135471799452,0.45,0.1,0.85,0.7763113598770515,0.6166722690595523,0
user_3486,2021-01-08 23:36:00,29,16,14,0,3,2,13,10,13,14,8,4,0,9.220798905721148,2.223582748128854,2.696823963141519,0.4666666666666667,0.0,0.5333333333333333,0.5129345576052331,0.7571180238591295,0
user_3487,2021-02-12 00:54:00,27,14,9,1,2,3,9,19,10,19,15,4,0,3.4468473087616944,6.697078223609026,1.1662000806624704,0.32142857142857145,0.1,0.5,0.5446745951547436,0.10947227669399084,1
user_3488,2021-01-03 10:32:00,21,18,7,0,0,0,11,13,16,12,7,6,1,9.827214436072936,9.71914507611643,4.39751298153146,0.3181818181818182,0.0,0.8181818181818182,1.106505225091352,1.9028513429739975,0
user_3489,2021-04-04 11:42:00,17,17,9,1,1,0,5,17,13,7,6,6,1,7.16535359760801,2.442781457637385,4.251201745156505,0.5,0.1,0.9444444444444444,0.8655247664644665,0.06154064591301944,0
user_3490,2021-03-16 16:41:00,20,16,8,0,3,1,7,17,12,12,11,1,0,1.8008278671011013,2.5969339433056007,4.54833536449446,0.38095238095238093,0.0,0.7619047619047619,0.9021201112301223,0.09793346028523908,0
user_3491,2021-02-20 04:45:00,16,9,14,1,1,2,14,5,11,15,8,5,1,0.5698341150746189,6.583381935421718,8.312073190308583,0.8235294117647058,0.06666666666666667,0.5294117647058824,0.2749059425581444,0.5208923680176618,0
user_3492,2021-03-28 23:19:00,19,15,6,1,0,1,15,17,5,8,7,6,1,6.322530114140706,8.128211516682068,6.717818811079591,0.3,0.14285714285714285,0.75,0.5223678048979463,1.6275024831624048,0
user_3493,2021-04-06 07:37:00,27,14,6,2,2,1,19,14,11,8,18,1,0,2.96122255203921,6.572709967555587,9.54399788959229,0.21428571428571427,0.2857142857142857,0.5,1.0998344744002986,0.7004107295517583,0
user_3494,2021-03-01 09:21:00,11,10,7,2,1,1,10,19,11,17,16,0,0,6.113802348285034,4.990172984230586,1.502094458247573,0.5833333333333334,0.25,0.8333333333333334,0.5744894259093067,0.29835192648454556,0
user_3495,2021-01-25 00:17:00,14,19,12,3,0,0,18,11,10,5,14,0,0,7.597223307408059,8.976082734213144,8.902136954578616,0.8,0.23076923076923078,1.2666666666666666,1.097840792876484,1.1266253160111954,0
user_3496,2021-04-08 15:18:00,16,10,8,2,1,1,5,6,17,7,9,3,0,4.260491060277523,0.42344821463196736,1.2668926536986667,0.47058823529411764,0.2222222222222222,0.5882352941176471,0.49460030721724935,0.794160852386731,0
user_3497,2021-04-26 05:23:00,20,17,13,0,2,1,15,15,14,16,7,0,0,4.625502173947389,5.716152254880178,6.058755266478415,0.6190476190476191,0.0,0.8095238095238095,0.6446229282880958,1.5630057429608688,0
user_3498,2021-03-27 17:04:00,21,13,9,0,1,2,14,14,10,13,10,5,1,7.53294315387543,0.5478538239257558,8.272338541500572,0.4090909090909091,0.0,0.5909090909090909,1.896091515442133,0.8521089880843216,0
user_3499,2021-03-10 21:28:00,14,13,8,1,1,0,19,7,17,19,17,2,0,7.709455804103626,5.601574464767936,4.152463436334825,0.5333333333333333,0.1111111111111111,0.8666666666666667,1.6213076943321028,0.22466703681329947,0
user_3500,2021-03-20 01:45:00,23,12,13,2,3,0,12,11,13,8,12,5,1,9.665035626419323,8.593835402745954,5.32738897897051,0.5416666666666666,0.14285714285714285,0.5,1.5171594888023843,1.1837384717600732,0
user_3501,2021-01-18 19:17:00,20,16,5,1,3,1,6,7,12,14,11,0,0,7.179280002791019,7.760641691821971,5.449535242320228,0.23809523809523808,0.16666666666666666,0.7619047619047619,0.7649198915342339,0.40248656151436846,1
user_3502,2021-01-03 15:24:00,17,19,7,0,1,1,7,14,17,12,19,6,1,4.5182552527263,5.003061023191819,1.7245484400892708,0.3888888888888889,0.0,1.0555555555555556,0.4801878655944152,0.5388983572575596,0
user_3503,2021-02-01 20:33:00,18,17,6,1,2,3,6,16,14,5,18,0,0,2.252942435939529,9.723366512328672,1.8566990806474628,0.3157894736842105,0.14285714285714285,0.8947368421052632,1.0054380114860961,1.0828997177874409,0
user_3504,2021-02-04 04:35:00,21,12,10,1,1,1,15,8,14,19,8,3,0,0.11041038726771979,5.062664521053318,3.6864913467797824,0.45454545454545453,0.09090909090909091,0.5454545454545454,1.9731824108647809,0.3380324444037268,0
user_3505,2021-04-01 02:13:00,19,25,9,2,1,1,5,18,7,7,9,3,0,9.77643872645441,2.756490876942098,9.385572428105737,0.45,0.2,1.25,0.10809471610918897,0.964939674212703,0
user_3506,2021-01-13 15:21:00,15,16,7,0,1,0,16,9,16,6,8,2,0,4.905936522939132,5.962457645444983,6.607054041088698,0.4375,0.0,1.0,0.7713372132814782,0.9308500210778847,0
user_3507,2021-03-01 02:34:00,16,13,7,1,4,0,17,6,6,15,12,0,0,9.39540726997683,1.382789387307165,2.981686920192283,0.4117647058823529,0.125,0.7647058823529411,1.3900429663967917,1.8838864687985835,0
user_3508,2021-02-06 18:03:00,16,12,10,2,2,1,18,11,19,11,16,5,1,1.1148115152509108,6.825681403968714,2.8315086108745775,0.5882352941176471,0.18181818181818182,0.7058823529411765,1.64828074008273,1.255363726944893,0
user_3509,2021-03-10 23:38:00,14,12,8,0,1,1,14,18,10,11,9,2,0,6.684869363607021,4.288193194726826,7.441697012995162,0.5333333333333333,0.0,0.8,1.8810632402337384,1.8831276765521723,0
user_3510,2021-02-20 21:04:00,27,15,14,2,5,1,18,16,17,17,14,5,1,7.207207218275262,7.750409005316442,6.521095042885259,0.5,0.13333333333333333,0.5357142857142857,0.10952712635804973,0.8419606962234649,0
user_3511,2021-03-16 15:14:00,21,11,12,2,2,1,5,18,12,14,8,1,0,2.497651354049857,0.7306892313920399,5.078113928344596,0.5454545454545454,0.15384615384615385,0.5,0.6783916684890954,0.6109262532856554,0
user_3512,2021-03-06 15:22:00,24,15,13,1,6,2,8,15,11,7,11,5,1,0.2045275260420465,3.2449279775217033,4.666365352507413,0.52,0.07142857142857142,0.6,0.33839590667322783,0.9918950935467263,1
user_3513,2021-02-10 14:48:00,23,17,8,1,2,1,19,10,19,17,13,2,0,9.58136984017139,1.8819053397769714,8.076682982623982,0.3333333333333333,0.1111111111111111,0.7083333333333334,1.1980495545021044,0.9510763456199336,0
user_3514,2021-01-18 23:15:00,16,16,5,1,1,1,16,17,15,17,11,0,0,5.539650759388949,4.208206331579606,6.873410680762418,0.29411764705882354,0.16666666666666666,0.9411764705882353,1.6049876633617102,1.8443754850159506,0
user_3515,2021-01-07 12:53:00,20,17,10,1,0,0,8,12,6,9,11,3,0,6.104212046714892,3.431459178284355,9.030320574965971,0.47619047619047616,0.09090909090909091,0.8095238095238095,0.23734189572202657,0.6282601329157544,0
user_3516,2021-04-20 12:44:00,26,14,7,1,5,1,17,10,7,8,12,1,0,3.4320032899246113,7.946427928389246,7.566166089172333,0.25925925925925924,0.125,0.5185185185185185,0.3795944839551979,0.35522731725731704,0
user_3517,2021-03-22 15:05:00,19,18,8,3,2,0,15,13,12,7,16,0,0,8.446134096373036,3.3258457814765374,6.746830503608437,0.4,0.3333333333333333,0.9,0.2732777103966808,1.121706036129185,1
user_3518,2021-02-01 09:26:00,23,19,6,1,1,0,18,11,10,13,18,0,0,9.184907074321748,2.805118316864549,1.3451319057138904,0.25,0.14285714285714285,0.7916666666666666,1.6438754603020047,1.5578998847946246,0
user_3519,2021-02-10 18:29:00,31,14,9,0,4,0,5,11,7,13,7,2,0,4.106594971305758,6.126251699095394,1.3126709608773206,0.28125,0.0,0.4375,1.472938729939907,1.2434091348632814,0
user_3520,2021-03-31 21:12:00,13,20,13,0,3,2,12,14,6,8,9,2,0,8.726409947338222,7.883312626445045,9.73851649334202,0.9285714285714286,0.0,1.4285714285714286,0.5085244037415406,0.150270925147161,0
user_3521,2021-04-19 17:34:00,22,15,2,0,0,0,17,13,18,13,15,0,0,8.083145826524236,5.407052573448596,7.157897491730035,0.08695652173913043,0.0,0.6521739130434783,1.8904353709273116,0.5443466351181194,0
user_3522,2021-03-05 22:47:00,24,10,8,1,4,2,7,9,11,7,13,4,0,2.6604235154355638,7.001161784411575,7.365986537914158,0.32,0.1111111111111111,0.4,1.5062914767378546,0.30491984977772413,0
user_3523,2021-02-05 12:20:00,13,15,15,0,1,2,8,16,15,6,17,4,0,7.647231740300443,4.666002336594659,2.0568294103041307,1.0714285714285714,0.0,1.0714285714285714,1.4626056186979022,0.4756157013705484,1
user_3524,2021-01-08 05:12:00,15,16,8,1,0,1,6,7,18,8,6,4,0,5.58533682174305,6.239925897001886,6.875612470370102,0.5,0.1111111111111111,1.0,0.9040244988020893,1.9527309097123147,1
user_3525,2021-01-11 19:28:00,20,16,7,1,2,1,9,11,12,14,19,0,0,9.859358840964463,4.420965826920749,6.432881080032766,0.3333333333333333,0.125,0.7619047619047619,0.23827292332252759,1.5385238635667804,0
user_3526,2021-02-07 01:08:00,23,18,4,3,7,0,18,5,11,13,8,6,1,4.717435702843265,2.745788780851207,2.729838233609202,0.16666666666666666,0.6,0.75,0.38682235560235956,1.813210594237487,0
user_3527,2021-02-22 21:42:00,13,18,7,0,1,0,11,14,8,8,12,0,0,5.869986694185211,9.2876566096603,7.0227903126788975,0.5,0.0,1.2857142857142858,1.7615425204958732,0.8827761680093584,0
user_3528,2021-02-28 10:01:00,25,10,9,1,1,2,7,9,8,7,9,6,1,1.1228449223761583,2.177202536522743,6.16498976774432,0.34615384615384615,0.1,0.38461538461538464,0.1063149846633713,1.457608755534065,1
user_3529,2021-02-26 22:11:00,28,21,12,0,3,2,13,9,19,7,10,4,0,7.866727146754483,0.00010160219258148473,8.528805579769706,0.41379310344827586,0.0,0.7241379310344828,0.4342143632911919,1.948030171955429,0
user_3530,2021-03-23 07:03:00,19,18,16,2,0,1,5,14,7,9,9,1,0,7.24885362601773,1.4381935998311246,7.929324222376781,0.8,0.11764705882352941,0.9,0.058891065055037606,0.2545755601526034,0
user_3531,2021-04-26 05:26:00,18,22,15,1,2,3,17,6,12,18,14,0,0,2.5286814079946596,3.088672986629649,8.580715372021675,0.7894736842105263,0.0625,1.1578947368421053,1.994945804051039,0.9859867445469057,0
user_3532,2021-01-01 07:56:00,14,19,7,0,2,1,11,19,12,18,8,4,0,3.629434486834998,1.0680348210942414,5.5802039230183045,0.4666666666666667,0.0,1.2666666666666666,1.4070935400432378,0.15800543362604214,0
user_3533,2021-04-26 19:39:00,16,20,9,4,2,0,9,18,6,12,13,0,0,5.987013010312401,4.223748047711034,1.7284934241194023,0.5294117647058824,0.4,1.1764705882352942,1.7000282471768375,1.3484242356071043,0
user_3534,2021-03-05 07:10:00,14,10,10,1,2,1,16,18,11,8,13,4,0,0.540605454355868,7.639415031395721,4.158858940685448,0.6666666666666666,0.09090909090909091,0.6666666666666666,1.2714616258773803,0.22968017919368489,0
user_3535,2021-03-16 11:15:00,18,11,3,3,3,0,11,6,14,17,19,1,0,0.37919439042857106,1.2589329759620649,4.394001751850116,0.15789473684210525,0.75,0.5789473684210527,0.9576342120292332,1.8051255901001138,0
user_3536,2021-03-06 15:44:00,7,18,7,0,0,1,6,6,7,19,6,5,1,8.558740787233436,5.808231029518866,7.337644424423761,0.875,0.0,2.25,1.6806515170307281,1.500734291647444,0
user_3537,2021-02-21 04:31:00,18,8,5,0,1,0,12,17,10,10,7,6,1,6.8065773501972595,7.231749063222072,4.4588324005442495,0.2631578947368421,0.0,0.42105263157894735,1.8473633542843995,0.9215808005897634,1
user_3538,2021-04-24 10:39:00,14,21,7,2,1,0,5,17,17,12,8,5,1,8.15356819518855,5.93561436625342,1.1084660919605251,0.4666666666666667,0.25,1.4,0.11590336062441553,0.18299890763774695,0
user_3539,2021-03-30 08:17:00,30,17,4,2,3,1,19,9,10,9,8,1,0,0.017353671454605202,0.4926147696925065,3.8186403947802097,0.12903225806451613,0.4,0.5483870967741935,0.6145951836617014,0.30320270733058385,0
user_3540,2021-01-03 06:39:00,24,19,6,1,3,1,12,15,15,10,12,6,1,5.420582807744593,5.6830993212927625,8.55079967822968,0.24,0.14285714285714285,0.76,1.1971155666677198,0.8531327319168802,0
user_3541,2021-04-25 16:51:00,24,12,6,0,3,0,5,14,8,8,7,6,1,2.412812225335422,6.89686365891458,5.096846615407995,0.24,0.0,0.48,0.5732778281321278,1.597901771474477,0
user_3542,2021-01-03 19:26:00,29,11,11,1,3,2,12,16,9,19,13,6,1,4.338332847740299,0.21114940418665573,4.958969581270594,0.36666666666666664,0.08333333333333333,0.36666666666666664,1.3988209024021592,0.5153417662789435,0
user_3543,2021-02-02 23:52:00,12,16,6,2,1,0,15,9,5,14,15,1,0,7.725566760333772,4.498462962927431,2.75872737136931,0.46153846153846156,0.2857142857142857,1.2307692307692308,0.2858658646487755,1.3215525860721171,0
user_3544,2021-04-09 09:50:00,20,10,11,0,4,1,6,19,13,9,11,4,0,8.461841878458674,2.59713298011535,1.3237317044928993,0.5238095238095238,0.0,0.47619047619047616,0.18447275088073112,1.2616278610749978,1
user_3545,2021-01-11 19:37:00,20,16,8,2,0,1,10,5,17,18,8,0,0,3.214932683678775,9.581959330948251,3.6964924258857748,0.38095238095238093,0.2222222222222222,0.7619047619047619,1.6535802248419034,0.5494892363169799,0
user_3546,2021-04-26 15:01:00,18,16,8,1,2,1,16,10,11,19,9,0,0,4.640557302509372,8.818281051210146,1.6803046539230384,0.42105263157894735,0.1111111111111111,0.8421052631578947,1.6546459767282466,1.3266108779590204,0
user_3547,2021-01-04 11:54:00,26,12,8,1,3,1,5,19,17,13,7,0,0,2.521468825876542,1.4428299855614712,2.649153826571541,0.2962962962962963,0.1111111111111111,0.4444444444444444,0.9893428470221795,0.9534817118542886,0
user_3548,2021-03-10 00:07:00,18,13,9,0,1,2,14,13,14,15,15,2,0,1.1290758387021416,8.051848469067489,8.433259828631499,0.47368421052631576,0.0,0.6842105263157895,1.9715982277093116,1.4165309752435489,0
user_3549,2021-01-06 01:37:00,23,21,8,1,2,1,10,12,17,6,15,2,0,3.3650027243593406,6.227139987815811,7.06342159426287,0.3333333333333333,0.1111111111111111,0.875,0.31134779374951593,0.2453247477228646,0
user_3550,2021-04-06 21:27:00,27,18,6,1,2,2,19,16,13,7,15,1,0,2.2033902004473758,0.3169414933156611,7.7984700733194625,0.21428571428571427,0.14285714285714285,0.6428571428571429,1.8203582111370258,1.1830749696935874,0
user_3551,2021-02-16 10:09:00,19,18,11,1,1,3,14,10,7,14,12,1,0,7.420707446265253,9.521226681852632,2.1087180839316133,0.55,0.08333333333333333,0.9,0.5989230957287306,1.7689903370922888,0
user_3552,2021-02-04 10:44:00,18,10,6,1,3,0,16,15,16,19,19,3,0,4.9780860797348545,9.163913738094022,6.819321282964281,0.3157894736842105,0.14285714285714285,0.5263157894736842,0.7399950781019962,0.5039551687536197,0
user_3553,2021-04-06 01:35:00,26,17,13,2,2,1,7,6,18,16,5,1,0,0.693299637247401,9.037530425320677,4.337779405128639,0.48148148148148145,0.14285714285714285,0.6296296296296297,0.5000677014882413,0.754662464801924,0
user_3554,2021-01-24 00:53:00,23,11,6,0,5,1,18,13,12,14,6,6,1,1.6420715006911946,9.660106084875403,6.8775046226699725,0.25,0.0,0.4583333333333333,0.783923213434423,1.1380619621418266,0
user_3555,2021-04-08 06:05:00,16,18,9,1,1,2,13,12,18,8,8,3,0,4.600999289649058,8.249004867192584,3.424992113689208,0.5294117647058824,0.1,1.0588235294117647,0.5846525168264347,0.8450393780025698,0
user_3556,2021-01-17 19:57:00,16,10,8,1,4,2,10,6,8,5,12,6,1,2.038043108267893,4.13366159920452,1.5154022947263182,0.47058823529411764,0.1111111111111111,0.5882352941176471,0.007813045917528516,1.4362782710905964,0
user_3557,2021-04-06 11:03:00,16,8,12,0,2,2,7,6,17,9,15,1,0,8.219185073440894,5.888208740871809,5.122625401610252,0.7058823529411765,0.0,0.47058823529411764,1.8482140971405145,1.0974605898448195,0
user_3558,2021-04-06 22:18:00,21,14,5,3,1,0,14,15,15,10,13,1,0,0.5658491932742093,5.4216363286630385,3.867277969362627,0.22727272727272727,0.5,0.6363636363636364,0.6487168981247065,1.266615563460732,1
user_3559,2021-02-22 04:51:00,23,19,8,0,6,1,13,12,8,5,15,0,0,8.952213720192084,3.8504754051527357,6.852996752590709,0.3333333333333333,0.0,0.7916666666666666,1.703032163324511,1.4238858201117077,0
user_3560,2021-04-12 06:00:00,24,9,11,1,1,1,5,15,13,6,16,0,0,7.247963587627004,8.95213129344303,3.4585990242017237,0.44,0.08333333333333333,0.36,1.491116937907973,1.8612951092570924,0
user_3561,2021-04-27 01:09:00,18,10,10,4,2,0,7,7,12,13,17,1,0,8.169782891944386,6.244604628290748,2.9475683320066066,0.5263157894736842,0.36363636363636365,0.5263157894736842,0.7287513878329002,1.9800182208447528,0
user_3562,2021-04-09 08:17:00,14,22,10,0,2,1,15,8,9,15,19,4,0,2.2907127543071635,1.595101756687144,5.45953217010645,0.6666666666666666,0.0,1.4666666666666666,0.45148900885639986,1.760933691307739,0
user_3563,2021-02-21 13:50:00,21,12,11,0,3,0,7,19,12,8,17,6,1,5.794902396633636,3.169881190521393,7.236586144452475,0.5,0.0,0.5454545454545454,1.9754256640880925,0.965851261466935,0
user_3564,2021-03-19 11:20:00,23,13,7,0,1,0,7,8,7,17,7,4,0,9.048365889723156,0.38882807591222535,5.19435640029837,0.2916666666666667,0.0,0.5416666666666666,0.5680393418441074,0.5147663080934457,0
user_3565,2021-01-15 07:12:00,24,17,6,0,0,0,10,10,7,14,7,4,0,0.8053720980259238,4.62850511387226,6.573414231362015,0.24,0.0,0.68,1.4990606392694483,1.4282377666984194,0
user_3566,2021-03-28 00:19:00,14,11,15,1,1,2,5,17,17,6,8,6,1,9.81153708041694,5.176208287627141,4.38157366337649,1.0,0.0625,0.7333333333333333,0.6805300067220499,0.3877632412247092,0
user_3567,2021-03-02 05:04:00,21,20,10,4,3,1,17,8,8,16,18,1,0,2.542327936934976,3.581104872020159,6.436694735332189,0.45454545454545453,0.36363636363636365,0.9090909090909091,1.2680339636083837,1.0527063377929744,0
user_3568,2021-04-27 03:36:00,19,18,7,2,1,1,12,15,9,8,13,1,0,6.056091043331952,6.026126876859309,4.202857987680511,0.35,0.25,0.9,0.1685936891949884,0.839774381679147,0
user_3569,2021-03-06 19:23:00,23,21,13,0,2,2,19,10,5,8,19,5,1,8.660937874294099,3.94019334437691,2.3213275325459684,0.5416666666666666,0.0,0.875,1.500470866071227,0.4950236594846473,0
user_3570,2021-03-13 22:59:00,9,17,16,2,0,2,15,5,5,19,15,5,1,9.941018671151333,6.659448807716429,8.60447148343161,1.6,0.11764705882352941,1.7,1.4209364974322007,1.3958252097614194,0
user_3571,2021-04-15 05:05:00,12,15,8,1,3,0,11,8,16,17,14,3,0,1.8675794730737771,6.91179246148645,5.563309696160605,0.6153846153846154,0.1111111111111111,1.1538461538461537,1.036707198320922,1.6700049643370793,0
user_3572,2021-03-18 12:22:00,25,15,9,1,3,0,17,16,15,15,17,3,0,8.21183621563726,2.9465285103022287,7.492531084091749,0.34615384615384615,0.1,0.5769230769230769,1.9560846363465831,0.571004343467105,1
user_3573,2021-03-01 09:14:00,22,18,8,1,0,1,18,5,9,5,10,0,0,5.772891909740329,8.680213287814865,7.47566109762284,0.34782608695652173,0.1111111111111111,0.782608695652174,1.9912499083764528,0.09448711274878296,0
user_3574,2021-04-09 07:49:00,15,11,4,0,2,1,14,11,12,18,9,4,0,1.7239748687623269,8.439114802876054,8.057410655931946,0.25,0.0,0.6875,1.430575686343985,1.5757968340343647,0
user_3575,2021-02-19 07:20:00,21,20,12,0,1,4,10,17,9,9,12,4,0,9.408106977502786,6.666347382963675,9.592642871674656,0.5454545454545454,0.0,0.9090909090909091,1.884888126549148,0.5659665877873454,1
user_3576,2021-02-01 03:22:00,16,13,10,0,2,1,7,6,6,6,7,0,0,4.4530421861160905,4.023005707373021,2.991103432542166,0.5882352941176471,0.0,0.7647058823529411,0.12846025836205266,0.25210111392401746,0
user_3577,2021-03-21 22:25:00,21,13,5,1,0,2,17,14,15,19,16,6,1,3.678587125948445,8.12863751094803,1.8426602726591952,0.22727272727272727,0.16666666666666666,0.5909090909090909,1.893222608815733,0.31086764766330766,0
user_3578,2021-03-23 02:23:00,12,16,12,1,2,0,10,15,16,18,16,1,0,2.8141299356683778,1.1544231328097365,1.4948575568041957,0.9230769230769231,0.07692307692307693,1.2307692307692308,1.943742753012771,1.7135813192970593,0
user_3579,2021-04-18 17:20:00,25,13,9,0,3,1,12,19,11,5,15,6,1,7.323221000049992,6.051190674465843,9.981170951975509,0.34615384615384615,0.0,0.5,0.6285203195885805,0.4984783072343688,0
user_3580,2021-04-10 23:32:00,21,14,10,0,0,1,9,18,19,6,13,5,1,2.14575175116382,7.891404351579795,1.4509381237370524,0.45454545454545453,0.0,0.6363636363636364,1.5928389250270887,0.05873292284389953,0
user_3581,2021-01-23 17:13:00,20,13,9,1,3,0,15,6,10,8,7,5,1,8.014207383503141,3.1097073494316696,9.976642802940965,0.42857142857142855,0.1,0.6190476190476191,0.3615143598206918,0.43661927506548115,1
user_3582,2021-01-02 18:29:00,16,12,7,0,4,1,9,7,17,5,16,5,1,3.9236985179278907,5.114874061377105,7.621028419233124,0.4117647058823529,0.0,0.7058823529411765,1.3251203670771015,1.343808143585158,1
user_3583,2021-03-23 09:41:00,14,17,6,3,1,1,13,7,18,15,13,1,0,3.269425788366962,2.642550982039272,4.857325148879469,0.4,0.42857142857142855,1.1333333333333333,1.8221030763564043,0.9835873320510122,0
user_3584,2021-01-28 00:50:00,19,17,11,2,1,2,8,19,12,8,14,3,0,3.5376116891643408,3.0554098860634538,6.8734275386196355,0.55,0.16666666666666666,0.85,1.9808491176075307,0.04210474590992885,0
user_3585,2021-03-10 06:57:00,29,13,12,3,1,2,6,10,9,12,6,2,0,6.5157718073457405,3.3069407432930142,4.572491945641037,0.4,0.23076923076923078,0.43333333333333335,1.4363687516313353,0.8335109852286624,0
user_3586,2021-02-16 02:33:00,18,15,7,1,2,0,5,16,10,14,13,1,0,7.913959745812813,0.4753182417134927,5.946820009220864,0.3684210526315789,0.125,0.7894736842105263,1.2668028195699284,1.1697248263796516,0
user_3587,2021-04-27 00:08:00,15,21,5,0,3,0,10,12,18,6,6,1,0,5.620315735864487,5.057081944406836,3.437045726899668,0.3125,0.0,1.3125,1.2726735633919033,1.0936701638559194,0
user_3588,2021-03-30 19:04:00,27,12,14,1,2,3,17,16,7,10,12,1,0,0.5882080958983216,2.1351820788254248,8.031746635925096,0.5,0.06666666666666667,0.42857142857142855,0.8376891901360735,1.1657043496118542,0
user_3589,2021-04-15 22:27:00,26,18,8,1,2,1,9,18,10,14,19,3,0,9.324424366366223,6.180178734800384,9.248258518961999,0.2962962962962963,0.1111111111111111,0.6666666666666666,0.5652756752759212,0.17008157537478397,0
user_3590,2021-01-20 15:19:00,21,24,10,1,1,3,12,12,18,10,5,2,0,1.9572962871200783,4.794262117418108,1.967154232527046,0.45454545454545453,0.09090909090909091,1.0909090909090908,0.3858243716012524,0.5422514130903058,0
user_3591,2021-01-01 22:32:00,14,12,10,1,0,0,15,17,9,13,18,4,0,5.59530173424437,3.505289003155181,1.6255201805970905,0.6666666666666666,0.09090909090909091,0.8,0.7262723609623083,0.6176588841537445,0
user_3592,2021-03-29 16:51:00,23,13,15,0,0,3,13,17,15,6,7,0,0,1.2037745448405768,6.336465943708771,3.1941536039250202,0.625,0.0,0.5416666666666666,1.5100579496069924,0.09659060342333303,0
user_3593,2021-01-26 09:35:00,23,8,9,2,1,1,5,12,11,11,14,1,0,4.932984967455738,4.832782606190818,8.533987842254337,0.375,0.2,0.3333333333333333,0.18180806014401307,0.6870156239880887,0
user_3594,2021-04-28 07:19:00,14,17,13,3,5,1,16,9,10,12,8,2,0,6.8296411330232,0.43243077515861983,3.0515077477873094,0.8666666666666667,0.21428571428571427,1.1333333333333333,0.037009935635996305,1.9749703758135868,0
user_3595,2021-03-21 18:42:00,25,19,10,0,5,1,10,16,19,9,5,6,1,0.5207112601081687,4.652190670690645,2.298644169559269,0.38461538461538464,0.0,0.7307692307692307,1.2308979706668688,0.5202001284310702,0
user_3596,2021-01-02 17:17:00,20,15,13,1,2,0,7,12,19,5,18,5,1,4.534320737527253,1.1661963276419174,7.578394616987661,0.6190476190476191,0.07142857142857142,0.7142857142857143,1.9070323786965857,1.7050448750272813,0
user_3597,2021-02-13 21:56:00,12,10,11,0,2,0,17,14,16,9,14,5,1,7.37366213034249,3.407045404147291,5.591214479416225,0.8461538461538461,0.0,0.7692307692307693,0.6475578780874442,0.023045285414996508,0
user_3598,2021-02-12 20:23:00,19,19,8,1,2,0,19,8,11,17,17,4,0,0.6045541511158659,1.4745529250446054,8.188156138924176,0.4,0.1111111111111111,0.95,0.640562067865498,0.8269854289401719,0
user_3599,2021-03-17 05:47:00,21,13,20,0,2,2,6,12,19,6,5,2,0,4.311072866831655,0.5358248858219272,6.948428682703434,0.9090909090909091,0.0,0.5909090909090909,0.7053717147583827,0.811617902561327,0
user_3600,2021-04-08 21:14:00,23,16,14,3,2,2,11,11,5,7,16,3,0,3.707489893764161,5.955051649883214,1.9251938305779208,0.5833333333333334,0.2,0.6666666666666666,1.768474179934307,0.3032732294022409,0
user_3601,2021-04-21 16:01:00,24,22,14,0,3,1,12,8,18,16,18,2,0,6.271135596474981,8.134856985558379,6.514713713902101,0.56,0.0,0.88,1.6890028685118705,1.190534558920991,0
user_3602,2021-03-20 08:40:00,16,15,8,1,2,0,8,15,6,13,9,5,1,8.650062812749919,9.922001671887688,6.50448914862959,0.47058823529411764,0.1111111111111111,0.8823529411764706,0.5898943597050743,1.057606500830547,0
user_3603,2021-02-11 06:06:00,18,13,5,1,2,1,17,7,6,11,12,3,0,6.940145310902768,9.178607808928687,5.498217173271236,0.2631578947368421,0.16666666666666666,0.6842105263157895,1.1374662977127916,0.9303573704514663,0
user_3604,2021-02-14 20:22:00,17,14,4,0,2,1,15,17,11,6,7,6,1,2.7441643275929737,0.9094162734566624,4.490418356060225,0.2222222222222222,0.0,0.7777777777777778,0.07190063553201265,1.4120218693518323,0
user_3605,2021-01-26 23:44:00,17,22,14,0,1,1,14,11,13,7,14,1,0,3.3259455814762906,1.5536618127405721,3.151474382580176,0.7777777777777778,0.0,1.2222222222222223,1.6004790718317812,1.636469206018638,0
user_3606,2021-01-22 19:10:00,23,16,11,1,2,1,13,10,5,19,18,4,0,8.542269616828293,7.082682694901319,7.085443810825618,0.4583333333333333,0.08333333333333333,0.6666666666666666,1.2539887697305112,1.0097799483820835,0
user_3607,2021-03-20 17:14:00,23,14,14,0,1,1,11,11,13,8,10,5,1,6.704661275350894,9.163470028500026,3.4198798812207163,0.5833333333333334,0.0,0.5833333333333334,0.24576325188382664,1.8439892078063247,0
user_3608,2021-04-19 17:42:00,18,5,7,1,1,1,6,10,15,11,15,0,0,6.481181894113578,6.300020371681941,1.523328344623652,0.3684210526315789,0.125,0.2631578947368421,0.758058952809511,0.6965045432927421,0
user_3609,2021-02-10 08:39:00,18,12,18,2,1,1,12,11,14,9,10,2,0,7.814302517895447,4.086769746824644,3.8813529513630383,0.9473684210526315,0.10526315789473684,0.631578947368421,1.9597548230992377,1.352766194392355,1
user_3610,2021-03-06 15:26:00,21,14,15,2,4,1,12,8,5,12,12,5,1,5.929332027615538,2.954465236034479,7.116388372018671,0.6818181818181818,0.125,0.6363636363636364,0.31617543936282666,1.5893435786058463,0
user_3611,2021-01-04 20:22:00,22,17,7,1,3,0,17,8,7,18,6,0,0,7.343002039095294,5.14601982518778,5.196255922765568,0.30434782608695654,0.125,0.7391304347826086,0.0556038738892608,0.12862010072935126,1
user_3612,2021-03-26 15:02:00,17,22,8,2,2,2,18,10,9,19,11,4,0,6.732195379705679,1.3367074061027495,5.287273901695506,0.4444444444444444,0.2222222222222222,1.2222222222222223,0.47647118685847056,1.8733121410972837,0
user_3613,2021-01-31 09:13:00,25,22,7,0,2,1,5,11,14,5,11,6,1,3.3126743296912418,0.8526068258656694,9.80744025332242,0.2692307692307692,0.0,0.8461538461538461,0.7347959709146312,0.03408641919630928,0
user_3614,2021-04-25 05:03:00,33,9,10,3,2,5,11,15,15,11,6,6,1,2.7054914303209445,6.711730899233217,6.3590413655102935,0.29411764705882354,0.2727272727272727,0.2647058823529412,0.9713987640351143,1.8807941251456353,0
user_3615,2021-02-01 17:34:00,27,21,4,0,2,1,7,8,14,5,5,0,0,6.49274054230375,9.701920198153577,9.750117858874159,0.14285714285714285,0.0,0.75,0.06890662334764075,1.9340939524500849,0
user_3616,2021-04-03 00:26:00,18,14,8,1,3,1,14,12,14,16,16,5,1,8.683621961710188,0.013986421037639474,7.758751699601727,0.42105263157894735,0.1111111111111111,0.7368421052631579,0.04267965502486337,0.8237539792734376,1
user_3617,2021-02-03 13:01:00,14,12,4,1,0,0,15,15,12,17,18,2,0,0.9719653731017597,6.1145347324834365,4.510841312695407,0.26666666666666666,0.2,0.8,1.6677187639776077,1.2551923385286345,0
user_3618,2021-01-08 17:13:00,29,15,8,1,3,0,12,8,7,19,12,4,0,1.084704249853804,1.3192404663947366,2.8263004043036246,0.26666666666666666,0.1111111111111111,0.5,0.9437320929143371,0.9165306738372965,0
user_3619,2021-03-10 16:58:00,15,11,8,2,2,3,17,10,11,11,14,2,0,7.254375225790937,3.559682679984777,9.16326003535419,0.5,0.2222222222222222,0.6875,1.1879313244850682,0.4655680322059117,0
user_3620,2021-02-19 17:37:00,26,17,9,1,2,0,16,5,5,18,16,4,0,4.327743165619442,6.240036740399394,9.756111213245187,0.3333333333333333,0.1,0.6296296296296297,1.7716534963402915,0.7450686573433758,1
user_3621,2021-02-16 03:18:00,16,14,9,0,0,0,9,12,18,17,6,1,0,8.690100932080819,7.639686563769094,1.0099236230592017,0.5294117647058824,0.0,0.8235294117647058,0.5321768140723695,1.2336159865229517,0
user_3622,2021-03-08 05:05:00,20,12,14,0,4,2,8,15,5,10,12,0,0,0.12063386243872043,2.4543904340130416,5.1385214949589555,0.6666666666666666,0.0,0.5714285714285714,0.6508824337633483,1.82835317774215,0
user_3623,2021-03-19 15:16:00,27,8,9,1,1,0,6,14,9,5,6,4,0,5.586509756996849,2.532476548486613,7.574708781180506,0.32142857142857145,0.1,0.2857142857142857,0.4940880824201177,0.12066383747804132,0
user_3624,2021-01-07 22:53:00,28,14,11,1,1,2,9,13,18,18,19,3,0,9.99341278495875,8.491380869099137,2.241415886792038,0.3793103448275862,0.08333333333333333,0.4827586206896552,0.32742383394155805,0.2737241377040711,0
user_3625,2021-04-28 08:44:00,22,12,4,1,2,1,10,13,16,19,19,2,0,5.073027190411717,5.792138250149095,3.919608029066414,0.17391304347826086,0.2,0.5217391304347826,0.9239805529823857,1.901477882186957,0
user_3626,2021-03-24 15:18:00,19,24,10,2,1,0,8,16,7,10,5,2,0,6.054264304295738,9.895910984752756,1.375384758721586,0.5,0.18181818181818182,1.2,0.8454005420396296,1.8776980606145317,0
user_3627,2021-02-09 00:39:00,19,16,10,1,2,0,16,12,13,12,13,1,0,2.379843890920675,7.501375518679868,3.86252770426591,0.5,0.09090909090909091,0.8,1.0163265885246144,1.7841569464065254,0
user_3628,2021-03-30 13:03:00,27,14,8,0,4,0,18,16,11,10,18,1,0,3.2118138615821525,8.459724539512818,7.107155992999105,0.2857142857142857,0.0,0.5,0.9445936277200666,1.5561923195620428,0
user_3629,2021-03-23 16:31:00,20,17,19,0,4,5,15,7,16,15,6,1,0,4.547753848619186,8.427476768684901,3.911412002382645,0.9047619047619048,0.0,0.8095238095238095,0.08792351872694315,1.2944565184801613,0
user_3630,2021-01-02 23:14:00,17,15,5,1,1,1,13,12,16,19,16,5,1,8.364173901112284,4.748765647868787,5.685963295843071,0.2777777777777778,0.16666666666666666,0.8333333333333334,0.283434551733845,0.21584676672043446,1
user_3631,2021-03-03 23:09:00,20,11,12,0,2,0,10,19,16,16,18,2,0,3.066533435230964,8.43159315014148,4.581346745419019,0.5714285714285714,0.0,0.5238095238095238,0.8238498312630689,1.199731024272317,0
user_3632,2021-01-03 16:48:00,16,9,8,0,1,1,15,9,12,7,17,6,1,7.686931941863895,6.615552073166626,2.7002765165334885,0.47058823529411764,0.0,0.5294117647058824,1.0716172233146408,1.7829953248149997,0
user_3633,2021-02-12 05:58:00,22,20,12,1,3,0,12,15,12,13,12,4,0,2.483360129462823,0.5516681734606521,8.052847495003443,0.5217391304347826,0.07692307692307693,0.8695652173913043,1.5684045901963388,0.18609962043804207,0
user_3634,2021-04-21 07:07:00,27,13,10,1,0,2,17,10,7,5,9,2,0,5.338063544104803,6.508091295925336,5.256216884429869,0.35714285714285715,0.09090909090909091,0.4642857142857143,0.36966443014000894,0.6241033899645922,0
user_3635,2021-01-11 15:42:00,21,15,11,0,2,1,15,8,12,8,19,0,0,8.262803109686502,0.2205976783284369,7.316841169367938,0.5,0.0,0.6818181818181818,1.4626028486904854,1.439639811218564,0
user_3636,2021-02-16 08:48:00,10,12,9,0,1,1,10,12,13,14,18,1,0,5.887178764125237,5.671852745129761,1.1639632972396474,0.8181818181818182,0.0,1.0909090909090908,1.3130043968821068,1.5401473369402137,0
user_3637,2021-03-31 13:40:00,25,21,11,2,2,1,15,19,18,8,15,2,0,0.09011094555707477,5.588301078142862,9.791611073448305,0.4230769230769231,0.16666666666666666,0.8076923076923077,1.3290679266903058,0.7512113966800096,0
user_3638,2021-02-28 02:53:00,24,13,11,1,2,3,19,5,5,15,8,6,1,2.765432086044357,2.122842512510814,5.218915020960217,0.44,0.08333333333333333,0.52,0.007538829596173802,1.1924142520111718,0
user_3639,2021-02-13 15:03:00,27,12,13,0,1,2,14,12,19,19,17,5,1,7.417562653857134,0.004076402411152813,4.705841244703944,0.4642857142857143,0.0,0.42857142857142855,1.7056243566890457,0.10939744476885593,0
user_3640,2021-02-10 10:33:00,22,17,12,2,2,1,10,10,19,19,15,2,0,0.5134352339010251,9.40852514284234,5.986810468842619,0.5217391304347826,0.15384615384615385,0.7391304347826086,1.2305233329641379,0.4466929336688319,0
user_3641,2021-02-14 12:37:00,23,16,7,2,1,1,18,18,12,16,16,6,1,8.381619624206785,4.580028265902295,9.028908504088164,0.2916666666666667,0.25,0.6666666666666666,1.4016984678307558,1.4409599049632988,0
user_3642,2021-01-16 20:16:00,16,21,10,1,0,1,7,12,6,10,11,5,1,1.0981459451673292,2.947831442629419,4.319711359531858,0.5882352941176471,0.09090909090909091,1.2352941176470589,1.5010466905530486,0.7709215328969721,0
user_3643,2021-02-21 06:01:00,28,18,5,0,4,0,17,12,11,14,9,6,1,5.931912956226296,5.511670015405877,4.4418738251469545,0.1724137931034483,0.0,0.6206896551724138,1.1003308471049253,1.1228500710631777,0
user_3644,2021-01-10 02:31:00,25,16,9,1,2,1,6,9,6,12,10,6,1,3.283751081612365,9.586361487725833,1.318399382124352,0.34615384615384615,0.1,0.6153846153846154,1.873165527736865,0.776923243592416,0
user_3645,2021-02-25 11:07:00,18,17,9,0,2,1,8,8,7,19,6,3,0,9.817078462126428,6.015621338880996,6.5304114897925825,0.47368421052631576,0.0,0.8947368421052632,0.21120963729023678,0.8651714790471032,0
user_3646,2021-04-13 06:52:00,18,11,11,1,2,2,13,11,12,16,8,1,0,7.215716691905864,1.7810914230099717,9.798923638921487,0.5789473684210527,0.08333333333333333,0.5789473684210527,0.825482301856868,1.0301689441209567,0
user_3647,2021-02-17 11:13:00,27,16,5,2,4,0,11,13,17,9,19,2,0,8.013594532785186,2.953241669823451,6.756732361038003,0.17857142857142858,0.3333333333333333,0.5714285714285714,1.4329687680716952,0.9125989244994839,0
user_3648,2021-03-06 03:26:00,18,11,7,1,1,1,5,13,7,8,18,5,1,5.348997630686644,9.158467152737371,4.093876516478911,0.3684210526315789,0.125,0.5789473684210527,0.9224563386214917,0.33068515040873003,0
user_3649,2021-03-13 05:05:00,22,9,7,0,5,1,10,10,7,10,17,5,1,2.8271786541301913,4.2927648130601535,1.685984133812637,0.30434782608695654,0.0,0.391304347826087,1.5204870043457017,1.8469324736184989,0
user_3650,2021-01-12 15:36:00,13,11,11,1,2,1,14,9,16,18,13,1,0,5.069340590391115,0.05598043540461339,5.644063592515443,0.7857142857142857,0.08333333333333333,0.7857142857142857,1.2053691171448175,0.2874113492847936,0
user_3651,2021-01-04 02:54:00,14,18,10,0,3,0,8,7,9,7,13,0,0,4.513544578537467,4.184474604450839,6.8297584088644845,0.6666666666666666,0.0,1.2,0.4409705346933528,0.13658140759194426,1
user_3652,2021-01-04 17:34:00,25,14,8,1,1,2,13,15,16,6,7,0,0,9.57236101074751,0.19189404360475115,5.808596573824735,0.3076923076923077,0.1111111111111111,0.5384615384615384,0.9264776735437028,0.04320490282095624,0
user_3653,2021-02-26 22:46:00,26,16,12,1,5,1,16,6,18,16,6,4,0,8.625850301606008,2.2274493334448584,1.1674945192001103,0.4444444444444444,0.07692307692307693,0.5925925925925926,1.9571219693125868,1.0244463465544442,0
user_3654,2021-01-24 16:42:00,15,15,10,0,0,1,19,7,8,10,15,6,1,8.217704792493695,5.823180385692858,3.352130958038498,0.625,0.0,0.9375,1.7885269794518182,1.7866219858620387,1
user_3655,2021-01-17 01:32:00,26,9,13,1,2,0,11,9,10,18,13,6,1,0.24570757533419973,3.2966080185102706,8.843060461235522,0.48148148148148145,0.07142857142857142,0.3333333333333333,1.6410850167400386,0.5901532346011744,0
user_3656,2021-01-13 08:33:00,26,14,9,1,4,1,6,5,18,8,9,2,0,4.693733186388629,7.847730110535686,2.6682197699025205,0.3333333333333333,0.1,0.5185185185185185,0.20555815157235835,1.5187054042672319,0
user_3657,2021-02-07 16:16:00,15,13,10,1,3,2,6,9,12,18,9,6,1,3.085553653853389,6.843679292045505,4.964875478700106,0.625,0.09090909090909091,0.8125,0.3454500236790792,0.41525651849381773,0
user_3658,2021-02-16 12:41:00,26,9,12,2,1,0,8,17,17,13,17,1,0,2.1373417540816577,6.276651769955286,2.8106184422520295,0.4444444444444444,0.15384615384615385,0.3333333333333333,1.9260839622787553,1.3420909116387294,0
user_3659,2021-04-23 10:12:00,22,13,9,1,1,1,16,14,11,12,19,4,0,4.298262365168812,0.5842459473225692,9.751790191277118,0.391304347826087,0.1,0.5652173913043478,0.4213572571844184,1.311968006414314,0
user_3660,2021-03-30 18:26:00,11,15,18,2,0,0,7,17,15,15,17,1,0,8.86695636020471,2.3016275107934394,6.8525788198471425,1.5,0.10526315789473684,1.25,1.709988035731257,0.17510887195464586,0
user_3661,2021-02-12 03:48:00,21,12,14,0,1,2,16,19,15,7,7,4,0,6.920541544914273,2.109223687175338,9.566701962889743,0.6363636363636364,0.0,0.5454545454545454,1.2464950793823357,0.4217106450637711,0
user_3662,2021-01-11 22:09:00,20,14,5,1,1,0,16,16,12,19,6,0,0,9.800743681745345,7.388686400022141,2.629318073164043,0.23809523809523808,0.16666666666666666,0.6666666666666666,0.14434695379556217,0.031342753128007717,0
user_3663,2021-03-04 21:25:00,17,18,10,2,3,1,19,10,14,15,15,3,0,0.2179736120946496,2.757781580165534,3.9514128513230284,0.5555555555555556,0.18181818181818182,1.0,0.7259701832807879,1.914471176727288,1
user_3664,2021-02-18 00:50:00,25,14,10,2,2,2,6,16,7,15,12,3,0,2.4992687032690872,4.98706544508034,5.599898605022446,0.38461538461538464,0.18181818181818182,0.5384615384615384,0.2501222125909581,0.9423187989113002,0
user_3665,2021-01-13 07:17:00,25,13,15,1,1,0,6,18,18,15,18,2,0,1.069590159105992,5.7000048146307485,4.4997771278878815,0.5769230769230769,0.0625,0.5,0.7919701818980078,1.4710536706737514,0
user_3666,2021-02-06 15:54:00,18,13,9,2,2,1,16,19,17,10,8,5,1,6.5505122213565805,7.360233575433433,2.6507876819763325,0.47368421052631576,0.2,0.6842105263157895,0.26350425941276767,1.4447493583527649,0
user_3667,2021-01-28 16:28:00,17,19,11,1,0,2,8,17,16,11,16,3,0,5.40524011523206,2.652529144203543,2.9364577954406244,0.6111111111111112,0.08333333333333333,1.0555555555555556,0.23556679971048777,1.5116435841166658,0
user_3668,2021-03-14 09:24:00,20,14,10,1,3,2,5,17,10,10,15,6,1,2.202933613583694,0.3070241858348821,1.7293747621201194,0.47619047619047616,0.09090909090909091,0.6666666666666666,0.057780167433102214,1.8014606214172673,0
user_3669,2021-03-07 03:30:00,18,15,5,1,1,2,11,15,14,16,19,6,1,4.498323807284072,5.311357170486105,1.6775331941803735,0.2631578947368421,0.16666666666666666,0.7894736842105263,1.6505652118334895,0.807218898467599,0
user_3670,2021-04-16 08:10:00,27,17,13,0,2,1,6,15,18,5,9,4,0,9.168314143901737,1.165271592971282,2.4255962374781936,0.4642857142857143,0.0,0.6071428571428571,1.4795322403917257,1.7050628344319703,0
user_3671,2021-02-07 19:21:00,19,16,6,0,3,0,13,9,9,11,13,6,1,9.956707386780018,6.035505940642231,1.3617300517800768,0.3,0.0,0.8,1.8278999318559894,0.798688076955794,0
user_3672,2021-02-27 06:45:00,21,15,9,1,2,0,13,6,19,16,18,5,1,9.148690536923601,4.553324435444975,7.53659836027605,0.4090909090909091,0.1,0.6818181818181818,1.0675250359738582,0.6907297165905728,0
user_3673,2021-01-21 14:56:00,19,12,5,1,0,0,9,8,12,14,10,3,0,8.317892185182169,9.31670774358486,7.082250078983677,0.25,0.16666666666666666,0.6,1.331937146141529,1.8420729342128517,0
user_3674,2021-03-04 22:35:00,13,19,8,0,2,1,5,12,11,17,9,3,0,6.453399833187205,2.7117147913348782,1.4243699578932314,0.5714285714285714,0.0,1.3571428571428572,0.31508437917215937,0.47427024382314276,0
user_3675,2021-03-25 04:05:00,25,13,7,0,3,0,15,8,18,15,16,3,0,9.040010814569289,1.3430896494536093,7.327647738737505,0.2692307692307692,0.0,0.5,1.9391945542284446,0.792910547490657,0
user_3676,2021-03-26 13:52:00,22,12,9,1,2,1,16,16,17,8,9,4,0,0.6703061697123647,3.617254457730853,6.257653730058253,0.391304347826087,0.1,0.5217391304347826,0.6056844918260902,1.302195707249697,0
user_3677,2021-03-01 12:37:00,24,17,12,2,4,3,5,6,14,11,7,0,0,9.214805851720557,8.501103462283181,6.239601012944779,0.48,0.15384615384615385,0.68,0.238659509915923,0.4426897672771546,0
user_3678,2021-02-03 21:03:00,18,15,8,1,2,1,10,18,17,11,15,2,0,4.407173968996652,8.764381190104931,6.056944972662703,0.42105263157894735,0.1111111111111111,0.7894736842105263,0.4038655596800551,0.40995043063061276,0
user_3679,2021-04-30 06:06:00,26,10,15,1,4,3,12,15,8,14,9,4,0,6.0191694397069515,9.128522268104,6.521409281779791,0.5555555555555556,0.0625,0.37037037037037035,0.3497075563565153,1.381552891356884,0
user_3680,2021-04-30 14:19:00,24,22,15,2,1,0,17,14,11,15,12,4,0,9.91154430354891,2.4462608732591984,1.130623811971272,0.6,0.125,0.88,0.6123454825383148,0.5330730992767616,0
user_3681,2021-03-22 10:16:00,25,10,10,2,6,1,6,12,5,14,8,0,0,7.368889400841785,9.692343125548817,8.217531439011331,0.38461538461538464,0.18181818181818182,0.38461538461538464,0.43847684277292753,0.3367570418430541,0
user_3682,2021-04-07 21:25:00,23,9,11,1,4,1,18,7,12,18,16,2,0,7.751352841690613,0.49727284742790645,2.054722470533617,0.4583333333333333,0.08333333333333333,0.375,1.0846473220606243,0.18790951775287024,0
user_3683,2021-03-24 05:01:00,20,16,9,1,4,1,8,18,15,17,5,2,0,4.813280756064566,9.78692932980731,1.421253778164464,0.42857142857142855,0.1,0.7619047619047619,1.5633477441986343,1.0510610031539847,0
user_3684,2021-02-23 18:10:00,18,15,10,0,0,0,5,6,7,16,6,1,0,6.288652445709073,1.2770948588723752,7.716754844588911,0.5263157894736842,0.0,0.7894736842105263,1.5551776389080822,0.034388690013230416,0
user_3685,2021-01-31 13:59:00,13,18,6,3,1,0,13,16,6,14,7,6,1,6.001633933733355,7.488807494546875,8.908549927328625,0.42857142857142855,0.42857142857142855,1.2857142857142858,0.44035271311210944,1.4114323706670187,0
user_3686,2021-02-02 21:30:00,25,13,10,1,1,0,16,10,11,19,12,1,0,7.374029603682301,0.865037654131704,6.054092050489592,0.38461538461538464,0.09090909090909091,0.5,1.2491548351095918,1.9008653554517887,0
user_3687,2021-03-27 19:16:00,18,13,9,1,2,0,5,16,17,8,5,5,1,5.888959891063963,8.471949366447362,9.743483239975248,0.47368421052631576,0.1,0.6842105263157895,0.9676254737903747,0.7007574927975531,0
user_3688,2021-04-27 08:46:00,18,11,6,3,3,0,14,5,13,7,11,1,0,2.3738979683093087,8.163564817760026,9.571233944548048,0.3157894736842105,0.42857142857142855,0.5789473684210527,0.001830144346223861,1.3341535790206376,0
user_3689,2021-03-11 16:22:00,21,21,11,0,1,1,18,6,10,8,7,3,0,8.736285124256401,9.94959493215577,8.288316771302199,0.5,0.0,0.9545454545454546,0.017563559755114033,1.089081619686423,0
user_3690,2021-04-27 20:03:00,27,16,15,1,2,1,13,19,9,7,7,1,0,3.7970637103958516,1.6050844767856332,6.191154404477103,0.5357142857142857,0.0625,0.5714285714285714,1.0510979476494908,0.7841102984076007,1
user_3691,2021-04-08 22:42:00,23,11,12,2,0,1,6,17,10,7,15,3,0,6.0617634533830405,5.689928260015902,1.9117698127626543,0.5,0.15384615384615385,0.4583333333333333,1.8700199935465855,0.15650628237388586,0
user_3692,2021-02-15 01:03:00,17,12,11,2,2,2,16,10,11,7,8,0,0,4.326691529311201,5.374708750438026,4.392219844794015,0.6111111111111112,0.16666666666666666,0.6666666666666666,1.1588565839985923,0.16802928010041662,0
user_3693,2021-02-26 07:35:00,11,19,10,1,1,1,17,10,9,5,14,4,0,2.4310422568574683,4.03764568656967,8.770527278224435,0.8333333333333334,0.09090909090909091,1.5833333333333333,0.6944019509467974,0.9186091114455612,0
user_3694,2021-04-20 09:46:00,25,22,3,1,2,0,8,8,7,16,5,1,0,0.7690943259750516,6.5895113271879655,6.702565480633894,0.11538461538461539,0.25,0.8461538461538461,1.4419072042904892,1.372781518852947,1
user_3695,2021-04-26 20:47:00,25,13,9,0,6,0,19,14,7,11,7,0,0,8.404706935502109,0.5646947835952709,7.756142895178327,0.34615384615384615,0.0,0.5,1.9878598709393718,1.22877372339782,0
user_3696,2021-03-02 02:13:00,13,12,12,1,1,0,9,5,7,19,10,1,0,6.252923096204178,1.1904903200768613,8.114404247332365,0.8571428571428571,0.07692307692307693,0.8571428571428571,0.5988707432002205,1.634526284704443,0
user_3697,2021-02-28 06:48:00,20,19,9,0,2,1,15,19,17,7,11,6,1,6.481418931642979,0.5533548733399862,9.764198807520568,0.42857142857142855,0.0,0.9047619047619048,0.827642537610032,1.0692508828150098,0
user_3698,2021-01-20 20:13:00,30,21,15,1,4,2,10,8,11,6,17,2,0,2.756395617820772,7.51562420266552,4.387886477823876,0.4838709677419355,0.0625,0.6774193548387096,1.887374121032335,0.31871578455911354,0
user_3699,2021-02-14 06:07:00,15,15,12,1,1,0,19,15,17,17,18,6,1,7.430484445058737,8.964056231494766,5.452632481500393,0.75,0.07692307692307693,0.9375,1.6830599251302634,1.9816834391203775,0
user_3700,2021-04-12 23:50:00,13,22,9,1,1,0,10,10,16,13,14,0,0,8.436121730892213,7.87882957631693,2.80656217656621,0.6428571428571429,0.1,1.5714285714285714,1.584862887196909,0.9744011563471238,0
user_3701,2021-02-02 10:43:00,18,16,13,1,1,1,11,5,14,9,14,1,0,7.983894565509768,1.1973557868225604,8.635697624382878,0.6842105263157895,0.07142857142857142,0.8421052631578947,1.5932761157232074,1.5537368866560182,0
user_3702,2021-01-20 15:25:00,17,15,10,0,6,1,10,10,8,7,12,2,0,7.9373397769971845,4.8568619088404965,4.1560690769977295,0.5555555555555556,0.0,0.8333333333333334,0.9310999831929982,0.14966064084739883,0
user_3703,2021-03-31 19:49:00,14,16,7,1,3,1,18,17,17,5,8,2,0,0.19200351389659698,9.654762415043315,2.1556699279145723,0.4666666666666667,0.125,1.0666666666666667,1.248739236552767,1.1205536993719005,0
user_3704,2021-03-01 19:59:00,27,14,10,0,4,1,16,19,17,14,12,0,0,7.831559849722724,3.200901772911612,7.0316456656608075,0.35714285714285715,0.0,0.5,1.0623508709546097,0.6207213162803216,0
user_3705,2021-02-03 21:30:00,24,16,8,0,3,1,8,16,10,6,19,2,0,0.30057738112472476,1.74646243793384,5.755990594514014,0.32,0.0,0.64,0.8683194421577993,0.9925142454059206,0
user_3706,2021-03-08 22:16:00,18,17,11,2,4,0,8,9,13,15,11,0,0,6.210076863948821,1.5395319255922357,1.1734581118457732,0.5789473684210527,0.16666666666666666,0.8947368421052632,0.021458493451345095,1.9055017499150513,0
user_3707,2021-04-05 16:20:00,25,6,10,2,4,0,17,6,15,17,13,0,0,4.2758091667482745,2.8921160659820524,2.402218586733365,0.38461538461538464,0.18181818181818182,0.23076923076923078,0.035817718856917535,0.16034535340605327,0
user_3708,2021-02-13 13:08:00,15,18,9,1,2,1,14,14,13,15,18,5,1,1.0601578566019565,1.225399539404628,6.640053607496213,0.5625,0.1,1.125,0.14361417248320363,0.5618771692428883,0
user_3709,2021-04-07 00:32:00,21,19,11,1,4,0,12,10,10,14,15,2,0,1.0529050579446098,1.5076940470687028,2.4272230341499847,0.5,0.08333333333333333,0.8636363636363636,0.4885770239878815,1.9809987416541843,0
user_3710,2021-02-13 04:56:00,19,14,9,1,4,1,9,7,11,5,5,5,1,4.571009217464549,6.552627130467307,9.864170715434659,0.45,0.1,0.7,0.1807132682102428,0.24086056392345578,0
user_3711,2021-03-03 08:56:00,19,15,6,2,1,1,12,8,14,14,7,2,0,7.521761746848339,5.680315394291555,2.0331043094020256,0.3,0.2857142857142857,0.75,1.2863502524565618,1.7906431296667933,0
user_3712,2021-04-22 11:59:00,24,9,7,0,2,0,18,13,11,5,16,3,0,7.658113089771761,9.06579461195393,3.6681310210694513,0.28,0.0,0.36,1.508837784481873,1.1455733762015288,0
user_3713,2021-04-18 02:31:00,20,11,10,0,2,1,12,6,9,12,12,6,1,8.917798798196413,9.85475820123133,7.8343566540679275,0.47619047619047616,0.0,0.5238095238095238,1.6176524595424235,0.9924910202777582,0
user_3714,2021-01-24 13:20:00,20,16,11,0,2,1,18,9,6,18,18,6,1,6.143966978882628,1.9861871003163545,9.866289541821457,0.5238095238095238,0.0,0.7619047619047619,0.7391778781322405,1.4506122035376288,0
user_3715,2021-01-01 12:10:00,8,15,13,1,1,2,17,7,12,6,17,4,0,6.936487268675942,1.9723063772578375,7.612349447923168,1.4444444444444444,0.07142857142857142,1.6666666666666667,0.0018010083673605237,1.8645175795255895,0
user_3716,2021-01-07 22:26:00,16,10,13,0,0,1,16,17,12,14,9,3,0,9.340166002516698,6.947875794122637,8.326985083878828,0.7647058823529411,0.0,0.5882352941176471,0.25696418230506324,1.4807472855331922,0
user_3717,2021-01-16 14:49:00,14,9,5,3,0,0,8,9,15,9,16,5,1,4.864851692716731,3.745805879406048,8.24159316424961,0.3333333333333333,0.5,0.6,0.5342466130064598,1.4366099290375285,0
user_3718,2021-03-27 12:13:00,23,19,8,2,4,0,18,7,9,12,19,5,1,9.982703068878523,2.9503466234084916,4.389252269524226,0.3333333333333333,0.2222222222222222,0.7916666666666666,1.7447553669331322,1.1238337416439004,0
user_3719,2021-04-07 22:43:00,13,16,13,1,1,2,14,6,10,12,17,2,0,8.779984397394694,0.8578207050414477,2.798105766072118,0.9285714285714286,0.07142857142857142,1.1428571428571428,0.8110515983813231,0.4300185755588988,0
user_3720,2021-01-23 15:40:00,20,16,3,4,2,0,11,18,16,16,5,5,1,8.61010210834897,1.8516847059103403,5.781748202976425,0.14285714285714285,1.0,0.7619047619047619,1.406669256608373,1.1611891463348385,0
user_3721,2021-03-11 07:18:00,14,24,15,1,1,1,8,17,5,14,17,3,0,4.542222528647919,5.771225261127215,6.731150274337974,1.0,0.0625,1.6,1.6131600345944845,0.2667410881565646,0
user_3722,2021-04-28 03:10:00,24,20,11,1,3,3,15,14,13,10,10,2,0,5.291973996838218,8.452024055398066,5.25419489339501,0.44,0.08333333333333333,0.8,1.519005574258644,1.8192935293415065,0
user_3723,2021-02-13 21:02:00,19,11,6,2,4,0,18,17,17,6,17,5,1,5.8185204890508215,8.149098237310335,9.864109822445961,0.3,0.2857142857142857,0.55,1.8123024218604782,1.662283843002057,0
user_3724,2021-04-13 01:00:00,20,11,10,0,1,0,8,16,8,18,18,1,0,9.982738543567116,0.6110509768965333,9.768130021612357,0.47619047619047616,0.0,0.5238095238095238,1.133735509801004,1.2388329196756742,0
user_3725,2021-01-08 16:49:00,18,13,8,1,1,0,14,13,12,18,17,4,0,2.8359640816310105,7.966856012099973,5.251841658135703,0.42105263157894735,0.1111111111111111,0.6842105263157895,1.8916404322953395,0.7649358333159519,0
user_3726,2021-02-18 09:55:00,23,26,9,0,7,0,18,14,13,10,15,3,0,0.4451469138183717,8.788925476931054,9.634805519837334,0.375,0.0,1.0833333333333333,0.23849068422336495,1.1101020064859006,0
user_3727,2021-02-10 14:12:00,18,11,13,0,3,1,11,9,11,7,10,2,0,3.5301978287748073,7.004366638079155,7.398613862892289,0.6842105263157895,0.0,0.5789473684210527,1.6914225124550666,0.29302086460420873,0
user_3728,2021-01-04 22:00:00,16,8,12,0,0,4,11,11,8,14,9,0,0,2.341424848342115,7.711429229849996,6.605480233773616,0.7058823529411765,0.0,0.47058823529411764,0.5675152212072614,0.20250050491359306,0
user_3729,2021-04-09 20:58:00,16,12,8,1,2,0,12,14,13,13,13,4,0,2.047474905452092,4.385372058413881,1.7214742849430378,0.47058823529411764,0.1111111111111111,0.7058823529411765,0.4877910505916341,1.9558608627580003,0
user_3730,2021-03-07 02:53:00,18,15,10,0,0,1,13,15,13,15,18,6,1,1.1352312958898936,6.549571362967448,4.052997004201297,0.5263157894736842,0.0,0.7894736842105263,0.4425422629298521,0.4336817450479764,0
user_3731,2021-03-11 16:31:00,29,11,9,1,3,0,16,19,12,12,12,3,0,9.832424852063701,7.703336891910672,9.80813185171092,0.3,0.1,0.36666666666666664,0.5919382324474007,0.8119092362077887,0
user_3732,2021-01-25 10:20:00,13,14,12,1,0,3,12,18,6,10,14,0,0,4.902651033150828,3.0083278011192816,1.43400196964566,0.8571428571428571,0.07692307692307693,1.0,1.841002051302612,1.579738753451582,0
user_3733,2021-04-03 08:31:00,26,11,6,2,1,0,8,6,15,7,7,5,1,5.863742994904325,5.822873873198889,8.410380256183629,0.2222222222222222,0.2857142857142857,0.4074074074074074,0.28501695505455626,1.9279686895510213,0
user_3734,2021-04-04 07:49:00,31,10,8,1,1,2,15,5,7,19,16,6,1,8.202219384996997,2.4526031106807524,8.889604304479317,0.25,0.1111111111111111,0.3125,1.3913078897824904,0.9733221878038574,0
user_3735,2021-03-13 23:15:00,15,11,10,2,1,3,19,19,14,8,18,5,1,7.889869067063132,2.9344718608755525,2.5214672275124848,0.625,0.18181818181818182,0.6875,1.3226650386768724,1.2223187245146672,1
user_3736,2021-02-21 18:19:00,19,13,8,1,1,0,10,12,15,5,18,6,1,5.566838611399883,6.63124282346304,8.244746378105969,0.4,0.1111111111111111,0.65,0.6814922086005593,1.1200701715305805,0
user_3737,2021-04-22 21:43:00,22,11,13,2,2,2,8,11,10,12,6,3,0,1.7189661408316759,3.688742031487575,8.005453819833892,0.5652173913043478,0.14285714285714285,0.4782608695652174,1.9704733719717251,0.8527837523816586,1
user_3738,2021-03-08 01:13:00,21,14,9,1,4,1,16,7,7,6,16,0,0,4.9918063466139895,3.753163430888006,3.3868137488994607,0.4090909090909091,0.1,0.6363636363636364,1.6340053198348101,1.5126855193176771,0
user_3739,2021-02-03 22:51:00,23,13,14,0,3,1,10,5,15,9,13,2,0,3.2653581808541263,0.07647816182805967,2.552180037189816,0.5833333333333334,0.0,0.5416666666666666,1.1653096499058169,1.4617076082605245,0
user_3740,2021-02-11 15:36:00,17,9,6,1,3,0,18,19,14,15,9,3,0,7.019810911547007,9.101056543916076,9.88991499655438,0.3333333333333333,0.14285714285714285,0.5,1.493554319603452,1.875592424728247,0
user_3741,2021-02-17 07:16:00,19,18,7,1,2,0,5,19,15,19,17,2,0,4.240108988648932,2.4871507957607375,7.178377290615345,0.35,0.125,0.9,0.2743183137892564,0.39842097620688266,0
user_3742,2021-02-02 08:45:00,23,17,13,0,4,0,18,14,9,17,11,1,0,0.013648355199507023,2.747810133352081,5.053392578371169,0.5416666666666666,0.0,0.7083333333333334,0.9928987043084196,1.531890503477617,0
user_3743,2021-01-15 17:03:00,19,19,10,1,3,1,11,5,10,7,10,4,0,9.846785348016478,9.782662583885715,5.6989745754070285,0.5,0.09090909090909091,0.95,1.9277876672273677,1.2872366640318387,0
user_3744,2021-02-24 16:07:00,22,14,8,2,4,0,19,11,15,9,18,2,0,2.922772567703744,3.332168870402082,8.384139579789476,0.34782608695652173,0.2222222222222222,0.6086956521739131,0.8175632976812783,1.9275103966390628,0
user_3745,2021-01-02 13:45:00,21,10,18,2,1,2,11,12,10,12,9,5,1,9.24556803131173,5.877343825472786,3.9361236500174956,0.8181818181818182,0.10526315789473684,0.45454545454545453,0.8461111494193037,1.5971282121817207,0
user_3746,2021-03-30 01:06:00,17,17,8,0,2,0,12,18,13,11,14,1,0,3.8461781398317685,8.646554681906398,2.1141818520927083,0.4444444444444444,0.0,0.9444444444444444,0.48259435598268907,1.9882478679001832,0
user_3747,2021-04-21 12:03:00,22,7,10,0,3,1,6,16,6,7,13,2,0,2.5654760973275126,3.856841501749525,8.678729258574766,0.43478260869565216,0.0,0.30434782608695654,0.03539045396149465,1.1868769477574344,0
user_3748,2021-04-01 07:29:00,24,23,10,0,1,2,16,8,9,18,16,3,0,0.3101897000505227,3.6612817106542717,5.41009758257823,0.4,0.0,0.92,1.248167971834551,0.01454525744110291,0
user_3749,2021-02-07 10:32:00,17,19,10,1,2,1,11,10,9,18,19,6,1,7.868751586420098,5.736421453213312,1.4550120823522,0.5555555555555556,0.09090909090909091,1.0555555555555556,1.7272427756627964,1.8190310789766173,0
user_3750,2021-02-18 02:19:00,18,18,17,1,1,3,13,5,13,5,15,3,0,4.132234293235982,5.098985606704697,7.05368193799125,0.8947368421052632,0.05555555555555555,0.9473684210526315,0.7708086026903616,1.3149823585690643,0
user_3751,2021-01-26 03:55:00,17,11,12,1,3,0,13,15,15,17,14,1,0,4.4618262979432615,3.5409548274837457,3.075875305119845,0.6666666666666666,0.07692307692307693,0.6111111111111112,0.03787478773741282,0.5478129762273176,0
user_3752,2021-01-06 08:02:00,17,10,8,4,3,2,15,14,6,6,13,2,0,5.526656770933237,1.2551129711659759,3.205608223047185,0.4444444444444444,0.4444444444444444,0.5555555555555556,1.2023024808484357,0.07782807576623196,0
user_3753,2021-03-12 06:25:00,24,17,16,0,3,1,14,14,18,16,8,4,0,7.331478933622333,4.372518010440477,4.557919858641744,0.64,0.0,0.68,0.6486307244236282,1.1918926576914302,0
user_3754,2021-03-07 23:20:00,12,13,14,2,0,3,7,6,14,18,6,6,1,3.4831637030173788,5.930459717822466,4.178495334681772,1.0769230769230769,0.13333333333333333,1.0,1.517845726342456,1.1995914235019747,0
user_3755,2021-03-19 20:46:00,25,12,12,2,1,2,11,18,10,18,12,4,0,7.5812088802647,6.42626084802356,3.47965003911402,0.46153846153846156,0.15384615384615385,0.46153846153846156,1.2941711292801485,1.4763532674900397,0
user_3756,2021-02-17 17:27:00,16,12,6,1,1,1,17,8,6,18,19,2,0,9.084306131610749,6.645405919208369,3.676825750940516,0.35294117647058826,0.14285714285714285,0.7058823529411765,0.7995754382675342,0.6938801735274884,0
user_3757,2021-01-30 05:06:00,21,13,6,1,4,1,19,9,15,7,16,5,1,7.075952034098853,6.211043420505382,5.257395386765712,0.2727272727272727,0.14285714285714285,0.5909090909090909,1.1323906455251165,0.44182303873043094,0
user_3758,2021-03-13 07:41:00,25,20,10,3,0,2,18,10,14,17,11,5,1,5.727219058472208,4.896865197430086,7.8410173298474914,0.38461538461538464,0.2727272727272727,0.7692307692307693,0.7847139397292133,0.8072199587652589,0
user_3759,2021-03-14 01:06:00,19,19,5,0,0,1,18,8,17,6,14,6,1,5.044664733682857,8.943880123835383,5.2537792851652,0.25,0.0,0.95,1.147543407666173,0.37303548242477147,0
user_3760,2021-04-18 04:39:00,22,14,9,1,5,2,5,16,13,12,16,6,1,7.951664867951517,7.152703912144688,3.891005818190617,0.391304347826087,0.1,0.6086956521739131,1.375314360000098,1.2162801544461854,0
user_3761,2021-03-27 02:48:00,15,15,10,1,2,1,9,18,14,11,14,5,1,7.756397242733764,9.859372331478525,2.141003845663161,0.625,0.09090909090909091,0.9375,0.6279047469704271,0.14355699028586155,0
user_3762,2021-02-02 23:34:00,19,7,7,1,1,0,18,15,14,13,17,1,0,2.8072769203203682,5.6339533250503235,5.4842043944174526,0.35,0.125,0.35,1.343634040495249,1.766882786210152,0
user_3763,2021-03-22 05:49:00,15,13,11,2,1,0,14,8,17,18,16,0,0,4.526548782302684,4.757318331960743,5.118522796083035,0.6875,0.16666666666666666,0.8125,0.9830584406562324,0.6961173634944602,1
user_3764,2021-04-04 06:14:00,22,9,9,1,1,0,16,15,14,10,9,6,1,5.096782177277131,9.93709115466832,3.189766031469129,0.391304347826087,0.1,0.391304347826087,0.6301054984694636,1.4345215501481319,0
user_3765,2021-04-09 10:49:00,23,13,10,0,1,1,14,16,10,14,8,4,0,9.08322645302453,2.5660612278205255,8.09689089021654,0.4166666666666667,0.0,0.5416666666666666,1.81153240707082,1.1656087307453995,0
user_3766,2021-04-24 19:33:00,20,15,9,0,3,2,10,18,7,8,8,5,1,9.663900827772023,3.525206543123783,3.08313644466574,0.42857142857142855,0.0,0.7142857142857143,1.4828527871169013,1.5752874919720978,0
user_3767,2021-03-14 18:32:00,21,19,9,2,5,1,5,13,14,6,11,6,1,4.313534453883233,2.5539590487094586,3.4568849416213645,0.4090909090909091,0.2,0.8636363636363636,1.3919533884043258,0.4001310294118132,0
user_3768,2021-01-16 06:18:00,20,10,12,2,2,0,5,17,10,19,11,5,1,5.382323674829323,3.743740178045302,2.1911163959555404,0.5714285714285714,0.15384615384615385,0.47619047619047616,0.4140813756729427,1.9340275470045878,0
user_3769,2021-04-08 16:34:00,15,12,11,0,0,3,14,5,8,8,18,3,0,8.092897255119604,9.798433704718835,9.797268383538524,0.6875,0.0,0.75,0.8344450227086999,1.3950236237209712,1
user_3770,2021-03-28 01:36:00,22,13,10,1,4,2,19,12,17,18,7,6,1,4.5652149159197855,8.097624209794578,5.800971206764033,0.43478260869565216,0.09090909090909091,0.5652173913043478,0.717305735757243,0.7395938998031566,0
user_3771,2021-01-07 00:03:00,16,12,13,0,1,1,6,13,11,13,15,3,0,9.869227778105627,9.380400504796471,5.628831799894529,0.7647058823529411,0.0,0.7058823529411765,1.4366481504090283,1.19555127156127,0
user_3772,2021-04-26 11:17:00,28,16,11,2,2,0,5,14,6,14,6,0,0,8.3696668620201,1.6215823513707484,4.277230153312671,0.3793103448275862,0.16666666666666666,0.5517241379310345,0.8178434883937862,0.5945242401546833,0
user_3773,2021-02-24 11:33:00,19,16,8,0,2,0,12,17,16,17,10,2,0,1.7076491973502783,9.514529790615976,6.967631602843022,0.4,0.0,0.8,1.4178532715934027,1.6274797814581636,1
user_3774,2021-03-27 16:20:00,22,10,7,0,3,1,10,11,12,14,16,5,1,5.480894274861513,5.704682815320879,4.023052833638765,0.30434782608695654,0.0,0.43478260869565216,0.5810723855238011,0.03522554231268793,0
user_3775,2021-03-25 12:05:00,15,23,15,2,2,0,7,17,9,16,5,3,0,9.121985339073301,4.785023481706122,4.186887780265086,0.9375,0.125,1.4375,1.4742614860303793,0.33877665977094096,0
user_3776,2021-03-08 14:32:00,15,14,12,0,3,1,7,14,7,8,14,0,0,1.9790308855849148,2.4071266548627266,5.983433726132924,0.75,0.0,0.875,1.064482436508304,0.20494039337646686,0
user_3777,2021-02-13 22:52:00,23,15,11,0,3,0,7,12,6,17,9,5,1,4.144296878800726,4.6177119869405905,5.892563120423997,0.4583333333333333,0.0,0.625,0.19094740636401686,0.20311697537632778,0
user_3778,2021-03-06 19:17:00,30,12,10,0,2,0,15,16,11,9,16,5,1,3.164018285461563,4.226464488135498,6.2922546603180365,0.3225806451612903,0.0,0.3870967741935484,1.8405380283803154,1.6911844136127472,0
user_3779,2021-03-01 03:19:00,23,10,11,0,1,1,11,17,12,11,8,0,0,6.565342826768089,0.148815370468679,1.2338885089361922,0.4583333333333333,0.0,0.4166666666666667,0.5713035100967876,0.5112954911606364,1
user_3780,2021-03-03 07:05:00,17,18,15,2,2,1,17,8,12,9,10,2,0,9.889878389174614,6.756557144741499,2.274376553391272,0.8333333333333334,0.125,1.0,0.9574065907862861,0.03927013849429306,0
user_3781,2021-02-19 09:02:00,20,17,12,1,2,2,16,14,8,7,11,4,0,7.58230574239052,3.1300669911252808,4.345196544055475,0.5714285714285714,0.07692307692307693,0.8095238095238095,1.964503784084739,0.7290086051249167,0
user_3782,2021-03-19 01:24:00,17,19,13,2,0,2,10,16,13,12,18,4,0,0.029290359218155926,0.08574260273528922,4.600190832491458,0.7222222222222222,0.14285714285714285,1.0555555555555556,0.9171408141472257,0.14093736208166363,0
user_3783,2021-01-01 16:21:00,28,13,14,0,3,2,8,7,7,11,12,4,0,2.0490104824645283,9.653816812721713,6.365173815022297,0.4827586206896552,0.0,0.4482758620689655,1.119195358511443,1.8513542707333908,1
user_3784,2021-01-27 18:38:00,15,16,9,1,1,1,18,11,17,17,14,2,0,2.713210466031458,8.236130724192043,2.049983981241909,0.5625,0.1,1.0,1.9248709052868564,0.5584305640164613,0
user_3785,2021-02-03 18:06:00,20,13,12,2,1,1,18,16,19,7,6,2,0,0.013379450080144295,4.052406748118754,2.808925772900544,0.5714285714285714,0.15384615384615385,0.6190476190476191,0.24176527584998708,0.5884768457245346,0
user_3786,2021-01-11 22:47:00,19,8,18,1,2,0,12,10,15,11,9,0,0,8.946007558969404,4.57313513417008,7.238600816350857,0.9,0.05263157894736842,0.4,1.5520620103276777,1.017114411467765,0
user_3787,2021-02-22 20:25:00,15,19,12,1,0,1,17,9,14,19,6,0,0,4.2101556756888545,4.8572738872475085,8.750428852219844,0.75,0.07692307692307693,1.1875,0.6102418285487257,0.4685429681211717,0
user_3788,2021-01-19 18:48:00,19,22,11,1,0,3,10,7,14,10,6,1,0,2.642197168655005,3.398665539318583,2.9473331187232232,0.55,0.08333333333333333,1.1,0.12759008945120764,0.373673847343291,0
user_3789,2021-03-15 10:49:00,20,14,10,1,2,1,7,9,10,14,18,0,0,5.755988664795904,2.7764259445467534,7.997061236834844,0.47619047619047616,0.09090909090909091,0.6666666666666666,0.44817049877840787,1.1594378933208935,0
user_3790,2021-03-01 10:08:00,14,8,10,0,2,1,10,18,16,19,14,0,0,5.065180916423495,1.6600032553841182,5.229446213408683,0.6666666666666666,0.0,0.5333333333333333,1.976186392133332,1.6052094822972423,0
user_3791,2021-04-23 18:19:00,19,14,9,2,4,1,17,10,11,13,18,4,0,7.372186659027488,9.020294590249257,3.2798748418242436,0.45,0.2,0.7,0.9025943834779437,0.9878397197989011,0
user_3792,2021-01-25 16:19:00,18,19,20,0,4,2,9,17,14,14,11,0,0,3.7781871355668017,0.0622575041412432,2.829437743076007,1.0526315789473684,0.0,1.0,1.3082373056870946,1.4202448444369606,0
user_3793,2021-03-17 14:14:00,12,9,10,3,2,2,6,9,12,10,16,2,0,4.576777706171653,2.3168317454927987,7.191223290802944,0.7692307692307693,0.2727272727272727,0.6923076923076923,1.8717999478348393,0.7950679274983363,0
user_3794,2021-01-17 11:32:00,23,19,14,3,2,2,17,13,8,12,10,6,1,0.20891502825131303,8.280147979981724,1.3271194160334656,0.5833333333333334,0.2,0.7916666666666666,1.5904914718731122,0.27200423926708805,0
user_3795,2021-04-20 20:52:00,24,27,15,0,3,2,16,5,15,8,18,1,0,2.906753413003048,8.412799256614967,4.432754940497665,0.6,0.0,1.08,1.1129209759456569,1.1108112278748936,0
user_3796,2021-01-10 21:46:00,20,14,10,1,5,0,10,18,7,15,9,6,1,0.22767595050254164,3.1053360412804043,6.325304674338223,0.47619047619047616,0.09090909090909091,0.6666666666666666,0.7394721746923603,1.720696942444559,0
user_3797,2021-04-09 14:37:00,21,16,7,1,3,1,14,9,12,7,5,4,0,6.101855817679636,6.998217602739332,4.369328144274657,0.3181818181818182,0.125,0.7272727272727273,0.571280199044842,0.35222899652599327,1
user_3798,2021-04-10 08:45:00,16,20,9,1,2,0,18,11,18,16,16,5,1,2.204525375262163,3.4631427749904073,8.536431737700989,0.5294117647058824,0.1,1.1764705882352942,1.4425886087091806,0.061685951782523896,0
user_3799,2021-04-08 13:15:00,26,20,9,0,2,0,8,5,12,17,17,3,0,5.673474619063869,3.2737758887256785,2.9639497400170103,0.3333333333333333,0.0,0.7407407407407407,0.18287390415311222,0.4183388811838191,0
user_3800,2021-02-07 12:03:00,22,22,4,1,1,0,19,8,6,7,7,6,1,4.622256491329021,8.21617330675253,2.965146781940137,0.17391304347826086,0.2,0.9565217391304348,1.3576139323000045,0.34473496582643604,0
user_3801,2021-01-17 20:06:00,22,12,10,2,1,1,13,6,19,9,12,6,1,6.310700169698143,7.946557017232589,2.572219647634549,0.43478260869565216,0.18181818181818182,0.5217391304347826,1.9332230896890883,0.2234149631373208,0
user_3802,2021-02-09 00:19:00,20,10,4,1,1,0,12,15,15,8,11,1,0,8.00684851951827,4.480260481494356,4.002825210232457,0.19047619047619047,0.2,0.47619047619047616,1.1092201631694334,1.769592332977296,0
user_3803,2021-03-15 21:55:00,25,10,19,2,4,2,12,10,9,6,17,0,0,7.230602055355807,1.599614959325848,6.501666190829562,0.7307692307692307,0.1,0.38461538461538464,1.3171642328078539,1.7320255202026065,0
user_3804,2021-01-05 12:22:00,23,14,11,1,0,1,6,17,19,8,8,1,0,0.7229832256464719,3.105141137002084,5.2013355786088535,0.4583333333333333,0.08333333333333333,0.5833333333333334,1.3980985732997764,1.6849059487582778,0
user_3805,2021-04-10 23:58:00,25,10,8,1,1,0,6,5,11,13,6,5,1,9.986880543816266,5.96180812471185,5.127994213188135,0.3076923076923077,0.1111111111111111,0.38461538461538464,0.21381218561242288,0.4500912050786434,0
user_3806,2021-03-30 11:30:00,24,4,10,1,5,1,18,18,5,9,7,1,0,1.681624124799589,3.92353165631409,7.523518710814301,0.4,0.09090909090909091,0.16,1.0561306205897507,0.43945597517379364,0
user_3807,2021-04-27 16:17:00,18,9,13,1,0,1,8,9,9,18,8,1,0,7.628160124155218,9.922886716478402,5.902074124540482,0.6842105263157895,0.07142857142857142,0.47368421052631576,1.713845992373088,1.4396318611962895,1
user_3808,2021-04-03 19:35:00,22,13,10,0,1,0,14,9,16,11,17,5,1,8.80448892037662,9.807149428179274,1.3264566502980717,0.43478260869565216,0.0,0.5652173913043478,0.4991990100360719,1.9103478327360275,0
user_3809,2021-01-30 06:43:00,22,14,11,0,3,1,17,15,7,12,19,5,1,2.311904504826241,9.320300941818955,3.743166012329949,0.4782608695652174,0.0,0.6086956521739131,0.3671154662141076,1.139681465610849,0
user_3810,2021-03-12 00:32:00,14,13,8,1,2,1,13,18,16,8,5,4,0,2.7039104015958593,1.600986993634368,2.4841400597600356,0.5333333333333333,0.1111111111111111,0.8666666666666667,0.5415968266171647,0.27221018790871687,0
user_3811,2021-03-11 22:09:00,24,14,19,2,2,2,11,6,13,8,9,3,0,7.186752312336539,6.7199160840479175,8.26612463274865,0.76,0.1,0.56,0.5732868982534036,0.9686275800415256,0
user_3812,2021-04-15 18:00:00,14,20,14,2,1,2,13,14,8,13,9,3,0,5.898128818336074,3.777251814577899,7.306660683601954,0.9333333333333333,0.13333333333333333,1.3333333333333333,1.5694665716053784,1.6484429352197143,0
user_3813,2021-02-25 04:08:00,12,11,13,1,2,1,9,17,10,15,7,3,0,1.8391190146917136,7.029664741882979,5.572301765321322,1.0,0.07142857142857142,0.8461538461538461,1.9603689177055377,0.8753491447972683,0
user_3814,2021-01-04 01:29:00,24,17,14,1,4,3,9,12,19,11,17,0,0,5.293838873826862,0.6573047655870867,2.4997673110940624,0.56,0.06666666666666667,0.68,1.8353398573693316,0.884007261788166,0
user_3815,2021-01-12 04:45:00,23,15,6,0,2,0,17,19,15,6,7,1,0,6.467902782036089,0.9770185268802001,2.782116896741936,0.25,0.0,0.625,0.5679623411319297,0.8977105091155626,0
user_3816,2021-03-29 14:40:00,17,11,14,0,0,1,8,5,19,12,9,0,0,6.576437165725855,4.11240099417228,8.678302075524105,0.7777777777777778,0.0,0.6111111111111112,1.548186965776248,0.7409318041920583,0
user_3817,2021-04-14 13:56:00,23,14,14,0,2,1,13,16,12,18,6,2,0,8.972226298687849,3.1823063878369116,3.5697234410923744,0.5833333333333334,0.0,0.5833333333333334,0.18737238801614975,0.15318402909604978,0
user_3818,2021-03-25 11:37:00,21,15,9,0,3,1,8,15,15,12,7,3,0,3.524366502406018,1.4051949102594152,2.487444528650251,0.4090909090909091,0.0,0.6818181818181818,0.5505749334392696,1.6557415587462059,0
user_3819,2021-01-28 05:07:00,18,20,11,0,1,0,12,9,18,6,9,3,0,7.988591925076458,6.596345702393638,1.2430805569952676,0.5789473684210527,0.0,1.0526315789473684,1.4807316349243236,1.2159445182049935,0
user_3820,2021-03-25 00:06:00,18,14,8,0,0,1,14,5,5,18,12,3,0,8.407217046926991,1.3696970044931656,4.141590494200839,0.42105263157894735,0.0,0.7368421052631579,1.9002858789181072,1.1667874794533095,0
user_3821,2021-01-22 19:32:00,26,15,7,0,2,0,6,17,14,12,12,4,0,8.830448987394066,8.489251455284352,3.5710503819365385,0.25925925925925924,0.0,0.5555555555555556,0.2052240533799894,0.9750208338600619,0
user_3822,2021-03-17 11:19:00,22,19,14,1,2,1,6,15,7,10,5,2,0,6.182953388750526,5.9185270615024175,8.211040941120608,0.6086956521739131,0.06666666666666667,0.8260869565217391,1.439999245061438,1.975567659027257,0
user_3823,2021-01-11 15:19:00,19,10,17,2,2,2,12,12,12,5,14,0,0,2.9220734790099225,8.322704113021329,2.4003968934347566,0.85,0.1111111111111111,0.5,0.19048081364774672,1.1638477877954259,0
user_3824,2021-01-27 01:07:00,23,15,13,1,3,0,10,6,10,8,13,2,0,7.510974526968271,1.9358377266842586,3.799208164281097,0.5416666666666666,0.07142857142857142,0.625,0.5121509351999791,0.16935029339316943,0
user_3825,2021-03-09 09:40:00,30,12,12,0,1,0,13,6,18,10,16,1,0,7.287678614824462,5.829269144280509,4.246367509366967,0.3870967741935484,0.0,0.3870967741935484,0.3329760806395936,0.48962489893896777,0
user_3826,2021-02-13 09:40:00,24,16,8,1,1,0,17,18,6,10,17,5,1,7.48696913904049,4.7292142919023235,2.6152515031427885,0.32,0.1111111111111111,0.64,0.037092119250783595,0.7832062729100047,1
user_3827,2021-03-20 04:30:00,23,17,8,3,4,1,16,10,8,10,8,5,1,2.7395706982818666,3.6920701308024495,3.411068152928739,0.3333333333333333,0.3333333333333333,0.7083333333333334,1.8260216343957314,0.25281206663306954,0
user_3828,2021-03-15 09:10:00,21,14,5,0,3,2,10,7,10,19,14,0,0,2.4680666194615455,4.864767489934768,4.547966370805731,0.22727272727272727,0.0,0.6363636363636364,1.872833495135317,1.9263117286282532,0
user_3829,2021-01-02 23:33:00,14,14,16,1,1,1,6,16,7,13,10,5,1,8.460491362940573,9.314830671414226,2.3669332652887767,1.0666666666666667,0.058823529411764705,0.9333333333333333,1.7635442504141303,1.9076300016656946,0
user_3830,2021-03-18 17:23:00,21,17,9,2,1,1,17,7,5,12,14,3,0,4.648149452384718,3.7823944343717586,3.406522608796668,0.4090909090909091,0.2,0.7727272727272727,1.07054737908169,1.8183626346656725,0
user_3831,2021-03-07 08:34:00,17,15,8,2,1,0,12,16,8,14,11,6,1,7.112711972892692,6.177026848436374,9.30358759221255,0.4444444444444444,0.2222222222222222,0.8333333333333334,1.2780938464348042,1.3583511127543062,0
user_3832,2021-03-15 17:03:00,20,15,12,0,5,3,5,5,12,10,8,0,0,3.2119183199949655,9.873757964475615,2.932160826723468,0.5714285714285714,0.0,0.7142857142857143,0.45239138250338695,0.6230973134760092,0
user_3833,2021-04-07 04:39:00,22,12,8,1,2,0,17,13,13,9,15,2,0,8.664194902805727,7.444969627373826,2.142212350915754,0.34782608695652173,0.1111111111111111,0.5217391304347826,0.7409556657213221,0.5198222134754105,0
user_3834,2021-02-21 22:11:00,16,10,9,1,4,1,12,15,17,9,8,6,1,2.547915596797299,8.057410613386605,4.278998677895387,0.5294117647058824,0.1,0.5882352941176471,0.8883730187617749,1.209956062143647,0
user_3835,2021-01-12 20:15:00,21,14,13,0,2,3,9,11,9,11,16,1,0,8.838952932940028,6.362688894090783,9.422528796987923,0.5909090909090909,0.0,0.6363636363636364,0.7804349916988764,1.4027409854730417,0
user_3836,2021-01-12 00:24:00,20,19,17,0,3,2,15,12,19,5,9,1,0,8.048889948511292,5.1457291359061355,5.2017173407711015,0.8095238095238095,0.0,0.9047619047619048,0.00011122152782760963,0.604183571789733,0
user_3837,2021-03-12 01:52:00,18,13,13,0,2,2,16,10,19,16,19,4,0,0.9102784863142988,2.349310122234183,4.760112911906327,0.6842105263157895,0.0,0.6842105263157895,0.6425616555528157,0.07373123472225407,0
user_3838,2021-04-24 23:02:00,20,20,4,0,5,0,5,18,19,12,15,5,1,7.888275644996279,0.9198605186852082,3.2220012036806556,0.19047619047619047,0.0,0.9523809523809523,1.8831073628196988,0.7516015413300605,0
user_3839,2021-03-03 15:10:00,31,16,13,0,2,1,10,16,6,19,16,2,0,2.951718911835164,5.838825501981901,4.3602631958992975,0.40625,0.0,0.5,1.9515989688299915,0.7867029488557207,0
user_3840,2021-04-05 07:30:00,14,13,14,0,4,0,7,12,17,8,16,0,0,2.572254908244276,8.759420960471957,2.5421393255129536,0.9333333333333333,0.0,0.8666666666666667,0.911866269390369,0.10331593724070931,0
user_3841,2021-01-02 15:32:00,19,14,13,2,0,3,16,10,8,9,12,5,1,2.116196431660221,2.3619607378972782,3.289931118437605,0.65,0.14285714285714285,0.7,1.9933732178915877,1.4809807307175689,1
user_3842,2021-02-28 14:10:00,13,10,13,0,4,0,15,16,15,15,6,6,1,5.511206500521345,5.810676634627176,3.3317564789563985,0.9285714285714286,0.0,0.7142857142857143,0.9980851237751103,0.19809624717835694,0
user_3843,2021-01-18 18:45:00,27,21,13,1,4,2,19,6,16,8,6,0,0,3.844371224746906,5.089390483369937,4.1680276911569045,0.4642857142857143,0.07142857142857142,0.75,0.2654796505719361,1.750102301386855,0
user_3844,2021-02-06 13:09:00,29,16,8,2,0,1,17,13,11,6,13,5,1,4.800976897737711,7.854063485442965,8.457779336609011,0.26666666666666666,0.2222222222222222,0.5333333333333333,0.46615414315248715,0.923989527688458,0
user_3845,2021-04-27 13:22:00,9,19,11,0,1,1,19,10,13,10,17,1,0,8.525724411320558,7.550159164653376,2.7485276430359513,1.1,0.0,1.9,1.8319150885789772,0.39912392926242135,0
user_3846,2021-03-29 09:47:00,15,24,9,1,1,1,6,17,16,7,11,0,0,5.928229034345584,0.021666542571302516,5.935387410080079,0.5625,0.1,1.5,1.347828098366767,1.001593754348748,0
user_3847,2021-02-11 06:48:00,22,19,9,1,0,2,11,7,9,14,9,3,0,9.946018066019732,0.12442928173947765,7.141903749439298,0.391304347826087,0.1,0.8260869565217391,0.6623207518240992,1.302551697585803,0
user_3848,2021-03-11 22:59:00,25,19,5,0,1,0,8,18,9,15,12,3,0,8.374168981445477,1.320622315807537,4.676862812839174,0.19230769230769232,0.0,0.7307692307692307,0.8427691676175697,1.8852714399561983,0
user_3849,2021-03-11 19:28:00,14,14,6,1,2,1,9,18,7,8,19,3,0,8.210273340516663,9.619139018494549,2.2074750342629703,0.4,0.14285714285714285,0.9333333333333333,0.9480998219215544,1.762909048674372,0
user_3850,2021-01-02 19:36:00,20,11,8,0,2,1,10,7,7,18,7,5,1,6.367046536457202,2.729302145387024,4.019677835716168,0.38095238095238093,0.0,0.5238095238095238,1.7962323510489255,0.04911537467880622,0
user_3851,2021-02-19 17:26:00,24,17,9,0,5,1,14,9,18,15,11,4,0,5.06533670410823,8.896041356759635,2.0869817109009787,0.36,0.0,0.68,1.5213437108622176,1.5066909705670797,0
user_3852,2021-04-10 05:27:00,19,17,9,2,1,0,19,6,16,7,13,5,1,1.9005747403373374,7.639943325131409,8.677083782237936,0.45,0.2,0.85,0.906057232756565,1.898418140700236,0
user_3853,2021-01-19 06:56:00,17,17,14,0,2,2,14,19,17,9,9,1,0,7.153457749210604,3.965742257507363,4.931923214957651,0.7777777777777778,0.0,0.9444444444444444,1.7995475649525257,0.9357277555872101,0
user_3854,2021-04-18 06:21:00,22,13,5,1,5,0,16,12,16,6,11,6,1,4.451259043211636,6.538835775967849,7.427615105541664,0.21739130434782608,0.16666666666666666,0.5652173913043478,1.2737073845499738,1.6400942129132607,0
user_3855,2021-04-11 20:52:00,23,9,9,2,3,1,17,12,14,10,17,6,1,7.555352557399496,4.407116101219825,1.9256318802914014,0.375,0.2,0.375,1.7236771997194886,0.930705335625907,0
user_3856,2021-04-29 09:21:00,21,15,12,2,0,1,10,5,16,15,15,3,0,2.9297385025216336,2.2070677827245335,6.6658326840441475,0.5454545454545454,0.15384615384615385,0.6818181818181818,0.36359670074666073,0.6664198028850326,0
user_3857,2021-01-11 18:35:00,13,17,8,1,0,0,11,12,12,18,16,0,0,1.6950852261506255,3.66537058677053,2.997113671632351,0.5714285714285714,0.1111111111111111,1.2142857142857142,1.3313093283636006,1.7861559111570355,0
user_3858,2021-04-09 11:39:00,13,17,7,0,2,0,16,18,11,17,13,4,0,6.249534734966057,3.384363984456881,4.926454738215211,0.5,0.0,1.2142857142857142,0.8569384885262739,0.21314029711235016,0
user_3859,2021-04-06 07:21:00,14,18,7,2,1,0,9,18,14,18,9,1,0,3.5145745002569937,4.8593292373082395,7.962639588009294,0.4666666666666667,0.25,1.2,1.6601669150171288,1.0895327944163662,0
user_3860,2021-01-15 09:29:00,14,18,17,1,1,0,11,17,10,13,17,4,0,3.1909783559963034,0.26103020524516407,2.996096997811196,1.1333333333333333,0.05555555555555555,1.2,1.666519292748261,1.4500273297310289,0
user_3861,2021-02-01 08:39:00,23,22,13,1,2,0,12,7,19,6,15,0,0,9.846070581741557,9.810194746011193,6.79642010223571,0.5416666666666666,0.07142857142857142,0.9166666666666666,1.1344210066460014,1.5089174991519472,0
user_3862,2021-03-16 10:59:00,22,16,16,2,5,1,12,7,8,13,18,1,0,3.9126753547859936,2.454111168307067,5.219838065535567,0.6956521739130435,0.11764705882352941,0.6956521739130435,1.486310189622651,1.3441893495379038,0
user_3863,2021-02-18 08:51:00,24,16,12,0,1,0,5,9,7,16,13,3,0,6.7137242205926215,0.3060909023894509,8.791611183046705,0.48,0.0,0.64,1.377232835879667,0.6309898656322603,0
user_3864,2021-01-28 06:46:00,17,12,15,1,1,4,6,8,18,8,9,3,0,8.175403782191774,0.35773761381518776,4.36707806365809,0.8333333333333334,0.0625,0.6666666666666666,0.6527661913324041,1.573450911332523,0
user_3865,2021-01-27 02:45:00,20,18,8,1,1,0,9,15,10,7,14,2,0,8.085443625387587,1.354911088912637,1.4838762944375916,0.38095238095238093,0.1111111111111111,0.8571428571428571,0.5348501547390037,0.5693612419879266,0
user_3866,2021-03-09 09:33:00,16,24,10,0,2,0,11,6,17,13,12,1,0,2.7669270059681828,4.769386652982744,6.476787142041467,0.5882352941176471,0.0,1.411764705882353,1.2179441409088412,1.628389294891228,0
user_3867,2021-04-09 10:26:00,23,14,14,0,0,2,7,14,14,7,19,4,0,8.078768782710195,6.676270167257666,7.250473341035039,0.5833333333333334,0.0,0.5833333333333334,0.2653499754923294,0.20945564563985553,0
user_3868,2021-01-14 16:54:00,17,11,15,0,1,1,15,9,6,7,18,3,0,2.6718873925273368,5.914287066995345,7.341419990242993,0.8333333333333334,0.0,0.6111111111111112,0.01902554996198158,1.097263729543496,0
user_3869,2021-01-28 03:11:00,24,7,10,0,2,2,9,14,15,18,14,3,0,9.166177441485376,4.370617102924036,7.539683313497489,0.4,0.0,0.28,0.4222424604697015,1.5372371607572066,0
user_3870,2021-01-24 07:50:00,25,11,13,1,3,4,18,6,19,7,7,6,1,2.289617596870086,2.5452465924807246,6.563440427644366,0.5,0.07142857142857142,0.4230769230769231,1.4029810914860232,1.1041478218518415,0
user_3871,2021-02-08 09:27:00,13,16,14,0,1,3,15,19,9,14,17,0,0,1.16743589106862,3.181720962609258,5.851796927033309,1.0,0.0,1.1428571428571428,1.5169693889943663,0.8469212682333387,0
user_3872,2021-02-21 21:48:00,18,12,7,0,1,1,16,16,17,16,7,6,1,8.717344034250248,9.446998855421658,5.617076100503217,0.3684210526315789,0.0,0.631578947368421,0.012902632983524231,0.8063535980142407,0
user_3873,2021-03-20 04:08:00,15,17,11,1,0,0,7,10,12,16,17,5,1,9.88149372142737,6.6416166923726525,1.0991840251786187,0.6875,0.08333333333333333,1.0625,1.4776764796246997,1.556148099797599,1
user_3874,2021-01-30 22:32:00,18,9,12,1,2,0,16,14,8,16,10,5,1,6.856326862808092,5.11669876127078,9.216514481395782,0.631578947368421,0.07692307692307693,0.47368421052631576,1.257967594523049,0.9232750798916922,0
user_3875,2021-03-09 04:04:00,23,25,9,1,2,0,8,16,5,16,18,1,0,3.256473547312735,0.6400939630881186,4.154993250806744,0.375,0.1,1.0416666666666667,1.6118616081976433,1.0621511257062657,0
user_3876,2021-03-20 15:12:00,23,6,13,3,4,0,5,14,11,9,6,5,1,7.0899658867030615,2.3846628521895097,7.820502376404554,0.5416666666666666,0.21428571428571427,0.25,0.8899457204875858,1.3272604196053774,0
user_3877,2021-02-16 12:12:00,25,11,21,0,1,3,18,9,9,11,11,1,0,3.4280306181548017,7.674359359126837,8.2883644810087,0.8076923076923077,0.0,0.4230769230769231,1.5700996580245952,0.8950487420324036,0
user_3878,2021-01-17 19:37:00,17,12,7,2,1,1,13,13,6,17,7,6,1,3.9538629626806476,9.053820774576225,6.713110562881556,0.3888888888888889,0.25,0.6666666666666666,1.8161821099563953,1.967154719844893,0
user_3879,2021-04-29 08:19:00,15,17,14,1,2,0,14,19,11,6,19,3,0,7.365670557173708,8.194949061493757,6.302647139761852,0.875,0.06666666666666667,1.0625,0.22588334928280185,0.37295141088394423,0
user_3880,2021-02-11 15:48:00,20,12,15,1,2,4,15,19,6,5,9,3,0,9.721802734934466,8.382953172631595,5.9606808460604,0.7142857142857143,0.0625,0.5714285714285714,1.8314210876430213,0.9566804529561073,0
user_3881,2021-01-17 14:28:00,20,19,9,1,1,1,6,14,14,7,11,6,1,8.374990752484148,3.9337757825944086,9.969557537759766,0.42857142857142855,0.1,0.9047619047619048,0.9232778191124509,1.0600732587741342,0
user_3882,2021-01-12 10:17:00,24,18,12,1,1,0,7,10,14,19,6,1,0,4.280491838336422,1.6468976275094882,9.462772658524875,0.48,0.07692307692307693,0.72,1.501696814146852,0.8774768880007633,0
user_3883,2021-04-08 06:46:00,24,17,7,0,5,1,15,14,11,18,8,3,0,4.6598965517042465,1.375502746161903,4.032137391023916,0.28,0.0,0.68,0.02789984766917919,0.6868423776308208,0
user_3884,2021-04-08 08:14:00,15,15,5,0,0,0,10,14,15,9,19,3,0,5.763708006793268,5.0495096983843615,3.2112851433356173,0.3125,0.0,0.9375,0.48571020639104234,0.061005367340307926,0
user_3885,2021-02-24 22:49:00,21,16,8,2,3,0,18,19,7,13,14,2,0,8.832879168896538,7.1179562636783125,6.524562071766857,0.36363636363636365,0.2222222222222222,0.7272727272727273,1.19263782640327,1.6921794198978435,0
user_3886,2021-02-22 00:20:00,13,20,6,3,0,1,14,15,12,18,6,0,0,8.145946549346036,1.6171850818178901,8.71291407550033,0.42857142857142855,0.42857142857142855,1.4285714285714286,1.044408372712103,0.2283901034732021,0
user_3887,2021-03-09 21:20:00,15,18,12,0,1,1,17,18,18,17,16,1,0,1.2126850331639172,0.9832502309269375,6.8287037653016185,0.75,0.0,1.125,0.44805267248400904,0.7188160336958254,0
user_3888,2021-01-02 00:50:00,15,12,14,2,3,0,9,17,8,15,19,5,1,3.800608694896519,0.7754691675728997,6.217937851362446,0.875,0.13333333333333333,0.75,0.1033140038854099,0.3175909790536644,0
user_3889,2021-04-15 09:32:00,24,12,11,2,2,2,9,7,14,14,9,3,0,3.712109343239515,3.4204496338307147,9.587546616426227,0.44,0.16666666666666666,0.48,0.07148090960869324,1.77800203970719,0
user_3890,2021-01-19 14:10:00,15,15,11,2,1,3,15,18,14,13,5,1,0,7.3174264729139,7.461628822289654,9.223399863968982,0.6875,0.16666666666666666,0.9375,1.8864265803820555,0.8913044864165087,0
user_3891,2021-02-14 11:01:00,27,12,10,0,3,1,6,15,15,17,19,6,1,5.328678746678538,8.547609606611573,1.235192512879062,0.35714285714285715,0.0,0.42857142857142855,0.4316437578191499,1.1735762384486927,0
user_3892,2021-02-11 07:48:00,22,13,10,1,1,1,14,12,16,7,11,3,0,6.389697346810662,0.8103962226487116,8.237155975282633,0.43478260869565216,0.09090909090909091,0.5652173913043478,0.6421755242765261,1.037661027894126,0
user_3893,2021-03-24 21:27:00,18,16,16,0,2,1,13,14,15,16,16,2,0,6.111663178902269,8.33487541861141,9.911232160077414,0.8421052631578947,0.0,0.8421052631578947,1.7478241851680063,0.7947097501167248,0
user_3894,2021-01-07 07:35:00,20,21,12,0,1,3,11,10,6,15,10,3,0,2.703350209594906,5.187188739980845,9.675543809750916,0.5714285714285714,0.0,1.0,0.8389036734914741,0.38250208694739496,0
user_3895,2021-02-13 10:45:00,23,13,9,0,2,3,10,13,17,10,18,5,1,1.568906523529029,4.993662020068159,1.1650741059557128,0.375,0.0,0.5416666666666666,1.4918889163302025,1.9254486555837818,1
user_3896,2021-01-19 02:30:00,16,16,8,3,1,1,12,5,11,10,6,1,0,6.130291449928621,1.9146216373895875,2.257477038743284,0.47058823529411764,0.3333333333333333,0.9411764705882353,1.6113191941979903,1.3165950420269816,0
user_3897,2021-01-26 18:09:00,17,13,13,0,2,2,14,19,16,19,16,1,0,3.76386137528813,7.1587830369102745,7.211112877926649,0.7222222222222222,0.0,0.7222222222222222,0.38195006176313684,1.7457101652820706,0
user_3898,2021-01-01 10:04:00,24,13,11,0,1,2,7,10,14,18,10,4,0,2.805129607795168,8.886782826473095,7.286343000261437,0.44,0.0,0.52,0.3093859688873182,0.10247200971285308,0
user_3899,2021-01-24 17:35:00,17,16,6,1,1,0,11,11,15,9,11,6,1,9.14803879022786,6.322542412470234,8.15666500783662,0.3333333333333333,0.14285714285714285,0.8888888888888888,1.3365174381747562,1.65587311588231,0
user_3900,2021-03-11 11:03:00,21,16,11,3,1,3,10,5,17,14,18,3,0,2.5123025641289587,0.16580548939594597,3.665499463206876,0.5,0.25,0.7272727272727273,0.02397417921249878,0.6970568707685505,0
user_3901,2021-02-14 19:38:00,19,16,12,2,3,1,11,5,8,12,10,6,1,1.3913322542666529,3.9837726349463773,2.2277936604639397,0.6,0.15384615384615385,0.8,0.40936691325441377,1.8451736931160105,0
user_3902,2021-03-11 00:20:00,18,13,5,1,0,0,6,5,11,16,12,3,0,0.9823090281588176,7.189623044159459,2.171545559602039,0.2631578947368421,0.16666666666666666,0.6842105263157895,0.7173783415118598,1.0577159374431566,0
user_3903,2021-02-13 18:24:00,23,18,10,0,1,2,8,9,7,13,8,5,1,5.15328709474082,9.403893125285741,8.399410672513714,0.4166666666666667,0.0,0.75,1.9364239979600548,0.9616449921910353,0
user_3904,2021-03-28 03:38:00,28,19,9,1,1,0,7,9,11,11,12,6,1,1.7414730534475797,3.2951664429486414,5.096070055432499,0.3103448275862069,0.1,0.6551724137931034,0.4602011902864527,1.1393195882434985,0
user_3905,2021-02-07 00:08:00,19,17,7,0,2,0,13,12,13,16,13,6,1,9.219820773157878,5.614822265487761,3.4350261028347036,0.35,0.0,0.85,0.14613073272574195,1.9706164727637867,0
user_3906,2021-01-19 04:13:00,11,16,15,1,2,2,7,19,14,18,16,1,0,1.4024560080576554,0.49247848739281785,1.0812545204536792,1.25,0.0625,1.3333333333333333,0.6789490038096433,1.177586177315188,0
user_3907,2021-03-09 10:04:00,26,18,13,2,4,0,12,14,5,10,13,1,0,4.627556887482308,9.562987024727297,4.451711755118244,0.48148148148148145,0.14285714285714285,0.6666666666666666,0.8154864396077854,1.699175783562705,1
user_3908,2021-04-10 16:41:00,14,18,7,0,1,0,11,6,19,12,14,5,1,6.686935593106362,4.313440198170255,4.209798992414823,0.4666666666666667,0.0,1.2,0.6611593925754284,0.42745488029493406,0
user_3909,2021-03-12 14:24:00,29,16,6,0,3,1,11,19,11,19,9,4,0,0.2162413210031755,3.763032282863852,3.0322429252275303,0.2,0.0,0.5333333333333333,0.01477461408691827,0.3111684123562444,0
user_3910,2021-02-13 09:07:00,23,18,7,0,3,0,6,5,8,18,10,5,1,1.3602381123359852,3.8296914341688604,2.997494677820143,0.2916666666666667,0.0,0.75,1.405521660708748,1.562974143019982,0
user_3911,2021-04-14 17:20:00,27,19,10,1,2,1,18,15,15,5,9,2,0,4.451192852151507,8.198144112321227,4.709683357520638,0.35714285714285715,0.09090909090909091,0.6785714285714286,0.11700853993166849,1.6613918388790672,0
user_3912,2021-02-06 13:34:00,15,15,11,1,2,0,8,8,7,11,19,5,1,7.472569123456515,3.1767289032348,9.152024779553763,0.6875,0.08333333333333333,0.9375,0.04166536939318499,1.4418807828987923,1
user_3913,2021-01-18 05:23:00,23,13,11,0,2,1,15,11,11,18,12,0,0,2.2316637946681217,2.4968838363615795,1.3511136774333659,0.4583333333333333,0.0,0.5416666666666666,1.3742782618544727,1.8114721382143952,0
user_3914,2021-02-03 16:20:00,26,16,12,0,2,0,5,12,14,19,13,2,0,2.030916068949912,8.129060535622108,4.382574445870395,0.4444444444444444,0.0,0.5925925925925926,1.3195538750055276,0.24552432317926276,0
user_3915,2021-02-17 05:21:00,16,15,10,0,1,2,18,17,15,14,9,2,0,2.2654344370110477,6.5343790546313265,7.0179762565567385,0.5882352941176471,0.0,0.8823529411764706,0.8498908686834346,1.344614642159352,1
user_3916,2021-02-23 00:14:00,23,17,12,1,1,2,10,13,12,13,5,1,0,7.6964370898220436,0.557887840758754,4.835166405871353,0.5,0.07692307692307693,0.7083333333333334,1.1539867552610297,0.6159455397257789,0
user_3917,2021-04-06 21:00:00,30,16,6,1,2,0,8,14,14,7,15,1,0,5.794050451466395,1.6322852852738556,3.3088053508063635,0.1935483870967742,0.14285714285714285,0.5161290322580645,1.3589902851266822,0.5708391538835753,0
user_3918,2021-01-16 02:12:00,25,19,6,2,6,0,6,7,14,16,14,5,1,8.031939572973354,8.766427280999121,7.021546834851196,0.23076923076923078,0.2857142857142857,0.7307692307692307,1.372679635779182,0.6774953970194459,0
user_3919,2021-03-29 00:59:00,18,12,10,0,0,1,11,7,16,7,12,0,0,8.722713047772626,7.909816659626405,6.42460522948288,0.5263157894736842,0.0,0.631578947368421,0.8364074081161581,0.7881162694085129,0
user_3920,2021-03-29 08:08:00,14,11,12,0,2,0,11,18,14,5,14,0,0,5.815920644578679,6.266745222966206,4.074834670079756,0.8,0.0,0.7333333333333333,0.7269828177732613,1.366627958986306,0
user_3921,2021-04-17 06:18:00,15,14,14,2,1,3,19,15,5,9,7,5,1,9.395140860785286,8.568706612013578,2.0324918641189647,0.875,0.13333333333333333,0.875,1.6668266113520631,0.22105640442755803,0
user_3922,2021-04-27 18:36:00,20,15,10,0,1,0,11,17,15,19,14,1,0,8.03730431470222,5.240595668685888,9.715401542996805,0.47619047619047616,0.0,0.7142857142857143,0.8666927861958764,0.7885904691066055,1
user_3923,2021-04-18 12:06:00,28,14,12,0,3,2,17,18,12,11,15,6,1,7.645771706730419,5.150828136480161,2.8318515923296568,0.41379310344827586,0.0,0.4827586206896552,1.6291633412562108,1.7712882082301264,0
user_3924,2021-02-06 02:30:00,18,15,11,1,1,3,9,9,17,6,16,5,1,9.756748468646274,9.485516457399344,4.3128418662437245,0.5789473684210527,0.08333333333333333,0.7894736842105263,0.5797558508218901,0.930075407786169,0
user_3925,2021-01-20 12:06:00,22,14,7,1,2,0,18,9,11,7,11,2,0,9.148584425809457,1.0253635031235953,2.2368377762930547,0.30434782608695654,0.125,0.6086956521739131,1.717026404628731,1.7568243878193603,0
user_3926,2021-04-13 06:16:00,18,17,8,2,1,1,5,14,19,8,11,1,0,3.5382561315675876,1.7967905927097283,6.90431896366346,0.42105263157894735,0.2222222222222222,0.8947368421052632,0.28800974845863236,1.7866886549590635,0
user_3927,2021-04-14 07:04:00,31,9,14,1,2,1,19,9,15,12,5,2,0,3.4135983611961196,8.53080393345606,5.893097205283738,0.4375,0.06666666666666667,0.28125,0.5928047767233577,1.326764596219125,0
user_3928,2021-04-20 18:25:00,24,9,8,1,4,2,11,18,16,7,19,1,0,6.022472361951486,8.663729018383531,1.5357746863162407,0.32,0.1111111111111111,0.36,1.5565855982569896,0.7999131108310165,0
user_3929,2021-03-05 19:01:00,18,15,9,1,1,3,5,9,14,12,9,4,0,0.7582908428207058,0.884164274194017,3.524670836611568,0.47368421052631576,0.1,0.7894736842105263,0.9126497659278203,1.2537006087675784,0
user_3930,2021-02-11 12:31:00,19,11,2,1,1,1,12,8,5,6,19,3,0,7.4277409237755965,2.1238078227827675,6.890564586523495,0.1,0.3333333333333333,0.55,1.8055072248255115,0.5379799930138005,1
user_3931,2021-03-25 00:20:00,18,19,8,1,1,2,7,14,12,11,6,3,0,3.5750850918276775,1.8338207392078631,5.531646009732349,0.42105263157894735,0.1111111111111111,1.0,0.4635871308129478,1.1102996789558404,0
user_3932,2021-01-01 19:41:00,28,23,8,1,1,0,6,5,18,8,12,4,0,2.6264493548122037,1.725980074500113,7.554140589952915,0.27586206896551724,0.1111111111111111,0.7931034482758621,1.3254525087887012,1.3294888518793102,0
user_3933,2021-02-24 07:53:00,23,15,10,1,6,2,5,18,16,7,9,2,0,1.270175293668243,9.250606507349355,8.37912666271102,0.4166666666666667,0.09090909090909091,0.625,0.00014798505710000853,0.7043674968819387,0
user_3934,2021-04-13 16:54:00,17,13,7,2,1,1,13,5,7,17,17,1,0,1.6176057554460233,3.7575363673111726,7.335067120338319,0.3888888888888889,0.25,0.7222222222222222,0.024295442367250786,1.4918585487626226,0
user_3935,2021-03-14 14:04:00,24,19,10,2,2,1,19,17,19,9,10,6,1,2.8750214228276993,2.304340180508382,2.207437109172667,0.4,0.18181818181818182,0.76,0.44435768381114826,1.993251255355606,0
user_3936,2021-04-16 07:52:00,19,16,11,1,4,2,11,10,11,18,12,4,0,1.3424424936082324,4.913188936092132,4.968003243144328,0.55,0.08333333333333333,0.8,0.7556420367100074,1.7909777380488228,0
user_3937,2021-01-29 00:23:00,28,12,14,2,4,2,15,19,18,7,15,4,0,0.22702035108231655,8.195060418155874,3.442293109586218,0.4827586206896552,0.13333333333333333,0.41379310344827586,1.02717036995497,0.9628657796963676,0
user_3938,2021-03-01 04:50:00,18,18,8,1,3,0,14,14,9,11,12,0,0,4.502204661825298,6.107039673076703,7.155667317865671,0.42105263157894735,0.1111111111111111,0.9473684210526315,0.8755857033697043,0.17528914170776821,1
user_3939,2021-04-27 12:58:00,23,13,13,2,3,2,12,16,15,18,13,1,0,7.5662170135683215,1.0343601555328785,5.162473031568352,0.5416666666666666,0.14285714285714285,0.5416666666666666,0.4034348638475893,0.27261411236581923,0
user_3940,2021-03-24 00:03:00,20,13,7,0,2,0,11,8,8,16,17,2,0,9.627525262441889,8.701153753471813,3.6149832102887207,0.3333333333333333,0.0,0.6190476190476191,0.7011547941729519,0.7148340876930976,0
user_3941,2021-04-05 22:03:00,20,17,8,0,1,1,9,15,16,18,12,0,0,0.3469444924913656,0.33815248210852245,6.129068509181225,0.38095238095238093,0.0,0.8095238095238095,1.6531595397985288,1.7148185246416638,0
user_3942,2021-04-12 18:47:00,25,12,10,2,2,2,16,12,7,8,5,0,0,5.797501670160542,5.156613862373072,9.145217085690547,0.38461538461538464,0.18181818181818182,0.46153846153846156,1.8220853650081061,0.8880848243217618,0
user_3943,2021-03-06 04:09:00,15,18,13,1,3,2,13,14,7,13,5,5,1,4.548879505813841,3.039654436856416,6.1144175582344875,0.8125,0.07142857142857142,1.125,1.2521875327753975,1.990700832068584,0
user_3944,2021-04-23 07:55:00,17,14,9,0,0,2,5,15,5,15,16,4,0,1.42800896794394,5.063469745435324,3.548334427600902,0.5,0.0,0.7777777777777778,0.10181080881050164,1.1663372642535168,1
user_3945,2021-02-26 19:42:00,18,10,10,0,3,1,12,15,10,17,18,4,0,3.118182245019087,5.993222986135224,3.3850460717245734,0.5263157894736842,0.0,0.5263157894736842,1.7752987321540974,0.18778779050227512,1
user_3946,2021-04-25 17:41:00,18,19,7,3,3,0,9,11,17,9,6,6,1,5.857836786492707,7.446962488034911,9.508541180617131,0.3684210526315789,0.375,1.0,1.8565586698698608,1.6181188407035045,0
user_3947,2021-04-16 17:46:00,17,16,7,2,2,1,12,16,15,16,18,4,0,0.9717640888265278,9.125367165734481,5.538602113975521,0.3888888888888889,0.25,0.8888888888888888,0.5134002010188587,0.9394453672828413,0
user_3948,2021-01-11 02:06:00,19,11,12,0,2,3,15,10,13,9,7,0,0,1.9594824239824071,7.983249251925609,3.4423616159640877,0.6,0.0,0.55,0.7541105651360918,1.4103069277510374,0
user_3949,2021-03-14 09:00:00,20,11,8,1,1,0,13,7,13,11,15,6,1,2.483994169305277,7.367754221215651,9.16317790384566,0.38095238095238093,0.1111111111111111,0.5238095238095238,1.855918744617946,0.14467384961370433,0
user_3950,2021-04-15 07:06:00,19,14,14,0,1,0,14,13,19,17,11,3,0,6.472873221881537,0.4054035857869043,2.756857573900941,0.7,0.0,0.7,1.1857286201959152,1.6537809364332692,0
user_3951,2021-01-12 17:08:00,23,15,9,2,3,2,13,11,9,17,11,1,0,9.661402641922427,2.3091697236949935,8.769663935271529,0.375,0.2,0.625,0.6616792753815719,1.5131476474630923,0
user_3952,2021-01-29 02:39:00,29,16,8,0,3,2,14,6,15,13,8,4,0,4.980904295182742,0.26705249951849086,1.5434838330587928,0.26666666666666666,0.0,0.5333333333333333,0.4157721945444539,1.2041209553356973,0
user_3953,2021-01-18 21:10:00,22,13,7,0,2,0,17,8,11,5,11,0,0,3.1892278206558933,1.6750626198171503,8.784484846729192,0.30434782608695654,0.0,0.5652173913043478,0.8586191037268474,1.1866941914942857,0
user_3954,2021-04-05 02:31:00,14,17,8,2,0,1,14,15,13,18,16,0,0,2.9903928608742736,8.8712535126928,1.4294609017274165,0.5333333333333333,0.2222222222222222,1.1333333333333333,1.911123343266984,0.8521758895815235,1
user_3955,2021-04-10 09:46:00,17,8,13,1,2,2,7,8,18,13,12,5,1,0.567885953215761,1.0911847026007881,5.817386863030387,0.7222222222222222,0.07142857142857142,0.4444444444444444,0.5488120221968678,0.44408299571722076,0
user_3956,2021-03-08 16:46:00,22,15,7,1,1,0,5,9,7,13,11,0,0,4.554816587215655,5.705320171227308,1.1384058564747197,0.30434782608695654,0.125,0.6521739130434783,0.7887845323991669,0.4575725752050581,0
user_3957,2021-03-11 22:43:00,17,14,13,3,6,2,12,16,7,12,7,3,0,2.378162212158834,4.603508045846274,9.401537013069925,0.7222222222222222,0.21428571428571427,0.7777777777777778,1.5783905533314107,0.8610852581816231,0
user_3958,2021-02-24 03:42:00,14,13,7,0,3,0,6,12,5,13,16,2,0,1.4511771612662083,4.696195975560075,8.67789074293071,0.4666666666666667,0.0,0.8666666666666667,0.05450220589185362,0.22623616861606033,0
user_3959,2021-01-16 17:02:00,28,17,15,1,5,0,13,19,14,16,17,5,1,7.792762892956942,0.5538900818211656,3.3495703262756833,0.5172413793103449,0.0625,0.5862068965517241,0.2691563784671227,0.8912485276232907,0
user_3960,2021-04-15 14:55:00,22,13,10,0,1,1,7,13,9,18,8,3,0,8.971155754659318,5.24565166740775,5.436770329784246,0.43478260869565216,0.0,0.5652173913043478,1.9885885338218994,1.8645920986224211,0
user_3961,2021-02-03 07:46:00,16,15,10,2,3,0,9,14,15,18,8,2,0,8.892443781650934,4.278809909305573,2.6977476412876427,0.5882352941176471,0.18181818181818182,0.8823529411764706,0.6447386765447682,0.07929254307244515,0
user_3962,2021-04-08 11:20:00,23,18,14,0,2,2,13,10,14,9,18,3,0,0.15849117213798225,7.458351367961499,1.3705303544529883,0.5833333333333334,0.0,0.75,0.5008630469126831,0.08230670932972628,0
user_3963,2021-03-15 18:35:00,18,18,12,1,1,0,17,8,18,5,18,0,0,6.219883080129998,8.732206482179842,2.129472726813866,0.631578947368421,0.07692307692307693,0.9473684210526315,1.786652490160323,0.34487721041358776,0
user_3964,2021-02-08 07:34:00,29,11,6,1,0,1,7,9,11,18,14,0,0,4.9300987170010995,4.075365920956438,9.124646489929045,0.2,0.14285714285714285,0.36666666666666664,1.528900296261414,1.2549517436437834,0
user_3965,2021-02-23 06:13:00,20,17,11,2,2,0,5,9,10,13,10,1,0,8.925868802612767,6.493730433679822,5.981290561826799,0.5238095238095238,0.16666666666666666,0.8095238095238095,1.366801926353467,1.2177680238644315,0
user_3966,2021-03-10 03:41:00,21,15,16,1,3,0,17,12,12,9,15,2,0,7.751888042236564,9.660246817033656,7.878016029545919,0.7272727272727273,0.058823529411764705,0.6818181818181818,1.3030484417460781,0.5835007848258449,0
user_3967,2021-03-06 17:49:00,25,10,11,2,3,1,16,19,17,16,8,5,1,9.728026472223123,4.948377431053683,9.845324283345505,0.4230769230769231,0.16666666666666666,0.38461538461538464,1.9097741420155512,0.2764747838528696,0
user_3968,2021-01-05 02:29:00,28,18,10,0,4,1,14,10,7,19,13,1,0,5.760323428407142,7.385879347964066,6.371344544190997,0.3448275862068966,0.0,0.6206896551724138,1.492823657989603,1.2265412000456055,0
user_3969,2021-01-19 05:07:00,24,15,10,2,2,1,18,7,6,16,10,1,0,8.624258338005394,6.279132761218645,7.949106140537822,0.4,0.18181818181818182,0.6,1.6645221561450658,1.0266853755749756,0
user_3970,2021-01-02 22:23:00,19,15,8,1,2,0,9,18,15,5,18,5,1,1.4228616234528269,0.25342249477602885,7.391629648911525,0.4,0.1111111111111111,0.75,1.6632499149239561,0.931301629504586,0
user_3971,2021-02-24 15:37:00,26,15,9,0,2,0,15,11,12,19,18,2,0,2.5264967090134127,3.415024006874675,7.91186658121193,0.3333333333333333,0.0,0.5555555555555556,0.7613447609010577,1.4111503562715924,1
user_3972,2021-04-19 09:05:00,17,10,10,3,1,0,19,7,13,8,8,0,0,7.899852418075664,0.15629740119585622,2.501282811316255,0.5555555555555556,0.2727272727272727,0.5555555555555556,0.85882671340846,0.0740123310279086,0
user_3973,2021-03-20 22:01:00,24,15,11,0,2,1,15,19,5,17,6,5,1,9.162536037987326,9.920649766708218,7.215064778205945,0.44,0.0,0.6,1.2648250926226785,1.1888572987719106,0
user_3974,2021-02-28 20:31:00,27,7,10,1,1,0,6,10,8,5,13,6,1,2.8640339417743874,2.689200740879092,3.6417298145451706,0.35714285714285715,0.09090909090909091,0.25,1.9734819305618343,1.2781224834891411,0
user_3975,2021-03-13 19:13:00,17,21,8,2,2,0,16,11,18,16,18,5,1,0.14665865471665596,8.52372628113503,7.137193943569842,0.4444444444444444,0.2222222222222222,1.1666666666666667,1.2718881574476746,0.6177105788966366,0
user_3976,2021-03-16 01:25:00,27,19,9,0,3,1,9,17,9,17,14,1,0,9.235611516424383,8.336032162621628,7.933160633742243,0.32142857142857145,0.0,0.6785714285714286,0.5938011880954326,0.4436337305131979,1
user_3977,2021-04-20 01:21:00,20,19,11,2,2,2,8,9,11,14,17,1,0,4.968452837214736,3.7436786984189863,2.6629057388114976,0.5238095238095238,0.16666666666666666,0.9047619047619048,1.5487929877991449,0.6202608228220283,1
user_3978,2021-02-06 16:41:00,23,14,11,3,1,3,18,7,5,13,13,5,1,3.8170762315453577,1.8086357715243673,7.428507537686982,0.4583333333333333,0.25,0.5833333333333334,0.2103385088760643,0.34224129938302283,1
user_3979,2021-02-04 09:38:00,18,17,12,1,2,0,5,11,13,13,19,3,0,5.487282769285789,3.5574409485440963,8.474348974456747,0.631578947368421,0.07692307692307693,0.8947368421052632,0.6045449229445945,1.0744348070249865,0
user_3980,2021-02-03 18:16:00,22,17,7,0,0,0,9,19,11,13,6,2,0,3.005426905480558,2.7441031610170565,3.7212394991595015,0.30434782608695654,0.0,0.7391304347826086,0.9967174608133433,0.23708375610162902,0
user_3981,2021-04-10 20:56:00,13,16,8,0,0,0,7,5,14,17,18,5,1,8.97655105940093,5.639301230307799,7.965308105577205,0.5714285714285714,0.0,1.1428571428571428,1.4079311657408566,0.29632232853137674,0
user_3982,2021-04-13 21:00:00,18,18,13,4,3,1,9,5,18,15,17,1,0,6.4744897778907875,7.100748244382789,9.275195178689598,0.6842105263157895,0.2857142857142857,0.9473684210526315,0.03296180799926174,0.8181525541373367,0
user_3983,2021-01-19 18:09:00,23,15,10,0,2,1,14,15,6,11,14,1,0,3.7041677360672653,0.5561335851810068,4.622681469361908,0.4166666666666667,0.0,0.625,0.46637855232502967,0.6663984914651309,0
user_3984,2021-03-13 21:12:00,20,24,4,0,2,0,19,15,19,15,6,5,1,7.345219352567758,1.5186149182269448,2.426445423067076,0.19047619047619047,0.0,1.1428571428571428,1.5457321830653326,1.1298474281014572,0
user_3985,2021-01-01 03:24:00,21,15,11,1,0,0,8,13,11,14,11,4,0,8.70704366318998,1.539734960686977,4.222654728285169,0.5,0.08333333333333333,0.6818181818181818,1.8249473174181863,1.0221629127509686,0
user_3986,2021-04-15 09:54:00,18,19,7,1,1,0,7,9,6,11,15,3,0,7.517897474480727,9.932061908050233,2.3510767700426736,0.3684210526315789,0.125,1.0,0.0190491800341559,0.5536922804318731,0
user_3987,2021-02-02 06:58:00,21,17,5,2,1,0,18,11,16,12,16,1,0,8.11778250173431,2.9552543717876976,8.055162164937988,0.22727272727272727,0.3333333333333333,0.7727272727272727,0.4445602956417085,0.378992603359237,0
user_3988,2021-04-10 15:46:00,19,7,6,2,4,1,8,14,5,6,9,5,1,1.8100514075729945,7.999940360854927,1.2317417060104583,0.3,0.2857142857142857,0.35,0.9520902629003705,0.02779975709624849,0
user_3989,2021-02-21 19:27:00,24,10,13,1,0,1,9,15,11,12,5,6,1,4.99315603706793,7.830551089696578,1.7885024356939623,0.52,0.07142857142857142,0.4,1.2702856852208368,0.3425401049871657,0
user_3990,2021-01-27 10:02:00,16,22,10,1,0,1,6,19,16,9,12,2,0,2.4894551442295487,6.4432050883489875,7.71763844181641,0.5882352941176471,0.09090909090909091,1.2941176470588236,1.5323300698591233,0.9625417431691434,0
user_3991,2021-04-16 20:13:00,27,23,15,1,3,0,18,17,17,15,14,4,0,7.950229861596716,3.6365237063138487,8.6193094214226,0.5357142857142857,0.0625,0.8214285714285714,1.7383294425748437,1.9261402885561019,0
user_3992,2021-02-21 03:15:00,29,19,6,0,3,0,12,18,12,7,13,6,1,8.58258571090463,1.2121633456432335,2.0833971755021476,0.2,0.0,0.6333333333333333,1.4271903968980346,0.9011877019798251,1
user_3993,2021-04-13 09:43:00,16,15,8,2,4,1,10,18,16,9,18,1,0,6.877179254061985,2.6260023312962453,5.331085687786683,0.47058823529411764,0.2222222222222222,0.8823529411764706,1.7330191418197793,0.25651227666919296,0
user_3994,2021-03-13 06:20:00,22,18,8,2,3,2,9,17,13,13,6,5,1,3.212245636054135,6.5612017349000915,6.105954177642731,0.34782608695652173,0.2222222222222222,0.782608695652174,0.42779072905386517,1.7030937960683248,0
user_3995,2021-04-23 10:33:00,23,16,13,0,1,0,10,14,18,13,9,4,0,9.917565820957492,7.979419103144274,7.525182253529254,0.5416666666666666,0.0,0.6666666666666666,1.407269771374383,1.7319388531470439,0
user_3996,2021-01-01 21:24:00,23,21,13,0,1,1,8,8,12,11,5,4,0,4.9658114203924395,9.81620954595361,9.34117918829802,0.5416666666666666,0.0,0.875,0.6912931686529449,1.6830771052063314,1
user_3997,2021-03-16 02:26:00,19,19,13,0,1,1,14,8,10,7,5,1,0,9.456228983967295,7.329808532498575,5.155775104923537,0.65,0.0,0.95,1.3703534252889777,0.29775096375316124,0
user_3998,2021-04-01 07:45:00,17,16,8,1,2,1,6,5,19,17,8,3,0,8.76108469853342,6.17954251860983,2.2988578465801863,0.4444444444444444,0.1111111111111111,0.8888888888888888,1.8979413436562331,1.2657878868737524,0
user_3999,2021-04-09 19:02:00,23,23,15,2,4,2,8,16,7,6,9,4,0,7.419238375419943,3.9760853089117223,4.317227691981035,0.625,0.125,0.9583333333333334,1.0427759968561707,1.4581499403997416,0
user_4000,2021-01-11 00:26:00,24,15,9,0,1,0,12,14,5,5,5,0,0,4.238422846755001,7.2665787866814515,3.1629883063186113,0.36,0.0,0.6,1.4087634275798957,0.17945048832913035,0
user_4001,2021-02-25 06:33:00,22,13,9,1,0,1,11,15,18,6,16,3,0,9.319193959559515,4.466445910654856,5.435649617399188,0.391304347826087,0.1,0.5652173913043478,0.3665749511496206,1.4514752976231151,0
user_4002,2021-02-25 00:13:00,23,17,19,2,1,3,11,15,10,17,17,3,0,5.682670043411506,0.9780055808573729,7.504577833625432,0.7916666666666666,0.1,0.7083333333333334,0.34669713946280223,0.9440731834509846,0
user_4003,2021-01-12 22:04:00,12,19,15,1,0,1,10,8,19,5,9,1,0,2.2009898282021787,1.9343070040255206,3.2292840475383358,1.1538461538461537,0.0625,1.4615384615384615,1.1993219973968126,1.759764778509852,0
user_4004,2021-04-26 12:59:00,21,17,13,1,4,2,10,18,13,7,12,0,0,4.051597154719965,1.4423906185416313,4.412257971846776,0.5909090909090909,0.07142857142857142,0.7727272727272727,0.009158572081313432,1.3988987303263873,0
user_4005,2021-03-18 18:26:00,26,16,7,2,1,3,17,14,6,16,12,3,0,2.9359586932455874,0.21365182197249255,9.846662712997524,0.25925925925925924,0.25,0.5925925925925926,0.7011695594537273,1.3118009403468205,0
user_4006,2021-04-13 21:21:00,21,14,11,3,2,1,11,9,19,11,14,1,0,9.450837040271324,5.646577490271111,4.361103228363375,0.5,0.25,0.6363636363636364,1.814306479170423,1.6779097073007994,0
user_4007,2021-03-03 21:36:00,22,19,7,2,1,0,19,18,10,18,6,2,0,5.520606253328637,8.20534070273247,4.298866924860414,0.30434782608695654,0.25,0.8260869565217391,1.9039003646492283,1.7453438554461835,0
user_4008,2021-02-27 00:31:00,22,8,7,0,1,1,6,15,8,13,9,5,1,0.6538332538784575,6.2829985759949105,3.7075330128492876,0.30434782608695654,0.0,0.34782608695652173,1.0306848914835838,1.7545207047905895,0
user_4009,2021-04-14 07:39:00,11,17,11,2,2,1,9,6,17,12,5,2,0,7.761671345110147,5.737542644432124,6.357217445938085,0.9166666666666666,0.16666666666666666,1.4166666666666667,1.393814169157419,0.21295127426944016,0
user_4010,2021-04-13 22:03:00,15,13,6,2,3,1,12,17,17,7,15,1,0,9.261363031332511,0.2804033384790616,2.1971412768428875,0.375,0.2857142857142857,0.8125,0.03522086987641382,1.4575457287721896,1
user_4011,2021-01-05 05:01:00,15,17,12,1,1,0,18,10,14,18,7,1,0,5.240825235502715,3.3888508201431025,2.689652739705128,0.75,0.07692307692307693,1.0625,1.3766966502780749,0.40378954494473995,0
user_4012,2021-01-21 03:40:00,25,16,10,1,2,1,8,12,17,10,10,3,0,5.124365244382204,3.0532997871742484,1.3122747196307616,0.38461538461538464,0.09090909090909091,0.6153846153846154,1.080196175807652,0.4705130571186784,0
user_4013,2021-04-19 20:25:00,22,9,9,1,3,3,13,16,11,18,12,0,0,4.41657012642845,5.92562225818551,8.500230609388872,0.391304347826087,0.1,0.391304347826087,1.7446434859200683,1.2496891064127642,0
user_4014,2021-01-10 13:37:00,19,17,13,1,3,1,18,5,16,16,11,6,1,8.114229255098834,0.6713330549724872,9.371203172739161,0.65,0.07142857142857142,0.85,1.1755338617688356,0.5599130090675379,1
user_4015,2021-01-05 07:04:00,28,15,11,1,1,0,7,13,15,19,13,1,0,1.9077636222077077,0.12175027600435318,4.849697921151485,0.3793103448275862,0.08333333333333333,0.5172413793103449,1.8467900248256757,0.900274026760332,1
user_4016,2021-04-05 21:16:00,18,22,8,1,1,1,18,5,5,9,19,0,0,4.106958367234731,3.626293639929863,7.113986443224568,0.42105263157894735,0.1111111111111111,1.1578947368421053,0.8337039532754518,1.7264653008523292,0
user_4017,2021-04-10 11:45:00,23,21,11,0,3,1,18,13,12,7,17,5,1,6.775117881046132,5.352503708534494,8.63132858143194,0.4583333333333333,0.0,0.875,0.6581955923502689,1.7707201820205691,0
user_4018,2021-01-16 08:29:00,27,20,8,1,4,1,8,6,8,6,16,5,1,6.8771366717046565,1.2931853304980723,1.637729692190985,0.2857142857142857,0.1111111111111111,0.7142857142857143,1.3968399326762382,1.3243349202454213,0
user_4019,2021-04-13 05:22:00,20,15,14,2,5,1,8,16,7,16,12,1,0,8.364597167564337,9.63129481681907,2.5227794310303056,0.6666666666666666,0.13333333333333333,0.7142857142857143,1.7250413980395667,0.7664606027065772,0
user_4020,2021-04-05 08:50:00,22,14,10,1,4,0,9,12,5,12,11,0,0,9.731225986514088,2.2290503216852384,6.7121599334992785,0.43478260869565216,0.09090909090909091,0.6086956521739131,1.07470438118026,1.3344214870179347,0
user_4021,2021-04-08 21:13:00,17,19,11,0,0,0,14,15,16,13,7,3,0,6.623243398615806,3.693191522165067,7.902958279102526,0.6111111111111112,0.0,1.0555555555555556,1.5896934165349692,1.3376075508756835,0
user_4022,2021-04-06 16:15:00,19,14,11,0,3,3,5,9,13,9,5,1,0,1.065142752849526,2.753796284427793,3.613932356201418,0.55,0.0,0.7,0.1618242821738114,1.0846358254253177,0
user_4023,2021-02-02 13:17:00,23,18,10,1,4,0,8,7,18,11,12,1,0,8.598256028297676,8.567936636719175,6.540910941372006,0.4166666666666667,0.09090909090909091,0.75,0.843309864518448,1.9083862994416507,0
user_4024,2021-03-08 01:58:00,18,19,5,1,4,1,9,15,7,8,17,0,0,8.007277208810246,1.6752100463679687,9.253731895008716,0.2631578947368421,0.16666666666666666,1.0,1.9610192314368988,1.7068643321095818,1
user_4025,2021-02-10 13:31:00,16,20,8,2,0,2,15,7,6,10,19,2,0,7.927452151635802,0.05406504958012648,5.528258047075757,0.47058823529411764,0.2222222222222222,1.1764705882352942,1.8210255817313163,0.8128739260202,0
user_4026,2021-04-08 15:13:00,17,14,11,0,1,0,19,6,6,13,8,3,0,7.560701522439725,5.902480937033703,5.841971407406951,0.6111111111111112,0.0,0.7777777777777778,1.4669695153342823,0.1980433906259833,0
user_4027,2021-03-26 07:11:00,13,10,12,0,1,1,12,9,12,17,9,4,0,8.09575695619526,3.596955324427208,9.3423146017501,0.8571428571428571,0.0,0.7142857142857143,1.4666354685685425,0.10517426986724154,0
user_4028,2021-03-03 21:25:00,19,17,5,1,1,0,14,7,5,13,5,2,0,2.1745924326895394,5.185339074763064,3.214104462546142,0.25,0.16666666666666666,0.85,1.3963762687334373,1.3619779452654217,0
user_4029,2021-02-09 00:58:00,15,24,7,2,0,0,6,17,5,18,8,1,0,5.348624844543225,1.5300078221685587,1.6373515885044676,0.4375,0.25,1.5,1.2814974650668565,1.5149743862634342,0
user_4030,2021-04-10 14:25:00,12,12,9,0,2,0,14,14,8,18,14,5,1,1.381745285508389,7.812337760952442,9.75226016799168,0.6923076923076923,0.0,0.9230769230769231,0.20183771637227066,1.8685290022003103,1
user_4031,2021-01-02 09:01:00,19,22,10,0,0,0,19,10,12,16,11,5,1,8.36252242181761,2.44247578947408,4.890963691812792,0.5,0.0,1.1,1.6408581105033748,0.8287939666315247,0
user_4032,2021-03-03 21:21:00,18,18,13,0,1,1,11,12,16,12,15,2,0,3.3736196711447617,3.729741039172242,8.558298882208108,0.6842105263157895,0.0,0.9473684210526315,1.6728764547418968,0.41728958756725687,1
user_4033,2021-03-18 04:39:00,19,15,12,0,0,1,10,15,8,10,10,3,0,7.085868835256889,1.1400719237345935,3.866119046406708,0.6,0.0,0.75,1.6980053903644554,0.8600199109073585,0
user_4034,2021-01-30 16:23:00,18,16,10,0,2,1,7,15,13,16,7,5,1,0.873815201998801,3.489990455828633,7.4664874661649625,0.5263157894736842,0.0,0.8421052631578947,0.4992414431708567,1.1029266017608612,0
user_4035,2021-01-02 02:59:00,21,10,12,1,2,4,13,14,5,16,19,5,1,7.458866942986467,6.900482126542129,3.4897901132765443,0.5454545454545454,0.07692307692307693,0.45454545454545453,1.1307825504338702,0.7698269152954509,0
user_4036,2021-02-06 20:24:00,16,14,9,0,2,0,5,8,16,6,9,5,1,5.286573761504694,9.812160450638508,3.985417308636007,0.5294117647058824,0.0,0.8235294117647058,1.5656093869819285,1.4420265250725093,0
user_4037,2021-04-26 01:32:00,17,19,9,2,2,0,17,6,10,5,19,0,0,7.528828826622464,4.047873479449075,5.834454465677172,0.5,0.2,1.0555555555555556,0.17107291178806938,0.26312141316500104,0
user_4038,2021-01-02 11:21:00,21,14,12,0,3,1,5,15,10,8,16,5,1,6.840830294776029,4.611068306758272,4.606826400971093,0.5454545454545454,0.0,0.6363636363636364,0.749025234430936,0.10021521406207823,1
user_4039,2021-04-11 04:06:00,22,17,13,3,2,1,12,10,12,12,5,6,1,5.119155894365816,7.963465616108728,9.601833276402619,0.5652173913043478,0.21428571428571427,0.7391304347826086,1.1725020075358212,1.3602136711595265,0
user_4040,2021-01-15 22:55:00,21,14,8,0,4,1,11,16,16,5,7,4,0,1.299727967604618,9.735970560086232,7.3830403253495245,0.36363636363636365,0.0,0.6363636363636364,0.41046103240917975,0.5458361750266794,0
user_4041,2021-03-25 07:19:00,18,12,14,3,1,2,6,15,18,18,11,3,0,4.093873150461343,7.806546692916912,7.648430992942907,0.7368421052631579,0.2,0.631578947368421,1.5327487503419077,0.6656345047363366,0
user_4042,2021-03-24 23:57:00,13,15,8,3,2,1,5,14,13,13,13,2,0,4.2069309743515735,4.734442467447334,4.48227634572291,0.5714285714285714,0.3333333333333333,1.0714285714285714,1.9283521110203066,1.0480957264145805,0
user_4043,2021-01-03 15:47:00,19,18,4,2,3,0,7,15,15,11,7,6,1,0.7250559958958536,1.2362609655175705,6.832285942103662,0.2,0.4,0.9,1.4481669881151136,0.41926074967937255,0
user_4044,2021-02-10 22:56:00,19,14,14,2,2,2,14,18,12,6,17,2,0,5.104767517436672,3.4214222477411593,9.305200480536392,0.7,0.13333333333333333,0.7,1.662513948114054,0.48232512568825614,0
user_4045,2021-04-10 04:47:00,25,8,5,1,2,0,19,15,16,12,13,5,1,6.373231880222291,5.846206063580061,9.823857474933043,0.19230769230769232,0.16666666666666666,0.3076923076923077,1.2859597920369026,1.4170026002141538,0
user_4046,2021-02-06 23:15:00,13,21,8,2,2,0,6,14,11,7,14,5,1,1.253609795024363,0.18252875347582576,4.666031501076834,0.5714285714285714,0.2222222222222222,1.5,1.5886082034359674,1.6828277791180235,0
user_4047,2021-04-03 00:42:00,22,14,8,2,3,1,17,11,7,5,10,5,1,2.5864525384290618,3.1344936972119153,1.800357055189566,0.34782608695652173,0.2222222222222222,0.6086956521739131,1.1669346822126436,1.9119495668387472,1
user_4048,2021-04-01 07:54:00,21,12,7,0,3,0,19,7,18,19,12,3,0,6.580759364215386,9.926873969630691,8.668508168450074,0.3181818181818182,0.0,0.5454545454545454,1.5048199558074806,1.0622351890793857,0
user_4049,2021-02-17 11:43:00,21,24,11,2,0,3,10,14,12,19,9,2,0,8.415596609405672,5.3625521295638485,2.089570144115547,0.5,0.16666666666666666,1.0909090909090908,0.22053922188370922,0.9886805689194684,0
user_4050,2021-03-20 20:29:00,24,11,7,1,4,0,13,16,8,12,16,5,1,3.121357308970958,9.09392320427327,3.6682256088850416,0.28,0.125,0.44,0.5048564657541932,1.6196257475406384,0
user_4051,2021-02-10 13:19:00,16,14,9,1,0,0,10,15,17,19,18,2,0,2.180418081840606,8.740679790495706,5.5429268407368,0.5294117647058824,0.1,0.8235294117647058,1.5447795487501874,1.6924154038699353,1
user_4052,2021-02-17 17:30:00,21,18,15,1,4,2,10,6,10,19,12,2,0,6.6971016793396645,0.07950722534632915,7.43443195775986,0.6818181818181818,0.0625,0.8181818181818182,1.947192542609022,1.5918012899339038,0
user_4053,2021-01-23 18:12:00,17,18,10,1,0,0,15,12,15,10,18,5,1,0.38609195871714297,7.923434215022573,3.775532825528031,0.5555555555555556,0.09090909090909091,1.0,0.9217901589709059,0.47964702574155704,1
user_4054,2021-03-27 11:58:00,18,15,10,2,2,1,15,8,10,10,13,5,1,3.5765541957092326,5.6178065085536,5.286554152017848,0.5263157894736842,0.18181818181818182,0.7894736842105263,0.24290902127415714,0.7983177748223389,0
user_4055,2021-02-23 05:48:00,18,13,11,2,4,2,14,8,15,5,6,1,0,3.7057366211795473,8.957808479169021,5.0051578008527935,0.5789473684210527,0.16666666666666666,0.6842105263157895,1.8188467228692784,1.8427631217045997,0
user_4056,2021-02-28 09:18:00,25,25,7,0,2,0,12,17,9,18,19,6,1,0.09032924831183675,3.353428777637897,7.233946005240455,0.2692307692307692,0.0,0.9615384615384616,0.9845367565889636,0.5017771246804887,0
user_4057,2021-04-04 08:07:00,22,11,13,1,3,2,18,18,5,9,10,6,1,3.091335136854023,4.237403906002326,2.005933395735692,0.5652173913043478,0.07142857142857142,0.4782608695652174,0.7320298546103274,1.6021217435822135,0
user_4058,2021-04-21 17:16:00,23,17,10,1,2,1,12,8,18,11,13,2,0,1.9624055046674982,7.670553928690065,5.3156719159444,0.4166666666666667,0.09090909090909091,0.7083333333333334,1.0205688195532308,1.0828141422827031,0
user_4059,2021-04-24 23:45:00,21,12,12,0,5,2,18,10,13,11,15,5,1,2.2005258644647787,6.667430633588046,5.017106243634218,0.5454545454545454,0.0,0.5454545454545454,0.33151674785792307,0.8172038917536559,0
user_4060,2021-02-27 18:12:00,25,15,6,1,0,0,19,5,6,13,15,5,1,8.816918627151884,0.25066077785079965,8.820621163179887,0.23076923076923078,0.14285714285714285,0.5769230769230769,1.9650362294032169,1.1258863862464539,0
user_4061,2021-01-29 01:44:00,18,13,11,1,1,0,14,5,14,6,19,4,0,3.2896719264719074,3.4321090901954507,1.4957461839309556,0.5789473684210527,0.08333333333333333,0.6842105263157895,1.9601068694474366,0.1461943234362113,0
user_4062,2021-02-15 07:16:00,27,9,13,2,2,1,5,15,12,12,7,0,0,0.21165963225477813,9.64931743695303,1.0664763910705375,0.4642857142857143,0.14285714285714285,0.32142857142857145,0.8402623248436429,0.17373482280315677,0
user_4063,2021-03-28 19:52:00,21,14,8,3,0,0,9,11,14,14,8,6,1,9.152161060745179,2.2917161284947807,2.6482619006868644,0.36363636363636365,0.3333333333333333,0.6363636363636364,0.15801127320939612,0.3140209886781591,0
user_4064,2021-03-26 10:13:00,23,15,9,0,2,1,13,16,17,18,12,4,0,5.088728474006383,4.544490479066463,2.3325823119921036,0.375,0.0,0.625,1.9599573816029714,1.05821887123024,0
user_4065,2021-02-17 13:20:00,19,21,11,0,1,1,12,13,15,16,5,2,0,5.208230162052059,3.4132202643421907,3.0913015437625293,0.55,0.0,1.05,0.09307492277851592,0.9397555883978372,0
user_4066,2021-01-19 12:39:00,21,7,9,1,2,0,13,7,15,12,7,1,0,8.306955916686002,7.1253559610986015,4.787423453447635,0.4090909090909091,0.1,0.3181818181818182,0.554896586913759,0.4426352345176847,0
user_4067,2021-01-22 18:12:00,18,21,9,2,0,1,10,6,17,9,15,4,0,8.995256149860761,7.546597541076108,1.3889710031071947,0.47368421052631576,0.2,1.105263157894737,1.643876986215539,1.5661985489728358,0
user_4068,2021-02-09 02:09:00,20,13,12,1,4,0,6,13,13,11,11,1,0,2.8737200679290718,0.6720159164664607,2.280421379960233,0.5714285714285714,0.07692307692307693,0.6190476190476191,1.5384637123495175,1.3532740558276857,0
user_4069,2021-03-13 15:31:00,18,19,12,0,0,2,14,17,17,15,16,5,1,8.501445536727841,2.326460752931645,7.607577167675507,0.631578947368421,0.0,1.0,1.2147900438703552,0.7632120632961488,0
user_4070,2021-04-26 23:59:00,19,18,10,1,1,0,16,10,12,18,19,0,0,0.8721475823042657,0.9597825790612113,6.72593443262456,0.5,0.09090909090909091,0.9,1.6533238571270525,1.5379749446375142,0
user_4071,2021-02-05 09:22:00,15,11,12,2,1,1,10,10,18,11,14,4,0,7.603257631298412,3.8989918969501325,9.150046264607218,0.75,0.15384615384615385,0.6875,1.5706512197308782,1.226013204194301,0
user_4072,2021-01-22 20:58:00,26,15,14,1,2,1,5,9,12,13,8,4,0,0.5024740618408452,5.796476523501607,7.723528062396728,0.5185185185185185,0.06666666666666667,0.5555555555555556,0.3183445498458244,1.8154828713045346,0
user_4073,2021-02-09 12:06:00,15,19,12,0,2,1,10,5,7,9,18,1,0,2.106626096118862,5.886855032838358,2.4011424080593735,0.75,0.0,1.1875,1.0995262014099356,1.636425179211782,0
user_4074,2021-02-04 16:53:00,24,12,11,1,7,0,12,7,15,19,5,3,0,7.547298061771354,4.281811044730154,4.619956312088734,0.44,0.08333333333333333,0.48,1.939025545387864,1.8777169797010684,0
user_4075,2021-02-10 11:24:00,22,14,9,2,4,0,7,17,10,8,5,2,0,2.4991116519706322,8.91537206133807,4.090021085317787,0.391304347826087,0.2,0.6086956521739131,1.0611114581600622,0.48148955415419503,0
user_4076,2021-04-01 17:22:00,24,12,9,0,2,2,10,18,12,17,17,3,0,9.875978816166166,0.775544131357373,8.11880757627372,0.36,0.0,0.48,0.94524977981652,0.29974175279649673,0
user_4077,2021-01-27 19:57:00,20,10,9,1,2,2,12,13,14,12,7,2,0,2.420288238303101,1.2739205749699234,3.2204174035466995,0.42857142857142855,0.1,0.47619047619047616,1.8611582696699125,1.6656924268131463,0
user_4078,2021-01-22 00:23:00,21,8,11,1,2,3,7,14,18,6,15,4,0,3.5351601880337236,0.6103041060696845,5.500553679368282,0.5,0.08333333333333333,0.36363636363636365,0.710948398118098,1.9329743557029002,0
user_4079,2021-03-04 12:36:00,26,13,7,1,3,0,13,8,9,5,8,3,0,7.746913961586159,8.101699484117882,1.5532255862750266,0.25925925925925924,0.125,0.48148148148148145,0.4462055733096417,0.8614721319053138,0
user_4080,2021-02-20 08:06:00,15,20,7,1,3,2,11,14,16,13,12,5,1,4.950616753965092,0.13551331354998197,9.942243882588478,0.4375,0.125,1.25,0.6341230895628525,1.3201852390499742,0
user_4081,2021-02-16 09:22:00,27,13,1,1,6,0,15,9,19,14,7,1,0,7.999065355652196,5.879744253529924,4.532420678192495,0.03571428571428571,0.5,0.4642857142857143,0.03574201571819757,1.4638046131974083,0
user_4082,2021-03-29 21:26:00,21,16,18,1,0,2,12,9,12,6,7,0,0,4.781161947976611,1.6458348703972314,1.9453223346639001,0.8181818181818182,0.05263157894736842,0.7272727272727273,0.25274716513318896,0.4599566861283959,0
user_4083,2021-04-01 06:57:00,24,14,11,1,2,3,10,19,15,19,12,3,0,2.859738380424611,1.7762553775176992,5.139870429672318,0.44,0.08333333333333333,0.56,1.0008565768449933,0.08516022790573441,0
user_4084,2021-02-24 00:07:00,13,14,9,0,3,0,19,12,12,17,7,2,0,9.740978810861572,0.5481381499841498,6.6174705978761885,0.6428571428571429,0.0,1.0,0.5947778514138604,1.0948189964379138,0
user_4085,2021-04-11 18:55:00,20,16,13,2,3,1,19,19,19,6,6,6,1,3.4271366991959997,4.363192531164569,1.2021213367502326,0.6190476190476191,0.14285714285714285,0.7619047619047619,1.8952964116149897,0.785024087173722,0
user_4086,2021-01-13 10:34:00,25,16,13,1,3,0,9,18,18,11,10,2,0,4.49300470243073,4.045305782026864,3.9876004622330328,0.5,0.07142857142857142,0.6153846153846154,0.9290378703772184,1.1197849363939534,0
user_4087,2021-01-04 04:18:00,14,15,12,0,0,2,7,13,18,18,15,0,0,8.03918038299695,0.38506155961897215,2.4765778047170377,0.8,0.0,1.0,0.07965691754451143,0.31003493794484394,0
user_4088,2021-04-21 00:28:00,15,16,13,1,3,2,14,19,12,6,8,2,0,7.282159347402343,9.129548479204843,6.6102522062135325,0.8125,0.07142857142857142,1.0,0.8142427063886184,0.9473037807342419,0
user_4089,2021-03-15 20:26:00,26,16,9,0,2,0,14,17,6,5,13,0,0,7.762209177674356,8.165220592055071,4.846701298405538,0.3333333333333333,0.0,0.5925925925925926,1.2485280835440478,1.3399152526454765,0
user_4090,2021-04-19 19:13:00,18,19,11,2,0,1,10,11,8,17,12,0,0,5.935570127635672,5.869354593911307,6.815675807061992,0.5789473684210527,0.16666666666666666,1.0,0.5868590743199336,1.4056220448453967,0
user_4091,2021-01-30 15:25:00,17,13,15,0,3,2,5,13,16,5,18,5,1,2.4716357638976962,2.4771581754640213,7.440075221762344,0.8333333333333334,0.0,0.7222222222222222,1.244971629549909,0.6723877779156249,0
user_4092,2021-01-16 06:22:00,20,11,9,2,1,1,8,17,8,15,13,5,1,6.552968290758786,6.642209336127446,9.64624575495054,0.42857142857142855,0.2,0.5238095238095238,1.3019089591303572,1.9183346282405842,0
user_4093,2021-02-25 10:17:00,25,25,7,1,2,0,16,16,18,14,16,3,0,3.9034395715113024,3.5059645614121626,6.485165682122922,0.2692307692307692,0.125,0.9615384615384616,0.8759597667054229,1.937101141179923,0
user_4094,2021-02-04 13:24:00,22,14,11,1,5,0,10,15,19,13,8,3,0,7.351718829721136,1.2922489288012784,8.485532085564156,0.4782608695652174,0.08333333333333333,0.6086956521739131,0.2467084542679936,0.5375292043840683,0
user_4095,2021-03-02 05:28:00,18,21,14,1,3,1,16,5,19,19,15,1,0,0.8425152550486048,0.6987317897903045,1.8317216602061466,0.7368421052631579,0.06666666666666667,1.105263157894737,0.8724629463082154,1.9871260252548928,0
user_4096,2021-03-03 23:54:00,24,18,10,0,2,0,6,8,10,5,15,2,0,5.54455752261757,3.063641043213744,9.175606622055675,0.4,0.0,0.72,0.5260476624795527,1.6467563740902942,0
user_4097,2021-01-23 14:12:00,18,21,9,1,2,5,19,16,8,17,16,5,1,6.121766493080418,0.933280332658627,4.111550316464568,0.47368421052631576,0.1,1.105263157894737,0.3150310985334934,1.338120487099199,0
user_4098,2021-03-09 07:44:00,14,11,13,0,1,0,9,8,18,12,17,1,0,2.9747638031184644,1.0890944535562042,1.6254219101989076,0.8666666666666667,0.0,0.7333333333333333,1.0005633742235631,1.4978253892508244,0
user_4099,2021-04-29 15:16:00,13,18,10,1,3,4,17,11,10,16,10,3,0,9.040703145190971,4.838494170329769,5.974576911443423,0.7142857142857143,0.09090909090909091,1.2857142857142858,0.27394174778666014,1.5006038431334203,0
user_4100,2021-03-26 07:22:00,22,19,9,1,4,0,12,16,17,13,6,4,0,9.113294466185453,4.465868844618152,4.615731891101305,0.391304347826087,0.1,0.8260869565217391,1.8365669441500174,0.256636807098656,0
user_4101,2021-03-05 07:36:00,19,14,10,2,2,1,13,11,18,7,7,4,0,0.6599325384644561,2.1371829847451607,6.788839022578251,0.5,0.18181818181818182,0.7,0.9623247700894824,0.5129062203735844,0
user_4102,2021-04-17 15:07:00,15,13,15,1,3,1,7,5,5,12,6,5,1,3.562772692702294,1.426830265585678,1.4582439998004373,0.9375,0.0625,0.8125,0.7754758890191593,1.3751391692751538,0
user_4103,2021-03-24 20:10:00,22,14,15,2,5,1,17,18,9,5,8,2,0,3.206018740941979,3.2598776188983436,3.455415777769083,0.6521739130434783,0.125,0.6086956521739131,1.071770465995343,0.7280274840056855,0
user_4104,2021-04-08 06:50:00,22,10,8,0,2,0,11,11,16,15,5,3,0,0.10504775368164854,5.029855100200306,1.6767575166604622,0.34782608695652173,0.0,0.43478260869565216,1.8059512492724663,1.875014841006027,0
user_4105,2021-03-17 14:44:00,21,13,13,2,0,1,19,5,13,10,13,2,0,7.313432517444948,5.598703240063675,6.295490547290833,0.5909090909090909,0.14285714285714285,0.5909090909090909,0.5982689406486386,0.36006276985528274,0
user_4106,2021-02-04 09:52:00,23,11,9,0,2,3,18,11,19,6,17,3,0,0.4367312059079609,2.906145846582777,3.133877244698291,0.375,0.0,0.4583333333333333,0.2917668665236619,1.5122233529357987,0
user_4107,2021-01-11 11:57:00,14,15,9,0,2,1,14,10,19,18,16,0,0,6.103746794888133,3.932170172981817,8.928354451485049,0.6,0.0,1.0,0.10702961336940997,0.24216761815151067,0
user_4108,2021-04-15 06:35:00,23,18,12,0,6,0,14,17,11,19,13,3,0,7.48596451468119,5.248192825181626,8.295839781429596,0.5,0.0,0.75,1.7320962996766345,1.4048783451759874,0
user_4109,2021-04-22 23:32:00,19,11,5,2,1,1,11,15,19,5,15,3,0,4.7558021834210855,2.3429213401134383,8.862888501730886,0.25,0.3333333333333333,0.55,0.9681318888930235,1.6481306686117707,0
user_4110,2021-02-16 08:53:00,18,13,9,1,6,1,7,15,5,6,17,1,0,6.261344809700999,6.9168634998965315,6.1330732641317205,0.47368421052631576,0.1,0.6842105263157895,0.12468220454171397,1.8581721631428334,0
user_4111,2021-04-25 16:28:00,18,13,7,1,1,0,8,15,18,11,10,6,1,5.704350625590621,0.23077660394913435,6.483998332582274,0.3684210526315789,0.125,0.6842105263157895,0.1657216581722496,1.3935014159998642,0
user_4112,2021-03-04 08:03:00,18,16,15,1,1,1,7,16,5,8,6,3,0,1.1726331886090235,3.416645923819166,9.336227099867536,0.7894736842105263,0.0625,0.8421052631578947,1.8664433391068667,1.0492470171309856,0
user_4113,2021-03-17 09:57:00,21,18,11,0,0,0,7,10,19,15,18,2,0,3.1588346579930526,4.51883610452502,9.587796588784807,0.5,0.0,0.8181818181818182,1.4499154206275915,1.4163514383988605,0
user_4114,2021-04-29 08:01:00,25,15,17,2,2,4,14,8,17,10,11,3,0,4.488795296503349,0.5370119736482426,3.3164981615480755,0.6538461538461539,0.1111111111111111,0.5769230769230769,0.2847181057997705,0.6602440531368099,0
user_4115,2021-04-24 02:12:00,24,16,12,1,5,0,8,5,6,6,16,5,1,0.46312920460296336,6.094410602098758,3.3972669399395903,0.48,0.07692307692307693,0.64,0.16722277577963096,1.1041362489834852,0
user_4116,2021-03-02 15:41:00,29,13,14,1,1,1,9,10,11,17,18,1,0,2.2963347157362723,9.525507836461566,2.639669894180733,0.4666666666666667,0.06666666666666667,0.43333333333333335,0.29033830006575245,1.2277450894398763,0
user_4117,2021-04-06 15:17:00,16,15,9,0,2,1,12,14,13,14,11,1,0,8.392612675642937,6.677530276815809,5.410742416871055,0.5294117647058824,0.0,0.8823529411764706,1.5827313054943013,0.8023456042340065,0
user_4118,2021-04-12 19:51:00,31,16,6,1,3,1,12,9,17,15,12,0,0,1.1866316823057443,8.747048416574772,1.3084778244551574,0.1875,0.14285714285714285,0.5,0.7659465885779799,1.5936556296779536,1
user_4119,2021-02-03 04:56:00,15,15,6,0,1,2,16,5,18,7,8,2,0,4.607615515342127,6.005736002092474,5.525436185957104,0.375,0.0,0.9375,1.48629103531483,0.11394697985704938,0
user_4120,2021-03-12 01:56:00,18,22,10,2,3,3,14,19,5,11,6,4,0,0.7282205525944485,8.165512731115886,4.831587547284376,0.5263157894736842,0.18181818181818182,1.1578947368421053,1.6812347578907842,1.273697979305828,0
user_4121,2021-04-02 22:28:00,17,14,3,0,4,0,13,15,10,13,5,4,0,0.5856715905157872,8.42257260002298,6.340518698335589,0.16666666666666666,0.0,0.7777777777777778,0.5069298825344035,1.8621637391651988,1
user_4122,2021-04-25 07:49:00,27,23,8,2,2,0,9,17,9,11,14,6,1,9.288763208030751,8.955220252282635,9.014756558424898,0.2857142857142857,0.2222222222222222,0.8214285714285714,1.7694728027835533,1.9346843932679212,0
user_4123,2021-03-25 04:34:00,22,13,9,1,1,1,13,13,19,8,13,3,0,6.921564369573159,5.387015266906237,2.547876763502357,0.391304347826087,0.1,0.5652173913043478,1.8797020616560063,0.421014523349055,0
user_4124,2021-02-22 21:53:00,20,8,13,1,3,0,18,14,9,6,10,0,0,0.822291052631352,4.293533991843464,9.74909359496672,0.6190476190476191,0.07142857142857142,0.38095238095238093,1.7837201277235917,1.3306982938439416,0
user_4125,2021-03-16 18:57:00,13,20,12,1,1,0,15,13,19,14,14,1,0,7.979896623882047,1.9842518524798403,8.40782855440384,0.8571428571428571,0.07692307692307693,1.4285714285714286,1.3066907589935923,1.3252542762380564,0
user_4126,2021-03-13 21:55:00,27,16,7,0,4,0,15,14,10,7,6,5,1,4.754307625847408,4.821268092721718,8.162631868044937,0.25,0.0,0.5714285714285714,0.17549073342561683,0.4222963467627685,0
user_4127,2021-02-11 19:43:00,20,10,5,2,3,2,16,12,5,11,5,3,0,5.053623432642017,0.21372986316743448,3.5729715009230483,0.23809523809523808,0.3333333333333333,0.47619047619047616,0.9710340638705623,0.024329320749964634,1
user_4128,2021-04-01 11:06:00,20,9,12,0,2,1,12,7,7,16,12,3,0,9.543640847101749,1.5382431537664476,8.079797719360478,0.5714285714285714,0.0,0.42857142857142855,0.38304922340947223,1.8814939600081289,0
user_4129,2021-04-26 22:32:00,19,12,5,1,0,1,15,7,18,18,6,0,0,1.1394182325055457,1.1952874790788515,4.27991555872849,0.25,0.16666666666666666,0.6,0.7779158188182367,1.0837204088961916,0
user_4130,2021-02-25 07:57:00,13,13,11,0,1,1,10,9,16,11,17,3,0,7.726647140751019,5.25422453448129,8.749553728741848,0.7857142857142857,0.0,0.9285714285714286,0.5674571232066508,0.005542384485512475,0
user_4131,2021-01-11 18:05:00,21,22,16,0,2,1,14,15,5,5,18,0,0,5.656687964611874,1.740183628937153,8.114800150361551,0.7272727272727273,0.0,1.0,0.026206869118600817,0.5898958528801033,0
user_4132,2021-03-29 08:09:00,16,9,7,3,0,2,19,15,16,19,19,0,0,0.6498817046557104,2.550296005920237,4.424807881381543,0.4117647058823529,0.375,0.5294117647058824,0.3721276497202861,1.8498977325480372,0
user_4133,2021-03-12 04:17:00,21,13,11,1,1,0,11,13,11,15,14,4,0,3.416372388286878,7.637347485211486,8.253436369685977,0.5,0.08333333333333333,0.5909090909090909,1.4671282443194613,0.10193271771006684,0
user_4134,2021-02-27 23:06:00,24,14,8,2,4,2,9,18,12,13,6,5,1,8.64538541594398,1.738643647622099,4.624177336347729,0.32,0.2222222222222222,0.56,1.928160278458668,0.024379491053124758,0
user_4135,2021-01-20 23:22:00,24,16,11,1,1,1,19,19,16,9,6,2,0,7.413293951464615,2.195672315023419,5.458097401095808,0.44,0.08333333333333333,0.64,0.08685521165897314,0.9290825851570532,0
user_4136,2021-03-21 13:44:00,11,16,13,2,1,1,14,17,10,17,10,6,1,3.570113936180407,3.682494394034456,7.23415263741822,1.0833333333333333,0.14285714285714285,1.3333333333333333,1.5322254233911348,1.558085644485734,0
user_4137,2021-02-03 21:52:00,26,9,12,1,3,0,14,5,6,7,6,2,0,7.677652008307669,0.8172981558394687,1.2983054771534865,0.4444444444444444,0.07692307692307693,0.3333333333333333,1.8221682600595266,0.5164913046569442,0
user_4138,2021-03-05 23:32:00,24,15,8,0,4,1,8,11,11,5,7,4,0,5.424014342734532,4.259496445725775,8.771197620076924,0.32,0.0,0.6,1.425998135704397,0.8097632595315603,0
user_4139,2021-03-20 01:58:00,13,17,12,1,2,0,12,16,19,16,14,5,1,0.9872024225929588,0.2363412648030183,5.221020740795729,0.8571428571428571,0.07692307692307693,1.2142857142857142,0.00783754441697515,0.8652343092204429,0
user_4140,2021-01-04 16:42:00,21,19,12,0,2,3,9,6,9,14,6,0,0,3.0603098773740065,0.511690656024768,1.0484942209509147,0.5454545454545454,0.0,0.8636363636363636,0.9177979842452368,1.6982728323092653,0
user_4141,2021-02-26 03:14:00,20,9,11,2,5,0,18,5,10,11,14,4,0,5.407254936397903,9.467408258423315,9.428830640431434,0.5238095238095238,0.16666666666666666,0.42857142857142855,0.2773472604272105,1.1653518455532554,0
user_4142,2021-01-02 19:51:00,25,18,14,0,1,4,13,18,17,8,7,5,1,6.708432503031539,3.194701818394373,2.4864997267187854,0.5384615384615384,0.0,0.6923076923076923,0.9809359112698168,1.7846654301979856,0
user_4143,2021-02-08 03:55:00,19,10,6,2,1,2,5,17,16,17,18,0,0,2.0509128482134766,6.557209655683794,5.68312876293226,0.3,0.2857142857142857,0.5,0.22688331804440032,0.5135274475203198,0
user_4144,2021-02-16 17:48:00,25,12,11,1,1,0,16,11,8,8,6,1,0,7.349317416288202,8.182784407332928,6.983594776601557,0.4230769230769231,0.08333333333333333,0.46153846153846156,0.5737705349054907,0.22860928497395694,1
user_4145,2021-01-11 14:04:00,22,22,10,2,2,0,15,6,19,17,17,0,0,3.2817140744264286,5.31008164983437,4.014348866374915,0.43478260869565216,0.18181818181818182,0.9565217391304348,1.9780200129782664,1.7497127904910819,0
user_4146,2021-03-06 21:29:00,27,14,7,1,3,1,16,6,13,18,7,5,1,2.226063126710155,9.80809233855997,4.82807923563182,0.25,0.125,0.5,0.6070543462090574,0.4807784887173312,0
user_4147,2021-03-02 13:25:00,17,13,8,0,3,0,9,9,15,9,19,1,0,4.548452457305241,7.9095062109507,8.886968844562329,0.4444444444444444,0.0,0.7222222222222222,0.22617495985573588,0.13418501698007868,0
user_4148,2021-01-13 00:13:00,22,14,4,1,1,0,9,15,17,14,18,2,0,4.732969079784284,1.9064435431498072,1.8121655010646787,0.17391304347826086,0.2,0.6086956521739131,1.363677303481236,1.028374713951181,0
user_4149,2021-02-23 20:47:00,20,14,5,1,2,0,11,7,10,8,11,1,0,7.453106414020604,2.0942972099665758,8.051593998849668,0.23809523809523808,0.16666666666666666,0.6666666666666666,0.3133846778709617,1.376867728235961,0
user_4150,2021-03-10 21:17:00,14,11,13,1,0,0,10,19,15,19,8,2,0,2.427099366377438,3.191194340911582,8.846894348823906,0.8666666666666667,0.07142857142857142,0.7333333333333333,0.6864478727904975,0.4740228477830717,0
user_4151,2021-04-03 05:33:00,21,16,11,3,2,0,11,8,15,10,13,5,1,3.8510304338847634,2.0866683038565315,8.53716402565222,0.5,0.25,0.7272727272727273,0.8807364892526368,1.7232884849817407,0
user_4152,2021-02-26 04:40:00,21,13,10,2,2,0,15,10,11,5,10,4,0,8.343921329879429,2.0199298535224686,5.853694993730921,0.45454545454545453,0.18181818181818182,0.5909090909090909,1.394542501248659,0.048998405077140816,0
user_4153,2021-04-04 16:37:00,24,11,8,1,3,0,9,18,12,19,17,6,1,3.2680505269975892,0.33837487510416153,8.083440694163443,0.32,0.1111111111111111,0.44,1.4082041691353175,0.7911057197596532,0
user_4154,2021-02-26 22:12:00,15,17,8,0,3,0,5,5,5,14,10,4,0,7.099221251903697,0.535671393310555,1.718368681736139,0.5,0.0,1.0625,0.21325412236219754,1.8096912315835338,0
user_4155,2021-01-07 21:41:00,11,9,12,2,1,1,9,11,14,13,13,3,0,6.729915442239667,1.6430338386403809,7.505507781815127,1.0,0.15384615384615385,0.75,1.6502581589919152,1.3262847145050722,0
user_4156,2021-01-26 03:39:00,19,12,9,2,1,1,7,19,18,14,15,1,0,7.729732358828669,3.225983382073405,2.028005746573666,0.45,0.2,0.6,1.906941798326537,1.1778434901772743,0
user_4157,2021-03-02 11:13:00,17,20,19,3,1,3,8,11,8,5,9,1,0,3.4629234088687886,3.2563521670521025,2.7333882620490138,1.0555555555555556,0.15,1.1111111111111112,1.7667833236049257,1.747989077971714,0
user_4158,2021-04-13 16:59:00,14,27,10,2,3,1,16,14,12,9,19,1,0,6.45370951352462,4.912069929429571,4.8119717013925065,0.6666666666666666,0.18181818181818182,1.8,1.5330189831302163,1.547307029072938,0
user_4159,2021-02-23 19:26:00,24,13,9,2,1,1,6,7,19,9,7,1,0,0.9589704904473539,8.936875632853114,7.1160042881413235,0.36,0.2,0.52,0.9798589188784042,0.8766404199783098,0
user_4160,2021-04-30 14:42:00,22,19,12,3,2,3,13,17,7,19,13,4,0,7.439229464869024,8.483878887714088,2.2440128943070965,0.5217391304347826,0.23076923076923078,0.8260869565217391,1.9882799097770287,0.4769474197751564,0
user_4161,2021-03-10 13:22:00,22,19,9,1,1,0,17,14,17,9,18,2,0,8.596703589808868,0.11495388647992821,7.7105567880684385,0.391304347826087,0.1,0.8260869565217391,0.4853494147553039,1.6426864937259114,0
user_4162,2021-03-26 00:03:00,17,17,8,0,3,0,10,8,6,19,7,4,0,0.246030654155176,5.116964899915358,3.9583280211313463,0.4444444444444444,0.0,0.9444444444444444,0.07444256513574832,0.197354971604488,0
user_4163,2021-01-08 00:48:00,20,9,11,2,0,0,15,16,19,14,14,4,0,4.69087488679944,1.1678871168248728,4.806910992489072,0.5238095238095238,0.16666666666666666,0.42857142857142855,1.3311734048995485,1.6921788889002047,0
user_4164,2021-01-09 23:21:00,19,19,13,1,0,3,7,19,18,5,10,5,1,6.5408339030377505,0.03688641538683202,8.668472460594604,0.65,0.07142857142857142,0.95,0.4420628266824662,1.988584133995524,0
user_4165,2021-03-18 18:39:00,29,17,6,2,4,1,15,13,10,7,9,3,0,1.2649880133850522,5.123900376914269,8.392221240365751,0.2,0.2857142857142857,0.5666666666666667,1.0274742072053975,1.2808871011331484,0
user_4166,2021-01-30 04:45:00,23,13,13,3,1,2,13,8,10,6,7,5,1,8.161433899761892,3.3469846105817567,7.9202697228777135,0.5416666666666666,0.21428571428571427,0.5416666666666666,0.8711938280903129,1.7043759208598874,0
user_4167,2021-04-25 10:47:00,28,13,11,3,5,0,6,18,15,10,17,6,1,8.360759322509132,7.925582444431659,3.6677775497076013,0.3793103448275862,0.25,0.4482758620689655,0.3609494665941353,0.6917202994321043,0
user_4168,2021-04-06 05:55:00,21,16,10,0,5,1,13,14,18,17,17,1,0,4.87730540690654,1.74402493770612,6.7171441589906475,0.45454545454545453,0.0,0.7272727272727273,1.7650693618053441,0.7481592553341812,0
user_4169,2021-02-16 07:18:00,19,11,11,2,3,1,17,9,7,15,13,1,0,6.031563221963145,9.587201244782824,5.4159460108602575,0.55,0.16666666666666666,0.55,1.5969430038982435,1.0329501748287684,0
user_4170,2021-03-16 11:56:00,20,12,8,0,2,0,18,8,6,19,14,1,0,8.706066426047434,1.4967902357058627,7.945846260331212,0.38095238095238093,0.0,0.5714285714285714,0.8287973527185346,1.8627964961928378,0
user_4171,2021-01-14 03:55:00,16,18,7,1,1,1,19,9,6,5,16,3,0,9.499114232245477,0.47332864913390615,5.890116729901951,0.4117647058823529,0.125,1.0588235294117647,0.4888294423744606,0.381994115347293,0
user_4172,2021-04-16 09:07:00,17,14,6,1,1,0,16,6,17,18,14,4,0,0.6343514219226254,0.7443337652717308,8.889623668518606,0.3333333333333333,0.14285714285714285,0.7777777777777778,0.6370254813840186,0.982911846385327,0
user_4173,2021-01-07 06:29:00,16,16,10,2,1,1,11,19,12,7,14,3,0,8.284167849412139,3.9058931545937337,3.1875808349881316,0.5882352941176471,0.18181818181818182,0.9411764705882353,0.4364429272635104,0.6316005539051546,1
user_4174,2021-03-08 21:10:00,24,16,10,1,3,1,13,12,12,6,8,0,0,9.101829005302024,9.880036373984233,3.0044424576249895,0.4,0.09090909090909091,0.64,0.38749028224643634,0.5286002195628692,0
user_4175,2021-01-19 02:33:00,20,21,6,0,3,0,19,10,14,18,6,1,0,2.732761167561949,9.773328947772153,6.283748530672106,0.2857142857142857,0.0,1.0,0.6114961560979957,1.8972379802896122,0
user_4176,2021-01-01 05:06:00,22,14,14,0,2,3,18,10,11,17,17,4,0,9.770943031169573,4.167996383741441,1.828134253138424,0.6086956521739131,0.0,0.6086956521739131,1.5761510608704656,0.46857272680141837,0
user_4177,2021-02-25 16:07:00,20,14,11,2,0,0,8,17,6,14,15,3,0,9.687146423760197,7.932844916282699,5.122229383881659,0.5238095238095238,0.16666666666666666,0.6666666666666666,0.010410702191019139,0.9374302640699996,0
user_4178,2021-01-03 18:46:00,28,13,15,2,5,1,19,14,7,11,13,6,1,6.0504263191608985,2.113473185513215,1.151424285784743,0.5172413793103449,0.125,0.4482758620689655,0.2738189830212767,0.3509271277852053,0
user_4179,2021-02-09 20:43:00,13,18,10,2,0,0,8,9,7,18,5,1,0,5.237157295402685,0.5228754578040695,1.156867394775992,0.7142857142857143,0.18181818181818182,1.2857142857142858,1.1709787625332115,1.971479459340207,0
user_4180,2021-01-08 02:48:00,20,11,7,0,3,0,7,8,10,11,14,4,0,7.511202889862573,9.890979351474531,5.167385608559119,0.3333333333333333,0.0,0.5238095238095238,0.08434918642835054,0.9512182757856973,1
user_4181,2021-01-11 14:29:00,23,15,17,0,3,3,12,6,6,11,11,0,0,0.6944503462431684,3.14001994308743,6.731817729194758,0.7083333333333334,0.0,0.625,1.3695803146734233,1.3402771765695656,0
user_4182,2021-03-26 02:46:00,18,13,9,0,1,1,11,13,8,15,10,4,0,9.239937318475379,4.986071370076589,2.100055187259956,0.47368421052631576,0.0,0.6842105263157895,1.2562646776109052,0.7711237197492251,0
user_4183,2021-02-08 15:14:00,25,11,15,2,1,3,6,8,19,14,9,0,0,6.59947041105343,4.066018478019819,6.585379223354954,0.5769230769230769,0.125,0.4230769230769231,0.4029208758680429,0.0328718751380257,0
user_4184,2021-02-21 05:14:00,19,10,10,2,4,1,7,7,8,9,10,6,1,0.1854248860647767,8.793715286030219,1.1843779056129191,0.5,0.18181818181818182,0.5,0.11679002103887992,0.6009922050704806,0
user_4185,2021-01-26 21:36:00,21,8,10,1,1,1,17,19,8,17,17,1,0,7.656562226233089,3.0182472242896496,7.912467707823824,0.45454545454545453,0.09090909090909091,0.36363636363636365,1.2878321844525737,1.6104098810539542,0
user_4186,2021-02-04 02:48:00,15,14,15,3,5,1,5,16,5,7,18,3,0,5.504544463897893,6.463443093171239,6.289595118477815,0.9375,0.1875,0.875,0.15408006260514862,1.0978885863574512,0
user_4187,2021-02-02 07:50:00,30,21,12,0,2,0,13,17,6,19,13,1,0,9.42766594397829,8.382570747592718,9.089348133975355,0.3870967741935484,0.0,0.6774193548387096,1.3658450612025022,1.5970129592021602,0
user_4188,2021-02-13 16:13:00,16,12,16,0,0,3,8,12,19,7,15,5,1,0.5907069777466789,1.5289393621144987,5.612561220475626,0.9411764705882353,0.0,0.7058823529411765,0.38242200802591997,0.31210137106714386,1
user_4189,2021-03-02 16:12:00,30,17,9,0,3,1,11,14,8,16,13,1,0,0.6663667422676023,9.266336038060746,1.6395635287309687,0.2903225806451613,0.0,0.5483870967741935,0.006814617311639681,0.9763839796692024,0
user_4190,2021-03-04 21:10:00,20,17,6,0,3,1,19,12,16,10,7,3,0,7.165702688460305,5.3456365686288745,4.13902862753249,0.2857142857142857,0.0,0.8095238095238095,1.0549880160611564,0.0786191826895748,0
user_4191,2021-02-19 09:30:00,14,12,10,1,2,0,7,17,15,17,7,4,0,3.9962095425566755,7.918981798662223,4.7899596537884435,0.6666666666666666,0.09090909090909091,0.8,0.5008616987079364,1.1082201112758285,0
user_4192,2021-01-12 20:48:00,19,26,13,2,3,2,8,5,19,15,14,1,0,8.301689537341565,8.204719235953922,4.7432825372790575,0.65,0.14285714285714285,1.3,1.0478357705653678,1.3338841002720006,0
user_4193,2021-04-07 19:26:00,18,13,12,3,3,0,7,11,19,11,5,2,0,6.863034961212103,9.731280696847666,2.3003797662559986,0.631578947368421,0.23076923076923078,0.6842105263157895,1.9778419282899915,1.8509133473631492,0
user_4194,2021-03-06 09:58:00,22,19,9,1,2,1,17,7,16,19,18,5,1,4.353414145847983,0.667566092059193,8.6307488442374,0.391304347826087,0.1,0.8260869565217391,0.05220315389474739,1.6407477625370719,0
user_4195,2021-01-02 11:08:00,26,14,9,1,4,0,16,6,5,12,11,5,1,0.8818545865852878,9.35380586589983,1.4267280535782851,0.3333333333333333,0.1,0.5185185185185185,0.7126972364771855,0.33713358927751536,0
user_4196,2021-03-14 19:24:00,21,11,12,0,1,3,9,11,19,12,8,6,1,1.5327965128355725,7.465519065649035,7.5855923146647495,0.5454545454545454,0.0,0.5,0.3482605938203043,0.9295465542410168,0
user_4197,2021-04-03 00:03:00,15,11,16,0,1,2,16,14,14,18,15,5,1,6.155251527358128,7.507648086815424,5.3292232221927796,1.0,0.0,0.6875,0.480004347463894,0.6840423760785228,0
user_4198,2021-04-04 17:05:00,18,10,12,1,2,2,18,18,15,15,9,6,1,0.8741553995852103,5.582908601167874,3.4062631813145434,0.631578947368421,0.07692307692307693,0.5263157894736842,1.9693048980879861,1.278929732336815,0
user_4199,2021-03-13 03:36:00,16,13,14,1,1,1,17,16,12,13,12,5,1,6.279462429318321,0.22603586800943987,3.5660020774720405,0.8235294117647058,0.06666666666666667,0.7647058823529411,0.06328783097291035,1.568288172952793,0
user_4200,2021-01-22 05:18:00,21,21,5,0,1,1,19,5,14,13,19,4,0,9.284361700229734,3.314024209373023,7.597602808682221,0.22727272727272727,0.0,0.9545454545454546,1.106181736554373,0.7456981436609562,0
user_4201,2021-02-07 05:01:00,15,12,15,1,3,1,10,17,15,6,18,6,1,2.647086625078119,6.485993141955154,2.6513982707284125,0.9375,0.0625,0.75,1.4436089592450174,0.4910767110616543,0
user_4202,2021-02-05 04:40:00,26,17,8,1,3,0,16,7,10,12,11,4,0,4.60115917211499,5.426727161219378,8.162816125540715,0.2962962962962963,0.1111111111111111,0.6296296296296297,0.1974867738879469,0.3388157425863081,0
user_4203,2021-04-20 19:27:00,25,10,10,1,3,0,11,8,16,6,15,1,0,6.99455325766582,9.799350178664056,5.170994084210406,0.38461538461538464,0.09090909090909091,0.38461538461538464,1.7068857415302274,0.8987782152052701,1
user_4204,2021-04-30 11:05:00,15,15,13,1,1,2,14,8,9,5,15,4,0,6.272422698796676,6.832867693320307,2.2672355040981786,0.8125,0.07142857142857142,0.9375,0.9749270203232141,1.0684216980853434,0
user_4205,2021-02-24 19:08:00,22,18,14,2,2,0,15,8,8,15,15,2,0,5.519666446904732,7.786741430126712,2.084507288957578,0.6086956521739131,0.13333333333333333,0.782608695652174,0.9452774480064912,0.6182183704145929,0
user_4206,2021-04-27 03:21:00,15,13,8,1,1,1,16,6,6,18,12,1,0,8.6424244650271,2.189096220586576,9.571390241146508,0.5,0.1111111111111111,0.8125,0.19019210303722733,1.8008851579622023,1
user_4207,2021-04-16 08:26:00,26,17,11,0,2,2,17,17,9,10,8,4,0,0.8120910158788508,3.281141494561303,4.159033842324008,0.4074074074074074,0.0,0.6296296296296297,1.4199932756512479,0.021710052530711677,0
user_4208,2021-04-27 13:42:00,27,22,7,3,2,0,9,7,11,19,12,1,0,9.270588487907895,7.514182599390225,3.08236235365991,0.25,0.375,0.7857142857142857,0.33417584017232826,0.15450861679809935,0
user_4209,2021-01-23 18:21:00,20,17,12,0,3,1,9,17,15,15,10,5,1,8.977478629281318,4.832444162846905,5.258040017717494,0.5714285714285714,0.0,0.8095238095238095,1.6392781189939867,0.8448290631315563,0
user_4210,2021-04-20 19:31:00,22,11,6,1,4,1,5,8,5,19,7,1,0,4.041967308382784,4.487835733217373,7.349502413950255,0.2608695652173913,0.14285714285714285,0.4782608695652174,0.5244661961592572,1.7486648114667174,0
user_4211,2021-03-09 14:45:00,18,21,12,1,2,1,17,14,19,16,18,1,0,8.44556970177101,4.588144297627782,6.56632029981458,0.631578947368421,0.07692307692307693,1.105263157894737,1.0639973186909533,1.7377019376971425,1
user_4212,2021-01-13 15:19:00,20,13,11,1,1,1,18,17,15,9,7,2,0,6.524729938722005,9.145458988154495,4.670126761115798,0.5238095238095238,0.08333333333333333,0.6190476190476191,0.784722526210266,0.5584890217112091,0
user_4213,2021-01-09 09:13:00,18,13,9,1,2,1,5,18,6,13,5,5,1,9.24274809846938,4.5087554654056605,9.75592366305891,0.47368421052631576,0.1,0.6842105263157895,1.6412523923638507,1.7015479799636888,1
user_4214,2021-01-09 01:40:00,19,15,9,1,1,0,9,16,19,8,7,5,1,9.784710610997088,1.3852512378702053,3.190793151379576,0.45,0.1,0.75,1.9482432626243091,0.39525123552808394,0
user_4215,2021-01-19 20:49:00,25,8,8,1,1,1,19,12,6,12,14,1,0,6.0324230410903565,0.5636546513050789,6.723829524968255,0.3076923076923077,0.1111111111111111,0.3076923076923077,1.3785920393643236,1.834691930818012,0
user_4216,2021-01-29 14:45:00,18,29,7,2,0,1,17,17,16,13,10,4,0,8.767175972709524,9.353960657613298,3.3816697139612226,0.3684210526315789,0.25,1.5263157894736843,0.7140672768756622,0.744786261214945,0
user_4217,2021-04-11 06:41:00,22,12,13,0,0,5,19,19,8,15,10,6,1,2.2671169766648847,2.846958066802002,9.934069396541902,0.5652173913043478,0.0,0.5217391304347826,0.06341197329914006,0.060245398879729795,0
user_4218,2021-04-29 10:18:00,20,14,4,0,0,0,13,12,7,9,11,3,0,6.773212075598638,6.525194334015552,5.55111767147654,0.19047619047619047,0.0,0.6666666666666666,1.2019577097925918,0.9387796429595254,0
user_4219,2021-03-11 04:45:00,9,13,5,0,0,1,17,18,19,5,7,3,0,7.807168864695324,9.948911210253975,3.904834491197587,0.5,0.0,1.3,1.4476880676365123,0.5392518248117,0
user_4220,2021-01-13 16:26:00,16,14,13,0,3,1,14,18,7,6,18,2,0,5.930633527808734,2.5297824617704787,2.6635829941607425,0.7647058823529411,0.0,0.8235294117647058,0.9595281767633936,0.2418088931816582,0
user_4221,2021-01-24 23:41:00,21,18,8,1,3,0,10,6,8,7,17,6,1,2.581779467176654,6.7664157921889965,8.077568327205903,0.36363636363636365,0.1111111111111111,0.8181818181818182,0.32980144031772296,0.16286526339727514,0
user_4222,2021-01-08 07:50:00,26,11,14,0,4,2,6,19,10,16,10,4,0,5.7872722943724,4.249103934818812,3.065508922149926,0.5185185185185185,0.0,0.4074074074074074,1.9880596174920573,0.10725235640061159,0
user_4223,2021-01-22 10:10:00,25,14,7,2,0,1,7,8,6,15,11,4,0,0.10267319136005426,4.69982329111736,8.970219698019177,0.2692307692307692,0.25,0.5384615384615384,1.9268314759670735,1.4080904605341344,0
user_4224,2021-01-06 12:50:00,16,14,13,0,0,1,11,13,11,17,18,2,0,2.6949684044743227,0.07801493710086871,2.086575482848408,0.7647058823529411,0.0,0.8235294117647058,1.0602449663350813,0.7145312507745092,1
user_4225,2021-04-13 16:09:00,19,21,12,1,0,0,7,6,13,19,11,1,0,3.851437073511282,1.7434899415944516,3.4968687215802636,0.6,0.07692307692307693,1.05,0.1282063000116469,1.9778987294273145,0
user_4226,2021-03-26 19:35:00,25,18,13,0,3,1,17,16,15,7,17,4,0,2.4802096755100655,5.186126936297862,7.287575000817911,0.5,0.0,0.6923076923076923,1.8025300694874749,1.9737128184533594,0
user_4227,2021-03-17 12:49:00,22,13,14,2,1,3,14,13,9,14,17,2,0,4.58879416006405,8.283219315211205,1.2361682828138791,0.6086956521739131,0.13333333333333333,0.5652173913043478,0.9237291464794568,1.4806026445793337,0
user_4228,2021-02-07 16:31:00,23,12,10,1,3,0,6,14,10,19,17,6,1,6.925106215754898,0.18362766027052668,5.775873139671518,0.4166666666666667,0.09090909090909091,0.5,1.591403939263674,1.7744107688695883,0
user_4229,2021-01-21 00:24:00,15,14,13,0,3,0,19,11,8,5,9,3,0,3.558825396535558,8.57993803449967,1.4029462561708743,0.8125,0.0,0.875,0.5005571739904251,0.3827696044907205,0
user_4230,2021-01-21 23:06:00,19,18,8,0,2,0,13,18,18,14,12,3,0,5.18423632751266,9.026535163582519,5.544299182892928,0.4,0.0,0.9,0.5229862476722458,1.2623200840706987,0
user_4231,2021-02-24 07:12:00,20,26,10,1,1,2,11,7,12,17,19,2,0,5.5408174174312395,2.5898521863557966,3.482935965359166,0.47619047619047616,0.09090909090909091,1.2380952380952381,1.9602010392422426,1.508141676781724,0
user_4232,2021-03-29 03:27:00,22,14,10,0,1,0,5,10,12,5,11,0,0,5.1559993608438255,8.318011134775928,9.326698106301667,0.43478260869565216,0.0,0.6086956521739131,0.8544389357768714,0.10309570276341873,0
user_4233,2021-02-28 09:59:00,25,13,16,0,2,2,19,6,8,15,5,6,1,7.86124773560463,6.874578350948846,9.449009532370406,0.6153846153846154,0.0,0.5,1.8375198968361135,1.7260354468745234,0
user_4234,2021-04-29 19:18:00,20,19,10,2,1,0,18,13,8,12,19,3,0,1.425352706674734,0.9013717087146145,5.255804588980348,0.47619047619047616,0.18181818181818182,0.9047619047619048,1.4217772118534213,1.9058989583286665,0
user_4235,2021-04-25 05:52:00,23,18,13,1,2,1,6,18,10,11,19,6,1,5.048802079486114,8.784345949852423,5.374504246674247,0.5416666666666666,0.07142857142857142,0.75,0.6512655988860916,1.0598294778199986,0
user_4236,2021-04-08 10:58:00,17,11,7,2,2,1,16,14,19,7,17,3,0,0.06305603309275765,9.29885321276394,2.100910024467704,0.3888888888888889,0.25,0.6111111111111112,1.8626700431540864,0.6038627748731473,0
user_4237,2021-03-22 18:46:00,25,15,10,2,6,2,8,9,17,10,8,0,0,6.344975956624976,3.4788434755883744,4.038230624170462,0.38461538461538464,0.18181818181818182,0.5769230769230769,1.318270244696867,1.4537414695833477,1
user_4238,2021-04-21 05:21:00,23,19,10,1,2,1,17,18,15,12,6,2,0,2.1595775242090043,9.849811038364395,1.6930254478888038,0.4166666666666667,0.09090909090909091,0.7916666666666666,0.41821976292260055,1.2177872588690661,0
user_4239,2021-04-08 10:56:00,15,16,14,0,3,2,9,5,17,9,15,3,0,8.064192363466127,9.910583677982256,1.5768570455251434,0.875,0.0,1.0,1.358297342437047,0.9823766107626688,0
user_4240,2021-01-20 16:35:00,19,16,10,2,2,1,16,6,11,10,5,2,0,0.6218547945172292,0.04577248187853655,5.0070430712387095,0.5,0.18181818181818182,0.8,0.7176906758808412,1.0591866443534272,0
user_4241,2021-02-08 02:23:00,21,15,14,3,1,2,5,14,13,9,5,0,0,4.741894884230533,7.2236182343962465,7.355853361262152,0.6363636363636364,0.2,0.6818181818181818,0.5169931930134484,1.5003274562636344,0
user_4242,2021-02-09 20:01:00,22,27,10,0,1,1,13,10,8,16,16,1,0,1.7363358216840152,8.336659722125027,7.5664670705543,0.43478260869565216,0.0,1.173913043478261,1.6610163869572179,1.7913571723603827,0
user_4243,2021-04-22 10:05:00,24,17,8,3,3,1,16,8,10,19,16,3,0,7.318065336010184,6.036213030267161,4.604675446847858,0.32,0.3333333333333333,0.68,0.0770338297785702,1.3016646025348744,0
user_4244,2021-01-29 17:41:00,18,18,9,1,1,0,9,11,13,16,11,4,0,5.944918119505308,0.2809527102127385,9.829562902395464,0.47368421052631576,0.1,0.9473684210526315,0.690642464151429,1.5290791709307838,0
user_4245,2021-03-23 16:57:00,24,11,5,1,0,0,5,16,7,12,19,1,0,6.592096382299122,4.8207051785628865,9.901608000943387,0.2,0.16666666666666666,0.44,0.8504657230677701,1.9173508535344435,0
user_4246,2021-02-14 10:34:00,16,13,16,0,2,2,19,8,17,17,13,6,1,4.951442911158778,6.290182457537423,3.6487379453592936,0.9411764705882353,0.0,0.7647058823529411,1.1737217174862968,1.1842520261451723,0
user_4247,2021-01-02 00:11:00,29,18,4,3,2,0,6,16,10,19,16,5,1,0.42099626161630654,5.153431587424706,6.414870141765419,0.13333333333333333,0.6,0.6,0.31283135101860604,0.9992152029648709,0
user_4248,2021-04-13 21:54:00,18,14,10,1,2,1,5,9,11,18,8,1,0,2.0812390121389956,0.04975120953734202,7.233712548162728,0.5263157894736842,0.09090909090909091,0.7368421052631579,0.12816465899316176,1.0783852355618422,0
user_4249,2021-01-26 19:57:00,18,14,9,1,2,1,5,19,16,19,10,1,0,9.85585219766756,9.340056165327338,1.9775565489963736,0.47368421052631576,0.1,0.7368421052631579,0.7697733652018983,0.7725652893201098,0
user_4250,2021-04-17 03:18:00,16,19,8,0,1,0,10,15,10,6,13,5,1,8.998896283017498,5.498670831618734,4.038643877065319,0.47058823529411764,0.0,1.1176470588235294,0.6138118242004038,1.8195590718849688,0
user_4251,2021-01-18 10:58:00,23,12,13,2,2,3,6,12,8,13,16,0,0,1.6890066733739573,6.906832537238161,5.352194276435154,0.5416666666666666,0.14285714285714285,0.5,0.27593221783424715,1.3611574393238757,0
user_4252,2021-01-21 08:02:00,19,22,14,1,4,3,8,5,5,15,5,3,0,9.847691637519754,7.408271222828084,8.235199106428645,0.7,0.06666666666666667,1.1,1.355929887351245,1.5354233097084256,0
user_4253,2021-02-05 18:21:00,22,17,12,2,3,1,13,14,14,12,7,4,0,2.5521171622277428,5.870619070696778,8.062836299010943,0.5217391304347826,0.15384615384615385,0.7391304347826086,1.4076178774505188,1.2922300968054143,0
user_4254,2021-03-31 22:07:00,16,20,12,1,0,1,5,18,18,14,15,2,0,6.75223741631963,8.0933413441276,3.5707579314115865,0.7058823529411765,0.07692307692307693,1.1764705882352942,1.104232112974476,1.7595022539123057,0
user_4255,2021-03-11 06:19:00,14,14,13,3,0,3,11,16,15,12,5,3,0,0.7410535051778044,3.020806006355139,6.007569184394575,0.8666666666666667,0.21428571428571427,0.9333333333333333,0.880128673455022,1.6392229737354211,0
user_4256,2021-02-02 23:37:00,15,14,6,1,5,0,15,19,15,7,5,1,0,6.005133288365409,9.507059792139344,5.967931202707326,0.375,0.14285714285714285,0.875,1.2259192339893519,1.072151440941023,0
user_4257,2021-03-15 21:58:00,22,13,11,1,1,2,13,14,15,10,9,0,0,2.1347296794410555,8.987472595045041,3.3366741327576253,0.4782608695652174,0.08333333333333333,0.5652173913043478,1.36791876321507,1.417707965030596,0
user_4258,2021-04-21 10:23:00,31,14,5,1,2,0,5,14,19,15,18,2,0,5.860861100851393,9.09184989832008,5.3433751389121715,0.15625,0.16666666666666666,0.4375,0.794882687689958,0.4941741459410909,0
user_4259,2021-01-06 17:23:00,19,15,8,1,2,0,17,10,15,16,17,2,0,4.448483972980876,9.40939289744671,8.10943938407887,0.4,0.1111111111111111,0.75,0.08013455752499965,1.0782474823778747,0
user_4260,2021-03-24 15:21:00,12,13,16,2,1,3,12,11,19,15,11,2,0,2.5151030208201783,0.1835430430309748,8.325848136434647,1.2307692307692308,0.11764705882352941,1.0,0.34553324416174425,1.0960955886192898,0
user_4261,2021-04-21 09:54:00,21,18,17,1,3,2,18,14,9,18,16,2,0,8.688492075659774,3.605922701658951,6.110998576498992,0.7727272727272727,0.05555555555555555,0.8181818181818182,1.7624624548918935,0.8372748780175143,0
user_4262,2021-03-31 01:02:00,15,6,5,1,1,0,13,11,6,18,5,2,0,8.404042287200651,7.70187109620947,4.805579313275531,0.3125,0.16666666666666666,0.375,0.3585461601765989,1.299695742715499,0
user_4263,2021-03-05 12:01:00,25,19,11,0,2,0,7,15,13,11,6,4,0,7.849556283078641,9.449504628407077,8.249267272657002,0.4230769230769231,0.0,0.7307692307692307,0.2513095037566957,0.08253501408636321,0
user_4264,2021-01-18 20:06:00,17,16,10,0,0,1,6,14,19,5,6,0,0,8.4313062846316,8.344711780751162,7.672184609896279,0.5555555555555556,0.0,0.8888888888888888,0.09093227401343151,1.1760215935324123,0
user_4265,2021-03-16 01:40:00,19,13,23,1,2,1,15,11,15,6,18,1,0,8.686193152566617,7.720202721312235,6.951355697034217,1.15,0.041666666666666664,0.65,1.8971860636422813,0.04344099216435238,0
user_4266,2021-02-08 14:07:00,19,20,15,0,4,2,7,5,13,10,8,0,0,5.2754236019751835,8.9658390047792,7.117818942842972,0.75,0.0,1.0,0.7657165489799209,1.737142633453028,0
user_4267,2021-04-23 23:45:00,14,11,8,1,2,3,5,12,10,10,19,4,0,6.534121280103982,9.259792201745245,8.207426274574049,0.5333333333333333,0.1111111111111111,0.7333333333333333,0.3770748210135213,0.3783838145160425,0
user_4268,2021-02-11 12:21:00,22,18,7,1,1,1,14,10,15,17,8,3,0,5.650976915036861,7.7231099477066865,1.7760407569528436,0.30434782608695654,0.125,0.782608695652174,0.5664476178368298,0.7925233716580811,0
user_4269,2021-02-12 17:40:00,25,14,8,2,2,1,17,19,10,18,11,4,0,0.7600255778914466,3.6912915403007984,2.76442608404014,0.3076923076923077,0.2222222222222222,0.5384615384615384,0.06425500765360348,1.8358036627043288,0
user_4270,2021-03-11 22:56:00,25,13,12,0,1,3,6,12,18,10,7,3,0,0.8265531150798155,7.936862395949128,9.371379266483421,0.46153846153846156,0.0,0.5,0.6415045244644568,1.5254710919538779,0
user_4271,2021-04-19 12:47:00,21,11,7,1,2,1,12,12,16,14,12,0,0,3.406864186594951,1.881606415079865,1.8089752685787672,0.3181818181818182,0.125,0.5,1.0414067575585166,1.2408971454009423,0
user_4272,2021-01-08 11:56:00,16,18,12,1,3,2,17,10,8,7,17,4,0,7.748894561020359,4.020747643237832,4.707091736507435,0.7058823529411765,0.07692307692307693,1.0588235294117647,0.025833895604153057,1.0215313462932614,0
user_4273,2021-03-23 12:14:00,17,17,13,1,1,0,9,10,12,15,6,1,0,7.520208913621861,6.409802569365923,8.376427813575429,0.7222222222222222,0.07142857142857142,0.9444444444444444,0.10479264128810395,1.0913369474339025,1
user_4274,2021-02-15 21:23:00,16,21,11,3,1,1,16,8,17,13,12,0,0,7.222765139148511,3.821238788633586,9.573922194001252,0.6470588235294118,0.25,1.2352941176470589,0.6232138093188024,1.9421815522573824,0
user_4275,2021-02-26 12:26:00,22,14,6,2,3,2,13,9,16,18,7,4,0,1.6476565958526457,0.608157377989279,2.312116002515992,0.2608695652173913,0.2857142857142857,0.6086956521739131,1.9430388759428672,0.9360132177532983,0
user_4276,2021-04-27 15:37:00,13,17,9,1,1,2,9,9,12,14,9,1,0,5.278919086306971,6.852834727698543,2.021465723542637,0.6428571428571429,0.1,1.2142857142857142,1.1153568946942947,1.3598294010875933,0
user_4277,2021-02-23 22:58:00,18,13,16,1,3,0,12,12,6,5,8,1,0,4.576262521646588,9.642887029876055,4.215571181001907,0.8421052631578947,0.058823529411764705,0.6842105263157895,0.4732385421680183,1.215045629812945,0
user_4278,2021-03-14 11:01:00,25,11,11,0,4,0,9,8,6,17,9,6,1,1.3785767405655613,1.6548438220080142,2.5006341405377626,0.4230769230769231,0.0,0.4230769230769231,1.1120861779470195,1.6991972115733445,0
user_4279,2021-01-19 07:05:00,16,17,11,1,2,1,8,16,11,7,9,1,0,7.964703456711351,6.2002393186062665,2.105794939926658,0.6470588235294118,0.08333333333333333,1.0,1.6520239343892495,1.1922011106493948,0
user_4280,2021-04-26 10:34:00,20,9,11,0,3,0,16,10,17,9,9,0,0,5.84082079656521,4.015451535914087,9.266774128670223,0.5238095238095238,0.0,0.42857142857142855,0.7519483964965168,0.527431306630574,0
user_4281,2021-01-12 09:18:00,28,18,8,2,4,1,6,11,9,17,7,1,0,9.440448125421963,9.937428899197329,8.552498048347053,0.27586206896551724,0.2222222222222222,0.6206896551724138,0.155625117707904,1.4123628804029396,0
user_4282,2021-01-29 12:36:00,16,17,14,0,2,2,17,18,17,5,15,4,0,1.8023059272378739,5.630491237890068,5.66579660700571,0.8235294117647058,0.0,1.0,1.9180504271069063,0.21086422459216014,0
user_4283,2021-04-01 13:30:00,19,20,11,1,2,1,19,11,16,9,15,3,0,3.2882205747185553,5.965246663324454,1.4302738296142248,0.55,0.08333333333333333,1.0,1.0820780443869134,1.7724201157667732,0
user_4284,2021-04-11 02:11:00,16,12,12,1,1,1,11,8,19,10,8,6,1,0.16615246380708215,2.8710313892562023,1.322539113520413,0.7058823529411765,0.07692307692307693,0.7058823529411765,0.6468136694845987,0.5617718924053003,0
user_4285,2021-02-02 08:53:00,19,12,8,1,1,0,15,15,10,7,12,1,0,5.9066722298997245,1.9829381760248521,7.510489365073741,0.4,0.1111111111111111,0.6,1.2364067965973178,0.5920613709105005,0
user_4286,2021-04-10 20:31:00,15,19,8,1,0,1,11,15,6,7,10,5,1,1.8360164556420588,6.512183857086685,8.807630787684591,0.5,0.1111111111111111,1.1875,0.09679150696846395,0.40364799260618955,0
user_4287,2021-02-10 11:23:00,20,12,7,1,3,0,13,17,12,17,16,2,0,7.213039039780053,6.854126670885582,2.571719311081197,0.3333333333333333,0.125,0.5714285714285714,1.3455963808943934,0.6389565927603555,1
user_4288,2021-04-02 18:57:00,23,12,14,2,2,0,14,16,5,11,16,4,0,5.032689418972724,5.608772679676708,6.6254816801201795,0.5833333333333334,0.13333333333333333,0.5,0.4240629419694093,1.7311037957891333,0
user_4289,2021-03-29 23:10:00,20,20,10,1,2,1,12,7,14,12,8,0,0,7.541359470758926,8.86191751082367,7.891252278853316,0.47619047619047616,0.09090909090909091,0.9523809523809523,0.28767909633814015,1.2135268029620287,0
user_4290,2021-03-26 02:27:00,16,18,3,1,1,1,6,18,14,14,12,4,0,2.4291455834147224,3.4671089163141176,6.2359006620743545,0.17647058823529413,0.25,1.0588235294117647,1.1977770008789388,0.37870146002347416,1
user_4291,2021-03-04 17:59:00,18,18,11,1,0,0,8,12,9,13,6,3,0,2.453395159871825,6.306288143883631,1.9799345876523717,0.5789473684210527,0.08333333333333333,0.9473684210526315,1.4959541300515302,1.6878537897323789,1
user_4292,2021-01-22 01:11:00,20,15,5,1,2,0,14,16,13,8,5,4,0,8.075992656594135,8.142372852744463,7.217010916021877,0.23809523809523808,0.16666666666666666,0.7142857142857143,1.544435628077634,0.3467361377814622,0
user_4293,2021-02-02 09:47:00,16,14,11,0,4,2,14,16,18,6,19,1,0,0.46480108645236773,7.635931157411995,6.11970940861354,0.6470588235294118,0.0,0.8235294117647058,0.1371570582982562,1.2298286832704766,0
user_4294,2021-01-15 18:03:00,23,11,6,0,1,0,5,6,7,10,11,4,0,5.072425463321898,1.2522414585217856,7.09706950722879,0.25,0.0,0.4583333333333333,0.47140452736777405,0.5336537737211473,1
user_4295,2021-03-11 17:49:00,21,12,9,0,2,1,19,15,12,17,14,3,0,9.18873382857402,2.6952296863442573,2.9914276952120513,0.4090909090909091,0.0,0.5454545454545454,0.40012979194021203,1.1494151768685237,1
user_4296,2021-03-30 20:45:00,22,12,5,2,1,0,7,6,17,6,7,1,0,4.783457684212581,4.572256861292806,8.396151890348381,0.21739130434782608,0.3333333333333333,0.5217391304347826,1.9746181002059529,1.5690481356404138,0
user_4297,2021-02-03 03:34:00,15,18,10,2,3,2,18,15,19,8,16,2,0,7.729756590279981,0.6500282826496573,5.434584233812997,0.625,0.18181818181818182,1.125,1.0081854929146539,1.2281993305147025,0
user_4298,2021-04-10 13:35:00,22,10,8,2,2,2,5,7,10,7,8,5,1,6.111545190403974,4.929717552234529,9.553282267326537,0.34782608695652173,0.2222222222222222,0.43478260869565216,0.9055435698506082,1.624711762178786,0
user_4299,2021-03-29 19:08:00,14,11,11,2,0,0,15,13,16,17,6,0,0,6.669636559188232,5.326309737406262,7.8495484466432375,0.7333333333333333,0.16666666666666666,0.7333333333333333,0.8066664213211645,0.4468657005345309,0
user_4300,2021-01-19 20:00:00,21,12,6,2,3,1,5,16,12,8,14,1,0,9.487092090760438,3.0051826986348296,4.087249365164299,0.2727272727272727,0.2857142857142857,0.5454545454545454,0.7916562329224635,0.2552115474635035,0
user_4301,2021-01-22 23:29:00,12,20,7,0,0,2,5,14,6,13,14,4,0,5.433142981638428,7.6112540578465735,3.537890307405199,0.5384615384615384,0.0,1.5384615384615385,1.5741595241982391,1.9263278679973088,0
user_4302,2021-01-10 23:27:00,27,8,12,1,2,2,18,13,10,9,10,6,1,8.040314354546398,8.901022916743944,2.555306292022834,0.42857142857142855,0.07692307692307693,0.2857142857142857,1.7030956766300145,1.5416065142754882,0
user_4303,2021-01-12 23:14:00,23,17,12,0,1,0,7,8,13,12,9,1,0,2.841715325037255,9.811943690978373,2.0229416152632442,0.5,0.0,0.7083333333333334,0.895539526160984,0.38551697974904475,0
user_4304,2021-01-03 07:43:00,13,18,10,0,0,1,17,14,8,18,10,6,1,6.2624537085935605,7.786439901593754,8.455803875348424,0.7142857142857143,0.0,1.2857142857142858,1.0863323200097739,1.2160913037058123,0
user_4305,2021-02-22 16:08:00,23,12,9,0,3,0,9,10,9,17,18,0,0,5.530104346966364,3.8879620930039795,6.891676008448389,0.375,0.0,0.5,0.1579856784198892,1.6756334351789874,0
user_4306,2021-04-02 17:16:00,22,10,10,1,2,1,16,6,16,7,10,4,0,0.966215149600308,6.284371534958325,5.059031159505943,0.43478260869565216,0.09090909090909091,0.43478260869565216,1.8218133330195925,0.5557722278753148,0
user_4307,2021-02-13 14:32:00,16,19,8,2,0,1,7,7,14,19,19,5,1,5.631265966992721,0.22645512174851,1.3677058542062646,0.47058823529411764,0.2222222222222222,1.1176470588235294,0.8049902402998159,0.6022812407152427,0
user_4308,2021-03-07 01:46:00,24,13,14,1,0,1,17,8,7,11,13,6,1,3.8360444407994265,0.04671593030895038,7.759284259938177,0.56,0.06666666666666667,0.52,0.6991391435371539,0.5830719459020883,0
user_4309,2021-01-06 04:12:00,24,17,10,0,5,0,11,9,13,18,10,2,0,1.4614349946274485,6.703047568217166,4.618911253330364,0.4,0.0,0.68,1.1473752228599219,0.734495405830466,0
user_4310,2021-01-07 07:15:00,14,14,12,0,1,0,7,9,6,14,5,3,0,7.334338526182299,3.4715115481408443,3.4075513328987546,0.8,0.0,0.9333333333333333,0.7062453234669936,1.184795001246388,0
user_4311,2021-04-19 23:16:00,12,14,4,1,0,1,11,6,11,18,15,0,0,0.6111303282802427,8.386051810892381,3.671502058996385,0.3076923076923077,0.2,1.0769230769230769,0.3359574560931209,0.022324231086975566,0
user_4312,2021-04-19 11:46:00,16,12,5,2,1,0,14,13,13,5,7,0,0,3.2492834065502905,1.542665197460693,5.755708692018543,0.29411764705882354,0.3333333333333333,0.7058823529411765,0.8438623701501597,1.8582550453148856,0
user_4313,2021-04-25 03:51:00,22,13,9,0,3,1,12,6,11,13,6,6,1,8.629162272324894,8.300469489172693,7.868253757252878,0.391304347826087,0.0,0.5652173913043478,0.4562940974563574,1.1454782070026732,0
user_4314,2021-04-27 00:32:00,18,11,8,1,2,0,9,10,15,16,7,1,0,9.795048734909534,6.76212392662782,9.47767562749906,0.42105263157894735,0.1111111111111111,0.5789473684210527,1.0194243047574487,1.8895023528753283,0
user_4315,2021-01-10 00:31:00,24,10,13,0,1,0,13,10,7,11,8,6,1,3.927750780518413,0.4941899239923908,4.478965931344408,0.52,0.0,0.4,0.9244645670491676,0.8764889322718195,0
user_4316,2021-03-14 02:43:00,13,17,10,1,2,0,16,12,12,17,12,6,1,3.3132386693182028,4.2173709582099,6.541794687947896,0.7142857142857143,0.09090909090909091,1.2142857142857142,0.0086532775174184,1.4376802023470436,0
user_4317,2021-04-01 06:43:00,23,14,8,0,0,2,19,9,18,15,17,3,0,0.4706218705513998,8.538961214366022,9.56696401105353,0.3333333333333333,0.0,0.5833333333333334,0.9380627300468487,0.5810480196290675,0
user_4318,2021-03-19 21:24:00,28,10,6,1,4,1,14,8,13,12,17,4,0,0.8181476605007598,9.40579686982385,5.289934505995792,0.20689655172413793,0.14285714285714285,0.3448275862068966,0.6816361229839307,1.5488213612088617,0
user_4319,2021-04-19 00:29:00,12,20,10,0,2,1,19,5,10,18,7,0,0,3.9702824850025342,3.434335638477768,1.5988600747063084,0.7692307692307693,0.0,1.5384615384615385,1.8654585994380624,0.9723147110501915,0
user_4320,2021-01-23 12:27:00,24,17,14,1,2,2,8,19,8,18,17,5,1,0.9490958607414413,1.1602257211362843,3.2213049442258925,0.56,0.06666666666666667,0.68,0.6435473306115269,0.8988593400025937,0
user_4321,2021-03-10 00:59:00,22,13,11,0,2,2,7,15,12,18,12,2,0,6.617084600248101,7.032154470559366,2.9317908894649296,0.4782608695652174,0.0,0.5652173913043478,1.5756876633494856,1.2915222981249588,0
user_4322,2021-03-16 20:10:00,18,14,10,2,0,0,12,10,12,5,9,1,0,2.0941943048589517,5.755331170980221,6.547207951870385,0.5263157894736842,0.18181818181818182,0.7368421052631579,1.356685933612668,1.5448739193482055,0
user_4323,2021-01-24 14:55:00,22,8,10,1,1,0,10,7,19,18,18,6,1,9.67322765283386,7.113504768577293,4.434745239585622,0.43478260869565216,0.09090909090909091,0.34782608695652173,0.16844913604523715,0.30155461394059757,0
user_4324,2021-02-18 13:50:00,23,12,8,1,2,0,12,11,14,6,16,3,0,7.638385512895802,5.834473765909794,5.10441023389205,0.3333333333333333,0.1111111111111111,0.5,1.039546818989329,1.538994960442419,0
user_4325,2021-04-08 09:33:00,21,15,13,0,2,0,11,7,12,18,16,3,0,3.4649875200296867,5.72684189713042,9.478626014751,0.5909090909090909,0.0,0.6818181818181818,0.1378996680972009,0.7280295395179799,0
user_4326,2021-04-30 07:54:00,14,14,10,2,2,0,7,12,16,19,12,4,0,1.4295259174756103,8.068233913991836,6.022652169164447,0.6666666666666666,0.18181818181818182,0.9333333333333333,0.32090572397268935,1.7501356084554451,0
user_4327,2021-03-18 11:30:00,20,16,6,1,2,2,8,13,17,7,15,3,0,1.601956065055421,4.218776017006421,2.3602713744123305,0.2857142857142857,0.14285714285714285,0.7619047619047619,0.32079343768218194,0.6413160916138485,0
user_4328,2021-03-23 05:08:00,21,20,10,0,3,1,19,9,6,12,6,1,0,6.9530770064033165,0.5639389772904979,1.4600811393556534,0.45454545454545453,0.0,0.9090909090909091,0.9995052061687628,1.0990879162341034,0
user_4329,2021-04-08 03:20:00,15,15,6,1,0,0,13,7,12,15,18,3,0,3.625642420545482,7.15057267163958,2.4277875471482795,0.375,0.14285714285714285,0.9375,0.06980762394428175,0.32738984991245457,0
user_4330,2021-04-22 13:22:00,25,13,5,1,1,0,6,14,6,11,18,3,0,6.879876565656168,1.0748767590418729,6.841956126047913,0.19230769230769232,0.16666666666666666,0.5,0.4388143103886848,0.15527820630526445,0
user_4331,2021-04-09 04:11:00,19,17,3,1,2,1,15,13,18,9,6,4,0,8.424868869073123,7.906512154954687,1.9311777582330452,0.15,0.25,0.85,1.8465811003792285,0.543688801156955,0
user_4332,2021-01-05 19:05:00,19,9,12,1,3,2,11,17,5,14,12,1,0,7.443772602346942,4.290533079716803,6.54261300816116,0.6,0.07692307692307693,0.45,0.41039844684847515,0.5150318208277027,0
user_4333,2021-01-23 20:39:00,23,20,7,2,5,2,19,6,7,5,16,5,1,5.782418203618274,9.46322562106251,4.982843717120725,0.2916666666666667,0.25,0.8333333333333334,0.6510954191950229,1.5578849423348518,0
user_4334,2021-03-31 01:36:00,20,16,9,0,3,2,5,6,7,19,14,2,0,4.758517421775247,4.943505026933154,5.984473665204267,0.42857142857142855,0.0,0.7619047619047619,1.9266371883398161,1.090961823983954,0
user_4335,2021-04-09 20:24:00,18,14,7,3,2,1,5,17,7,6,19,4,0,2.166512511606938,8.04480538242258,7.1099212600515616,0.3684210526315789,0.375,0.7368421052631579,1.2728702156385912,1.4053739121384006,0
user_4336,2021-03-03 12:54:00,22,11,6,0,1,1,5,16,8,8,5,2,0,8.49829261951476,8.058968193397746,8.810405541066764,0.2608695652173913,0.0,0.4782608695652174,0.43203551169724164,1.9689728971702296,0
user_4337,2021-02-25 06:34:00,17,10,6,1,3,1,14,9,17,12,8,3,0,7.7418521748083515,5.470960286132787,3.91177597889964,0.3333333333333333,0.14285714285714285,0.5555555555555556,1.4230903592292226,0.1237321394986699,0
user_4338,2021-02-09 07:42:00,14,10,13,2,4,3,10,12,19,7,8,1,0,2.652441449027015,8.852394744094473,9.954272773731738,0.8666666666666667,0.14285714285714285,0.6666666666666666,0.38970500468486513,0.042194134429247576,0
user_4339,2021-04-22 03:08:00,17,20,9,0,0,1,17,10,16,6,16,3,0,1.801026430702961,1.9249397824037462,2.8571607028200474,0.5,0.0,1.1111111111111112,1.934653434449759,0.4984235550934919,0
user_4340,2021-04-25 20:37:00,24,16,11,0,5,0,8,9,6,15,11,6,1,8.271740050196284,5.138633849032951,2.985889502225433,0.44,0.0,0.64,0.6287753255559763,0.9158196787291197,0
user_4341,2021-04-11 11:51:00,18,19,8,1,0,0,11,7,5,8,14,6,1,2.249932649092078,1.2183914851796096,5.038142307576651,0.42105263157894735,0.1111111111111111,1.0,0.12354974522875017,0.9734760411872414,0
user_4342,2021-01-06 10:47:00,11,14,11,3,0,0,14,10,19,13,11,2,0,6.273969778892954,3.636713528632364,8.055934990318377,0.9166666666666666,0.25,1.1666666666666667,0.23072467382213024,0.8328665622116531,0
user_4343,2021-02-22 11:35:00,15,15,9,0,1,0,6,18,10,15,5,0,0,3.0311010542053376,9.240795282301399,1.0795579127353765,0.5625,0.0,0.9375,0.6247436227601728,1.9956554051997621,1
user_4344,2021-02-26 19:25:00,25,12,11,1,3,2,15,18,16,5,6,4,0,8.104860701481888,1.0533093932863258,3.818994615088708,0.4230769230769231,0.08333333333333333,0.46153846153846156,0.3969327639895428,1.3320452142503372,0
user_4345,2021-04-19 05:13:00,22,13,8,2,2,1,14,16,5,15,8,0,0,4.236512992085785,1.5730113365611387,2.2136840011048458,0.34782608695652173,0.2222222222222222,0.5652173913043478,1.8523205182411195,1.1283302016666568,0
user_4346,2021-03-29 02:29:00,17,22,14,1,4,0,11,8,18,14,16,0,0,0.8127696797062345,9.443242899041453,3.7391881635926634,0.7777777777777778,0.06666666666666667,1.2222222222222223,1.8801528324482042,0.7268560129457411,0
user_4347,2021-03-20 05:46:00,17,13,8,2,1,0,17,12,15,19,5,5,1,8.106644139613422,8.90088932573436,6.8423700660417595,0.4444444444444444,0.2222222222222222,0.7222222222222222,0.5154257779155722,1.2979978065027165,0
user_4348,2021-01-08 07:46:00,19,23,13,1,2,0,18,18,17,6,12,4,0,8.479760487740434,2.857916911928182,2.527150031105525,0.65,0.07142857142857142,1.15,1.5059528055468998,0.8003143429172555,0
user_4349,2021-01-31 07:12:00,21,11,17,0,2,2,6,12,19,5,12,6,1,5.2503859702521,9.253586968828854,3.55691742448264,0.7727272727272727,0.0,0.5,1.2629584983687612,1.2849794289423637,0
user_4350,2021-02-15 20:28:00,20,19,6,1,1,1,5,8,19,7,10,0,0,7.765493326342908,3.121190953851125,6.075026762238678,0.2857142857142857,0.14285714285714285,0.9047619047619048,1.3672692098147388,0.9389830844716289,0
user_4351,2021-04-05 15:49:00,17,13,13,3,3,1,17,6,7,10,12,0,0,5.930051943161294,3.5050572225729315,2.0277073949613182,0.7222222222222222,0.21428571428571427,0.7222222222222222,0.9339768687443937,0.6795553169484148,0
user_4352,2021-04-24 17:47:00,19,22,12,2,1,1,11,17,9,16,11,5,1,2.1758752641469528,3.3650831841523834,8.568859490034505,0.6,0.15384615384615385,1.1,0.5686018420356251,0.15487315956515046,0
user_4353,2021-03-15 19:48:00,19,18,11,1,2,1,5,18,12,5,7,0,0,6.026144716019269,5.136691772983447,2.384601765284062,0.55,0.08333333333333333,0.9,1.3507826503489848,0.142339431964702,0
user_4354,2021-03-08 16:19:00,14,21,8,1,0,1,17,14,13,14,6,0,0,8.824437208302179,3.8506912456121754,5.164735868628786,0.5333333333333333,0.1111111111111111,1.4,1.0040842111694366,0.3034004115348137,0
user_4355,2021-01-01 10:09:00,18,18,9,0,3,1,9,17,14,15,15,4,0,3.9242371741198836,7.293556350656219,3.73644024633209,0.47368421052631576,0.0,0.9473684210526315,0.38053866605897313,1.5556194216771762,0
user_4356,2021-01-24 18:07:00,26,14,11,1,0,1,14,12,11,18,13,6,1,3.745901146953118,2.9450417885274893,3.938904460055923,0.4074074074074074,0.08333333333333333,0.5185185185185185,0.03595832214303751,0.04730620485612369,0
user_4357,2021-01-19 14:37:00,24,11,7,1,5,0,5,15,10,10,19,1,0,7.245550206501335,6.804655005331224,3.5854600299256725,0.28,0.125,0.44,1.1881529339841082,0.8885921089416304,0
user_4358,2021-01-13 12:45:00,13,15,10,1,0,2,19,6,18,12,8,2,0,8.303670590987746,7.007857472060232,2.019419646113187,0.7142857142857143,0.09090909090909091,1.0714285714285714,1.4012360465678266,0.6943100157677198,0
user_4359,2021-04-06 03:48:00,24,15,13,1,4,1,11,14,10,19,17,1,0,9.551186816455635,4.071562076108339,2.032367138588522,0.52,0.07142857142857142,0.6,0.5868946980498133,0.17668941663064142,0
user_4360,2021-04-26 08:59:00,24,14,10,0,2,0,11,11,7,10,8,0,0,5.040883082555755,2.883174137434276,5.177629278823587,0.4,0.0,0.56,1.3547424548839557,1.2056854678353242,1
user_4361,2021-02-03 16:18:00,19,17,4,2,2,0,10,11,7,18,19,2,0,1.1377963487840936,9.293380112771334,6.179365840879618,0.2,0.4,0.85,1.978243623008608,1.2976936081176575,0
user_4362,2021-04-11 07:51:00,17,11,10,2,0,1,9,18,5,15,9,6,1,9.63175142266404,6.78698362705603,3.0947103993918943,0.5555555555555556,0.18181818181818182,0.6111111111111112,0.34954298492723224,0.38895272746831555,1
user_4363,2021-01-16 15:26:00,19,25,4,0,2,1,10,19,8,9,16,5,1,2.2197256624821513,7.614064072963179,2.9311677425263967,0.2,0.0,1.25,0.8659672893857271,0.36957847845218117,0
user_4364,2021-04-28 09:18:00,18,19,11,2,1,1,7,7,6,18,6,2,0,8.159257807910077,7.8112787164167266,2.4219498740220766,0.5789473684210527,0.16666666666666666,1.0,0.24532247633477278,0.044064822204845644,0
user_4365,2021-04-02 22:50:00,21,12,9,0,0,2,5,10,12,16,19,4,0,0.9133522938854521,4.991624650488157,3.8232551082723134,0.4090909090909091,0.0,0.5454545454545454,0.134645586028054,0.4224152010759661,1
user_4366,2021-01-04 04:00:00,16,17,11,0,3,0,16,7,17,10,13,0,0,8.595864469344816,8.859423459989365,5.3235134102697055,0.6470588235294118,0.0,1.0,1.1438233205814379,1.7156756191463134,0
user_4367,2021-01-04 12:50:00,16,9,14,1,2,0,7,15,15,17,8,0,0,9.325399348279543,9.272324434203442,4.12797090822177,0.8235294117647058,0.06666666666666667,0.5294117647058824,1.3769290409811168,0.40418690755738096,0
user_4368,2021-04-23 01:09:00,19,10,8,2,2,3,6,18,13,6,7,4,0,3.2228522350223243,0.11797444564125459,4.115291414830459,0.4,0.2222222222222222,0.5,0.7293894180819487,0.05783895216380719,0
user_4369,2021-04-22 09:41:00,20,16,10,0,4,0,6,6,7,7,11,3,0,1.4815932605666282,7.838825112480185,3.5254855280326027,0.47619047619047616,0.0,0.7619047619047619,0.30240686771986947,0.8724840753580101,0
user_4370,2021-02-27 01:36:00,22,16,8,1,3,1,7,17,13,16,13,5,1,1.7375218979621299,9.583539733995865,2.4175267146333175,0.34782608695652173,0.1111111111111111,0.6956521739130435,1.097477069799327,1.019306098931138,0
user_4371,2021-03-15 14:43:00,11,19,3,1,1,0,14,17,11,18,7,0,0,4.315151962458412,6.010204196051026,4.284673936392919,0.25,0.25,1.5833333333333333,0.07682955147115389,0.6138344627230876,0
user_4372,2021-01-23 12:29:00,24,21,15,0,6,0,8,8,17,14,7,5,1,0.5069246563562657,5.435342836282361,4.561993176358005,0.6,0.0,0.84,0.9114146668720648,1.3384688042008426,0
user_4373,2021-02-25 05:55:00,18,15,8,0,1,1,16,8,6,19,6,3,0,2.1103090937972158,9.226989379026096,1.1535695748587347,0.42105263157894735,0.0,0.7894736842105263,0.5365817139553699,1.4345745291228311,1
user_4374,2021-04-17 20:40:00,17,14,11,2,2,1,15,10,18,14,19,5,1,9.084169436487787,6.028572896615277,6.246549302284763,0.6111111111111112,0.16666666666666666,0.7777777777777778,1.8308000829956093,1.9168266068330044,1
user_4375,2021-02-01 01:23:00,23,21,14,2,3,1,13,7,19,8,13,0,0,6.605110186804996,1.2449080097724652,1.8236082225367833,0.5833333333333334,0.13333333333333333,0.875,0.3975216337544365,1.7216286648204742,0
user_4376,2021-01-28 17:39:00,18,15,12,0,2,0,10,16,19,15,6,3,0,6.226740209678246,1.9318036061932675,2.5035423534976546,0.631578947368421,0.0,0.7894736842105263,0.5742884059991931,1.8222719646403707,0
user_4377,2021-02-06 02:01:00,19,16,15,0,2,1,15,9,6,10,13,5,1,5.378839133458948,4.68831646488689,1.4112755247560471,0.75,0.0,0.8,1.3778170943250576,0.8017064229931126,1
user_4378,2021-04-16 14:30:00,28,15,12,1,2,2,16,19,12,6,17,4,0,0.7934460644435504,0.1467461676635884,9.935254727021885,0.41379310344827586,0.07692307692307693,0.5172413793103449,0.9946671401666984,1.8097973503998366,0
user_4379,2021-02-10 12:50:00,24,7,10,1,1,0,19,15,17,14,16,2,0,6.181307144669384,9.193800363810054,9.929226226060518,0.4,0.09090909090909091,0.28,0.7391164806643744,0.6113485565327774,0
user_4380,2021-02-07 21:24:00,22,6,13,0,2,0,12,18,11,13,17,6,1,8.752293291516692,7.207855086907966,2.507390134445275,0.5652173913043478,0.0,0.2608695652173913,1.4688095747260124,0.6062106914484409,0
user_4381,2021-02-07 17:30:00,28,10,7,0,3,0,9,9,18,11,19,6,1,6.057121556624866,9.501794919989932,2.9938493563173485,0.2413793103448276,0.0,0.3448275862068966,0.9918687059274329,1.6217191249575853,0
user_4382,2021-03-02 09:27:00,21,6,9,2,1,0,13,10,10,8,11,1,0,9.26359761272699,4.0250832873049625,3.1250373984901363,0.4090909090909091,0.2,0.2727272727272727,1.3685812033096305,1.5559925538551223,0
user_4383,2021-01-26 22:45:00,23,21,9,0,2,2,13,7,14,11,18,1,0,4.477263828003931,7.551697345620133,3.023293775905179,0.375,0.0,0.875,0.41969897088692876,0.9309100177535332,0
user_4384,2021-02-04 18:58:00,16,18,13,0,0,2,19,14,13,6,19,3,0,8.882123530308553,2.567886924918864,7.1573537172598405,0.7647058823529411,0.0,1.0588235294117647,1.8291305799333637,1.2516599146431613,0
user_4385,2021-01-13 21:47:00,12,16,12,2,1,2,19,5,17,19,18,2,0,9.180474001495227,5.003858098638252,6.973073805682056,0.9230769230769231,0.15384615384615385,1.2307692307692308,0.756249867392649,0.49371501561720477,0
user_4386,2021-02-20 14:16:00,33,13,2,2,3,0,6,16,5,11,11,5,1,3.1971112165635986,4.2829140407250375,7.207419447558232,0.058823529411764705,0.6666666666666666,0.38235294117647056,1.2366669234846275,0.5075931869588859,1
user_4387,2021-02-09 23:56:00,21,15,11,0,4,0,15,7,13,14,17,1,0,6.083975242357398,8.1971254010886,2.549112669580498,0.5,0.0,0.6818181818181818,1.566024940470158,0.7133348518869989,0
user_4388,2021-01-07 22:27:00,27,19,8,0,1,1,8,13,5,8,8,3,0,5.869230976835549,5.698318343468953,5.5376033128759214,0.2857142857142857,0.0,0.6785714285714286,1.139342752461699,0.5791452182161492,0
user_4389,2021-01-31 10:16:00,30,11,4,2,4,0,17,18,10,12,12,6,1,2.0134816758852625,8.092149185858048,1.2952870577832938,0.12903225806451613,0.4,0.3548387096774194,1.2597641106685837,0.38337328580768415,0
user_4390,2021-01-01 01:52:00,18,14,11,0,3,0,7,7,15,9,8,4,0,1.8721259023428105,6.550535260482556,5.573144736203698,0.5789473684210527,0.0,0.7368421052631579,0.7907449263620345,1.775570235037033,0
user_4391,2021-01-09 02:54:00,19,18,6,1,4,2,12,16,15,13,9,5,1,5.362423966594365,1.0845687949986638,5.8588778610291055,0.3,0.14285714285714285,0.9,1.6697381839368326,0.2595952544443556,0
user_4392,2021-01-11 01:28:00,22,11,13,0,2,1,17,13,12,15,16,0,0,5.189531149843423,0.7256149911913379,6.791691780767142,0.5652173913043478,0.0,0.4782608695652174,0.03212402338179188,1.073653415971433,0
user_4393,2021-04-17 15:04:00,19,13,8,2,2,0,19,15,6,18,11,5,1,5.0035612597559815,5.704062102464523,1.5830630592122883,0.4,0.2222222222222222,0.65,0.5422011709651002,1.0026062088102614,0
user_4394,2021-01-12 00:04:00,29,19,6,0,4,1,15,16,11,13,5,1,0,9.71920962826607,7.380556059579466,1.8827648563950719,0.2,0.0,0.6333333333333333,0.9028587356752638,0.4927058303891694,0
user_4395,2021-01-21 23:11:00,21,18,5,2,6,0,12,10,16,13,13,3,0,2.7961464851816284,3.3813202536269724,7.33081813116934,0.22727272727272727,0.3333333333333333,0.8181818181818182,0.658818604703131,0.6827129214347272,0
user_4396,2021-01-28 19:45:00,16,16,6,0,1,0,18,9,10,19,15,3,0,7.837041939734354,4.7374671454756365,6.768259316393698,0.35294117647058826,0.0,0.9411764705882353,0.9307597896980913,0.820877668861949,0
user_4397,2021-01-24 12:17:00,22,11,12,0,2,1,14,14,17,12,13,6,1,8.733490044639387,2.185741099743934,7.1424556417132905,0.5217391304347826,0.0,0.4782608695652174,0.20098639067144886,1.7495886717676852,0
user_4398,2021-03-29 19:24:00,24,16,12,2,0,2,6,13,18,15,13,0,0,2.2807372677792515,9.819879111524482,3.9527816288820192,0.48,0.15384615384615385,0.64,1.6853845097988207,1.266291408816405,0
user_4399,2021-01-24 08:57:00,25,19,10,1,4,1,12,7,18,19,10,6,1,6.218592352232396,8.73391074499092,9.078467730544324,0.38461538461538464,0.09090909090909091,0.7307692307692307,0.848715430273441,0.4571510758884607,1
user_4400,2021-04-14 09:06:00,18,20,14,2,0,1,5,18,11,8,18,2,0,2.6401964344743467,3.997678038524979,5.023075462424835,0.7368421052631579,0.13333333333333333,1.0526315789473684,0.37117018101500965,0.4839747370835863,0
user_4401,2021-02-15 04:03:00,27,10,8,0,2,0,16,16,13,19,18,0,0,6.511404382200521,9.30165090620376,1.6181987447911383,0.2857142857142857,0.0,0.35714285714285715,0.48086093629694315,1.804208886052674,0
user_4402,2021-04-09 15:50:00,16,21,13,0,1,3,15,11,13,6,5,4,0,0.36298663395689545,6.176386450439523,7.610386784049408,0.7647058823529411,0.0,1.2352941176470589,0.7823604647507822,1.6724564592113382,0
user_4403,2021-03-12 19:04:00,20,13,11,0,0,2,10,15,16,7,19,4,0,6.405107590315079,7.189476139465036,4.264327995609998,0.5238095238095238,0.0,0.6190476190476191,0.25574010631464295,0.9031995208505617,0
user_4404,2021-02-11 14:21:00,19,10,8,2,3,1,16,10,7,8,18,3,0,4.957198296116026,6.768923025437034,3.4231570926375974,0.4,0.2222222222222222,0.5,1.247084781487812,1.5194707980290392,0
user_4405,2021-01-27 23:43:00,20,19,6,1,2,1,7,12,19,12,13,2,0,5.9134180609841005,9.408096287298557,8.396816932831651,0.2857142857142857,0.14285714285714285,0.9047619047619048,0.7137247918611305,1.9331898722577738,0
user_4406,2021-01-19 01:29:00,16,19,9,1,0,2,8,9,9,9,9,1,0,5.528384520158655,9.63843517563391,3.8755899285632522,0.5294117647058824,0.1,1.1176470588235294,0.5893240055776499,0.6013814976950005,0
user_4407,2021-02-23 10:04:00,17,13,7,0,2,1,9,13,13,19,9,1,0,5.206616072848554,7.723016830563209,8.470507989198161,0.3888888888888889,0.0,0.7222222222222222,1.1568625299835642,0.19618373033763747,0
user_4408,2021-03-14 04:51:00,21,16,10,1,6,1,16,10,9,11,8,6,1,3.4140462597425056,0.00474717969170757,9.372797629757196,0.45454545454545453,0.09090909090909091,0.7272727272727273,0.28287546010920406,1.7947090307245002,0
user_4409,2021-04-04 11:56:00,23,15,20,0,1,3,7,15,7,7,15,6,1,3.624230535745896,5.208783129405207,9.809783676450133,0.8333333333333334,0.0,0.625,1.1381455605960544,0.4348403073129292,0
user_4410,2021-03-28 20:13:00,21,16,10,1,5,2,19,10,5,8,9,6,1,9.549419592313798,9.780774204439915,7.906345111899923,0.45454545454545453,0.09090909090909091,0.7272727272727273,0.46616499115085186,1.4718701545236041,0
user_4411,2021-03-08 03:45:00,20,14,13,0,1,2,14,19,7,15,6,0,0,2.6526191830868404,7.596485768720116,9.406082878090237,0.6190476190476191,0.0,0.6666666666666666,0.7913001445534864,1.2991705526259845,0
user_4412,2021-04-02 09:01:00,26,13,10,2,2,3,19,7,16,8,13,4,0,6.5403215245858135,8.538397302955829,8.771959585070633,0.37037037037037035,0.18181818181818182,0.48148148148148145,1.2410963598726379,0.45865251490827075,0
user_4413,2021-03-27 00:47:00,22,14,12,0,2,1,7,16,10,19,7,5,1,3.1586283151999686,7.0274671752285816,4.195064368574942,0.5217391304347826,0.0,0.6086956521739131,1.4431577666356845,0.7733823913629467,1
user_4414,2021-03-23 06:19:00,18,23,10,1,2,1,5,9,9,12,15,1,0,5.102123628904703,3.7131474852155053,8.149078408639303,0.5263157894736842,0.09090909090909091,1.2105263157894737,1.7059164983008914,1.1447588949800809,0
user_4415,2021-03-29 16:00:00,21,20,10,0,2,3,18,18,7,11,14,0,0,8.3564389369562,1.7632606841686504,9.636559549899527,0.45454545454545453,0.0,0.9090909090909091,1.6296562826010428,1.808991608467337,0
user_4416,2021-04-08 08:39:00,21,16,6,0,2,4,18,8,11,10,18,3,0,7.8933257821844185,1.0123444452792418,1.1953344096435021,0.2727272727272727,0.0,0.7272727272727273,1.785078726105854,1.5859792997856348,0
user_4417,2021-01-05 11:33:00,20,9,7,1,2,0,17,18,11,7,17,1,0,3.289825374715065,3.027423782026336,6.241665691122438,0.3333333333333333,0.125,0.42857142857142855,1.589802073496665,0.7018118706144238,1
user_4418,2021-03-15 05:42:00,15,17,9,3,3,0,7,14,17,10,19,0,0,2.0876873132726184,4.1619956671599905,3.7429924160484145,0.5625,0.3,1.0625,0.461018029347273,0.16879195804560054,0
user_4419,2021-04-25 21:36:00,24,16,10,2,3,1,17,15,7,14,8,6,1,2.5212852404600405,8.565174766078755,7.615506746881644,0.4,0.18181818181818182,0.64,0.9322187761683951,1.6179027632595107,0
user_4420,2021-04-18 21:34:00,18,13,10,0,1,0,19,12,19,11,19,6,1,1.3234278115183729,4.776415377744438,3.0686855158541864,0.5263157894736842,0.0,0.6842105263157895,0.8543942966179299,0.575863588216764,0
user_4421,2021-02-18 14:01:00,20,12,10,0,3,0,6,17,10,18,17,3,0,4.460315592116167,1.824827747341491,7.733022393659895,0.47619047619047616,0.0,0.5714285714285714,0.10520685990486478,1.1872127607002536,0
user_4422,2021-04-15 11:17:00,18,14,16,1,1,4,10,8,19,11,5,3,0,1.5970828873899068,2.675942451203641,1.500037832058453,0.8421052631578947,0.058823529411764705,0.7368421052631579,0.462113525899287,0.4871504521584584,0
user_4423,2021-04-04 14:22:00,30,21,10,1,1,2,16,8,9,18,6,6,1,0.04600519731660868,8.590120532838117,1.3800927823369298,0.3225806451612903,0.09090909090909091,0.6774193548387096,1.5845216316429362,0.12506568722593148,0
user_4424,2021-03-31 14:54:00,12,12,14,0,3,3,15,7,9,12,16,2,0,8.045491453165091,7.039931147507837,9.855622973602673,1.0769230769230769,0.0,0.9230769230769231,0.016595665673400095,0.2169573615050826,1
user_4425,2021-04-28 12:45:00,19,20,11,1,3,1,9,10,6,12,6,2,0,3.5638553282670236,0.35982836068774393,2.1009427375368266,0.55,0.08333333333333333,1.0,0.4705556592099389,1.0488750421973858,0
user_4426,2021-03-05 09:22:00,19,13,1,2,0,1,7,16,5,15,5,4,0,9.6185339598408,9.934703526439009,7.464091783597854,0.05,1.0,0.65,1.2372873468991978,0.5427801931943503,0
user_4427,2021-04-05 10:05:00,17,20,9,1,1,0,12,6,12,17,17,0,0,5.381701898586458,9.60384235460288,6.821438838671342,0.5,0.1,1.1111111111111112,0.32023862337916165,1.4108337761178449,0
user_4428,2021-04-10 11:21:00,23,17,3,2,6,0,9,19,14,12,17,5,1,3.8161389960076733,5.150395517742444,2.5638885131590903,0.125,0.5,0.7083333333333334,0.7759656012154632,0.4465962042244933,0
user_4429,2021-04-06 10:54:00,25,13,11,0,2,2,17,8,16,12,13,1,0,0.3629318747388899,9.329761690197632,9.223313431127035,0.4230769230769231,0.0,0.5,1.225167210641836,0.4244187622011355,0
user_4430,2021-03-08 18:51:00,22,21,14,1,4,3,9,7,16,12,19,0,0,8.066598223612257,6.565568115774433,7.3007868762722055,0.6086956521739131,0.06666666666666667,0.9130434782608695,1.9729388320864707,1.8184833692050244,0
user_4431,2021-01-31 14:31:00,19,16,8,1,3,1,10,5,15,9,10,6,1,7.4518906992374365,7.7520270391005495,3.433368713153708,0.4,0.1111111111111111,0.8,0.8486550332408329,1.3439622623205416,0
user_4432,2021-03-18 17:51:00,21,15,13,0,3,0,7,18,15,16,8,3,0,6.489908598546627,6.607207387754903,8.87089067026883,0.5909090909090909,0.0,0.6818181818181818,0.341103521686577,1.3657041585408487,1
user_4433,2021-02-21 02:18:00,21,12,16,1,0,0,18,9,9,14,9,6,1,8.566180842093432,4.235869747698624,5.261984856428096,0.7272727272727273,0.058823529411764705,0.5454545454545454,1.2198896971966873,1.5672433711746465,0
user_4434,2021-01-30 05:15:00,13,13,9,2,3,1,5,8,16,9,8,5,1,6.053532757446116,5.533456789538106,8.773997865110015,0.6428571428571429,0.2,0.9285714285714286,1.2685396773732012,0.6195437079661508,0
user_4435,2021-03-24 10:38:00,20,18,11,1,3,0,15,19,18,6,17,2,0,7.905441508305641,1.8586178065886572,1.0683040292307868,0.5238095238095238,0.08333333333333333,0.8571428571428571,1.3448655744625626,0.45819187619843493,0
user_4436,2021-03-27 21:54:00,17,19,13,0,2,3,15,18,9,9,15,5,1,5.710055469999595,8.800231272466307,6.659096569437784,0.7222222222222222,0.0,1.0555555555555556,1.8212767421955396,1.6529405711686007,0
user_4437,2021-02-11 14:44:00,19,12,5,2,1,0,19,5,16,10,8,3,0,1.4745784613833335,3.442196164853023,5.085802385094048,0.25,0.3333333333333333,0.6,1.125472283257121,1.5513024298416611,0
user_4438,2021-02-15 14:24:00,35,15,9,1,0,3,6,18,18,19,10,0,0,4.239461336737343,6.790375078214871,1.233805665165121,0.25,0.1,0.4166666666666667,1.2366031237721813,0.13781272985167425,0
user_4439,2021-02-04 21:57:00,17,14,8,0,1,2,17,6,17,19,11,3,0,4.8540909012955815,9.429715238517554,3.6001966783252897,0.4444444444444444,0.0,0.7777777777777778,1.1863703484337844,0.6299245559189408,0
user_4440,2021-04-02 07:38:00,25,17,8,2,1,1,8,16,17,7,5,4,0,3.29375157887269,4.0643177932840215,7.875689953364461,0.3076923076923077,0.2222222222222222,0.6538461538461539,0.03418317923842351,1.7348114457071055,0
user_4441,2021-01-21 00:03:00,27,17,10,1,1,1,6,10,16,14,14,3,0,6.863972407187933,1.648317653130632,8.040895852521846,0.35714285714285715,0.09090909090909091,0.6071428571428571,1.6623130080275743,0.7866899152826814,0
user_4442,2021-02-22 14:57:00,22,12,15,0,2,1,7,12,12,18,7,0,0,0.8100593685729707,8.276654176389421,6.307655424425415,0.6521739130434783,0.0,0.5217391304347826,0.929129918913701,1.6911507074644139,0
user_4443,2021-01-20 18:51:00,22,15,11,1,5,1,10,9,5,17,6,2,0,9.469205317623226,5.673621731451178,4.213552608235727,0.4782608695652174,0.08333333333333333,0.6521739130434783,1.9138415226100118,1.6031918197216042,0
user_4444,2021-04-22 10:10:00,12,18,13,1,0,2,16,9,14,5,8,3,0,8.298482753448347,4.699054557673512,4.4572400503183305,1.0,0.07142857142857142,1.3846153846153846,1.5068394255137196,0.31546204596440197,0
user_4445,2021-01-28 22:57:00,13,17,16,2,1,3,10,15,19,19,8,3,0,7.285087601538552,7.318361856854826,8.181631961041523,1.1428571428571428,0.11764705882352941,1.2142857142857142,1.1539978720014872,0.6002016684526523,0
user_4446,2021-03-08 18:38:00,29,14,9,3,4,3,7,7,15,11,7,0,0,8.018510684397524,7.810166233474941,2.2469383348694203,0.3,0.3,0.4666666666666667,1.5250274022223518,1.088718462943854,0
user_4447,2021-02-24 05:38:00,21,12,11,0,3,0,10,11,8,18,7,2,0,1.421801456935261,9.191029478834613,8.140032429858909,0.5,0.0,0.5454545454545454,1.9198370250601648,0.7789448228945648,0
user_4448,2021-03-13 21:13:00,22,12,11,0,5,0,13,16,15,16,17,5,1,9.358325449187326,6.244760592912783,1.510826850784412,0.4782608695652174,0.0,0.5217391304347826,0.9128335239272238,0.6159646817288977,0
user_4449,2021-02-26 23:56:00,23,12,10,0,4,2,14,5,10,7,19,4,0,5.592574803326086,6.017924282464779,3.3450668750982997,0.4166666666666667,0.0,0.5,1.7879550482763822,0.01894834703639514,0
user_4450,2021-04-01 16:58:00,21,10,12,1,1,1,8,6,13,7,10,3,0,3.9083218266936717,6.096532966870983,8.310155240195916,0.5454545454545454,0.07692307692307693,0.45454545454545453,0.7257150525778409,1.5077634071649975,1
user_4451,2021-04-26 14:59:00,25,16,9,2,4,0,13,14,5,8,8,0,0,5.282177960450834,4.41152470257339,2.3062165667993653,0.34615384615384615,0.2,0.6153846153846154,1.0315893758834318,0.056098166672065686,0
user_4452,2021-01-30 11:44:00,15,15,8,2,4,0,9,12,10,16,9,5,1,1.4731785393467878,6.731203606728473,6.9759415519985035,0.5,0.2222222222222222,0.9375,0.4064318873409323,0.3039810392697073,0
user_4453,2021-03-11 07:52:00,14,14,6,0,1,1,12,15,5,6,12,3,0,0.7377243618681095,9.155912906385495,2.2230557633481287,0.4,0.0,0.9333333333333333,0.12141256337747941,1.3783443381915106,0
user_4454,2021-04-29 20:01:00,19,23,15,2,2,4,17,11,18,17,11,3,0,9.330304608612119,5.558683526235573,8.852911949654676,0.75,0.125,1.15,1.7253116418845615,0.7049827496133012,0
user_4455,2021-01-02 23:33:00,17,9,7,1,0,0,17,18,12,15,9,5,1,0.7893780954342489,7.596953062497826,1.3765704670399377,0.3888888888888889,0.125,0.5,1.3695433321254884,1.1611358519604333,0
user_4456,2021-04-16 01:37:00,30,10,10,0,2,0,12,18,13,5,11,4,0,4.649602773480552,5.050512597426876,3.6957408808908956,0.3225806451612903,0.0,0.3225806451612903,0.40728664056759945,0.26074762852659017,0
user_4457,2021-01-22 17:35:00,19,28,8,0,0,0,16,14,16,17,13,4,0,5.299060427175833,0.5021045861507201,7.748771277072497,0.4,0.0,1.4,1.0796446362649665,0.25800308872753175,0
user_4458,2021-02-20 13:17:00,27,20,11,0,2,2,15,16,19,15,12,5,1,3.703299995445597,5.256019028675483,7.231383751736863,0.39285714285714285,0.0,0.7142857142857143,0.9269564020260712,0.9875931660938091,1
user_4459,2021-03-15 01:09:00,18,11,12,0,2,3,10,8,11,7,18,0,0,2.1355647226386965,8.121713242681247,3.7523256167614893,0.631578947368421,0.0,0.5789473684210527,0.8659437747583736,0.42274979222253495,0
user_4460,2021-01-19 03:08:00,11,13,9,3,2,0,15,18,12,14,17,1,0,4.334895976315583,9.4625794997183,7.472739589393618,0.75,0.3,1.0833333333333333,1.1043434335083024,1.454030558304156,0
user_4461,2021-04-16 02:37:00,15,10,14,0,1,2,14,11,6,19,5,4,0,1.7395052888141405,4.58538830597901,3.5707223081512867,0.875,0.0,0.625,1.0138424875105019,1.313808674611606,0
user_4462,2021-03-07 22:24:00,19,18,7,2,1,0,16,15,6,13,7,6,1,2.5730019757431277,3.570771539738,8.701312779441455,0.35,0.25,0.9,1.2763346745021875,1.9291698231387204,0
user_4463,2021-04-12 12:53:00,19,13,3,2,2,0,9,19,19,10,15,0,0,1.009729374194125,7.417014498852224,9.487576318621764,0.15,0.5,0.65,0.5387793003275316,1.338240454510678,0
user_4464,2021-01-12 04:11:00,14,9,7,2,1,1,6,13,17,10,6,1,0,2.8812476197276657,7.108684215061842,2.6918487559013045,0.4666666666666667,0.25,0.6,1.0224457529793247,1.700985827546426,0
user_4465,2021-02-06 01:45:00,21,12,9,1,3,0,19,5,16,13,19,5,1,5.8081854090087575,2.729604057264546,4.01984586027639,0.4090909090909091,0.1,0.5454545454545454,1.4921830017786801,0.2723417752124264,0
user_4466,2021-04-05 09:03:00,19,8,10,1,2,1,16,13,14,9,15,0,0,3.3529405410880697,3.339160856755102,4.1505629018959755,0.5,0.09090909090909091,0.4,0.6198225390079746,1.585862019346049,0
user_4467,2021-02-16 02:58:00,22,9,8,1,2,0,12,10,8,10,15,1,0,9.975586781395005,3.102878329481802,7.072816675077972,0.34782608695652173,0.1111111111111111,0.391304347826087,1.146324404850209,1.8202442930375597,0
user_4468,2021-03-10 13:34:00,20,12,14,1,0,2,5,18,15,16,9,2,0,2.232077254156729,3.311486760657533,4.616003481745947,0.6666666666666666,0.06666666666666667,0.5714285714285714,0.9862781639851925,0.41572944456328353,0
user_4469,2021-02-01 18:41:00,14,14,8,0,2,0,16,14,10,16,12,0,0,8.204024047971833,2.766727498016891,7.135306586856623,0.5333333333333333,0.0,0.9333333333333333,0.30287500865782047,0.6861806433882147,0
user_4470,2021-04-04 22:53:00,17,14,15,1,1,2,10,5,19,9,6,6,1,5.607570801502275,9.047060791189276,8.635294297303682,0.8333333333333334,0.0625,0.7777777777777778,1.1422445786605893,1.105531721707523,0
user_4471,2021-01-21 23:31:00,19,22,9,3,0,0,9,16,5,18,19,3,0,5.3596153543110265,6.16040410175296,9.579225408871672,0.45,0.3,1.1,0.5457810667286378,1.126290908462926,0
user_4472,2021-01-14 01:03:00,27,11,7,1,7,1,5,10,7,15,5,3,0,9.004610371105308,7.635961355394475,7.529142423004924,0.25,0.125,0.39285714285714285,0.34490469620789477,0.024606945432239957,0
user_4473,2021-01-04 18:48:00,20,17,9,2,2,0,18,18,10,6,6,0,0,9.72905274105336,5.032900272743629,9.11510748320632,0.42857142857142855,0.2,0.8095238095238095,0.6928445495242928,0.2235369000128391,0
user_4474,2021-03-26 00:11:00,28,18,10,0,3,0,19,10,6,10,19,4,0,6.5695602363524275,0.1587203128825676,3.3833534468463666,0.3448275862068966,0.0,0.6206896551724138,1.671171368838766,0.07052309850832739,0
user_4475,2021-04-22 20:15:00,17,15,14,0,1,2,12,17,9,18,8,3,0,6.427501275051189,3.6991075468963333,9.970748076157198,0.7777777777777778,0.0,0.8333333333333334,1.6845787341142047,1.2150630631010115,1
user_4476,2021-03-17 21:02:00,18,15,9,0,1,1,6,6,14,7,18,2,0,9.738103304967634,1.9774208143248329,9.863667191365607,0.47368421052631576,0.0,0.7894736842105263,0.2126045655610076,1.1971822958650105,0
user_4477,2021-03-04 07:44:00,17,10,14,2,0,1,15,11,15,8,18,3,0,4.592375802187366,2.2746501762358817,5.239388786083682,0.7777777777777778,0.13333333333333333,0.5555555555555556,0.4152519239825738,0.48178570837689705,1
user_4478,2021-04-09 16:29:00,21,12,9,2,4,0,18,10,6,14,6,4,0,0.6243172232516947,9.600665805693021,2.0409975309802064,0.4090909090909091,0.2,0.5454545454545454,1.2617196380371567,0.4926774002279315,0
user_4479,2021-02-05 16:56:00,19,13,10,2,3,0,5,16,12,5,19,4,0,8.08193938674089,8.599360476312452,6.006363153086115,0.5,0.18181818181818182,0.65,0.4485769834505098,0.918457480723067,0
user_4480,2021-02-27 12:26:00,20,17,9,1,2,0,8,9,14,14,17,5,1,3.654889363742445,4.628707018841435,3.0204631501372132,0.42857142857142855,0.1,0.8095238095238095,1.8829534396659384,0.18254057615995034,0
user_4481,2021-03-13 14:00:00,14,10,12,1,0,1,10,14,5,14,9,5,1,0.7941303686399137,6.115563425504828,6.5003126255929145,0.8,0.07692307692307693,0.6666666666666666,0.00598327530859688,0.8458581106222771,0
user_4482,2021-02-22 06:11:00,23,17,12,0,2,3,16,14,9,8,17,0,0,1.8196344168469025,3.30106869178439,9.987341576937931,0.5,0.0,0.7083333333333334,1.79977307399792,0.6302857556420025,1
user_4483,2021-04-02 03:12:00,16,19,6,1,1,0,18,13,19,10,8,4,0,3.305331772276742,6.176659773810215,3.4030904281258145,0.35294117647058826,0.14285714285714285,1.1176470588235294,0.49661917242688824,0.18435696244447208,0
user_4484,2021-03-02 04:27:00,10,14,10,1,3,3,15,13,13,6,5,1,0,1.03508405858726,5.186999182505929,4.624653791127715,0.9090909090909091,0.09090909090909091,1.2727272727272727,1.9127622379890246,0.47313995600725556,0
user_4485,2021-03-22 21:10:00,23,14,6,0,2,0,9,6,13,6,8,0,0,7.713540055208171,9.592037399004031,4.353977372781943,0.25,0.0,0.5833333333333334,1.1502092351540114,0.6462912761437369,0
user_4486,2021-04-13 02:21:00,17,19,8,1,3,2,19,17,5,11,19,1,0,8.82173463217311,9.625549955941008,9.562212699872573,0.4444444444444444,0.1111111111111111,1.0555555555555556,1.9335482644778959,1.9954532906366673,0
user_4487,2021-01-03 13:14:00,33,15,9,1,2,1,15,15,5,16,18,6,1,3.469881263751391,1.1619902053286402,4.3893645675377275,0.2647058823529412,0.1,0.4411764705882353,0.8509357307928365,1.9196894351779357,0
user_4488,2021-04-11 04:21:00,24,16,11,1,4,2,12,7,10,12,7,6,1,6.55763143256168,3.2956516615551323,2.1439425091842845,0.44,0.08333333333333333,0.64,1.5655143149500412,0.39023385871409877,0
user_4489,2021-02-06 08:05:00,27,17,13,2,5,3,16,10,15,17,17,5,1,4.863917115771824,8.19673483950196,6.6329880546654785,0.4642857142857143,0.14285714285714285,0.6071428571428571,1.5936650537431574,0.3194747106401499,0
user_4490,2021-04-14 10:21:00,22,14,4,1,4,1,17,16,13,13,8,2,0,2.426343637805547,3.5952927248898883,1.549729077991083,0.17391304347826086,0.2,0.6086956521739131,1.1803321618642606,1.9312851394223205,0
user_4491,2021-02-24 11:11:00,20,18,14,0,3,1,6,17,17,7,12,2,0,6.279077318272988,2.5798936592848065,2.2144954838937867,0.6666666666666666,0.0,0.8571428571428571,1.6960360972510762,1.413006431988432,0
user_4492,2021-02-22 14:22:00,19,7,7,1,3,0,11,10,18,10,19,0,0,2.5591985883241564,6.584585769425773,1.965773662212682,0.35,0.125,0.35,1.3938778498698214,1.2345690025060292,0
user_4493,2021-03-28 11:32:00,18,15,13,0,2,0,16,13,14,12,10,6,1,9.11232460926127,9.605320798991148,5.6985111353126925,0.6842105263157895,0.0,0.7894736842105263,1.0485436625338107,0.8360091237398912,0
user_4494,2021-04-21 01:21:00,14,17,13,1,1,1,18,16,10,18,12,2,0,1.8508354073391675,4.238090943382198,6.694335678835734,0.8666666666666667,0.07142857142857142,1.1333333333333333,0.33898036989232483,0.6259236807218851,0
user_4495,2021-02-11 21:44:00,21,15,7,0,2,0,12,19,10,19,12,3,0,1.1368349132138145,0.9086622448279569,2.51318543040467,0.3181818181818182,0.0,0.6818181818181818,1.118785142952563,1.126540919210102,0
user_4496,2021-03-25 02:06:00,9,8,2,0,0,0,17,14,17,13,5,3,0,2.1958773711536095,0.34601677001590003,8.428450292521362,0.2,0.0,0.8,0.10600571691996241,1.3385096961726033,0
user_4497,2021-01-24 09:55:00,26,23,16,1,2,0,17,5,9,17,14,6,1,0.07037984524687624,8.397915880349357,5.116560316031704,0.5925925925925926,0.058823529411764705,0.8518518518518519,0.422566997635617,1.4523982609246273,0
user_4498,2021-03-16 03:43:00,15,15,14,1,2,3,17,12,13,16,12,1,0,3.0455118954265226,4.336406024150371,5.847473381028514,0.875,0.06666666666666667,0.9375,1.2072411784139725,1.0333776624764455,0
user_4499,2021-03-31 10:31:00,25,21,5,0,1,0,8,19,17,5,12,2,0,5.747114784374343,8.636340698932672,7.212405972454409,0.19230769230769232,0.0,0.8076923076923077,1.8492267181147086,0.48014860045088104,0
user_4500,2021-02-15 15:07:00,19,14,13,2,3,2,6,7,8,9,14,0,0,0.5286752642412507,7.01452754818073,4.963089754411334,0.65,0.14285714285714285,0.7,0.96137402338815,0.19760453266891198,1
user_4501,2021-02-25 13:26:00,20,18,8,2,2,2,12,6,6,9,8,3,0,1.8183115313132858,6.641326681210343,1.6096709023967297,0.38095238095238093,0.2222222222222222,0.8571428571428571,1.4446770733930716,0.9421038807414763,0
user_4502,2021-02-08 09:12:00,22,19,13,2,2,3,12,9,15,16,18,0,0,8.178201769129267,1.3106822318580191,3.6861749534189405,0.5652173913043478,0.14285714285714285,0.8260869565217391,0.40818245938426334,0.3570801020256451,0
user_4503,2021-04-16 17:18:00,25,15,12,2,3,1,6,12,10,9,15,4,0,1.0990108230362738,8.848110232610244,2.472802173111389,0.46153846153846156,0.15384615384615385,0.5769230769230769,0.6207333522102403,1.9469405975804899,0
user_4504,2021-04-01 10:54:00,21,24,11,1,4,2,6,5,5,7,18,3,0,5.201572536382915,1.0366184864389494,3.7191467333825963,0.5,0.08333333333333333,1.0909090909090908,0.8136944136549684,1.1280899127386017,0
user_4505,2021-04-21 13:57:00,18,11,10,0,1,1,6,18,15,16,18,2,0,5.70884856505444,5.17311151670223,1.220368851785885,0.5263157894736842,0.0,0.5789473684210527,1.0312864040331555,1.8846430993287435,0
user_4506,2021-01-26 12:02:00,22,13,11,0,5,1,5,11,13,13,14,1,0,5.267363955377333,9.296095940224369,9.444344988983383,0.4782608695652174,0.0,0.5652173913043478,1.110243363268012,0.8402866953575523,0
user_4507,2021-04-22 19:00:00,26,19,10,1,2,1,6,7,16,6,16,3,0,0.2379129047300932,8.417169476771756,5.095723155037005,0.37037037037037035,0.09090909090909091,0.7037037037037037,1.542019874706261,1.3752944976258632,0
user_4508,2021-04-24 09:36:00,21,16,6,2,0,0,10,5,19,15,9,5,1,8.081141538040054,7.35429897780361,3.7040155878082865,0.2727272727272727,0.2857142857142857,0.7272727272727273,1.5393783530931489,0.6205502022094169,0
user_4509,2021-04-20 09:56:00,20,9,4,1,2,0,11,5,11,17,18,1,0,1.547513120106414,7.740730518766856,3.5396262587307774,0.19047619047619047,0.2,0.42857142857142855,0.44811793048083337,0.6402500151462573,0
user_4510,2021-01-30 18:39:00,15,10,11,2,3,0,12,8,17,5,6,5,1,8.029237303134028,9.028175974033232,3.935410705455478,0.6875,0.16666666666666666,0.625,1.8807713216909943,1.667544440015328,0
user_4511,2021-02-07 11:52:00,22,14,10,1,3,3,6,7,14,10,10,6,1,1.9224789660722663,7.149636248799476,3.2664041196807103,0.43478260869565216,0.09090909090909091,0.6086956521739131,1.2151510317595298,0.9538874892003271,0
user_4512,2021-01-16 02:45:00,24,19,12,2,2,0,10,7,10,12,12,5,1,9.553580505362921,6.78829308332994,8.875303125947676,0.48,0.15384615384615385,0.76,1.1328472450480154,1.4313812121811147,0
user_4513,2021-01-02 19:02:00,17,15,7,1,2,1,6,9,19,18,6,5,1,4.4949456044597715,7.6955477949159405,5.908637411002953,0.3888888888888889,0.125,0.8333333333333334,0.6989522471811003,0.175515846139765,0
user_4514,2021-02-16 03:36:00,26,17,6,1,2,1,5,14,6,15,17,1,0,6.643238523690239,3.1377216413266265,8.40078177996947,0.2222222222222222,0.14285714285714285,0.6296296296296297,0.986367095123857,0.3225720445417368,0
user_4515,2021-02-07 20:17:00,20,8,15,2,4,2,8,7,14,8,9,6,1,1.8274014650822479,7.582175238947194,3.509783375110647,0.7142857142857143,0.125,0.38095238095238093,0.6454936671823912,1.7735751140561438,0
user_4516,2021-01-12 19:23:00,20,13,10,0,0,2,11,6,14,9,13,1,0,2.2408437332448985,0.8366269937126869,9.258138329125977,0.47619047619047616,0.0,0.6190476190476191,0.8441403182874656,0.7502540725417077,0
user_4517,2021-03-21 15:31:00,17,18,8,2,3,1,18,19,12,17,8,6,1,2.643532957666009,4.65834382116325,4.8146759677327715,0.4444444444444444,0.2222222222222222,1.0,0.7278072372889033,1.2219222412187956,0
user_4518,2021-03-08 19:25:00,16,22,13,1,0,2,8,11,17,10,6,0,0,7.35422083625739,6.8944438875040515,5.189359002013125,0.7647058823529411,0.07142857142857142,1.2941176470588236,1.8631184401788226,1.0070091466604367,0
user_4519,2021-04-20 19:45:00,13,9,6,0,1,2,14,18,19,11,14,1,0,5.55423641120411,1.6295726346347672,9.502306507020911,0.42857142857142855,0.0,0.6428571428571429,1.0763358266498841,1.5252953845480481,1
user_4520,2021-03-06 05:47:00,24,17,12,1,2,2,19,11,14,6,18,5,1,2.8053858730783032,0.8741250162801439,5.178351056705712,0.48,0.07692307692307693,0.68,1.4091559633209119,0.09391110575948147,1
user_4521,2021-03-20 10:22:00,16,17,2,0,1,0,15,10,18,7,15,5,1,8.337587659541759,3.6503305461652893,5.554334087401589,0.11764705882352941,0.0,1.0,0.7782580816811897,1.0073419752106232,0
user_4522,2021-02-16 07:50:00,26,10,9,1,6,2,6,15,15,17,13,1,0,1.326401543468989,2.396673704169708,6.972387983413844,0.3333333333333333,0.1,0.37037037037037035,0.5312193771041773,1.9835403481208107,0
user_4523,2021-01-03 11:48:00,20,16,10,2,5,0,18,13,8,8,7,6,1,1.7728647546151488,7.0309813796617995,4.648712972379909,0.47619047619047616,0.18181818181818182,0.7619047619047619,1.8917725711768247,1.152165505981062,0
user_4524,2021-04-26 19:54:00,24,12,11,1,3,0,11,8,6,18,10,0,0,9.128363190136476,2.4019052085978276,4.8894339500969295,0.44,0.08333333333333333,0.48,0.9087090761662395,0.12336196170196256,0
user_4525,2021-04-21 00:22:00,22,20,5,0,1,3,12,18,16,14,17,2,0,9.173102258792587,8.15611712023463,3.330065085356199,0.21739130434782608,0.0,0.8695652173913043,1.7280021521680669,0.7444812937330367,0
user_4526,2021-03-13 07:35:00,17,20,8,0,2,3,19,8,10,12,13,5,1,8.590762188985972,9.534493447210732,3.31566428130467,0.4444444444444444,0.0,1.1111111111111112,1.534918639495464,0.5999125574833992,1
user_4527,2021-03-10 01:48:00,20,22,11,0,1,1,12,16,13,9,12,2,0,6.20580049065194,7.953373019369016,8.278671516855656,0.5238095238095238,0.0,1.0476190476190477,0.48984050541350377,0.21458794753682997,0
user_4528,2021-03-12 12:32:00,18,15,16,2,1,2,14,6,14,17,5,4,0,2.67141088131299,1.9022908356857227,1.2849164077541892,0.8421052631578947,0.11764705882352941,0.7894736842105263,1.1248094225416339,0.8044266081724503,0
user_4529,2021-01-22 09:43:00,23,22,10,2,4,1,18,8,18,14,13,4,0,4.9347978395226155,4.364183243433173,7.285710871498824,0.4166666666666667,0.18181818181818182,0.9166666666666666,1.0959263677391822,0.117298483816894,0
user_4530,2021-04-27 19:51:00,20,8,11,1,1,1,16,6,6,12,15,1,0,8.671904573721571,6.897652520665226,7.231336930458363,0.5238095238095238,0.08333333333333333,0.38095238095238093,1.4379450133580192,0.5207997374952194,0
user_4531,2021-01-29 09:42:00,11,19,9,1,1,0,9,17,16,16,18,4,0,1.3303961922009389,7.784744394465015,2.985340649779209,0.75,0.1,1.5833333333333333,1.6012536889497058,1.459684260418496,1
user_4532,2021-03-02 07:54:00,18,17,8,2,2,0,15,14,13,13,11,1,0,5.508556358093423,5.161731855873269,4.924774424918086,0.42105263157894735,0.2222222222222222,0.8947368421052632,1.5040852206457898,0.679259063559847,0
user_4533,2021-03-26 07:08:00,21,10,9,0,1,2,6,17,9,6,17,4,0,6.365899067377244,6.917241808237772,6.266928689310986,0.4090909090909091,0.0,0.45454545454545453,1.8331052590661596,1.1667069275205086,1
user_4534,2021-04-21 10:46:00,20,12,16,1,2,2,11,14,19,16,10,2,0,3.7929841951176146,4.494706725680956,2.019348615427597,0.7619047619047619,0.058823529411764705,0.5714285714285714,0.899379647387408,1.0383853010145971,0
user_4535,2021-02-16 23:20:00,26,18,13,1,0,2,17,5,18,18,5,1,0,1.6424088507384105,9.68681233552246,7.668088309062187,0.48148148148148145,0.07142857142857142,0.6666666666666666,1.6257916947242013,0.9807126949842981,0
user_4536,2021-04-28 02:53:00,18,11,5,1,0,0,5,18,8,15,9,2,0,7.2252656058885005,1.4391786237476345,2.9105946789247903,0.2631578947368421,0.16666666666666666,0.5789473684210527,1.201837912883858,0.5735971102402206,0
user_4537,2021-03-17 17:19:00,13,24,8,1,2,0,7,16,12,13,8,2,0,2.461654996741153,9.042681967980892,7.080292908034053,0.5714285714285714,0.1111111111111111,1.7142857142857142,0.5031840901075229,1.1515156959373711,0
user_4538,2021-03-27 04:36:00,24,17,5,2,1,0,14,16,5,16,5,5,1,0.11675443113445261,3.357454198211091,2.0450786076694842,0.2,0.3333333333333333,0.68,1.5084637571575752,1.4221144456165207,0
user_4539,2021-03-18 03:42:00,21,11,12,1,1,1,14,11,10,13,15,3,0,1.3001221943153207,1.3393393270495435,1.5003398182859786,0.5454545454545454,0.07692307692307693,0.5,0.6455431467261556,1.9161960435508323,0
user_4540,2021-01-08 12:45:00,17,13,13,0,0,2,7,18,15,15,16,4,0,3.555131314784016,3.4877881583314374,7.470203598363125,0.7222222222222222,0.0,0.7222222222222222,1.103883458311079,1.3981134650540723,1
user_4541,2021-02-13 10:28:00,23,10,7,1,4,0,7,10,18,5,5,5,1,7.851214896289474,6.839383383020343,5.2863928400748685,0.2916666666666667,0.125,0.4166666666666667,1.4253518015661921,0.860538897031893,0
user_4542,2021-04-12 01:03:00,19,12,8,2,3,0,16,8,12,13,17,0,0,1.2592879506303278,9.218819043310733,2.639871903453975,0.4,0.2222222222222222,0.6,0.020895405026344793,1.529208877715294,0
user_4543,2021-03-27 15:44:00,14,19,15,1,0,3,9,7,13,15,19,5,1,1.155036441946572,4.998447293588124,6.107774156134438,1.0,0.0625,1.2666666666666666,0.6278826171146832,0.9376590608771889,0
user_4544,2021-04-10 10:33:00,22,18,6,0,4,2,15,12,12,9,16,5,1,9.853444814367766,4.997964559982266,3.769104881840409,0.2608695652173913,0.0,0.782608695652174,0.9604711293051702,0.5536219752649008,0
user_4545,2021-03-11 11:25:00,29,11,13,1,3,2,17,17,15,14,11,3,0,8.71373618541465,0.6098632176390761,1.4491364203075312,0.43333333333333335,0.07142857142857142,0.36666666666666664,1.7421111155572542,1.0387429623699178,0
user_4546,2021-04-08 06:52:00,19,25,8,1,4,0,12,7,11,14,8,3,0,7.4737143840104645,1.3452918388860313,1.9078678227118617,0.4,0.1111111111111111,1.25,0.07552149747955261,1.1323144581566336,0
user_4547,2021-03-26 19:32:00,21,18,17,0,0,3,5,15,13,10,7,4,0,2.730905818967704,4.292325704533031,7.892234053496419,0.7727272727272727,0.0,0.8181818181818182,0.7811155227834619,0.2901566836403586,0
user_4548,2021-02-16 07:50:00,16,15,15,1,3,3,7,9,7,11,12,1,0,2.473255388272151,6.558760304670617,3.330777156924105,0.8823529411764706,0.0625,0.8823529411764706,1.1624983770653134,1.7410147248378418,0
user_4549,2021-03-15 20:37:00,29,15,9,1,2,0,7,16,18,9,18,0,0,6.3879054035823675,3.6087985225350847,5.841989481554592,0.3,0.1,0.5,0.248024715088641,0.39510194334982307,0
user_4550,2021-03-06 08:28:00,13,13,12,1,4,1,11,8,9,11,13,5,1,8.185761378404294,8.613249210051734,1.5194511765008754,0.8571428571428571,0.07692307692307693,0.9285714285714286,0.11388967819553475,1.6315889804807908,1
user_4551,2021-01-07 18:44:00,22,14,7,1,1,1,19,15,16,12,8,3,0,2.031964509432548,5.400778950435292,9.901803370791605,0.30434782608695654,0.125,0.6086956521739131,0.935919105179416,1.1230467078916357,0
user_4552,2021-02-24 11:14:00,22,17,11,0,2,0,19,6,6,18,5,2,0,1.6764383924453785,7.851805083478491,5.119460602414861,0.4782608695652174,0.0,0.7391304347826086,0.4378107071245019,1.413294245274068,0
user_4553,2021-04-07 08:11:00,23,10,7,2,2,0,7,15,9,5,12,2,0,6.828538678375261,8.546509142523862,7.771642195750542,0.2916666666666667,0.25,0.4166666666666667,0.911531481972238,1.623223200198639,0
user_4554,2021-04-03 09:55:00,26,19,3,0,2,1,12,16,8,6,6,5,1,0.9560235899693015,3.9441669381153313,9.161596372831934,0.1111111111111111,0.0,0.7037037037037037,0.7486059747805143,0.718200407731304,0
user_4555,2021-04-04 06:31:00,24,17,10,0,4,2,8,17,9,13,16,6,1,7.620675713682143,1.0694690187214528,4.0133013018657895,0.4,0.0,0.68,1.959752408432704,0.07814897116098485,0
user_4556,2021-01-02 07:39:00,23,6,16,2,1,3,5,19,12,9,5,5,1,2.206656606248271,2.51903661225139,6.631191921396568,0.6666666666666666,0.11764705882352941,0.25,1.6210175227661872,0.8261977269290943,0
user_4557,2021-04-14 10:09:00,13,16,7,0,2,1,8,5,15,15,8,2,0,2.6909218884853745,0.942005231717542,1.6573658239796796,0.5,0.0,1.1428571428571428,0.13416242287726687,1.4004396357374982,0
user_4558,2021-03-19 06:19:00,18,7,15,3,1,1,14,14,12,10,8,4,0,3.7040777466089936,2.328778065548589,4.577207485391761,0.7894736842105263,0.1875,0.3684210526315789,1.0573960855135074,1.4039318461521235,0
user_4559,2021-04-18 16:34:00,14,12,15,3,1,1,12,14,9,7,6,6,1,0.9159319914173669,1.6911100875555707,2.6827820459972687,1.0,0.1875,0.8,0.4806516279723656,1.304028122323239,0
user_4560,2021-01-09 23:31:00,21,17,8,0,3,0,14,8,18,18,11,5,1,7.910900799887361,8.388484682497408,9.339688939657114,0.36363636363636365,0.0,0.7727272727272727,0.9107005865993019,1.5217298344083587,0
user_4561,2021-01-31 08:59:00,24,20,13,0,3,4,15,13,12,10,13,6,1,1.6326211823456527,9.16001368836276,8.456981053999826,0.52,0.0,0.8,1.3390665443611767,1.217869485672886,0
user_4562,2021-03-08 21:27:00,20,11,8,1,5,1,19,17,8,13,17,0,0,7.469876338533879,2.540751503671186,8.74088367637973,0.38095238095238093,0.1111111111111111,0.5238095238095238,1.5057514327654065,1.2492177532204216,0
user_4563,2021-01-18 09:37:00,23,11,5,2,1,0,14,12,18,14,5,0,0,9.427632000311805,3.8524328030003465,6.280633888961743,0.20833333333333334,0.3333333333333333,0.4583333333333333,1.056307079102124,1.6318873796507183,0
user_4564,2021-03-13 09:00:00,27,12,10,1,3,0,5,5,11,13,15,5,1,0.37139773317267255,7.36585220994052,6.088503891758483,0.35714285714285715,0.09090909090909091,0.42857142857142855,0.9614008499014406,1.5658519513623017,0
user_4565,2021-04-22 11:11:00,24,14,6,0,3,2,14,14,18,12,10,3,0,8.093447360491801,5.612052497053284,9.71706924246706,0.24,0.0,0.56,1.7497207521492555,0.08473926868827308,0
user_4566,2021-03-18 22:55:00,18,11,6,0,0,1,11,14,17,15,5,3,0,3.727504260829988,2.197460489309939,8.925077953746683,0.3157894736842105,0.0,0.5789473684210527,1.4051407456155904,0.4088837638509031,0
user_4567,2021-01-29 06:03:00,19,21,9,2,4,0,11,13,15,13,11,4,0,7.318765728287467,0.6381565406175427,1.2928214306322785,0.45,0.2,1.05,1.2471225536050956,0.6138797671324023,0
user_4568,2021-02-09 03:48:00,16,16,7,1,2,2,9,19,10,18,14,1,0,0.3638400825881438,6.483029621390651,9.859229146276299,0.4117647058823529,0.125,0.9411764705882353,0.5353342111367088,0.3663332021758783,0
user_4569,2021-01-08 04:15:00,21,15,10,1,2,3,9,8,18,19,6,4,0,5.010237880580566,9.263159282531806,4.766771448427105,0.45454545454545453,0.09090909090909091,0.6818181818181818,0.6915885013243668,0.8500553459266365,0
user_4570,2021-03-10 02:12:00,25,21,5,3,4,0,7,8,12,11,6,2,0,8.31427431411791,0.1414874591012949,6.563274074676977,0.19230769230769232,0.5,0.8076923076923077,0.5907815650978103,0.7018748603291953,0
user_4571,2021-02-20 04:01:00,28,21,13,1,1,3,7,7,10,8,13,5,1,2.3119844847388316,7.728503683609568,8.533928135848564,0.4482758620689655,0.07142857142857142,0.7241379310344828,0.5655110259093696,1.2747200236343161,0
user_4572,2021-03-05 19:34:00,30,12,11,2,1,1,11,6,12,5,13,4,0,0.3513681658621204,7.352854850450104,1.6885438662299137,0.3548387096774194,0.16666666666666666,0.3870967741935484,0.45515106243731185,1.7217864397812854,0
user_4573,2021-02-22 02:29:00,21,21,7,1,1,0,8,15,8,19,13,0,0,1.5949493793566683,1.8892560678935488,2.9464528487577786,0.3181818181818182,0.125,0.9545454545454546,0.9562754835669667,0.9602603370712417,0
user_4574,2021-04-06 14:16:00,11,14,9,0,2,1,10,11,8,17,10,1,0,7.279457164322952,5.821733172466032,8.674921454591068,0.75,0.0,1.1666666666666667,0.9950921355087508,1.9282687042424587,0
user_4575,2021-01-11 21:52:00,16,17,8,0,2,1,10,6,14,13,17,0,0,5.23108539142488,0.172781849861261,1.6740576611789617,0.47058823529411764,0.0,1.0,1.5676392712142504,0.3528786448761536,0
user_4576,2021-03-05 17:59:00,23,27,10,0,5,0,14,11,10,5,6,4,0,0.2041470964158021,4.516204788236747,7.646585926390194,0.4166666666666667,0.0,1.125,0.10127873824494293,1.872760433090846,0
user_4577,2021-01-02 23:29:00,15,14,12,0,0,2,7,8,10,16,17,5,1,9.39014424133765,2.4966491038023597,7.789316297826537,0.75,0.0,0.875,0.7432245703451195,0.848988918024191,0
user_4578,2021-02-12 22:50:00,10,11,6,0,1,0,16,13,13,15,11,4,0,8.007294136813258,0.8866479293161256,4.146700147473719,0.5454545454545454,0.0,1.0,1.822214118548696,1.0749794126145165,0
user_4579,2021-02-03 18:01:00,18,13,9,0,1,1,6,18,18,11,15,2,0,5.109452379904792,1.6216373163434505,3.8854731819695174,0.47368421052631576,0.0,0.6842105263157895,1.3768703051902949,1.7150928614463945,0
user_4580,2021-04-22 13:10:00,12,12,5,2,0,1,12,18,9,15,13,3,0,0.713537842766252,9.448631229789722,2.7899119736046742,0.38461538461538464,0.3333333333333333,0.9230769230769231,0.10108480644730378,1.14678259829343,0
user_4581,2021-03-30 10:44:00,29,18,5,1,1,1,5,5,13,9,14,1,0,6.430617996319849,1.5953146718547762,2.8143280027293938,0.16666666666666666,0.16666666666666666,0.6,1.0467924403417292,1.8172890410835938,1
user_4582,2021-01-13 09:29:00,17,18,11,0,3,0,13,7,15,19,7,2,0,0.5923409892803377,4.831053352188521,5.242164566952824,0.6111111111111112,0.0,1.0,1.7827950701990447,0.8275694075297133,0
user_4583,2021-01-25 08:54:00,22,13,8,0,2,1,15,19,7,18,19,0,0,9.332214224324455,4.205901931852609,5.503544765340172,0.34782608695652173,0.0,0.5652173913043478,1.7365230704762697,0.22766332377960863,0
user_4584,2021-04-29 09:20:00,15,15,13,1,1,2,18,17,19,15,13,3,0,5.9073621369050855,8.026490876551374,1.673457931685424,0.8125,0.07142857142857142,0.9375,0.6442900942794789,0.43049507722232216,1
user_4585,2021-03-28 05:40:00,16,12,8,2,1,0,19,15,5,7,9,6,1,4.7526686105013605,6.162517169857161,5.416902956117253,0.47058823529411764,0.2222222222222222,0.7058823529411765,1.2230799594455233,1.5181033936948787,0
user_4586,2021-02-16 16:31:00,19,13,8,1,2,0,12,9,8,13,18,1,0,0.9250811728483155,5.339993628354325,5.006649198140319,0.4,0.1111111111111111,0.65,1.3866169432271385,0.040058125499199626,0
user_4587,2021-03-23 08:11:00,26,11,10,1,2,1,10,11,15,5,15,1,0,9.904324604198596,9.826654552593679,4.38937316763381,0.37037037037037035,0.09090909090909091,0.4074074074074074,1.3123504193645568,1.498803075935879,0
user_4588,2021-02-25 07:48:00,19,8,5,0,4,1,11,12,6,19,7,3,0,8.636777546480085,7.660875435584883,4.021915208694589,0.25,0.0,0.4,0.7746502143521321,1.6294909952177545,1
user_4589,2021-03-12 17:52:00,16,19,9,1,1,2,5,19,6,10,11,4,0,0.428774099181497,0.4077171452121453,2.9150988559047346,0.5294117647058824,0.1,1.1176470588235294,1.6484773516656444,1.7055168977684891,0
user_4590,2021-04-29 03:58:00,22,13,7,0,3,1,15,12,7,10,18,3,0,0.18460265459904535,6.983346701785384,3.2563755813104587,0.30434782608695654,0.0,0.5652173913043478,1.1173941258763258,0.5057717368242602,0
user_4591,2021-02-18 12:34:00,25,24,9,0,3,1,16,17,16,11,8,3,0,6.707419493747974,6.651327366927137,1.2043525483487039,0.34615384615384615,0.0,0.9230769230769231,0.5562436953446097,0.27124556697711033,0
user_4592,2021-04-18 17:23:00,23,9,15,1,2,2,13,9,5,13,13,6,1,5.43240645993384,8.882092112153423,5.713658540245869,0.625,0.0625,0.375,0.6882655313302439,0.5500045885192602,0
user_4593,2021-02-03 16:10:00,25,22,6,2,4,2,13,5,14,13,19,2,0,6.351233572180606,2.842025086720822,3.0047473887093146,0.23076923076923078,0.2857142857142857,0.8461538461538461,1.2839464039896438,1.6152533317537696,0
user_4594,2021-01-28 01:09:00,38,20,11,0,5,3,10,14,9,15,18,3,0,0.2858662804258738,8.231565348048118,3.333382724501456,0.28205128205128205,0.0,0.5128205128205128,1.1916223897985236,0.5932356085856043,0
user_4595,2021-03-26 22:31:00,18,26,7,0,3,0,16,18,17,9,14,4,0,8.597496794234452,8.512716760152685,5.109796810317629,0.3684210526315789,0.0,1.368421052631579,1.4901552883720115,0.4782447400075991,1
user_4596,2021-04-05 03:29:00,27,16,9,1,2,2,8,8,19,13,9,0,0,0.29254384779873743,1.1298639470187055,9.074826770749342,0.32142857142857145,0.1,0.5714285714285714,1.2924223600035438,0.7352645154752402,0
user_4597,2021-02-24 19:51:00,23,15,9,1,4,2,11,7,10,15,13,2,0,8.564298921718906,9.38206578225819,5.962962892287741,0.375,0.1,0.625,1.9414872888794352,0.33852908873439125,0
user_4598,2021-03-29 21:11:00,19,14,12,1,5,0,13,5,17,18,14,0,0,2.838625970082064,2.913842180135214,5.46465647593768,0.6,0.07692307692307693,0.7,0.3500611902099737,0.03977046359484859,0
user_4599,2021-01-27 20:36:00,16,14,14,1,0,1,8,11,17,15,11,2,0,6.77930102407852,1.8022412795795384,7.83553609380562,0.8235294117647058,0.06666666666666667,0.8235294117647058,1.907761888204957,1.4729397168926626,0
user_4600,2021-02-08 00:29:00,30,8,7,2,3,0,14,9,10,10,13,0,0,0.015285810868508332,7.1821884668668154,2.88496749021592,0.22580645161290322,0.25,0.25806451612903225,0.5359483840340189,1.9168168047843532,0
user_4601,2021-04-12 16:01:00,19,12,12,0,1,2,19,19,17,13,12,0,0,4.8897264607791415,8.811007445099461,3.848815634534507,0.6,0.0,0.6,0.41426023099647025,0.9222894213786508,0
user_4602,2021-02-02 03:40:00,24,13,9,2,1,1,16,9,13,8,13,1,0,4.202093478829387,6.258265298589716,3.2222469408530605,0.36,0.2,0.52,0.24170154993643944,1.3731470418505682,0
user_4603,2021-03-16 10:06:00,11,18,7,1,1,0,11,9,7,18,6,1,0,5.087929620194391,5.057704066456563,2.8797785897275987,0.5833333333333334,0.125,1.5,1.6564465963503454,0.874103726963293,0
user_4604,2021-01-01 07:54:00,18,21,6,1,1,0,7,15,8,18,11,4,0,5.180014619610954,3.6462598425249326,4.581792735751475,0.3157894736842105,0.14285714285714285,1.105263157894737,0.6990032535415893,0.879796751805936,0
user_4605,2021-01-18 03:44:00,26,15,9,2,3,2,8,8,10,7,14,0,0,9.964049717974747,9.261693996606988,7.458550893620204,0.3333333333333333,0.2,0.5555555555555556,1.8930984377920026,0.500224196068439,0
user_4606,2021-02-06 19:59:00,26,12,8,1,0,0,16,17,6,5,9,5,1,9.408365260349498,9.61831533697932,4.43380133343721,0.2962962962962963,0.1111111111111111,0.4444444444444444,0.9126950423996119,0.5327841045620356,0
user_4607,2021-04-14 09:20:00,22,20,14,1,4,0,11,13,5,5,15,2,0,1.1767338035151331,9.427462456779146,3.8786241988174455,0.6086956521739131,0.06666666666666667,0.8695652173913043,1.7527854595380539,1.2633550773813857,0
user_4608,2021-03-21 19:53:00,27,21,10,0,1,2,7,17,10,15,12,6,1,2.1790014997819975,6.860335659542955,8.339267574594608,0.35714285714285715,0.0,0.75,0.9782646147007794,1.9982286346609994,0
user_4609,2021-01-10 03:27:00,33,17,11,1,1,2,19,9,14,10,7,6,1,3.8304304108348166,6.96388919079835,1.6067421508283624,0.3235294117647059,0.08333333333333333,0.5,1.6002333413501453,1.327703445889464,0
user_4610,2021-04-10 06:18:00,17,22,9,2,1,1,18,11,18,16,11,5,1,8.256431631116884,7.192799644782974,9.007124367235127,0.5,0.2,1.2222222222222223,0.765787413110488,1.7806862345128174,0
user_4611,2021-04-13 10:44:00,15,13,11,1,2,1,11,14,7,9,14,1,0,8.355862949706077,4.219257966221834,8.801286467816741,0.6875,0.08333333333333333,0.8125,1.4358952677065937,0.9214898135038054,1
user_4612,2021-02-10 02:33:00,20,13,15,2,3,0,19,8,6,18,11,2,0,0.09196717141658484,1.9865075907446972,9.682636707751096,0.7142857142857143,0.125,0.6190476190476191,1.5776092646968474,0.8420351641084987,0
user_4613,2021-02-28 02:34:00,29,14,13,1,3,2,14,9,19,12,14,6,1,6.167153697204023,8.448277833041791,3.828660743902926,0.43333333333333335,0.07142857142857142,0.4666666666666667,1.49134502189914,0.27751126148006544,1
user_4614,2021-03-30 15:59:00,20,14,7,0,0,1,9,12,10,9,8,1,0,1.3241390789811835,9.062998087237712,6.466562160624205,0.3333333333333333,0.0,0.6666666666666666,0.7822772450519744,1.2198208485829605,0
user_4615,2021-01-24 22:33:00,30,15,11,0,3,1,19,7,17,11,12,6,1,4.578930834057537,8.67139182447255,4.794650387618564,0.3548387096774194,0.0,0.4838709677419355,0.5079515843931162,1.6353569033557063,0
user_4616,2021-02-14 22:43:00,20,18,10,1,4,0,14,18,9,14,13,6,1,9.441217940098914,4.1138996780420936,9.750191830942107,0.47619047619047616,0.09090909090909091,0.8571428571428571,1.7577908071168125,0.28497432075256923,0
user_4617,2021-02-11 08:05:00,23,16,8,2,1,0,14,9,16,12,11,3,0,2.7976187159911916,5.441226447926637,1.452707111266207,0.3333333333333333,0.2222222222222222,0.6666666666666666,1.7534345892423011,1.5583147856128947,1
user_4618,2021-04-09 05:02:00,19,18,6,0,2,0,15,7,6,17,17,4,0,1.903095733451885,0.5895768478016639,6.123291138686856,0.3,0.0,0.9,0.8724724688182843,1.7602191990170843,0
user_4619,2021-01-17 08:03:00,21,8,15,3,1,1,16,14,19,18,6,6,1,3.326142414320482,1.3147926014121325,1.1444552223886726,0.6818181818181818,0.1875,0.36363636363636365,1.3833053663560924,1.8241145392761788,1
user_4620,2021-02-28 08:29:00,28,10,8,2,6,1,11,5,17,10,7,6,1,1.8468236828689988,4.431620000732855,2.086811350821951,0.27586206896551724,0.2222222222222222,0.3448275862068966,0.991451543515212,1.8343936149772242,0
user_4621,2021-03-08 23:06:00,14,20,7,1,2,0,11,9,16,9,8,0,0,1.4227105189858646,5.13275190529103,6.789573330092178,0.4666666666666667,0.125,1.3333333333333333,0.1583750013266061,1.2702310483912647,0
user_4622,2021-02-24 15:04:00,19,13,10,0,1,3,6,10,7,18,11,2,0,7.896932175360067,1.4634185113524945,5.673883232769818,0.5,0.0,0.65,0.14434505852899715,1.7469778639201765,1
user_4623,2021-03-28 07:11:00,18,17,8,0,3,0,8,18,17,9,10,6,1,8.741163904460095,8.565055146647286,1.2885959408819936,0.42105263157894735,0.0,0.8947368421052632,1.0418910117521962,1.2122488838408476,0
user_4624,2021-04-04 22:37:00,16,15,11,0,3,3,12,16,7,19,17,6,1,5.344991440454305,6.506003498734883,9.762691999542216,0.6470588235294118,0.0,0.8823529411764706,1.437582853302688,0.41154689799223676,0
user_4625,2021-04-02 08:43:00,18,11,11,1,3,1,14,14,11,16,9,4,0,9.899228352229354,9.214721344149524,4.644315701761809,0.5789473684210527,0.08333333333333333,0.5789473684210527,1.8104009756637962,1.6245809354583107,0
user_4626,2021-02-03 09:46:00,21,18,7,0,2,1,18,14,14,18,6,2,0,1.7593716027401463,9.345516740220836,6.663706416721446,0.3181818181818182,0.0,0.8181818181818182,1.6906712396949888,0.7058319101814508,0
user_4627,2021-01-29 03:47:00,17,16,12,2,1,2,13,11,12,11,5,4,0,8.597416059423066,6.501646162476613,4.479641617609948,0.6666666666666666,0.15384615384615385,0.8888888888888888,0.41476094908778594,0.7563398337350928,0
user_4628,2021-01-01 04:11:00,25,16,13,0,1,2,19,10,6,14,16,4,0,7.42036653379322,3.998422519434789,5.721468594858327,0.5,0.0,0.6153846153846154,0.6221235372722733,1.9697667346839132,0
user_4629,2021-01-30 18:14:00,13,19,7,2,0,0,13,19,16,14,15,5,1,6.229354292275364,7.938380553012979,3.5916003704191333,0.5,0.25,1.3571428571428572,1.3520885376443608,0.3567448315894217,0
user_4630,2021-03-10 11:06:00,22,11,11,2,4,0,16,13,15,7,10,2,0,9.816445526714748,5.1484866322581215,1.6280939751080608,0.4782608695652174,0.16666666666666666,0.4782608695652174,1.915210471242963,1.9302280191595786,0
user_4631,2021-02-17 01:56:00,16,21,11,0,2,1,14,8,12,13,18,2,0,5.185725467072677,2.1099808741550574,2.890683393865253,0.6470588235294118,0.0,1.2352941176470589,1.7698979427724797,0.5608441158338584,0
user_4632,2021-03-30 18:09:00,23,14,11,1,3,1,8,13,9,14,19,1,0,1.1594853617061995,8.530010353110415,8.333360787867129,0.4583333333333333,0.08333333333333333,0.5833333333333334,1.237578904461715,0.017953265730557444,0
user_4633,2021-03-30 18:04:00,21,15,12,4,0,0,11,10,9,5,6,1,0,2.013556136178366,9.180325790009308,2.77826199650673,0.5454545454545454,0.3076923076923077,0.6818181818181818,1.050951173416996,0.9110932225163284,0
user_4634,2021-01-19 20:13:00,23,13,11,0,4,0,19,19,11,8,15,1,0,5.510566402104894,6.377518083836079,9.451205042268054,0.4583333333333333,0.0,0.5416666666666666,1.8972216101599606,1.5397241961059707,0
user_4635,2021-02-27 22:30:00,22,23,13,0,1,0,15,15,10,8,11,5,1,0.07909863619706581,2.4924707480370687,5.0680102541674446,0.5652173913043478,0.0,1.0,1.4612900448021076,1.99502748209572,0
user_4636,2021-01-09 22:07:00,15,16,4,0,1,0,19,8,8,10,10,5,1,1.0016173985390275,2.222789359162628,5.737362134927248,0.25,0.0,1.0,0.2879947344205671,0.35007142353617615,0
user_4637,2021-03-20 10:37:00,20,21,12,2,2,2,19,6,13,18,18,5,1,7.612263561664107,2.130006356877291,5.898342870402832,0.5714285714285714,0.15384615384615385,1.0,1.4359973315830867,1.3642743894048563,0
user_4638,2021-03-27 12:42:00,16,16,8,0,2,0,12,19,7,7,17,5,1,2.3004786708705827,6.200650253746932,8.178447277812712,0.47058823529411764,0.0,0.9411764705882353,1.8447345985038577,0.41658112447659357,0
user_4639,2021-03-04 02:42:00,18,17,11,2,0,0,11,11,15,11,18,3,0,8.246025995974296,7.508578743917379,1.05879348488243,0.5789473684210527,0.16666666666666666,0.8947368421052632,0.8832046430667784,1.5815771285089055,0
user_4640,2021-03-31 19:15:00,22,11,13,0,2,1,15,19,6,14,19,2,0,2.643613308780407,8.184676215635308,2.5560689702530626,0.5652173913043478,0.0,0.4782608695652174,0.9911041721021825,0.8058764536240843,0
user_4641,2021-02-24 02:04:00,24,19,13,1,3,2,10,15,11,12,9,2,0,3.95815242642941,5.528531139614227,4.430891936476237,0.52,0.07142857142857142,0.76,1.7076970828382636,1.668146480859368,0
user_4642,2021-04-25 12:02:00,19,12,11,0,2,0,7,18,16,18,15,6,1,8.999540990120488,4.315819810522928,6.729223406731064,0.55,0.0,0.6,1.694321032344399,1.113777155915824,0
user_4643,2021-02-18 11:35:00,15,20,12,3,1,0,5,15,15,17,7,3,0,6.471849659289932,4.087843559764349,4.98166798028587,0.75,0.23076923076923078,1.25,1.4070040739048117,1.3031621486577118,0
user_4644,2021-04-25 10:50:00,22,13,11,0,4,2,6,9,10,19,8,6,1,9.333618018936491,7.597480841989121,7.09130455101481,0.4782608695652174,0.0,0.5652173913043478,1.9016434776656714,1.5243162643594632,0
user_4645,2021-03-12 18:02:00,15,13,12,3,1,0,19,19,9,18,8,4,0,1.8576803494556804,8.571704841059493,7.912541333742762,0.75,0.23076923076923078,0.8125,0.18341602370999976,1.9961783144373004,0
user_4646,2021-02-05 14:15:00,21,21,11,1,2,2,6,11,14,9,11,4,0,3.135989625030886,9.68447893816655,5.155353608994221,0.5,0.08333333333333333,0.9545454545454546,0.014828428734765309,1.685055733854923,0
user_4647,2021-01-29 05:35:00,23,15,11,1,4,0,16,12,9,18,10,4,0,9.380801205912155,5.034065449109906,5.083268609411273,0.4583333333333333,0.08333333333333333,0.625,0.6778798561469146,0.4765627218370727,0
user_4648,2021-02-14 11:52:00,20,17,12,1,5,5,5,15,16,17,17,6,1,4.375740306608132,9.06713174036586,8.14239191279848,0.5714285714285714,0.07692307692307693,0.8095238095238095,1.984868674859785,1.5300852297918548,0
user_4649,2021-04-11 01:07:00,15,24,10,1,0,2,6,8,5,5,18,6,1,9.911282655935365,2.8048606874266024,8.919920433852408,0.625,0.09090909090909091,1.5,1.1009813906964903,0.9827496469884995,0
user_4650,2021-01-16 08:02:00,19,17,11,1,1,1,12,15,14,17,13,5,1,4.577067982312761,2.550793380677927,3.839120300534336,0.55,0.08333333333333333,0.85,0.6750362872447144,0.47383763230517273,0
user_4651,2021-04-12 07:17:00,22,14,6,1,1,1,12,13,10,16,16,0,0,3.816669222314586,3.2577997875296774,1.042953932911709,0.2608695652173913,0.14285714285714285,0.6086956521739131,1.9006333020077788,0.8440516101428825,0
user_4652,2021-01-27 05:04:00,11,13,9,0,0,1,8,5,7,6,6,2,0,0.42933021431088236,2.893741698136151,4.934191015911264,0.75,0.0,1.0833333333333333,0.40441376349653435,0.7196345191995579,0
user_4653,2021-03-28 09:43:00,13,15,14,1,1,3,18,12,12,17,5,6,1,9.573265990371567,9.722174641760386,2.027186699547843,1.0,0.06666666666666667,1.0714285714285714,0.9977316335455884,1.2672325057456806,0
user_4654,2021-04-17 11:22:00,16,15,11,1,0,1,10,13,5,12,9,5,1,4.9770751713575825,1.23042057953628,2.0530047980682236,0.6470588235294118,0.08333333333333333,0.8823529411764706,0.5516197884850069,1.3026594617817029,0
user_4655,2021-02-26 03:48:00,14,16,9,0,0,0,10,9,10,8,19,4,0,2.259576717866011,3.489753480997612,9.536366588200037,0.6,0.0,1.0666666666666667,0.33525109204223247,0.77233582673386,0
user_4656,2021-04-28 14:07:00,20,17,8,3,2,0,19,5,16,15,9,2,0,1.1520783361641962,7.116019472432002,1.3770907987862375,0.38095238095238093,0.3333333333333333,0.8095238095238095,1.8010191052153852,0.2504162292926626,0
user_4657,2021-02-01 05:28:00,28,18,10,1,3,0,6,13,12,7,14,0,0,0.3955534128547933,4.226590828919918,9.112812541267965,0.3448275862068966,0.09090909090909091,0.6206896551724138,1.346392069751302,0.5921037070606199,0
user_4658,2021-04-26 18:57:00,23,9,7,1,0,0,19,14,8,8,16,0,0,4.357646623262596,4.9705499833154585,3.5050726053980736,0.2916666666666667,0.125,0.375,1.1905647496481986,1.3325117150638748,0
user_4659,2021-03-15 09:31:00,23,14,9,2,0,1,12,12,14,14,9,0,0,2.238598822740946,2.250442175002263,5.0664179449701034,0.375,0.2,0.5833333333333334,0.1410250099771473,0.6161835679974046,0
user_4660,2021-02-08 10:19:00,21,10,10,3,3,0,17,12,10,8,12,0,0,9.282955679323932,9.915528545604088,8.789427370934925,0.45454545454545453,0.2727272727272727,0.45454545454545453,1.1577164336383126,0.43264528801659075,0
user_4661,2021-04-09 07:33:00,21,14,12,2,2,1,17,17,11,13,10,4,0,6.15906875014696,9.494989286093707,5.725708223934995,0.5454545454545454,0.15384615384615385,0.6363636363636364,0.5138225228743145,0.94322227781349,0
user_4662,2021-01-03 21:35:00,15,8,10,1,1,0,6,9,9,19,5,6,1,9.201575706253983,8.410196342136121,3.7717064527900157,0.625,0.09090909090909091,0.5,0.9026435138800839,1.4006163394742361,1
user_4663,2021-01-22 15:19:00,18,16,8,3,3,0,17,12,14,11,17,4,0,0.6954064633969337,3.8754046237591098,5.396049066522844,0.42105263157894735,0.3333333333333333,0.8421052631578947,1.7388705138538914,0.9358886130919575,0
user_4664,2021-04-13 15:38:00,17,8,10,2,3,3,14,11,18,9,5,1,0,5.6308054339324904,2.9101880164755656,3.5164433076676658,0.5555555555555556,0.18181818181818182,0.4444444444444444,0.6619934015953315,1.8850155998768172,0
user_4665,2021-01-02 07:48:00,22,15,10,2,6,1,5,15,8,18,14,5,1,7.208464071591756,2.107846293963501,9.548232120220929,0.43478260869565216,0.18181818181818182,0.6521739130434783,0.27088670572661044,1.9374931908643696,0
user_4666,2021-03-09 13:00:00,25,17,8,2,1,1,16,13,11,15,9,1,0,9.117814780585343,2.969646323673645,4.437936670421126,0.3076923076923077,0.2222222222222222,0.6538461538461539,0.10130782206220124,0.3926683851561197,0
user_4667,2021-02-10 11:22:00,32,12,10,1,3,2,16,5,13,8,7,2,0,3.4872738200989106,8.753742034273436,1.671546554308526,0.30303030303030304,0.09090909090909091,0.36363636363636365,0.49694952359373645,1.8958889421818512,0
user_4668,2021-03-14 20:58:00,27,18,10,0,3,0,11,8,18,15,12,6,1,4.2057159167663425,9.023162316776313,4.878493009386453,0.35714285714285715,0.0,0.6428571428571429,1.8398349551365878,0.07928963999178884,0
user_4669,2021-02-23 04:14:00,26,18,7,0,2,1,18,17,13,7,8,1,0,5.693710028827544,7.226348499065124,1.0516177274586482,0.25925925925925924,0.0,0.6666666666666666,1.3096425526553974,1.550467145542337,1
user_4670,2021-01-31 06:25:00,14,12,11,0,0,1,16,13,7,15,7,6,1,0.3895874543159461,1.0204833681827563,4.332660774922185,0.7333333333333333,0.0,0.8,1.7555881559484539,1.4917968815116032,0
user_4671,2021-02-04 05:59:00,12,8,8,3,2,1,17,5,19,16,8,3,0,9.716176906460529,9.610403544235922,2.623820581446006,0.6153846153846154,0.3333333333333333,0.6153846153846154,0.6701358623840588,0.12145735392217949,0
user_4672,2021-01-16 12:49:00,15,14,9,1,2,0,6,18,9,19,15,5,1,7.327079038438954,6.660398770571949,4.111978133967652,0.5625,0.1,0.875,1.4503399783002473,0.6838039295320857,1
user_4673,2021-04-08 07:58:00,17,22,8,2,1,0,8,9,6,9,6,3,0,5.101955237291992,3.9425949863312795,8.357900240316162,0.4444444444444444,0.2222222222222222,1.2222222222222223,0.5049111020755155,1.770155273359283,0
user_4674,2021-03-03 23:15:00,8,18,8,0,0,0,6,11,7,6,10,2,0,4.91312472424991,8.017725472482635,7.2386213441499,0.8888888888888888,0.0,2.0,1.1395205239014221,1.5040215773565695,1
user_4675,2021-04-01 11:44:00,20,14,18,1,3,2,8,14,16,12,9,3,0,4.9784257696982674,8.265114024972375,3.9137544192109033,0.8571428571428571,0.05263157894736842,0.6666666666666666,0.6882494013655907,0.515838337373302,0
user_4676,2021-03-23 12:24:00,25,11,12,1,2,1,9,14,12,10,16,1,0,7.674251089650072,8.636908595195859,9.209079651611447,0.46153846153846156,0.07692307692307693,0.4230769230769231,1.9423420874168347,0.8658222757731429,0
user_4677,2021-04-17 07:12:00,18,11,9,0,0,1,17,9,16,7,9,5,1,2.656776570956647,7.071386339173534,8.957993090755362,0.47368421052631576,0.0,0.5789473684210527,0.7697010152811625,0.8669400134905254,0
user_4678,2021-03-28 08:57:00,19,11,12,2,1,0,5,11,9,14,11,6,1,8.123587556551575,1.2299371983119012,7.679441966911103,0.6,0.15384615384615385,0.55,1.3795884601462303,0.18823035261371168,0
user_4679,2021-02-20 07:41:00,17,18,8,0,5,0,18,5,7,8,16,5,1,3.7173039834188906,4.480851518325312,6.290641295719193,0.4444444444444444,0.0,1.0,1.8737097025832472,0.7357480194444688,0
user_4680,2021-02-09 01:57:00,18,23,10,1,2,2,16,13,15,6,13,1,0,6.09667172116633,8.08228560095272,3.292231116642564,0.5263157894736842,0.09090909090909091,1.2105263157894737,1.9031943694394864,1.726027452742118,0
user_4681,2021-01-19 02:48:00,17,21,10,0,3,3,6,14,5,13,6,1,0,0.09897356164456084,0.7482431151628854,9.2487086282881,0.5555555555555556,0.0,1.1666666666666667,0.20921251126852436,1.2098360496099763,0
user_4682,2021-04-03 15:42:00,19,12,10,3,2,0,12,14,17,9,6,5,1,3.796674648445638,5.7611421534225515,5.420722749925034,0.5,0.2727272727272727,0.6,0.7122519328280001,1.713881783968089,0
user_4683,2021-01-02 01:01:00,22,20,7,0,2,0,15,16,19,10,5,5,1,0.7097250732972238,4.6973874348533915,1.517345382613233,0.30434782608695654,0.0,0.8695652173913043,0.3717148230139089,1.4285251435409114,0
user_4684,2021-01-05 04:35:00,11,13,9,1,2,1,19,9,17,13,6,1,0,4.324815346119246,8.115663898039628,5.354784107015885,0.75,0.1,1.0833333333333333,1.3699258683325006,1.2085737320986372,0
user_4685,2021-03-10 19:29:00,19,14,9,2,1,2,13,7,15,14,7,2,0,5.4828174444086155,1.4593856518542148,9.819004175750996,0.45,0.2,0.7,0.01982070375242362,0.48428955652776007,0
user_4686,2021-02-01 15:10:00,11,15,12,1,1,1,10,7,16,17,10,0,0,4.165165470642503,8.19264016124834,3.4120005476137965,1.0,0.07692307692307693,1.25,1.7498385257111135,1.160218441398952,1
user_4687,2021-03-19 15:02:00,16,6,9,0,2,1,12,13,8,9,13,4,0,6.076434772636224,9.830707832655904,8.539655235962663,0.5294117647058824,0.0,0.35294117647058826,1.0170117589838903,1.326972245853272,0
user_4688,2021-01-02 00:39:00,21,15,10,1,2,0,6,7,18,16,14,5,1,2.642211868126272,1.8417054553817547,7.305230789164641,0.45454545454545453,0.09090909090909091,0.6818181818181818,1.4941979674659829,0.716316596188173,0
user_4689,2021-04-04 19:15:00,23,20,11,0,2,3,15,14,11,6,5,6,1,6.146488866241711,4.631062957398693,3.833274473601188,0.4583333333333333,0.0,0.8333333333333334,0.5836149253666694,1.5774045602897384,0
user_4690,2021-02-12 12:36:00,20,25,8,1,1,1,18,8,10,9,16,4,0,4.110865313050061,0.7834182289104674,4.2607657791564355,0.38095238095238093,0.1111111111111111,1.1904761904761905,0.8566690757619868,0.8143288541395735,0
user_4691,2021-04-22 13:41:00,16,19,10,1,2,1,6,7,13,15,15,3,0,9.915020225440808,2.198688136717921,3.3750731750733642,0.5882352941176471,0.09090909090909091,1.1176470588235294,1.8849156929120896,0.8362659819172908,0
user_4692,2021-03-03 09:32:00,22,18,12,2,0,0,5,9,13,6,11,2,0,5.710891641280149,1.2484300844348595,3.9431474666582433,0.5217391304347826,0.15384615384615385,0.782608695652174,1.3026470729283992,1.458703686462126,0
user_4693,2021-01-06 09:53:00,16,13,4,1,1,0,18,16,16,5,19,2,0,8.711124820204962,3.684575909651584,1.115487097042076,0.23529411764705882,0.2,0.7647058823529411,1.5422621643032015,0.6540932842579936,0
user_4694,2021-02-07 20:13:00,24,18,13,1,1,2,19,18,18,5,16,6,1,6.787392960479927,9.411977158035821,6.963903653208854,0.52,0.07142857142857142,0.72,0.37084135303603016,0.9141522432554614,0
user_4695,2021-04-19 04:34:00,14,12,9,2,1,2,12,13,17,12,18,0,0,7.594614221677814,1.942593787804443,4.857308340392874,0.6,0.2,0.8,1.7907595978168356,1.3534886847339633,0
user_4696,2021-02-12 22:49:00,27,24,12,0,3,1,18,11,9,9,17,4,0,4.940743398109047,9.227477871381257,9.21138447179932,0.42857142857142855,0.0,0.8571428571428571,0.14555962650423848,1.7550315161855814,0
user_4697,2021-02-08 00:07:00,20,13,16,2,3,2,16,11,14,12,10,0,0,4.721566535981126,0.07695078124625554,2.940521731829086,0.7619047619047619,0.11764705882352941,0.6190476190476191,0.6081146672353059,0.08690191691463545,0
user_4698,2021-03-10 02:26:00,24,25,10,1,3,2,19,10,18,17,18,2,0,2.1298186988681556,3.604565007474889,3.1880523644092724,0.4,0.09090909090909091,1.0,1.5438011226868682,1.0794378106708051,0
user_4699,2021-03-28 03:42:00,17,18,12,1,0,1,13,14,17,17,10,6,1,9.739338030602521,1.7336842921160323,9.77081049747461,0.6666666666666666,0.07692307692307693,1.0,0.7016891177774061,1.5787318178251668,0
user_4700,2021-01-09 06:25:00,22,20,6,1,1,1,16,11,19,16,6,5,1,2.3953165949480404,5.577002188887609,3.7622806765839027,0.2608695652173913,0.14285714285714285,0.8695652173913043,0.2991358863009501,1.9428381969800417,0
user_4701,2021-04-12 16:52:00,24,12,19,1,1,3,7,9,15,9,13,0,0,9.738169112412473,3.348873752250893,9.815277435715329,0.76,0.05,0.48,1.3959370085738172,0.9981625586764555,0
user_4702,2021-02-28 09:48:00,21,16,10,1,2,1,17,7,12,15,18,6,1,4.919104612646282,2.640609176924551,8.006802710092458,0.45454545454545453,0.09090909090909091,0.7272727272727273,0.529326662850558,0.27524249964799874,0
user_4703,2021-03-13 21:57:00,18,14,11,1,1,3,9,5,17,9,12,5,1,2.1327820031833413,7.762483557240132,9.289368086882316,0.5789473684210527,0.08333333333333333,0.7368421052631579,1.3163385047226044,0.9479711364470926,1
user_4704,2021-04-08 19:53:00,16,12,5,2,1,3,19,9,14,17,15,3,0,3.5387823843840858,7.780995026468514,7.436057284478031,0.29411764705882354,0.3333333333333333,0.7058823529411765,1.975998757663105,0.6930924392980493,0
user_4705,2021-01-14 09:25:00,21,13,11,1,3,0,11,10,17,8,13,3,0,0.6560602648630853,1.826016665614536,1.9992335101043686,0.5,0.08333333333333333,0.5909090909090909,1.1154912487575739,0.14144277381081283,0
user_4706,2021-01-02 15:57:00,18,16,6,1,0,0,19,8,13,8,8,5,1,0.24978499225989936,2.6454326294695205,4.80610691115325,0.3157894736842105,0.14285714285714285,0.8421052631578947,0.9681886343479009,1.2359710727462057,0
user_4707,2021-03-05 03:35:00,18,13,6,1,1,0,10,17,13,18,5,4,0,6.599953459990491,5.577768531933294,2.767608497608163,0.3157894736842105,0.14285714285714285,0.6842105263157895,1.8228078774170355,0.2683419371065354,0
user_4708,2021-01-28 15:20:00,24,16,11,1,5,2,17,8,7,12,12,3,0,5.2962112450993795,0.6610865019332146,6.834090647539728,0.44,0.08333333333333333,0.64,1.521378395874652,1.7027567832506108,0
user_4709,2021-02-01 21:21:00,17,16,11,0,1,0,8,18,5,13,17,0,0,4.7167301292151445,6.282205227307695,5.537096387584485,0.6111111111111112,0.0,0.8888888888888888,1.6311549185852992,0.9171396623721129,0
user_4710,2021-03-08 10:20:00,25,13,12,1,3,0,9,18,10,12,14,0,0,0.7389355092025074,2.2452687797586157,4.724629939912643,0.46153846153846156,0.07692307692307693,0.5,0.75473683588993,0.3288734853784081,1
user_4711,2021-04-10 01:09:00,23,8,13,2,0,3,7,12,5,14,9,5,1,7.211993190713236,2.2435625580096827,5.073377286002806,0.5416666666666666,0.14285714285714285,0.3333333333333333,0.4702366928593209,1.0910568330289696,0
user_4712,2021-01-02 18:48:00,23,17,15,1,4,2,8,7,15,11,13,5,1,9.222828752021359,4.803026675214905,3.6121149511832904,0.625,0.0625,0.7083333333333334,0.1116998616530871,1.3445740521863125,0
user_4713,2021-02-04 02:45:00,13,16,12,1,3,0,6,7,15,10,18,3,0,4.054443284714373,0.6565673756976464,2.4983242304757916,0.8571428571428571,0.07692307692307693,1.1428571428571428,1.6194982144266934,0.3224956432922095,0
user_4714,2021-04-26 23:06:00,19,9,11,1,2,1,10,19,18,9,8,0,0,3.426799915478277,7.336637908203133,4.683473714441769,0.55,0.08333333333333333,0.45,1.9341786664492584,1.9893611700548652,1
user_4715,2021-02-17 05:59:00,20,14,10,0,2,0,8,9,14,15,9,2,0,5.436142991698291,4.3457047772131965,4.264841128177575,0.47619047619047616,0.0,0.6666666666666666,1.0739566782645797,0.74182206845101,0
user_4716,2021-02-26 15:00:00,13,18,11,0,3,1,9,10,7,18,7,4,0,1.2333823346819894,7.127445017280685,9.71175295767583,0.7857142857142857,0.0,1.2857142857142858,0.2302465934291802,0.938321804253544,0
user_4717,2021-04-25 19:02:00,15,7,12,1,0,3,6,14,7,18,7,6,1,2.0624052100475945,2.467469365155223,5.217521563154228,0.75,0.07692307692307693,0.4375,0.4686030741677709,1.6888914314164578,0
user_4718,2021-04-04 21:03:00,10,13,7,0,1,0,19,7,13,11,10,6,1,0.02827879138622147,9.213538409692163,6.412564951888651,0.6363636363636364,0.0,1.1818181818181819,1.3865619847889181,1.2565379681955031,0
user_4719,2021-02-28 06:57:00,28,16,8,4,3,0,15,13,9,11,6,6,1,8.491404084475374,0.9670163629569384,6.58996904635815,0.27586206896551724,0.4444444444444444,0.5517241379310345,0.04674068797715236,0.043466946807309004,0
user_4720,2021-01-09 12:45:00,25,10,8,1,4,2,17,11,16,17,5,5,1,9.774113884200377,8.3455619017929,2.2971592000657637,0.3076923076923077,0.1111111111111111,0.38461538461538464,1.7119915093858835,1.8212284377008845,0
user_4721,2021-03-19 01:43:00,27,14,10,1,3,0,9,10,9,15,13,4,0,2.9410923574488823,9.082317387835094,3.1267180811942814,0.35714285714285715,0.09090909090909091,0.5,0.5138104684132649,0.47233418270632455,1
user_4722,2021-03-20 03:52:00,30,16,15,1,3,2,9,13,14,18,5,5,1,1.5698061808181785,7.398495862567115,3.87521745161191,0.4838709677419355,0.0625,0.5161290322580645,1.44934569909549,1.3836765966084255,0
user_4723,2021-03-14 21:14:00,20,7,8,0,3,3,6,14,15,6,19,6,1,3.672352383923323,2.983882840033991,8.851945047135438,0.38095238095238093,0.0,0.3333333333333333,0.40635904996958305,1.9864924054089057,0
user_4724,2021-04-09 09:42:00,20,8,13,2,2,3,11,19,18,6,13,4,0,2.6462148030928736,5.693355673317201,5.865660874128326,0.6190476190476191,0.14285714285714285,0.38095238095238093,1.8117385216050816,0.9685931007415682,0
user_4725,2021-04-20 01:44:00,22,12,6,3,2,2,15,12,9,15,7,1,0,5.512281067331855,1.1260241037914342,9.54132274620842,0.2608695652173913,0.42857142857142855,0.5217391304347826,0.818252347181651,0.5106599070615514,0
user_4726,2021-03-14 16:59:00,14,9,11,0,1,0,19,19,7,8,18,6,1,7.759704155037831,6.806321777122104,1.8173915460480137,0.7333333333333333,0.0,0.6,1.3569782646507424,1.7907195822499755,0
user_4727,2021-04-18 02:14:00,15,9,11,2,1,0,6,13,18,6,11,6,1,4.189524974290198,0.19675398073727646,7.8140333010451855,0.6875,0.16666666666666666,0.5625,0.06559230843556985,0.7688494393055145,0
user_4728,2021-04-07 09:12:00,19,11,9,2,1,1,10,8,15,13,19,2,0,3.4721725245147494,6.0589158362678655,9.359920063548557,0.45,0.2,0.55,1.3392961734029112,0.9901989661367347,0
user_4729,2021-03-28 09:32:00,9,12,13,1,0,3,15,19,9,17,14,6,1,7.953136934030357,9.395547558912032,9.091332699567019,1.3,0.07142857142857142,1.2,0.18227006406642476,1.0531200967410155,1
user_4730,2021-02-08 02:49:00,17,17,8,0,3,1,11,16,13,18,8,0,0,8.399039577678568,9.817118362306571,6.216788323624297,0.4444444444444444,0.0,0.9444444444444444,1.697752234071962,1.5820224822549962,0
user_4731,2021-04-28 17:52:00,17,12,12,1,1,3,15,18,10,7,7,2,0,6.336540997579898,4.160271772232661,3.638285455675533,0.6666666666666666,0.07692307692307693,0.6666666666666666,1.7239498406267089,0.5601212660698731,1
user_4732,2021-03-28 06:27:00,24,8,6,2,2,0,18,12,8,17,8,6,1,3.951799605297116,7.609092685320499,5.254912449977987,0.24,0.2857142857142857,0.32,1.6668558249504213,0.09208863496511643,0
user_4733,2021-04-20 18:33:00,18,12,8,1,2,1,11,8,6,8,10,1,0,8.42759489120016,3.0803422115406187,9.737540940324948,0.42105263157894735,0.1111111111111111,0.631578947368421,0.3716838572787544,1.2217163584836719,1
user_4734,2021-02-25 11:35:00,21,15,13,1,2,2,12,17,14,14,18,3,0,5.084215970642734,4.282163833532233,4.3185333664482535,0.5909090909090909,0.07142857142857142,0.6818181818181818,0.2440015778162823,0.03349725031537698,0
user_4735,2021-04-14 11:05:00,16,8,10,2,2,1,6,19,17,7,16,2,0,5.745067371542261,2.0056886665105322,1.5204843022652426,0.5882352941176471,0.18181818181818182,0.47058823529411764,1.8373856367586667,0.8521708461850417,0
user_4736,2021-01-18 09:54:00,26,10,7,2,2,0,14,14,17,6,11,0,0,2.082448768189397,5.9403898607426004,8.721694879954889,0.25925925925925924,0.25,0.37037037037037035,1.4838044195338482,0.7318857499011593,1
user_4737,2021-04-04 01:48:00,18,17,11,1,1,0,5,14,8,11,9,6,1,2.1166694250230558,8.3271605073223,3.6014182810326445,0.5789473684210527,0.08333333333333333,0.8947368421052632,1.8448491558812044,0.765730489229363,0
user_4738,2021-02-03 18:09:00,18,18,11,0,0,0,8,15,18,14,16,2,0,5.140664520921751,5.839155862024869,8.516936653489633,0.5789473684210527,0.0,0.9473684210526315,0.7936981182722556,0.28112176860160654,0
user_4739,2021-01-13 05:46:00,17,11,12,2,2,1,9,19,9,9,7,2,0,2.200206791766374,0.9453701521472135,9.675472935608685,0.6666666666666666,0.15384615384615385,0.6111111111111112,0.6710198493875617,0.33627915859616,0
user_4740,2021-03-15 06:27:00,17,8,18,1,0,1,8,14,13,5,10,0,0,3.559449668577596,0.18186148023189297,5.589701780707069,1.0,0.05263157894736842,0.4444444444444444,0.25013597270919274,1.4545817767646771,0
user_4741,2021-01-14 22:12:00,14,10,14,1,0,2,8,15,11,17,19,3,0,1.2371377447333098,4.448840749887568,7.777536159344398,0.9333333333333333,0.06666666666666667,0.6666666666666666,0.7652176169393123,0.9167985491448254,0
user_4742,2021-03-24 20:25:00,21,13,10,0,3,0,12,17,13,6,9,2,0,7.261719910718466,9.820037809631057,5.5368798106897446,0.45454545454545453,0.0,0.5909090909090909,1.0110769481512458,1.3246486474425332,0
user_4743,2021-03-01 13:33:00,21,15,12,1,2,1,17,13,15,12,11,0,0,1.3815906736179728,1.707555309532628,3.578346620813926,0.5454545454545454,0.07692307692307693,0.6818181818181818,0.9990256121631371,0.4773391281128263,0
user_4744,2021-02-20 02:23:00,20,16,10,1,2,3,11,13,6,17,11,5,1,6.475660538343609,1.6478346624914564,8.998523279954604,0.47619047619047616,0.09090909090909091,0.7619047619047619,1.764232719598849,0.3303645799657846,0
user_4745,2021-01-11 08:44:00,18,9,7,3,3,0,5,16,9,13,16,0,0,5.245848155877111,6.154957564805512,3.656449762486605,0.3684210526315789,0.375,0.47368421052631576,1.0165279375532144,0.5387026333336602,0
user_4746,2021-02-06 12:39:00,15,18,10,1,4,0,8,16,13,18,15,5,1,9.279628626198827,5.536406572389279,9.968142116908547,0.625,0.09090909090909091,1.125,1.2011562773121973,0.45593979684643715,0
user_4747,2021-01-29 15:31:00,17,22,9,0,1,1,14,18,15,9,14,4,0,0.6344465980024139,1.888210763119642,2.6995658414437567,0.5,0.0,1.2222222222222223,1.3455035873985826,0.42632508903245325,0
user_4748,2021-03-26 13:48:00,29,13,10,2,2,1,6,5,12,14,10,4,0,0.038447304356159506,8.07745811227576,8.912954783787054,0.3333333333333333,0.18181818181818182,0.43333333333333335,1.0871395378556963,0.5374595631168222,0
user_4749,2021-04-29 15:51:00,30,15,9,1,0,1,7,8,11,10,11,3,0,6.159996250062645,5.483675669500182,1.5876125424337502,0.2903225806451613,0.1,0.4838709677419355,1.3714831701317594,0.30811298809422016,0
user_4750,2021-02-19 00:34:00,15,28,6,1,2,0,19,13,16,11,18,4,0,3.008382022984968,1.6193012857240352,3.539544621274833,0.375,0.14285714285714285,1.75,1.9683503105931488,1.1579873258611952,0
user_4751,2021-01-23 05:12:00,22,12,5,0,0,0,15,14,6,5,11,5,1,4.603784074588563,7.177877711963257,3.1029923657729546,0.21739130434782608,0.0,0.5217391304347826,1.4564374174027312,0.3242769536317216,0
user_4752,2021-02-09 09:23:00,20,11,7,1,2,1,5,5,8,19,18,1,0,4.320955000406348,7.45380455300965,1.4499564371209144,0.3333333333333333,0.125,0.5238095238095238,0.8347176606738385,1.200228085667072,0
user_4753,2021-04-26 16:01:00,17,13,14,2,0,2,11,15,10,8,14,0,0,5.394439148059335,5.0447105778204335,3.2006008578246194,0.7777777777777778,0.13333333333333333,0.7222222222222222,0.9379498443732601,1.5359063651054208,0
user_4754,2021-01-16 09:27:00,12,14,11,1,0,0,18,18,19,6,19,5,1,4.8033912395348635,8.917968542974656,6.216793014291079,0.8461538461538461,0.08333333333333333,1.0769230769230769,0.14729066762159704,0.18988070775602184,0
user_4755,2021-03-15 01:38:00,19,10,7,1,2,1,11,7,12,8,7,0,0,5.040664474853044,0.45826217002775227,4.396112961035419,0.35,0.125,0.5,0.3091469302686878,1.921487664666327,0
user_4756,2021-04-26 21:07:00,22,16,8,1,1,2,16,14,9,13,17,0,0,7.0436705361629475,9.067878426608898,6.634344221766837,0.34782608695652173,0.1111111111111111,0.6956521739130435,0.1870041023145319,0.2320426861425906,0
user_4757,2021-01-30 02:15:00,20,13,12,0,1,3,12,10,16,6,11,5,1,7.287440148598855,1.6138949441010753,6.701659238782179,0.5714285714285714,0.0,0.6190476190476191,0.14936035341195963,0.5207447476738005,0
user_4758,2021-02-21 15:23:00,19,12,11,0,5,1,14,8,10,6,11,6,1,8.489465414524249,7.2455745776949145,2.4275946502367005,0.55,0.0,0.6,0.13405471545547343,0.9158296816594274,0
user_4759,2021-02-19 16:05:00,12,11,18,3,1,4,17,8,18,17,19,4,0,0.8738178531654228,0.5233698035746648,7.666324355298765,1.3846153846153846,0.15789473684210525,0.8461538461538461,0.8925134925565239,0.22045990479590838,0
user_4760,2021-02-21 00:26:00,21,16,9,1,4,2,6,9,10,16,18,6,1,8.080697799489728,2.6140741013225224,6.990605887660729,0.4090909090909091,0.1,0.7272727272727273,1.4861571640070061,1.1137190275448443,1
user_4761,2021-04-25 23:06:00,23,20,13,1,5,2,19,7,18,17,14,6,1,2.370918620056365,8.15989689375778,3.6039491511271837,0.5416666666666666,0.07142857142857142,0.8333333333333334,1.4952509570670107,0.6567602374616752,0
user_4762,2021-02-17 22:49:00,17,11,6,0,0,1,12,19,18,15,13,2,0,2.6827203281320666,2.3009478823738916,2.57266760466843,0.3333333333333333,0.0,0.6111111111111112,1.82649762886583,0.21276231963049508,0
user_4763,2021-01-14 03:50:00,21,14,10,2,4,1,13,11,5,12,8,3,0,3.378910070609197,0.7008581833507666,8.538068757141101,0.45454545454545453,0.18181818181818182,0.6363636363636364,0.294485335911558,0.7431369593482695,0
user_4764,2021-02-16 15:22:00,28,12,9,1,4,0,15,10,9,15,9,1,0,1.8649015945867187,0.581107727205532,2.564260727932857,0.3103448275862069,0.1,0.41379310344827586,1.4174749539980893,0.2762125547110712,0
user_4765,2021-01-01 11:51:00,15,12,6,1,2,0,12,15,18,16,9,4,0,2.395526335253982,7.416475282272545,5.654530440852885,0.375,0.14285714285714285,0.75,0.5407184561338898,1.822180374739372,0
user_4766,2021-03-19 01:37:00,23,12,4,1,2,1,11,11,15,13,13,4,0,7.065942228308612,2.6055526718896003,1.5432073385323413,0.16666666666666666,0.2,0.5,1.6147270586119333,0.9353294041451206,1
user_4767,2021-02-20 12:04:00,14,16,6,1,3,0,17,10,17,12,14,5,1,2.193687176161977,0.9541789977278137,5.461504471940135,0.4,0.14285714285714285,1.0666666666666667,0.2042695578293099,1.5491472070583359,0
user_4768,2021-02-18 21:05:00,12,17,7,2,0,1,6,13,7,16,10,3,0,9.138513826995618,0.4010497027561022,7.370935974516332,0.5384615384615384,0.25,1.3076923076923077,0.5279434412355757,1.7844469152280977,0
user_4769,2021-01-29 10:07:00,16,13,8,1,0,1,8,18,10,6,8,4,0,3.9162968442223747,9.292657335417106,7.8887929614393215,0.47058823529411764,0.1111111111111111,0.7647058823529411,1.3401870232283017,0.654773131450251,0
user_4770,2021-04-19 03:03:00,29,11,5,0,2,1,19,13,6,9,14,0,0,4.158126454177589,0.0800536841581212,9.641080014626525,0.16666666666666666,0.0,0.36666666666666664,0.3475266994186148,0.39281140825047545,0
user_4771,2021-03-02 06:12:00,16,14,11,2,1,0,19,5,11,13,6,1,0,1.867615906529384,6.9857069084526255,7.2687072813117,0.6470588235294118,0.16666666666666666,0.8235294117647058,0.32313020827179617,0.8520924123353002,0
user_4772,2021-02-14 08:01:00,15,14,9,1,1,1,7,6,10,8,7,6,1,8.557697554991272,8.889084486604641,6.247133200579549,0.5625,0.1,0.875,1.493418886203059,1.3567476422724698,0
user_4773,2021-02-14 09:02:00,23,13,15,1,0,2,16,13,18,17,14,6,1,5.14427776124932,3.760894687609564,4.026746798694365,0.625,0.0625,0.5416666666666666,1.5511720009902772,0.37894538725830507,0
user_4774,2021-03-09 15:29:00,20,10,5,1,2,1,10,6,16,7,14,1,0,1.3348897100071588,6.938844588123686,2.536772713587974,0.23809523809523808,0.16666666666666666,0.47619047619047616,0.3744958766565367,0.9318338535643977,0
user_4775,2021-01-03 00:34:00,20,15,10,2,3,0,12,9,13,12,5,6,1,9.012722259381752,5.050552495695343,5.356634583342045,0.47619047619047616,0.18181818181818182,0.7142857142857143,1.382488628261401,1.205758410253485,0
user_4776,2021-03-11 04:13:00,15,13,12,1,1,1,13,18,5,5,13,3,0,4.749536251823017,0.4220654500059595,1.1037998535975524,0.75,0.07692307692307693,0.8125,0.3261640055367354,0.24083617985886097,0
user_4777,2021-01-12 20:48:00,22,10,9,2,2,0,11,10,11,8,7,1,0,2.3493872580095965,1.352903532776586,1.619540030035594,0.391304347826087,0.2,0.43478260869565216,0.9274109045418797,0.8581429396916886,0
user_4778,2021-04-29 12:05:00,23,16,11,2,1,1,5,6,17,7,17,3,0,6.782714365759506,5.835735652953287,8.580621457382275,0.4583333333333333,0.16666666666666666,0.6666666666666666,0.5372485018685127,1.0800904835036516,0
user_4779,2021-01-04 10:03:00,28,11,10,3,1,1,13,13,6,12,14,0,0,0.5066731345948949,4.99504386663252,3.363732399730539,0.3448275862068966,0.2727272727272727,0.3793103448275862,0.37449870747247926,1.7547993307897338,0
user_4780,2021-01-08 22:54:00,15,14,9,3,0,1,15,13,9,6,6,4,0,9.472092770835038,0.04947066906943354,2.4147607739845913,0.5625,0.3,0.875,1.6100048017054656,0.7083882998121378,0
user_4781,2021-01-22 11:12:00,25,18,7,1,0,1,10,16,16,14,17,4,0,2.319565818407714,6.93421659636618,1.1439168305618237,0.2692307692307692,0.125,0.6923076923076923,1.8827817991617646,1.0053383861727883,0
user_4782,2021-04-01 18:25:00,24,16,10,1,6,0,11,6,15,12,17,3,0,1.4951956437305347,8.912944199050974,1.2079607836918038,0.4,0.09090909090909091,0.64,1.346479656788298,1.2368602974156302,0
user_4783,2021-03-14 19:14:00,22,6,10,2,3,0,13,7,11,10,6,6,1,0.06929599381855889,8.170031793585673,5.671882673849541,0.43478260869565216,0.18181818181818182,0.2608695652173913,1.2700933149612539,0.8937387964055765,0
user_4784,2021-04-25 15:09:00,26,23,7,0,1,0,12,10,7,7,14,6,1,4.5223183408637855,7.196207573548092,8.545234738710576,0.25925925925925924,0.0,0.8518518518518519,0.8898641209792051,0.6832703876842869,1
user_4785,2021-01-25 09:57:00,19,17,7,2,2,1,19,16,5,16,5,0,0,8.892186636620936,6.437913651373531,1.1056373873559604,0.35,0.25,0.85,1.0845108443243674,0.965290772495772,1
user_4786,2021-04-07 00:05:00,19,18,7,1,1,2,13,19,14,5,6,2,0,5.47540163099177,8.041978008638036,8.171619618227338,0.35,0.125,0.9,1.845670436374032,0.4271251738330739,0
user_4787,2021-01-02 13:53:00,24,27,12,0,4,1,14,10,14,14,15,5,1,1.3473432964675391,7.5589484380084055,1.7749899115382601,0.48,0.0,1.08,1.9507511172045597,0.7687127942085918,0
user_4788,2021-04-14 20:23:00,20,16,14,0,3,1,12,18,8,8,12,2,0,7.717996009089935,9.094743164661038,8.321964740071355,0.6666666666666666,0.0,0.7619047619047619,1.2623055548882183,1.3572970620936202,0
user_4789,2021-03-28 07:58:00,21,21,6,0,3,2,9,12,7,5,12,6,1,4.283176326661019,7.210515065542344,8.443646244733348,0.2727272727272727,0.0,0.9545454545454546,0.4708038108263788,1.4557703560818336,0
user_4790,2021-04-02 17:55:00,25,14,5,2,1,0,12,19,13,12,19,4,0,1.7757645880990847,6.058125496105163,6.327681909967372,0.19230769230769232,0.3333333333333333,0.5384615384615384,1.1893820708841902,1.4657314865072202,0
user_4791,2021-02-18 09:39:00,16,12,14,2,1,2,10,15,14,9,8,3,0,4.964580663416751,6.0613302683477785,2.2011167440222854,0.8235294117647058,0.13333333333333333,0.7058823529411765,0.1806514340369174,1.1613247952562278,0
user_4792,2021-02-13 07:21:00,23,13,15,0,4,1,14,13,17,16,18,5,1,1.1026755227619156,7.5563145947802415,5.699576877319645,0.625,0.0,0.5416666666666666,1.7076034966000668,1.8049525523267531,0
user_4793,2021-03-21 22:19:00,20,17,8,3,3,0,18,7,6,11,14,6,1,1.4705708929493255,5.0995391211571715,4.447199872986573,0.38095238095238093,0.3333333333333333,0.8095238095238095,1.90789195500641,1.4120318262649147,1
user_4794,2021-02-05 19:28:00,15,21,7,1,0,0,12,18,16,19,10,4,0,8.63721966372659,5.003513123699474,6.649156659932613,0.4375,0.125,1.3125,1.954031872931231,1.2604296362071574,0
user_4795,2021-04-11 03:22:00,16,15,13,3,1,2,17,16,11,16,9,6,1,9.452233722084124,0.19613536559481948,4.409442099967157,0.7647058823529411,0.21428571428571427,0.8823529411764706,1.1185967084233015,1.1573538150130396,0
user_4796,2021-01-12 20:20:00,14,13,9,1,2,0,17,15,11,5,8,1,0,7.239890955936097,5.24582539540107,6.791562603641621,0.6,0.1,0.8666666666666667,1.594844994814369,0.5622886922307093,0
user_4797,2021-04-13 03:51:00,21,10,11,0,1,0,11,18,17,16,6,1,0,0.713815203507826,7.264834564926059,2.876401895684592,0.5,0.0,0.45454545454545453,1.997378590073935,1.4401999430101908,0
user_4798,2021-03-05 15:11:00,25,13,13,1,0,3,17,9,8,10,11,4,0,0.023218131585341917,6.58827372770879,1.8950546270614312,0.5,0.07142857142857142,0.5,0.052163181021530614,1.0164548548765024,0
user_4799,2021-04-17 23:39:00,20,10,18,0,2,0,9,5,8,18,5,5,1,9.270222602017707,6.287756025844761,1.9618527118222242,0.8571428571428571,0.0,0.47619047619047616,1.067727525142524,0.4160934707111672,0
user_4800,2021-03-24 18:33:00,17,11,9,0,1,2,14,8,14,17,17,2,0,1.8443838170808213,1.4770485622602114,4.7159718224054465,0.5,0.0,0.6111111111111112,0.9816326102204234,1.9318763267384318,0
user_4801,2021-02-06 07:23:00,16,18,8,2,1,2,5,14,9,9,19,5,1,5.1747791688750935,8.888921918865947,8.055376482915763,0.47058823529411764,0.2222222222222222,1.0588235294117647,0.2327812214030156,0.491439304720813,0
user_4802,2021-01-30 07:38:00,20,23,9,1,2,1,17,8,17,8,7,5,1,2.315115190948479,5.651492094163881,1.8267300435029257,0.42857142857142855,0.1,1.0952380952380953,1.6613596369358345,0.876714956475581,0
user_4803,2021-04-11 16:27:00,22,12,15,2,2,3,18,18,16,17,7,6,1,2.8235145897864578,6.269231967373271,9.840579721735974,0.6521739130434783,0.125,0.5217391304347826,1.4700063245035897,0.014079603459397738,0
user_4804,2021-04-22 08:37:00,23,15,6,0,1,1,17,13,18,8,19,3,0,3.8169388091524636,5.386880621117322,7.1391428746813546,0.25,0.0,0.625,0.854008935581599,0.9669734278688269,0
user_4805,2021-04-12 18:26:00,16,15,9,2,2,0,18,8,10,8,13,0,0,9.224969499215572,1.5040837724499978,4.231498921556357,0.5294117647058824,0.2,0.8823529411764706,1.2458338631426853,0.49531826745737617,0
user_4806,2021-01-03 17:44:00,17,7,13,2,2,0,8,11,12,17,10,6,1,6.413818431215503,0.45912348164189765,7.63585604099625,0.7222222222222222,0.14285714285714285,0.3888888888888889,0.7306508412739132,0.47535742546060655,1
user_4807,2021-02-01 11:41:00,22,14,10,2,1,0,13,11,17,14,8,0,0,6.550384210885793,0.4973675446214654,8.441712439511852,0.43478260869565216,0.18181818181818182,0.6086956521739131,1.8342864089060855,0.5106935936697603,0
user_4808,2021-03-25 22:06:00,20,18,10,1,4,2,15,9,14,11,11,3,0,0.5356188137839646,1.782809930657453,5.316581342590144,0.47619047619047616,0.09090909090909091,0.8571428571428571,1.3915782004814452,1.9575643269319547,0
user_4809,2021-02-01 08:48:00,21,20,6,1,4,0,13,8,15,19,13,0,0,2.3470005313624687,8.482844419680255,5.142970171345606,0.2727272727272727,0.14285714285714285,0.9090909090909091,0.9573514749842635,1.506180236005147,0
user_4810,2021-04-12 20:22:00,22,7,8,0,1,1,15,18,13,10,11,0,0,9.31080857091183,7.352994240309156,6.856828658673964,0.34782608695652173,0.0,0.30434782608695654,1.5045893570633004,0.7102430520621696,0
user_4811,2021-03-29 23:24:00,15,16,12,2,0,1,14,5,13,8,6,0,0,3.2732420931450634,2.007639971930546,1.8215545399794828,0.75,0.15384615384615385,1.0,0.8968219560607895,0.8503824057435898,0
user_4812,2021-03-10 00:23:00,19,15,9,2,1,1,8,7,14,19,15,2,0,2.575940729410884,8.106169143900841,3.5369603096002127,0.45,0.2,0.75,0.10413502789175477,0.27642938825839924,0
user_4813,2021-01-26 03:33:00,27,14,11,0,3,0,17,7,6,18,17,1,0,7.415160615384102,9.401065754830535,3.1483387260293196,0.39285714285714285,0.0,0.5,1.4627786911425393,1.849793765149202,0
user_4814,2021-03-25 15:59:00,20,12,10,0,4,1,12,14,13,16,9,3,0,7.024275985037939,1.1231366161448264,7.75722115415187,0.47619047619047616,0.0,0.5714285714285714,1.8326449747500095,0.7612296669591745,0
user_4815,2021-03-01 20:33:00,20,13,6,2,1,1,14,16,14,6,17,0,0,0.8205179673126917,3.422034740571732,2.5277895217889212,0.2857142857142857,0.2857142857142857,0.6190476190476191,0.8805859011221238,1.4918518723762313,0
user_4816,2021-03-04 18:50:00,24,15,7,0,2,0,19,14,16,10,15,3,0,9.268046460668778,0.6566182219890049,9.4148607387038,0.28,0.0,0.6,1.5145225788399936,0.27474775744221613,0
user_4817,2021-03-11 18:34:00,22,14,10,1,7,1,16,18,11,19,12,3,0,8.286768404637382,9.83477962668254,3.2497363070375282,0.43478260869565216,0.09090909090909091,0.6086956521739131,1.5592308410435225,1.8942568422871862,0
user_4818,2021-04-08 02:54:00,23,21,15,0,2,1,10,13,12,8,7,3,0,9.615368211449782,0.3975486047370669,6.179921893718535,0.625,0.0,0.875,0.2373443774887849,1.8405706605248267,1
user_4819,2021-01-11 04:41:00,13,12,11,1,1,3,8,16,14,17,5,0,0,3.01973766819581,4.680851728063306,3.25124851411775,0.7857142857142857,0.08333333333333333,0.8571428571428571,1.9538813525249443,1.9865714931734995,0
user_4820,2021-04-11 14:57:00,18,13,9,1,0,1,17,5,7,14,5,6,1,5.555279053507466,8.721802188875117,3.5848926160340993,0.47368421052631576,0.1,0.6842105263157895,0.8424867709110966,1.1441086130879885,0
user_4821,2021-04-22 23:11:00,23,21,7,0,2,0,19,19,18,10,5,3,0,0.026809432588887905,1.843732840128699,4.177594467813902,0.2916666666666667,0.0,0.875,0.7823839858310506,0.24879376746704218,1
user_4822,2021-03-25 00:33:00,29,16,7,2,3,1,11,6,6,15,13,3,0,1.0956768537133932,0.08811338275549474,6.376645692720645,0.23333333333333334,0.25,0.5333333333333333,1.9973431005889966,1.2213336636044052,0
user_4823,2021-02-22 07:21:00,22,13,14,1,4,0,16,18,17,6,14,0,0,1.305096388728767,0.8731897761021212,2.5299777112657043,0.6086956521739131,0.06666666666666667,0.5652173913043478,0.5473581244238366,0.7505181236586609,0
user_4824,2021-01-16 02:56:00,11,17,12,2,1,2,18,17,5,14,8,5,1,5.289908381116961,9.28122200573818,8.860015929165895,1.0,0.15384615384615385,1.4166666666666667,0.8761976840638714,0.6280369099593122,0
user_4825,2021-03-14 14:13:00,17,18,9,1,5,2,17,6,19,14,10,6,1,9.105099545339634,2.894260749290092,1.696194297693169,0.5,0.1,1.0,0.74486658666153,0.3854243722200774,1
user_4826,2021-02-17 23:06:00,27,15,12,3,1,3,10,17,12,11,10,2,0,7.413479711555668,6.317621157725718,3.4090691249847818,0.42857142857142855,0.23076923076923078,0.5357142857142857,1.440145201096214,1.1756865047262144,0
user_4827,2021-02-26 14:50:00,23,8,14,2,3,1,12,18,16,6,19,4,0,1.1436634341662177,6.268102657878909,5.740768151342121,0.5833333333333334,0.13333333333333333,0.3333333333333333,0.25347242487601296,1.870811873638399,0
user_4828,2021-01-19 09:52:00,24,16,12,2,2,0,18,17,7,13,10,1,0,4.127632271153418,1.8362616835621681,3.303734052838764,0.48,0.15384615384615385,0.64,0.9517206838681855,0.40073984722035494,0
user_4829,2021-04-28 14:25:00,16,19,10,2,1,0,12,5,5,8,5,2,0,2.9296288832067043,4.311756157847572,4.294612605401685,0.5882352941176471,0.18181818181818182,1.1176470588235294,0.12984495942814012,0.9279424441211455,0
user_4830,2021-01-29 02:21:00,25,9,10,1,0,0,11,8,8,10,6,4,0,3.0771119220153063,4.065778147204762,7.553762252487479,0.38461538461538464,0.09090909090909091,0.34615384615384615,0.08098622572904501,1.6124210728608719,0
user_4831,2021-04-18 01:41:00,30,13,10,1,5,1,9,10,6,15,14,6,1,1.5333808014700734,1.965780481714915,9.777808091575785,0.3225806451612903,0.09090909090909091,0.41935483870967744,1.5925247031470897,1.2316064367736654,0
user_4832,2021-04-02 16:34:00,17,11,9,1,2,2,19,14,14,18,16,4,0,8.623815661946509,3.848565585450461,5.091902850847658,0.5,0.1,0.6111111111111112,1.9847049930818939,0.9012227351310562,0
user_4833,2021-02-16 03:47:00,17,17,14,1,0,1,13,19,18,14,13,1,0,4.620706407694909,0.25818107035029736,8.452076492425965,0.7777777777777778,0.06666666666666667,0.9444444444444444,1.1126773177993576,1.7914356826510132,0
user_4834,2021-03-20 06:09:00,24,15,15,3,3,2,13,6,18,11,19,5,1,4.899210865060523,8.952390832169648,1.4692629357526128,0.6,0.1875,0.6,1.8956740935788086,1.4850828944041055,0
user_4835,2021-01-17 08:30:00,22,11,12,2,3,2,7,5,12,17,19,6,1,2.9020461895808025,1.510711910998075,6.439547848921375,0.5217391304347826,0.15384615384615385,0.4782608695652174,0.31073366440916184,1.0810081159698963,0
user_4836,2021-03-12 16:08:00,13,11,10,2,2,2,18,15,14,15,7,4,0,5.5496113083002765,9.896712546775937,6.925730254277672,0.7142857142857143,0.18181818181818182,0.7857142857142857,0.34609688637047475,1.661957915033366,0
user_4837,2021-02-24 12:20:00,17,19,9,3,0,2,6,5,8,5,7,2,0,3.8966872510978448,1.3344505782868177,5.4125141593544175,0.5,0.3,1.0555555555555556,1.8159126135536638,1.1087941017010885,0
user_4838,2021-03-24 07:27:00,26,21,12,2,3,0,6,17,7,13,13,2,0,3.405065108361185,1.1788023292301208,6.0462542984247225,0.4444444444444444,0.15384615384615385,0.7777777777777778,1.3748878632575579,0.9811065984203202,1
user_4839,2021-04-24 08:29:00,20,10,7,0,1,1,19,10,19,15,9,5,1,0.1349410715608057,0.5990769158447307,6.949578068899711,0.3333333333333333,0.0,0.47619047619047616,0.627587847103964,1.973339578741994,0
user_4840,2021-04-10 18:29:00,37,17,12,1,2,2,15,18,5,17,8,5,1,0.6590311291992945,5.988552000101941,2.4996889924919454,0.3157894736842105,0.07692307692307693,0.4473684210526316,0.035351657211930565,0.3500166720212692,0
user_4841,2021-02-27 14:05:00,23,20,8,1,2,3,9,13,14,19,9,5,1,4.417753895626509,3.216949395395392,9.451348984864753,0.3333333333333333,0.1111111111111111,0.8333333333333334,0.4442889962253225,0.4059098038627076,0
user_4842,2021-01-12 10:14:00,22,18,8,1,4,0,12,10,12,10,18,1,0,9.98705277899804,1.958699509106192,4.723627809658106,0.34782608695652173,0.1111111111111111,0.782608695652174,0.6626065378111097,0.9556577671005473,0
user_4843,2021-04-03 09:16:00,17,20,7,1,1,1,11,12,6,18,13,5,1,8.40368416468542,1.2826744391820666,4.393270659336621,0.3888888888888889,0.125,1.1111111111111112,0.8810388342899567,0.4019858941168406,0
user_4844,2021-02-06 22:31:00,18,11,14,1,1,2,18,14,16,18,7,5,1,8.036013385417778,4.791627801895943,9.157582096420205,0.7368421052631579,0.06666666666666667,0.5789473684210527,0.46360087337332545,0.9113936742106945,0
user_4845,2021-02-01 12:55:00,19,15,6,1,0,1,15,14,18,8,14,0,0,2.4824730150756444,0.5103059800958865,7.717077423391554,0.3,0.14285714285714285,0.75,1.9811893331700898,0.6688661715232851,0
user_4846,2021-02-26 23:57:00,20,13,14,1,1,1,6,16,6,19,12,4,0,6.144488896008192,6.521048514231742,2.951423760277642,0.6666666666666666,0.06666666666666667,0.6190476190476191,0.11195016988629303,0.009271111231411222,0
user_4847,2021-02-06 11:35:00,22,8,5,2,3,1,6,9,5,6,8,5,1,2.5959497577441026,9.731392951154676,9.262585384360454,0.21739130434782608,0.3333333333333333,0.34782608695652173,1.84479544064718,0.8122859184092253,0
user_4848,2021-03-30 13:56:00,18,19,14,2,1,0,18,15,9,16,5,1,0,9.345007199084527,6.566812460371838,6.99619781495856,0.7368421052631579,0.13333333333333333,1.0,0.21749872856789731,1.252904694360667,0
user_4849,2021-03-22 19:34:00,15,13,8,1,0,0,5,9,10,17,12,0,0,9.880560406850767,6.668803639952251,7.664580629496401,0.5,0.1111111111111111,0.8125,1.9005191344156807,0.6123397026024513,1
user_4850,2021-03-23 04:34:00,28,14,11,2,4,0,7,8,13,10,10,1,0,5.637904564029359,1.718647603668657,8.866110887223623,0.3793103448275862,0.16666666666666666,0.4827586206896552,1.2644382385055333,0.7855603027079496,0
user_4851,2021-04-12 18:24:00,26,15,15,2,0,2,6,12,7,11,18,0,0,4.298238248561096,0.1795922347317247,4.842923032607146,0.5555555555555556,0.125,0.5555555555555556,1.6700274316721204,0.2764345137380557,0
user_4852,2021-04-08 00:32:00,21,17,5,0,2,0,11,14,17,7,6,3,0,4.6903756557674505,8.141748598036525,6.916800172188669,0.22727272727272727,0.0,0.7727272727272727,1.718478331054617,0.011075126454040518,0
user_4853,2021-03-30 14:53:00,13,17,10,0,0,0,17,6,19,11,10,1,0,6.9171438608971645,2.695973848251334,8.936971505755618,0.7142857142857143,0.0,1.2142857142857142,0.6835067815755032,0.14963311666832002,0
user_4854,2021-01-10 03:30:00,19,10,9,1,2,2,18,14,8,7,18,6,1,8.791485274069167,6.443812172912784,2.0232056723306147,0.45,0.1,0.5,1.4685133472515473,0.9773032696204254,0
user_4855,2021-01-15 20:50:00,19,9,11,0,6,1,5,12,10,5,9,4,0,6.435798031713072,4.538660181593576,2.526847118152545,0.55,0.0,0.45,0.6859193624736848,0.13828475646985883,1
user_4856,2021-04-15 20:13:00,18,10,12,0,4,1,12,5,15,15,9,3,0,9.95716568858511,3.3903732175823587,2.9156968697382895,0.631578947368421,0.0,0.5263157894736842,1.287871861092378,1.5682625975389748,0
user_4857,2021-03-22 00:31:00,21,11,8,0,1,1,18,14,11,10,19,0,0,0.9736376893582444,4.4894874968791445,5.668656749676281,0.36363636363636365,0.0,0.5,1.0954593444287033,1.6530308082695035,0
user_4858,2021-01-10 16:19:00,19,14,9,1,2,1,18,10,17,16,16,6,1,1.83891413641749,0.4608534121486596,7.759237640617585,0.45,0.1,0.7,0.7753321807997386,1.6238600505785679,0
user_4859,2021-04-20 09:02:00,22,13,18,1,3,2,10,18,6,10,9,1,0,7.2526863451657775,4.176657584515314,7.910049374671923,0.782608695652174,0.05263157894736842,0.5652173913043478,0.3647724160722461,0.8908332890327171,0
user_4860,2021-03-18 06:31:00,12,18,9,0,2,0,19,13,14,11,13,3,0,8.793221632321497,8.48176808789476,9.044489829831388,0.6923076923076923,0.0,1.3846153846153846,0.901570334526705,0.6408450360222606,0
user_4861,2021-03-28 22:43:00,23,10,10,0,5,1,12,8,5,10,7,6,1,6.754168782618665,9.466328713369967,8.923640893963183,0.4166666666666667,0.0,0.4166666666666667,0.8967433730579202,1.9617729034389715,0
user_4862,2021-03-21 20:03:00,6,14,6,1,0,0,19,5,15,13,14,6,1,7.037540354162758,9.022886380399472,7.5248071287971054,0.8571428571428571,0.14285714285714285,2.0,1.576779283017823,0.087824955140124,0
user_4863,2021-04-17 06:05:00,22,12,4,0,3,1,11,10,18,19,18,5,1,2.995280426051523,3.469581207741662,8.49064605214744,0.17391304347826086,0.0,0.5217391304347826,1.5711756301923308,1.0838036392061126,1
user_4864,2021-01-19 03:09:00,25,14,11,1,4,0,13,11,8,15,14,1,0,7.067065342588109,7.8972367372097905,2.3895042805285747,0.4230769230769231,0.08333333333333333,0.5384615384615384,0.6107508468826246,1.719574021595791,0
user_4865,2021-02-16 14:03:00,20,16,10,2,5,0,6,6,19,7,13,1,0,9.492542296228853,9.905843519720005,2.124141329074533,0.47619047619047616,0.18181818181818182,0.7619047619047619,1.7051198718993068,0.48445119581515605,0
user_4866,2021-03-17 01:50:00,21,11,11,0,1,1,14,5,7,15,19,2,0,8.864296450275141,1.5932360195180417,4.4370205862294885,0.5,0.0,0.5,0.715106845109517,1.5823369311000495,0
user_4867,2021-04-18 05:58:00,18,16,10,1,2,0,11,9,19,14,8,6,1,6.960914829028378,1.2205748490196244,2.6142172708688736,0.5263157894736842,0.09090909090909091,0.8421052631578947,1.2228521503882628,0.4873208685426573,0
user_4868,2021-02-17 05:11:00,22,16,11,2,2,3,19,18,8,11,13,2,0,1.4640253270162917,4.202594685175494,9.448658769113944,0.4782608695652174,0.16666666666666666,0.6956521739130435,0.9032423016564344,0.29584135826894964,0
user_4869,2021-04-28 04:59:00,23,13,14,1,1,1,19,17,12,13,10,2,0,8.014955897044631,1.4895085623936566,2.941065811040777,0.5833333333333334,0.06666666666666667,0.5416666666666666,0.44433356824336134,0.3502846612035806,0
user_4870,2021-03-28 01:30:00,15,6,9,3,1,1,16,15,17,5,13,6,1,4.7657824398820114,8.181598264949788,9.579121658168757,0.5625,0.3,0.375,1.1271250003417637,1.4181092494311731,0
user_4871,2021-04-07 00:16:00,20,17,13,0,2,1,5,7,14,13,18,2,0,1.0891748462214879,5.0486226061545985,8.609311381171707,0.6190476190476191,0.0,0.8095238095238095,0.8169561766791467,1.6384185117235974,0
user_4872,2021-03-18 05:00:00,23,14,8,1,1,0,13,8,10,7,7,3,0,6.822551375367176,8.914888303021211,4.524570058523803,0.3333333333333333,0.1111111111111111,0.5833333333333334,0.2327668961690843,1.3507518222142403,0
user_4873,2021-02-14 00:34:00,21,16,6,0,1,0,19,6,11,13,17,6,1,7.36107982541615,6.903774498514309,2.972083046319992,0.2727272727272727,0.0,0.7272727272727273,0.6227774516522915,0.02762548752849292,0
user_4874,2021-04-27 04:43:00,25,20,13,1,4,1,11,14,10,16,14,1,0,5.4636219647086985,1.833660580918982,9.739372043078328,0.5,0.07142857142857142,0.7692307692307693,1.3798278157011679,1.7064037632737976,0
user_4875,2021-04-08 12:23:00,14,15,11,1,0,1,17,12,12,18,5,3,0,4.842305730646446,5.0046669028833835,9.542343494147985,0.7333333333333333,0.08333333333333333,1.0,0.9906730989055927,1.9460156827308714,0
user_4876,2021-02-28 02:24:00,12,17,9,1,1,1,18,5,12,11,9,6,1,3.7151511318777564,1.940236611180809,4.006621889476589,0.6923076923076923,0.1,1.3076923076923077,1.6769068336142015,0.5957465073746164,0
user_4877,2021-02-14 17:45:00,26,16,4,0,3,0,9,5,14,6,19,6,1,9.939738982066547,8.14474540427985,7.580308859589268,0.14814814814814814,0.0,0.5925925925925926,0.6725602392155825,1.4147245987940051,0
user_4878,2021-01-18 18:21:00,22,8,7,0,2,0,19,15,15,6,19,0,0,5.6420200369817906,7.24560408356898,9.328293981746953,0.30434782608695654,0.0,0.34782608695652173,1.3565936430415855,1.448388313935027,0
user_4879,2021-04-15 12:38:00,14,21,4,1,2,0,16,18,5,14,5,3,0,6.4547372841036035,1.5696892404415774,8.11901017269886,0.26666666666666666,0.2,1.4,1.8784024419309997,1.806650554849931,0
user_4880,2021-03-09 12:40:00,14,20,11,0,2,0,6,13,19,18,10,1,0,1.300939273675319,1.659507305478919,9.41675653086882,0.7333333333333333,0.0,1.3333333333333333,0.855560377436936,1.4694679806914823,1
user_4881,2021-03-21 11:57:00,23,15,8,1,1,1,5,16,9,13,10,6,1,9.877870634101269,2.5071479093777684,4.476164641877066,0.3333333333333333,0.1111111111111111,0.625,1.4174925105839131,1.8063589351815397,0
user_4882,2021-03-27 22:22:00,25,16,8,0,2,0,18,11,15,9,8,5,1,3.261393741348566,7.613628247778338,4.1277819178121025,0.3076923076923077,0.0,0.6153846153846154,0.853640326675174,0.31331640251975656,1
user_4883,2021-02-07 11:49:00,20,15,7,1,1,0,17,6,11,6,14,6,1,9.989648249048885,9.957082080320497,3.286953727201456,0.3333333333333333,0.125,0.7142857142857143,0.4072666849586515,0.5513882496858202,0
user_4884,2021-02-24 21:18:00,23,11,8,1,2,1,10,13,6,9,9,2,0,6.53243881177489,9.068586403312452,9.011497877359881,0.3333333333333333,0.1111111111111111,0.4583333333333333,0.3688173303307929,0.2226393671846223,0
user_4885,2021-01-19 23:58:00,20,15,14,1,3,0,11,13,11,8,7,1,0,7.192508089207,3.460199971594035,4.469227738079565,0.6666666666666666,0.06666666666666667,0.7142857142857143,0.9306528149838573,0.6104129334632233,0
user_4886,2021-04-06 15:22:00,17,22,8,1,2,2,6,19,9,13,18,1,0,8.844388760426423,4.200956496454626,4.668726075776422,0.4444444444444444,0.1111111111111111,1.2222222222222223,0.4105842846087764,1.796462406910154,0
user_4887,2021-01-29 12:49:00,14,15,11,1,1,0,15,11,11,11,17,4,0,6.134603903931527,8.755862779139877,2.007794859168966,0.7333333333333333,0.08333333333333333,1.0,1.7883838519918942,1.8797348006088446,0
user_4888,2021-04-17 09:45:00,25,12,9,0,2,0,5,17,13,14,9,5,1,8.816052307192452,0.37280277772355874,7.90250881455955,0.34615384615384615,0.0,0.46153846153846156,1.5466541112107939,1.7329792175012713,0
user_4889,2021-02-14 00:15:00,29,22,7,2,2,1,19,19,18,8,13,6,1,5.989245661803043,2.180269697514831,3.3945631803943375,0.23333333333333334,0.25,0.7333333333333333,0.4882717002563135,0.1523249195568288,0
user_4890,2021-04-29 16:56:00,20,18,15,0,4,0,18,10,10,13,7,3,0,7.418792825966516,5.45818355927338,6.084931147783137,0.7142857142857143,0.0,0.8571428571428571,0.011099599504233115,0.9558088195452441,0
user_4891,2021-02-25 22:16:00,21,16,12,0,1,3,17,18,7,12,17,3,0,3.1750259338916287,7.974489344769844,4.6342762435307,0.5454545454545454,0.0,0.7272727272727273,0.5516684481859457,1.8045948167078358,0
user_4892,2021-03-03 08:43:00,19,15,11,0,1,1,9,8,12,12,11,2,0,0.18973180028023506,9.518698626893181,9.445113723253339,0.55,0.0,0.75,0.1026988316684676,1.705757422444107,0
user_4893,2021-03-05 22:23:00,20,11,8,0,0,2,10,5,11,5,9,4,0,6.2411359685545555,5.4457330168345806,5.913446115096937,0.38095238095238093,0.0,0.5238095238095238,0.13027852494027026,0.9575452920610743,0
user_4894,2021-02-28 21:51:00,26,18,11,1,3,1,9,14,9,18,10,6,1,2.5019506766421817,4.561635447231362,2.5853724754210683,0.4074074074074074,0.08333333333333333,0.6666666666666666,0.3354082545155639,0.604169608942319,0
user_4895,2021-04-10 14:58:00,21,13,6,1,3,0,16,8,19,15,19,5,1,9.753125866433724,6.025368586801081,6.12830621665605,0.2727272727272727,0.14285714285714285,0.5909090909090909,0.06492458893835962,1.4211617127889908,1
user_4896,2021-02-21 04:04:00,13,22,7,1,0,0,7,5,5,17,18,6,1,0.7093149006190591,7.6163922704898575,9.25536756042432,0.5,0.125,1.5714285714285714,1.2841584092152531,0.20696833157415773,0
user_4897,2021-01-02 20:40:00,14,7,7,1,3,0,5,18,13,15,18,5,1,2.964315797592171,6.181785048023077,6.728668340867023,0.4666666666666667,0.125,0.4666666666666667,1.2429254487348336,1.3820588534946703,0
user_4898,2021-04-23 23:36:00,17,15,9,1,3,0,19,13,9,6,8,4,0,4.483789268388422,0.22487206312989838,6.774598386508129,0.5,0.1,0.8333333333333334,1.1820958920198994,0.33829457336443514,0
user_4899,2021-01-28 04:32:00,22,15,9,1,1,0,11,19,18,12,10,3,0,2.004676139569698,7.831015200527981,5.334633143259021,0.391304347826087,0.1,0.6521739130434783,1.5189787411306797,1.873123299556634,0
user_4900,2021-03-21 19:56:00,16,20,13,1,2,4,5,11,14,7,7,6,1,2.7677642367427824,4.5647540388333,1.3765199755688546,0.7647058823529411,0.07142857142857142,1.1764705882352942,0.40685153770251214,0.05884940005223882,0
user_4901,2021-01-06 18:00:00,20,12,11,0,6,0,5,16,12,5,18,2,0,0.09906445184884927,8.87858089095367,1.9223793965965772,0.5238095238095238,0.0,0.5714285714285714,1.0506590912070508,0.7031394486401037,0
user_4902,2021-03-13 20:10:00,17,11,8,0,2,0,14,10,13,19,14,5,1,7.749961670983705,1.9069574615815765,8.59548444908095,0.4444444444444444,0.0,0.6111111111111112,1.4126863298090062,0.5244083089671789,0
user_4903,2021-04-17 03:35:00,23,19,7,2,1,1,8,6,15,15,16,5,1,5.588425075690332,6.867129467108514,7.352071598644129,0.2916666666666667,0.25,0.7916666666666666,0.2692034361075766,1.4194037380248294,0
user_4904,2021-04-09 15:45:00,18,12,7,1,3,1,5,14,7,16,17,4,0,0.5046816297963796,9.427018993009748,9.660526413913672,0.3684210526315789,0.125,0.631578947368421,1.3663179432355945,0.2841912178329895,0
user_4905,2021-01-18 18:35:00,22,14,7,1,3,1,7,13,8,14,5,0,0,5.743605085768241,9.270747463960117,5.862194621197613,0.30434782608695654,0.125,0.6086956521739131,1.5762514148690594,0.16696260481529457,0
user_4906,2021-04-03 19:42:00,13,10,10,1,2,1,7,6,11,13,8,5,1,8.715704183612866,4.998065970728291,1.2585062001576572,0.7142857142857143,0.09090909090909091,0.7142857142857143,0.4770801239837681,0.09930843279589596,0
user_4907,2021-02-16 02:53:00,21,18,10,1,1,1,13,19,6,7,19,1,0,0.9967155575458442,1.2649722498660387,3.2849960401375387,0.45454545454545453,0.09090909090909091,0.8181818181818182,0.4028314493613381,1.997214578594155,0
user_4908,2021-02-14 20:02:00,19,14,10,2,0,3,7,6,17,12,16,6,1,4.131259117291673,5.495661892047777,6.298744295265507,0.5,0.18181818181818182,0.7,1.4471353819964952,0.3192225775100137,1
user_4909,2021-04-14 14:35:00,28,10,6,2,3,0,5,7,5,6,19,2,0,1.992380429488464,6.091912945996901,1.9290587396520633,0.20689655172413793,0.2857142857142857,0.3448275862068966,1.8694449589222994,0.7049124130905449,0
user_4910,2021-02-05 03:44:00,24,14,8,2,1,1,6,9,9,18,19,4,0,3.7128118841046884,0.08963218467898049,7.588828281755087,0.32,0.2222222222222222,0.56,1.5133113183203988,1.3352793474040547,0
user_4911,2021-02-05 07:06:00,16,13,11,0,1,0,9,7,14,11,7,4,0,0.9322656297680343,9.07889830492457,3.0582688597801284,0.6470588235294118,0.0,0.7647058823529411,0.6388294030077672,0.8201161859227231,0
user_4912,2021-03-26 01:55:00,14,9,10,2,3,0,13,7,18,18,17,4,0,4.8483641278541425,5.461701805793978,6.724847666507529,0.6666666666666666,0.18181818181818182,0.6,1.8853539627989815,0.8871687741366616,0
user_4913,2021-04-17 20:24:00,20,12,10,0,3,0,8,10,9,13,19,5,1,1.2253039951663314,0.4058855459590549,1.9017176232072115,0.47619047619047616,0.0,0.5714285714285714,0.36068773665978426,0.3166690422602434,0
user_4914,2021-01-23 21:44:00,22,19,8,1,3,0,15,17,10,14,18,5,1,5.3764713215989115,3.4777071501660983,4.109661318541514,0.34782608695652173,0.1111111111111111,0.8260869565217391,0.142856787218258,1.231212802430786,0
user_4915,2021-04-14 10:54:00,17,15,12,1,3,2,16,7,12,12,19,2,0,4.007073176125023,9.393971127139615,6.336603645731461,0.6666666666666666,0.07692307692307693,0.8333333333333334,1.9897693269842387,1.6189677607167134,0
user_4916,2021-04-25 05:20:00,15,6,12,2,1,3,11,17,19,7,16,6,1,5.557704045844488,8.811456738670858,4.1515701173303645,0.75,0.15384615384615385,0.375,1.5058987467615728,0.346987697825464,0
user_4917,2021-04-27 08:37:00,16,8,11,1,1,0,17,12,18,5,15,1,0,4.819054429174615,1.3952541168595922,4.413382474960708,0.6470588235294118,0.08333333333333333,0.47058823529411764,1.312816374802878,0.6032449940161775,0
user_4918,2021-02-20 23:41:00,21,11,12,0,3,1,18,10,13,19,16,5,1,7.281039083013075,9.33007848056505,9.110227278031351,0.5454545454545454,0.0,0.5,0.3277865303580836,0.7124793182823901,0
user_4919,2021-04-30 05:13:00,18,22,5,2,0,0,7,9,14,10,12,4,0,2.832606640869213,7.397704326479283,5.0938024142237115,0.2631578947368421,0.3333333333333333,1.1578947368421053,0.05756549199077843,0.7513028497369525,0
user_4920,2021-01-24 13:32:00,13,8,12,2,3,1,6,15,15,14,13,6,1,1.3364948190444714,0.23651900839618323,9.5734361923438,0.8571428571428571,0.15384615384615385,0.5714285714285714,0.39279675676613324,1.8898564984635828,0
user_4921,2021-04-19 20:50:00,18,10,10,2,4,1,8,17,6,13,6,0,0,2.5411762395180872,6.648349908967788,2.0062063677322524,0.5263157894736842,0.18181818181818182,0.5263157894736842,1.1029529101979705,0.22094417237927177,0
user_4922,2021-01-11 00:05:00,19,11,8,1,1,1,17,14,16,17,17,0,0,1.7649521641750243,2.172600795845012,8.60907940191266,0.4,0.1111111111111111,0.55,1.524521755256048,0.8799010270191099,1
user_4923,2021-02-03 04:35:00,18,17,18,1,4,1,19,16,11,16,14,2,0,9.589778738532926,7.216054002149425,5.581064576474571,0.9473684210526315,0.05263157894736842,0.8947368421052632,0.173480103140762,1.5693861091748722,0
user_4924,2021-04-22 21:32:00,15,14,9,1,1,1,9,13,14,18,6,3,0,9.38326851395507,4.018652355198303,1.6491734756671603,0.5625,0.1,0.875,1.0828979062863713,1.9425644160015934,0
user_4925,2021-02-28 01:19:00,18,17,8,4,1,1,12,5,13,13,18,6,1,2.8589938073049215,8.058439402456315,6.664361507766005,0.42105263157894735,0.4444444444444444,0.8947368421052632,1.7917837930873814,0.8380710498863777,0
user_4926,2021-03-07 17:53:00,16,12,9,3,0,1,19,10,9,6,17,6,1,5.209192176631491,4.246738638677652,6.752699104088496,0.5294117647058824,0.3,0.7058823529411765,0.47751386686763864,1.7277838477453888,0
user_4927,2021-03-23 22:10:00,20,20,4,2,3,1,5,15,19,13,17,1,0,6.151331092563322,8.211291381284845,3.8459187629441343,0.19047619047619047,0.4,0.9523809523809523,1.2382945569519803,1.466744373458292,0
user_4928,2021-02-18 21:15:00,20,14,9,1,0,0,14,19,7,9,17,3,0,0.7590614819752284,8.936327333789954,5.2082899927953585,0.42857142857142855,0.1,0.6666666666666666,1.8154207687587243,0.8551119217246024,0
user_4929,2021-04-22 09:37:00,27,9,13,1,1,3,9,15,15,10,18,3,0,9.236757158641439,2.906987158170886,1.0263848462346576,0.4642857142857143,0.07142857142857142,0.32142857142857145,1.376090193259813,0.8701460173706848,0
user_4930,2021-04-11 20:36:00,21,15,11,0,5,2,5,8,19,19,15,6,1,8.106253139608624,2.3609173383741755,5.325518483593507,0.5,0.0,0.6818181818181818,1.6532800555643894,0.2925135211301071,0
user_4931,2021-03-21 02:01:00,13,15,10,0,3,1,5,6,12,15,7,6,1,0.20370592987326241,7.06110289780587,7.628537136517135,0.7142857142857143,0.0,1.0714285714285714,1.3427952389810296,1.4029771787045506,0
user_4932,2021-02-12 23:31:00,19,11,7,2,3,1,15,6,8,7,13,4,0,9.007591203548017,6.18324117562025,3.1649437011943373,0.35,0.25,0.55,1.8419759498032213,1.6018959067942011,0
user_4933,2021-03-06 18:18:00,30,8,4,2,3,2,9,9,11,7,7,5,1,0.7460663205009566,8.502187860615255,2.9415397802669268,0.12903225806451613,0.4,0.25806451612903225,0.48369192726304866,1.697352499634201,0
user_4934,2021-02-28 05:26:00,34,11,8,0,6,1,12,5,6,11,6,6,1,3.6720909984514973,2.2092716560273717,7.492551497551895,0.22857142857142856,0.0,0.3142857142857143,1.7520973964631212,0.45202599407031885,0
user_4935,2021-03-18 19:53:00,16,12,11,1,0,1,12,7,8,8,19,3,0,0.17067251451432397,9.438571362073347,3.478836256635228,0.6470588235294118,0.08333333333333333,0.7058823529411765,1.8583616620055454,0.6115241247964653,0
user_4936,2021-01-19 07:51:00,10,12,5,1,1,1,5,7,15,14,9,1,0,2.969430230854927,2.1925461546417346,6.589368341069087,0.45454545454545453,0.16666666666666666,1.0909090909090908,1.2847351623348302,0.7275310103543826,0
user_4937,2021-04-21 15:05:00,20,19,8,0,1,0,13,8,10,18,13,2,0,9.475970192977293,3.275862030257579,4.775896368919033,0.38095238095238093,0.0,0.9047619047619048,0.9383899958859532,0.01600627453681458,0
user_4938,2021-01-17 09:33:00,24,12,9,0,5,1,12,18,12,8,14,6,1,5.944877814872661,4.980276175536833,9.167695488616927,0.36,0.0,0.48,1.5695265463827677,1.46900448508796,0
user_4939,2021-01-13 09:23:00,14,10,8,1,0,1,6,5,6,18,8,2,0,8.383864596605836,6.313410202538964,9.86907308869469,0.5333333333333333,0.1111111111111111,0.6666666666666666,0.17906764838944023,0.3394137678177489,0
user_4940,2021-01-21 03:15:00,15,13,11,0,0,3,10,16,13,16,18,3,0,1.85528065440973,3.4557709110081913,6.1087463543675975,0.6875,0.0,0.8125,0.7018722481361843,1.9825573904639875,0
user_4941,2021-01-01 13:37:00,20,7,13,1,0,2,16,6,7,8,12,4,0,7.525015246434722,8.130718958595443,3.3836821951199463,0.6190476190476191,0.07142857142857142,0.3333333333333333,0.6992634631318944,1.0222979946658182,0
user_4942,2021-04-18 15:15:00,28,13,7,1,2,0,14,19,10,11,9,6,1,2.5054244720402483,4.685035216922183,4.542427664173829,0.2413793103448276,0.125,0.4482758620689655,1.8539838686769294,1.2951680574726419,0
user_4943,2021-04-01 00:57:00,16,16,11,0,1,0,15,15,16,13,8,3,0,4.363866709430014,1.09359754241511,8.840600319958947,0.6470588235294118,0.0,0.9411764705882353,0.7900745109907756,1.8392607592968473,0
user_4944,2021-01-25 16:02:00,17,14,6,0,0,1,6,10,15,17,6,0,0,0.8246380863917468,0.2091967195620814,1.3120969866701346,0.3333333333333333,0.0,0.7777777777777778,1.76899335951123,0.2284349041343865,0
user_4945,2021-04-16 08:41:00,31,17,9,0,5,1,6,15,18,16,18,4,0,1.4158250451967203,4.8221071555802855,2.0384715563126274,0.28125,0.0,0.53125,0.15620928213919982,0.47563264692264595,1
user_4946,2021-03-08 10:38:00,14,9,7,0,4,2,13,19,7,17,7,0,0,7.616626345350158,2.8947693290287635,9.448292025024074,0.4666666666666667,0.0,0.6,0.3781241594689011,0.9612035480459411,0
user_4947,2021-03-22 05:34:00,13,14,9,1,0,1,12,12,18,13,12,0,0,7.251719045412207,2.05338795911067,8.214265456235344,0.6428571428571429,0.1,1.0,0.376701518596809,0.23504547412794174,0
user_4948,2021-01-06 05:52:00,19,14,16,2,1,2,7,14,19,8,13,2,0,1.4078319493288938,1.08395143697966,9.073302164651679,0.8,0.11764705882352941,0.7,1.1431382632280271,0.6662719744315724,0
user_4949,2021-04-09 05:05:00,25,16,10,1,5,2,18,15,9,14,15,4,0,1.6712629210846863,9.72561033240977,2.2715519649163864,0.38461538461538464,0.09090909090909091,0.6153846153846154,0.9646863587094301,1.322531031835099,1
user_4950,2021-04-04 06:13:00,22,9,9,0,2,1,6,10,9,11,6,6,1,0.681654525010088,9.125467547245703,7.18314618179921,0.391304347826087,0.0,0.391304347826087,0.21939984534378332,1.3981763063525467,0
user_4951,2021-02-09 12:44:00,21,14,5,0,0,0,8,8,16,13,14,1,0,4.870954068338919,6.72322943750396,9.901291330850839,0.22727272727272727,0.0,0.6363636363636364,1.691024611205034,1.7812772581134475,0
user_4952,2021-02-02 21:27:00,22,6,12,1,2,3,9,12,7,6,10,1,0,2.505113928412648,1.2166466992436253,5.108809358496383,0.5217391304347826,0.07692307692307693,0.2608695652173913,0.7808450325708878,0.8728861535029255,0
user_4953,2021-01-06 10:45:00,29,11,11,0,1,0,5,16,14,9,6,2,0,1.0519836541529104,8.052280791498704,4.73203386948822,0.36666666666666664,0.0,0.36666666666666664,1.6871101652485965,0.9756324255221394,0
user_4954,2021-03-19 11:35:00,24,17,16,1,3,1,9,13,17,6,18,4,0,7.761239525420159,6.6142209278414965,4.312875187988258,0.64,0.058823529411764705,0.68,0.7753990065361165,0.08747927915561604,0
user_4955,2021-01-27 09:11:00,25,16,14,1,4,2,5,18,15,9,17,2,0,0.4119330687212064,2.5258238310416314,7.8418879856980315,0.5384615384615384,0.06666666666666667,0.6153846153846154,1.879528269170987,0.23652012821265633,0
user_4956,2021-02-19 18:48:00,24,24,7,1,3,1,13,10,15,11,12,4,0,9.805495544405584,3.7600754157493443,5.591547642911372,0.28,0.125,0.96,1.9509034935257938,0.2988927501354557,0
user_4957,2021-03-30 21:25:00,22,14,9,1,1,2,6,13,10,10,6,1,0,5.054074221991365,7.194145899504444,2.2193792022229073,0.391304347826087,0.1,0.6086956521739131,1.8275411827618098,1.0247102080295767,0
user_4958,2021-02-25 07:59:00,24,14,11,2,2,0,17,10,18,5,7,3,0,3.7264337337652376,5.760609777821857,3.442967208034201,0.44,0.16666666666666666,0.56,0.9974460084217938,0.39193109306995155,0
user_4959,2021-02-07 11:56:00,26,16,13,1,0,0,9,12,12,5,19,6,1,5.432461948783227,3.0532405880270685,4.377857554235188,0.48148148148148145,0.07142857142857142,0.5925925925925926,0.37736159553709947,0.9074657846763801,0
user_4960,2021-02-05 01:31:00,17,18,10,2,2,2,17,16,11,5,11,4,0,6.862059504881817,1.6113242314761378,6.7541029553736465,0.5555555555555556,0.18181818181818182,1.0,0.04849547627677775,1.7966211161686236,0
user_4961,2021-02-13 07:27:00,18,17,6,0,2,1,6,10,12,12,9,5,1,6.7782733443753,9.321129402840162,1.7447716939269369,0.3157894736842105,0.0,0.8947368421052632,0.7666403324826234,0.39396140931717816,0
user_4962,2021-02-05 13:00:00,29,20,13,1,4,0,17,8,9,18,14,4,0,7.062340279183795,3.8087239857444333,3.1674655713831457,0.43333333333333335,0.07142857142857142,0.6666666666666666,0.29212638097159527,0.5220091729160841,0
user_4963,2021-02-13 17:36:00,12,17,8,3,2,0,19,15,16,11,7,5,1,5.292042125113867,1.8843540447652707,4.059259222144318,0.6153846153846154,0.3333333333333333,1.3076923076923077,0.6839092464992078,0.3956576645466032,0
user_4964,2021-01-03 00:58:00,15,18,11,2,0,0,19,14,17,17,10,6,1,2.0384366905925697,4.885574240561849,2.0355602688128087,0.6875,0.16666666666666666,1.125,1.7938727993062324,0.01389661063122527,0
user_4965,2021-01-22 19:30:00,22,18,13,1,1,2,15,11,19,7,5,4,0,0.18731417424689645,8.800527881901596,9.641324830094867,0.5652173913043478,0.07142857142857142,0.782608695652174,0.09040703086830648,0.8601541737996348,0
user_4966,2021-03-19 08:21:00,23,19,12,2,1,0,15,17,12,5,6,4,0,1.7970999528423304,0.8527503713242968,6.977691036149129,0.5,0.15384615384615385,0.7916666666666666,1.1309626926657885,1.6460980015621356,0
user_4967,2021-01-30 22:29:00,19,18,14,1,0,2,17,13,14,16,6,5,1,8.628713527803995,0.04123822894457452,5.41599238469495,0.7,0.06666666666666667,0.9,1.552037769585321,0.09573338391882702,0
user_4968,2021-02-06 09:16:00,22,12,11,2,2,2,5,9,5,5,16,5,1,8.451460752298171,1.0649287575442479,7.682344189293171,0.4782608695652174,0.16666666666666666,0.5217391304347826,0.6950241948309688,1.4892372394337472,0
user_4969,2021-01-17 18:43:00,18,10,12,0,2,0,13,10,5,5,14,6,1,7.181972829131357,8.090179591262167,9.038595380713117,0.631578947368421,0.0,0.5263157894736842,1.7029979201956524,0.7018564807512799,0
user_4970,2021-02-22 11:34:00,19,16,4,0,0,0,16,10,13,14,8,0,0,7.197195905979509,4.913742656613093,3.7927736693360137,0.2,0.0,0.8,0.7376286354625172,1.284629410422582,0
user_4971,2021-01-05 14:56:00,18,13,15,2,3,1,10,9,14,10,14,1,0,0.6327156392637578,0.2661864264623037,3.916635949242136,0.7894736842105263,0.125,0.6842105263157895,0.7222686039751891,0.9669151990297731,1
user_4972,2021-04-06 17:36:00,24,17,10,1,4,1,6,8,10,8,11,1,0,7.636258944480446,7.603207924968814,4.293534510443919,0.4,0.09090909090909091,0.68,0.9541632541317562,0.559409285587871,0
user_4973,2021-04-13 14:56:00,14,6,6,1,3,0,15,6,13,7,9,1,0,1.450608957345485,0.9110837953796913,4.349613890033483,0.4,0.14285714285714285,0.4,1.4839590401376963,1.0023962375555868,0
user_4974,2021-02-03 20:02:00,19,11,8,0,3,0,7,7,11,10,19,2,0,7.815511719616188,6.81625795326577,1.4627822156089514,0.4,0.0,0.55,1.3589852133160616,1.7927703435833267,0
user_4975,2021-03-31 02:08:00,17,8,17,0,2,0,14,6,11,8,7,2,0,6.442827224182755,1.173923114574752,2.646730433248107,0.9444444444444444,0.0,0.4444444444444444,0.7314329873357011,1.5638025371806854,0
user_4976,2021-03-28 06:30:00,19,17,12,3,1,1,18,16,6,9,5,6,1,2.1281175494371785,9.265232488337505,8.248882922857835,0.6,0.23076923076923078,0.85,1.639767012783812,1.6214924500324426,0
user_4977,2021-04-24 06:58:00,20,14,8,2,1,1,10,7,16,10,13,5,1,0.11836393218720986,9.551374224414769,8.87318321196097,0.38095238095238093,0.2222222222222222,0.6666666666666666,0.07962685480096465,1.8944632917688817,0
user_4978,2021-02-21 06:59:00,18,12,10,1,0,2,13,11,12,10,10,6,1,6.570539768446303,3.5294729326835794,2.7507364379562866,0.5263157894736842,0.09090909090909091,0.631578947368421,1.7169918968725668,0.5763219555604497,0
user_4979,2021-02-28 01:02:00,17,13,11,0,6,4,7,7,18,7,15,6,1,3.6196914107444833,2.63373042445737,1.1713479763007633,0.6111111111111112,0.0,0.7222222222222222,0.2673845611923962,0.8537358684230212,0
user_4980,2021-01-30 11:14:00,16,13,15,0,2,1,6,17,10,8,12,5,1,1.4447862671587641,1.7257227579602141,3.366022650867571,0.8823529411764706,0.0,0.7647058823529411,1.7045165145003214,1.5224880955245692,0
user_4981,2021-01-03 10:55:00,14,16,11,1,0,0,11,14,7,9,11,6,1,1.6414190909364201,1.3235716912521522,2.420368506636161,0.7333333333333333,0.08333333333333333,1.0666666666666667,0.27903142413194937,0.8351839206278882,0
user_4982,2021-03-22 06:13:00,18,14,9,1,1,0,16,6,16,11,9,0,0,0.9499311925911547,5.846132549074518,8.413018613574025,0.47368421052631576,0.1,0.7368421052631579,1.5724114299901406,0.39644045858153043,0
user_4983,2021-04-21 06:35:00,29,13,10,1,3,3,15,12,16,6,19,2,0,1.7914446600559342,4.381782229183601,4.144402995412016,0.3333333333333333,0.09090909090909091,0.43333333333333335,0.5205495882548448,0.6119414851398983,0
user_4984,2021-02-04 10:43:00,18,14,9,2,4,0,10,13,11,5,16,3,0,2.4592370006072315,9.092708929157666,5.626687179358568,0.47368421052631576,0.2,0.7368421052631579,0.6067800860358821,0.6675904190331083,0
user_4985,2021-03-14 13:34:00,21,17,5,0,3,0,11,11,18,16,17,6,1,3.3652257550791695,0.8428334127683812,5.493557927495005,0.22727272727272727,0.0,0.7727272727272727,1.7581598814650616,1.5776976521957935,0
user_4986,2021-03-26 08:43:00,15,19,10,0,1,0,18,18,12,10,16,4,0,3.0659209497384508,2.09388679198712,3.6417986101393534,0.625,0.0,1.1875,1.1798319593119033,0.6532972718569088,1
user_4987,2021-02-22 08:04:00,12,9,15,0,2,5,14,16,8,8,14,0,0,6.6531500149440745,2.87362162294847,8.369905416452838,1.1538461538461537,0.0,0.6923076923076923,1.7407183682526859,0.9004265968341443,0
user_4988,2021-02-09 19:01:00,21,13,11,1,1,1,7,6,11,6,10,1,0,3.4655733626511056,3.9096885214637656,5.814813917642849,0.5,0.08333333333333333,0.5909090909090909,0.4689988654713728,1.573663154125818,0
user_4989,2021-04-06 09:08:00,16,14,7,1,1,2,8,18,5,19,6,1,0,4.069925341005939,6.635703382503829,8.58965452116995,0.4117647058823529,0.125,0.8235294117647058,0.8881958628255178,0.03966607864623284,0
user_4990,2021-01-31 23:32:00,15,20,10,1,1,0,14,15,5,12,6,6,1,5.819684498020983,4.859552587354571,4.648530604094163,0.625,0.09090909090909091,1.25,0.6481790070636861,0.49406761771593266,0
user_4991,2021-02-08 18:40:00,19,17,13,0,2,2,13,17,10,10,5,0,0,7.071354554753579,2.7863525267898828,8.23450449130539,0.65,0.0,0.85,1.2370976530646107,1.8793920568275673,0
user_4992,2021-02-07 23:15:00,22,15,7,2,2,0,19,15,16,18,12,6,1,8.192940866686772,1.0171045684793645,3.7627990472520993,0.30434782608695654,0.25,0.6521739130434783,0.04850097743381343,1.87630464547257,1
user_4993,2021-03-26 12:51:00,26,13,10,2,3,2,10,11,13,13,7,4,0,6.90969427559093,6.575133310303301,5.492986928301046,0.37037037037037035,0.18181818181818182,0.48148148148148145,1.5002175802317599,1.0005444848176077,1
user_4994,2021-02-10 12:57:00,27,11,7,2,2,2,16,12,17,13,11,2,0,9.055676467595974,5.367551365687854,4.455927627692848,0.25,0.25,0.39285714285714285,1.655685032163809,0.4580780380360976,1
user_4995,2021-01-05 15:21:00,28,11,8,1,4,1,17,12,15,13,16,1,0,6.995831783247727,3.922108466999319,3.803194183435465,0.27586206896551724,0.1111111111111111,0.3793103448275862,0.8558402438871198,0.6070986926614323,0
user_4996,2021-02-18 06:03:00,27,13,8,0,3,0,11,15,6,13,13,3,0,2.0477444348576768,4.264796072116551,5.835849504247661,0.2857142857142857,0.0,0.4642857142857143,1.5234206530931482,1.276470494507005,0
user_4997,2021-01-09 22:29:00,18,18,9,3,2,1,10,6,18,7,9,5,1,4.825972787052498,8.30776068620558,3.3934043294136917,0.47368421052631576,0.3,0.9473684210526315,1.498741038538051,0.5153358606081304,0
user_4998,2021-01-03 23:51:00,24,9,5,2,7,1,16,15,19,11,13,6,1,3.652075141594996,4.895288746371404,9.4750105935559,0.2,0.3333333333333333,0.36,0.5877680410659472,0.3749148514112801,0
user_4999,2021-03-01 00:12:00,25,14,9,2,3,2,8,10,14,13,17,0,0,7.425169190870037,3.8955765355715313,6.592838718416291,0.34615384615384615,0.2,0.5384615384615384,0.5391717137004084,0.541569462865495,0
