user,timestamp,number_of_emails_dispatched,number_of_files_interacted,total_logon_attempts,usb_connection_incidents,nighttime_email_events,number_of_night_logons,trait_openness_score,trait_conscientiousness_score,trait_extraversion_score,trait_agreeableness_score,trait_neuroticism_score,weekday_index,is_weekend_day,email_volume_change_1d,logon_variation_1d,logon_rolling_average_7d,logon_to_email_event_ratio,usb_to_logon_ratio,file_to_email_ratio,email_volume_volatility_3d,logon_volatility_3d,predicted_threat_label
user_31000,2021-10-21 03:30:00,22,4,10,1,4,2,16,4,11,18,14,3,0,1.358933,1.631194,2.017242,3.619063,3.924904,0.156635,0.211652,0.480116,1
user_31001,2021-08-05 07:25:00,3,8,13,3,1,0,12,4,9,13,10,3,0,1.071067,4.044477,4.937701,0.688143,1.536067,2.887298,0.311369,0.68845,1
user_31002,2021-10-21 22:33:00,43,2,10,1,1,0,4,8,7,2,17,3,0,3.458165,2.478597,2.795775,2.361886,0.577755,1.414812,0.426429,0.439676,1
user_31003,2021-10-27 19:37:00,50,19,6,4,4,4,8,13,3,6,3,2,0,2.382785,2.639754,2.853866,4.770875,1.316839,0.352711,0.921729,0.344901,0
user_31004,2021-08-30 15:27:00,14,3,5,0,4,5,8,2,10,10,8,0,0,0.496035,1.187377,2.497081,0.705115,1.715345,2.673401,0.858494,0.582818,0
user_31005,2021-10-15 22:01:00,1,13,20,4,4,2,1,14,1,20,14,4,0,2.583602,2.450632,0.998905,3.536397,2.021197,2.10155,0.25271,0.86371,1
user_31006,2021-09-08 08:48:00,22,10,26,5,7,4,16,14,9,20,20,2,0,4.41762,2.330898,0.173036,2.543649,1.652611,1.788231,0.858927,0.785197,0
user_31007,2021-08-03 10:43:00,32,2,27,3,1,4,3,3,11,1,9,1,0,1.406619,2.789592,1.136701,2.279372,0.404665,2.594693,0.882155,0.820023,1
user_31008,2021-08-07 11:40:00,47,18,13,1,10,5,18,5,1,3,2,5,1,2.785053,1.809283,4.168401,2.699153,1.888554,3.347077,0.728299,0.652837,0
user_31009,2021-09-22 04:35:00,33,7,2,3,8,3,20,0,7,6,2,2,0,4.70398,3.542298,3.666464,1.732152,3.88224,3.67389,0.257441,0.797326,0
user_31010,2021-08-28 10:08:00,24,1,28,2,4,3,16,13,17,8,5,5,1,3.422637,0.207849,1.507206,3.428587,2.366682,1.489621,0.882233,0.750386,0
user_31011,2021-10-13 12:09:00,44,19,15,5,5,5,12,3,18,6,11,2,0,3.468433,1.170198,1.82965,0.838144,4.564531,0.767992,0.597174,0.248318,0
user_31012,2021-09-04 09:36:00,42,11,11,2,0,0,5,14,11,6,1,5,1,0.38615,4.323314,3.660493,4.458521,3.563834,2.388383,0.251201,0.478482,1
user_31013,2021-09-11 10:34:00,48,8,17,2,7,0,5,15,16,1,16,5,1,0.168239,3.501226,4.602552,2.574418,2.61098,2.835193,0.843484,0.32319,1
user_31014,2021-09-06 13:08:00,1,5,28,4,2,2,16,18,12,16,5,0,0,4.096422,4.423034,3.716372,2.451412,2.840805,2.770203,0.997699,0.995162,0
user_31015,2021-10-06 18:32:00,7,12,4,2,7,5,0,5,14,19,5,2,0,0.180662,2.159437,3.630924,4.470917,4.126232,1.581689,0.64522,0.421447,1
user_31016,2021-08-23 06:38:00,14,10,1,4,2,1,19,16,17,9,7,0,0,3.001275,0.85758,0.281988,4.363896,1.693983,3.198298,0.580677,0.863303,0
user_31017,2021-09-12 20:13:00,30,19,4,3,0,1,13,9,18,9,18,6,1,2.069414,2.49488,4.023026,0.526247,4.838801,1.283947,0.258442,0.438234,0
user_31018,2021-09-06 15:00:00,37,1,23,3,0,1,17,12,4,4,6,0,0,0.842173,3.235212,0.532169,3.386887,0.324775,0.14747,0.643352,0.793575,1
user_31019,2021-08-13 20:30:00,3,2,2,1,1,4,12,0,3,6,10,4,0,4.678084,2.7932,4.989001,1.411245,2.173227,2.729651,0.352315,0.52713,1
user_31020,2021-08-11 05:36:00,19,11,16,5,6,1,14,16,14,8,11,2,0,4.337062,0.488036,2.260447,4.185165,3.172024,0.830128,0.558766,0.802793,0
user_31021,2021-08-01 03:12:00,18,0,18,2,9,1,8,12,14,12,8,6,1,4.697393,2.470803,0.679691,3.116274,3.897075,2.804146,0.753202,0.571135,1
user_31022,2021-10-18 13:30:00,48,18,10,1,3,0,12,11,12,2,9,0,0,4.947711,3.146057,3.626815,0.618963,1.618644,1.168125,0.715435,0.687107,0
user_31023,2021-10-28 15:35:00,36,13,23,5,10,3,17,1,4,3,15,3,0,3.258625,3.836867,0.241923,0.888678,1.718166,3.670103,0.862801,0.903726,0
user_31024,2021-08-17 04:41:00,38,8,7,1,9,3,11,12,12,8,19,1,0,0.905233,3.346991,0.437042,0.374298,0.47266,2.214633,0.910551,0.357357,1
user_31025,2021-08-25 16:54:00,10,6,28,4,1,0,18,1,5,16,20,2,0,0.646501,1.455101,3.249,3.090797,0.597976,2.488387,0.560156,0.966575,1
user_31026,2021-08-13 19:30:00,33,8,18,5,9,2,9,14,17,18,1,4,0,0.104137,2.24842,4.719258,1.635904,4.593271,2.617124,0.593704,0.344869,0
user_31027,2021-08-30 01:22:00,19,0,23,4,9,3,9,5,14,2,15,0,0,1.687983,4.567824,0.670177,0.132947,3.47272,1.197717,0.749156,0.594073,0
user_31028,2021-09-18 12:31:00,44,19,12,3,7,0,9,14,3,8,8,5,1,1.409455,4.810765,0.276531,0.208909,3.644407,1.352619,0.387679,0.653682,0
user_31029,2021-09-27 23:40:00,9,2,3,3,5,3,0,12,5,4,4,0,0,2.216569,2.829212,2.870821,1.272278,4.944056,4.589679,0.766386,0.646213,0
user_31030,2021-10-18 06:18:00,49,1,27,3,4,2,9,19,5,7,8,0,0,3.005901,2.743118,0.659732,0.602909,0.118472,3.362491,0.246705,0.813348,1
user_31031,2021-09-04 23:19:00,24,7,17,0,1,4,18,10,0,0,2,5,1,1.539299,4.885754,0.16803,4.306636,2.587512,0.899141,0.576052,0.638567,0
user_31032,2021-09-05 04:52:00,5,18,2,2,3,2,4,15,5,10,5,6,1,1.509878,1.993981,3.817092,1.747814,1.53722,4.1055,0.999411,0.24605,0
user_31033,2021-09-13 22:31:00,18,9,22,3,4,2,15,15,4,17,8,0,0,0.917738,2.101856,3.790931,1.496122,1.842341,3.714861,0.972202,0.701787,0
user_31034,2021-09-05 09:33:00,49,6,16,3,7,5,13,8,8,6,3,6,1,4.719414,4.746076,1.420803,2.955531,3.246456,0.310449,0.660805,0.732063,0
user_31035,2021-09-28 17:52:00,26,18,27,5,10,2,2,18,9,13,12,1,0,2.631007,2.63823,2.621217,0.435974,1.097276,2.411378,0.674982,0.226387,0
user_31036,2021-08-06 07:44:00,10,7,3,4,2,1,17,0,16,3,19,4,0,1.097704,0.946924,1.144905,2.600965,2.936066,4.631186,0.216409,0.518593,0
user_31037,2021-10-26 22:42:00,40,20,24,4,7,0,16,17,11,2,15,1,0,1.241246,1.026249,4.436617,3.056597,1.035113,0.464575,0.759077,0.812997,1
user_31038,2021-09-21 15:25:00,40,9,11,0,7,3,18,16,10,17,9,1,0,3.239952,4.981246,1.080487,4.72261,2.966553,0.770245,0.718115,0.828998,1
user_31039,2021-09-30 17:42:00,47,20,15,4,0,1,10,6,8,0,11,3,0,1.56011,4.732156,1.115696,2.11251,3.768794,3.716305,0.681243,0.454719,0
user_31040,2021-08-04 22:25:00,9,14,5,4,0,2,2,6,11,11,14,2,0,2.314486,1.423553,3.907277,4.309998,2.02562,0.62838,0.881349,0.797695,1
user_31041,2021-09-28 16:50:00,41,20,26,3,6,1,3,14,19,8,1,1,0,0.396019,4.78605,3.922227,1.689076,0.176084,3.123548,0.576005,0.828518,1
user_31042,2021-10-28 03:10:00,27,19,8,1,10,4,18,2,14,15,4,3,0,4.578795,3.562162,2.704396,2.434722,1.027747,1.598453,0.626959,0.740971,0
user_31043,2021-08-15 07:36:00,41,9,27,5,3,0,19,11,2,1,14,6,1,4.942934,3.550965,2.82406,3.722112,1.484936,0.48136,0.201427,0.259589,0
user_31044,2021-09-10 05:49:00,21,11,13,3,6,0,19,18,12,7,2,4,0,4.641855,3.687838,4.934452,0.785044,1.694291,4.528851,0.533787,0.96187,1
user_31045,2021-10-16 21:07:00,15,3,27,4,8,0,17,1,19,13,5,5,1,3.721113,3.602631,1.167079,1.476409,0.21575,0.807235,0.440086,0.949561,0
user_31046,2021-08-28 05:56:00,36,9,7,4,1,0,15,10,6,11,15,5,1,0.891968,1.691444,4.128447,3.666248,1.695969,2.087485,0.466791,0.484964,1
user_31047,2021-09-18 16:33:00,44,1,28,2,10,3,13,0,3,13,12,5,1,1.508278,2.003039,3.654203,0.534055,3.45264,1.835729,0.634022,0.350675,0
user_31048,2021-10-18 17:20:00,14,13,26,0,5,0,7,3,6,15,10,0,0,4.603282,1.764081,4.518305,4.428404,2.378262,3.734606,0.783678,0.590422,1
user_31049,2021-08-01 20:27:00,48,7,11,5,6,0,0,4,3,5,3,6,1,3.207805,4.335981,4.193859,3.32149,4.787297,3.390062,0.303876,0.375899,0
user_31050,2021-10-09 04:54:00,42,17,8,3,6,1,4,19,19,2,7,5,1,4.894626,3.023987,2.871351,4.362846,4.493851,1.7783,0.292287,0.293526,1
user_31051,2021-10-03 20:49:00,2,20,6,3,1,2,11,9,0,18,6,6,1,1.244101,2.26785,1.113946,4.482562,4.512761,0.763747,0.849065,0.531531,0
user_31052,2021-08-30 10:56:00,46,15,16,2,0,4,3,3,11,8,13,0,0,4.824923,2.845068,4.026662,3.347438,2.62938,2.578068,0.264559,0.928716,0
user_31053,2021-10-07 18:39:00,35,17,17,1,4,4,13,10,13,2,5,3,0,3.801076,4.189526,0.203362,2.581055,3.301944,4.161339,0.289167,0.360143,0
user_31054,2021-09-04 07:41:00,19,7,1,3,7,1,15,12,6,11,6,5,1,0.568399,0.720539,4.919608,1.984615,1.967351,4.263227,0.913743,0.888467,1
user_31055,2021-08-16 07:46:00,47,2,21,1,8,0,16,4,11,16,3,0,0,4.918965,0.247512,2.116557,4.195153,4.777513,1.293085,0.929736,0.932958,1
user_31056,2021-09-30 06:18:00,36,12,16,1,9,2,14,19,9,5,0,3,0,3.952896,1.702956,2.872466,1.35667,0.819257,1.688342,0.669227,0.968466,0
user_31057,2021-10-24 02:33:00,4,17,13,1,9,3,14,14,1,10,14,6,1,2.932532,0.575331,3.119392,2.916745,1.83322,2.093708,0.200661,0.791567,1
user_31058,2021-10-22 21:58:00,40,2,29,3,1,0,20,20,9,2,8,4,0,2.227807,4.527155,1.748907,2.243458,1.407789,0.527365,0.539614,0.344623,0
user_31059,2021-08-16 04:11:00,37,11,28,0,8,1,18,3,9,9,13,0,0,3.606449,2.240619,1.331477,4.373519,0.325376,2.960321,0.63197,0.220199,1
user_31060,2021-10-21 22:07:00,49,12,28,2,0,2,17,2,12,13,6,3,0,2.239166,2.010753,4.969993,2.764217,0.859151,0.105289,0.406185,0.622858,1
user_31061,2021-08-01 22:08:00,47,13,4,5,2,4,3,20,17,6,0,6,1,1.157469,0.601169,4.846894,1.98291,3.575707,1.446015,0.976758,0.350098,1
user_31062,2021-10-16 12:33:00,27,5,17,0,2,4,16,8,0,17,14,5,1,3.846151,4.937925,4.509806,4.705521,1.998929,0.344369,0.295077,0.39591,1
user_31063,2021-08-20 08:39:00,45,5,5,4,0,4,2,8,18,16,9,4,0,2.310972,3.839388,1.395263,2.179686,3.959323,3.666416,0.375771,0.972646,1
user_31064,2021-09-05 15:32:00,38,7,13,4,0,0,0,3,14,13,13,6,1,2.031929,0.469409,1.39548,0.168346,4.541197,0.224021,0.566516,0.912564,1
user_31065,2021-08-07 19:07:00,18,3,18,1,7,4,13,1,8,18,7,5,1,2.145536,1.914872,3.542007,3.506563,3.270119,3.857891,0.708012,0.323099,0
user_31066,2021-08-21 05:18:00,35,15,8,2,10,2,2,17,15,13,14,5,1,0.446886,1.277286,4.384283,1.090337,0.259555,2.063627,0.595303,0.665463,1
user_31067,2021-09-25 19:20:00,28,12,16,0,10,0,14,20,12,12,4,5,1,0.534176,4.40492,4.88334,4.434051,0.639407,3.390983,0.694352,0.570027,0
user_31068,2021-08-07 15:09:00,48,20,21,5,6,2,6,18,7,9,20,5,1,3.399773,4.635346,3.131502,3.720434,2.64657,0.542779,0.233567,0.246208,0
user_31069,2021-08-23 16:27:00,38,0,29,1,10,1,1,7,16,7,10,0,0,4.973762,3.36757,0.769055,3.435777,4.866493,2.45076,0.637435,0.744692,0
user_31070,2021-08-31 01:06:00,42,10,1,2,1,4,15,19,8,8,11,1,0,1.762431,4.384759,3.354827,2.897941,1.587628,0.963007,0.531141,0.85479,0
user_31071,2021-08-13 07:00:00,49,1,4,2,10,0,5,13,0,3,9,4,0,2.595579,4.91839,3.025302,2.72077,0.563439,1.189571,0.450047,0.844771,1
user_31072,2021-09-28 06:02:00,37,4,28,4,5,4,17,2,13,8,8,1,0,0.403603,3.67288,2.826017,0.946909,4.760585,2.709436,0.530415,0.304363,1
user_31073,2021-08-12 22:44:00,29,1,3,3,8,1,16,4,11,14,16,3,0,2.539096,3.875945,0.401879,3.314408,3.845825,4.985129,0.782234,0.357237,1
user_31074,2021-09-24 03:44:00,30,1,9,4,0,3,19,18,5,13,18,4,0,1.99937,1.040706,1.600557,2.849329,3.02962,1.403943,0.537063,0.985998,1
user_31075,2021-10-02 08:52:00,9,10,20,4,7,4,18,19,7,9,8,5,1,2.963365,1.173013,1.698674,3.549248,2.338206,1.072135,0.498738,0.867109,0
user_31076,2021-08-09 14:13:00,17,11,29,2,9,4,18,11,10,8,16,0,0,4.489374,4.630822,1.193167,1.18382,0.867364,2.25903,0.405952,0.306203,1
user_31077,2021-10-19 13:39:00,28,4,7,5,8,0,5,20,14,12,20,1,0,4.235105,1.043617,0.468707,0.400143,1.913098,4.352323,0.648313,0.655719,0
user_31078,2021-10-04 05:03:00,45,7,10,1,0,4,9,3,13,18,8,0,0,2.846146,3.067867,0.67092,2.362964,4.93167,2.09557,0.678035,0.660563,0
user_31079,2021-09-27 14:28:00,15,6,10,2,0,1,20,14,11,11,15,0,0,3.289024,1.25991,0.245999,3.866556,4.570917,3.631412,0.989472,0.498318,1
user_31080,2021-09-16 19:24:00,5,14,6,1,6,4,2,20,9,7,7,3,0,1.032525,2.354451,0.120849,1.025168,2.387967,2.694573,0.834251,0.560623,0
user_31081,2021-08-31 04:15:00,30,6,13,4,1,4,15,3,3,4,5,1,0,0.519712,4.674721,0.927336,1.036163,2.425681,2.983887,0.756542,0.552787,1
user_31082,2021-08-24 16:33:00,13,11,22,2,4,5,4,16,19,17,3,1,0,2.216756,1.695995,3.694979,0.356587,1.951094,0.388613,0.37207,0.453488,1
user_31083,2021-08-29 23:20:00,17,13,24,2,2,1,14,19,7,11,18,6,1,4.480612,2.129382,0.136121,4.012926,0.111206,1.53981,0.203985,0.691365,0
user_31084,2021-10-05 04:47:00,22,18,12,1,9,2,19,19,16,13,19,1,0,3.190862,3.172762,4.955301,1.913308,4.074918,4.017055,0.761575,0.956429,0
user_31085,2021-10-19 17:03:00,4,10,11,5,6,1,20,8,15,10,18,1,0,3.20123,0.239611,4.630319,0.737939,2.47701,4.389935,0.9111,0.888079,1
user_31086,2021-08-01 07:15:00,10,17,15,1,9,3,20,7,18,19,0,6,1,0.51907,4.537842,4.291328,2.238883,3.673371,0.985051,0.294639,0.468837,1
user_31087,2021-10-19 09:49:00,23,17,7,1,6,5,18,16,16,18,20,1,0,4.681151,0.90146,1.702174,3.152593,2.120863,3.768833,0.961471,0.931318,0
user_31088,2021-10-18 10:07:00,7,17,28,2,8,0,15,8,19,4,10,0,0,0.387004,3.82762,2.784993,2.618676,1.79116,4.549257,0.850791,0.541453,1
user_31089,2021-10-08 22:03:00,47,6,8,4,2,5,11,7,0,14,13,4,0,2.408355,1.122951,4.853952,4.36754,1.472022,4.972522,0.967266,0.919174,0
user_31090,2021-09-27 05:11:00,34,16,11,0,10,0,4,8,10,3,11,0,0,4.794876,4.85339,1.444732,0.606829,0.349429,2.221596,0.371453,0.627746,0
user_31091,2021-09-23 02:58:00,37,9,22,1,3,4,11,18,5,13,20,3,0,4.379558,4.763941,3.364643,2.419291,3.447778,0.326255,0.528424,0.377069,0
user_31092,2021-08-03 01:35:00,43,19,25,2,7,3,8,15,13,18,6,1,0,1.103834,1.568059,0.294082,3.498656,3.524092,1.881186,0.80657,0.398315,1
user_31093,2021-10-01 05:22:00,2,20,12,2,10,4,20,11,3,0,12,4,0,1.288992,3.240701,4.198779,3.472036,0.426019,4.495585,0.430986,0.230902,0
user_31094,2021-10-17 17:13:00,40,3,29,3,4,5,1,2,13,8,11,6,1,2.318963,1.933579,2.065221,1.134235,1.726401,3.654067,0.489885,0.688636,1
user_31095,2021-09-21 08:15:00,36,3,17,5,1,2,15,15,6,6,0,1,0,4.058855,0.309577,3.073891,3.547464,3.718825,2.381688,0.882958,0.632175,1
user_31096,2021-10-04 15:32:00,24,12,10,2,5,3,6,10,6,15,10,0,0,0.927482,3.782975,3.760346,1.160571,3.29235,3.770263,0.423309,0.562554,1
user_31097,2021-10-03 20:13:00,49,17,12,0,1,3,5,9,15,14,11,6,1,0.921911,0.530717,3.012916,4.24307,1.265592,0.551532,0.804609,0.519667,0
user_31098,2021-08-01 21:00:00,36,18,28,0,8,5,18,2,3,3,11,6,1,3.962928,2.030022,3.823328,1.008442,1.801009,1.749644,0.76266,0.428862,0
user_31099,2021-09-23 15:42:00,36,15,8,0,4,1,11,13,1,16,17,3,0,1.304106,1.573492,1.793525,0.695469,3.75941,0.761448,0.518924,0.497446,1
user_31100,2021-08-12 05:01:00,16,7,15,2,1,3,12,9,1,17,7,3,0,2.57003,1.529613,4.02886,1.532358,4.162462,4.446218,0.915436,0.797542,1
user_31101,2021-08-26 07:01:00,8,9,19,3,7,3,11,9,9,3,8,3,0,4.926075,2.438395,3.14319,1.283012,3.724674,4.796731,0.816934,0.221476,1
user_31102,2021-08-31 06:32:00,20,19,25,3,0,3,10,3,19,7,19,1,0,4.077213,3.373569,0.193201,2.024003,1.763726,1.310192,0.31387,0.248709,0
user_31103,2021-08-19 16:13:00,29,3,11,2,6,1,15,4,15,18,12,3,0,4.732586,2.112413,1.982367,1.774337,4.493698,1.660884,0.374617,0.350393,0
user_31104,2021-08-25 07:59:00,31,12,22,4,1,0,3,19,20,18,18,2,0,3.822148,2.651512,2.394027,4.903675,1.889715,4.150803,0.335341,0.616218,1
user_31105,2021-08-19 16:15:00,8,17,19,0,1,1,8,8,10,0,17,3,0,3.062095,3.737876,4.853722,2.611385,0.137646,0.256061,0.749951,0.458277,1
user_31106,2021-09-16 10:23:00,2,15,20,5,0,1,15,7,12,11,15,3,0,1.273109,1.615364,4.097037,4.551253,2.527643,4.851375,0.872889,0.891431,1
user_31107,2021-08-05 08:27:00,35,18,13,0,3,1,11,1,7,11,3,3,0,1.835137,2.808753,4.999164,4.022481,3.994293,0.583307,0.220655,0.350337,1
user_31108,2021-09-10 17:13:00,10,1,22,5,9,4,3,7,10,10,17,4,0,4.239055,3.365481,4.107312,1.737626,3.99415,4.933529,0.637267,0.299652,0
user_31109,2021-10-29 06:37:00,9,8,12,3,8,2,6,20,14,17,6,4,0,2.141058,1.740469,1.871538,1.856148,2.214634,2.731837,0.975836,0.390422,1
user_31110,2021-10-13 02:30:00,14,12,23,1,9,2,1,7,18,8,0,2,0,4.473407,3.650043,1.342974,3.352325,1.282943,1.527752,0.818881,0.311494,1
user_31111,2021-08-18 12:00:00,11,2,7,1,8,0,1,11,8,1,6,2,0,2.80889,4.533546,1.386427,2.906512,4.952008,1.440927,0.376406,0.762995,0
user_31112,2021-09-07 16:43:00,32,12,11,4,6,0,6,4,0,11,6,1,0,2.285359,2.509446,4.962332,4.185221,2.333357,1.054365,0.367478,0.901872,1
user_31113,2021-09-08 22:36:00,28,4,4,0,5,1,8,13,18,10,12,2,0,4.031736,2.260273,1.044547,0.367831,1.323616,2.429796,0.455903,0.796905,0
user_31114,2021-10-25 02:18:00,10,18,25,3,2,2,12,12,15,15,12,0,0,4.057487,0.1048,3.003371,0.405356,4.663575,4.003196,0.563425,0.906114,1
user_31115,2021-08-31 02:58:00,41,20,28,0,9,5,11,12,0,4,0,1,0,3.081305,2.018734,4.139791,4.618822,4.472977,3.980803,0.243764,0.882772,1
user_31116,2021-10-26 18:50:00,20,8,25,1,9,4,3,17,6,12,9,1,0,1.68827,3.013981,1.561302,4.90024,2.604216,4.199538,0.962544,0.971568,1
user_31117,2021-08-30 04:08:00,40,9,1,0,10,0,11,6,19,9,4,0,0,3.594406,2.068086,3.100117,3.062513,4.595659,0.794435,0.570607,0.515182,1
user_31118,2021-10-20 17:28:00,1,6,28,2,6,3,1,16,3,17,10,2,0,0.589733,1.747785,3.810705,1.711263,1.114727,3.895508,0.676735,0.331762,1
user_31119,2021-10-23 16:21:00,32,6,8,3,7,1,12,16,0,18,9,5,1,1.982151,3.989159,3.527844,2.828628,2.841501,3.821735,0.969884,0.656884,0
user_31120,2021-10-02 05:34:00,11,7,3,4,9,0,10,1,18,0,13,5,1,1.250263,4.635609,4.608086,4.060872,2.074345,1.477328,0.780718,0.738255,1
user_31121,2021-09-13 13:38:00,48,17,29,1,1,4,4,3,9,12,13,0,0,2.910848,2.262796,3.241135,3.203982,4.459406,1.002723,0.831049,0.559667,0
user_31122,2021-10-01 19:22:00,27,8,12,2,1,1,10,18,11,13,10,4,0,3.553649,3.178832,2.921404,1.856994,2.889124,3.017584,0.58936,0.562359,1
user_31123,2021-08-29 01:39:00,3,9,15,5,10,5,0,16,3,1,15,6,1,3.427251,3.009038,3.112678,2.917953,3.491423,0.42288,0.645527,0.593662,1
user_31124,2021-10-15 12:08:00,32,1,22,5,2,2,18,5,13,3,4,4,0,3.602358,3.548638,3.777084,1.598288,2.945853,4.489717,0.733934,0.404048,1
user_31125,2021-09-09 13:10:00,42,19,8,0,6,1,12,5,17,19,1,3,0,4.238465,3.534419,4.851904,2.217706,4.471734,1.980412,0.790029,0.850353,0
user_31126,2021-08-15 00:06:00,1,14,11,1,2,5,5,16,4,16,16,6,1,4.995854,3.943676,4.440626,0.198653,2.038348,2.317174,0.739585,0.506245,0
user_31127,2021-09-29 18:46:00,15,10,25,1,8,3,5,0,20,3,7,2,0,4.76097,2.048718,1.866599,3.264893,4.08152,0.488286,0.995026,0.527231,0
user_31128,2021-09-01 00:56:00,5,20,12,1,6,1,19,19,0,15,19,2,0,3.026268,2.39535,1.698559,3.255337,1.902438,3.387821,0.858938,0.343649,0
user_31129,2021-08-14 03:08:00,19,6,21,4,1,3,20,12,2,6,1,5,1,3.785211,3.87261,2.655276,1.093959,2.591395,0.895225,0.910706,0.204789,0
user_31130,2021-08-06 18:16:00,4,18,30,0,3,3,20,1,5,2,3,4,0,0.755996,0.459709,3.254027,3.950211,3.048664,3.793362,0.94577,0.746493,0
user_31131,2021-09-01 04:23:00,22,8,9,5,4,1,9,4,12,14,12,2,0,4.207696,0.850205,4.96295,3.736883,4.449657,4.790701,0.277934,0.269371,0
user_31132,2021-09-15 01:11:00,17,5,21,5,0,1,4,16,8,8,20,2,0,3.796954,2.387584,1.121424,1.752684,4.39574,3.842058,0.593975,0.502621,0
user_31133,2021-09-07 12:17:00,21,15,1,3,8,4,3,0,5,15,3,1,0,0.157807,1.740736,1.020886,1.27751,3.62664,3.950763,0.22013,0.492939,0
user_31134,2021-10-08 23:52:00,10,20,15,2,3,0,7,4,8,11,10,4,0,3.599495,3.971945,2.652368,0.91542,2.600925,2.212689,0.308887,0.711415,1
user_31135,2021-09-08 15:21:00,31,19,12,1,4,2,6,5,16,8,8,2,0,2.940562,2.714511,4.859946,4.532851,3.909851,2.936821,0.937607,0.70744,1
user_31136,2021-08-14 05:15:00,7,19,15,0,3,4,5,2,4,15,9,5,1,3.523253,1.892936,3.882293,0.540049,1.064301,3.954346,0.85297,0.80645,0
user_31137,2021-09-02 16:34:00,42,4,17,3,1,3,0,7,4,19,0,3,0,1.13782,0.961931,4.694047,3.269785,0.786605,0.456191,0.397425,0.929484,0
user_31138,2021-10-16 17:39:00,48,9,10,2,6,2,20,2,1,11,1,5,1,1.172655,1.0174,4.586105,0.805304,0.156757,1.335574,0.64459,0.217484,1
user_31139,2021-10-17 21:19:00,28,12,13,4,0,4,17,16,3,3,18,6,1,2.410557,2.375432,0.264625,4.267482,1.177087,2.513938,0.412425,0.500108,1
user_31140,2021-09-23 03:04:00,9,5,19,1,10,0,3,0,14,8,2,3,0,3.04242,2.018431,2.451086,1.843965,2.505632,2.661079,0.740811,0.778102,0
user_31141,2021-09-12 19:06:00,9,2,20,3,4,2,15,17,18,7,3,6,1,2.879314,1.393948,3.716967,0.437013,1.104089,2.737487,0.987775,0.880782,1
user_31142,2021-09-06 20:05:00,50,1,7,1,2,3,15,14,2,20,1,0,0,4.198307,2.652374,2.354417,4.940355,2.331407,0.410735,0.873857,0.201707,0
user_31143,2021-08-09 12:21:00,44,1,6,5,7,0,20,2,18,19,1,0,0,0.795545,2.022152,1.903764,3.164061,0.127351,3.786749,0.771229,0.467668,1
user_31144,2021-10-06 03:53:00,35,1,26,4,6,1,1,17,19,15,13,2,0,3.689628,4.04578,3.284006,2.911035,2.920512,2.867591,0.713782,0.236627,1
user_31145,2021-10-09 21:43:00,38,19,28,2,8,0,5,6,19,2,1,5,1,1.13886,3.390725,0.510163,1.405418,1.832169,3.30815,0.619497,0.488166,0
user_31146,2021-08-10 03:29:00,37,17,6,2,1,3,6,18,15,13,3,1,0,2.827865,3.370081,1.991517,4.301127,0.444606,1.285071,0.440942,0.339693,0
user_31147,2021-09-10 11:53:00,27,14,21,0,1,5,7,7,1,17,12,4,0,1.766182,2.187824,0.431167,0.541335,3.878381,4.505496,0.742209,0.791685,0
user_31148,2021-08-01 11:29:00,12,9,15,2,2,2,1,9,20,7,6,6,1,2.336631,2.004814,1.516889,2.443564,2.706159,0.429798,0.532383,0.81345,0
user_31149,2021-09-30 01:54:00,4,4,8,5,0,0,19,3,5,18,16,3,0,2.079933,3.108335,4.245544,3.451326,1.307229,2.422438,0.736331,0.827427,1
user_31150,2021-09-12 09:27:00,28,3,26,4,8,5,0,2,3,11,10,6,1,0.580333,3.807412,2.671088,4.856135,2.266532,4.874865,0.639645,0.653493,0
user_31151,2021-09-26 20:57:00,32,0,17,2,8,0,9,9,12,11,5,6,1,3.376346,2.053631,3.777262,2.433435,1.145711,4.06605,0.820042,0.690654,1
user_31152,2021-08-16 03:36:00,31,3,28,3,1,0,17,7,10,9,3,0,0,1.968187,1.167909,2.451596,2.354036,1.880593,0.297867,0.912018,0.681133,1
user_31153,2021-08-16 03:55:00,15,17,19,0,2,5,14,9,20,2,6,0,0,2.821241,3.407715,1.444165,1.707275,4.528367,0.909896,0.217504,0.481847,0
user_31154,2021-09-09 04:44:00,15,10,17,1,0,0,19,18,14,0,19,3,0,3.488486,4.15933,0.208404,1.833129,4.177881,2.640209,0.984092,0.734502,0
user_31155,2021-10-03 07:14:00,9,15,12,2,9,2,10,1,8,1,11,6,1,2.944732,1.908167,4.938728,0.374201,3.765277,0.893615,0.384713,0.746547,0
user_31156,2021-09-27 13:24:00,37,17,28,0,0,4,1,3,1,12,9,0,0,0.889175,1.132109,1.580049,0.551614,3.436824,2.668004,0.451271,0.797898,1
user_31157,2021-08-22 12:19:00,23,11,22,0,3,4,15,10,18,2,16,6,1,1.868837,3.759736,1.55664,2.235893,1.407559,2.048187,0.392834,0.593873,1
user_31158,2021-09-11 11:20:00,36,10,19,1,8,0,8,15,5,7,17,5,1,2.865784,4.081078,3.344108,3.708166,1.966038,0.317823,0.223038,0.655828,0
user_31159,2021-10-14 02:04:00,6,10,8,1,10,4,1,11,9,7,7,3,0,3.434586,4.829267,3.574149,2.451952,4.948666,1.199921,0.347836,0.665354,1
user_31160,2021-10-26 18:31:00,17,2,2,2,9,1,13,11,14,4,15,1,0,1.151902,4.987522,2.695997,0.408635,2.142602,4.532748,0.932032,0.623644,1
user_31161,2021-08-08 05:40:00,3,17,16,3,8,3,18,17,20,15,2,6,1,3.97719,3.292289,0.566611,3.295609,1.640857,2.287584,0.726942,0.303596,0
user_31162,2021-09-01 21:33:00,18,4,29,4,7,1,1,4,20,10,13,2,0,3.731847,3.643011,1.332727,2.79382,0.397982,0.711531,0.696328,0.462747,0
user_31163,2021-10-17 22:36:00,37,12,4,1,4,5,4,6,18,7,6,6,1,2.350128,4.714071,4.451222,1.175459,0.763161,1.787705,0.599315,0.283586,0
user_31164,2021-10-03 17:24:00,37,20,5,1,0,4,9,15,15,8,15,6,1,2.872399,3.558634,0.43568,0.242601,4.562912,4.420087,0.986054,0.680227,1
user_31165,2021-09-18 02:25:00,2,10,26,4,5,0,19,13,6,17,16,5,1,4.8847,3.766309,4.677509,1.921611,4.260604,3.059246,0.237539,0.20767,1
user_31166,2021-10-09 05:19:00,38,11,27,2,1,1,8,7,17,18,4,5,1,4.755377,2.228283,0.387548,3.490433,0.299588,4.115321,0.269011,0.659014,1
user_31167,2021-10-23 04:04:00,44,9,28,1,4,5,10,13,16,12,19,5,1,0.874245,4.881186,0.767746,1.293772,4.039482,4.636416,0.696753,0.988476,1
user_31168,2021-09-10 12:31:00,21,0,15,4,9,3,6,2,6,17,12,4,0,1.669936,0.385723,3.670747,0.298542,0.443466,3.932803,0.422388,0.832553,1
user_31169,2021-09-15 16:14:00,49,17,5,0,5,5,13,12,8,1,13,2,0,3.096093,4.890637,2.314746,3.589162,3.992092,0.478651,0.681585,0.823273,1
user_31170,2021-10-21 22:33:00,20,10,14,3,5,2,4,12,0,1,8,3,0,4.706082,2.832312,3.729859,2.494601,0.731701,1.452624,0.749557,0.657345,1
user_31171,2021-10-23 04:35:00,22,10,4,0,7,4,10,13,17,1,14,5,1,0.24276,1.524015,3.905587,3.078965,1.310748,2.481532,0.427431,0.622696,1
user_31172,2021-10-01 09:30:00,27,0,4,4,10,4,19,0,17,8,3,4,0,3.322981,3.308899,3.473511,1.931915,4.237381,3.95128,0.77348,0.583269,0
user_31173,2021-10-05 02:33:00,41,18,8,4,2,5,12,10,6,1,8,1,0,1.14094,3.318857,0.285308,4.964677,1.137974,4.318567,0.872622,0.363528,1
user_31174,2021-08-19 23:47:00,5,18,2,0,9,5,3,1,12,3,19,3,0,2.131488,4.075791,1.030134,4.90014,2.135836,3.639866,0.38223,0.671936,0
user_31175,2021-08-21 17:47:00,11,19,5,0,10,0,13,7,0,6,4,5,1,2.550225,0.500328,3.118165,2.537617,0.558544,3.49707,0.778184,0.757416,1
user_31176,2021-09-16 07:16:00,31,20,16,3,10,1,17,6,4,8,5,3,0,2.088063,1.807699,2.865854,4.695911,2.726471,4.87886,0.708497,0.818436,0
user_31177,2021-08-01 03:55:00,34,9,2,2,4,0,2,1,17,6,10,6,1,3.061941,1.289716,4.085039,3.515323,3.997832,2.340314,0.559949,0.651644,1
user_31178,2021-10-22 01:19:00,7,11,6,3,1,1,19,9,14,10,20,4,0,3.277597,4.278918,4.821174,4.374166,1.967668,2.621787,0.567861,0.535839,1
user_31179,2021-09-23 16:41:00,34,7,15,1,5,4,16,20,11,9,8,3,0,3.363806,4.21553,3.299141,3.168287,4.819435,1.329879,0.595127,0.72493,0
user_31180,2021-10-05 23:15:00,27,13,11,5,4,4,11,9,13,17,2,1,0,0.544953,2.403013,2.095802,1.584023,3.40337,2.234097,0.518969,0.231807,0
user_31181,2021-10-23 06:26:00,9,12,30,4,10,0,11,20,15,0,12,5,1,4.045074,4.236728,0.829685,3.634123,4.559562,4.124496,0.804347,0.316497,0
user_31182,2021-10-29 07:12:00,26,10,30,4,0,4,14,2,2,10,11,4,0,1.013108,3.996005,3.199397,0.588832,2.753819,3.982699,0.629877,0.779513,0
user_31183,2021-08-01 04:31:00,31,4,25,3,2,5,15,4,20,0,7,6,1,4.252098,1.812929,2.834799,0.738766,2.430829,3.687157,0.701959,0.639747,0
user_31184,2021-09-06 06:35:00,44,6,7,2,0,0,0,17,16,9,13,0,0,1.876737,4.33132,3.861808,0.225678,4.387558,0.404317,0.942487,0.235249,1
user_31185,2021-10-26 21:53:00,26,1,20,1,5,1,19,19,12,10,11,1,0,1.78891,2.931718,3.561437,2.966965,1.128489,1.206213,0.264835,0.240898,0
user_31186,2021-10-09 18:45:00,45,17,25,4,1,5,8,8,2,2,4,5,1,2.12792,3.427685,4.551197,3.288618,2.893067,3.9439,0.513688,0.880456,0
user_31187,2021-08-12 20:23:00,28,19,11,3,0,3,19,5,13,16,9,3,0,2.387217,0.948723,0.43456,1.86601,1.44287,4.721077,0.207811,0.784992,0
user_31188,2021-08-02 00:10:00,17,16,7,2,9,4,9,8,9,0,14,0,0,1.188363,1.890088,4.321519,2.389054,4.094533,0.191218,0.996247,0.398939,0
user_31189,2021-09-05 00:53:00,23,4,13,1,8,2,10,17,19,11,0,6,1,0.148301,2.64877,0.145057,1.869301,3.207895,1.812286,0.816029,0.791003,1
user_31190,2021-08-12 17:04:00,2,15,7,4,7,1,16,12,7,11,0,3,0,0.476968,3.318076,3.143207,1.297283,4.597256,2.086663,0.557456,0.417923,0
user_31191,2021-10-24 01:37:00,32,17,6,1,9,5,16,15,15,17,8,6,1,0.398672,4.194298,1.233518,0.208,4.277077,2.84871,0.825899,0.791737,1
user_31192,2021-09-16 21:36:00,27,12,30,0,9,4,7,5,10,19,10,3,0,3.538162,4.421172,2.377571,4.218554,0.478128,2.84262,0.371063,0.551429,0
user_31193,2021-09-11 23:15:00,31,8,6,4,0,2,17,12,2,18,14,5,1,4.146433,2.342711,1.484019,4.826974,3.149502,4.78843,0.652803,0.427213,0
user_31194,2021-09-25 03:56:00,15,9,26,5,2,4,0,14,5,5,19,5,1,3.157825,1.036103,2.025569,3.300315,4.601378,2.140307,0.503284,0.642441,1
user_31195,2021-08-27 08:49:00,40,4,6,2,7,0,0,5,16,20,19,4,0,1.814878,2.321827,0.130962,3.057829,2.303412,4.732427,0.372962,0.543424,1
user_31196,2021-10-27 00:31:00,14,1,3,1,10,5,1,0,9,4,11,2,0,2.740408,4.157542,0.162656,0.556025,1.257622,0.432121,0.792807,0.414837,0
user_31197,2021-08-05 11:16:00,33,2,14,0,1,0,18,17,1,1,1,3,0,1.897549,4.482759,1.464062,0.766026,2.412046,4.15664,0.814751,0.313952,0
user_31198,2021-10-11 19:17:00,35,14,14,4,9,2,15,17,18,10,8,0,0,4.625369,2.875177,1.012684,0.554564,3.641193,1.017898,0.851069,0.781565,0
user_31199,2021-09-19 10:16:00,28,16,24,5,3,2,14,3,15,9,16,6,1,1.506448,4.467762,1.179512,1.430309,1.094219,2.903793,0.407922,0.625767,0
user_31200,2021-08-10 04:49:00,4,7,19,3,10,3,1,2,9,20,1,1,0,4.386603,0.795518,0.382429,4.355144,1.90992,4.929448,0.431182,0.77233,0
user_31201,2021-09-13 11:54:00,25,18,11,2,2,0,7,0,7,16,20,0,0,1.296702,2.116297,1.098902,1.359297,3.659589,1.569194,0.93348,0.230744,1
user_31202,2021-09-08 14:26:00,3,3,25,3,6,0,15,9,2,20,20,2,0,0.889407,2.132255,1.253239,0.585582,4.03543,1.462506,0.482041,0.208733,0
user_31203,2021-10-21 05:24:00,26,15,27,4,2,1,18,16,9,3,17,3,0,1.632424,3.996493,3.734446,0.698038,4.335572,3.866651,0.429235,0.789267,1
user_31204,2021-09-02 16:15:00,32,16,22,1,6,3,9,17,4,13,9,3,0,1.084146,1.46026,0.393076,3.077171,0.644592,4.309473,0.984907,0.522967,0
user_31205,2021-09-01 03:12:00,9,0,29,3,6,3,17,17,10,4,14,2,0,0.173242,2.441506,3.565099,2.083294,2.826805,4.801549,0.408258,0.605434,0
user_31206,2021-08-06 23:14:00,39,13,9,1,0,3,18,17,4,10,13,4,0,0.366713,1.274945,0.800696,3.555243,4.915204,3.593461,0.559254,0.566295,0
user_31207,2021-10-23 22:31:00,33,8,29,2,1,1,4,9,5,16,3,5,1,3.943217,4.41994,2.45614,1.97633,4.015828,2.468449,0.484329,0.656281,1
user_31208,2021-10-05 13:35:00,24,1,27,3,5,5,17,9,5,4,19,1,0,0.671993,0.603992,4.585492,2.478831,0.626367,1.352827,0.990243,0.692769,0
user_31209,2021-08-15 13:20:00,11,8,16,2,9,2,7,11,10,5,11,6,1,2.021726,0.308444,0.44126,1.007321,0.375081,0.513963,0.922153,0.36717,1
user_31210,2021-09-15 02:45:00,33,15,14,1,3,1,8,10,2,20,8,2,0,0.58668,2.166709,3.197321,3.330203,1.735769,0.689474,0.772363,0.391931,1
user_31211,2021-08-10 17:20:00,47,14,24,3,2,5,2,12,11,14,17,1,0,4.160142,4.60935,0.143355,2.25391,1.854492,2.134131,0.821725,0.288251,0
user_31212,2021-08-22 18:16:00,46,4,17,0,6,4,9,20,9,17,8,6,1,4.850898,4.465961,3.606739,0.915184,2.284671,0.543883,0.984858,0.224215,1
user_31213,2021-09-21 23:52:00,9,20,18,4,10,4,4,9,17,16,14,1,0,1.73605,1.19681,1.923274,3.468058,0.62376,2.981786,0.653729,0.285311,1
user_31214,2021-10-18 07:44:00,13,2,28,0,1,3,6,19,20,15,12,0,0,1.058347,0.387885,0.402768,2.325779,3.447361,1.093247,0.289868,0.578778,0
user_31215,2021-08-01 17:25:00,34,20,24,0,6,1,19,7,14,0,4,6,1,4.246728,3.363835,1.994203,0.797597,3.791168,2.875119,0.915388,0.524769,1
user_31216,2021-09-11 10:51:00,41,13,28,4,3,5,5,11,18,5,2,5,1,0.831011,1.08499,2.064957,0.913946,2.698974,1.141844,0.874832,0.434585,1
user_31217,2021-10-27 09:23:00,3,10,20,4,0,1,1,10,19,7,1,2,0,0.263115,1.859094,2.164665,0.65075,0.478206,0.372214,0.820863,0.60739,0
user_31218,2021-10-07 18:39:00,31,1,25,0,10,2,4,18,0,16,17,3,0,3.596243,4.986096,2.809589,2.566156,4.198834,1.262659,0.26639,0.295525,1
user_31219,2021-08-31 16:34:00,39,2,18,1,10,1,5,11,2,17,5,1,0,1.252557,1.580257,1.179966,1.822529,1.514648,4.810404,0.532922,0.227123,1
user_31220,2021-10-12 20:27:00,46,16,4,1,3,1,13,16,18,11,4,1,0,3.306265,4.327273,3.720672,4.086648,4.102908,1.887254,0.735727,0.536079,1
user_31221,2021-08-11 02:03:00,27,17,3,4,2,4,18,18,2,17,19,2,0,2.357466,1.004999,3.737273,0.968457,2.691403,1.547806,0.749883,0.485385,1
user_31222,2021-08-24 08:57:00,1,20,26,2,1,3,5,9,3,11,10,1,0,1.127722,3.623958,0.635657,1.489345,1.191509,3.856297,0.860053,0.5871,1
user_31223,2021-10-23 14:09:00,14,1,3,5,8,1,9,1,20,3,3,5,1,1.207174,4.855144,0.701185,2.956085,1.558917,3.576154,0.959641,0.852909,1
user_31224,2021-10-18 04:31:00,41,15,17,4,5,5,20,19,17,12,7,0,0,2.877108,0.310014,2.281806,2.703792,2.717767,1.983011,0.456035,0.953593,0
user_31225,2021-10-20 15:03:00,2,2,28,0,0,0,11,10,7,2,7,2,0,2.848377,1.264471,1.335472,0.614578,3.345471,3.279085,0.550857,0.761564,1
user_31226,2021-08-07 02:45:00,2,14,28,0,3,1,11,14,2,19,17,5,1,4.874461,2.998725,3.632096,2.310196,1.830849,0.730577,0.744082,0.842713,0
user_31227,2021-10-04 19:15:00,26,1,5,3,5,1,5,2,0,0,5,0,0,2.801493,3.260762,0.645161,1.464737,0.212107,3.909689,0.297483,0.278205,1
user_31228,2021-08-05 10:53:00,12,16,25,4,6,5,16,9,20,15,10,3,0,0.18088,3.635136,2.759768,4.983628,2.348029,4.522422,0.286735,0.742472,1
user_31229,2021-08-16 08:12:00,39,12,12,0,1,3,19,12,6,10,12,0,0,2.96246,4.819252,1.064951,1.687941,3.947254,2.183704,0.988194,0.753287,0
user_31230,2021-08-14 19:01:00,41,20,18,4,2,3,14,4,0,17,10,5,1,0.403746,0.505686,2.180094,4.415667,1.635944,3.762086,0.519745,0.412363,0
user_31231,2021-09-20 23:04:00,10,1,23,1,8,2,20,19,14,8,19,0,0,4.737974,2.904701,3.369536,2.916458,2.079371,0.902189,0.698496,0.458977,0
user_31232,2021-08-30 03:20:00,5,12,22,3,4,2,2,20,12,0,20,0,0,2.390184,3.273345,0.773489,1.176401,1.328492,0.577594,0.712418,0.237665,0
user_31233,2021-08-14 02:38:00,46,16,18,5,3,3,6,9,3,9,9,5,1,3.211256,3.841574,3.660166,0.864758,1.34401,1.004894,0.609363,0.21798,1
user_31234,2021-09-01 01:58:00,22,0,16,1,1,5,2,7,9,8,17,2,0,1.285143,0.598984,3.990144,0.364469,0.308256,4.8722,0.953763,0.912904,0
user_31235,2021-08-02 19:46:00,20,15,26,1,8,3,0,13,4,3,15,0,0,3.321616,2.812182,1.778715,4.83008,2.148194,1.661221,0.80788,0.357043,0
user_31236,2021-09-01 03:06:00,27,10,23,1,6,3,9,8,11,15,8,2,0,3.801299,0.400476,1.027742,0.121304,2.040704,3.233656,0.301638,0.64416,0
user_31237,2021-08-14 05:45:00,38,17,27,0,6,2,19,4,6,13,14,5,1,2.690094,1.128909,3.728615,2.140015,4.764796,4.750861,0.453005,0.546868,0
user_31238,2021-09-09 21:08:00,42,19,17,1,3,5,20,3,17,4,20,3,0,4.496516,3.082294,4.544674,0.649952,3.153682,2.436624,0.520427,0.416422,1
user_31239,2021-10-14 05:16:00,19,6,3,2,7,0,0,13,1,14,5,3,0,0.820778,4.473121,1.577406,1.40343,3.218522,2.11112,0.946268,0.63566,0
user_31240,2021-08-05 19:53:00,22,0,25,1,10,4,14,9,19,17,0,3,0,4.813812,3.621863,3.499784,4.164237,1.231054,3.329294,0.299349,0.398374,0
user_31241,2021-09-07 03:06:00,32,1,1,4,1,3,20,5,20,0,13,1,0,4.995769,1.565857,1.812996,1.872056,2.29168,1.883684,0.738263,0.363006,0
user_31242,2021-09-29 13:56:00,21,9,25,5,8,3,20,9,17,1,14,2,0,1.098307,0.800315,2.056952,3.939937,2.514232,2.707225,0.821702,0.914147,1
user_31243,2021-08-24 23:22:00,33,16,10,4,0,5,8,20,8,19,18,1,0,1.109443,4.673401,3.308464,4.111406,0.400591,0.268646,0.82789,0.361382,1
user_31244,2021-09-26 03:18:00,48,15,9,2,8,2,18,16,18,0,16,6,1,1.62483,0.919923,4.892247,3.609857,3.626935,0.486644,0.65551,0.696998,1
user_31245,2021-10-05 06:31:00,20,17,27,3,4,2,2,17,13,15,17,1,0,3.957833,0.819752,0.919275,0.127796,2.074318,2.002708,0.890213,0.588224,0
user_31246,2021-09-30 10:17:00,18,14,2,1,8,0,16,2,17,4,13,3,0,1.969383,4.205981,0.489838,2.693265,2.026336,3.042107,0.853474,0.775349,1
user_31247,2021-08-16 07:48:00,27,9,6,4,10,0,15,10,8,2,0,0,0,4.839874,2.515551,0.271149,4.992718,0.197602,3.090871,0.217352,0.981488,0
user_31248,2021-10-25 21:31:00,18,5,20,5,2,0,17,8,10,4,5,0,0,0.845189,0.599975,0.827509,3.54529,2.471862,3.028415,0.630638,0.924735,0
user_31249,2021-09-12 09:18:00,4,14,8,1,9,1,19,7,19,14,9,6,1,1.35142,4.757628,4.369337,1.223579,4.754223,0.304332,0.426504,0.230413,1
user_31250,2021-10-03 05:18:00,24,0,5,1,7,3,4,11,11,12,20,6,1,3.35859,0.175865,3.424046,1.119467,4.327542,0.456251,0.950182,0.282218,1
user_31251,2021-09-03 10:13:00,14,9,4,1,10,3,1,17,16,20,0,4,0,2.053638,3.751781,0.563743,0.511455,0.58041,3.570868,0.665278,0.555613,1
user_31252,2021-09-29 16:10:00,22,10,26,1,6,1,19,9,16,0,13,2,0,4.647123,0.369699,2.616969,0.473277,3.584735,0.611848,0.874232,0.671892,1
user_31253,2021-09-25 20:34:00,37,6,22,2,2,3,6,4,13,9,4,5,1,2.353429,1.031224,2.853902,4.650862,4.636733,1.687172,0.366055,0.523305,1
user_31254,2021-09-07 15:36:00,12,9,27,2,10,5,4,0,13,13,19,1,0,3.347916,2.010893,3.423216,3.850964,1.264631,0.232068,0.64129,0.619296,0
user_31255,2021-08-24 16:17:00,11,8,25,1,4,5,4,20,4,9,1,1,0,0.241202,3.043531,4.384752,4.772418,3.076049,4.262566,0.990818,0.608645,1
user_31256,2021-10-28 14:13:00,20,6,4,1,8,2,10,2,9,13,13,3,0,4.19938,0.93101,2.760175,0.166902,2.555726,2.089703,0.697342,0.734541,0
user_31257,2021-09-15 00:18:00,30,18,12,4,5,3,18,20,4,19,6,2,0,3.488916,0.35118,2.147841,3.682454,0.254497,0.703684,0.259972,0.221729,0
user_31258,2021-09-10 08:12:00,49,14,10,1,2,3,13,8,18,10,3,4,0,3.291855,1.940223,2.65583,4.232705,0.583646,4.742512,0.939668,0.354142,0
user_31259,2021-10-22 08:13:00,30,2,5,1,1,5,7,14,15,7,0,4,0,2.242604,1.053988,1.797679,3.057153,0.673781,0.47264,0.433457,0.674097,0
user_31260,2021-08-12 19:34:00,50,19,5,0,2,3,7,20,8,16,16,3,0,2.383583,2.640457,1.44922,1.325487,3.189187,1.096934,0.209136,0.625052,1
user_31261,2021-09-29 01:05:00,8,12,8,4,8,1,0,9,20,11,5,2,0,2.948936,0.596709,3.689584,0.718188,4.029354,4.646862,0.930301,0.298276,1
user_31262,2021-10-19 18:23:00,7,14,4,4,2,1,19,5,14,5,19,1,0,2.269886,1.104637,0.283303,4.787248,2.836016,1.998762,0.776182,0.388361,1
user_31263,2021-10-05 13:45:00,16,11,2,4,9,4,15,6,2,11,1,1,0,3.389726,0.765556,0.509181,1.669702,3.176536,2.577047,0.908241,0.541733,0
user_31264,2021-10-01 05:18:00,21,11,4,0,10,5,15,0,17,0,2,4,0,3.324522,3.866544,0.71375,3.528044,4.584451,4.395174,0.505607,0.922827,0
user_31265,2021-10-23 14:02:00,37,18,27,5,5,5,10,3,5,3,6,5,1,2.197297,1.57855,4.747809,3.158418,3.849,2.348095,0.921694,0.509893,0
user_31266,2021-08-20 19:44:00,30,20,26,3,5,4,10,0,10,5,17,4,0,4.646981,1.333779,3.815009,4.620476,2.678492,0.84839,0.337464,0.564026,0
user_31267,2021-08-05 08:57:00,8,16,8,2,8,3,4,7,2,7,7,3,0,4.75813,1.623499,0.240916,3.962361,4.479067,0.843179,0.381119,0.595528,0
user_31268,2021-08-03 03:28:00,13,19,23,2,4,3,18,0,12,18,10,1,0,4.999234,1.680479,3.446473,2.580362,1.95488,2.076262,0.710468,0.587703,1
user_31269,2021-08-27 06:54:00,13,0,22,4,10,0,16,6,10,17,13,4,0,4.152335,1.85685,1.703492,0.816498,4.886603,0.629728,0.354924,0.214067,1
user_31270,2021-08-11 10:08:00,12,1,26,5,3,2,12,18,12,14,18,2,0,3.266533,4.941971,1.171983,1.753721,1.742722,4.49976,0.523428,0.571956,0
user_31271,2021-08-05 05:00:00,19,7,25,4,9,3,10,17,14,6,9,3,0,1.991507,3.766414,0.434211,0.32549,3.960575,1.698105,0.841081,0.895146,1
user_31272,2021-09-02 12:18:00,31,5,17,2,0,2,19,14,2,14,18,3,0,2.5875,0.32404,2.484098,3.744019,0.630264,2.847203,0.888171,0.442077,0
user_31273,2021-09-22 22:59:00,21,13,9,4,9,3,6,2,1,4,8,2,0,4.640051,2.362178,0.691026,3.970801,1.113755,3.629847,0.448695,0.616575,0
user_31274,2021-10-19 03:16:00,5,20,13,2,3,2,10,14,19,3,2,1,0,1.103298,1.801375,3.693618,3.94928,2.694999,4.539701,0.681946,0.786995,1
user_31275,2021-09-17 15:44:00,26,14,24,5,10,5,7,10,4,12,14,4,0,4.859193,4.005342,1.122312,1.860275,3.962537,3.49321,0.983281,0.228953,0
user_31276,2021-08-20 13:02:00,5,4,17,3,1,0,10,5,8,2,16,4,0,0.81713,3.168388,0.416207,3.770451,2.520336,1.90754,0.380836,0.454699,1
user_31277,2021-09-18 06:09:00,20,13,14,5,6,4,2,8,17,16,13,5,1,4.622811,3.804976,1.122643,2.013617,1.62096,0.288789,0.342902,0.994274,0
user_31278,2021-09-16 22:59:00,9,0,16,2,2,1,18,11,3,6,14,3,0,1.26677,2.773665,0.443913,4.42012,3.342819,0.647962,0.559129,0.762917,0
user_31279,2021-08-28 02:51:00,8,17,1,3,9,2,12,9,17,2,8,5,1,2.268826,0.899338,3.43036,2.502257,3.817212,3.682959,0.537746,0.52494,0
user_31280,2021-09-16 04:07:00,14,14,13,0,3,4,12,20,13,2,2,3,0,3.522925,1.706167,3.89373,2.654642,2.745155,3.995969,0.30501,0.866918,0
user_31281,2021-10-27 12:19:00,38,4,18,3,9,3,15,10,14,14,8,2,0,2.50816,1.239911,0.327608,4.697264,3.811894,2.324429,0.247778,0.365608,0
user_31282,2021-09-29 01:38:00,45,20,24,4,6,5,7,6,4,12,15,2,0,4.587499,3.727552,4.596536,2.200571,2.499278,2.001354,0.364796,0.597093,1
user_31283,2021-08-31 02:41:00,9,2,3,1,2,4,13,13,6,17,6,1,0,4.693161,3.781481,1.264589,0.708906,3.032761,4.638096,0.427411,0.842981,0
user_31284,2021-09-20 01:20:00,30,17,14,4,10,1,7,2,16,16,20,0,0,1.064986,3.709097,4.311778,0.371171,1.862252,2.984637,0.83985,0.258011,1
user_31285,2021-09-23 16:38:00,11,9,26,4,8,4,13,1,1,6,18,3,0,2.466431,1.403211,4.707856,1.172473,4.553966,0.989317,0.751075,0.768746,0
user_31286,2021-10-17 09:52:00,49,11,27,5,7,1,19,9,19,0,20,6,1,1.542213,2.809254,3.348707,0.227814,4.104423,2.903947,0.80016,0.456598,1
user_31287,2021-10-24 06:32:00,16,20,14,1,3,0,20,4,4,17,0,6,1,3.009126,4.666803,3.117935,0.927535,1.693532,2.860251,0.677691,0.931657,0
user_31288,2021-08-07 23:28:00,2,18,3,0,1,4,5,18,5,17,8,5,1,1.122604,2.802783,2.35856,0.71912,3.657236,1.277784,0.318068,0.743912,0
user_31289,2021-09-30 20:45:00,15,12,29,3,9,4,19,1,9,1,2,3,0,1.799884,0.613943,4.713474,4.347466,0.753127,3.790645,0.305595,0.960005,0
user_31290,2021-08-16 03:13:00,8,0,27,1,5,0,8,10,12,0,16,0,0,2.199146,2.944718,1.774645,4.85683,4.123213,2.795248,0.657133,0.504955,1
user_31291,2021-08-27 05:42:00,2,0,7,1,6,1,13,11,1,15,3,4,0,4.709861,2.348792,3.113804,3.38689,1.251885,3.111482,0.854406,0.710559,1
user_31292,2021-08-08 09:55:00,29,16,30,2,8,3,5,10,20,10,14,6,1,3.760353,1.732569,4.217794,1.571723,3.173244,2.463907,0.694421,0.802715,0
user_31293,2021-08-08 17:10:00,26,9,30,3,2,1,12,4,13,11,17,6,1,4.743203,3.770262,1.58557,2.829801,1.282779,4.686711,0.325966,0.234555,0
user_31294,2021-10-02 22:06:00,40,8,6,1,2,1,1,3,17,8,10,5,1,4.82242,3.671538,3.686239,3.918911,2.173892,2.549915,0.663859,0.758326,0
user_31295,2021-10-10 02:39:00,22,2,15,5,3,4,13,19,18,9,12,6,1,1.203619,1.970716,2.105029,2.321435,1.251571,2.479573,0.727554,0.465674,0
user_31296,2021-10-15 23:07:00,39,2,19,5,0,1,20,3,4,15,14,4,0,4.03799,2.355613,4.51056,1.994547,0.821649,2.942567,0.752664,0.694828,0
user_31297,2021-09-09 02:17:00,41,8,16,3,7,0,1,12,10,8,0,3,0,3.117321,2.332234,2.789229,0.245799,2.437399,1.319426,0.835632,0.968102,0
user_31298,2021-09-02 15:59:00,35,16,3,2,7,1,0,3,15,11,16,3,0,2.926227,4.812551,3.39628,4.450539,2.987661,0.55763,0.940818,0.442191,0
user_31299,2021-10-27 02:57:00,48,11,29,2,2,0,12,11,11,16,2,2,0,3.233101,1.681653,4.627807,0.861284,3.095876,0.503187,0.649661,0.943821,1
user_31300,2021-09-21 06:05:00,5,16,1,2,7,3,17,13,6,6,15,1,0,4.725023,2.789643,4.779742,1.263085,3.3646,2.553408,0.24556,0.205077,1
user_31301,2021-08-25 10:50:00,43,3,7,0,6,4,19,13,2,8,15,2,0,1.133948,2.616071,0.712684,3.482309,4.672985,3.08405,0.84608,0.807858,0
user_31302,2021-10-02 13:12:00,14,6,12,2,4,3,9,17,9,1,4,5,1,0.98024,2.66978,1.192473,3.151291,4.116927,2.883173,0.782013,0.519208,0
user_31303,2021-10-20 18:31:00,47,19,7,4,9,4,5,7,20,6,5,2,0,2.943496,1.8553,4.212504,4.586939,1.968238,2.912956,0.830408,0.573167,0
user_31304,2021-09-15 01:18:00,49,1,3,1,1,3,9,0,12,18,9,2,0,1.81617,1.090539,2.154287,3.520757,2.238115,1.141787,0.250715,0.700557,1
user_31305,2021-08-07 08:05:00,31,8,20,5,3,2,9,7,0,13,10,5,1,4.867257,2.629586,2.885943,0.886302,2.33398,0.922013,0.927735,0.344336,0
user_31306,2021-10-19 17:20:00,11,2,20,2,2,3,11,15,6,0,11,1,0,1.440125,1.117282,3.672753,2.772015,3.920903,1.605473,0.350266,0.573875,0
user_31307,2021-10-11 00:39:00,25,11,15,4,7,5,4,17,2,4,5,0,0,4.835591,4.204807,3.600753,1.860932,2.272788,1.141374,0.475872,0.203981,1
user_31308,2021-10-04 00:58:00,47,16,17,0,0,5,14,12,11,1,7,0,0,3.444578,3.793475,3.972632,1.972894,1.042679,0.759696,0.362931,0.321157,0
user_31309,2021-10-10 13:48:00,3,20,9,1,9,4,11,12,10,14,4,6,1,0.430022,2.627998,0.879028,3.611923,3.155403,1.071577,0.353132,0.532774,1
user_31310,2021-08-05 04:19:00,38,5,26,3,6,3,20,7,9,10,1,3,0,0.17783,0.158929,2.616326,3.773251,1.471479,4.316418,0.657582,0.212813,0
user_31311,2021-09-18 19:22:00,8,6,6,1,6,0,11,1,5,4,5,5,1,2.515972,3.545236,2.086439,3.359356,3.797868,1.225262,0.978404,0.982087,1
user_31312,2021-08-30 07:23:00,1,11,11,4,3,4,2,12,4,12,1,0,0,2.758631,0.625871,0.588491,1.762972,2.392296,3.139814,0.374941,0.844776,0
user_31313,2021-08-27 04:14:00,25,7,4,1,3,0,16,14,12,0,20,4,0,3.847215,0.944956,0.282287,3.901331,1.969208,4.011259,0.947646,0.328684,1
user_31314,2021-09-03 15:54:00,47,14,2,2,2,0,16,8,16,2,4,4,0,2.644908,3.864373,4.319379,0.817629,4.985653,3.080858,0.666661,0.207485,0
user_31315,2021-09-18 11:09:00,23,4,13,2,0,3,20,17,15,1,4,5,1,0.995062,2.227451,3.548988,2.711151,3.507624,3.53388,0.856023,0.61286,0
user_31316,2021-10-01 09:38:00,27,5,7,2,10,3,9,13,5,1,0,4,0,0.780238,4.152127,0.601749,1.911762,4.355012,3.656717,0.336151,0.939537,1
user_31317,2021-09-10 08:46:00,11,12,30,4,7,1,20,0,17,14,4,4,0,2.279266,3.102738,4.279206,4.842033,0.588944,4.774352,0.75108,0.300909,0
user_31318,2021-08-03 12:20:00,28,11,2,5,8,2,15,3,3,16,17,1,0,0.699431,3.665463,4.832158,0.944681,0.415346,4.249924,0.327841,0.209407,1
user_31319,2021-10-16 19:44:00,38,3,26,5,8,3,3,17,2,12,19,5,1,3.859861,2.089795,4.694175,4.910408,3.223837,0.220419,0.722067,0.93809,0
user_31320,2021-10-12 17:53:00,13,2,25,4,9,3,9,5,14,2,3,1,0,0.876747,0.133355,0.864519,0.310209,0.509241,1.384063,0.698656,0.400685,1
user_31321,2021-09-22 02:29:00,38,4,28,5,2,5,19,1,15,1,8,2,0,4.195318,3.443702,4.810792,4.676123,0.323036,2.422544,0.512021,0.781553,0
user_31322,2021-08-08 09:42:00,38,15,23,0,6,0,4,20,17,0,12,6,1,3.067522,4.356404,2.771098,4.176853,1.059982,4.245553,0.675398,0.523542,0
user_31323,2021-10-20 21:07:00,21,4,24,3,10,0,16,9,4,19,15,2,0,1.596884,0.180742,4.14042,2.726513,3.323725,0.928938,0.276001,0.678932,1
user_31324,2021-10-03 21:28:00,26,16,24,5,5,1,0,18,16,12,19,6,1,3.888801,4.490953,2.609948,0.19375,1.41637,2.639301,0.967862,0.751609,0
user_31325,2021-09-23 23:35:00,15,17,9,1,10,3,8,20,1,11,18,3,0,4.590807,3.410935,4.548397,2.376639,1.347715,0.358848,0.885659,0.336639,1
user_31326,2021-10-14 06:02:00,2,10,11,2,5,5,17,5,10,16,15,3,0,3.471012,0.246732,3.266878,1.021704,4.986929,1.457981,0.869017,0.939074,1
user_31327,2021-08-16 18:23:00,24,4,26,3,8,5,8,20,14,18,16,0,0,3.178964,1.021836,0.660248,3.619766,4.784741,1.94483,0.836777,0.916152,0
user_31328,2021-09-20 07:29:00,16,18,27,0,4,3,15,4,18,6,16,0,0,0.40617,3.506319,3.780048,4.564411,1.328799,2.357614,0.347961,0.928656,0
user_31329,2021-10-19 14:53:00,6,19,7,0,6,3,11,13,2,12,16,1,0,2.512873,0.776619,2.393953,4.863753,3.849418,0.368202,0.659825,0.495559,1
user_31330,2021-09-05 22:08:00,30,4,29,2,2,1,3,1,11,7,19,6,1,4.040167,2.144156,4.770119,1.654551,3.499289,1.785812,0.430906,0.983935,0
user_31331,2021-09-06 00:21:00,37,7,20,0,2,3,3,3,17,8,3,0,0,2.036904,0.437572,3.803314,0.908242,2.923671,2.688945,0.828282,0.864355,1
user_31332,2021-09-02 17:51:00,18,20,24,5,5,5,2,10,4,18,8,3,0,2.735714,4.093594,1.257263,2.63952,2.885532,2.767261,0.845692,0.770896,1
user_31333,2021-09-13 19:43:00,50,10,26,3,0,5,10,4,19,20,12,0,0,4.424848,1.086303,2.379791,3.709064,2.849163,2.587371,0.50649,0.350887,0
user_31334,2021-10-22 07:33:00,19,14,24,0,7,5,0,19,17,20,1,4,0,1.918962,2.054196,3.325217,1.519536,0.427869,3.773606,0.886005,0.452395,0
user_31335,2021-09-10 19:44:00,21,5,3,2,3,3,17,8,6,5,17,4,0,4.501692,3.350912,0.447948,4.131471,4.527873,3.334395,0.506694,0.553627,1
user_31336,2021-10-08 15:12:00,35,9,17,4,1,2,5,10,10,16,5,4,0,3.960521,3.609392,3.493959,0.699795,1.566354,2.874996,0.753025,0.998415,1
user_31337,2021-10-22 08:00:00,29,14,15,3,10,4,2,12,19,14,13,4,0,2.874784,1.092881,0.137464,0.666603,3.554712,0.800466,0.721695,0.54787,1
user_31338,2021-09-14 15:48:00,47,1,13,2,7,4,9,18,4,0,2,1,0,4.931303,4.952912,1.605952,0.803203,3.483737,2.736117,0.482688,0.918313,0
user_31339,2021-10-22 05:56:00,36,8,13,3,1,3,20,7,17,18,17,4,0,2.598453,1.078282,2.041347,2.128009,1.416351,1.658503,0.385718,0.375324,0
user_31340,2021-08-07 14:51:00,29,15,9,4,3,2,13,9,15,18,11,5,1,1.154242,1.985252,3.874131,3.165518,0.164042,1.628268,0.404273,0.893632,1
user_31341,2021-09-06 03:14:00,32,9,22,2,9,4,19,4,7,3,11,0,0,3.691,2.361852,0.642979,4.175017,0.648782,0.672692,0.974739,0.904839,1
user_31342,2021-09-19 04:35:00,32,7,1,4,6,1,18,12,15,10,11,6,1,1.791456,3.537419,1.542735,0.505885,3.350682,0.398494,0.498789,0.966051,1
user_31343,2021-08-01 15:09:00,31,17,16,0,5,3,17,14,13,11,17,6,1,3.488741,0.858433,0.712229,4.927429,2.893768,4.332198,0.48051,0.757056,0
user_31344,2021-08-19 19:02:00,32,3,14,3,4,1,2,0,18,3,16,3,0,1.870473,0.370687,1.076576,2.508288,1.117425,3.72654,0.550725,0.772009,0
user_31345,2021-10-12 06:52:00,38,12,22,4,6,4,7,17,10,5,4,1,0,0.296025,2.82778,2.046427,1.695224,4.447035,3.688899,0.938161,0.313019,0
user_31346,2021-08-03 23:36:00,1,18,18,1,2,5,18,12,1,20,12,1,0,2.868099,2.697153,2.865691,0.742204,0.784047,1.786821,0.355495,0.348758,0
user_31347,2021-10-12 09:02:00,9,9,16,5,6,2,9,15,14,7,11,1,0,0.35517,1.997927,1.824476,0.535796,1.767183,2.471616,0.721485,0.535393,0
user_31348,2021-08-29 18:31:00,48,19,16,4,4,2,8,1,11,9,12,6,1,4.309344,4.996154,2.621847,2.291009,1.758107,0.194898,0.896561,0.537198,0
user_31349,2021-09-30 14:16:00,27,11,1,1,5,3,11,4,4,15,20,3,0,1.621993,0.677673,3.155724,2.281202,1.837867,0.139872,0.699875,0.754351,0
user_31350,2021-08-28 05:07:00,13,15,12,0,5,5,15,16,5,0,8,5,1,3.591791,4.095846,4.973562,1.526603,1.198376,2.174135,0.250097,0.863633,0
user_31351,2021-08-21 08:13:00,7,20,27,5,7,0,13,3,1,4,7,5,1,1.091439,2.518079,3.258625,1.449241,2.712844,2.34653,0.494896,0.587006,0
user_31352,2021-08-25 16:45:00,42,16,6,2,6,1,1,9,11,20,13,2,0,2.115527,2.325436,1.222904,0.845661,1.530687,0.895197,0.249544,0.235663,1
user_31353,2021-09-09 23:10:00,12,20,21,5,1,0,20,8,2,19,7,3,0,2.765605,4.84429,1.353647,1.851086,1.030111,3.157981,0.231847,0.673362,1
user_31354,2021-09-16 11:40:00,32,20,13,0,7,0,14,3,5,18,11,3,0,2.229707,4.049161,2.035014,0.935182,3.847484,1.848772,0.605698,0.463216,1
user_31355,2021-08-08 00:20:00,7,10,25,0,8,3,17,15,14,18,7,6,1,2.984334,4.483649,3.8275,4.050394,1.184015,2.507385,0.72388,0.948457,0
user_31356,2021-09-13 10:17:00,2,0,28,4,6,0,16,13,13,14,19,0,0,4.884442,2.585365,3.727411,1.120189,3.695836,2.957465,0.542552,0.790525,1
user_31357,2021-09-27 02:14:00,6,7,1,4,2,4,8,4,18,20,1,0,0,3.698089,3.704761,4.009847,3.372756,3.846592,1.93119,0.348108,0.990044,0
user_31358,2021-08-04 11:00:00,16,7,9,2,6,3,12,11,17,1,10,2,0,0.482867,4.012684,1.245767,0.178818,1.002751,3.086976,0.587516,0.646392,1
user_31359,2021-09-09 12:37:00,14,20,1,5,9,0,20,13,5,3,10,3,0,4.257349,3.633756,3.511935,1.736731,3.194873,3.711074,0.95215,0.663566,1
user_31360,2021-08-21 10:14:00,34,8,7,3,1,1,1,11,3,12,18,5,1,4.736818,3.052656,0.375059,3.271793,3.590382,1.919273,0.892407,0.504005,0
user_31361,2021-09-24 15:15:00,34,14,25,5,1,3,19,11,2,18,4,4,0,2.137735,1.92055,2.293482,1.048439,1.240412,0.334134,0.976835,0.848749,1
user_31362,2021-09-07 16:46:00,15,20,5,5,0,0,16,2,5,17,9,1,0,4.195304,2.742176,1.496822,0.770113,4.831036,2.987502,0.34162,0.741546,1
user_31363,2021-10-28 12:25:00,33,10,21,0,4,1,2,9,20,3,11,3,0,2.119565,1.876466,3.011563,2.767724,4.542367,1.049436,0.499035,0.995199,1
user_31364,2021-10-14 10:07:00,20,14,18,1,7,0,9,1,7,12,18,3,0,0.244203,0.536132,4.216664,2.651664,2.77997,0.826134,0.906333,0.767141,1
user_31365,2021-08-30 03:47:00,36,5,12,0,1,4,11,2,9,17,9,0,0,4.584188,0.357307,3.577468,3.541219,3.605417,4.308597,0.851265,0.212815,0
user_31366,2021-09-07 22:52:00,31,0,7,5,6,1,1,11,6,1,1,1,0,1.622726,3.278337,3.211863,3.2827,4.86202,1.664207,0.558094,0.405196,1
user_31367,2021-10-10 01:06:00,17,1,6,4,1,4,15,10,5,17,14,6,1,3.682716,1.129669,1.57669,4.405238,2.589416,1.737826,0.62374,0.739238,1
user_31368,2021-09-03 09:23:00,28,8,18,5,2,4,16,7,3,3,20,4,0,4.67544,4.162333,2.219769,1.038085,3.316821,3.728953,0.233663,0.314818,0
user_31369,2021-09-01 11:07:00,9,7,25,2,5,4,4,15,8,12,6,2,0,0.875897,1.072478,3.383924,4.034313,2.409081,4.641766,0.837655,0.718174,1
user_31370,2021-09-18 15:15:00,43,4,10,2,3,1,15,13,15,2,18,5,1,0.783652,2.372043,2.443447,1.975371,1.069597,2.882094,0.991772,0.225365,1
user_31371,2021-10-14 03:10:00,21,17,6,3,10,4,11,6,15,8,0,3,0,2.635083,1.09805,0.107838,1.298414,0.250233,0.884881,0.815597,0.345608,0
user_31372,2021-08-22 06:11:00,6,13,10,0,6,2,9,2,12,6,18,6,1,0.456187,3.294705,2.957478,2.887593,2.09986,0.689951,0.930412,0.993467,0
user_31373,2021-10-15 11:34:00,19,3,30,3,0,2,20,9,13,5,2,4,0,0.367342,0.679797,0.265879,4.945397,4.385703,3.661229,0.945882,0.607303,1
user_31374,2021-08-06 08:20:00,47,14,8,0,7,5,19,6,0,13,13,4,0,0.946758,4.459793,1.187018,2.691063,4.500201,2.855105,0.22216,0.740325,1
user_31375,2021-10-14 16:31:00,25,14,12,4,7,2,4,19,11,2,15,3,0,2.784166,2.025316,4.121743,0.502587,2.005487,3.104029,0.20975,0.578812,0
user_31376,2021-08-19 09:26:00,11,19,14,0,3,4,1,11,3,4,16,3,0,4.600136,1.394736,1.14791,2.131461,2.379248,4.867231,0.436552,0.355055,0
user_31377,2021-08-29 06:24:00,36,13,30,4,4,3,8,9,15,6,17,6,1,2.115714,3.242083,4.504713,3.023681,0.740114,2.678877,0.991714,0.732407,1
user_31378,2021-08-30 22:38:00,24,10,9,0,4,0,3,16,11,13,17,0,0,3.282241,3.46054,2.912018,2.426762,2.303489,0.94404,0.331364,0.83236,1
user_31379,2021-09-02 22:17:00,8,17,19,4,0,2,9,0,16,3,3,3,0,4.062975,0.475029,4.74746,4.235182,4.76148,2.209833,0.358159,0.293357,0
user_31380,2021-09-08 09:36:00,21,13,11,3,2,3,2,14,16,3,13,2,0,2.848232,3.019545,3.103734,3.302382,0.717875,4.491445,0.300373,0.92989,1
user_31381,2021-10-24 13:33:00,12,18,6,2,4,3,15,17,12,15,17,6,1,1.316672,3.091053,0.77144,3.967089,1.059861,1.951238,0.310899,0.347329,0
user_31382,2021-08-29 03:33:00,20,18,29,2,1,2,9,13,10,20,11,6,1,0.835413,4.361237,1.38668,1.896411,4.055851,4.326847,0.481988,0.567397,0
user_31383,2021-10-07 12:51:00,8,15,17,1,2,0,19,16,0,17,7,3,0,1.403212,4.763402,4.292911,4.039978,0.829406,2.236621,0.414102,0.425329,0
user_31384,2021-08-01 10:35:00,4,3,25,2,7,0,14,5,7,8,0,6,1,3.509281,2.79665,0.76466,2.727315,1.216269,1.653211,0.201628,0.36033,0
user_31385,2021-09-13 08:26:00,19,17,15,3,10,0,13,18,12,16,8,0,0,3.107557,1.519011,3.069635,2.15852,3.666386,2.079824,0.679569,0.918848,0
user_31386,2021-08-15 19:14:00,12,14,15,2,10,0,15,17,17,17,3,6,1,4.358428,1.491687,4.847729,4.260918,4.026264,2.086944,0.46277,0.820126,1
user_31387,2021-09-11 15:23:00,35,4,28,2,4,3,19,20,10,11,16,5,1,4.46177,3.048149,2.327159,2.441339,1.985376,4.332338,0.852557,0.828173,1
user_31388,2021-08-27 18:07:00,42,14,5,2,7,4,5,2,7,18,17,4,0,1.377222,1.485518,0.483301,2.090549,0.374859,3.689086,0.739152,0.739423,0
user_31389,2021-08-27 18:42:00,31,7,2,3,0,5,1,1,15,18,5,4,0,1.021826,2.633346,0.116867,4.461635,3.803634,3.018428,0.825239,0.417997,0
user_31390,2021-09-13 12:07:00,3,3,24,2,1,3,7,7,0,9,14,0,0,2.649746,3.870692,3.727878,2.551155,2.708375,1.82096,0.777434,0.52901,1
user_31391,2021-10-22 05:47:00,3,19,23,3,7,5,9,17,11,19,10,4,0,1.194768,1.562429,3.214804,2.514438,2.110882,4.751908,0.681911,0.489683,0
user_31392,2021-10-25 15:38:00,48,6,2,1,5,0,16,9,1,19,3,0,0,3.856764,3.584189,2.320011,0.81643,1.64147,1.906832,0.308756,0.466498,1
user_31393,2021-08-05 16:33:00,29,1,18,0,10,3,4,2,3,4,15,3,0,4.757017,0.257786,3.616753,1.747088,4.742521,1.679002,0.531688,0.607726,1
user_31394,2021-09-18 23:23:00,14,8,9,0,1,1,0,15,13,4,16,5,1,1.445487,2.769518,1.134129,1.869402,3.056876,0.177474,0.909488,0.303762,1
user_31395,2021-10-01 14:49:00,27,7,12,2,6,0,3,14,8,1,5,4,0,2.987823,0.801524,0.112874,3.610744,1.748126,4.165116,0.863575,0.296836,1
user_31396,2021-10-22 21:31:00,8,18,29,2,5,3,8,15,13,1,3,4,0,3.427568,3.476579,3.713837,3.996385,0.481919,0.512369,0.766416,0.472343,0
user_31397,2021-10-14 14:33:00,46,6,12,1,1,4,14,16,20,18,6,3,0,2.313912,4.790941,3.128675,4.161092,3.56373,0.170956,0.696883,0.659698,1
user_31398,2021-09-20 21:32:00,13,7,26,1,1,3,4,3,11,4,5,0,0,3.118018,4.6632,3.493806,3.498102,0.258193,0.676998,0.6502,0.588119,1
user_31399,2021-10-16 19:01:00,14,10,8,2,10,2,18,4,4,11,20,5,1,0.417119,1.663471,3.312976,3.934272,2.176432,3.01155,0.808003,0.433457,0
user_31400,2021-08-07 14:33:00,26,5,16,3,3,0,1,15,4,2,7,5,1,4.901205,4.806642,4.72274,0.203907,4.445378,1.242552,0.464875,0.812095,1
user_31401,2021-10-18 01:42:00,19,18,25,5,9,3,10,15,16,13,10,0,0,1.414807,3.499019,3.277703,0.779602,2.165384,2.163584,0.213001,0.407781,1
user_31402,2021-08-10 09:02:00,30,7,6,0,3,2,11,16,12,4,13,1,0,2.448437,0.64418,0.765987,3.858703,4.640623,2.81812,0.430583,0.910803,0
user_31403,2021-10-14 13:39:00,25,19,10,5,8,3,20,10,1,17,9,3,0,4.882542,3.187057,2.076271,1.003681,3.846113,2.153128,0.485839,0.324192,0
user_31404,2021-09-16 13:43:00,25,0,21,2,6,5,15,8,16,20,10,3,0,0.386113,1.779604,2.625472,0.772658,2.064608,0.175992,0.301098,0.425234,0
user_31405,2021-08-21 21:28:00,32,17,4,1,1,2,10,20,5,0,8,5,1,2.840723,1.393463,2.681563,3.784742,0.175993,3.895669,0.204855,0.729135,1
user_31406,2021-09-07 02:40:00,26,17,27,2,6,0,3,2,1,10,11,1,0,0.845974,0.975941,1.137006,2.34824,3.048866,4.248213,0.997857,0.701731,1
user_31407,2021-09-08 05:25:00,3,17,12,4,7,0,0,0,8,9,12,2,0,2.708101,0.888403,2.297323,4.295099,0.572785,4.972975,0.237124,0.891689,1
user_31408,2021-08-17 13:59:00,31,2,24,3,10,3,4,18,9,14,13,1,0,1.59523,3.740479,2.554909,2.486477,2.490205,1.155564,0.56189,0.74999,0
user_31409,2021-09-27 10:12:00,6,16,24,3,2,5,18,15,4,19,12,0,0,1.391011,4.397055,4.853839,2.023068,4.853049,4.778992,0.454816,0.951851,1
user_31410,2021-09-10 10:00:00,23,17,7,0,9,5,19,7,12,8,4,4,0,3.348465,4.222802,3.95822,1.018667,1.533701,0.53716,0.327001,0.205642,1
user_31411,2021-10-27 11:20:00,4,19,8,4,9,1,5,5,6,4,8,2,0,0.671582,2.764649,0.150531,1.779921,3.667862,4.838389,0.690096,0.661157,0
user_31412,2021-10-27 18:40:00,3,1,29,1,0,1,5,18,4,2,20,2,0,0.206959,3.742845,2.261262,2.910251,0.306227,2.73331,0.268706,0.622601,0
user_31413,2021-08-10 20:49:00,48,18,23,3,1,0,9,19,14,6,15,1,0,4.229441,1.917218,2.782887,0.412611,1.440566,2.146302,0.207264,0.65045,0
user_31414,2021-08-02 17:45:00,9,9,25,1,4,3,20,8,4,13,14,0,0,3.500313,4.088122,2.614078,4.536515,3.479521,3.048237,0.251261,0.965518,0
user_31415,2021-08-25 07:44:00,18,15,4,0,8,0,20,17,5,12,18,2,0,0.755527,0.73463,0.783063,1.948995,1.554436,3.433294,0.987448,0.649722,1
user_31416,2021-10-06 04:31:00,21,16,1,5,5,0,18,1,18,9,9,2,0,0.771085,3.835802,4.81702,4.398572,2.561058,0.851927,0.598616,0.339384,1
user_31417,2021-09-15 13:42:00,23,17,15,4,3,2,6,16,3,18,10,2,0,2.684278,4.536955,3.852637,1.36383,0.435373,0.557844,0.572164,0.448033,0
user_31418,2021-08-25 05:32:00,17,0,2,3,9,4,20,19,11,2,6,2,0,3.238976,3.654223,1.242206,2.662243,1.533268,4.451947,0.978819,0.223005,0
user_31419,2021-08-19 09:19:00,36,19,27,1,8,0,11,12,16,14,15,3,0,2.883945,0.800106,3.642623,4.267847,2.824498,4.606774,0.340111,0.710538,1
user_31420,2021-10-10 13:18:00,15,7,25,0,9,2,16,20,2,6,7,6,1,1.728637,4.86988,1.660101,0.850863,2.328543,1.951113,0.533549,0.914473,0
user_31421,2021-10-25 18:47:00,7,12,20,4,9,0,18,18,15,7,17,0,0,1.055198,1.733062,4.596166,2.269466,1.141275,1.377561,0.493015,0.491869,0
user_31422,2021-08-02 18:29:00,35,0,17,1,6,3,3,9,14,3,15,0,0,2.286884,3.520966,3.185431,1.384748,4.341914,3.075019,0.550292,0.887943,1
user_31423,2021-09-24 01:38:00,22,12,21,1,8,3,11,0,17,9,19,4,0,2.715813,0.705217,3.212627,1.366069,3.767732,2.097241,0.706599,0.968266,1
user_31424,2021-09-06 11:47:00,4,14,8,1,8,3,10,13,13,2,2,0,0,0.532532,1.293906,2.596741,4.093183,1.181484,2.720575,0.467052,0.713784,1
user_31425,2021-10-03 19:51:00,29,12,9,4,8,1,3,6,6,9,19,6,1,4.079192,1.802032,3.410669,0.986781,3.146488,2.012712,0.325666,0.40924,0
user_31426,2021-09-04 03:36:00,15,15,30,0,8,5,4,8,11,5,10,5,1,2.496934,0.693199,2.168354,1.687628,4.882249,1.836656,0.93371,0.869898,0
user_31427,2021-09-25 14:23:00,22,7,16,0,4,1,7,2,14,0,15,5,1,2.656902,4.088556,0.982126,0.546142,0.819183,2.876472,0.709409,0.434059,0
user_31428,2021-10-04 03:25:00,25,13,9,4,8,2,11,9,20,6,15,0,0,2.548487,2.138216,0.937084,2.512611,3.659068,1.926897,0.53508,0.949347,0
user_31429,2021-10-01 13:59:00,9,18,11,1,1,4,12,15,19,18,11,4,0,4.401347,4.693949,2.702967,3.361635,2.314035,4.381479,0.627661,0.418321,1
user_31430,2021-08-04 19:29:00,11,18,10,5,8,3,13,9,14,17,4,2,0,0.952672,4.215623,3.623307,2.681434,0.220801,1.266707,0.411538,0.991516,0
user_31431,2021-08-25 09:19:00,18,0,11,0,2,0,20,20,8,18,16,2,0,4.415255,3.122065,4.207811,2.913914,3.697489,0.30442,0.603633,0.996125,1
user_31432,2021-08-09 16:40:00,2,13,29,4,8,2,15,6,15,7,19,0,0,0.694837,4.613519,4.057875,3.734403,4.17493,3.910549,0.884918,0.630051,0
user_31433,2021-10-27 12:53:00,44,14,15,5,10,3,7,11,2,9,11,2,0,1.193192,4.14547,2.451617,4.537629,2.082692,4.77377,0.454119,0.332316,0
user_31434,2021-09-21 20:34:00,4,16,30,4,4,2,10,15,16,16,6,1,0,3.932334,3.117417,4.664457,2.917328,3.549103,2.206598,0.707061,0.692649,0
user_31435,2021-10-16 16:43:00,30,12,30,1,7,0,6,11,9,10,14,5,1,3.861439,3.777856,3.515757,2.575108,1.182064,4.816987,0.991607,0.68691,0
user_31436,2021-10-22 19:23:00,19,4,2,4,5,4,6,5,3,1,5,4,0,1.81579,4.991363,2.962522,3.88146,2.343413,1.168737,0.311491,0.491754,1
user_31437,2021-09-05 21:27:00,32,7,14,3,9,1,19,16,0,13,14,6,1,4.049029,3.238097,3.011536,3.039641,2.129725,0.278954,0.898477,0.382439,0
user_31438,2021-08-27 06:46:00,14,1,25,0,9,0,16,18,17,13,6,4,0,4.794697,2.978573,3.489841,0.104096,4.271897,3.869893,0.869566,0.236276,0
user_31439,2021-09-21 14:32:00,6,9,21,2,5,5,17,1,2,8,18,1,0,0.306669,4.754892,3.309698,1.344687,1.815259,2.491526,0.211724,0.757779,0
user_31440,2021-09-19 23:22:00,31,18,5,3,5,3,14,16,13,2,5,6,1,1.318722,3.778078,1.291509,4.91481,3.736188,1.290258,0.239533,0.756637,0
user_31441,2021-09-29 16:44:00,21,11,26,1,5,2,9,7,13,19,18,2,0,1.017507,0.896352,1.074947,0.384289,4.221713,1.062811,0.576686,0.98891,1
user_31442,2021-09-01 10:42:00,22,4,3,2,0,4,17,20,12,19,5,2,0,1.097515,2.024378,2.222539,3.401227,4.186462,1.59538,0.973262,0.895494,1
user_31443,2021-10-26 06:44:00,5,2,18,1,9,0,16,8,7,17,5,1,0,0.474998,1.856479,3.301492,4.013705,1.080211,0.34024,0.951763,0.223701,1
user_31444,2021-10-29 16:39:00,34,11,11,5,5,4,20,6,14,5,4,4,0,3.994443,0.28102,0.780472,4.561358,2.047361,2.41899,0.372896,0.736773,1
user_31445,2021-09-12 13:07:00,44,20,8,0,6,5,19,5,16,8,17,6,1,2.508589,0.819607,3.115436,2.401535,0.830796,1.554319,0.700994,0.290415,1
user_31446,2021-10-22 04:44:00,8,19,2,0,10,1,17,3,19,19,20,4,0,3.549466,3.949857,1.565925,3.806409,4.62078,1.510522,0.61599,0.883606,0
user_31447,2021-08-24 21:12:00,37,13,23,4,10,4,18,4,14,16,17,1,0,4.875416,1.070392,3.904134,4.176976,4.351111,2.825968,0.797436,0.959913,1
user_31448,2021-09-11 08:17:00,10,20,15,5,1,0,4,6,3,0,0,5,1,2.61295,2.986159,1.004863,4.53497,3.54251,4.14143,0.405074,0.336699,0
user_31449,2021-10-05 18:08:00,36,18,10,2,3,2,9,19,4,12,13,1,0,4.800836,2.959578,0.819404,1.107066,0.244202,0.411591,0.971018,0.227085,1
user_31450,2021-09-04 16:49:00,36,10,14,4,3,5,15,11,8,3,3,5,1,3.171233,1.560595,2.956085,0.976731,3.703449,3.030518,0.877293,0.49158,1
user_31451,2021-10-13 02:54:00,19,2,10,0,3,5,14,13,4,11,4,2,0,3.858602,1.395666,0.362811,1.213295,2.863429,1.634867,0.593785,0.26561,0
user_31452,2021-08-30 08:20:00,24,1,18,4,9,4,10,14,13,19,7,0,0,4.887198,2.820513,2.572685,1.049154,1.476295,3.371778,0.511161,0.95644,0
user_31453,2021-10-22 20:13:00,32,11,18,3,9,4,10,1,19,15,7,4,0,3.72597,4.06639,3.65373,3.497347,1.204056,2.874386,0.406352,0.79902,1
user_31454,2021-10-03 09:43:00,33,11,20,5,9,3,12,2,16,15,6,6,1,3.219473,2.743185,2.507185,4.776911,3.573301,4.706393,0.925627,0.667947,1
user_31455,2021-08-06 18:20:00,42,16,1,3,0,0,13,15,18,17,10,4,0,3.407638,1.562786,3.588808,3.491715,1.137869,3.86437,0.787503,0.645788,0
user_31456,2021-08-14 07:16:00,24,10,23,0,7,1,19,13,10,9,2,5,1,2.91226,0.415021,0.897408,3.867822,2.003682,1.612528,0.57687,0.586439,0
user_31457,2021-09-28 22:53:00,5,7,7,1,8,4,5,7,8,20,19,1,0,4.50811,2.520208,4.314808,0.659332,2.341209,0.46985,0.878628,0.773756,0
user_31458,2021-10-07 14:36:00,23,4,16,0,3,2,8,18,20,0,11,3,0,1.350248,2.542015,1.919124,0.958264,1.879805,3.88413,0.938842,0.333054,0
user_31459,2021-08-16 19:11:00,34,16,10,0,9,5,2,19,18,18,13,0,0,1.400445,2.357314,2.973441,4.095348,1.837478,3.969113,0.335291,0.253698,0
user_31460,2021-10-11 05:37:00,13,17,21,1,0,2,0,0,10,20,10,0,0,0.351179,3.657265,3.271786,1.701549,2.40199,2.727851,0.709381,0.538375,0
user_31461,2021-09-25 05:09:00,17,15,13,1,7,1,0,8,17,8,11,5,1,1.870557,0.172992,1.771695,0.127256,4.145047,3.243192,0.38612,0.827276,0
user_31462,2021-10-28 12:00:00,46,16,24,5,7,5,15,17,2,2,12,3,0,0.455672,3.448643,1.441079,2.883801,1.908131,3.846891,0.605016,0.606815,1
user_31463,2021-10-27 16:42:00,14,8,26,4,5,0,14,6,2,14,5,2,0,2.010698,4.351757,0.606265,1.376781,2.717689,1.06856,0.603003,0.615283,0
user_31464,2021-09-20 02:43:00,47,16,27,5,8,2,12,0,20,3,9,0,0,3.658943,4.529455,4.764215,0.81298,4.773074,0.424263,0.682813,0.242478,1
user_31465,2021-10-22 04:09:00,45,13,1,1,9,3,13,18,19,3,6,4,0,4.937748,2.426818,4.975763,3.57663,1.392172,4.744382,0.749543,0.354534,1
user_31466,2021-09-21 14:00:00,9,7,22,4,7,1,15,10,3,17,13,1,0,3.87133,1.198572,1.837823,1.820444,4.388549,1.099136,0.33806,0.524628,0
user_31467,2021-10-16 08:04:00,4,3,19,2,1,4,2,17,13,18,5,5,1,1.504046,1.830738,3.164719,1.274658,3.02656,4.918319,0.818196,0.313806,0
user_31468,2021-08-08 07:01:00,8,3,26,4,6,4,9,9,14,11,8,6,1,2.886397,1.866221,2.46069,3.062604,4.495741,3.715658,0.58822,0.474364,1
user_31469,2021-08-30 17:12:00,38,15,12,2,7,2,9,15,3,12,7,0,0,1.959445,2.23181,3.268708,3.827046,2.834733,3.067984,0.442222,0.931185,0
user_31470,2021-08-26 07:02:00,43,18,21,0,10,4,5,0,0,11,9,3,0,4.342929,2.464365,3.119172,1.554359,3.458026,1.665505,0.629143,0.906885,1
user_31471,2021-10-09 21:40:00,24,18,27,1,0,0,3,12,19,9,19,5,1,2.5382,2.472076,2.132221,1.501025,4.021465,3.467692,0.998867,0.755277,0
user_31472,2021-10-25 04:08:00,16,3,14,1,8,0,11,6,12,17,4,0,0,2.526522,4.684568,3.692626,0.878612,1.406757,3.691335,0.203994,0.603105,1
user_31473,2021-10-28 04:08:00,7,4,16,3,5,2,4,20,3,4,12,3,0,1.15427,0.259124,0.645236,4.009437,4.370801,1.865062,0.395742,0.73842,0
user_31474,2021-09-20 14:46:00,5,10,16,5,3,5,9,18,1,7,18,0,0,1.994599,4.131071,4.779585,0.507441,1.013645,1.947759,0.937681,0.683943,0
user_31475,2021-08-10 10:09:00,44,10,27,0,7,5,2,19,4,1,20,1,0,2.577252,3.516046,3.970236,4.752424,2.820413,3.767137,0.887602,0.747184,1
user_31476,2021-09-22 05:06:00,23,0,15,3,3,1,12,5,8,13,8,2,0,4.910598,4.252581,2.412163,1.854302,3.203447,1.74262,0.366505,0.363153,1
user_31477,2021-09-17 09:39:00,28,2,22,0,0,0,15,2,17,12,16,4,0,3.632231,4.44293,1.942204,0.815579,0.942393,1.098822,0.536199,0.973094,0
user_31478,2021-09-08 04:46:00,23,10,1,5,0,5,13,8,6,16,5,2,0,1.523807,1.936345,4.974049,0.40148,1.581216,0.639931,0.264785,0.615552,0
user_31479,2021-09-25 00:31:00,30,10,1,2,1,3,20,0,13,19,10,5,1,2.725705,4.058683,3.17031,1.64311,2.333308,0.708006,0.481128,0.775498,1
user_31480,2021-08-27 01:13:00,44,1,7,4,6,2,18,10,19,11,15,4,0,2.51026,4.952976,4.550611,4.345975,1.433405,1.027489,0.374843,0.40582,0
user_31481,2021-08-25 16:33:00,28,4,17,2,1,5,16,7,5,4,8,2,0,3.103622,3.600264,2.40516,3.411201,3.723716,3.738685,0.779347,0.806878,1
user_31482,2021-10-15 22:55:00,31,4,29,5,8,3,12,3,1,16,12,4,0,2.297341,4.248841,1.000124,3.599169,4.284524,0.912164,0.980275,0.871869,0
user_31483,2021-08-11 05:23:00,10,4,6,5,6,5,6,12,14,14,19,2,0,4.867205,1.420555,2.584048,4.197913,3.261855,1.092473,0.614288,0.28012,0
user_31484,2021-08-24 02:31:00,19,3,8,3,4,3,2,16,12,14,7,1,0,1.579892,4.847973,1.807783,4.569217,3.432356,2.795639,0.201926,0.283829,1
user_31485,2021-10-15 23:13:00,50,6,13,5,4,5,18,3,20,7,8,4,0,1.362556,0.528363,1.884903,4.808078,0.296648,4.512246,0.264764,0.760411,1
user_31486,2021-09-15 16:02:00,11,19,18,3,1,1,10,15,2,9,8,2,0,2.993925,4.528439,3.104459,3.331427,4.307787,1.614244,0.633876,0.295053,0
user_31487,2021-08-19 17:27:00,11,15,2,2,3,0,8,19,14,18,9,3,0,4.439416,1.99948,3.682113,3.172213,1.611507,3.036842,0.634746,0.772311,0
user_31488,2021-09-06 12:58:00,11,6,3,2,4,1,16,7,3,5,20,0,0,3.671973,0.949436,3.523765,3.031449,0.264691,0.664925,0.475749,0.280858,0
user_31489,2021-09-20 15:00:00,34,20,3,5,3,1,14,4,16,12,18,0,0,3.524373,2.406799,3.204296,2.672071,4.137887,1.707397,0.228628,0.374128,0
user_31490,2021-08-01 01:13:00,22,18,24,3,4,1,18,14,13,12,3,6,1,4.080871,4.095405,2.955636,2.57943,1.433841,1.939759,0.551769,0.697601,0
user_31491,2021-08-17 04:00:00,26,11,3,5,3,2,18,6,11,12,15,1,0,3.193836,2.685842,4.838264,4.125744,3.074489,1.076366,0.791965,0.81037,1
user_31492,2021-10-11 20:31:00,28,9,22,1,1,3,2,16,3,16,13,0,0,4.743565,1.954692,0.989678,2.38403,2.171696,0.599732,0.911003,0.656708,0
user_31493,2021-08-24 11:00:00,29,17,24,0,7,0,15,16,5,8,8,1,0,4.478026,0.923618,0.61057,3.709416,0.90703,4.51712,0.861339,0.959146,1
user_31494,2021-10-23 16:49:00,20,19,14,1,8,4,7,16,2,5,3,5,1,2.3654,2.645897,0.139343,0.678346,3.783322,2.728009,0.936469,0.995397,0
user_31495,2021-10-12 04:15:00,15,7,15,0,0,0,7,1,16,12,14,1,0,4.720252,2.720192,4.629807,1.68781,3.894995,4.296185,0.893569,0.639284,0
user_31496,2021-10-15 17:22:00,3,7,19,1,10,3,14,9,4,3,5,4,0,2.450465,2.338633,4.700576,1.9034,1.804729,0.985066,0.833107,0.737894,1
user_31497,2021-09-19 09:20:00,7,7,29,1,2,1,16,14,8,9,7,6,1,2.526346,4.05338,3.605527,2.575001,1.292001,1.232188,0.860113,0.233991,1
user_31498,2021-09-02 02:27:00,4,12,13,0,10,4,4,16,15,13,6,3,0,1.264723,0.361002,4.782687,3.418406,0.706068,3.33694,0.883198,0.73393,0
user_31499,2021-08-27 02:40:00,17,11,12,3,4,3,3,19,16,10,18,4,0,0.885406,1.644278,1.788845,3.86214,1.52341,2.175146,0.934689,0.495525,0
user_31500,2021-08-20 18:56:00,27,5,3,0,10,5,16,7,8,20,4,4,0,0.808966,4.403616,2.737252,2.997177,3.910819,1.066813,0.310925,0.728138,0
user_31501,2021-09-03 20:16:00,39,5,2,3,9,0,14,18,5,2,4,4,0,1.610498,4.785107,3.949901,3.816879,1.54875,2.262361,0.420549,0.297631,0
user_31502,2021-08-24 20:48:00,8,12,19,1,7,0,8,9,11,13,14,1,0,0.1194,4.693148,1.707654,4.732853,1.417911,1.246331,0.528343,0.529498,0
user_31503,2021-08-25 18:35:00,6,12,17,0,3,2,1,2,12,11,17,2,0,1.503946,0.433221,1.620922,2.080533,3.522773,4.037793,0.873059,0.917838,1
user_31504,2021-09-21 16:13:00,22,11,13,1,1,5,6,14,15,5,6,1,0,0.888798,4.996,0.380732,1.245212,3.93357,1.013422,0.636308,0.63278,1
user_31505,2021-10-17 11:47:00,14,0,16,2,8,3,2,14,9,11,12,6,1,0.660233,4.523655,3.340099,0.791092,1.289338,0.660178,0.364295,0.642662,1
user_31506,2021-10-06 03:02:00,38,1,30,4,3,5,5,7,4,9,13,2,0,1.196813,4.39764,3.06175,4.367819,0.458994,0.116208,0.869646,0.284983,1
user_31507,2021-09-12 15:58:00,9,4,25,4,9,1,7,6,18,10,2,6,1,0.604709,2.308626,1.344056,2.028501,4.247687,3.49256,0.853903,0.207305,1
user_31508,2021-10-22 22:19:00,49,8,13,5,5,3,11,14,7,2,7,4,0,3.730686,0.403288,4.359009,4.665989,3.673179,2.376415,0.602439,0.396481,1
user_31509,2021-08-20 00:53:00,43,4,17,1,0,4,9,3,15,7,6,4,0,1.828799,4.479954,4.925189,4.601396,2.902994,3.66074,0.762773,0.460992,1
user_31510,2021-10-12 04:05:00,23,3,5,5,10,4,3,2,17,15,14,1,0,2.198939,1.219499,2.669083,1.363107,2.751955,0.726387,0.55446,0.675265,0
user_31511,2021-08-02 08:59:00,16,0,18,4,3,0,18,16,13,9,2,0,0,4.68072,3.975069,3.308045,1.341582,2.008463,3.329602,0.25528,0.328056,1
user_31512,2021-08-28 12:18:00,49,6,12,2,1,5,3,6,9,16,11,5,1,0.919212,0.417416,1.877323,1.562692,1.183127,4.783885,0.26323,0.258621,1
user_31513,2021-08-14 13:58:00,47,8,2,4,6,1,2,2,1,11,13,5,1,0.338455,3.92887,1.184243,3.709721,3.909441,0.488627,0.201588,0.838081,0
user_31514,2021-10-07 21:28:00,22,10,7,5,5,5,12,15,4,2,15,3,0,2.390954,0.787847,3.417618,1.209844,0.386487,1.87656,0.851435,0.732511,1
user_31515,2021-10-27 05:04:00,11,18,16,2,4,0,2,4,17,12,2,2,0,3.758808,3.986781,1.633962,0.895092,1.705187,4.021435,0.747943,0.428456,0
user_31516,2021-09-09 00:01:00,43,15,30,4,6,3,18,3,12,5,11,3,0,2.35853,1.140033,1.378521,4.135815,2.250421,1.322212,0.951365,0.983572,0
user_31517,2021-10-08 10:26:00,47,6,28,5,8,3,13,4,3,14,19,4,0,1.111576,0.960437,0.411407,4.664329,1.390648,2.66737,0.358056,0.983131,0
user_31518,2021-10-10 10:38:00,36,13,11,0,7,2,19,6,5,2,5,6,1,1.820048,0.332459,4.573296,4.797669,2.119327,2.304087,0.911901,0.67014,0
user_31519,2021-09-23 08:32:00,44,18,14,5,8,3,3,8,7,20,8,3,0,2.950464,1.20133,3.219433,1.784177,1.764355,0.769341,0.801323,0.536614,0
user_31520,2021-10-06 03:23:00,38,18,2,2,3,4,14,4,5,19,4,2,0,0.381613,4.840279,0.67833,1.280567,0.459009,0.59507,0.241891,0.27442,1
user_31521,2021-10-27 19:57:00,43,2,5,2,0,5,19,14,20,1,10,2,0,2.148421,3.62776,1.605773,0.637933,1.79984,1.084327,0.236744,0.676502,1
user_31522,2021-08-31 05:38:00,26,7,15,4,4,1,4,15,20,8,5,1,0,2.324053,2.798312,4.392039,3.133605,1.720209,1.92084,0.609695,0.689252,0
user_31523,2021-08-16 08:37:00,4,1,12,4,3,0,10,7,17,13,18,0,0,2.585157,2.670453,4.748391,4.462412,2.661258,3.851426,0.541922,0.690277,1
user_31524,2021-08-13 08:04:00,11,8,14,3,3,3,7,5,20,18,16,4,0,0.38198,2.139075,4.024286,2.118944,0.951505,3.732666,0.244135,0.229775,0
user_31525,2021-09-05 11:24:00,2,6,17,4,0,3,17,1,14,10,0,6,1,1.707085,1.037639,0.902708,3.173849,4.30517,2.961208,0.967135,0.548132,1
user_31526,2021-08-27 03:15:00,15,3,17,5,1,5,18,17,18,12,13,4,0,3.673032,1.689977,0.565852,1.942211,0.174808,4.255353,0.532244,0.996941,0
user_31527,2021-10-26 07:01:00,42,15,12,2,8,0,10,17,1,19,7,1,0,1.47299,2.396515,2.890436,4.813262,2.034954,0.137562,0.424414,0.923693,1
user_31528,2021-09-22 03:47:00,38,16,9,4,0,3,11,9,13,18,6,2,0,0.832357,0.41426,0.474882,3.653037,0.642232,1.426847,0.271839,0.461267,0
user_31529,2021-09-19 15:05:00,20,2,21,1,10,4,13,20,13,20,19,6,1,4.436775,4.80912,3.453214,0.710708,2.460399,1.495223,0.511224,0.445069,0
user_31530,2021-08-31 21:36:00,39,17,10,5,2,5,4,11,1,12,12,1,0,4.28923,4.971918,3.106984,4.688357,3.305783,3.956657,0.781604,0.507565,0
user_31531,2021-10-10 17:52:00,42,20,15,4,7,1,1,17,19,12,14,6,1,4.697451,1.145898,1.033352,0.544242,2.496616,4.083282,0.538529,0.888391,0
user_31532,2021-10-27 15:11:00,4,10,14,0,0,5,6,0,18,2,2,2,0,0.796329,3.896014,4.969005,1.035756,4.915577,4.865407,0.742042,0.390506,0
user_31533,2021-10-11 08:31:00,3,0,28,5,10,3,8,8,12,9,19,0,0,1.726635,0.157348,3.682416,3.831821,1.624911,1.370953,0.422983,0.284231,0
user_31534,2021-09-03 16:19:00,47,14,10,1,9,3,7,13,6,16,17,4,0,3.160224,4.34308,0.59121,3.766475,3.740428,0.229226,0.825975,0.603148,0
user_31535,2021-09-11 03:35:00,33,11,30,1,9,0,20,1,14,5,19,5,1,1.315363,2.754023,3.703116,4.497761,0.763269,4.343603,0.491907,0.372712,1
user_31536,2021-08-29 18:56:00,36,3,14,5,1,5,8,13,14,10,14,6,1,4.996741,0.894433,4.702741,4.776756,0.837179,2.687496,0.804577,0.432327,0
user_31537,2021-08-14 00:44:00,29,14,28,0,9,0,2,1,17,19,11,5,1,4.267581,3.892125,1.171787,1.267554,3.203889,1.531993,0.627374,0.884529,0
user_31538,2021-10-19 14:12:00,43,15,8,0,1,3,0,16,12,5,11,1,0,4.08152,4.660735,1.140336,1.420749,4.24535,3.290296,0.522481,0.423612,1
user_31539,2021-10-05 21:45:00,5,9,27,5,0,1,14,3,9,8,20,1,0,0.846838,2.327223,0.304683,3.939755,4.427177,0.796331,0.672738,0.211556,0
user_31540,2021-10-17 13:31:00,3,10,3,1,2,3,8,2,18,20,17,6,1,0.267848,4.24264,2.305246,2.741043,0.903738,2.779164,0.755228,0.566203,0
user_31541,2021-10-20 03:41:00,38,12,28,0,7,0,13,8,1,14,1,2,0,1.518828,3.586597,4.839983,1.194143,3.858384,0.803708,0.898073,0.247968,0
user_31542,2021-08-25 13:35:00,10,9,21,4,2,1,13,15,11,0,17,2,0,3.888542,0.516997,0.37301,3.624862,2.96081,0.839714,0.942537,0.536027,1
user_31543,2021-08-04 20:05:00,36,0,24,4,0,3,19,11,3,16,12,2,0,4.613425,4.926964,2.349398,3.340835,3.362437,0.234292,0.331534,0.44892,1
user_31544,2021-08-13 04:29:00,28,2,24,2,9,0,10,14,16,19,3,4,0,0.760019,4.297473,2.876816,2.113455,1.98663,1.548953,0.973293,0.364877,1
user_31545,2021-09-24 11:53:00,35,0,1,3,9,3,9,8,12,5,20,4,0,1.447086,1.876785,0.261026,4.844844,0.580759,3.051966,0.762654,0.636366,0
user_31546,2021-10-24 05:02:00,43,1,9,0,10,1,14,9,16,20,16,6,1,0.697467,0.686942,3.386575,0.610938,4.302274,3.599513,0.38811,0.639065,1
user_31547,2021-10-02 07:08:00,49,1,11,5,2,4,8,8,7,4,14,5,1,1.693793,4.671111,1.585393,0.540069,4.512766,1.41643,0.350605,0.768629,0
user_31548,2021-09-02 02:49:00,27,19,7,4,1,4,15,2,0,13,14,3,0,1.301464,2.03632,4.121756,0.558806,4.996326,1.816197,0.981748,0.266205,1
user_31549,2021-10-25 09:25:00,9,2,28,3,1,0,16,8,4,17,7,0,0,1.878719,2.17226,1.679712,4.311379,3.964381,3.792267,0.437893,0.331474,0
user_31550,2021-10-10 17:51:00,19,4,18,1,8,4,12,9,6,12,17,6,1,3.449249,0.927451,1.568347,2.653176,1.960748,4.560853,0.561861,0.418974,0
user_31551,2021-08-19 09:02:00,24,0,5,3,4,2,12,17,15,5,3,3,0,2.499447,0.226079,1.255707,1.740056,0.401934,1.352828,0.880936,0.873931,1
user_31552,2021-09-19 09:57:00,35,14,8,3,7,4,3,4,1,5,18,6,1,2.616464,1.067819,4.101399,2.1418,3.874574,2.622037,0.306129,0.833361,1
user_31553,2021-10-17 19:19:00,5,11,29,3,1,0,7,15,3,20,18,6,1,0.206957,1.10255,2.459658,0.660627,0.820675,3.370498,0.93832,0.609114,0
user_31554,2021-08-07 02:38:00,29,5,14,4,2,2,6,12,3,1,3,5,1,1.620099,3.365754,3.234064,2.59193,2.884492,1.418575,0.352896,0.714435,0
user_31555,2021-08-18 00:20:00,12,10,19,4,8,1,4,17,5,12,1,2,0,0.544256,2.177306,3.614863,4.194169,1.936276,0.455407,0.670808,0.418915,1
user_31556,2021-09-04 06:16:00,34,1,30,5,5,5,8,8,5,9,18,5,1,2.438527,1.180158,2.652336,1.825549,2.681213,0.213815,0.578504,0.448243,0
user_31557,2021-08-07 06:51:00,14,6,22,5,6,0,12,10,5,14,14,5,1,3.633292,1.764612,2.160829,1.20844,0.419831,0.279775,0.492116,0.628848,1
user_31558,2021-10-18 03:05:00,37,11,12,0,5,4,1,15,13,9,6,0,0,2.474793,4.497427,0.826943,1.671699,2.900036,3.604756,0.52893,0.212083,0
user_31559,2021-08-22 08:58:00,7,17,17,3,3,4,5,17,3,5,18,6,1,4.750836,3.443693,4.635384,1.53889,3.240774,2.168197,0.845113,0.504377,1
user_31560,2021-08-06 11:42:00,10,17,6,5,4,0,13,16,14,16,4,4,0,2.201411,3.461033,0.526019,3.36756,3.795961,4.393932,0.653643,0.538064,1
user_31561,2021-08-25 01:23:00,38,20,3,5,1,4,8,6,7,3,14,2,0,3.439371,2.254991,1.571249,1.438471,3.537822,0.201142,0.690485,0.71358,1
user_31562,2021-08-29 21:54:00,5,9,24,3,8,4,20,8,10,9,18,6,1,3.351922,0.136186,3.679498,3.913329,4.333059,3.060001,0.470862,0.437616,1
user_31563,2021-10-20 17:34:00,26,0,20,5,1,1,13,10,17,10,16,2,0,2.681953,2.958527,2.03339,0.231262,4.310003,3.985551,0.839779,0.478579,1
user_31564,2021-08-21 14:02:00,25,11,21,2,5,3,15,10,2,13,13,5,1,1.548521,2.767868,3.217372,3.665876,4.155374,3.112949,0.227902,0.703622,0
user_31565,2021-08-20 05:01:00,20,19,13,4,2,2,18,19,15,20,0,4,0,1.226622,3.65495,4.623926,4.787978,2.936109,2.474857,0.582347,0.317243,1
user_31566,2021-09-27 09:24:00,34,20,21,3,4,1,3,9,15,14,18,0,0,2.907634,1.650699,2.192916,2.15003,3.50872,1.321952,0.668609,0.809858,1
user_31567,2021-09-14 06:00:00,20,9,2,4,6,2,20,15,19,5,12,1,0,0.769856,0.403715,1.600642,0.482146,3.29682,3.230957,0.776855,0.220095,0
user_31568,2021-09-10 06:22:00,41,0,21,4,3,3,18,3,0,2,20,4,0,1.504881,0.485089,0.106258,3.993367,3.979694,4.377459,0.844395,0.284277,1
user_31569,2021-09-10 11:29:00,10,6,12,5,9,5,6,2,1,6,20,4,0,3.963244,1.04976,1.117399,4.068775,1.485285,4.756141,0.632946,0.668424,1
user_31570,2021-09-27 00:28:00,19,3,21,3,4,4,5,6,20,11,4,0,0,4.960034,3.421361,4.559794,2.50706,1.637142,3.859476,0.638267,0.869161,1
user_31571,2021-08-12 04:35:00,27,15,11,4,0,3,3,10,19,13,1,3,0,4.647799,0.376615,0.161095,3.751172,0.984783,4.678317,0.285767,0.410911,1
user_31572,2021-08-15 13:42:00,21,14,28,3,3,3,9,15,13,4,14,6,1,2.259509,4.25494,2.56174,4.195017,1.922596,2.47645,0.348068,0.975421,0
user_31573,2021-09-14 08:27:00,32,16,23,3,6,2,11,1,13,7,8,1,0,4.084725,1.298389,1.132771,0.303938,0.778041,0.624839,0.759283,0.549935,0
user_31574,2021-08-17 03:38:00,25,12,14,1,8,5,13,8,0,3,20,1,0,0.946284,1.536245,3.335264,0.751523,3.132438,3.122828,0.899023,0.673718,0
user_31575,2021-09-29 10:30:00,10,7,17,2,8,4,7,14,8,0,3,2,0,1.965648,3.297521,2.160957,4.407414,2.870916,3.051676,0.937974,0.334267,0
user_31576,2021-10-26 08:09:00,44,9,11,0,9,5,19,6,18,5,0,1,0,1.399969,4.309029,3.443606,2.530652,0.179949,0.700725,0.779837,0.272168,0
user_31577,2021-09-24 05:19:00,19,2,21,3,0,0,0,13,14,7,0,4,0,4.526996,4.157108,0.734316,3.92,2.389031,0.869048,0.726031,0.841453,0
user_31578,2021-09-25 08:18:00,42,2,26,4,4,4,11,15,7,9,13,5,1,4.051908,0.553976,4.732996,2.573211,2.590862,0.494874,0.900509,0.847088,1
user_31579,2021-09-12 11:04:00,12,13,3,2,6,5,6,15,2,0,19,6,1,2.35687,0.280941,4.996279,3.019395,2.927066,2.251354,0.655044,0.719958,1
user_31580,2021-08-07 19:58:00,50,9,4,1,3,0,14,5,9,18,15,5,1,2.346565,3.657536,1.253222,4.561518,4.511104,1.689454,0.425806,0.363583,1
user_31581,2021-09-04 09:10:00,5,12,2,2,0,1,15,19,17,17,6,5,1,2.210976,4.090736,0.818403,3.954298,4.772843,3.284486,0.977195,0.495475,0
user_31582,2021-10-29 22:46:00,10,17,26,1,1,1,7,16,8,15,7,4,0,1.792868,4.421245,4.216789,0.464327,0.675566,4.678032,0.990781,0.362596,0
user_31583,2021-08-28 17:41:00,2,19,7,5,3,4,0,4,16,3,4,5,1,4.628904,1.567774,0.977559,0.711938,0.731341,2.641265,0.97868,0.387134,1
user_31584,2021-10-16 02:58:00,40,19,20,5,3,3,0,7,19,0,15,5,1,4.631787,3.545196,4.827024,4.176955,1.317497,4.047425,0.293084,0.492865,1
user_31585,2021-08-25 21:55:00,4,6,28,4,7,4,0,20,11,5,18,2,0,4.683702,3.147287,1.346918,2.963076,4.941193,2.026679,0.499156,0.303959,1
user_31586,2021-10-27 14:49:00,17,19,11,1,2,4,4,5,19,1,11,2,0,1.290787,1.537416,4.633767,0.868555,4.287727,2.46654,0.840325,0.263496,1
user_31587,2021-10-29 08:54:00,4,13,3,0,4,1,3,7,18,12,17,4,0,0.383301,1.178041,0.950791,1.369431,3.308517,4.130184,0.459506,0.624294,1
user_31588,2021-10-13 12:35:00,14,8,14,5,4,5,10,9,12,0,1,2,0,1.402707,3.38107,4.829074,1.429973,0.204664,4.70428,0.624605,0.518677,0
user_31589,2021-09-28 01:31:00,15,5,25,3,1,4,19,1,12,15,4,1,0,1.870353,3.746198,3.349354,3.462352,2.378275,2.471221,0.274679,0.915895,1
user_31590,2021-10-21 18:16:00,31,13,28,2,5,0,15,7,14,6,8,3,0,3.051774,2.028048,0.275666,1.530108,4.65579,3.937724,0.513815,0.87212,1
user_31591,2021-10-07 17:36:00,34,8,28,3,2,1,17,4,11,16,10,3,0,2.845494,4.015913,3.908961,2.170592,4.571807,0.936231,0.497855,0.623332,1
user_31592,2021-10-17 01:49:00,7,18,5,1,9,3,7,19,15,17,2,6,1,4.142716,1.565298,2.930404,0.975073,2.309167,0.142219,0.446982,0.568286,0
user_31593,2021-09-23 03:48:00,21,3,21,1,7,1,19,4,4,4,3,3,0,3.469732,4.259272,2.500744,4.959927,1.515182,4.503461,0.883807,0.424655,0
user_31594,2021-09-26 09:56:00,18,14,2,5,0,3,19,11,19,20,8,6,1,0.18907,4.466327,0.122459,1.189476,1.253846,0.838055,0.66313,0.511561,0
user_31595,2021-08-28 03:57:00,20,16,17,3,9,5,15,13,4,3,2,5,1,2.36666,4.611225,2.577279,2.950963,4.998179,2.450062,0.720404,0.73571,1
user_31596,2021-10-03 21:21:00,19,3,7,3,9,4,2,12,12,16,12,6,1,4.235703,1.027434,2.461718,1.507003,1.825004,1.336543,0.633217,0.503688,0
user_31597,2021-10-12 22:08:00,2,2,26,5,4,1,8,19,8,11,9,1,0,1.836843,2.424463,2.839439,3.905848,0.70159,2.631558,0.799018,0.71912,0
user_31598,2021-08-30 12:02:00,15,1,18,5,0,1,14,20,7,13,18,0,0,0.373405,1.390584,4.878665,0.460412,1.231271,1.739586,0.749661,0.926501,1
user_31599,2021-08-09 18:14:00,18,11,13,2,3,2,16,15,10,18,18,0,0,2.176302,1.094846,1.169727,1.041169,2.246037,3.722297,0.721226,0.419732,0
user_31600,2021-08-03 17:36:00,47,6,3,4,2,4,18,20,13,2,16,1,0,4.279907,2.90051,2.144675,0.593193,4.911963,1.929598,0.444344,0.51232,1
user_31601,2021-10-04 08:30:00,35,0,15,1,9,1,1,11,20,9,14,0,0,4.528855,0.949877,2.43807,0.56849,1.873693,4.210822,0.712739,0.575461,0
user_31602,2021-10-24 11:54:00,47,2,2,5,8,4,14,18,7,11,17,6,1,3.293385,0.386671,1.05026,2.086773,0.779665,4.470223,0.86159,0.52234,1
user_31603,2021-10-18 20:37:00,14,18,6,5,8,5,1,16,8,9,9,0,0,0.218331,1.598271,4.820514,1.091267,2.936933,1.068034,0.572552,0.522589,0
user_31604,2021-08-20 05:44:00,4,8,7,5,7,2,12,12,18,20,16,4,0,1.435355,4.815333,1.671766,1.591475,0.420317,0.244268,0.743696,0.210445,0
user_31605,2021-09-02 00:00:00,35,4,26,3,7,0,5,9,18,10,12,3,0,0.477768,2.281069,4.188182,2.515756,1.732648,2.245139,0.31393,0.552623,0
user_31606,2021-09-02 22:31:00,46,15,29,3,9,3,8,14,6,0,12,3,0,4.911589,0.540894,1.918563,3.489809,1.551047,1.272088,0.672413,0.446116,1
user_31607,2021-10-10 07:02:00,47,1,29,1,9,0,12,19,14,0,0,6,1,1.543393,3.300436,0.657596,4.921732,0.131152,3.8448,0.895465,0.475441,0
user_31608,2021-10-09 08:19:00,14,5,1,0,1,5,12,10,20,18,1,5,1,4.209124,3.867537,3.590492,4.551833,0.187549,2.425229,0.466789,0.761366,0
user_31609,2021-10-18 05:53:00,21,2,22,3,1,2,2,9,18,19,4,0,0,1.974041,4.254744,3.792794,0.62943,1.259841,1.823687,0.86053,0.470838,1
user_31610,2021-08-08 06:09:00,46,14,16,2,0,2,4,15,7,13,9,6,1,1.556974,0.553937,1.423938,4.712759,4.555602,3.235152,0.677919,0.282936,0
user_31611,2021-09-18 04:01:00,23,2,24,1,6,2,2,18,8,5,18,5,1,0.943551,4.306755,1.713983,2.061147,0.185012,4.071673,0.957207,0.351608,0
user_31612,2021-10-27 14:00:00,9,9,17,4,2,5,10,14,12,13,11,2,0,3.680806,3.619513,2.179985,4.432212,4.773789,3.008743,0.625848,0.920053,1
user_31613,2021-08-11 17:48:00,29,9,15,2,5,4,14,9,4,15,19,2,0,3.676062,4.962155,4.141509,2.766163,3.792226,2.546359,0.447815,0.401826,0
user_31614,2021-09-27 11:09:00,16,13,10,4,5,0,16,11,5,2,11,0,0,0.680591,4.73678,2.755261,4.296101,0.652246,3.137177,0.498036,0.274482,0
user_31615,2021-10-20 09:21:00,33,10,10,4,2,5,8,5,11,14,19,2,0,1.392339,1.235222,0.949116,3.039545,2.767102,2.100196,0.342797,0.208258,0
user_31616,2021-10-23 18:06:00,22,14,19,2,10,4,1,6,0,1,5,5,1,2.999195,1.915387,3.133325,2.534821,2.924127,4.170236,0.555748,0.783783,0
user_31617,2021-09-04 10:06:00,37,1,18,5,0,4,4,8,8,17,9,5,1,3.538665,3.856806,3.843666,1.910103,3.08456,4.173787,0.437259,0.745804,1
user_31618,2021-09-06 10:47:00,8,0,4,4,8,0,9,3,13,12,2,0,0,3.547467,4.496633,1.108413,2.066425,0.115984,1.841379,0.403686,0.351181,1
user_31619,2021-09-15 07:54:00,42,2,10,1,4,0,9,14,8,11,1,2,0,1.938226,4.110373,3.58706,0.992213,1.75976,0.650017,0.235494,0.330543,0
user_31620,2021-09-05 01:37:00,33,14,17,0,9,1,2,16,16,7,8,6,1,2.61769,3.396129,3.051358,1.770636,3.908074,2.671804,0.704884,0.775245,0
user_31621,2021-08-27 15:09:00,1,14,2,3,9,1,1,20,5,8,18,4,0,0.607748,4.924655,3.288402,4.881481,1.686942,0.281965,0.318651,0.545777,1
user_31622,2021-08-12 06:24:00,33,13,2,0,1,1,1,10,10,0,12,3,0,0.179261,1.598675,1.653355,4.159151,3.166565,3.248269,0.201415,0.518746,0
user_31623,2021-08-15 12:41:00,5,17,27,5,0,4,10,3,16,4,11,6,1,4.899065,1.397429,3.006751,4.411726,1.034611,1.948754,0.691157,0.837924,1
user_31624,2021-09-06 21:56:00,2,11,3,4,3,1,18,4,17,2,12,0,0,2.243295,4.233378,1.354187,4.204397,3.564535,1.33987,0.827679,0.353088,1
user_31625,2021-08-03 01:21:00,13,12,4,1,9,5,3,5,3,14,0,1,0,1.072235,3.357493,4.405368,4.18547,1.904312,1.018515,0.462055,0.643639,1
user_31626,2021-09-09 06:50:00,34,1,27,5,8,5,7,17,14,5,19,3,0,0.528535,3.730939,3.794152,4.089624,3.465531,2.250379,0.850927,0.473375,1
user_31627,2021-08-07 02:37:00,42,5,20,2,2,1,2,10,15,2,17,5,1,3.265415,2.357418,1.243191,4.138244,4.444616,4.71714,0.581201,0.238956,0
user_31628,2021-08-26 04:41:00,17,14,30,0,3,2,15,20,17,3,13,3,0,2.774153,2.330641,0.229639,0.87523,1.179269,1.656797,0.339787,0.583102,0
user_31629,2021-09-19 18:29:00,30,7,13,0,6,4,18,4,15,1,2,6,1,1.970286,0.484498,3.267106,2.621367,2.39485,1.406091,0.913341,0.47759,0
user_31630,2021-09-23 07:36:00,13,20,6,4,10,2,13,1,2,9,7,3,0,3.651272,1.292559,3.558837,0.25005,1.028711,1.705319,0.475266,0.741326,1
user_31631,2021-08-27 16:31:00,10,14,29,2,0,4,15,10,20,19,6,4,0,0.739613,1.046572,2.813405,4.433425,4.451445,2.620555,0.251779,0.992006,1
user_31632,2021-08-05 02:43:00,37,19,27,1,1,1,4,4,1,13,6,3,0,4.011387,0.603903,4.142793,2.56365,3.38027,4.936329,0.722389,0.569872,1
user_31633,2021-08-13 03:25:00,16,3,7,1,3,5,10,15,17,3,12,4,0,2.93097,0.493929,2.632125,3.567416,1.573272,0.487772,0.805181,0.956006,1
user_31634,2021-08-07 01:28:00,25,18,21,2,10,3,7,7,1,17,12,5,1,2.170292,4.77144,4.586376,1.541668,2.221013,4.423017,0.353976,0.634076,0
user_31635,2021-10-04 12:01:00,25,8,8,4,5,5,2,19,17,6,11,0,0,2.36175,1.940873,2.70592,1.143302,2.153402,2.861131,0.536244,0.316106,0
user_31636,2021-08-10 18:51:00,50,3,27,4,8,2,6,3,2,16,17,1,0,4.514306,0.134201,1.431603,2.113336,2.306155,0.40103,0.853132,0.719974,0
user_31637,2021-09-11 13:47:00,21,8,30,0,8,1,4,9,18,14,7,5,1,3.997341,0.899072,4.335566,0.264424,0.897618,3.750659,0.284549,0.326074,1
user_31638,2021-09-27 01:45:00,27,3,30,3,1,0,8,9,19,3,20,0,0,4.21982,3.351309,4.388724,4.335506,2.203754,4.187765,0.860357,0.967301,1
user_31639,2021-10-11 07:16:00,47,11,15,0,0,2,6,0,5,19,2,0,0,0.736749,4.680531,0.931291,2.152049,2.531576,2.433297,0.611708,0.993867,0
user_31640,2021-08-25 18:29:00,18,7,20,2,5,2,0,19,8,15,15,2,0,3.578894,1.813125,1.499308,3.61689,2.816223,4.524465,0.616253,0.818833,1
user_31641,2021-10-05 22:15:00,44,7,14,5,5,4,2,12,18,10,7,1,0,1.216598,3.900358,4.575439,2.607199,4.717481,1.630025,0.596507,0.883025,1
user_31642,2021-08-11 11:30:00,28,0,30,5,2,1,14,11,5,11,1,2,0,2.793087,1.434391,3.753858,0.937446,2.213006,3.616118,0.434809,0.254923,0
user_31643,2021-10-12 16:00:00,33,4,18,2,9,0,10,15,5,18,19,1,0,3.153913,0.759273,4.478552,4.506931,3.318088,3.003017,0.54877,0.37708,0
user_31644,2021-09-16 01:55:00,25,1,7,1,5,2,11,0,6,6,3,3,0,3.939028,4.24702,2.457516,3.569087,3.458816,4.840632,0.683181,0.943902,1
user_31645,2021-10-04 20:31:00,14,9,7,3,8,0,12,7,1,1,1,0,0,3.936878,0.459045,3.227428,4.575318,0.251188,4.549791,0.875052,0.336063,1
user_31646,2021-09-15 12:14:00,11,11,30,0,3,2,0,9,17,19,16,2,0,3.432563,0.428209,4.293223,3.020145,4.092179,2.67947,0.4814,0.218175,1
user_31647,2021-09-26 08:34:00,23,20,20,4,4,3,9,14,4,11,14,6,1,1.30372,2.035726,4.491414,2.057204,3.799746,4.778175,0.614619,0.988901,1
user_31648,2021-08-03 16:28:00,40,14,12,3,6,1,1,5,20,18,8,1,0,0.626037,0.461596,0.609996,3.237122,1.478241,4.47266,0.400749,0.561423,1
user_31649,2021-10-26 20:50:00,34,20,1,1,5,3,5,3,0,17,3,1,0,2.896551,3.541662,2.818918,2.902665,4.639653,0.434685,0.997073,0.879639,1
user_31650,2021-09-25 01:24:00,37,11,21,4,10,0,16,6,9,15,9,5,1,4.468352,4.211877,4.593727,0.275414,2.380373,1.511333,0.674028,0.415994,0
user_31651,2021-10-14 10:44:00,1,15,2,0,0,2,0,8,20,16,4,3,0,1.14889,0.85009,4.728498,3.595234,0.606587,2.390766,0.253525,0.801922,0
user_31652,2021-08-02 09:23:00,40,1,5,0,8,2,16,14,7,13,13,0,0,1.607516,4.747128,2.21891,2.005572,3.485886,4.501486,0.359629,0.522179,1
user_31653,2021-10-20 09:06:00,20,20,4,2,10,4,1,2,6,13,6,2,0,0.622974,2.18877,0.182772,2.832304,1.541835,4.781454,0.312504,0.973953,0
user_31654,2021-08-13 19:43:00,31,16,28,5,7,3,2,19,19,9,11,4,0,3.452585,1.921754,2.011178,1.76081,4.188951,2.252316,0.398341,0.303034,1
user_31655,2021-10-23 06:54:00,50,5,13,5,4,1,16,15,3,7,5,5,1,4.013153,2.395996,4.422043,0.928615,2.1166,0.418597,0.502874,0.205093,0
user_31656,2021-08-06 03:03:00,38,4,13,3,0,5,11,9,8,6,18,4,0,1.284642,0.83809,0.372009,4.806625,4.321963,2.37503,0.289569,0.338336,0
user_31657,2021-08-02 18:49:00,6,16,16,0,5,3,16,1,13,20,9,0,0,0.198175,3.345958,3.851002,3.891058,4.147028,4.479701,0.232007,0.591861,1
user_31658,2021-08-31 08:42:00,20,6,5,5,3,4,20,7,4,17,20,1,0,2.311313,3.794633,2.704983,2.369631,3.801398,3.452429,0.539566,0.48162,0
user_31659,2021-10-15 15:23:00,2,9,6,2,9,1,13,1,2,7,13,4,0,2.417024,3.097667,4.052755,3.503901,4.548332,2.419005,0.230243,0.249283,1
user_31660,2021-08-29 13:01:00,15,6,19,1,5,3,10,17,2,14,4,6,1,3.103073,0.296603,0.757287,3.642943,1.965611,1.965379,0.242251,0.400346,1
user_31661,2021-09-17 02:36:00,27,4,20,1,8,3,13,7,0,12,7,4,0,3.563333,0.348775,4.863758,1.142185,0.218359,1.269808,0.287485,0.300285,1
user_31662,2021-10-03 22:24:00,50,14,2,1,6,1,6,15,19,17,2,6,1,0.511798,4.702658,4.869992,4.194387,1.122252,0.848784,0.970254,0.336053,1
user_31663,2021-08-17 13:43:00,2,11,11,2,3,4,3,4,9,19,4,1,0,1.780459,2.086921,2.707864,2.212411,2.234595,4.23833,0.554119,0.341022,1
user_31664,2021-08-02 23:33:00,29,10,12,2,4,0,16,19,14,18,1,0,0,1.356731,2.645694,3.294697,1.077005,1.559534,3.845349,0.95445,0.973707,0
user_31665,2021-08-23 04:19:00,10,20,28,0,9,3,9,5,14,12,14,0,0,4.926474,3.421523,0.153243,0.605257,3.917386,1.947931,0.669398,0.847796,1
user_31666,2021-09-24 14:38:00,30,5,29,1,1,0,20,11,1,14,1,4,0,4.065932,3.206448,0.230269,3.449591,4.631993,1.154176,0.800566,0.472582,0
user_31667,2021-08-17 02:17:00,47,3,23,3,7,1,5,5,19,13,7,1,0,1.609402,2.799102,1.743713,2.571666,2.065558,1.87435,0.677545,0.538273,1
user_31668,2021-08-21 07:18:00,5,5,19,1,9,2,0,0,12,6,16,5,1,0.308141,1.711824,0.140205,0.443095,3.08656,0.533392,0.26647,0.312147,1
user_31669,2021-08-27 20:52:00,45,16,12,2,6,3,5,8,5,0,5,4,0,1.405732,4.041092,3.750314,4.678808,3.905195,1.969512,0.313688,0.510426,0
user_31670,2021-10-29 12:27:00,20,8,15,0,0,2,9,13,3,5,2,4,0,1.506379,2.987677,0.197269,3.4384,3.209188,4.355626,0.432625,0.453564,1
user_31671,2021-09-27 10:44:00,30,12,25,3,10,3,12,15,10,4,10,0,0,2.345887,4.488154,3.273073,4.422009,4.89474,0.217528,0.807964,0.654665,1
user_31672,2021-09-22 22:25:00,24,3,2,5,0,2,19,9,1,4,2,2,0,1.574381,0.220867,2.498221,3.629902,2.95121,0.362285,0.520494,0.279728,1
user_31673,2021-09-01 03:36:00,6,4,16,0,3,0,3,0,16,19,1,2,0,3.02977,1.108835,1.680315,2.68071,3.088795,2.493066,0.750643,0.206036,1
user_31674,2021-08-14 11:33:00,2,8,14,0,4,3,18,1,18,5,15,5,1,0.767411,4.663702,1.982038,1.553167,0.787159,4.820167,0.536683,0.611617,0
user_31675,2021-08-10 18:15:00,29,18,4,4,10,2,3,3,16,17,4,1,0,1.084236,0.884951,1.624385,1.2773,4.035574,4.583796,0.666171,0.770567,1
user_31676,2021-09-28 13:41:00,18,18,21,4,5,5,2,19,9,11,12,1,0,2.029382,3.567918,0.213475,2.629821,0.823752,2.026417,0.219435,0.811581,1
user_31677,2021-08-24 02:49:00,32,15,20,5,6,4,19,20,3,3,5,1,0,1.847023,4.32314,1.686402,4.155549,4.37669,4.156877,0.308685,0.886976,0
user_31678,2021-10-17 14:01:00,48,19,16,1,8,1,8,13,11,17,4,6,1,3.792686,2.904106,1.812726,2.755765,3.080263,3.575528,0.755554,0.531423,1
user_31679,2021-09-01 21:08:00,7,1,26,1,6,2,8,18,5,9,3,2,0,4.335526,1.222443,0.840296,4.651829,1.898772,0.85675,0.319201,0.300949,0
user_31680,2021-09-12 16:28:00,47,7,5,5,1,1,8,14,17,13,3,6,1,4.575544,0.360926,3.373089,0.316047,2.516355,3.208283,0.611947,0.819104,1
user_31681,2021-09-13 05:03:00,25,3,21,0,1,5,4,8,0,7,15,0,0,4.803915,3.321856,0.423139,2.822356,2.972439,0.675827,0.493047,0.817279,0
user_31682,2021-09-17 06:29:00,49,16,7,4,4,1,14,17,7,20,8,4,0,1.923122,2.451606,1.648385,1.15418,4.198964,0.395693,0.482078,0.731904,0
user_31683,2021-08-12 14:58:00,34,6,11,5,9,5,13,7,5,13,5,3,0,2.328706,0.653976,0.4921,2.757789,0.222197,1.621226,0.292357,0.781782,1
user_31684,2021-09-20 03:14:00,47,20,4,0,0,5,8,11,11,19,11,0,0,1.446371,4.891669,1.859598,1.673632,4.286948,1.25746,0.433592,0.968366,1
user_31685,2021-08-16 23:34:00,34,17,4,4,2,3,0,6,8,13,7,0,0,4.176037,3.634062,4.94473,3.161683,1.638219,4.007043,0.982891,0.249902,1
user_31686,2021-09-18 18:47:00,21,20,20,3,10,5,16,1,18,3,10,5,1,4.372982,0.347538,0.547459,3.983841,4.917652,2.211591,0.890393,0.387234,1
user_31687,2021-08-24 22:30:00,48,9,28,0,6,3,17,14,7,9,18,1,0,4.676703,1.667194,4.931022,4.531027,4.180415,4.540379,0.676058,0.204226,1
user_31688,2021-10-28 00:51:00,46,16,5,0,8,3,15,7,20,15,13,3,0,0.852026,1.393317,2.205436,1.067419,1.293147,0.252978,0.214544,0.397293,1
user_31689,2021-08-27 19:32:00,35,0,17,0,4,1,0,19,17,20,8,4,0,2.232534,4.471316,4.191157,0.909009,0.414615,1.115204,0.535832,0.910342,1
user_31690,2021-08-03 06:09:00,29,14,27,3,0,3,12,5,0,18,4,1,0,3.221777,2.619419,2.648325,1.625131,3.182267,1.091164,0.796237,0.556925,0
user_31691,2021-08-13 10:21:00,45,16,10,3,8,1,5,17,9,15,10,4,0,4.807043,2.078649,1.672171,4.764223,1.272549,2.450083,0.756968,0.328224,1
user_31692,2021-10-25 00:48:00,44,3,26,1,5,5,19,10,8,0,4,0,0,3.083321,1.375034,1.030168,3.883379,0.819041,2.564377,0.863808,0.865526,0
user_31693,2021-10-19 22:53:00,32,1,28,4,5,3,10,10,20,7,2,1,0,2.627695,1.844922,3.017279,0.234452,3.371058,1.46681,0.430086,0.553764,1
user_31694,2021-08-05 02:20:00,27,1,14,2,8,4,3,15,7,18,7,3,0,0.768077,4.267882,1.914609,1.978738,0.771285,4.56703,0.647567,0.40062,1
user_31695,2021-09-21 16:07:00,26,17,30,0,1,1,14,19,1,10,13,1,0,2.605887,0.271512,3.355332,2.166365,3.260941,4.61592,0.753616,0.787175,0
user_31696,2021-08-09 20:09:00,31,2,5,3,1,5,11,4,19,0,10,0,0,3.089206,2.897163,3.320343,1.162673,4.605667,3.315374,0.818034,0.875625,0
user_31697,2021-10-15 22:41:00,9,7,15,4,1,5,5,5,0,12,9,4,0,1.525579,0.501794,1.637059,0.17784,2.159079,2.472107,0.512305,0.22021,1
user_31698,2021-09-28 02:58:00,46,8,25,4,5,2,12,7,19,5,4,1,0,3.732419,1.687798,0.23373,4.125364,4.336406,0.932128,0.912708,0.82025,0
user_31699,2021-08-11 19:16:00,45,13,11,1,10,3,7,7,16,14,17,2,0,1.380238,4.596146,4.488207,4.724753,1.40746,1.026402,0.41422,0.942492,0
user_31700,2021-09-10 09:36:00,44,16,1,4,5,5,19,7,1,19,7,4,0,3.780123,2.883745,4.558563,4.772003,2.655433,2.373677,0.735027,0.318933,0
user_31701,2021-08-16 03:54:00,22,4,11,2,6,3,7,3,16,7,17,0,0,0.541211,3.957508,0.883294,3.828242,0.715543,1.410251,0.357035,0.933562,1
user_31702,2021-08-25 18:48:00,2,15,16,0,5,0,11,9,7,14,14,2,0,1.365318,3.633112,4.111463,0.979849,2.900028,1.148007,0.904507,0.264731,0
user_31703,2021-09-16 15:03:00,8,7,19,1,2,5,19,14,14,10,9,3,0,4.291268,1.198438,4.515237,0.108471,4.336145,1.133721,0.205919,0.683509,1
user_31704,2021-08-01 22:47:00,44,20,3,2,7,0,15,5,20,4,12,6,1,1.532028,0.307412,1.77953,2.054098,4.54499,4.399889,0.475784,0.730606,1
user_31705,2021-10-07 02:51:00,21,4,15,2,2,0,18,17,17,7,11,3,0,1.285794,2.869588,0.965676,1.046535,1.066232,0.28993,0.247496,0.561833,1
user_31706,2021-08-31 08:15:00,25,18,9,0,9,1,14,13,18,8,1,1,0,1.30077,1.80371,2.291577,0.479126,2.898644,0.519339,0.71446,0.936571,0
user_31707,2021-09-12 11:02:00,33,5,30,4,6,0,2,19,10,13,3,6,1,2.346318,4.107022,4.591234,1.119102,2.137138,4.079634,0.205727,0.53391,0
user_31708,2021-10-07 05:30:00,2,16,30,1,5,0,2,20,9,8,17,3,0,0.323785,2.049733,1.838367,3.923575,3.781308,4.311748,0.747347,0.538932,0
user_31709,2021-10-03 16:26:00,44,2,8,5,9,1,15,19,6,6,8,6,1,1.527856,2.39058,4.120601,3.402092,4.160319,2.202986,0.417773,0.73212,0
user_31710,2021-09-01 00:31:00,15,17,8,3,7,4,19,15,17,7,6,2,0,2.819151,3.182928,0.238486,1.593638,3.805692,4.131537,0.388747,0.468769,1
user_31711,2021-08-16 03:40:00,14,9,17,5,7,4,16,19,19,1,20,0,0,3.588982,2.905648,0.426182,2.618275,3.501884,0.367314,0.402493,0.411035,0
user_31712,2021-10-12 22:46:00,26,5,24,1,7,5,5,17,2,5,0,1,0,1.829054,2.699144,0.444339,1.043006,1.15055,3.823059,0.393558,0.575954,0
user_31713,2021-08-29 20:56:00,32,2,9,3,6,3,13,15,12,9,8,6,1,2.432153,3.023352,3.014598,0.838407,2.063047,2.787748,0.99653,0.258798,0
user_31714,2021-09-02 20:25:00,42,11,4,5,10,5,15,16,20,5,20,3,0,4.154188,0.668128,1.872834,1.789877,2.232165,3.213451,0.918196,0.949915,1
user_31715,2021-10-15 14:36:00,46,20,21,0,4,2,16,1,17,9,14,4,0,4.570094,4.941219,3.46951,4.796516,0.56978,0.635399,0.414917,0.47322,0
user_31716,2021-10-02 09:02:00,32,7,2,4,2,0,18,19,5,14,6,5,1,4.880172,3.53541,1.256752,0.901456,0.896537,2.672679,0.586462,0.740562,1
user_31717,2021-08-02 19:33:00,38,16,10,1,6,1,5,11,6,2,12,0,0,2.748376,2.429647,0.486078,1.258802,3.394879,2.602472,0.408061,0.9304,0
user_31718,2021-08-29 14:11:00,25,15,29,4,8,5,6,18,3,20,7,6,1,4.246647,2.741955,0.357298,4.5009,0.77874,2.052886,0.307369,0.559279,0
user_31719,2021-08-17 19:14:00,8,13,7,5,3,1,17,6,12,7,11,1,0,4.633368,1.997106,1.744064,4.749204,3.533055,0.623139,0.277309,0.447657,1
user_31720,2021-10-03 22:05:00,6,8,22,5,10,3,19,1,19,2,11,6,1,0.793459,4.698937,3.612094,4.156319,3.574751,3.127425,0.30849,0.301307,0
user_31721,2021-08-15 15:52:00,47,10,12,3,7,5,13,3,1,19,0,6,1,3.987518,1.618054,0.156776,4.992915,1.938203,1.802031,0.756745,0.695789,0
user_31722,2021-09-03 09:55:00,5,3,22,2,2,2,17,2,1,16,10,4,0,3.239116,2.880495,2.550015,3.417455,2.108501,1.0947,0.28154,0.461571,0
user_31723,2021-10-08 08:59:00,26,14,17,0,6,3,0,3,6,11,9,4,0,3.368394,4.889902,2.23874,3.573796,2.626121,1.942248,0.870506,0.815135,1
user_31724,2021-09-03 21:19:00,12,16,9,3,4,1,9,14,2,20,17,4,0,1.043821,2.327915,0.925723,2.487922,2.642629,3.368382,0.851295,0.758641,1
user_31725,2021-09-22 18:15:00,30,17,4,3,1,5,13,4,11,2,16,2,0,0.961516,2.830675,0.3653,1.459643,1.63969,2.313193,0.920649,0.377146,1
user_31726,2021-10-11 11:38:00,41,0,15,2,2,4,18,20,20,8,2,0,0,2.134965,4.504726,0.419517,3.889381,0.985896,4.865786,0.523451,0.799456,0
user_31727,2021-08-13 08:09:00,23,10,5,2,7,2,15,15,9,6,0,4,0,0.794052,0.515513,1.134549,1.010869,2.79594,3.164883,0.560289,0.329593,1
user_31728,2021-08-31 15:13:00,42,10,2,2,4,4,14,17,6,11,9,1,0,0.265136,4.931011,4.215991,3.55647,2.336787,2.962648,0.630415,0.584852,1
user_31729,2021-09-22 05:44:00,31,9,10,4,4,0,14,1,2,15,8,2,0,4.419315,0.687433,0.765941,4.195349,3.065708,3.452109,0.480971,0.314764,1
user_31730,2021-08-10 00:46:00,4,14,22,3,4,1,11,0,14,4,6,1,0,3.745934,2.240894,1.317822,2.547414,3.844933,3.043566,0.960948,0.565135,0
user_31731,2021-08-14 04:30:00,41,6,10,4,0,2,20,6,8,18,20,5,1,3.185131,2.747695,1.871674,2.313346,0.945643,0.90403,0.999134,0.779994,0
user_31732,2021-09-07 17:20:00,7,17,10,3,10,4,13,2,1,19,1,1,0,1.064914,4.778085,3.828404,2.546469,3.803337,0.610428,0.551115,0.543214,0
user_31733,2021-10-01 21:08:00,38,11,23,5,5,4,7,3,14,16,18,4,0,4.100331,2.87602,2.854998,1.86923,1.810103,1.495534,0.3909,0.36392,0
user_31734,2021-10-05 04:20:00,14,8,24,3,7,3,10,16,4,0,7,1,0,2.091007,2.962232,0.862559,3.772547,3.437669,2.98004,0.385631,0.614224,0
user_31735,2021-09-09 07:52:00,26,20,5,5,10,1,19,4,18,0,17,3,0,1.074045,1.122221,3.31651,0.368952,4.760708,3.414255,0.395551,0.355157,1
user_31736,2021-09-16 00:41:00,49,15,14,2,3,5,12,16,5,10,18,3,0,1.296637,2.483744,2.500894,1.102097,3.707167,4.010236,0.892104,0.716,1
user_31737,2021-10-26 00:18:00,12,8,25,2,3,4,6,9,16,8,13,1,0,2.445442,3.004241,0.298774,0.428282,0.457351,1.067916,0.503514,0.88417,1
user_31738,2021-08-24 03:13:00,35,18,11,5,1,2,19,14,6,13,9,1,0,0.36589,1.641666,0.809671,1.346563,3.648028,4.590507,0.284566,0.548093,0
user_31739,2021-08-15 06:50:00,46,7,15,0,8,0,20,6,17,17,12,6,1,3.3957,1.961611,0.4011,3.376649,4.399444,1.723373,0.824503,0.846447,1
user_31740,2021-08-18 05:11:00,38,19,2,1,6,2,20,18,16,9,11,2,0,0.43689,3.305675,2.60956,0.172266,3.360083,0.534961,0.20194,0.459631,0
user_31741,2021-10-16 07:38:00,50,10,1,0,1,1,20,19,6,13,13,5,1,3.055627,0.352229,0.395388,4.050233,2.786074,3.688417,0.503948,0.221968,1
user_31742,2021-09-06 17:28:00,8,20,9,5,2,0,9,10,7,17,13,0,0,2.151654,1.829533,1.552056,2.474314,3.762228,3.359124,0.318211,0.410031,0
user_31743,2021-08-07 17:10:00,14,6,27,0,5,3,1,13,7,3,13,5,1,3.726883,2.099764,1.515479,2.557123,0.261222,3.087743,0.203578,0.21693,1
user_31744,2021-09-15 19:43:00,4,3,24,0,1,5,15,3,17,6,13,2,0,1.497661,4.396044,2.552289,2.786133,4.567783,4.830525,0.939854,0.454303,0
user_31745,2021-09-23 03:29:00,27,7,5,1,0,5,18,14,1,6,20,3,0,1.19783,0.512665,4.618578,3.953715,0.524698,1.734883,0.924056,0.284458,0
user_31746,2021-10-27 06:21:00,14,6,14,2,5,2,1,12,2,4,8,2,0,0.796632,3.303095,4.367475,1.257363,4.319969,1.525507,0.769302,0.441904,0
user_31747,2021-10-10 08:38:00,25,1,18,2,6,4,0,1,14,6,8,6,1,3.740287,2.082381,3.447441,1.980099,1.838674,1.67177,0.323997,0.746544,0
user_31748,2021-10-16 14:56:00,12,3,22,2,4,4,12,1,10,6,10,5,1,2.707503,3.53515,1.653164,4.045262,0.790691,1.999425,0.812599,0.354567,0
user_31749,2021-08-02 16:49:00,27,12,12,3,1,0,10,12,13,14,5,0,0,4.472207,0.118873,3.35892,4.18953,2.110456,3.680532,0.906358,0.39254,0
user_31750,2021-09-19 20:44:00,19,10,14,1,3,3,8,16,5,12,7,6,1,3.29661,4.47851,1.836215,2.808818,4.665709,1.358177,0.271508,0.95785,0
user_31751,2021-10-20 11:02:00,10,6,4,0,9,4,19,4,4,8,2,2,0,2.373977,4.689111,0.628391,3.160245,2.9626,4.941794,0.442492,0.712064,1
user_31752,2021-09-02 13:31:00,38,11,11,2,4,2,15,6,1,19,1,3,0,2.356519,2.92129,0.515749,4.789049,2.661537,0.577929,0.550441,0.874063,1
user_31753,2021-09-17 21:05:00,13,16,29,4,1,1,19,9,7,12,4,4,0,1.208031,4.86434,2.094545,2.752047,2.274755,4.408647,0.466271,0.611104,1
user_31754,2021-09-22 15:09:00,20,17,7,1,4,1,17,7,0,10,9,2,0,4.512801,1.323774,2.543601,4.701503,4.053695,0.940662,0.296174,0.405642,0
user_31755,2021-09-23 02:42:00,43,13,20,2,9,0,5,11,4,7,5,3,0,3.328934,2.755717,2.896493,4.232675,4.170071,3.967088,0.690544,0.273645,1
user_31756,2021-09-02 00:47:00,46,14,8,2,0,5,6,13,11,1,18,3,0,0.145034,1.407187,3.758588,0.842447,3.536466,0.317074,0.423491,0.573488,1
user_31757,2021-08-09 00:16:00,48,11,27,2,5,2,10,20,7,7,11,0,0,0.287587,0.754267,4.883243,2.968094,0.346637,2.010986,0.617293,0.988298,1
user_31758,2021-09-13 09:29:00,50,6,10,3,5,4,1,5,4,0,5,0,0,1.276564,1.441016,3.81575,3.495834,3.654563,0.900244,0.788231,0.287662,1
user_31759,2021-10-21 22:57:00,2,18,14,3,4,4,17,7,11,5,20,3,0,1.290057,3.266788,4.896238,3.271921,1.031044,2.548776,0.542075,0.906266,0
user_31760,2021-10-15 19:41:00,30,5,1,4,9,1,11,10,8,11,1,4,0,4.350995,4.951207,4.486839,4.964399,1.333039,0.640021,0.817767,0.221087,1
user_31761,2021-10-28 09:23:00,32,12,28,2,8,2,1,11,11,4,19,3,0,1.597739,1.481296,0.2415,4.831967,0.828616,3.115161,0.501014,0.712015,1
user_31762,2021-08-24 04:31:00,40,1,6,4,4,5,1,11,19,8,0,1,0,0.855264,0.727722,4.004238,1.835034,2.85606,0.698277,0.245698,0.736419,1
user_31763,2021-10-15 22:11:00,9,3,29,4,4,5,1,14,14,9,19,4,0,1.601723,2.194061,1.307321,2.314641,3.447768,1.64412,0.220892,0.927641,1
user_31764,2021-08-19 17:29:00,19,20,7,0,10,3,20,15,13,11,17,3,0,4.140466,1.615084,1.833254,3.820232,3.824506,0.105024,0.369544,0.473073,1
user_31765,2021-09-08 14:56:00,37,14,19,5,9,5,16,6,6,15,19,2,0,3.689491,3.337405,2.436916,3.089732,4.412967,3.599323,0.528064,0.993454,1
user_31766,2021-09-04 01:31:00,12,10,10,1,0,4,19,18,5,20,11,5,1,1.68691,3.665481,2.079024,2.733054,0.720506,1.108809,0.61505,0.497212,0
user_31767,2021-08-26 02:53:00,35,13,6,0,10,5,19,19,14,2,12,3,0,4.929114,3.229758,4.950608,4.872483,2.424425,1.12307,0.715523,0.562733,1
user_31768,2021-09-05 14:29:00,47,17,6,5,1,3,9,3,16,12,14,6,1,1.984787,0.506276,2.297385,4.849352,1.927979,2.815011,0.453395,0.803059,0
user_31769,2021-10-25 13:55:00,41,18,9,1,2,1,20,14,16,11,14,0,0,4.544438,1.739528,1.820255,4.149769,0.982797,1.752406,0.768098,0.954322,1
user_31770,2021-10-16 20:32:00,9,18,3,2,4,2,6,13,14,17,7,5,1,3.669237,3.304551,1.038677,2.253731,3.489932,3.563648,0.495384,0.918386,1
user_31771,2021-08-14 11:10:00,39,10,12,0,7,2,6,14,1,0,5,5,1,1.168747,1.189805,3.801381,4.723058,3.736226,3.024903,0.876244,0.353457,1
user_31772,2021-10-15 09:06:00,12,8,21,5,2,4,15,20,3,9,18,4,0,1.56804,0.618616,2.837127,0.289378,1.845715,2.480583,0.993828,0.39509,1
user_31773,2021-09-13 23:52:00,27,0,14,2,3,4,12,3,16,15,9,0,0,4.252636,4.77961,1.673319,2.339234,3.427814,3.632964,0.428968,0.852035,1
user_31774,2021-08-04 11:44:00,22,1,18,3,6,3,6,6,15,16,6,2,0,0.342742,2.459541,4.66415,4.651289,0.941533,3.775752,0.938555,0.516974,1
user_31775,2021-10-05 07:34:00,29,14,16,2,4,4,1,18,19,20,16,1,0,4.20527,1.343974,4.949075,0.245951,4.863829,3.037247,0.571861,0.466292,0
user_31776,2021-10-17 21:37:00,18,3,9,0,7,2,7,10,19,14,12,6,1,2.269672,2.826845,4.543045,1.18438,1.765545,0.663769,0.903755,0.624452,0
user_31777,2021-10-13 21:19:00,15,2,16,4,6,3,17,18,20,12,6,2,0,3.240744,0.391695,4.509738,2.515823,1.140686,2.073625,0.235418,0.289795,1
user_31778,2021-10-16 12:02:00,15,8,25,4,8,4,8,12,0,18,15,5,1,4.821662,1.915305,0.121778,1.919238,2.907539,2.748203,0.893032,0.895074,1
user_31779,2021-10-07 10:31:00,47,6,4,5,6,2,20,15,7,1,20,3,0,2.856351,2.658066,0.829935,1.100195,0.67453,2.312387,0.932705,0.771295,1
user_31780,2021-09-20 20:38:00,37,10,21,3,6,3,3,10,18,12,10,0,0,1.5507,3.593407,3.553305,2.613568,3.892293,3.942102,0.643585,0.882582,1
user_31781,2021-08-06 20:21:00,41,20,2,2,6,0,12,20,19,16,8,4,0,0.954493,2.82551,3.225741,2.263542,3.687026,2.820187,0.830909,0.780803,0
user_31782,2021-08-22 11:09:00,50,16,6,5,2,0,10,0,17,6,20,6,1,2.300685,4.470493,0.449271,1.646477,1.206258,2.529099,0.558618,0.733843,1
user_31783,2021-08-25 15:58:00,36,10,12,0,0,4,8,9,11,19,19,2,0,3.657573,3.38103,4.689113,1.456443,2.837956,4.788931,0.592084,0.214281,1
user_31784,2021-09-12 13:42:00,29,6,25,2,4,2,8,14,18,8,9,6,1,2.607395,2.235152,4.903104,4.077966,4.9504,4.011476,0.599534,0.409729,1
user_31785,2021-08-23 07:10:00,6,0,2,3,9,1,13,5,9,1,5,0,0,3.226179,4.41862,0.137822,3.178517,1.520203,4.931913,0.881948,0.748614,0
user_31786,2021-09-19 13:38:00,2,5,13,5,4,5,0,10,7,13,4,6,1,4.195673,2.591884,3.169149,3.289507,3.927952,3.492878,0.396591,0.780594,0
user_31787,2021-10-01 05:54:00,11,12,16,3,9,2,7,8,12,19,15,4,0,3.938599,4.838654,2.047196,1.335781,2.50163,0.170745,0.985901,0.888651,1
user_31788,2021-09-19 00:16:00,11,12,26,2,5,5,15,2,13,2,17,6,1,3.211401,3.493071,0.26841,0.589983,0.499526,1.214172,0.616018,0.748272,1
user_31789,2021-10-17 01:23:00,25,20,6,3,7,5,10,13,15,2,17,6,1,2.145704,3.752022,3.454362,2.492817,2.315918,2.823069,0.862331,0.341621,0
user_31790,2021-10-24 09:10:00,4,10,18,1,9,2,17,17,7,3,4,6,1,1.788096,1.898762,0.507188,4.095503,0.758087,0.163414,0.560552,0.915031,0
user_31791,2021-10-22 22:43:00,16,1,12,5,5,4,13,9,8,8,16,4,0,0.615523,1.273848,3.071952,3.762458,4.00703,2.276065,0.744598,0.640528,1
user_31792,2021-10-21 04:15:00,15,6,30,3,0,0,18,20,7,3,4,3,0,4.143929,1.470662,1.766927,2.064599,4.774525,0.309834,0.690004,0.494702,1
user_31793,2021-09-28 05:07:00,3,15,16,3,1,1,7,2,7,15,10,1,0,0.870485,1.594802,1.449308,3.683042,3.451077,1.04682,0.545211,0.986264,0
user_31794,2021-09-18 22:16:00,27,18,16,3,9,4,16,6,19,17,14,5,1,3.340154,3.295131,3.635338,4.870874,3.794924,1.497171,0.31145,0.20275,0
user_31795,2021-08-26 01:20:00,12,13,8,3,2,0,9,16,4,20,4,3,0,3.616806,0.835928,3.378685,2.917539,3.155221,1.852368,0.291709,0.250594,1
user_31796,2021-08-30 15:53:00,10,9,9,5,4,4,1,9,18,12,8,0,0,4.234628,0.292112,3.257249,2.083922,3.208601,0.776618,0.331566,0.791269,1
user_31797,2021-08-16 00:34:00,15,0,10,5,7,4,8,6,4,18,18,0,0,3.459429,4.692839,4.643501,2.654483,1.04438,2.358188,0.628308,0.206519,0
user_31798,2021-09-18 17:47:00,22,13,18,5,7,3,8,4,16,19,10,5,1,3.36861,4.033271,2.858193,4.80914,3.20821,0.668934,0.557654,0.760607,1
user_31799,2021-09-05 10:03:00,37,17,2,1,2,5,4,15,19,0,18,6,1,3.489773,1.390663,0.599158,3.243425,3.471681,4.995895,0.425846,0.443164,0
user_31800,2021-08-06 16:09:00,24,6,20,1,10,4,11,13,3,8,13,4,0,4.997339,2.447734,2.878803,3.044574,2.667727,3.899515,0.934126,0.937999,0
user_31801,2021-10-11 22:05:00,30,19,27,2,1,2,7,15,8,3,2,0,0,1.023762,2.457192,0.313756,4.861872,1.400858,1.78316,0.753145,0.990081,1
user_31802,2021-08-11 11:09:00,39,3,4,2,8,0,19,6,4,1,10,2,0,0.410758,1.035926,2.387112,2.22869,2.928278,0.370166,0.214981,0.771464,1
user_31803,2021-08-04 05:41:00,49,19,10,3,5,3,19,10,12,7,19,2,0,2.208375,2.779745,3.12984,0.211658,3.015758,3.150643,0.609,0.647871,0
user_31804,2021-10-23 05:29:00,16,16,1,0,5,2,12,16,8,18,16,5,1,2.3042,2.919294,0.648981,2.007846,2.7754,1.440861,0.774846,0.821108,0
user_31805,2021-08-16 04:09:00,39,11,19,2,9,3,16,20,10,9,10,0,0,0.944052,1.492306,3.451459,2.761939,0.124224,3.607888,0.684289,0.743711,1
user_31806,2021-09-21 19:27:00,11,9,9,2,3,2,15,20,20,8,20,1,0,0.941015,3.931911,3.134065,2.099708,2.697288,0.250499,0.45098,0.849134,1
user_31807,2021-10-13 11:24:00,45,4,3,2,6,4,11,18,1,6,18,2,0,4.623384,3.260101,3.288504,2.905808,0.850424,2.98435,0.523075,0.633752,1
user_31808,2021-09-21 23:13:00,28,14,17,1,4,2,15,8,12,1,13,1,0,1.953195,3.512731,1.06018,4.262863,1.230109,1.087628,0.494588,0.927954,0
user_31809,2021-08-07 01:23:00,34,16,7,0,5,3,0,13,13,12,19,5,1,4.929572,0.856931,2.541758,2.521627,3.438174,2.396704,0.342537,0.542285,1
user_31810,2021-10-01 15:48:00,8,1,21,5,8,2,12,13,20,3,1,4,0,4.640605,2.811138,2.497977,2.529974,1.049129,1.85224,0.966349,0.749212,0
user_31811,2021-09-14 19:59:00,3,13,3,4,5,3,10,0,8,18,11,1,0,3.294063,0.716944,0.660833,0.113388,3.841898,0.959805,0.634853,0.632461,0
user_31812,2021-08-31 05:34:00,8,6,27,3,2,5,19,7,8,12,13,1,0,4.067505,4.51642,2.376987,3.582078,2.206231,1.731737,0.683879,0.666104,1
user_31813,2021-09-05 04:27:00,45,18,10,0,7,4,15,16,15,15,18,6,1,3.613124,3.607934,2.968822,0.439518,0.199547,1.526733,0.768034,0.978952,0
user_31814,2021-09-23 06:35:00,13,5,30,1,0,1,19,15,13,18,13,3,0,4.996749,2.145994,4.033327,1.421021,4.413664,3.170024,0.411567,0.683513,0
user_31815,2021-09-25 19:27:00,2,1,7,2,0,3,4,6,17,20,11,5,1,0.731544,0.414457,1.000864,0.647968,1.621743,3.955234,0.304786,0.4784,1
user_31816,2021-09-05 13:28:00,41,16,4,2,2,1,12,20,2,1,12,6,1,4.212901,3.420683,3.434169,0.232402,3.045314,0.722869,0.761828,0.878948,1
user_31817,2021-10-06 03:21:00,4,16,29,3,10,4,10,7,9,16,8,2,0,1.846138,2.350605,4.845028,4.611769,0.127859,0.801852,0.330691,0.311583,0
user_31818,2021-08-18 09:28:00,35,7,13,0,6,2,18,4,6,20,9,2,0,0.666098,2.675932,4.882571,2.391918,2.230601,2.327635,0.951678,0.383904,1
user_31819,2021-09-14 09:46:00,26,16,1,1,6,5,11,17,16,3,3,1,0,0.60574,2.954683,4.063092,0.159257,3.581635,0.22325,0.953387,0.590991,1
user_31820,2021-08-20 15:42:00,49,13,14,2,10,2,17,20,7,16,3,4,0,2.298664,2.45249,3.166344,2.085539,0.70331,1.249839,0.725134,0.795246,0
user_31821,2021-09-11 11:39:00,27,10,28,3,6,4,11,9,11,2,14,5,1,0.833823,4.699822,0.252834,3.960415,2.411696,1.97805,0.436537,0.628074,1
user_31822,2021-09-12 15:07:00,40,1,26,1,3,0,2,2,14,19,9,6,1,3.9287,0.569953,4.254574,2.574056,3.840933,2.991096,0.662025,0.93603,0
user_31823,2021-09-13 11:23:00,6,4,16,4,3,2,3,5,15,19,20,0,0,3.288374,3.292114,3.419338,2.490076,2.161052,1.003261,0.559045,0.702563,1
user_31824,2021-10-20 12:28:00,18,13,15,1,9,5,7,5,12,4,2,2,0,0.406824,2.67195,2.987757,4.474913,3.40856,2.974299,0.712022,0.78561,0
user_31825,2021-09-04 20:11:00,25,14,9,5,4,1,9,17,0,12,9,5,1,4.946366,3.434051,3.004064,3.990092,4.593735,2.22911,0.53575,0.89348,1
user_31826,2021-08-17 11:33:00,1,14,12,0,4,3,15,15,19,5,19,1,0,3.442145,1.628481,2.133942,1.748159,1.353556,2.610983,0.707262,0.836059,0
user_31827,2021-09-16 04:44:00,45,7,27,2,0,2,9,11,18,0,14,3,0,3.023461,2.87911,2.347685,3.138346,4.525127,1.790446,0.346622,0.299896,0
user_31828,2021-09-02 09:01:00,22,8,9,5,5,2,17,8,1,13,20,3,0,0.273417,2.892178,1.13994,2.537844,2.173524,3.887,0.437365,0.453607,0
user_31829,2021-10-14 09:24:00,28,2,11,2,4,4,8,15,13,15,11,3,0,1.70253,1.292614,2.436355,2.651311,4.246122,4.336297,0.994093,0.273827,0
user_31830,2021-10-24 08:49:00,19,13,23,2,8,0,0,18,14,20,16,6,1,0.625048,2.139896,4.542646,1.295337,3.252172,3.509002,0.436289,0.640728,1
user_31831,2021-09-19 18:03:00,49,9,26,2,4,4,15,9,12,3,18,6,1,2.21877,2.47158,1.09483,3.752804,1.763467,1.125185,0.659014,0.859993,1
user_31832,2021-09-20 15:05:00,37,7,30,2,6,0,19,3,2,14,15,0,0,1.155846,3.14608,1.312444,3.005404,2.869447,3.331335,0.987244,0.63828,1
user_31833,2021-10-04 00:21:00,23,13,2,2,10,5,1,15,13,8,12,0,0,1.002251,1.128093,4.942763,1.179986,4.753676,3.869689,0.98642,0.818684,0
user_31834,2021-08-25 06:07:00,30,9,6,3,7,5,14,2,3,5,6,2,0,3.050926,1.619975,2.787252,3.328768,0.481294,2.785861,0.719387,0.352732,0
user_31835,2021-10-29 17:03:00,47,19,13,4,7,1,6,10,0,19,12,4,0,0.629027,2.703428,3.66175,1.747552,4.10962,3.275246,0.523803,0.250911,1
user_31836,2021-09-17 00:47:00,34,13,4,3,9,2,10,9,19,15,6,4,0,1.652449,0.740551,4.66182,4.625796,2.166115,3.999859,0.405625,0.344818,0
user_31837,2021-10-09 03:06:00,21,12,6,1,5,3,17,19,19,3,19,5,1,1.940631,4.019359,3.689964,2.063329,4.567242,2.49264,0.457564,0.4239,1
user_31838,2021-10-24 07:36:00,4,7,23,3,3,2,2,19,12,15,18,6,1,3.184304,4.350769,0.603595,4.918088,4.723832,1.9202,0.957677,0.967724,0
user_31839,2021-09-26 01:45:00,2,6,1,4,3,5,12,5,13,3,12,6,1,3.014158,2.100489,1.499724,0.931135,4.067314,2.475599,0.374796,0.83418,1
user_31840,2021-10-14 21:55:00,47,14,21,5,8,2,15,6,4,14,17,3,0,0.572743,1.078488,2.568395,4.331385,4.248036,3.672959,0.97953,0.463784,0
user_31841,2021-10-11 14:37:00,31,9,4,3,3,4,19,9,17,9,10,0,0,3.208126,2.057413,4.312267,2.213278,4.46046,2.998439,0.842167,0.88529,1
user_31842,2021-09-21 10:19:00,27,0,5,0,7,1,15,8,13,11,5,1,0,3.371605,1.061615,3.686062,0.755779,4.2628,3.143816,0.538827,0.559324,1
user_31843,2021-09-21 08:26:00,22,16,2,2,2,3,20,1,12,15,11,1,0,3.996461,4.85709,1.037531,1.365583,3.77826,4.448913,0.637728,0.835303,0
user_31844,2021-09-14 16:56:00,30,18,16,5,0,5,14,10,20,1,9,1,0,3.917429,3.99867,3.496211,0.948607,3.367395,4.647132,0.674079,0.638871,1
user_31845,2021-09-21 16:32:00,24,18,23,3,9,2,14,10,8,14,6,1,0,2.796315,0.59141,0.665971,2.352186,0.604385,4.402288,0.86607,0.492831,1
user_31846,2021-09-01 07:19:00,46,16,29,1,3,4,5,12,15,20,19,2,0,1.411767,1.73064,2.024284,2.221656,3.937082,4.762696,0.234593,0.321186,0
user_31847,2021-08-13 08:16:00,6,11,29,1,7,3,15,5,8,10,11,4,0,1.23501,4.901131,4.869405,4.66021,2.18519,1.71472,0.330736,0.50289,0
user_31848,2021-08-12 09:56:00,13,10,11,0,2,3,6,20,11,2,20,3,0,3.376548,0.198774,2.405039,4.913854,0.843293,3.403484,0.494018,0.721369,1
user_31849,2021-09-14 12:54:00,12,8,10,4,6,5,7,7,1,0,5,1,0,4.385401,3.2961,1.735872,2.489743,1.657795,0.739747,0.951977,0.992388,1
user_31850,2021-09-24 12:26:00,36,8,17,2,7,4,15,2,19,12,11,4,0,1.979591,1.600291,2.402638,0.340002,2.176415,0.913284,0.439563,0.220597,0
user_31851,2021-08-28 22:11:00,48,12,27,5,5,2,18,18,14,2,17,5,1,1.528474,4.64367,0.905532,0.871931,4.821805,3.537397,0.96555,0.715006,0
user_31852,2021-08-02 11:11:00,27,16,6,0,8,3,11,18,12,3,1,0,0,1.367869,4.043745,4.76639,4.449278,4.067621,0.956606,0.863481,0.808434,0
user_31853,2021-09-18 10:17:00,47,2,15,4,4,5,14,3,2,4,15,5,1,4.066825,4.855859,4.405224,3.055444,1.908287,2.306955,0.515492,0.316457,0
user_31854,2021-08-25 20:43:00,35,14,23,5,0,4,11,15,19,18,19,2,0,3.568154,3.726681,2.984894,4.230594,1.202161,0.404908,0.611355,0.218207,0
user_31855,2021-09-30 17:11:00,30,0,25,2,0,2,17,5,11,15,17,3,0,0.522631,1.286442,0.191328,0.537648,0.874095,3.932472,0.842727,0.784496,1
user_31856,2021-10-02 10:43:00,31,15,11,4,3,3,13,18,8,14,18,5,1,0.215994,0.572047,1.575006,4.698678,1.818062,1.434512,0.562464,0.678312,0
user_31857,2021-10-22 05:51:00,13,13,6,4,4,3,18,15,19,8,12,4,0,0.775207,2.095558,3.64929,4.372044,3.157313,4.772122,0.229544,0.979648,1
user_31858,2021-08-06 08:03:00,50,8,29,1,8,0,18,12,20,10,18,4,0,3.971166,3.796206,2.840056,0.922479,4.189078,3.661501,0.395176,0.475713,1
user_31859,2021-09-06 14:55:00,8,2,28,3,7,2,8,19,18,6,17,0,0,3.92963,4.424565,0.662784,0.744667,4.021776,1.790194,0.960637,0.315912,0
user_31860,2021-08-06 10:34:00,48,4,26,2,6,1,15,1,13,4,2,4,0,0.37677,3.733055,3.87975,3.214343,0.432251,2.227618,0.884432,0.549041,1
user_31861,2021-09-16 06:28:00,16,1,10,5,4,2,15,7,0,13,17,3,0,3.097981,2.67304,4.205387,2.890799,1.838336,2.896329,0.437324,0.467269,1
user_31862,2021-08-06 20:04:00,29,19,16,5,5,0,8,15,19,10,19,4,0,2.54702,2.087891,2.219952,4.682877,3.623156,0.451343,0.498947,0.333679,1
user_31863,2021-10-04 15:01:00,11,8,30,4,8,2,17,8,0,6,19,0,0,3.29463,2.103732,1.217984,0.375779,1.022066,2.655868,0.755514,0.308248,1
user_31864,2021-10-15 23:42:00,32,9,11,4,9,1,15,19,16,6,3,4,0,1.51402,2.54812,2.001218,1.85296,1.649145,3.440479,0.638608,0.273175,1
user_31865,2021-10-28 09:59:00,37,1,30,4,7,2,1,4,8,10,1,3,0,2.073326,4.851594,2.528018,2.167651,3.086995,4.921645,0.798354,0.908571,0
user_31866,2021-10-29 00:48:00,10,1,5,2,7,0,4,19,9,11,2,4,0,4.661593,3.087027,2.102741,1.207967,3.492391,1.297747,0.392759,0.339143,1
user_31867,2021-08-25 05:44:00,32,0,16,2,5,5,18,9,5,11,2,2,0,4.996426,2.392954,2.826654,4.022374,2.034157,4.326959,0.60543,0.674999,1
user_31868,2021-09-02 05:51:00,23,19,14,4,0,1,17,1,16,18,11,3,0,2.102356,3.027205,0.752388,3.229002,2.757364,4.604636,0.645294,0.430896,0
user_31869,2021-09-17 18:48:00,24,12,11,0,0,0,19,16,2,13,12,4,0,1.006825,4.712131,4.426828,2.407168,4.372209,3.077857,0.433452,0.872185,1
user_31870,2021-09-08 03:09:00,32,18,11,2,3,5,18,9,20,11,11,2,0,0.528816,4.102707,0.490949,2.11084,0.369555,3.09916,0.68812,0.596101,1
user_31871,2021-09-13 02:31:00,4,16,17,5,1,0,17,3,6,6,0,0,0,3.891663,1.914825,2.279141,0.290746,4.968413,2.841842,0.807897,0.717522,0
user_31872,2021-09-26 09:54:00,16,2,27,1,1,0,11,10,3,8,6,6,1,3.184553,4.274114,1.107705,2.166524,2.459217,0.480931,0.556424,0.956543,1
user_31873,2021-10-02 11:18:00,10,18,17,5,8,4,14,11,16,13,6,5,1,0.309536,2.050949,0.686779,2.823218,0.239653,0.347338,0.308903,0.550807,1
user_31874,2021-08-14 23:50:00,39,15,22,3,9,5,17,1,3,11,3,5,1,2.90877,3.464964,0.295886,3.803659,1.421707,1.639017,0.978008,0.219077,0
user_31875,2021-09-01 08:22:00,16,19,22,5,1,1,11,16,13,10,4,2,0,3.747675,3.340362,1.872832,3.6511,4.189508,3.730249,0.828573,0.852995,0
user_31876,2021-09-25 09:10:00,49,9,14,3,2,0,4,16,4,9,16,5,1,2.764723,4.785789,4.866977,2.129737,3.641005,4.711364,0.331882,0.506585,0
user_31877,2021-08-12 19:20:00,31,18,30,1,9,5,6,6,5,15,16,3,0,4.814745,1.58386,0.460556,3.035036,3.467313,1.972873,0.955028,0.310483,0
user_31878,2021-10-02 22:24:00,24,9,24,4,10,5,18,20,12,4,17,5,1,0.135611,2.57464,2.894119,4.926556,1.247159,1.964215,0.430075,0.690617,0
user_31879,2021-08-30 15:22:00,40,16,7,2,3,2,18,16,14,8,20,0,0,0.524321,4.803325,2.351984,0.721235,2.264599,0.722934,0.989503,0.553533,0
user_31880,2021-08-30 13:34:00,36,0,21,5,5,4,16,18,20,3,3,0,0,4.019074,1.887574,4.486869,3.279555,1.148412,3.051002,0.690911,0.975877,1
user_31881,2021-09-04 19:30:00,7,5,11,0,5,4,19,17,9,4,17,5,1,4.524989,0.904386,0.966799,2.312859,3.041689,2.341124,0.28444,0.243755,1
user_31882,2021-08-13 18:00:00,27,20,15,5,5,3,13,14,20,4,1,4,0,1.85247,1.078148,3.982643,0.225799,3.929451,1.234011,0.500808,0.635488,0
user_31883,2021-08-24 06:03:00,18,8,24,1,6,4,18,12,16,8,20,1,0,3.131875,3.713357,2.451069,4.203411,0.94048,1.01824,0.250123,0.537066,0
user_31884,2021-10-28 15:28:00,3,4,7,1,3,4,10,13,1,11,14,3,0,2.887339,4.983032,1.202203,2.861699,1.833662,1.392947,0.865933,0.978862,0
user_31885,2021-09-19 20:52:00,30,16,20,5,5,1,20,8,13,12,19,6,1,0.28524,0.602281,3.579888,1.566547,3.1485,3.594564,0.312087,0.96353,1
user_31886,2021-10-28 08:25:00,11,11,14,0,6,3,0,1,1,19,9,3,0,3.700465,4.875596,2.570928,4.932566,3.172378,1.119106,0.489843,0.326193,1
user_31887,2021-09-06 12:10:00,41,17,10,1,3,3,19,2,0,2,12,0,0,2.597733,3.625765,1.075087,1.889575,3.1262,3.417668,0.869627,0.246975,1
user_31888,2021-09-07 16:29:00,2,1,17,0,3,5,1,19,13,8,0,1,0,2.789085,4.52171,2.371303,4.286579,3.726621,1.698764,0.641888,0.903685,0
user_31889,2021-09-22 00:10:00,6,8,30,0,10,2,14,9,1,18,16,2,0,3.735532,1.292095,0.504879,4.880845,0.742418,2.344576,0.824254,0.422405,0
user_31890,2021-09-02 22:20:00,24,5,2,5,4,1,8,1,17,17,4,3,0,1.379407,4.141846,4.065012,4.545778,1.949509,3.998517,0.881018,0.915754,1
user_31891,2021-08-12 18:10:00,35,8,19,0,4,3,1,8,5,12,9,3,0,3.47981,1.468869,1.998178,4.649494,0.694938,3.674631,0.522379,0.552264,0
user_31892,2021-10-16 02:14:00,36,20,23,3,8,0,19,18,11,12,15,5,1,0.492687,2.056988,3.460747,0.241578,2.03447,3.942192,0.400682,0.233113,0
user_31893,2021-09-02 09:50:00,43,0,8,5,10,3,1,15,2,19,10,3,0,4.963711,0.425362,2.373515,0.634305,2.465478,3.509203,0.424369,0.976792,0
user_31894,2021-09-09 23:45:00,42,1,25,5,2,5,16,17,1,3,5,3,0,1.32747,1.605929,4.889773,3.157721,1.652147,3.101829,0.892896,0.968543,1
user_31895,2021-10-28 22:45:00,18,6,9,3,7,0,10,15,1,16,16,3,0,2.925075,4.955173,0.355677,2.081969,3.974435,2.332884,0.786704,0.477997,1
user_31896,2021-09-09 19:35:00,34,5,24,5,9,2,4,19,19,10,7,3,0,0.638769,4.479036,3.647593,0.368812,0.581602,0.30562,0.706074,0.88016,1
user_31897,2021-10-27 21:48:00,6,8,10,0,2,5,18,12,15,13,0,2,0,4.395365,3.362737,4.771072,2.205731,0.559722,3.228676,0.582174,0.879226,1
user_31898,2021-08-03 11:34:00,15,7,10,0,8,1,18,4,8,13,19,1,0,0.238932,1.519401,4.831555,3.034499,4.032696,4.155584,0.465309,0.663487,0
user_31899,2021-10-25 10:35:00,6,3,9,5,3,1,11,5,4,14,7,0,0,4.786029,4.3555,2.766722,1.452725,0.253402,1.121212,0.93906,0.621042,1
user_31900,2021-10-06 02:45:00,45,15,27,2,4,0,6,7,3,10,4,2,0,3.867519,1.827675,0.205322,1.557865,2.586282,3.57267,0.955793,0.695119,1
user_31901,2021-08-01 06:10:00,36,6,30,3,0,1,12,10,6,0,20,6,1,4.599737,3.715278,3.105744,2.281933,2.36784,4.921487,0.581912,0.804999,1
user_31902,2021-10-05 01:38:00,29,20,8,2,3,1,2,17,5,1,11,1,0,1.269006,4.703286,2.265283,4.558538,4.947908,1.723781,0.320136,0.963436,1
user_31903,2021-10-22 19:13:00,14,2,19,4,8,2,16,15,13,12,9,4,0,1.185251,0.142291,4.293707,0.850445,3.488388,1.395781,0.306479,0.234132,0
user_31904,2021-10-13 16:55:00,20,8,28,3,2,0,3,14,4,11,19,2,0,4.489068,4.854565,0.629618,4.886769,1.256466,0.194972,0.609114,0.875996,1
user_31905,2021-08-05 13:49:00,34,14,27,0,3,0,12,9,1,0,6,3,0,2.634925,0.946404,1.964938,1.952052,3.348668,2.75305,0.345934,0.23946,1
user_31906,2021-10-27 18:05:00,46,15,3,1,9,2,19,18,20,10,6,2,0,2.642338,0.647027,1.203274,4.524571,2.096056,1.719471,0.736143,0.39488,1
user_31907,2021-10-26 07:44:00,42,1,27,1,5,3,0,18,3,18,14,1,0,4.706917,0.330372,4.525368,0.948126,3.056385,2.898312,0.4999,0.611298,0
user_31908,2021-09-02 15:31:00,24,19,29,5,0,2,13,2,0,2,17,3,0,3.502954,1.354439,2.675843,0.109534,3.042403,3.536515,0.785813,0.288416,1
user_31909,2021-08-20 06:42:00,5,11,7,0,6,5,15,1,20,6,2,4,0,4.748727,3.596946,1.687503,0.972809,1.002156,1.066539,0.851816,0.437095,0
user_31910,2021-08-03 11:35:00,34,5,26,0,2,3,3,3,13,5,18,1,0,3.622215,4.514549,4.199774,3.725293,2.840275,1.999708,0.234766,0.897325,1
user_31911,2021-10-28 18:52:00,2,19,22,2,7,2,15,0,8,18,5,3,0,4.64056,1.135642,0.453309,1.158352,4.548085,2.409361,0.726125,0.618749,0
user_31912,2021-08-11 16:13:00,28,14,20,4,4,4,1,10,16,16,19,2,0,4.726805,4.980855,0.604616,3.780383,4.234724,4.821757,0.539519,0.727803,0
user_31913,2021-08-15 04:55:00,35,12,26,1,5,2,2,19,1,0,6,6,1,2.400285,1.524761,4.936015,0.234185,4.094677,3.608884,0.366678,0.938634,0
user_31914,2021-09-18 17:58:00,10,18,15,2,3,1,11,0,20,5,12,5,1,2.075705,1.734689,0.725131,2.506436,2.059965,3.190991,0.839787,0.64895,0
user_31915,2021-10-05 12:03:00,44,2,20,0,6,1,9,2,20,0,8,1,0,2.656218,3.628267,3.354053,0.406845,0.107506,1.588779,0.798725,0.630055,0
user_31916,2021-09-10 14:09:00,9,16,24,4,0,5,0,16,8,0,10,4,0,1.900687,3.544922,2.894221,2.121012,1.534461,1.088457,0.753846,0.707113,1
user_31917,2021-09-21 08:33:00,2,2,7,3,3,0,9,20,16,8,11,1,0,2.852436,1.473212,1.391085,4.713781,0.756455,2.321852,0.844551,0.956221,0
user_31918,2021-08-15 15:17:00,6,0,24,5,3,0,18,6,2,19,5,6,1,1.868529,3.403159,4.562149,1.015112,1.847893,4.820911,0.542979,0.956088,1
user_31919,2021-10-29 20:59:00,46,8,24,1,5,3,17,20,11,18,17,4,0,3.871904,1.74388,2.157794,2.616214,1.547476,3.196523,0.407599,0.852665,0
user_31920,2021-09-13 00:08:00,27,15,28,0,4,5,8,6,15,8,3,0,0,2.86237,4.058649,3.305179,0.796355,4.338467,3.875827,0.463697,0.466242,1
user_31921,2021-08-22 18:12:00,39,8,18,2,10,5,16,19,14,8,16,6,1,2.879427,4.226083,3.629951,1.352346,4.14866,2.943609,0.779839,0.81747,0
user_31922,2021-08-30 18:51:00,28,8,1,2,5,3,12,10,20,1,13,0,0,0.48527,3.90048,0.530262,0.11132,0.262788,1.225162,0.758276,0.81162,1
user_31923,2021-10-29 12:37:00,28,16,14,0,10,5,0,0,14,12,0,4,0,2.057868,2.121574,1.611321,1.24474,0.165882,3.524871,0.754382,0.541776,0
user_31924,2021-10-23 03:03:00,26,16,29,2,8,2,1,10,9,12,2,5,1,2.13959,1.322876,3.462919,4.650252,3.04965,4.321891,0.942576,0.615627,0
user_31925,2021-09-05 01:48:00,37,16,25,4,9,1,13,19,16,8,9,6,1,0.915908,1.024925,3.518922,1.963945,3.081093,1.434755,0.789538,0.985686,0
user_31926,2021-08-21 20:58:00,34,5,11,0,3,4,1,1,11,15,0,5,1,2.811283,3.658507,3.58379,0.276403,4.109587,1.903809,0.525008,0.842252,1
user_31927,2021-09-21 00:03:00,16,15,13,0,0,3,10,10,19,12,16,1,0,0.599948,1.608805,1.027202,1.021872,4.575344,2.439677,0.466393,0.361296,1
user_31928,2021-10-17 17:29:00,43,7,16,1,5,0,1,5,4,19,18,6,1,4.713975,1.137793,1.344302,4.613207,0.719143,4.138166,0.620459,0.970116,0
user_31929,2021-10-12 20:28:00,47,12,27,2,3,5,12,9,17,2,6,1,0,1.334441,2.410507,4.677213,4.4561,3.11551,4.022773,0.434684,0.796804,0
user_31930,2021-09-22 21:38:00,7,15,27,1,7,3,9,4,16,19,12,2,0,2.060016,3.534458,2.691122,3.75766,2.857186,0.592182,0.360396,0.995194,1
user_31931,2021-08-09 13:51:00,38,13,4,4,7,0,14,6,3,8,9,0,0,2.614509,3.577738,4.454669,1.557179,0.205875,0.980402,0.937078,0.644643,1
user_31932,2021-10-28 19:18:00,32,13,1,1,5,5,11,14,9,12,15,3,0,1.554939,3.898336,0.851975,3.782442,4.98512,0.860342,0.3791,0.223992,1
user_31933,2021-09-26 07:50:00,42,9,13,4,9,1,11,20,7,14,18,6,1,2.885237,2.568197,1.333006,2.937596,2.025031,4.184043,0.441545,0.245254,1
user_31934,2021-10-03 10:35:00,38,10,15,2,4,1,9,19,7,3,8,6,1,0.888009,2.469932,4.252309,2.638432,4.172983,3.716064,0.826957,0.640889,1
user_31935,2021-08-01 20:54:00,43,15,22,2,4,2,7,9,7,15,8,6,1,1.656201,2.533205,2.677702,2.058061,4.00235,1.108981,0.560116,0.900647,1
user_31936,2021-08-04 09:02:00,20,13,9,3,0,3,14,13,2,1,13,2,0,0.434293,0.349463,0.393186,2.11165,0.443343,1.205777,0.356695,0.307865,0
user_31937,2021-10-28 23:20:00,26,11,6,3,2,3,19,5,0,1,6,3,0,3.530558,3.077135,4.857566,1.657361,2.342222,1.712387,0.934298,0.65726,1
user_31938,2021-09-02 20:25:00,11,7,22,0,3,4,8,16,14,18,6,3,0,1.945159,0.660259,3.223886,3.285936,0.122825,2.989524,0.732761,0.458707,1
user_31939,2021-08-13 16:57:00,49,0,7,5,3,0,12,14,0,20,8,4,0,1.565735,4.113969,1.489532,2.594101,1.124865,0.573659,0.858177,0.704924,1
user_31940,2021-08-02 20:26:00,38,10,17,5,10,3,0,18,20,15,11,0,0,1.28486,1.803386,0.988969,2.640442,4.209978,3.323871,0.32902,0.226216,0
user_31941,2021-08-16 19:32:00,34,11,15,2,8,2,11,13,15,1,13,0,0,1.425236,1.798114,0.315474,3.819115,0.446497,3.200155,0.961603,0.936988,1
user_31942,2021-08-12 13:40:00,11,7,1,2,9,3,9,19,11,14,6,3,0,3.730909,2.442475,2.965804,3.324787,1.619445,1.456556,0.259325,0.217569,0
user_31943,2021-10-06 02:32:00,8,8,20,0,8,1,20,12,3,11,8,2,0,2.630991,3.426652,4.017446,3.125215,3.905452,4.466031,0.436852,0.520101,0
user_31944,2021-09-05 14:23:00,26,13,3,4,9,3,5,13,17,12,1,6,1,0.271359,2.244467,2.790547,0.96234,2.079098,1.418313,0.70376,0.397021,0
user_31945,2021-08-10 02:32:00,29,14,24,2,10,2,0,5,0,17,15,1,0,1.117614,4.156811,1.000521,1.172333,3.033957,3.016663,0.612994,0.344851,1
user_31946,2021-09-30 06:21:00,31,10,10,1,0,4,20,17,17,7,12,3,0,2.31615,2.04853,0.192519,4.195882,2.681725,0.615253,0.565606,0.448156,0
user_31947,2021-08-20 07:26:00,39,6,21,4,2,4,4,8,19,10,9,4,0,4.762122,3.052206,3.113518,4.95347,4.300582,0.743832,0.754695,0.945612,0
user_31948,2021-10-03 09:59:00,27,20,13,3,5,5,9,4,2,12,17,6,1,1.309357,2.554969,3.856144,1.762683,3.17279,3.213059,0.748864,0.763217,0
user_31949,2021-09-30 12:12:00,24,8,20,4,6,1,15,16,8,14,15,3,0,3.660225,0.639461,4.711502,0.328197,0.436823,1.511584,0.286185,0.932277,1
user_31950,2021-08-22 18:25:00,10,13,16,2,3,1,5,0,20,16,12,6,1,2.430222,0.709826,4.644832,3.722584,0.800482,1.039525,0.873576,0.716334,0
user_31951,2021-10-22 15:06:00,46,18,19,2,0,2,0,9,16,18,20,4,0,0.644435,0.56194,2.605177,3.079487,0.365627,4.214202,0.654318,0.504657,1
user_31952,2021-09-28 14:20:00,23,0,24,0,4,5,6,17,5,16,9,1,0,2.633041,3.706126,2.370455,3.828336,0.762155,3.487232,0.639328,0.912068,1
user_31953,2021-08-31 12:33:00,37,2,11,1,9,0,3,1,4,16,14,1,0,4.943542,1.726246,1.13202,4.45095,1.918183,0.601896,0.24214,0.209077,0
user_31954,2021-08-13 19:45:00,3,16,22,0,5,5,4,15,15,14,17,4,0,4.174945,1.524742,4.410246,3.474803,1.939061,3.595139,0.32083,0.632037,0
user_31955,2021-08-09 07:57:00,25,15,30,0,2,4,14,1,5,1,4,0,0,2.811191,0.934679,0.342096,1.159726,3.589449,2.484921,0.557308,0.800876,1
user_31956,2021-10-08 15:12:00,20,1,6,0,0,2,12,9,2,6,5,4,0,2.208512,2.645796,2.960509,1.308909,0.785334,1.305163,0.743052,0.336391,0
user_31957,2021-08-19 20:55:00,33,10,18,3,5,5,8,11,4,16,2,3,0,0.113725,0.412154,4.976884,0.645697,4.851993,3.640582,0.966082,0.646459,1
user_31958,2021-09-20 10:54:00,29,3,19,5,8,0,11,6,13,1,2,0,0,2.40929,1.034694,3.064199,0.203542,0.402573,4.886828,0.629263,0.676257,1
user_31959,2021-10-28 17:18:00,50,14,6,4,3,2,13,4,9,7,9,3,0,4.409713,1.826184,3.103339,1.135626,3.584446,2.170369,0.288028,0.496973,0
user_31960,2021-10-03 11:46:00,47,13,23,1,6,3,16,19,3,15,1,6,1,2.283217,0.508691,0.979224,2.889197,4.990006,1.189049,0.734936,0.564664,1
user_31961,2021-08-10 00:18:00,3,13,11,4,8,1,12,3,4,12,8,1,0,1.647143,1.78603,4.504611,4.740949,3.798534,3.760219,0.939685,0.336985,1
user_31962,2021-08-24 11:20:00,47,16,1,4,3,1,3,20,17,1,0,1,0,0.427979,3.462142,3.599793,2.72826,4.470619,4.052508,0.645463,0.240603,1
user_31963,2021-09-03 01:32:00,28,1,30,3,9,0,1,7,9,9,13,4,0,4.226078,3.231594,0.863242,0.217716,4.465521,4.588149,0.574305,0.815094,0
user_31964,2021-09-17 11:13:00,46,14,23,2,7,3,8,8,8,9,19,4,0,2.541057,2.697067,0.60493,2.665861,3.629235,1.278234,0.889185,0.542627,1
user_31965,2021-08-10 17:20:00,34,5,21,4,6,5,11,9,20,17,17,1,0,1.351544,3.982318,0.315372,2.062148,4.357971,1.000665,0.359456,0.521814,1
user_31966,2021-10-26 06:26:00,40,3,20,5,5,5,11,10,2,7,9,1,0,2.221745,4.368349,3.632071,1.862521,4.747991,1.215018,0.251999,0.210987,1
user_31967,2021-08-05 13:53:00,24,11,1,0,6,0,13,10,13,15,12,3,0,1.43573,3.361584,0.445898,4.991333,3.817088,2.452418,0.878175,0.70185,1
user_31968,2021-09-21 21:25:00,39,16,4,0,8,5,14,7,11,2,4,1,0,2.077777,3.208421,0.119786,0.973559,2.694156,2.565094,0.777604,0.307076,1
user_31969,2021-10-22 21:03:00,24,3,11,0,1,1,2,20,10,16,3,4,0,1.941335,0.300181,2.934207,2.437825,3.549967,3.017306,0.310134,0.925069,0
user_31970,2021-09-26 09:00:00,49,2,11,1,9,4,0,5,16,20,15,6,1,3.881533,0.501475,2.719159,0.476225,3.480746,0.601891,0.730977,0.839009,1
user_31971,2021-08-28 09:23:00,46,20,19,1,2,5,9,1,8,12,5,5,1,4.652436,2.584401,2.470174,0.644811,3.102181,3.850704,0.604361,0.892291,0
user_31972,2021-10-28 21:11:00,21,8,6,1,10,3,4,16,0,9,16,3,0,3.335911,0.715538,4.744642,2.117826,3.004687,3.450241,0.269566,0.825909,1
user_31973,2021-10-16 16:56:00,16,12,20,5,3,4,18,19,12,4,8,5,1,4.862991,4.124775,2.622283,2.847507,0.723208,0.267969,0.367554,0.473624,1
user_31974,2021-10-10 22:42:00,14,5,30,4,7,4,8,17,1,5,0,6,1,4.847928,1.589557,1.219951,0.82673,2.176306,3.552172,0.655476,0.314177,1
user_31975,2021-09-09 12:55:00,3,6,4,5,9,4,20,8,18,6,8,3,0,3.331813,3.446563,1.69489,1.563916,0.572264,4.181887,0.970908,0.467893,0
user_31976,2021-08-24 19:41:00,11,17,16,2,8,2,14,1,13,14,5,1,0,0.211659,1.291327,4.579915,4.619039,2.365617,3.518293,0.706471,0.701041,0
user_31977,2021-10-10 20:43:00,36,8,18,3,9,0,4,20,3,8,1,6,1,1.777977,1.200071,0.876192,3.587658,0.894468,4.041016,0.757092,0.710982,1
user_31978,2021-09-18 18:32:00,1,17,14,2,2,0,16,16,2,5,13,5,1,1.951138,2.64956,2.964466,4.627198,2.204827,0.213972,0.751361,0.87058,0
user_31979,2021-09-25 00:25:00,1,15,15,2,2,2,20,7,4,19,18,5,1,1.391908,2.326305,4.915992,1.057573,0.169001,2.75795,0.783793,0.501365,0
user_31980,2021-08-01 09:56:00,48,7,14,2,5,1,13,5,16,2,16,6,1,3.848848,1.764947,2.153014,4.887997,4.222362,3.155081,0.681618,0.649266,0
user_31981,2021-10-21 05:48:00,16,7,17,4,2,4,11,3,10,17,5,3,0,0.624415,1.181884,2.618929,4.775461,4.224711,2.101555,0.794386,0.249276,1
user_31982,2021-09-10 02:39:00,17,11,11,2,8,1,1,1,19,9,6,4,0,3.659492,4.082516,3.680625,4.947591,2.611131,2.103995,0.920966,0.328636,1
user_31983,2021-09-13 01:53:00,2,12,9,2,2,1,15,20,16,16,18,0,0,2.26176,0.859044,3.502531,4.88289,0.772083,4.463754,0.542492,0.417291,0
user_31984,2021-08-26 05:51:00,16,3,11,1,5,1,8,2,7,12,8,3,0,1.03368,2.696356,3.116485,3.873288,2.88003,1.904301,0.685885,0.466503,0
user_31985,2021-09-08 14:32:00,37,11,8,4,6,4,13,4,2,6,8,2,0,0.40589,3.65077,1.192645,3.06926,3.812357,4.531285,0.606625,0.383872,1
user_31986,2021-10-21 09:12:00,9,9,7,1,1,1,7,16,19,1,0,3,0,2.804035,3.75601,1.60925,2.144861,3.290777,4.227748,0.803164,0.715979,1
user_31987,2021-08-17 00:22:00,28,7,23,5,8,3,19,6,4,1,13,1,0,3.883602,3.0561,0.196229,1.282147,0.626749,2.262175,0.237324,0.326568,0
user_31988,2021-08-03 16:41:00,6,17,7,1,10,1,1,10,6,0,19,1,0,2.767598,1.731219,2.754861,3.971065,2.272356,4.045709,0.910176,0.243243,0
user_31989,2021-10-11 12:40:00,36,4,11,0,7,1,20,11,5,2,15,0,0,3.679036,3.406605,3.608851,4.003412,1.753493,1.442744,0.465329,0.511029,0
user_31990,2021-10-14 03:58:00,5,5,24,2,2,2,13,18,7,2,8,3,0,0.570944,0.328799,0.922526,2.405839,1.486407,0.61775,0.336188,0.802298,0
user_31991,2021-08-10 12:53:00,28,17,4,5,3,1,4,11,0,18,11,1,0,0.570334,3.505675,3.757385,4.338552,1.485247,4.942546,0.660366,0.258934,0
user_31992,2021-10-08 08:14:00,50,2,23,2,1,1,10,19,20,13,11,4,0,1.911017,2.746345,3.120293,4.026065,1.116368,2.231956,0.797125,0.817147,1
user_31993,2021-08-27 04:15:00,8,11,8,3,10,0,4,16,3,2,17,4,0,0.826858,0.23761,1.947999,3.044368,3.064599,3.244384,0.331248,0.91904,1
user_31994,2021-08-13 10:57:00,8,15,26,2,5,2,7,17,16,4,14,4,0,2.375811,0.552091,3.278072,0.217939,3.944356,3.943812,0.402842,0.265229,0
user_31995,2021-09-24 08:54:00,11,7,29,1,8,4,1,5,13,12,15,4,0,1.116034,4.317083,1.103406,2.917157,4.519111,4.240029,0.645445,0.779859,1
user_31996,2021-08-23 06:25:00,20,18,7,0,3,0,7,6,7,16,15,0,0,4.507958,0.7643,3.115836,1.740382,1.371655,4.472771,0.991135,0.715303,1
user_31997,2021-09-13 02:05:00,17,2,26,3,0,2,7,6,7,17,18,0,0,3.121578,3.533404,4.363548,1.784227,4.248949,1.373899,0.678693,0.260669,0
user_31998,2021-08-12 18:20:00,40,19,5,1,7,3,1,10,20,0,8,3,0,3.426357,4.064223,0.730387,0.698307,4.667871,4.992391,0.967408,0.864688,1
user_31999,2021-10-08 10:47:00,15,8,11,3,6,4,8,20,9,15,18,4,0,4.819932,0.450378,3.860392,4.779506,1.267067,1.406963,0.347647,0.664083,0
user_32000,2021-10-15 11:14:00,28,2,13,0,1,0,5,8,19,20,7,4,0,3.39188,1.16817,4.533836,0.23259,3.284738,1.312924,0.817219,0.85374,0
user_32001,2021-08-04 11:39:00,20,4,30,3,2,5,13,7,9,20,19,2,0,3.31334,0.687735,4.284053,4.334065,4.300921,2.588022,0.87691,0.242692,0
user_32002,2021-10-23 01:29:00,25,0,13,1,5,0,0,9,16,6,17,5,1,0.601936,4.131489,2.615881,1.316496,2.500693,1.413174,0.416298,0.235429,1
user_32003,2021-08-26 14:56:00,42,14,1,1,6,0,7,12,17,16,16,3,0,4.144407,2.104825,2.507912,4.470591,2.292388,2.269185,0.828412,0.789112,0
user_32004,2021-09-06 19:31:00,21,7,5,0,1,3,7,3,5,3,4,0,0,2.225153,3.505035,4.545341,1.307499,4.280426,3.584321,0.441529,0.598545,1
user_32005,2021-09-14 20:54:00,41,2,11,5,1,5,19,11,16,4,16,1,0,3.583179,0.826779,4.240844,2.359845,1.481034,0.680098,0.468596,0.320997,1
user_32006,2021-08-24 05:40:00,30,2,15,3,8,2,3,19,10,20,15,1,0,2.956347,3.378579,1.229983,0.568414,4.846603,1.815857,0.429054,0.480824,0
user_32007,2021-09-24 07:58:00,37,1,28,2,0,2,16,16,5,17,12,4,0,4.463768,1.329443,4.167434,4.836086,0.822114,4.144211,0.376665,0.319697,1
user_32008,2021-09-30 05:11:00,13,10,26,5,7,0,5,20,19,6,6,3,0,0.292492,2.330424,2.467355,1.373372,1.040996,0.670028,0.610938,0.48882,1
user_32009,2021-08-21 18:26:00,2,13,13,4,8,1,3,10,12,15,10,5,1,4.163939,1.872555,1.787619,4.176263,4.255191,2.570401,0.356756,0.457685,1
user_32010,2021-08-19 02:39:00,22,7,20,5,10,0,3,10,9,10,11,3,0,0.889876,0.996945,0.612204,2.173408,1.515522,3.531381,0.667901,0.545973,0
user_32011,2021-10-23 01:19:00,36,6,4,0,5,3,10,14,11,5,0,5,1,2.813387,4.608191,3.572651,3.471962,4.401531,0.765908,0.653006,0.292022,0
user_32012,2021-10-19 04:58:00,6,14,21,2,5,4,20,2,15,10,8,1,0,4.747675,1.557289,0.485411,2.895319,2.11625,4.899144,0.413778,0.90532,0
user_32013,2021-10-22 19:18:00,5,4,12,2,10,0,16,11,14,1,11,4,0,2.170078,0.977338,0.441798,1.68887,0.903152,3.568089,0.67566,0.520754,1
user_32014,2021-10-04 16:47:00,37,9,19,4,4,1,2,11,16,15,2,0,0,0.706407,1.40088,1.134411,3.085601,0.488306,0.691912,0.629778,0.355227,0
user_32015,2021-09-08 00:24:00,21,0,30,3,3,0,7,4,11,10,12,2,0,4.867758,1.313583,2.599994,4.540129,0.530614,3.595594,0.851088,0.441059,0
user_32016,2021-09-20 17:58:00,28,13,30,1,9,0,7,6,17,11,16,0,0,3.699707,0.548191,4.262351,2.444112,2.559578,1.288695,0.583514,0.646253,1
user_32017,2021-10-20 10:43:00,50,4,21,2,0,1,19,6,19,19,18,2,0,0.802034,2.095126,3.899622,1.555073,1.748952,2.940046,0.533307,0.957045,0
user_32018,2021-10-05 03:37:00,38,12,22,0,8,3,11,4,2,12,5,1,0,4.898068,2.077477,1.616347,1.517018,3.632064,1.918832,0.597703,0.445009,0
user_32019,2021-09-02 00:49:00,36,14,30,4,1,2,8,12,16,18,16,3,0,2.383704,1.662513,2.906376,1.408229,2.955316,1.4226,0.573747,0.812978,0
user_32020,2021-09-10 12:20:00,43,17,2,1,10,2,18,8,5,15,18,4,0,1.701056,0.886969,2.490398,1.335437,2.529205,1.419922,0.861492,0.928206,1
user_32021,2021-10-18 18:31:00,2,8,10,1,6,2,8,4,0,7,4,0,0,1.358353,0.314803,4.5444,3.670791,2.546421,4.909928,0.60021,0.227941,1
user_32022,2021-09-20 21:59:00,41,1,3,1,2,4,15,6,18,8,16,0,0,1.69324,4.626065,0.441799,0.524095,1.307105,2.961609,0.383078,0.227138,1
user_32023,2021-10-03 14:07:00,50,7,15,1,2,3,20,5,7,17,4,6,1,3.282808,2.409364,0.379842,1.110223,1.14455,3.23992,0.770287,0.680299,0
user_32024,2021-10-07 08:50:00,35,18,30,2,9,3,7,4,4,9,14,3,0,0.838866,1.920739,1.824189,0.409462,3.399782,1.64465,0.570047,0.251569,0
user_32025,2021-08-16 01:33:00,14,17,19,5,2,0,8,19,0,11,20,0,0,4.80284,3.584749,1.259647,4.734778,0.786857,4.945228,0.770527,0.54119,1
user_32026,2021-10-20 07:26:00,16,11,8,0,4,1,7,14,8,20,11,2,0,4.050308,4.848184,3.21292,4.626581,2.057023,0.720149,0.636336,0.251933,1
user_32027,2021-09-07 07:22:00,43,9,1,0,3,2,19,20,16,6,14,1,0,4.982136,4.107917,1.503435,0.885295,3.873388,0.724697,0.279245,0.382449,0
user_32028,2021-09-19 23:54:00,2,17,30,5,8,0,11,9,15,10,0,6,1,4.600807,2.896353,4.154482,1.755167,4.339317,4.182267,0.731625,0.213127,0
user_32029,2021-08-18 09:35:00,49,16,16,3,0,4,18,8,19,18,2,2,0,4.34003,4.350733,0.880926,0.256898,1.380937,4.052385,0.48198,0.355178,1
user_32030,2021-08-08 10:15:00,21,18,26,0,7,1,6,9,0,2,4,6,1,3.07711,3.502453,1.783269,2.286721,1.552851,1.993682,0.618277,0.550939,1
user_32031,2021-10-17 04:10:00,9,12,23,0,8,3,20,5,13,1,18,6,1,1.450855,2.960546,3.750817,1.517572,3.416608,1.127308,0.486379,0.548384,0
user_32032,2021-10-22 22:42:00,7,16,29,4,7,2,18,16,13,0,17,4,0,0.294818,3.239282,1.900635,1.907955,4.620383,4.267081,0.630877,0.629387,1
user_32033,2021-09-20 04:51:00,9,5,1,4,6,4,20,15,4,6,17,0,0,3.722565,0.391279,2.71124,0.374306,3.924423,1.381177,0.678235,0.67076,1
user_32034,2021-08-23 05:56:00,18,10,24,0,6,5,9,8,11,8,20,0,0,3.174314,2.384576,0.400425,3.673521,2.272339,3.191501,0.664867,0.581061,0
user_32035,2021-10-10 15:16:00,15,12,7,3,8,1,0,4,6,8,19,6,1,4.353048,4.06814,0.387289,0.581772,1.844442,3.444137,0.341985,0.974653,1
user_32036,2021-10-13 16:24:00,13,9,27,5,5,2,11,11,4,19,16,2,0,0.549247,0.678077,2.113053,2.371824,4.168611,2.814167,0.717724,0.446757,1
user_32037,2021-09-05 19:47:00,36,18,3,2,9,2,13,13,0,12,13,6,1,2.825601,0.923826,4.583672,1.762228,4.964329,1.571089,0.401156,0.770792,1
user_32038,2021-08-23 11:18:00,4,3,26,5,1,4,5,19,0,1,19,0,0,3.238979,4.168199,4.062031,4.119917,2.205525,4.935887,0.60218,0.216431,1
user_32039,2021-08-01 04:12:00,19,16,5,4,2,1,14,1,16,11,7,6,1,4.770816,4.243206,2.473842,4.273116,2.71304,3.481847,0.26143,0.645437,0
user_32040,2021-10-24 17:03:00,31,14,12,4,8,2,3,10,17,15,13,6,1,1.412145,1.085417,1.973282,0.132508,0.593661,4.661011,0.25503,0.310926,1
user_32041,2021-08-30 04:19:00,32,16,11,3,8,5,0,1,1,11,15,0,0,4.748584,1.639732,0.616087,4.092104,4.211056,1.297691,0.262002,0.861674,0
user_32042,2021-09-10 13:14:00,12,14,7,2,3,5,10,8,7,12,1,4,0,1.949701,1.112604,0.542115,2.027779,2.877718,0.725643,0.972452,0.842859,0
user_32043,2021-10-02 21:53:00,24,19,7,2,0,3,14,14,18,11,2,5,1,2.414995,2.856157,2.961299,3.634003,3.99827,0.420289,0.280756,0.429839,1
user_32044,2021-09-12 00:58:00,31,0,23,1,1,1,15,19,6,6,15,6,1,1.806002,0.901123,4.91726,4.336349,1.007846,1.627602,0.817361,0.885875,0
user_32045,2021-09-30 15:44:00,41,19,24,3,5,0,13,16,13,8,12,3,0,0.845502,2.469827,2.94582,3.986175,4.717136,1.917503,0.59932,0.529819,0
user_32046,2021-10-03 12:20:00,32,4,10,3,9,2,15,19,3,1,13,6,1,1.898469,3.602812,3.855083,0.905497,2.378958,2.163169,0.558886,0.907474,1
user_32047,2021-08-31 07:16:00,37,12,15,2,2,5,0,17,16,14,1,1,0,1.490173,1.764234,1.538303,2.340819,3.397645,2.997033,0.77591,0.518332,1
user_32048,2021-10-25 09:05:00,5,11,7,3,3,4,1,0,7,16,17,0,0,2.057066,4.617673,0.612483,2.827018,2.672339,3.536041,0.758254,0.281783,0
user_32049,2021-08-11 12:32:00,4,20,4,5,3,1,10,17,11,12,19,2,0,2.256475,1.931956,4.979667,0.380836,1.692029,4.404565,0.407201,0.972946,0
user_32050,2021-09-30 23:19:00,45,9,23,1,9,4,15,1,6,20,20,3,0,0.245311,3.099695,2.443611,2.593609,1.773638,3.109535,0.742917,0.275906,0
user_32051,2021-08-23 12:29:00,7,6,23,5,4,2,19,20,17,13,18,0,0,3.983823,4.890233,4.646243,3.942277,1.176712,4.126825,0.920159,0.787328,1
user_32052,2021-10-02 02:28:00,26,11,27,5,1,1,3,3,14,4,15,5,1,0.446873,4.740797,4.942937,0.459749,4.596632,1.112951,0.309271,0.972593,0
user_32053,2021-10-10 00:06:00,40,0,27,0,3,1,6,5,18,2,4,6,1,0.170289,2.41531,1.008805,4.81223,2.569961,2.033282,0.727944,0.79913,1
user_32054,2021-09-25 16:19:00,38,4,3,5,5,3,16,17,7,18,10,5,1,3.662475,0.497845,4.546725,1.810586,0.531931,3.194322,0.354662,0.315766,1
user_32055,2021-09-02 21:12:00,42,11,2,3,8,2,2,13,5,5,17,3,0,2.939007,3.198119,4.05314,0.534386,2.59023,4.353692,0.952021,0.326201,0
user_32056,2021-10-08 17:25:00,13,0,1,1,3,1,11,19,8,11,12,4,0,0.365897,3.778213,1.448787,4.291174,4.946384,2.452882,0.735544,0.275278,0
user_32057,2021-08-08 00:56:00,35,11,9,0,7,1,0,0,9,9,18,6,1,4.864145,4.281527,4.537094,3.609853,3.303651,1.028156,0.614826,0.90842,1
user_32058,2021-10-13 23:06:00,33,12,10,3,3,0,2,17,19,1,9,2,0,1.383437,2.484708,1.51417,2.934547,3.025808,3.159402,0.694203,0.961292,0
user_32059,2021-10-02 18:35:00,42,9,24,3,0,3,15,19,19,13,5,5,1,1.245396,0.418005,4.266284,0.294631,4.992268,1.554812,0.328941,0.868542,0
user_32060,2021-10-26 18:33:00,1,20,25,1,4,2,5,1,15,14,2,1,0,1.800786,4.786058,4.669048,1.223063,0.231524,0.598816,0.981756,0.251142,0
user_32061,2021-08-03 04:43:00,25,9,2,2,8,1,4,15,13,6,16,1,0,4.414361,0.444176,2.017088,2.853636,3.152099,4.757434,0.590287,0.361475,0
user_32062,2021-09-28 01:39:00,45,0,13,2,4,5,16,20,5,13,16,1,0,2.607963,1.686624,2.828391,1.558421,1.447187,2.079825,0.965093,0.281525,1
user_32063,2021-10-03 08:39:00,6,16,7,0,1,5,5,4,0,5,17,6,1,4.14885,2.22124,0.122379,3.332116,4.574119,3.158144,0.597964,0.728604,0
user_32064,2021-08-22 03:20:00,33,10,1,5,10,3,3,20,18,20,16,6,1,2.651018,4.801323,4.876662,0.268681,1.724104,4.750685,0.491111,0.899718,0
user_32065,2021-10-13 03:07:00,38,1,18,0,2,4,1,12,12,12,20,2,0,1.228422,0.518266,4.74843,3.413888,1.429942,0.708477,0.392107,0.320597,0
user_32066,2021-09-25 02:48:00,13,0,24,2,3,5,12,12,11,19,12,5,1,3.623954,4.616262,2.215285,4.871659,4.003938,3.759725,0.926458,0.920416,1
user_32067,2021-09-29 02:07:00,14,7,25,0,10,2,16,7,10,14,18,2,0,0.769125,4.875995,4.36267,4.933878,4.167442,0.621051,0.756338,0.860456,1
user_32068,2021-10-26 18:24:00,22,5,13,4,4,3,15,12,5,6,10,1,0,0.42596,2.250428,1.867516,1.602861,4.479831,3.661952,0.576483,0.899145,1
user_32069,2021-09-01 14:45:00,7,0,14,1,5,0,11,10,17,5,9,2,0,1.701317,0.773974,2.767691,1.695299,1.448414,3.303697,0.539249,0.511005,0
user_32070,2021-08-13 19:22:00,14,18,23,3,7,3,1,12,17,1,5,4,0,2.414926,2.873192,1.114793,1.008861,4.806972,2.768594,0.932533,0.839824,1
user_32071,2021-08-30 19:01:00,4,16,30,5,5,2,20,4,9,18,5,0,0,2.038872,3.061977,0.735071,2.725418,3.636091,3.978496,0.435189,0.360204,1
user_32072,2021-08-26 14:03:00,24,18,5,3,9,5,10,5,14,6,11,3,0,3.201323,1.965811,0.901867,4.615951,3.304679,4.002295,0.724367,0.406395,0
user_32073,2021-10-09 15:37:00,46,5,11,3,0,4,10,14,3,7,1,5,1,0.708323,0.105663,3.852571,2.003531,4.116982,2.286361,0.866833,0.776261,0
user_32074,2021-09-28 21:05:00,26,6,30,3,1,5,20,20,9,1,2,1,0,3.911935,2.860066,0.618757,0.50698,2.275585,0.600774,0.640554,0.556766,0
user_32075,2021-08-10 12:52:00,45,9,5,4,10,0,1,10,17,17,9,1,0,3.188043,4.481383,3.065048,4.110413,4.400515,2.635757,0.588848,0.495536,1
user_32076,2021-10-20 02:09:00,24,8,18,4,4,4,1,15,1,1,15,2,0,1.636159,3.727301,1.442753,4.63837,0.296911,0.725579,0.529925,0.638892,0
user_32077,2021-10-19 04:14:00,49,2,5,3,0,2,2,7,18,17,18,1,0,3.33289,4.241684,3.344549,4.83445,0.672988,3.071559,0.788709,0.932445,1
user_32078,2021-10-01 08:08:00,49,19,3,1,9,4,6,1,3,4,6,4,0,3.731929,0.643916,1.400507,2.860462,2.211822,3.335483,0.640862,0.401811,1
user_32079,2021-09-25 09:53:00,24,13,26,5,0,4,0,6,10,12,9,5,1,3.587424,0.467793,2.642101,1.136765,0.3374,3.907002,0.301062,0.837424,1
user_32080,2021-09-04 11:32:00,13,20,7,2,1,1,20,19,18,0,17,5,1,0.197314,2.439537,3.479947,3.642579,2.199569,0.589533,0.777398,0.474083,0
user_32081,2021-09-02 01:15:00,38,6,18,4,1,0,8,9,18,6,4,3,0,2.570624,3.827109,3.569516,4.970395,2.74286,0.635837,0.496758,0.711365,1
user_32082,2021-10-16 19:30:00,31,6,14,1,9,3,15,5,19,14,15,5,1,3.968919,4.068298,0.391252,0.457775,3.529983,0.236706,0.940615,0.692845,1
user_32083,2021-10-28 11:47:00,7,14,2,1,6,3,12,10,11,14,4,3,0,1.401486,3.065575,3.554589,1.356733,3.920236,3.682687,0.589563,0.270775,0
user_32084,2021-10-11 08:50:00,38,14,24,5,4,0,20,7,20,16,8,0,0,3.565744,1.377434,2.733929,0.334144,4.506515,1.066996,0.23094,0.241036,0
user_32085,2021-09-14 05:47:00,36,3,1,2,6,0,14,8,20,20,15,1,0,2.067683,2.45953,1.827353,2.075255,4.372593,4.777765,0.388828,0.961158,1
user_32086,2021-09-18 20:29:00,36,17,7,1,5,1,4,18,3,17,14,5,1,4.246473,1.303444,3.986816,2.222572,0.957775,3.349938,0.975923,0.988546,1
user_32087,2021-08-30 14:31:00,32,11,26,1,3,5,12,12,15,9,13,0,0,3.483769,0.57316,3.408528,1.265645,3.893429,0.716669,0.384723,0.855532,0
user_32088,2021-08-04 10:58:00,33,8,28,4,8,1,7,20,3,3,10,2,0,3.610836,1.687956,0.947218,3.509935,3.029711,4.57577,0.703081,0.498502,1
user_32089,2021-10-05 19:01:00,39,14,26,1,6,5,2,11,7,9,3,1,0,4.01606,1.48738,1.972615,4.083947,2.499501,2.416374,0.335452,0.863661,1
user_32090,2021-09-17 19:34:00,25,0,12,2,0,0,3,8,8,19,10,4,0,0.506383,0.94925,2.957984,0.443332,3.980918,1.570645,0.96509,0.291978,1
user_32091,2021-08-10 22:26:00,1,3,26,1,8,1,17,6,11,15,4,1,0,2.448671,3.245135,4.552121,3.655659,4.156006,0.903457,0.928603,0.232563,0
user_32092,2021-09-20 03:22:00,10,5,13,5,0,1,18,20,19,14,2,0,0,4.828025,2.993326,4.126117,4.142481,3.182531,3.083262,0.452738,0.838336,0
user_32093,2021-09-15 11:33:00,21,15,23,0,5,0,16,20,3,20,9,2,0,4.785942,1.131813,2.319431,4.270067,4.910274,3.592215,0.587531,0.85522,0
user_32094,2021-09-08 00:15:00,8,15,7,4,0,0,5,5,16,13,20,2,0,0.214051,1.114632,4.268785,4.852995,1.639646,1.676248,0.255945,0.590809,1
user_32095,2021-09-09 00:54:00,18,7,7,1,9,3,13,0,8,16,8,3,0,1.790966,0.330455,2.211314,0.776647,1.336202,2.42301,0.773521,0.75661,0
user_32096,2021-09-13 07:52:00,50,19,10,3,4,2,15,0,2,7,19,0,0,4.43429,1.070248,2.743883,4.870289,4.56821,1.234913,0.274021,0.57097,1
user_32097,2021-10-18 05:00:00,12,13,13,1,3,2,15,19,17,14,16,0,0,4.288004,1.144498,4.96408,0.733382,3.062532,3.436775,0.254102,0.694049,0
user_32098,2021-08-02 05:24:00,29,3,5,3,4,1,19,1,19,18,12,0,0,2.964746,3.945981,1.001779,3.880443,3.648287,2.060778,0.658324,0.439154,1
user_32099,2021-10-16 07:54:00,17,20,14,4,6,3,10,12,14,18,17,5,1,3.417034,1.522194,2.79002,1.140407,0.675754,0.395493,0.922709,0.236,1
user_32100,2021-10-18 21:09:00,28,18,8,3,5,2,6,4,6,15,11,0,0,0.479667,0.389032,1.242347,3.140444,2.449003,2.761025,0.323207,0.811963,0
user_32101,2021-09-16 18:20:00,26,18,17,4,8,2,20,3,8,4,4,3,0,2.871602,1.581967,0.380615,2.625662,1.341151,0.191177,0.64939,0.386981,1
user_32102,2021-10-07 22:14:00,7,15,18,2,8,5,20,10,3,19,1,3,0,4.391588,3.878134,4.122047,3.413095,1.346463,1.301355,0.24794,0.997301,1
user_32103,2021-09-01 11:30:00,28,2,1,4,1,5,7,2,4,8,13,2,0,4.161671,4.782373,2.679774,4.416046,4.842221,3.73643,0.995537,0.26457,0
user_32104,2021-08-12 01:04:00,15,5,22,5,6,4,11,19,12,18,5,3,0,4.493499,3.082942,2.855647,3.119688,3.332801,0.335266,0.954991,0.335774,0
user_32105,2021-08-23 17:07:00,49,17,11,2,5,0,5,4,18,18,14,0,0,2.611169,3.755389,4.789339,3.479325,1.272549,3.383762,0.325802,0.986306,1
user_32106,2021-08-26 09:32:00,48,17,11,0,2,2,19,20,12,2,9,3,0,1.696206,4.983588,3.726083,0.941351,0.592446,2.36596,0.755649,0.356855,1
user_32107,2021-09-27 10:41:00,32,12,20,1,3,1,1,6,20,14,1,0,0,4.251058,4.60095,3.728866,4.883304,0.333493,4.100732,0.613188,0.869873,0
user_32108,2021-08-31 03:24:00,13,9,21,5,2,4,0,2,1,17,0,1,0,1.974078,2.385544,0.730241,0.676119,1.951488,0.368064,0.334428,0.20858,1
user_32109,2021-10-02 09:26:00,13,8,22,0,8,1,9,16,14,1,13,5,1,0.729512,2.517825,3.959369,2.925713,0.324847,4.026242,0.555886,0.362824,1
user_32110,2021-08-19 17:41:00,27,9,23,3,1,3,6,7,7,15,14,3,0,2.384337,2.354744,4.348085,1.748416,0.130736,1.033524,0.244687,0.849132,0
user_32111,2021-08-07 14:04:00,29,14,3,2,2,4,19,12,19,0,10,5,1,0.100445,1.690754,2.937282,1.286609,1.658534,2.802604,0.965712,0.553172,1
user_32112,2021-08-28 23:53:00,35,0,20,2,7,4,10,10,18,11,3,5,1,1.358507,0.238993,2.626088,2.824189,2.748664,0.932958,0.326148,0.386238,0
user_32113,2021-10-21 17:57:00,1,0,19,5,2,5,17,18,13,4,17,3,0,1.042057,4.072177,3.03203,0.475239,0.608111,3.330591,0.566363,0.643601,1
user_32114,2021-09-20 15:05:00,35,1,8,4,3,1,19,19,4,9,1,0,0,3.877355,4.561081,0.496367,1.633018,2.169956,3.06522,0.468894,0.966047,0
user_32115,2021-10-14 22:39:00,3,5,30,5,3,0,16,12,8,12,0,3,0,1.797343,1.379509,4.126278,1.951056,1.488496,0.282839,0.800378,0.467266,0
user_32116,2021-08-26 08:44:00,48,6,29,1,9,0,17,1,7,7,2,3,0,1.65971,4.733149,4.598365,4.062862,3.486198,1.54645,0.241092,0.812317,0
user_32117,2021-08-06 19:11:00,22,6,28,3,6,1,12,9,13,6,19,4,0,3.315047,0.660709,2.112329,1.977655,3.757544,0.858743,0.626259,0.899463,1
user_32118,2021-10-14 23:11:00,12,10,24,4,2,0,20,9,12,4,6,3,0,1.415127,2.494893,3.853472,2.181429,2.085573,1.196554,0.209087,0.392402,1
user_32119,2021-09-09 07:33:00,4,8,20,2,0,5,7,3,3,11,4,3,0,4.931328,3.093332,0.631462,1.210104,4.050365,3.473554,0.42242,0.68266,1
user_32120,2021-09-12 03:58:00,8,17,15,0,2,2,6,3,15,15,15,6,1,2.365917,1.958075,4.239921,3.920192,3.709484,1.931942,0.683425,0.72086,1
user_32121,2021-10-12 08:50:00,14,9,8,4,1,5,13,6,19,14,2,1,0,1.209631,0.35261,2.704686,2.266705,4.971481,3.655686,0.581657,0.586118,0
user_32122,2021-09-08 09:04:00,50,4,7,2,0,5,3,1,3,14,6,2,0,3.547955,2.303981,4.051558,4.068554,0.578879,1.329673,0.882913,0.698389,0
user_32123,2021-10-13 22:56:00,29,16,11,2,7,1,5,6,13,18,20,2,0,4.570755,0.826229,0.187862,1.372556,0.965224,2.081991,0.302826,0.458613,1
user_32124,2021-08-18 10:52:00,43,6,25,5,2,4,16,7,11,11,19,2,0,3.098493,4.396579,3.751396,2.80921,4.741256,4.688278,0.837878,0.697172,0
user_32125,2021-10-29 17:55:00,42,2,18,3,10,5,14,14,1,7,2,4,0,4.094279,2.011071,1.344974,4.609091,1.338904,2.84122,0.371896,0.795422,0
user_32126,2021-09-16 16:23:00,22,19,3,2,7,1,3,14,11,12,5,3,0,4.101252,0.477702,1.773646,2.516706,3.279213,1.223359,0.482081,0.785082,1
user_32127,2021-08-15 00:44:00,18,14,16,4,8,4,13,4,11,0,6,6,1,3.572177,0.865541,0.637403,4.547928,1.868621,4.819745,0.304004,0.451319,0
user_32128,2021-09-20 00:53:00,10,18,30,4,0,1,8,12,3,17,15,0,0,1.355614,2.70638,2.061012,2.526313,4.571028,0.988357,0.82632,0.571482,0
user_32129,2021-09-15 01:26:00,50,12,7,4,6,1,18,2,20,16,8,2,0,0.273326,4.891717,2.497661,0.320597,3.822687,0.235276,0.340773,0.57382,1
user_32130,2021-08-22 21:48:00,8,16,28,5,2,5,9,15,17,20,20,6,1,1.769886,4.410337,0.176699,1.886731,4.260405,2.561567,0.965902,0.415285,0
user_32131,2021-08-05 14:23:00,41,16,1,4,5,0,16,14,5,20,7,3,0,1.910768,4.57659,1.664044,1.675432,3.74495,0.241296,0.202114,0.594798,0
user_32132,2021-09-29 10:07:00,46,17,19,4,2,0,11,17,7,6,17,2,0,3.060903,1.199186,2.459322,3.135562,2.353682,2.642758,0.937057,0.604639,0
user_32133,2021-10-27 14:31:00,30,18,20,4,9,5,18,9,12,12,0,2,0,2.671001,2.551296,3.021233,2.085701,1.277265,0.460762,0.212955,0.816414,1
user_32134,2021-09-27 17:42:00,48,16,28,1,4,0,13,20,9,5,18,0,0,0.620988,2.793321,1.313126,0.380348,1.204397,1.556562,0.988495,0.508504,0
user_32135,2021-08-02 17:14:00,13,0,14,0,9,3,3,12,0,16,5,0,0,4.526119,4.09092,3.217968,1.015331,0.574649,1.825103,0.861406,0.338402,1
user_32136,2021-08-15 13:58:00,49,5,13,5,10,2,0,19,10,16,11,6,1,3.717416,2.468016,4.367062,0.792875,3.146597,4.106331,0.766426,0.3245,0
user_32137,2021-08-22 07:03:00,9,8,6,1,9,5,14,4,16,7,0,6,1,4.272974,3.464965,4.157735,2.93182,4.561296,1.416583,0.875863,0.96296,0
user_32138,2021-08-28 22:41:00,32,5,16,4,6,5,12,2,5,13,20,5,1,1.663744,4.1386,1.683489,2.15603,4.693046,0.83646,0.409099,0.900562,1
user_32139,2021-10-13 07:12:00,38,0,16,0,1,2,3,19,16,15,0,2,0,0.358804,1.026769,4.475687,2.226629,3.832411,3.240695,0.772617,0.20077,0
user_32140,2021-08-13 07:27:00,4,6,21,3,2,4,14,9,8,4,1,4,0,2.153511,1.417644,3.883179,0.159079,0.188414,2.516169,0.318277,0.672275,1
user_32141,2021-08-02 03:17:00,4,0,12,5,7,4,0,14,6,0,3,0,0,4.262963,0.604437,4.602292,1.311859,3.648189,0.577251,0.671858,0.872869,1
user_32142,2021-10-24 15:01:00,14,16,22,1,4,3,7,3,20,7,1,6,1,1.218273,3.316875,1.812348,3.207804,1.364617,0.912066,0.416288,0.861359,1
user_32143,2021-09-02 05:05:00,32,10,13,1,8,1,15,18,1,4,17,3,0,1.749547,4.496146,4.001711,4.01117,2.653276,2.513071,0.687843,0.299683,1
user_32144,2021-10-09 20:14:00,35,4,20,1,0,4,10,10,17,14,20,5,1,2.273293,1.994773,0.42174,4.339034,0.620771,4.737212,0.55414,0.741154,1
user_32145,2021-10-29 20:09:00,39,17,8,2,4,5,14,2,16,19,6,4,0,1.906224,1.790977,0.425738,2.394466,2.345879,1.206222,0.574027,0.710276,0
user_32146,2021-10-01 04:27:00,23,13,14,4,4,4,1,7,14,4,8,4,0,4.182154,2.965585,1.552688,3.886641,3.344906,0.468888,0.962394,0.823213,0
user_32147,2021-08-27 10:20:00,3,2,24,3,3,1,7,1,10,0,2,4,0,2.555216,3.702767,2.195219,0.401784,0.911381,4.145018,0.953752,0.468484,1
user_32148,2021-09-28 18:13:00,46,9,3,2,3,1,15,0,3,12,2,1,0,2.621707,0.81582,1.092093,0.364509,3.001181,3.244627,0.212263,0.675566,1
user_32149,2021-10-27 22:10:00,49,10,30,2,2,4,4,13,4,8,19,2,0,1.854828,4.45586,0.836422,3.443983,4.942964,3.96034,0.572609,0.603987,1
user_32150,2021-08-07 10:37:00,2,19,22,3,9,0,16,2,19,20,19,5,1,1.004944,4.14783,2.900636,2.462288,0.400967,2.05986,0.965272,0.473611,0
user_32151,2021-08-24 17:29:00,27,20,18,0,8,5,2,0,20,18,19,1,0,3.918157,1.624716,4.191708,0.204936,1.823049,4.069603,0.860066,0.337566,1
user_32152,2021-10-29 06:44:00,10,9,20,3,0,1,14,11,0,10,3,4,0,2.734563,1.263665,4.974087,4.688442,3.682787,4.868441,0.684314,0.462896,1
user_32153,2021-09-12 22:25:00,27,12,5,5,6,5,16,13,0,6,20,6,1,2.02315,2.027247,0.985412,2.105461,1.656444,2.829659,0.502346,0.719402,0
user_32154,2021-08-02 21:01:00,36,0,3,0,1,5,18,15,18,13,6,0,0,4.108297,3.960056,0.373546,3.392743,1.071075,1.907361,0.886542,0.455807,0
user_32155,2021-10-23 20:36:00,47,13,6,0,1,2,1,6,9,0,18,5,1,1.099316,2.355226,3.532926,0.673467,2.161868,3.306574,0.281975,0.426426,0
user_32156,2021-08-12 13:34:00,45,4,17,3,2,4,3,14,20,13,17,3,0,1.15966,3.944608,4.894998,3.459267,0.348226,0.257088,0.682183,0.416258,0
user_32157,2021-10-26 04:51:00,10,7,21,2,8,5,15,1,4,3,5,1,0,4.268382,0.646429,0.722405,0.93858,4.530532,3.615766,0.93703,0.570048,0
user_32158,2021-08-17 08:53:00,29,1,26,3,6,2,12,4,12,7,16,1,0,3.653291,3.523238,1.414771,0.778486,3.696226,0.918167,0.30301,0.503251,1
user_32159,2021-08-01 07:28:00,2,4,21,1,4,0,2,5,20,19,16,6,1,2.030638,4.764363,2.178339,1.591166,0.371198,1.544393,0.862871,0.855958,0
user_32160,2021-09-12 13:30:00,39,13,10,3,9,4,18,13,10,7,0,6,1,2.957085,4.267761,4.554209,1.110892,3.189961,0.61653,0.784259,0.678962,0
user_32161,2021-09-04 12:49:00,3,19,30,5,8,2,3,17,17,11,14,5,1,1.258192,1.93172,3.624609,3.261447,1.169982,4.130196,0.594528,0.43063,0
user_32162,2021-10-04 13:52:00,41,19,1,2,4,2,11,2,11,8,15,0,0,0.648369,1.996225,0.185257,1.362109,0.802357,1.220829,0.387622,0.967064,0
user_32163,2021-08-08 21:31:00,20,19,23,3,5,3,10,6,8,20,17,6,1,0.856746,3.974722,3.505672,2.726347,2.163034,1.824776,0.76478,0.586625,1
user_32164,2021-09-17 16:48:00,43,9,16,4,5,2,10,18,18,11,1,4,0,2.647015,4.026581,1.542095,4.264506,1.268224,0.34989,0.825604,0.431692,0
user_32165,2021-08-12 08:14:00,31,11,15,0,6,5,4,14,1,12,4,3,0,1.66801,3.625314,1.760848,2.919555,3.518246,3.902905,0.935069,0.564527,0
user_32166,2021-10-23 06:24:00,24,19,1,1,7,4,11,9,18,5,20,5,1,1.473679,2.006945,1.700595,2.905998,4.911448,4.096266,0.55162,0.511688,1
user_32167,2021-09-14 09:15:00,9,2,25,4,7,5,8,13,6,1,1,1,0,2.320436,0.379906,4.327997,1.312695,4.097064,0.224416,0.951486,0.62288,1
user_32168,2021-09-05 23:55:00,2,3,12,3,0,3,8,4,7,10,6,6,1,1.710337,0.510353,3.793888,2.733479,2.456463,3.405426,0.618493,0.519204,0
user_32169,2021-09-23 23:31:00,3,13,5,1,0,3,13,2,12,14,1,3,0,4.326093,0.536274,3.686439,3.829631,1.280853,3.928397,0.644989,0.752605,0
user_32170,2021-08-17 15:13:00,50,13,15,1,7,0,13,20,0,12,14,1,0,0.901554,0.811304,3.285954,4.397566,3.077389,0.342687,0.578968,0.253526,1
user_32171,2021-08-24 01:51:00,14,1,26,4,10,2,14,7,1,17,11,1,0,4.293785,4.735965,3.861573,4.961138,4.114076,1.293109,0.428109,0.695231,0
user_32172,2021-08-24 07:38:00,8,4,11,5,7,4,7,3,8,13,18,1,0,4.969264,4.242258,1.422434,2.229285,4.962278,2.905597,0.713519,0.978927,1
user_32173,2021-08-10 17:26:00,45,3,11,0,9,5,6,0,11,19,3,1,0,4.786344,1.315712,0.783721,4.663354,0.72353,3.226964,0.839462,0.241123,1
user_32174,2021-08-08 12:58:00,43,6,26,0,2,2,10,16,7,17,12,6,1,1.812707,4.465226,2.932762,4.522493,3.321771,2.769774,0.273871,0.234384,0
user_32175,2021-08-13 00:54:00,13,11,2,3,7,0,14,7,3,11,19,4,0,4.871287,2.081982,4.190342,4.559224,2.244178,4.96841,0.536976,0.74676,1
user_32176,2021-08-08 15:01:00,15,12,18,1,2,3,12,2,2,18,16,6,1,0.503472,2.517023,3.705221,3.442564,4.03446,2.627284,0.395138,0.911849,0
user_32177,2021-09-06 03:28:00,30,0,16,2,3,2,2,2,9,20,4,0,0,0.100854,2.498986,1.495764,2.796126,1.079882,1.821883,0.311744,0.764327,0
user_32178,2021-08-15 16:38:00,42,1,14,2,10,2,12,3,6,3,5,6,1,1.507984,1.038666,4.931403,3.783433,2.374951,1.84346,0.559353,0.80412,1
user_32179,2021-09-17 14:59:00,4,13,22,0,2,4,4,19,13,5,11,4,0,1.652139,1.939775,4.483662,3.485394,1.342576,0.284042,0.384478,0.44954,0
user_32180,2021-10-20 17:04:00,18,12,21,0,6,0,9,11,19,18,17,2,0,3.214409,2.96327,1.444669,3.887553,4.360296,2.026531,0.466013,0.447389,0
user_32181,2021-08-05 22:01:00,48,3,14,5,8,5,4,9,11,3,13,3,0,4.58873,2.451408,4.611937,2.311359,4.384443,4.571211,0.250156,0.96599,0
user_32182,2021-09-23 05:48:00,44,10,13,0,2,3,1,5,10,13,10,3,0,0.962476,2.625692,0.682576,2.432645,4.548221,3.006474,0.456476,0.220778,0
user_32183,2021-08-31 12:33:00,31,8,13,5,0,0,20,7,12,8,13,1,0,0.379605,1.19784,0.229297,4.012708,3.172976,1.318225,0.773009,0.603781,0
user_32184,2021-10-24 15:46:00,22,13,20,0,5,5,4,15,18,18,1,6,1,4.228335,1.289726,2.20604,1.132121,4.427059,3.968388,0.245359,0.713094,1
user_32185,2021-08-04 18:43:00,9,8,24,4,2,3,15,20,6,4,0,2,0,4.877116,4.420864,4.540241,4.620368,0.586353,1.572279,0.289555,0.414486,0
user_32186,2021-10-13 21:13:00,4,17,16,1,10,3,15,8,6,20,1,2,0,2.11058,1.714222,0.794645,4.712626,1.467866,4.907824,0.912568,0.216937,1
user_32187,2021-08-03 11:39:00,6,17,7,3,2,2,16,17,11,7,4,1,0,1.32913,4.042299,3.167083,3.316446,2.842577,0.918636,0.3775,0.438989,0
user_32188,2021-10-25 13:29:00,8,20,22,5,9,2,6,16,8,6,17,0,0,4.664438,0.827736,3.743492,0.363991,1.563599,4.563642,0.963772,0.682544,1
user_32189,2021-09-03 03:15:00,43,11,12,0,3,4,5,8,10,17,12,4,0,4.160584,1.443452,3.83457,3.741893,4.307246,4.455031,0.36276,0.359516,0
user_32190,2021-09-29 11:22:00,33,7,23,3,5,2,10,7,20,18,11,2,0,2.803098,3.836927,3.744815,3.879745,4.674048,3.477734,0.366052,0.58484,1
user_32191,2021-08-05 01:55:00,24,15,8,2,6,5,0,16,5,12,4,3,0,2.863455,4.392607,0.753984,4.950744,0.130508,2.580332,0.808739,0.691083,1
user_32192,2021-10-10 08:05:00,14,20,16,2,0,2,12,10,0,1,19,6,1,3.902688,4.130688,0.238981,4.438397,4.185552,2.492654,0.771677,0.537538,0
user_32193,2021-10-20 04:19:00,7,7,22,2,7,4,16,7,18,19,20,2,0,3.893811,4.157294,1.440702,0.438142,4.480655,4.902482,0.694242,0.432484,0
user_32194,2021-10-18 13:20:00,6,19,12,4,8,2,15,0,6,15,13,0,0,2.594845,1.727917,0.298366,0.770651,4.4471,2.218968,0.993013,0.991134,0
user_32195,2021-09-17 06:55:00,20,5,18,5,10,2,10,10,12,1,1,4,0,1.6133,2.690038,0.743109,1.796866,4.491046,1.298684,0.597598,0.728493,0
user_32196,2021-09-26 08:52:00,24,11,28,3,9,4,20,20,14,11,2,6,1,1.956512,1.235663,3.239531,1.397351,4.839913,0.508024,0.3734,0.554456,1
user_32197,2021-10-15 11:33:00,48,18,6,1,8,4,19,8,1,5,12,4,0,2.440912,2.088077,2.138483,4.805527,2.802103,2.106407,0.606079,0.285082,0
user_32198,2021-08-04 14:01:00,10,7,5,3,1,4,17,20,9,10,9,2,0,2.123337,3.606198,1.130373,3.469757,4.072347,4.902972,0.977762,0.699153,1
user_32199,2021-09-09 18:30:00,26,6,25,0,3,0,4,7,19,8,11,3,0,1.068662,0.953605,0.476699,2.553984,0.16503,2.298697,0.52978,0.482582,0
user_32200,2021-08-27 08:38:00,8,1,7,3,4,1,13,20,13,18,15,4,0,3.78192,4.983416,4.93147,2.431306,1.72965,4.561631,0.237695,0.228961,1
user_32201,2021-10-11 15:05:00,16,17,21,3,10,3,11,3,20,4,12,0,0,3.251617,4.074416,1.111402,1.100483,1.206572,1.178544,0.287147,0.94355,1
user_32202,2021-09-21 00:33:00,11,10,6,5,5,5,20,8,0,13,0,1,0,0.155016,2.786469,1.854698,4.704318,2.200484,4.736259,0.713552,0.940062,1
user_32203,2021-10-27 01:13:00,6,6,20,0,1,1,2,5,10,4,7,2,0,4.100348,1.285055,4.427835,0.20638,1.814754,1.819276,0.564624,0.228142,0
user_32204,2021-09-20 14:50:00,1,2,11,5,2,1,19,17,17,17,2,0,0,4.133512,0.353842,4.228732,2.783973,1.967691,4.480736,0.880683,0.491973,1
user_32205,2021-10-06 11:22:00,11,20,28,4,9,5,5,13,10,5,11,2,0,2.529789,0.582322,2.161628,1.079245,1.719002,2.308358,0.810073,0.706771,1
user_32206,2021-08-31 23:25:00,48,8,13,3,8,3,20,15,14,19,15,1,0,0.427361,2.017089,0.517491,4.086645,2.084399,4.832702,0.703434,0.830216,1
user_32207,2021-08-04 02:26:00,23,7,9,0,3,4,9,10,18,16,10,2,0,0.423284,3.861048,2.598437,0.734674,0.140308,3.243228,0.482027,0.746498,1
user_32208,2021-08-16 06:57:00,12,9,13,1,2,1,15,5,8,13,0,0,0,3.25761,3.81591,2.254132,4.877524,2.749721,2.256517,0.634708,0.564043,0
user_32209,2021-08-24 14:12:00,21,6,28,4,7,2,20,5,0,0,19,1,0,3.827397,1.595306,1.665997,1.927871,4.536236,2.747365,0.893188,0.248047,1
user_32210,2021-09-18 01:17:00,10,11,24,4,8,2,20,3,4,20,0,5,1,1.279549,1.059863,2.968254,3.927543,3.078936,2.299167,0.444245,0.506904,0
user_32211,2021-08-04 00:15:00,10,6,12,0,9,0,16,9,12,1,17,2,0,2.557561,4.42314,1.877083,0.773021,4.973979,3.507416,0.313023,0.932046,0
user_32212,2021-08-19 07:56:00,23,11,17,3,0,5,8,15,8,11,19,3,0,0.32533,0.636387,4.841573,1.242857,2.227652,4.390884,0.627748,0.444903,1
user_32213,2021-08-14 02:36:00,12,15,14,4,3,1,5,19,5,18,12,5,1,4.725383,3.639025,0.920074,4.904414,2.125626,1.264658,0.720682,0.791286,0
user_32214,2021-10-01 11:25:00,28,6,22,5,2,5,8,17,6,7,1,4,0,2.367248,3.76374,4.198947,1.987867,1.957818,2.763301,0.596163,0.295281,0
user_32215,2021-08-03 04:19:00,9,6,11,2,1,2,5,17,0,10,18,1,0,1.810704,3.462841,1.699461,4.18513,1.7094,1.942792,0.516329,0.523421,1
user_32216,2021-08-25 17:15:00,3,14,24,3,8,1,11,4,8,18,8,2,0,0.79439,0.610784,0.621071,0.617723,1.142636,0.854977,0.857334,0.239787,0
user_32217,2021-10-21 11:35:00,33,9,11,4,10,1,3,6,10,14,1,3,0,2.747024,1.807029,0.403993,0.514923,4.156054,1.548673,0.223819,0.316836,0
user_32218,2021-08-17 18:05:00,39,9,28,1,2,2,20,18,1,11,12,1,0,3.567108,0.680853,1.260255,4.390084,4.491014,2.438773,0.831127,0.270743,1
user_32219,2021-09-04 10:00:00,44,6,3,4,7,5,7,17,7,8,8,5,1,4.714886,0.948259,2.6094,4.627666,2.149579,4.955629,0.212395,0.719622,0
user_32220,2021-09-25 11:35:00,21,11,18,4,1,3,18,3,5,8,8,5,1,4.392733,0.680933,0.472807,1.251675,0.527873,1.859119,0.772479,0.447297,0
user_32221,2021-08-28 08:29:00,46,18,14,0,8,3,0,3,8,11,10,5,1,3.04439,0.561114,3.388444,3.109024,1.438522,3.159197,0.912289,0.818563,0
user_32222,2021-09-30 08:59:00,11,7,25,2,9,0,18,10,0,0,13,3,0,0.589333,2.044758,0.537513,1.009588,3.475287,2.451049,0.753606,0.231084,0
user_32223,2021-08-19 08:39:00,25,14,17,4,0,4,5,2,14,20,1,3,0,4.987396,2.78575,1.842951,4.387946,2.539779,4.967799,0.852777,0.325517,0
user_32224,2021-09-18 14:43:00,13,14,16,5,4,3,14,14,1,4,2,5,1,1.856479,4.442816,4.28495,3.312705,2.00472,2.871432,0.906336,0.940528,0
user_32225,2021-09-01 12:28:00,49,3,6,0,0,3,12,17,19,16,15,2,0,3.466556,1.923908,3.803414,1.2975,3.708611,4.103743,0.429306,0.623939,0
user_32226,2021-09-04 01:06:00,32,11,12,4,2,5,1,8,9,7,8,5,1,0.88905,1.694938,2.754876,1.997443,3.323443,3.741322,0.402813,0.942023,0
user_32227,2021-09-12 17:14:00,15,0,6,1,9,4,14,5,19,12,5,6,1,2.278026,4.720648,0.546256,1.796488,2.186401,4.461213,0.646245,0.410212,0
user_32228,2021-09-19 00:58:00,2,14,3,3,9,4,1,15,1,9,9,6,1,2.985256,4.140167,0.434168,1.750045,2.023405,3.378512,0.740034,0.649439,0
user_32229,2021-09-07 23:58:00,15,3,7,0,5,1,14,7,14,10,15,1,0,4.384258,4.782324,2.017125,2.47682,0.248652,0.162647,0.237026,0.782942,0
user_32230,2021-09-03 15:14:00,17,20,17,0,0,2,12,4,3,14,5,4,0,3.020621,3.136651,4.77444,0.157071,2.755384,0.425232,0.863655,0.288633,1
user_32231,2021-09-07 10:21:00,47,15,12,2,2,3,18,2,10,3,15,1,0,3.924791,3.916275,2.578448,2.368059,4.053583,3.50055,0.232101,0.222303,1
user_32232,2021-09-04 13:13:00,34,5,1,1,3,4,16,0,2,5,10,5,1,2.864221,3.661155,4.843781,0.534805,1.430666,1.260705,0.359479,0.503143,1
user_32233,2021-10-19 05:05:00,20,11,3,3,8,3,13,15,3,2,7,1,0,3.541964,2.060874,2.784733,2.781344,0.421264,3.551821,0.75822,0.229417,1
user_32234,2021-09-28 07:23:00,45,3,15,2,0,1,6,0,20,20,9,1,0,4.004825,2.798203,0.93927,0.480259,1.192979,4.578709,0.592946,0.889896,1
user_32235,2021-08-02 07:58:00,34,16,8,2,2,2,2,14,0,3,2,0,0,2.322282,3.038469,2.077705,4.439816,1.1858,2.866743,0.598034,0.729803,0
user_32236,2021-08-14 15:28:00,47,8,10,4,7,4,1,19,7,11,13,5,1,4.978116,2.50173,4.568308,4.832563,2.36272,2.614211,0.549698,0.458808,0
user_32237,2021-09-20 00:35:00,13,4,7,5,5,2,6,5,17,15,3,0,0,0.17372,2.293744,1.844168,1.855675,3.090971,4.760089,0.604855,0.261049,0
user_32238,2021-09-25 17:32:00,34,6,10,4,10,0,1,20,7,10,4,5,1,2.449304,2.618067,0.908714,2.986049,4.861377,0.31904,0.299771,0.459514,1
user_32239,2021-09-02 10:51:00,37,0,27,0,4,0,8,15,4,7,10,3,0,0.393914,4.684222,2.336799,1.902235,1.465199,3.623145,0.878681,0.95155,1
user_32240,2021-08-03 01:21:00,33,15,17,1,7,5,1,7,20,18,10,1,0,2.982204,2.399262,4.182181,0.234987,2.683283,3.942119,0.388259,0.825347,0
user_32241,2021-10-17 22:10:00,45,16,3,0,6,5,19,0,14,13,19,6,1,1.126853,4.188093,0.540925,4.70326,3.234941,0.837247,0.729423,0.429685,1
user_32242,2021-10-11 12:32:00,14,18,7,2,3,5,19,11,20,6,15,0,0,2.50888,4.353391,2.253593,4.922712,4.736883,1.221909,0.980715,0.934845,1
user_32243,2021-08-03 23:41:00,30,2,2,2,7,2,1,6,7,3,17,1,0,4.107652,0.389045,2.963538,3.922803,1.661263,3.700299,0.966249,0.603235,1
user_32244,2021-09-03 16:58:00,14,14,9,4,6,1,20,7,4,3,14,4,0,1.23637,2.506296,4.851243,2.335552,3.595202,4.23551,0.320638,0.244088,1
user_32245,2021-09-20 22:43:00,5,10,21,3,7,3,20,16,10,8,19,0,0,2.258121,3.845513,3.184454,3.662336,2.968242,3.470501,0.295193,0.551463,0
user_32246,2021-10-16 00:17:00,49,16,19,5,4,2,12,8,20,14,20,5,1,1.113828,1.139823,4.163397,4.20727,3.613904,0.306112,0.632404,0.792129,1
user_32247,2021-10-01 22:08:00,3,9,13,0,10,2,16,20,8,20,11,4,0,1.129081,0.584221,3.775052,1.852159,4.07005,1.677815,0.391886,0.302406,0
user_32248,2021-10-18 04:24:00,20,5,13,4,0,4,17,17,13,12,12,0,0,4.420408,3.739965,3.221867,4.860414,4.229291,4.117372,0.890876,0.638499,1
user_32249,2021-10-14 07:32:00,45,15,21,5,0,1,6,8,13,17,11,3,0,0.385621,0.704826,2.46152,1.168014,1.17057,4.037733,0.733039,0.886952,0
user_32250,2021-09-26 11:58:00,49,0,16,0,9,5,18,2,1,18,3,6,1,0.93586,4.132225,0.406557,4.784029,2.824474,0.649629,0.981868,0.709856,1
user_32251,2021-09-06 04:53:00,17,17,15,4,9,0,5,14,8,8,9,0,0,2.019857,2.99626,0.421344,2.808385,1.004154,2.945036,0.9011,0.860359,0
user_32252,2021-08-02 16:37:00,39,2,7,5,0,2,16,19,10,17,1,0,0,3.606218,0.990043,3.847952,4.104209,1.852615,1.032638,0.659226,0.549139,1
user_32253,2021-09-18 19:15:00,50,9,17,1,3,2,5,11,6,19,1,5,1,2.953813,3.848014,0.987653,3.400995,3.280687,1.330258,0.776253,0.63618,1
user_32254,2021-09-10 20:33:00,28,12,12,4,1,0,1,12,4,1,19,4,0,2.331819,2.314591,1.119559,3.474986,3.949156,4.497884,0.963245,0.365266,0
user_32255,2021-08-19 14:40:00,30,2,7,0,8,0,7,0,10,19,1,3,0,4.8312,1.810279,4.733582,4.390662,2.044331,0.354586,0.300337,0.686005,0
user_32256,2021-09-02 20:52:00,50,12,9,5,2,2,10,17,7,13,19,3,0,4.132988,2.91221,3.211467,1.061573,2.575141,1.515017,0.772656,0.335288,1
user_32257,2021-09-16 03:16:00,6,20,17,1,1,0,20,2,6,17,7,3,0,3.934971,2.332993,2.099796,1.201593,3.143526,4.457989,0.462925,0.731432,1
user_32258,2021-08-30 13:14:00,43,3,6,0,1,0,5,6,15,3,1,0,0,4.318743,3.78404,2.577065,4.628971,3.890877,2.230407,0.730581,0.429095,1
user_32259,2021-09-22 06:47:00,17,15,23,2,1,4,14,2,5,1,1,2,0,2.988812,1.65799,1.414365,3.499677,3.187415,3.158718,0.609014,0.877291,0
user_32260,2021-08-28 02:45:00,16,7,3,2,9,3,15,5,15,20,11,5,1,4.362362,0.71832,1.093762,4.424043,1.746929,3.959869,0.375932,0.275668,1
user_32261,2021-08-06 12:10:00,26,18,23,4,10,5,5,11,13,5,3,4,0,1.439432,1.109991,1.824531,1.891462,1.596366,2.285001,0.875614,0.339161,1
user_32262,2021-09-23 15:12:00,21,2,17,3,0,5,19,16,18,3,1,3,0,1.700744,3.652375,4.960925,4.437506,3.086644,0.344934,0.886888,0.433762,1
user_32263,2021-10-10 20:24:00,15,0,19,0,8,4,1,9,12,20,19,6,1,0.518749,0.149057,0.209936,3.784502,1.077264,2.675517,0.263669,0.236099,0
user_32264,2021-10-11 00:48:00,34,9,19,2,8,1,5,6,13,2,20,0,0,0.702159,3.121969,0.168037,0.674197,0.79246,4.020614,0.480826,0.590792,0
user_32265,2021-08-10 09:01:00,23,7,1,4,7,3,17,16,7,19,15,1,0,2.380282,1.316868,1.894966,2.766541,3.78068,0.988021,0.356212,0.496178,1
user_32266,2021-10-14 00:26:00,34,7,3,2,3,3,11,2,18,6,7,3,0,1.042711,3.350551,3.42354,3.939827,0.534012,4.950122,0.479681,0.510895,1
user_32267,2021-08-16 10:38:00,48,20,12,2,2,5,1,10,17,6,0,0,0,0.120169,1.045834,0.315162,0.337889,1.659701,3.878641,0.31326,0.298403,0
user_32268,2021-09-03 21:35:00,35,8,19,5,2,3,6,9,1,17,0,4,0,0.678773,3.174794,0.696068,3.844815,0.336878,0.892011,0.281893,0.624387,1
user_32269,2021-10-24 04:25:00,48,17,4,4,2,3,18,5,12,3,15,6,1,1.326,4.533492,3.733008,2.960972,3.869348,3.494269,0.62543,0.254224,1
user_32270,2021-08-08 10:19:00,20,19,15,4,5,1,9,19,20,10,12,6,1,0.426278,0.720761,4.849702,2.984818,4.831519,1.370377,0.232277,0.599577,0
user_32271,2021-09-26 08:48:00,50,17,11,1,5,1,8,20,6,10,13,6,1,0.892029,2.504001,0.548665,4.879956,4.577318,0.920422,0.991709,0.596345,0
user_32272,2021-10-04 01:50:00,1,2,17,2,3,5,0,17,17,3,4,0,0,1.021957,4.246954,4.229213,1.83309,4.735128,2.303777,0.932455,0.451509,0
user_32273,2021-09-02 21:33:00,1,9,25,0,2,5,16,20,5,16,15,3,0,3.587452,0.891629,3.750341,2.377296,3.835647,4.845359,0.653066,0.904468,1
user_32274,2021-08-10 18:16:00,28,1,19,5,1,3,0,11,8,10,0,1,0,3.181845,2.06386,3.120823,3.899481,3.374279,0.178431,0.302684,0.780446,1
user_32275,2021-09-25 07:15:00,6,14,8,2,0,4,4,19,3,3,2,5,1,0.281565,3.538253,3.925405,4.481304,1.29497,0.962774,0.440545,0.529043,1
user_32276,2021-08-07 00:28:00,16,14,5,4,9,5,13,0,14,2,16,5,1,0.568239,2.124989,2.303111,1.710947,2.401724,0.885494,0.250043,0.496729,1
user_32277,2021-08-30 12:42:00,2,15,17,0,3,5,4,14,14,12,6,0,0,2.710682,3.806823,0.510124,0.362367,3.910876,3.427946,0.649821,0.779236,0
user_32278,2021-08-30 10:02:00,29,5,20,3,6,0,4,16,8,0,18,0,0,2.267943,1.910792,1.808751,3.396997,1.083627,2.002012,0.893608,0.73679,1
user_32279,2021-10-22 02:14:00,45,0,23,1,8,2,13,16,5,2,9,4,0,2.563293,1.967501,0.472619,3.816568,2.256216,2.869269,0.538707,0.743866,0
user_32280,2021-08-07 23:02:00,50,2,19,5,5,2,4,14,17,1,12,5,1,4.67803,4.840099,0.355096,0.229043,2.874229,0.301576,0.318676,0.843851,0
user_32281,2021-09-02 02:05:00,47,19,21,0,4,1,6,8,16,19,8,3,0,4.297009,1.964863,4.524772,3.592478,2.858979,3.9411,0.478664,0.656007,1
user_32282,2021-09-04 17:17:00,42,13,27,2,5,1,3,8,11,9,9,5,1,0.299018,1.774453,1.377891,0.876349,2.78074,0.150146,0.693913,0.296412,0
user_32283,2021-09-14 16:08:00,12,8,19,4,8,5,2,19,10,1,10,1,0,2.394172,0.919884,4.824501,3.612308,1.779078,2.550212,0.614394,0.931183,1
user_32284,2021-09-02 08:35:00,21,5,16,4,6,1,8,16,0,13,15,3,0,4.789489,1.302282,1.93098,4.508222,4.352543,3.865134,0.932643,0.311845,0
user_32285,2021-08-06 16:56:00,33,9,7,0,10,4,12,12,3,8,12,4,0,0.211772,2.53342,0.762918,1.149586,2.921081,3.692884,0.492908,0.715593,1
user_32286,2021-09-29 23:13:00,28,5,23,2,4,0,19,2,14,12,20,2,0,2.679831,3.185075,3.0068,3.347147,2.718527,0.365184,0.306879,0.854148,1
user_32287,2021-08-20 21:03:00,15,20,2,3,8,1,19,20,14,7,6,4,0,3.709493,2.164113,4.456554,3.787349,3.863489,4.753799,0.346682,0.7432,0
user_32288,2021-09-05 15:29:00,18,14,8,4,1,1,5,12,1,14,4,6,1,0.964848,4.214083,1.410505,2.08948,0.814263,4.960677,0.215342,0.769101,1
user_32289,2021-08-25 07:07:00,38,10,20,0,5,2,2,2,17,6,12,2,0,4.371188,2.484974,4.287596,1.701843,0.714548,2.89674,0.539852,0.593021,1
user_32290,2021-09-21 11:55:00,14,8,16,0,2,2,8,17,20,18,7,1,0,3.37285,3.124308,0.988259,1.508785,3.85554,0.595281,0.482654,0.72489,1
user_32291,2021-10-10 03:44:00,33,15,12,0,10,5,3,4,0,17,10,6,1,2.373299,4.696582,1.732682,3.885918,3.516579,3.831999,0.424399,0.405804,0
user_32292,2021-08-24 11:13:00,46,7,14,1,4,3,13,2,1,15,2,1,0,1.405163,2.342058,1.772266,0.457563,4.190013,4.523138,0.334932,0.254084,1
user_32293,2021-09-30 22:03:00,19,20,24,5,8,0,4,1,13,2,19,3,0,1.458962,3.807563,3.334558,3.730097,0.292266,2.944447,0.22792,0.209907,0
user_32294,2021-10-24 03:55:00,14,15,19,2,7,4,9,13,6,10,1,6,1,2.490926,0.952132,3.771862,3.712055,2.670556,3.88837,0.501933,0.461861,0
user_32295,2021-10-15 06:48:00,38,4,20,2,3,3,1,0,16,6,20,4,0,0.820636,3.332282,3.345614,4.084673,4.01843,1.795726,0.82831,0.800047,1
user_32296,2021-08-04 12:10:00,10,9,12,5,9,3,3,13,15,11,11,2,0,3.097979,0.925015,4.974595,0.69184,1.200588,0.817477,0.61046,0.587323,1
user_32297,2021-09-24 14:39:00,5,3,12,2,10,0,16,10,4,8,9,4,0,3.186294,4.06045,1.041939,2.488313,3.966402,3.866273,0.466866,0.447217,1
user_32298,2021-10-22 16:36:00,28,17,30,2,1,3,2,14,9,14,6,4,0,0.250546,4.755841,0.823735,0.518277,4.55075,4.671231,0.4917,0.355569,0
user_32299,2021-08-22 12:27:00,39,6,20,1,0,1,0,8,12,7,9,6,1,2.186913,2.326734,4.628297,0.594434,0.370011,1.77367,0.406444,0.567814,0
user_32300,2021-10-13 22:55:00,12,0,28,5,8,0,19,13,3,18,10,2,0,2.490116,0.556145,3.329947,1.985178,1.771782,4.794336,0.770251,0.419051,0
user_32301,2021-10-23 09:46:00,10,6,4,2,1,0,11,1,16,19,9,5,1,3.711749,2.417137,1.943163,2.457537,1.269185,0.93345,0.400877,0.967172,1
user_32302,2021-08-10 10:01:00,5,7,6,5,3,1,15,3,1,5,11,1,0,4.591527,3.29451,0.128435,2.699143,2.368304,1.027621,0.502847,0.880523,0
user_32303,2021-09-27 16:58:00,22,0,26,0,3,1,13,8,16,1,18,0,0,3.425943,0.84773,2.230817,4.743947,2.969792,3.402586,0.36678,0.322082,0
user_32304,2021-10-19 13:15:00,15,10,6,4,5,0,17,9,3,0,19,1,0,1.168221,4.932969,0.449071,4.617887,3.625347,1.480134,0.644971,0.991307,1
user_32305,2021-09-22 18:11:00,9,9,4,0,8,0,14,10,17,12,3,2,0,4.83725,4.451539,1.955944,0.140626,3.317175,2.621669,0.421516,0.734628,0
user_32306,2021-09-14 05:51:00,15,2,19,0,0,0,1,9,6,9,3,1,0,4.071752,2.633357,4.222482,3.166268,4.557625,2.66118,0.857359,0.398614,1
user_32307,2021-10-17 15:51:00,23,18,21,0,5,1,0,11,16,18,17,6,1,1.460892,1.441968,3.514757,1.743873,4.895017,2.688862,0.432704,0.943517,1
user_32308,2021-09-19 01:47:00,13,4,22,0,0,0,10,9,19,10,3,6,1,1.265216,3.399807,4.507931,2.638636,1.069441,2.434885,0.760599,0.760073,1
user_32309,2021-09-26 16:20:00,8,15,16,1,10,0,17,0,10,19,8,6,1,3.941667,4.233236,4.325439,3.515573,2.23105,0.456805,0.255496,0.989789,1
user_32310,2021-08-12 20:10:00,10,2,14,5,6,0,17,18,2,18,17,3,0,0.838101,0.243729,4.665462,2.516269,0.854259,1.850043,0.731112,0.630991,0
user_32311,2021-08-30 17:22:00,12,9,23,3,2,3,11,20,11,0,9,0,0,4.889599,3.584408,0.169263,2.057589,0.229291,2.405601,0.257415,0.901009,0
user_32312,2021-09-17 13:22:00,49,2,11,5,6,0,11,3,20,16,18,4,0,1.907223,3.918127,2.441262,0.288407,0.436792,4.19663,0.462133,0.665426,0
user_32313,2021-08-22 06:58:00,17,10,12,1,2,3,11,8,20,18,2,6,1,4.701814,0.139144,3.540285,0.793344,1.298858,3.540629,0.634701,0.278097,1
user_32314,2021-10-14 04:37:00,45,17,10,3,1,0,8,9,11,3,11,3,0,2.184626,3.926763,3.12186,1.701529,2.673598,3.429459,0.330913,0.250842,1
user_32315,2021-08-21 10:27:00,11,15,21,2,4,3,0,6,9,4,3,5,1,2.256216,3.756521,1.650809,4.699835,4.785744,3.501705,0.781407,0.586423,0
user_32316,2021-08-18 13:56:00,33,14,11,5,9,3,9,10,2,18,19,2,0,0.895629,0.393867,1.031444,1.085486,1.732161,0.358438,0.509495,0.335578,0
user_32317,2021-10-07 16:36:00,45,4,24,3,4,2,4,16,14,17,16,3,0,3.752688,3.509837,3.441217,0.456799,3.290936,4.709551,0.556367,0.471471,1
user_32318,2021-09-07 18:14:00,12,14,21,5,5,0,5,12,10,13,6,1,0,4.371272,4.034234,4.748231,0.451581,4.859838,4.836886,0.80426,0.438892,0
user_32319,2021-10-08 04:41:00,29,0,29,3,4,1,1,10,20,10,20,4,0,4.790917,0.896597,2.751824,2.663021,3.871942,2.634396,0.520527,0.577187,1
user_32320,2021-10-25 06:52:00,41,8,11,3,7,3,1,5,6,3,15,0,0,0.614272,4.498017,4.533208,1.163222,4.183294,3.876001,0.475262,0.837079,1
user_32321,2021-09-09 20:05:00,43,7,22,1,3,0,13,1,19,17,17,3,0,0.885413,3.087607,3.544417,3.751424,3.898651,0.621665,0.359566,0.415741,1
user_32322,2021-10-03 17:50:00,32,18,3,1,10,0,14,10,0,14,8,6,1,3.774008,1.495313,2.261743,3.814551,2.307245,4.575352,0.974631,0.570172,0
user_32323,2021-08-23 16:33:00,12,13,10,5,5,0,1,13,11,16,15,0,0,0.186944,4.102698,0.510473,1.393902,4.025204,1.445142,0.999508,0.751274,0
user_32324,2021-08-04 03:43:00,24,17,25,2,5,3,18,6,7,6,20,2,0,4.420447,1.931609,4.323698,2.432488,2.5146,3.110922,0.461372,0.86088,1
user_32325,2021-08-10 01:25:00,50,15,16,4,2,2,17,17,18,15,0,1,0,0.771205,1.887464,4.967074,3.23709,4.339743,4.461948,0.897653,0.46649,1
user_32326,2021-09-15 22:15:00,5,19,25,3,3,2,0,5,11,13,13,2,0,2.854369,3.641938,4.142998,0.565823,0.439986,2.785412,0.626659,0.502105,0
user_32327,2021-10-27 00:10:00,13,20,7,5,0,2,20,6,5,8,2,2,0,3.401902,4.275964,3.012268,3.441438,1.427406,4.499802,0.204636,0.509079,1
user_32328,2021-10-08 21:01:00,5,20,25,5,8,5,20,5,15,12,15,4,0,4.758849,0.206469,3.136563,1.406814,4.60089,2.671589,0.916084,0.997539,0
user_32329,2021-09-03 19:20:00,3,18,24,1,6,2,19,9,20,15,7,4,0,4.013354,4.340289,1.764407,0.687767,0.743838,2.582525,0.977937,0.340478,0
user_32330,2021-09-18 09:07:00,49,4,23,0,8,1,14,13,1,1,1,5,1,2.199818,2.030438,0.887802,4.983997,0.746281,4.802939,0.227064,0.357251,1
user_32331,2021-09-14 17:57:00,32,19,27,1,8,2,2,2,5,16,5,1,0,0.348707,2.108531,4.57741,4.32879,1.965558,3.529635,0.306389,0.515201,1
user_32332,2021-09-03 20:28:00,19,14,29,0,0,2,4,6,2,5,18,4,0,3.478991,1.346211,0.515383,0.952222,3.193668,3.272367,0.540322,0.835179,0
user_32333,2021-09-20 04:12:00,17,16,20,3,1,0,19,3,7,7,7,0,0,0.969477,0.61526,1.164481,4.484795,1.05781,1.824435,0.926062,0.293226,0
user_32334,2021-10-05 22:11:00,8,6,12,0,5,3,9,17,19,9,11,1,0,4.334929,3.065108,0.425904,1.709235,1.49013,2.254642,0.209125,0.461034,1
user_32335,2021-10-28 14:06:00,38,18,28,1,10,1,9,17,4,16,19,3,0,4.505409,4.791394,0.561035,0.617936,0.385583,3.085402,0.696022,0.212727,1
user_32336,2021-09-25 14:52:00,44,20,11,3,2,1,3,17,7,20,13,5,1,4.27905,3.760456,4.564509,1.642833,2.7193,4.781811,0.277171,0.26827,1
user_32337,2021-10-08 14:28:00,1,7,11,5,10,3,5,2,20,18,1,4,0,4.259172,0.611151,0.207696,2.191901,3.213043,3.222682,0.331713,0.686254,0
user_32338,2021-08-28 08:07:00,49,7,6,5,2,3,16,16,4,4,0,5,1,0.311902,0.368353,4.6296,3.232735,4.501773,4.366031,0.247575,0.806468,0
user_32339,2021-10-03 16:17:00,19,5,11,3,7,3,8,1,6,3,17,6,1,3.885833,1.671787,2.834665,4.907241,3.231391,4.416534,0.303661,0.952819,1
user_32340,2021-10-27 05:23:00,35,12,14,1,4,4,17,2,14,5,4,2,0,4.735017,4.721267,4.010434,0.215262,1.706593,2.209146,0.799588,0.802795,1
user_32341,2021-08-03 05:43:00,47,17,9,0,4,4,4,20,6,19,0,1,0,3.765874,0.797166,0.258338,1.139399,1.223878,2.483917,0.580063,0.982019,1
user_32342,2021-08-17 01:02:00,40,7,16,4,10,0,11,8,13,1,7,1,0,2.924811,2.268252,2.07833,4.897802,1.950303,3.167681,0.279395,0.406655,1
user_32343,2021-09-05 01:48:00,2,0,20,0,2,0,14,0,19,11,2,6,1,0.648832,0.2207,4.714083,2.740283,4.61438,3.91458,0.465028,0.647004,1
user_32344,2021-08-04 06:00:00,3,13,2,3,3,2,20,13,1,10,9,2,0,0.75194,1.46592,0.761384,1.207457,0.834786,1.196001,0.305202,0.9028,0
user_32345,2021-09-11 13:09:00,26,17,2,3,3,2,11,1,15,10,9,5,1,1.245599,2.825919,0.624691,0.658339,1.286626,4.502927,0.347951,0.773177,0
user_32346,2021-10-18 04:03:00,39,14,17,3,9,1,0,17,11,9,16,0,0,3.518691,1.276016,3.606784,1.908021,1.962047,0.761429,0.496151,0.612191,0
user_32347,2021-09-07 13:47:00,38,4,21,1,10,4,18,7,14,12,5,1,0,2.105007,4.188576,1.287796,0.215378,0.613382,4.61819,0.606436,0.998197,1
user_32348,2021-10-12 06:59:00,40,3,24,3,0,4,6,12,16,19,6,1,0,2.435927,2.367198,1.233846,3.014139,4.745234,4.595233,0.225722,0.598892,1
user_32349,2021-09-09 16:16:00,21,11,11,3,0,5,1,5,17,15,2,3,0,2.992116,0.821211,2.223742,1.232295,2.002554,4.372047,0.772754,0.868105,1
user_32350,2021-10-09 15:26:00,44,13,20,2,8,1,16,8,7,5,9,5,1,3.527238,2.416833,4.77004,1.159339,0.314448,0.640889,0.911084,0.952785,1
user_32351,2021-08-08 09:13:00,17,10,10,0,10,1,2,14,11,10,20,6,1,0.849823,0.357561,3.508173,0.46399,1.227521,3.267786,0.76133,0.525113,1
user_32352,2021-10-05 17:01:00,39,18,15,4,10,3,18,14,5,3,10,1,0,3.145171,4.835616,1.928462,1.480946,1.249048,3.79327,0.9059,0.26134,1
user_32353,2021-10-16 02:39:00,14,0,7,3,2,3,16,13,20,0,19,5,1,3.677346,2.138249,2.705481,4.712564,4.632748,1.181835,0.59407,0.864766,0
user_32354,2021-08-08 13:23:00,19,17,5,3,5,3,3,1,15,5,16,6,1,4.207714,0.933239,3.139406,1.629436,4.755966,4.76274,0.344774,0.203753,1
user_32355,2021-10-19 11:38:00,38,6,25,1,8,3,12,19,5,8,0,1,0,1.95287,0.333112,4.291014,0.693738,4.544349,4.503273,0.363845,0.58496,0
user_32356,2021-08-25 04:59:00,32,10,24,0,10,0,1,4,3,20,13,2,0,1.368077,1.005691,0.775303,0.970889,0.753698,2.360099,0.241608,0.6354,1
user_32357,2021-08-15 02:03:00,25,2,30,5,9,0,9,11,10,3,5,6,1,0.640988,4.566044,0.740169,2.264791,1.756329,4.293143,0.777481,0.699632,0
user_32358,2021-08-28 19:20:00,18,17,9,5,10,3,16,2,5,11,5,5,1,2.169468,1.466171,3.102665,3.911765,2.287793,0.797271,0.337962,0.719786,1
user_32359,2021-09-11 15:36:00,42,18,24,3,1,3,0,0,14,3,19,5,1,2.346789,1.602388,0.827256,4.48298,3.306267,0.486624,0.208837,0.384445,0
user_32360,2021-10-02 02:01:00,12,15,9,3,7,0,11,15,7,7,17,5,1,2.125075,2.32077,3.842407,2.464952,2.485895,1.726292,0.903204,0.659955,0
user_32361,2021-09-11 17:14:00,13,17,12,5,7,5,12,7,8,18,20,5,1,1.385227,1.436499,1.33363,0.988968,4.955833,3.183081,0.601884,0.45395,1
user_32362,2021-10-05 00:06:00,14,11,22,0,10,0,3,12,13,15,12,1,0,1.321628,4.186001,1.196854,0.287201,4.650895,1.168309,0.347412,0.65294,0
user_32363,2021-09-25 22:28:00,34,5,15,2,7,0,13,11,15,0,7,5,1,4.642676,0.841148,0.61749,3.340258,4.97511,0.266424,0.594615,0.399142,1
user_32364,2021-10-02 07:36:00,44,5,27,5,1,0,14,8,2,18,13,5,1,2.489763,3.421306,2.423121,0.593059,1.030796,0.683845,0.509205,0.876398,0
user_32365,2021-09-07 01:22:00,46,14,12,0,9,5,12,10,14,18,1,1,0,4.330805,0.546003,4.369692,2.350595,1.621334,3.655954,0.390261,0.76677,0
user_32366,2021-09-12 02:54:00,31,19,30,1,6,1,2,6,15,11,19,6,1,1.898477,2.458601,2.607838,0.450101,0.399098,4.823971,0.949302,0.542194,1
user_32367,2021-09-23 10:46:00,48,12,2,1,10,1,16,9,10,6,14,3,0,0.777192,2.876224,3.725803,0.589838,3.857322,3.724841,0.293464,0.641487,0
user_32368,2021-08-25 01:39:00,22,3,26,1,9,5,19,8,1,7,12,2,0,3.766075,4.030223,2.539461,1.256314,2.598096,3.783663,0.26413,0.986504,0
user_32369,2021-09-13 10:46:00,39,2,25,0,6,4,14,20,5,6,6,0,0,2.163424,0.851593,3.797731,2.366032,3.470786,0.809541,0.306516,0.978154,1
user_32370,2021-09-09 08:30:00,31,15,25,4,8,0,7,10,5,20,9,3,0,4.696537,3.379734,1.384648,1.333528,0.316941,2.187701,0.343082,0.558383,0
user_32371,2021-09-06 02:45:00,42,16,1,3,7,4,2,4,9,9,4,0,0,1.311909,1.674332,3.022892,4.672972,3.678351,3.01653,0.707047,0.558172,0
user_32372,2021-09-05 20:25:00,1,12,15,4,4,5,7,6,20,6,3,6,1,1.770776,4.040643,3.775469,1.01383,3.130435,4.473306,0.291309,0.33683,0
user_32373,2021-10-03 23:02:00,48,17,29,1,9,4,18,9,6,8,13,6,1,1.198795,3.722952,2.370169,4.018736,4.737252,1.935763,0.619248,0.766662,1
user_32374,2021-10-14 17:02:00,13,17,24,0,4,4,19,12,10,1,18,3,0,3.684729,0.388232,1.524081,2.500315,1.841875,1.429468,0.766464,0.274906,1
user_32375,2021-08-12 18:57:00,23,20,2,4,1,0,2,4,11,20,0,3,0,2.960067,3.761162,3.493125,0.248965,2.067021,2.296408,0.922686,0.842745,1
user_32376,2021-10-07 18:01:00,18,5,7,0,1,2,17,3,14,7,14,3,0,1.585262,3.293311,0.669664,2.768499,2.787871,0.702878,0.382657,0.658769,0
user_32377,2021-10-22 17:53:00,19,20,7,0,5,3,0,16,4,3,4,4,0,2.353752,2.062548,0.280737,0.913044,4.234852,4.677161,0.774745,0.490363,1
user_32378,2021-09-27 21:36:00,10,11,24,1,7,3,17,20,9,11,7,0,0,3.66499,3.745351,0.97602,0.816199,4.267501,2.726375,0.312242,0.335376,1
user_32379,2021-09-22 22:26:00,19,7,26,5,5,3,16,7,8,17,2,2,0,4.733362,0.487629,0.121997,3.57037,3.685613,1.200509,0.438786,0.731642,0
user_32380,2021-10-04 22:27:00,24,13,27,5,6,3,3,12,17,16,3,0,0,0.971743,4.003512,2.736875,3.52498,0.792827,0.7222,0.569837,0.459498,1
user_32381,2021-10-13 19:02:00,29,0,11,0,8,0,16,6,12,14,1,2,0,4.926096,3.023086,2.936543,0.344289,2.976004,1.067175,0.949379,0.328033,1
user_32382,2021-10-08 04:17:00,33,17,3,4,5,5,3,10,14,15,12,4,0,3.196709,2.330412,3.148769,4.157661,0.310626,4.511514,0.55483,0.773981,1
user_32383,2021-10-19 21:09:00,46,2,1,0,2,0,14,4,1,18,3,1,0,4.908847,3.223348,2.257583,1.157524,0.881231,0.931234,0.902647,0.287944,1
user_32384,2021-09-29 14:06:00,18,1,21,1,5,4,14,3,10,11,10,2,0,3.225216,2.360182,3.108801,4.942266,4.438552,2.291259,0.545486,0.518343,1
user_32385,2021-10-21 12:17:00,39,6,19,4,10,4,0,10,11,2,3,3,0,0.227709,1.385195,0.189473,0.613955,3.640132,1.778642,0.62894,0.597595,0
user_32386,2021-09-09 04:42:00,13,6,9,3,4,0,9,13,1,17,12,3,0,4.676798,0.15033,4.628689,3.402063,2.33714,0.481207,0.792291,0.407283,1
user_32387,2021-10-04 08:05:00,37,2,21,2,4,4,1,17,18,8,17,0,0,3.215222,0.853315,0.446723,4.925771,3.261154,3.754854,0.309373,0.925939,0
user_32388,2021-09-28 15:12:00,4,14,22,0,0,2,11,19,7,6,11,1,0,3.377689,0.894161,1.617053,2.954138,3.185292,4.311021,0.779473,0.764008,1
user_32389,2021-09-19 04:47:00,13,0,22,3,7,5,12,10,11,9,20,6,1,4.482059,3.667091,2.791561,3.382342,1.674574,0.335598,0.83656,0.907172,1
user_32390,2021-08-06 22:29:00,33,2,4,4,2,5,15,20,0,8,11,4,0,1.050604,3.540963,2.103996,2.795891,2.292516,3.761465,0.684401,0.943626,1
user_32391,2021-10-03 05:45:00,49,1,24,0,7,1,0,2,6,13,16,6,1,2.235418,1.477837,4.786537,1.508462,3.873887,3.074687,0.219451,0.967092,1
user_32392,2021-08-19 05:32:00,47,5,6,5,10,5,6,9,13,17,14,3,0,3.725959,0.508061,1.677012,3.179614,1.124862,0.569751,0.886466,0.787636,1
user_32393,2021-10-09 09:21:00,21,14,8,3,7,3,0,0,0,14,14,5,1,2.947541,0.310311,0.947382,0.461894,1.028647,0.675725,0.819197,0.739592,0
user_32394,2021-10-29 16:48:00,3,11,23,1,8,3,20,20,15,5,7,4,0,2.110997,3.293652,0.850665,4.068973,3.864806,2.611122,0.428047,0.704744,0
user_32395,2021-08-23 14:16:00,12,13,25,4,5,0,6,1,6,12,3,0,0,2.410265,1.476923,0.81205,1.515862,4.024267,0.403967,0.231583,0.844888,1
user_32396,2021-08-20 03:15:00,50,11,16,1,4,5,2,6,9,1,9,4,0,2.658008,3.407307,1.136142,3.288329,1.852058,1.013004,0.388047,0.259551,0
user_32397,2021-10-03 07:03:00,43,11,21,2,3,1,16,11,5,6,11,6,1,3.443471,0.988732,3.75951,3.33597,3.152386,4.430795,0.598181,0.289695,1
user_32398,2021-09-10 08:52:00,25,9,1,0,4,3,7,2,9,8,15,4,0,0.29258,1.967638,2.628419,0.13046,1.872326,0.730012,0.992337,0.422643,1
user_32399,2021-08-10 11:22:00,17,16,18,1,6,5,2,0,7,7,9,1,0,2.086497,1.589201,2.585443,1.894208,4.243394,0.64269,0.798616,0.806939,0
user_32400,2021-10-23 11:47:00,39,17,11,2,4,1,2,16,1,2,2,5,1,0.307538,4.988297,2.930979,4.006112,2.927437,3.579707,0.233598,0.837854,0
user_32401,2021-09-21 22:16:00,48,14,22,3,4,5,0,15,4,2,7,1,0,0.966179,2.017432,1.116914,0.879795,0.610604,1.252869,0.336773,0.381327,1
user_32402,2021-09-30 03:28:00,5,5,29,5,5,4,4,18,6,2,1,3,0,1.481881,2.527544,0.517239,2.679034,2.323794,3.035935,0.803511,0.602301,0
user_32403,2021-09-14 20:29:00,31,13,19,3,7,0,12,9,0,17,16,1,0,1.629466,4.735226,4.159467,0.214407,0.311117,1.234444,0.750808,0.625717,0
user_32404,2021-08-28 13:49:00,23,3,13,1,5,4,6,10,6,8,5,5,1,1.621866,0.153181,2.186257,1.67837,3.549027,0.987513,0.531603,0.495537,1
user_32405,2021-09-06 08:51:00,15,12,18,0,7,5,20,19,10,4,7,0,0,4.555557,1.324292,1.424371,3.06705,4.994682,1.413775,0.51866,0.294718,0
user_32406,2021-10-22 19:02:00,30,15,23,4,3,1,4,12,13,7,7,4,0,4.184605,1.471602,3.559177,2.202023,3.964734,1.872068,0.343222,0.242559,0
user_32407,2021-09-02 06:25:00,41,19,6,2,1,4,5,2,20,18,11,3,0,1.660108,2.622104,0.272275,4.824657,0.513341,3.12993,0.855665,0.780981,0
user_32408,2021-08-16 02:02:00,16,7,16,1,4,4,11,4,14,17,17,0,0,0.187793,4.467916,0.858224,4.618246,2.368501,2.128444,0.29065,0.529757,1
user_32409,2021-10-28 00:17:00,26,4,23,4,10,3,4,0,19,0,12,3,0,4.842466,1.769142,2.378657,3.521655,1.343316,3.606643,0.270718,0.737455,1
user_32410,2021-08-15 18:01:00,15,6,15,4,7,0,9,7,5,13,17,6,1,4.177926,3.794753,3.410355,0.212785,3.772534,3.006032,0.214011,0.978813,1
user_32411,2021-08-02 08:44:00,18,12,30,3,6,3,1,2,15,5,10,0,0,0.423274,1.650114,3.752686,4.387901,2.398404,0.464479,0.272462,0.22592,1
user_32412,2021-10-29 00:00:00,30,5,12,1,5,0,7,14,16,0,5,4,0,3.263094,1.840089,2.650389,2.911834,4.766832,1.987295,0.200785,0.692385,1
user_32413,2021-10-01 13:01:00,6,0,18,1,1,0,0,18,15,3,5,4,0,4.149232,3.047134,4.941386,2.883382,1.657522,2.854,0.8036,0.930093,0
user_32414,2021-09-29 20:16:00,25,20,24,0,9,1,10,16,15,0,16,2,0,1.254624,2.093321,0.974748,3.790453,0.283089,0.468246,0.212745,0.290082,0
user_32415,2021-10-21 09:22:00,13,17,10,5,10,3,1,4,20,5,16,3,0,4.210804,2.059194,3.207127,2.386301,0.209212,2.283304,0.810344,0.305832,1
user_32416,2021-10-29 09:34:00,24,1,29,0,4,5,16,9,3,2,7,4,0,2.572166,2.165618,4.370792,3.507852,4.37445,4.90628,0.484639,0.902143,1
user_32417,2021-08-03 01:46:00,45,15,3,3,7,3,6,0,19,13,4,1,0,2.175874,1.875909,3.45113,1.659929,0.463589,2.360058,0.994269,0.539876,0
user_32418,2021-10-19 04:21:00,30,4,17,1,1,2,5,8,0,7,9,1,0,3.223023,0.174643,1.217933,4.944238,2.12108,3.116768,0.378319,0.877659,1
user_32419,2021-08-24 06:00:00,22,17,20,4,1,1,18,10,11,0,11,1,0,3.241419,2.485751,4.448355,2.397948,3.784054,2.694907,0.366769,0.777949,1
user_32420,2021-10-08 09:48:00,34,6,24,1,2,1,0,7,20,14,15,4,0,3.284301,2.964271,4.738297,4.293794,1.75038,1.55934,0.445408,0.4052,0
user_32421,2021-09-08 05:23:00,15,14,25,5,6,4,11,8,13,18,17,2,0,2.634748,2.949621,0.541993,3.37894,3.034328,1.326333,0.225141,0.961216,0
user_32422,2021-10-28 08:50:00,7,10,7,5,3,0,14,6,14,9,18,3,0,4.523579,4.594391,0.749644,2.947808,2.569895,3.785035,0.243372,0.616744,0
user_32423,2021-09-08 06:46:00,25,8,1,2,10,5,13,4,17,6,0,2,0,2.402613,1.420293,3.526517,0.558095,3.662579,0.916434,0.291308,0.914375,1
user_32424,2021-10-03 03:22:00,27,14,16,4,7,1,2,15,11,5,6,6,1,3.690691,1.692645,0.602859,3.611807,1.153388,0.351512,0.806436,0.361749,1
user_32425,2021-08-02 07:45:00,23,8,8,2,0,0,10,16,7,4,4,0,0,4.91971,3.128982,1.355895,3.818401,4.987797,2.532555,0.9323,0.560297,1
user_32426,2021-10-01 13:49:00,40,8,26,0,7,5,5,15,2,9,18,4,0,0.324421,2.541621,0.136816,4.727143,3.237811,3.457641,0.34207,0.999199,1
user_32427,2021-09-30 04:14:00,50,18,20,4,8,5,13,18,20,20,3,3,0,2.182461,4.78427,1.648455,1.202054,1.421781,3.355075,0.95391,0.261721,0
user_32428,2021-10-08 14:36:00,38,3,26,0,6,1,19,12,15,10,20,4,0,2.218393,4.671758,3.911306,2.687028,4.77902,0.285711,0.799361,0.782539,1
user_32429,2021-10-20 17:58:00,31,6,1,0,2,2,10,12,12,8,2,2,0,1.633804,4.283129,4.882776,2.607766,1.776482,3.382086,0.396272,0.68278,0
user_32430,2021-08-18 01:08:00,42,9,6,1,0,4,12,17,9,10,16,2,0,2.977914,2.553307,4.172905,0.597802,0.473003,2.380975,0.385252,0.765741,1
user_32431,2021-10-23 03:09:00,14,9,19,3,6,0,11,13,15,11,12,5,1,1.888892,3.839887,2.897853,1.417559,0.452241,4.008818,0.26283,0.415947,0
user_32432,2021-09-22 00:24:00,44,15,20,1,2,3,12,18,6,3,11,2,0,2.271243,4.760931,2.151521,1.466831,2.553561,2.258628,0.996317,0.749391,0
user_32433,2021-09-15 01:09:00,10,2,19,2,6,5,9,4,3,5,11,2,0,3.023171,4.109546,0.408036,1.628741,0.224825,3.014441,0.962128,0.908217,1
user_32434,2021-09-27 00:58:00,20,19,30,3,8,0,12,12,0,10,10,0,0,4.581239,4.134097,4.849612,2.504285,4.981709,3.019733,0.767121,0.561297,0
user_32435,2021-09-30 12:06:00,13,1,8,3,7,2,2,11,18,19,0,3,0,4.348822,4.292093,2.269504,2.386351,1.01011,2.4983,0.204564,0.479065,1
user_32436,2021-09-20 17:39:00,42,15,9,2,10,1,13,4,7,7,5,0,0,2.871915,4.147377,3.758486,1.938942,3.970179,2.149043,0.411432,0.886574,1
user_32437,2021-08-30 12:36:00,49,11,11,2,3,0,17,13,9,2,5,0,0,1.200769,4.973562,3.470092,2.027733,3.68487,4.752515,0.981111,0.471405,0
user_32438,2021-08-30 21:40:00,42,10,11,5,7,2,14,14,9,17,8,0,0,4.732313,1.162289,2.69961,4.43144,4.95107,3.382628,0.8207,0.338208,1
user_32439,2021-08-15 15:33:00,2,14,12,2,5,2,4,19,7,1,8,6,1,4.203469,3.485963,1.860787,2.000283,1.616512,0.210519,0.482555,0.210415,0
user_32440,2021-09-05 04:01:00,30,1,27,1,4,0,11,12,15,13,9,6,1,0.530312,1.973707,0.762028,0.510592,2.221209,4.294382,0.888507,0.5426,1
user_32441,2021-08-02 12:28:00,47,18,19,0,5,4,6,3,0,15,4,0,0,1.757701,0.212877,4.647008,4.973748,0.421183,4.614015,0.310096,0.438622,0
user_32442,2021-09-18 10:36:00,27,8,5,5,6,5,2,7,16,19,20,5,1,4.200824,0.76313,1.324196,0.939036,3.817172,4.40223,0.362858,0.247318,0
user_32443,2021-08-18 14:00:00,29,0,28,5,6,2,1,14,16,19,0,2,0,1.423961,1.944721,0.545812,3.648402,0.853692,0.694957,0.445355,0.355115,0
user_32444,2021-09-26 02:36:00,38,13,19,4,1,4,10,7,7,2,10,6,1,1.881082,4.876955,3.803841,0.987943,2.228256,2.273099,0.627004,0.739429,1
user_32445,2021-08-31 22:41:00,42,12,8,3,5,0,10,14,2,16,16,1,0,0.681774,4.822998,1.986253,0.283954,2.367877,4.632531,0.518018,0.89343,0
user_32446,2021-10-07 16:17:00,48,4,24,4,3,0,12,3,10,0,14,3,0,0.957405,0.956311,1.29745,2.063492,2.905566,0.431331,0.836289,0.514383,1
user_32447,2021-08-11 17:14:00,43,8,13,0,10,1,18,5,8,17,9,2,0,2.963533,0.270209,3.379959,2.730683,3.327884,2.536993,0.694537,0.473086,0
user_32448,2021-10-28 13:04:00,12,11,26,3,0,2,12,4,18,10,11,3,0,1.408546,1.419901,1.272501,4.757938,1.252652,3.944478,0.993022,0.419816,1
user_32449,2021-08-17 04:52:00,11,16,18,2,1,4,3,15,18,1,8,1,0,4.346322,2.237941,2.41509,4.555192,0.633898,4.397452,0.927327,0.652981,1
user_32450,2021-08-30 02:39:00,7,20,16,3,1,4,4,13,7,10,17,0,0,1.075112,1.96803,4.408152,1.921789,4.250698,3.684263,0.704131,0.212942,0
user_32451,2021-09-20 02:00:00,36,6,14,2,1,1,9,17,7,19,1,0,0,0.439264,2.377496,2.330782,4.322452,0.410385,4.546406,0.288204,0.638361,1
user_32452,2021-08-31 12:37:00,3,12,14,3,1,5,16,9,16,8,13,1,0,1.549594,4.372049,3.360551,4.281843,1.778376,4.733133,0.885395,0.365851,1
user_32453,2021-08-04 21:39:00,9,10,11,0,3,2,18,8,17,3,10,2,0,4.095258,3.242506,0.146664,0.78984,0.466259,2.430099,0.951005,0.36127,1
user_32454,2021-10-08 21:22:00,17,12,24,0,1,1,15,11,14,11,12,4,0,4.283898,2.882964,2.246174,2.742084,3.253921,0.773396,0.375183,0.919777,0
user_32455,2021-10-03 17:47:00,43,3,7,0,1,2,1,19,11,10,18,6,1,3.398865,4.827688,4.514258,4.939072,3.094966,3.936515,0.219712,0.681248,1
user_32456,2021-09-10 06:51:00,27,10,3,0,7,4,3,15,3,0,2,4,0,3.300213,1.16835,2.617126,3.892965,3.755262,3.311144,0.27619,0.337366,1
user_32457,2021-09-20 22:41:00,43,13,19,0,8,4,4,19,17,20,14,0,0,1.695447,3.596749,0.673362,1.7787,4.520534,0.288768,0.737722,0.279118,0
user_32458,2021-08-08 18:37:00,49,3,20,3,2,1,20,20,8,16,4,6,1,3.103555,2.62012,4.212512,4.140029,3.570555,2.538418,0.431061,0.347126,1
user_32459,2021-10-15 23:37:00,16,8,15,4,4,4,4,19,2,18,16,4,0,0.748754,4.360808,3.47772,0.888569,1.897815,2.62903,0.864819,0.452107,0
user_32460,2021-09-02 22:23:00,29,14,4,4,1,3,15,6,11,19,12,3,0,3.556834,0.633748,2.77707,3.609427,1.039079,0.609683,0.516748,0.462776,0
user_32461,2021-10-24 15:32:00,11,9,24,5,0,4,1,1,0,5,19,6,1,2.440559,1.924844,1.599772,4.460685,0.802921,0.899971,0.590159,0.864847,1
user_32462,2021-08-20 19:36:00,44,2,10,3,0,3,4,2,5,10,8,4,0,4.265144,1.535226,0.765771,0.509864,2.798455,2.567511,0.510923,0.40007,1
user_32463,2021-10-05 19:27:00,6,6,7,4,2,1,17,20,10,11,19,1,0,2.787804,2.809927,1.493996,1.256106,1.731934,3.671276,0.347175,0.417558,0
user_32464,2021-10-19 21:30:00,33,16,15,1,4,4,12,16,16,0,7,1,0,4.251797,3.384646,4.75239,0.69018,2.385185,4.008846,0.988413,0.893033,0
user_32465,2021-08-16 06:12:00,30,16,14,4,2,1,5,4,1,17,1,0,0,3.02496,3.379177,2.057693,4.876273,1.507456,3.204236,0.741176,0.392801,1
user_32466,2021-10-04 01:36:00,44,3,20,1,9,5,12,16,1,11,9,0,0,1.97724,1.939944,4.958548,4.158564,0.64119,2.60128,0.512873,0.669144,1
user_32467,2021-10-26 11:07:00,27,8,10,1,1,2,20,4,20,18,12,1,0,3.636273,3.415509,2.265494,3.448669,4.27927,2.891357,0.970098,0.989129,0
user_32468,2021-09-19 10:22:00,18,19,2,2,8,3,8,12,16,12,15,6,1,3.098386,1.789171,2.341664,2.660186,2.74065,0.62648,0.761141,0.775623,1
user_32469,2021-09-12 18:25:00,19,0,11,1,8,5,9,8,18,16,2,6,1,0.573773,0.876148,4.868893,2.24517,2.882181,3.960646,0.679612,0.901703,1
user_32470,2021-09-23 08:55:00,6,12,27,4,9,0,9,3,20,8,15,3,0,3.534778,0.153912,0.534925,4.663471,3.529243,0.487981,0.669618,0.557034,0
user_32471,2021-08-05 08:17:00,3,12,22,4,2,0,7,2,4,10,14,3,0,0.530066,3.533084,3.984806,0.990573,3.656022,1.036876,0.691198,0.592908,0
user_32472,2021-08-02 10:27:00,4,2,7,0,10,5,9,15,15,5,20,0,0,1.364684,0.802289,1.898471,3.398839,3.835386,0.591605,0.21584,0.641902,0
user_32473,2021-09-25 16:44:00,1,19,28,0,3,2,6,4,12,17,14,5,1,2.702473,1.638959,4.128201,0.501234,4.29885,3.575245,0.433508,0.598227,0
user_32474,2021-09-15 14:05:00,23,3,5,1,5,2,2,10,6,13,14,2,0,2.338343,2.592455,1.596379,0.188327,3.412431,3.591248,0.865006,0.800072,1
user_32475,2021-09-25 14:19:00,5,7,11,3,0,1,8,19,1,7,17,5,1,4.558975,0.308342,0.905435,0.811208,1.981545,0.165737,0.875007,0.658685,1
user_32476,2021-08-20 21:18:00,37,0,24,2,3,4,19,20,10,4,0,4,0,4.715542,3.93271,2.184006,4.392243,4.467844,2.316922,0.405199,0.982456,0
user_32477,2021-08-21 10:04:00,6,3,14,1,7,4,5,10,14,20,18,5,1,0.72481,3.465804,1.655256,3.037594,1.391221,2.343239,0.438373,0.319228,0
user_32478,2021-10-25 22:11:00,41,19,12,5,7,2,17,20,18,16,17,0,0,2.113576,1.049155,0.246196,3.491774,3.629399,0.974044,0.225004,0.942038,1
user_32479,2021-08-14 23:44:00,47,16,19,2,5,2,5,10,12,7,6,5,1,3.837825,1.195191,2.123564,3.049055,2.108597,0.30595,0.77963,0.830076,1
user_32480,2021-08-14 02:00:00,14,6,21,1,7,5,3,19,0,3,0,5,1,4.877145,2.276036,0.62071,3.442892,4.102922,1.913451,0.75333,0.366936,1
user_32481,2021-09-02 21:04:00,39,2,3,1,10,2,4,14,5,3,20,3,0,1.304873,3.349986,0.885253,2.993553,0.79737,2.696859,0.627361,0.951225,0
user_32482,2021-09-21 07:41:00,38,1,18,5,5,3,0,2,13,14,16,1,0,0.646989,4.601622,2.239385,0.450624,3.729179,4.85331,0.440492,0.45497,1
user_32483,2021-10-16 04:04:00,34,17,21,3,9,2,20,15,6,1,13,5,1,3.527415,1.054164,0.69673,3.581345,1.706856,4.903788,0.632544,0.361508,1
user_32484,2021-08-17 10:29:00,3,19,12,4,4,3,17,0,8,5,13,1,0,1.036814,0.518245,1.921525,4.011783,4.924799,1.248297,0.29089,0.661413,1
user_32485,2021-09-04 07:51:00,17,2,23,3,5,4,7,3,10,9,14,5,1,0.870457,0.24614,1.442249,1.769115,4.309973,1.049579,0.962545,0.23243,1
user_32486,2021-08-11 09:24:00,10,5,4,1,1,4,13,18,14,20,18,2,0,1.397437,2.403449,3.403679,4.095242,3.950124,2.868858,0.857847,0.268634,1
user_32487,2021-10-24 18:33:00,24,18,12,0,0,2,10,7,16,17,19,6,1,4.231806,4.779616,2.765649,2.426775,0.750048,2.812358,0.716251,0.241524,1
user_32488,2021-08-12 21:12:00,27,16,17,5,9,1,13,6,4,18,1,3,0,3.143415,4.998437,1.51359,4.112178,3.066037,0.115926,0.586434,0.289354,0
user_32489,2021-09-09 01:30:00,13,1,21,4,10,3,9,17,4,12,13,3,0,4.904478,2.909536,0.35032,0.413443,0.313671,1.929033,0.371051,0.36787,0
user_32490,2021-08-19 16:57:00,25,12,4,0,7,3,8,5,20,13,14,3,0,2.653164,3.6441,3.453407,3.820814,2.609676,2.108261,0.391806,0.297346,1
user_32491,2021-09-15 17:09:00,1,7,14,1,1,3,6,2,8,4,8,2,0,2.445967,2.790964,0.182553,0.823209,1.462841,4.405848,0.614544,0.421244,1
user_32492,2021-09-01 09:30:00,45,14,22,3,8,2,15,12,11,13,17,2,0,0.236546,4.707203,0.194027,0.748621,4.197276,4.954858,0.840007,0.945821,1
user_32493,2021-09-30 12:18:00,5,19,26,4,6,4,7,5,0,10,14,3,0,4.412112,4.831873,2.679116,1.469833,4.454605,3.458129,0.225345,0.779687,1
user_32494,2021-09-27 21:46:00,34,15,4,4,6,0,11,11,8,16,19,0,0,2.518836,3.891649,4.903781,3.415996,2.936596,4.885258,0.400038,0.413899,1
user_32495,2021-10-28 01:27:00,29,9,25,3,8,2,5,4,15,9,17,3,0,2.676705,0.161845,2.7621,0.329357,4.76035,2.18541,0.530246,0.880871,0
user_32496,2021-08-16 12:06:00,30,8,13,3,5,0,10,12,5,12,8,0,0,1.973032,3.548671,1.213597,1.637797,4.615256,0.720731,0.338285,0.205269,1
user_32497,2021-09-14 04:02:00,46,0,28,1,3,5,2,7,11,8,6,1,0,3.86742,4.654162,3.178078,0.802963,2.118963,2.592884,0.40183,0.361581,1
user_32498,2021-09-29 11:31:00,19,3,5,4,2,4,4,13,8,1,17,2,0,0.956884,2.406331,4.471884,0.429807,1.84382,3.863144,0.217014,0.445953,1
user_32499,2021-09-27 09:34:00,29,18,18,2,8,3,18,0,14,14,19,0,0,0.92154,1.587872,2.463821,3.567438,3.191464,1.120168,0.443253,0.551225,1
user_32500,2021-10-03 17:42:00,14,19,28,5,7,4,6,17,1,1,12,6,1,2.149159,0.861518,2.47295,4.555087,2.466127,4.857087,0.201527,0.286568,1
user_32501,2021-08-01 03:54:00,25,20,20,4,2,3,13,8,15,20,13,6,1,1.422934,3.507169,2.745412,4.404823,4.758023,1.483513,0.244281,0.989569,1
user_32502,2021-10-22 07:16:00,14,12,28,4,1,4,2,3,18,14,4,4,0,4.020315,1.746288,4.850302,0.403898,4.340477,3.929294,0.827636,0.997586,1
user_32503,2021-09-25 07:03:00,26,3,4,5,6,3,1,13,15,8,10,5,1,1.272858,3.696273,0.617581,0.798315,1.306698,1.669954,0.53133,0.957206,0
user_32504,2021-08-12 11:00:00,3,16,25,0,2,2,17,9,1,13,13,3,0,3.728593,4.385928,4.715824,2.469465,3.822494,2.914987,0.295532,0.763328,1
user_32505,2021-09-04 22:56:00,26,5,21,2,6,1,6,1,13,16,0,5,1,0.856799,0.373177,4.840857,3.836031,4.553587,4.704983,0.914016,0.600498,1
user_32506,2021-09-27 04:23:00,29,7,14,1,1,0,20,20,18,15,13,0,0,4.008018,2.59493,3.920873,3.262607,3.46247,0.497206,0.353548,0.287403,0
user_32507,2021-08-12 04:03:00,17,16,21,2,3,3,12,9,5,4,19,3,0,1.55383,4.259015,4.016653,2.276886,1.492089,3.163181,0.2664,0.952126,0
user_32508,2021-08-26 06:15:00,27,17,15,0,3,1,11,14,7,4,16,3,0,4.227581,0.56275,1.919553,1.085599,3.109367,3.538611,0.27353,0.249616,0
user_32509,2021-09-08 04:33:00,31,10,24,0,0,2,3,20,17,4,7,2,0,2.042292,1.58221,1.0029,1.74134,4.31103,0.480432,0.578728,0.864641,1
user_32510,2021-10-03 06:35:00,38,10,9,5,10,4,11,6,9,20,3,6,1,2.18421,0.66609,3.716485,0.670969,2.993137,4.448052,0.267094,0.458044,0
user_32511,2021-08-04 22:30:00,50,15,28,3,4,4,6,7,3,10,7,2,0,1.237845,4.05074,3.604654,2.826452,4.144749,1.95472,0.831897,0.887075,0
user_32512,2021-09-28 21:31:00,22,12,3,5,0,5,14,6,9,16,2,1,0,3.599488,0.248636,3.342301,1.707274,4.008503,3.740779,0.40989,0.944978,0
user_32513,2021-10-21 17:58:00,34,1,15,2,2,5,1,15,2,7,10,3,0,2.391988,1.412248,3.52118,1.695007,2.472592,1.185747,0.457921,0.258682,1
user_32514,2021-09-02 22:54:00,46,12,5,0,6,4,19,19,12,18,17,3,0,0.107086,1.388011,4.648206,4.286467,0.185643,1.954161,0.215195,0.530167,0
user_32515,2021-10-26 22:40:00,50,7,23,3,4,4,11,19,6,5,12,1,0,4.843615,0.399385,2.591665,4.337453,3.961362,2.133256,0.609647,0.564574,0
user_32516,2021-08-23 00:01:00,7,5,26,3,5,4,4,20,12,0,4,0,0,3.198574,4.130924,0.138176,4.833326,2.233861,3.179309,0.92935,0.664023,0
user_32517,2021-08-11 00:59:00,19,7,7,1,6,4,17,14,19,10,15,2,0,3.621866,3.443461,0.969796,0.689388,2.757267,2.480129,0.404882,0.694578,0
user_32518,2021-10-11 11:45:00,34,15,7,0,1,0,0,7,11,7,9,0,0,3.028834,3.788864,3.78481,1.060818,0.901521,3.171739,0.320052,0.457955,0
user_32519,2021-08-08 00:41:00,20,5,26,1,4,3,7,11,0,17,6,6,1,3.026562,3.398493,1.056017,1.854336,2.419284,4.008654,0.839304,0.264866,0
user_32520,2021-08-06 23:55:00,22,11,2,3,8,1,17,6,12,4,1,4,0,2.165705,2.292559,3.69861,3.369685,1.281071,1.212926,0.358573,0.595226,1
user_32521,2021-10-15 23:07:00,17,15,3,0,10,1,8,2,20,3,15,4,0,0.417376,2.420926,4.021906,4.605642,2.830978,0.390876,0.720257,0.989653,1
user_32522,2021-08-31 01:31:00,1,20,23,1,0,0,5,0,9,1,17,1,0,0.637752,2.291397,2.190769,4.119807,3.804384,4.289146,0.703179,0.802547,1
user_32523,2021-10-09 16:53:00,30,16,18,2,9,0,19,18,13,9,6,5,1,2.144023,4.466893,1.771421,1.350999,0.887687,4.973618,0.410548,0.955363,0
user_32524,2021-09-13 08:40:00,48,2,20,5,7,3,13,3,9,6,4,0,0,3.795249,0.534677,4.54173,2.797332,4.039744,4.343849,0.419493,0.650134,1
user_32525,2021-08-25 08:03:00,24,18,23,3,7,3,19,20,8,18,16,2,0,4.200678,3.579857,4.595992,3.136965,0.788795,3.977985,0.573228,0.68272,0
user_32526,2021-09-08 06:08:00,47,15,13,2,4,1,7,13,10,9,18,2,0,4.776974,1.892735,1.3194,2.284221,2.867751,1.135643,0.610638,0.919755,1
user_32527,2021-09-04 13:11:00,6,5,1,4,7,5,2,10,2,20,18,5,1,3.801702,3.688094,4.361556,3.846689,3.343194,4.449918,0.449298,0.327531,1
user_32528,2021-08-28 09:16:00,47,7,4,4,9,5,0,4,19,12,1,5,1,2.362985,4.223796,3.937837,1.718288,1.093261,3.157752,0.422595,0.983675,0
user_32529,2021-08-28 16:03:00,29,7,15,0,2,1,19,14,13,10,7,5,1,3.666834,2.991412,3.254351,0.422889,3.677082,4.190522,0.542356,0.511203,0
user_32530,2021-09-17 06:50:00,3,0,15,4,0,2,13,15,10,13,0,4,0,0.656938,2.173196,3.021534,0.911929,2.550629,2.048617,0.750283,0.915458,0
user_32531,2021-09-07 18:16:00,40,0,2,5,0,0,0,18,11,15,8,1,0,3.049002,0.102438,2.141945,3.561248,0.234161,4.151404,0.396068,0.812191,0
user_32532,2021-09-06 12:14:00,24,11,16,2,5,3,18,6,19,12,7,0,0,3.505477,0.100335,3.268401,4.908849,1.417456,4.066671,0.637669,0.986658,0
user_32533,2021-08-01 12:30:00,37,10,8,2,7,5,3,19,19,17,2,6,1,4.54756,4.773535,4.642212,3.131566,2.288199,4.5719,0.749207,0.910303,0
user_32534,2021-08-08 18:46:00,26,16,18,4,1,2,20,1,16,18,15,6,1,1.520091,4.175021,1.140949,2.424514,2.986787,0.947187,0.251027,0.498255,0
user_32535,2021-08-03 00:25:00,36,10,5,0,9,1,6,4,3,20,1,1,0,2.856827,3.928948,3.452428,4.767235,2.685037,3.79465,0.963963,0.783881,1
user_32536,2021-10-28 15:28:00,17,19,13,5,0,0,19,17,12,10,14,3,0,4.397508,4.883258,3.22522,1.11327,0.469236,3.770334,0.924498,0.416017,0
user_32537,2021-09-28 02:59:00,35,6,12,0,1,3,13,4,0,14,9,1,0,1.835365,4.752508,2.197826,4.781739,4.166796,1.166896,0.74684,0.314168,1
user_32538,2021-09-12 03:38:00,31,16,17,5,8,3,9,9,0,0,14,6,1,4.805822,3.228052,0.119087,4.149208,1.113661,3.082011,0.211686,0.667654,1
user_32539,2021-08-03 23:53:00,19,15,18,0,8,5,8,17,8,5,19,1,0,4.601259,4.096868,4.3475,1.384006,3.025592,4.969982,0.200847,0.889369,1
user_32540,2021-09-11 22:31:00,38,9,19,2,5,2,9,6,5,6,16,5,1,2.072106,3.93861,0.766016,4.239864,2.691744,0.990388,0.573311,0.311301,0
user_32541,2021-10-01 02:41:00,4,12,22,5,6,3,10,20,10,15,19,4,0,0.707301,4.563657,3.283388,4.504502,2.599615,4.891248,0.465416,0.462108,0
user_32542,2021-09-30 17:58:00,22,3,4,0,7,5,0,20,8,2,3,3,0,4.35449,0.781221,2.383624,2.626897,2.615614,3.806724,0.423377,0.480071,1
user_32543,2021-08-21 21:13:00,23,3,7,5,6,3,7,4,4,20,7,5,1,4.48681,4.697115,0.949253,1.846778,4.147588,1.325262,0.5988,0.851224,0
user_32544,2021-09-14 10:36:00,27,9,13,1,6,1,14,8,8,2,8,1,0,1.538984,0.431332,2.126431,1.617488,3.935721,0.395485,0.674962,0.520325,1
user_32545,2021-09-17 08:02:00,37,7,17,1,3,0,11,6,0,5,1,4,0,0.430787,0.574049,2.933949,1.189085,4.153992,4.855304,0.460931,0.279183,1
user_32546,2021-09-10 04:16:00,1,3,10,2,4,2,13,17,3,5,11,4,0,1.959625,4.444258,3.601809,4.49209,4.412531,1.334739,0.2723,0.82892,1
user_32547,2021-08-02 08:10:00,22,6,29,3,8,0,6,15,6,13,17,0,0,0.620125,3.575585,1.693096,2.613448,0.706383,3.154903,0.309192,0.405989,0
user_32548,2021-10-01 20:52:00,14,18,24,5,8,0,3,3,13,6,4,4,0,0.155356,1.966062,1.574923,0.681731,4.08503,2.369146,0.268617,0.203047,0
user_32549,2021-08-18 09:55:00,18,0,24,2,3,0,13,11,11,0,16,2,0,2.994243,2.261986,4.905775,1.912124,4.228552,0.766236,0.30227,0.225848,0
user_32550,2021-09-05 01:40:00,48,19,26,0,10,5,4,5,9,3,15,6,1,2.517118,4.847916,1.618032,4.680568,3.403207,3.20143,0.703173,0.916458,1
user_32551,2021-10-23 05:29:00,11,2,1,4,3,0,17,6,16,2,0,5,1,1.42929,2.016016,1.563871,0.803195,1.997887,3.001114,0.839751,0.827602,1
user_32552,2021-08-05 02:36:00,27,0,25,0,2,2,7,5,7,5,10,3,0,4.841677,1.117412,0.742874,1.704486,3.069512,3.543247,0.751769,0.30654,0
user_32553,2021-09-12 00:42:00,44,19,18,4,0,1,0,8,2,13,13,6,1,0.453452,1.378754,0.209405,2.632768,0.558781,3.938147,0.553034,0.269229,1
user_32554,2021-09-14 10:27:00,48,12,24,4,7,2,17,14,8,19,13,1,0,2.611223,2.385639,1.505261,4.100246,4.107024,2.954808,0.250524,0.666747,1
user_32555,2021-08-25 11:44:00,15,0,21,1,0,0,5,8,14,6,0,2,0,3.960566,2.093491,4.39735,3.511031,4.746633,0.407505,0.495663,0.383336,0
user_32556,2021-08-10 19:27:00,39,16,26,3,10,5,13,20,2,15,12,1,0,3.446539,2.028912,4.803502,3.991239,1.140003,4.665788,0.569971,0.683389,1
user_32557,2021-09-03 05:41:00,42,8,30,0,4,1,17,9,11,1,11,4,0,3.48791,0.693939,3.428721,2.377297,3.423654,4.993268,0.400471,0.298794,1
user_32558,2021-09-09 03:38:00,4,7,5,4,4,3,14,19,20,7,12,3,0,4.787112,2.022565,0.863511,0.869019,4.769574,3.758064,0.494158,0.51384,1
user_32559,2021-10-09 18:46:00,12,14,28,5,9,5,0,3,9,10,17,5,1,2.982947,2.624392,1.13836,3.446916,2.241653,4.516984,0.297379,0.771405,1
user_32560,2021-10-12 09:39:00,35,16,30,3,8,2,8,8,5,15,13,1,0,0.57226,2.447656,4.54659,4.125023,2.234499,0.896045,0.700286,0.468726,0
user_32561,2021-08-05 20:52:00,8,5,2,1,8,0,16,1,5,18,13,3,0,2.539863,2.336375,0.953366,4.337342,0.689189,0.205804,0.828552,0.223731,1
user_32562,2021-08-24 05:47:00,1,20,29,1,6,0,17,19,7,15,20,1,0,0.828995,2.82072,0.281836,4.224469,4.00428,2.761933,0.556242,0.838598,1
user_32563,2021-08-23 00:05:00,41,16,16,3,10,5,17,18,3,16,10,0,0,4.846383,1.154141,0.178201,0.862566,3.084158,3.122846,0.238372,0.949065,1
user_32564,2021-10-24 00:03:00,22,6,16,1,3,1,11,10,17,14,11,6,1,2.944362,0.355504,1.543482,1.953225,2.765209,3.194593,0.262393,0.422241,0
user_32565,2021-08-02 00:28:00,11,15,5,5,6,3,3,18,1,14,6,0,0,2.050555,0.928794,1.983913,0.67771,3.964684,2.728815,0.451708,0.412215,1
user_32566,2021-09-28 09:31:00,22,0,26,4,6,1,4,14,4,4,16,1,0,4.617428,3.107917,3.337939,4.492968,0.411217,1.883496,0.259645,0.680343,1
user_32567,2021-08-17 01:09:00,48,16,7,2,5,5,3,8,11,13,6,1,0,3.202079,0.483317,3.309753,4.095459,2.936295,4.092648,0.833349,0.445178,0
user_32568,2021-10-16 03:57:00,27,8,26,0,8,0,6,7,7,1,1,5,1,3.741754,4.08902,4.305107,2.95962,1.245039,4.12218,0.217757,0.550691,0
user_32569,2021-08-04 12:06:00,5,19,5,2,5,0,15,3,3,16,1,2,0,1.169881,3.285136,1.177045,4.90062,4.543894,2.695185,0.665534,0.609116,1
user_32570,2021-08-18 04:14:00,34,9,4,5,2,2,16,18,2,6,1,2,0,0.663772,3.123469,0.52847,1.346764,3.671976,4.663115,0.877278,0.753787,0
user_32571,2021-09-23 23:11:00,20,12,19,2,8,4,7,10,14,18,5,3,0,4.551644,2.371308,4.364879,2.265261,0.280082,3.968259,0.89977,0.401101,1
user_32572,2021-09-06 08:16:00,24,2,29,4,7,5,1,8,4,8,16,0,0,2.082514,2.90054,1.932613,0.231834,3.819781,4.647145,0.637201,0.248663,1
user_32573,2021-10-07 05:08:00,46,18,12,0,5,5,1,20,1,2,15,3,0,2.894668,3.942507,2.822948,3.167993,4.813123,2.473991,0.760821,0.631744,0
user_32574,2021-09-23 13:33:00,46,20,13,3,4,4,11,19,16,11,17,3,0,2.614394,2.145018,3.107078,0.58812,1.723209,3.143037,0.628767,0.473117,1
user_32575,2021-10-15 15:17:00,18,0,24,3,2,3,4,16,17,16,0,4,0,3.621823,4.008272,0.728434,2.210321,2.04684,2.597449,0.686135,0.624263,0
user_32576,2021-08-04 18:36:00,29,19,16,4,9,3,9,11,0,0,7,2,0,4.065853,0.557944,3.311389,1.614243,2.085493,2.719089,0.519045,0.261551,1
user_32577,2021-10-16 13:19:00,26,11,8,1,4,2,17,18,10,10,5,5,1,1.344378,2.437109,2.110128,2.322159,3.350794,2.768692,0.508352,0.804774,1
user_32578,2021-10-04 04:50:00,33,5,13,0,8,3,2,13,18,17,9,0,0,4.88928,2.562671,3.130464,0.608829,4.615281,1.095099,0.997709,0.528432,1
user_32579,2021-10-03 02:01:00,37,10,27,4,7,3,2,15,5,15,1,6,1,1.871805,2.258304,0.947265,2.857222,2.304843,0.481688,0.439761,0.739115,0
user_32580,2021-08-24 03:05:00,1,19,27,3,9,4,10,0,18,4,0,1,0,4.293038,3.374029,2.49562,1.638379,0.644231,1.309856,0.405559,0.778262,1
user_32581,2021-10-17 07:38:00,26,10,21,3,5,5,12,20,9,17,7,6,1,4.714092,4.316022,4.772454,1.601202,3.15838,3.394205,0.364017,0.33192,1
user_32582,2021-10-08 02:38:00,3,13,6,4,8,4,17,10,11,6,6,4,0,1.308546,1.622266,1.705902,3.984428,4.208282,0.63007,0.533514,0.766065,0
user_32583,2021-08-04 13:29:00,41,16,3,0,8,1,7,10,14,7,4,2,0,1.846666,2.124813,1.444506,4.771581,4.704727,4.162973,0.670314,0.388355,0
user_32584,2021-08-12 13:21:00,36,12,1,5,8,3,0,3,2,8,9,3,0,0.191357,0.462278,3.937696,4.12374,0.982766,3.521633,0.510555,0.67734,1
user_32585,2021-09-01 03:08:00,13,11,13,2,7,3,0,16,18,9,6,2,0,4.886963,4.734494,4.113066,3.79204,1.973296,0.348595,0.83027,0.487325,1
user_32586,2021-10-05 01:50:00,32,15,30,5,3,1,4,10,6,1,12,1,0,0.68639,4.2542,3.955462,3.397979,3.706484,0.406907,0.824055,0.659493,0
user_32587,2021-09-08 22:53:00,45,19,7,5,6,1,7,16,9,18,10,2,0,3.733985,2.312002,2.688273,0.196359,4.737531,0.187562,0.245605,0.625779,1
user_32588,2021-09-08 16:08:00,37,9,22,0,7,0,1,12,14,0,6,2,0,4.504248,1.687823,3.399203,1.640757,2.075861,1.073381,0.92537,0.226768,1
user_32589,2021-10-24 00:02:00,11,1,10,4,1,4,9,19,13,9,10,6,1,0.916314,2.623806,1.542253,1.613709,1.250827,3.89482,0.821914,0.496479,1
user_32590,2021-08-14 18:41:00,44,13,25,0,0,1,18,20,11,9,9,5,1,0.396304,4.944212,2.53196,3.697662,3.064639,4.435645,0.390939,0.939921,1
user_32591,2021-08-07 14:22:00,17,15,26,0,4,1,3,5,14,10,20,5,1,4.154788,4.581884,3.539663,1.301101,4.916903,3.358312,0.522535,0.480653,1
user_32592,2021-09-11 19:06:00,27,0,20,5,7,3,17,7,2,4,9,5,1,2.272698,0.151403,4.301556,3.686992,4.285757,4.927465,0.79627,0.972551,1
user_32593,2021-10-10 02:56:00,9,17,5,2,5,1,19,8,10,19,2,6,1,4.130808,3.436982,2.899095,3.990357,0.780282,2.649863,0.536758,0.549488,0
user_32594,2021-10-10 07:26:00,28,6,14,0,5,1,4,20,11,4,0,6,1,0.143068,4.101933,2.327644,0.471005,4.618824,1.3992,0.466812,0.422253,0
user_32595,2021-09-25 22:26:00,26,10,6,0,5,1,15,13,4,10,8,5,1,4.39382,2.006627,4.266519,4.544696,0.20974,0.646004,0.300712,0.991265,1
user_32596,2021-08-15 09:41:00,9,11,2,3,3,1,9,1,18,14,6,6,1,4.317031,0.173198,2.294941,4.711002,1.102975,1.017503,0.773215,0.568085,1
user_32597,2021-09-28 07:11:00,42,3,26,2,9,0,9,3,17,4,12,1,0,4.292091,0.140235,4.964083,0.149086,4.996068,4.831035,0.259008,0.837474,1
user_32598,2021-10-17 04:56:00,18,11,13,3,1,4,10,3,5,20,12,6,1,2.665287,1.170727,2.427009,2.081292,3.762484,0.299768,0.867178,0.227176,1
user_32599,2021-09-23 15:18:00,7,3,4,4,8,4,4,17,20,17,0,3,0,1.018823,1.941359,3.434999,0.447621,1.252482,4.181852,0.568559,0.899535,1
user_32600,2021-08-21 00:55:00,35,0,14,1,7,1,2,17,12,17,7,5,1,2.931637,0.597738,0.845259,4.755312,1.917913,4.376323,0.483136,0.547047,0
user_32601,2021-10-27 10:53:00,41,11,17,0,9,3,9,14,12,6,12,2,0,4.796031,3.560175,4.297432,0.335557,3.845901,4.506162,0.61564,0.804313,0
user_32602,2021-09-07 07:21:00,3,20,19,4,4,0,13,12,4,14,17,1,0,0.564589,2.908181,0.54936,1.174593,3.097504,1.920902,0.491524,0.605554,0
user_32603,2021-09-02 17:22:00,37,6,2,0,6,1,14,3,8,17,6,3,0,3.260862,4.738888,4.280118,4.348571,4.208319,4.549806,0.871625,0.905601,0
user_32604,2021-10-03 16:10:00,11,4,9,1,10,5,19,16,4,18,6,6,1,4.204914,3.415677,1.694788,1.506745,4.01581,3.937709,0.760356,0.570171,1
user_32605,2021-08-18 08:50:00,11,12,3,0,1,3,6,11,4,6,16,2,0,3.121048,3.282521,3.954451,0.296396,1.592738,4.824338,0.99837,0.301836,0
user_32606,2021-09-20 00:44:00,19,7,6,2,3,3,14,13,1,0,7,0,0,1.897939,4.223317,3.811686,4.868926,1.645313,2.234305,0.489109,0.452606,1
user_32607,2021-09-30 13:12:00,23,11,30,2,1,1,1,4,16,6,7,3,0,3.122626,4.840445,4.688443,4.169502,3.474734,2.608004,0.520134,0.584117,1
user_32608,2021-10-26 10:45:00,16,11,16,5,7,0,11,14,8,15,14,1,0,4.740939,4.832545,0.106321,4.221201,2.218249,0.132815,0.708165,0.690131,0
user_32609,2021-10-09 11:54:00,18,8,21,1,7,5,5,17,6,18,5,5,1,1.195273,2.516764,1.047258,4.858773,0.97681,4.318239,0.666529,0.606083,1
user_32610,2021-09-22 13:01:00,20,16,1,4,7,0,7,11,0,0,20,2,0,0.456387,3.927109,1.44687,1.209879,2.924651,3.30313,0.576166,0.593033,0
user_32611,2021-10-09 05:32:00,23,10,16,5,4,0,14,7,20,11,12,5,1,4.779423,1.035674,4.329937,3.356328,0.212012,4.430123,0.730778,0.281385,1
user_32612,2021-10-11 20:01:00,8,12,5,0,9,5,11,4,1,4,10,0,0,3.254508,1.88013,2.641231,3.201209,2.444356,1.334602,0.772951,0.86566,0
user_32613,2021-08-09 13:58:00,42,4,17,5,6,4,14,8,14,4,11,0,0,0.290336,1.141555,1.673153,2.269538,1.507143,4.556576,0.476526,0.304796,1
user_32614,2021-08-18 23:08:00,10,5,23,3,3,0,6,8,5,12,11,2,0,1.947516,2.864775,1.40964,4.114232,1.087837,1.411203,0.283927,0.632017,1
user_32615,2021-10-01 00:48:00,10,2,19,4,2,5,4,14,1,0,1,4,0,0.853286,0.895426,4.384252,3.597498,4.654267,3.394926,0.240424,0.975727,1
user_32616,2021-10-18 14:57:00,27,1,18,3,9,4,6,2,12,10,2,0,0,2.24131,0.861184,0.493758,1.927331,3.581903,1.65066,0.596721,0.25493,1
user_32617,2021-09-19 14:36:00,2,19,7,0,8,2,14,13,20,4,10,6,1,2.031065,0.972087,1.494307,3.953409,3.602517,0.404253,0.958961,0.501261,0
user_32618,2021-08-16 14:17:00,33,19,19,3,5,3,8,5,12,12,2,0,0,3.515613,0.823891,3.323271,4.350045,0.681705,4.220149,0.734872,0.266649,1
user_32619,2021-09-19 14:30:00,34,16,1,0,4,2,4,16,14,10,7,6,1,0.980246,1.91215,3.031354,3.328108,0.500384,3.080698,0.660621,0.391662,0
user_32620,2021-09-11 13:05:00,45,19,16,5,4,0,10,8,13,10,2,5,1,4.248384,1.485163,1.621532,0.193555,2.393335,1.621187,0.642157,0.49438,1
user_32621,2021-10-21 15:58:00,7,3,21,2,4,4,11,18,18,1,0,3,0,3.909463,1.965867,3.363241,3.833588,2.720107,2.228353,0.323266,0.569423,1
user_32622,2021-08-25 09:08:00,32,18,6,1,7,5,13,7,14,7,12,2,0,4.481527,0.520685,4.54775,2.247923,1.61041,4.853333,0.350778,0.314582,0
user_32623,2021-09-15 15:36:00,23,15,11,1,1,5,18,14,8,4,9,2,0,0.145898,4.592695,2.199352,1.050358,3.077514,2.806578,0.377561,0.721146,0
user_32624,2021-08-22 08:06:00,27,4,10,5,2,4,15,1,6,12,16,6,1,3.750551,2.028783,4.406279,2.274488,2.542173,1.817598,0.99458,0.72562,1
user_32625,2021-10-01 23:38:00,19,0,10,1,3,2,19,8,5,13,15,4,0,1.376918,0.421342,0.661584,4.893469,0.728856,1.03555,0.991018,0.715456,0
user_32626,2021-08-24 01:40:00,40,17,13,5,9,1,9,1,10,4,9,1,0,0.923833,2.90438,2.208433,2.372284,2.819176,3.223443,0.623543,0.550582,0
user_32627,2021-09-16 21:55:00,12,0,26,5,10,0,2,7,1,1,17,3,0,0.926217,0.809604,3.333051,2.023376,4.048668,0.882705,0.824075,0.28642,1
user_32628,2021-09-17 04:42:00,24,5,14,2,10,2,6,15,15,10,18,4,0,4.505188,4.533315,1.477893,0.598113,0.135504,0.689557,0.49948,0.39482,0
user_32629,2021-08-08 11:07:00,39,9,14,3,0,3,9,15,8,8,11,6,1,3.142669,2.869386,0.65394,4.429936,2.197171,3.339365,0.394041,0.95742,1
user_32630,2021-08-05 04:32:00,18,16,9,2,0,5,6,17,16,3,11,3,0,3.594484,0.334349,0.510943,4.794076,1.731963,1.009184,0.64684,0.93039,1
user_32631,2021-08-11 22:20:00,25,14,25,3,6,2,14,8,17,9,11,2,0,3.538203,2.696715,0.459125,3.34705,1.996983,4.846497,0.565648,0.447028,0
user_32632,2021-10-25 01:00:00,48,0,9,5,4,4,20,12,12,14,15,0,0,4.219456,0.575589,0.935545,3.56196,2.942093,0.642366,0.632043,0.288979,0
user_32633,2021-09-26 20:24:00,7,0,10,2,6,0,1,18,17,1,3,6,1,1.663849,1.364279,1.470105,0.519724,3.699249,3.373702,0.967862,0.858183,0
user_32634,2021-10-21 02:19:00,39,17,26,1,1,2,3,15,3,20,7,3,0,0.115771,2.463628,3.171954,3.023553,4.107413,4.516862,0.661539,0.593738,0
user_32635,2021-10-10 03:55:00,30,3,13,1,6,4,8,8,12,20,1,6,1,0.73377,1.366563,2.609986,0.671321,4.46941,4.296709,0.966321,0.681759,0
user_32636,2021-10-28 23:48:00,40,10,16,3,8,2,20,7,7,9,1,3,0,3.79045,4.507154,1.209216,4.1826,1.066752,2.143446,0.527893,0.976417,1
user_32637,2021-08-31 06:58:00,30,18,24,0,8,1,2,15,2,4,6,1,0,3.541029,1.902551,2.98699,0.736485,2.885925,0.215244,0.915667,0.762803,0
user_32638,2021-08-20 21:48:00,49,10,23,5,10,1,2,1,16,2,8,4,0,1.968209,0.154583,3.596705,2.299407,0.710451,4.597629,0.915593,0.240011,0
user_32639,2021-10-08 08:39:00,26,10,20,5,1,0,8,1,13,13,11,4,0,4.137397,3.739996,2.702778,2.317039,2.180153,4.688949,0.22649,0.290263,0
user_32640,2021-10-08 14:50:00,33,17,21,5,0,2,0,13,11,17,4,4,0,0.701755,1.736124,1.794303,4.559092,0.764582,2.587647,0.326767,0.686556,0
user_32641,2021-10-08 22:37:00,1,5,8,5,8,1,20,6,7,13,20,4,0,1.089797,0.693194,3.315944,0.19939,0.218046,2.608877,0.788934,0.636347,0
user_32642,2021-09-17 07:52:00,23,12,12,4,6,5,7,10,2,16,17,4,0,0.347861,4.831634,4.056079,0.291559,4.248709,4.322787,0.978002,0.693182,0
user_32643,2021-08-26 07:31:00,42,4,13,0,5,0,17,19,0,14,11,3,0,2.422972,2.669497,0.960995,2.845112,4.817196,0.407186,0.803439,0.646569,1
user_32644,2021-09-22 20:55:00,21,1,12,5,10,0,6,17,6,14,16,2,0,2.324478,1.566697,3.112364,1.379132,2.086697,2.199875,0.957402,0.825748,0
user_32645,2021-08-24 23:18:00,28,20,9,2,3,1,18,7,5,16,17,1,0,1.762747,1.658826,3.11288,1.855953,1.139814,4.626366,0.395587,0.785978,0
user_32646,2021-09-27 09:09:00,11,2,23,5,0,5,18,5,6,8,18,0,0,1.545975,4.996108,0.270314,2.716728,3.059318,4.213936,0.21509,0.435669,0
user_32647,2021-10-10 11:37:00,42,15,23,2,3,4,18,10,12,6,19,6,1,0.22617,3.557101,3.471504,4.635784,3.046266,0.69005,0.637205,0.739853,0
user_32648,2021-09-29 17:23:00,36,18,14,0,9,5,2,5,8,0,14,2,0,3.143642,0.243993,2.624276,4.373096,4.630908,1.620033,0.292968,0.506938,0
user_32649,2021-09-07 03:03:00,21,12,6,2,5,5,16,20,14,0,3,1,0,3.944328,0.395981,1.638892,0.795587,0.677872,0.152063,0.856073,0.710164,0
user_32650,2021-10-07 12:36:00,47,20,8,2,8,3,10,6,12,2,5,3,0,2.310766,0.160114,1.769824,2.922981,3.371248,0.698555,0.673111,0.476571,1
user_32651,2021-08-26 08:08:00,7,3,3,3,10,3,7,11,1,0,7,3,0,0.717856,1.593148,4.747059,2.75885,3.940666,2.281792,0.665118,0.409787,0
user_32652,2021-09-15 20:56:00,39,15,10,0,3,4,0,11,2,17,2,2,0,3.266223,1.64246,0.983555,2.620867,0.9482,1.429023,0.982198,0.635302,0
user_32653,2021-09-22 20:59:00,27,7,20,0,8,0,4,17,4,5,8,2,0,1.023829,3.572837,0.249244,2.521405,4.26696,4.608869,0.449457,0.438247,1
user_32654,2021-08-03 19:40:00,17,16,9,0,1,5,14,3,13,0,16,1,0,1.372449,2.792498,4.695752,4.019076,0.396216,0.646304,0.280407,0.250182,0
user_32655,2021-08-17 21:52:00,21,19,9,5,7,5,17,14,11,14,1,1,0,3.41376,2.541097,2.262013,1.511997,0.752231,4.706875,0.634264,0.260708,1
user_32656,2021-08-18 16:26:00,12,7,30,5,10,0,4,1,18,17,11,2,0,3.119687,3.260583,4.602339,1.116309,3.022888,2.079425,0.343053,0.890423,0
user_32657,2021-09-28 21:03:00,43,8,26,5,2,4,6,0,13,8,7,1,0,4.812823,2.651082,2.506794,4.224249,4.362115,1.957983,0.695001,0.590909,0
user_32658,2021-10-19 09:28:00,50,10,23,2,5,5,8,15,2,12,12,1,0,1.180576,1.922532,4.551298,4.350745,1.851283,0.294264,0.236891,0.556808,1
user_32659,2021-10-07 18:39:00,1,7,8,4,0,5,6,19,7,8,13,3,0,4.691831,0.113974,1.927916,1.172156,3.646101,2.346748,0.792726,0.296887,0
user_32660,2021-10-26 15:14:00,1,19,4,5,6,4,13,6,6,7,8,1,0,3.403337,3.573792,4.457957,4.721993,2.214571,3.518896,0.731583,0.464631,0
user_32661,2021-08-21 01:27:00,20,20,29,1,3,4,5,13,18,13,4,5,1,4.95252,4.359103,4.24954,3.205673,2.906481,2.900823,0.404383,0.516798,0
user_32662,2021-08-29 16:24:00,41,9,7,3,7,0,19,15,16,4,19,6,1,4.357473,3.279008,3.969976,4.240868,0.886334,2.967723,0.848635,0.853149,1
user_32663,2021-10-10 12:53:00,34,12,30,4,4,2,8,0,12,1,13,6,1,1.819113,1.6968,0.555136,2.483266,1.766465,3.590747,0.648009,0.852862,0
user_32664,2021-09-09 01:26:00,38,11,28,2,10,0,0,20,10,19,6,3,0,0.773438,1.379616,1.160233,0.386422,2.974048,3.075452,0.805852,0.44945,1
user_32665,2021-08-04 16:56:00,21,18,25,1,10,5,8,10,2,12,5,2,0,3.667021,3.476263,2.228923,3.695349,3.249305,0.934517,0.529686,0.221167,0
user_32666,2021-08-07 20:58:00,12,18,14,5,9,1,8,7,3,7,18,5,1,0.722709,1.714221,0.971355,3.533758,2.7156,4.599352,0.498804,0.930793,0
user_32667,2021-09-29 15:29:00,15,17,18,3,10,2,11,10,4,19,0,2,0,0.339762,3.149902,0.873862,3.554472,2.926712,3.56544,0.33004,0.438671,1
user_32668,2021-09-02 22:39:00,1,12,28,1,0,2,16,4,2,14,15,3,0,0.120934,2.304915,0.317711,3.682919,1.127628,0.862053,0.730192,0.939182,0
user_32669,2021-10-11 17:32:00,33,16,21,1,0,1,3,9,17,14,5,0,0,1.395981,3.897683,3.777879,4.552074,3.544959,4.309488,0.984482,0.387618,0
user_32670,2021-09-05 06:38:00,48,20,6,5,10,0,19,6,16,16,4,6,1,3.876832,2.267202,1.050462,3.193304,4.709938,3.672197,0.455348,0.716128,0
user_32671,2021-08-08 13:44:00,40,8,21,2,3,4,15,2,9,7,7,6,1,2.096705,3.34059,4.703833,4.917849,2.536696,1.168683,0.873988,0.623463,0
user_32672,2021-09-01 14:36:00,39,10,5,3,1,3,10,1,6,13,10,2,0,4.127068,4.913849,4.462016,1.442934,2.810261,2.421097,0.229247,0.362862,1
user_32673,2021-09-17 05:51:00,21,13,29,5,8,5,19,8,17,19,13,4,0,2.13546,1.061999,0.217901,1.286522,0.771046,1.557206,0.444049,0.586582,1
user_32674,2021-10-03 18:59:00,14,18,6,3,2,0,14,12,1,1,14,6,1,3.710204,2.676254,0.335146,2.572627,2.195554,4.914985,0.83615,0.584152,0
user_32675,2021-08-18 19:43:00,46,4,19,3,3,5,7,3,18,9,4,2,0,1.790366,0.854243,2.398195,3.523827,3.245761,4.063799,0.804906,0.338231,0
user_32676,2021-09-27 07:36:00,11,3,10,0,3,1,3,10,15,19,0,0,0,4.799751,2.979006,4.895167,2.017218,4.086705,4.790085,0.420162,0.812687,0
user_32677,2021-08-13 06:45:00,44,14,25,2,10,2,12,8,2,8,12,4,0,2.282068,4.980047,1.539589,0.15255,1.986779,4.547969,0.707579,0.969946,0
user_32678,2021-10-11 06:31:00,24,8,14,2,5,4,16,16,12,2,5,0,0,1.171926,0.239626,4.819836,0.907043,0.759172,3.073471,0.269533,0.7807,1
user_32679,2021-10-03 17:06:00,42,7,3,0,4,3,15,11,4,19,8,6,1,2.660305,3.973141,1.088321,3.292837,1.332273,4.850079,0.463503,0.841762,1
user_32680,2021-09-28 14:48:00,6,3,27,2,3,0,14,17,8,17,2,1,0,1.29264,3.738317,1.882523,4.39506,3.662584,2.093124,0.79472,0.263939,0
user_32681,2021-10-13 11:02:00,5,16,27,1,8,0,14,1,20,12,19,2,0,4.829731,3.592767,2.66088,2.400529,3.203884,3.964059,0.843418,0.399335,1
user_32682,2021-09-25 00:25:00,34,0,20,4,2,4,16,15,17,9,19,5,1,2.539002,3.947288,3.149176,1.703541,3.649341,1.398294,0.686221,0.60242,0
user_32683,2021-10-24 10:52:00,5,12,24,2,7,1,16,14,4,4,14,6,1,2.847805,1.696868,4.145942,2.738718,3.408177,2.246664,0.392302,0.663713,1
user_32684,2021-08-19 04:33:00,1,8,17,5,8,4,4,11,16,1,6,3,0,4.743337,1.321478,3.331103,4.084853,2.809914,3.567798,0.588213,0.266597,0
user_32685,2021-08-07 02:42:00,12,20,27,5,5,1,19,5,20,10,3,5,1,3.677292,1.495051,4.953235,1.317282,0.18655,1.993281,0.378316,0.330452,1
user_32686,2021-10-03 22:25:00,32,18,16,3,0,1,18,13,17,5,15,6,1,1.479982,0.546083,3.01974,0.963674,3.775401,2.36475,0.253642,0.785955,1
user_32687,2021-08-17 16:08:00,9,20,30,2,0,5,0,12,20,10,18,1,0,1.768852,2.175682,3.498524,3.817233,3.512593,1.778168,0.651063,0.71274,1
user_32688,2021-10-20 23:17:00,28,17,24,1,6,1,11,16,0,20,18,2,0,4.510323,2.522267,2.797373,4.45974,3.7227,0.883779,0.531761,0.557967,1
user_32689,2021-09-26 19:03:00,41,10,13,1,5,4,2,11,18,2,3,6,1,1.410273,1.23452,3.767712,3.465369,2.49179,0.709231,0.88075,0.438302,0
user_32690,2021-10-06 15:55:00,38,1,11,0,3,0,12,8,11,17,4,2,0,2.312666,1.781686,2.438462,2.966866,2.461287,2.259192,0.94909,0.550965,0
user_32691,2021-10-26 09:53:00,42,12,16,2,6,5,9,17,5,2,15,1,0,3.221219,0.623333,4.829472,3.035348,1.502447,3.011318,0.480878,0.52517,1
user_32692,2021-09-20 16:43:00,25,15,4,0,1,3,18,4,15,18,14,0,0,3.615176,2.076342,0.467419,4.813587,3.094669,0.851087,0.977471,0.69216,0
user_32693,2021-10-05 11:30:00,21,14,18,2,3,5,5,1,1,3,1,1,0,0.941931,1.943281,4.096931,0.823114,1.054968,1.808843,0.311195,0.841022,0
user_32694,2021-08-22 14:41:00,6,5,7,0,4,1,4,8,13,12,0,6,1,0.553308,2.081702,4.136967,1.628165,2.105965,3.873171,0.48067,0.969563,1
user_32695,2021-10-06 08:37:00,30,5,1,4,2,1,17,14,18,14,9,2,0,3.818276,3.115095,1.675664,4.941075,2.313961,1.36676,0.606965,0.548258,0
user_32696,2021-08-23 05:21:00,26,4,25,1,3,0,15,7,0,20,4,0,0,2.572605,3.493104,0.935495,4.855805,3.733322,3.711527,0.593705,0.848587,0
user_32697,2021-08-03 02:14:00,8,0,4,4,0,2,11,13,15,14,16,1,0,1.930194,2.232046,3.629613,0.232942,1.934539,2.509023,0.850712,0.328432,1
user_32698,2021-10-16 12:48:00,23,2,1,5,8,4,12,7,15,17,19,5,1,4.176972,3.026007,1.385602,2.539933,1.663243,4.780472,0.349152,0.268568,0
user_32699,2021-08-18 21:23:00,50,7,20,2,0,5,6,16,19,15,19,2,0,3.200712,4.299702,0.904328,1.017253,3.919785,4.092331,0.663995,0.782626,0
user_32700,2021-08-21 06:44:00,34,19,5,5,3,2,3,9,0,15,1,5,1,1.137458,0.578058,0.95828,1.132869,4.672661,3.53577,0.632372,0.272164,1
user_32701,2021-10-10 04:05:00,28,15,19,5,4,3,4,0,17,8,9,6,1,3.066354,2.401518,4.164226,3.536545,2.502348,0.274146,0.819648,0.776354,1
user_32702,2021-10-21 08:56:00,27,0,7,1,9,0,14,6,19,19,0,3,0,2.306476,0.573931,0.899449,3.799111,1.559493,4.82055,0.711709,0.682462,0
user_32703,2021-09-05 05:58:00,40,6,1,4,6,1,15,7,17,12,17,6,1,4.491983,0.568769,2.184635,4.684535,0.963422,1.765918,0.631085,0.344155,1
user_32704,2021-09-12 06:53:00,39,3,18,3,9,4,0,17,12,15,13,6,1,3.209784,2.268589,2.312835,3.460869,0.985565,2.725713,0.552248,0.844128,0
user_32705,2021-08-24 18:49:00,7,13,17,5,7,4,9,1,19,17,4,1,0,3.327481,2.593295,1.083774,4.769173,2.401206,2.723748,0.357095,0.482757,0
user_32706,2021-08-25 02:07:00,28,13,24,2,5,5,11,11,17,6,8,2,0,4.796369,3.959324,3.232101,0.897591,3.700142,2.599412,0.471656,0.282536,0
user_32707,2021-09-11 07:33:00,25,5,18,5,1,0,20,13,8,13,16,5,1,4.276371,0.156678,0.763516,2.038691,2.394267,1.483065,0.670119,0.929185,1
user_32708,2021-09-19 04:33:00,25,1,25,2,4,3,3,18,0,3,1,6,1,4.180837,4.575624,1.332921,0.930572,2.098318,3.052563,0.627204,0.256462,0
user_32709,2021-08-08 03:20:00,24,19,29,1,6,5,3,18,3,4,19,6,1,0.240836,3.572337,4.589641,2.611372,1.178243,3.828478,0.683512,0.596791,1
user_32710,2021-10-29 21:28:00,20,5,5,1,8,2,7,6,16,13,7,4,0,0.489312,0.802482,0.504081,2.120095,4.582586,2.503171,0.484526,0.306629,1
user_32711,2021-09-03 23:08:00,22,1,9,5,9,5,17,3,5,3,6,4,0,1.814233,2.870606,0.736338,3.913609,1.769819,0.868682,0.323663,0.214514,1
user_32712,2021-08-20 14:54:00,31,12,16,0,1,5,19,20,19,5,20,4,0,3.261846,1.744825,2.249415,2.685764,0.487699,2.069642,0.817788,0.423493,1
user_32713,2021-08-06 07:01:00,32,4,27,5,10,1,14,5,19,5,1,4,0,2.674365,0.453648,2.648005,3.087996,1.459885,3.752409,0.747456,0.508068,0
user_32714,2021-09-27 11:39:00,37,20,10,0,4,1,1,4,1,4,18,0,0,1.834542,4.500706,4.940792,4.439469,2.451269,3.165257,0.94945,0.358828,1
user_32715,2021-08-05 07:54:00,17,8,2,1,6,2,12,14,20,13,17,3,0,0.929082,2.231952,0.859755,0.673992,2.951986,3.538065,0.915406,0.694747,0
user_32716,2021-09-18 18:23:00,50,19,18,4,0,4,14,16,17,18,1,5,1,4.144486,3.216346,1.454953,3.773901,0.146766,3.582889,0.508301,0.65083,1
user_32717,2021-09-17 08:32:00,30,6,30,2,7,0,6,4,3,17,3,4,0,1.345017,4.010707,3.058709,2.484233,0.194027,0.152248,0.421108,0.891874,1
user_32718,2021-08-05 02:01:00,50,13,17,0,5,5,19,7,9,1,6,3,0,3.221829,1.735699,0.14205,1.97569,2.972341,0.209532,0.645264,0.656605,0
user_32719,2021-09-08 23:30:00,30,18,26,0,0,2,18,20,9,1,12,2,0,0.439693,0.851462,4.911701,1.892156,3.478358,2.327542,0.303248,0.349684,0
user_32720,2021-09-26 09:26:00,20,12,12,4,3,0,6,12,10,19,3,6,1,1.073124,0.476024,4.562702,2.549323,1.661715,4.460706,0.522901,0.571802,0
user_32721,2021-10-15 03:11:00,4,9,11,1,8,5,17,5,11,13,19,4,0,4.788733,0.100392,4.728737,1.917162,4.447377,2.617393,0.771582,0.951934,0
user_32722,2021-09-15 18:00:00,23,3,5,0,0,2,4,19,1,7,14,2,0,1.921256,2.069112,3.327909,4.953856,2.968679,3.877658,0.441905,0.413942,0
user_32723,2021-10-15 17:22:00,4,10,17,1,5,5,20,7,0,12,14,4,0,4.706807,1.918291,4.512925,3.572684,4.070207,1.257239,0.466077,0.518957,1
user_32724,2021-09-13 19:13:00,35,12,29,4,5,1,11,10,14,12,15,0,0,3.46921,1.334244,4.009066,4.495189,3.00705,1.278234,0.973202,0.577171,1
user_32725,2021-08-30 03:35:00,48,6,24,2,0,5,10,9,13,17,16,0,0,4.618675,1.81319,1.020192,1.547716,2.328445,3.400902,0.296693,0.22457,1
user_32726,2021-09-25 11:15:00,25,10,30,0,6,0,15,18,11,3,11,5,1,3.462066,2.719884,4.475214,2.506688,2.353957,0.739242,0.61964,0.62663,1
user_32727,2021-08-01 14:09:00,38,6,2,3,8,1,1,11,19,16,15,6,1,3.626041,4.880181,1.116309,4.135582,1.226992,3.039038,0.283898,0.854898,1
user_32728,2021-08-30 09:48:00,34,18,27,4,7,0,9,2,9,10,7,0,0,4.757795,4.53676,4.211289,1.230775,2.425335,3.419393,0.736878,0.768538,0
user_32729,2021-09-28 16:55:00,4,14,26,5,0,0,0,8,20,20,6,1,0,0.906667,1.122798,4.391012,1.731951,4.735955,1.681377,0.448701,0.817765,0
user_32730,2021-10-07 00:14:00,5,19,6,2,7,4,6,14,3,8,14,3,0,0.761315,3.738242,0.824357,3.898366,3.573674,3.394565,0.72449,0.582993,1
user_32731,2021-09-17 21:46:00,43,5,6,5,9,2,14,19,1,0,5,4,0,1.624428,0.229468,0.366192,1.881531,3.862008,3.688548,0.592136,0.484566,1
user_32732,2021-09-10 21:29:00,35,11,24,0,7,0,10,16,7,4,14,4,0,4.931781,1.21646,2.906829,1.062782,4.001342,3.746732,0.537124,0.756179,0
user_32733,2021-09-27 01:00:00,18,15,21,4,7,4,15,15,19,19,10,0,0,2.166838,4.875363,2.606533,0.836138,3.13018,4.684773,0.765363,0.445832,0
user_32734,2021-10-14 08:00:00,5,14,5,1,4,0,16,7,17,3,0,3,0,1.658046,4.297643,2.513324,1.885962,4.788529,2.845138,0.680453,0.846106,1
user_32735,2021-09-06 01:02:00,28,0,24,5,2,3,18,14,8,3,0,0,0,0.700761,3.904732,4.669166,1.622583,3.830296,2.120828,0.528161,0.259751,1
user_32736,2021-08-23 20:30:00,50,8,11,4,4,0,8,9,9,0,4,0,0,2.899497,1.667587,4.319054,2.029903,4.71966,4.096159,0.966334,0.479717,1
user_32737,2021-08-25 11:02:00,1,3,20,0,6,3,16,8,11,5,8,2,0,3.294191,1.834895,1.733824,4.323052,2.210483,3.043158,0.632192,0.705126,0
user_32738,2021-09-28 23:41:00,49,16,14,1,5,0,7,20,9,0,19,1,0,0.908215,0.752823,3.581013,0.450925,4.324077,2.685495,0.640439,0.235019,0
user_32739,2021-08-04 22:15:00,40,0,3,0,4,0,6,14,18,16,7,2,0,0.279276,0.601794,0.569711,1.831025,1.882404,3.642263,0.721066,0.778931,0
user_32740,2021-10-13 20:06:00,22,18,29,2,2,4,17,10,16,14,8,2,0,2.422422,0.488462,1.038178,4.852456,4.687018,1.353738,0.410598,0.904362,0
user_32741,2021-09-15 23:37:00,36,16,1,5,10,4,11,2,16,10,11,2,0,3.113124,2.258923,2.140413,3.725171,0.513659,3.095845,0.517285,0.306076,0
user_32742,2021-08-19 06:08:00,42,14,19,4,3,4,14,2,6,9,12,3,0,1.283391,3.261635,3.342818,0.182138,3.472105,0.827326,0.49659,0.58771,0
user_32743,2021-09-26 08:14:00,31,12,25,4,10,4,11,5,18,3,5,6,1,2.527568,2.453004,3.4752,3.002815,0.231332,0.568522,0.913031,0.746227,1
user_32744,2021-09-28 18:39:00,49,5,20,3,10,1,0,5,16,15,15,1,0,0.461834,0.800193,4.489621,2.372461,0.365073,3.480786,0.763275,0.654222,1
user_32745,2021-08-17 13:32:00,28,9,12,0,2,2,2,5,0,1,6,1,0,4.890131,2.146526,1.791571,2.555823,1.051958,2.363589,0.200498,0.355626,0
user_32746,2021-09-04 19:36:00,4,18,9,1,10,4,0,7,5,5,5,5,1,3.540543,0.498774,3.826032,2.829433,3.166985,0.627797,0.419892,0.594696,0
user_32747,2021-08-09 10:29:00,48,19,23,3,9,2,6,15,0,2,15,0,0,4.172063,3.498745,0.356022,0.314531,4.196389,2.278023,0.3699,0.493172,1
user_32748,2021-10-17 17:23:00,1,14,12,1,5,3,12,12,19,7,7,6,1,1.053827,4.973722,1.340526,4.296995,4.588244,3.033528,0.493073,0.201595,0
user_32749,2021-09-28 13:47:00,50,10,2,1,6,5,10,10,0,19,18,1,0,0.32329,0.181783,4.48415,0.962692,2.071904,4.182739,0.328725,0.783227,1
user_32750,2021-09-03 22:18:00,48,2,2,4,0,0,13,19,4,1,4,4,0,2.424743,4.400884,1.674786,0.894467,1.026321,2.511745,0.725198,0.224925,1
user_32751,2021-09-15 10:09:00,31,15,27,3,4,0,11,17,5,15,4,2,0,2.031949,2.016635,1.750201,2.581272,0.27295,0.712361,0.752382,0.599163,0
user_32752,2021-09-23 13:06:00,21,0,12,0,2,1,3,13,7,2,14,3,0,2.234413,0.681138,4.674028,4.793627,2.771656,3.639691,0.388229,0.722013,1
user_32753,2021-10-02 11:16:00,49,13,30,0,1,2,4,18,11,19,8,5,1,4.939527,3.003123,0.534986,1.357637,4.376333,0.562599,0.404272,0.625133,1
user_32754,2021-08-04 21:12:00,47,8,29,3,3,5,13,18,7,14,0,2,0,4.871172,0.19775,2.507751,2.955849,1.98871,0.303338,0.549671,0.383404,0
user_32755,2021-10-17 19:32:00,28,19,16,5,10,0,10,7,18,4,20,6,1,3.005321,3.469721,3.800577,1.988125,0.567419,1.64545,0.583672,0.861104,1
user_32756,2021-10-26 23:33:00,7,13,30,5,7,3,20,10,11,2,11,1,0,0.579494,0.53301,4.553847,1.01678,0.198863,4.620712,0.957018,0.805133,1
user_32757,2021-09-07 12:11:00,25,6,29,2,6,2,19,5,19,9,16,1,0,1.220013,0.212319,0.14296,3.815182,2.706721,2.664053,0.347571,0.614956,0
user_32758,2021-08-10 08:22:00,28,10,22,0,2,5,12,18,1,14,13,1,0,1.553492,1.641793,4.857678,3.788541,4.742505,2.074547,0.721705,0.423684,0
user_32759,2021-08-30 01:05:00,3,4,8,5,6,1,13,7,20,16,15,0,0,0.996106,4.959092,1.664055,2.570366,3.503589,3.830358,0.34696,0.701581,0
user_32760,2021-09-09 04:42:00,2,2,29,5,8,4,17,8,17,3,9,3,0,1.237618,2.069136,3.069336,1.243112,0.147111,2.771542,0.209725,0.281738,1
user_32761,2021-10-29 13:59:00,25,19,23,2,1,1,16,20,19,6,8,4,0,2.364906,3.338651,4.929308,2.585938,2.050361,3.213985,0.333628,0.642563,1
user_32762,2021-09-28 18:56:00,44,18,15,0,3,1,6,19,6,0,7,1,0,2.103203,4.858914,0.640571,1.234633,1.282495,0.181272,0.818095,0.775001,1
user_32763,2021-09-21 03:38:00,38,11,15,1,7,3,20,12,18,10,5,1,0,2.166983,2.42135,0.100305,3.824787,0.867074,4.699466,0.292229,0.948942,0
user_32764,2021-08-17 13:30:00,12,6,13,4,5,4,7,20,20,14,1,1,0,4.616335,2.586982,4.589448,2.133814,4.014831,3.533294,0.516138,0.762454,0
user_32765,2021-09-10 20:44:00,14,5,7,0,1,3,2,8,2,7,10,4,0,2.268686,4.55805,4.581461,1.947141,2.057737,4.740345,0.440459,0.693288,0
user_32766,2021-08-05 12:02:00,24,11,28,5,7,4,12,14,0,8,18,3,0,2.310881,4.419418,1.4097,2.82272,4.001801,1.087013,0.230667,0.203314,1
user_32767,2021-08-08 03:07:00,41,1,16,0,5,5,18,1,2,1,3,6,1,0.734595,4.414224,4.676108,1.806234,1.677427,4.758367,0.808326,0.543665,0
user_32768,2021-09-12 12:23:00,23,15,13,1,1,1,15,20,4,4,15,6,1,3.735774,2.360813,2.570692,4.347628,4.471287,1.723945,0.861278,0.621564,0
user_32769,2021-09-14 21:23:00,2,8,20,0,9,5,19,20,2,11,8,1,0,0.728155,1.833462,2.234176,3.542455,3.357962,0.724593,0.217868,0.616814,0
user_32770,2021-10-03 13:26:00,12,2,25,5,1,4,8,9,6,5,9,6,1,2.899717,1.689339,1.045161,2.105419,0.926721,4.704908,0.869282,0.970259,1
user_32771,2021-10-09 05:45:00,1,2,28,1,8,0,0,9,19,13,15,5,1,3.172467,4.908624,1.183246,0.850447,2.947332,2.490065,0.662181,0.322558,0
user_32772,2021-08-22 14:58:00,50,16,29,2,5,2,6,14,5,12,16,6,1,4.469517,4.416929,0.155667,0.314052,4.2151,4.163013,0.368546,0.315978,1
user_32773,2021-09-18 13:45:00,1,8,21,1,3,5,15,0,4,16,16,5,1,1.132922,3.073606,0.468473,3.449736,4.627006,1.939512,0.400036,0.729579,1
user_32774,2021-08-09 12:37:00,1,16,7,4,7,3,18,19,8,8,16,0,0,0.781555,2.174101,1.174849,0.526716,0.556421,3.123081,0.528156,0.665555,0
user_32775,2021-09-07 02:57:00,1,16,8,0,9,3,2,16,7,11,1,1,0,1.077617,2.276897,3.945103,4.580621,3.55679,2.326911,0.711184,0.645417,0
user_32776,2021-09-07 03:18:00,13,10,12,4,7,1,5,17,4,16,15,1,0,1.938701,1.9332,4.416344,0.66544,4.252269,4.127867,0.7894,0.317274,0
user_32777,2021-10-02 02:07:00,5,19,1,5,5,5,9,18,17,13,11,5,1,1.039533,4.432185,1.422025,4.313801,2.069738,4.090745,0.884514,0.808439,1
user_32778,2021-09-08 02:37:00,48,1,26,2,7,2,11,7,14,0,14,2,0,2.825062,2.594704,3.455011,2.642273,1.270695,4.211275,0.817851,0.368653,0
user_32779,2021-10-10 02:39:00,34,16,28,3,7,5,0,9,20,13,16,6,1,2.698748,4.245776,3.260843,4.213642,4.441101,2.305458,0.472338,0.963813,0
user_32780,2021-08-30 03:18:00,21,16,19,0,5,1,9,0,1,14,3,0,0,0.639289,0.97556,1.608935,3.276457,1.953079,1.772015,0.950273,0.205747,1
user_32781,2021-09-26 03:24:00,49,16,28,2,4,3,18,9,7,20,8,6,1,0.110788,2.014059,1.665042,3.081929,3.261737,0.793103,0.338953,0.687583,1
user_32782,2021-10-24 20:07:00,48,0,23,1,2,5,3,8,17,7,5,6,1,4.349059,4.183031,4.121997,4.574167,2.941706,3.817783,0.831547,0.742858,1
user_32783,2021-08-02 08:29:00,36,0,6,0,6,4,16,9,14,16,12,0,0,2.092261,4.966501,3.630281,1.851743,0.940173,1.632542,0.967947,0.364483,0
user_32784,2021-08-19 20:44:00,12,17,7,2,9,1,14,0,4,1,4,3,0,1.318817,1.06511,1.661421,1.962611,3.462721,4.07039,0.76098,0.310338,0
user_32785,2021-10-02 13:46:00,39,12,14,0,10,0,9,10,12,0,3,5,1,3.335289,1.529802,4.799391,4.720885,1.6264,3.837238,0.74378,0.472637,1
user_32786,2021-09-09 14:21:00,48,9,18,1,7,5,13,16,17,10,20,3,0,0.38764,4.965213,0.805317,4.87613,0.767376,0.559969,0.763175,0.969315,0
user_32787,2021-10-20 07:14:00,1,1,2,3,3,4,12,2,19,9,0,2,0,1.72025,1.672858,1.083137,4.466039,3.73165,0.482192,0.271061,0.251769,0
user_32788,2021-10-24 21:13:00,3,8,20,0,2,5,12,19,4,14,11,6,1,1.436047,1.993768,0.175979,0.525708,1.097033,4.43859,0.804317,0.356979,0
user_32789,2021-08-24 05:57:00,15,6,29,3,9,4,3,6,16,7,0,1,0,3.828431,4.304566,3.991187,3.685836,0.713266,4.211971,0.615905,0.865599,0
user_32790,2021-10-15 05:06:00,26,19,24,3,3,0,6,6,4,12,6,4,0,1.295727,3.764003,1.367586,4.133212,0.706447,1.68371,0.928124,0.686226,0
user_32791,2021-09-16 18:49:00,8,11,6,4,8,2,4,16,18,17,17,3,0,0.428039,3.701069,4.151454,3.041083,4.373928,0.58163,0.951099,0.825263,1
user_32792,2021-09-23 13:24:00,47,10,7,3,6,5,12,7,3,9,11,3,0,1.835421,0.682258,0.399506,2.46975,1.466183,3.885757,0.939213,0.24126,1
user_32793,2021-09-29 01:05:00,5,13,2,2,5,5,11,3,11,17,5,2,0,0.780662,1.69312,3.233112,1.402809,2.357557,1.273581,0.301722,0.641669,1
user_32794,2021-10-26 08:59:00,29,14,14,5,6,5,6,2,2,19,2,1,0,0.803764,4.796792,1.538785,2.808508,2.465672,4.160652,0.615545,0.704834,0
user_32795,2021-09-25 07:26:00,42,20,30,3,5,2,1,7,20,8,0,5,1,1.739287,4.617379,0.660153,3.798868,0.457349,1.350398,0.812968,0.827307,0
user_32796,2021-08-29 21:30:00,14,16,11,3,3,0,11,15,4,15,4,6,1,4.524058,1.130684,3.081032,4.336172,3.676331,0.657103,0.210668,0.708179,0
user_32797,2021-08-24 13:21:00,44,15,22,1,3,3,6,6,10,14,9,1,0,2.83975,4.266883,1.989542,2.333805,0.506056,4.127794,0.971016,0.822648,0
user_32798,2021-08-26 06:19:00,45,13,4,0,9,4,5,13,8,15,3,3,0,0.988825,0.772546,2.42453,2.673296,3.17666,0.654341,0.447891,0.355537,0
user_32799,2021-10-28 09:44:00,49,2,2,4,0,2,7,19,3,14,17,3,0,2.376243,0.783052,1.26104,4.731207,1.271529,4.914456,0.664821,0.78853,0
user_32800,2021-08-16 08:21:00,24,14,8,1,5,4,5,1,18,6,19,0,0,3.323169,4.004122,4.262023,1.412379,4.471283,4.207593,0.513614,0.48991,1
user_32801,2021-10-19 14:33:00,42,0,15,4,8,1,6,19,8,13,7,1,0,3.200578,4.613229,3.164265,0.38814,0.198548,0.121033,0.789109,0.927474,0
user_32802,2021-08-27 00:26:00,11,10,27,2,5,0,3,18,14,9,13,4,0,1.000924,1.741333,3.606758,0.733841,3.561916,3.361468,0.279154,0.636483,0
user_32803,2021-10-24 01:02:00,38,16,14,3,0,2,18,14,18,19,13,6,1,0.996855,0.80509,3.408967,1.575774,0.362094,0.970856,0.449037,0.575444,1
user_32804,2021-10-16 23:53:00,7,4,3,1,9,5,20,1,11,6,14,5,1,3.292228,1.685156,2.354982,4.513313,2.678553,4.312088,0.57144,0.449028,1
user_32805,2021-09-16 11:47:00,13,20,2,1,7,2,12,17,4,15,10,3,0,0.326445,4.729677,2.902603,2.145504,1.6156,0.767146,0.655237,0.663494,0
user_32806,2021-10-01 12:42:00,46,16,26,0,3,3,8,3,13,17,20,4,0,0.897446,2.618528,4.746193,4.761845,2.176342,1.688532,0.527946,0.48705,0
user_32807,2021-10-27 16:53:00,3,4,27,2,10,4,4,16,1,13,3,2,0,4.01063,2.312692,1.65994,1.182323,2.261087,2.54496,0.464848,0.748914,1
user_32808,2021-08-26 07:27:00,27,16,3,5,9,1,20,20,17,4,19,3,0,4.389399,3.50039,2.667893,3.349772,1.702802,0.691756,0.536019,0.960887,0
user_32809,2021-08-04 16:54:00,48,12,10,0,7,2,8,17,13,13,17,2,0,1.343666,3.11884,2.004919,0.905682,0.181848,0.890333,0.608902,0.514242,1
user_32810,2021-10-16 06:00:00,46,13,25,1,6,0,15,4,8,18,8,5,1,4.031207,0.690319,2.73808,4.313803,0.392765,4.616186,0.376644,0.885659,0
user_32811,2021-08-17 12:52:00,22,0,30,5,10,3,8,1,8,20,15,1,0,2.83108,0.586747,2.031955,4.109679,3.534411,0.416443,0.682643,0.302411,1
user_32812,2021-10-01 22:25:00,27,2,14,3,4,2,8,5,13,7,11,4,0,1.731148,2.927929,0.282656,3.052629,0.628843,1.612616,0.998033,0.948922,1
user_32813,2021-09-09 10:45:00,12,13,8,0,3,1,13,7,19,15,10,3,0,1.796307,0.753621,3.542526,3.55065,2.952579,2.291538,0.641851,0.405961,1
user_32814,2021-08-21 09:04:00,45,10,27,5,1,0,15,4,16,1,0,5,1,1.178213,3.710115,4.932668,1.701116,0.513901,2.713789,0.369303,0.89714,0
user_32815,2021-09-10 13:37:00,24,14,6,5,1,2,3,0,0,2,15,4,0,4.811129,1.534941,1.707798,2.458945,1.59865,3.490344,0.397741,0.573742,1
user_32816,2021-09-21 04:46:00,22,20,14,3,1,5,19,8,5,7,4,1,0,0.189877,3.490168,2.321674,1.462968,3.881555,1.327845,0.753997,0.922605,0
user_32817,2021-08-01 03:05:00,47,17,27,1,2,2,4,17,9,14,0,6,1,4.274153,4.680024,0.693083,1.995301,0.141882,1.218849,0.331856,0.224119,0
user_32818,2021-09-10 00:17:00,21,8,25,0,1,0,4,16,12,0,3,4,0,4.356972,1.749495,3.570397,3.06503,4.944496,0.921701,0.838164,0.701944,0
user_32819,2021-09-29 05:59:00,6,9,19,0,8,5,4,8,20,17,15,2,0,4.238145,1.762694,0.924145,2.153635,2.558852,0.285678,0.201877,0.276843,1
user_32820,2021-08-11 09:19:00,48,20,13,0,1,1,19,11,17,15,12,2,0,1.373602,0.964253,3.2778,4.881643,3.851527,3.94256,0.924416,0.96201,0
user_32821,2021-09-02 10:13:00,47,4,4,4,8,2,0,20,2,3,7,3,0,1.41158,3.7282,0.890863,1.112073,2.476175,4.062761,0.743154,0.787616,1
user_32822,2021-09-21 03:54:00,14,16,29,2,4,4,3,11,17,16,17,1,0,3.492882,0.702633,1.459982,4.839268,1.127118,3.89952,0.259725,0.794973,0
user_32823,2021-08-14 11:16:00,23,5,5,1,3,4,17,7,18,2,18,5,1,4.81566,4.007693,0.965587,4.051062,0.556887,0.48485,0.725051,0.969721,0
user_32824,2021-08-27 10:32:00,25,10,30,4,2,0,20,0,0,5,18,4,0,2.725284,2.181158,4.630047,4.177642,1.228449,0.696143,0.925424,0.466443,1
user_32825,2021-09-26 18:41:00,6,17,12,1,0,0,15,9,10,16,0,6,1,0.843702,4.9501,4.124029,1.488048,3.997185,1.512401,0.21456,0.949101,0
user_32826,2021-10-25 03:06:00,42,19,14,4,1,0,20,5,3,14,0,0,0,0.946323,2.540538,4.258581,4.269224,0.298834,3.994581,0.393695,0.711157,0
user_32827,2021-09-12 04:02:00,34,14,7,4,0,0,13,12,0,19,9,6,1,3.373818,4.630678,2.31268,4.782987,0.614606,1.722829,0.434535,0.403483,0
user_32828,2021-08-17 08:56:00,21,7,14,0,4,3,16,14,12,12,10,1,0,3.643987,0.368539,4.142853,1.073308,2.188705,1.080444,0.701721,0.44836,1
user_32829,2021-10-29 08:26:00,35,7,2,4,5,5,5,6,8,2,20,4,0,2.001543,1.39062,3.103666,1.755317,2.349416,0.253915,0.510101,0.748354,1
user_32830,2021-09-29 02:36:00,15,18,20,5,6,2,5,12,10,20,10,2,0,4.870205,1.211587,4.057366,4.820524,1.360402,2.828594,0.93062,0.452221,0
user_32831,2021-10-26 21:29:00,40,12,20,0,3,1,6,17,6,1,17,1,0,1.430552,1.320687,3.075468,0.443214,0.29719,4.760569,0.622514,0.438634,1
user_32832,2021-08-18 13:58:00,16,16,22,5,6,1,1,8,20,16,7,2,0,2.24411,0.905213,0.300065,1.011473,3.005813,2.911407,0.350661,0.294703,0
user_32833,2021-09-21 02:52:00,2,11,11,1,3,2,20,11,15,20,20,1,0,4.992468,4.285131,1.258243,1.984905,4.822841,1.53943,0.792834,0.840159,1
user_32834,2021-10-09 02:15:00,41,17,23,4,0,0,7,11,10,2,8,5,1,2.658544,1.616607,3.267724,3.019582,1.400589,1.398483,0.842675,0.89387,0
user_32835,2021-10-21 09:53:00,3,12,23,1,0,0,2,12,11,2,14,3,0,3.177681,1.572183,2.021418,3.722662,0.863524,1.96669,0.364136,0.792969,1
user_32836,2021-08-09 14:58:00,50,5,18,2,7,4,2,13,4,13,20,0,0,1.445195,2.552311,0.747976,0.165302,4.072094,2.394176,0.775801,0.724347,1
user_32837,2021-08-09 21:06:00,6,7,25,2,1,5,7,8,17,4,0,0,0,3.396776,1.551949,1.325915,3.596401,4.378941,2.587578,0.900209,0.234294,0
user_32838,2021-08-29 22:34:00,8,0,30,5,1,3,17,19,20,11,9,6,1,0.650843,4.6683,0.384887,3.488085,1.98727,4.0851,0.406696,0.270381,0
user_32839,2021-10-20 23:25:00,43,4,3,0,6,0,17,6,6,17,6,2,0,4.176233,0.888464,3.000932,3.10611,0.639093,1.092065,0.818079,0.429915,1
user_32840,2021-08-22 10:35:00,47,2,6,5,3,5,4,7,11,2,0,6,1,2.763782,4.082348,4.901998,3.493652,4.466652,0.286166,0.934843,0.290765,1
user_32841,2021-10-22 06:44:00,45,8,14,0,3,4,20,16,17,3,13,4,0,3.682478,2.485734,2.851718,4.043369,2.502525,1.988131,0.528866,0.985189,1
user_32842,2021-08-28 11:22:00,39,0,1,5,5,0,1,13,10,20,4,5,1,0.557245,1.979757,1.04849,2.221438,1.684479,2.078521,0.454022,0.809735,0
user_32843,2021-08-23 01:59:00,21,7,25,4,1,3,8,19,20,4,2,0,0,3.582348,2.073617,1.795687,3.879995,3.557481,0.683572,0.904908,0.690077,0
user_32844,2021-08-08 16:34:00,38,13,14,2,1,5,19,2,14,12,4,6,1,3.182386,4.211619,1.660939,3.170266,3.024028,0.477636,0.927683,0.885768,1
user_32845,2021-08-07 05:54:00,15,18,14,3,2,5,8,15,15,10,6,5,1,2.472316,2.277634,4.20437,3.88465,3.925548,0.237482,0.945555,0.906335,0
user_32846,2021-10-20 22:01:00,29,3,1,2,10,5,8,7,13,8,4,2,0,1.671702,4.793131,3.715637,1.211114,3.289944,0.298553,0.53677,0.378335,1
user_32847,2021-10-08 20:49:00,21,20,18,3,10,3,1,18,20,5,7,4,0,1.83243,1.283219,0.506629,3.630232,4.391142,1.839179,0.594016,0.492252,0
user_32848,2021-09-23 06:37:00,11,20,29,0,5,5,16,17,19,12,2,3,0,3.647081,4.179032,2.731872,1.995548,0.115293,2.901572,0.244478,0.93406,1
user_32849,2021-08-28 00:01:00,36,4,6,0,3,2,11,10,15,0,1,5,1,3.212125,4.365921,1.925333,3.818647,3.415738,4.282377,0.716986,0.94473,1
user_32850,2021-08-20 17:23:00,35,5,24,5,0,0,20,3,3,12,6,4,0,3.741545,0.386049,1.934574,2.731908,2.240827,3.975052,0.672038,0.219877,0
user_32851,2021-09-06 21:17:00,46,6,23,0,10,4,8,16,14,2,12,0,0,2.087397,2.577113,2.013065,0.640004,0.726221,4.114823,0.260784,0.457728,1
user_32852,2021-10-14 01:12:00,42,10,15,2,4,5,4,16,6,20,14,3,0,3.742434,1.064804,3.20235,0.209534,4.563409,2.644796,0.378907,0.542455,1
user_32853,2021-10-18 05:52:00,17,19,24,5,7,2,12,6,19,2,11,0,0,3.614387,0.446941,1.55007,4.36998,4.720472,1.712255,0.651154,0.931451,0
user_32854,2021-09-12 09:04:00,16,11,28,0,5,0,3,8,17,11,15,6,1,3.650288,2.240159,3.534616,1.755331,3.035666,2.460457,0.566162,0.262827,0
user_32855,2021-10-14 18:37:00,50,4,17,4,6,4,5,1,7,10,20,3,0,2.687672,2.976265,1.765616,3.620851,2.659218,0.734992,0.331112,0.873732,0
user_32856,2021-09-27 06:53:00,46,17,30,4,10,4,18,11,16,4,12,0,0,2.245949,0.458811,1.322869,2.821462,3.019226,1.590318,0.94272,0.526754,0
user_32857,2021-09-04 16:33:00,27,7,8,0,10,3,2,16,12,0,18,5,1,0.861788,2.693165,2.641755,3.771916,0.330952,2.239979,0.881822,0.960341,0
user_32858,2021-09-08 23:03:00,36,1,15,4,5,3,6,20,17,9,12,2,0,3.363005,2.034059,3.101641,0.524466,0.310274,3.180656,0.736338,0.55517,0
user_32859,2021-09-09 02:54:00,26,7,26,5,8,0,12,2,19,20,11,3,0,0.634997,3.012418,1.412686,2.700527,2.048036,4.566575,0.913196,0.268456,1
user_32860,2021-08-06 08:38:00,48,20,21,1,5,1,12,7,0,7,12,4,0,4.191752,1.623027,3.752034,4.068681,2.742919,2.390437,0.265057,0.447001,1
user_32861,2021-08-31 09:43:00,10,10,2,5,1,0,0,11,7,10,1,1,0,2.039247,2.91065,1.530589,2.641969,3.359801,4.520449,0.213274,0.325234,0
user_32862,2021-09-16 07:55:00,50,11,18,3,5,1,9,12,16,19,14,3,0,4.209608,3.889921,1.640169,0.227959,1.846777,2.756369,0.694541,0.987374,0
user_32863,2021-10-08 00:12:00,32,17,29,3,5,2,19,9,9,18,13,4,0,4.663844,4.672591,4.762833,2.538051,1.564608,2.609335,0.276076,0.231414,0
user_32864,2021-08-21 06:04:00,38,12,17,5,4,3,19,8,8,14,3,5,1,4.992052,1.461492,1.350702,1.016031,2.448154,4.149821,0.556134,0.924997,0
user_32865,2021-08-29 19:35:00,7,16,29,0,6,2,18,1,0,15,1,6,1,2.203686,2.093177,4.778659,0.885797,1.122679,4.666959,0.266472,0.34149,1
user_32866,2021-09-13 20:37:00,16,1,24,4,5,2,13,18,14,10,4,0,0,2.71066,2.262686,4.614823,3.419958,3.999788,2.335311,0.303662,0.692267,0
user_32867,2021-09-12 17:30:00,17,15,5,0,9,4,5,2,9,10,20,6,1,3.965628,2.014809,3.612998,2.12528,2.802074,2.657151,0.356916,0.619733,0
user_32868,2021-10-07 08:34:00,46,19,27,3,6,1,19,13,15,19,5,3,0,3.077304,1.176088,1.595055,3.040775,4.999856,1.446532,0.441445,0.916199,0
user_32869,2021-08-13 02:15:00,4,17,20,0,0,4,2,8,17,11,5,4,0,3.123029,2.800686,3.979547,2.953835,3.235915,4.947048,0.249176,0.274705,0
user_32870,2021-10-12 23:22:00,50,15,24,1,6,0,11,1,20,4,5,1,0,0.928284,2.898941,2.520021,3.456866,4.645505,3.748479,0.587928,0.404484,1
user_32871,2021-08-17 06:50:00,16,9,27,0,3,2,14,11,13,9,0,1,0,3.109126,1.994234,1.299259,1.986144,2.01188,4.411814,0.201013,0.982129,1
user_32872,2021-10-25 20:44:00,22,6,19,5,10,5,13,3,14,12,1,0,0,4.963309,2.847237,2.153257,1.031291,2.860526,2.930112,0.976817,0.9592,0
user_32873,2021-10-10 09:21:00,20,10,16,2,7,3,2,7,8,8,8,6,1,0.69811,4.337795,1.554787,4.813632,3.776462,2.686112,0.733958,0.366904,1
user_32874,2021-09-02 05:28:00,24,3,26,4,3,0,4,14,9,19,4,3,0,4.588739,4.564668,4.100419,1.289039,3.459912,0.643182,0.533322,0.535391,0
user_32875,2021-08-10 13:10:00,20,16,21,3,8,0,17,18,11,1,19,1,0,0.530127,2.085334,3.125466,0.366381,0.226928,2.910622,0.907197,0.494988,0
user_32876,2021-08-08 17:10:00,23,16,14,3,4,0,16,16,12,6,12,6,1,1.138674,0.721266,1.089621,1.820949,0.31009,3.357569,0.792036,0.337875,0
user_32877,2021-09-13 16:01:00,48,10,18,3,8,1,19,9,13,12,5,0,0,0.100166,4.394529,1.067417,2.228301,1.373757,1.561085,0.7894,0.613415,0
user_32878,2021-09-02 00:58:00,15,13,28,2,1,5,0,19,4,18,19,3,0,1.91244,1.212198,1.052639,2.356343,0.56394,2.017239,0.963044,0.566149,0
user_32879,2021-08-22 22:20:00,37,12,13,3,2,1,0,6,9,2,10,6,1,0.651373,0.625777,1.463277,3.629924,0.762128,3.493955,0.403746,0.245572,1
user_32880,2021-08-09 13:15:00,48,19,12,4,2,2,0,13,0,17,12,0,0,1.777728,3.532192,3.565,2.543621,2.664543,3.303127,0.236705,0.98152,1
user_32881,2021-10-16 11:30:00,34,14,3,4,10,1,18,8,17,6,6,5,1,2.454791,1.280409,1.731291,4.138403,1.795866,1.637823,0.970531,0.842376,0
user_32882,2021-08-28 20:26:00,44,11,27,4,10,1,19,12,13,12,0,5,1,4.857606,3.496095,2.502164,0.201025,1.165502,3.762552,0.771303,0.910435,0
user_32883,2021-10-26 17:47:00,30,0,9,3,0,5,11,18,3,5,5,1,0,2.163235,2.572541,4.404278,0.9269,0.862644,1.080852,0.819688,0.399757,1
user_32884,2021-08-20 13:24:00,35,4,20,0,2,0,12,11,17,1,12,4,0,4.742001,3.152233,1.121846,4.281909,2.127992,4.738182,0.95543,0.32062,0
user_32885,2021-08-29 23:04:00,7,4,29,5,7,1,19,7,16,11,3,6,1,1.876057,1.436614,3.464655,0.973242,2.117038,3.989445,0.681993,0.690344,1
user_32886,2021-09-12 12:12:00,35,9,28,1,10,0,7,6,2,20,0,6,1,4.559974,3.858364,3.464721,3.990513,1.59258,4.058701,0.798657,0.670022,1
user_32887,2021-10-27 15:37:00,40,11,27,3,1,4,8,18,1,16,14,2,0,1.552436,4.680244,4.14264,4.25802,2.485752,2.500101,0.915363,0.453691,0
user_32888,2021-09-25 22:31:00,42,12,13,1,7,0,15,6,7,8,18,5,1,3.3738,2.361303,1.517547,3.708918,4.264633,1.436551,0.71908,0.974742,1
user_32889,2021-10-13 01:26:00,13,7,26,2,5,3,17,20,10,8,9,2,0,4.310102,4.835793,4.197629,3.753433,0.934782,2.923026,0.942632,0.633766,0
user_32890,2021-10-08 15:09:00,9,9,3,3,4,0,15,12,7,6,15,4,0,0.145955,3.94936,4.493983,1.023,4.488624,0.619484,0.344485,0.270452,0
user_32891,2021-09-02 21:13:00,26,8,11,2,4,0,9,3,14,17,10,3,0,4.377399,2.219974,0.462028,3.274082,1.764308,0.459358,0.423788,0.74952,1
user_32892,2021-08-27 21:35:00,9,16,6,3,2,3,14,7,18,11,17,4,0,1.530389,0.58786,3.718382,1.615325,0.915057,4.23936,0.387664,0.749898,1
user_32893,2021-08-23 09:37:00,16,12,13,1,8,0,18,16,2,14,15,0,0,3.220631,1.832599,0.620402,3.760713,1.194839,1.889803,0.523515,0.217782,0
user_32894,2021-09-09 17:50:00,13,1,13,2,9,3,7,1,19,5,8,3,0,4.499197,4.207518,0.108077,1.3844,3.815099,0.291041,0.631146,0.519053,0
user_32895,2021-08-30 20:33:00,6,0,3,3,10,0,6,15,20,0,4,0,0,0.440207,1.91126,0.301248,2.424979,0.681103,3.772025,0.613809,0.211121,0
user_32896,2021-09-23 23:45:00,1,15,24,0,8,2,8,20,2,14,13,3,0,3.118733,3.932936,3.69706,4.549423,1.989833,3.887834,0.745795,0.374964,0
user_32897,2021-09-27 04:46:00,21,20,25,1,0,2,8,15,5,14,17,0,0,0.62117,0.844478,3.76517,0.59151,1.50745,0.276178,0.63037,0.726266,0
user_32898,2021-09-09 13:20:00,40,8,18,3,10,3,17,19,9,18,7,3,0,1.73807,1.32602,0.333857,1.479226,3.260167,4.705265,0.625499,0.516919,1
user_32899,2021-10-16 00:18:00,21,15,22,5,7,2,14,15,11,5,4,5,1,3.153392,3.472471,4.861811,1.590304,4.593761,4.862218,0.614735,0.329065,0
user_32900,2021-09-18 07:18:00,6,6,26,5,6,3,15,2,17,13,18,5,1,0.41555,3.345233,1.131776,1.024163,0.38163,3.572877,0.667065,0.607123,0
user_32901,2021-09-14 13:31:00,13,15,25,3,10,2,3,0,20,0,9,1,0,4.940169,3.075517,2.866953,0.870764,2.226301,4.808897,0.33073,0.627092,0
user_32902,2021-10-25 09:06:00,49,16,26,4,2,2,13,16,0,1,14,0,0,4.32106,2.849845,3.487578,0.316307,4.5525,3.311089,0.531605,0.854774,1
user_32903,2021-10-12 02:12:00,35,7,18,3,5,2,1,2,3,14,18,1,0,3.103071,2.442354,3.421539,3.914162,1.973343,0.581011,0.999216,0.817155,1
user_32904,2021-10-15 11:14:00,49,0,7,0,10,2,13,1,20,4,4,4,0,4.900572,3.919671,1.644516,3.256331,4.634587,1.247206,0.872686,0.320831,0
user_32905,2021-09-07 07:41:00,13,3,14,4,9,3,19,9,10,4,14,1,0,1.430644,1.105455,0.659971,0.38187,2.07608,1.42525,0.922192,0.653837,1
user_32906,2021-08-01 07:45:00,13,2,3,1,6,2,19,13,20,15,8,6,1,2.142771,1.825743,2.476228,4.11765,1.066446,2.141175,0.774547,0.441049,0
user_32907,2021-08-21 05:49:00,44,15,17,1,7,3,0,8,0,9,2,5,1,0.462821,2.302867,0.840592,1.548791,3.342648,2.433029,0.741771,0.707161,1
user_32908,2021-08-10 11:58:00,30,14,26,2,5,2,17,14,17,1,4,1,0,4.804627,2.055707,1.206552,0.210888,3.975351,2.647272,0.585944,0.81076,0
user_32909,2021-09-23 02:41:00,39,4,11,5,0,0,14,8,1,4,19,3,0,1.380012,4.8512,2.388044,1.888948,0.745333,2.220937,0.814526,0.414574,0
user_32910,2021-08-10 05:31:00,40,10,10,4,3,5,13,14,18,1,19,1,0,0.466082,1.170778,2.579598,1.989101,2.801341,4.38393,0.462503,0.901058,1
user_32911,2021-10-08 14:27:00,46,5,23,5,8,4,9,15,12,16,16,4,0,4.438102,0.279332,1.510059,0.790294,0.304138,4.24097,0.262603,0.921225,0
user_32912,2021-09-19 10:29:00,9,11,13,3,5,1,8,16,17,0,20,6,1,0.711125,2.829107,2.550456,3.25458,1.991228,4.713096,0.914133,0.921815,1
user_32913,2021-09-13 02:01:00,49,5,17,2,7,3,11,14,11,11,15,0,0,2.171993,1.60901,1.95061,2.502078,1.875997,0.289038,0.488296,0.588324,1
user_32914,2021-10-17 14:38:00,33,9,28,3,7,5,17,11,19,12,2,6,1,1.337602,1.798709,4.484641,3.488263,3.15152,2.026971,0.242609,0.401405,0
user_32915,2021-09-24 15:39:00,5,8,18,2,5,5,1,0,5,0,10,4,0,2.353453,4.102736,1.227789,0.6888,4.360051,0.512004,0.414652,0.261844,0
user_32916,2021-10-04 23:14:00,21,0,7,0,2,0,8,19,17,19,20,0,0,2.152284,2.09185,2.31764,4.839707,4.609374,3.146103,0.571555,0.779336,1
user_32917,2021-09-02 20:10:00,45,12,23,5,2,0,16,12,10,16,8,3,0,0.594393,2.279123,1.918745,4.205316,3.778039,1.760885,0.23539,0.613961,1
user_32918,2021-10-03 19:08:00,14,15,14,0,6,3,13,1,15,10,4,6,1,3.295368,4.085478,4.747472,4.729848,1.815776,1.245019,0.436659,0.649748,0
user_32919,2021-08-08 22:27:00,22,17,10,1,8,1,10,20,20,18,19,6,1,1.774002,3.655706,3.556678,1.240357,4.961811,3.196959,0.242145,0.953453,0
user_32920,2021-10-03 07:48:00,27,11,15,5,10,3,6,2,10,14,17,6,1,2.321597,2.334999,4.937593,1.973465,1.381994,0.584032,0.570642,0.371521,0
user_32921,2021-09-15 15:13:00,48,6,19,4,1,3,13,8,10,3,16,2,0,0.831469,3.64056,0.452541,0.144112,0.736187,0.557102,0.759482,0.82162,1
user_32922,2021-10-28 10:38:00,6,14,19,4,8,4,11,5,6,9,2,3,0,0.712367,2.604368,4.262847,0.991947,3.13902,0.890656,0.728856,0.780189,0
user_32923,2021-10-20 20:51:00,3,20,12,4,0,2,7,20,16,19,16,2,0,0.739576,1.736372,2.080876,0.685487,2.594712,3.957661,0.571845,0.745305,1
user_32924,2021-08-12 13:21:00,20,11,7,4,9,1,15,8,6,14,0,3,0,4.637483,0.362701,2.536449,0.430426,2.14071,0.247267,0.431447,0.238423,0
user_32925,2021-08-12 05:19:00,19,14,4,4,8,1,15,1,7,19,12,3,0,2.212886,0.375837,1.683627,3.818488,1.875933,1.992147,0.500848,0.901167,1
user_32926,2021-08-06 05:40:00,12,17,2,4,2,3,2,11,7,17,14,4,0,4.788627,1.624048,1.443551,2.912773,2.034864,0.386088,0.733329,0.749894,1
user_32927,2021-09-27 08:56:00,12,7,15,2,6,3,1,10,1,14,19,0,0,1.612111,4.966142,4.475951,3.014051,4.009913,1.391133,0.463384,0.510975,0
user_32928,2021-08-22 01:25:00,40,10,23,2,9,5,1,6,8,17,11,6,1,3.593318,1.634682,0.326998,4.618049,3.447277,0.220684,0.917391,0.53207,0
user_32929,2021-08-06 22:27:00,1,10,9,3,4,5,20,20,16,2,2,4,0,3.437436,4.613559,3.216882,4.720531,0.21388,3.385569,0.767603,0.895617,1
user_32930,2021-08-02 21:25:00,36,5,5,4,1,0,1,3,5,14,5,0,0,4.879452,1.790951,1.091265,1.09764,0.972463,3.112626,0.498313,0.546636,0
user_32931,2021-08-22 22:21:00,41,18,24,3,2,1,14,7,20,19,15,6,1,1.594408,1.260811,1.395955,4.508131,3.671559,2.319782,0.288772,0.95323,1
user_32932,2021-09-02 05:58:00,5,9,5,0,6,1,17,19,7,16,8,3,0,1.76695,3.197775,4.544549,3.45915,1.749775,2.823943,0.910207,0.306197,1
user_32933,2021-10-10 12:27:00,5,13,19,3,2,4,18,17,15,6,8,6,1,0.202131,3.489084,4.997808,3.637574,3.371747,3.26118,0.891377,0.309819,1
user_32934,2021-08-20 17:13:00,50,4,10,1,6,0,6,10,4,11,4,4,0,0.585828,2.498296,3.124246,1.828364,1.538171,2.779608,0.880856,0.594824,1
user_32935,2021-10-08 06:03:00,39,6,8,5,9,1,9,11,16,8,4,4,0,0.236862,0.937389,4.99833,1.842545,0.109272,3.753898,0.671132,0.288834,1
user_32936,2021-08-11 13:29:00,22,4,21,0,9,0,16,1,14,3,15,2,0,3.801312,2.768194,2.266937,4.058457,0.816171,1.880615,0.790377,0.219729,0
user_32937,2021-08-30 15:15:00,10,14,27,4,5,2,6,18,6,0,19,0,0,1.821962,3.715709,3.662142,4.524578,3.17434,0.266311,0.433796,0.686651,0
user_32938,2021-08-14 00:37:00,37,8,6,2,3,4,13,5,1,4,17,5,1,3.065345,3.742951,0.690395,4.685845,0.357432,0.66113,0.266971,0.945284,1
user_32939,2021-08-03 13:15:00,30,17,10,0,9,5,18,12,0,2,7,1,0,3.038358,3.410847,4.775065,4.917722,4.482309,0.940322,0.33371,0.696457,1
user_32940,2021-10-02 19:30:00,14,17,28,3,0,2,5,13,17,9,2,5,1,1.969183,2.867935,2.302188,2.377015,3.869713,0.644138,0.952519,0.565654,1
user_32941,2021-08-01 04:50:00,44,9,3,2,3,3,2,6,19,13,9,6,1,0.639335,4.689917,4.344677,4.679723,2.259073,3.175201,0.344833,0.913166,0
user_32942,2021-09-15 07:03:00,2,3,20,0,3,0,19,3,10,13,1,2,0,3.863135,0.655574,2.908059,0.40204,0.830336,1.967283,0.305542,0.403528,0
user_32943,2021-09-02 22:32:00,12,6,6,2,3,0,4,13,3,17,0,3,0,0.575437,1.564549,3.106553,1.285407,1.652877,1.481724,0.767447,0.722297,1
user_32944,2021-08-11 13:24:00,46,8,25,1,0,5,3,8,2,7,18,2,0,3.833939,4.213189,2.654395,2.062384,4.030752,2.915894,0.60056,0.793129,0
user_32945,2021-09-15 07:12:00,27,8,27,5,5,0,13,5,20,17,9,2,0,3.503815,0.506523,2.327093,4.374624,2.302095,1.444145,0.297535,0.484772,0
user_32946,2021-10-01 15:09:00,45,5,3,1,5,5,18,12,20,18,6,4,0,1.924706,2.725423,0.981511,1.936509,3.560688,4.302768,0.478014,0.891128,1
user_32947,2021-09-05 05:26:00,25,4,13,0,4,2,7,10,7,18,6,6,1,3.639293,4.179192,1.28621,0.401647,0.155585,4.062108,0.429463,0.240872,1
user_32948,2021-10-20 14:29:00,5,15,4,3,6,0,11,12,12,10,12,2,0,4.48353,2.431038,0.157538,2.148676,0.918929,3.093944,0.687762,0.386091,1
user_32949,2021-09-27 23:42:00,49,4,27,5,10,5,10,13,15,5,16,0,0,1.808857,2.44095,1.501796,2.348504,1.144241,0.236488,0.614417,0.956596,1
user_32950,2021-09-04 12:29:00,22,5,13,0,0,4,13,2,20,15,0,5,1,2.932885,2.766998,1.947202,4.107501,1.735052,1.681406,0.766018,0.85556,1
user_32951,2021-10-06 12:16:00,11,0,9,2,8,1,13,5,8,6,7,2,0,4.83631,1.870814,4.229655,1.828997,0.71733,3.226221,0.274528,0.289977,0
user_32952,2021-09-07 18:47:00,38,3,14,1,2,2,20,4,2,17,8,1,0,1.253861,0.699513,0.15765,2.136984,0.61563,1.763835,0.340122,0.742664,1
user_32953,2021-08-08 14:27:00,7,2,10,3,0,2,11,14,19,20,9,6,1,4.290968,1.128661,4.735014,3.06914,1.66005,1.631942,0.641183,0.297628,1
user_32954,2021-09-07 00:04:00,38,16,20,3,8,5,9,18,8,13,6,1,0,4.062511,2.08632,3.296146,4.396885,2.311543,3.259004,0.328526,0.829341,0
user_32955,2021-10-14 11:46:00,5,20,20,1,9,3,9,1,5,11,8,3,0,2.161009,3.434459,0.732051,2.349208,1.497008,4.572776,0.560072,0.642773,1
user_32956,2021-08-09 10:18:00,40,20,7,4,3,0,3,11,12,1,5,0,0,1.999293,1.2302,4.124751,3.810214,1.150901,1.472471,0.485557,0.847767,0
user_32957,2021-10-05 18:19:00,8,7,20,4,6,4,5,17,8,20,8,1,0,4.611618,2.673134,4.958631,1.911126,4.247626,4.034526,0.719332,0.652662,1
user_32958,2021-10-17 22:48:00,40,0,13,2,3,0,20,0,3,8,8,6,1,4.378094,2.836184,3.256767,3.122861,4.891262,2.324096,0.820904,0.752876,1
user_32959,2021-09-04 23:27:00,2,19,11,0,4,0,20,19,9,10,0,5,1,2.339541,2.552339,1.09269,4.524237,1.18242,3.206891,0.444629,0.51969,0
user_32960,2021-09-12 17:41:00,23,10,16,3,3,1,18,20,11,6,14,6,1,3.758907,0.656489,2.625256,3.756288,3.07929,4.429657,0.242217,0.272642,1
user_32961,2021-08-18 19:35:00,33,11,27,3,2,0,20,2,16,11,20,2,0,3.868063,0.2604,4.511386,4.679805,1.149476,0.122875,0.838969,0.316698,0
user_32962,2021-10-11 09:11:00,40,1,14,5,3,0,15,14,12,1,20,0,0,1.312903,0.169148,4.594293,4.810019,0.205446,0.526427,0.903912,0.741024,1
user_32963,2021-08-05 21:54:00,45,7,24,4,5,0,2,12,20,19,3,3,0,2.241724,1.694668,3.6958,4.481407,1.524198,3.143935,0.839319,0.859479,0
user_32964,2021-10-04 09:44:00,43,6,23,1,7,5,14,12,20,0,3,0,0,0.560755,3.986451,3.13201,1.741822,3.205697,3.28323,0.906031,0.537067,1
user_32965,2021-08-20 04:07:00,15,20,15,4,7,4,13,17,0,1,16,4,0,2.930039,1.728623,0.952067,1.777169,0.202504,2.528628,0.586477,0.200582,1
user_32966,2021-09-25 07:18:00,29,1,6,4,6,0,11,9,13,6,19,5,1,1.824156,0.888699,2.224701,0.71858,1.401669,0.143846,0.373823,0.630946,1
user_32967,2021-10-03 19:53:00,30,13,13,0,0,4,9,3,13,17,10,6,1,1.093916,3.38052,1.204332,0.305324,0.469496,1.770032,0.882261,0.995386,0
user_32968,2021-09-21 05:12:00,41,0,20,2,8,4,13,10,1,20,2,1,0,3.197008,0.696696,0.274912,1.255662,3.391365,1.747133,0.85918,0.946017,0
user_32969,2021-08-10 02:43:00,17,0,9,4,1,2,14,16,11,13,7,1,0,2.624614,2.66033,3.510532,2.888356,2.128108,4.158971,0.560026,0.342283,1
user_32970,2021-10-04 06:31:00,10,9,9,3,2,5,14,16,10,11,9,0,0,0.329603,2.041534,2.662851,0.568805,0.338987,3.391298,0.560377,0.834426,1
user_32971,2021-10-07 06:55:00,24,10,19,2,2,0,0,13,10,14,18,3,0,1.987786,0.391714,1.883705,1.545033,3.418606,1.601258,0.365128,0.415636,1
user_32972,2021-10-06 07:47:00,18,10,25,2,1,1,6,20,20,6,17,2,0,2.295453,4.614219,2.60853,3.361179,1.960886,4.948483,0.518761,0.390365,1
user_32973,2021-10-12 18:37:00,32,13,3,4,1,0,7,7,9,0,17,1,0,0.68075,0.713425,1.565885,2.390978,2.757206,4.611889,0.916831,0.957531,1
user_32974,2021-09-15 20:20:00,28,12,11,0,2,5,1,9,9,5,2,2,0,1.023807,3.85199,1.979969,3.153097,4.72327,0.522435,0.680179,0.934515,1
user_32975,2021-10-04 20:57:00,31,7,26,0,0,0,1,15,2,0,15,0,0,3.691842,2.80936,4.538768,4.495439,4.886906,4.340609,0.664734,0.748387,0
user_32976,2021-08-07 01:01:00,18,14,6,1,8,0,12,13,8,6,18,5,1,1.555931,2.994338,0.870041,2.68297,0.490568,4.83898,0.424715,0.847076,1
user_32977,2021-08-16 20:18:00,20,9,16,5,2,5,7,7,10,14,1,0,0,4.339858,3.52379,4.218164,3.119747,1.224733,4.682434,0.625557,0.436061,1
user_32978,2021-08-03 14:56:00,17,11,19,5,8,1,14,5,12,5,0,1,0,1.370935,1.366553,3.464683,2.73708,3.269788,2.130098,0.599319,0.207952,0
user_32979,2021-09-05 13:54:00,41,20,18,4,0,5,1,10,3,0,3,6,1,1.710047,1.654119,0.828483,4.711592,0.413678,2.768717,0.458542,0.650876,1
user_32980,2021-10-28 12:44:00,22,0,12,0,10,5,20,18,1,9,13,3,0,0.399958,3.871953,4.289527,1.185772,0.855731,4.68145,0.46282,0.928173,0
user_32981,2021-10-22 02:46:00,47,20,2,4,5,1,9,4,9,16,10,4,0,1.661885,1.678366,3.070179,3.011001,1.517961,0.97115,0.922107,0.331087,1
user_32982,2021-08-16 16:47:00,11,11,21,0,8,0,6,12,11,3,9,0,0,1.761766,2.125804,0.842001,2.749495,0.975693,0.88268,0.381364,0.603086,0
user_32983,2021-10-28 04:15:00,35,6,17,5,2,4,16,7,4,5,16,3,0,0.128403,2.052234,3.643861,3.207569,4.446522,2.680197,0.299432,0.933926,1
user_32984,2021-10-12 23:23:00,13,3,20,0,6,2,16,18,7,19,8,1,0,1.972039,0.132854,1.060458,4.344778,3.104977,3.017114,0.315706,0.549518,0
user_32985,2021-09-30 18:49:00,5,9,18,3,9,2,11,3,10,15,16,3,0,0.756334,0.404802,3.556113,2.393344,0.593052,4.981093,0.954763,0.572166,1
user_32986,2021-08-11 10:43:00,6,2,20,0,8,1,16,20,6,10,5,2,0,2.773685,0.813877,3.477426,2.74388,4.982315,0.386654,0.45492,0.757024,1
user_32987,2021-08-22 06:04:00,3,4,7,5,2,0,7,8,15,15,14,6,1,0.995328,1.787513,0.612701,1.392782,1.462722,4.43566,0.956475,0.477969,0
user_32988,2021-10-23 09:06:00,18,8,17,4,10,0,1,6,9,7,7,5,1,3.800613,4.079948,4.739016,2.777266,2.752088,1.389223,0.396945,0.398057,0
user_32989,2021-08-03 19:54:00,7,17,30,0,6,0,20,9,13,16,15,1,0,3.236649,3.459777,3.671511,0.254833,2.308863,2.405766,0.271603,0.80135,1
user_32990,2021-09-18 17:53:00,11,12,16,3,6,1,10,6,8,18,18,5,1,3.964791,2.436408,4.105187,4.382216,3.67335,2.628798,0.241906,0.964917,1
user_32991,2021-09-06 18:22:00,44,9,29,2,10,1,20,17,12,20,3,0,0,3.373299,1.675839,4.621628,0.113248,4.148372,3.817953,0.483194,0.308683,1
user_32992,2021-08-06 22:28:00,34,5,23,2,9,0,15,9,12,17,18,4,0,1.321315,0.913989,0.735609,2.612337,3.997365,4.958817,0.566538,0.426527,0
user_32993,2021-08-26 09:24:00,18,1,7,1,8,4,15,6,19,16,0,3,0,1.574391,1.348169,2.489281,3.133842,4.642399,2.30696,0.215412,0.557748,1
user_32994,2021-08-13 10:13:00,49,6,20,4,9,2,8,19,6,7,4,4,0,2.471547,3.5016,0.411912,1.332461,1.969207,1.480828,0.640066,0.391105,0
user_32995,2021-08-11 04:18:00,32,14,15,1,9,5,0,18,10,10,16,2,0,2.607064,4.674848,0.436547,3.711019,1.662751,1.573139,0.365142,0.790824,1
user_32996,2021-09-14 19:54:00,47,3,24,2,3,2,13,20,6,10,7,1,0,2.367302,0.745034,3.738553,1.784115,1.260888,2.059759,0.891953,0.736569,1
user_32997,2021-09-28 14:19:00,26,19,22,5,0,2,3,0,11,10,5,1,0,1.367591,0.85744,4.422419,0.194502,4.647488,0.177666,0.499513,0.696275,1
user_32998,2021-08-15 23:11:00,43,15,30,1,1,4,10,19,10,15,9,6,1,1.732024,4.654612,3.531845,4.449765,3.374773,4.132162,0.280669,0.458496,0
user_32999,2021-09-03 20:35:00,1,12,14,4,2,2,19,14,4,3,16,4,0,3.131869,3.811326,4.366735,4.891705,0.763894,0.371529,0.751274,0.444253,1
user_33000,2021-10-13 23:31:00,33,20,10,5,1,3,19,12,17,12,11,2,0,4.544137,1.932831,0.455356,3.58863,3.483533,2.801099,0.238741,0.793641,1
user_33001,2021-10-26 06:54:00,23,10,27,3,7,1,12,13,9,14,0,1,0,1.240177,2.166014,2.500216,2.49373,2.450185,4.154615,0.299038,0.677459,0
user_33002,2021-08-14 23:14:00,1,8,10,2,3,1,8,0,16,15,5,5,1,4.777199,4.443768,3.59741,2.946033,3.670734,0.322111,0.957265,0.239637,0
user_33003,2021-08-21 20:44:00,12,11,20,2,5,3,13,1,5,5,16,5,1,2.8154,0.673208,3.279959,0.159036,1.026494,4.083617,0.751954,0.230878,0
user_33004,2021-09-18 01:06:00,15,2,10,0,3,2,12,9,4,13,9,5,1,2.485564,4.531446,1.746902,3.527511,2.34799,1.383748,0.779608,0.767342,0
user_33005,2021-08-08 20:29:00,11,14,13,3,4,5,18,2,11,13,4,6,1,0.934096,4.21458,1.659075,3.553972,1.577184,3.062861,0.73126,0.403786,0
user_33006,2021-08-19 09:46:00,32,15,7,0,4,3,5,12,12,6,4,3,0,1.941435,4.378841,1.193852,4.70204,0.724625,3.25102,0.78645,0.683451,0
user_33007,2021-10-19 09:47:00,11,8,28,0,5,0,1,0,15,12,19,1,0,2.513513,2.288887,0.241608,1.995989,0.785478,0.813725,0.717105,0.823604,1
user_33008,2021-09-21 23:14:00,47,5,5,4,0,1,8,2,19,2,9,1,0,0.485052,3.501828,1.797898,1.431693,0.695965,0.159327,0.617207,0.267633,0
user_33009,2021-08-08 15:14:00,46,16,6,2,9,2,10,12,11,14,10,6,1,4.099721,4.713415,1.186433,2.98775,2.791611,4.517049,0.203041,0.383619,1
user_33010,2021-08-22 16:03:00,15,18,23,1,8,2,8,5,3,17,11,6,1,0.547448,4.535511,2.950766,0.867691,1.156244,0.511676,0.871547,0.995922,0
user_33011,2021-10-20 02:39:00,33,7,19,1,2,5,14,15,19,15,19,2,0,3.160857,1.711665,1.758649,4.479139,4.849099,2.18985,0.344144,0.584651,1
user_33012,2021-09-20 14:04:00,4,0,30,1,1,4,8,10,13,4,4,0,0,4.064295,3.022376,1.641632,2.233375,4.919872,3.916835,0.97848,0.441063,0
user_33013,2021-10-23 04:04:00,31,17,10,2,4,2,16,1,11,3,16,5,1,4.667387,4.908688,4.220918,3.939586,3.241707,1.527805,0.568378,0.23841,0
user_33014,2021-09-30 06:03:00,2,5,25,0,0,5,13,2,7,19,2,3,0,1.274842,0.374336,1.719137,0.747522,1.12126,3.660362,0.644978,0.798283,0
user_33015,2021-09-17 19:44:00,33,12,4,4,8,2,2,10,10,6,12,4,0,0.212134,4.190536,3.2554,1.026282,1.588137,0.739445,0.355727,0.842454,1
user_33016,2021-10-16 03:28:00,3,5,11,3,9,0,17,3,1,1,4,5,1,3.524296,3.35624,3.043956,2.078919,1.615458,0.611377,0.401393,0.849877,1
user_33017,2021-09-14 08:02:00,9,4,5,1,8,5,13,14,0,16,10,1,0,1.026904,2.497831,4.299741,1.071458,0.789228,4.66222,0.284186,0.401193,0
user_33018,2021-10-01 03:51:00,6,16,28,4,6,1,7,7,17,6,16,4,0,3.459715,0.113601,4.123449,3.796051,0.948116,3.560725,0.541103,0.720128,1
user_33019,2021-10-04 12:17:00,41,11,12,5,7,0,10,18,8,3,16,0,0,1.274287,4.980757,0.899635,3.585861,1.743546,0.628072,0.695268,0.376961,1
user_33020,2021-10-25 18:26:00,24,8,23,5,8,5,4,13,20,4,7,0,0,3.941632,1.816005,0.740925,1.651264,1.622219,0.472898,0.694375,0.287036,0
user_33021,2021-09-19 19:29:00,41,4,18,4,7,5,20,15,7,8,14,6,1,4.687455,3.830994,3.70844,2.457699,1.538124,3.476181,0.908235,0.879021,1
user_33022,2021-10-17 16:26:00,17,19,25,2,8,2,7,15,13,4,2,6,1,2.416739,2.075101,0.441712,3.391778,3.226338,3.305831,0.988082,0.787907,1
user_33023,2021-08-26 17:27:00,13,16,24,5,7,1,2,5,2,14,0,3,0,4.547068,4.439388,1.521208,1.470546,0.511824,2.998857,0.619823,0.959332,0
user_33024,2021-08-21 11:00:00,25,12,26,3,8,2,16,12,7,0,16,5,1,1.305936,3.866935,3.703131,4.818432,4.84712,3.370657,0.919205,0.513575,0
user_33025,2021-10-18 23:56:00,48,12,18,0,6,1,11,14,19,7,0,0,0,2.332004,0.288354,2.896239,4.500693,0.225872,0.407525,0.231816,0.51131,1
user_33026,2021-10-04 05:35:00,20,0,5,2,9,1,4,7,15,13,8,0,0,0.665929,1.323629,2.125284,3.132977,4.954877,1.045676,0.628952,0.508389,0
user_33027,2021-09-01 01:39:00,44,1,26,5,6,1,12,8,5,12,0,2,0,2.904332,4.224558,4.565394,0.60183,1.588849,1.714928,0.433989,0.249397,0
user_33028,2021-10-01 11:32:00,4,8,6,2,4,4,10,4,20,18,1,4,0,3.425964,4.453211,4.240255,0.980017,1.887083,1.687325,0.552575,0.205687,0
user_33029,2021-08-06 12:05:00,41,16,9,0,2,1,7,7,8,18,1,4,0,2.084059,1.056036,4.052926,0.799942,4.051791,3.861509,0.713099,0.779069,0
user_33030,2021-08-29 15:58:00,22,17,8,1,4,4,9,0,1,16,18,6,1,0.528166,0.526136,3.06614,1.504638,2.516636,4.714674,0.279888,0.895997,1
user_33031,2021-08-12 10:56:00,48,4,21,5,0,4,6,1,15,14,10,3,0,2.172423,0.285144,4.522262,0.726487,0.725776,3.792967,0.377539,0.603476,1
user_33032,2021-09-07 12:41:00,6,13,9,5,8,2,15,7,19,13,14,1,0,2.055651,2.142823,0.994651,0.774007,0.341514,3.864536,0.777598,0.461694,1
user_33033,2021-09-25 16:56:00,37,2,21,0,4,4,1,12,3,13,1,5,1,0.726538,0.616518,2.155884,3.266744,3.435465,0.437373,0.40486,0.396826,1
user_33034,2021-10-13 16:16:00,13,18,5,5,10,2,12,16,18,9,14,2,0,0.665655,1.991167,4.939135,2.333899,2.652012,3.277025,0.955816,0.576416,1
user_33035,2021-08-08 00:18:00,23,1,20,4,7,4,12,18,5,9,4,6,1,0.540663,3.454002,1.760125,0.637099,1.020044,4.064221,0.472865,0.912741,1
user_33036,2021-10-01 17:53:00,10,15,18,5,8,0,8,1,13,12,19,4,0,4.44117,2.159654,0.449988,3.693807,3.423357,3.043199,0.322706,0.449472,0
user_33037,2021-10-25 18:23:00,33,10,10,3,0,1,16,5,14,11,3,0,0,4.324212,1.81758,3.365592,4.038077,3.759762,3.683105,0.802128,0.97045,0
user_33038,2021-08-26 13:39:00,38,14,5,3,2,0,2,3,14,11,0,3,0,2.862066,1.187162,4.162155,2.232995,1.611961,2.733237,0.69425,0.30366,0
user_33039,2021-10-16 23:52:00,28,13,12,5,7,5,4,18,7,3,8,5,1,2.994136,4.630643,3.943821,0.562786,4.408087,1.271078,0.802064,0.79094,0
user_33040,2021-10-27 17:02:00,44,20,23,3,0,3,8,16,2,16,3,2,0,3.876735,4.110879,2.005456,2.387628,0.166445,3.389494,0.632056,0.571252,0
user_33041,2021-10-24 09:17:00,17,20,23,0,1,1,3,4,6,9,19,6,1,2.685179,0.969458,3.759533,4.95423,2.684703,3.825268,0.644151,0.351879,1
user_33042,2021-10-17 09:53:00,33,17,28,3,8,5,11,19,18,2,12,6,1,3.530737,2.58642,3.001151,0.56551,0.629604,2.87865,0.265139,0.205782,1
user_33043,2021-09-16 03:05:00,23,16,14,5,4,2,11,0,20,5,17,3,0,4.082667,2.696912,2.022298,4.403242,3.924504,2.401747,0.86455,0.909955,0
user_33044,2021-09-25 09:06:00,20,1,19,1,6,0,2,16,3,0,9,5,1,2.449691,3.91896,1.602827,2.859413,1.682913,1.84848,0.353141,0.613263,0
user_33045,2021-10-23 11:10:00,29,1,10,4,4,2,15,0,0,10,10,5,1,2.508748,2.638487,0.72916,2.83787,1.430652,0.604978,0.545452,0.758159,0
user_33046,2021-09-16 05:46:00,19,9,26,1,5,2,1,4,12,17,5,3,0,4.470269,0.830051,2.314277,2.784804,0.326109,2.551404,0.992075,0.737724,0
user_33047,2021-09-06 01:11:00,5,0,30,1,4,4,2,10,4,19,8,0,0,1.29566,4.623067,2.096711,2.14715,0.770652,3.735246,0.989744,0.595764,1
user_33048,2021-09-02 04:22:00,35,10,13,3,4,0,12,7,0,15,18,3,0,1.98112,1.174759,2.283555,0.929432,2.079103,4.906708,0.258775,0.446405,1
user_33049,2021-08-04 20:54:00,33,7,25,0,9,5,1,19,2,14,7,2,0,2.321766,1.932809,1.749334,2.14718,0.858619,1.51334,0.266531,0.230463,1
user_33050,2021-09-15 16:17:00,7,1,23,4,10,3,6,12,15,3,11,2,0,4.272235,3.873672,4.092969,1.689504,4.868337,0.928741,0.951357,0.826865,0
user_33051,2021-10-27 18:12:00,8,3,14,1,6,4,19,13,1,16,13,2,0,4.306674,3.502388,4.524502,1.864478,3.342608,2.087359,0.841819,0.425134,0
user_33052,2021-10-17 19:29:00,23,5,10,4,9,3,10,6,16,0,16,6,1,2.441815,3.61043,0.653158,1.071411,2.918567,4.692556,0.845586,0.285748,1
user_33053,2021-09-07 07:01:00,2,10,5,1,7,5,8,6,20,16,2,1,0,0.501621,0.286889,1.899394,2.541579,0.351142,2.602616,0.477318,0.631819,1
user_33054,2021-08-23 00:12:00,5,15,2,4,4,4,9,4,1,11,11,0,0,4.158178,1.141309,1.441415,3.605275,1.526305,4.51149,0.410165,0.268679,1
user_33055,2021-09-10 03:17:00,6,18,23,4,5,4,7,0,16,20,20,4,0,4.778701,3.18588,1.896419,4.241792,2.345237,1.69028,0.251467,0.555512,0
user_33056,2021-08-24 13:08:00,37,7,7,4,5,2,7,0,14,20,8,1,0,1.866039,2.376337,4.737266,2.670172,2.695187,3.465396,0.242588,0.973666,0
user_33057,2021-10-12 16:34:00,42,13,22,2,3,2,14,9,9,3,4,1,0,3.447489,4.406671,3.336562,2.604822,0.980042,2.443427,0.279455,0.819896,1
user_33058,2021-10-25 07:35:00,36,19,29,4,2,1,12,13,9,2,19,0,0,0.663485,2.111934,1.492759,3.25877,2.841347,4.200952,0.595347,0.739632,1
user_33059,2021-10-17 20:31:00,49,20,3,2,9,5,4,16,18,20,12,6,1,3.717103,3.276455,3.382213,2.607317,3.515175,3.634035,0.900086,0.779494,0
user_33060,2021-08-19 09:26:00,39,3,10,0,2,5,13,13,4,15,9,3,0,2.662059,4.784998,1.66035,1.941433,4.995632,1.693268,0.428858,0.676039,0
user_33061,2021-09-19 17:23:00,12,1,12,5,7,0,10,13,5,0,13,6,1,0.143219,3.884333,1.081557,2.053901,1.128135,4.664421,0.263615,0.709157,0
user_33062,2021-08-12 07:56:00,8,0,16,5,7,2,4,17,10,6,18,3,0,0.856968,4.631808,4.130971,2.334605,0.486641,0.493046,0.744158,0.223016,0
user_33063,2021-09-29 02:35:00,29,4,1,1,2,0,2,9,9,16,12,2,0,1.491317,3.889478,0.869143,0.476447,2.966244,1.131588,0.90689,0.712709,1
user_33064,2021-08-30 21:35:00,32,1,4,3,10,1,13,20,14,7,5,0,0,0.989407,0.365343,3.369665,3.861138,2.197924,3.963777,0.640069,0.767752,1
user_33065,2021-08-26 06:52:00,4,12,24,5,7,5,19,11,3,14,18,3,0,3.599782,3.475787,0.961689,0.988498,1.036807,3.745438,0.687313,0.316195,0
user_33066,2021-08-13 09:20:00,23,18,16,0,2,0,4,15,16,3,10,4,0,3.687564,0.419219,2.823315,1.979067,0.768554,0.981017,0.866086,0.670788,0
user_33067,2021-10-27 12:05:00,44,12,2,5,1,0,19,4,13,3,2,2,0,1.528594,3.356506,2.217317,2.721977,4.693306,3.90301,0.469493,0.974446,0
user_33068,2021-10-08 23:59:00,16,20,5,3,4,3,12,3,15,7,19,4,0,4.055467,3.666129,1.305025,4.181434,3.678124,1.088734,0.388681,0.399985,1
user_33069,2021-08-22 01:39:00,27,8,24,0,2,1,7,17,5,10,11,6,1,3.369012,0.538477,4.694249,1.092674,0.188357,4.904156,0.65319,0.317159,1
user_33070,2021-08-23 23:28:00,28,15,7,3,4,0,17,1,13,15,1,0,0,4.27678,0.346498,0.865891,4.953117,1.455009,4.399007,0.558093,0.66801,0
user_33071,2021-10-22 16:17:00,23,18,16,4,0,1,1,1,11,17,16,4,0,4.376232,0.987221,2.77591,0.19635,0.408771,3.527503,0.701193,0.763732,1
user_33072,2021-08-28 03:07:00,24,19,7,2,2,3,1,5,19,16,6,5,1,4.280792,0.389846,0.753809,0.958628,0.514689,0.893459,0.76398,0.672937,1
user_33073,2021-09-05 18:17:00,28,3,16,2,8,2,11,19,9,9,3,6,1,4.661029,0.563681,1.219063,2.020223,3.81268,4.576729,0.47587,0.364796,1
user_33074,2021-09-18 07:27:00,5,19,15,2,8,5,2,18,2,20,10,5,1,3.181301,3.474673,4.178872,2.343115,0.403547,3.77169,0.53569,0.204115,1
user_33075,2021-09-05 11:37:00,24,16,16,2,8,4,9,10,3,1,2,6,1,1.686179,4.784864,4.56698,4.757885,1.207365,4.316157,0.567964,0.610566,1
user_33076,2021-08-27 00:36:00,17,17,12,5,10,3,4,16,6,6,5,4,0,3.119262,2.261035,3.110058,2.097915,1.337033,4.223051,0.502387,0.364467,0
user_33077,2021-08-17 14:57:00,31,0,4,2,7,3,5,19,10,20,19,1,0,2.234425,3.06225,3.817892,3.327735,3.35635,3.69129,0.468064,0.998224,0
user_33078,2021-10-19 19:57:00,36,16,10,5,1,3,5,17,8,8,9,1,0,4.44715,0.922233,4.726911,0.827348,2.904114,4.961914,0.793309,0.763202,0
user_33079,2021-09-22 15:13:00,6,2,26,5,10,2,15,15,9,6,3,2,0,3.650012,4.681988,4.588415,0.264146,0.485165,3.481905,0.47749,0.583228,0
user_33080,2021-08-01 01:14:00,7,18,10,5,0,0,4,9,13,9,7,6,1,2.219582,0.713328,4.054727,4.286739,4.694697,2.995183,0.200902,0.432365,0
user_33081,2021-10-13 11:17:00,19,10,5,3,5,1,15,20,4,2,1,2,0,3.66618,2.880563,2.64529,4.972575,3.629927,3.48027,0.942901,0.67772,0
user_33082,2021-09-27 01:17:00,4,17,15,1,3,3,8,2,16,20,3,0,0,4.444843,2.660067,1.429191,0.789832,3.151953,2.092735,0.623236,0.271715,1
user_33083,2021-10-28 18:42:00,44,19,9,3,2,0,12,0,15,9,1,3,0,0.381867,0.611436,1.629785,3.051741,2.971162,2.034803,0.511003,0.692883,0
user_33084,2021-10-29 09:05:00,31,15,14,1,1,4,20,20,4,18,9,4,0,0.651861,2.607516,1.515737,2.576117,2.567432,3.639228,0.847321,0.82658,0
user_33085,2021-10-18 06:41:00,31,11,5,5,1,5,7,20,17,6,16,0,0,3.857111,0.607994,4.535275,2.543797,3.798095,0.840447,0.73401,0.791463,0
user_33086,2021-08-28 18:00:00,3,15,7,5,5,1,15,13,20,3,17,5,1,1.640159,2.122363,3.811201,3.550437,0.290506,3.225916,0.292058,0.380526,0
user_33087,2021-10-22 06:25:00,44,17,21,4,4,5,14,19,18,8,6,4,0,4.302372,0.913575,3.867169,3.531894,4.303496,1.214514,0.381884,0.422632,1
user_33088,2021-09-27 11:58:00,10,0,7,0,10,5,0,12,3,0,2,0,0,1.618735,3.909481,3.515477,4.366712,0.677299,4.957801,0.685811,0.310711,1
user_33089,2021-08-03 01:12:00,13,18,19,5,10,2,2,7,6,1,3,1,0,1.057059,3.031147,3.261817,4.154558,0.560457,0.780279,0.488409,0.324187,1
user_33090,2021-08-23 23:05:00,49,5,27,3,6,1,19,0,11,5,15,0,0,3.507945,4.382943,0.724883,2.629251,1.471033,2.175843,0.303997,0.934294,1
user_33091,2021-08-04 03:28:00,17,19,3,4,2,1,19,17,17,19,3,2,0,3.399706,4.328047,0.293266,2.583421,3.112786,1.765711,0.60643,0.541674,1
user_33092,2021-09-28 07:22:00,36,10,9,2,6,0,10,3,10,11,17,1,0,0.976178,2.215297,2.454989,0.188866,1.06439,3.309612,0.329196,0.267506,1
user_33093,2021-08-21 14:45:00,29,3,28,1,5,3,19,6,3,6,4,5,1,3.092706,4.795173,1.256672,2.842701,3.350199,4.790995,0.539313,0.311185,0
user_33094,2021-08-10 10:05:00,43,1,23,2,4,4,13,15,6,12,13,1,0,4.062356,2.779875,3.213096,3.173883,3.26375,2.271441,0.231297,0.859327,1
user_33095,2021-10-06 14:55:00,7,14,21,0,3,0,13,10,5,0,11,2,0,2.957224,2.35814,0.77671,0.319199,4.060385,4.899581,0.520904,0.746937,1
user_33096,2021-09-11 05:02:00,36,9,5,3,4,0,0,3,3,20,15,5,1,3.565682,1.156702,2.769923,4.518946,3.478243,4.018721,0.737703,0.769707,0
user_33097,2021-08-04 18:35:00,13,12,24,0,6,1,1,11,7,20,20,2,0,1.848454,0.657887,1.56885,0.761857,3.556447,4.064251,0.715917,0.922104,0
user_33098,2021-10-24 09:40:00,43,1,10,3,4,5,19,7,2,17,16,6,1,1.650349,4.883424,2.708214,3.223767,1.019121,2.182213,0.587701,0.529939,0
user_33099,2021-09-29 07:36:00,46,0,8,4,4,4,3,20,13,7,15,2,0,4.780797,1.151726,3.093349,2.821999,1.977073,0.369148,0.920492,0.823173,0
user_33100,2021-09-07 10:39:00,43,10,26,5,0,3,16,13,4,14,5,1,0,1.431824,3.547933,0.260083,3.537015,2.184666,1.735559,0.697348,0.381299,0
user_33101,2021-09-25 03:08:00,5,13,29,0,1,1,17,15,8,10,4,5,1,2.712479,0.287031,2.284643,4.867915,2.261179,4.745766,0.691649,0.801767,1
user_33102,2021-08-11 19:41:00,32,3,9,2,3,3,2,8,13,11,16,2,0,3.557437,4.347461,3.451722,3.663421,4.097694,4.587537,0.761225,0.553568,0
user_33103,2021-09-28 16:29:00,22,18,2,3,7,5,0,4,17,16,18,1,0,2.338255,3.360489,2.927446,2.718561,0.502925,3.827705,0.708917,0.870867,0
user_33104,2021-08-09 22:47:00,11,12,4,2,8,4,10,5,11,9,18,0,0,2.354478,3.750118,1.388179,3.995601,2.140503,1.456006,0.96727,0.708452,0
user_33105,2021-08-23 14:23:00,10,5,7,3,6,3,12,4,7,6,10,0,0,2.406046,3.671688,2.627393,2.17056,4.795348,1.026754,0.312889,0.333752,1
user_33106,2021-09-29 04:05:00,26,7,29,2,4,3,17,12,9,20,3,2,0,0.551177,4.695051,2.881958,3.333859,4.256036,4.716483,0.822816,0.778968,0
user_33107,2021-10-08 02:39:00,47,18,11,4,4,0,16,6,18,12,7,4,0,3.519683,0.783683,2.352869,3.300395,1.995431,0.775264,0.825037,0.74031,1
user_33108,2021-08-26 17:33:00,10,11,21,5,10,4,4,19,18,17,18,3,0,4.801651,0.728258,1.236263,1.183097,4.533683,1.913225,0.62328,0.428459,1
user_33109,2021-08-27 18:33:00,36,14,6,3,2,5,0,5,12,15,15,4,0,1.154055,3.24175,1.489987,0.862677,2.944261,4.185103,0.247779,0.586501,1
user_33110,2021-10-29 06:57:00,14,8,5,5,3,3,11,8,2,16,14,4,0,1.903713,4.494088,3.510918,2.234663,2.45366,4.76717,0.96913,0.43849,1
user_33111,2021-09-10 06:21:00,25,8,11,1,1,0,17,15,7,8,5,4,0,4.225367,0.611555,1.503915,4.126809,1.831391,2.653434,0.886024,0.734507,1
user_33112,2021-10-11 04:32:00,38,6,7,0,1,2,17,1,1,19,10,0,0,3.102314,1.744088,4.376211,0.929527,1.517737,2.930768,0.756801,0.832648,1
user_33113,2021-09-30 12:56:00,13,20,15,2,5,4,3,5,8,2,8,3,0,2.591552,4.617322,1.647413,4.610022,1.326147,4.657189,0.882385,0.84908,1
user_33114,2021-09-03 22:40:00,15,11,17,5,7,2,14,11,19,8,11,4,0,2.668675,1.387891,1.28901,4.243332,4.380619,0.860313,0.427685,0.279315,1
user_33115,2021-08-20 12:53:00,24,17,17,5,6,5,0,19,12,18,4,4,0,2.002892,2.037795,4.567046,1.56867,2.28466,1.923986,0.914575,0.725743,0
user_33116,2021-08-18 04:56:00,48,0,10,3,10,0,12,10,6,10,2,2,0,4.379854,1.967353,4.92102,4.616694,2.745945,4.365988,0.422172,0.327709,1
user_33117,2021-10-04 18:48:00,50,14,25,2,7,0,2,8,4,12,15,0,0,1.351343,4.315602,2.518901,1.231561,0.535282,4.562021,0.263492,0.952112,1
user_33118,2021-10-19 05:23:00,47,12,23,1,8,0,10,19,8,20,17,1,0,2.906757,2.392913,3.807832,2.641236,1.116565,0.977053,0.82356,0.399261,0
user_33119,2021-08-03 00:44:00,7,6,9,1,4,1,1,18,12,7,5,1,0,0.570973,1.815024,1.108162,0.866252,2.759726,0.936099,0.72279,0.492476,0
user_33120,2021-09-18 03:50:00,5,13,1,1,10,5,1,6,9,11,1,5,1,2.388278,0.812683,1.733466,0.318178,1.375585,3.526189,0.872071,0.213573,0
user_33121,2021-10-22 04:18:00,3,0,1,4,8,2,9,0,15,8,16,4,0,2.160878,2.584684,1.767903,4.122876,3.441063,0.877097,0.677103,0.468247,0
user_33122,2021-08-27 20:39:00,30,9,17,5,1,3,18,1,18,14,16,4,0,0.342598,0.455323,0.29443,4.582811,1.231262,2.080404,0.698358,0.214109,1
user_33123,2021-09-06 21:17:00,24,11,10,5,10,3,4,18,0,16,12,0,0,3.676279,4.644293,2.539829,0.593748,4.565755,2.511663,0.2992,0.863139,1
user_33124,2021-08-07 19:16:00,33,19,16,5,1,1,3,19,3,2,0,5,1,0.412557,3.88028,0.723601,4.866206,1.467972,4.82345,0.686029,0.923176,1
user_33125,2021-08-10 02:33:00,1,6,28,0,5,0,7,7,16,0,11,1,0,4.189248,2.186389,2.878351,0.729248,1.973966,4.267188,0.718321,0.619359,0
user_33126,2021-09-09 04:53:00,34,11,19,1,10,5,8,11,19,15,7,3,0,2.163055,4.788713,0.866746,0.610774,1.165187,1.114427,0.822643,0.88595,1
user_33127,2021-08-31 02:39:00,15,13,13,4,6,0,4,11,2,16,10,1,0,3.381608,4.789284,1.931555,2.372909,3.096691,4.999466,0.866242,0.590264,0
user_33128,2021-08-03 10:21:00,27,5,7,4,7,3,13,17,15,9,12,1,0,0.885826,3.857692,3.511018,1.166397,4.469495,3.44585,0.200568,0.772026,1
user_33129,2021-10-19 05:35:00,45,13,10,5,10,4,16,16,9,11,9,1,0,2.981868,2.746641,3.213599,3.03387,4.146031,3.279302,0.603409,0.837708,1
user_33130,2021-10-19 18:15:00,26,8,17,0,2,5,9,4,14,10,4,1,0,1.320066,1.63474,0.763259,3.02512,4.009357,3.761844,0.518584,0.539245,0
user_33131,2021-08-20 16:51:00,27,12,29,1,6,2,7,0,1,2,13,4,0,2.579954,3.513566,2.898561,1.103594,2.228359,0.449481,0.754537,0.290796,0
user_33132,2021-08-10 08:44:00,28,3,19,3,6,3,8,8,12,5,10,1,0,0.653591,1.697374,0.666072,4.503584,1.829023,2.398422,0.482501,0.286986,0
user_33133,2021-10-10 16:50:00,35,9,12,0,2,4,17,13,1,4,11,6,1,1.091128,0.99495,2.323285,3.244808,3.385989,2.321993,0.847355,0.590202,0
user_33134,2021-10-03 17:07:00,40,14,25,4,4,5,3,15,3,13,15,6,1,3.486855,2.212031,3.998888,2.464582,2.301674,4.511609,0.385117,0.513151,1
user_33135,2021-08-10 10:05:00,7,2,10,3,8,3,17,19,19,20,11,1,0,1.864671,1.538056,3.891035,3.396829,1.938161,3.116622,0.96876,0.344735,1
user_33136,2021-10-18 23:49:00,4,4,6,1,7,0,5,10,6,2,5,0,0,2.292902,3.954446,3.980106,3.544733,1.858357,2.471656,0.588967,0.422602,0
user_33137,2021-08-16 07:22:00,26,5,19,0,0,1,2,5,3,5,5,0,0,2.624785,0.281341,2.585436,2.092931,4.466123,0.987731,0.755713,0.488353,0
user_33138,2021-10-13 04:03:00,30,9,14,3,6,5,0,16,4,2,1,2,0,3.793983,3.092255,1.376152,0.577181,3.165878,3.003355,0.834281,0.507283,1
user_33139,2021-08-27 11:23:00,5,9,6,3,9,5,20,0,15,18,15,4,0,3.425356,3.968819,3.370782,1.422353,4.893575,0.887098,0.779366,0.387178,1
user_33140,2021-09-09 03:54:00,30,8,19,4,5,0,1,8,14,18,3,3,0,3.998103,2.140023,4.077374,3.566329,1.286574,2.505068,0.679897,0.554746,1
user_33141,2021-09-10 10:44:00,49,0,18,1,9,0,5,12,7,19,15,4,0,0.262763,1.513129,4.655428,3.559332,4.280311,4.246472,0.886571,0.300727,0
user_33142,2021-08-16 18:52:00,42,10,3,2,1,3,12,8,1,0,10,0,0,1.369601,0.257242,3.064455,0.670342,1.413772,4.668457,0.40342,0.969174,0
user_33143,2021-08-14 13:32:00,48,7,1,2,8,4,8,15,2,0,20,5,1,0.879366,2.325479,0.916903,0.803074,3.936202,3.421199,0.784637,0.958858,1
user_33144,2021-08-13 03:42:00,27,7,24,3,10,4,12,6,16,0,12,4,0,3.293885,4.242562,2.525754,1.06618,4.157801,0.339683,0.947245,0.287926,1
user_33145,2021-09-26 03:09:00,29,14,17,4,8,1,4,14,17,2,0,6,1,3.210493,2.841785,2.936503,0.866031,2.390101,1.952911,0.769921,0.808389,0
user_33146,2021-09-25 01:27:00,49,18,2,1,5,0,2,19,10,12,18,5,1,2.181148,2.312487,3.954393,1.407663,2.363991,2.927628,0.843484,0.621416,1
user_33147,2021-09-24 12:44:00,20,2,5,2,3,5,6,4,18,10,18,4,0,3.846085,2.323654,0.167824,1.452998,3.271526,1.776193,0.266976,0.336652,1
user_33148,2021-08-29 12:54:00,30,20,5,0,3,3,19,14,16,0,19,6,1,1.269316,0.886451,3.009517,4.30464,1.69706,1.916611,0.589124,0.946003,1
user_33149,2021-09-20 02:44:00,10,17,29,5,7,1,18,8,4,7,13,0,0,4.521946,0.352834,4.926112,1.45178,1.387744,3.94705,0.78622,0.815073,0
user_33150,2021-08-11 19:41:00,33,13,3,0,7,2,17,18,8,8,4,2,0,1.445787,4.71867,1.766307,3.39513,3.361447,3.334498,0.493012,0.91171,0
user_33151,2021-10-19 12:50:00,22,2,30,3,0,4,2,18,11,0,6,1,0,2.154602,0.711286,2.518161,3.046054,4.312683,4.805524,0.39918,0.733203,0
user_33152,2021-10-01 00:37:00,4,18,23,0,8,1,5,19,19,13,8,4,0,3.098337,1.249687,3.822887,1.744807,4.932078,2.720888,0.727486,0.543617,1
user_33153,2021-10-05 08:47:00,26,1,29,4,9,4,11,2,6,17,9,1,0,1.918174,0.562863,2.89679,4.083469,4.37064,1.890441,0.462544,0.380725,1
user_33154,2021-10-13 19:44:00,46,14,23,4,2,3,1,7,6,8,2,2,0,0.864923,4.093739,3.937877,2.556641,4.113823,3.454955,0.743226,0.987559,1
user_33155,2021-08-13 02:56:00,8,14,14,2,6,1,6,5,9,8,9,4,0,2.272106,3.143305,1.529882,3.166069,4.590975,1.388955,0.349522,0.913458,1
user_33156,2021-09-20 04:06:00,2,18,17,0,6,5,7,2,6,16,5,0,0,4.102717,1.861723,0.697799,2.319466,4.694813,1.308034,0.935265,0.218735,0
user_33157,2021-08-03 18:58:00,24,0,8,2,4,3,18,3,0,15,3,1,0,1.645769,3.104714,3.932299,1.00274,1.543209,2.560854,0.357413,0.398994,1
user_33158,2021-10-26 19:53:00,22,12,7,0,2,3,8,3,18,9,8,1,0,0.197275,3.181225,2.827832,2.296015,2.624752,1.98947,0.559818,0.96643,0
user_33159,2021-08-13 09:55:00,6,16,9,5,1,0,15,20,3,4,2,4,0,1.43915,4.739913,1.171071,1.166418,4.916847,0.588286,0.460099,0.801677,0
user_33160,2021-08-09 17:35:00,38,3,17,5,10,3,5,4,3,10,1,0,0,3.616933,2.238288,4.545874,3.729168,3.683382,2.708815,0.933937,0.281723,1
user_33161,2021-10-14 23:18:00,47,5,13,2,5,0,19,20,14,7,6,3,0,1.624455,2.564111,0.690565,3.417307,4.348144,3.608464,0.347132,0.932973,0
user_33162,2021-08-19 18:03:00,42,3,10,1,8,5,7,8,14,7,13,3,0,2.328749,3.810193,0.855922,2.683388,2.261498,0.465393,0.657126,0.579976,1
user_33163,2021-10-16 22:17:00,32,19,13,4,1,1,13,6,14,20,7,5,1,1.386673,2.283124,4.564147,2.07784,2.469656,0.878428,0.399105,0.215468,0
user_33164,2021-09-21 06:15:00,21,14,9,5,9,0,9,11,1,14,8,1,0,1.314718,1.823127,1.310918,3.604488,4.910669,2.682831,0.24365,0.606007,0
user_33165,2021-08-27 16:53:00,29,5,12,1,4,0,3,13,7,5,17,4,0,4.570765,4.430975,3.124939,1.060607,1.309329,1.732341,0.360166,0.532156,1
user_33166,2021-09-30 11:02:00,21,14,21,3,7,0,10,18,14,16,13,3,0,1.180876,3.647502,1.514583,0.899861,1.280349,1.690121,0.284962,0.584365,0
user_33167,2021-10-05 09:55:00,5,6,22,5,9,5,14,14,9,18,17,1,0,1.882923,3.89365,3.880365,0.927323,3.312439,0.324346,0.314709,0.565076,0
user_33168,2021-08-09 08:41:00,36,6,8,5,8,1,5,14,16,1,0,0,0,3.093875,2.651662,3.719309,0.664519,4.439841,2.176988,0.478129,0.796048,0
user_33169,2021-08-26 06:04:00,20,1,21,0,9,4,17,19,12,11,17,3,0,1.268087,1.067613,4.403867,4.964409,3.720683,0.922318,0.477096,0.935704,1
user_33170,2021-10-05 09:27:00,50,4,2,3,4,3,6,10,1,12,2,1,0,1.481563,3.504624,0.213033,2.591587,3.876073,3.145435,0.977945,0.981628,0
user_33171,2021-08-31 23:16:00,23,7,10,2,6,2,8,16,9,11,3,1,0,2.517701,1.282231,0.663249,1.974171,4.740814,4.734258,0.952109,0.709563,1
user_33172,2021-10-22 08:08:00,24,5,30,1,6,1,20,20,15,17,13,4,0,2.246641,4.827105,3.842762,0.614337,4.878158,4.672143,0.200454,0.308142,1
user_33173,2021-10-28 16:08:00,2,18,10,4,6,0,3,20,15,15,12,3,0,1.822714,2.655163,2.786649,4.113325,1.841174,2.072089,0.820596,0.370206,0
user_33174,2021-10-14 14:39:00,8,20,5,0,3,3,13,16,18,20,1,3,0,4.848981,1.075248,4.508763,1.862954,1.273396,3.74994,0.963617,0.698141,0
user_33175,2021-10-16 11:26:00,41,7,30,1,1,0,17,1,9,4,14,5,1,4.773686,0.317361,1.435924,3.339195,4.28175,1.244931,0.374431,0.436308,0
user_33176,2021-09-25 16:05:00,50,9,13,2,2,3,11,4,13,10,12,5,1,1.237205,4.879286,2.264792,1.564131,0.904947,0.55278,0.488308,0.285308,1
user_33177,2021-09-17 15:34:00,41,3,4,4,10,3,9,10,17,7,9,4,0,1.656047,2.365317,2.976983,1.688844,2.371565,0.970658,0.768502,0.539066,0
user_33178,2021-08-11 16:04:00,50,7,9,4,4,3,17,18,0,4,8,2,0,0.913747,1.826363,0.119642,0.399977,1.383759,3.060398,0.483781,0.431001,0
user_33179,2021-10-12 16:21:00,29,13,10,4,1,2,17,2,4,12,17,1,0,0.692529,3.437031,4.4537,4.977929,1.639739,4.806161,0.587721,0.34048,1
user_33180,2021-09-23 08:03:00,49,4,29,5,2,0,20,5,20,14,0,3,0,2.220757,1.792821,1.044367,1.272673,3.474423,2.803586,0.614056,0.204295,1
user_33181,2021-08-25 18:39:00,29,14,29,5,8,1,9,18,8,18,20,2,0,4.892369,2.829381,2.14304,4.177969,4.627583,3.743918,0.202916,0.320775,0
user_33182,2021-10-21 02:32:00,40,16,11,0,6,0,1,8,14,16,1,3,0,1.588951,4.43553,4.336237,0.175931,4.401529,1.110705,0.589914,0.387626,1
user_33183,2021-09-14 02:52:00,40,10,29,1,4,3,9,12,10,8,20,1,0,2.179626,4.26385,3.401691,2.043412,0.877652,2.318622,0.689587,0.72166,0
user_33184,2021-10-28 17:56:00,12,18,24,1,3,4,3,19,6,11,5,3,0,4.053278,2.945139,0.208367,1.969504,1.063496,1.639991,0.239033,0.86125,1
user_33185,2021-09-03 05:05:00,14,5,7,5,5,0,11,17,10,17,17,4,0,4.807092,2.049154,2.735664,2.678795,0.296149,2.474529,0.691542,0.734471,0
user_33186,2021-10-09 17:21:00,24,16,25,2,6,0,2,20,15,12,7,5,1,0.417208,3.126043,1.325053,2.147865,1.823759,3.85496,0.523591,0.928351,0
user_33187,2021-08-04 07:27:00,50,10,19,0,9,4,20,20,1,20,17,2,0,3.519724,3.048046,1.449354,4.051802,2.978993,1.93299,0.343611,0.976332,0
user_33188,2021-10-16 07:12:00,1,1,20,4,8,4,11,11,2,6,18,5,1,3.223684,3.397654,0.898211,4.670649,3.321641,3.76463,0.443799,0.356599,0
user_33189,2021-09-03 20:41:00,50,2,20,5,0,4,13,5,10,3,17,4,0,0.573066,0.441066,4.443718,4.974591,0.816033,2.459982,0.348394,0.905115,1
user_33190,2021-08-25 23:47:00,35,15,18,3,0,2,13,0,12,0,7,2,0,4.928663,3.921927,1.571186,3.536172,1.905031,3.25171,0.352702,0.46768,1
user_33191,2021-10-05 08:31:00,7,2,16,3,10,3,17,3,14,12,10,1,0,2.097483,1.205904,4.99581,4.602919,1.688688,4.427347,0.550253,0.934758,1
user_33192,2021-09-12 22:09:00,13,15,28,3,8,1,9,6,2,7,16,6,1,1.24889,3.875663,1.163009,4.403603,2.781607,2.836229,0.993522,0.228538,1
user_33193,2021-09-04 20:34:00,41,15,28,5,6,2,1,15,4,6,11,5,1,4.573365,1.39542,2.259839,0.446363,1.110408,0.649409,0.532792,0.440761,0
user_33194,2021-08-03 22:33:00,35,18,17,2,9,3,12,16,8,20,6,1,0,0.403455,0.995209,1.050351,1.435082,2.754914,1.130037,0.873841,0.797306,0
user_33195,2021-10-29 23:53:00,5,19,29,0,5,5,2,5,10,10,1,4,0,3.214142,4.128355,4.678251,3.785023,0.252422,4.436603,0.699898,0.440561,0
user_33196,2021-08-20 19:20:00,25,16,24,1,8,2,7,4,9,9,5,4,0,3.033205,1.22457,3.539174,4.671935,3.037986,2.301258,0.758162,0.867574,0
user_33197,2021-10-01 15:47:00,39,2,12,4,3,1,19,11,7,12,3,4,0,3.886703,3.901416,3.609428,1.859315,4.165524,2.622036,0.468851,0.361682,1
user_33198,2021-08-05 06:20:00,49,18,14,5,1,2,11,5,11,7,15,3,0,1.073041,0.847389,2.882909,2.186893,3.326243,1.554176,0.882842,0.261877,1
user_33199,2021-10-22 15:53:00,36,1,27,5,8,4,19,11,7,2,5,4,0,0.762729,4.658907,0.765587,3.779663,0.353828,2.66555,0.867397,0.886346,1
user_33200,2021-08-16 06:35:00,40,16,19,0,6,3,13,14,8,7,14,0,0,1.796563,1.980859,1.957702,0.609274,2.261461,1.821059,0.253524,0.629365,0
user_33201,2021-10-19 01:57:00,28,13,29,0,2,4,0,14,17,17,20,1,0,3.710581,3.486469,4.259199,1.727957,0.456105,3.679287,0.558776,0.658332,0
user_33202,2021-09-01 19:29:00,31,5,28,2,3,1,15,16,4,0,12,2,0,1.391951,3.930034,3.423088,0.22209,1.496289,0.316755,0.50069,0.665961,0
user_33203,2021-08-01 16:28:00,6,0,26,2,2,5,18,14,6,2,6,6,1,0.323606,4.349071,3.354259,2.416099,4.524861,4.622036,0.39067,0.510633,1
user_33204,2021-09-04 03:36:00,42,20,15,0,7,4,1,6,3,14,16,5,1,1.330747,2.703037,4.047082,2.10478,3.471195,0.348833,0.549701,0.274499,0
user_33205,2021-09-22 07:27:00,10,11,24,1,3,2,9,4,5,18,2,2,0,1.282343,0.901869,1.739455,3.010935,0.863513,2.86558,0.828292,0.425546,1
user_33206,2021-09-09 00:41:00,11,10,5,2,7,4,12,18,14,2,14,3,0,2.275262,0.84342,4.835595,4.936858,2.796007,1.773801,0.286356,0.722603,1
user_33207,2021-08-13 09:34:00,34,13,14,2,0,0,1,8,3,12,16,4,0,1.518434,3.073186,0.298197,1.142759,1.200858,4.584873,0.872633,0.97711,0
user_33208,2021-08-28 22:12:00,45,11,21,0,9,5,3,0,15,17,9,5,1,2.359513,1.498118,4.795112,4.520518,4.47962,0.700324,0.242435,0.327074,0
user_33209,2021-10-02 18:42:00,23,13,3,3,0,0,10,4,8,15,3,5,1,0.771507,1.923097,1.072352,4.372665,4.479329,1.695425,0.593215,0.51279,1
user_33210,2021-09-20 16:23:00,37,20,1,4,6,3,0,16,8,9,6,0,0,4.554431,3.573387,2.345104,1.435726,2.995257,2.804406,0.546864,0.363605,0
user_33211,2021-10-07 22:12:00,42,6,13,2,1,4,9,5,4,11,9,3,0,0.654548,1.067144,4.105409,4.021532,2.087501,0.738002,0.324576,0.925078,0
user_33212,2021-09-07 10:05:00,32,16,3,3,7,5,8,18,11,5,18,1,0,2.123482,0.744883,3.676503,1.349351,1.491591,1.388969,0.993493,0.231303,1
user_33213,2021-08-10 13:12:00,17,1,4,5,6,2,11,4,10,6,14,1,0,2.595714,4.564472,2.493425,1.645737,1.062998,2.756268,0.681665,0.250186,1
user_33214,2021-08-27 07:44:00,42,14,6,5,8,4,18,13,3,4,11,4,0,3.399142,1.784335,1.00571,0.495022,0.910692,2.212853,0.995873,0.736933,1
user_33215,2021-10-18 05:23:00,12,13,21,2,9,5,11,18,18,5,0,0,0,4.58457,1.700521,3.409933,0.310063,4.406099,2.279692,0.869857,0.347888,1
user_33216,2021-08-14 09:12:00,46,16,18,5,3,1,10,19,6,3,18,5,1,0.709779,2.275232,3.626831,2.71859,2.361842,1.712444,0.353002,0.591914,1
user_33217,2021-10-24 18:45:00,30,17,18,1,2,3,7,15,8,18,7,6,1,3.999101,3.864963,0.125829,3.607399,0.60794,4.69433,0.922147,0.51301,0
user_33218,2021-08-25 12:11:00,12,9,1,5,10,2,7,9,8,12,18,2,0,1.675778,0.696469,1.527988,2.744871,0.533269,3.41876,0.947757,0.463941,0
user_33219,2021-10-16 01:10:00,32,20,23,0,10,4,16,14,3,3,1,5,1,2.379192,2.721589,2.265066,0.52254,3.563071,0.966301,0.334115,0.280181,1
user_33220,2021-08-23 07:57:00,4,12,18,4,6,1,7,13,9,13,7,0,0,4.939388,3.291887,4.32039,1.085252,3.397074,3.255509,0.941197,0.772923,0
user_33221,2021-08-11 04:37:00,7,11,19,3,2,0,13,10,1,9,12,2,0,1.418989,3.36531,1.508569,2.395949,3.528493,2.282186,0.442655,0.254922,0
user_33222,2021-09-21 10:47:00,3,10,28,5,9,3,7,20,12,18,20,1,0,2.584364,0.770898,3.188087,3.02414,3.092546,0.412578,0.983553,0.574769,1
user_33223,2021-10-21 02:43:00,14,9,28,5,10,0,12,4,7,8,3,3,0,4.624004,2.493231,1.746303,1.054137,0.628423,0.555199,0.822322,0.797308,0
user_33224,2021-10-05 09:34:00,45,5,20,0,1,3,2,3,10,11,2,1,0,3.947748,0.388334,0.582643,2.470242,4.477786,0.851593,0.362494,0.591354,1
user_33225,2021-10-16 08:45:00,47,11,18,4,8,4,17,15,17,7,8,5,1,3.09947,0.518802,0.638214,4.538612,3.798211,2.271323,0.594418,0.552975,0
user_33226,2021-09-12 00:48:00,23,12,8,1,8,2,5,16,15,1,11,6,1,0.603723,0.921977,1.952066,3.896246,4.592501,2.844905,0.851052,0.480226,1
user_33227,2021-09-03 16:58:00,24,0,28,3,9,5,1,20,7,8,11,4,0,2.119788,0.642786,1.546965,3.616531,1.177474,2.096891,0.387124,0.53792,1
user_33228,2021-09-10 14:37:00,27,4,19,5,1,2,1,4,17,19,1,4,0,2.250205,2.061139,3.6441,2.592264,3.980026,2.265082,0.595921,0.345507,0
user_33229,2021-09-20 20:34:00,9,8,7,1,1,3,14,1,8,4,19,0,0,2.388913,1.169435,2.846303,4.998683,2.477801,2.970773,0.364626,0.42943,1
user_33230,2021-09-30 09:45:00,18,19,10,5,1,3,16,16,0,17,11,3,0,4.687074,4.357733,1.703837,0.768164,4.288015,4.591013,0.524626,0.387125,0
user_33231,2021-09-24 18:06:00,14,17,28,0,9,0,16,7,1,9,6,4,0,3.626877,3.008063,4.91592,4.700961,1.654643,2.676078,0.515072,0.53716,0
user_33232,2021-08-12 16:30:00,47,4,7,2,9,5,11,11,17,18,16,3,0,1.414985,1.512719,4.080475,2.55259,4.881841,0.77829,0.801152,0.410207,1
user_33233,2021-10-09 07:32:00,34,3,16,5,0,1,15,16,7,5,2,5,1,1.628235,4.319998,2.513613,4.550974,1.254058,3.606931,0.485544,0.599058,1
user_33234,2021-08-14 08:07:00,43,3,14,4,6,0,5,7,11,12,18,5,1,3.256365,0.942331,4.123861,1.224454,2.972201,0.986429,0.207765,0.615887,0
user_33235,2021-10-29 22:46:00,25,2,11,3,5,2,16,20,1,15,6,4,0,3.587239,1.303424,1.259597,4.939059,4.932969,4.701354,0.828381,0.375634,0
user_33236,2021-09-15 12:24:00,16,15,26,5,7,5,7,8,5,4,5,2,0,1.277069,3.318583,2.190025,0.74099,4.695093,4.756588,0.898503,0.760059,1
user_33237,2021-09-01 22:20:00,15,17,30,2,10,1,16,13,0,7,9,2,0,0.63295,0.634952,2.289277,4.145984,3.036816,3.525431,0.728727,0.302009,0
user_33238,2021-08-23 09:35:00,24,12,4,3,1,2,2,3,16,17,1,0,0,1.01627,2.26238,0.371256,1.884778,4.758138,2.162764,0.701291,0.662115,0
user_33239,2021-10-13 05:47:00,4,7,4,2,10,4,9,4,6,3,17,2,0,2.184725,3.158856,0.130528,4.167628,2.344404,2.605883,0.843499,0.500329,0
user_33240,2021-09-03 20:05:00,23,16,25,1,1,4,20,7,2,19,18,4,0,2.421505,2.637796,0.878542,0.484392,1.935151,3.026086,0.967669,0.694428,0
user_33241,2021-09-23 19:53:00,32,7,5,5,10,2,18,11,7,11,15,3,0,1.288463,1.31513,2.77259,3.816744,4.954791,3.447831,0.649941,0.219284,1
user_33242,2021-08-15 15:27:00,39,2,24,0,8,2,11,13,2,3,11,6,1,1.440882,2.150387,1.642944,2.469298,3.718187,4.493433,0.700234,0.516471,1
user_33243,2021-09-05 17:29:00,12,15,5,1,3,0,14,20,16,10,7,6,1,4.767365,0.594426,1.37546,0.434278,1.405407,0.429461,0.372964,0.783661,0
user_33244,2021-08-12 23:56:00,25,5,3,0,0,3,18,14,2,13,0,3,0,0.343973,2.147446,4.910815,3.702555,2.402313,4.045881,0.752868,0.595299,1
user_33245,2021-09-03 02:10:00,35,0,13,5,8,2,10,10,2,12,12,4,0,4.272733,0.477625,4.31666,4.315109,4.304179,2.379475,0.347115,0.853028,0
user_33246,2021-08-12 18:37:00,6,5,17,1,10,3,7,7,1,5,18,3,0,2.995567,1.778683,0.537279,2.153813,4.95963,0.787103,0.684428,0.998757,1
user_33247,2021-08-13 12:42:00,46,3,24,2,6,0,5,17,13,4,9,4,0,4.904616,2.20929,3.305351,4.743996,3.345287,4.203488,0.320182,0.297514,1
user_33248,2021-08-26 04:14:00,10,18,11,3,5,1,16,9,10,13,17,3,0,2.683626,3.742048,2.341828,2.266341,0.224263,0.624032,0.927522,0.516281,1
user_33249,2021-09-01 00:45:00,32,17,4,2,9,5,3,8,18,0,15,2,0,0.95445,1.913272,2.282362,2.028896,2.665415,4.047323,0.389923,0.964606,0
user_33250,2021-10-13 15:43:00,22,7,5,2,3,4,10,3,8,18,11,2,0,4.396513,3.408673,1.69822,2.926874,2.253866,1.776942,0.474901,0.895649,1
user_33251,2021-08-27 11:20:00,47,19,8,1,5,0,20,19,4,19,8,4,0,3.34023,3.858215,0.249334,3.780847,2.244756,3.022448,0.552209,0.398592,0
user_33252,2021-09-01 15:00:00,6,12,29,4,10,3,16,20,7,10,20,2,0,4.923464,4.445495,2.228397,0.534002,1.614126,2.113628,0.853111,0.621344,0
user_33253,2021-10-06 10:58:00,4,17,26,2,5,5,4,5,15,13,0,2,0,1.828048,0.451533,3.320725,3.232296,1.107655,4.713139,0.964174,0.62597,0
user_33254,2021-09-23 10:27:00,24,20,27,5,5,0,15,15,11,19,3,3,0,2.713013,3.545693,0.334728,1.080222,1.610147,3.813598,0.761893,0.480894,0
user_33255,2021-08-18 22:39:00,45,19,21,5,8,5,16,3,0,9,4,2,0,4.514842,3.787136,2.483145,2.720428,3.693039,3.571375,0.693943,0.872081,0
user_33256,2021-09-17 21:15:00,38,13,4,4,9,1,4,14,12,16,13,4,0,3.550795,4.612576,0.193812,1.167616,3.002815,4.351269,0.246054,0.945989,0
user_33257,2021-10-16 12:27:00,31,9,3,0,6,4,8,19,7,15,7,5,1,0.583757,3.401674,4.676299,3.019433,2.559111,3.142853,0.272967,0.644992,0
user_33258,2021-09-08 09:59:00,48,12,3,5,7,5,18,13,15,15,3,2,0,4.352507,3.936206,4.945371,4.106385,4.954845,4.790242,0.869893,0.42235,1
user_33259,2021-08-05 05:39:00,43,0,15,0,5,3,2,17,12,3,8,3,0,3.794893,3.860681,0.689949,2.690815,2.216873,3.168532,0.835669,0.734822,1
user_33260,2021-10-16 18:26:00,33,4,25,2,2,3,16,2,18,17,3,5,1,4.161277,0.396096,3.661248,1.247707,1.137316,1.533208,0.297653,0.959552,1
user_33261,2021-08-20 04:28:00,8,5,8,5,7,1,1,1,14,7,4,4,0,0.499765,1.339825,4.840598,3.212901,1.286583,2.530829,0.514582,0.884436,0
user_33262,2021-09-27 03:38:00,2,9,4,3,2,3,20,15,8,20,12,0,0,4.40746,4.120782,1.433821,3.382138,0.33954,4.623714,0.774517,0.206246,1
user_33263,2021-10-09 19:47:00,15,14,24,0,7,0,10,14,5,4,6,5,1,3.088241,3.815152,4.117061,4.25606,0.371315,1.924048,0.366324,0.637865,1
user_33264,2021-10-18 06:28:00,19,10,24,5,4,2,5,20,8,5,16,0,0,0.129161,2.474062,4.602073,0.187026,2.370449,3.462275,0.992072,0.277157,0
user_33265,2021-08-23 12:41:00,33,7,25,2,0,3,17,13,6,15,8,0,0,4.361323,4.147355,3.641983,2.895763,2.711149,2.815973,0.346008,0.588707,1
user_33266,2021-09-12 19:38:00,48,20,13,3,1,1,15,14,20,12,7,6,1,1.25757,2.200318,0.572434,4.828203,3.435357,1.483886,0.711281,0.405401,1
user_33267,2021-08-15 11:44:00,29,17,5,0,8,0,14,3,15,19,2,6,1,2.232849,3.593637,0.471412,3.800561,1.623757,2.361915,0.666905,0.414732,1
user_33268,2021-09-20 22:20:00,25,14,13,4,8,1,16,11,7,3,14,0,0,1.690587,2.437882,1.040102,2.365753,0.160605,4.560003,0.275366,0.793056,1
user_33269,2021-08-26 23:01:00,24,13,13,5,6,3,11,20,18,9,4,3,0,1.654554,4.048994,2.42406,3.342084,4.779815,0.726028,0.72223,0.535813,0
user_33270,2021-08-11 08:06:00,11,17,2,5,8,4,8,17,1,18,18,2,0,3.795536,1.334614,2.616019,1.428035,1.299801,1.802596,0.511324,0.856434,1
user_33271,2021-09-27 01:35:00,20,12,22,1,10,5,18,14,0,6,8,0,0,3.467896,3.484008,0.782852,0.853863,3.511647,4.62163,0.219348,0.566693,0
user_33272,2021-10-01 16:03:00,13,3,27,4,2,5,9,7,11,15,18,4,0,3.655859,2.724868,3.111404,3.599853,3.788505,3.641821,0.980863,0.657616,1
user_33273,2021-08-23 02:34:00,49,8,2,3,5,0,11,9,0,16,16,0,0,0.747568,4.89596,0.737573,3.603115,0.654347,1.478365,0.577878,0.507176,1
user_33274,2021-10-07 16:53:00,6,20,9,0,5,3,5,18,17,19,3,3,0,3.087624,2.339518,0.879062,4.050397,0.130386,1.966149,0.697323,0.429129,0
user_33275,2021-08-02 06:37:00,10,2,20,5,0,4,12,10,17,19,1,0,0,0.267348,0.825857,3.949394,1.283648,4.676356,3.744128,0.786146,0.362494,0
user_33276,2021-08-17 06:59:00,49,18,27,0,1,3,18,16,6,4,11,1,0,0.37287,0.893635,4.172622,2.046507,3.82311,3.362343,0.714674,0.584381,0
user_33277,2021-08-30 12:18:00,25,16,9,5,10,5,1,12,10,11,2,0,0,2.280982,4.427565,1.531996,3.140619,3.685548,3.705543,0.393195,0.91844,0
user_33278,2021-10-04 10:10:00,16,17,13,4,7,0,15,4,18,5,9,0,0,4.220562,3.869579,3.908505,4.455773,3.18913,0.864155,0.63923,0.239943,1
user_33279,2021-10-26 02:21:00,25,13,2,0,3,5,9,12,7,9,14,1,0,4.065244,1.618779,2.270639,2.492085,2.106241,2.493609,0.588507,0.34141,1
user_33280,2021-08-04 19:48:00,39,14,23,5,4,1,20,12,16,6,13,2,0,4.309333,1.240634,4.84991,1.731532,4.66738,2.903287,0.565603,0.788259,1
user_33281,2021-08-25 03:40:00,23,10,15,3,2,2,12,9,13,4,0,2,0,2.398251,1.696365,0.727893,0.15807,2.694614,1.145215,0.90265,0.924803,0
user_33282,2021-09-04 07:50:00,50,12,21,2,8,5,15,5,6,4,1,5,1,2.868417,4.064954,2.405436,3.265945,1.559749,1.36543,0.645119,0.556193,1
user_33283,2021-08-07 17:31:00,11,7,17,3,5,1,15,14,18,11,12,5,1,1.427119,1.00501,4.75503,4.432718,4.663692,3.114994,0.607336,0.890775,1
user_33284,2021-10-04 09:17:00,2,18,18,4,6,3,20,8,0,2,12,0,0,3.11836,2.665244,0.381363,0.998488,4.587085,4.146346,0.87024,0.441463,1
user_33285,2021-09-25 15:04:00,31,2,3,1,3,5,17,12,8,4,16,5,1,0.492736,2.601443,4.556589,1.823542,4.075023,0.67566,0.923552,0.28991,0
user_33286,2021-09-22 03:13:00,46,15,28,5,9,1,3,5,10,16,2,2,0,4.669585,2.989209,3.573268,2.277274,2.697976,1.208728,0.811662,0.934648,1
user_33287,2021-08-20 03:42:00,39,9,28,0,6,0,0,11,18,9,12,4,0,2.024657,3.567465,1.124147,2.711955,1.630224,3.463911,0.519025,0.905116,1
user_33288,2021-10-02 11:30:00,12,4,20,5,7,1,15,2,17,16,20,5,1,0.690055,1.048617,2.139354,3.221588,4.080811,1.992187,0.928146,0.593493,1
user_33289,2021-10-21 14:37:00,21,0,29,1,6,5,12,13,5,3,10,3,0,1.230445,0.642893,0.525633,2.703304,1.3045,2.87804,0.535376,0.854214,1
user_33290,2021-10-28 12:51:00,7,19,5,4,8,2,16,18,8,14,0,3,0,2.91518,0.768641,2.264544,4.613383,0.568851,4.883838,0.534368,0.559633,0
user_33291,2021-09-13 13:50:00,25,12,5,4,10,5,15,17,10,16,9,0,0,1.870183,2.520471,3.705205,4.03611,0.469363,2.34656,0.847571,0.853978,0
user_33292,2021-10-17 03:57:00,47,19,9,0,8,3,1,15,7,10,1,6,1,2.592869,4.493414,1.047398,3.722427,0.498835,3.408854,0.435763,0.609291,1
user_33293,2021-09-02 01:12:00,49,20,26,5,10,0,5,7,18,17,3,3,0,1.15302,2.333071,3.466513,4.394289,0.821279,1.548353,0.899078,0.996513,0
user_33294,2021-10-01 15:41:00,36,15,13,2,3,2,20,3,19,15,2,4,0,4.868494,4.262737,1.759094,3.779501,1.693186,4.988417,0.874868,0.825493,0
user_33295,2021-10-24 23:03:00,45,13,10,1,1,3,6,4,17,6,13,6,1,2.078046,4.889647,4.57831,4.296869,1.264897,1.528778,0.403634,0.287956,1
user_33296,2021-08-05 08:36:00,15,4,10,0,3,1,6,1,15,16,13,3,0,4.432259,3.756421,4.763095,2.957233,4.568227,1.612556,0.536533,0.238134,0
user_33297,2021-08-10 11:34:00,38,19,25,2,0,1,3,15,4,15,17,1,0,3.824332,4.267961,4.281723,3.686854,1.078987,2.847053,0.968671,0.346765,0
user_33298,2021-09-30 00:42:00,50,12,17,4,1,5,5,15,4,2,10,3,0,3.639905,4.869787,4.362046,1.376877,1.059966,3.561863,0.888307,0.48594,0
user_33299,2021-08-18 19:08:00,33,16,19,0,10,2,3,4,16,19,10,2,0,3.018996,4.960161,4.128379,2.054801,1.191937,3.670158,0.909618,0.498657,1
user_33300,2021-10-24 20:51:00,43,17,23,0,10,0,15,9,9,16,0,6,1,0.390227,0.816417,2.415882,4.188898,0.207278,1.877669,0.792373,0.702153,0
user_33301,2021-10-07 01:03:00,38,18,13,3,10,0,17,7,1,2,6,3,0,4.153095,4.008222,4.25563,2.263782,4.601925,3.820369,0.559852,0.823907,0
user_33302,2021-08-01 18:50:00,24,6,25,2,9,5,6,19,4,9,20,6,1,1.527412,2.264767,4.574146,4.94078,2.780072,1.841348,0.470733,0.441128,1
user_33303,2021-08-19 20:41:00,5,20,20,3,5,4,0,6,16,18,6,3,0,2.866214,3.381911,4.502427,0.308675,0.28849,1.266943,0.442607,0.778185,0
user_33304,2021-09-07 01:15:00,13,2,4,0,3,3,3,1,16,8,8,1,0,0.747794,3.105958,4.102174,1.142533,2.286056,0.287965,0.698509,0.832093,0
user_33305,2021-10-20 03:55:00,44,16,21,4,7,5,12,8,11,1,7,2,0,1.620603,1.124359,4.449754,1.601429,4.760044,1.999373,0.402349,0.871327,0
user_33306,2021-08-15 11:37:00,49,17,9,3,0,3,4,11,3,13,4,6,1,0.224774,2.106435,2.646267,2.129097,2.84421,3.629505,0.389441,0.725532,0
user_33307,2021-10-23 01:48:00,36,3,2,1,5,4,19,16,5,15,10,5,1,1.130321,3.603493,3.601027,0.458011,0.502741,1.492637,0.349705,0.403123,0
user_33308,2021-08-05 18:42:00,21,18,23,5,6,5,19,2,9,10,12,3,0,0.126103,4.038523,2.753272,2.342347,1.958883,1.675643,0.788188,0.629326,0
user_33309,2021-08-23 13:12:00,50,16,7,2,4,1,10,9,7,9,15,0,0,1.59902,4.82219,4.260853,0.61733,1.206678,3.363067,0.787842,0.53701,1
user_33310,2021-09-07 23:25:00,38,11,5,3,1,4,4,0,17,19,4,1,0,4.588314,4.675572,3.854683,0.52908,3.827445,1.817183,0.241207,0.922626,1
user_33311,2021-10-18 03:39:00,15,20,30,5,3,5,16,10,7,12,15,0,0,2.074665,2.674701,1.534264,2.095749,0.949899,2.928435,0.806613,0.55852,1
user_33312,2021-10-28 00:56:00,17,14,18,3,6,3,14,1,9,17,4,3,0,2.86591,4.255198,3.53138,1.717477,0.164436,3.808786,0.204728,0.60729,0
user_33313,2021-09-25 00:16:00,25,13,13,2,1,5,10,5,12,11,16,5,1,1.666803,0.346262,4.349937,2.329099,2.571629,2.085156,0.377535,0.740663,0
user_33314,2021-09-01 13:40:00,10,18,2,1,0,1,13,8,4,19,1,2,0,3.19594,0.865401,0.897645,0.463324,2.298552,3.59481,0.758592,0.789234,1
user_33315,2021-10-03 09:30:00,27,19,27,5,1,2,20,9,18,10,3,6,1,4.340371,2.555418,2.85129,3.164887,4.142929,0.638408,0.429779,0.804438,1
user_33316,2021-08-09 12:50:00,1,17,15,1,10,1,3,0,0,10,10,0,0,2.600463,0.634695,2.113,2.133746,0.776066,4.827135,0.472004,0.46075,0
user_33317,2021-09-06 06:49:00,31,6,2,3,3,0,8,13,5,3,0,0,0,0.117658,4.772417,1.959872,3.25531,2.062084,3.232304,0.525986,0.839906,0
user_33318,2021-09-14 23:20:00,24,17,22,5,0,2,9,6,11,8,0,1,0,2.167585,0.278363,2.090761,3.402517,3.908859,4.088514,0.609106,0.837922,1
user_33319,2021-08-04 03:55:00,49,6,18,2,0,4,4,15,4,11,15,2,0,3.855945,2.270122,3.490984,3.136607,4.978474,3.544037,0.529172,0.39113,1
user_33320,2021-08-03 07:17:00,36,20,16,3,5,2,4,8,15,15,13,1,0,1.792257,1.317815,4.299361,0.316319,1.814177,3.485317,0.843176,0.533422,0
user_33321,2021-08-09 06:55:00,34,5,10,0,3,4,7,4,11,15,0,0,0,2.775364,1.729385,4.899265,1.373209,0.580154,1.29984,0.613872,0.95363,1
user_33322,2021-09-24 08:13:00,18,10,24,1,0,1,16,12,4,0,10,4,0,2.551918,3.017348,0.708043,4.809636,0.959427,4.540339,0.780515,0.831802,1
user_33323,2021-08-02 23:49:00,32,9,4,5,8,0,18,15,13,16,0,0,0,2.782488,2.758629,3.447514,4.064403,1.228787,1.623049,0.794759,0.617798,1
user_33324,2021-08-31 07:52:00,44,2,20,2,4,5,15,3,20,4,2,1,0,3.987282,1.738713,2.05248,1.369873,1.828209,1.118473,0.35308,0.486531,0
user_33325,2021-09-28 14:33:00,32,10,4,5,2,2,14,0,5,14,15,1,0,1.90342,0.243918,2.517418,1.753243,2.280201,4.911521,0.796724,0.209077,1
user_33326,2021-09-13 15:19:00,7,13,25,5,4,2,2,15,19,15,18,0,0,1.990323,2.596977,4.569464,1.193314,3.031163,0.488142,0.841353,0.729793,0
user_33327,2021-10-27 16:30:00,33,14,16,1,3,0,8,8,7,9,18,2,0,0.328133,2.645144,0.249454,2.852216,3.350446,2.312528,0.321725,0.498493,1
user_33328,2021-09-08 17:40:00,1,15,10,1,5,2,20,5,17,1,4,2,0,1.743029,1.883526,3.466711,1.291076,2.859872,4.041896,0.695748,0.532783,1
user_33329,2021-08-02 13:14:00,32,12,17,3,8,3,0,14,11,0,3,0,0,0.815949,4.293605,0.518768,0.580803,3.055621,4.247408,0.819091,0.35209,0
user_33330,2021-08-26 15:46:00,49,6,26,3,8,4,9,19,11,2,9,3,0,0.369846,1.889854,3.027731,4.431542,4.75037,4.638826,0.877454,0.200714,0
user_33331,2021-08-19 03:22:00,40,10,16,1,4,0,18,18,10,17,3,3,0,3.523425,2.133607,4.571228,1.623216,0.73936,0.315053,0.640643,0.808212,1
user_33332,2021-09-28 18:36:00,45,12,18,2,3,2,16,10,13,11,19,1,0,1.198876,1.40097,4.08953,0.32455,4.153699,2.584911,0.309824,0.915913,0
user_33333,2021-10-18 18:20:00,39,19,7,3,6,2,7,18,13,4,5,0,0,3.835409,0.348263,1.796654,2.246305,1.974232,3.026282,0.971939,0.58893,0
user_33334,2021-10-20 08:58:00,22,13,25,5,10,1,12,14,3,11,5,2,0,4.901639,4.557601,4.771995,2.255389,4.564494,3.580776,0.27912,0.534266,1
user_33335,2021-09-14 23:27:00,47,10,27,0,10,0,4,16,14,13,8,1,0,0.112913,4.383273,1.052969,3.033475,0.148218,3.413055,0.732936,0.767238,0
user_33336,2021-08-05 17:35:00,45,11,26,1,10,2,1,20,6,0,4,3,0,0.975727,2.843846,3.599032,1.7688,2.392993,2.148025,0.459096,0.604261,0
user_33337,2021-10-12 18:15:00,15,13,2,5,3,4,20,5,2,5,16,1,0,1.4827,0.758913,2.592486,3.538796,4.337564,1.618306,0.405878,0.303443,0
user_33338,2021-09-10 21:31:00,20,18,6,2,5,4,10,7,9,9,14,4,0,1.741771,1.029304,1.184438,1.44905,1.309601,2.872079,0.512112,0.241216,0
user_33339,2021-09-22 14:18:00,16,2,8,5,8,0,16,9,13,12,5,2,0,2.490103,3.816354,1.787554,2.555143,1.319077,0.458997,0.465922,0.266891,1
user_33340,2021-08-24 12:25:00,8,7,24,4,6,0,7,19,15,3,0,1,0,4.517684,3.11463,0.530869,3.939291,4.859841,3.004955,0.709959,0.882427,1
user_33341,2021-09-29 19:19:00,22,1,2,4,7,2,11,9,12,0,3,2,0,1.093295,2.548063,1.998512,0.820387,0.651686,2.571189,0.396978,0.861769,1
user_33342,2021-08-18 20:12:00,35,12,28,1,4,0,13,19,8,17,4,2,0,1.471024,1.726511,4.648844,0.54045,4.920922,4.077147,0.507609,0.431233,1
user_33343,2021-08-29 21:33:00,50,20,20,2,1,1,2,5,0,13,20,6,1,3.319891,3.74462,1.748,3.089993,0.904855,1.716884,0.936847,0.216287,0
user_33344,2021-09-18 04:15:00,14,11,6,0,6,2,6,4,6,3,9,5,1,4.943046,0.890869,3.054027,3.604684,3.778495,2.721567,0.825096,0.223465,0
user_33345,2021-09-06 11:14:00,41,16,5,4,6,1,11,14,5,17,16,0,0,1.213554,4.431023,3.4434,0.630177,2.275768,4.124749,0.851328,0.299442,0
user_33346,2021-08-01 15:01:00,1,6,15,5,4,4,10,16,4,19,13,6,1,4.907169,0.67992,1.740688,0.445015,0.232892,2.493384,0.68037,0.692707,0
user_33347,2021-09-03 01:27:00,17,2,18,3,9,1,3,10,1,4,9,4,0,0.459744,2.832466,3.721747,0.608353,4.352416,3.139665,0.345836,0.386193,1
user_33348,2021-08-24 02:07:00,40,6,21,0,8,0,6,7,17,18,13,1,0,4.294258,4.877788,0.455872,1.667108,2.337522,4.431597,0.670811,0.351473,1
user_33349,2021-08-12 23:27:00,15,16,19,4,7,5,17,4,18,15,9,3,0,0.97275,0.945984,3.22073,1.42163,2.440134,3.50417,0.24312,0.461941,1
user_33350,2021-10-22 01:08:00,42,8,18,3,9,0,5,19,13,16,3,4,0,4.557371,2.967597,1.200715,1.750289,4.576567,2.011936,0.864844,0.969949,1
user_33351,2021-08-18 10:43:00,25,1,4,2,7,5,8,19,1,10,4,2,0,3.414432,1.840664,1.66001,1.950748,0.606938,2.617363,0.458888,0.593157,1
user_33352,2021-09-07 17:36:00,14,8,6,0,10,2,9,15,0,8,4,1,0,2.753626,4.837677,4.473504,4.196361,4.738952,1.249984,0.769237,0.720517,1
user_33353,2021-08-10 22:25:00,31,6,19,1,1,3,1,16,7,7,2,1,0,3.205246,4.243505,0.258179,3.705645,4.487685,4.630085,0.441954,0.468423,0
user_33354,2021-09-29 14:25:00,4,9,9,4,9,3,5,2,7,5,7,2,0,2.021258,1.211443,3.207169,3.443162,3.427844,2.622842,0.635886,0.243278,0
user_33355,2021-09-02 03:52:00,38,6,26,5,7,1,3,17,1,14,16,3,0,1.924515,1.766739,2.415077,1.158555,4.495366,3.283041,0.833396,0.480762,1
user_33356,2021-08-18 14:02:00,38,9,7,5,5,4,1,17,1,13,2,2,0,4.22223,3.93673,3.722487,3.008002,0.327745,2.192598,0.888258,0.712802,1
user_33357,2021-08-21 20:16:00,11,0,14,3,8,1,16,17,8,2,20,5,1,2.289273,4.746314,4.149699,3.759494,4.849223,0.67918,0.803402,0.37724,0
user_33358,2021-08-08 03:49:00,38,0,26,2,7,0,11,13,1,15,8,6,1,3.081409,0.291029,0.496328,3.644326,2.104319,1.062263,0.980118,0.487044,1
user_33359,2021-10-14 00:07:00,31,5,8,5,10,0,19,14,19,14,19,3,0,1.173006,4.042501,2.367556,3.328496,2.658074,3.288944,0.305974,0.49923,1
user_33360,2021-10-22 18:09:00,11,17,12,1,8,1,2,3,20,1,5,4,0,1.425886,4.225204,1.320244,3.900015,0.465966,0.169041,0.317663,0.220749,1
user_33361,2021-10-01 02:07:00,25,12,16,0,7,1,2,0,2,9,13,4,0,0.324139,3.920126,2.87031,4.3151,2.67405,2.456783,0.636316,0.704713,0
user_33362,2021-09-01 01:34:00,47,14,29,3,4,1,15,3,3,15,18,2,0,1.320654,3.641541,4.231047,3.817383,2.06784,1.721856,0.696956,0.318423,0
user_33363,2021-10-21 10:40:00,21,14,7,1,4,3,1,17,20,20,11,3,0,2.599762,1.084156,4.085862,0.767616,0.850018,4.002745,0.579847,0.743121,1
user_33364,2021-08-01 02:10:00,45,0,21,2,3,2,9,7,12,19,1,6,1,0.39142,2.117199,0.811848,4.276074,3.543315,3.873583,0.707657,0.577746,1
user_33365,2021-09-30 14:08:00,27,12,1,2,3,4,5,1,0,3,5,3,0,4.410944,0.936302,3.841804,4.449832,0.722514,2.943057,0.546734,0.975543,1
user_33366,2021-09-21 03:27:00,11,14,2,4,0,0,7,15,15,6,14,1,0,2.479522,0.181723,3.17034,4.466362,3.328231,0.12472,0.354969,0.982815,1
user_33367,2021-09-10 22:33:00,41,14,20,0,3,4,18,20,10,12,3,4,0,1.98889,1.993174,1.870971,0.984718,4.077219,4.519533,0.637752,0.322331,0
user_33368,2021-08-31 12:08:00,29,13,2,4,1,5,4,1,1,17,4,1,0,2.240346,1.059123,1.058323,2.551046,3.97416,1.941072,0.983874,0.925351,0
user_33369,2021-10-26 21:16:00,34,3,21,5,5,0,13,7,17,6,2,1,0,3.148859,3.874786,4.68356,2.900028,0.812647,1.202866,0.82518,0.741469,1
user_33370,2021-08-25 10:39:00,37,15,3,1,9,4,1,10,0,12,12,2,0,4.65807,2.475538,1.569051,1.734241,4.021249,3.440606,0.767981,0.598648,1
user_33371,2021-08-22 00:33:00,26,3,17,1,7,4,13,11,1,1,13,6,1,0.382653,2.0566,3.182769,4.525356,4.628049,0.394944,0.303167,0.765861,0
user_33372,2021-08-24 18:46:00,44,11,27,1,10,3,8,20,16,15,16,1,0,1.720643,2.322016,2.535193,3.448026,3.012138,2.058062,0.767813,0.516155,0
user_33373,2021-08-05 10:12:00,11,5,17,0,8,1,0,5,5,5,12,3,0,1.885244,4.20564,1.913254,3.799176,3.596086,1.852382,0.708613,0.249662,1
user_33374,2021-09-07 21:08:00,29,14,12,4,9,1,15,16,16,20,6,1,0,1.632554,4.176475,3.128535,2.539831,0.521326,1.89275,0.970077,0.83452,0
user_33375,2021-09-22 08:54:00,9,3,16,3,7,4,7,19,18,18,2,2,0,2.827434,0.432216,0.683768,4.458723,1.28557,4.09781,0.510942,0.890919,1
user_33376,2021-09-28 00:37:00,48,14,22,2,5,5,16,15,7,0,14,1,0,3.339138,2.960272,2.578853,4.753777,4.769135,4.806012,0.543633,0.675252,1
user_33377,2021-08-17 17:27:00,15,7,27,2,2,5,4,14,15,10,17,1,0,4.016872,4.592628,0.121053,0.748453,2.805351,1.68015,0.809515,0.799762,0
user_33378,2021-08-16 14:44:00,44,5,30,0,1,2,7,17,19,15,20,0,0,1.340691,3.771623,2.128654,1.240048,4.957096,2.733701,0.4797,0.854274,0
user_33379,2021-10-12 22:03:00,42,0,26,3,8,4,13,0,20,17,5,1,0,3.276645,0.938081,4.464578,3.917499,2.284597,3.644566,0.278517,0.869549,0
user_33380,2021-10-03 20:05:00,5,18,6,2,7,0,6,2,6,18,18,6,1,2.613933,3.509049,4.816273,4.343659,3.344459,3.092853,0.238694,0.528575,0
user_33381,2021-08-06 18:00:00,45,13,15,4,3,1,17,11,18,8,0,4,0,1.642541,1.53518,4.052988,1.262368,1.32144,2.020803,0.483756,0.597943,0
user_33382,2021-08-20 16:49:00,27,13,24,1,0,1,17,11,15,13,14,4,0,1.343782,3.677714,0.823547,3.695642,3.283467,0.97346,0.892949,0.413937,0
user_33383,2021-08-17 07:13:00,5,4,29,4,2,2,15,0,3,2,17,1,0,4.307411,3.510338,0.721758,3.056946,1.322065,4.238887,0.813792,0.583834,0
user_33384,2021-08-03 15:02:00,7,3,20,5,8,5,11,0,17,11,5,1,0,1.157235,4.413657,1.441024,1.938681,0.184764,4.424083,0.282776,0.863311,0
user_33385,2021-09-08 20:49:00,49,1,3,4,1,1,3,2,13,5,13,2,0,4.849144,4.677959,4.294952,3.497326,1.693422,4.105274,0.688354,0.956929,1
user_33386,2021-10-09 08:15:00,1,16,16,0,9,4,10,11,13,1,14,5,1,2.934531,4.791898,0.175912,0.25625,1.882254,2.932959,0.320526,0.673536,1
user_33387,2021-10-05 04:28:00,32,19,3,1,2,2,7,5,14,7,6,1,0,1.096555,2.330554,3.155428,3.472724,1.383731,4.575735,0.386663,0.378425,1
user_33388,2021-10-21 19:24:00,35,14,26,1,5,5,18,16,0,15,0,3,0,2.266328,4.841622,1.233827,0.753331,3.583839,3.287692,0.662427,0.978026,1
user_33389,2021-10-09 13:13:00,46,11,15,5,4,3,1,12,4,1,13,5,1,2.766888,2.806957,3.755558,1.419527,0.261841,0.577209,0.414551,0.618468,0
user_33390,2021-08-06 18:57:00,32,4,11,5,8,4,12,1,7,10,5,4,0,3.063396,1.632349,3.422486,0.760823,2.878012,3.20742,0.66119,0.317584,1
user_33391,2021-10-13 13:52:00,19,6,20,3,7,1,9,3,4,18,7,2,0,1.887964,0.806673,2.745754,1.106544,2.243678,1.486035,0.225464,0.975282,0
user_33392,2021-10-20 12:20:00,31,17,11,5,2,1,3,16,3,7,4,2,0,3.453011,2.309157,3.587346,0.18683,0.651762,0.455627,0.709704,0.316237,0
user_33393,2021-09-15 22:59:00,15,1,30,2,6,3,16,20,12,17,13,2,0,1.184236,0.736381,0.513458,2.547984,0.28897,1.66998,0.552072,0.953163,0
user_33394,2021-09-17 04:21:00,18,2,23,0,1,2,10,20,13,11,9,4,0,1.9442,2.84437,4.820639,3.839244,1.250126,4.092988,0.287958,0.776187,1
user_33395,2021-09-20 00:36:00,16,11,15,5,7,0,15,5,12,6,12,0,0,3.769862,2.94968,3.50224,0.251759,2.777151,4.609397,0.660239,0.584188,0
user_33396,2021-10-05 17:54:00,49,6,2,0,8,4,18,2,8,0,15,1,0,4.533602,0.614306,4.785117,2.375213,1.002238,1.040497,0.966005,0.251671,0
user_33397,2021-08-17 02:25:00,45,14,19,2,5,2,19,2,7,12,20,1,0,0.937049,0.187719,1.212318,1.033524,4.419299,3.251909,0.215565,0.311013,0
user_33398,2021-09-13 23:41:00,43,18,19,2,2,2,15,2,20,5,1,0,0,0.841253,4.730361,4.974058,0.472422,1.667242,3.062251,0.345743,0.968778,0
user_33399,2021-10-04 14:43:00,14,1,24,0,5,3,12,20,20,10,2,0,0,1.211091,4.515866,0.486742,1.85578,2.742428,2.225155,0.672657,0.687328,0
user_33400,2021-10-02 02:20:00,24,3,25,1,5,4,15,3,1,3,18,5,1,2.935422,2.483596,1.259813,2.648782,1.975427,1.16547,0.376953,0.591729,0
user_33401,2021-09-12 21:36:00,44,11,10,0,9,4,9,15,8,6,0,6,1,1.470901,3.272683,2.134436,0.268963,0.756794,3.607243,0.306647,0.50962,0
user_33402,2021-09-02 00:20:00,23,17,8,2,2,4,20,13,5,2,19,3,0,3.760115,3.678491,4.803433,2.709367,2.026476,3.425835,0.211304,0.355265,0
user_33403,2021-08-29 05:56:00,22,5,17,0,7,1,3,5,1,1,11,6,1,0.832191,4.24864,0.573428,2.366916,4.360582,4.024552,0.845388,0.86421,0
user_33404,2021-08-16 11:15:00,39,10,12,4,1,3,11,15,19,20,4,0,0,0.668657,2.296763,2.246402,1.184865,0.460752,3.643361,0.745328,0.871697,0
user_33405,2021-10-03 12:19:00,1,11,28,3,1,2,11,2,19,14,8,6,1,3.659105,1.088253,0.714858,0.89374,2.426854,1.077749,0.685759,0.917372,1
user_33406,2021-10-25 00:01:00,13,0,12,3,4,2,16,5,11,4,2,0,0,1.125088,3.490513,4.07619,0.280011,4.61864,3.455639,0.606272,0.647641,0
user_33407,2021-09-25 07:46:00,41,4,30,1,4,0,6,1,0,8,13,5,1,0.897902,0.278173,1.714606,2.622734,2.673682,1.505955,0.608698,0.716904,1
user_33408,2021-10-03 14:31:00,4,14,10,3,9,1,10,20,10,20,13,6,1,0.295793,4.413921,0.406054,2.046129,4.262531,4.778779,0.757487,0.303159,0
user_33409,2021-08-21 12:54:00,33,16,30,1,9,3,12,14,4,2,3,5,1,0.175741,2.304822,4.108648,1.937895,1.141387,0.370311,0.417312,0.706935,1
user_33410,2021-10-19 07:44:00,42,16,3,3,6,0,18,17,6,16,20,1,0,2.552669,1.775068,4.028611,4.202816,0.542967,3.311354,0.698577,0.717731,1
user_33411,2021-08-18 10:53:00,17,0,1,1,2,1,18,11,6,4,5,2,0,4.696449,2.51543,0.216479,0.942338,1.606672,3.088755,0.780175,0.58125,1
user_33412,2021-08-07 11:07:00,32,14,30,3,6,3,2,1,16,15,17,5,1,3.20864,4.75191,3.109087,4.857456,0.203911,2.808439,0.522283,0.924428,1
user_33413,2021-09-27 04:01:00,36,0,2,1,0,1,9,10,20,13,16,0,0,2.063931,2.653226,0.135216,1.432624,3.707028,1.561386,0.470199,0.353511,0
user_33414,2021-10-14 14:12:00,40,14,15,0,2,3,19,15,11,10,17,3,0,4.370101,2.831472,2.167944,1.552713,1.562359,0.923752,0.976399,0.385292,1
user_33415,2021-09-09 07:44:00,37,7,2,4,4,5,20,13,10,6,17,3,0,4.218174,3.576445,4.74452,2.547407,1.02221,2.768473,0.399617,0.874595,0
user_33416,2021-10-22 22:40:00,37,17,27,0,9,2,7,13,1,8,15,4,0,3.773619,0.255692,4.422923,4.031804,2.739045,0.921758,0.942181,0.600674,0
user_33417,2021-09-29 12:35:00,37,13,19,1,3,1,1,8,0,19,10,2,0,1.336471,0.863648,3.820326,4.549459,2.444116,1.574947,0.421066,0.494475,1
user_33418,2021-08-15 04:45:00,30,15,1,2,5,0,0,9,0,4,4,6,1,1.92685,1.980943,2.127337,4.780065,2.165474,2.205184,0.288478,0.975412,1
user_33419,2021-09-07 18:12:00,3,3,7,2,8,0,10,7,17,13,12,1,0,2.057851,1.702002,4.183402,1.218959,3.841579,1.187798,0.307323,0.515112,1
user_33420,2021-08-21 01:19:00,42,18,13,0,10,2,10,19,14,13,6,5,1,1.066507,4.993592,2.988657,4.923523,3.724658,0.239918,0.349266,0.882891,0
user_33421,2021-09-04 20:21:00,42,11,13,2,10,0,2,4,14,17,13,5,1,1.136561,0.439519,1.284894,0.57367,2.54354,3.116098,0.470436,0.857178,1
user_33422,2021-09-16 01:35:00,9,5,28,4,5,4,14,15,1,5,19,3,0,4.382723,1.951907,3.288277,2.515647,0.870083,4.474247,0.694061,0.535917,1
user_33423,2021-08-12 02:34:00,6,4,21,2,5,2,15,1,6,1,5,3,0,4.863286,4.935989,2.701839,1.728576,4.326356,2.81663,0.542081,0.337427,1
user_33424,2021-08-14 04:22:00,8,2,14,5,6,1,16,7,15,2,10,5,1,0.721449,1.555774,0.795949,0.29804,0.646423,2.963599,0.344661,0.916836,0
user_33425,2021-08-03 03:57:00,38,2,3,1,4,5,14,6,19,12,5,1,0,0.823286,3.08476,1.983418,3.622952,2.465059,4.93452,0.959283,0.249122,0
user_33426,2021-09-02 21:38:00,29,17,15,2,8,4,14,10,7,10,20,3,0,0.965898,2.866355,3.094686,2.204651,2.367681,1.478761,0.964053,0.855476,1
user_33427,2021-09-26 08:07:00,2,3,23,5,9,3,5,12,0,20,3,6,1,0.777721,2.741438,2.241542,2.401998,3.399791,4.421345,0.311965,0.451348,1
user_33428,2021-10-08 09:54:00,12,20,8,3,0,4,13,17,19,14,15,4,0,3.509498,1.821023,2.633765,4.037302,4.630714,3.726927,0.366309,0.877187,0
user_33429,2021-08-27 04:30:00,14,20,7,5,4,0,12,13,6,1,14,4,0,4.138382,4.514363,0.73679,3.416478,4.936537,0.601567,0.763054,0.817112,1
user_33430,2021-10-20 14:37:00,37,7,23,1,5,3,15,15,13,12,3,2,0,4.518899,1.738,1.884462,2.643337,2.505164,0.2106,0.767818,0.662803,1
user_33431,2021-08-31 16:02:00,48,14,10,5,10,4,0,13,2,2,8,1,0,3.462001,1.622791,3.363582,2.249345,0.288169,4.143116,0.427949,0.588472,0
user_33432,2021-08-08 07:59:00,36,20,10,5,0,3,18,13,17,5,14,6,1,3.514469,1.81667,1.132758,1.919804,3.657485,2.853136,0.824243,0.315818,0
user_33433,2021-10-15 09:37:00,37,19,6,0,7,2,14,15,19,7,3,4,0,2.591737,2.684886,4.095098,2.825827,2.290048,4.101458,0.273361,0.824062,1
user_33434,2021-09-14 19:42:00,1,12,20,2,0,4,5,10,2,16,1,1,0,4.951577,1.441692,1.156954,2.700414,3.248442,4.369327,0.783917,0.947285,1
user_33435,2021-08-06 16:17:00,17,6,19,3,8,2,0,10,6,17,19,4,0,2.859688,4.902129,4.382821,0.80947,4.573452,1.300069,0.24698,0.584069,1
user_33436,2021-09-02 07:36:00,6,3,9,3,0,4,10,5,18,11,5,3,0,2.582625,1.197576,0.295501,1.00314,3.244191,1.616554,0.403932,0.837908,1
user_33437,2021-09-07 13:18:00,34,4,23,1,6,2,0,0,1,5,14,1,0,3.862388,4.565958,1.714412,1.803441,3.811816,3.28238,0.945157,0.624805,0
user_33438,2021-09-27 20:22:00,3,11,4,5,3,2,16,8,18,6,0,0,0,2.191184,1.866396,3.979034,2.996808,3.396687,3.982066,0.820894,0.785316,1
user_33439,2021-10-25 04:37:00,32,18,29,2,7,3,9,12,20,7,1,0,0,1.867683,4.916583,2.329407,2.598354,2.766035,1.762762,0.564851,0.326685,0
user_33440,2021-09-30 16:08:00,12,2,29,1,6,2,0,10,5,17,3,3,0,4.111647,0.347729,3.246199,3.59609,4.993172,2.614804,0.477007,0.380317,1
user_33441,2021-10-04 19:34:00,22,7,14,1,4,4,1,17,1,11,6,0,0,1.497969,1.421592,4.984137,0.712001,4.975321,2.020185,0.640972,0.825687,1
user_33442,2021-10-13 21:31:00,16,16,2,0,7,0,18,0,16,8,16,2,0,2.55004,1.428108,3.431171,2.109417,4.99489,1.457575,0.215908,0.300652,0
user_33443,2021-09-13 04:43:00,48,3,22,0,0,0,16,15,10,1,19,0,0,3.991557,3.207817,0.174096,0.958701,4.015685,0.864938,0.958712,0.827143,0
user_33444,2021-08-14 08:22:00,7,17,21,0,4,4,17,13,11,20,2,5,1,3.668496,3.534393,4.940047,2.136009,0.61803,3.032008,0.853566,0.337476,1
user_33445,2021-10-01 17:14:00,11,17,11,3,1,0,3,19,10,5,14,4,0,2.94399,1.666584,4.582187,2.459798,1.942089,2.922139,0.757351,0.815139,1
user_33446,2021-09-06 12:09:00,50,12,5,5,3,0,11,12,7,10,0,0,0,3.638812,3.157746,0.552231,1.125003,1.300064,0.183811,0.819739,0.431711,0
user_33447,2021-09-21 08:29:00,4,12,7,1,2,0,11,4,3,15,18,1,0,3.031317,3.207352,0.850502,2.401569,2.450052,0.497555,0.767041,0.249033,1
user_33448,2021-10-13 21:35:00,32,14,1,3,7,4,15,1,12,2,7,2,0,4.122651,4.1319,0.738448,2.93849,3.435996,1.961381,0.332587,0.486639,0
user_33449,2021-10-20 13:32:00,1,11,8,2,9,1,14,15,19,11,20,2,0,3.304505,4.175935,3.18049,1.623611,3.319209,0.936993,0.434772,0.638813,1
user_33450,2021-08-19 15:48:00,46,5,23,1,1,3,12,12,15,9,6,3,0,1.216225,2.376245,4.259848,0.570059,0.275083,3.867972,0.52912,0.614428,0
user_33451,2021-08-29 20:00:00,24,4,4,5,1,5,5,19,0,7,4,6,1,1.132021,4.505552,3.114816,1.086098,2.288888,3.403675,0.44416,0.867453,1
user_33452,2021-08-25 11:33:00,35,18,1,4,7,1,9,13,9,11,6,2,0,3.952264,2.45809,4.559177,2.139502,0.501452,2.176578,0.852671,0.579393,1
user_33453,2021-08-07 13:52:00,7,9,10,2,8,3,9,6,8,18,15,5,1,1.190067,4.027556,1.051682,1.209162,1.758824,4.207814,0.41022,0.284079,0
user_33454,2021-09-27 10:56:00,34,20,19,3,10,5,8,11,4,3,13,0,0,2.122612,2.115926,0.756539,4.435953,0.643232,2.480904,0.555321,0.737352,0
user_33455,2021-09-01 23:37:00,16,8,2,2,7,5,7,9,16,17,9,2,0,4.974034,0.11465,1.97215,2.369358,2.998079,2.889552,0.335375,0.20931,0
user_33456,2021-09-05 12:18:00,28,14,25,4,6,1,3,1,20,4,15,6,1,0.731308,2.35055,0.387812,3.35624,0.835955,0.537721,0.831144,0.806501,0
user_33457,2021-08-16 18:02:00,21,8,22,2,3,0,13,16,16,5,13,0,0,2.996244,4.734163,0.50923,1.981614,1.656038,0.337351,0.841706,0.828962,1
user_33458,2021-08-01 18:44:00,15,12,2,0,9,3,3,14,9,18,13,6,1,0.392485,0.310376,0.153916,2.09113,0.80178,2.652882,0.52381,0.675404,1
user_33459,2021-10-23 03:25:00,19,14,19,3,9,0,4,2,14,6,17,5,1,0.465707,0.465945,4.315051,1.219098,4.284745,3.434683,0.817889,0.96622,0
user_33460,2021-10-17 04:17:00,8,14,21,0,5,5,11,12,3,19,9,6,1,4.394552,1.791231,4.482153,1.745375,3.483952,1.540762,0.300418,0.435056,0
user_33461,2021-10-09 18:04:00,13,11,8,0,5,3,12,3,0,20,8,5,1,0.893334,0.126718,3.322583,2.179241,0.876423,1.334078,0.338185,0.724456,1
user_33462,2021-09-04 17:26:00,7,3,26,2,7,4,13,4,19,18,20,5,1,3.193423,1.22151,2.203902,2.147324,2.922494,0.573055,0.426497,0.658304,0
user_33463,2021-10-16 18:24:00,3,2,5,5,2,4,17,11,16,16,3,5,1,0.134299,3.922621,2.284699,4.893016,3.098251,2.18274,0.91104,0.59208,0
user_33464,2021-09-22 13:03:00,2,11,18,3,6,0,0,7,15,10,5,2,0,0.155658,1.049768,2.046117,2.765735,0.844426,2.240721,0.978594,0.722797,1
user_33465,2021-09-29 02:41:00,17,18,27,5,8,1,4,13,19,11,20,2,0,1.183252,4.938161,1.975255,3.959148,4.622349,3.698042,0.337424,0.907098,1
user_33466,2021-08-11 13:44:00,32,7,7,4,6,4,11,8,0,10,7,2,0,0.866271,4.527914,3.991136,4.162294,3.711372,4.165804,0.992424,0.707329,0
user_33467,2021-09-21 07:44:00,17,9,2,3,8,1,0,20,3,20,17,1,0,3.089838,3.852571,3.263729,4.361992,2.203724,4.625627,0.205847,0.599967,0
user_33468,2021-09-30 06:36:00,48,6,18,4,4,3,3,5,10,16,9,3,0,1.5912,1.250083,0.380766,0.282256,4.336013,3.262248,0.522434,0.355033,0
user_33469,2021-09-05 22:11:00,34,13,13,2,5,4,2,12,20,8,16,6,1,2.632131,4.260332,2.780139,2.118476,0.124975,1.390963,0.256873,0.642204,1
user_33470,2021-09-17 04:12:00,20,10,3,4,5,3,20,8,8,6,3,4,0,3.568729,4.76609,0.146695,2.875002,3.867928,2.936072,0.863912,0.365928,0
user_33471,2021-09-16 06:33:00,11,9,23,5,6,1,7,14,4,20,2,3,0,2.699654,3.265921,2.363937,1.761832,3.177712,1.259631,0.5296,0.685903,1
user_33472,2021-08-09 10:45:00,46,12,15,4,3,2,20,6,6,20,13,0,0,4.261315,0.763591,4.151314,2.46583,1.597398,0.114882,0.793246,0.955087,1
user_33473,2021-10-29 10:34:00,23,19,8,1,6,3,19,2,6,19,19,4,0,4.752821,2.1821,2.708223,0.995902,3.000742,4.214283,0.63161,0.297061,0
user_33474,2021-08-31 19:20:00,26,11,5,4,0,0,8,4,18,16,14,1,0,4.984181,4.421742,1.107799,0.20278,0.403703,1.37508,0.388844,0.437507,0
user_33475,2021-08-08 08:52:00,35,0,9,2,5,3,5,0,2,2,18,6,1,3.451608,0.733078,3.906235,0.82217,2.9548,2.804984,0.335166,0.417155,1
user_33476,2021-08-08 00:56:00,41,14,3,0,1,0,19,5,3,9,12,6,1,3.600735,2.415276,3.901529,1.500356,0.219995,3.848314,0.755707,0.276273,1
user_33477,2021-08-19 03:41:00,33,20,23,0,9,1,18,15,5,9,2,3,0,0.837125,4.792055,0.630612,2.179109,1.128336,4.411716,0.613489,0.949556,0
user_33478,2021-10-01 08:17:00,14,11,12,1,10,1,8,19,8,14,17,4,0,1.307278,0.832698,0.430055,1.9215,4.079685,0.899134,0.807441,0.864638,0
user_33479,2021-08-08 01:39:00,6,15,18,1,5,1,12,16,4,2,4,6,1,1.006667,3.718049,4.119415,0.590726,1.517618,2.33651,0.925482,0.442701,0
user_33480,2021-10-09 14:49:00,42,0,14,1,2,0,8,11,5,9,18,5,1,1.563356,0.655909,0.246756,1.166493,1.718851,4.273473,0.747305,0.64845,1
user_33481,2021-09-25 02:32:00,9,20,1,2,5,5,19,9,13,19,15,5,1,1.550926,4.397712,2.081755,4.393755,4.222429,4.53453,0.786023,0.856873,1
user_33482,2021-10-26 11:13:00,35,14,8,4,2,4,6,19,9,8,2,1,0,4.494934,2.795985,4.975801,3.274456,3.047119,4.013173,0.75001,0.677179,0
user_33483,2021-10-25 04:15:00,17,17,9,0,2,1,14,11,12,14,16,0,0,2.861182,3.986204,2.412443,2.329965,3.294902,1.993381,0.773493,0.666293,0
user_33484,2021-09-27 09:59:00,49,10,26,3,3,1,13,0,1,11,13,0,0,2.536552,0.871368,2.943232,0.652654,3.104828,1.5395,0.528863,0.927243,1
user_33485,2021-08-09 21:39:00,37,13,21,4,4,5,6,15,11,16,17,0,0,2.725064,4.902462,3.031659,4.972318,1.283909,1.198659,0.524308,0.725676,0
user_33486,2021-09-28 08:10:00,5,0,17,5,2,5,8,2,12,16,20,1,0,3.225137,4.288295,2.184618,3.469752,3.598355,0.695523,0.844993,0.983604,0
user_33487,2021-08-09 05:43:00,10,2,22,5,10,5,4,3,3,15,9,0,0,4.887318,3.496584,0.315763,0.956908,1.117925,3.875588,0.272774,0.402013,0
user_33488,2021-08-27 18:35:00,5,12,1,0,0,4,0,18,5,16,5,4,0,2.030433,4.533939,2.173824,2.790533,3.823207,3.984572,0.561595,0.29214,1
user_33489,2021-09-14 15:05:00,11,11,17,0,10,2,10,9,14,5,18,1,0,1.14123,3.718817,4.168542,4.120505,4.750588,2.138837,0.400384,0.809797,1
user_33490,2021-09-21 01:34:00,47,2,17,4,4,3,14,10,12,19,16,1,0,2.060695,2.074124,4.478408,4.623532,0.417638,1.424871,0.235061,0.658899,1
user_33491,2021-10-14 03:40:00,11,19,29,2,6,0,11,1,3,7,8,3,0,0.70252,1.712985,2.687489,2.23253,3.019058,2.69331,0.593766,0.229139,1
user_33492,2021-09-16 04:40:00,14,4,18,0,10,0,15,11,1,17,13,3,0,1.912857,0.530793,3.490705,3.93974,3.225737,2.653749,0.961847,0.247739,1
user_33493,2021-08-13 23:33:00,33,19,13,4,0,3,8,2,14,17,17,4,0,1.626426,2.779627,2.255942,4.287912,2.391965,1.991323,0.201768,0.562845,0
user_33494,2021-09-13 14:54:00,26,10,9,0,0,3,3,0,9,7,15,0,0,4.495386,0.355447,2.897064,0.231084,2.213954,3.12259,0.223081,0.952824,1
user_33495,2021-09-21 16:16:00,6,6,30,4,5,1,0,20,11,6,4,1,0,1.26422,4.50053,3.217537,2.688615,1.089823,1.094624,0.860809,0.939413,1
user_33496,2021-08-20 01:13:00,6,2,17,1,3,3,13,13,3,18,9,4,0,2.158785,2.962916,2.038293,1.549574,1.458565,3.325693,0.697634,0.364458,0
user_33497,2021-08-10 19:56:00,41,13,14,1,7,5,7,6,6,2,20,1,0,1.763908,1.440097,3.834237,3.697621,2.03739,2.675945,0.305727,0.324911,0
user_33498,2021-09-27 06:30:00,13,2,22,2,8,0,15,6,20,20,13,0,0,2.469337,0.67886,2.44095,4.793197,3.76343,1.123838,0.42864,0.660469,1
user_33499,2021-10-10 21:58:00,15,4,3,0,2,2,15,1,5,12,5,6,1,3.02062,4.593719,0.999985,1.839413,1.769969,1.547086,0.966557,0.595078,0
user_33500,2021-08-09 16:06:00,26,4,25,1,2,2,4,18,20,4,11,0,0,1.610635,1.209767,1.344557,1.849438,3.400612,1.14269,0.863876,0.810948,1
user_33501,2021-09-08 00:06:00,29,13,5,3,2,2,5,18,5,18,4,2,0,4.352491,1.021348,3.787838,4.004866,3.84975,2.470059,0.914599,0.289494,0
user_33502,2021-09-24 11:49:00,49,12,16,5,1,4,6,0,1,4,7,4,0,1.833652,4.697264,1.280276,3.874827,4.134896,1.429678,0.244058,0.856252,1
user_33503,2021-08-23 03:21:00,9,6,23,1,9,0,16,14,8,9,10,0,0,2.238429,4.307988,2.79447,4.937937,1.858272,3.815977,0.231621,0.76218,0
user_33504,2021-10-08 16:36:00,50,2,6,2,5,2,18,7,16,7,9,4,0,1.597255,4.856372,0.226243,3.902096,2.259773,0.215346,0.516105,0.288568,0
user_33505,2021-09-05 08:38:00,8,16,25,2,8,0,8,10,17,12,4,6,1,3.255937,2.874688,1.455419,1.431789,2.978809,2.87135,0.578473,0.737817,0
user_33506,2021-10-26 07:37:00,29,11,29,0,6,1,3,15,17,10,4,1,0,4.392175,2.665614,1.265963,1.306574,2.962538,1.316954,0.356877,0.716763,1
user_33507,2021-08-09 19:37:00,19,14,7,5,6,5,15,5,12,2,8,0,0,3.191361,0.74728,0.697659,0.503314,2.573803,3.838207,0.336376,0.706178,0
user_33508,2021-08-14 22:13:00,42,2,12,1,9,0,7,6,17,0,6,5,1,4.42231,3.790895,4.327895,2.906472,3.662713,4.261141,0.906846,0.307348,1
user_33509,2021-08-21 06:45:00,26,0,29,0,1,4,17,12,5,12,11,5,1,4.52127,2.772307,1.593974,4.534978,4.381664,4.189224,0.341949,0.676985,1
user_33510,2021-09-18 02:10:00,31,13,30,0,0,1,16,16,11,11,0,5,1,0.294923,1.186342,1.657755,4.733599,0.655852,1.037906,0.672247,0.871109,0
user_33511,2021-10-09 19:08:00,4,20,12,4,7,3,10,20,14,19,3,5,1,0.89273,2.475316,0.99923,4.412017,2.374481,4.313721,0.96671,0.932663,0
user_33512,2021-08-06 14:37:00,25,20,11,5,0,4,14,0,20,10,0,4,0,2.495765,4.426111,4.183397,1.226465,0.723122,1.117429,0.744537,0.452541,1
user_33513,2021-10-25 16:16:00,14,8,15,4,0,2,7,10,0,7,5,0,0,3.95934,1.139424,0.694529,2.80341,3.645438,1.451313,0.997202,0.864029,0
user_33514,2021-10-28 00:45:00,32,3,8,3,10,3,1,17,2,3,18,3,0,4.06993,1.329565,0.139289,4.075653,1.524694,0.161212,0.716128,0.821893,0
user_33515,2021-10-05 08:03:00,39,14,14,1,5,1,2,6,1,17,1,1,0,4.816194,1.687366,2.71977,1.848292,0.331784,3.180695,0.760971,0.407447,1
user_33516,2021-10-22 15:12:00,30,2,19,3,0,2,0,13,9,1,8,4,0,0.196974,3.912325,4.923984,1.370881,3.807751,4.896062,0.279112,0.446346,0
user_33517,2021-09-23 19:04:00,43,4,2,1,4,0,1,6,5,3,0,3,0,4.495628,3.117814,0.497876,1.829459,1.677248,3.015552,0.545539,0.755899,1
user_33518,2021-10-12 17:31:00,25,15,8,3,7,2,16,4,0,13,18,1,0,2.931876,1.99954,2.073095,0.123799,0.47238,3.963654,0.511823,0.746133,0
user_33519,2021-09-03 21:27:00,40,7,10,2,10,1,13,17,18,12,8,4,0,0.237283,3.469126,1.319791,3.043736,2.172311,1.169907,0.776113,0.766855,1
user_33520,2021-09-11 09:53:00,35,14,16,0,3,2,2,7,15,13,16,5,1,1.856739,2.429637,1.031481,4.92431,0.598638,3.896046,0.441871,0.758174,1
user_33521,2021-10-25 23:25:00,22,14,22,1,1,2,6,1,4,10,2,0,0,4.874489,3.371627,2.781307,1.843107,1.662681,2.095095,0.329236,0.716614,0
user_33522,2021-10-09 21:35:00,31,16,4,4,4,5,8,3,2,8,17,5,1,4.06001,3.7377,0.29341,4.647655,3.394466,3.281128,0.470901,0.422738,1
user_33523,2021-10-09 21:35:00,6,10,6,4,8,0,15,3,2,6,5,5,1,2.522692,3.980685,2.621258,0.798143,4.261364,3.230876,0.545481,0.49891,0
user_33524,2021-10-01 12:36:00,24,19,29,4,4,0,13,9,0,10,12,4,0,2.464205,0.742944,1.152532,0.106074,4.562843,1.764082,0.228922,0.696967,0
user_33525,2021-08-23 15:48:00,34,17,20,4,5,0,1,17,14,18,18,0,0,4.534502,2.115257,3.061582,2.724185,1.564653,1.881845,0.991657,0.750092,0
user_33526,2021-09-22 03:55:00,20,13,18,5,3,5,19,18,4,1,18,2,0,3.721102,3.923624,1.424058,0.379648,0.66082,1.038568,0.744833,0.917795,1
user_33527,2021-08-26 16:49:00,8,1,13,4,7,5,19,13,9,11,5,3,0,4.974413,2.457567,0.92245,1.769743,4.344411,3.437218,0.856763,0.549535,0
user_33528,2021-08-09 21:05:00,4,11,19,1,6,5,12,0,14,6,14,0,0,2.236138,1.023349,3.120503,4.872622,3.38528,4.178371,0.563973,0.933864,1
user_33529,2021-08-01 11:28:00,15,6,29,1,1,2,19,3,8,15,10,6,1,4.416399,3.245103,0.781608,3.899341,1.928391,3.939386,0.269008,0.592997,0
user_33530,2021-08-19 16:51:00,26,7,24,5,2,1,6,6,12,10,1,3,0,4.698561,4.286787,1.669965,4.820262,0.240896,4.130963,0.594661,0.700122,1
user_33531,2021-08-29 11:48:00,43,0,8,4,3,1,13,12,6,0,12,6,1,0.898206,1.2015,4.305238,3.092033,2.734262,3.145296,0.456043,0.65919,0
user_33532,2021-10-26 09:08:00,34,9,13,5,7,2,14,10,1,11,17,1,0,1.59191,3.35856,0.999383,3.072284,3.050162,0.21413,0.435775,0.328668,1
user_33533,2021-08-30 13:50:00,21,20,27,2,5,2,16,12,11,7,4,0,0,4.466529,0.785025,4.960943,3.434039,1.77976,2.045525,0.201633,0.201361,1
user_33534,2021-10-07 16:03:00,2,15,14,4,9,2,0,6,15,7,20,3,0,3.183491,4.250391,3.327342,2.039625,3.198409,2.308787,0.212422,0.838623,0
user_33535,2021-10-24 22:22:00,42,13,13,2,10,2,9,9,0,16,4,6,1,0.433288,2.761481,0.718413,2.716479,2.281908,1.588266,0.86649,0.98033,1
user_33536,2021-08-31 13:36:00,43,10,22,3,2,3,20,16,9,10,2,1,0,2.415794,1.923755,4.870426,0.685971,4.861568,0.397319,0.858526,0.349233,1
user_33537,2021-09-17 15:34:00,40,15,3,0,0,0,3,3,13,18,13,4,0,1.94786,3.272806,3.822046,0.665045,2.69427,4.563878,0.575157,0.663538,1
user_33538,2021-08-13 14:15:00,3,13,15,2,5,1,18,18,18,9,7,4,0,2.706985,2.943576,3.886584,3.61152,2.78167,0.385046,0.381074,0.95902,1
user_33539,2021-09-22 05:32:00,8,20,26,3,7,2,16,20,17,10,6,2,0,0.245499,0.873574,1.390653,4.903604,2.134028,2.814765,0.689046,0.966554,0
user_33540,2021-09-01 03:34:00,12,9,11,0,6,2,13,11,18,8,3,2,0,3.936145,2.013055,0.291392,2.436418,3.644785,0.890002,0.940998,0.955942,0
user_33541,2021-09-05 18:44:00,33,11,29,5,7,3,0,18,12,9,1,6,1,0.798452,2.543606,4.64941,4.326188,1.533403,4.122991,0.317323,0.302171,0
user_33542,2021-08-08 06:54:00,19,8,12,1,6,5,14,9,3,10,0,6,1,3.295964,0.333952,1.259915,2.722622,3.233207,3.05773,0.571691,0.441289,1
user_33543,2021-10-23 12:11:00,43,15,7,3,4,1,0,20,10,6,18,5,1,2.975102,3.775547,0.154377,4.397737,2.449662,0.907073,0.790307,0.773698,1
user_33544,2021-10-08 11:29:00,1,3,12,5,5,1,0,6,19,14,18,4,0,4.495459,1.697555,2.076656,0.76133,2.507814,0.911341,0.437538,0.290226,1
user_33545,2021-09-13 17:46:00,7,11,4,0,4,2,12,17,7,5,7,0,0,2.07925,2.870383,2.872584,1.534947,4.569517,4.500992,0.811712,0.557447,1
user_33546,2021-10-02 10:40:00,11,10,20,5,10,0,17,13,5,5,3,5,1,0.437725,4.952226,2.472591,2.67116,0.917581,0.99787,0.546209,0.388429,0
user_33547,2021-08-12 13:52:00,33,7,19,4,3,0,9,17,4,9,15,3,0,1.580562,0.896214,2.451207,0.536525,1.404669,3.768678,0.745024,0.971126,0
user_33548,2021-08-04 13:14:00,16,7,16,0,0,0,2,7,4,6,14,2,0,3.488913,4.517073,4.948389,4.69706,3.558219,0.51321,0.740555,0.3789,0
user_33549,2021-10-13 13:41:00,20,13,16,0,3,1,4,20,7,4,9,2,0,2.915971,3.342942,3.843782,2.353005,1.690599,3.805617,0.946388,0.599023,1
user_33550,2021-10-18 05:33:00,6,19,30,4,1,0,6,0,3,10,20,0,0,0.523328,4.012014,1.901732,2.862036,1.527081,0.179191,0.784938,0.502129,0
user_33551,2021-10-05 11:31:00,27,13,2,3,2,2,2,14,14,17,19,1,0,4.509642,2.430822,3.003851,2.773166,2.867279,4.306997,0.292859,0.234298,1
user_33552,2021-08-28 16:17:00,36,12,14,5,3,5,17,12,17,18,0,5,1,0.717196,4.840844,2.924891,3.633822,3.796854,1.27035,0.783806,0.813613,1
user_33553,2021-10-06 13:11:00,36,18,15,5,9,5,7,6,20,19,17,2,0,0.65901,2.068381,1.149586,0.63948,4.88504,3.395202,0.835613,0.971812,0
user_33554,2021-08-31 08:32:00,44,6,2,3,2,2,18,19,12,10,0,1,0,4.073686,3.705174,2.706253,1.390468,4.725551,1.60998,0.577447,0.573858,1
user_33555,2021-08-05 07:06:00,30,7,24,2,5,2,16,13,5,15,5,3,0,4.90439,1.756871,2.670771,0.692237,3.797195,3.519745,0.529857,0.85326,0
user_33556,2021-10-09 19:19:00,47,11,8,4,8,4,2,13,16,6,17,5,1,0.256042,3.376972,4.461055,3.034308,4.089182,3.337589,0.559209,0.893331,1
user_33557,2021-10-28 12:18:00,26,0,4,0,6,5,0,18,2,2,2,3,0,0.325072,4.278786,1.958534,1.778949,4.816611,0.649741,0.620969,0.361039,1
user_33558,2021-08-23 22:27:00,26,10,30,0,0,0,19,12,20,16,5,0,0,2.662081,3.645828,1.372343,4.137049,1.00637,2.548358,0.738204,0.668982,0
user_33559,2021-09-06 09:13:00,7,18,8,0,4,5,12,20,20,19,6,0,0,0.76633,1.293637,1.035131,4.92652,1.053676,2.669692,0.580864,0.979329,1
user_33560,2021-09-16 13:59:00,11,3,11,2,0,3,12,8,20,8,3,3,0,4.920376,3.837652,1.949099,3.672553,3.067126,0.905909,0.701847,0.390299,1
user_33561,2021-10-25 09:37:00,5,4,10,4,3,4,19,18,4,5,8,0,0,1.803043,1.124154,0.860156,3.803272,4.22958,0.773727,0.321874,0.709212,0
user_33562,2021-10-19 22:56:00,15,3,10,1,4,3,16,16,6,4,4,1,0,1.900494,2.608673,1.776289,0.374309,4.006585,1.915642,0.687958,0.321417,0
user_33563,2021-08-06 09:08:00,32,11,26,0,9,3,17,15,18,5,17,4,0,2.442859,4.119942,3.673276,0.612857,1.228233,3.681969,0.368149,0.711778,0
user_33564,2021-10-05 11:03:00,14,10,11,2,6,0,0,2,20,10,3,1,0,4.956839,4.123313,3.956443,0.8078,2.063694,3.63028,0.317358,0.640368,0
user_33565,2021-08-06 04:23:00,23,16,7,1,7,1,11,9,10,20,16,4,0,4.504035,2.580585,3.784315,2.967531,1.084984,4.246725,0.711438,0.933686,0
user_33566,2021-10-01 13:05:00,23,0,26,0,3,3,3,0,8,19,18,4,0,4.376814,3.075164,0.701304,3.955022,0.749725,0.766928,0.816516,0.49383,0
user_33567,2021-08-06 09:24:00,25,19,17,1,7,5,13,1,8,16,6,4,0,1.55814,4.381047,3.419686,4.401769,1.969855,1.355026,0.924086,0.670782,0
user_33568,2021-09-24 09:14:00,5,11,25,5,10,2,18,18,12,3,2,4,0,3.291621,4.494593,1.895358,1.034181,2.197774,2.121772,0.754446,0.203087,0
user_33569,2021-08-09 18:55:00,24,19,6,1,8,3,16,4,15,16,6,0,0,3.060224,0.367424,3.065883,2.055316,1.520856,1.485858,0.301584,0.971603,1
user_33570,2021-08-21 23:15:00,11,19,10,3,2,1,9,10,8,4,16,5,1,1.519839,0.853856,0.30846,4.667024,2.057962,2.25205,0.342359,0.763235,1
user_33571,2021-09-21 11:49:00,16,14,15,2,1,0,9,15,13,8,18,1,0,1.806246,3.973389,4.905566,3.979808,1.644812,4.874407,0.604003,0.294171,0
user_33572,2021-10-21 09:21:00,27,7,28,3,4,3,20,14,11,6,19,3,0,4.226718,0.400321,1.075455,0.884537,4.389741,0.574576,0.936651,0.357749,0
user_33573,2021-09-14 06:19:00,6,11,22,2,4,1,1,5,0,0,2,1,0,4.575982,1.563509,0.118885,0.819045,1.584881,3.689858,0.254637,0.614165,1
user_33574,2021-10-17 01:47:00,9,2,22,1,0,1,3,6,0,13,12,6,1,2.147341,4.681662,2.130746,4.970264,0.129076,1.687518,0.747235,0.572089,0
user_33575,2021-09-20 16:17:00,11,6,17,3,9,5,9,0,17,7,2,0,0,3.442449,2.813386,2.036274,2.864032,3.079888,4.944666,0.783707,0.84897,1
user_33576,2021-10-28 22:28:00,17,17,22,2,4,5,13,7,15,11,11,3,0,2.093984,4.862059,1.408872,2.894935,4.116413,2.25491,0.50675,0.435671,0
user_33577,2021-09-24 03:03:00,42,9,9,4,4,0,16,9,2,8,10,4,0,2.994379,1.695557,3.890127,4.612386,4.120976,0.878878,0.627983,0.781986,1
user_33578,2021-10-29 05:34:00,7,9,10,5,6,3,7,1,1,4,16,4,0,4.58067,0.77365,2.017706,2.047838,3.189334,3.185326,0.465141,0.206061,0
user_33579,2021-08-11 19:42:00,3,19,15,4,5,2,7,10,19,10,6,2,0,0.702987,0.439343,2.716972,1.659948,3.694594,3.477632,0.925392,0.841129,1
user_33580,2021-10-21 17:19:00,20,10,9,4,0,0,1,7,4,18,0,3,0,4.521147,2.391045,1.389689,2.011802,4.133004,4.136342,0.491252,0.487609,0
user_33581,2021-08-30 03:07:00,46,8,17,3,10,1,2,2,15,5,14,0,0,4.87167,4.530264,2.448609,0.153613,0.352189,1.906994,0.216949,0.642504,1
user_33582,2021-09-06 07:58:00,12,4,27,4,5,0,7,3,2,17,8,0,0,1.013768,1.202866,0.467355,0.806335,1.955205,1.169461,0.473645,0.709553,0
user_33583,2021-08-03 19:09:00,25,9,26,4,1,0,1,6,6,16,14,1,0,3.925171,4.350603,0.258581,2.249097,4.540466,2.157852,0.761253,0.619924,1
user_33584,2021-10-29 10:57:00,46,6,16,5,0,5,19,17,9,9,19,4,0,2.810573,4.845395,3.426342,4.706432,0.177107,1.957129,0.697889,0.664848,1
user_33585,2021-10-29 00:32:00,7,5,11,1,2,0,4,5,9,12,17,4,0,1.186347,1.839411,1.134027,0.529756,1.964506,2.467532,0.853389,0.617413,0
user_33586,2021-09-10 03:50:00,9,8,3,2,10,0,15,5,3,9,15,4,0,4.837778,1.832748,4.927215,0.272269,1.266919,4.17288,0.463477,0.365816,0
user_33587,2021-10-19 19:37:00,6,20,24,2,4,4,8,4,0,7,0,1,0,0.659528,3.076787,1.883533,0.680963,3.535117,1.355141,0.589089,0.304546,1
user_33588,2021-10-21 22:19:00,9,0,12,0,6,2,7,1,14,1,4,3,0,2.446862,2.8701,2.199689,3.931164,1.651345,1.512477,0.969955,0.219258,0
user_33589,2021-09-01 11:50:00,33,17,17,5,5,0,1,18,8,7,9,2,0,1.48175,4.879348,2.17939,2.56946,3.827293,1.832493,0.437602,0.439,0
user_33590,2021-08-27 16:28:00,17,18,23,0,3,5,5,5,4,4,12,4,0,3.038616,0.436916,4.160772,1.45648,1.115538,2.79418,0.616806,0.518268,1
user_33591,2021-08-07 15:15:00,49,6,26,2,9,0,8,13,10,11,6,5,1,0.140763,2.226206,2.191572,0.8019,4.360766,1.813651,0.980524,0.560757,1
user_33592,2021-08-26 15:11:00,28,16,12,2,5,1,12,14,5,20,1,3,0,4.604655,3.057887,3.915108,3.846158,3.170287,3.12249,0.735455,0.45412,1
user_33593,2021-10-23 22:07:00,46,16,20,4,2,0,6,17,10,2,18,5,1,0.190468,4.818526,4.734157,2.483045,4.291407,3.585227,0.422045,0.609716,1
user_33594,2021-08-02 23:38:00,5,15,16,3,10,1,20,13,18,11,19,0,0,1.462248,1.591221,2.070105,2.440168,3.32045,0.535324,0.547587,0.948976,1
user_33595,2021-09-03 06:46:00,8,3,9,0,0,1,18,11,0,13,0,4,0,4.584421,0.221958,0.760415,1.818461,2.909531,1.39062,0.466129,0.235495,0
user_33596,2021-08-17 20:46:00,25,4,14,1,7,4,14,10,1,10,13,1,0,1.397186,0.668961,3.422956,0.657822,1.927922,0.188868,0.246497,0.860117,1
user_33597,2021-08-31 08:27:00,6,11,2,5,5,2,16,0,3,8,3,1,0,2.083163,4.555227,4.776132,4.508229,3.336897,1.238458,0.251238,0.769601,1
user_33598,2021-08-10 17:23:00,9,8,4,4,6,3,19,3,0,2,20,1,0,1.908069,2.37261,0.115105,0.967072,2.091489,3.990767,0.274622,0.289212,1
user_33599,2021-08-18 12:49:00,31,13,13,1,2,5,9,9,19,19,14,2,0,4.220729,0.967876,1.097738,0.186119,3.583451,1.489897,0.955626,0.564304,1
user_33600,2021-10-13 23:44:00,1,19,29,4,3,5,7,16,17,2,3,2,0,2.363554,0.930388,1.97309,0.896617,3.305319,2.13409,0.646571,0.44744,1
user_33601,2021-08-01 21:33:00,22,16,27,5,7,0,12,18,13,14,1,6,1,4.482502,1.286724,2.918441,4.416387,2.241379,4.3693,0.982221,0.766398,1
user_33602,2021-10-21 18:43:00,19,6,22,4,2,1,18,17,2,11,11,3,0,3.662784,3.888672,0.849835,1.121397,4.863501,3.189723,0.284899,0.427541,0
user_33603,2021-10-29 06:24:00,48,19,16,5,9,5,5,19,6,11,10,4,0,0.603257,0.319678,4.967723,1.427318,4.678776,2.164305,0.254744,0.662904,0
user_33604,2021-09-08 07:25:00,5,9,14,2,4,0,7,20,18,9,6,2,0,4.320401,4.048771,3.483147,3.730597,1.412958,1.980912,0.432328,0.69932,1
user_33605,2021-08-10 13:53:00,10,11,23,4,2,0,18,1,4,5,9,1,0,0.969446,2.031348,2.943987,2.652555,4.283302,4.842337,0.412052,0.47079,1
user_33606,2021-09-17 08:23:00,47,0,27,2,0,5,20,15,4,14,4,4,0,3.287652,2.342246,1.324571,0.519276,4.738901,3.379298,0.972333,0.790585,0
user_33607,2021-10-02 19:27:00,48,18,21,2,4,1,7,3,3,8,0,5,1,1.536076,0.326913,4.739595,4.090123,2.789985,4.900747,0.806478,0.496858,0
user_33608,2021-09-28 04:30:00,28,15,6,5,5,3,7,2,12,9,11,1,0,0.714841,4.335168,1.044938,4.127699,4.627755,0.602584,0.759405,0.499442,1
user_33609,2021-08-25 03:02:00,36,12,21,1,8,5,20,13,13,11,6,2,0,2.505916,4.887304,3.710022,1.68259,0.605221,1.219626,0.601876,0.309903,0
user_33610,2021-10-24 12:25:00,42,16,8,4,3,0,10,11,12,7,7,6,1,3.532479,2.811335,0.976389,4.02538,4.072171,2.549473,0.670618,0.438904,1
user_33611,2021-09-28 05:35:00,37,14,26,0,10,4,20,10,19,5,3,1,0,3.965098,3.025875,0.827286,3.297834,4.258124,1.289207,0.682066,0.578218,1
user_33612,2021-09-17 17:22:00,34,1,27,1,10,3,3,7,12,13,7,4,0,3.300794,2.784106,2.28826,4.486379,2.484634,1.010169,0.998843,0.27062,1
user_33613,2021-10-21 20:15:00,38,13,24,0,2,5,20,2,2,18,14,3,0,3.203144,2.644114,2.146682,3.779272,1.700795,0.24082,0.244248,0.370874,0
user_33614,2021-08-14 11:48:00,20,15,19,0,5,0,6,3,0,15,5,5,1,3.848873,3.694519,0.677555,4.620939,3.585705,4.329053,0.232006,0.843902,0
user_33615,2021-08-26 23:06:00,13,13,9,1,1,0,2,13,18,16,18,3,0,3.098435,3.186804,3.792279,2.339155,1.04855,0.606585,0.386563,0.457087,0
user_33616,2021-08-18 06:03:00,9,3,18,5,7,0,8,0,1,19,1,2,0,3.196544,4.210829,3.720215,0.57642,1.23185,2.841658,0.492719,0.484178,1
user_33617,2021-09-18 18:46:00,43,3,24,3,9,3,20,7,4,12,6,5,1,1.363801,4.51998,1.671459,1.701293,4.202326,2.557882,0.7515,0.219672,0
user_33618,2021-09-21 01:13:00,32,7,19,5,3,3,3,1,1,20,16,1,0,0.308885,1.691965,0.712882,0.12785,3.899219,0.928822,0.606692,0.533321,0
user_33619,2021-08-09 06:22:00,9,0,4,5,6,4,5,14,13,20,5,0,0,0.352569,4.008485,3.422778,2.960673,3.943034,2.2258,0.967034,0.515954,1
user_33620,2021-08-12 03:06:00,8,7,1,4,5,5,16,16,18,19,13,3,0,3.302483,0.414095,4.501954,0.127057,3.458839,3.692519,0.866427,0.388539,0
user_33621,2021-08-20 04:15:00,27,15,30,2,8,2,11,2,19,6,8,4,0,4.99705,0.882793,2.651523,2.52457,4.784638,3.892771,0.486964,0.542261,0
user_33622,2021-08-04 08:28:00,25,0,21,5,10,2,14,5,12,17,15,2,0,0.650726,3.263537,3.215069,3.306711,0.113897,1.310083,0.759027,0.28377,0
user_33623,2021-10-02 07:34:00,27,15,9,5,9,3,9,19,20,7,16,5,1,2.163121,3.544269,2.679404,3.073145,2.236103,3.670696,0.404936,0.260425,1
user_33624,2021-08-15 02:59:00,42,19,17,3,0,2,2,13,20,9,9,6,1,3.221447,4.998305,3.326198,4.10406,4.400348,1.211031,0.500917,0.498477,1
user_33625,2021-09-09 20:40:00,32,16,13,5,1,2,15,11,0,15,16,3,0,0.746081,4.536164,2.768807,2.498674,3.607394,4.677562,0.804149,0.293757,0
user_33626,2021-09-28 14:54:00,12,18,16,3,4,4,11,18,7,12,0,1,0,3.992372,3.466504,3.394593,4.398871,1.593426,4.780802,0.569136,0.815154,1
user_33627,2021-09-25 18:34:00,20,9,23,5,1,4,9,6,10,9,9,5,1,3.901405,1.138427,1.248789,3.246168,2.03105,1.829629,0.61444,0.961655,0
user_33628,2021-09-09 23:05:00,29,16,16,4,0,3,19,16,13,0,0,3,0,3.65809,2.522482,0.475652,2.376884,3.172597,2.89876,0.721506,0.503211,1
user_33629,2021-09-15 14:20:00,30,4,1,2,0,0,14,5,10,19,18,2,0,4.120038,0.834451,4.466142,4.803653,0.861396,0.717484,0.25505,0.338424,0
user_33630,2021-09-28 08:57:00,27,1,30,0,2,1,17,15,13,15,12,1,0,0.174146,2.057227,1.799886,2.399258,3.864151,0.458087,0.822016,0.705651,0
user_33631,2021-08-15 16:09:00,37,14,26,4,0,0,8,0,14,12,6,6,1,0.667114,3.93667,3.703468,1.277637,2.337093,2.713379,0.748473,0.92665,0
user_33632,2021-08-26 07:53:00,40,14,15,4,8,5,6,3,8,6,5,3,0,2.205173,4.034496,0.486884,1.188588,1.245902,1.06838,0.883874,0.298699,1
user_33633,2021-09-20 14:28:00,4,15,28,3,0,2,12,14,0,14,17,0,0,0.85748,4.2931,3.617202,1.690799,0.936714,1.275817,0.598128,0.298973,0
user_33634,2021-08-27 03:20:00,16,15,19,0,0,1,0,7,3,1,2,4,0,3.329009,1.161074,4.76916,2.314276,3.365897,0.819774,0.653196,0.719796,1
user_33635,2021-10-22 20:01:00,18,11,21,4,5,4,11,18,18,4,7,4,0,2.050927,2.016367,2.810939,1.970303,4.807398,0.741575,0.395614,0.614225,0
user_33636,2021-08-01 16:56:00,27,3,21,3,8,2,20,17,14,17,15,6,1,0.976544,4.229237,0.59173,3.018402,0.193997,0.564186,0.832274,0.641042,1
user_33637,2021-08-10 21:12:00,4,13,4,1,9,5,10,18,17,20,10,1,0,4.443086,3.068393,4.832296,3.661773,2.439015,2.77275,0.768173,0.667131,1
user_33638,2021-10-19 21:02:00,47,0,27,4,0,3,9,0,17,12,7,1,0,3.487751,0.631469,4.995268,1.078889,1.831756,0.855834,0.991637,0.737129,0
user_33639,2021-08-27 09:16:00,6,14,6,2,10,1,3,18,4,4,0,4,0,0.59159,4.108972,0.641572,2.755562,1.940488,4.583844,0.351699,0.336172,0
user_33640,2021-08-16 14:08:00,40,16,28,5,6,5,6,9,15,1,19,0,0,0.304696,4.89605,1.175521,0.701646,4.636018,1.941948,0.300157,0.478699,0
user_33641,2021-10-03 15:23:00,31,14,29,4,2,2,2,16,19,20,0,6,1,2.476759,4.986642,4.294495,1.444301,0.333527,1.857936,0.580259,0.202208,1
user_33642,2021-10-19 22:48:00,41,18,9,1,7,4,2,3,5,13,5,1,0,2.195597,0.710609,4.749523,0.245486,3.66153,0.398784,0.483363,0.693111,1
user_33643,2021-10-02 05:00:00,6,0,30,3,10,1,17,0,14,13,18,5,1,1.482833,1.951433,3.342451,2.261488,3.584173,1.213014,0.963852,0.215149,1
user_33644,2021-09-04 05:38:00,15,7,30,4,2,5,13,0,20,18,3,5,1,2.375693,3.396306,1.446215,4.079176,4.135807,0.923929,0.613238,0.632997,1
user_33645,2021-08-25 09:31:00,38,5,25,1,9,0,20,10,1,9,8,2,0,0.379304,2.947547,0.51613,3.438162,2.245575,3.915931,0.54848,0.819753,1
user_33646,2021-08-31 22:34:00,46,1,1,2,1,3,20,2,7,11,0,1,0,3.500388,2.94675,0.709827,3.321174,0.934595,3.727286,0.616154,0.687968,0
user_33647,2021-08-15 17:49:00,34,1,9,0,9,2,18,6,15,14,16,6,1,3.79753,3.441552,1.226593,2.390218,1.864412,1.201279,0.311048,0.960517,0
user_33648,2021-08-30 16:57:00,31,16,20,3,3,4,12,4,5,9,8,0,0,1.79421,0.80443,1.813177,3.707788,3.970185,2.080522,0.319059,0.942512,1
user_33649,2021-08-02 21:36:00,3,7,18,3,8,5,14,13,14,1,4,0,0,1.535397,1.550603,4.871811,3.766204,4.121519,2.468695,0.522247,0.876349,0
user_33650,2021-09-16 17:56:00,7,4,17,4,6,3,10,17,14,2,12,3,0,2.600179,4.522319,1.710204,0.959085,0.957835,1.124463,0.58956,0.792825,1
user_33651,2021-10-08 13:26:00,28,2,22,4,0,1,9,0,3,10,10,4,0,0.486942,2.096847,0.329098,1.146741,0.140958,4.996975,0.815414,0.2123,0
user_33652,2021-08-20 13:05:00,45,11,17,1,3,3,8,1,16,12,9,4,0,4.784272,3.36935,2.760487,3.895696,4.944148,0.285993,0.319552,0.569463,0
user_33653,2021-08-02 01:37:00,34,15,23,0,7,4,15,8,16,20,14,0,0,2.688899,0.520033,2.297949,3.191691,2.847316,3.534025,0.735958,0.83494,0
user_33654,2021-08-06 07:10:00,11,20,26,1,0,0,11,3,8,19,8,4,0,3.226932,3.70198,4.36469,1.356922,2.417319,4.165371,0.691294,0.822783,1
user_33655,2021-08-14 15:55:00,43,0,26,0,7,5,12,0,20,6,1,5,1,3.121002,0.969225,2.024993,2.476554,3.106085,2.284039,0.779691,0.632271,1
user_33656,2021-10-25 05:48:00,14,17,21,0,3,5,3,19,9,12,9,0,0,2.505782,1.232237,1.483257,1.852493,4.926211,0.739033,0.949645,0.802783,1
user_33657,2021-09-05 03:43:00,19,3,7,2,1,0,4,17,8,10,6,6,1,3.24473,0.714239,3.382201,1.966703,0.913795,1.89548,0.448304,0.621095,1
user_33658,2021-08-16 07:27:00,26,13,15,4,4,5,3,9,10,9,15,0,0,1.653265,2.417737,3.539597,2.657106,2.16102,3.308968,0.263913,0.848669,1
user_33659,2021-09-09 00:44:00,8,13,13,2,9,1,4,18,5,20,18,3,0,1.206369,1.911261,0.616166,3.245746,3.929275,0.11386,0.987732,0.543302,0
user_33660,2021-10-13 07:48:00,41,5,19,5,6,5,16,11,20,2,4,2,0,1.712429,4.899812,3.721856,0.829464,3.706579,3.930055,0.823917,0.965566,1
user_33661,2021-10-08 23:05:00,44,9,25,4,6,0,2,1,14,7,13,4,0,4.360674,0.5893,0.520709,3.205455,2.028212,3.85891,0.321474,0.82453,1
user_33662,2021-08-08 17:47:00,16,9,5,1,8,2,17,18,19,19,9,6,1,4.889126,2.79937,3.756139,4.865078,3.906136,2.281997,0.997873,0.700945,1
user_33663,2021-09-22 05:06:00,31,19,28,0,8,3,6,14,2,13,8,2,0,1.529951,0.878294,4.004608,3.893234,2.347798,0.840678,0.706894,0.592969,1
user_33664,2021-08-08 06:41:00,5,13,1,4,7,4,14,9,0,5,16,6,1,2.624154,3.045761,2.239144,1.163748,1.069328,0.420869,0.908593,0.455717,1
user_33665,2021-10-05 11:10:00,18,5,9,3,2,0,7,20,19,20,6,1,0,4.653914,0.233624,2.518232,2.278318,0.207461,0.231327,0.427776,0.922088,1
user_33666,2021-08-29 11:57:00,1,19,8,2,7,4,1,8,20,5,20,6,1,4.004866,0.408505,3.549827,3.907526,1.622156,3.262619,0.597322,0.996806,1
user_33667,2021-10-03 23:09:00,25,16,24,2,8,4,0,6,0,0,3,6,1,1.275688,2.047028,4.676896,2.133752,3.733194,1.656811,0.510346,0.678988,0
user_33668,2021-10-09 12:26:00,7,14,1,1,4,5,6,0,12,7,2,5,1,0.613971,3.068762,2.674691,4.14073,4.817746,3.516446,0.761607,0.974299,1
user_33669,2021-10-19 01:34:00,14,2,4,0,10,3,18,16,11,12,7,1,0,4.953331,2.952657,0.698846,2.484206,2.845901,0.489901,0.750076,0.455677,0
user_33670,2021-10-14 20:32:00,34,3,9,1,0,0,11,6,4,0,10,3,0,0.783204,2.93072,4.37554,2.536758,4.996873,0.726883,0.74628,0.757989,0
user_33671,2021-09-23 16:30:00,34,15,1,0,9,0,10,1,6,1,18,3,0,2.407604,0.655268,1.079599,3.344624,0.487222,3.380217,0.52334,0.792558,0
user_33672,2021-09-12 19:47:00,29,10,28,0,6,1,2,18,0,1,0,6,1,0.195137,3.301629,0.42634,0.3935,1.945568,4.547103,0.215178,0.294619,0
user_33673,2021-10-01 06:25:00,23,20,18,5,3,2,3,8,14,7,15,4,0,0.249666,1.288765,3.705501,0.834317,1.525087,4.9395,0.645674,0.521931,0
user_33674,2021-10-18 14:00:00,31,4,26,5,1,1,10,10,15,0,2,0,0,1.707842,0.603495,2.537523,3.026639,3.320837,0.931662,0.961029,0.80488,0
user_33675,2021-09-04 14:37:00,30,4,22,5,10,4,8,17,15,7,4,5,1,0.577477,2.099617,4.455996,3.338366,3.253396,2.709354,0.355901,0.374944,1
user_33676,2021-09-10 06:11:00,13,0,15,5,2,3,8,14,0,10,15,4,0,0.463968,2.81163,2.983688,1.263767,4.195181,4.526585,0.687075,0.485306,1
user_33677,2021-08-25 20:11:00,2,13,4,0,9,2,2,15,18,10,1,2,0,1.189496,0.810097,2.399751,4.722387,0.727864,4.748898,0.913626,0.385714,1
user_33678,2021-10-14 15:08:00,31,2,20,4,4,5,12,11,16,2,19,3,0,4.451229,2.506482,2.747026,2.668075,0.412863,4.946241,0.61153,0.23956,0
user_33679,2021-10-21 08:19:00,25,6,26,5,6,5,20,9,9,17,16,3,0,1.291253,4.833329,0.4011,3.860103,0.923114,0.3983,0.670012,0.748843,1
user_33680,2021-08-25 10:40:00,31,9,11,2,9,0,1,12,13,1,5,2,0,0.908858,3.597598,2.249645,1.949281,4.8655,1.993367,0.279853,0.909524,0
user_33681,2021-09-28 19:49:00,42,16,25,0,10,0,17,2,10,11,1,1,0,1.188389,1.471319,0.1596,0.429241,2.838706,2.23071,0.936234,0.261257,1
user_33682,2021-09-16 01:17:00,16,1,24,0,1,5,2,1,6,1,10,3,0,3.657428,0.714972,1.477013,1.879337,3.371592,0.291465,0.262393,0.853842,1
user_33683,2021-10-10 17:42:00,32,8,28,2,3,2,10,5,9,4,19,6,1,4.575922,3.863639,3.260683,4.655208,0.18377,4.402874,0.827149,0.982788,0
user_33684,2021-10-14 05:12:00,37,20,21,0,5,0,13,9,8,3,6,3,0,4.170127,3.897388,1.467343,0.479273,4.605037,2.543311,0.945832,0.840102,1
user_33685,2021-08-26 18:54:00,14,13,21,5,4,4,4,7,16,14,7,3,0,4.179509,1.977528,3.251604,3.223752,4.702197,3.476468,0.229236,0.680512,0
user_33686,2021-08-26 03:01:00,2,4,2,3,2,3,13,3,18,5,20,3,0,1.193084,1.74911,4.134571,4.932796,4.363096,2.650477,0.70893,0.295595,1
user_33687,2021-08-06 11:58:00,44,16,10,3,0,3,11,20,2,13,1,4,0,4.090415,3.681631,3.306136,0.356817,4.235078,4.310641,0.304522,0.313394,0
user_33688,2021-10-16 07:08:00,19,12,19,0,2,5,6,6,15,11,15,5,1,4.31883,1.186502,2.508456,1.936919,2.753614,1.680131,0.329727,0.541689,1
user_33689,2021-10-10 15:13:00,46,8,3,0,10,0,4,5,12,1,2,6,1,4.282655,1.846011,4.059832,1.826482,4.439235,4.301503,0.872799,0.794567,0
user_33690,2021-10-12 00:18:00,48,10,21,0,6,1,12,14,6,0,17,1,0,1.906838,3.394996,3.354909,4.217522,1.540694,1.234604,0.810226,0.578506,1
user_33691,2021-10-28 23:48:00,36,10,22,3,10,3,13,16,7,12,17,3,0,4.836446,2.830371,3.336481,1.619064,1.168345,4.72898,0.639789,0.813581,0
user_33692,2021-09-09 02:27:00,17,19,19,5,5,3,8,12,12,2,13,3,0,3.389214,1.742539,1.28516,1.411889,1.987881,2.809078,0.218001,0.440748,0
user_33693,2021-09-02 00:21:00,13,14,5,0,6,4,14,18,10,19,12,3,0,2.180123,0.971331,0.962631,1.108606,3.64033,2.136704,0.318642,0.619797,1
user_33694,2021-10-24 04:57:00,45,1,17,5,2,5,18,9,16,4,16,6,1,0.462823,0.658539,1.248293,0.289936,2.457146,0.854238,0.547437,0.79647,0
user_33695,2021-10-05 15:25:00,25,18,14,4,10,1,14,16,12,3,15,1,0,4.008663,1.750832,1.40976,3.938431,2.079803,3.245605,0.349644,0.792956,1
user_33696,2021-09-08 04:00:00,9,16,18,2,4,4,12,8,10,3,19,2,0,2.230056,2.343533,0.6214,4.428977,3.93202,4.081082,0.517396,0.314853,1
user_33697,2021-08-16 12:02:00,24,15,25,1,1,1,17,8,0,12,14,0,0,0.726145,3.588517,3.292573,2.819058,1.952232,4.417935,0.774717,0.85132,1
user_33698,2021-09-14 14:33:00,3,20,4,4,9,0,2,19,19,20,0,1,0,2.112585,3.984847,3.60941,2.189189,2.677866,1.212355,0.772299,0.647623,1
user_33699,2021-08-12 10:21:00,38,15,24,0,10,4,12,19,5,12,9,3,0,1.953055,4.282395,3.683299,4.377024,0.713046,0.360954,0.928191,0.593775,1
user_33700,2021-10-01 00:18:00,5,2,1,4,0,3,13,17,13,7,6,4,0,2.330125,0.337134,1.767518,2.55157,3.334858,0.652917,0.820933,0.717223,0
user_33701,2021-08-06 04:57:00,48,1,16,0,1,1,17,14,14,0,12,4,0,3.899274,4.828365,1.405995,2.880769,0.493233,2.430577,0.702137,0.725109,0
user_33702,2021-08-15 11:29:00,29,15,30,4,7,2,20,7,9,5,7,6,1,0.227852,0.586783,2.327934,1.456464,4.542574,0.953355,0.714602,0.758156,0
user_33703,2021-09-09 09:39:00,29,4,20,0,4,2,0,18,10,14,0,3,0,2.329645,2.328602,1.378154,1.74443,3.571299,0.991558,0.295011,0.386716,0
user_33704,2021-09-10 09:55:00,43,8,19,1,5,1,2,15,19,12,13,4,0,0.197613,0.833958,4.28538,2.017395,0.721913,2.102854,0.529779,0.385862,1
user_33705,2021-09-26 22:17:00,13,16,7,5,5,1,9,17,19,0,10,6,1,1.834979,2.262838,2.054957,1.247903,1.252816,2.410172,0.489147,0.351389,1
user_33706,2021-09-09 02:53:00,45,16,26,4,9,3,1,3,17,12,5,3,0,3.860704,2.331758,1.887116,2.731352,2.966731,1.658589,0.854899,0.770388,1
user_33707,2021-08-04 19:03:00,22,4,26,4,1,2,12,20,5,20,20,2,0,2.137188,3.104047,1.30102,3.992796,0.327106,4.228271,0.795792,0.839722,0
user_33708,2021-10-22 13:27:00,24,4,27,4,3,1,11,0,2,3,16,4,0,4.982977,3.969216,0.636936,0.804675,2.866097,3.061968,0.672298,0.693169,0
user_33709,2021-10-19 09:25:00,15,1,5,0,9,3,14,0,9,9,13,1,0,1.007747,2.061789,4.642681,2.958229,1.66174,3.663511,0.633727,0.907989,1
user_33710,2021-08-04 19:36:00,33,11,3,2,9,1,5,19,6,1,16,2,0,3.408778,0.531686,1.469,4.955118,3.900706,0.534394,0.917718,0.858459,0
user_33711,2021-09-01 00:00:00,41,11,5,1,5,3,14,18,12,15,15,2,0,4.26897,1.495588,1.342477,0.418096,4.184028,1.611046,0.485553,0.513416,0
user_33712,2021-09-19 15:04:00,41,6,10,2,1,3,20,19,0,1,2,6,1,0.36701,1.940627,2.354771,3.731248,3.845363,3.138333,0.683633,0.724216,1
user_33713,2021-10-07 11:25:00,2,4,19,5,2,0,0,9,3,13,16,3,0,4.058375,2.073577,4.32796,4.722905,3.943957,0.968386,0.905829,0.94385,0
user_33714,2021-09-22 07:14:00,20,2,8,5,7,4,6,20,2,17,3,2,0,0.795698,2.845282,0.218118,4.202486,2.620606,1.88251,0.979511,0.258173,1
user_33715,2021-10-01 06:46:00,19,16,10,3,1,2,8,4,5,0,20,4,0,3.307666,1.932132,1.555956,0.617121,4.371076,2.031844,0.513579,0.820907,0
user_33716,2021-09-01 02:19:00,32,10,24,2,2,1,12,5,20,14,7,2,0,2.38985,3.308772,2.875865,3.167008,1.398917,4.595753,0.774587,0.578077,0
user_33717,2021-10-03 18:44:00,9,11,4,1,5,4,10,13,4,6,13,6,1,1.011091,3.624283,4.083905,4.794008,4.648716,1.565516,0.923372,0.288498,0
user_33718,2021-09-13 21:11:00,12,5,17,0,5,4,19,17,9,11,9,0,0,1.033327,0.190511,1.884961,3.161875,0.348681,2.612895,0.619105,0.330086,1
user_33719,2021-08-28 17:16:00,28,19,20,4,5,1,2,3,14,8,16,5,1,4.450566,0.457605,4.499815,4.607971,3.900489,2.476587,0.520914,0.557566,0
user_33720,2021-10-04 13:55:00,35,13,23,4,10,5,3,19,12,9,15,0,0,1.549098,4.603267,0.257461,4.434963,4.025317,0.351062,0.842909,0.209736,0
user_33721,2021-10-23 05:50:00,9,2,29,1,0,0,16,3,20,2,17,5,1,1.93845,3.15168,3.045124,0.254131,2.546146,3.412514,0.679447,0.845462,0
user_33722,2021-10-23 07:25:00,38,8,24,0,1,0,7,3,3,17,15,5,1,2.213652,1.207831,0.680735,0.297277,4.734191,4.177544,0.269207,0.624305,1
user_33723,2021-08-06 01:13:00,16,9,1,2,5,0,12,10,5,15,2,4,0,2.617582,2.826244,0.235344,3.801817,0.285875,4.828672,0.664093,0.810469,0
user_33724,2021-08-22 03:55:00,21,0,14,2,10,0,18,6,1,10,10,6,1,0.303108,3.706194,2.609696,0.39565,0.483716,0.459549,0.505003,0.739003,1
user_33725,2021-09-05 22:59:00,9,3,13,4,7,2,6,15,19,14,20,6,1,1.333785,3.72536,1.181828,3.034739,1.280895,2.787539,0.491379,0.507715,1
user_33726,2021-09-12 04:36:00,21,18,2,4,4,1,9,18,14,8,13,6,1,1.238368,4.256334,0.794343,1.238854,1.813358,1.850647,0.580258,0.864484,1
user_33727,2021-08-03 05:55:00,43,18,11,4,0,2,15,0,20,11,12,1,0,2.23609,2.859178,2.89812,4.49699,0.968542,4.272858,0.611735,0.484848,1
user_33728,2021-08-02 09:44:00,34,12,26,0,6,2,10,13,5,0,17,0,0,1.033807,1.088933,1.370326,3.917775,0.632729,1.375966,0.423624,0.733395,1
user_33729,2021-09-02 18:58:00,50,1,16,1,4,5,3,10,6,10,11,3,0,4.656604,1.883019,3.988165,1.122899,1.639864,3.540097,0.767422,0.218331,0
user_33730,2021-10-28 20:58:00,44,5,8,1,4,4,12,7,3,18,5,3,0,2.3347,3.991419,4.323822,3.318356,2.724075,0.443348,0.596927,0.282212,0
user_33731,2021-10-15 21:11:00,46,3,16,2,10,2,13,19,10,9,12,4,0,4.575903,1.634111,4.183535,0.112883,3.895182,3.097323,0.739311,0.626055,1
user_33732,2021-10-27 00:48:00,45,6,8,0,7,1,2,13,7,10,0,2,0,1.280612,0.607939,2.746449,3.02447,3.248776,4.618037,0.211838,0.332842,1
user_33733,2021-08-12 10:25:00,38,2,26,1,7,2,12,7,15,10,2,3,0,1.968947,2.599503,4.178429,2.07006,4.598331,4.476412,0.765863,0.973837,1
user_33734,2021-10-20 14:34:00,44,11,20,5,8,1,20,17,18,13,1,2,0,0.778093,3.07725,4.570063,0.509213,0.679344,0.927445,0.248231,0.504532,1
user_33735,2021-09-20 23:51:00,43,0,13,3,5,5,18,1,0,7,16,0,0,3.740897,0.843362,0.639699,4.253426,3.106636,4.503005,0.640375,0.337066,0
user_33736,2021-08-09 12:44:00,46,20,2,1,7,4,15,14,11,6,10,0,0,1.155268,1.857038,1.299209,0.409555,4.845833,1.766593,0.99808,0.244868,1
user_33737,2021-08-21 00:07:00,38,20,13,5,7,1,16,14,5,18,11,5,1,4.027345,0.166705,0.575108,2.737813,2.31638,0.763205,0.836601,0.225711,0
user_33738,2021-08-09 00:25:00,5,11,10,0,7,3,10,0,5,7,15,0,0,2.906903,2.751374,4.003941,1.863465,3.115538,4.333076,0.207268,0.266193,1
user_33739,2021-08-15 02:52:00,24,16,26,1,9,1,14,2,16,11,8,6,1,4.315034,3.163306,2.755871,2.373509,3.653915,1.472695,0.420956,0.304414,1
user_33740,2021-10-23 21:35:00,30,5,14,3,0,3,13,17,0,8,9,5,1,1.281807,2.182617,3.922322,1.101131,3.092179,2.448397,0.930308,0.832799,1
user_33741,2021-08-10 15:27:00,27,1,12,5,10,0,14,5,17,14,14,1,0,0.103438,0.547475,4.799099,0.863115,0.311346,2.386412,0.363626,0.869227,0
user_33742,2021-10-08 06:07:00,23,12,13,3,9,5,10,20,2,2,10,4,0,3.181058,0.634955,1.604287,4.460793,2.514898,4.914544,0.415631,0.482615,0
user_33743,2021-10-16 02:00:00,40,1,22,1,1,4,13,15,10,6,13,5,1,4.858836,1.498556,2.103204,4.48469,0.772023,4.088445,0.849271,0.820665,0
user_33744,2021-09-14 21:26:00,23,6,24,3,8,4,19,8,5,12,7,1,0,1.265213,1.920253,2.242195,4.156998,1.403038,3.782143,0.778786,0.704559,0
user_33745,2021-08-23 07:20:00,6,16,22,0,10,0,2,19,8,9,9,0,0,4.216033,3.229606,2.851502,4.945469,3.734105,4.457297,0.951494,0.486277,1
user_33746,2021-08-16 02:15:00,29,0,25,4,2,0,11,16,16,3,0,0,0,1.585747,0.167079,2.152511,1.853763,3.980313,2.888629,0.962602,0.769711,0
user_33747,2021-09-05 00:23:00,36,16,15,2,9,0,12,11,0,3,4,6,1,2.183094,0.952426,0.375625,1.158251,0.17141,4.180262,0.852838,0.956192,1
user_33748,2021-10-18 01:28:00,23,2,20,3,6,2,1,0,20,12,4,0,0,2.907048,2.031596,3.039397,4.23077,0.979016,2.475475,0.328485,0.257277,0
user_33749,2021-10-26 01:57:00,31,9,12,2,2,0,5,4,6,12,13,1,0,1.61383,3.5212,1.062958,0.467878,4.440599,0.298568,0.911726,0.516999,1
user_33750,2021-10-17 07:29:00,19,15,15,3,2,1,12,6,11,20,8,6,1,1.36134,3.893195,0.6263,4.31491,1.704676,4.445076,0.491484,0.705379,0
user_33751,2021-09-26 20:33:00,7,12,3,2,4,4,7,9,3,5,3,6,1,3.23729,0.411696,3.194295,2.737297,0.85072,2.881882,0.772652,0.867687,0
user_33752,2021-08-02 20:32:00,16,5,23,1,2,3,20,4,12,18,5,0,0,1.193564,4.623949,0.233555,4.498469,4.279831,0.283336,0.230997,0.563315,1
user_33753,2021-09-09 09:39:00,11,13,13,1,5,4,0,19,12,5,0,3,0,4.504858,4.448868,1.789107,4.017845,4.616117,4.977668,0.482128,0.59481,0
user_33754,2021-08-28 21:02:00,14,11,22,1,3,1,12,3,0,5,9,5,1,2.533095,4.10149,1.929431,4.701921,3.787995,3.107314,0.643044,0.605775,1
user_33755,2021-10-08 08:33:00,35,2,25,1,0,0,3,19,4,13,1,4,0,0.642509,3.523822,3.21767,4.687679,1.896704,2.377622,0.933624,0.525365,1
user_33756,2021-10-21 05:41:00,21,15,4,4,10,5,0,14,9,6,5,3,0,2.592985,2.092287,0.172828,3.774322,1.877388,1.23636,0.657355,0.84224,1
user_33757,2021-10-28 18:26:00,30,8,15,5,6,3,19,3,4,14,20,3,0,2.513073,0.996345,2.928055,2.423775,3.967193,1.190365,0.411502,0.451267,1
user_33758,2021-09-12 22:24:00,21,19,25,0,9,3,0,4,4,0,7,6,1,3.128794,1.216686,0.290331,0.65755,2.993676,2.524675,0.467805,0.925147,0
user_33759,2021-08-13 04:08:00,33,16,4,2,7,1,14,3,2,5,14,4,0,4.213006,0.477813,2.449155,1.575724,0.283195,4.260371,0.611123,0.972576,1
user_33760,2021-09-17 12:45:00,18,12,26,2,0,4,17,5,13,13,7,4,0,1.340924,1.52141,4.887419,4.888702,3.899815,1.263886,0.204067,0.621901,0
user_33761,2021-08-29 02:11:00,3,1,20,4,1,3,7,7,11,14,15,6,1,2.242381,2.768859,2.868887,2.201089,3.265016,4.122722,0.992387,0.695613,1
user_33762,2021-09-26 00:48:00,21,16,13,5,1,5,6,18,3,10,14,6,1,0.229329,2.924942,3.353369,4.848551,3.596157,4.448829,0.716577,0.790602,1
user_33763,2021-10-28 11:33:00,18,3,26,1,0,4,3,14,18,13,2,3,0,3.642748,4.26302,1.537459,0.848537,1.306419,4.925575,0.498084,0.25047,0
user_33764,2021-08-20 03:36:00,46,3,23,1,5,5,0,0,11,0,1,4,0,0.30071,1.481012,0.657599,3.324271,1.119975,1.881858,0.221083,0.928897,1
user_33765,2021-10-23 21:10:00,12,3,14,1,4,0,1,16,7,11,14,5,1,2.224904,2.183843,1.247889,4.180179,2.677359,2.854392,0.986785,0.280114,1
user_33766,2021-09-01 04:04:00,29,15,17,2,0,1,7,5,1,14,20,2,0,1.897022,3.8553,0.862293,1.583222,2.536398,4.843146,0.267761,0.908546,0
user_33767,2021-09-03 11:52:00,8,5,20,1,4,5,14,17,6,8,18,4,0,1.178421,4.30322,4.636907,4.822763,1.22617,3.239623,0.387561,0.484957,1
user_33768,2021-09-14 01:22:00,46,14,15,5,3,3,3,7,20,18,9,1,0,3.970751,1.111664,3.828446,4.349739,2.880645,0.556395,0.722859,0.681877,0
user_33769,2021-10-10 01:51:00,7,13,3,0,5,2,7,13,3,19,12,6,1,3.047551,4.324946,1.04262,1.362245,1.015405,2.967712,0.977187,0.767342,1
user_33770,2021-09-25 21:43:00,7,9,14,2,5,4,13,18,20,19,12,5,1,0.889931,0.54182,1.066439,1.069423,2.262664,3.409865,0.703452,0.3614,1
user_33771,2021-09-12 12:05:00,37,5,17,1,0,0,6,20,19,20,7,6,1,1.962985,2.112034,3.247249,0.819585,2.247898,0.923926,0.822547,0.579384,0
user_33772,2021-10-14 14:12:00,21,19,4,2,2,3,13,15,6,10,19,3,0,4.717974,1.718474,1.555283,2.539713,3.353535,1.904896,0.74703,0.470727,1
user_33773,2021-09-19 13:51:00,41,18,15,2,5,3,17,16,8,15,8,6,1,4.495166,3.151606,2.573536,3.847233,1.144914,2.502133,0.243807,0.887687,1
user_33774,2021-08-19 21:24:00,31,4,22,4,6,4,4,0,19,5,10,3,0,2.589624,4.639571,4.389827,2.356522,0.26133,1.759241,0.591277,0.686378,1
user_33775,2021-10-23 20:47:00,30,8,10,0,0,4,9,17,14,2,13,5,1,3.819583,4.107634,2.046155,1.692457,2.143179,4.887305,0.381363,0.272685,1
user_33776,2021-08-24 03:41:00,33,8,18,5,0,0,17,7,19,17,20,1,0,4.6631,4.480444,3.674256,2.197016,4.781248,1.809991,0.497746,0.678467,1
user_33777,2021-09-10 02:19:00,24,4,9,2,1,3,8,3,9,8,3,4,0,3.754047,3.851762,3.275268,4.951117,1.364983,2.550777,0.754936,0.203042,0
user_33778,2021-10-05 23:21:00,50,10,24,1,1,2,7,2,17,12,14,1,0,3.274573,3.251629,1.171791,3.622893,1.666583,1.528441,0.200585,0.74667,0
user_33779,2021-09-27 03:12:00,37,2,1,5,4,3,9,13,7,11,11,0,0,0.217357,2.374739,3.655773,2.314631,0.927351,3.450186,0.879898,0.215765,0
user_33780,2021-08-04 00:05:00,28,4,3,1,5,5,8,6,7,8,17,2,0,0.205684,0.671888,1.340115,4.99565,3.97361,1.065783,0.529629,0.624054,0
user_33781,2021-10-29 22:32:00,19,15,17,3,8,4,13,3,18,8,7,4,0,1.004306,0.255664,1.303048,3.934426,1.04122,0.560102,0.407987,0.504497,1
user_33782,2021-08-15 14:45:00,14,15,2,0,2,0,4,0,5,10,11,6,1,1.698078,0.977505,0.362016,4.490599,4.580994,1.405227,0.993366,0.285795,0
user_33783,2021-09-07 13:21:00,31,10,2,5,9,2,1,7,2,9,8,1,0,2.416021,0.708164,2.230751,0.189806,4.314137,1.918157,0.857388,0.472759,0
user_33784,2021-08-15 23:32:00,18,14,17,3,10,5,1,6,17,9,18,6,1,3.894042,3.272454,2.610272,4.526446,4.088304,1.583741,0.863984,0.517325,0
user_33785,2021-10-02 11:09:00,28,11,19,3,0,1,7,9,13,19,9,5,1,3.399086,1.920331,4.260262,1.201296,0.778085,1.208402,0.249633,0.887702,1
user_33786,2021-09-22 16:01:00,37,17,19,3,5,1,4,4,10,19,1,2,0,1.13994,1.780248,2.758706,1.752579,4.399964,3.474756,0.390675,0.911291,0
user_33787,2021-10-23 09:23:00,35,1,14,4,9,2,15,5,11,19,14,5,1,0.920848,4.390666,4.89181,0.861105,2.09032,3.178212,0.908981,0.855225,0
user_33788,2021-09-06 08:42:00,29,5,10,0,3,0,10,11,4,11,18,0,0,3.054899,2.648934,1.328818,1.713116,4.112884,0.365585,0.83073,0.814041,0
user_33789,2021-08-03 13:32:00,12,19,23,1,10,3,4,2,17,20,11,1,0,2.249521,0.196067,4.948784,4.495277,4.426086,2.572244,0.847161,0.862258,0
user_33790,2021-09-16 15:14:00,7,5,5,0,8,1,12,8,11,16,17,3,0,1.120712,4.980083,3.683373,0.646692,3.155283,4.845327,0.266512,0.868763,1
user_33791,2021-09-23 16:39:00,26,2,7,4,10,0,15,7,2,7,16,3,0,0.613283,4.525516,2.29189,1.776064,0.599563,1.181828,0.206841,0.479191,0
user_33792,2021-10-24 06:03:00,34,8,11,2,3,3,4,15,2,10,2,6,1,4.42355,2.28794,3.389048,0.26174,2.852744,4.076667,0.962172,0.350419,0
user_33793,2021-08-02 22:53:00,40,2,18,0,5,2,20,19,4,10,14,0,0,4.866223,4.290348,3.400376,0.753102,1.689908,1.559922,0.349183,0.288275,0
user_33794,2021-08-03 01:36:00,40,10,4,2,2,0,20,17,18,13,11,1,0,0.4545,0.818271,0.220076,0.754881,1.728691,2.302172,0.692157,0.644397,1
user_33795,2021-08-01 21:20:00,42,11,24,4,6,1,5,15,8,6,7,6,1,2.190539,3.586726,2.229393,0.37229,1.062622,1.37495,0.639954,0.739145,1
user_33796,2021-10-14 06:35:00,15,12,23,4,6,1,10,0,17,0,19,3,0,1.122533,2.012888,0.583861,3.012973,4.743967,2.036091,0.426375,0.225036,1
user_33797,2021-09-25 04:39:00,12,15,11,5,2,4,8,11,7,5,15,5,1,1.212466,3.328842,0.406937,2.355804,1.085825,0.216123,0.967424,0.24217,0
user_33798,2021-10-18 07:22:00,40,1,23,4,2,3,8,5,10,20,20,0,0,1.468969,2.978801,3.425283,4.754694,2.656415,4.012044,0.522538,0.344125,0
user_33799,2021-10-07 17:49:00,5,15,28,1,4,1,16,19,4,18,6,3,0,4.333417,2.55751,4.408793,4.671771,0.313842,4.261163,0.50436,0.963652,0
user_33800,2021-10-04 08:17:00,28,14,8,4,0,1,5,7,9,18,0,0,0,0.16171,2.96139,4.16009,2.118951,3.90974,2.651513,0.672678,0.320964,1
user_33801,2021-08-30 17:37:00,2,4,11,3,7,5,0,14,8,2,12,0,0,2.831105,4.819837,0.625481,4.205719,4.561361,2.539009,0.99104,0.70904,0
user_33802,2021-09-04 18:16:00,30,6,15,2,8,3,12,19,8,12,7,5,1,4.179568,2.936829,3.749389,0.761968,1.763749,1.902021,0.440041,0.706581,0
user_33803,2021-09-12 01:31:00,38,5,25,2,9,5,1,19,5,8,17,6,1,2.091591,3.965095,2.455783,4.282502,2.295135,2.78411,0.204677,0.332984,1
user_33804,2021-08-07 16:17:00,42,6,18,4,0,3,19,3,10,2,9,5,1,1.986354,2.923852,4.858255,1.201784,2.650039,2.501042,0.625801,0.363437,0
user_33805,2021-10-07 04:16:00,31,1,1,4,7,2,10,19,3,1,19,3,0,0.573816,3.688511,3.659502,0.249651,4.199989,1.4495,0.975316,0.391072,1
user_33806,2021-09-24 05:19:00,7,0,3,0,8,5,4,12,17,0,11,4,0,0.335342,1.764045,3.207666,1.185646,1.388742,1.140198,0.333142,0.81184,1
user_33807,2021-10-18 05:59:00,23,5,9,3,8,2,14,8,0,11,19,0,0,1.030995,4.975545,0.197318,4.457077,1.998882,3.7616,0.685126,0.673685,1
user_33808,2021-08-15 12:45:00,12,8,28,5,3,1,19,15,0,0,10,6,1,2.198307,2.400047,1.206537,4.475136,1.655571,1.970118,0.825018,0.62977,0
user_33809,2021-08-24 18:24:00,16,1,22,4,4,0,7,3,13,9,11,1,0,3.179666,1.805952,2.098089,0.745672,4.021149,0.695469,0.687634,0.766862,1
user_33810,2021-09-14 10:13:00,9,16,1,1,7,0,14,2,15,6,12,1,0,3.489997,4.65986,2.433243,4.275351,3.021619,0.917802,0.670753,0.830211,0
user_33811,2021-09-16 10:33:00,12,3,27,2,10,2,13,11,10,4,2,3,0,0.883519,1.782609,2.849456,2.1564,3.493916,2.463372,0.51985,0.498841,1
user_33812,2021-08-13 08:33:00,37,10,9,2,0,5,6,2,7,12,3,4,0,0.473099,3.461636,1.224994,2.354885,3.640226,3.092232,0.473266,0.617265,1
user_33813,2021-09-24 15:14:00,50,1,4,1,2,3,2,8,5,16,18,4,0,4.338164,1.309642,3.395681,4.40132,2.402408,3.855983,0.69897,0.711044,0
user_33814,2021-09-07 10:17:00,1,8,25,3,9,3,8,0,5,0,16,1,0,4.247926,3.11373,3.928947,2.77423,2.956457,4.080988,0.316544,0.721178,0
user_33815,2021-09-19 19:57:00,21,10,22,5,8,1,14,15,15,5,2,6,1,3.968514,0.516544,4.19214,2.991521,2.562411,4.874725,0.255924,0.836538,0
user_33816,2021-10-08 18:25:00,38,8,8,4,7,1,20,4,5,18,11,4,0,0.947471,4.897143,0.305847,4.920773,4.677995,2.660835,0.575004,0.937457,0
user_33817,2021-08-12 04:35:00,48,6,6,4,4,4,4,1,12,2,8,3,0,4.239277,2.943247,0.804508,2.21908,1.950923,3.724336,0.788726,0.862176,0
user_33818,2021-09-14 03:06:00,36,3,26,5,2,1,2,6,15,15,7,1,0,4.984374,0.414277,1.334626,1.107677,2.246486,2.783355,0.352601,0.611272,0
user_33819,2021-08-26 09:02:00,44,8,23,4,1,3,0,8,6,4,0,3,0,2.56214,4.446667,4.188328,2.308223,2.314034,4.014054,0.702509,0.241174,0
user_33820,2021-09-15 19:15:00,20,18,6,4,7,0,7,9,0,6,20,2,0,3.074461,1.528981,0.891578,4.027012,4.159637,3.73291,0.281022,0.890794,0
user_33821,2021-09-12 23:23:00,45,18,22,0,6,5,13,9,18,15,5,6,1,0.93235,1.358357,3.839123,4.326806,0.398127,1.790893,0.411578,0.85226,0
user_33822,2021-09-23 08:27:00,33,4,23,0,2,4,17,0,11,17,16,3,0,1.39026,2.960242,3.746635,3.778728,2.67726,3.744891,0.572395,0.743496,0
user_33823,2021-08-26 04:08:00,48,8,5,1,8,4,13,0,4,13,18,3,0,4.609227,0.678394,0.413721,2.227056,4.848894,0.809623,0.749788,0.675662,1
user_33824,2021-09-27 04:08:00,39,19,13,5,10,3,6,20,4,5,6,0,0,4.84042,3.452325,0.600213,1.4017,1.011029,2.711233,0.495978,0.810021,0
user_33825,2021-08-12 06:59:00,48,13,16,0,9,5,3,0,10,15,12,3,0,3.308271,4.844139,1.106895,1.704154,2.623893,0.896103,0.815783,0.342415,1
user_33826,2021-09-29 20:20:00,16,10,23,1,7,3,11,19,19,10,18,2,0,0.417358,2.92109,0.56023,4.249751,3.160305,2.177518,0.935358,0.987599,1
user_33827,2021-10-24 15:06:00,49,7,24,4,2,2,6,14,12,8,4,6,1,1.784886,4.469169,1.290761,3.509634,2.140622,4.636509,0.560286,0.445386,1
user_33828,2021-10-09 20:12:00,20,0,20,1,7,1,8,17,10,19,2,5,1,0.889562,0.42338,0.109082,2.303562,1.346263,2.363224,0.531607,0.529231,1
user_33829,2021-08-30 06:05:00,41,20,30,1,10,1,19,19,20,9,1,0,0,1.471731,4.939524,4.258932,0.35503,2.096852,2.047608,0.228169,0.237558,0
user_33830,2021-08-21 11:47:00,4,12,23,5,5,4,11,20,14,10,20,5,1,2.839884,3.822562,2.641636,4.009441,2.567638,0.620247,0.344808,0.773863,1
user_33831,2021-09-19 01:01:00,3,3,9,3,3,1,1,12,16,5,16,6,1,1.067624,1.174759,0.334018,1.284975,0.23634,4.49595,0.515542,0.542698,0
user_33832,2021-09-03 16:15:00,36,13,20,0,0,3,4,8,10,8,14,4,0,3.325069,4.68843,1.83586,3.22533,4.776081,0.476293,0.582845,0.754719,1
user_33833,2021-10-23 15:57:00,40,11,1,3,6,1,6,9,1,6,13,5,1,2.697649,1.512367,3.183598,3.728864,1.348885,2.939844,0.851647,0.991673,1
user_33834,2021-10-23 12:35:00,28,5,30,5,7,4,19,13,5,6,18,5,1,4.13669,4.930319,1.437744,3.165384,1.20156,4.86732,0.982802,0.802147,1
user_33835,2021-10-09 06:04:00,4,9,18,0,5,5,2,3,12,12,2,5,1,3.008498,3.652112,3.509008,1.279735,4.459071,2.709193,0.65149,0.42209,1
user_33836,2021-08-11 02:31:00,14,14,16,0,10,3,8,17,20,0,3,2,0,0.639086,1.349497,3.813596,3.00515,1.828739,2.149445,0.869434,0.37949,0
user_33837,2021-08-07 05:54:00,49,1,7,4,0,2,16,14,15,3,5,5,1,4.490642,2.227374,0.916987,0.939435,3.964282,1.523883,0.836216,0.541937,1
user_33838,2021-10-21 05:48:00,20,2,19,1,8,0,9,8,14,7,17,3,0,0.302652,2.437362,4.436158,4.011982,2.952687,0.192311,0.784529,0.354188,0
user_33839,2021-10-11 03:16:00,26,4,16,0,10,3,19,6,2,9,12,0,0,1.412808,2.078001,1.79619,3.108779,4.468686,3.468533,0.339202,0.514102,0
user_33840,2021-08-09 08:52:00,2,11,30,5,10,3,1,0,9,6,12,0,0,2.084019,4.31933,2.684058,3.118436,3.205765,3.705083,0.70262,0.747457,0
user_33841,2021-10-01 21:43:00,17,12,9,0,8,1,10,6,0,17,3,4,0,4.897372,4.396534,2.759633,4.47066,4.579901,2.865121,0.527295,0.482078,1
user_33842,2021-08-10 20:35:00,42,2,14,1,1,5,9,8,18,14,17,1,0,0.863332,0.507446,2.012387,1.142,4.645364,0.838405,0.925566,0.348581,0
user_33843,2021-10-13 09:31:00,50,14,24,2,2,1,16,3,1,13,10,2,0,1.030691,0.494185,2.063496,3.018917,1.564903,2.249821,0.997264,0.849855,1
user_33844,2021-09-10 17:37:00,18,3,18,4,3,3,18,9,10,20,13,4,0,0.689878,0.901405,0.420165,2.228183,4.410511,0.245004,0.3435,0.544823,1
user_33845,2021-08-26 13:21:00,10,0,3,2,2,4,20,0,18,13,0,3,0,1.846403,4.901714,3.136391,2.040086,4.931958,1.535055,0.97748,0.628457,1
user_33846,2021-10-14 22:52:00,11,2,25,5,0,0,0,14,8,7,19,3,0,0.739208,3.779506,1.285552,3.499834,1.081513,4.670923,0.942996,0.422497,1
user_33847,2021-08-26 01:09:00,11,5,21,5,6,2,8,8,5,15,4,3,0,0.841226,3.094055,3.48358,0.546475,4.189654,2.499647,0.761424,0.85137,1
user_33848,2021-08-03 18:57:00,1,1,29,1,6,4,16,4,14,17,1,1,0,1.424512,0.599723,0.308972,1.512975,2.653924,2.062622,0.335831,0.408077,0
user_33849,2021-08-04 19:18:00,19,15,10,2,5,5,0,20,10,5,18,2,0,0.429802,2.53087,1.914181,0.855603,2.336417,3.203822,0.705574,0.578103,0
user_33850,2021-08-28 22:06:00,26,15,23,0,8,0,7,4,5,17,20,5,1,2.818843,1.508346,4.140182,3.520032,0.163586,0.593984,0.814618,0.975184,1
user_33851,2021-09-05 05:59:00,10,2,25,4,9,1,2,9,17,11,18,6,1,4.960941,4.560142,3.638608,4.487284,3.436197,3.187052,0.59408,0.663427,1
user_33852,2021-09-19 02:07:00,32,4,3,3,6,4,3,10,12,11,18,6,1,2.142782,3.40015,4.667659,2.015521,1.495789,0.915963,0.209732,0.997167,0
user_33853,2021-09-09 10:17:00,44,10,1,5,10,3,16,6,0,19,8,3,0,3.108669,3.992315,2.9572,4.376836,1.160262,2.047038,0.918335,0.294982,0
user_33854,2021-08-06 02:19:00,42,1,2,0,5,5,16,11,10,19,11,4,0,0.614513,1.967006,2.883085,4.641319,3.967066,0.886897,0.441307,0.296808,0
user_33855,2021-08-17 21:22:00,14,0,26,1,3,1,1,10,9,19,18,1,0,0.880489,2.812874,2.969319,4.334071,1.221318,3.087315,0.476578,0.547687,0
user_33856,2021-09-10 04:33:00,5,19,26,3,10,2,13,16,15,3,8,4,0,4.523628,1.148934,1.768339,0.381737,2.531181,0.909115,0.770401,0.789997,0
user_33857,2021-08-23 16:20:00,34,19,11,1,10,2,0,2,0,14,17,0,0,3.149951,3.101526,4.040199,1.695496,4.137528,1.660813,0.352495,0.85044,1
user_33858,2021-10-17 21:00:00,49,8,21,4,9,5,16,17,2,12,2,6,1,3.309604,4.328587,3.793298,0.88915,0.121579,2.628059,0.500733,0.832138,0
user_33859,2021-09-13 07:54:00,12,0,21,2,4,5,3,18,16,16,11,0,0,2.659463,0.481226,0.518752,1.631157,3.4035,0.638426,0.904929,0.310796,1
user_33860,2021-09-21 09:40:00,37,2,12,5,0,3,12,5,1,5,20,1,0,3.356637,2.111182,4.408375,3.994982,4.341411,2.978479,0.313984,0.201208,0
user_33861,2021-10-29 05:45:00,14,16,16,5,1,2,10,13,3,6,4,4,0,0.977733,3.891986,0.995182,3.398156,4.580889,1.484337,0.245191,0.531977,0
user_33862,2021-08-13 00:02:00,28,19,30,1,7,3,0,15,9,7,7,4,0,0.607373,2.969002,4.006304,0.742915,4.085886,3.935293,0.845428,0.430052,1
user_33863,2021-08-01 12:57:00,28,0,7,3,10,3,0,13,18,14,15,6,1,3.199487,1.951292,0.899694,4.780047,2.647887,0.902147,0.312322,0.349739,1
user_33864,2021-10-04 07:09:00,17,11,16,1,7,4,20,4,4,1,15,0,0,4.848317,1.856464,3.45018,0.855732,4.521557,0.654041,0.526157,0.472162,0
user_33865,2021-10-22 19:46:00,15,8,20,0,2,3,7,16,7,8,20,4,0,4.128552,3.792151,4.289003,0.746114,0.188442,0.697424,0.512564,0.575317,1
user_33866,2021-09-15 22:24:00,17,7,21,2,1,3,16,13,8,1,4,2,0,3.516393,2.341265,2.40808,2.536507,0.399444,0.672444,0.291342,0.620215,1
user_33867,2021-10-02 02:02:00,36,18,10,4,0,3,18,0,13,7,2,5,1,2.676769,0.605135,3.951102,2.357867,3.167403,1.893841,0.763533,0.687875,0
user_33868,2021-08-23 03:15:00,22,0,26,5,6,3,7,17,0,3,14,0,0,3.511344,1.97099,3.525289,0.316383,4.801452,1.191649,0.709314,0.800975,1
user_33869,2021-09-14 07:19:00,14,12,30,0,4,3,6,15,4,12,16,1,0,3.165333,0.13515,1.704704,3.58269,0.635493,4.882305,0.516164,0.512554,1
user_33870,2021-09-19 09:17:00,10,5,27,5,10,0,17,3,6,6,4,6,1,0.643209,3.535446,2.242374,3.222857,3.610376,0.962381,0.859278,0.496766,0
user_33871,2021-08-20 10:34:00,4,4,25,4,8,5,10,19,9,1,0,4,0,1.670992,0.73315,3.84882,4.393398,4.340296,3.837808,0.963589,0.375373,0
user_33872,2021-10-24 23:16:00,49,17,6,4,10,0,14,8,8,2,13,6,1,4.150441,1.118237,3.797484,3.279874,3.8942,4.303472,0.383023,0.406487,0
user_33873,2021-08-01 08:53:00,6,14,11,1,1,1,16,15,19,7,10,6,1,1.401743,1.341216,2.412849,4.71902,4.419627,0.621432,0.36166,0.750489,0
user_33874,2021-08-05 14:20:00,33,20,2,3,2,4,0,7,16,10,8,3,0,2.474553,3.417352,2.732622,1.024442,4.844212,2.427568,0.958845,0.383531,0
user_33875,2021-09-28 04:28:00,6,11,7,2,4,0,18,13,17,12,11,1,0,0.519635,0.507681,2.19651,3.625365,1.546058,3.2805,0.287077,0.902567,1
user_33876,2021-10-11 19:53:00,34,0,7,2,3,4,4,18,12,19,17,0,0,0.536061,2.175105,2.609815,0.740518,1.163417,0.994336,0.717418,0.681573,1
user_33877,2021-08-15 21:59:00,43,12,6,5,10,1,7,1,4,7,10,6,1,2.492232,2.793897,1.963877,0.964085,2.599014,1.475014,0.325897,0.797362,1
user_33878,2021-08-30 23:19:00,45,16,23,2,3,1,14,17,12,12,15,0,0,0.657212,2.924881,4.014096,4.559224,1.520881,3.424258,0.939333,0.256378,1
user_33879,2021-08-24 03:55:00,39,2,21,0,9,5,5,5,13,6,14,1,0,4.652909,0.487001,3.982708,2.912743,4.325303,2.787573,0.979818,0.78038,0
user_33880,2021-10-05 11:00:00,42,0,18,3,5,1,6,11,16,12,8,1,0,3.454708,3.561007,1.266148,2.39027,0.673536,2.48754,0.47729,0.241617,0
user_33881,2021-08-03 03:56:00,45,14,13,4,5,3,10,15,9,20,11,1,0,3.166624,0.734081,3.697573,2.274681,1.96954,1.223568,0.759365,0.590654,1
user_33882,2021-08-13 03:58:00,47,2,23,3,1,3,14,12,9,10,13,4,0,0.1127,0.279111,1.703977,1.268733,4.457685,3.050471,0.703062,0.645264,1
user_33883,2021-08-21 15:57:00,20,19,3,0,6,1,20,20,17,7,1,5,1,0.490235,0.548023,0.162332,4.984876,2.787037,1.750824,0.515102,0.250172,1
user_33884,2021-09-19 10:29:00,15,7,26,2,5,3,11,9,18,1,18,6,1,2.076802,4.986714,3.592996,2.545266,4.688346,1.995307,0.621155,0.638077,0
user_33885,2021-08-28 00:56:00,6,3,5,5,8,5,6,9,20,3,17,5,1,1.903819,0.14026,4.104748,3.729869,0.401731,0.969132,0.534079,0.500183,0
user_33886,2021-08-30 07:58:00,7,8,30,2,1,3,3,10,14,18,7,0,0,4.772799,1.881427,4.753228,2.108947,2.676927,2.481365,0.284169,0.789342,1
user_33887,2021-10-06 21:19:00,22,5,14,2,9,5,2,19,1,17,3,2,0,4.829696,3.325304,2.774922,3.778473,3.939926,0.302008,0.455364,0.462526,1
user_33888,2021-08-15 15:09:00,40,18,9,1,0,3,5,0,20,0,3,6,1,1.298029,3.611841,4.661259,4.568512,4.564321,3.716701,0.595349,0.261911,1
user_33889,2021-08-17 11:41:00,34,20,10,2,0,5,2,13,16,20,5,1,0,3.896062,3.564385,1.26847,3.795833,1.245959,0.799946,0.735584,0.463232,0
user_33890,2021-09-21 16:07:00,48,19,8,3,3,5,0,4,18,16,0,1,0,0.576278,3.240238,4.400335,3.264939,0.892497,1.162394,0.310554,0.924646,0
user_33891,2021-10-04 23:39:00,45,9,20,0,2,3,19,11,16,15,5,0,0,3.730653,3.027379,1.017206,1.765285,4.463425,1.942573,0.779333,0.216363,1
user_33892,2021-08-09 11:29:00,27,2,22,1,7,1,7,1,12,19,15,0,0,4.797103,2.285527,0.224399,3.528879,0.735047,4.343889,0.773669,0.657319,0
user_33893,2021-10-05 16:39:00,27,15,2,3,4,4,5,19,12,18,16,1,0,1.527642,0.14182,1.449024,4.052897,3.079942,4.03947,0.285304,0.742732,0
user_33894,2021-09-18 03:30:00,46,10,29,1,10,3,20,13,10,4,17,5,1,1.396902,3.217457,3.767011,0.27214,1.464598,0.16395,0.613961,0.874317,0
user_33895,2021-09-13 01:00:00,5,20,30,2,0,3,13,6,15,1,2,0,0,1.393195,0.655802,2.163847,4.822108,4.228761,3.625139,0.403824,0.216884,0
user_33896,2021-09-22 22:15:00,40,20,28,3,5,3,1,19,14,6,4,2,0,1.642392,3.974129,3.735962,3.959751,2.515537,2.174986,0.781216,0.750765,0
user_33897,2021-08-12 04:34:00,13,6,14,0,8,2,14,10,9,4,7,3,0,2.317165,0.247808,3.055567,3.556691,1.028819,3.052255,0.523231,0.748047,1
user_33898,2021-10-03 02:43:00,20,16,20,5,4,1,11,18,11,12,19,6,1,4.09603,3.152311,1.913705,3.635029,2.309651,2.134624,0.771612,0.432372,1
user_33899,2021-09-03 12:15:00,49,19,23,3,4,5,14,18,17,17,18,4,0,1.402283,3.199352,0.664429,4.305734,1.851343,1.772489,0.472066,0.805346,1
user_33900,2021-10-06 04:36:00,26,13,2,3,3,2,13,19,1,1,1,2,0,1.095359,4.254135,1.688558,0.683624,0.179326,4.249429,0.388425,0.532412,0
user_33901,2021-09-18 21:25:00,3,0,20,4,9,2,13,1,5,1,2,5,1,4.785495,2.180294,4.047778,1.761407,3.363616,2.628535,0.835761,0.294802,0
user_33902,2021-10-02 03:16:00,48,14,19,5,5,2,2,19,11,1,2,5,1,4.738556,0.833091,4.126444,3.472831,0.58251,4.839633,0.761463,0.570794,0
user_33903,2021-09-14 17:58:00,31,18,19,2,6,4,15,8,13,9,6,1,0,2.130435,2.533857,1.987638,1.217473,2.496702,1.116722,0.692328,0.392454,0
user_33904,2021-10-26 15:19:00,47,5,4,1,0,0,10,18,9,18,14,1,0,4.819073,2.587063,1.085001,4.018006,3.400742,3.847738,0.883297,0.616869,0
user_33905,2021-10-04 00:02:00,6,14,7,2,4,0,18,16,17,4,4,0,0,1.005734,3.294746,4.259353,3.442066,2.757859,0.554795,0.885104,0.94702,0
user_33906,2021-10-05 23:26:00,1,18,23,2,1,4,19,1,12,0,15,1,0,1.382862,4.173333,2.356025,2.039406,0.762736,0.482519,0.638818,0.717163,1
user_33907,2021-10-19 03:29:00,27,10,9,4,3,2,1,14,1,3,10,1,0,0.346451,3.98407,1.008243,1.296652,2.027943,0.533922,0.345937,0.453693,0
user_33908,2021-10-06 11:39:00,29,5,26,3,1,4,11,3,13,4,20,2,0,2.57381,0.217402,3.440415,3.10492,2.290898,2.782218,0.258291,0.868164,0
user_33909,2021-09-25 15:39:00,7,5,29,0,8,3,18,18,0,4,2,5,1,3.630789,4.779822,0.540677,2.005422,3.901614,2.984906,0.236044,0.377341,1
user_33910,2021-08-13 08:01:00,23,14,23,5,6,4,5,12,8,19,6,4,0,0.647795,1.241834,4.4375,2.939713,2.225338,0.315708,0.882627,0.894844,1
user_33911,2021-09-11 20:09:00,11,18,7,5,10,2,10,9,1,6,20,5,1,4.346505,4.881075,3.248592,4.822265,0.906427,4.243027,0.791827,0.254095,1
user_33912,2021-08-08 03:14:00,23,0,5,4,0,5,1,3,9,9,0,6,1,3.132642,2.334608,4.308677,3.434592,0.249799,1.904099,0.983891,0.587259,1
user_33913,2021-08-06 21:37:00,30,7,27,0,5,2,15,8,1,7,8,4,0,0.542439,3.290465,4.019873,3.054118,4.799814,4.472736,0.655054,0.391197,0
user_33914,2021-10-17 01:04:00,5,14,25,5,1,4,5,0,7,14,3,6,1,3.674009,0.875288,4.330958,1.589628,4.221496,4.009565,0.495252,0.360492,1
user_33915,2021-09-23 16:14:00,48,11,20,3,6,1,6,10,11,5,13,3,0,1.874199,3.174434,3.407063,3.890502,4.016381,4.512402,0.601034,0.851082,0
user_33916,2021-09-28 09:28:00,29,13,1,3,3,3,8,1,18,13,17,1,0,4.830302,1.025011,2.330076,3.119648,3.364516,1.651504,0.945282,0.689308,1
user_33917,2021-10-16 15:06:00,26,18,21,2,5,5,15,20,9,1,3,5,1,1.307556,4.778497,2.250399,2.414833,0.687029,1.950534,0.952131,0.637739,1
user_33918,2021-08-06 17:48:00,3,4,8,2,5,1,9,20,7,20,10,4,0,3.529505,3.297048,0.174998,4.083253,0.144358,0.412375,0.586932,0.891383,0
user_33919,2021-10-07 19:36:00,17,4,3,2,10,5,3,18,10,14,19,3,0,2.322259,0.281019,3.537757,0.632533,4.932301,3.924982,0.712234,0.72815,0
user_33920,2021-09-02 13:01:00,27,0,6,2,0,1,18,18,19,14,8,3,0,3.820864,2.764566,2.029382,4.617383,2.799538,0.576981,0.905435,0.444373,1
user_33921,2021-10-05 22:12:00,16,1,4,2,1,3,4,2,20,18,2,1,0,2.611954,0.165624,4.772779,4.379727,4.054263,0.513383,0.23028,0.3126,1
user_33922,2021-08-10 16:57:00,12,7,30,0,2,1,18,15,2,6,19,1,0,1.967002,3.181055,2.681493,3.800459,0.723961,2.083092,0.603403,0.581516,0
user_33923,2021-10-15 14:49:00,42,16,11,1,8,3,20,2,0,11,20,4,0,1.659336,4.896515,4.362142,1.485261,1.937074,4.749688,0.512484,0.36734,1
user_33924,2021-08-12 05:48:00,5,15,17,5,8,2,5,16,17,1,20,3,0,2.583529,2.102858,2.24256,3.981529,3.451398,4.635193,0.833809,0.544135,1
user_33925,2021-10-21 07:48:00,19,12,20,2,5,5,4,12,9,1,18,3,0,2.264026,2.487627,0.536123,3.921734,2.866274,2.63041,0.455782,0.78259,0
user_33926,2021-08-16 23:43:00,10,3,2,4,2,2,15,8,16,18,4,0,0,1.723339,3.540711,2.503164,1.598733,3.584417,1.393846,0.723129,0.882474,1
user_33927,2021-08-18 23:57:00,39,9,25,1,1,5,10,3,19,13,1,2,0,3.152218,4.9583,1.750214,3.058552,3.204077,4.517944,0.38867,0.535904,1
user_33928,2021-09-22 06:53:00,50,1,19,4,6,3,3,6,8,7,17,2,0,2.11196,4.09717,0.422549,2.429187,2.904563,0.348885,0.675846,0.939021,1
user_33929,2021-09-28 03:48:00,33,9,19,0,6,5,9,11,13,19,1,1,0,4.063662,2.691749,3.491333,2.949003,4.812811,4.666865,0.762255,0.802673,1
user_33930,2021-10-25 07:19:00,4,3,29,5,4,2,6,4,15,8,9,0,0,4.788836,3.924239,2.067309,1.53362,1.250466,3.381113,0.256263,0.584255,1
user_33931,2021-08-12 21:54:00,3,15,29,5,8,3,10,14,14,2,18,3,0,3.692868,1.007562,1.218114,0.806031,0.2011,0.53652,0.625973,0.244724,1
user_33932,2021-09-16 12:44:00,27,7,2,3,3,0,10,8,20,3,7,3,0,1.285878,4.769181,0.980402,3.788449,3.080624,1.219729,0.571177,0.722849,0
user_33933,2021-08-09 07:29:00,50,8,3,5,1,4,18,5,17,0,9,0,0,4.102716,3.19127,3.222645,1.392697,2.656543,1.613801,0.576255,0.353252,0
user_33934,2021-09-12 02:59:00,4,10,1,4,1,0,19,7,18,12,5,6,1,3.708039,1.619334,3.413703,2.027917,0.786256,1.267099,0.789811,0.817208,1
user_33935,2021-08-30 09:15:00,45,9,3,4,9,0,12,8,15,16,7,0,0,4.524117,2.696335,4.711341,3.988516,3.536741,3.571203,0.98617,0.508239,1
user_33936,2021-09-26 16:56:00,7,6,4,3,2,1,16,9,14,14,17,6,1,0.818517,3.885003,4.00038,3.750279,0.27348,3.037586,0.236996,0.603583,0
user_33937,2021-10-13 22:27:00,29,12,4,0,0,2,19,4,8,0,17,2,0,4.075082,4.870621,0.894907,4.908859,1.443532,1.970243,0.48499,0.278884,0
user_33938,2021-08-13 17:33:00,12,14,27,3,1,4,20,14,18,19,1,4,0,0.316426,1.639427,1.663628,4.879941,3.839412,4.18865,0.291881,0.611572,1
user_33939,2021-09-24 22:41:00,2,5,17,0,0,0,16,2,6,13,12,4,0,3.003467,3.944718,1.627734,3.205877,2.827371,3.224546,0.740457,0.90831,1
user_33940,2021-08-18 11:19:00,7,16,25,5,1,3,13,17,11,19,12,2,0,4.920381,1.311956,3.087898,4.406047,4.239282,4.176056,0.836783,0.311568,0
user_33941,2021-10-05 13:18:00,35,13,30,5,0,4,8,16,16,14,11,1,0,4.693812,2.131595,1.720834,0.112382,3.052012,4.974844,0.903811,0.38644,0
user_33942,2021-08-22 05:08:00,17,7,14,4,3,3,8,5,3,11,17,6,1,2.101194,3.963926,0.464995,0.998672,1.011554,2.266193,0.945879,0.240779,1
user_33943,2021-09-16 01:57:00,14,3,23,2,2,0,13,11,9,1,8,3,0,0.652543,0.116268,4.59245,0.557618,0.928441,0.475686,0.630303,0.722055,0
user_33944,2021-08-06 07:52:00,50,12,30,4,1,5,13,18,4,6,16,4,0,1.846919,1.252699,0.135747,2.313502,4.533677,2.820985,0.357104,0.264857,0
user_33945,2021-09-22 01:47:00,16,16,12,5,10,2,14,4,12,5,15,2,0,1.28678,0.761574,0.891971,3.494035,1.91641,2.803853,0.916521,0.519482,1
user_33946,2021-10-02 09:34:00,38,7,23,3,9,4,6,2,3,17,17,5,1,1.738524,2.240026,0.929479,0.515546,3.220592,4.432675,0.345765,0.813633,0
user_33947,2021-10-12 15:34:00,22,11,25,0,9,0,0,20,3,2,19,1,0,2.51972,2.164925,3.522308,3.64391,1.68352,0.80083,0.376632,0.86755,0
user_33948,2021-09-19 05:55:00,42,0,13,2,1,5,0,9,2,16,17,6,1,2.905173,2.491382,4.716183,1.943441,4.32937,3.17962,0.72327,0.407817,0
user_33949,2021-09-25 01:43:00,16,3,15,3,9,4,1,8,15,14,5,5,1,0.545155,1.029693,1.97451,2.736121,0.661909,2.6855,0.817481,0.414967,0
user_33950,2021-08-15 11:10:00,39,13,11,1,8,0,1,6,8,16,4,6,1,2.424301,4.129989,2.630323,1.039187,2.202494,3.84069,0.355676,0.448128,1
user_33951,2021-09-11 00:40:00,46,5,9,5,7,4,20,14,12,19,6,5,1,4.856611,3.329837,4.446997,2.578504,2.031977,3.980485,0.919345,0.787308,1
user_33952,2021-09-28 13:52:00,37,13,2,0,4,3,5,12,6,13,19,1,0,3.697402,3.22455,3.640257,3.334504,0.120679,2.028769,0.390767,0.618482,1
user_33953,2021-09-09 05:44:00,44,6,16,1,10,2,10,7,7,10,9,3,0,3.688873,0.245289,2.602186,3.653076,3.395936,1.10618,0.458786,0.747435,0
user_33954,2021-08-08 14:51:00,42,18,11,5,7,5,10,10,6,17,2,6,1,3.070811,4.350882,1.868369,1.550734,4.5634,1.541015,0.516204,0.938962,1
user_33955,2021-08-15 02:56:00,39,1,27,1,0,3,13,4,7,20,11,6,1,2.287387,2.123781,3.364682,2.718378,1.267181,0.19545,0.461349,0.916695,1
user_33956,2021-09-07 10:51:00,35,15,27,3,7,0,15,11,0,19,11,1,0,1.164617,4.961082,1.566669,2.062029,1.258971,1.740526,0.267546,0.450918,0
user_33957,2021-08-07 18:45:00,27,17,21,5,5,1,10,4,19,16,14,5,1,4.362901,4.059659,0.161808,1.175285,1.068781,3.92022,0.205865,0.644953,1
user_33958,2021-08-26 10:03:00,23,3,1,1,5,0,5,13,17,9,11,3,0,3.50105,3.382546,2.156792,4.224268,0.784577,1.381481,0.559513,0.83521,1
user_33959,2021-08-16 18:45:00,37,14,28,4,0,1,8,15,17,20,19,0,0,4.769204,3.028973,0.848858,3.718792,2.187287,0.376539,0.279234,0.81055,0
user_33960,2021-08-15 22:02:00,49,7,2,1,2,5,8,12,3,5,9,6,1,0.502934,3.279365,4.740349,4.52065,3.449737,4.767357,0.519212,0.225802,1
user_33961,2021-10-10 19:52:00,17,11,15,3,1,4,0,20,19,5,7,6,1,3.041644,0.507482,3.50949,2.820105,3.073524,4.844063,0.849341,0.437684,1
user_33962,2021-09-15 12:03:00,15,16,29,4,10,3,2,15,3,15,8,2,0,4.052714,2.198572,4.793421,1.03591,1.109028,4.689046,0.972257,0.984396,1
user_33963,2021-09-14 00:22:00,21,4,10,2,0,5,19,2,19,18,11,1,0,2.120426,2.045995,3.470459,4.967804,3.2828,2.656736,0.676819,0.245332,0
user_33964,2021-09-27 17:39:00,17,20,1,2,9,5,1,13,15,3,13,0,0,4.618234,3.359532,4.080718,4.164049,3.461276,0.976947,0.299972,0.872573,1
user_33965,2021-08-06 09:12:00,30,6,3,3,1,2,4,8,0,16,9,4,0,2.793692,0.170937,4.891577,0.93528,3.438912,3.839046,0.797952,0.836598,0
user_33966,2021-09-02 14:52:00,37,10,17,1,3,4,7,19,1,12,4,3,0,4.315943,4.148174,2.292946,1.152807,4.383153,0.357364,0.56626,0.98475,0
user_33967,2021-09-09 10:54:00,22,5,8,3,5,4,3,4,16,6,10,3,0,4.821184,1.649569,0.790316,2.455233,2.927671,1.419067,0.442983,0.63221,1
user_33968,2021-08-30 04:22:00,20,10,7,3,6,5,1,11,5,3,9,0,0,1.605246,3.698767,0.117794,2.279813,0.74641,3.517437,0.243692,0.300764,1
user_33969,2021-09-03 15:18:00,36,15,30,1,4,4,19,5,20,5,2,4,0,1.866954,0.124371,3.711429,3.933963,1.33885,0.580736,0.245283,0.533344,1
user_33970,2021-08-25 16:32:00,45,17,20,0,9,4,20,9,12,9,9,2,0,4.501902,0.486804,3.766065,2.60239,2.880657,2.435821,0.527697,0.597292,1
user_33971,2021-10-04 17:39:00,35,0,9,4,5,3,4,11,12,6,15,0,0,2.48289,0.765937,1.566099,2.498368,1.768073,0.763612,0.509055,0.826314,1
user_33972,2021-09-30 18:31:00,11,17,15,3,7,0,13,18,9,14,16,3,0,2.892644,0.654446,3.162548,0.455954,3.770749,3.265511,0.945738,0.445498,0
user_33973,2021-08-21 16:15:00,32,13,15,3,4,3,6,4,3,10,20,5,1,4.026525,4.322808,0.905862,1.877836,3.685161,0.985204,0.92618,0.860255,0
user_33974,2021-10-10 23:00:00,5,0,3,4,1,3,3,13,2,14,5,6,1,4.172177,1.428633,0.191512,1.610673,2.766174,1.398184,0.93549,0.675888,0
user_33975,2021-09-21 23:14:00,2,2,18,1,4,5,11,0,18,14,5,1,0,0.490108,1.665677,1.943442,3.508206,0.571117,4.631702,0.489187,0.210979,0
user_33976,2021-08-25 11:58:00,37,11,12,4,6,5,9,14,11,12,19,2,0,3.15469,4.943757,2.074183,2.975631,4.740166,4.244048,0.719515,0.971007,1
user_33977,2021-08-23 02:07:00,17,9,9,5,9,3,12,0,18,19,5,0,0,0.526235,1.701957,4.261148,0.489638,3.577659,3.907957,0.682507,0.909633,1
user_33978,2021-09-04 04:42:00,4,0,8,2,9,0,7,4,11,13,14,5,1,4.586774,1.31917,2.934301,4.866099,1.115267,3.99466,0.866524,0.989464,1
user_33979,2021-08-06 01:42:00,1,17,15,0,3,3,14,10,14,18,16,4,0,4.751705,2.235565,2.783423,4.764874,4.516454,0.549774,0.483561,0.632915,0
user_33980,2021-09-11 08:50:00,20,10,24,3,6,5,18,20,8,8,20,5,1,2.671861,2.975317,2.767582,3.56435,3.77771,0.582794,0.989808,0.714201,1
user_33981,2021-09-21 20:56:00,41,4,28,3,2,0,13,4,3,12,11,1,0,0.815132,3.041999,0.447704,4.796623,0.839312,0.425401,0.457565,0.830672,0
user_33982,2021-09-17 12:16:00,7,16,3,5,7,4,13,2,16,16,12,4,0,4.640734,2.239073,3.854949,4.163947,2.397256,1.056771,0.669628,0.859397,0
user_33983,2021-10-05 10:55:00,1,1,9,2,0,3,19,16,6,16,0,1,0,2.666166,0.918703,2.442571,3.452206,0.270937,2.489771,0.840717,0.983727,0
user_33984,2021-10-08 06:32:00,9,19,28,0,7,2,8,12,16,8,17,4,0,1.14734,3.219131,0.352473,3.513908,2.872925,2.143334,0.312891,0.839122,1
user_33985,2021-10-19 23:39:00,1,14,11,0,10,3,20,9,18,8,0,1,0,0.490501,1.03388,4.151027,0.917049,1.309865,4.852808,0.582602,0.986994,1
user_33986,2021-09-28 06:40:00,38,5,29,4,5,5,4,10,9,16,10,1,0,2.723477,3.710476,4.748375,3.993137,4.91787,4.882213,0.201139,0.672008,1
user_33987,2021-10-03 00:39:00,23,16,26,2,0,5,1,11,18,14,1,6,1,0.740573,3.031463,4.200409,1.301078,0.975813,4.12095,0.622711,0.313146,1
user_33988,2021-08-07 19:13:00,13,20,24,1,6,2,6,13,15,9,5,5,1,0.851982,4.685522,1.715093,2.546106,2.386621,0.866727,0.884667,0.829749,0
user_33989,2021-08-04 16:06:00,49,2,14,5,6,3,9,2,4,3,3,2,0,1.666232,1.688984,4.661903,1.679357,0.734278,3.385857,0.480878,0.716943,0
user_33990,2021-10-28 01:40:00,23,1,6,5,7,3,18,4,11,8,11,3,0,2.883084,2.600605,1.581592,2.421986,1.297521,0.947108,0.545599,0.98347,0
user_33991,2021-08-20 15:00:00,28,15,14,1,5,0,8,2,13,3,10,4,0,3.607527,4.126548,0.549402,1.818241,4.732039,4.897463,0.636966,0.283884,0
user_33992,2021-09-04 17:34:00,41,0,8,2,10,5,11,7,18,18,1,5,1,3.053463,0.852491,0.883878,0.286453,0.638447,2.459335,0.235046,0.689178,1
user_33993,2021-09-09 02:47:00,44,3,3,2,5,0,8,10,16,16,8,3,0,0.736356,4.229913,0.875942,4.554189,1.891393,0.323748,0.961119,0.206167,1
user_33994,2021-10-12 03:15:00,10,6,8,1,0,2,5,15,6,10,9,1,0,3.909128,0.661079,2.569122,0.844279,0.343644,0.635813,0.986495,0.727437,1
user_33995,2021-08-14 18:14:00,39,4,3,3,7,1,10,13,14,11,1,5,1,3.874065,1.255545,0.570148,4.838477,1.585325,1.350025,0.507189,0.803085,0
user_33996,2021-08-29 16:13:00,38,17,27,3,7,3,17,19,17,19,9,6,1,1.437215,0.185228,2.974173,0.4195,4.704953,1.942421,0.268424,0.801564,1
user_33997,2021-09-12 17:24:00,9,7,29,0,0,3,1,0,6,2,19,6,1,4.304142,1.269072,0.306691,0.430284,4.526108,3.928655,0.380527,0.950262,1
user_33998,2021-10-26 17:50:00,4,0,12,5,4,0,6,18,3,12,2,1,0,4.714502,4.905211,1.54985,3.755969,2.844932,4.694466,0.722549,0.246595,1
user_33999,2021-10-09 18:01:00,40,20,7,4,3,4,4,10,5,17,15,5,1,3.042327,3.504541,0.367571,1.519171,0.37629,0.312121,0.953063,0.503828,0
user_34000,2021-10-20 18:55:00,32,20,5,4,0,1,6,11,14,14,10,2,0,1.505172,1.436366,4.883847,4.288031,3.291343,1.882699,0.392134,0.336769,0
user_34001,2021-08-31 19:23:00,12,10,1,4,8,2,2,12,15,19,6,1,0,3.985843,3.271287,1.819389,0.297478,2.382426,0.816153,0.432146,0.832447,1
user_34002,2021-09-13 19:48:00,34,18,10,5,9,3,8,7,3,0,2,0,0,3.253662,1.042317,4.137035,2.890172,4.838282,2.771118,0.972894,0.525188,0
user_34003,2021-08-19 19:46:00,41,3,28,4,0,1,12,7,8,15,13,3,0,0.268901,4.100016,2.512956,2.833612,0.783119,2.230145,0.682302,0.353168,1
user_34004,2021-09-28 00:44:00,3,17,18,0,8,3,3,9,17,1,12,1,0,2.204523,3.472578,3.971959,4.740988,4.111682,4.938309,0.593929,0.281044,0
user_34005,2021-09-08 01:48:00,14,18,26,0,1,1,3,2,14,11,6,2,0,2.196323,3.931435,1.783412,4.328753,2.972734,4.463896,0.607475,0.601214,1
user_34006,2021-10-26 00:08:00,6,1,18,0,2,2,5,15,16,7,13,1,0,2.179652,4.160069,3.675706,4.81824,1.975956,1.946197,0.510031,0.207153,1
user_34007,2021-08-13 15:41:00,19,2,14,3,7,1,20,18,14,18,14,4,0,2.279901,3.765019,2.356076,0.993325,3.243998,1.254233,0.505769,0.768313,1
user_34008,2021-10-08 17:04:00,6,5,23,5,8,2,10,5,7,5,20,4,0,1.897364,0.979164,1.030817,3.001676,0.945796,2.979957,0.232631,0.315396,1
user_34009,2021-09-24 11:50:00,5,0,28,5,3,5,5,0,7,17,3,4,0,4.326683,1.942016,4.190622,1.431335,3.61026,1.291801,0.432139,0.615168,0
user_34010,2021-08-19 04:17:00,29,16,13,3,8,5,1,15,19,7,17,3,0,0.634067,3.401347,4.77421,4.213397,2.216208,0.418159,0.959768,0.32377,1
user_34011,2021-09-18 18:35:00,23,1,29,5,7,2,0,8,9,1,8,5,1,2.539725,0.214382,0.744106,4.695406,4.870583,1.50521,0.842313,0.637878,1
user_34012,2021-09-19 13:29:00,24,0,3,4,8,3,3,8,5,0,14,6,1,3.617752,3.602269,4.639145,4.158134,3.428887,2.546208,0.213697,0.472891,1
user_34013,2021-08-16 01:47:00,35,14,16,3,4,5,13,3,16,0,9,0,0,2.353069,0.82033,2.201956,1.97044,3.093326,1.568105,0.349723,0.468942,0
user_34014,2021-08-22 15:18:00,37,12,4,0,1,5,16,8,4,14,6,6,1,0.302051,4.970411,2.859434,2.847122,2.500769,0.350321,0.67437,0.238192,1
user_34015,2021-10-19 15:55:00,36,11,25,4,5,1,3,15,0,18,0,1,0,3.184216,3.903828,1.545857,0.304624,2.169813,2.143416,0.758977,0.996629,0
user_34016,2021-08-14 06:32:00,3,5,4,2,2,3,19,12,13,20,4,5,1,0.505741,4.786548,2.365685,4.953401,0.779313,0.271508,0.922306,0.554617,1
user_34017,2021-08-13 00:28:00,16,16,21,4,4,5,15,9,9,12,10,4,0,1.257231,1.263226,0.937709,0.635609,0.40012,4.809304,0.483866,0.739553,0
user_34018,2021-09-19 11:52:00,36,13,25,3,5,2,5,10,3,7,2,6,1,0.811668,3.031412,2.97539,3.869924,1.668197,3.201527,0.69309,0.495739,1
user_34019,2021-08-24 17:03:00,32,3,29,2,6,2,15,15,18,6,15,1,0,2.343295,0.217122,4.806661,3.65634,1.408005,4.925125,0.309495,0.221754,1
user_34020,2021-10-15 15:14:00,5,13,7,2,8,5,19,18,1,11,13,4,0,2.131599,4.551986,2.022612,3.913069,1.533723,2.110513,0.261399,0.436416,1
user_34021,2021-10-09 06:54:00,2,3,28,1,6,0,7,7,18,12,13,5,1,0.979566,3.909035,4.824484,4.771068,1.037579,4.099172,0.63719,0.952486,1
user_34022,2021-08-19 14:09:00,30,11,3,3,1,4,4,20,13,16,12,3,0,2.07228,4.558945,0.174266,4.279361,2.371397,0.652263,0.352055,0.421868,1
user_34023,2021-10-12 23:21:00,14,14,14,5,7,3,20,15,11,17,6,1,0,2.698002,1.788779,4.920135,3.5253,2.434977,1.747168,0.429359,0.520618,0
user_34024,2021-09-28 11:32:00,32,7,14,5,8,1,14,3,17,16,6,1,0,0.422606,0.757159,3.346261,1.241067,0.206999,0.318117,0.425115,0.959883,1
user_34025,2021-09-03 14:16:00,30,12,19,1,2,5,11,5,20,3,2,4,0,2.055374,0.344758,2.490395,2.737398,1.610781,2.381809,0.668276,0.972912,1
user_34026,2021-10-15 23:42:00,35,5,24,2,2,2,19,18,5,18,3,4,0,4.920508,1.791499,1.829976,2.574043,4.873439,1.799152,0.355781,0.731139,1
user_34027,2021-08-05 23:48:00,30,14,16,2,10,1,19,12,6,15,16,3,0,3.083843,3.517584,0.4102,4.59054,0.230981,2.683582,0.473061,0.517321,1
user_34028,2021-10-12 09:42:00,18,9,28,5,2,5,0,13,8,19,20,1,0,0.221956,4.265374,3.121309,2.513601,0.605369,2.123675,0.370783,0.768597,1
user_34029,2021-09-22 07:43:00,31,14,16,0,1,1,10,8,10,5,5,2,0,1.437695,1.162049,1.118111,3.871575,0.563717,1.777206,0.630118,0.883661,0
user_34030,2021-10-12 20:45:00,50,6,11,0,8,5,5,4,3,10,14,1,0,0.675552,2.292672,4.215352,1.624194,3.709713,0.457494,0.531016,0.422023,0
user_34031,2021-09-27 00:07:00,28,6,7,3,9,5,9,14,7,9,13,0,0,4.838672,3.056335,0.907658,3.944836,2.637947,4.609379,0.831378,0.544107,0
user_34032,2021-10-13 12:15:00,45,10,7,5,8,1,7,12,5,10,15,2,0,2.22054,1.190669,1.402357,1.878587,4.715223,4.613086,0.71921,0.290275,1
user_34033,2021-09-14 08:45:00,46,17,10,5,8,5,9,17,3,15,8,1,0,2.176975,1.399862,3.532163,3.606741,2.407194,0.968925,0.718408,0.762225,1
user_34034,2021-10-05 20:41:00,24,16,28,2,4,3,7,20,10,8,18,1,0,0.261445,1.118738,4.332871,3.505936,2.890368,1.487577,0.283289,0.906222,1
user_34035,2021-08-14 23:12:00,47,16,13,4,2,3,2,8,4,15,20,5,1,2.344145,2.07352,0.339853,4.76621,1.96088,1.204044,0.390709,0.789957,1
user_34036,2021-08-02 01:22:00,26,20,26,5,0,0,0,20,5,19,9,0,0,4.681825,0.47504,4.959189,4.450318,2.771315,4.37298,0.381109,0.387746,0
user_34037,2021-08-21 06:27:00,40,2,22,5,0,1,17,7,0,1,18,5,1,4.77514,1.911326,2.786603,1.681011,1.800779,2.752875,0.791325,0.31931,0
user_34038,2021-09-29 10:39:00,29,16,23,1,8,1,12,20,5,10,5,2,0,4.529881,2.780122,1.115097,0.749059,4.72924,2.294672,0.986665,0.502489,1
user_34039,2021-10-10 17:12:00,13,18,27,4,9,0,10,7,2,12,14,6,1,0.293156,4.651988,3.476744,3.177485,2.62222,1.671471,0.855195,0.523829,1
user_34040,2021-08-28 05:53:00,45,0,20,5,0,3,15,17,20,7,11,5,1,3.277487,3.336201,0.532836,4.69071,3.687508,1.982709,0.729341,0.67347,0
user_34041,2021-08-14 01:27:00,2,14,4,2,6,2,11,20,11,8,18,5,1,4.013064,1.644364,0.943916,3.249297,4.36079,1.497415,0.908873,0.813304,0
user_34042,2021-08-13 04:23:00,37,10,26,3,6,0,6,7,19,10,12,4,0,3.05567,3.282932,3.813177,3.523472,1.72252,3.97507,0.796269,0.20964,0
user_34043,2021-08-10 22:08:00,49,8,15,2,7,5,1,7,15,6,8,1,0,4.383298,1.71413,3.019202,2.100735,4.035096,1.313449,0.307977,0.911725,0
user_34044,2021-08-31 18:19:00,7,10,7,4,3,3,19,7,0,7,15,1,0,2.001289,1.069562,4.574813,1.235282,0.577605,1.780218,0.932032,0.614056,0
user_34045,2021-09-19 12:45:00,16,11,28,1,1,0,11,3,7,14,20,6,1,1.068173,1.302337,3.327464,1.189754,1.141796,2.347036,0.887171,0.35889,1
user_34046,2021-08-26 02:32:00,26,5,16,2,6,1,2,1,13,11,3,3,0,1.459882,1.331584,2.444434,3.745914,2.926005,0.929301,0.285311,0.986105,1
user_34047,2021-09-11 04:57:00,21,8,20,0,1,1,19,17,19,3,3,5,1,0.932867,0.122929,3.672856,3.202702,2.624394,0.636759,0.693543,0.375746,0
user_34048,2021-09-19 01:08:00,41,4,4,1,6,1,0,10,2,11,16,6,1,2.030299,0.361589,0.975296,2.725824,1.994511,2.7842,0.208388,0.890693,1
user_34049,2021-09-26 08:11:00,36,14,3,4,3,1,12,1,11,3,20,6,1,2.980783,1.31337,3.723227,4.683069,2.137687,2.63176,0.927817,0.969012,0
user_34050,2021-10-12 20:57:00,16,20,11,1,4,4,18,8,20,17,0,1,0,2.45559,2.726371,3.02172,2.28828,2.78903,4.974584,0.455327,0.213067,0
user_34051,2021-09-10 02:05:00,16,4,4,4,2,2,9,16,2,2,0,4,0,3.693355,3.348854,3.79398,3.723399,1.102854,0.7017,0.417316,0.526442,1
user_34052,2021-08-27 17:30:00,31,15,17,3,2,1,9,16,7,13,8,4,0,4.004999,0.723115,4.007069,3.392482,2.365831,2.032071,0.532518,0.609834,0
user_34053,2021-09-24 15:32:00,19,13,1,0,9,5,3,1,1,6,12,4,0,2.745778,0.182654,1.466411,0.229558,2.158896,3.852453,0.280429,0.51494,1
user_34054,2021-08-20 04:45:00,47,16,16,2,6,5,5,2,15,10,4,4,0,3.178252,1.725978,4.29032,3.632345,3.152207,0.652535,0.24923,0.533573,1
user_34055,2021-10-15 13:57:00,10,2,28,2,4,4,2,16,0,1,0,4,0,2.665529,0.322888,1.126662,0.94456,2.561283,0.409765,0.603186,0.366278,0
user_34056,2021-09-24 17:32:00,16,3,10,0,10,2,0,16,14,9,7,4,0,0.985072,4.786198,0.158047,0.200062,4.352021,1.971881,0.704831,0.411597,1
user_34057,2021-08-03 19:21:00,23,17,25,3,1,4,20,0,11,5,17,1,0,0.605517,4.756139,1.010969,2.349298,0.296521,2.736359,0.937417,0.683061,0
user_34058,2021-10-06 01:42:00,2,6,14,2,6,0,14,0,14,0,1,2,0,1.384231,1.653218,0.724298,2.509999,4.449884,0.898071,0.462285,0.52607,1
user_34059,2021-09-16 12:34:00,20,7,10,4,0,3,8,18,6,5,16,3,0,1.367619,3.900413,2.798985,3.81703,1.843632,2.143169,0.500606,0.806236,1
user_34060,2021-08-11 16:29:00,4,7,24,0,10,5,3,19,4,9,5,2,0,1.979975,4.897,0.47974,2.823474,4.565022,4.760938,0.507947,0.753419,1
user_34061,2021-08-26 12:35:00,49,12,8,1,9,4,8,17,0,8,13,3,0,0.862774,0.515698,3.493554,2.973556,4.733385,0.939109,0.459448,0.968099,1
user_34062,2021-09-20 08:07:00,42,20,19,5,10,0,9,9,19,10,18,0,0,4.628719,2.173506,2.993325,4.36354,4.314203,0.863052,0.862832,0.631963,1
user_34063,2021-08-08 19:40:00,24,12,25,0,4,2,7,4,11,13,17,6,1,2.628376,2.691247,1.01981,0.354415,0.754755,3.699174,0.613199,0.264615,1
user_34064,2021-08-21 13:38:00,25,19,26,0,2,1,3,1,13,9,16,5,1,2.498762,2.020736,3.665135,4.29278,4.777975,4.903398,0.410694,0.706171,0
user_34065,2021-08-05 14:38:00,18,14,14,4,1,4,17,15,1,9,19,3,0,4.741126,4.905978,1.655042,1.737306,0.87251,4.612037,0.793933,0.574742,1
user_34066,2021-08-24 09:13:00,44,7,19,3,10,5,20,20,8,20,4,1,0,2.062228,3.247566,3.662102,1.391863,2.518459,3.694876,0.864474,0.988678,1
user_34067,2021-10-03 21:42:00,37,18,29,2,7,5,0,20,11,20,7,6,1,3.917777,3.897828,2.325319,4.608668,3.288921,4.385116,0.804326,0.77474,0
user_34068,2021-09-05 19:14:00,18,8,7,4,9,1,17,0,6,12,15,6,1,1.081156,3.639748,1.577042,3.429601,2.839814,2.916201,0.526066,0.567188,0
user_34069,2021-10-14 07:50:00,22,18,21,0,7,0,17,10,13,0,8,3,0,4.96143,3.735275,3.194613,0.822473,3.124088,3.100039,0.673391,0.231126,1
user_34070,2021-10-10 00:51:00,43,14,21,4,1,0,12,2,12,17,20,6,1,3.177439,0.371138,2.050424,1.128782,4.485781,4.927404,0.799369,0.559506,1
user_34071,2021-08-15 02:46:00,50,1,8,5,3,3,12,2,14,15,3,6,1,2.098956,0.218513,0.986175,1.875175,0.978149,4.85478,0.231866,0.820608,0
user_34072,2021-10-06 11:43:00,9,17,2,1,9,5,3,8,13,4,20,2,0,4.905081,4.577521,2.339445,4.090461,4.918172,1.15434,0.593206,0.849918,0
user_34073,2021-09-10 15:59:00,7,11,23,2,9,2,11,18,19,15,17,4,0,4.496465,4.703674,1.78107,0.315081,1.804425,3.487843,0.60174,0.828132,1
user_34074,2021-09-11 05:29:00,39,8,2,0,10,4,18,4,5,0,2,5,1,1.813666,2.292202,2.581938,2.353035,4.296733,1.936343,0.288946,0.719093,1
user_34075,2021-10-23 19:55:00,31,16,5,4,3,2,9,16,20,7,9,5,1,3.767847,1.438888,2.510439,4.71231,3.859077,1.806388,0.387107,0.688793,1
user_34076,2021-09-29 05:03:00,35,9,8,4,9,2,17,15,6,5,11,2,0,4.516035,0.489852,4.42939,3.144041,4.918636,3.977465,0.676651,0.306787,1
user_34077,2021-08-09 12:40:00,3,0,11,5,7,0,17,4,11,7,11,0,0,4.847917,2.527876,0.140571,2.007138,2.698175,3.385326,0.293373,0.968516,1
user_34078,2021-08-29 17:15:00,27,4,26,2,1,5,0,16,13,2,18,6,1,1.705661,1.686596,0.858548,3.251398,2.115602,4.773485,0.950374,0.279934,1
user_34079,2021-08-07 00:17:00,39,7,9,5,3,0,4,12,6,20,11,5,1,3.286158,4.641722,3.551789,1.364872,1.416202,3.655469,0.784766,0.915819,0
user_34080,2021-10-15 19:21:00,43,4,14,1,7,2,18,9,8,14,15,4,0,2.245197,3.097422,0.17989,2.12958,3.208685,2.363899,0.613479,0.239137,1
user_34081,2021-08-27 15:25:00,13,6,24,4,10,2,3,6,10,10,4,4,0,0.653291,3.237656,4.084298,0.563614,2.870466,2.950594,0.474962,0.591574,0
user_34082,2021-10-13 19:59:00,36,5,25,5,5,5,17,18,12,9,17,2,0,0.651777,1.57103,4.148377,2.799032,4.567551,3.399284,0.784936,0.245596,0
user_34083,2021-08-10 05:49:00,9,4,20,2,4,2,12,3,18,6,6,1,0,4.754263,3.961765,3.82784,2.580245,4.739365,2.904474,0.330349,0.822141,1
user_34084,2021-10-16 20:46:00,34,14,4,1,3,5,3,2,8,3,7,5,1,2.802128,1.550363,3.541634,0.88892,3.063241,3.780855,0.51753,0.901313,0
user_34085,2021-09-12 19:13:00,11,5,26,0,5,3,10,0,15,13,0,6,1,4.736145,3.600313,2.659661,3.35543,0.236406,4.555752,0.568594,0.416561,1
user_34086,2021-08-03 05:39:00,22,1,22,3,3,2,15,12,20,9,9,1,0,0.159961,4.423545,0.496223,3.636195,3.052213,1.567229,0.855366,0.304537,0
user_34087,2021-09-18 10:02:00,33,14,30,2,1,2,5,18,8,11,8,5,1,1.618683,2.035841,2.293804,4.293537,1.108139,0.350768,0.601583,0.526957,1
user_34088,2021-09-14 02:56:00,38,12,15,1,4,2,14,17,1,7,14,1,0,2.837553,1.979157,4.151492,1.331776,3.409463,4.051186,0.471332,0.4524,1
user_34089,2021-10-29 19:14:00,11,20,11,1,6,5,10,8,15,1,11,4,0,1.919137,1.862144,2.590573,4.324932,4.763576,2.886385,0.562971,0.469131,1
user_34090,2021-08-08 08:19:00,19,11,3,2,7,5,4,6,11,3,14,6,1,2.365444,3.011855,1.494491,2.223626,2.71465,3.70005,0.387274,0.593034,0
user_34091,2021-10-08 14:11:00,36,9,15,1,2,5,11,16,7,18,5,4,0,0.130858,3.12151,3.695434,2.159366,3.934242,3.947161,0.740393,0.531174,0
user_34092,2021-08-15 16:26:00,41,3,10,1,6,4,8,20,15,10,13,6,1,1.528793,0.694859,2.425435,2.585389,1.145221,0.913335,0.404636,0.855149,0
user_34093,2021-09-10 00:27:00,25,12,7,0,2,0,8,0,7,4,5,4,0,0.186947,3.096934,2.183908,4.405286,0.510301,3.111069,0.266025,0.434133,1
user_34094,2021-10-19 09:52:00,50,3,2,0,8,1,1,9,3,0,7,1,0,0.943785,0.286479,1.496509,1.506875,2.18062,2.570739,0.881494,0.525777,1
user_34095,2021-08-16 21:14:00,34,11,19,5,7,2,1,7,7,8,4,0,0,0.557928,2.00666,2.207583,1.398615,4.494613,0.741668,0.294682,0.248718,1
user_34096,2021-09-14 19:54:00,25,13,17,5,4,3,6,13,5,3,16,1,0,3.238912,2.07282,2.27844,3.779304,1.469072,2.974543,0.808857,0.503884,0
user_34097,2021-10-14 03:19:00,45,17,24,3,7,3,1,13,14,11,7,3,0,2.310429,0.228438,4.471636,3.58163,2.648445,2.748666,0.994918,0.781151,0
user_34098,2021-10-17 13:49:00,38,2,9,5,9,1,7,11,9,10,4,6,1,2.356381,3.674476,2.276821,3.189162,0.368924,3.155029,0.524472,0.646075,1
user_34099,2021-08-01 00:48:00,42,13,12,5,10,4,6,16,9,4,11,6,1,1.613151,0.231097,3.57943,1.027576,1.46005,0.407531,0.402137,0.206379,1
user_34100,2021-08-06 06:15:00,11,6,22,0,8,4,9,7,18,20,20,4,0,0.920079,4.772529,1.32538,3.99664,4.335609,4.255305,0.647678,0.962207,0
user_34101,2021-09-07 01:01:00,8,7,17,5,7,4,12,17,15,10,10,1,0,1.773105,1.112269,1.199272,0.442359,2.723752,0.55898,0.739101,0.2175,0
user_34102,2021-10-10 01:17:00,20,12,28,4,0,2,3,15,2,19,19,6,1,0.48688,0.183794,0.368073,4.041421,4.360263,2.8888,0.857023,0.506247,0
user_34103,2021-10-28 16:22:00,32,2,19,2,0,5,1,3,3,15,16,3,0,2.147428,0.932064,2.599799,1.972374,0.145918,4.491618,0.271075,0.46,0
user_34104,2021-10-14 13:44:00,43,4,24,4,1,0,3,3,19,4,9,3,0,1.931418,3.467077,2.978125,4.880607,4.384135,2.703114,0.250516,0.293868,0
user_34105,2021-09-26 12:08:00,16,2,20,0,8,0,14,1,2,8,12,6,1,3.147801,0.135671,0.284755,1.519933,3.765983,4.387059,0.304068,0.945447,0
user_34106,2021-09-23 01:24:00,39,15,26,3,5,1,1,18,1,10,11,3,0,1.85812,2.143411,2.671984,2.161531,0.532721,2.160205,0.442718,0.543099,1
user_34107,2021-09-10 00:32:00,29,3,17,2,3,0,0,19,4,5,3,4,0,0.352003,0.950898,3.358426,4.887613,3.429901,0.223685,0.688184,0.460876,1
user_34108,2021-09-18 18:36:00,21,17,27,4,7,0,17,5,1,15,16,5,1,1.914808,3.586526,4.976031,3.705038,0.79225,4.754209,0.360447,0.455553,1
user_34109,2021-10-02 12:27:00,6,14,6,3,1,1,14,5,1,19,4,5,1,4.651526,0.31813,2.670274,3.001846,4.60126,0.709191,0.205207,0.825576,1
user_34110,2021-09-05 04:05:00,33,18,14,1,9,1,18,5,17,5,5,6,1,1.639853,0.671496,1.536778,3.506092,1.806957,1.136737,0.541133,0.698772,0
user_34111,2021-10-09 11:11:00,25,4,19,2,1,4,6,2,0,3,5,5,1,3.084556,0.876703,0.749937,1.42598,2.065281,0.427873,0.341278,0.614835,1
user_34112,2021-09-03 23:43:00,43,5,12,3,0,4,15,8,11,11,2,4,0,3.097436,2.167933,1.190935,4.779286,2.875563,4.432402,0.653729,0.578844,0
user_34113,2021-09-28 09:18:00,31,7,29,3,3,5,14,16,17,15,7,1,0,2.12034,1.150769,4.526279,2.199452,2.246543,0.553915,0.457554,0.854407,1
user_34114,2021-08-03 04:22:00,4,20,30,5,8,1,5,10,13,18,12,1,0,4.318598,4.324899,1.153881,2.552074,2.366462,0.379258,0.343047,0.214893,0
user_34115,2021-09-21 00:09:00,27,14,12,5,7,3,13,14,8,1,20,1,0,3.07494,3.323094,0.730638,3.675634,1.202966,2.928783,0.540138,0.410831,0
user_34116,2021-08-24 20:32:00,2,0,21,2,6,4,8,18,18,15,16,1,0,3.536676,2.393985,2.916633,3.474587,3.734314,4.325958,0.794507,0.733432,1
user_34117,2021-08-16 18:48:00,49,20,15,3,10,0,5,1,2,6,8,0,0,4.647947,3.219994,4.316785,4.033096,2.319975,1.659136,0.551201,0.80328,0
user_34118,2021-08-20 19:27:00,11,14,19,4,1,3,20,18,11,15,5,4,0,4.722385,2.234531,0.231267,1.18781,3.192973,0.849872,0.449291,0.902435,1
user_34119,2021-08-20 19:50:00,38,18,10,0,0,5,11,10,16,17,10,4,0,4.131206,2.28864,3.263383,1.283332,4.137774,1.836336,0.571044,0.758874,0
user_34120,2021-09-08 06:44:00,12,15,19,4,5,1,3,4,19,16,7,2,0,0.793563,4.34547,0.442977,3.20253,4.950636,2.428038,0.711729,0.797688,0
user_34121,2021-09-19 16:12:00,6,12,29,2,1,4,10,15,17,20,20,6,1,0.319996,1.073166,1.984749,3.048061,1.632551,0.768392,0.856386,0.653115,1
user_34122,2021-08-24 05:23:00,14,0,28,3,10,0,8,20,2,8,19,1,0,3.575542,0.152132,3.862066,0.195215,4.92903,0.178899,0.479991,0.273835,0
user_34123,2021-08-13 12:41:00,25,8,2,4,10,3,5,16,14,7,8,4,0,0.806988,3.141758,2.820364,0.515249,2.236504,3.378598,0.453429,0.897326,1
user_34124,2021-09-05 10:50:00,39,18,10,3,4,2,2,11,17,4,4,6,1,1.964488,3.928309,2.592035,3.251056,0.138022,4.501098,0.576059,0.886455,0
user_34125,2021-08-25 15:10:00,9,17,25,4,6,1,7,4,13,6,10,2,0,4.721605,2.409597,2.3656,2.136824,1.733568,1.429899,0.27811,0.726474,0
user_34126,2021-09-10 20:57:00,26,1,23,5,10,3,11,5,19,7,17,4,0,0.319662,1.773051,4.828331,0.51438,0.908189,2.184052,0.545627,0.619515,1
user_34127,2021-10-10 22:15:00,28,16,11,3,8,2,16,15,1,16,15,6,1,3.554246,1.290888,4.456391,3.983472,3.333327,1.214189,0.420256,0.938411,0
user_34128,2021-09-09 01:54:00,40,20,3,4,10,5,7,11,2,12,10,3,0,3.702,1.673243,4.771618,1.990109,2.977877,0.245486,0.4804,0.965653,1
user_34129,2021-08-27 05:49:00,17,5,16,1,0,3,2,6,8,1,16,4,0,3.787298,3.436111,1.217882,1.419556,4.412909,4.815358,0.294573,0.577493,0
user_34130,2021-09-06 05:57:00,37,6,4,0,7,4,11,5,10,4,20,0,0,1.593419,2.813975,0.126714,0.604451,1.788257,3.022922,0.460808,0.460357,1
user_34131,2021-10-27 23:39:00,32,18,14,1,10,5,2,20,12,8,1,2,0,1.988985,0.483871,2.243075,3.925023,2.928122,0.234599,0.490515,0.23071,1
user_34132,2021-08-13 04:30:00,42,15,21,1,3,1,2,10,8,1,6,4,0,1.321393,3.749299,3.64437,3.507712,3.903237,2.836931,0.470801,0.295861,1
user_34133,2021-10-05 08:57:00,43,7,29,3,10,3,17,18,10,6,9,1,0,3.813551,3.570469,0.875902,3.640584,1.176219,0.852187,0.278369,0.628424,0
user_34134,2021-08-12 11:32:00,43,7,12,5,7,3,2,18,1,2,17,3,0,2.376328,1.838034,3.361041,1.525616,4.824928,4.402649,0.209339,0.309518,0
user_34135,2021-08-04 10:46:00,26,18,11,1,0,4,2,1,4,14,4,2,0,1.423904,3.761988,0.703703,2.23255,4.025609,2.456422,0.615206,0.232811,0
user_34136,2021-10-05 23:29:00,15,18,6,2,3,2,1,5,7,12,12,1,0,1.196306,1.042594,2.159179,0.473952,4.270438,1.253558,0.776733,0.224317,0
user_34137,2021-10-27 18:07:00,24,18,1,0,7,2,9,8,4,11,5,2,0,3.415822,4.238926,3.614017,2.089383,0.146093,4.710594,0.277252,0.683157,0
user_34138,2021-10-03 05:58:00,40,5,9,4,3,3,14,12,9,9,11,6,1,4.271952,3.308371,3.914125,4.426568,2.109968,2.131336,0.69761,0.942152,0
user_34139,2021-10-16 10:27:00,23,17,4,0,2,0,12,19,10,8,20,5,1,0.366261,2.737374,4.786008,2.519855,3.646771,2.182496,0.618477,0.377582,1
user_34140,2021-10-04 11:06:00,45,13,25,2,4,1,19,19,0,3,11,0,0,1.876271,0.175245,0.25026,3.651971,0.366278,0.780432,0.919798,0.946947,0
user_34141,2021-09-17 06:59:00,21,11,10,0,6,2,12,9,15,7,17,4,0,0.122883,0.373551,1.174141,2.07356,1.653149,2.107266,0.999901,0.55315,1
user_34142,2021-10-18 16:29:00,33,18,26,0,4,4,2,5,4,14,19,0,0,2.304905,4.534243,4.589467,1.899075,1.740577,4.608038,0.431915,0.616144,0
user_34143,2021-10-04 11:38:00,24,16,13,2,0,2,7,0,1,3,2,0,0,4.107742,1.834309,0.292798,0.604547,4.296446,0.529285,0.803914,0.34628,1
user_34144,2021-08-27 23:06:00,16,6,27,5,6,5,17,7,13,19,0,4,0,3.871821,4.066283,3.417816,1.712311,4.135006,2.044942,0.973901,0.397793,1
user_34145,2021-09-24 13:36:00,14,11,11,2,4,4,5,14,20,18,14,4,0,1.350151,4.291556,4.42553,4.651539,3.739487,4.358865,0.472391,0.56886,0
user_34146,2021-08-12 20:07:00,43,4,17,0,6,4,15,2,20,18,0,3,0,4.713802,2.231388,0.486936,4.887414,3.022927,2.770308,0.305769,0.507269,1
user_34147,2021-10-14 08:56:00,3,6,21,4,9,2,13,4,0,14,13,3,0,1.988111,4.371109,1.688104,2.160526,1.579823,4.342199,0.70171,0.253015,1
user_34148,2021-10-25 09:47:00,4,19,20,5,5,5,14,5,11,11,15,0,0,4.106975,4.336414,4.083281,3.211443,4.482305,4.502435,0.863588,0.441101,0
user_34149,2021-10-10 17:26:00,4,5,24,3,9,3,11,4,3,0,5,6,1,3.309141,2.799323,2.619567,2.762977,3.320507,4.330338,0.765309,0.333005,0
user_34150,2021-09-16 17:59:00,34,15,10,4,10,3,3,0,11,17,20,3,0,4.557643,1.637123,2.479432,0.875346,1.892337,1.466303,0.65702,0.208662,0
user_34151,2021-09-26 20:27:00,20,3,29,0,5,3,4,10,17,3,20,6,1,2.825785,1.875666,4.858674,3.861427,4.462249,2.388216,0.958887,0.54605,1
user_34152,2021-08-23 17:12:00,21,13,10,4,6,1,9,1,13,7,8,0,0,1.896507,2.48981,2.158555,0.793173,2.23005,4.056222,0.779084,0.967074,1
user_34153,2021-08-17 17:55:00,4,13,21,0,4,5,13,3,4,7,12,1,0,2.209895,0.725089,1.485058,2.383958,0.917219,0.989732,0.697055,0.203661,1
user_34154,2021-08-21 07:36:00,29,10,7,1,6,1,0,9,18,9,16,5,1,0.284398,0.769304,2.040265,4.744623,2.243976,1.327334,0.625696,0.659009,1
user_34155,2021-09-25 08:22:00,24,18,17,0,6,3,4,1,6,4,8,5,1,0.722352,4.362682,1.712108,0.166367,4.061014,2.296805,0.844979,0.434058,0
user_34156,2021-09-17 02:13:00,7,14,15,0,7,0,2,10,6,6,11,4,0,1.641107,2.93283,3.446195,2.71196,3.434116,1.080277,0.664097,0.43643,1
user_34157,2021-09-24 19:37:00,43,5,4,0,10,4,17,2,12,5,1,4,0,1.679919,1.195934,2.103455,4.688032,3.476965,1.568395,0.434061,0.851599,0
user_34158,2021-08-15 07:29:00,25,19,2,5,9,1,2,0,1,13,3,6,1,1.854373,4.194272,3.850105,2.698328,4.546091,1.571184,0.528717,0.262937,1
user_34159,2021-10-22 09:45:00,12,17,15,0,0,1,18,5,2,1,5,4,0,2.480162,3.024241,1.30079,0.78112,1.184068,1.906488,0.677231,0.582513,0
user_34160,2021-10-26 14:30:00,11,5,7,2,5,5,14,6,8,0,17,1,0,1.854098,2.53752,1.774651,0.527942,3.835632,3.729065,0.87058,0.314722,1
user_34161,2021-08-16 22:14:00,19,1,5,1,6,1,17,5,8,13,12,0,0,4.051571,1.824131,0.575688,2.145718,4.299847,1.527119,0.658738,0.541419,1
user_34162,2021-08-12 11:08:00,37,10,2,3,2,2,10,9,18,4,18,3,0,0.21905,0.895296,0.285228,4.940862,0.978486,1.829706,0.659626,0.233024,1
user_34163,2021-10-24 07:36:00,1,10,25,1,6,4,4,17,6,11,20,6,1,4.933737,1.659275,4.314963,2.278168,1.934008,2.261305,0.256481,0.215352,1
user_34164,2021-10-15 08:09:00,12,13,3,0,8,4,3,11,7,18,12,4,0,4.447659,4.293891,2.854111,3.833898,3.120101,3.634223,0.328803,0.281844,0
user_34165,2021-08-11 06:38:00,2,9,24,1,3,5,13,6,10,13,1,2,0,1.658064,4.393942,1.800859,1.140793,3.704365,1.088066,0.456935,0.524063,1
user_34166,2021-09-27 20:47:00,17,14,29,5,10,2,2,12,14,0,7,0,0,0.787108,4.756894,2.302191,0.75888,1.868137,1.013414,0.218625,0.833173,0
user_34167,2021-10-21 23:34:00,48,12,7,4,1,4,15,11,18,12,7,3,0,3.906869,0.116567,1.391485,1.603193,0.422847,4.400398,0.627182,0.863691,1
user_34168,2021-10-10 16:57:00,25,5,10,2,5,1,20,12,0,8,15,6,1,4.664699,2.45543,4.71202,1.456119,2.940499,2.487091,0.376909,0.211665,0
user_34169,2021-08-03 08:39:00,22,16,7,4,1,5,7,18,17,3,7,1,0,2.334474,0.72595,2.559683,3.180769,4.058631,4.143087,0.950026,0.241937,1
user_34170,2021-09-20 10:27:00,37,1,3,3,9,1,7,8,12,6,1,0,0,3.033385,4.107953,1.863634,4.646911,4.21483,1.715239,0.399252,0.369139,0
user_34171,2021-10-01 08:58:00,37,20,13,1,2,0,8,11,2,8,16,4,0,3.181792,4.901402,4.924975,1.491308,1.831624,4.342933,0.502316,0.451403,1
user_34172,2021-09-07 18:00:00,49,10,3,5,0,1,13,18,1,4,3,1,0,3.811403,2.970166,1.40524,0.221925,3.70253,1.537387,0.60499,0.207735,0
user_34173,2021-10-21 22:34:00,29,17,10,5,2,4,14,7,17,3,3,3,0,1.953555,4.346947,3.005454,2.756842,3.418547,1.68897,0.527711,0.552612,1
user_34174,2021-10-20 22:39:00,39,0,2,0,2,0,5,13,18,18,13,2,0,4.260989,3.184047,3.427143,0.327245,4.713226,3.131326,0.457075,0.999127,1
user_34175,2021-08-05 22:05:00,13,0,4,2,1,5,5,12,8,1,7,3,0,2.438785,3.208336,0.206735,0.739805,2.338885,4.908859,0.689089,0.310175,1
user_34176,2021-08-24 01:58:00,5,7,27,4,5,0,11,15,12,9,17,1,0,2.812528,1.842108,4.95852,3.312146,0.901586,1.531589,0.689301,0.962623,0
user_34177,2021-08-19 18:26:00,15,14,30,1,8,4,7,2,1,6,16,3,0,2.680522,1.44869,1.421457,2.628504,1.989767,2.66229,0.914192,0.490042,0
user_34178,2021-10-16 15:32:00,6,20,2,0,7,3,10,20,5,11,7,5,1,4.747877,2.332083,1.417956,3.20357,0.147841,2.981275,0.998143,0.511552,0
user_34179,2021-09-16 12:02:00,7,8,29,3,4,4,9,13,7,15,20,3,0,3.611673,1.204975,0.949076,3.170254,0.435855,1.295171,0.274551,0.434429,0
user_34180,2021-08-15 11:05:00,19,0,2,1,9,4,0,4,3,11,10,6,1,4.7408,2.761075,0.900233,0.800158,0.470164,0.497501,0.24545,0.369869,1
user_34181,2021-09-28 20:02:00,43,12,1,0,6,1,6,19,14,9,19,1,0,3.649387,1.644134,3.779875,0.954478,0.647546,1.125991,0.773829,0.368263,1
user_34182,2021-10-07 20:41:00,8,18,9,1,0,2,19,19,10,13,1,3,0,2.842142,4.17684,4.680485,1.816728,4.854219,4.849088,0.422591,0.579694,1
user_34183,2021-09-07 21:23:00,47,9,14,1,9,4,4,1,13,13,10,1,0,2.534404,1.392422,4.279439,1.494382,4.067658,1.496973,0.971385,0.524905,0
user_34184,2021-09-10 22:33:00,1,8,12,1,8,1,2,20,6,17,3,4,0,1.188588,4.853442,1.995186,4.35488,2.708091,0.266875,0.860091,0.31242,0
user_34185,2021-09-16 01:35:00,16,1,23,0,9,4,10,3,19,9,4,3,0,3.89771,4.214033,4.556609,1.919126,1.171785,4.061486,0.692906,0.627876,1
user_34186,2021-09-14 18:07:00,30,9,4,3,4,4,1,17,16,8,19,1,0,4.056153,2.489556,3.000956,2.50672,4.925678,1.727291,0.472161,0.295258,1
user_34187,2021-09-27 01:03:00,30,19,20,3,2,0,7,8,20,8,14,0,0,3.392985,2.265597,3.178394,1.791641,0.237131,2.476346,0.96545,0.212748,1
user_34188,2021-09-10 04:46:00,27,17,30,1,4,4,13,15,0,16,0,4,0,2.551239,2.18923,2.057012,2.848341,3.299499,0.111425,0.410133,0.642646,1
user_34189,2021-09-30 14:11:00,21,5,13,1,7,2,18,16,9,10,10,3,0,0.32282,2.62307,0.420032,0.733615,4.45469,4.398437,0.817547,0.901066,1
user_34190,2021-08-03 19:50:00,49,7,22,4,8,4,13,1,9,0,20,1,0,2.368262,0.986992,0.862417,1.68691,4.571306,1.089576,0.91399,0.895789,1
user_34191,2021-08-19 20:35:00,18,20,6,5,7,4,0,10,10,6,9,3,0,2.368772,1.818314,2.745191,2.438054,0.852859,4.041757,0.871403,0.730813,0
user_34192,2021-09-13 08:55:00,8,19,19,5,6,0,11,0,0,8,12,0,0,0.55901,1.611551,2.695362,0.506308,0.267849,2.721133,0.614007,0.679423,1
user_34193,2021-08-21 17:02:00,4,17,10,5,9,1,3,14,20,7,2,5,1,3.856506,0.932553,0.551925,0.212867,0.258396,1.272416,0.354826,0.34781,1
user_34194,2021-08-02 11:31:00,43,17,27,5,4,3,7,4,20,1,16,0,0,1.476247,2.180245,2.935219,2.643122,1.33806,1.42682,0.762772,0.441533,1
user_34195,2021-09-05 06:07:00,12,16,12,5,5,3,6,1,16,4,19,6,1,3.49944,2.75347,3.459543,2.623363,1.425074,1.055797,0.348512,0.379202,1
user_34196,2021-10-07 08:28:00,15,11,12,5,0,5,12,9,4,4,14,3,0,4.882434,0.640507,2.635439,1.378718,0.208768,3.590557,0.692205,0.278069,0
user_34197,2021-08-06 14:04:00,40,10,18,0,2,0,7,11,14,9,8,4,0,0.798515,2.49341,4.899187,0.606946,1.482868,0.116693,0.61666,0.230506,1
user_34198,2021-08-09 05:31:00,14,11,10,1,0,4,17,20,2,12,19,0,0,4.726544,2.781436,2.60337,0.754368,0.417062,3.933526,0.595869,0.860639,0
user_34199,2021-08-16 06:15:00,11,11,5,2,10,1,12,1,7,11,12,0,0,4.118229,2.060888,0.548126,2.062391,0.429018,1.548488,0.47952,0.96495,1
user_34200,2021-09-11 15:40:00,41,2,29,0,10,3,10,18,17,6,12,5,1,3.832977,2.715935,2.510089,3.540613,1.902229,2.315852,0.298551,0.745413,0
user_34201,2021-08-09 20:54:00,29,4,8,0,6,2,4,6,18,5,5,0,0,3.065976,0.881506,3.665984,1.161049,3.085599,3.751487,0.377519,0.573597,1
user_34202,2021-08-15 08:59:00,40,12,8,5,9,0,14,5,7,17,18,6,1,3.55824,4.181784,1.55229,3.573695,2.286349,4.06114,0.821917,0.937361,1
user_34203,2021-10-25 18:25:00,24,16,18,4,3,5,1,1,3,10,0,0,0,4.746404,4.755761,1.411102,4.209716,3.704682,4.885693,0.999792,0.751865,1
user_34204,2021-10-04 10:23:00,37,17,2,4,9,4,4,18,14,1,2,0,0,3.681401,3.857818,4.205298,4.317276,1.345544,4.694929,0.631212,0.715683,0
user_34205,2021-09-17 01:06:00,23,5,8,0,0,0,11,4,4,17,13,4,0,3.757104,4.940657,2.175498,2.600314,1.868914,1.120849,0.99046,0.279174,0
user_34206,2021-09-25 00:59:00,22,14,1,0,3,2,18,20,10,17,16,5,1,0.107347,1.266367,4.965717,4.832587,0.138094,2.120264,0.962644,0.475278,0
user_34207,2021-09-07 10:06:00,37,0,13,2,3,3,7,8,20,13,20,1,0,4.612365,0.905974,2.839338,4.053159,1.832514,3.356411,0.22867,0.414353,1
user_34208,2021-08-06 08:42:00,40,7,9,5,8,3,1,5,15,18,10,4,0,4.982532,0.267283,4.027267,3.510224,3.853757,0.105931,0.274971,0.837226,1
user_34209,2021-10-08 07:20:00,48,8,10,3,5,2,20,12,6,11,10,4,0,3.689678,0.290152,3.773365,0.498375,1.07915,4.901851,0.662692,0.783639,0
user_34210,2021-08-22 20:27:00,3,16,14,3,5,4,18,0,9,5,1,6,1,0.433852,1.345901,0.186269,4.42572,0.188849,3.478348,0.409133,0.70406,1
user_34211,2021-10-20 02:00:00,6,12,19,2,1,1,3,9,4,17,5,2,0,1.202533,4.389056,1.907314,2.091424,1.910427,3.567355,0.464129,0.261033,0
user_34212,2021-08-06 16:01:00,13,20,23,4,5,2,4,0,2,20,19,4,0,2.001818,1.496068,3.021335,0.956587,1.372223,1.314732,0.915459,0.967562,0
user_34213,2021-08-04 13:40:00,37,20,7,4,7,3,4,10,9,17,15,2,0,1.64238,2.409875,2.097752,4.909669,0.382422,2.367411,0.82049,0.494705,1
user_34214,2021-10-19 13:21:00,18,11,14,4,3,0,1,18,20,15,6,1,0,4.798568,3.776821,0.410225,3.123782,0.183816,2.805217,0.384269,0.697509,1
user_34215,2021-10-09 07:11:00,16,2,12,0,7,4,15,14,14,10,7,5,1,3.550108,4.40625,2.363913,3.914265,1.444001,3.046945,0.235363,0.364598,0
user_34216,2021-10-19 11:04:00,32,17,8,5,5,3,9,10,19,18,4,1,0,4.691205,2.714568,4.865416,3.083684,2.158364,4.785723,0.786399,0.346711,1
user_34217,2021-09-20 00:17:00,21,4,9,2,0,4,8,12,15,6,8,0,0,3.689499,4.166591,3.502165,3.851491,3.810536,2.597848,0.614922,0.595339,0
user_34218,2021-08-13 11:23:00,49,3,15,4,8,0,5,12,14,17,13,4,0,3.100096,3.284175,0.494557,2.292283,2.126612,1.558437,0.795728,0.458142,1
user_34219,2021-09-02 21:54:00,47,1,14,2,2,4,20,18,15,5,18,3,0,4.264891,1.349806,0.330147,4.083701,4.565938,4.273271,0.825742,0.419827,1
user_34220,2021-08-03 16:37:00,42,8,3,4,10,1,6,7,11,13,19,1,0,0.7503,4.201081,0.251716,0.591545,0.727274,1.576302,0.516394,0.64177,0
user_34221,2021-08-31 13:31:00,39,10,19,4,9,2,5,11,16,16,18,1,0,3.100213,0.470985,3.362179,2.597835,4.93091,3.956236,0.885538,0.671965,0
user_34222,2021-10-22 12:44:00,2,4,1,3,2,3,5,17,13,14,6,4,0,2.680079,4.486357,4.254886,4.663781,3.453055,3.895408,0.220315,0.753394,0
user_34223,2021-09-24 02:53:00,46,17,4,5,10,1,3,20,11,20,9,4,0,1.989069,3.388133,3.928911,3.43195,1.793642,2.450578,0.400821,0.758139,0
user_34224,2021-09-01 13:53:00,6,2,12,0,3,4,5,7,13,20,19,2,0,4.181865,3.160541,4.077479,0.190117,4.248851,2.690046,0.770218,0.595065,0
user_34225,2021-08-14 23:24:00,41,18,3,2,3,5,11,12,2,5,14,5,1,1.960061,4.424765,4.55855,0.60642,3.474027,4.508676,0.736486,0.487037,0
user_34226,2021-09-10 11:58:00,16,2,5,0,8,0,5,5,10,5,5,4,0,1.572035,0.297434,3.824327,0.773832,1.62594,2.902196,0.441548,0.340078,0
user_34227,2021-08-06 21:44:00,7,7,10,3,2,1,14,8,2,13,1,4,0,0.336366,1.075797,4.681906,4.573679,4.435238,3.36598,0.312101,0.685128,1
user_34228,2021-10-29 05:24:00,32,8,7,3,10,2,17,12,1,4,8,4,0,4.323692,2.800127,3.274099,1.239458,0.153244,2.588077,0.966866,0.735098,0
user_34229,2021-09-06 01:45:00,14,17,2,1,2,4,14,1,2,0,7,0,0,1.729864,4.197336,1.908271,4.691967,0.301123,4.584522,0.84346,0.391799,1
user_34230,2021-10-08 15:38:00,38,0,24,1,4,2,4,0,6,1,12,4,0,4.773573,2.322123,3.160761,1.536492,3.192871,0.44428,0.401426,0.266331,1
user_34231,2021-09-01 09:29:00,32,2,20,1,0,0,6,18,2,17,17,2,0,0.5187,2.014763,0.987899,1.696283,1.414931,4.102993,0.882888,0.310161,0
user_34232,2021-08-15 19:59:00,1,5,7,4,3,2,15,15,19,8,11,6,1,1.691444,3.405597,1.004669,2.808607,0.72903,2.252666,0.587743,0.6236,1
user_34233,2021-09-19 10:42:00,42,1,10,5,7,5,12,2,18,4,7,6,1,4.161582,0.671985,3.186928,1.023614,4.597776,2.15241,0.307039,0.218006,1
user_34234,2021-08-12 16:31:00,24,19,11,2,6,4,6,15,17,3,17,3,0,4.691922,0.472465,4.340576,4.235853,1.262757,0.766657,0.679458,0.470642,0
user_34235,2021-08-02 08:54:00,25,8,17,5,8,4,14,6,2,17,0,0,0,3.587051,0.255985,3.341652,0.324878,2.249049,3.931725,0.503907,0.970271,0
user_34236,2021-09-25 07:56:00,33,12,7,2,5,2,11,9,10,18,4,5,1,0.354515,1.261795,1.59865,3.08779,0.456386,4.270722,0.273814,0.42573,0
user_34237,2021-10-22 19:22:00,5,4,25,4,6,2,7,4,17,8,6,4,0,3.488228,0.676764,2.561125,2.388865,0.734597,0.47226,0.265861,0.740579,1
user_34238,2021-10-21 14:04:00,13,4,23,4,7,1,16,18,13,5,0,3,0,0.58304,3.531419,4.459326,1.721909,3.519211,2.568401,0.637472,0.21219,1
user_34239,2021-08-10 02:53:00,16,4,2,5,8,2,19,16,6,9,9,1,0,4.324592,4.124675,2.540122,4.592857,4.223065,1.262731,0.519331,0.934798,1
user_34240,2021-10-06 05:06:00,2,10,29,4,5,1,1,13,9,13,16,2,0,2.534325,3.601334,3.281892,0.189276,4.558768,3.009627,0.99784,0.670684,1
user_34241,2021-09-09 09:30:00,11,1,20,0,3,0,20,6,1,11,3,3,0,1.700027,0.468648,0.615087,3.007516,0.447575,1.849331,0.609756,0.244613,0
user_34242,2021-09-18 13:57:00,25,12,30,0,6,5,1,20,20,2,13,5,1,4.91129,4.872066,4.614287,0.211295,3.966364,1.167253,0.425067,0.972257,0
user_34243,2021-09-05 11:57:00,17,18,7,0,9,4,18,1,19,4,3,6,1,3.078282,2.163078,2.135006,0.933549,2.208477,4.702507,0.507152,0.391436,0
user_34244,2021-08-07 12:08:00,32,18,28,5,1,3,7,20,9,0,8,5,1,3.273819,1.653673,4.88013,4.628802,1.56914,1.58047,0.276137,0.454007,0
user_34245,2021-09-11 18:56:00,20,4,1,3,10,1,10,7,6,14,20,5,1,2.767199,1.602478,3.849785,0.788922,1.044543,0.281511,0.52589,0.590332,0
user_34246,2021-10-19 07:06:00,5,15,19,0,0,4,10,8,5,14,3,1,0,2.816225,1.833951,3.920243,2.733098,3.332494,2.127466,0.512263,0.66442,0
user_34247,2021-09-12 18:37:00,45,16,19,3,0,4,4,16,8,16,14,6,1,4.987722,2.848333,0.576021,3.815724,4.045567,4.465335,0.925692,0.387864,1
user_34248,2021-09-06 12:44:00,19,18,18,5,0,0,7,17,10,19,15,0,0,2.844928,4.459674,0.999156,1.211682,1.154763,4.280649,0.350004,0.663052,1
user_34249,2021-10-01 12:05:00,29,1,20,3,1,5,16,1,7,11,14,4,0,4.164132,1.355502,4.170999,0.988218,4.651313,3.688509,0.309141,0.956164,1
user_34250,2021-10-19 18:20:00,18,3,8,1,3,0,9,9,14,0,3,1,0,3.631968,1.850844,4.066966,4.178664,0.125572,1.023223,0.584056,0.553673,1
user_34251,2021-09-03 20:22:00,32,14,17,0,1,4,19,0,7,9,4,4,0,4.20939,2.623771,2.866536,3.580107,2.406182,0.745953,0.863076,0.41515,1
user_34252,2021-09-16 15:14:00,38,8,13,3,2,2,11,1,18,5,5,3,0,4.622627,0.979277,2.464784,0.215594,4.400656,3.877323,0.2945,0.6323,0
user_34253,2021-10-04 02:14:00,15,16,4,3,0,0,16,8,5,12,18,0,0,4.802464,4.218507,4.027305,4.273702,3.958061,2.208968,0.701202,0.728401,0
user_34254,2021-08-27 06:24:00,47,5,12,1,2,2,0,4,17,18,11,4,0,3.491053,0.612398,4.264641,4.020214,2.063105,2.238421,0.529765,0.758084,0
user_34255,2021-10-28 05:27:00,24,3,9,5,2,4,15,2,13,13,18,3,0,1.253114,4.129384,0.893407,4.87982,2.65104,3.290833,0.459359,0.862811,0
user_34256,2021-08-07 12:02:00,11,10,6,3,0,1,16,13,6,15,20,5,1,1.435054,2.341943,1.816348,1.078787,0.143782,4.255877,0.636459,0.384544,0
user_34257,2021-08-06 13:39:00,1,5,25,3,2,3,20,15,12,18,8,4,0,1.437447,1.647298,2.130444,2.699666,0.523262,3.004163,0.202626,0.800543,0
user_34258,2021-08-31 12:22:00,31,15,24,5,4,5,12,3,0,5,2,1,0,0.520934,3.416619,2.508073,0.441172,1.01682,4.813642,0.227524,0.706294,1
user_34259,2021-08-30 09:16:00,35,16,24,4,2,3,6,5,3,18,6,0,0,3.021906,4.229929,4.152094,2.426573,3.970798,1.763661,0.668035,0.89351,0
user_34260,2021-09-19 21:23:00,49,7,18,4,2,1,8,8,1,10,5,6,1,4.101623,1.022521,4.643653,2.042744,3.552795,2.43809,0.404527,0.829706,0
user_34261,2021-10-20 21:59:00,26,6,14,5,6,2,20,12,7,2,8,2,0,4.020575,1.154605,2.515136,4.080231,0.968245,3.445727,0.91509,0.840868,0
user_34262,2021-09-13 00:44:00,42,13,19,0,5,3,10,2,20,4,3,0,0,1.140273,4.306086,3.532529,2.330709,4.84276,1.78687,0.976189,0.648018,0
user_34263,2021-09-06 06:52:00,44,18,9,3,6,5,9,14,8,15,10,0,0,2.509252,0.729081,1.09819,3.59594,1.570252,3.306828,0.51143,0.232065,0
user_34264,2021-10-07 15:18:00,29,7,15,4,9,2,6,1,20,6,14,3,0,4.575721,3.843896,0.384018,3.203612,1.581013,0.471087,0.626209,0.459337,1
user_34265,2021-10-28 14:41:00,3,13,20,3,8,5,10,6,10,0,16,3,0,4.252478,3.715985,0.694911,0.442276,2.764719,2.002734,0.413117,0.486077,1
user_34266,2021-08-31 11:44:00,40,15,19,4,2,2,9,11,9,3,14,1,0,1.388806,0.513865,4.880719,3.90586,2.356978,0.938553,0.619883,0.949872,1
user_34267,2021-10-17 04:35:00,7,2,6,2,2,4,5,6,1,9,6,6,1,3.282052,0.106744,0.102646,0.661992,4.411608,3.721642,0.701045,0.357651,1
user_34268,2021-10-04 11:08:00,36,14,22,3,4,3,18,15,16,3,17,0,0,1.107327,0.321431,3.641531,1.126063,3.507271,3.769802,0.321531,0.807178,1
user_34269,2021-09-16 22:34:00,25,1,4,5,9,3,15,15,5,18,12,3,0,4.7345,0.527067,4.615533,4.783359,2.716329,4.607437,0.532595,0.592814,1
user_34270,2021-08-22 20:05:00,38,13,28,2,4,4,5,17,7,18,12,6,1,4.884222,2.527296,1.585345,4.694244,1.859334,4.432286,0.445597,0.65983,1
user_34271,2021-08-17 21:13:00,11,16,28,3,0,2,3,18,19,5,10,1,0,4.533331,0.681366,3.542316,1.744335,3.332502,0.176427,0.30829,0.738766,1
user_34272,2021-08-12 17:35:00,18,6,12,5,7,5,15,12,17,2,2,3,0,0.748117,1.980289,4.632597,1.839512,2.879626,1.004251,0.219514,0.519795,1
user_34273,2021-10-14 04:39:00,32,4,15,3,8,4,14,2,16,11,15,3,0,0.879013,0.547932,2.276958,3.111454,1.72317,3.615399,0.529504,0.339593,1
user_34274,2021-10-06 09:52:00,39,14,18,0,10,2,20,10,4,13,6,2,0,3.122585,2.865513,3.06865,1.076462,2.172756,1.640352,0.213968,0.446686,0
user_34275,2021-09-20 15:14:00,46,10,29,4,10,4,2,2,13,4,20,0,0,0.267735,2.417104,3.746469,1.824133,3.72953,1.457704,0.287379,0.517701,1
user_34276,2021-10-23 07:26:00,5,6,26,4,2,1,20,13,8,3,9,5,1,2.772911,4.930253,1.589744,4.219472,4.535755,4.824483,0.271788,0.410193,0
user_34277,2021-08-11 11:44:00,1,17,9,1,2,1,4,0,13,6,6,2,0,4.336914,1.573136,0.673379,0.147397,2.24857,4.818221,0.406279,0.373162,1
user_34278,2021-08-02 03:15:00,44,14,19,0,4,4,6,6,9,9,4,0,0,2.367117,2.040646,0.782095,0.17132,3.092211,1.085639,0.762272,0.859415,0
user_34279,2021-10-01 17:07:00,38,5,1,4,7,5,18,11,3,16,2,4,0,2.909804,4.354363,0.150276,4.728338,4.007521,1.523098,0.584621,0.796677,0
user_34280,2021-10-26 04:53:00,45,2,11,0,3,5,0,3,6,1,11,1,0,4.043375,2.4859,3.201428,2.38585,0.794148,0.406429,0.290438,0.334994,0
user_34281,2021-10-21 19:03:00,45,4,27,0,2,0,1,17,9,15,3,3,0,3.034052,4.649648,4.069666,0.77436,0.431377,4.768002,0.69252,0.707189,1
user_34282,2021-10-09 23:28:00,3,8,5,4,10,1,16,6,16,16,15,5,1,1.421577,1.857291,2.394397,4.089326,3.740255,0.684277,0.278336,0.691457,0
user_34283,2021-10-29 03:57:00,13,13,23,5,0,1,11,16,0,5,0,4,0,3.920105,1.951522,1.490453,4.02706,3.153903,1.788798,0.385237,0.947617,0
user_34284,2021-10-01 16:45:00,47,11,12,0,0,4,2,8,9,7,12,4,0,4.308306,0.444236,4.695873,0.343475,0.671708,1.710869,0.263962,0.518483,0
user_34285,2021-09-27 08:09:00,31,19,27,1,6,3,14,7,8,15,7,0,0,0.754081,2.752103,4.44849,4.104805,0.115829,3.053327,0.79691,0.692883,0
user_34286,2021-08-14 02:35:00,28,3,8,1,1,3,1,20,5,1,13,5,1,3.350035,3.216584,1.07167,1.10184,0.689471,1.754759,0.939408,0.492298,0
user_34287,2021-08-01 10:54:00,29,1,1,5,3,1,6,2,19,16,4,6,1,0.327483,4.862889,2.547038,3.685541,1.427873,3.08365,0.636312,0.655542,0
user_34288,2021-09-02 08:05:00,24,15,3,2,9,1,11,14,17,17,12,3,0,2.776318,1.377456,3.177369,3.032641,4.414687,1.608367,0.753194,0.460518,1
user_34289,2021-10-02 06:03:00,29,8,22,2,6,4,10,7,11,14,10,5,1,4.221574,3.103402,0.593068,0.587894,2.29295,2.342119,0.752186,0.336822,0
user_34290,2021-09-25 18:44:00,42,20,9,0,10,4,20,15,15,17,17,5,1,2.227709,0.122327,4.471167,3.141986,1.168204,0.331534,0.432705,0.84803,0
user_34291,2021-10-12 20:33:00,47,13,24,5,5,1,3,18,14,16,9,1,0,4.599017,1.590577,2.736972,4.708931,0.799728,3.426859,0.412855,0.710725,1
user_34292,2021-09-21 05:49:00,10,15,20,4,7,1,20,9,6,17,20,1,0,0.778394,0.931383,3.156786,0.826321,3.168805,2.586887,0.821177,0.909336,1
user_34293,2021-08-21 12:30:00,48,4,18,5,10,0,11,1,19,4,0,5,1,2.012546,3.993847,4.26084,4.211612,4.961122,4.938607,0.509978,0.506812,1
user_34294,2021-10-07 18:50:00,7,18,29,3,6,2,19,17,5,8,13,3,0,2.545505,0.570978,2.453071,3.762802,0.784479,2.64697,0.643958,0.697815,0
user_34295,2021-10-03 12:29:00,16,8,17,5,4,2,2,13,13,13,7,6,1,0.982341,2.33937,4.04538,1.483259,2.355711,2.881475,0.741689,0.716826,1
user_34296,2021-10-27 07:37:00,6,3,22,4,8,0,10,6,20,0,5,2,0,4.586721,1.582338,0.184449,2.052128,0.350935,2.880951,0.850541,0.993918,1
user_34297,2021-09-17 13:04:00,38,13,3,2,8,5,7,14,4,10,11,4,0,4.773517,2.399513,2.603731,4.6727,1.36189,2.13976,0.477018,0.498682,1
user_34298,2021-08-02 11:16:00,9,9,27,1,8,5,4,15,5,1,3,0,0,2.196882,0.770424,0.782849,3.161789,0.514882,1.940063,0.603247,0.382574,0
user_34299,2021-08-27 04:13:00,22,16,8,1,2,4,9,19,0,14,13,4,0,3.37461,3.42788,0.131423,1.210464,1.2875,3.680581,0.817537,0.507007,0
user_34300,2021-10-18 02:56:00,38,17,24,0,8,4,2,9,20,17,11,0,0,0.597878,2.400913,3.943042,3.523515,1.634367,3.199645,0.612626,0.539509,0
user_34301,2021-08-09 20:16:00,48,13,19,3,8,5,8,2,14,17,8,0,0,2.390316,3.062046,3.233145,0.21992,0.771665,1.89966,0.607038,0.782163,1
user_34302,2021-09-02 05:47:00,47,6,20,5,10,2,11,1,12,5,11,3,0,0.575963,0.820075,1.458708,1.609594,2.088583,1.649846,0.267558,0.673981,1
user_34303,2021-08-13 13:50:00,37,20,4,1,6,0,4,16,3,13,15,4,0,4.074804,1.49947,0.210672,3.324445,2.347675,0.838048,0.591788,0.353499,1
user_34304,2021-08-13 09:09:00,2,10,29,3,4,0,9,3,17,12,6,4,0,4.739185,3.425229,3.213384,3.416249,3.008954,1.917254,0.664087,0.821849,0
user_34305,2021-10-06 17:28:00,3,11,22,1,6,1,9,7,7,11,20,2,0,1.884144,1.237126,3.945962,1.622093,2.153541,3.293873,0.981722,0.611499,0
user_34306,2021-08-16 14:32:00,22,0,26,1,1,4,17,6,8,7,3,0,0,0.49426,4.157792,2.307362,0.586046,4.940013,3.041423,0.989904,0.622343,0
user_34307,2021-08-01 21:42:00,19,11,19,2,0,2,8,5,6,0,19,6,1,3.924596,3.36089,1.749936,0.988919,4.161181,3.428775,0.399665,0.807787,0
user_34308,2021-08-18 11:03:00,3,11,4,0,1,2,9,15,9,7,5,2,0,1.118284,3.376066,1.093408,3.331705,3.849518,1.932687,0.23285,0.599704,0
user_34309,2021-08-02 06:39:00,45,10,5,0,7,3,19,9,8,3,5,0,0,1.54073,0.169091,0.644436,2.415305,4.731707,2.132828,0.663672,0.510593,1
user_34310,2021-09-05 10:23:00,39,7,8,5,1,4,0,5,18,14,3,6,1,0.394076,4.671792,3.982004,2.13958,2.788493,3.84675,0.458102,0.51175,0
user_34311,2021-10-19 10:34:00,8,6,28,4,4,3,6,2,15,12,10,1,0,0.604207,2.02245,0.231419,0.315178,3.638635,1.636746,0.202474,0.614718,1
user_34312,2021-09-10 20:50:00,43,9,27,2,7,3,14,17,1,7,0,4,0,4.121816,0.487063,3.757228,3.780611,4.88694,0.434444,0.458068,0.325182,1
user_34313,2021-10-02 22:59:00,5,18,24,0,2,0,12,0,16,13,2,5,1,0.988729,2.932367,1.939273,2.743377,0.564265,1.817826,0.682146,0.534724,0
user_34314,2021-10-27 13:08:00,10,16,3,0,0,3,20,15,16,5,9,2,0,4.334726,0.179095,4.720995,2.13325,4.324841,0.571052,0.876724,0.475331,1
user_34315,2021-10-22 17:07:00,19,13,22,1,9,3,16,7,13,9,8,4,0,2.577562,3.034832,0.237807,3.964463,2.301636,3.46701,0.799544,0.256911,0
user_34316,2021-09-16 01:55:00,6,3,11,0,5,5,7,6,0,19,1,3,0,2.672636,1.646754,1.511615,0.734949,1.816053,1.605819,0.963387,0.31898,1
user_34317,2021-09-10 21:23:00,31,0,18,3,0,5,15,18,1,4,15,4,0,4.887288,4.850433,1.96717,2.320501,4.864056,2.401412,0.914295,0.486797,1
user_34318,2021-08-08 08:14:00,6,10,30,1,3,5,15,8,7,10,5,6,1,3.153625,1.975363,0.491902,0.290586,2.954924,3.103085,0.534866,0.926627,0
user_34319,2021-09-08 23:47:00,33,2,2,0,9,4,6,14,3,14,18,2,0,3.329095,1.240714,0.864445,0.316938,4.893238,0.718668,0.780287,0.862772,0
user_34320,2021-10-07 14:20:00,46,4,24,2,3,4,18,19,14,10,17,3,0,4.343342,0.899073,0.870366,0.225584,2.845005,4.704594,0.801491,0.70256,0
user_34321,2021-09-20 04:23:00,32,12,15,1,1,1,7,6,1,3,0,0,0,1.033388,4.852883,1.87888,1.859811,1.645948,4.84642,0.975726,0.365953,0
user_34322,2021-08-29 13:05:00,2,9,24,1,8,1,10,19,7,20,0,6,1,2.41713,4.870726,0.374612,1.932234,0.144945,3.152196,0.886707,0.970764,1
user_34323,2021-08-24 05:44:00,21,13,24,2,10,2,2,18,12,13,10,1,0,3.98188,0.785291,1.301539,3.004403,0.282233,2.819215,0.955018,0.870938,1
user_34324,2021-09-14 09:48:00,18,9,25,0,10,0,10,18,1,16,4,1,0,1.832872,4.997771,0.407974,2.718971,2.833979,1.786738,0.712313,0.479519,0
user_34325,2021-10-04 19:25:00,7,13,14,0,0,3,19,20,7,7,12,0,0,3.127382,1.505931,4.469729,3.11325,0.971744,1.842799,0.749423,0.57331,0
user_34326,2021-10-14 13:45:00,3,10,1,2,5,5,19,3,18,7,19,3,0,4.844478,2.69988,4.849311,2.843425,2.923228,2.251145,0.581003,0.944528,1
user_34327,2021-08-22 12:28:00,25,12,15,2,4,2,19,18,17,18,11,6,1,4.808116,4.170757,4.495916,1.363689,2.549465,3.433628,0.302069,0.305559,0
user_34328,2021-10-03 11:09:00,11,9,12,0,7,2,15,12,19,19,18,6,1,0.460879,1.495886,3.788178,4.695039,3.760514,3.49499,0.780556,0.344564,1
user_34329,2021-08-03 05:48:00,6,9,19,5,1,1,3,4,16,1,14,1,0,2.480576,2.64944,4.403115,1.077493,2.078435,2.642666,0.386343,0.577878,0
user_34330,2021-09-03 07:45:00,2,9,8,2,5,3,5,16,17,2,13,4,0,4.641706,0.706147,4.444017,3.183839,2.255992,4.220282,0.351237,0.420378,0
user_34331,2021-08-29 14:50:00,50,1,19,4,2,2,1,15,7,18,5,6,1,3.019543,3.268662,1.612697,3.340449,4.380753,2.877118,0.886832,0.945804,0
user_34332,2021-10-24 05:55:00,24,11,24,2,6,3,15,3,7,9,14,6,1,4.715592,4.845528,2.850956,3.18601,1.428927,2.18326,0.792066,0.785919,0
user_34333,2021-09-18 22:21:00,38,12,28,5,2,0,16,1,20,20,2,5,1,0.631993,2.64127,0.861886,4.383394,3.6697,3.475581,0.251298,0.227708,1
user_34334,2021-08-22 18:37:00,19,19,12,4,1,3,11,8,1,17,13,6,1,4.930517,1.020362,4.306653,2.069529,3.119063,3.385906,0.688379,0.524976,0
user_34335,2021-09-27 14:28:00,22,8,21,2,3,0,6,10,16,17,0,0,0,4.559813,1.622878,1.462822,4.038851,2.200449,4.378081,0.882636,0.948544,0
user_34336,2021-09-14 10:26:00,1,0,7,4,8,2,7,7,7,3,13,1,0,4.894642,3.742267,2.223065,0.955694,4.803553,2.718569,0.539223,0.936161,0
user_34337,2021-08-20 02:43:00,46,15,30,1,0,0,9,16,19,12,12,4,0,4.901177,4.091417,1.530349,4.749587,4.603653,2.499271,0.360304,0.510266,1
user_34338,2021-10-27 12:08:00,34,14,17,2,4,1,7,6,6,18,5,2,0,0.852599,2.35765,3.793824,2.53136,1.230289,4.061688,0.70262,0.400606,1
user_34339,2021-08-19 23:29:00,10,18,14,4,6,4,12,15,12,19,7,3,0,4.74924,4.929928,4.524131,2.711912,4.625847,0.264887,0.384245,0.415737,0
user_34340,2021-10-19 06:04:00,11,7,16,0,0,5,0,12,3,14,9,1,0,3.508073,1.178527,2.932278,4.25441,0.952454,1.205834,0.899694,0.336217,1
user_34341,2021-08-09 18:33:00,36,2,29,3,7,0,4,3,6,3,0,0,0,1.830915,0.824357,2.862793,2.427289,4.818776,4.681517,0.708602,0.782606,0
user_34342,2021-10-12 20:48:00,43,13,30,0,4,2,6,11,13,19,7,1,0,4.960227,4.24219,2.059804,4.186137,2.662076,2.970356,0.453402,0.271888,1
user_34343,2021-09-26 06:40:00,47,20,15,0,1,5,0,6,20,18,5,6,1,2.998244,2.354519,1.414874,4.086189,2.191383,1.630499,0.674186,0.288715,0
user_34344,2021-10-18 00:12:00,42,10,5,3,10,3,4,18,4,12,17,0,0,3.468013,0.702857,3.361237,0.468472,3.66927,4.727478,0.445069,0.865693,1
user_34345,2021-10-14 08:11:00,28,9,6,1,4,5,2,17,7,2,10,3,0,3.080759,4.852716,2.555918,1.127164,0.894284,2.768005,0.792498,0.629128,0
user_34346,2021-10-26 13:17:00,47,3,18,5,0,0,8,17,19,14,1,1,0,4.318571,2.713793,0.536981,2.881757,3.011795,2.628846,0.344477,0.570179,1
user_34347,2021-10-29 06:27:00,21,18,28,2,3,2,7,9,4,6,9,4,0,2.950113,3.851284,1.193096,2.540116,0.999814,4.627573,0.871061,0.744723,1
user_34348,2021-10-18 10:12:00,30,6,29,5,7,3,5,13,11,19,0,0,0,2.84636,4.374492,0.498898,3.295649,1.325367,4.0965,0.757607,0.886443,1
user_34349,2021-10-12 07:48:00,47,20,28,1,3,5,0,4,3,3,11,1,0,4.564705,2.859662,1.744055,2.206994,2.22746,2.951145,0.891639,0.266269,1
user_34350,2021-10-24 05:48:00,41,20,10,3,4,5,12,13,6,15,7,6,1,3.655145,0.599899,3.306625,2.392268,0.464334,0.525274,0.241336,0.832072,1
user_34351,2021-08-19 01:03:00,34,13,24,2,3,4,14,7,6,20,10,3,0,4.381665,4.070223,2.113896,4.74257,3.686699,4.733291,0.526465,0.346344,0
user_34352,2021-08-01 22:34:00,13,1,12,1,9,4,1,7,10,4,19,6,1,3.301665,4.822528,0.960644,2.390406,4.219103,0.204081,0.219365,0.424661,0
user_34353,2021-09-10 14:18:00,30,14,12,5,0,1,2,19,15,9,5,4,0,3.865,3.263306,3.719225,0.288484,0.112225,3.022362,0.309628,0.600573,0
user_34354,2021-08-20 06:07:00,7,19,17,5,1,0,6,1,17,9,16,4,0,2.526639,3.880168,1.600171,3.574678,3.828728,1.609278,0.564162,0.853125,0
user_34355,2021-09-25 07:04:00,50,3,30,3,2,5,1,9,9,17,6,5,1,2.506599,0.991442,3.274016,1.42561,3.35372,3.533956,0.641334,0.440051,0
user_34356,2021-08-17 06:09:00,31,10,12,1,1,3,16,15,4,5,13,1,0,0.143738,2.50784,1.136032,4.758975,3.01997,4.639711,0.477575,0.819009,0
user_34357,2021-10-16 14:49:00,8,18,19,5,7,4,13,1,15,18,17,5,1,1.020918,4.599835,1.978932,3.525282,2.216129,1.896128,0.89183,0.70812,1
user_34358,2021-08-22 19:56:00,30,0,15,5,5,2,10,13,16,16,1,6,1,1.966047,3.611921,3.142885,2.224923,1.434451,2.121665,0.768524,0.933089,0
user_34359,2021-08-19 12:00:00,36,2,1,1,6,3,4,19,20,14,8,3,0,1.60451,2.473672,2.836773,2.640167,0.136484,1.217627,0.893394,0.489995,1
user_34360,2021-10-03 12:55:00,45,17,6,1,5,3,16,18,7,9,14,6,1,3.138962,3.380241,0.365768,2.388384,0.531058,2.31148,0.878381,0.462914,0
user_34361,2021-08-09 07:04:00,39,12,26,4,8,4,5,11,2,7,11,0,0,0.305053,0.802766,4.003213,1.665516,4.92849,0.590501,0.493032,0.466092,0
user_34362,2021-10-19 07:33:00,27,0,17,0,3,5,2,6,16,16,2,1,0,0.695708,3.341015,1.352075,2.210415,0.150591,3.013921,0.224977,0.864819,0
user_34363,2021-08-01 11:41:00,18,20,12,4,9,1,16,5,0,1,17,6,1,2.463117,3.36077,3.920129,4.180793,1.289134,3.971671,0.49822,0.319986,1
user_34364,2021-10-23 20:02:00,1,8,27,0,8,2,17,3,1,6,11,5,1,1.372256,4.461656,0.635866,4.547729,1.781378,0.827673,0.349825,0.474777,0
user_34365,2021-08-14 04:32:00,32,14,27,2,9,0,10,7,15,19,19,5,1,1.272112,4.814979,4.305756,0.247931,0.610454,0.255011,0.555081,0.864823,0
user_34366,2021-09-18 13:24:00,32,19,30,0,2,3,4,8,3,6,7,5,1,4.049019,3.980022,2.994685,4.285852,3.301185,0.843012,0.950526,0.233419,1
user_34367,2021-09-27 04:49:00,2,2,21,1,4,1,14,1,15,17,2,0,0,4.783803,2.224191,1.818583,4.10786,1.382325,4.01887,0.378338,0.569023,0
user_34368,2021-10-09 20:48:00,36,16,24,3,10,1,11,1,4,3,16,5,1,1.697286,0.533846,3.189138,2.611922,4.392978,0.81686,0.912107,0.611944,1
user_34369,2021-10-07 17:14:00,27,6,9,5,5,5,6,19,3,2,5,3,0,4.597917,4.261188,3.333153,3.503794,2.637885,0.819794,0.588826,0.672066,1
user_34370,2021-08-22 06:06:00,18,12,15,4,5,4,5,15,18,10,10,6,1,0.518436,1.395156,4.075421,1.530276,4.135602,2.226922,0.875398,0.756191,0
user_34371,2021-10-06 07:28:00,19,11,13,0,9,0,6,15,17,16,5,2,0,1.407428,3.807661,0.79081,2.751483,0.778468,4.986069,0.808188,0.431729,0
user_34372,2021-10-21 03:53:00,13,4,26,1,6,2,15,9,12,20,3,3,0,0.2482,3.650921,0.55533,3.496245,0.872381,2.33211,0.275943,0.89676,0
user_34373,2021-08-21 07:02:00,30,0,15,3,10,3,17,3,19,18,2,5,1,1.186427,4.397773,3.479061,3.527855,4.235235,2.428198,0.395438,0.72091,0
user_34374,2021-10-16 03:27:00,44,19,12,1,3,0,4,10,2,16,3,5,1,3.967125,4.907469,1.405963,3.063323,2.884998,3.010694,0.414086,0.406926,1
user_34375,2021-08-18 02:23:00,33,6,15,3,6,0,0,7,13,2,8,2,0,4.860953,4.336209,0.986641,2.457726,1.895285,2.613438,0.777106,0.385441,0
user_34376,2021-08-23 00:41:00,47,6,4,2,5,2,10,20,19,13,4,0,0,0.607353,4.644182,0.931514,1.702957,3.322023,3.40704,0.927065,0.651708,1
user_34377,2021-10-22 22:03:00,48,4,17,1,10,1,13,19,12,12,3,4,0,0.199757,4.892968,1.249805,2.265262,0.135959,4.405987,0.985364,0.252623,0
user_34378,2021-09-30 17:36:00,43,7,12,3,7,3,14,13,10,17,11,3,0,2.632854,0.629389,0.913309,3.380198,3.297411,1.671094,0.483631,0.587761,0
user_34379,2021-10-02 01:08:00,45,3,15,0,0,5,20,2,7,0,3,5,1,4.473431,2.235228,1.626395,0.277239,4.986529,1.46049,0.262847,0.908839,1
user_34380,2021-08-01 17:35:00,43,20,28,4,1,4,19,16,6,3,12,6,1,4.112135,4.346039,4.941652,0.165212,1.918241,2.284617,0.375026,0.730911,0
user_34381,2021-08-24 14:42:00,27,10,22,4,10,4,4,3,14,17,14,1,0,3.473723,4.670478,0.992319,1.720447,0.338093,2.479186,0.564251,0.960283,0
user_34382,2021-08-16 20:53:00,37,9,8,5,2,2,10,16,5,1,8,0,0,4.835547,0.540655,1.085659,1.664918,2.039063,4.649288,0.729016,0.659018,0
user_34383,2021-09-02 03:21:00,43,16,6,1,9,4,18,2,3,2,4,3,0,4.898349,4.291277,0.765408,3.48162,3.710698,1.501354,0.519987,0.872801,0
user_34384,2021-10-15 00:34:00,50,18,2,0,6,4,17,11,6,15,8,4,0,4.59057,4.075537,2.86055,2.070201,3.874032,1.885468,0.823162,0.74909,1
user_34385,2021-09-19 16:13:00,6,3,18,1,0,3,14,3,1,20,16,6,1,2.642923,2.441795,0.540099,1.929322,1.19016,3.072369,0.646577,0.940565,1
user_34386,2021-10-03 22:01:00,38,9,13,2,10,2,4,11,10,5,0,6,1,4.315038,3.622198,3.271372,4.150266,0.848271,4.432971,0.580809,0.594875,0
user_34387,2021-08-06 06:47:00,8,0,6,3,4,0,9,17,18,4,15,4,0,3.093893,1.529058,1.575296,3.962124,2.228447,4.124897,0.820923,0.224749,0
user_34388,2021-08-03 12:46:00,13,20,23,3,7,0,3,14,8,17,14,1,0,4.501778,3.193917,1.699281,0.846113,4.673783,3.818372,0.777366,0.603472,0
user_34389,2021-09-20 18:05:00,13,2,29,5,0,3,19,0,16,13,6,0,0,1.401704,4.165584,4.008548,3.215534,1.747332,1.526986,0.903941,0.339339,0
user_34390,2021-09-09 12:13:00,23,14,22,3,3,5,0,8,6,2,4,3,0,3.767006,4.395972,2.151185,2.82416,4.2816,0.361321,0.955334,0.90827,0
user_34391,2021-08-01 13:36:00,31,8,11,1,6,2,4,5,14,11,6,6,1,0.72709,3.044046,4.599821,2.454419,2.226468,3.148907,0.26739,0.596509,0
user_34392,2021-08-31 02:43:00,38,10,16,4,8,2,4,17,13,13,17,1,0,3.100529,4.556461,1.751675,3.32072,4.51877,2.450705,0.884598,0.684292,0
user_34393,2021-09-17 20:59:00,48,12,28,3,6,5,11,12,4,7,20,4,0,0.479612,0.305736,3.089867,1.347343,2.487299,2.144776,0.739304,0.431105,1
user_34394,2021-08-16 15:17:00,6,19,14,5,8,0,0,1,4,5,11,0,0,4.723494,3.780705,2.463843,1.700219,2.023229,1.392329,0.380119,0.578866,0
user_34395,2021-08-16 15:18:00,2,2,10,2,5,2,1,11,2,3,5,0,0,4.801234,3.71815,1.069521,3.428594,2.850575,1.650142,0.467576,0.75663,0
user_34396,2021-09-03 10:20:00,15,7,18,2,2,2,2,10,16,7,2,4,0,2.374711,2.580553,4.55426,1.62772,0.424038,3.913287,0.989037,0.744139,0
user_34397,2021-09-13 14:37:00,12,18,2,3,9,2,15,20,14,2,7,0,0,4.697628,0.454155,1.658187,3.089533,1.899723,0.298282,0.23617,0.722102,0
user_34398,2021-10-09 13:53:00,4,14,5,0,3,4,20,4,0,2,1,5,1,1.202182,1.329614,0.229338,0.35477,0.156635,4.768845,0.272644,0.876843,0
user_34399,2021-08-27 17:52:00,23,8,30,0,8,1,14,19,17,4,1,4,0,0.820406,4.00178,4.216069,3.127641,0.999713,4.487737,0.378843,0.75013,0
user_34400,2021-10-14 16:50:00,4,11,15,3,9,2,15,8,12,11,3,3,0,1.764696,3.300343,4.910625,3.193051,1.842158,3.328536,0.405598,0.740246,1
user_34401,2021-08-04 10:53:00,4,2,26,1,7,0,8,17,17,13,17,2,0,4.678672,0.121423,0.534184,3.456526,4.657165,4.665311,0.260211,0.287743,1
user_34402,2021-08-10 14:38:00,30,2,14,3,8,1,11,18,3,5,8,1,0,0.160175,0.196628,3.557831,2.329258,4.729507,0.653947,0.745113,0.662084,1
user_34403,2021-08-05 06:42:00,38,19,11,4,0,1,6,1,0,6,19,3,0,4.675196,3.060687,4.049571,4.928858,4.766157,4.165671,0.258955,0.224076,0
user_34404,2021-09-21 07:56:00,39,18,14,4,1,2,15,19,17,5,18,1,0,3.915852,2.699002,4.360154,2.809054,4.012274,4.206229,0.903976,0.62354,1
user_34405,2021-08-20 21:34:00,16,3,14,5,0,5,9,18,5,20,0,4,0,4.829085,0.203502,2.438542,2.819415,2.083976,2.678204,0.982548,0.433081,0
user_34406,2021-09-17 18:07:00,15,20,23,4,1,2,8,9,16,13,18,4,0,1.043022,1.551825,1.420256,4.560886,4.59059,2.605562,0.611709,0.925877,1
user_34407,2021-08-18 09:27:00,7,8,25,5,9,0,9,10,20,15,8,2,0,1.688378,4.906496,1.111111,1.47848,2.833614,2.699452,0.599271,0.312336,0
user_34408,2021-08-17 14:20:00,46,11,26,2,0,2,9,4,10,10,5,1,0,2.598465,0.647795,3.939202,3.326967,2.940205,1.046591,0.523741,0.968277,1
user_34409,2021-10-09 01:11:00,1,18,24,2,7,1,4,7,16,15,17,5,1,3.59635,0.427765,1.137331,0.15822,3.023424,2.039184,0.680803,0.305928,0
user_34410,2021-10-20 11:48:00,29,9,11,1,2,2,13,11,11,7,7,2,0,4.355091,2.172217,2.55404,2.309713,4.067505,2.375191,0.680879,0.31618,0
user_34411,2021-08-20 18:08:00,42,8,12,1,4,4,4,6,19,2,12,4,0,2.268484,3.713593,1.878638,3.13382,1.993606,3.479574,0.519278,0.60425,1
user_34412,2021-08-05 14:32:00,49,10,13,1,3,4,8,3,0,0,19,3,0,0.388244,4.503363,0.284954,3.254637,3.854366,3.071556,0.279653,0.592681,0
user_34413,2021-10-07 22:21:00,6,14,20,5,2,1,10,0,17,9,10,3,0,0.326906,1.174323,3.585067,1.830207,1.00284,1.757125,0.967474,0.710698,0
user_34414,2021-08-16 23:08:00,31,14,9,4,7,3,3,18,13,20,1,0,0,3.23701,0.223539,0.54848,0.942459,1.991348,2.840639,0.689121,0.577605,1
user_34415,2021-09-09 12:00:00,44,20,26,0,10,4,2,10,0,6,8,3,0,3.482417,3.884998,2.378935,4.483409,0.275522,2.573687,0.774252,0.464596,1
user_34416,2021-09-30 12:37:00,6,2,11,4,5,5,15,0,18,5,19,3,0,2.943996,2.28294,0.585434,0.49779,2.079477,0.474232,0.706759,0.273951,1
user_34417,2021-09-09 13:18:00,3,5,13,3,6,4,5,17,0,16,6,3,0,2.659868,1.919793,4.875953,0.596467,3.824057,4.680533,0.874712,0.903257,0
user_34418,2021-08-10 04:47:00,4,7,29,0,1,5,18,20,11,0,20,1,0,0.453283,1.587353,4.758061,2.814195,3.177975,2.475364,0.48498,0.622081,1
user_34419,2021-09-20 18:05:00,43,7,2,1,7,3,11,17,9,8,17,0,0,4.445401,4.705444,1.473631,2.239467,3.578543,2.503137,0.667086,0.793478,0
user_34420,2021-09-16 05:28:00,28,5,12,5,1,3,11,13,8,4,0,3,0,2.288542,2.703229,3.056151,2.017098,3.76037,3.219193,0.372463,0.358326,0
user_34421,2021-10-02 23:26:00,1,16,12,4,3,2,14,20,7,7,11,5,1,3.295383,0.783881,3.079393,3.261732,4.655704,2.752121,0.618459,0.81566,0
user_34422,2021-10-02 03:12:00,6,6,20,2,2,4,10,7,13,10,3,5,1,2.150934,1.635186,0.899414,0.355458,3.936848,4.234599,0.4244,0.579975,1
user_34423,2021-09-15 22:19:00,25,1,22,0,10,5,10,16,4,12,10,2,0,1.599508,3.160486,2.956905,1.841138,4.457226,3.666165,0.849796,0.929021,0
user_34424,2021-10-04 08:18:00,18,8,28,4,3,4,16,7,19,19,17,0,0,3.739495,4.159031,1.361214,3.916972,1.979752,0.316371,0.567392,0.284511,1
user_34425,2021-09-11 08:17:00,7,10,19,0,2,4,11,17,20,4,0,5,1,4.155327,1.580823,4.40838,2.312397,2.650203,0.585585,0.245186,0.642278,1
user_34426,2021-10-19 21:03:00,13,5,30,4,1,1,8,7,6,12,19,1,0,0.795377,0.8649,4.199675,0.151046,4.28131,4.998683,0.268947,0.57525,1
user_34427,2021-10-13 10:15:00,35,16,29,1,5,2,10,11,1,5,7,2,0,1.734943,0.475961,4.826372,1.539203,0.399502,1.822268,0.591451,0.43012,1
user_34428,2021-10-09 11:47:00,45,14,25,4,7,5,20,12,10,13,10,5,1,3.743368,4.03739,3.250351,0.677905,1.058097,2.207785,0.524388,0.518226,1
user_34429,2021-10-16 18:39:00,43,13,10,5,0,5,17,19,11,7,13,5,1,4.081891,1.508902,1.991231,2.409029,0.501754,1.084781,0.358332,0.986521,1
user_34430,2021-10-12 01:33:00,41,10,25,1,8,3,7,17,7,1,8,1,0,2.275924,0.304524,3.61737,0.614082,4.484726,2.890983,0.442482,0.331484,1
user_34431,2021-09-13 16:01:00,39,14,6,5,8,2,6,19,5,0,6,0,0,2.218947,2.017043,4.554585,4.81769,3.586618,4.725516,0.200187,0.277443,0
user_34432,2021-09-17 13:09:00,14,16,4,1,1,2,14,1,15,12,2,4,0,1.144342,2.817353,4.697159,1.508207,4.217736,0.768006,0.975565,0.988576,0
user_34433,2021-08-11 02:26:00,29,17,10,1,0,1,6,10,11,6,18,2,0,0.342699,3.518262,1.66027,0.81924,0.596646,3.353343,0.622079,0.346191,1
user_34434,2021-10-05 23:18:00,17,8,25,4,3,0,2,2,12,7,8,1,0,4.335692,3.797515,4.838426,0.87742,4.460579,4.879682,0.548499,0.235068,1
user_34435,2021-08-22 01:01:00,15,6,3,0,3,1,11,18,5,16,12,6,1,4.80329,4.455844,0.788565,2.067335,3.781205,0.966638,0.870091,0.533694,0
user_34436,2021-09-22 00:51:00,49,10,9,4,2,3,14,1,6,16,3,2,0,1.795897,3.801645,1.511767,1.553119,1.527661,2.510045,0.943349,0.945474,0
user_34437,2021-08-04 06:14:00,43,5,17,5,9,0,19,4,7,7,0,2,0,2.799341,0.372024,1.151268,3.488145,1.536047,1.810366,0.928099,0.641049,1
user_34438,2021-09-26 11:17:00,42,18,15,0,3,1,5,9,17,19,9,6,1,2.427392,4.735328,3.25835,4.543641,3.018474,2.927879,0.590669,0.788069,0
user_34439,2021-09-21 13:50:00,36,10,25,1,10,3,9,6,6,3,14,1,0,1.524892,2.506122,2.59036,0.309382,3.798064,2.053008,0.811615,0.563323,0
user_34440,2021-09-22 09:58:00,18,6,12,2,8,5,18,2,7,7,11,2,0,4.031062,4.077648,2.58979,4.881884,0.683585,3.868288,0.577509,0.448925,1
user_34441,2021-09-25 23:44:00,3,13,28,0,6,3,7,6,11,13,10,5,1,2.373749,3.142741,4.786019,1.007361,4.471805,2.179401,0.965904,0.350006,0
user_34442,2021-08-25 00:09:00,35,3,10,3,4,1,6,0,18,16,1,2,0,4.698726,0.930275,1.666981,2.512002,1.214383,1.733051,0.517434,0.424914,0
user_34443,2021-10-24 16:29:00,14,11,12,1,3,4,0,10,9,2,3,6,1,4.332131,3.637542,3.72869,4.733287,0.599533,2.590132,0.608179,0.765281,1
user_34444,2021-10-17 06:27:00,17,3,9,5,9,0,16,10,12,0,8,6,1,4.377276,0.879914,3.670569,2.149655,0.734487,4.940819,0.945238,0.925194,0
user_34445,2021-09-23 18:46:00,26,9,14,0,10,5,10,1,3,7,6,3,0,2.223169,2.574198,2.17667,3.170167,1.29829,0.75932,0.327157,0.296029,0
user_34446,2021-10-05 11:11:00,49,5,29,3,10,1,15,6,5,15,1,1,0,1.371342,4.874213,0.341466,2.596831,4.489057,1.310441,0.549621,0.80809,0
user_34447,2021-08-10 02:25:00,50,19,18,5,1,1,17,19,1,7,9,1,0,1.791055,2.289586,3.484601,0.849077,3.510356,2.201527,0.902289,0.769129,1
user_34448,2021-10-11 21:32:00,8,17,20,0,2,4,1,12,19,0,4,0,0,1.728112,0.762326,2.999585,2.044428,2.260732,4.497535,0.917553,0.948596,0
user_34449,2021-09-18 09:42:00,31,3,27,4,10,4,2,2,9,18,8,5,1,1.332315,1.48578,4.256383,0.837801,4.390229,3.62599,0.572568,0.557285,0
user_34450,2021-08-26 02:22:00,30,1,2,5,9,2,14,2,4,13,6,3,0,4.243082,2.906654,3.036397,4.905568,4.71673,2.414228,0.704491,0.237458,1
user_34451,2021-10-16 21:27:00,39,9,7,4,1,3,7,6,12,11,18,5,1,2.359815,4.654562,2.931927,0.893626,4.38641,2.183767,0.538758,0.504271,0
user_34452,2021-09-18 14:52:00,16,7,4,4,6,4,17,11,7,6,20,5,1,3.096442,3.20555,1.067264,4.753076,2.457096,0.562527,0.994584,0.904338,1
user_34453,2021-09-09 04:34:00,4,8,21,5,8,5,18,11,7,3,2,3,0,3.991374,1.625431,3.511195,0.49043,2.245899,2.864066,0.875157,0.513065,0
user_34454,2021-08-08 07:39:00,32,4,16,1,4,5,8,7,10,11,20,6,1,0.894582,0.459003,1.560937,0.156327,4.837382,3.875617,0.690513,0.707613,0
user_34455,2021-08-12 22:55:00,17,4,15,0,9,4,9,15,11,20,15,3,0,4.513019,0.946999,1.793836,4.854143,3.272485,0.710507,0.477654,0.253518,0
user_34456,2021-10-03 07:04:00,6,18,2,3,7,2,7,2,1,17,12,6,1,3.349094,2.457824,0.412478,0.841351,0.824214,3.689117,0.701697,0.697572,0
user_34457,2021-09-12 17:27:00,9,17,8,3,0,0,11,6,11,15,16,6,1,3.7908,2.847521,3.275335,2.403553,3.764032,4.360926,0.639331,0.283816,0
user_34458,2021-09-14 18:26:00,11,2,3,2,6,1,5,20,10,19,16,1,0,1.911626,3.506888,4.184004,2.184812,2.175687,2.685471,0.958484,0.613503,1
user_34459,2021-10-06 20:00:00,23,10,19,4,8,2,12,5,8,8,1,2,0,3.76822,0.799958,3.382621,3.948794,1.884084,3.453551,0.91717,0.430539,1
user_34460,2021-08-23 00:10:00,40,20,18,3,8,0,14,3,20,10,20,0,0,1.766314,0.162162,0.248612,2.961054,2.485399,0.122288,0.883583,0.978292,1
user_34461,2021-08-14 20:28:00,14,19,21,5,4,3,9,3,9,9,7,5,1,1.217515,4.442121,4.613578,3.98834,2.603473,3.253654,0.953929,0.531361,0
user_34462,2021-09-01 22:40:00,1,20,4,2,1,1,11,4,15,1,14,2,0,4.940262,0.675891,0.20023,3.284715,2.857261,2.576721,0.585026,0.964383,1
user_34463,2021-09-20 07:22:00,9,14,8,3,10,5,3,20,8,4,9,0,0,4.461182,0.397885,4.175083,2.468077,1.707989,0.824705,0.809055,0.571027,0
user_34464,2021-09-09 00:33:00,27,7,25,2,10,5,7,13,5,15,14,3,0,0.438423,0.808548,4.300895,4.881088,0.693691,2.886089,0.901947,0.892604,1
user_34465,2021-10-20 04:23:00,30,8,21,4,1,4,20,7,12,18,11,2,0,2.310635,3.089629,0.147423,3.00626,0.833609,3.175818,0.722489,0.308031,1
user_34466,2021-08-14 11:40:00,21,15,13,2,9,1,12,2,15,5,16,5,1,0.479275,1.130575,3.39545,2.210024,1.487908,2.64892,0.358185,0.880868,0
user_34467,2021-08-21 11:22:00,46,16,18,4,7,0,12,15,10,7,12,5,1,4.9938,1.120356,2.873005,2.860719,3.665102,3.439726,0.766912,0.510186,1
user_34468,2021-08-26 00:33:00,39,1,11,5,4,3,9,1,12,11,16,3,0,0.958662,1.244595,0.472481,2.075213,2.928791,1.088609,0.360995,0.289249,1
user_34469,2021-08-20 21:36:00,12,4,1,0,2,1,20,4,8,0,8,4,0,2.716742,2.913999,1.438428,3.08558,1.343148,1.96512,0.821949,0.650488,0
user_34470,2021-08-24 07:22:00,30,14,5,5,0,3,20,4,18,11,13,1,0,2.766472,4.162338,4.794765,2.738642,4.468517,2.636261,0.344712,0.413064,0
user_34471,2021-10-09 15:21:00,15,17,27,3,4,0,20,4,19,18,16,5,1,1.474263,2.883301,2.363994,0.123381,0.884092,4.400555,0.231247,0.427101,1
user_34472,2021-09-24 12:58:00,17,17,5,1,7,2,12,17,1,13,2,4,0,0.126966,2.499778,0.256622,1.362055,3.588841,0.701364,0.338778,0.315703,0
user_34473,2021-09-03 13:29:00,10,7,28,5,10,2,12,5,19,5,14,4,0,4.723035,0.583533,1.119559,3.510275,3.304927,1.738013,0.366108,0.605897,1
user_34474,2021-09-30 19:21:00,42,9,26,0,2,3,18,0,1,10,5,3,0,4.815812,1.213462,0.963406,2.98682,4.919073,1.777559,0.561863,0.977658,1
user_34475,2021-10-24 22:29:00,47,3,16,2,7,4,14,1,1,7,13,6,1,3.631921,4.921128,2.556869,1.376375,0.134519,0.362348,0.987228,0.454523,0
user_34476,2021-10-20 09:09:00,3,6,22,2,2,3,8,18,16,12,11,2,0,0.484359,2.584329,4.565403,0.597624,0.457809,0.723878,0.654357,0.298286,1
user_34477,2021-08-21 21:30:00,29,11,20,2,2,5,10,12,8,7,10,5,1,1.385573,4.416454,3.513371,3.378703,3.656829,2.014196,0.538746,0.210164,0
user_34478,2021-10-19 12:14:00,26,14,13,2,3,1,13,10,16,4,1,1,0,2.944232,3.966062,4.728343,4.015714,4.613095,1.587158,0.953446,0.566906,1
user_34479,2021-09-06 16:27:00,49,1,9,2,10,2,20,3,17,10,5,0,0,4.148924,1.151502,3.914296,0.13553,1.578836,0.204247,0.91766,0.841483,1
user_34480,2021-09-20 13:45:00,13,5,10,3,2,3,7,19,10,5,8,0,0,1.197235,4.615139,3.807237,4.35193,1.348412,4.040748,0.649039,0.985623,0
user_34481,2021-10-17 15:51:00,7,2,29,1,9,5,9,17,14,18,14,6,1,0.314112,4.604607,1.78606,3.104711,1.558144,0.858725,0.604752,0.589239,0
user_34482,2021-09-14 11:34:00,42,20,30,4,2,1,11,19,12,15,2,1,0,3.601271,2.234507,4.846814,0.838024,3.730203,2.639847,0.481318,0.317207,0
user_34483,2021-08-25 02:50:00,1,6,22,5,9,4,16,20,13,10,18,2,0,4.340535,3.321557,3.115148,3.5184,2.767625,1.01357,0.292905,0.752268,0
user_34484,2021-08-08 05:39:00,7,7,8,4,2,2,1,15,12,16,9,6,1,1.552136,0.174473,1.911136,1.186744,4.771738,1.054542,0.50055,0.428468,1
user_34485,2021-09-10 09:48:00,26,13,6,5,8,3,18,15,10,13,14,4,0,4.052533,0.365172,3.776943,3.857272,2.875475,2.836345,0.780658,0.410745,0
user_34486,2021-10-25 12:16:00,10,11,18,3,9,3,12,4,14,19,12,0,0,3.895989,0.512527,2.042716,1.567353,2.789724,0.120235,0.420438,0.607671,0
user_34487,2021-08-07 04:58:00,8,16,7,4,1,0,20,12,0,6,11,5,1,3.266483,3.15076,3.907614,1.703381,3.558656,4.638583,0.704067,0.511812,0
user_34488,2021-08-23 16:07:00,31,0,29,4,2,3,8,15,5,0,8,0,0,4.802138,4.788711,2.638831,1.447919,0.789716,0.107942,0.224631,0.405343,0
user_34489,2021-09-17 07:47:00,8,1,29,1,8,0,15,0,18,8,1,4,0,0.291919,1.883387,4.468539,2.971531,4.869457,1.348224,0.72287,0.472304,1
user_34490,2021-08-22 04:41:00,19,5,1,5,3,3,5,6,19,6,20,6,1,2.402043,1.56381,1.512316,4.025281,0.889187,0.496952,0.97943,0.220486,1
user_34491,2021-08-20 19:02:00,7,5,15,2,10,0,15,14,13,5,19,4,0,1.930626,0.640332,2.632337,4.065486,2.011138,1.207927,0.479654,0.47371,0
user_34492,2021-10-19 22:33:00,40,5,12,4,3,0,18,5,1,11,12,1,0,0.72765,4.727415,3.169416,4.664744,3.838955,1.505444,0.942029,0.540977,1
user_34493,2021-09-26 04:28:00,26,1,1,3,10,5,7,9,4,7,9,6,1,4.264957,4.130442,2.4731,2.157094,3.442242,1.355032,0.29941,0.42287,0
user_34494,2021-10-01 00:13:00,5,15,5,5,6,2,15,4,11,13,5,4,0,2.681051,2.627741,2.398868,4.870469,0.502549,1.561592,0.977588,0.595504,0
user_34495,2021-10-24 00:21:00,21,12,14,4,10,4,15,16,0,20,4,6,1,1.867642,0.878921,1.011773,3.092018,4.69623,3.552632,0.68842,0.258905,0
user_34496,2021-10-17 22:08:00,39,4,18,4,0,1,13,19,2,9,12,6,1,3.604849,4.550724,2.793684,1.647467,4.904271,3.45995,0.68134,0.893483,1
user_34497,2021-10-03 21:55:00,18,12,6,2,7,1,20,20,7,18,2,6,1,2.447514,2.605865,1.417836,1.10853,3.829279,2.744604,0.331854,0.881711,1
user_34498,2021-09-02 06:23:00,20,8,13,5,1,3,7,17,9,20,1,3,0,3.696392,2.607599,0.156268,0.290787,0.128651,0.323421,0.657404,0.880348,1
user_34499,2021-10-15 20:22:00,49,20,8,1,8,0,5,13,2,15,10,4,0,4.191161,4.757698,1.35373,0.607766,3.900971,0.638193,0.974639,0.431551,1
user_34500,2021-10-15 06:35:00,44,0,16,5,2,2,10,2,0,3,2,4,0,1.991765,0.233698,3.382089,3.055698,3.952773,2.079923,0.717897,0.794527,0
user_34501,2021-09-11 03:56:00,8,14,3,1,4,4,12,2,1,9,14,5,1,0.398075,4.226437,1.689346,3.969672,0.882116,4.707674,0.87153,0.894636,0
user_34502,2021-10-14 18:25:00,22,4,7,4,3,3,13,1,8,1,18,3,0,4.940641,2.767617,3.357673,0.627389,4.99592,1.508605,0.960835,0.361105,1
user_34503,2021-10-16 07:23:00,19,6,4,2,9,2,17,18,13,11,11,5,1,2.314779,2.243815,3.41023,3.399743,2.435564,1.65936,0.693173,0.994223,1
user_34504,2021-09-21 03:45:00,2,13,30,1,3,0,10,17,16,16,13,1,0,0.328117,0.338131,2.251908,4.551821,1.827777,0.997498,0.901971,0.527548,1
user_34505,2021-08-14 03:28:00,7,9,15,3,7,5,14,12,5,15,12,5,1,3.686798,1.975939,4.003201,2.31235,3.176258,4.67668,0.321434,0.489993,1
user_34506,2021-08-14 13:33:00,21,5,7,1,5,0,16,13,10,1,8,5,1,3.974578,1.293353,1.736572,1.424891,1.22106,3.666441,0.896969,0.254691,0
user_34507,2021-09-15 21:31:00,35,19,28,1,10,2,4,2,9,18,9,2,0,2.315276,0.253724,2.043936,3.718605,2.093822,2.351569,0.300437,0.422723,1
user_34508,2021-10-24 13:42:00,5,9,11,3,4,5,11,12,14,0,3,6,1,0.29108,0.916244,4.39918,0.135524,1.08527,4.94682,0.529031,0.290438,1
user_34509,2021-10-12 21:10:00,45,20,15,1,1,2,20,7,5,19,3,1,0,3.220254,2.705024,3.005478,2.950647,3.811864,1.523144,0.314537,0.720866,1
user_34510,2021-09-23 18:01:00,45,1,14,4,6,1,20,0,15,1,2,3,0,2.173828,3.159158,2.055448,0.473705,4.678935,4.100745,0.859582,0.388088,1
user_34511,2021-08-30 08:23:00,46,0,4,2,7,1,4,0,5,18,9,0,0,1.332857,2.25882,2.053115,1.736733,4.252161,2.078447,0.980931,0.330282,1
user_34512,2021-10-11 20:03:00,43,19,3,2,7,5,12,2,11,10,9,0,0,2.370864,2.800859,4.218674,0.189471,3.480973,4.40222,0.309559,0.46867,1
user_34513,2021-10-13 13:01:00,4,5,9,5,8,4,0,17,19,4,20,2,0,4.81983,2.630432,3.102386,1.634439,1.342137,4.503507,0.347549,0.929047,1
user_34514,2021-10-01 23:29:00,19,17,4,3,10,4,20,16,13,12,8,4,0,3.191194,1.873012,4.042584,4.274565,3.27723,0.393108,0.712065,0.383744,1
user_34515,2021-10-13 23:33:00,3,10,10,2,9,4,19,13,6,3,15,2,0,4.025286,1.906403,0.780126,3.508647,2.410957,2.906998,0.213974,0.576038,0
user_34516,2021-09-24 21:48:00,10,8,4,1,9,4,5,6,3,13,9,4,0,4.310688,3.453923,1.686753,0.739698,3.348641,4.584065,0.860443,0.610229,1
user_34517,2021-10-08 09:00:00,10,1,13,2,4,1,19,13,9,5,0,4,0,2.380606,3.414143,0.463736,3.305485,4.032847,1.7187,0.942992,0.789569,0
user_34518,2021-10-18 23:32:00,36,19,29,1,8,5,16,9,12,13,8,0,0,3.147336,3.813038,2.60681,0.33285,4.153887,1.871153,0.491498,0.793977,0
user_34519,2021-10-27 17:25:00,25,2,20,3,3,3,14,1,4,18,5,2,0,4.350878,3.780793,2.545584,1.609959,2.352537,3.142447,0.584451,0.234625,1
user_34520,2021-08-26 05:48:00,18,11,2,1,1,1,8,7,16,0,4,3,0,4.2907,4.084812,4.008586,0.653601,4.857058,0.609402,0.715731,0.910514,1
user_34521,2021-09-19 12:03:00,43,13,16,1,8,1,2,8,9,5,4,6,1,1.16368,4.562026,0.165897,1.6374,0.475193,3.28314,0.455645,0.232756,1
user_34522,2021-09-29 06:53:00,22,19,28,2,9,4,18,6,4,20,6,2,0,0.737023,2.136833,1.717389,3.390576,4.04833,3.75091,0.335875,0.402412,0
user_34523,2021-08-03 04:40:00,28,17,23,5,5,4,3,2,3,14,11,1,0,2.985527,1.418864,2.743666,4.586886,4.570013,0.193136,0.47054,0.328147,1
user_34524,2021-09-18 09:46:00,2,9,19,4,4,4,6,8,14,18,10,5,1,2.01941,2.177929,4.177454,2.251121,2.506596,0.122367,0.751705,0.503637,1
user_34525,2021-09-21 19:11:00,33,13,18,4,1,1,18,13,18,2,11,1,0,0.220587,3.132832,4.353371,3.025438,3.493351,0.520964,0.253907,0.528916,1
user_34526,2021-09-14 23:29:00,26,10,4,4,4,1,16,17,10,9,1,1,0,3.895739,3.885384,2.22793,3.551287,4.81009,0.871932,0.653803,0.716614,1
user_34527,2021-08-11 03:49:00,14,8,10,1,0,3,20,5,5,19,14,2,0,2.299088,0.269798,3.139056,3.208273,0.557307,2.666254,0.947683,0.287904,0
user_34528,2021-10-20 12:01:00,36,15,30,2,10,4,18,16,11,13,19,2,0,0.803369,4.114555,3.386883,4.499167,3.159057,1.267895,0.332577,0.345114,1
user_34529,2021-08-03 11:22:00,10,11,22,2,8,2,5,10,1,16,5,1,0,4.557112,4.88402,1.174664,1.111202,4.259733,1.503457,0.307707,0.666686,1
user_34530,2021-09-27 08:01:00,8,10,24,4,8,4,0,8,9,16,13,0,0,0.249155,2.689454,2.567325,3.23737,2.35278,0.883392,0.312448,0.847849,1
user_34531,2021-08-18 21:05:00,36,2,7,4,3,1,17,11,5,1,11,2,0,1.202951,1.555339,3.197043,4.668028,0.801983,0.146066,0.256609,0.56392,0
user_34532,2021-10-18 17:13:00,48,2,6,3,10,5,2,16,0,8,1,0,0,3.034318,2.677589,2.392052,0.281826,4.325069,0.710539,0.489741,0.334912,0
user_34533,2021-09-13 08:13:00,13,11,10,1,2,0,6,14,4,11,20,0,0,3.60756,3.069114,2.69403,3.065483,1.258227,2.050259,0.833732,0.905467,1
user_34534,2021-08-15 08:59:00,13,2,27,5,3,5,18,16,18,14,5,6,1,3.399519,2.065992,3.210711,4.858494,1.862129,2.791492,0.799768,0.922843,0
user_34535,2021-10-02 09:32:00,13,8,2,5,10,5,20,7,14,13,7,5,1,1.817853,3.835682,0.703785,3.564952,0.393619,0.576539,0.431169,0.305195,1
user_34536,2021-09-02 14:06:00,44,14,13,3,1,0,3,8,13,17,5,3,0,4.316403,3.808753,2.676886,3.849887,2.798828,2.708261,0.200376,0.819757,1
user_34537,2021-10-29 08:20:00,27,4,12,3,9,0,4,15,20,13,7,4,0,0.65951,2.26779,3.86862,1.025778,0.363142,2.815419,0.78236,0.423439,1
user_34538,2021-08-16 21:21:00,18,11,23,5,9,2,3,7,10,13,11,0,0,3.083367,0.641389,4.568989,0.261793,0.824535,1.738705,0.755572,0.796076,1
user_34539,2021-10-26 19:23:00,27,16,12,3,2,3,16,10,11,18,20,1,0,2.69051,2.361596,3.812455,1.086777,1.690439,4.732823,0.756822,0.569835,0
user_34540,2021-10-04 04:31:00,41,6,29,0,6,5,19,18,3,0,0,0,0,0.507446,2.508194,2.050593,2.193052,0.150066,1.986584,0.484798,0.603856,1
user_34541,2021-09-27 04:14:00,46,4,5,4,9,3,4,18,3,11,0,0,0,3.192916,0.994194,3.681302,1.136134,4.382976,4.43619,0.77635,0.888957,0
user_34542,2021-10-18 04:31:00,45,0,14,1,5,3,9,18,11,16,3,0,0,0.723508,3.556958,4.798325,4.946387,1.149643,0.268601,0.766659,0.657244,1
user_34543,2021-09-29 00:01:00,14,7,17,5,1,4,10,15,5,15,17,2,0,0.260607,0.918456,2.422016,1.49045,2.629771,1.243623,0.917627,0.35263,1
user_34544,2021-08-19 13:37:00,23,0,2,1,6,2,6,6,19,15,5,3,0,1.234009,3.198631,1.887,2.001327,1.520119,1.292526,0.731614,0.234096,1
user_34545,2021-10-10 01:50:00,30,18,16,4,8,5,8,17,19,9,16,6,1,0.377066,1.154219,4.324083,4.951165,1.81384,2.81756,0.974515,0.923116,1
user_34546,2021-10-09 01:03:00,35,8,25,3,3,5,10,17,19,2,18,5,1,3.256024,1.131385,4.781085,3.575301,4.016017,4.791674,0.288606,0.868853,0
user_34547,2021-10-29 05:26:00,50,11,23,4,6,1,13,10,6,18,6,4,0,1.960958,4.970059,3.696548,0.53689,2.667007,4.90179,0.980608,0.940462,1
user_34548,2021-10-25 11:09:00,5,4,26,2,4,0,7,1,2,9,17,0,0,2.366806,0.469791,0.557516,0.130842,1.02374,0.97762,0.754085,0.619514,0
user_34549,2021-09-28 00:58:00,32,14,20,2,3,5,20,20,15,9,3,1,0,0.285676,2.716798,0.717392,1.496019,0.942301,0.627801,0.576752,0.607674,0
user_34550,2021-08-15 19:38:00,8,13,23,1,1,3,13,15,7,5,13,6,1,3.101736,3.671289,1.675691,3.550444,0.17765,2.723913,0.910624,0.419902,0
user_34551,2021-08-02 05:59:00,27,10,28,5,4,1,5,14,8,0,10,0,0,1.75944,4.353378,3.198691,0.303652,2.775603,2.223934,0.906731,0.426859,0
user_34552,2021-09-29 10:01:00,47,9,16,5,5,2,6,20,8,9,14,2,0,3.861614,1.178351,3.748721,1.902062,4.690694,4.621687,0.679826,0.4265,1
user_34553,2021-09-15 14:59:00,8,8,18,5,9,2,9,15,17,14,4,2,0,1.770569,0.497008,0.91113,4.458783,1.195728,0.849228,0.466238,0.694995,1
user_34554,2021-08-17 02:52:00,12,18,11,0,7,4,2,14,9,11,16,1,0,2.935588,1.644459,2.696993,2.027441,1.21075,0.975695,0.315902,0.656746,1
user_34555,2021-08-27 00:07:00,40,7,21,1,1,3,2,20,18,14,8,4,0,4.721576,0.458375,2.577962,1.812098,1.535195,0.518266,0.582311,0.421832,1
user_34556,2021-09-16 23:19:00,7,5,16,1,6,4,7,17,0,2,8,3,0,1.058275,2.187849,0.431904,1.811764,3.14345,4.671943,0.818173,0.472634,0
user_34557,2021-09-27 17:49:00,44,13,7,4,2,4,5,18,0,19,14,0,0,0.721352,0.310607,2.104737,2.90136,3.561121,0.976738,0.351348,0.598027,1
user_34558,2021-08-03 05:06:00,2,19,23,2,4,2,6,10,18,14,0,1,0,3.810908,3.852075,0.917289,2.343954,2.257896,0.661917,0.475358,0.658533,1
user_34559,2021-09-23 09:08:00,41,0,28,4,10,0,11,6,7,5,9,3,0,4.984262,3.321004,4.124868,2.676433,4.674636,0.557501,0.933849,0.546075,1
user_34560,2021-09-06 15:30:00,29,15,18,0,9,4,7,14,3,10,14,0,0,2.590165,1.449439,1.822536,3.45597,3.322697,2.630222,0.387377,0.468712,1
user_34561,2021-10-01 04:21:00,18,2,19,1,8,5,4,2,18,8,19,4,0,3.138612,4.980975,4.167674,3.743562,0.477723,4.658763,0.815537,0.709043,1
user_34562,2021-08-13 04:19:00,37,6,15,0,7,2,4,15,15,9,15,4,0,0.207102,4.476181,3.050467,1.173259,2.012679,4.452719,0.605377,0.630949,1
user_34563,2021-08-15 15:41:00,29,10,24,2,9,1,9,12,17,18,8,6,1,4.274435,3.191855,0.613143,2.224227,1.73188,1.799658,0.974757,0.82739,0
user_34564,2021-10-12 01:46:00,19,13,19,5,1,3,3,15,2,10,11,1,0,2.515506,1.101404,3.195626,2.371966,2.382929,3.238483,0.465651,0.949934,0
user_34565,2021-08-18 15:42:00,29,7,27,4,5,5,18,11,1,13,0,2,0,0.158468,0.284799,4.010688,0.977131,1.353004,2.314312,0.451772,0.633412,1
user_34566,2021-08-07 04:06:00,24,13,13,5,2,4,3,8,19,1,12,5,1,2.260286,4.273205,0.969135,1.277462,4.423605,4.874793,0.902739,0.790251,1
user_34567,2021-10-26 04:46:00,17,20,6,1,8,5,17,13,17,2,2,1,0,2.797083,2.676984,1.856219,1.892702,0.138902,2.398311,0.805641,0.4353,0
user_34568,2021-09-18 18:54:00,28,8,17,1,5,1,14,4,19,13,17,5,1,4.969948,3.491792,1.946547,3.482607,1.639955,4.969442,0.906901,0.96113,1
user_34569,2021-10-04 15:32:00,8,2,3,5,4,4,11,7,20,0,1,0,0,1.666559,0.143077,1.185181,4.216118,0.36908,1.745831,0.223994,0.410427,1
user_34570,2021-08-11 23:55:00,9,7,1,0,2,3,16,9,8,0,5,2,0,4.291848,2.900738,2.650456,2.973193,3.857955,1.204958,0.600906,0.512607,0
user_34571,2021-10-20 01:11:00,1,8,19,2,2,3,14,9,3,5,1,2,0,4.949383,0.347981,0.403366,0.462037,0.759283,0.756817,0.331616,0.917335,1
user_34572,2021-10-18 05:04:00,43,18,19,5,5,5,18,19,8,3,20,0,0,2.694466,2.022504,1.463318,3.937504,1.144605,1.736516,0.324597,0.434338,1
user_34573,2021-10-01 01:01:00,31,0,2,3,9,5,0,8,3,19,1,4,0,1.917301,0.696825,0.811372,4.918977,4.154247,3.831037,0.833091,0.553915,1
user_34574,2021-10-06 02:29:00,39,17,16,3,5,2,10,19,17,10,2,2,0,1.088913,1.095765,1.02765,0.539113,4.65218,0.692992,0.488496,0.396691,0
user_34575,2021-09-15 08:07:00,32,10,11,4,9,1,8,20,14,16,15,2,0,3.320183,2.117554,2.03497,0.29643,1.873174,0.885072,0.525367,0.830952,1
user_34576,2021-09-04 14:39:00,46,5,28,2,0,4,12,19,8,16,2,5,1,1.228549,2.593521,4.146551,3.385773,4.032286,2.224468,0.82193,0.91863,0
user_34577,2021-10-06 13:53:00,25,15,30,4,7,3,1,2,1,2,10,2,0,4.428922,0.553539,1.463317,1.806699,4.085735,1.975107,0.641089,0.286764,0
user_34578,2021-09-25 11:02:00,32,19,23,5,1,4,16,10,16,9,7,5,1,4.631166,0.280957,2.837559,3.844941,2.726462,2.160235,0.354327,0.896923,1
user_34579,2021-10-19 07:44:00,30,1,1,5,4,4,7,9,0,2,7,1,0,2.186507,0.602754,1.502458,3.044037,0.418463,3.71323,0.658975,0.781933,0
user_34580,2021-08-11 18:15:00,8,18,26,3,3,5,9,6,16,7,7,2,0,2.784819,1.656944,4.487096,4.611726,3.123013,4.638722,0.741792,0.633792,0
user_34581,2021-09-30 13:25:00,30,0,1,1,6,2,6,13,11,2,4,3,0,1.572232,1.892097,4.819098,4.331408,2.838476,2.53865,0.343952,0.822907,0
user_34582,2021-08-10 02:40:00,14,9,17,2,4,2,17,18,1,9,6,1,0,0.914547,3.87164,3.737154,4.821255,3.832361,4.975974,0.907502,0.26165,1
user_34583,2021-08-22 21:07:00,48,10,27,4,9,3,9,0,12,9,14,6,1,0.808207,4.954107,4.016487,2.890361,3.657024,2.518602,0.229464,0.880662,0
user_34584,2021-09-04 04:25:00,13,14,8,1,8,4,18,6,11,11,12,5,1,3.846383,4.677491,0.670831,0.662688,2.341537,4.597592,0.855049,0.923101,0
user_34585,2021-09-19 19:38:00,42,19,13,2,6,2,8,13,4,0,17,6,1,1.017671,4.033104,2.383114,0.21829,4.758052,4.979942,0.940215,0.436038,0
user_34586,2021-10-02 03:22:00,40,14,25,5,9,5,3,12,3,0,7,5,1,1.982574,4.049709,1.651479,1.644967,4.434843,3.423106,0.237089,0.592429,1
user_34587,2021-09-23 08:08:00,49,13,4,1,0,3,9,18,0,18,1,3,0,0.136552,4.619453,3.371935,3.10789,4.348986,3.192313,0.316872,0.493029,1
user_34588,2021-08-23 20:42:00,36,15,21,0,10,5,1,20,0,1,2,0,0,4.940865,1.289566,2.377356,4.885086,1.441479,1.946678,0.287419,0.531945,1
user_34589,2021-10-21 07:36:00,15,12,24,1,1,2,13,3,11,10,12,3,0,3.100594,2.496451,0.734229,4.754627,3.972298,2.112951,0.303245,0.459883,0
user_34590,2021-08-23 20:35:00,16,4,21,3,3,5,3,19,7,19,2,0,0,0.458367,4.46626,3.36837,3.320404,3.432058,4.102621,0.331199,0.872183,0
user_34591,2021-09-29 10:54:00,2,16,20,5,1,2,12,9,20,20,10,2,0,3.08276,2.533617,1.829019,2.823673,3.475533,1.404966,0.920479,0.831746,1
user_34592,2021-09-07 09:58:00,5,10,2,2,4,3,5,9,6,7,6,1,0,2.913392,1.292132,2.36186,4.369677,3.581133,2.725518,0.631964,0.906824,1
user_34593,2021-10-04 01:02:00,37,9,5,3,0,1,11,19,6,1,8,0,0,4.584144,3.64599,4.704467,4.455821,2.130817,4.762258,0.96751,0.336313,1
user_34594,2021-08-06 23:53:00,26,2,10,0,10,3,5,19,17,13,4,4,0,1.579571,3.053132,1.846423,0.558049,0.188386,3.012382,0.446339,0.624847,1
user_34595,2021-09-27 10:36:00,29,19,21,3,7,3,18,17,19,19,4,0,0,1.283762,3.777553,1.27167,3.45788,1.163786,1.815837,0.49871,0.355793,0
user_34596,2021-09-06 09:21:00,8,20,9,2,7,0,18,16,2,1,19,0,0,2.046867,2.958893,3.584693,3.511472,3.268855,4.233722,0.203947,0.699801,0
user_34597,2021-08-18 15:00:00,37,20,2,5,8,0,3,7,7,13,7,2,0,2.095911,0.546916,2.649298,3.729935,4.068932,4.393943,0.921056,0.553863,0
user_34598,2021-09-11 06:51:00,28,17,15,5,4,0,20,0,1,18,14,5,1,3.522861,3.859228,1.694137,2.492343,1.751562,3.405902,0.201954,0.837177,1
user_34599,2021-10-07 10:24:00,49,16,13,2,1,2,4,0,11,19,20,3,0,2.355257,0.492573,1.184784,1.763586,2.145109,2.168924,0.885892,0.688088,0
user_34600,2021-08-15 01:43:00,37,13,5,3,4,3,18,14,11,9,19,6,1,1.392168,4.224021,2.838321,2.976831,4.022249,2.99087,0.483717,0.830518,0
user_34601,2021-08-04 03:44:00,36,13,20,0,6,0,7,14,4,2,11,2,0,2.177131,4.488856,1.897895,3.507628,2.930273,4.126203,0.322773,0.918952,0
user_34602,2021-10-04 09:38:00,15,0,26,0,9,1,9,18,1,9,5,0,0,4.489148,1.409223,0.93902,3.302445,2.845568,4.631139,0.559354,0.602503,1
user_34603,2021-08-29 07:52:00,24,15,30,0,8,5,11,7,0,17,11,6,1,3.874437,2.50197,0.903309,1.971619,3.592928,1.847074,0.939067,0.537757,1
user_34604,2021-10-26 08:09:00,3,6,20,4,2,3,15,19,18,7,20,1,0,3.604726,4.673345,4.710117,4.331242,3.806112,0.410688,0.534928,0.6424,0
user_34605,2021-10-23 21:49:00,1,20,9,4,7,1,9,18,17,5,6,5,1,1.321652,2.276581,1.252651,3.60296,2.202586,3.720341,0.451401,0.28638,0
user_34606,2021-09-22 17:54:00,6,6,21,3,3,0,3,19,3,14,5,2,0,4.566791,0.466184,3.668623,4.963223,4.501285,3.059954,0.421255,0.423989,1
user_34607,2021-08-26 11:50:00,20,1,6,0,3,4,4,11,20,16,15,3,0,4.360125,3.129184,2.952157,1.916005,3.602174,2.602991,0.716786,0.221296,0
user_34608,2021-08-30 19:30:00,17,15,12,4,1,0,10,9,6,10,20,0,0,3.947734,0.103526,4.43956,4.919214,1.859769,1.477399,0.389702,0.245824,1
user_34609,2021-08-23 18:36:00,27,1,16,1,5,1,20,8,16,15,15,0,0,4.754266,2.133885,0.244252,1.115537,3.973607,3.564768,0.495383,0.551823,1
user_34610,2021-08-25 04:32:00,24,18,3,5,1,4,14,2,13,20,15,2,0,0.595905,1.087582,1.450455,4.307212,1.523528,3.627298,0.396501,0.447395,1
user_34611,2021-08-11 09:31:00,29,16,25,3,7,5,14,20,10,12,12,2,0,2.331055,2.343799,0.797404,2.705071,2.038573,2.514928,0.951627,0.329482,1
user_34612,2021-08-20 11:48:00,49,7,29,1,3,4,10,5,11,13,18,4,0,1.613509,2.222209,0.1161,1.2476,0.800815,2.975658,0.594034,0.837068,1
user_34613,2021-10-20 02:24:00,19,3,26,5,9,2,18,10,2,4,10,2,0,4.429894,3.730122,3.877078,0.336511,2.131966,2.085015,0.625104,0.455248,0
user_34614,2021-08-31 19:12:00,3,0,24,3,2,4,14,4,16,13,15,1,0,2.547757,3.614303,3.550453,3.822729,0.565723,3.601058,0.880337,0.227839,1
user_34615,2021-08-01 15:15:00,6,6,5,1,0,5,11,19,19,12,13,6,1,3.797642,1.429012,4.662057,3.54838,1.542148,4.03097,0.220065,0.547553,1
user_34616,2021-10-23 23:10:00,36,4,19,4,10,4,10,16,4,2,17,5,1,3.753934,3.346926,4.092838,2.73532,2.476137,2.568296,0.578413,0.380908,0
user_34617,2021-09-01 11:01:00,17,4,27,3,8,2,0,2,14,7,0,2,0,0.579978,4.624055,2.184508,1.431003,2.657197,0.411061,0.61421,0.276466,0
user_34618,2021-09-06 06:13:00,12,2,29,2,7,5,18,15,19,19,19,0,0,1.299018,3.815148,2.717228,2.58487,0.33419,1.369628,0.681688,0.278722,1
user_34619,2021-08-17 05:52:00,34,13,25,2,7,5,19,4,7,0,1,1,0,0.839921,2.838975,0.691069,4.760611,3.399787,1.506437,0.736291,0.332745,1
user_34620,2021-09-12 20:16:00,3,10,6,1,2,1,5,1,5,1,2,6,1,4.71638,4.561395,3.507234,3.262088,0.668923,4.12163,0.741697,0.602482,0
user_34621,2021-08-26 01:44:00,41,18,25,3,0,3,1,4,5,12,18,3,0,3.557048,3.533829,1.53791,0.434726,1.417131,2.301829,0.690564,0.576553,0
user_34622,2021-09-13 11:01:00,46,2,5,0,2,2,4,16,3,4,7,0,0,4.745855,2.592986,3.878438,2.307204,2.707626,0.359676,0.577207,0.674828,1
user_34623,2021-09-13 10:52:00,50,16,9,4,5,3,4,15,6,0,13,0,0,2.028358,3.108594,2.635789,0.86471,3.2207,0.941833,0.859393,0.448412,1
user_34624,2021-09-26 12:24:00,16,0,17,5,6,5,5,10,10,16,8,6,1,2.740281,2.10347,2.940571,3.541409,1.983534,3.326301,0.515909,0.786219,1
user_34625,2021-09-20 20:03:00,44,18,23,5,2,1,8,12,11,3,18,0,0,3.704056,3.7241,1.724228,4.999938,0.961846,0.185431,0.859988,0.655776,0
user_34626,2021-09-17 01:37:00,48,2,13,5,2,3,16,0,19,4,14,4,0,3.747067,0.350796,4.551089,2.855929,0.827638,2.987161,0.85579,0.80191,0
user_34627,2021-09-08 05:52:00,33,2,26,1,9,1,12,7,8,15,10,2,0,3.599391,4.476332,0.27141,3.632642,3.820294,2.550696,0.402084,0.748391,1
user_34628,2021-09-07 01:45:00,40,0,18,0,1,2,4,0,7,9,3,1,0,0.235837,4.642851,0.250131,4.891444,2.377726,2.376586,0.78802,0.254053,0
user_34629,2021-10-03 08:05:00,32,9,28,0,3,3,12,13,10,0,19,6,1,1.202964,2.268961,0.961667,1.197732,1.345339,2.315889,0.867293,0.610501,1
user_34630,2021-09-02 03:22:00,44,8,12,0,0,4,20,13,0,16,11,3,0,2.888518,4.522092,3.888058,4.189452,2.246806,1.750424,0.258946,0.83116,0
user_34631,2021-09-10 05:53:00,46,18,7,2,4,3,18,0,18,2,0,4,0,0.224732,2.377184,0.799536,2.530547,1.185867,3.210347,0.616314,0.691955,0
user_34632,2021-10-18 23:03:00,13,18,21,4,8,1,5,0,14,13,7,0,0,4.298853,3.781015,3.808111,2.555374,2.899241,2.062112,0.532903,0.249915,1
user_34633,2021-10-25 00:37:00,41,20,26,5,6,4,3,6,13,4,14,0,0,3.056844,4.636633,1.106256,1.592905,1.622052,3.670349,0.658825,0.325626,0
user_34634,2021-09-12 11:14:00,20,6,13,0,8,3,13,12,13,20,18,6,1,0.163246,4.779589,1.517154,1.397832,3.41255,0.67957,0.285189,0.768917,0
user_34635,2021-10-01 11:34:00,7,16,20,3,2,1,6,10,13,3,10,4,0,1.367128,2.356825,1.655011,4.191813,1.240495,4.117852,0.317772,0.769462,1
user_34636,2021-09-04 14:45:00,4,15,3,4,0,2,9,8,8,16,7,5,1,2.399379,2.519421,2.412321,4.39339,1.31908,1.840856,0.391515,0.93728,0
user_34637,2021-08-26 04:29:00,38,3,2,5,8,4,9,18,14,14,0,3,0,4.57269,2.962059,0.175086,1.097037,0.534919,2.750678,0.537259,0.716461,1
user_34638,2021-08-29 23:11:00,32,16,11,0,9,2,18,1,2,7,18,6,1,0.739302,3.783504,3.404509,1.133809,4.363111,2.993825,0.830892,0.284085,0
user_34639,2021-08-28 11:23:00,4,0,4,0,2,3,9,5,1,14,15,5,1,0.354951,4.932121,2.508355,0.203382,0.294181,0.544211,0.440781,0.740154,0
user_34640,2021-08-27 07:13:00,28,12,18,4,10,1,14,6,5,12,19,4,0,1.882001,2.235095,2.467133,1.979195,2.976083,3.649424,0.52432,0.75558,0
user_34641,2021-10-20 11:33:00,5,16,17,0,3,4,8,18,10,20,13,2,0,3.551508,0.856129,2.449984,4.061648,2.507486,1.126325,0.501816,0.534128,1
user_34642,2021-09-09 03:42:00,15,1,28,0,0,5,20,17,19,7,5,3,0,0.380054,2.386278,4.06079,0.422309,1.031704,1.592666,0.292375,0.624265,1
user_34643,2021-10-01 07:45:00,49,14,19,0,9,4,16,18,0,17,1,4,0,0.753715,1.143639,3.348191,2.687548,2.983428,4.289847,0.809705,0.200577,0
user_34644,2021-09-09 22:33:00,31,20,8,0,1,0,15,5,2,8,17,3,0,3.568973,4.999508,0.771863,3.355384,1.642551,1.685112,0.979191,0.535925,0
user_34645,2021-10-13 06:59:00,32,12,18,3,1,5,16,10,1,10,4,2,0,2.29838,4.692659,4.732909,3.852422,3.026996,3.520289,0.846303,0.988937,0
user_34646,2021-10-18 08:42:00,17,11,25,0,5,0,11,0,20,5,17,0,0,1.269995,3.944927,0.456614,0.343832,2.614674,3.824793,0.737539,0.622818,0
user_34647,2021-10-21 11:09:00,45,10,19,3,1,0,18,11,9,0,1,3,0,2.316964,4.25656,3.549034,2.463656,3.19194,0.748188,0.464052,0.222405,0
user_34648,2021-10-10 14:57:00,3,1,27,4,8,5,12,1,0,19,15,6,1,4.724743,1.432822,1.787067,1.917221,4.676876,0.346191,0.604696,0.985619,0
user_34649,2021-08-10 04:00:00,14,8,1,0,3,4,17,18,13,0,14,1,0,3.480719,1.668134,1.496583,2.783312,1.416612,3.933246,0.523955,0.39436,1
user_34650,2021-10-18 06:07:00,16,8,20,0,1,0,7,7,14,20,6,0,0,4.340914,3.706722,4.014255,2.754824,1.425972,2.742381,0.769481,0.457565,1
user_34651,2021-09-06 03:07:00,29,7,24,3,5,5,15,20,3,7,19,0,0,3.295893,3.716348,1.574609,4.555806,4.981304,0.126227,0.689021,0.761638,1
user_34652,2021-09-22 10:37:00,13,1,2,2,0,1,19,9,14,11,0,2,0,1.002204,2.872775,2.660588,0.911049,4.329493,1.389367,0.74407,0.369647,1
user_34653,2021-08-09 08:52:00,45,8,26,0,7,1,5,6,1,18,18,0,0,4.924639,0.260933,1.687183,0.903892,2.852604,2.810253,0.99945,0.20578,1
user_34654,2021-09-19 23:01:00,12,7,2,0,7,5,15,13,17,19,15,6,1,1.162324,2.263462,2.047414,1.743396,1.274545,4.089558,0.816976,0.525963,0
user_34655,2021-08-13 00:35:00,42,20,14,4,1,2,18,15,4,19,12,4,0,1.614735,0.303913,4.44566,3.522191,2.550711,2.68047,0.650962,0.569945,0
user_34656,2021-08-01 11:46:00,7,14,13,1,8,1,19,14,20,18,15,6,1,4.947608,3.063247,0.817941,1.08132,2.546492,4.366778,0.593681,0.572417,0
user_34657,2021-09-14 15:17:00,29,15,8,4,6,2,3,20,18,16,9,1,0,2.410525,2.288162,2.860416,3.25558,0.993776,3.029504,0.35464,0.560244,0
user_34658,2021-08-03 12:20:00,42,20,16,1,9,4,8,20,20,1,4,1,0,1.341098,0.265767,3.451852,3.425131,2.180928,0.768833,0.795345,0.232085,1
user_34659,2021-08-01 21:45:00,35,20,16,2,2,0,6,13,14,1,20,6,1,4.333597,2.448337,3.678582,1.290491,1.334158,4.006774,0.352008,0.520364,1
user_34660,2021-09-09 12:49:00,35,3,10,1,2,5,5,6,16,11,14,3,0,4.445175,1.657577,3.25139,2.100707,4.466243,2.392125,0.390501,0.382905,0
user_34661,2021-09-12 21:20:00,8,2,7,1,10,2,17,4,4,9,2,6,1,3.841839,1.891471,1.189485,4.76365,4.329563,4.66017,0.37376,0.67967,1
user_34662,2021-08-21 13:41:00,50,17,16,5,4,1,8,18,12,8,16,5,1,4.038407,2.003047,4.212896,0.11025,1.249064,3.308194,0.51855,0.929397,0
user_34663,2021-09-11 18:17:00,46,3,13,4,0,3,13,4,13,18,0,5,1,1.512736,2.924349,1.841266,4.969906,3.746328,0.158944,0.488633,0.429066,0
user_34664,2021-09-03 14:39:00,11,6,21,4,7,2,17,4,2,3,0,4,0,3.46411,0.639683,0.283877,1.524308,0.692624,2.390748,0.207017,0.665968,1
user_34665,2021-08-28 05:46:00,13,5,8,2,2,5,7,9,15,16,2,5,1,1.505506,4.615895,0.815113,1.098493,0.290915,0.741069,0.999447,0.758243,1
user_34666,2021-10-07 17:55:00,22,18,3,3,0,5,20,8,10,3,20,3,0,3.182833,3.428277,1.444581,1.836116,2.788807,0.427114,0.821519,0.374884,1
user_34667,2021-10-11 05:57:00,18,2,11,2,6,2,3,2,3,4,8,0,0,4.029562,0.440512,3.67048,0.837956,0.873463,3.0352,0.304555,0.96977,1
user_34668,2021-08-06 22:14:00,44,13,23,3,1,0,0,20,18,3,4,4,0,3.970704,1.763539,3.573147,2.624539,4.712132,4.648277,0.843338,0.457525,0
user_34669,2021-10-11 23:27:00,14,17,2,5,2,1,19,12,12,0,3,0,0,1.902878,4.617643,0.888148,4.665578,0.881409,2.232631,0.427626,0.540565,1
user_34670,2021-08-04 16:57:00,37,8,27,3,8,4,12,5,12,20,8,2,0,2.65703,4.343974,1.442276,4.334811,0.634181,3.309441,0.773821,0.25645,1
user_34671,2021-08-02 17:39:00,42,20,9,1,7,2,0,3,20,0,14,0,0,4.452861,4.089341,4.339346,4.858375,0.505624,2.696235,0.895242,0.802921,0
user_34672,2021-09-14 08:21:00,21,14,24,5,6,2,2,7,4,0,12,1,0,3.050817,0.418889,3.883479,4.536338,4.726493,1.467689,0.524913,0.20458,1
user_34673,2021-09-22 23:03:00,9,18,21,0,3,1,17,8,18,16,18,2,0,3.635394,0.243995,1.323594,4.732848,1.693543,4.213524,0.584195,0.797507,0
user_34674,2021-08-13 01:11:00,29,10,13,5,8,0,9,16,5,0,10,4,0,2.950964,1.476673,1.761079,3.182921,3.998386,1.677784,0.954288,0.430337,1
user_34675,2021-09-13 07:11:00,41,3,28,0,2,3,2,1,15,8,9,0,0,1.57529,1.571088,1.351439,4.305996,4.478488,4.210352,0.788115,0.440382,0
user_34676,2021-10-23 05:32:00,50,15,8,2,6,4,12,6,1,6,18,5,1,2.362039,3.438355,0.437971,4.557612,1.325751,2.69661,0.898049,0.849086,1
user_34677,2021-08-17 13:33:00,18,3,15,5,6,4,14,1,19,19,11,1,0,1.023279,3.217685,4.848809,2.73434,0.629932,2.313595,0.543991,0.377202,0
user_34678,2021-10-16 19:31:00,44,6,1,3,10,0,10,20,14,14,18,5,1,3.979541,2.973216,2.656315,4.454139,0.898357,2.4696,0.480934,0.451801,0
user_34679,2021-08-08 13:49:00,11,14,10,0,9,5,4,4,0,12,3,6,1,3.121758,4.472037,2.783375,3.516196,2.19838,1.675473,0.944939,0.866185,1
user_34680,2021-08-08 14:13:00,37,12,3,2,3,5,16,20,2,2,7,6,1,2.61167,2.429375,2.703845,3.426734,1.614354,2.316999,0.89177,0.566199,0
user_34681,2021-09-01 03:28:00,37,20,26,5,8,5,14,13,14,2,9,2,0,0.215686,0.594651,3.579346,0.185366,1.896399,4.973544,0.37886,0.443421,0
user_34682,2021-08-18 00:45:00,46,8,25,3,4,0,19,20,18,15,1,2,0,0.132171,3.573381,2.8968,1.016404,1.819728,2.640971,0.365342,0.352617,1
user_34683,2021-10-12 16:18:00,7,19,4,2,8,3,17,9,15,16,8,1,0,2.332152,3.504359,3.985232,4.037319,4.382735,1.65456,0.613882,0.510143,0
user_34684,2021-08-06 22:08:00,36,15,8,1,0,2,3,12,19,15,10,4,0,0.659721,4.759867,4.107586,2.824872,2.794933,4.819711,0.722333,0.248684,1
user_34685,2021-10-06 14:21:00,24,0,23,5,10,3,7,7,2,7,20,2,0,3.245406,3.787971,3.583626,0.673505,0.953373,1.921724,0.804115,0.222308,1
user_34686,2021-09-26 23:17:00,3,19,15,2,7,1,11,1,12,4,1,6,1,3.907301,1.214315,1.47321,3.842589,2.140795,3.406229,0.640099,0.482623,1
user_34687,2021-09-12 00:16:00,4,19,10,4,0,4,1,5,4,14,7,6,1,4.260337,3.644284,4.198099,3.173752,1.460133,1.640315,0.623146,0.637717,0
user_34688,2021-08-15 13:14:00,9,15,9,4,3,2,17,10,1,10,2,6,1,3.959361,1.487725,1.541014,3.461228,2.018102,2.413594,0.683013,0.215503,0
user_34689,2021-10-19 18:27:00,15,18,2,3,4,3,1,17,18,11,15,1,0,4.486551,1.784932,1.760982,1.781891,4.551855,1.294772,0.796036,0.662511,0
user_34690,2021-08-15 15:19:00,17,0,5,3,8,2,19,20,3,13,12,6,1,4.720286,2.985361,4.656519,2.463415,0.575373,2.459603,0.783728,0.882921,1
user_34691,2021-08-08 15:56:00,4,20,4,3,0,3,6,1,13,10,5,6,1,4.951452,4.94318,4.55789,0.654847,2.617065,3.797888,0.34893,0.404057,0
user_34692,2021-09-08 05:41:00,15,14,26,2,10,0,2,4,18,12,19,2,0,4.043404,3.953065,3.886974,2.327862,2.631845,1.32132,0.662175,0.658421,1
user_34693,2021-09-03 17:29:00,41,7,8,3,10,1,1,18,0,7,16,4,0,4.632133,0.254468,2.727606,4.749524,1.583664,2.174485,0.307289,0.546112,1
user_34694,2021-08-16 01:54:00,17,16,13,4,0,2,2,20,19,1,4,0,0,3.281213,4.44075,1.043511,3.962934,2.247261,0.745618,0.521924,0.560737,1
user_34695,2021-08-28 21:25:00,8,1,29,3,7,3,2,7,0,12,7,5,1,0.83953,2.801194,2.630443,4.337755,4.468003,0.531546,0.666076,0.557999,1
user_34696,2021-08-16 02:25:00,28,8,18,4,7,5,1,5,18,5,3,0,0,0.746347,3.91838,0.194868,1.839679,3.111799,2.717491,0.570505,0.826994,0
user_34697,2021-08-27 02:12:00,2,15,15,1,9,0,4,5,1,12,12,4,0,2.325314,4.702678,1.311499,3.347513,3.658199,0.585793,0.633252,0.832766,0
user_34698,2021-09-29 16:14:00,31,13,1,1,8,1,15,20,5,20,5,2,0,0.21513,1.321241,1.405857,2.127661,4.715357,4.901797,0.510496,0.735427,0
user_34699,2021-08-31 06:55:00,17,20,3,1,5,1,0,16,4,10,14,1,0,3.854294,4.372621,3.766431,1.742945,1.755488,4.202858,0.463134,0.698535,0
user_34700,2021-09-12 15:01:00,7,13,17,5,4,4,14,11,13,5,4,6,1,3.087778,2.35364,2.310088,4.085568,2.672248,2.927259,0.924518,0.570696,1
user_34701,2021-08-26 21:44:00,17,17,14,2,8,1,13,6,12,5,14,3,0,4.478547,0.238501,1.555717,0.687423,3.928299,4.565497,0.602302,0.621584,0
user_34702,2021-08-10 18:04:00,18,18,29,1,1,3,13,14,9,12,19,1,0,4.923606,3.014597,3.22971,2.008417,2.598357,1.443969,0.752656,0.570423,1
user_34703,2021-08-13 14:25:00,4,18,2,5,1,5,20,1,16,8,18,4,0,3.581998,3.540562,1.260178,2.863593,0.961578,1.111169,0.677888,0.878059,1
user_34704,2021-10-09 17:57:00,5,15,22,5,4,2,6,10,14,15,17,5,1,4.364299,0.474152,0.105546,3.049508,3.920041,3.718961,0.867849,0.25993,1
user_34705,2021-09-11 08:53:00,16,4,3,0,1,0,6,19,13,0,16,5,1,1.410078,4.109859,3.833797,2.054858,3.852055,4.587655,0.537444,0.984195,1
user_34706,2021-08-16 17:30:00,30,8,3,0,10,0,2,10,18,4,8,0,0,2.626187,2.634866,1.63258,1.645932,1.618122,1.724186,0.310912,0.273481,1
user_34707,2021-08-06 11:26:00,43,11,17,4,5,1,16,13,4,7,9,4,0,1.064871,3.037504,2.862465,0.675349,0.614303,3.787465,0.810826,0.214409,1
user_34708,2021-10-12 01:43:00,26,17,27,1,7,2,20,0,3,7,12,1,0,0.601421,3.178285,4.690767,3.190645,3.645384,4.611814,0.775923,0.265825,1
user_34709,2021-09-17 00:08:00,30,3,10,1,4,3,2,13,10,3,11,4,0,2.714033,0.677912,3.024748,4.517625,0.929742,1.803017,0.740319,0.739675,0
user_34710,2021-09-15 18:38:00,28,10,15,1,10,1,19,5,13,3,2,2,0,1.077912,2.025038,1.607949,3.367547,0.523889,1.625762,0.604185,0.811476,0
user_34711,2021-09-05 23:11:00,49,19,18,3,5,1,5,15,2,12,3,6,1,1.791993,2.39584,2.093607,2.427862,4.068183,3.423834,0.87317,0.733513,1
user_34712,2021-08-23 23:16:00,47,1,17,1,8,1,13,8,7,18,19,0,0,4.636447,1.04385,3.655677,3.031669,1.138633,2.175822,0.709458,0.744887,0
user_34713,2021-09-02 18:37:00,13,6,19,1,0,4,18,7,15,6,6,3,0,0.722629,4.862092,2.391781,2.266667,1.04563,2.365676,0.683318,0.833948,1
user_34714,2021-09-13 09:11:00,29,7,29,3,10,5,19,12,1,4,14,0,0,1.052969,0.343103,3.367312,1.596705,3.573784,4.433966,0.33796,0.4941,1
user_34715,2021-08-03 16:52:00,50,9,18,0,1,3,5,8,20,6,4,1,0,3.991351,1.39139,0.378909,0.899342,1.898129,3.070913,0.995933,0.832536,1
user_34716,2021-10-16 15:33:00,28,7,4,1,2,1,6,0,5,18,6,5,1,0.109095,0.370317,2.050782,3.672754,4.209787,3.104095,0.225439,0.886149,0
user_34717,2021-09-09 06:05:00,37,5,15,0,1,2,19,18,10,17,9,3,0,2.323217,4.707929,4.785315,4.068132,4.708577,1.874638,0.756587,0.383589,0
user_34718,2021-10-27 16:14:00,22,6,11,5,1,5,11,14,11,16,15,2,0,4.143784,4.320875,3.073253,2.159475,3.194835,1.552402,0.400817,0.312004,1
user_34719,2021-09-29 00:58:00,21,9,30,2,6,1,14,9,16,2,13,2,0,1.037822,2.486778,1.705204,4.09525,1.713275,2.000419,0.655336,0.359046,1
user_34720,2021-10-15 00:01:00,34,1,18,2,6,2,6,16,16,18,9,4,0,3.681862,2.808472,4.933853,4.601883,1.091198,2.13208,0.624966,0.348046,0
user_34721,2021-10-01 23:49:00,32,1,13,4,9,2,20,9,15,5,10,4,0,0.610343,0.663115,2.855058,2.188027,2.733188,1.910399,0.380502,0.710744,0
user_34722,2021-08-16 16:06:00,32,9,30,0,10,0,19,8,7,17,20,0,0,2.788254,2.124822,2.838432,1.162834,4.082709,4.031251,0.538358,0.876573,1
user_34723,2021-08-06 15:03:00,31,16,26,0,2,5,11,4,5,20,18,4,0,3.529023,0.331689,1.441857,4.62013,4.103785,0.533498,0.840529,0.732105,0
user_34724,2021-10-17 17:23:00,3,10,24,4,5,0,17,13,3,8,17,6,1,4.961832,4.25012,2.785626,3.05368,3.954741,0.237077,0.515667,0.549379,0
user_34725,2021-08-30 23:43:00,33,2,17,0,4,5,13,1,15,7,15,0,0,4.518274,0.487113,4.729242,1.719184,1.153847,4.842348,0.526965,0.865959,1
user_34726,2021-10-14 04:32:00,20,17,12,0,8,2,7,13,0,14,4,3,0,1.896572,3.683947,4.649041,1.490256,2.372328,0.322319,0.841836,0.917732,1
user_34727,2021-09-07 13:15:00,14,0,8,1,8,4,19,10,7,16,18,1,0,2.622839,3.626508,4.452812,3.815345,2.179199,3.242261,0.304757,0.571766,0
user_34728,2021-08-04 00:42:00,43,1,24,3,9,3,20,12,20,1,5,2,0,3.51337,0.913395,1.825779,1.52877,0.19905,3.10693,0.887945,0.510842,1
user_34729,2021-10-28 00:00:00,1,18,18,4,2,0,10,19,19,13,17,3,0,3.403283,2.604127,4.052747,2.725851,0.751318,1.138936,0.674794,0.836027,1
user_34730,2021-09-12 09:00:00,14,6,20,3,4,3,4,16,11,8,4,6,1,4.206144,0.175441,4.954619,3.946497,3.206401,2.825409,0.64666,0.501085,1
user_34731,2021-08-15 11:59:00,9,0,4,2,6,2,8,2,11,7,20,6,1,3.493762,2.111824,1.583578,1.691727,2.286626,2.892047,0.842285,0.246526,1
user_34732,2021-08-12 18:19:00,17,6,10,3,9,4,8,12,16,13,0,3,0,0.549655,1.910819,0.674892,1.770165,3.750154,2.05488,0.790355,0.624096,0
user_34733,2021-10-02 02:25:00,33,16,12,3,6,5,12,11,14,10,5,5,1,1.871289,1.732626,4.101868,2.130903,1.200144,2.80068,0.671896,0.702966,0
user_34734,2021-09-15 10:33:00,12,16,2,5,3,2,10,18,13,20,7,2,0,4.710922,2.943885,3.065806,0.123317,0.718773,3.40227,0.273643,0.939166,0
user_34735,2021-08-02 23:29:00,35,6,11,3,7,5,1,6,19,16,13,0,0,3.224641,0.149921,1.63925,2.9308,3.126549,4.531854,0.98789,0.622531,1
user_34736,2021-08-06 03:07:00,12,20,7,4,9,0,15,10,19,12,0,4,0,1.225813,4.06168,1.784904,2.749249,4.311807,4.913023,0.712547,0.52372,0
user_34737,2021-08-26 17:52:00,10,10,18,4,3,5,12,10,7,3,7,3,0,0.303693,2.140469,0.803952,0.756806,0.70682,1.599828,0.737663,0.359613,1
user_34738,2021-09-27 16:22:00,19,3,11,1,6,2,20,12,6,18,15,0,0,0.593423,3.579441,0.865709,0.648444,1.369734,1.97142,0.938147,0.532126,1
user_34739,2021-10-04 17:46:00,5,11,14,1,7,1,20,9,20,7,8,0,0,1.223531,2.43582,2.289751,3.499387,4.920352,3.589753,0.519929,0.219168,0
user_34740,2021-08-11 07:05:00,34,18,8,5,3,1,7,3,10,15,3,2,0,1.944689,0.467691,1.234335,2.346608,0.661575,0.246755,0.918672,0.916464,0
user_34741,2021-08-12 12:59:00,37,3,14,4,9,2,5,4,11,3,12,3,0,2.835569,3.284011,4.459578,3.871733,4.450604,3.34,0.564128,0.237953,1
user_34742,2021-09-16 15:55:00,47,10,22,0,6,3,4,16,18,7,4,3,0,0.767326,4.297142,3.73857,4.36776,2.415819,0.328802,0.788707,0.876725,0
user_34743,2021-09-03 21:49:00,28,3,3,4,4,1,9,14,10,7,5,4,0,3.183503,2.963213,2.855435,1.795974,3.296465,1.498152,0.218427,0.227619,0
user_34744,2021-08-22 19:01:00,44,14,10,1,0,1,5,12,18,20,18,6,1,1.411144,4.351432,4.622672,3.069681,1.386694,3.375851,0.984239,0.437922,0
user_34745,2021-08-25 16:09:00,29,15,21,0,6,0,5,12,7,3,16,2,0,1.710203,3.74709,0.853122,4.778773,0.517016,1.01579,0.81709,0.201921,0
user_34746,2021-10-28 16:57:00,47,10,11,2,9,5,17,0,10,14,8,3,0,4.59159,3.429419,1.145534,4.60229,1.465215,0.148923,0.467979,0.33402,0
user_34747,2021-09-05 15:07:00,18,20,15,3,9,5,10,1,0,17,12,6,1,3.85278,1.327078,1.545907,3.728463,0.450036,0.282615,0.349036,0.753648,1
user_34748,2021-10-04 08:54:00,38,13,21,3,8,1,0,18,3,7,1,0,0,2.104136,0.656822,1.874532,1.791769,3.957666,1.130955,0.648558,0.546223,1
user_34749,2021-10-29 03:29:00,23,15,25,0,2,2,5,5,15,13,12,4,0,0.640548,1.793688,4.574541,2.971084,1.350932,2.382575,0.710673,0.226716,0
user_34750,2021-08-19 03:11:00,37,1,22,2,4,2,0,11,13,1,19,3,0,2.89152,1.378707,3.639919,0.528107,4.358428,3.566449,0.60162,0.662815,0
user_34751,2021-09-28 12:01:00,15,11,8,4,10,0,7,12,16,6,19,1,0,1.847257,2.25594,4.490748,0.100592,3.075892,4.269075,0.407723,0.86203,1
user_34752,2021-08-24 23:33:00,42,19,10,1,9,5,11,17,15,15,0,1,0,1.156647,3.302304,3.015775,2.847104,4.185667,0.127375,0.953415,0.461003,1
user_34753,2021-10-26 01:30:00,46,19,14,2,0,0,15,2,19,12,19,1,0,3.429635,3.345899,3.284091,1.87646,2.806785,2.865975,0.848608,0.226988,0
user_34754,2021-10-04 01:32:00,9,15,19,1,3,3,7,10,20,6,19,0,0,1.172778,4.6051,4.510197,4.978368,3.038061,4.170657,0.977735,0.756599,1
user_34755,2021-10-19 11:04:00,20,6,19,5,8,5,16,2,4,12,9,1,0,4.930132,3.802364,2.397527,1.813714,3.944006,3.887716,0.901241,0.238458,0
user_34756,2021-09-16 20:00:00,44,4,6,2,3,4,2,17,0,17,16,3,0,4.650138,3.670072,3.897276,4.022463,1.587642,1.814625,0.291562,0.694733,1
user_34757,2021-10-06 15:14:00,37,3,24,5,2,0,7,10,13,10,20,2,0,3.176628,3.598991,4.669926,4.203582,0.450384,1.371056,0.734835,0.99607,1
user_34758,2021-09-12 14:30:00,50,0,24,2,3,0,5,6,12,18,19,6,1,2.76375,0.530326,1.995882,0.596727,2.48733,1.99837,0.491745,0.821176,0
user_34759,2021-08-23 02:57:00,25,0,27,0,5,5,15,4,19,6,9,0,0,0.567424,3.02679,2.872465,0.277018,4.592231,3.259547,0.207243,0.265864,0
user_34760,2021-09-25 01:03:00,38,19,19,4,4,2,12,6,15,11,2,5,1,2.578764,3.077239,2.129127,3.383933,1.923536,3.122093,0.520152,0.448003,0
user_34761,2021-08-19 04:14:00,7,3,28,2,4,4,15,10,17,18,13,3,0,2.508906,0.788415,2.740934,2.948948,2.28308,1.594872,0.872894,0.820242,0
user_34762,2021-10-26 22:28:00,13,5,4,5,6,5,0,17,0,3,14,1,0,0.245173,0.284565,1.473334,4.870453,1.315742,3.65216,0.873671,0.493974,0
user_34763,2021-09-07 08:00:00,41,6,22,3,3,3,11,7,16,18,14,1,0,3.306557,2.178515,0.567208,1.12365,3.764063,2.076119,0.696973,0.632623,0
user_34764,2021-08-05 16:19:00,21,1,26,1,2,1,19,7,9,17,18,3,0,1.534101,0.231938,2.846864,4.322746,4.99055,1.231776,0.652738,0.546078,1
user_34765,2021-09-11 01:50:00,34,2,22,1,8,4,15,15,17,13,2,5,1,2.808182,1.989878,1.458713,4.574491,2.456611,0.653879,0.438947,0.57298,0
user_34766,2021-08-06 08:32:00,43,20,16,1,2,0,11,5,12,19,12,4,0,1.660605,3.755798,3.236981,4.561316,3.640437,0.46566,0.980502,0.818425,0
user_34767,2021-09-06 12:09:00,14,19,28,0,0,5,1,19,18,16,19,0,0,2.990461,1.891628,0.598674,3.130899,1.263197,1.168236,0.423585,0.598539,1
user_34768,2021-10-19 03:48:00,14,11,22,2,2,4,17,2,20,1,19,1,0,3.248219,1.008109,3.730061,0.57328,2.412659,2.794946,0.916354,0.210156,0
user_34769,2021-09-18 04:10:00,13,19,8,4,8,4,9,13,19,10,6,5,1,0.887426,4.095397,2.925279,4.662971,4.251785,4.283431,0.545925,0.40697,0
user_34770,2021-09-06 02:16:00,50,19,22,2,0,1,3,7,6,18,20,0,0,2.929624,4.015986,0.424468,0.550275,0.935264,0.786532,0.611807,0.374138,1
user_34771,2021-09-09 02:48:00,7,20,8,2,3,2,2,0,1,13,18,3,0,1.006657,1.100138,4.461234,3.630429,2.982856,3.885366,0.822339,0.706356,1
user_34772,2021-10-21 05:42:00,20,7,10,0,4,1,2,17,18,19,3,3,0,3.874894,3.467156,4.550638,3.070038,1.263895,0.552304,0.451995,0.648581,0
user_34773,2021-09-19 22:03:00,13,7,24,0,3,5,9,17,12,2,12,6,1,1.226486,4.11947,0.408821,0.136498,3.527379,1.685501,0.794071,0.387679,1
user_34774,2021-10-14 19:27:00,35,0,15,4,9,2,19,9,14,14,10,3,0,0.318368,2.950558,3.581596,2.381236,3.032773,2.888239,0.499592,0.398081,0
user_34775,2021-08-29 19:16:00,33,3,2,2,5,3,7,13,2,5,11,6,1,1.666156,4.870844,1.925554,2.078785,4.306306,2.842214,0.938579,0.775149,1
user_34776,2021-08-25 13:41:00,38,13,17,3,4,0,9,1,2,3,3,2,0,0.890325,3.690828,4.562991,2.336435,2.522846,1.091325,0.405908,0.930645,0
user_34777,2021-08-15 13:32:00,27,4,22,1,8,1,4,19,6,0,16,6,1,2.837717,0.99226,2.462867,0.251257,3.317926,4.021193,0.60592,0.598245,1
user_34778,2021-09-18 21:20:00,2,13,30,0,4,5,9,11,19,4,18,5,1,2.577359,2.687314,1.056416,4.307067,2.881088,4.893586,0.774515,0.288431,1
user_34779,2021-08-07 04:20:00,14,5,22,1,1,0,6,5,1,1,12,5,1,0.957772,2.94696,2.207219,1.289605,1.391737,3.897944,0.444435,0.632498,1
user_34780,2021-08-31 12:00:00,16,9,10,4,3,4,1,5,9,17,10,1,0,2.301823,1.292655,3.528141,1.368085,2.770417,1.283063,0.584091,0.238723,1
user_34781,2021-09-04 01:24:00,34,13,15,3,5,2,12,17,0,6,13,5,1,0.845344,4.079353,1.525606,1.335061,4.188242,1.08511,0.65586,0.734322,0
user_34782,2021-10-04 15:07:00,2,13,21,2,2,0,8,5,14,7,7,0,0,1.378289,2.059692,1.16463,4.380752,1.553951,4.303253,0.853825,0.570416,1
user_34783,2021-09-22 11:49:00,37,12,18,1,6,3,2,11,9,13,15,2,0,0.915488,3.107552,0.178925,1.264527,4.414288,2.808129,0.707096,0.405096,1
user_34784,2021-08-31 21:09:00,16,10,11,3,6,0,12,2,19,8,18,1,0,2.926391,4.981435,0.807745,0.989534,1.31264,3.077382,0.869224,0.291765,0
user_34785,2021-09-28 12:26:00,26,2,16,3,3,4,6,16,10,19,17,1,0,4.446213,2.857411,3.80743,1.24956,1.079057,1.395684,0.434367,0.568211,0
user_34786,2021-10-20 05:00:00,18,2,13,1,1,3,3,1,12,9,11,2,0,3.595153,3.095982,3.700237,3.686695,3.602482,1.269095,0.988929,0.38748,0
user_34787,2021-08-19 06:49:00,39,8,5,1,3,5,15,10,20,18,7,3,0,3.206961,0.390627,0.595519,0.704028,4.854775,2.795254,0.201168,0.269505,0
user_34788,2021-09-21 12:55:00,47,17,25,0,9,3,12,3,6,17,16,1,0,0.179013,4.828025,3.718645,0.708346,0.376509,1.570569,0.537331,0.832467,1
user_34789,2021-10-12 13:47:00,17,0,19,1,3,4,1,19,14,2,5,1,0,4.626123,1.77563,4.643,0.638877,3.460007,2.149314,0.882055,0.723104,0
user_34790,2021-10-19 10:21:00,45,6,27,3,6,2,5,10,9,11,11,1,0,2.063673,1.57644,1.17742,2.451199,4.496911,4.613255,0.754274,0.820888,1
user_34791,2021-08-25 16:24:00,44,9,21,0,2,4,20,12,4,10,5,2,0,3.512557,2.882656,0.211794,1.122784,2.516138,1.639998,0.435929,0.824976,0
user_34792,2021-08-28 20:39:00,21,8,13,4,8,4,2,2,8,15,4,5,1,3.875532,1.556861,3.615554,0.763137,0.170022,3.718906,0.318998,0.647877,0
user_34793,2021-10-02 05:56:00,31,15,16,1,10,0,3,18,12,7,8,5,1,0.652236,0.701533,1.1927,4.140523,2.814838,0.927635,0.923681,0.449907,1
user_34794,2021-08-29 13:48:00,37,2,22,0,8,2,17,10,13,15,15,6,1,0.269379,4.328094,2.484034,2.313763,4.935641,0.93864,0.866284,0.488563,1
user_34795,2021-10-28 12:59:00,32,12,2,1,2,3,6,15,17,19,16,3,0,0.969291,0.84551,4.210046,2.287269,3.054178,3.134105,0.899399,0.237061,0
user_34796,2021-08-11 02:46:00,33,8,14,5,0,5,18,15,8,15,19,2,0,1.411534,1.955774,0.591524,1.395051,4.09537,2.287575,0.39505,0.917658,0
user_34797,2021-09-26 23:30:00,15,4,6,4,5,3,4,7,6,18,17,6,1,1.618094,3.105337,4.714348,0.56103,3.976957,0.914716,0.668056,0.349254,1
user_34798,2021-09-17 22:14:00,31,4,16,4,0,4,15,2,0,10,12,4,0,0.485846,1.96157,1.121641,2.58526,1.906918,3.763151,0.201524,0.542627,0
user_34799,2021-09-22 05:29:00,23,8,27,2,3,0,18,17,17,20,13,2,0,4.284498,4.557195,3.805958,3.070565,3.10325,1.671696,0.765693,0.628371,1
user_34800,2021-08-16 19:58:00,36,1,24,0,7,1,12,3,13,14,6,0,0,3.11698,2.054241,0.704053,0.76427,0.619975,2.615008,0.342161,0.246826,1
user_34801,2021-08-08 22:39:00,41,16,11,2,10,0,19,6,9,6,19,6,1,4.858233,0.931027,0.856592,0.228974,1.534538,0.864389,0.513605,0.850651,0
user_34802,2021-08-16 02:29:00,49,17,18,2,10,3,18,0,19,5,3,0,0,2.237825,2.735789,4.11806,4.326828,3.491611,2.802626,0.692774,0.928029,0
user_34803,2021-10-25 04:22:00,28,9,22,3,2,4,16,14,9,1,2,0,0,4.858895,3.525499,1.891738,0.175396,3.936778,0.235327,0.701034,0.89651,1
user_34804,2021-10-07 22:06:00,6,3,13,4,8,1,14,6,0,19,10,3,0,4.305632,2.882807,3.855523,3.470408,4.687532,3.949149,0.274885,0.731057,0
user_34805,2021-10-07 15:31:00,44,16,16,3,0,1,0,0,11,14,5,3,0,0.979196,3.41999,3.612424,4.108242,0.506809,0.189017,0.997815,0.789295,1
user_34806,2021-08-28 21:34:00,30,14,25,1,5,2,15,13,18,15,17,5,1,0.171887,4.879401,3.860577,4.410506,0.782001,4.741393,0.931521,0.592202,1
user_34807,2021-09-13 07:47:00,48,0,14,2,0,4,0,8,6,3,4,0,0,2.657169,2.832282,1.125191,1.553972,0.772611,2.21479,0.788721,0.971803,0
user_34808,2021-08-30 09:56:00,16,3,23,5,2,1,3,17,5,17,7,0,0,3.478036,3.666969,4.211426,3.976756,3.08565,3.705892,0.933231,0.428957,1
user_34809,2021-10-29 17:26:00,20,7,22,3,7,5,15,8,14,19,17,4,0,1.169241,2.981891,2.453447,4.005965,2.996107,0.308935,0.460903,0.972202,1
user_34810,2021-09-30 10:33:00,26,8,2,4,4,1,1,16,10,13,8,3,0,1.512798,2.776921,4.228431,2.033434,4.149604,3.136016,0.813779,0.819362,1
user_34811,2021-10-18 23:01:00,31,5,16,5,4,0,3,7,7,8,3,0,0,0.649207,2.585648,3.424414,3.850948,2.768088,0.438442,0.580391,0.773025,0
user_34812,2021-09-18 12:37:00,11,12,30,1,6,5,4,3,11,16,20,5,1,1.824866,0.368599,3.673555,4.491256,3.830099,4.358216,0.84059,0.228049,1
user_34813,2021-10-11 23:38:00,46,4,6,5,4,3,10,18,6,7,20,0,0,1.997885,3.789966,2.940863,0.877114,1.354549,4.791434,0.96955,0.418128,0
user_34814,2021-08-31 06:50:00,50,7,13,4,4,2,0,7,3,13,2,1,0,1.196515,3.495764,3.707928,3.026823,0.806492,4.418723,0.353478,0.726536,1
user_34815,2021-08-08 23:19:00,6,12,12,5,3,3,8,4,4,3,4,6,1,1.475848,2.176345,1.773733,3.292633,0.503388,1.545948,0.664091,0.768213,1
user_34816,2021-09-11 10:39:00,44,13,8,3,0,2,13,2,5,4,18,5,1,2.747993,4.502343,4.371391,3.093981,1.581323,1.167021,0.249074,0.72471,0
user_34817,2021-08-07 01:00:00,44,1,16,4,6,4,8,13,19,8,1,5,1,2.336431,2.950036,4.035323,1.458135,2.947181,0.188751,0.513581,0.344509,1
user_34818,2021-09-27 12:56:00,27,6,24,4,8,0,6,3,14,9,9,0,0,1.865762,2.803045,4.341482,1.429679,4.100791,3.805266,0.619734,0.984231,0
user_34819,2021-09-29 07:42:00,28,5,21,3,4,0,8,8,16,17,17,2,0,4.071427,4.617304,3.420104,3.060479,2.581062,4.381192,0.842969,0.681125,0
user_34820,2021-10-13 16:09:00,3,6,4,4,9,3,13,6,19,1,1,2,0,3.423648,1.529642,3.218163,3.144176,2.128149,3.855234,0.209061,0.319499,1
user_34821,2021-10-16 01:49:00,50,14,8,4,7,1,11,8,5,4,0,5,1,3.046303,2.837235,4.817742,3.1662,0.300993,1.819542,0.262666,0.394031,0
user_34822,2021-08-12 12:19:00,25,11,30,3,3,3,8,1,5,2,8,3,0,2.586559,4.79355,2.824722,1.130503,1.964256,3.810205,0.837198,0.998317,1
user_34823,2021-08-29 18:44:00,35,20,2,3,3,1,1,0,8,2,18,6,1,3.069882,2.291251,2.9678,4.878344,2.382387,4.158464,0.403077,0.857973,1
user_34824,2021-09-20 13:43:00,44,9,5,5,2,1,1,6,4,7,6,0,0,4.686201,4.833232,4.806445,1.631906,1.270112,1.4611,0.416226,0.25758,0
user_34825,2021-08-30 14:15:00,2,16,19,3,10,2,10,18,3,19,0,0,0,2.076314,0.425712,0.508533,2.523198,2.848785,4.465711,0.582496,0.72194,0
user_34826,2021-08-11 13:18:00,25,0,26,1,0,4,13,10,1,11,18,2,0,3.835323,2.153956,4.325846,3.515359,0.841378,4.979244,0.955915,0.486759,0
user_34827,2021-09-16 00:38:00,3,11,17,5,7,4,7,17,11,1,7,3,0,2.179372,2.228037,1.850294,0.191427,4.151673,4.363493,0.437128,0.901882,0
user_34828,2021-10-26 23:34:00,42,18,4,5,8,0,20,17,17,12,6,1,0,3.132096,1.580446,4.315707,2.248245,1.99162,4.822609,0.663716,0.759978,1
user_34829,2021-09-25 16:52:00,37,18,27,0,9,0,12,2,5,15,10,5,1,2.465661,0.732035,3.156152,3.090138,3.912007,1.86664,0.765378,0.945384,1
user_34830,2021-08-11 01:28:00,10,9,29,4,1,5,16,3,7,8,5,2,0,1.304449,1.445322,0.458769,2.057039,3.827576,3.716434,0.572383,0.86838,0
user_34831,2021-10-14 18:17:00,10,10,2,1,3,2,16,2,9,2,0,3,0,4.655107,3.885339,1.864611,4.960312,1.456538,4.487144,0.578011,0.581875,0
user_34832,2021-10-06 10:22:00,45,14,26,2,4,1,15,3,20,4,8,2,0,3.589437,1.231721,3.355605,3.141405,1.932648,1.950117,0.514687,0.466065,0
user_34833,2021-10-07 10:29:00,24,13,5,1,7,3,18,9,15,12,17,3,0,1.451498,3.36633,0.621905,4.487966,1.282196,2.997981,0.497556,0.281223,1
user_34834,2021-08-15 00:44:00,30,19,9,1,9,5,20,13,15,19,2,6,1,3.375754,4.824792,3.770983,3.444981,0.502115,1.306948,0.672657,0.502119,1
user_34835,2021-08-28 00:16:00,47,18,4,2,10,3,12,2,3,15,4,5,1,3.93794,0.150919,2.379772,0.718116,1.040858,0.230912,0.420648,0.462978,1
user_34836,2021-10-10 20:59:00,36,18,21,1,3,3,8,0,8,5,7,6,1,2.881348,0.114212,1.530392,3.836819,1.146442,4.219408,0.500856,0.714609,0
user_34837,2021-10-19 13:56:00,1,19,22,2,3,5,20,3,16,5,0,1,0,4.906502,3.816589,2.037976,3.156924,1.806348,4.423002,0.213026,0.829693,0
user_34838,2021-09-24 15:07:00,50,3,2,2,9,4,13,14,18,18,0,4,0,2.991138,2.251926,2.249289,2.11407,4.283981,0.186839,0.367756,0.208662,1
user_34839,2021-10-23 14:14:00,2,18,4,5,2,1,8,17,7,10,7,5,1,1.185884,0.800387,3.731814,2.591659,3.336114,1.158727,0.699446,0.283974,0
user_34840,2021-09-10 15:53:00,11,4,3,5,10,3,15,1,5,2,9,4,0,1.802185,2.902965,2.409493,1.843327,1.851327,2.880524,0.351578,0.436207,1
user_34841,2021-09-07 05:27:00,11,18,20,3,1,4,5,1,10,2,20,1,0,3.025082,1.786228,1.259224,4.367966,0.286638,3.772949,0.30662,0.565538,1
user_34842,2021-10-01 03:13:00,25,18,1,1,4,0,8,19,20,5,7,4,0,2.136146,3.120441,4.9515,1.6146,2.852846,3.127845,0.966628,0.752736,1
user_34843,2021-08-01 10:08:00,45,16,30,1,6,0,18,12,11,5,12,6,1,0.894331,3.494301,1.56399,1.543572,1.388896,1.002949,0.292176,0.903518,1
user_34844,2021-09-01 03:53:00,49,7,26,5,8,4,10,15,5,18,14,2,0,3.326086,2.742346,3.564372,3.878966,3.988111,1.014369,0.828597,0.658531,0
user_34845,2021-09-26 18:38:00,17,1,26,0,1,0,20,13,12,15,16,6,1,0.620487,0.636166,2.362218,3.393267,1.089901,1.399888,0.805287,0.209192,0
user_34846,2021-09-14 01:32:00,38,18,3,0,10,4,0,15,8,12,18,1,0,4.058376,0.113909,1.022805,3.109311,1.544601,3.654995,0.917169,0.40123,0
user_34847,2021-10-28 15:43:00,14,0,19,3,5,0,17,9,9,1,17,3,0,1.236278,2.108444,3.240535,4.757987,4.602767,1.149828,0.668847,0.463858,1
user_34848,2021-10-05 22:50:00,13,12,7,3,6,5,3,6,3,5,0,1,0,2.18499,3.264247,0.70243,2.20611,1.467938,2.58464,0.493316,0.971743,0
user_34849,2021-10-25 12:30:00,44,1,30,4,6,3,5,3,12,8,11,0,0,1.686268,2.005976,4.002893,4.557753,0.314334,4.845457,0.20075,0.699667,1
user_34850,2021-10-17 13:39:00,25,17,3,1,1,5,7,15,4,6,19,6,1,4.045641,2.247069,4.836082,2.287704,3.437043,0.607114,0.299581,0.501026,1
user_34851,2021-10-10 20:46:00,47,13,29,4,10,0,4,17,6,5,9,6,1,4.770611,1.18737,1.852594,0.190861,4.688898,1.795891,0.270724,0.522328,0
user_34852,2021-08-13 11:30:00,50,1,19,4,5,3,6,1,13,19,1,4,0,1.035562,4.811969,0.856324,2.523812,2.691023,2.702204,0.775125,0.632687,0
user_34853,2021-09-20 18:01:00,34,10,13,1,6,5,20,19,9,14,5,0,0,4.182444,4.549221,2.876699,4.862733,2.4913,4.322856,0.68624,0.686504,1
user_34854,2021-09-06 12:25:00,12,10,20,1,4,1,8,0,0,20,18,0,0,2.145169,4.935233,2.828965,3.080227,0.947016,3.157926,0.917743,0.314643,0
user_34855,2021-08-09 14:15:00,4,5,10,0,1,3,8,17,9,8,7,0,0,0.288975,1.382214,2.793291,2.169448,3.291174,3.454793,0.573675,0.473887,1
user_34856,2021-08-21 15:35:00,44,10,11,5,8,4,7,11,18,12,2,5,1,1.098926,1.384253,3.286504,4.054843,2.80885,1.777429,0.527051,0.558759,1
user_34857,2021-08-01 05:15:00,44,2,10,2,10,2,0,7,16,13,12,6,1,3.885181,3.237312,3.29299,1.640245,2.819516,2.254826,0.660471,0.260796,1
user_34858,2021-08-24 10:05:00,9,13,3,4,8,5,18,0,15,17,18,1,0,1.41586,0.574282,0.619109,4.260856,4.47786,0.987838,0.264037,0.766407,1
user_34859,2021-09-21 12:43:00,12,2,6,0,8,0,8,2,12,12,5,1,0,0.25176,4.151074,1.654861,3.416897,3.527565,0.696836,0.390117,0.547936,1
user_34860,2021-09-05 13:27:00,49,8,4,5,7,0,17,20,13,15,19,6,1,1.548732,4.259629,4.3932,0.19706,0.444842,3.782357,0.804985,0.418717,1
user_34861,2021-08-07 11:46:00,21,11,29,0,8,3,15,18,10,11,15,5,1,3.872721,0.726522,0.580017,2.684672,2.779769,0.954216,0.714317,0.570575,0
user_34862,2021-08-24 10:02:00,44,4,8,3,4,5,20,13,20,15,1,1,0,1.96911,0.332896,4.711698,1.372316,1.113487,1.292422,0.250353,0.270847,0
user_34863,2021-08-13 18:42:00,37,18,2,1,5,3,6,7,9,3,4,4,0,1.001298,1.133055,1.764827,4.227075,2.946565,2.323927,0.728689,0.617324,1
user_34864,2021-09-15 09:18:00,15,0,22,5,5,4,18,16,13,3,10,2,0,2.07648,0.661467,1.132413,0.290924,4.910181,1.725073,0.834514,0.676092,1
user_34865,2021-10-26 17:28:00,35,9,11,2,1,0,13,3,13,6,20,1,0,0.951423,0.954526,3.294081,0.913071,0.795773,4.427518,0.321511,0.288538,0
user_34866,2021-10-21 08:50:00,13,2,1,2,10,1,14,16,12,5,4,3,0,3.816061,0.64715,2.731076,0.656979,1.951527,2.427148,0.370797,0.690782,0
user_34867,2021-09-04 11:05:00,21,9,5,3,10,2,11,20,0,7,16,5,1,0.171528,1.518422,4.549578,1.400687,3.688561,4.636001,0.609971,0.400006,0
user_34868,2021-09-13 09:30:00,20,2,4,0,7,0,18,10,11,17,6,0,0,0.954257,3.009061,2.564407,4.310108,2.189683,2.833907,0.867881,0.683009,1
user_34869,2021-09-08 17:01:00,11,4,11,5,5,0,14,12,3,12,7,2,0,2.333111,0.799908,2.819255,3.617473,4.214809,4.914052,0.547038,0.980301,1
user_34870,2021-08-25 11:14:00,21,0,17,5,9,5,4,11,4,3,15,2,0,3.027421,1.466373,4.246701,0.799641,4.991225,1.979931,0.469262,0.659095,0
user_34871,2021-10-26 16:44:00,32,13,3,0,2,4,4,6,18,14,12,1,0,4.83673,3.788571,1.157596,0.910184,4.990451,4.737108,0.942622,0.725745,0
user_34872,2021-08-08 15:29:00,3,19,23,3,7,4,16,16,6,10,9,6,1,3.231742,3.566531,1.525764,3.794505,3.785011,4.399418,0.812903,0.416239,0
user_34873,2021-08-24 09:07:00,27,9,1,3,10,2,16,11,9,1,4,1,0,0.843214,3.760251,4.131794,3.452415,1.845472,4.890805,0.553838,0.607237,1
user_34874,2021-10-14 16:40:00,30,2,24,3,6,2,19,6,19,4,4,3,0,1.35623,0.901631,2.259,2.577399,3.266632,1.593396,0.616304,0.45226,1
user_34875,2021-10-17 06:48:00,27,7,18,4,10,5,10,17,18,9,8,6,1,1.040667,2.803697,0.249883,0.391062,2.814744,0.931439,0.892675,0.366762,0
user_34876,2021-10-12 03:39:00,30,19,18,1,0,0,9,17,10,3,0,1,0,2.17573,1.675469,3.026747,4.289541,4.206144,2.292663,0.371492,0.704209,1
user_34877,2021-08-07 04:53:00,15,13,2,4,8,4,12,10,12,1,18,5,1,3.534719,4.348662,1.032346,1.427242,1.412958,3.763804,0.769693,0.301735,0
user_34878,2021-10-05 15:57:00,47,3,8,0,4,1,13,7,13,20,11,1,0,4.403409,3.882027,1.681417,3.915067,1.475684,4.477226,0.43719,0.527252,0
user_34879,2021-10-19 03:11:00,49,19,27,5,10,0,8,18,1,9,20,1,0,2.810952,4.926067,0.96337,0.940213,4.579385,0.728201,0.398463,0.645671,1
user_34880,2021-08-10 21:38:00,9,2,7,2,2,5,14,5,7,0,1,1,0,3.527839,0.375267,1.754835,2.991375,3.08324,2.285383,0.8408,0.645372,1
user_34881,2021-08-03 04:52:00,19,0,6,3,5,0,5,15,11,14,10,1,0,4.301164,2.452393,2.794356,1.190708,3.331783,0.502294,0.573772,0.407012,1
user_34882,2021-09-20 18:27:00,1,9,2,4,5,0,5,0,10,13,1,0,0,2.306053,2.272378,2.866297,3.161671,0.836156,2.431745,0.400868,0.632536,1
user_34883,2021-09-07 08:44:00,34,18,21,0,2,2,16,10,7,9,11,1,0,2.871491,2.791871,2.99084,2.452,2.060435,1.162266,0.926898,0.999277,0
user_34884,2021-08-27 11:33:00,34,5,9,0,2,0,18,19,7,7,18,4,0,3.177879,0.157359,4.979334,2.977646,4.59221,0.935093,0.869352,0.504446,1
user_34885,2021-09-17 15:50:00,31,19,17,3,7,4,18,4,3,16,11,4,0,2.312409,4.607203,4.043195,0.550343,0.421244,0.781526,0.521778,0.886157,0
user_34886,2021-10-19 22:09:00,23,12,6,5,10,2,7,2,15,3,13,1,0,4.760543,1.736148,0.999659,3.97211,2.00323,2.838671,0.94442,0.325514,1
user_34887,2021-09-29 12:20:00,38,17,19,2,4,4,7,17,15,0,9,2,0,1.93183,3.175312,3.706532,0.232544,4.37111,2.498446,0.675221,0.976116,0
user_34888,2021-08-21 18:35:00,17,3,22,5,2,4,12,7,17,17,14,5,1,4.086135,0.142537,0.793434,1.500992,3.39847,1.575511,0.779799,0.670272,0
user_34889,2021-10-25 17:24:00,31,19,29,5,2,5,9,3,1,8,1,0,0,0.38091,0.776328,2.59848,1.610365,2.522695,0.445903,0.777598,0.804994,0
user_34890,2021-09-15 00:49:00,2,18,26,5,6,3,11,13,6,3,9,2,0,2.851275,2.956086,0.821013,1.518607,2.973045,2.383217,0.235425,0.364163,1
user_34891,2021-08-16 09:23:00,8,17,28,5,4,5,5,6,6,12,15,0,0,4.403956,3.642201,3.73526,0.55956,1.201512,4.110552,0.596717,0.43001,0
user_34892,2021-09-04 06:39:00,27,8,11,1,0,0,19,15,14,5,19,5,1,1.641782,2.136254,1.211682,1.77709,1.122015,4.031516,0.513225,0.52299,1
user_34893,2021-09-27 06:22:00,28,20,10,3,0,3,10,5,8,15,8,0,0,0.591658,3.027454,4.356156,4.421681,3.446854,2.404019,0.350542,0.927836,0
user_34894,2021-10-07 14:51:00,7,10,8,4,2,0,12,0,10,8,3,3,0,0.131327,3.473017,3.165071,4.786504,3.78052,4.247852,0.947936,0.265418,1
user_34895,2021-08-12 18:57:00,20,8,24,0,1,1,1,14,3,1,14,3,0,2.606841,4.767575,2.78692,4.68238,3.791639,3.910353,0.807263,0.437031,0
user_34896,2021-08-25 16:05:00,49,2,2,0,5,5,2,15,3,19,5,2,0,1.700188,4.064126,4.340528,2.404357,4.250453,1.754178,0.803711,0.42386,1
user_34897,2021-08-19 21:22:00,2,17,14,2,10,4,19,5,1,0,11,3,0,0.586369,2.847236,1.939678,3.264809,3.571329,2.057541,0.904594,0.292427,1
user_34898,2021-09-04 07:34:00,33,18,17,5,1,4,20,4,9,14,13,5,1,2.187978,1.593865,0.982054,0.653327,0.761463,2.091824,0.490557,0.919372,0
user_34899,2021-09-14 09:57:00,7,6,25,0,1,4,14,3,4,9,7,1,0,2.317947,1.198042,3.292062,2.767727,0.399164,0.260973,0.661811,0.362859,1
user_34900,2021-08-07 17:49:00,17,9,23,2,2,2,19,5,15,16,2,5,1,1.356878,1.386849,2.572585,3.429914,4.042351,1.272513,0.20271,0.93974,1
user_34901,2021-09-22 23:56:00,27,16,9,1,2,0,7,18,9,5,3,2,0,1.851358,0.151669,2.926458,3.211506,1.655154,0.149991,0.559318,0.705661,0
user_34902,2021-10-11 10:19:00,27,12,29,0,3,5,20,16,16,9,18,0,0,1.208654,2.465126,3.331247,1.16911,3.951067,4.349837,0.725119,0.855929,0
user_34903,2021-08-22 07:53:00,41,3,11,1,7,4,8,18,12,20,5,6,1,0.484058,0.526104,1.146715,4.69238,3.330627,3.767464,0.271369,0.320712,0
user_34904,2021-08-12 02:45:00,43,3,17,1,1,5,0,10,2,5,15,3,0,1.99618,1.857997,0.724769,1.816623,2.11315,4.371369,0.954477,0.543662,1
user_34905,2021-10-21 19:06:00,15,14,4,1,2,0,2,15,7,2,19,3,0,0.134063,4.050678,4.761012,1.675379,2.144297,0.325947,0.869928,0.44454,1
user_34906,2021-08-11 07:45:00,29,3,20,0,10,4,0,17,11,10,13,2,0,4.955891,0.127033,3.034966,1.264341,2.091399,0.42046,0.870344,0.329077,1
user_34907,2021-08-28 12:09:00,4,3,27,2,2,4,11,20,15,12,2,5,1,2.194369,1.358422,2.996567,1.321963,0.804711,3.892711,0.377922,0.513547,0
user_34908,2021-09-09 13:46:00,35,15,27,4,5,0,18,4,16,19,4,3,0,2.998691,4.918988,1.235631,0.557202,4.824804,2.609618,0.56955,0.940509,0
user_34909,2021-09-07 01:33:00,50,12,28,3,10,5,17,4,11,13,5,1,0,0.598423,3.374645,1.455557,2.54755,2.608371,2.879071,0.360509,0.428036,0
user_34910,2021-08-07 04:00:00,21,19,13,2,3,2,8,16,7,20,9,5,1,1.907676,4.070217,0.687006,1.107282,1.58946,1.583155,0.26398,0.366183,1
user_34911,2021-09-17 14:18:00,20,5,4,4,1,3,19,17,5,6,6,4,0,3.683543,4.871485,0.473151,2.330833,2.900649,2.641063,0.581137,0.440549,1
user_34912,2021-09-18 09:20:00,39,8,10,4,6,2,18,9,15,4,9,5,1,4.728539,0.449437,0.29253,3.602751,1.064956,3.416424,0.896638,0.348491,1
user_34913,2021-09-29 05:22:00,32,19,28,4,6,0,7,16,16,14,7,2,0,4.235743,2.665505,3.170147,2.18586,0.354253,1.958006,0.720262,0.222189,1
user_34914,2021-09-14 13:41:00,19,3,21,1,4,4,11,14,1,2,18,1,0,4.909997,4.215438,0.782636,3.316587,0.831102,3.377181,0.865601,0.547889,1
user_34915,2021-08-13 01:00:00,42,8,16,5,5,1,0,15,11,14,8,4,0,1.122257,0.236648,1.12593,3.853731,3.686141,1.869285,0.230288,0.281665,0
user_34916,2021-09-16 02:24:00,12,6,14,2,0,3,19,3,13,1,1,3,0,0.208197,2.356671,4.973135,2.133799,4.150642,2.393211,0.980035,0.875149,1
user_34917,2021-08-12 02:07:00,30,20,29,1,10,5,1,5,16,11,5,3,0,2.833536,2.297181,2.227882,4.209093,2.387008,2.781292,0.421115,0.583157,0
user_34918,2021-08-22 03:55:00,20,20,27,1,9,2,8,6,12,14,6,6,1,3.434057,2.820349,1.539496,3.967813,0.957373,0.492388,0.82915,0.882253,1
user_34919,2021-10-06 16:02:00,42,11,22,2,4,2,1,17,15,12,4,2,0,0.326546,0.149229,4.572747,0.747196,1.008171,2.306145,0.697092,0.50364,0
user_34920,2021-10-09 04:39:00,23,7,16,2,5,0,2,4,15,17,20,5,1,2.046632,1.001655,2.04479,0.828228,3.628291,0.92847,0.218491,0.503439,1
user_34921,2021-08-16 15:00:00,36,2,6,5,7,5,6,7,14,4,1,0,0,2.930009,4.701968,2.38908,3.638929,4.076703,0.496419,0.514568,0.918499,1
user_34922,2021-09-09 05:16:00,29,13,7,5,4,2,1,9,5,8,17,3,0,3.571667,1.479771,1.965592,0.219331,2.080489,1.772616,0.511016,0.860381,0
user_34923,2021-10-07 00:24:00,14,11,18,1,1,4,3,8,15,0,18,3,0,2.083673,3.061974,4.322031,1.231492,4.74882,4.392347,0.850438,0.283672,0
user_34924,2021-09-07 13:46:00,22,14,10,5,2,0,0,12,14,16,17,1,0,0.134331,4.493616,1.553162,2.898995,4.330118,4.602495,0.351638,0.971692,0
user_34925,2021-09-11 05:33:00,12,9,6,2,3,3,11,17,20,12,16,5,1,1.345332,2.965632,1.474186,0.570493,3.305819,3.871829,0.87338,0.404688,0
user_34926,2021-08-02 17:33:00,12,17,16,4,7,1,20,17,15,10,6,0,0,0.218782,4.182474,4.991279,0.906834,4.474758,2.225292,0.604589,0.660332,1
user_34927,2021-09-09 19:42:00,43,3,7,2,1,4,5,16,19,11,12,3,0,2.18582,2.974337,3.819624,4.19212,2.707115,0.634558,0.494433,0.819953,0
user_34928,2021-08-17 06:53:00,12,8,2,0,6,1,10,16,19,11,9,1,0,0.315333,1.716798,1.750445,2.051869,4.623255,4.043279,0.216112,0.343841,0
user_34929,2021-09-18 20:19:00,34,15,27,3,1,3,15,3,6,0,14,5,1,2.829879,1.025435,0.210239,1.520476,2.655365,3.624704,0.27237,0.236781,0
user_34930,2021-08-03 15:06:00,3,7,6,1,9,1,9,7,15,5,15,1,0,2.293889,2.961927,2.547175,2.41325,2.675616,2.20532,0.772775,0.579284,1
user_34931,2021-10-05 01:37:00,41,3,5,4,9,4,17,16,16,5,10,1,0,2.788058,2.107174,0.762337,4.62862,4.244497,2.178266,0.847801,0.758171,0
user_34932,2021-08-30 23:11:00,50,7,19,5,1,3,16,2,7,9,8,0,0,2.804672,3.355324,4.532222,2.460353,1.602079,3.682664,0.727164,0.210738,0
user_34933,2021-10-27 19:52:00,27,9,2,0,7,3,0,12,14,5,20,2,0,3.614086,3.630891,3.498089,4.720018,4.12846,2.415502,0.258744,0.537358,1
user_34934,2021-08-09 18:10:00,26,10,5,4,0,4,12,6,6,16,2,0,0,0.375545,4.540989,3.108126,0.410122,0.361376,3.140007,0.250217,0.537374,1
user_34935,2021-10-23 19:58:00,16,14,8,0,7,3,6,9,4,3,10,5,1,0.966382,3.98185,2.654815,4.426964,0.992754,3.115753,0.782768,0.835333,0
user_34936,2021-10-11 03:27:00,19,11,4,4,5,0,9,2,17,12,8,0,0,1.63528,1.480901,2.49664,3.964587,4.460142,4.430974,0.464111,0.360469,1
user_34937,2021-08-30 16:53:00,49,10,16,1,7,5,18,11,10,6,4,0,0,1.064673,2.086169,2.135073,3.964345,2.617228,3.404582,0.360621,0.676966,1
user_34938,2021-10-12 07:46:00,37,9,7,3,1,4,12,6,7,14,20,1,0,1.072811,3.21008,1.280876,1.609097,0.594309,4.136473,0.200508,0.354188,0
user_34939,2021-08-10 17:19:00,41,5,2,4,10,3,4,8,16,18,13,1,0,0.646017,2.264192,1.741853,2.483113,2.965789,4.984578,0.336379,0.450495,1
user_34940,2021-08-10 02:43:00,30,20,19,5,6,4,4,10,13,9,17,1,0,0.253456,4.572035,4.058105,4.740771,1.839168,2.72638,0.486117,0.420347,0
user_34941,2021-09-22 21:57:00,43,2,19,4,5,1,19,1,2,7,7,2,0,2.062621,3.048214,3.96842,2.126986,1.928939,3.276083,0.959684,0.881658,1
user_34942,2021-08-07 09:10:00,32,1,26,5,6,3,17,4,16,8,7,5,1,4.178807,3.492942,2.562374,3.176826,1.909509,3.925011,0.236511,0.681243,0
user_34943,2021-08-05 11:37:00,12,9,18,0,1,0,10,3,18,4,11,3,0,4.22319,0.220361,2.900305,0.197496,4.404496,0.274708,0.273214,0.70772,0
user_34944,2021-09-14 21:43:00,36,11,2,2,0,2,0,8,1,20,5,1,0,4.338927,0.497942,3.120039,2.311384,1.055145,4.53464,0.604965,0.55904,1
user_34945,2021-10-08 16:55:00,30,11,25,0,5,4,18,10,3,4,5,4,0,4.594877,3.136521,2.012111,2.638365,4.749632,3.624516,0.771729,0.646303,0
user_34946,2021-09-14 01:38:00,19,3,8,2,9,2,0,14,10,18,9,1,0,4.306652,4.852449,0.572875,3.675397,1.437881,2.157109,0.454755,0.201227,0
user_34947,2021-09-14 13:05:00,36,6,29,0,3,3,19,3,1,20,5,1,0,1.454446,2.104952,4.276103,4.241241,0.661966,4.747086,0.953858,0.481352,0
user_34948,2021-09-26 06:52:00,2,16,18,4,5,2,18,1,5,19,3,6,1,2.524449,2.494169,2.173327,3.26569,2.527349,3.763768,0.434435,0.925821,1
user_34949,2021-10-19 18:52:00,39,10,17,3,5,1,14,5,14,14,6,1,0,4.978924,0.123834,3.36697,0.820508,4.470466,2.230038,0.705441,0.457313,1
user_34950,2021-09-29 08:47:00,25,20,23,2,10,5,13,0,10,4,2,2,0,1.454252,3.480644,1.39122,4.740928,0.903865,2.427209,0.903657,0.398076,1
user_34951,2021-10-11 22:20:00,27,13,1,2,8,1,18,0,16,17,7,0,0,0.84601,0.404299,4.206837,3.743128,4.806986,2.890801,0.465054,0.644221,0
user_34952,2021-10-15 07:41:00,18,14,27,5,4,5,6,11,16,15,12,4,0,1.92043,4.740842,2.994436,2.17992,4.844274,0.455356,0.325098,0.369755,0
user_34953,2021-09-12 04:45:00,20,16,8,2,5,0,18,12,6,6,10,6,1,3.318605,4.93231,0.46148,4.066327,3.376172,4.985947,0.663071,0.975323,0
user_34954,2021-09-09 04:29:00,44,12,23,3,8,2,14,16,10,5,17,3,0,3.594752,4.400976,3.114316,2.678065,2.363418,4.148609,0.961259,0.551901,1
user_34955,2021-08-03 15:56:00,22,11,18,5,3,0,2,0,5,2,2,1,0,4.837374,1.888032,1.912312,0.752302,2.349035,1.044937,0.412783,0.462079,0
user_34956,2021-08-11 21:05:00,20,11,17,2,1,3,19,6,6,5,3,2,0,3.810083,4.760206,2.811737,3.152121,1.09378,3.197097,0.900623,0.257878,0
user_34957,2021-10-17 04:29:00,4,3,13,3,2,2,15,4,1,10,12,6,1,4.187302,0.75818,3.237832,3.161382,0.918381,4.140458,0.993817,0.828585,1
user_34958,2021-08-31 07:50:00,13,4,3,2,5,2,13,18,16,13,18,1,0,4.500665,3.288009,0.935489,3.794336,0.416324,2.178302,0.948636,0.891505,0
user_34959,2021-08-29 04:29:00,24,0,6,4,9,4,15,15,19,20,16,6,1,0.324146,4.639845,0.443288,2.793425,4.209857,3.068873,0.804492,0.876427,0
user_34960,2021-08-29 16:33:00,19,0,14,2,2,4,0,6,0,14,2,6,1,2.372539,4.991645,2.271924,0.629718,1.735347,2.96219,0.568392,0.506355,0
user_34961,2021-09-04 19:42:00,12,17,26,4,5,2,0,8,8,17,2,5,1,4.297481,2.813634,4.068911,3.904369,2.660278,1.978483,0.864555,0.312993,0
user_34962,2021-08-13 11:28:00,3,1,21,2,6,1,15,10,0,19,12,4,0,0.694812,1.429152,2.398712,0.654894,2.535856,1.606875,0.741767,0.353114,1
user_34963,2021-10-02 14:25:00,30,6,11,5,8,1,19,16,7,12,1,5,1,0.244155,3.258382,4.18198,0.257542,3.318805,0.861495,0.764961,0.465563,1
user_34964,2021-08-10 21:30:00,4,12,18,4,4,3,16,3,1,17,2,1,0,3.327381,0.947304,3.684644,4.799218,1.677496,4.088711,0.444138,0.525937,1
user_34965,2021-10-02 05:13:00,37,10,13,5,4,4,2,9,20,4,1,5,1,2.905726,1.529588,3.487323,4.25314,2.727853,2.156889,0.282954,0.821824,0
user_34966,2021-08-11 22:53:00,38,16,16,4,0,0,12,13,0,1,1,2,0,0.690814,1.02389,3.642656,2.668785,4.510936,4.505997,0.317726,0.52937,1
user_34967,2021-10-25 07:53:00,2,5,22,0,4,2,17,17,7,14,16,0,0,3.373478,0.745337,4.014045,1.669785,3.484413,2.875403,0.945629,0.848359,0
user_34968,2021-08-23 05:13:00,2,6,6,3,9,5,0,6,5,1,7,0,0,2.917591,3.746854,2.590612,0.120914,3.930686,1.825649,0.651934,0.750817,0
user_34969,2021-10-02 18:02:00,9,6,18,3,6,3,9,13,0,1,13,5,1,0.440276,3.559973,4.483514,0.842421,0.600403,4.541778,0.216794,0.353865,1
user_34970,2021-08-10 22:59:00,35,13,21,3,7,3,9,5,6,17,9,1,0,2.497355,0.549057,4.9075,0.440273,2.070272,3.398019,0.742319,0.450121,0
user_34971,2021-10-24 09:22:00,40,9,27,2,1,2,11,20,1,11,10,6,1,2.598658,1.612724,3.36292,1.898131,2.862038,0.303242,0.916104,0.658604,0
user_34972,2021-08-12 21:47:00,26,2,11,2,2,2,4,15,11,20,18,3,0,3.62685,3.106523,2.066601,1.140015,2.202382,1.678128,0.393233,0.530111,1
user_34973,2021-09-18 15:15:00,36,5,6,2,8,1,4,18,17,8,18,5,1,0.763656,4.889695,1.45668,4.904068,3.353211,3.895264,0.804028,0.76888,0
user_34974,2021-08-22 13:05:00,44,0,25,4,3,5,0,16,18,17,15,6,1,0.960749,2.086631,4.611154,3.232912,4.067449,3.197817,0.890432,0.847393,0
user_34975,2021-10-15 17:41:00,6,13,28,4,1,5,18,20,8,13,18,4,0,0.857043,4.690745,2.08891,2.084249,3.781858,4.228972,0.79891,0.409706,1
user_34976,2021-09-30 04:34:00,16,1,1,3,7,1,6,11,10,6,0,3,0,0.683937,3.784661,4.663414,4.288665,1.632464,0.331504,0.624028,0.424831,0
user_34977,2021-10-05 15:24:00,21,4,16,2,10,1,10,18,17,0,3,1,0,3.558733,3.421899,4.622336,4.607783,4.696057,3.699764,0.775944,0.941904,1
user_34978,2021-09-18 09:45:00,6,19,1,3,0,0,11,13,11,6,9,5,1,4.017856,3.440219,2.445713,3.299684,2.107833,1.222499,0.274415,0.2334,0
user_34979,2021-09-30 17:33:00,10,2,28,5,6,5,10,11,5,10,2,3,0,2.389325,0.107663,3.910816,1.359339,0.709763,4.334685,0.447138,0.838761,0
user_34980,2021-09-07 17:56:00,34,0,11,1,4,4,16,20,18,6,12,1,0,2.42733,1.357008,1.645081,3.609141,2.793697,1.43387,0.507313,0.882872,0
user_34981,2021-09-25 22:35:00,4,11,19,1,7,2,9,8,1,18,16,5,1,1.504944,4.215669,1.747631,3.080772,2.193225,1.793942,0.937683,0.341352,0
user_34982,2021-10-18 02:06:00,25,2,10,2,0,3,8,18,11,10,20,0,0,2.972296,3.563851,3.164885,0.141569,2.475117,1.474378,0.274517,0.211632,1
user_34983,2021-08-06 04:55:00,19,9,7,0,3,0,11,18,5,10,16,4,0,4.360968,1.30188,2.093345,3.597853,4.551007,3.066669,0.915178,0.660695,1
user_34984,2021-09-20 00:48:00,9,2,21,3,1,2,0,4,15,1,14,0,0,4.110825,1.948222,3.838888,3.251918,3.327567,4.055058,0.963136,0.36469,0
user_34985,2021-10-02 18:29:00,23,11,17,4,1,0,12,11,14,4,6,5,1,0.617558,3.876799,4.432626,4.045094,3.956146,0.956922,0.286402,0.865997,1
user_34986,2021-09-12 18:57:00,34,0,24,5,5,5,4,18,19,11,1,6,1,4.423651,3.042478,3.964873,3.274425,0.975942,1.452683,0.919521,0.883346,1
user_34987,2021-09-29 04:49:00,34,5,24,1,3,5,7,20,10,15,8,2,0,3.116045,0.386409,3.976569,4.18799,3.979385,0.894036,0.450602,0.800978,0
user_34988,2021-08-30 11:00:00,6,6,14,5,3,0,20,6,9,2,12,0,0,2.514295,2.553333,1.223787,2.995286,4.076325,0.848728,0.675691,0.221589,1
user_34989,2021-08-23 15:06:00,36,2,9,5,9,0,12,19,4,3,18,0,0,3.589594,1.929296,3.05047,3.840959,2.316296,4.380449,0.371049,0.606602,0
user_34990,2021-10-01 13:04:00,19,18,28,1,1,5,7,15,12,3,5,4,0,0.142517,2.787342,3.225102,1.596901,1.384342,2.967559,0.815507,0.455865,1
user_34991,2021-09-13 21:49:00,18,10,14,2,4,2,12,15,9,18,15,0,0,3.727441,0.908716,3.967204,2.201464,0.365286,2.509107,0.3599,0.58094,1
user_34992,2021-08-01 01:16:00,30,20,16,2,6,1,11,19,10,20,17,6,1,3.808671,0.735888,0.614911,4.401961,0.42175,2.595367,0.809531,0.999528,0
user_34993,2021-09-01 23:34:00,35,6,30,4,5,4,18,3,9,11,10,2,0,4.571742,3.742492,4.934117,4.000365,1.029829,2.204486,0.668146,0.272974,1
user_34994,2021-10-23 00:39:00,30,9,5,3,0,4,14,10,9,3,4,5,1,1.715108,1.400717,0.291287,1.653358,0.981857,1.138434,0.629851,0.239862,1
user_34995,2021-09-28 02:27:00,6,13,27,4,7,3,11,4,14,7,18,1,0,3.276773,4.002248,3.408384,2.289967,3.521905,0.372767,0.523658,0.561278,1
user_34996,2021-09-10 06:21:00,21,16,13,5,1,2,5,7,18,18,12,4,0,2.230176,0.513514,3.390843,2.615265,4.791122,2.848499,0.29054,0.430104,1
user_34997,2021-10-17 04:14:00,32,19,7,1,2,3,2,4,20,11,3,6,1,4.298658,3.569324,1.310956,3.857252,2.286804,0.580132,0.271246,0.476466,1
user_34998,2021-10-21 21:12:00,15,16,6,1,3,3,16,14,13,15,3,3,0,3.840397,0.425361,1.831375,3.528127,1.322551,1.727391,0.910484,0.588342,0
user_34999,2021-09-22 13:25:00,41,11,29,3,4,2,3,16,9,13,7,2,0,0.996515,4.195006,1.239599,2.54347,4.072562,4.525767,0.860736,0.226648,0
user_35000,2021-09-28 22:24:00,33,16,16,0,6,0,6,9,9,13,5,1,0,1.525176,2.804454,0.276438,0.670998,4.566021,1.556801,0.811397,0.911683,1
user_35001,2021-10-19 10:08:00,24,20,14,0,6,2,20,17,13,13,3,1,0,3.430191,3.451472,0.333589,0.444255,4.735861,3.535223,0.446795,0.943124,0
user_35002,2021-08-14 17:58:00,1,18,26,5,10,2,20,19,4,14,0,5,1,1.193083,1.664188,2.543914,2.754804,4.237965,2.665682,0.812938,0.901123,1
user_35003,2021-10-22 17:17:00,19,9,16,3,8,4,3,16,10,7,2,4,0,1.363765,1.712357,2.803052,1.330962,2.745247,4.494077,0.286263,0.912342,1
user_35004,2021-09-21 15:07:00,8,10,5,2,2,5,18,17,17,14,18,1,0,3.537262,3.096322,0.586652,0.739684,3.594937,4.747877,0.421927,0.593583,0
user_35005,2021-08-30 10:36:00,2,14,20,2,4,3,3,8,2,11,6,0,0,3.424412,1.859684,3.854358,1.279103,1.135583,4.92233,0.56191,0.503931,1
user_35006,2021-10-26 19:37:00,34,6,24,5,3,1,8,20,12,11,2,1,0,3.217498,2.803979,1.236119,2.730942,0.523046,2.357862,0.943159,0.301797,0
user_35007,2021-09-26 01:13:00,39,16,14,4,7,2,0,1,14,12,7,6,1,3.463522,0.278039,3.55522,4.813459,2.578529,0.394025,0.381576,0.788187,0
user_35008,2021-08-11 05:50:00,31,0,14,0,1,0,15,20,0,12,9,2,0,2.054993,2.410675,3.895887,4.25904,3.852858,1.619452,0.311766,0.574777,0
user_35009,2021-10-07 17:14:00,25,2,20,1,9,3,11,13,3,20,10,3,0,2.860425,4.548088,4.823926,4.90126,3.981079,3.077937,0.20958,0.602455,1
user_35010,2021-10-01 20:55:00,12,0,14,4,2,4,3,3,3,12,0,4,0,1.832166,3.651914,4.766789,3.835874,3.911581,1.999483,0.969773,0.264506,0
user_35011,2021-10-20 14:34:00,24,11,22,4,7,3,0,5,3,17,6,2,0,3.127496,2.652332,0.835602,2.277312,2.006825,4.839961,0.774492,0.960896,1
user_35012,2021-09-11 16:59:00,43,20,8,1,4,5,12,0,18,8,11,5,1,4.900728,2.653565,4.184516,4.918967,2.870651,1.657661,0.298113,0.295337,1
user_35013,2021-10-18 16:47:00,31,17,24,4,3,5,13,16,16,10,4,0,0,0.839819,1.388057,0.394623,2.252491,1.123293,2.154325,0.901999,0.537467,0
user_35014,2021-08-03 02:15:00,32,8,11,3,6,1,14,12,13,2,14,1,0,0.867259,3.450791,4.095161,0.782177,3.248496,1.506528,0.830257,0.210775,0
user_35015,2021-09-21 01:44:00,15,7,8,1,9,3,3,12,9,8,18,1,0,2.745572,2.409531,2.01678,4.791245,3.501593,0.883802,0.240214,0.918057,0
user_35016,2021-08-08 22:16:00,13,14,19,2,8,1,5,12,14,17,10,6,1,0.937981,4.284971,2.046356,3.015574,0.39279,0.230169,0.254128,0.224771,0
user_35017,2021-10-20 22:16:00,6,2,3,5,8,5,4,11,6,4,5,2,0,0.21356,4.305505,3.456336,1.174409,3.111201,0.959758,0.52416,0.409198,0
user_35018,2021-10-03 22:21:00,13,12,25,2,0,5,5,16,4,4,9,6,1,4.807274,0.927794,1.300121,0.144769,1.620339,2.276015,0.279673,0.406358,0
user_35019,2021-10-14 10:15:00,18,8,8,0,4,0,11,14,15,1,10,3,0,4.090077,1.626424,0.848235,3.94666,4.995328,4.310435,0.737238,0.968672,0
user_35020,2021-10-21 11:06:00,29,19,20,2,2,3,5,4,10,4,15,3,0,3.604421,0.806491,3.323173,0.136176,4.545722,2.556382,0.714126,0.233613,0
user_35021,2021-08-26 09:30:00,4,4,1,0,2,2,15,17,0,3,7,3,0,1.60819,2.229827,2.416573,4.172061,2.560808,0.674824,0.977526,0.455206,0
user_35022,2021-08-08 22:45:00,44,3,10,2,7,5,14,7,11,3,5,6,1,1.697073,0.589923,1.407335,1.79961,4.712439,4.60824,0.435034,0.517302,0
user_35023,2021-08-19 05:13:00,3,3,13,0,7,3,19,8,13,11,16,3,0,0.407432,2.907667,1.87446,3.740031,4.817258,3.258611,0.914545,0.468437,0
user_35024,2021-08-27 03:26:00,39,14,23,5,8,0,11,15,7,2,9,4,0,1.591543,4.224384,2.67694,3.577345,3.232764,1.822483,0.771262,0.416732,1
user_35025,2021-10-25 23:27:00,9,1,1,2,5,4,16,1,8,14,10,0,0,1.554887,3.121839,0.526848,4.047255,4.44874,4.449172,0.400621,0.714101,1
user_35026,2021-10-18 08:36:00,32,20,10,0,1,4,17,2,16,18,16,0,0,3.878138,2.131033,4.46043,0.947581,1.200793,2.212476,0.268035,0.607971,1
user_35027,2021-09-23 17:22:00,13,17,19,5,7,1,11,0,19,4,9,3,0,1.517815,1.108086,2.903486,3.321125,1.558945,2.196483,0.885053,0.889327,0
user_35028,2021-09-30 23:59:00,15,20,29,2,6,3,12,18,16,13,8,3,0,1.080906,1.999535,4.435587,3.109567,1.923624,2.741184,0.944006,0.322187,0
user_35029,2021-08-20 04:57:00,5,18,3,1,1,1,20,17,0,1,10,4,0,0.13147,2.219229,4.687834,4.521308,4.883429,0.143326,0.464797,0.820412,0
user_35030,2021-10-25 14:04:00,17,18,17,1,3,2,2,19,0,8,20,0,0,2.143292,3.964329,2.324447,1.196265,2.43695,2.853681,0.626732,0.478324,0
user_35031,2021-09-05 21:41:00,37,16,20,4,0,1,15,8,6,10,0,6,1,3.676584,3.5456,4.791036,1.927121,4.145015,0.630529,0.527884,0.796631,0
user_35032,2021-09-28 11:51:00,33,6,14,5,2,4,9,11,3,19,7,1,0,2.875369,3.977883,1.176238,4.299175,3.575918,2.089711,0.99214,0.604085,1
user_35033,2021-08-21 08:50:00,31,19,19,3,10,1,13,0,1,14,18,5,1,0.177438,4.125115,0.916479,3.874967,0.622571,1.884386,0.21224,0.875415,1
user_35034,2021-09-18 10:54:00,18,16,25,5,2,0,17,1,17,16,5,5,1,2.985055,4.454093,0.999397,1.030027,0.45925,0.864258,0.598729,0.608922,1
user_35035,2021-10-23 17:53:00,50,14,5,4,8,0,1,9,6,16,16,5,1,2.333082,1.010871,1.516941,1.117607,2.029238,3.010996,0.795031,0.896396,1
user_35036,2021-09-19 11:56:00,3,5,18,5,0,4,17,6,18,15,13,6,1,2.591881,1.430442,3.772636,3.825712,2.946454,1.020278,0.294007,0.658259,0
user_35037,2021-10-13 07:59:00,48,18,14,0,0,4,2,16,9,15,6,2,0,0.843897,1.078361,4.871136,0.770499,2.589362,2.972937,0.82764,0.940467,1
user_35038,2021-10-29 05:59:00,38,15,24,1,10,4,2,12,1,17,13,4,0,1.095552,2.180283,1.432146,1.013462,3.039922,1.972998,0.2185,0.760613,1
user_35039,2021-10-06 16:43:00,27,17,13,0,2,4,2,16,14,13,15,2,0,1.782397,1.433598,1.059836,2.109709,3.704268,4.255764,0.553372,0.819909,0
user_35040,2021-08-30 17:36:00,32,18,14,2,6,0,19,3,10,2,15,0,0,0.97898,4.240138,3.315803,3.026854,3.354674,1.972125,0.524025,0.754124,0
user_35041,2021-10-23 01:28:00,46,6,1,3,6,4,6,13,18,14,7,5,1,3.147368,0.901475,4.493209,0.173275,2.53618,4.991788,0.973358,0.924027,0
user_35042,2021-08-23 09:17:00,46,0,4,4,1,5,1,12,15,1,20,0,0,4.583719,4.198081,1.448459,0.570968,0.507799,1.9661,0.61478,0.583536,1
user_35043,2021-10-28 19:58:00,26,3,22,3,7,2,17,9,13,0,16,3,0,4.177694,4.910919,0.397421,4.058945,4.862505,4.382931,0.442794,0.895858,1
user_35044,2021-08-10 11:48:00,23,15,15,5,2,0,17,10,14,11,5,1,0,1.089507,4.442141,0.392086,1.334608,1.510022,3.867593,0.952531,0.379705,0
user_35045,2021-10-15 01:06:00,36,15,22,1,2,3,6,6,3,8,11,4,0,1.961385,3.803548,0.596434,0.80837,2.036763,2.782441,0.754386,0.863517,1
user_35046,2021-10-09 04:08:00,9,19,1,5,8,1,11,5,11,16,4,5,1,2.136708,4.910672,3.013311,0.926729,2.675798,0.110838,0.366293,0.368536,1
user_35047,2021-10-05 09:44:00,46,9,20,3,6,5,17,4,11,19,1,1,0,4.821284,1.206589,4.778244,3.713376,3.959914,3.997911,0.387978,0.965635,0
user_35048,2021-09-01 16:58:00,17,10,25,1,5,3,2,19,10,9,18,2,0,4.241487,1.005079,2.443666,4.675566,1.961007,0.342265,0.457588,0.677233,0
user_35049,2021-10-07 09:16:00,43,8,25,1,7,5,8,20,15,9,20,3,0,1.78674,3.480371,1.461263,2.591621,1.347825,2.685077,0.768439,0.708213,1
user_35050,2021-10-25 19:18:00,24,12,18,5,1,3,18,1,14,13,5,0,0,0.777998,4.5471,2.549106,4.513399,2.678892,3.525687,0.671498,0.910151,1
user_35051,2021-09-26 01:39:00,26,13,12,4,5,2,7,19,8,1,16,6,1,3.867289,4.058963,2.975278,3.445598,2.260889,2.452841,0.891071,0.277951,1
user_35052,2021-10-09 17:52:00,38,11,25,3,0,0,8,3,10,17,13,5,1,4.658421,3.864094,0.581868,4.763852,2.713773,2.596336,0.583846,0.7624,0
user_35053,2021-08-05 20:25:00,37,12,26,1,0,2,2,11,3,1,7,3,0,4.152497,3.16358,0.725758,3.332262,0.750333,0.199236,0.971794,0.547686,0
user_35054,2021-09-21 17:48:00,30,3,8,4,3,1,9,10,1,0,18,1,0,0.754358,4.935274,3.881909,2.643709,3.401034,2.881487,0.371116,0.247519,0
user_35055,2021-08-01 06:29:00,34,2,27,1,0,4,2,15,2,10,3,6,1,4.783734,0.78992,4.497163,0.863825,1.088024,3.214147,0.88495,0.590851,0
user_35056,2021-09-08 23:56:00,47,6,27,4,6,4,20,16,4,5,4,2,0,0.125168,4.102469,2.84596,3.572891,3.504274,0.259829,0.84988,0.805673,1
user_35057,2021-08-13 10:00:00,47,8,20,5,2,3,8,2,9,10,13,4,0,1.12859,3.247197,3.505855,3.755988,4.049223,0.987355,0.642049,0.360148,0
user_35058,2021-09-29 20:52:00,13,0,29,5,0,3,2,18,4,12,8,2,0,1.073162,4.931961,3.562034,0.806553,2.174383,2.813515,0.881959,0.748656,0
user_35059,2021-10-08 21:24:00,28,3,7,4,10,0,7,0,20,17,7,4,0,2.27325,0.865176,4.877662,1.406733,1.717796,3.935296,0.570051,0.982477,0
user_35060,2021-10-27 09:34:00,6,13,18,1,5,4,9,9,8,14,17,2,0,3.55277,3.580989,3.234589,4.651846,1.437648,3.423103,0.761063,0.419752,0
user_35061,2021-08-19 12:54:00,15,6,19,4,0,3,0,20,9,2,1,3,0,4.185043,4.452869,1.806899,3.10205,1.848557,4.64749,0.367393,0.28854,1
user_35062,2021-08-13 14:29:00,6,14,16,2,1,4,5,8,9,2,4,4,0,0.681234,2.167124,4.383133,0.179486,0.535653,1.937347,0.355275,0.586134,0
user_35063,2021-08-19 00:23:00,21,5,23,0,3,5,18,6,2,12,18,3,0,2.477987,2.691582,4.410073,4.492779,0.392667,1.600386,0.260125,0.480352,0
user_35064,2021-09-21 01:48:00,9,7,4,4,8,3,9,2,16,20,5,1,0,3.562168,3.069462,2.048126,4.34685,1.036247,0.572871,0.477977,0.570213,1
user_35065,2021-09-03 08:15:00,29,8,26,2,7,5,10,17,18,9,11,4,0,4.433355,2.263682,1.192464,3.488732,2.813531,3.522086,0.404595,0.299682,0
user_35066,2021-10-07 21:41:00,3,19,14,1,6,5,15,8,20,1,17,3,0,2.54484,4.989302,0.347054,0.448498,0.494095,0.535228,0.983434,0.230727,1
user_35067,2021-08-05 17:49:00,40,14,6,0,7,2,20,16,12,16,10,3,0,1.464568,0.304248,0.977662,2.101493,3.939983,2.196382,0.867375,0.677623,1
user_35068,2021-08-24 22:12:00,3,4,24,3,0,1,15,13,17,1,10,1,0,3.973821,0.303397,4.407695,4.597414,2.845272,1.046621,0.966956,0.366605,0
user_35069,2021-09-29 05:39:00,17,14,4,3,8,0,16,8,17,5,5,2,0,0.597311,0.929882,4.275831,2.854728,2.243258,1.249188,0.236312,0.943872,1
user_35070,2021-10-24 21:02:00,36,5,24,0,4,3,7,8,14,4,17,6,1,2.298641,1.384684,0.20623,1.935022,1.845123,2.835021,0.725584,0.581015,0
user_35071,2021-08-31 06:38:00,32,13,21,0,5,1,1,4,6,15,18,1,0,3.685616,4.943735,1.078975,3.629887,1.533453,4.328034,0.650174,0.813785,0
user_35072,2021-08-26 09:03:00,48,17,21,1,2,5,10,11,12,18,0,3,0,3.705222,0.696414,2.501688,3.906236,3.928288,2.843711,0.451932,0.257039,1
user_35073,2021-10-15 15:35:00,22,19,14,0,2,2,1,12,15,3,13,4,0,4.038434,4.008053,1.124655,1.44296,3.897648,4.350385,0.554422,0.222436,1
user_35074,2021-10-28 17:19:00,8,15,19,1,7,2,5,10,2,11,1,3,0,4.874352,0.934446,0.706964,3.955283,0.342766,0.539882,0.443358,0.46059,0
user_35075,2021-08-15 19:33:00,1,0,25,4,5,3,18,4,17,17,6,6,1,1.803371,1.28424,3.3342,3.848641,1.194755,0.30198,0.60916,0.438863,0
user_35076,2021-10-23 17:54:00,32,14,30,4,4,5,15,3,20,0,11,5,1,2.798293,0.947634,0.712499,1.122715,4.68832,2.951569,0.247196,0.458776,1
user_35077,2021-09-13 11:48:00,48,6,29,5,1,4,9,6,8,13,14,0,0,2.65048,1.607566,2.168853,0.584549,0.831166,4.682759,0.754525,0.689185,0
user_35078,2021-08-04 19:33:00,27,9,22,5,1,2,4,5,12,2,1,2,0,0.974713,3.909814,3.547598,1.866335,1.801399,2.272674,0.525043,0.892966,0
user_35079,2021-08-07 03:37:00,39,20,2,1,7,5,8,7,0,15,6,5,1,0.526376,2.071002,1.23207,2.087978,2.526272,4.834182,0.425119,0.816049,0
user_35080,2021-08-27 04:04:00,15,3,25,3,6,1,10,15,15,12,15,4,0,3.690978,0.909328,2.024649,0.364804,0.334575,2.770928,0.525669,0.986031,0
user_35081,2021-08-28 03:43:00,25,18,18,5,7,1,17,2,18,19,13,5,1,0.807235,1.03565,1.867209,1.139106,3.222208,2.22658,0.599629,0.367178,1
user_35082,2021-08-13 18:57:00,13,1,20,3,0,3,1,2,12,8,12,4,0,3.104418,3.811374,0.177103,2.070823,4.792815,0.929641,0.8904,0.490196,0
user_35083,2021-08-08 00:46:00,1,17,23,2,9,4,9,16,11,15,0,6,1,0.78375,3.406074,2.169893,4.618641,2.426777,3.938296,0.255471,0.809697,0
user_35084,2021-10-29 18:21:00,8,19,12,5,9,1,9,13,0,18,1,4,0,3.927143,3.437723,2.092643,0.3564,4.222835,0.764184,0.317973,0.798239,1
user_35085,2021-10-04 12:36:00,1,20,16,5,8,3,13,20,8,1,5,0,0,1.759457,2.988499,2.069973,0.877759,0.415203,4.099107,0.379571,0.853137,0
user_35086,2021-10-08 04:45:00,8,6,29,1,2,4,16,18,17,17,11,4,0,0.648381,0.820429,1.955591,3.386502,1.895335,3.056749,0.715193,0.947159,1
user_35087,2021-08-15 21:47:00,17,17,6,1,3,2,4,12,12,12,20,6,1,1.170838,1.422415,3.211095,1.088471,3.211521,1.847095,0.774665,0.253729,0
user_35088,2021-10-05 03:22:00,4,7,1,3,7,1,4,2,10,20,9,1,0,3.338249,2.284751,4.6231,2.385214,3.277312,3.015676,0.564573,0.333275,1
user_35089,2021-10-03 17:30:00,18,12,9,2,6,5,12,10,11,12,0,6,1,4.419964,2.999421,2.924256,1.089229,3.609282,4.083071,0.573273,0.942436,0
user_35090,2021-09-18 09:38:00,39,15,24,3,5,1,8,16,16,16,5,5,1,2.475701,1.565892,1.516007,2.033361,3.182195,4.195997,0.320525,0.5416,1
user_35091,2021-08-18 02:01:00,27,9,24,3,9,4,7,17,18,12,18,2,0,3.840787,0.698716,1.040664,0.856523,2.070418,3.128036,0.326451,0.751145,1
user_35092,2021-08-19 22:50:00,21,13,15,3,9,1,6,17,17,8,15,3,0,0.69906,0.785547,1.083886,2.902203,1.463171,1.396961,0.753817,0.983244,0
user_35093,2021-10-11 12:45:00,48,0,25,4,2,4,20,10,18,5,11,0,0,1.402162,1.428131,0.633737,2.726899,2.975371,1.289042,0.216596,0.236053,1
user_35094,2021-09-08 15:29:00,23,20,29,3,5,4,12,20,19,15,19,2,0,0.547282,4.242359,4.146829,1.742246,4.966123,4.073852,0.740847,0.882002,0
user_35095,2021-08-26 02:28:00,3,16,2,2,10,2,7,1,6,13,14,3,0,2.993299,2.73666,0.876854,0.186137,1.053701,0.379452,0.302508,0.998759,1
user_35096,2021-08-30 06:15:00,23,6,3,1,9,4,16,18,13,9,0,0,0,1.050944,4.616703,4.852107,3.11833,3.817883,1.742416,0.446861,0.658352,0
user_35097,2021-09-26 00:22:00,30,14,2,4,6,0,12,11,8,3,10,6,1,4.942598,2.734064,1.734501,1.284341,2.648857,3.112064,0.798938,0.862302,0
user_35098,2021-09-04 10:19:00,22,19,15,4,0,4,10,18,0,20,19,5,1,4.305112,3.680789,3.77724,1.471681,1.02157,1.761602,0.713852,0.982131,1
user_35099,2021-09-29 05:30:00,20,20,19,0,5,1,15,5,19,15,11,2,0,2.543145,0.406289,0.684897,1.174928,2.769677,3.392287,0.609199,0.580801,0
user_35100,2021-09-19 19:32:00,32,18,27,2,2,0,6,4,14,10,17,6,1,1.597859,1.819266,1.547796,4.517025,3.662145,4.279085,0.348286,0.755552,1
user_35101,2021-08-01 22:16:00,40,19,25,3,6,5,7,16,7,19,17,6,1,1.105101,0.582609,0.840025,4.692965,2.885907,0.634751,0.778269,0.599358,1
user_35102,2021-10-24 09:29:00,39,13,7,1,6,0,18,8,1,20,20,6,1,2.31696,1.722674,2.840381,2.965486,4.015873,3.817782,0.830888,0.911305,0
user_35103,2021-08-03 09:53:00,32,10,11,4,0,0,12,4,12,14,19,1,0,0.12109,2.848831,2.449052,4.610225,4.369298,3.183747,0.965776,0.797261,0
user_35104,2021-08-23 21:30:00,13,12,5,3,9,3,19,2,10,17,12,0,0,1.96189,3.751618,1.912513,4.895586,1.642646,2.320989,0.524896,0.501754,1
user_35105,2021-08-08 18:41:00,14,6,10,5,5,3,8,12,11,0,12,6,1,1.180532,2.181123,3.036783,1.374265,0.694749,0.993779,0.709947,0.42444,1
user_35106,2021-08-07 19:48:00,31,17,20,5,5,2,1,3,0,18,14,5,1,0.446932,2.687435,1.285359,2.150427,0.274428,1.261577,0.671547,0.21569,0
user_35107,2021-10-16 15:04:00,30,20,22,5,9,0,8,9,10,1,2,5,1,2.868389,1.095512,1.910321,2.563215,1.039658,3.639595,0.932088,0.728318,1
user_35108,2021-09-04 02:47:00,24,6,19,2,2,3,7,10,2,8,4,5,1,2.858039,2.44722,2.511856,4.309996,2.09718,3.534289,0.93626,0.315403,1
user_35109,2021-10-05 05:02:00,4,2,19,1,5,5,11,9,12,10,10,1,0,4.078158,2.27617,0.372034,3.431129,3.272137,1.343633,0.679845,0.518996,1
user_35110,2021-10-22 04:45:00,11,14,30,4,10,0,8,6,15,16,10,4,0,2.586266,4.628099,3.913415,0.542159,1.278707,1.190239,0.91458,0.890158,1
user_35111,2021-10-21 12:08:00,36,7,28,3,8,2,18,2,4,11,2,3,0,0.777726,1.707302,1.909951,2.354748,2.927981,4.569593,0.715105,0.461577,0
user_35112,2021-10-13 21:07:00,41,11,23,5,7,0,1,15,9,18,4,2,0,3.726516,4.371021,0.570594,4.240752,4.051386,1.704425,0.80518,0.530002,1
user_35113,2021-08-11 20:45:00,21,20,13,3,5,4,10,0,15,12,9,2,0,0.644791,0.674808,4.696302,3.095492,1.265513,4.188669,0.774504,0.88977,1
user_35114,2021-09-03 01:34:00,7,19,2,4,5,4,16,11,15,18,10,4,0,1.032923,1.857055,2.944091,1.360784,4.247789,4.86957,0.354992,0.93203,1
user_35115,2021-09-30 16:29:00,32,14,16,0,2,2,16,13,4,19,8,3,0,1.594683,0.92441,0.911658,2.920032,2.704905,1.62575,0.446395,0.330246,0
user_35116,2021-09-15 23:16:00,46,5,2,1,3,1,11,18,8,15,15,2,0,4.0542,1.375557,0.147734,1.712629,1.96908,0.500706,0.584255,0.674175,1
user_35117,2021-10-02 23:37:00,24,19,18,2,0,4,18,14,0,1,0,5,1,0.259641,1.952251,2.936893,0.397856,1.856717,1.816648,0.530939,0.817382,0
user_35118,2021-10-28 21:49:00,23,6,12,5,6,1,2,15,15,8,19,3,0,3.303684,3.778132,2.004455,1.196503,1.066214,0.76873,0.79801,0.294756,1
user_35119,2021-09-12 02:21:00,41,4,8,0,7,2,0,0,3,5,8,6,1,1.321184,1.671488,0.655157,4.642255,2.216857,0.341872,0.834471,0.409545,1
user_35120,2021-10-03 17:18:00,27,14,22,4,10,5,17,9,17,4,15,6,1,2.789827,3.753278,1.92004,3.51669,4.671663,3.753332,0.602858,0.507295,0
user_35121,2021-08-14 18:30:00,23,19,13,4,7,4,5,5,0,12,6,5,1,3.307443,4.012875,3.002042,1.565667,2.241087,0.48096,0.356247,0.601433,1
user_35122,2021-10-17 00:55:00,26,0,27,2,8,0,20,11,6,9,0,6,1,3.810549,4.085934,2.69019,1.950257,1.911299,0.55047,0.959668,0.587058,1
user_35123,2021-09-14 09:18:00,45,3,19,2,8,0,12,10,19,17,6,1,0,3.034996,1.127344,1.043141,2.401774,2.946778,2.586457,0.661947,0.59467,0
user_35124,2021-08-02 01:16:00,3,11,30,0,7,2,3,8,1,15,2,0,0,2.671385,4.646429,3.707332,0.820517,4.823469,4.079918,0.383343,0.867098,1
user_35125,2021-10-13 23:24:00,17,17,27,2,8,1,4,10,16,16,7,2,0,0.214804,2.689163,3.693515,0.53139,2.684204,3.246626,0.714828,0.937355,1
user_35126,2021-08-04 10:41:00,32,18,29,0,9,1,20,20,6,15,12,2,0,2.390601,4.699838,0.26129,4.408731,3.036593,3.215228,0.730064,0.756062,1
user_35127,2021-10-06 05:24:00,9,16,19,5,0,1,2,16,5,4,8,2,0,4.289128,1.895543,3.673006,4.299699,1.277651,4.975013,0.808015,0.60291,0
user_35128,2021-09-28 19:05:00,14,9,25,1,6,0,13,12,18,1,20,1,0,2.801078,2.927164,0.534032,1.068795,1.063108,0.422513,0.214509,0.399798,1
user_35129,2021-10-16 20:26:00,48,7,27,5,8,1,20,15,3,14,19,5,1,1.065636,2.439662,2.874285,0.144056,1.427646,2.691463,0.931818,0.791488,1
user_35130,2021-08-23 20:31:00,45,13,1,5,3,1,0,2,6,5,17,0,0,4.119554,3.39286,1.019451,3.650177,0.380138,1.475049,0.853035,0.307202,0
user_35131,2021-08-24 00:48:00,20,16,23,1,1,0,0,17,4,20,10,1,0,1.173413,2.151578,2.689012,0.494048,1.752153,3.641774,0.400113,0.849076,1
user_35132,2021-10-27 08:30:00,12,5,1,3,10,2,7,9,10,19,14,2,0,0.182569,4.06429,2.729776,0.334057,2.748829,3.741704,0.683468,0.787885,1
user_35133,2021-08-07 14:21:00,1,10,23,3,10,2,15,8,18,13,19,5,1,0.615367,2.473717,2.406969,4.961571,3.758802,3.37276,0.254394,0.819004,0
user_35134,2021-08-21 19:13:00,1,7,11,1,3,4,14,15,20,13,17,5,1,2.884952,2.524848,0.155869,3.290712,2.051394,4.804217,0.814904,0.48292,0
user_35135,2021-09-10 20:54:00,47,15,27,2,2,0,0,4,17,16,7,4,0,3.820988,4.018135,1.279854,1.739228,1.942409,3.753799,0.512097,0.259966,1
user_35136,2021-08-05 18:21:00,38,17,15,4,2,3,5,19,7,3,2,3,0,4.616464,0.241129,2.459907,4.849308,4.657918,3.242409,0.668992,0.641607,0
user_35137,2021-09-19 05:46:00,45,15,4,0,3,3,3,9,8,14,5,6,1,3.424277,2.336789,0.737983,0.153633,2.979574,4.229163,0.30604,0.584701,0
user_35138,2021-08-07 17:11:00,9,0,30,3,5,5,16,10,18,13,13,5,1,1.653088,2.445285,2.019703,3.979628,2.267331,3.889021,0.778962,0.654959,0
user_35139,2021-08-05 06:12:00,25,18,21,4,4,4,20,4,8,17,16,3,0,1.467656,3.40405,2.856388,1.455743,4.210458,0.180994,0.809813,0.866493,0
user_35140,2021-10-10 06:11:00,31,17,19,0,3,0,20,1,17,7,14,6,1,3.154638,1.996415,4.73269,2.270921,0.35337,4.002766,0.951478,0.380445,1
user_35141,2021-10-12 15:26:00,23,0,10,2,0,3,15,0,11,7,18,1,0,2.778722,3.978367,2.503077,4.809203,0.249027,1.573781,0.446833,0.246538,1
user_35142,2021-09-14 15:57:00,49,2,10,1,7,4,17,15,5,0,2,1,0,2.53925,3.671115,3.670417,2.154525,0.719424,1.992806,0.46708,0.813265,0
user_35143,2021-08-17 18:07:00,13,0,7,4,7,1,2,7,15,10,10,1,0,0.758279,1.363996,1.213955,0.131559,4.235339,2.379854,0.292504,0.469386,1
user_35144,2021-09-20 21:42:00,10,9,14,4,3,2,2,16,9,3,13,0,0,3.977813,3.157614,1.999112,2.046294,4.945775,4.878474,0.541428,0.605475,0
user_35145,2021-09-12 00:56:00,27,4,23,0,6,3,5,8,11,16,12,6,1,3.222822,0.546779,1.135687,3.463536,4.432166,4.245813,0.502356,0.238811,0
user_35146,2021-08-07 20:58:00,19,17,22,5,2,4,9,16,10,14,4,5,1,4.116478,2.016102,2.052734,0.559071,1.559453,1.696635,0.581466,0.751713,1
user_35147,2021-10-29 06:33:00,8,9,21,4,3,0,4,20,14,5,6,4,0,0.601834,2.492976,1.724989,1.345653,2.17682,2.134959,0.578206,0.333293,0
user_35148,2021-08-21 04:37:00,4,19,26,0,2,0,14,3,9,1,5,5,1,3.778985,4.893576,1.136566,0.761821,3.80129,1.657444,0.330071,0.86164,0
user_35149,2021-08-16 16:35:00,36,13,26,3,7,3,8,3,11,17,5,0,0,4.510133,1.890259,1.685016,1.553902,2.451742,1.243354,0.401481,0.814198,1
user_35150,2021-10-26 12:43:00,26,9,10,0,5,3,19,19,2,14,1,1,0,2.543188,2.47293,0.276438,0.504283,3.079477,4.104943,0.967977,0.647275,0
user_35151,2021-10-05 05:13:00,9,20,25,3,0,1,12,3,20,16,9,1,0,2.824552,0.177596,0.281255,3.768383,1.575138,4.257405,0.848067,0.464127,1
user_35152,2021-09-10 20:15:00,19,11,11,0,6,3,1,2,7,5,3,4,0,3.926187,1.479916,1.732475,3.776295,2.970744,4.526381,0.425851,0.82006,0
user_35153,2021-08-08 11:06:00,3,5,12,0,9,5,7,20,9,11,11,6,1,1.137621,2.95718,4.590604,3.424859,2.595222,4.496117,0.789557,0.836762,1
user_35154,2021-09-13 07:30:00,17,12,26,5,9,4,11,18,10,5,7,0,0,4.828955,2.602153,1.829374,3.155248,2.554026,4.184755,0.999538,0.622637,1
user_35155,2021-10-24 06:30:00,8,2,27,0,6,3,9,4,17,19,20,6,1,0.730321,4.489705,0.530767,1.412964,3.020915,1.222187,0.24372,0.322586,0
user_35156,2021-09-01 09:09:00,32,3,30,3,4,2,6,15,15,7,16,2,0,3.713064,3.041014,3.223971,4.963991,2.876526,2.265801,0.68953,0.871189,0
user_35157,2021-08-08 13:45:00,44,9,23,0,0,2,7,1,6,13,8,6,1,4.695664,3.587414,1.19487,1.242873,2.265204,3.729755,0.976302,0.786464,0
user_35158,2021-09-09 14:30:00,21,0,15,2,5,5,12,13,18,9,6,3,0,0.790077,3.149913,2.039825,2.399923,2.66836,1.151973,0.251911,0.490813,0
user_35159,2021-09-17 17:47:00,35,9,21,4,8,0,18,11,18,12,10,4,0,0.837808,0.17249,3.231212,2.515807,2.138754,0.246661,0.204765,0.39824,0
user_35160,2021-08-23 20:35:00,44,5,11,5,8,0,17,10,14,5,10,0,0,0.295278,0.905756,0.272273,1.623857,0.794933,2.493275,0.791742,0.935458,1
user_35161,2021-09-20 18:14:00,28,5,18,1,5,1,5,7,0,14,3,0,0,0.643189,3.566028,2.103864,4.396911,3.885426,1.826006,0.49336,0.972524,0
user_35162,2021-09-22 19:00:00,35,15,6,1,1,4,7,10,11,13,8,2,0,2.42321,4.932972,4.039527,3.634643,2.072458,4.708471,0.538321,0.875282,0
user_35163,2021-10-11 20:35:00,1,11,21,1,0,4,10,3,3,19,12,0,0,2.516324,3.676038,1.91328,3.995449,2.947327,4.810331,0.338428,0.220779,0
user_35164,2021-10-28 23:21:00,1,5,6,4,0,1,3,15,8,5,10,3,0,2.695422,3.03465,4.431021,2.425732,4.16598,4.154365,0.789792,0.783219,1
user_35165,2021-08-06 04:15:00,43,5,11,0,9,4,19,1,16,0,4,4,0,2.904628,0.568227,2.225501,0.630842,3.307807,3.991898,0.751232,0.757118,1
user_35166,2021-09-04 15:24:00,26,1,18,2,4,0,8,0,9,2,14,5,1,0.545963,3.176545,2.894615,3.721051,0.930465,1.18108,0.758047,0.431887,0
user_35167,2021-08-31 00:23:00,17,4,30,2,7,4,13,17,4,8,2,1,0,4.793622,2.079632,3.540315,0.468656,0.837535,0.207199,0.243314,0.82345,0
user_35168,2021-09-29 00:31:00,35,7,25,3,3,1,1,4,14,15,19,2,0,2.367954,4.219007,4.759791,1.499412,3.478978,4.825045,0.346659,0.682898,1
user_35169,2021-10-25 19:02:00,15,7,16,5,6,3,15,9,11,0,7,0,0,0.621384,2.617387,3.02025,4.512625,3.144044,1.260005,0.21944,0.308171,1
user_35170,2021-09-05 12:01:00,27,18,15,4,8,2,18,20,15,9,13,6,1,1.613551,2.057158,2.289851,4.438723,2.470355,2.805569,0.921568,0.578324,1
user_35171,2021-09-27 16:11:00,19,13,7,3,1,1,9,15,13,5,20,0,0,1.676638,2.20455,2.140475,4.650388,2.895186,1.131221,0.808303,0.954957,0
user_35172,2021-08-15 15:24:00,10,1,10,1,3,5,17,19,17,1,20,6,1,3.260928,0.671011,3.273147,3.608107,1.908042,0.492851,0.693066,0.323946,0
user_35173,2021-08-02 20:03:00,21,18,14,1,2,1,5,7,12,2,18,0,0,3.473082,2.401192,0.969467,4.233793,3.696909,3.988618,0.903344,0.379011,1
user_35174,2021-08-02 08:54:00,28,2,25,5,7,1,6,11,14,4,1,0,0,4.96689,1.326203,3.184409,3.211932,1.341441,1.852797,0.393486,0.429765,1
user_35175,2021-10-07 08:22:00,23,3,21,1,7,4,10,13,0,1,9,3,0,4.300838,4.208563,4.248738,3.85378,3.67155,4.174686,0.311214,0.996293,0
user_35176,2021-08-29 23:30:00,20,18,18,3,8,4,11,4,8,5,13,6,1,1.95912,2.640358,3.760584,2.30973,0.34191,0.441058,0.973353,0.882333,1
user_35177,2021-10-07 00:22:00,9,10,30,2,2,4,10,2,12,14,3,3,0,4.582609,4.143502,3.905425,4.93625,0.827915,1.845418,0.273925,0.423063,1
user_35178,2021-08-05 06:24:00,7,14,24,4,5,0,11,12,0,5,20,3,0,4.805633,3.895094,0.787857,1.090333,2.087765,3.962322,0.449414,0.870849,0
user_35179,2021-09-23 16:09:00,15,16,8,1,2,3,17,14,16,2,10,3,0,3.215754,4.156855,0.354241,3.886292,4.931473,4.178427,0.640824,0.300166,0
user_35180,2021-10-04 00:23:00,11,17,15,5,7,2,11,19,6,1,14,0,0,2.268677,1.828942,4.556883,4.632434,0.634308,4.942027,0.842597,0.943175,1
user_35181,2021-08-08 09:39:00,21,11,1,0,5,2,17,2,8,13,2,6,1,2.809688,1.121937,1.77205,3.01268,1.95167,4.509221,0.317873,0.311616,0
user_35182,2021-10-29 06:27:00,1,16,1,5,5,3,1,0,0,4,16,4,0,3.527753,2.160226,4.716982,1.655562,3.446038,3.679988,0.990272,0.2947,0
user_35183,2021-09-04 09:45:00,31,11,30,5,9,3,11,7,11,11,6,5,1,4.805378,4.11229,4.308496,2.897819,3.368165,1.697318,0.999758,0.516089,1
user_35184,2021-08-23 21:20:00,48,18,21,0,1,2,3,16,1,16,5,0,0,4.292716,1.447508,1.717675,3.552472,1.574077,3.593276,0.438299,0.715053,1
user_35185,2021-09-13 04:54:00,16,2,18,4,5,4,12,17,10,19,13,0,0,3.307408,3.814199,4.941221,3.181778,1.326606,0.869917,0.721841,0.574378,1
user_35186,2021-09-11 05:40:00,9,6,7,1,9,4,9,19,9,16,13,5,1,0.32889,4.197422,2.541345,3.068408,4.15863,2.306206,0.428982,0.983426,0
user_35187,2021-08-07 08:58:00,21,20,28,2,9,4,17,6,14,14,12,5,1,3.967766,2.138612,0.437398,0.151145,2.34249,0.491635,0.561151,0.77572,1
user_35188,2021-08-19 06:57:00,21,2,14,0,4,2,10,15,6,3,18,3,0,0.278605,3.302193,2.559173,1.577922,4.342099,0.651851,0.828768,0.357385,1
user_35189,2021-10-08 13:47:00,45,18,9,4,7,3,11,1,16,16,10,4,0,3.975107,3.429485,4.287339,0.757069,0.249127,4.132201,0.727285,0.485087,0
user_35190,2021-08-26 13:13:00,47,19,30,5,0,5,11,17,5,2,8,3,0,4.04041,0.283172,3.613828,4.813049,2.163741,0.211864,0.438564,0.852185,1
user_35191,2021-08-21 08:58:00,21,20,18,4,1,2,16,17,5,16,19,5,1,0.939459,1.488784,0.679241,2.913943,1.112469,1.733809,0.774202,0.798137,0
user_35192,2021-10-28 01:42:00,21,16,26,5,7,3,3,14,12,9,1,3,0,4.851442,0.508911,1.593937,4.150145,3.084198,4.70526,0.752526,0.303768,0
user_35193,2021-09-20 02:10:00,49,18,20,1,0,2,12,1,13,1,14,0,0,0.437337,0.981677,4.568887,0.209295,4.129651,3.138463,0.354201,0.908718,0
user_35194,2021-09-28 15:08:00,5,19,30,1,5,2,16,11,6,4,0,1,0,4.099136,2.864025,4.639114,4.647925,2.764897,2.091145,0.313803,0.951811,0
user_35195,2021-09-21 04:24:00,23,14,5,4,4,5,5,15,8,5,16,1,0,2.379875,3.049424,1.636875,1.045885,1.653641,1.243235,0.696705,0.456353,1
user_35196,2021-10-19 16:52:00,43,5,26,2,5,2,1,20,20,2,9,1,0,3.343165,2.04288,0.288706,1.568398,4.210883,3.192214,0.922058,0.621014,1
user_35197,2021-10-11 17:15:00,30,16,22,1,10,0,14,6,8,15,3,0,0,2.437044,4.701594,0.531299,0.896222,0.908854,0.483959,0.932001,0.996816,1
user_35198,2021-08-15 08:17:00,32,20,16,5,9,0,2,8,9,4,18,6,1,3.854967,0.744384,0.746952,3.799836,1.34022,2.351975,0.705962,0.213723,1
user_35199,2021-10-17 12:28:00,8,11,9,5,10,4,0,15,17,9,16,6,1,1.530803,0.629409,1.800397,2.261801,3.001796,2.844559,0.389584,0.585049,1
user_35200,2021-10-26 15:00:00,22,17,19,5,1,1,7,0,9,13,4,1,0,3.6449,4.833145,1.911059,3.353907,1.441093,2.702078,0.520805,0.269436,1
user_35201,2021-09-15 02:50:00,12,10,25,1,5,0,12,18,10,17,8,2,0,3.537036,2.290382,3.713116,4.879702,1.778314,1.913049,0.519029,0.30334,0
user_35202,2021-09-14 19:16:00,20,2,26,3,3,4,3,5,13,19,17,1,0,2.422653,4.974334,3.017396,0.795723,4.678338,2.827215,0.660936,0.652039,1
user_35203,2021-09-05 06:24:00,9,16,12,1,6,2,9,3,12,6,2,6,1,4.548387,2.676982,2.953229,3.004439,3.302725,2.326302,0.709889,0.683018,1
user_35204,2021-09-03 03:54:00,44,8,9,4,8,3,9,10,10,17,18,4,0,4.052357,3.38071,2.109201,1.207225,1.321845,3.260007,0.212391,0.28101,1
user_35205,2021-09-13 17:18:00,27,10,16,4,3,5,11,9,10,6,17,0,0,2.647203,2.826779,3.673633,1.497697,4.244981,0.514537,0.774579,0.366538,0
user_35206,2021-08-21 22:32:00,4,20,11,2,8,1,10,10,9,5,4,5,1,3.589314,3.005649,4.815127,2.797353,4.738654,4.731793,0.855833,0.434167,0
user_35207,2021-09-05 18:34:00,16,9,4,1,1,3,18,5,0,6,5,6,1,4.652028,1.213467,0.156403,2.112946,3.388205,2.049927,0.913393,0.523143,0
user_35208,2021-09-22 17:32:00,16,12,25,3,7,2,19,15,8,19,14,2,0,4.206663,3.145261,1.630006,2.717614,3.134512,1.664432,0.573368,0.436378,1
user_35209,2021-09-24 23:51:00,22,16,28,5,2,0,20,10,12,7,1,4,0,3.216365,3.343775,0.232975,0.318988,4.430582,0.737171,0.786215,0.526918,1
user_35210,2021-08-26 15:23:00,21,9,1,4,3,5,19,15,17,5,15,3,0,3.14249,3.678966,4.607679,1.997245,0.399446,4.444788,0.487006,0.330669,1
user_35211,2021-08-06 01:18:00,7,19,23,5,5,3,2,9,2,2,3,4,0,0.165479,1.870688,0.621132,4.229039,2.139069,2.951506,0.969985,0.822967,1
user_35212,2021-09-19 11:25:00,49,15,20,4,7,1,13,11,6,12,9,6,1,2.701099,4.259529,1.318811,4.321417,0.970053,3.744813,0.642803,0.790113,1
user_35213,2021-10-24 02:19:00,34,11,3,2,6,5,20,17,3,20,15,6,1,1.305217,4.002134,1.832336,1.89832,0.144943,0.537906,0.605394,0.672181,1
user_35214,2021-09-28 01:02:00,7,0,6,1,3,5,18,12,14,14,15,1,0,1.767888,3.068373,1.168418,2.108223,0.827965,0.788021,0.902915,0.252848,0
user_35215,2021-10-09 21:54:00,44,15,22,4,9,5,9,4,4,10,19,5,1,1.038287,1.573485,1.498812,2.931827,1.019828,3.718371,0.207201,0.506781,1
user_35216,2021-09-08 19:00:00,6,2,25,4,5,4,18,5,14,6,5,2,0,0.941469,2.77486,1.981363,3.197306,3.190038,0.501841,0.795368,0.252054,1
user_35217,2021-09-23 16:00:00,39,18,6,4,5,4,3,10,20,18,4,3,0,0.238723,4.091617,1.579686,0.847142,2.118286,2.010067,0.693245,0.788333,0
user_35218,2021-09-22 07:30:00,1,15,25,5,5,0,15,0,7,8,17,2,0,0.666846,2.350897,4.658565,0.45929,4.833717,3.934223,0.856391,0.412425,0
user_35219,2021-10-14 07:50:00,18,14,22,2,3,1,0,17,12,8,10,3,0,4.191665,3.562152,0.17483,2.146505,1.913054,1.654248,0.863063,0.846347,1
user_35220,2021-08-16 18:57:00,36,13,24,4,9,1,19,14,15,4,16,0,0,1.93678,4.485368,3.964081,3.990805,3.222531,1.738976,0.734016,0.974073,0
user_35221,2021-08-09 21:52:00,1,12,2,3,6,0,2,6,19,7,1,0,0,4.323409,2.527713,2.000437,1.860678,3.42982,1.056496,0.719385,0.743828,1
user_35222,2021-10-25 16:23:00,47,15,5,5,10,4,13,2,15,13,17,0,0,4.661203,1.523015,4.23943,0.798419,4.559948,0.993227,0.295375,0.474615,1
user_35223,2021-10-13 11:02:00,12,0,15,1,3,3,16,17,0,7,4,2,0,4.883058,2.664383,4.356209,1.980299,3.780428,1.185882,0.991408,0.436275,1
user_35224,2021-10-19 22:12:00,18,14,2,1,3,0,10,3,17,4,19,1,0,4.834361,3.247795,4.24979,3.507672,1.734565,1.798051,0.580569,0.586948,0
user_35225,2021-09-15 12:07:00,2,7,18,1,10,1,18,12,11,11,13,2,0,0.538033,3.646493,3.302653,1.296635,4.061637,2.618033,0.259864,0.936967,0
user_35226,2021-09-08 08:27:00,6,11,22,3,0,0,4,13,13,4,3,2,0,4.826438,4.972953,2.676552,0.374856,3.0998,1.22581,0.912076,0.792568,1
user_35227,2021-08-02 11:11:00,13,12,13,2,10,5,1,18,18,8,3,0,0,4.638767,4.917586,0.797562,2.372504,3.520958,3.575258,0.344982,0.658537,0
user_35228,2021-08-05 21:35:00,43,8,24,4,8,2,11,16,16,5,4,3,0,0.642393,0.460913,1.356337,4.920628,2.286347,0.644327,0.67772,0.354273,0
user_35229,2021-08-04 00:32:00,34,2,11,0,5,5,17,6,10,15,6,2,0,2.193919,1.982094,3.015873,4.357282,3.942153,0.507901,0.591155,0.593041,1
user_35230,2021-10-26 21:47:00,1,14,20,2,7,0,5,1,15,14,2,1,0,2.947042,1.439034,3.696003,3.928814,3.460149,1.112706,0.843012,0.479298,1
user_35231,2021-10-04 01:14:00,13,4,9,5,0,2,3,6,4,18,7,0,0,3.714094,3.695693,1.644662,3.373605,4.552719,2.284349,0.4471,0.537781,1
user_35232,2021-08-23 18:40:00,8,8,24,2,1,0,9,16,9,12,15,0,0,2.009224,3.311134,3.36356,1.572676,3.564604,4.282701,0.501257,0.825643,1
user_35233,2021-10-20 06:29:00,39,10,8,0,5,3,3,0,5,10,20,2,0,0.495155,1.312927,3.037893,4.633809,1.32815,4.710294,0.285336,0.871814,1
user_35234,2021-09-17 22:52:00,12,0,3,3,4,0,11,1,2,17,8,4,0,0.959375,1.51789,2.377586,4.94675,1.516021,4.257144,0.957488,0.3298,0
user_35235,2021-10-27 07:41:00,41,5,17,5,5,0,13,17,20,10,18,2,0,2.386752,3.102785,4.722064,1.303498,0.505298,3.239471,0.262472,0.612988,0
user_35236,2021-08-11 23:34:00,5,11,6,1,5,1,16,16,6,9,5,2,0,0.523726,2.605829,3.937045,3.05455,4.901557,3.709197,0.225622,0.756465,0
user_35237,2021-08-10 18:46:00,30,3,7,1,5,3,9,10,11,7,11,1,0,4.532985,4.977087,2.054679,2.24373,3.613622,0.579359,0.665538,0.541093,0
user_35238,2021-09-10 02:52:00,11,3,30,4,5,5,7,1,17,6,9,4,0,0.984627,3.622081,4.279435,0.862281,0.327139,0.298533,0.733243,0.932688,0
user_35239,2021-10-09 00:27:00,27,15,22,3,10,4,11,0,3,20,0,5,1,3.824698,4.087365,4.349037,0.14028,4.618004,2.86608,0.669016,0.507421,0
user_35240,2021-08-08 08:32:00,22,1,8,1,9,4,3,11,2,11,10,6,1,1.012618,1.808136,1.548515,3.903547,1.32976,0.932816,0.25424,0.351894,0
user_35241,2021-08-13 00:24:00,32,1,21,3,4,1,0,12,8,10,12,4,0,4.940078,0.476073,1.036141,0.739323,4.928287,2.912895,0.54075,0.502612,1
user_35242,2021-08-19 21:19:00,2,9,17,2,3,5,11,7,19,5,18,3,0,4.577496,1.581698,1.795332,4.876261,2.706691,4.365688,0.331841,0.833013,0
user_35243,2021-10-09 12:07:00,27,6,13,0,7,5,5,5,4,5,18,5,1,1.786079,1.195494,2.897547,1.453687,3.970192,3.335653,0.537245,0.293237,0
user_35244,2021-08-25 01:46:00,9,15,11,4,8,1,14,10,13,12,3,2,0,2.071767,1.141955,4.857829,1.744161,0.446047,2.596292,0.227461,0.97656,1
user_35245,2021-09-16 20:13:00,11,5,1,4,10,1,3,10,8,4,8,3,0,1.095968,1.037665,0.796948,4.926624,0.432753,3.242988,0.624924,0.57179,0
user_35246,2021-08-02 04:19:00,16,19,12,2,7,4,16,0,5,5,13,0,0,0.506545,3.749355,1.005454,1.396928,0.639791,0.605522,0.798739,0.523444,0
user_35247,2021-08-26 06:19:00,26,19,13,0,9,0,5,13,14,16,12,3,0,0.59573,4.326069,2.644932,4.963188,4.06446,2.890562,0.205667,0.503584,0
user_35248,2021-09-26 15:07:00,1,17,4,0,1,3,19,20,17,10,19,6,1,2.789064,1.932141,3.993935,4.4372,1.529513,2.905675,0.464245,0.838489,0
user_35249,2021-09-29 07:52:00,19,18,25,5,4,0,6,4,4,15,6,2,0,4.46584,0.652806,2.171475,0.625383,0.484173,2.648419,0.470433,0.607847,0
user_35250,2021-10-08 18:23:00,47,0,12,3,8,3,3,9,7,7,17,4,0,3.107844,2.8515,3.829819,0.639354,0.445033,3.179998,0.209305,0.885311,1
user_35251,2021-08-23 20:32:00,16,4,15,5,3,2,9,12,11,9,9,0,0,4.139318,2.020572,1.520229,3.938802,2.624826,1.157546,0.53841,0.845914,0
user_35252,2021-09-05 22:40:00,30,4,12,2,9,3,7,11,4,0,13,6,1,3.184395,1.973668,0.182087,3.402615,2.208777,3.221518,0.749954,0.589979,0
user_35253,2021-09-06 07:42:00,42,5,18,5,3,0,13,12,11,2,18,0,0,3.881942,3.254264,2.225462,1.190176,2.40152,3.054217,0.666697,0.420065,1
user_35254,2021-09-18 11:13:00,46,5,10,3,5,4,12,13,11,13,14,5,1,2.132383,2.057225,4.748686,4.950541,2.371049,2.128868,0.53349,0.83957,1
user_35255,2021-10-27 22:53:00,2,18,19,3,6,5,3,17,19,13,12,2,0,2.538266,1.397529,2.296353,2.511421,0.91462,3.430137,0.286647,0.79453,0
user_35256,2021-08-12 15:03:00,34,10,23,3,1,4,20,20,2,1,5,3,0,3.243641,2.716507,1.490607,3.502379,1.358629,2.99272,0.724852,0.630015,0
user_35257,2021-09-28 08:22:00,33,2,14,0,9,4,5,13,19,13,10,1,0,2.002657,2.417075,2.021461,4.014806,0.93106,1.110221,0.500882,0.31964,1
user_35258,2021-10-03 15:27:00,28,20,3,0,1,2,15,18,1,19,14,6,1,4.246978,1.565039,0.110623,0.610777,4.084245,0.810814,0.266371,0.35423,0
user_35259,2021-08-05 07:10:00,27,9,15,4,1,4,5,2,12,3,18,3,0,4.935178,0.304555,0.71567,0.70206,1.07944,3.645758,0.58308,0.383755,0
user_35260,2021-08-26 03:28:00,41,1,7,1,0,5,5,8,16,12,19,3,0,0.273092,0.345648,3.277895,4.644893,2.374645,2.256562,0.200864,0.23079,0
user_35261,2021-09-08 22:34:00,38,7,26,2,7,3,17,5,12,13,15,2,0,2.070695,4.827583,4.023481,0.74542,1.753691,3.715973,0.96367,0.838792,1
user_35262,2021-09-25 18:57:00,41,0,4,5,2,4,1,18,9,8,7,5,1,1.5059,0.826694,0.347536,3.362933,1.723872,2.563419,0.714992,0.774694,0
user_35263,2021-08-19 14:59:00,15,8,25,5,5,2,13,20,12,1,11,3,0,0.447689,1.669706,2.243988,3.28628,0.220676,1.605924,0.973275,0.796179,0
user_35264,2021-10-23 02:15:00,16,15,5,1,2,4,8,15,18,10,17,5,1,0.779773,4.416847,2.860657,0.905403,3.365191,0.117007,0.49736,0.95575,0
user_35265,2021-09-02 05:31:00,49,16,19,4,4,0,13,13,20,9,2,3,0,0.800369,2.740011,3.707867,2.576399,1.315964,1.21993,0.22326,0.354245,1
user_35266,2021-09-06 19:45:00,22,16,1,2,1,2,8,11,1,18,15,0,0,0.944598,4.952239,2.351698,3.330898,3.315607,4.670152,0.482969,0.363331,0
user_35267,2021-10-14 15:21:00,3,7,21,0,1,4,10,16,0,19,14,3,0,1.195478,0.28762,3.84992,3.253686,2.274926,1.336861,0.930964,0.87026,0
user_35268,2021-08-05 23:58:00,13,10,21,2,5,5,5,5,11,5,13,3,0,2.514544,2.227566,3.922129,1.455979,4.887028,2.507587,0.608332,0.427204,0
user_35269,2021-08-29 14:40:00,49,4,26,3,7,3,6,12,9,13,12,6,1,0.992358,3.638329,0.961946,3.593947,1.97635,0.336627,0.372196,0.934566,1
user_35270,2021-10-17 16:13:00,11,6,18,2,6,1,9,10,3,8,4,6,1,2.462204,1.479789,1.436185,4.488493,1.759286,4.717207,0.871293,0.545283,0
user_35271,2021-09-21 17:20:00,48,3,2,1,0,0,13,2,4,18,18,1,0,2.497527,4.211636,1.851353,2.991518,4.623318,2.750926,0.560442,0.507361,0
user_35272,2021-08-06 06:17:00,39,6,25,4,9,0,20,15,4,13,5,4,0,0.326306,1.213464,4.646239,3.29287,1.008546,2.795772,0.964338,0.491761,1
user_35273,2021-10-26 10:09:00,31,15,19,0,0,0,13,6,17,11,12,1,0,3.74792,0.879637,0.294374,4.961487,0.757507,2.73015,0.58754,0.707226,1
user_35274,2021-08-31 20:15:00,14,5,22,4,10,1,2,8,1,19,15,1,0,0.386865,2.263351,4.598679,3.965003,3.352871,4.994082,0.37848,0.743579,1
user_35275,2021-08-08 03:18:00,45,19,20,2,9,3,15,0,10,19,6,6,1,4.177081,2.792155,3.585704,1.154324,3.485973,3.729941,0.290798,0.636204,1
user_35276,2021-10-12 16:24:00,8,9,30,3,4,4,10,18,14,8,13,1,0,1.612034,0.727557,4.942522,1.583327,3.609453,2.025135,0.304785,0.942021,0
user_35277,2021-10-06 10:16:00,47,20,13,0,1,5,17,7,16,7,20,2,0,4.143726,3.726063,3.835301,1.553232,2.120547,0.116987,0.799178,0.405748,0
user_35278,2021-10-19 20:42:00,22,6,1,3,10,3,1,20,2,14,0,1,0,0.380343,1.164073,0.912632,1.196305,0.788671,4.727735,0.330785,0.567884,0
user_35279,2021-10-06 22:45:00,15,2,18,4,4,2,10,2,16,0,20,2,0,4.134238,0.379309,2.163379,1.744785,3.480762,1.432479,0.34654,0.298715,0
user_35280,2021-08-10 07:55:00,4,14,10,0,6,3,2,8,5,4,15,1,0,2.224974,2.129077,3.351413,3.110682,3.549841,4.565513,0.976921,0.385401,0
user_35281,2021-10-03 06:46:00,18,0,19,2,6,2,2,9,3,12,18,6,1,3.849466,4.805769,2.663392,0.136488,1.745363,3.944924,0.669561,0.514837,1
user_35282,2021-10-06 14:51:00,47,12,25,1,10,0,6,0,6,2,14,2,0,4.60642,1.706015,4.968353,0.272915,4.953576,0.705686,0.639953,0.531695,1
user_35283,2021-09-11 05:03:00,23,2,7,0,10,4,11,11,1,6,9,5,1,4.376103,0.770703,1.107953,1.891437,1.626708,2.162031,0.667796,0.973409,0
user_35284,2021-09-20 19:12:00,42,0,9,5,7,1,17,18,15,17,20,0,0,2.620521,1.302814,1.423503,1.305433,0.72066,2.632068,0.508069,0.894774,1
user_35285,2021-08-17 20:29:00,19,4,8,2,3,3,1,8,19,13,5,1,0,0.54725,0.251455,1.844442,0.99676,1.898889,3.875264,0.883684,0.34393,0
user_35286,2021-08-12 20:02:00,48,17,30,0,9,5,1,20,4,12,9,3,0,4.936166,4.62105,4.994283,0.95199,4.200011,3.483934,0.620128,0.601979,1
user_35287,2021-10-11 13:30:00,37,18,27,3,7,5,7,1,19,14,5,0,0,1.243012,4.255883,3.705893,1.45938,2.431657,2.258329,0.679083,0.52465,0
user_35288,2021-09-14 21:34:00,31,9,15,3,2,3,9,1,10,8,10,1,0,3.14428,3.904638,1.124675,4.972656,4.009356,4.510405,0.995017,0.932775,1
user_35289,2021-08-23 02:11:00,5,15,27,0,9,0,18,4,5,16,7,0,0,4.145004,4.43114,4.506759,3.258909,3.179791,1.953147,0.465576,0.865881,0
user_35290,2021-08-01 04:33:00,47,20,21,3,0,4,3,13,12,15,6,6,1,2.314409,0.132791,1.704758,1.421524,3.678769,4.818699,0.706379,0.925566,1
user_35291,2021-08-01 22:44:00,15,5,18,2,9,5,16,9,18,18,18,6,1,1.9834,0.27321,2.747394,3.506307,1.68652,1.843034,0.974259,0.902436,1
user_35292,2021-09-23 16:20:00,41,12,24,4,4,4,6,17,13,8,19,3,0,0.808983,0.939853,3.443463,4.50876,1.796492,2.737428,0.582153,0.318695,1
user_35293,2021-09-25 11:41:00,20,14,2,1,0,4,2,6,16,7,20,5,1,1.9569,1.142454,1.865495,3.681036,2.580741,1.523724,0.429732,0.763603,0
user_35294,2021-09-22 08:19:00,32,18,6,0,4,2,17,11,19,20,14,2,0,2.976954,3.570651,2.266275,0.11137,4.860306,1.304181,0.353328,0.393347,1
user_35295,2021-10-06 16:42:00,35,7,5,2,0,3,19,10,13,19,11,2,0,2.800977,3.092784,4.979835,2.200429,2.094328,1.041811,0.719481,0.227422,1
user_35296,2021-09-03 21:36:00,10,15,27,1,2,0,9,5,3,3,12,4,0,4.115169,3.872618,0.812125,0.916724,1.627223,3.634463,0.40088,0.299165,0
user_35297,2021-09-02 06:26:00,18,11,3,1,9,5,13,7,9,14,8,3,0,4.400508,2.737548,3.560765,3.123451,4.259146,2.765885,0.242546,0.257445,1
user_35298,2021-08-06 04:45:00,47,4,5,4,0,2,5,18,5,7,1,4,0,3.154942,1.909486,0.954109,1.275239,0.718094,3.369513,0.5519,0.736239,0
user_35299,2021-08-19 07:41:00,19,6,11,1,10,3,10,2,3,8,7,3,0,2.368166,2.608816,3.624308,4.871023,2.398984,0.78196,0.35132,0.658968,1
user_35300,2021-08-30 03:56:00,47,9,22,2,3,4,5,2,8,1,11,0,0,4.630079,2.553279,2.042149,0.382184,2.609422,2.284888,0.668912,0.599766,0
user_35301,2021-09-25 23:27:00,29,3,26,5,2,5,9,12,12,17,1,5,1,4.015664,1.784606,1.151975,1.386955,3.157229,3.101239,0.863295,0.22516,1
user_35302,2021-10-14 00:45:00,34,1,9,2,4,5,4,18,12,1,14,3,0,4.466629,3.905796,1.144998,1.108457,2.460754,3.737266,0.742867,0.974503,0
user_35303,2021-10-27 19:20:00,9,18,22,4,3,2,3,7,8,14,11,2,0,2.013342,2.503002,3.920573,0.424993,3.108976,0.211843,0.732525,0.231124,1
user_35304,2021-08-16 03:03:00,7,2,13,0,7,4,19,1,6,17,12,0,0,4.364559,0.510201,0.265161,2.59693,2.717613,2.749912,0.946354,0.250042,0
user_35305,2021-08-10 01:56:00,10,2,20,0,8,5,12,14,15,1,11,1,0,2.846635,2.253556,0.592124,2.473131,2.524052,1.463967,0.903562,0.739546,1
user_35306,2021-09-08 06:42:00,27,14,18,3,8,0,3,2,11,6,9,2,0,4.666827,0.961898,1.362929,0.568154,0.527127,2.258969,0.681017,0.924663,0
user_35307,2021-10-02 11:59:00,36,4,11,1,5,4,5,16,1,14,10,5,1,1.199586,0.22173,1.462594,0.150674,1.441855,2.659316,0.447152,0.943311,1
user_35308,2021-09-22 05:13:00,5,15,21,0,6,2,6,3,18,18,14,2,0,3.995734,3.634889,0.131167,0.752404,0.999255,4.531007,0.985189,0.251756,0
user_35309,2021-08-27 09:28:00,21,2,29,4,0,3,18,17,17,14,10,4,0,0.205071,1.608663,0.353947,3.457631,2.841655,1.115209,0.990399,0.972797,0
user_35310,2021-08-18 11:26:00,13,19,23,3,7,2,18,11,15,1,8,2,0,3.730689,3.602297,2.51163,0.906568,2.424294,1.060706,0.277039,0.485214,0
user_35311,2021-10-29 17:51:00,2,2,16,2,1,2,6,5,18,9,18,4,0,4.176931,0.57722,3.076236,2.10955,0.592525,1.555637,0.854619,0.809504,0
user_35312,2021-08-18 11:44:00,50,15,19,0,7,1,3,2,11,14,19,2,0,0.767358,4.854617,3.217732,4.978953,0.489952,2.748084,0.492567,0.719568,0
user_35313,2021-10-12 10:13:00,8,16,7,1,6,4,9,3,20,5,1,1,0,2.851456,1.03025,3.393776,1.079838,3.016924,0.427994,0.988713,0.832163,1
user_35314,2021-10-27 10:11:00,12,4,29,3,6,1,4,10,0,18,13,2,0,2.301092,3.018881,1.940337,3.064401,2.760283,2.234619,0.905839,0.235647,0
user_35315,2021-10-22 17:09:00,48,4,29,3,3,4,14,1,8,1,6,4,0,4.369256,3.365571,4.025786,1.371057,2.977406,3.636018,0.22696,0.783633,0
user_35316,2021-09-25 11:21:00,41,3,4,0,5,0,19,15,16,1,4,5,1,1.38328,4.456435,3.181904,2.096543,3.604785,0.663531,0.838498,0.506371,0
user_35317,2021-10-29 13:37:00,8,12,14,2,3,4,7,18,7,17,6,4,0,3.783082,2.802707,3.370439,3.630157,0.235987,2.736935,0.413328,0.656938,0
user_35318,2021-10-19 17:36:00,10,5,22,4,0,1,1,16,13,6,14,1,0,1.482433,3.17775,2.16846,2.89478,1.681163,3.698923,0.971186,0.802028,0
user_35319,2021-09-29 14:56:00,48,11,23,2,3,3,8,10,14,12,7,2,0,0.319308,2.414325,2.180457,0.995026,1.379744,2.161262,0.79635,0.291026,1
user_35320,2021-09-28 09:18:00,1,1,13,1,0,5,20,20,19,10,6,1,0,4.650606,3.761117,2.00944,2.321893,1.764379,1.711991,0.64334,0.809754,0
user_35321,2021-08-28 01:44:00,27,18,2,0,6,1,10,2,10,4,6,5,1,2.536901,0.767083,2.43276,1.145026,4.930856,4.008981,0.677,0.207778,0
user_35322,2021-10-09 20:41:00,35,5,11,4,8,2,1,19,12,12,13,5,1,0.733033,3.26489,3.508039,3.691194,0.509545,2.44886,0.416464,0.847587,1
user_35323,2021-10-15 11:32:00,32,19,29,3,9,1,18,11,7,15,20,4,0,4.955966,2.001037,1.094993,3.555092,4.80945,3.71332,0.366518,0.434357,0
user_35324,2021-08-01 16:29:00,3,16,28,3,5,3,0,5,19,3,7,6,1,4.130113,3.818537,0.163415,3.171987,1.674856,3.06611,0.206871,0.853159,1
user_35325,2021-08-04 21:55:00,8,7,11,3,4,2,18,10,19,0,5,2,0,1.232637,4.326736,4.382659,1.350716,2.535313,3.203345,0.538719,0.533579,1
user_35326,2021-10-12 11:46:00,9,10,20,3,2,4,6,6,18,18,18,1,0,2.123238,0.638251,0.995929,3.011507,4.491679,2.482977,0.550624,0.99334,1
user_35327,2021-08-13 09:30:00,19,15,27,2,10,5,0,10,16,15,4,4,0,0.61723,0.151705,2.772972,3.684932,4.183019,3.575051,0.754166,0.706514,0
user_35328,2021-08-30 13:22:00,48,10,30,0,10,0,1,20,10,3,11,0,0,1.295262,4.104349,2.871492,2.724465,0.530419,4.962681,0.662177,0.925018,0
user_35329,2021-09-06 02:18:00,25,11,21,3,8,2,3,14,16,0,11,0,0,1.041447,0.431043,2.753861,3.190778,0.421192,4.812261,0.700452,0.694835,0
user_35330,2021-08-10 11:05:00,16,14,29,0,0,5,8,8,13,1,17,1,0,3.077849,1.819801,2.127239,2.999309,3.335161,2.082169,0.695104,0.695951,0
user_35331,2021-10-11 18:07:00,2,6,1,4,6,1,2,19,19,19,13,0,0,2.351065,0.792114,3.127645,4.67088,3.507271,2.158299,0.550611,0.597017,0
user_35332,2021-09-19 16:34:00,11,20,1,5,9,5,8,10,14,12,20,6,1,0.135479,2.065091,0.197055,4.152662,4.71195,0.317183,0.619768,0.42447,1
user_35333,2021-08-28 03:19:00,40,5,11,0,4,4,16,12,8,20,9,5,1,4.591999,0.685759,0.357022,2.246123,4.286033,3.592936,0.322532,0.57153,0
user_35334,2021-10-23 04:42:00,20,12,5,4,4,0,4,14,7,19,14,5,1,2.858204,4.740848,3.615052,1.26455,0.928883,3.565169,0.840708,0.802392,0
user_35335,2021-10-26 15:00:00,8,9,16,4,4,4,7,5,5,14,0,1,0,1.993601,3.058158,3.602256,3.961521,2.85533,2.981189,0.93905,0.392963,0
user_35336,2021-10-14 10:11:00,11,3,7,5,0,3,7,5,5,11,1,3,0,2.244684,3.506303,0.746604,4.505188,4.351714,2.731349,0.260044,0.20161,1
user_35337,2021-10-09 12:43:00,17,8,20,0,2,1,15,6,15,1,0,5,1,3.601701,1.442935,4.591061,4.128329,2.168615,1.848896,0.246995,0.83191,1
user_35338,2021-10-27 03:41:00,8,9,5,3,6,2,5,20,6,19,0,2,0,1.205434,1.208383,1.256886,2.48148,4.928304,3.376353,0.379059,0.636142,0
user_35339,2021-09-11 20:25:00,28,18,2,0,8,1,11,14,17,10,7,5,1,3.476362,0.388149,4.554682,1.8087,3.277763,3.043345,0.332084,0.732833,0
user_35340,2021-09-18 01:06:00,1,8,17,5,6,0,8,14,18,11,9,5,1,3.400223,1.832055,3.245552,1.255677,0.206614,4.310227,0.280815,0.42842,0
user_35341,2021-10-13 01:17:00,31,19,8,2,8,4,10,5,5,14,4,2,0,4.467314,0.631587,4.085764,4.567825,4.373691,3.159029,0.276237,0.498283,0
user_35342,2021-08-14 14:56:00,10,8,13,4,3,3,12,9,18,20,10,5,1,0.533516,3.839258,4.901756,3.912186,4.011341,1.147111,0.224259,0.20473,0
user_35343,2021-08-22 01:55:00,1,10,23,5,8,3,14,17,20,11,20,6,1,1.138056,0.977226,1.234666,0.407015,2.443063,1.564027,0.503752,0.383552,0
user_35344,2021-09-30 16:05:00,42,1,16,4,8,1,17,14,3,4,3,3,0,3.60048,3.623608,4.899283,4.973111,3.179472,0.550992,0.264879,0.903975,0
user_35345,2021-08-05 19:31:00,15,3,4,1,4,4,5,6,2,2,6,3,0,3.699645,3.711592,2.688527,2.309271,0.289614,0.296675,0.927138,0.983366,1
user_35346,2021-10-01 06:52:00,25,8,2,1,1,4,12,7,13,1,12,4,0,0.787737,3.293908,1.214741,3.860384,4.904018,4.631619,0.568061,0.219039,0
user_35347,2021-10-15 21:57:00,15,14,15,5,4,0,10,1,5,16,6,4,0,1.634976,3.672145,1.761541,4.719615,1.302429,1.229753,0.453608,0.431247,1
user_35348,2021-09-18 22:29:00,7,2,10,3,2,5,18,4,9,10,12,5,1,3.542435,2.171841,4.018869,3.900683,4.300187,0.620926,0.75408,0.897748,0
user_35349,2021-10-25 19:15:00,29,8,26,0,2,0,13,5,1,6,10,0,0,1.54365,3.219955,2.063517,2.830519,2.089076,2.528454,0.945651,0.460475,0
user_35350,2021-09-01 18:38:00,22,15,9,1,0,1,18,1,14,5,20,2,0,3.674687,3.419387,1.603798,0.38617,4.92379,2.82775,0.98854,0.993337,1
user_35351,2021-08-23 05:42:00,45,20,7,5,1,0,7,14,3,14,1,0,0,1.016492,2.925888,0.417124,3.802681,2.210054,1.710473,0.619567,0.506371,0
user_35352,2021-08-09 08:29:00,6,10,6,3,6,5,5,5,13,13,5,0,0,1.25909,4.981417,2.407796,1.809812,1.233017,0.240228,0.402147,0.844854,1
user_35353,2021-09-01 15:20:00,44,17,4,5,2,1,6,13,3,17,16,2,0,4.949052,3.351191,2.585544,3.161545,3.603799,4.964623,0.531929,0.536432,0
user_35354,2021-09-02 12:52:00,31,8,13,2,5,0,12,14,18,6,4,3,0,1.207213,4.709192,0.570037,2.396924,1.683526,1.522085,0.353143,0.437565,1
user_35355,2021-08-23 02:33:00,24,20,30,0,3,1,3,0,10,17,18,0,0,4.267571,4.569801,3.320796,2.473094,1.993723,0.204891,0.639034,0.655294,1
user_35356,2021-10-27 06:10:00,30,1,3,2,3,5,4,6,5,13,5,2,0,3.981887,3.202053,2.200452,3.799902,4.108626,1.906204,0.400539,0.612682,1
user_35357,2021-10-24 02:55:00,15,1,30,2,8,3,19,1,19,0,6,6,1,3.550979,0.192583,3.368599,0.644875,4.18411,1.424062,0.595963,0.33768,0
user_35358,2021-08-15 02:30:00,41,13,15,4,7,2,2,10,8,16,17,6,1,4.839352,4.940154,4.937644,4.323205,3.235172,2.058201,0.38353,0.973081,0
user_35359,2021-09-23 03:16:00,45,1,9,4,4,4,14,19,8,17,19,3,0,1.096683,2.979929,0.942704,4.455404,2.475301,1.00936,0.993717,0.433035,0
user_35360,2021-09-15 05:02:00,30,10,21,2,7,3,2,17,8,11,7,2,0,0.672402,1.241485,4.015054,0.563018,2.006113,4.565148,0.609143,0.546739,1
user_35361,2021-09-11 01:48:00,4,9,26,1,7,1,13,16,18,11,7,5,1,1.656193,2.008351,1.308037,0.636275,3.421946,0.694843,0.745602,0.369835,0
user_35362,2021-08-09 22:44:00,1,0,27,1,2,3,20,15,12,4,0,0,0,3.000501,4.597533,3.537778,2.705048,3.919889,0.904011,0.49542,0.561728,0
user_35363,2021-10-20 21:19:00,9,4,11,0,10,3,7,10,15,19,9,2,0,0.640339,2.731945,3.436545,4.277988,0.944456,2.591476,0.799805,0.486721,1
user_35364,2021-08-28 19:15:00,46,17,20,5,7,1,18,5,8,4,4,5,1,2.356359,3.112568,3.694252,3.711947,1.179087,3.94056,0.871003,0.822527,0
user_35365,2021-09-05 20:39:00,44,9,29,0,3,1,15,12,12,1,11,6,1,0.32026,4.395294,4.846621,3.452468,4.148724,3.620783,0.859553,0.722634,1
user_35366,2021-10-14 01:22:00,46,12,16,3,7,0,4,7,4,8,3,3,0,4.551384,4.305375,0.5563,2.501254,3.946981,2.580035,0.949525,0.738195,0
user_35367,2021-09-26 22:58:00,13,15,8,2,1,3,19,20,8,3,14,6,1,3.180207,3.053117,4.763044,3.514128,3.087201,1.444917,0.249962,0.727085,1
user_35368,2021-10-10 18:31:00,26,7,9,5,0,3,14,8,2,5,5,6,1,0.526699,1.339554,1.015035,0.206855,0.24248,2.28305,0.493412,0.612651,0
user_35369,2021-09-07 03:52:00,9,0,1,1,4,5,2,1,16,8,0,1,0,4.354206,3.446299,2.470269,1.598814,1.2531,2.190425,0.656907,0.721903,1
user_35370,2021-08-24 06:04:00,41,5,17,4,5,4,5,13,20,15,17,1,0,3.651113,4.139112,1.733974,0.495765,1.320965,1.392911,0.407059,0.312418,0
user_35371,2021-08-07 19:23:00,35,14,26,0,10,1,7,17,18,4,17,5,1,4.933996,1.374171,0.138026,2.187347,2.568667,3.748715,0.483402,0.315973,0
user_35372,2021-08-27 03:26:00,30,15,3,2,8,5,15,13,8,1,2,4,0,3.133818,2.052405,4.316163,1.902525,4.753954,3.555508,0.699525,0.580001,0
user_35373,2021-09-01 20:23:00,35,13,24,4,10,5,1,10,16,17,6,2,0,1.634494,0.899415,2.091539,4.109911,1.78646,4.956122,0.936218,0.30948,0
user_35374,2021-09-20 20:13:00,1,2,23,4,8,1,11,15,7,3,13,0,0,1.196223,2.2076,1.285122,0.549609,4.125113,3.496395,0.652944,0.773378,1
user_35375,2021-08-17 18:13:00,48,2,5,2,7,5,0,19,9,1,14,1,0,3.546432,3.021409,3.143742,3.746845,0.582196,2.022149,0.462846,0.425252,0
user_35376,2021-09-13 23:03:00,26,0,13,4,4,3,0,17,19,10,15,0,0,0.829381,1.203001,2.825294,1.662646,1.738255,1.437672,0.915868,0.872036,1
user_35377,2021-09-22 17:37:00,50,19,6,1,8,3,18,6,20,13,15,2,0,2.537886,1.104204,1.44521,4.584504,1.129661,0.258683,0.711517,0.355625,0
user_35378,2021-09-24 11:20:00,31,2,23,5,9,1,4,4,12,14,7,4,0,1.113019,4.306525,3.356487,1.327025,3.334382,3.031776,0.469874,0.443451,0
user_35379,2021-09-04 05:49:00,32,2,27,2,7,2,20,14,17,20,3,5,1,2.804778,2.282107,0.420828,2.854222,0.288538,3.915843,0.534773,0.59629,1
user_35380,2021-10-28 16:24:00,42,17,4,2,9,1,9,20,0,6,13,3,0,1.041462,3.349355,1.400089,1.41134,4.443401,0.786417,0.817606,0.474124,1
user_35381,2021-09-04 13:15:00,15,2,21,2,1,1,18,18,2,0,6,5,1,4.663131,3.145112,0.977214,2.39288,0.215056,2.349986,0.70233,0.625833,1
user_35382,2021-08-18 01:39:00,41,0,8,0,9,1,0,9,11,11,16,2,0,2.316743,1.865914,0.894235,2.589518,3.960646,4.086465,0.461649,0.918971,0
user_35383,2021-08-01 02:16:00,34,19,5,0,4,3,18,12,13,8,20,6,1,4.311785,4.138438,1.521995,4.368491,2.288105,4.877887,0.741898,0.64553,1
user_35384,2021-10-25 04:12:00,2,16,28,4,8,5,12,18,19,16,0,0,0,2.382416,1.344874,1.903526,2.808888,4.175519,1.844919,0.218439,0.95824,0
user_35385,2021-08-21 05:27:00,9,18,16,3,0,2,1,16,14,8,14,5,1,1.696582,3.037074,1.321302,0.258019,2.402503,1.204847,0.522962,0.212681,0
user_35386,2021-10-12 13:11:00,27,20,13,5,2,1,2,7,5,9,19,1,0,3.954464,0.645202,4.841325,1.015404,3.228704,1.272959,0.64866,0.622273,1
user_35387,2021-10-14 17:41:00,28,6,3,4,7,2,10,5,5,16,15,3,0,2.103623,4.65572,1.191089,0.390942,1.496174,3.091185,0.403439,0.345305,0
user_35388,2021-10-09 18:37:00,48,4,15,4,10,3,18,0,0,10,10,5,1,4.297721,1.649075,0.794253,0.690579,0.989988,0.799906,0.928347,0.859583,1
user_35389,2021-08-24 12:34:00,10,11,17,5,6,1,8,15,10,1,19,1,0,0.302038,4.841075,2.61734,0.872866,2.733125,1.512426,0.693216,0.257138,0
user_35390,2021-10-13 01:19:00,14,20,15,5,10,3,10,17,12,0,6,2,0,0.123701,2.625196,2.101891,4.637405,4.455743,4.003063,0.455286,0.982379,0
user_35391,2021-10-17 01:03:00,10,6,22,4,10,1,1,9,9,6,1,6,1,1.775179,1.166006,1.910299,3.802443,2.279268,4.275912,0.386445,0.992958,1
user_35392,2021-08-25 22:00:00,38,9,13,0,8,4,1,20,10,1,1,2,0,1.576757,1.919727,0.929417,4.538883,4.811703,0.755535,0.967928,0.715776,0
user_35393,2021-10-03 10:08:00,35,18,23,5,6,4,9,11,15,6,18,6,1,2.91226,4.477988,2.314171,2.138381,4.443508,3.475891,0.84189,0.610567,1
user_35394,2021-08-21 14:19:00,29,14,25,4,0,2,7,10,10,17,13,5,1,4.30629,3.689337,2.505062,1.667985,3.666355,2.287471,0.534519,0.904393,1
user_35395,2021-09-30 20:58:00,26,18,3,3,7,5,14,1,16,8,14,3,0,3.447128,3.576868,2.228444,4.363449,2.922651,4.230235,0.812873,0.834592,1
user_35396,2021-09-28 01:11:00,27,9,27,0,8,0,4,0,0,0,5,1,0,3.680419,0.845508,4.523125,3.850937,1.726712,2.564447,0.682104,0.734556,0
user_35397,2021-10-29 12:23:00,11,3,22,4,6,5,15,1,2,0,0,4,0,1.192642,3.363366,0.954372,4.133928,4.672546,4.92254,0.222258,0.885972,0
user_35398,2021-08-17 12:12:00,11,20,30,3,1,1,10,16,2,10,9,1,0,3.391481,4.47715,2.769473,3.864743,2.19552,1.492436,0.934631,0.931086,1
user_35399,2021-08-22 18:21:00,50,1,6,0,8,3,7,12,20,16,5,6,1,0.27623,4.238017,4.776031,4.763447,0.484133,4.914608,0.604328,0.832543,1
user_35400,2021-09-21 04:05:00,20,8,18,1,4,3,20,16,18,1,4,1,0,2.75496,0.651387,2.835448,3.056135,1.672125,4.133684,0.477192,0.69029,1
user_35401,2021-10-28 12:08:00,36,2,28,0,4,0,0,4,9,12,13,3,0,4.773144,4.020063,0.75029,0.578405,3.243524,4.474847,0.259542,0.532561,0
user_35402,2021-09-17 04:42:00,20,3,23,5,4,0,19,15,10,12,9,4,0,3.765764,2.603962,4.978542,4.958918,2.951033,4.044847,0.589716,0.902521,1
user_35403,2021-10-07 18:53:00,37,14,1,4,4,2,14,11,13,13,4,3,0,2.405705,1.143237,1.370054,2.457109,2.492529,4.153609,0.244065,0.624916,1
user_35404,2021-10-18 14:25:00,43,12,5,4,0,2,3,8,8,11,17,0,0,2.948185,1.289264,4.842877,4.009633,1.742192,4.852879,0.941083,0.99317,0
user_35405,2021-08-21 20:08:00,1,1,24,0,4,2,4,8,14,14,19,5,1,3.732777,3.436428,0.562372,3.749967,2.334519,2.46695,0.280193,0.846094,1
user_35406,2021-08-28 08:37:00,4,14,10,3,4,1,9,15,8,14,12,5,1,2.388472,4.590086,4.742413,3.539629,0.913687,4.370845,0.922574,0.428495,0
user_35407,2021-10-09 18:49:00,41,0,25,2,9,0,12,2,9,3,16,5,1,1.260466,1.506485,0.825189,3.244471,2.672214,4.037663,0.24934,0.231459,0
user_35408,2021-08-02 08:13:00,5,2,2,0,4,4,18,18,11,8,0,0,0,4.171853,0.803639,2.562247,2.771698,0.85115,3.139203,0.55022,0.74103,1
user_35409,2021-08-07 18:37:00,27,5,12,5,5,3,3,6,4,5,1,5,1,1.747515,4.04643,2.159534,4.539632,4.498472,0.109029,0.285773,0.384016,1
user_35410,2021-08-05 02:22:00,28,12,17,4,3,4,5,19,9,17,17,3,0,4.813084,2.806879,0.842653,4.810015,4.939487,4.512065,0.836318,0.599125,0
user_35411,2021-09-03 21:51:00,47,11,19,2,2,3,5,3,6,18,0,4,0,1.940098,3.184628,0.141916,0.953434,3.638527,0.195,0.93573,0.494733,0
user_35412,2021-10-11 14:37:00,42,15,7,5,0,0,7,4,19,8,4,0,0,4.131201,0.298557,4.97373,1.738229,4.604607,1.182914,0.529815,0.896471,0
user_35413,2021-08-17 20:10:00,33,6,5,2,9,0,6,6,17,7,19,1,0,4.674064,1.780076,3.462521,0.298647,4.988363,4.320017,0.861146,0.799828,1
user_35414,2021-09-06 03:55:00,24,5,21,4,9,3,1,15,20,13,8,0,0,3.822164,1.973556,4.300076,4.033615,1.316069,3.338806,0.740294,0.929118,1
user_35415,2021-10-02 07:58:00,36,3,25,3,0,1,13,14,18,13,15,5,1,0.443483,1.301261,3.464461,0.75819,4.60094,3.015158,0.574851,0.852837,1
user_35416,2021-09-30 03:34:00,17,11,29,1,9,2,7,7,11,5,15,3,0,4.438431,1.355331,2.038177,3.821903,2.888296,1.522982,0.919369,0.412288,0
user_35417,2021-08-29 20:02:00,29,11,2,4,10,5,10,20,16,19,10,6,1,4.529771,0.799038,0.662664,2.13557,3.351425,2.894753,0.997969,0.481852,1
user_35418,2021-09-15 09:42:00,21,11,29,5,3,1,1,8,19,20,6,2,0,3.85322,3.389942,2.70852,3.278815,4.324292,4.470079,0.57339,0.550583,0
user_35419,2021-09-16 01:13:00,12,6,10,0,0,5,17,19,15,18,11,3,0,2.580088,4.136263,3.664398,3.187242,2.165051,0.878537,0.849905,0.222276,0
user_35420,2021-10-15 04:41:00,32,8,18,3,3,1,8,16,11,1,2,4,0,3.866802,3.091697,2.70005,3.113025,4.655928,1.530778,0.268669,0.680734,0
user_35421,2021-09-17 07:53:00,34,9,17,0,2,1,17,7,5,15,16,4,0,3.399274,1.118239,4.783235,3.142164,4.213617,4.149227,0.654954,0.483243,1
user_35422,2021-09-27 13:58:00,2,2,22,1,0,2,17,13,12,3,11,0,0,2.22121,0.568843,4.680974,4.646825,2.850022,1.466494,0.903589,0.655514,0
user_35423,2021-09-21 02:05:00,43,14,9,0,4,0,9,1,4,18,1,1,0,4.782763,1.554664,1.801041,2.403192,4.956111,2.498632,0.724063,0.3195,0
user_35424,2021-10-07 03:20:00,45,1,1,1,3,0,15,0,5,11,20,3,0,2.250377,4.371575,2.535972,2.951484,2.81682,2.221426,0.431095,0.202828,0
user_35425,2021-08-23 00:44:00,32,11,10,2,10,5,13,7,18,8,0,0,0,4.611141,4.89791,3.161842,2.5721,1.16961,2.36073,0.408136,0.991335,1
user_35426,2021-09-14 08:19:00,5,12,15,3,3,1,6,15,18,4,17,1,0,0.889531,2.232965,0.551908,4.549334,3.528016,2.186732,0.212155,0.627789,1
user_35427,2021-08-05 19:33:00,26,0,25,0,4,0,1,7,1,17,17,3,0,0.484943,1.557829,2.334644,0.455142,1.564659,3.761785,0.610429,0.574681,0
user_35428,2021-09-25 07:40:00,49,15,15,5,9,3,5,17,3,13,15,5,1,3.899442,4.192516,2.36852,3.606034,0.493818,4.945326,0.240597,0.480228,0
user_35429,2021-10-13 17:12:00,41,14,12,3,0,0,1,7,13,0,1,2,0,4.316629,0.76325,2.343599,3.126554,2.569731,3.630289,0.909832,0.565193,1
user_35430,2021-08-28 03:53:00,42,11,20,4,10,4,17,6,14,18,4,5,1,1.753775,2.474556,1.3851,1.807915,2.897037,1.254031,0.713573,0.771907,0
user_35431,2021-08-11 13:37:00,25,10,7,1,2,2,4,20,3,16,16,2,0,1.957346,3.469078,3.920891,1.870518,3.560283,3.529041,0.460067,0.626451,0
user_35432,2021-10-19 04:12:00,11,18,3,0,10,3,16,14,7,12,6,1,0,0.892867,0.65818,2.23202,3.085058,2.899417,4.384097,0.211753,0.672307,0
user_35433,2021-09-26 09:05:00,19,12,24,0,9,1,10,3,1,16,1,6,1,3.661285,4.71107,3.534079,0.937786,3.56431,0.685073,0.881899,0.993125,0
user_35434,2021-09-30 13:47:00,5,18,15,1,4,5,8,19,20,18,7,3,0,4.283616,3.138222,0.914622,0.633345,4.613285,1.686023,0.481685,0.949834,0
user_35435,2021-08-10 21:36:00,30,13,3,3,3,3,8,17,13,16,6,1,0,2.570027,0.543042,3.573746,1.968591,0.817663,0.718624,0.428941,0.385989,0
user_35436,2021-09-14 23:23:00,26,1,30,5,3,3,0,12,17,13,6,1,0,1.379887,3.438148,3.390592,4.623411,1.850264,1.992948,0.965325,0.859164,0
user_35437,2021-09-02 07:38:00,42,16,19,5,0,0,3,19,20,14,5,3,0,3.090853,2.545696,2.43952,1.613087,0.363142,4.666587,0.937398,0.411171,0
user_35438,2021-10-10 09:17:00,6,1,22,0,5,5,9,16,2,10,11,6,1,3.486591,2.941157,2.277808,4.037995,4.955695,1.411701,0.770773,0.903594,1
user_35439,2021-09-13 02:42:00,35,8,8,4,7,0,2,12,0,5,6,0,0,2.593146,1.313415,4.786571,1.226396,2.610519,1.910058,0.895047,0.592149,0
user_35440,2021-10-08 23:31:00,27,14,18,4,7,2,19,14,12,5,14,4,0,3.641678,2.165725,2.860507,0.338825,4.150147,0.100455,0.613658,0.75014,0
user_35441,2021-09-14 17:46:00,43,10,14,4,8,5,20,9,6,12,7,1,0,0.507145,3.764372,3.865355,3.326927,1.584862,3.6948,0.564834,0.594894,0
user_35442,2021-08-05 17:45:00,41,18,7,5,3,1,1,10,14,10,13,3,0,3.790601,3.949122,0.347033,4.87988,3.690861,3.454011,0.269703,0.422859,1
user_35443,2021-10-09 15:18:00,23,3,21,1,10,0,9,18,3,14,11,5,1,0.36211,0.30057,3.417449,3.490437,4.78431,2.229337,0.901297,0.336434,0
user_35444,2021-10-08 14:12:00,2,11,1,0,0,2,12,8,4,2,6,4,0,4.385908,0.59399,0.955386,1.325271,0.281705,0.934032,0.84735,0.598009,0
user_35445,2021-10-17 18:48:00,16,4,11,3,6,0,8,2,16,4,6,6,1,2.704824,2.854895,2.907475,3.718807,2.013463,1.360183,0.274086,0.627704,0
user_35446,2021-10-24 09:46:00,23,14,17,1,9,5,4,1,12,8,18,6,1,0.834693,4.907834,1.30127,0.61953,4.664652,4.611634,0.523697,0.991559,0
user_35447,2021-08-15 21:29:00,25,6,7,1,5,5,0,8,7,6,16,6,1,4.043468,4.475126,4.975192,3.668116,3.522264,3.117536,0.330487,0.884231,1
user_35448,2021-10-12 00:21:00,21,8,9,3,7,0,19,19,6,20,8,1,0,2.515702,2.667847,2.842686,1.113505,3.734009,1.257938,0.918516,0.264365,0
user_35449,2021-08-27 12:34:00,18,14,24,0,9,5,6,18,13,3,17,4,0,2.712171,2.375829,3.82247,1.083565,2.857492,4.429676,0.72185,0.673983,0
user_35450,2021-10-20 06:18:00,45,1,14,5,5,0,9,0,12,7,8,2,0,2.602122,2.705446,4.713712,1.906578,1.065821,0.502608,0.664846,0.344119,0
user_35451,2021-09-05 23:32:00,24,14,4,0,0,0,19,16,18,11,6,6,1,0.152121,4.377211,0.860697,1.630127,1.979061,2.788313,0.894997,0.604366,0
user_35452,2021-08-31 11:37:00,16,16,24,0,8,1,19,9,14,9,18,1,0,0.152653,1.508518,1.24777,0.763872,0.533666,1.539551,0.792816,0.254089,0
user_35453,2021-10-03 04:33:00,45,10,27,0,7,4,1,7,11,17,5,6,1,2.368477,4.491819,0.764285,0.807253,0.595169,1.25706,0.515153,0.45714,1
user_35454,2021-09-13 12:54:00,8,13,7,4,0,2,20,1,9,5,17,0,0,2.580284,1.764452,1.446225,3.946587,3.071999,0.220952,0.286161,0.523019,0
user_35455,2021-09-16 12:18:00,3,8,16,4,0,5,19,19,15,2,14,3,0,3.62691,3.339703,0.856744,1.247538,2.318951,2.275254,0.690329,0.286058,0
user_35456,2021-09-26 04:13:00,50,14,26,4,10,2,5,13,3,12,17,6,1,1.787494,2.799029,3.6221,4.984739,2.167756,0.642433,0.911302,0.810519,1
user_35457,2021-08-14 10:47:00,24,0,10,4,3,0,12,1,13,18,8,5,1,4.037327,3.032264,2.772088,4.404898,1.734958,1.792216,0.501219,0.404686,1
user_35458,2021-08-21 14:56:00,33,18,7,3,7,1,14,19,8,6,8,5,1,2.325847,3.680395,1.80426,2.78983,4.170818,2.723476,0.800661,0.657443,0
user_35459,2021-10-02 00:55:00,19,1,30,1,2,0,3,9,5,9,3,5,1,2.619502,3.192255,4.617842,3.49794,0.82811,0.302994,0.399215,0.930285,1
user_35460,2021-08-19 13:46:00,7,19,12,4,4,2,1,14,16,14,7,3,0,2.632469,2.914738,4.146751,2.444943,0.328208,3.191257,0.461834,0.767987,1
user_35461,2021-08-28 16:50:00,15,19,19,0,4,4,19,18,10,7,10,5,1,3.234069,0.730414,1.079925,4.195708,1.217605,3.523064,0.303497,0.861913,0
user_35462,2021-08-01 08:39:00,7,15,15,4,4,4,9,10,7,19,8,6,1,0.823409,4.552449,3.208374,2.504095,3.177524,2.24346,0.629324,0.793095,0
user_35463,2021-08-05 12:53:00,16,2,26,2,6,4,11,12,10,18,11,3,0,2.771415,3.897338,0.996778,3.663086,1.293584,2.731066,0.222746,0.388627,1
user_35464,2021-10-24 22:59:00,34,16,5,3,0,5,8,13,20,1,4,6,1,4.855569,3.789576,1.535932,0.748088,2.675739,3.182871,0.77476,0.474376,1
user_35465,2021-10-06 08:09:00,50,18,19,4,4,1,11,18,1,0,15,2,0,4.774864,0.691348,3.971155,0.116088,4.983703,1.271608,0.359163,0.261127,0
user_35466,2021-09-21 10:41:00,27,18,13,0,7,2,18,19,7,18,6,1,0,4.926512,1.284096,3.027463,4.246034,3.85332,4.369594,0.682032,0.315659,1
user_35467,2021-09-30 07:04:00,16,4,19,0,4,3,17,16,10,10,6,3,0,4.458912,4.102509,3.14098,0.619156,4.624101,3.255786,0.99035,0.31006,0
user_35468,2021-09-01 09:19:00,33,5,21,2,6,1,16,12,12,11,4,2,0,0.127015,0.787817,1.435941,4.558826,3.887629,4.641416,0.826046,0.94112,1
user_35469,2021-09-21 10:23:00,25,8,30,3,8,5,2,13,10,16,9,1,0,4.139426,4.413708,1.426533,4.484879,3.978389,4.729035,0.652712,0.996018,0
user_35470,2021-09-23 22:26:00,49,5,12,4,7,4,7,18,13,14,17,3,0,0.193797,2.216499,2.107011,3.238376,0.256477,4.014319,0.509167,0.299157,1
user_35471,2021-10-24 02:58:00,45,1,27,4,7,3,10,13,20,18,13,6,1,4.427104,0.983436,1.248156,3.440492,0.356455,4.102278,0.684426,0.669098,0
user_35472,2021-08-27 11:52:00,35,19,21,4,3,5,12,2,3,9,11,4,0,3.64364,3.689803,3.328322,3.972528,4.126071,4.672747,0.748936,0.348107,1
user_35473,2021-08-13 10:25:00,44,4,8,1,4,4,5,1,2,1,20,4,0,4.850464,3.616677,1.483516,3.388614,4.001011,4.932302,0.223511,0.850777,1
user_35474,2021-08-19 14:30:00,8,7,15,4,5,1,20,16,18,9,9,3,0,1.572312,4.344718,1.560853,0.241324,3.081869,3.50635,0.475,0.808529,1
user_35475,2021-10-26 17:58:00,7,6,2,2,10,3,17,10,11,10,8,1,0,1.305572,3.142595,2.868345,3.168868,0.301421,3.956873,0.950089,0.497355,1
user_35476,2021-08-07 01:19:00,34,5,26,3,7,0,17,3,1,2,8,5,1,4.773804,3.70931,1.540875,1.964926,0.349217,3.838489,0.951641,0.700482,0
user_35477,2021-08-05 13:58:00,17,11,14,0,0,4,0,3,9,11,1,3,0,0.325664,4.146005,0.592985,3.294645,4.982708,3.196873,0.444486,0.949192,0
user_35478,2021-10-08 10:39:00,25,6,10,0,4,3,16,13,18,15,14,4,0,4.874023,2.088616,1.853631,1.114878,2.434906,0.479048,0.663465,0.444779,0
user_35479,2021-09-03 17:26:00,26,7,22,1,7,5,2,13,6,13,8,4,0,2.626754,0.189212,0.188254,4.522339,3.992251,3.663933,0.589991,0.284801,1
user_35480,2021-09-26 06:43:00,10,0,14,5,1,4,9,12,10,4,8,6,1,1.844955,4.764238,1.704504,3.982791,0.634563,2.918352,0.366486,0.602256,1
user_35481,2021-09-30 14:06:00,50,7,2,4,5,1,11,1,4,14,10,3,0,3.360889,0.930228,3.420064,4.771946,4.425383,0.296114,0.492205,0.562066,0
user_35482,2021-10-13 14:18:00,41,5,12,0,9,3,6,3,1,16,10,2,0,3.423048,0.337664,0.141371,3.075526,0.46476,1.090799,0.444744,0.555803,1
user_35483,2021-09-29 00:47:00,10,10,20,2,3,4,17,18,4,10,12,2,0,0.602201,4.932499,3.351237,2.531175,2.129701,1.563872,0.521479,0.206087,1
user_35484,2021-10-23 17:17:00,34,7,13,0,1,1,11,10,3,16,18,5,1,3.938061,2.579448,1.066406,2.043576,1.784193,2.706703,0.272313,0.688328,1
user_35485,2021-09-28 06:53:00,11,11,2,2,2,0,13,4,12,5,8,1,0,4.906579,1.459684,2.879849,3.08567,0.571411,3.176282,0.202516,0.673771,1
user_35486,2021-09-22 11:12:00,8,19,4,1,2,4,10,3,19,5,15,2,0,4.17281,3.562831,2.105195,2.008297,0.939376,4.730253,0.869659,0.651837,0
user_35487,2021-10-02 16:55:00,34,16,27,0,4,3,4,1,5,14,5,5,1,3.778654,0.955568,1.830257,0.597316,3.677169,4.383886,0.73746,0.647909,0
user_35488,2021-10-08 22:04:00,10,0,6,3,6,1,11,15,14,6,15,4,0,2.852374,4.789575,1.665654,0.380681,3.467056,2.663927,0.797056,0.686339,0
user_35489,2021-08-23 16:14:00,24,20,30,5,4,2,20,16,16,6,4,0,0,2.072543,1.072106,1.949367,2.018158,4.069674,1.553446,0.927868,0.637979,0
user_35490,2021-08-28 08:53:00,49,1,17,2,1,4,3,5,3,14,15,5,1,2.156925,0.864089,1.131806,2.324116,2.76319,1.563269,0.935182,0.386082,0
user_35491,2021-10-06 07:36:00,12,18,9,5,4,5,19,0,6,9,1,2,0,0.612894,1.504377,3.364687,4.631606,3.721298,1.221967,0.311934,0.219706,0
user_35492,2021-10-05 03:40:00,20,20,13,2,3,4,15,3,9,8,6,1,0,0.767666,1.978156,0.904402,4.097828,3.578015,2.602378,0.415872,0.901974,0
user_35493,2021-09-21 03:31:00,30,7,20,2,4,3,16,5,3,11,5,1,0,2.761372,3.673385,1.224268,2.859632,3.739429,0.444456,0.83871,0.336583,1
user_35494,2021-08-07 00:33:00,40,13,20,3,1,2,10,19,3,4,3,5,1,2.187837,1.89126,1.685568,1.333526,2.802336,1.293894,0.545239,0.470059,1
user_35495,2021-10-11 03:07:00,50,14,6,1,2,5,9,10,13,12,7,0,0,1.872338,4.805468,0.543917,0.904465,1.743891,3.226966,0.886023,0.791711,1
user_35496,2021-10-04 14:43:00,28,14,5,3,1,2,0,15,13,5,20,0,0,0.521101,2.74071,4.799662,2.612908,2.449901,1.72438,0.853677,0.718577,1
user_35497,2021-09-27 09:34:00,10,11,2,1,5,1,14,1,18,0,19,0,0,3.335944,0.319874,1.158451,0.740753,4.115104,2.312896,0.659298,0.601639,0
user_35498,2021-08-19 13:07:00,41,16,5,3,7,0,14,10,2,3,7,3,0,4.38723,4.978233,1.71795,0.754684,3.217022,1.699917,0.949485,0.331151,1
user_35499,2021-08-25 04:37:00,50,7,3,4,9,1,19,2,11,6,5,2,0,3.638162,2.254519,0.65,2.818609,1.06045,3.41043,0.869337,0.733228,1
user_35500,2021-08-13 11:35:00,26,10,8,4,0,2,10,20,6,8,20,4,0,2.229553,4.576613,2.639818,2.377321,0.88125,0.289774,0.818932,0.239846,1
user_35501,2021-08-09 12:43:00,30,0,16,4,2,3,6,14,10,6,13,0,0,2.356996,3.362647,0.247769,0.185883,2.707137,4.351067,0.846636,0.41816,1
user_35502,2021-10-06 05:23:00,2,18,22,1,10,3,8,13,10,16,19,2,0,0.266372,3.488819,0.737205,1.292971,1.246609,4.568874,0.978995,0.888362,1
user_35503,2021-09-02 10:36:00,14,4,28,5,2,1,9,4,15,12,10,3,0,3.718279,3.381216,1.377048,3.191213,1.092472,1.135267,0.230135,0.375029,0
user_35504,2021-09-22 20:56:00,48,5,12,1,7,4,16,15,15,9,1,2,0,4.359505,2.480042,0.664427,4.091925,2.091214,1.482589,0.627361,0.414493,1
user_35505,2021-08-11 21:47:00,30,1,13,4,3,4,10,0,14,11,4,2,0,1.764313,0.742669,3.67795,0.872442,1.817906,2.156304,0.872768,0.825439,1
user_35506,2021-10-26 16:36:00,15,17,13,3,0,0,0,14,12,19,9,1,0,0.970077,0.82107,3.982725,0.347578,4.95604,0.86313,0.288719,0.627344,1
user_35507,2021-09-12 20:33:00,1,10,17,1,0,3,2,7,6,19,20,6,1,4.967776,0.578128,2.469525,2.25301,0.484057,2.416271,0.342605,0.843034,0
user_35508,2021-09-14 11:53:00,1,1,3,1,0,3,1,10,15,20,4,1,0,3.993319,2.060243,2.547494,2.880585,0.105493,2.838398,0.621491,0.255205,1
user_35509,2021-10-11 17:20:00,28,9,1,5,8,1,5,4,8,4,3,0,0,0.94769,1.208327,0.882528,0.750674,2.500026,1.385786,0.546823,0.49935,0
user_35510,2021-10-11 01:59:00,40,1,11,5,5,5,11,14,12,15,12,0,0,3.60982,0.529124,1.675354,4.362311,1.902446,4.860808,0.867406,0.802505,1
user_35511,2021-08-06 03:25:00,26,19,10,2,5,2,1,6,5,1,2,4,0,3.981229,2.917203,3.818762,2.379001,3.961532,0.558593,0.87033,0.329049,1
user_35512,2021-10-20 13:03:00,3,15,18,5,8,2,19,14,19,8,4,2,0,2.220643,3.761219,2.273336,0.527432,4.641618,2.965541,0.450734,0.972178,1
user_35513,2021-09-09 20:33:00,12,12,1,3,5,5,12,5,16,15,0,3,0,0.898918,3.303274,3.779625,0.753915,2.072571,2.321482,0.407797,0.456264,1
user_35514,2021-09-15 09:33:00,24,10,13,1,5,0,4,10,13,19,14,2,0,1.184762,0.870436,4.613971,4.075593,0.248947,3.387595,0.68357,0.510286,0
user_35515,2021-10-04 16:19:00,20,9,8,1,6,0,1,16,13,11,3,0,0,0.478734,0.272121,3.810348,2.665131,4.509715,0.306205,0.380948,0.652972,0
user_35516,2021-10-07 14:50:00,38,14,10,5,9,2,6,3,9,7,17,3,0,0.443589,0.16997,4.097292,3.676102,3.684487,4.658124,0.5748,0.363252,1
user_35517,2021-09-14 10:48:00,40,17,9,4,4,0,19,14,0,18,16,1,0,0.813359,2.974693,2.310187,3.823559,0.681993,1.704943,0.952045,0.254495,1
user_35518,2021-09-29 21:03:00,32,8,26,4,10,2,3,3,5,0,7,2,0,2.662101,1.545922,2.279388,3.730977,2.114311,3.999951,0.371829,0.74521,1
user_35519,2021-10-15 03:04:00,39,20,17,3,9,4,11,14,17,10,0,4,0,4.682982,3.150361,4.002503,3.359633,0.675612,3.179285,0.370926,0.677561,1
user_35520,2021-10-20 01:39:00,44,9,15,2,8,4,19,12,13,5,1,2,0,2.298432,0.722476,3.373205,2.470345,2.942549,4.476267,0.760783,0.348896,1
user_35521,2021-09-25 08:42:00,6,0,10,4,3,5,11,15,16,15,15,5,1,4.510407,1.698152,2.349585,1.688735,3.088148,1.617083,0.748665,0.47465,1
user_35522,2021-08-03 19:13:00,44,0,2,2,10,1,4,19,11,1,7,1,0,2.922446,1.571606,1.391459,2.509729,2.829127,0.993631,0.905277,0.239242,0
user_35523,2021-10-06 04:49:00,16,18,7,5,6,3,12,4,9,15,14,2,0,4.222828,3.414363,0.177998,4.021706,0.706853,1.018363,0.626073,0.217359,0
user_35524,2021-08-28 12:55:00,33,18,23,3,9,3,3,11,14,18,15,5,1,0.300198,1.149669,0.584146,1.946336,2.418569,2.537659,0.568739,0.685542,1
user_35525,2021-09-29 13:29:00,15,2,28,4,9,1,14,6,5,19,8,2,0,3.006513,0.85535,3.933146,2.277492,2.529209,0.103499,0.860682,0.730175,0
user_35526,2021-10-14 02:49:00,31,18,5,1,3,0,15,14,4,15,20,3,0,4.500898,2.453572,1.343483,1.83257,0.103626,1.884161,0.573446,0.436513,0
user_35527,2021-10-12 15:26:00,4,14,12,4,3,0,17,4,7,12,9,1,0,1.27236,0.501242,1.699992,3.493462,0.64265,0.87651,0.80196,0.455134,1
user_35528,2021-09-14 23:40:00,3,13,20,4,0,4,15,8,2,9,6,1,0,3.488212,1.774073,4.391903,0.495565,4.568638,4.664806,0.56679,0.743687,1
user_35529,2021-08-07 18:03:00,49,19,5,1,1,2,15,16,0,6,8,5,1,2.023814,2.866233,1.019831,3.042634,2.214092,1.293127,0.82932,0.89642,1
user_35530,2021-09-01 09:31:00,30,6,16,4,5,4,14,1,13,11,3,2,0,3.063015,4.562421,1.602851,4.764352,0.503131,3.441696,0.270379,0.516286,0
user_35531,2021-09-06 22:47:00,41,15,11,3,10,4,15,10,8,20,20,0,0,4.003738,2.732712,3.74552,2.834384,3.047626,2.673383,0.922152,0.942419,1
user_35532,2021-10-20 16:36:00,32,7,17,2,1,5,11,5,10,5,4,2,0,3.853055,4.307742,1.776548,0.349663,2.905584,3.142833,0.904599,0.399294,0
user_35533,2021-08-13 23:12:00,46,6,1,2,6,5,7,3,18,9,16,4,0,0.683105,3.306443,1.423045,2.742309,1.793885,0.659269,0.638611,0.37531,0
user_35534,2021-09-13 20:28:00,13,0,21,1,8,3,17,8,1,20,4,0,0,4.168012,4.175706,0.598185,3.958607,2.7371,2.27942,0.978542,0.644786,0
user_35535,2021-10-25 14:45:00,19,12,8,1,6,5,14,8,13,12,18,0,0,2.67044,3.601327,3.841721,1.233878,1.038766,3.607624,0.594045,0.207902,0
user_35536,2021-08-21 18:57:00,24,20,22,4,7,5,10,17,8,11,10,5,1,4.085846,0.363274,2.109384,3.158734,0.140787,0.590854,0.24733,0.277359,1
user_35537,2021-10-15 22:17:00,27,19,18,1,3,3,7,19,0,1,1,4,0,2.085472,2.042059,1.476966,2.900803,1.186942,2.50092,0.852683,0.842483,1
user_35538,2021-10-20 05:40:00,22,5,19,0,1,4,3,10,15,13,16,2,0,1.630495,1.463576,1.472686,3.410249,1.290078,2.21144,0.957431,0.207657,1
user_35539,2021-09-07 19:36:00,21,1,24,4,0,0,0,18,7,13,3,1,0,1.887032,0.856368,0.935849,3.808458,4.829038,1.585719,0.630121,0.869486,0
user_35540,2021-09-22 01:53:00,34,16,4,3,7,2,9,7,18,18,10,2,0,2.662817,1.298705,3.809973,1.76251,2.211501,4.801766,0.723394,0.873278,0
user_35541,2021-08-14 17:25:00,26,20,25,5,10,0,7,16,14,10,19,5,1,3.948099,0.609746,3.458981,2.73712,3.811893,2.741236,0.254249,0.792854,0
user_35542,2021-09-13 01:42:00,34,13,7,0,9,3,18,12,1,2,9,0,0,2.698142,3.299933,4.080116,4.977523,3.840718,4.556722,0.424471,0.269079,1
user_35543,2021-10-04 17:27:00,24,5,23,4,3,4,6,0,16,15,15,0,0,0.977513,1.457146,1.234527,0.21983,4.116836,1.433146,0.622737,0.282531,0
user_35544,2021-10-12 03:51:00,30,16,10,0,2,1,3,18,14,7,1,1,0,1.28187,4.988671,3.82383,2.33795,2.341534,2.911983,0.434464,0.316371,1
user_35545,2021-09-28 20:49:00,36,13,22,4,1,2,2,8,1,4,12,1,0,2.001389,3.506696,2.689739,1.632001,1.85911,0.489041,0.759735,0.740926,1
user_35546,2021-10-05 10:00:00,20,2,6,1,5,5,2,18,0,19,14,1,0,1.004267,1.861054,2.60254,1.612049,4.120475,1.682922,0.34225,0.288722,0
user_35547,2021-10-01 00:25:00,32,20,2,1,4,4,9,8,0,19,6,4,0,0.363079,2.338808,2.097813,0.352961,1.725181,2.908577,0.726392,0.820172,1
user_35548,2021-10-06 08:13:00,20,14,25,5,8,2,20,3,1,11,20,2,0,2.896085,1.615907,0.160785,0.814446,4.070095,4.95441,0.405877,0.463937,0
user_35549,2021-08-30 19:54:00,50,15,17,1,8,4,17,20,9,13,17,0,0,0.434736,1.520254,0.916242,0.985117,4.272502,0.576023,0.581367,0.659775,1
user_35550,2021-10-20 09:28:00,20,10,27,3,7,0,5,5,0,2,0,2,0,2.127137,4.83197,2.897375,4.549544,0.476377,1.382486,0.382141,0.999604,0
user_35551,2021-09-13 00:57:00,28,3,19,0,9,0,15,11,19,20,11,0,0,4.60195,1.345543,2.221785,1.848493,2.453488,0.517134,0.344441,0.517629,1
user_35552,2021-08-11 00:36:00,12,16,13,0,6,0,12,19,16,20,4,2,0,2.382917,4.237842,0.617938,2.364023,4.093826,0.359725,0.361958,0.95719,1
user_35553,2021-10-26 07:41:00,14,20,11,4,1,2,9,18,15,4,5,1,0,0.73099,2.014825,0.136025,3.615671,2.675365,4.972627,0.211782,0.249905,0
user_35554,2021-09-03 00:50:00,13,7,22,0,1,0,19,8,20,17,14,4,0,2.091703,4.604107,1.532496,1.405122,4.59225,2.819374,0.425337,0.802631,0
user_35555,2021-08-26 05:42:00,28,6,14,3,4,1,19,14,8,15,15,3,0,2.535228,4.655852,4.142611,4.068366,2.806251,3.725948,0.377118,0.267594,1
user_35556,2021-09-02 16:28:00,39,17,15,4,7,4,13,2,8,14,20,3,0,1.963517,4.853753,4.349682,3.786103,0.661087,0.199554,0.602984,0.524724,1
user_35557,2021-09-28 20:27:00,48,5,13,4,2,4,13,9,18,4,16,1,0,0.837976,3.973304,0.404321,1.785838,4.745541,4.362399,0.400745,0.602952,1
user_35558,2021-08-28 22:13:00,1,0,11,1,6,2,15,19,19,0,0,5,1,3.728022,3.488363,1.513109,1.528938,1.530484,2.290761,0.325244,0.37616,0
user_35559,2021-08-25 02:10:00,23,7,30,3,8,0,10,1,6,12,17,2,0,2.15568,0.458533,3.078772,4.910417,1.3943,3.717586,0.504817,0.918387,1
user_35560,2021-09-04 06:09:00,30,19,16,0,0,2,4,19,17,5,15,5,1,0.689006,4.946967,1.195407,2.058496,2.436901,0.39472,0.466353,0.615554,0
user_35561,2021-10-26 21:34:00,11,9,3,3,8,3,15,17,0,4,11,1,0,0.975095,4.855462,4.937493,2.375595,1.12242,4.836036,0.778316,0.250168,0
user_35562,2021-09-01 02:05:00,5,3,7,0,0,1,3,19,18,0,13,2,0,3.230589,4.733686,4.229823,2.65589,0.603588,1.873782,0.319447,0.248225,1
user_35563,2021-09-23 19:05:00,10,1,24,1,6,4,12,9,3,0,15,3,0,1.517978,4.524667,4.260075,3.191652,3.955337,4.789168,0.384836,0.675815,1
user_35564,2021-09-17 15:54:00,7,6,27,4,1,2,1,6,3,6,3,4,0,2.539676,2.465397,0.106595,1.473311,0.570302,3.53644,0.247363,0.624192,1
user_35565,2021-10-18 05:46:00,39,5,30,2,1,2,10,6,11,5,15,0,0,1.54821,2.293643,3.186007,1.892387,4.98391,2.014766,0.686231,0.473452,0
user_35566,2021-09-06 02:22:00,7,0,27,2,8,1,13,6,10,1,5,0,0,0.245937,3.133983,1.763972,1.028442,0.242865,1.090165,0.539263,0.357329,0
user_35567,2021-09-29 17:28:00,20,14,19,2,5,5,1,8,7,19,17,2,0,3.619073,3.568431,3.580441,1.359145,2.990286,1.987559,0.460638,0.219986,1
user_35568,2021-09-17 22:47:00,48,9,23,1,9,4,1,13,9,17,13,4,0,1.164427,0.462531,2.320836,2.004873,0.364353,4.478833,0.270846,0.28839,1
user_35569,2021-10-09 16:44:00,28,20,13,4,5,5,9,14,2,5,2,5,1,2.551328,4.501278,0.764292,4.701612,3.259962,2.844211,0.995758,0.545098,0
user_35570,2021-09-12 09:12:00,42,6,17,2,0,5,20,13,6,8,14,6,1,2.876599,3.250305,2.294507,3.799276,1.960236,3.136924,0.8438,0.397801,0
user_35571,2021-08-03 22:33:00,3,19,17,1,10,2,9,1,18,17,3,1,0,1.305211,4.631621,0.403021,1.599206,4.126741,2.79775,0.271615,0.662287,0
user_35572,2021-08-30 14:17:00,39,9,30,2,0,3,11,9,6,1,10,0,0,2.377383,2.458001,0.711868,1.602545,0.435423,2.838655,0.687579,0.223074,0
user_35573,2021-08-01 16:21:00,50,14,12,1,9,4,4,17,0,11,13,6,1,1.93147,0.625136,1.859223,4.064826,3.029244,2.992522,0.263117,0.240393,0
user_35574,2021-09-23 07:39:00,47,11,25,2,10,2,0,0,14,18,1,3,0,0.694438,4.670295,4.120029,2.44914,1.914787,1.977849,0.853386,0.900039,0
user_35575,2021-08-25 07:56:00,2,6,23,4,3,3,7,14,18,3,18,2,0,3.555999,0.175002,2.235506,0.280489,3.021427,4.289615,0.203134,0.656826,1
user_35576,2021-10-20 18:27:00,24,1,22,4,10,1,11,12,17,19,19,2,0,2.191712,3.472626,2.503505,1.927052,4.710618,4.968977,0.779605,0.74276,0
user_35577,2021-09-07 16:32:00,44,15,2,5,4,3,2,20,14,8,20,1,0,4.885633,0.606108,3.907437,4.642412,4.033805,1.693202,0.886319,0.411709,1
user_35578,2021-08-09 00:37:00,37,8,4,1,0,2,20,5,11,5,10,0,0,1.054253,2.614859,3.58947,1.236946,1.419921,2.422101,0.827934,0.880749,1
user_35579,2021-08-10 06:20:00,43,6,4,4,3,2,0,13,15,3,8,1,0,4.346387,1.359702,2.694215,4.525816,2.321163,1.878717,0.347706,0.272683,1
user_35580,2021-09-30 23:10:00,29,8,15,0,10,5,19,13,14,7,8,3,0,0.347554,2.61321,1.2655,3.353209,2.957363,2.132924,0.969545,0.659875,0
user_35581,2021-09-30 02:44:00,39,14,30,1,3,3,14,4,2,14,20,3,0,0.434023,3.040318,1.476859,1.320397,0.24196,2.873746,0.223457,0.981922,0
user_35582,2021-08-14 22:35:00,23,6,10,1,3,1,12,20,19,16,10,5,1,0.294562,4.822629,2.971339,4.177249,4.265314,3.270808,0.939554,0.614852,1
user_35583,2021-08-15 06:26:00,15,8,12,5,7,1,15,19,17,3,9,6,1,0.11184,3.602395,0.62752,4.56798,1.669063,4.525462,0.443622,0.972802,1
user_35584,2021-08-15 01:54:00,19,17,20,1,6,3,8,12,11,1,6,6,1,0.820426,3.140917,2.215801,0.909106,1.196653,2.351671,0.803646,0.477644,1
user_35585,2021-08-24 19:53:00,29,1,3,3,2,1,8,10,19,7,4,1,0,2.038487,0.217517,3.999836,4.240458,4.241638,4.743474,0.219585,0.895013,0
user_35586,2021-09-01 23:23:00,25,2,24,0,4,0,11,14,11,7,11,2,0,1.928132,4.035163,2.508639,2.130532,4.420044,3.839729,0.450657,0.992133,0
user_35587,2021-09-20 16:47:00,27,2,17,5,10,0,4,0,0,4,8,0,0,0.39536,2.857995,4.484489,3.793021,4.984555,1.212628,0.452648,0.262274,1
user_35588,2021-10-24 13:07:00,12,17,22,3,3,4,13,9,11,3,1,6,1,2.44789,3.705776,4.346981,0.833041,3.602204,3.790886,0.967694,0.858264,1
user_35589,2021-10-02 07:04:00,16,5,16,0,5,2,14,19,9,20,14,5,1,2.713945,0.86848,2.364922,2.74291,2.209455,1.286364,0.985079,0.836667,1
user_35590,2021-08-21 01:02:00,19,16,5,4,8,1,5,3,13,3,6,5,1,2.279045,3.815683,3.565292,1.388147,2.527032,1.720949,0.858866,0.320176,1
user_35591,2021-09-23 22:18:00,45,2,10,5,0,4,8,7,4,16,7,3,0,1.858826,1.506529,2.871893,4.886672,0.400387,3.505642,0.834824,0.651372,0
user_35592,2021-08-17 10:29:00,29,10,29,4,6,1,11,17,17,1,17,1,0,3.978953,4.571949,0.787483,3.916265,1.00505,3.877076,0.248644,0.994962,0
user_35593,2021-10-10 00:13:00,3,8,18,5,8,3,0,7,8,2,14,6,1,4.035772,3.739016,1.384323,1.295668,1.494185,2.463984,0.437086,0.655344,1
user_35594,2021-09-23 12:10:00,34,19,14,5,0,5,11,1,15,13,2,3,0,1.556744,2.382221,3.407592,4.255215,2.257912,3.609826,0.758396,0.785245,1
user_35595,2021-08-09 22:19:00,20,0,8,1,2,0,11,13,9,5,1,0,0,2.224832,0.754165,4.816763,1.190535,0.717324,1.255622,0.802916,0.618275,0
user_35596,2021-10-26 13:43:00,38,10,10,4,5,5,8,3,15,7,4,1,0,0.431743,0.109383,2.851231,1.465059,4.437154,0.696156,0.420391,0.760731,0
user_35597,2021-10-19 19:12:00,37,3,29,2,8,4,8,10,4,15,7,1,0,1.350944,1.573954,2.67252,0.821902,2.292333,4.303475,0.629088,0.644175,1
user_35598,2021-10-19 14:53:00,29,17,7,3,3,0,2,17,13,20,7,1,0,0.511698,3.146715,0.77593,0.535201,1.755029,3.564578,0.642569,0.287752,0
user_35599,2021-09-14 05:03:00,40,19,5,1,6,2,7,16,10,16,17,1,0,3.112626,1.480119,4.040436,2.892754,2.565718,1.523041,0.933067,0.805056,0
user_35600,2021-09-22 21:37:00,41,8,1,0,9,3,1,3,12,12,8,2,0,2.019913,0.942564,2.724939,0.893413,3.3063,1.269538,0.405824,0.51565,0
user_35601,2021-09-09 16:56:00,10,1,12,4,8,5,0,12,12,13,20,3,0,2.631079,4.161857,2.748897,1.583313,1.767466,1.834239,0.834888,0.739365,1
user_35602,2021-09-05 19:20:00,15,9,6,4,10,2,1,4,20,13,2,6,1,1.280634,4.371461,4.171349,0.167394,3.447786,2.566622,0.558623,0.233812,0
user_35603,2021-10-26 23:28:00,38,18,28,2,2,2,6,19,8,6,11,1,0,4.297682,3.338701,3.112769,1.546902,0.830758,2.246619,0.537225,0.878363,1
user_35604,2021-09-12 15:55:00,36,2,21,2,10,5,13,2,11,1,10,6,1,2.2199,0.324114,4.227683,1.795877,1.21075,4.675091,0.628627,0.495848,1
user_35605,2021-08-11 04:35:00,8,9,15,4,8,0,15,11,11,9,16,2,0,0.281382,2.319836,1.553383,2.736054,2.436262,3.444982,0.806975,0.568373,1
user_35606,2021-08-10 23:43:00,13,15,24,4,4,4,7,14,12,18,6,1,0,4.470322,2.141585,2.855183,0.242541,4.109558,3.517279,0.784973,0.536562,0
user_35607,2021-10-23 08:13:00,21,13,22,0,7,2,4,17,2,10,1,5,1,0.963311,0.494579,2.952143,3.862083,2.850612,1.587583,0.229765,0.340561,1
user_35608,2021-09-04 09:00:00,18,18,5,2,6,5,14,17,20,6,17,5,1,2.134471,4.385483,3.039196,2.67036,3.588352,1.182591,0.424826,0.823984,0
user_35609,2021-10-01 01:33:00,27,20,1,4,1,1,1,18,2,3,19,4,0,1.910036,1.013777,2.681007,1.558828,0.241349,2.036614,0.839849,0.87649,1
user_35610,2021-08-24 12:29:00,49,10,19,0,7,3,16,1,4,5,7,1,0,3.6125,0.174596,2.980728,1.449444,1.401348,0.688028,0.500755,0.298062,1
user_35611,2021-09-11 23:19:00,44,13,7,2,8,0,2,3,16,2,10,5,1,2.385966,2.52083,4.370708,3.170602,3.872614,2.882392,0.804752,0.489429,0
user_35612,2021-10-20 11:28:00,28,3,28,1,4,4,7,6,18,4,14,2,0,2.667062,3.488595,3.239928,0.896653,0.885781,0.532121,0.951625,0.678646,0
user_35613,2021-08-09 16:38:00,43,9,23,5,2,3,12,8,19,9,15,0,0,2.981986,1.300845,2.166398,2.957165,3.309546,3.067644,0.581283,0.853031,1
user_35614,2021-09-27 05:09:00,38,0,7,3,5,0,8,11,8,8,13,0,0,2.193546,3.323237,2.967815,3.466951,2.984152,3.500941,0.984896,0.757894,1
user_35615,2021-08-12 02:09:00,9,20,14,5,6,5,10,13,14,15,8,3,0,4.205745,3.31442,1.726582,0.21896,2.11249,4.133591,0.715515,0.626894,0
user_35616,2021-08-07 03:17:00,31,4,1,5,0,1,16,0,9,19,19,5,1,0.758068,2.600417,4.73646,1.891309,4.227515,1.033408,0.432255,0.588812,1
user_35617,2021-10-05 23:20:00,20,7,11,1,3,1,17,20,6,20,4,1,0,0.458062,4.124885,0.722598,2.01599,4.966815,3.59543,0.564895,0.81794,0
user_35618,2021-10-15 07:29:00,24,0,29,1,8,1,9,3,8,15,19,4,0,1.370758,0.483706,1.03118,2.676819,4.779783,1.214847,0.370557,0.687686,1
user_35619,2021-10-23 16:01:00,5,9,23,4,5,3,12,4,3,11,6,5,1,0.158404,3.97369,3.142276,3.534401,2.90594,0.461173,0.293472,0.523463,0
user_35620,2021-10-01 15:46:00,18,12,24,1,4,1,18,3,4,18,11,4,0,1.467767,3.276923,4.555195,4.47905,4.92565,3.396983,0.701613,0.683151,0
user_35621,2021-09-20 13:23:00,28,13,3,4,5,5,13,2,9,7,4,0,0,1.346897,3.312199,0.90735,0.371782,3.378615,2.035207,0.602519,0.668304,1
user_35622,2021-10-11 12:41:00,42,16,10,3,0,2,1,10,6,19,8,0,0,1.695448,0.31411,1.667907,3.47815,2.019134,1.012627,0.311163,0.444065,0
user_35623,2021-10-24 01:25:00,33,15,21,0,9,3,2,19,16,5,0,6,1,4.476801,4.486992,3.622717,4.849784,4.543989,4.452,0.694721,0.581662,1
user_35624,2021-10-10 20:15:00,26,16,6,5,1,5,8,12,0,18,0,6,1,3.166464,1.387441,4.254439,2.178915,0.643431,3.119139,0.990997,0.370165,1
user_35625,2021-09-09 20:29:00,37,5,22,3,9,5,2,5,2,14,16,3,0,4.647571,3.737669,1.608804,1.482865,0.419821,4.708627,0.680065,0.877509,0
user_35626,2021-10-28 13:36:00,32,11,1,1,3,5,4,15,18,11,1,3,0,4.835824,4.870016,4.525018,3.011514,3.236785,0.866413,0.990381,0.950081,0
user_35627,2021-10-18 08:05:00,25,10,21,4,8,0,17,10,18,5,9,0,0,3.329403,1.731008,3.6268,3.42017,2.79177,2.491948,0.600735,0.78139,1
user_35628,2021-10-29 17:10:00,6,3,26,0,5,2,3,5,17,13,0,4,0,2.692369,1.182971,2.825899,3.866751,1.027923,0.259779,0.671843,0.249384,1
user_35629,2021-08-20 13:29:00,37,12,11,1,8,3,11,7,1,7,13,4,0,4.570225,0.870129,4.374254,1.891391,4.324914,0.924467,0.620873,0.262101,0
user_35630,2021-10-29 15:36:00,19,12,29,5,6,0,1,2,18,15,20,4,0,2.395022,4.689694,1.871555,0.538075,0.504339,0.830495,0.35268,0.303693,1
user_35631,2021-10-08 09:41:00,28,1,19,2,6,4,9,10,13,1,9,4,0,4.501709,2.669405,3.858073,1.10064,1.615735,0.5635,0.874791,0.978091,0
user_35632,2021-09-06 03:45:00,5,20,20,5,4,1,11,13,14,2,15,0,0,2.712165,3.211812,2.683763,0.268383,1.377087,0.355527,0.62792,0.50937,1
user_35633,2021-08-02 05:28:00,46,15,19,0,5,1,18,12,15,19,3,0,0,2.503576,4.113071,0.949229,3.847208,1.846383,3.541985,0.523496,0.985938,0
user_35634,2021-09-22 14:45:00,30,2,17,0,3,3,7,18,10,12,5,2,0,2.960934,2.61058,0.866017,2.110004,4.854509,2.577261,0.273428,0.70023,1
user_35635,2021-10-27 13:25:00,43,13,20,3,10,1,12,13,10,0,9,2,0,4.136114,0.255836,1.097638,3.062572,0.883917,2.71259,0.750554,0.548461,1
user_35636,2021-10-26 06:28:00,48,8,15,1,5,4,4,13,9,0,0,1,0,4.134306,3.446162,1.401163,4.713543,2.261314,0.1751,0.448334,0.292688,1
user_35637,2021-08-04 13:16:00,17,10,15,0,2,0,6,10,18,11,12,2,0,0.624767,1.477232,0.104766,0.830342,2.27959,2.06996,0.92835,0.249364,0
user_35638,2021-09-19 06:52:00,31,7,7,0,0,3,17,12,3,11,20,6,1,0.896597,2.14339,1.490195,0.828723,3.938239,3.615944,0.788254,0.58738,0
user_35639,2021-09-12 05:29:00,50,3,21,5,4,1,9,5,15,14,16,6,1,4.813264,2.283784,2.641263,4.063518,3.542245,1.639137,0.66282,0.232504,1
user_35640,2021-10-08 05:29:00,39,1,3,1,9,4,4,13,20,4,9,4,0,2.118596,2.04272,1.481598,0.732272,4.795106,3.729276,0.270316,0.42698,0
user_35641,2021-10-12 03:07:00,48,10,11,1,1,0,19,11,2,0,19,1,0,3.188444,0.629911,0.213963,0.804274,1.101809,1.616145,0.657195,0.989802,0
user_35642,2021-09-09 02:47:00,18,9,23,1,9,0,9,12,3,5,13,3,0,2.512254,4.952463,2.239554,1.708094,0.84617,1.899614,0.362988,0.794008,1
user_35643,2021-08-27 20:12:00,14,16,25,1,3,5,8,18,18,18,9,4,0,2.478557,1.991766,3.795714,4.30667,1.675369,4.70772,0.52199,0.777315,0
user_35644,2021-10-19 10:47:00,25,18,5,4,3,2,19,14,8,10,2,1,0,0.938476,2.281192,3.932485,1.673929,1.461842,0.819858,0.363924,0.566342,0
user_35645,2021-09-18 08:10:00,33,10,24,4,7,1,20,20,11,4,13,5,1,0.120261,1.602078,2.725242,4.217752,4.566409,0.592869,0.579756,0.675437,0
user_35646,2021-08-29 02:34:00,22,12,23,4,2,3,0,10,14,12,2,6,1,4.63323,1.823365,1.35968,2.892493,2.51654,0.511743,0.690677,0.502288,1
user_35647,2021-09-12 11:46:00,8,17,29,2,2,3,4,17,1,4,0,6,1,3.414027,3.859844,1.771538,0.960223,3.881215,0.506006,0.45714,0.408843,1
user_35648,2021-09-12 03:05:00,11,6,22,4,9,1,14,13,5,18,17,6,1,0.413157,1.997823,4.902633,2.912572,0.406099,0.809147,0.662961,0.981403,1
user_35649,2021-09-09 15:46:00,42,12,22,2,3,4,17,1,9,3,8,3,0,0.196466,4.442696,4.994484,3.530283,0.208179,3.967182,0.543088,0.247198,1
user_35650,2021-09-03 13:09:00,12,2,16,2,7,0,5,0,1,17,4,4,0,4.135833,0.430826,0.294782,0.447605,0.928525,1.243954,0.481784,0.956407,1
user_35651,2021-09-25 22:07:00,22,1,5,5,6,0,6,16,4,11,18,5,1,1.637468,1.653235,4.580334,2.019453,1.199431,2.033825,0.398944,0.76419,0
user_35652,2021-10-13 08:11:00,18,16,3,2,4,5,3,8,13,20,2,2,0,1.830548,3.665727,3.278368,3.120703,3.828381,1.297696,0.765522,0.791331,0
user_35653,2021-09-30 15:35:00,44,15,27,3,2,2,4,16,0,2,3,3,0,0.648539,1.663218,4.134294,2.651807,1.25835,4.912992,0.22575,0.299626,1
user_35654,2021-10-10 21:03:00,19,18,20,0,3,1,14,12,6,6,14,6,1,0.834777,1.540254,4.131386,4.425705,2.308318,3.6249,0.492474,0.289948,0
user_35655,2021-09-20 03:41:00,21,4,17,1,4,4,20,18,6,17,11,0,0,1.378017,4.098347,2.489189,2.620339,1.604936,1.030155,0.368801,0.711806,1
user_35656,2021-09-04 02:05:00,49,0,16,2,10,4,4,10,12,20,17,5,1,4.19575,4.50286,4.303531,3.030958,1.872191,3.156126,0.245209,0.482997,0
user_35657,2021-08-01 01:17:00,29,5,24,5,1,0,7,14,1,10,8,6,1,2.521214,3.270226,3.476434,1.660669,1.015551,4.652194,0.798027,0.488979,0
user_35658,2021-10-20 06:25:00,32,11,30,3,1,2,4,20,18,0,13,2,0,3.190418,2.17721,3.650852,0.628944,1.100955,2.466545,0.203453,0.741553,0
user_35659,2021-08-06 17:25:00,45,6,12,1,4,0,14,18,9,10,6,4,0,1.891487,4.611505,2.065734,2.508069,0.323724,2.379799,0.330343,0.890549,0
user_35660,2021-09-26 00:07:00,18,9,24,3,7,5,17,18,12,18,6,6,1,2.273789,4.473054,1.572889,4.687074,4.038547,2.629834,0.9855,0.328356,0
user_35661,2021-09-01 13:51:00,5,6,5,0,3,3,0,11,20,20,7,2,0,2.502205,3.974145,1.059163,1.387099,0.947121,1.000176,0.784295,0.581085,1
user_35662,2021-08-09 07:35:00,15,7,22,4,4,0,12,20,17,0,1,0,0,3.985535,4.874921,2.4923,4.676339,3.986368,0.143207,0.600961,0.545811,0
user_35663,2021-08-24 15:25:00,38,3,10,2,5,4,15,16,15,20,11,1,0,2.802213,2.023438,4.247816,4.894235,1.755106,4.562756,0.945701,0.743592,0
user_35664,2021-10-22 05:05:00,44,11,27,2,2,4,18,6,5,2,15,4,0,1.678913,1.811153,0.289416,2.851137,2.939186,2.934488,0.336079,0.81839,0
user_35665,2021-08-06 23:40:00,32,20,26,0,1,5,5,17,8,3,0,4,0,2.391221,1.501728,0.616512,2.578239,1.918897,2.523735,0.914692,0.453768,1
user_35666,2021-09-01 18:47:00,19,14,7,3,1,0,20,7,7,0,13,2,0,2.093029,1.915698,0.431824,1.991935,1.585968,4.513479,0.826735,0.302354,1
user_35667,2021-09-18 01:19:00,41,0,3,3,10,1,18,7,17,10,16,5,1,4.430419,0.315477,1.543676,0.823841,2.82831,4.664986,0.656342,0.690984,1
user_35668,2021-09-15 07:16:00,18,10,5,4,8,5,13,19,5,18,6,2,0,2.152516,1.369196,0.767678,3.146852,4.745701,4.106624,0.575347,0.698577,0
user_35669,2021-09-17 09:38:00,25,17,15,3,5,5,14,2,18,18,2,4,0,2.443259,0.812462,1.858502,3.097976,3.309754,4.848308,0.827488,0.993748,0
user_35670,2021-09-18 11:55:00,16,17,27,4,9,4,14,20,13,20,11,5,1,3.917135,4.264262,1.988069,2.269391,1.709153,2.115683,0.972692,0.375381,1
user_35671,2021-08-24 20:41:00,33,17,18,0,0,1,5,19,9,5,13,1,0,1.720411,1.538946,3.395915,3.96268,4.447588,3.193397,0.454822,0.880592,1
user_35672,2021-08-02 08:26:00,44,9,2,1,2,5,6,18,2,14,18,0,0,2.136335,4.47415,2.523565,2.080098,4.204901,3.480228,0.495982,0.345277,0
user_35673,2021-08-27 10:12:00,33,18,4,5,4,5,5,3,12,9,15,4,0,2.253407,3.844027,0.58438,2.715476,3.113521,1.645671,0.83863,0.657051,1
user_35674,2021-09-20 12:23:00,9,17,27,2,5,5,6,5,3,15,12,0,0,2.687911,4.975285,3.329101,0.693637,2.959059,1.631294,0.459118,0.395919,0
user_35675,2021-09-17 19:21:00,7,16,20,2,6,4,5,5,16,17,6,4,0,3.451149,2.323984,1.16186,1.255055,3.013405,4.239332,0.822975,0.377193,0
user_35676,2021-08-19 08:06:00,50,7,10,0,4,2,0,7,7,2,3,3,0,2.534213,4.62591,4.907005,1.296632,0.121088,4.579758,0.264507,0.63598,0
user_35677,2021-10-14 16:05:00,34,14,2,2,8,1,20,17,10,7,12,3,0,1.547733,1.834091,3.122758,1.628697,2.227658,4.796044,0.401226,0.251046,1
user_35678,2021-09-27 12:19:00,4,1,16,0,0,5,1,19,5,5,9,0,0,2.756117,3.967237,3.359536,3.644253,4.044688,4.071448,0.538752,0.420286,0
user_35679,2021-10-16 21:54:00,28,2,11,3,7,0,7,15,1,15,18,5,1,4.91364,2.074004,1.444223,4.511506,3.758402,2.872329,0.494828,0.927037,0
user_35680,2021-09-05 13:22:00,27,13,22,0,8,4,20,5,11,17,6,6,1,1.192464,2.24743,2.39798,3.558278,2.325306,0.126157,0.988669,0.793722,1
user_35681,2021-10-09 21:26:00,6,15,12,5,9,4,3,3,17,12,3,5,1,3.496368,2.744681,0.549082,1.642678,4.220318,4.146386,0.295849,0.908893,0
user_35682,2021-09-06 09:56:00,39,20,4,4,2,4,5,19,12,0,5,0,0,2.938722,3.562201,1.33087,4.272149,4.362695,1.177297,0.995815,0.504546,0
user_35683,2021-08-05 22:16:00,48,2,22,2,3,0,20,3,1,13,3,3,0,2.753384,4.025775,2.590198,1.145083,0.476936,4.169715,0.582007,0.897609,1
user_35684,2021-10-29 07:32:00,23,11,24,4,5,0,6,17,15,15,16,4,0,2.540585,4.454665,2.772249,3.690172,3.557552,2.555998,0.21818,0.267184,1
user_35685,2021-09-12 16:50:00,42,15,11,5,9,2,11,0,2,7,7,6,1,3.250074,0.246098,2.943715,1.540475,1.592798,4.703926,0.398447,0.773585,0
user_35686,2021-09-24 20:49:00,4,18,28,2,5,0,0,11,5,11,3,4,0,3.583653,0.664086,4.823613,3.874374,2.235197,0.190759,0.280702,0.912759,0
user_35687,2021-09-07 22:29:00,31,15,14,3,1,1,3,14,19,1,18,1,0,1.622605,1.596555,4.430679,0.600969,2.734879,3.296893,0.438359,0.954291,1
user_35688,2021-09-01 19:40:00,34,4,23,5,8,2,12,16,10,17,7,2,0,4.708364,1.934229,1.944996,3.986387,1.876115,3.798153,0.417712,0.230344,1
user_35689,2021-10-19 22:10:00,49,5,22,1,9,3,7,14,16,8,15,1,0,1.568387,0.855615,2.212182,1.543564,4.335549,0.867258,0.979038,0.769671,1
user_35690,2021-09-27 20:15:00,36,5,11,3,9,1,0,18,9,0,7,0,0,3.336336,3.668136,2.321606,3.389664,2.466941,3.506462,0.554921,0.971392,1
user_35691,2021-10-24 03:26:00,27,3,27,3,8,4,12,11,11,16,18,6,1,1.524684,0.895427,1.309206,2.249067,0.122106,1.60458,0.470454,0.319817,0
user_35692,2021-10-22 05:39:00,34,7,14,3,3,1,19,20,2,9,19,4,0,1.880877,2.517042,3.806294,1.609602,4.561087,2.650728,0.837294,0.475925,0
user_35693,2021-09-12 04:40:00,50,2,29,5,7,2,15,9,9,10,12,6,1,4.399312,4.377135,4.822999,1.153116,3.813438,1.083272,0.422802,0.740947,0
user_35694,2021-08-17 03:20:00,16,11,19,1,4,1,1,3,12,14,5,1,0,3.640729,0.427969,1.553464,2.669392,3.913768,0.853184,0.856647,0.539688,0
user_35695,2021-10-14 20:24:00,11,10,15,5,5,2,1,4,3,17,16,3,0,1.090886,2.315762,3.625544,2.877544,0.318888,0.469404,0.937792,0.599158,1
user_35696,2021-08-06 12:43:00,39,5,30,2,1,3,18,7,4,14,20,4,0,0.292477,2.064226,0.596023,4.957259,1.103236,3.214452,0.794563,0.732406,0
user_35697,2021-08-22 12:30:00,33,18,21,0,9,5,4,15,17,3,13,6,1,3.239704,1.396142,3.968959,0.430854,3.919281,3.058085,0.961911,0.237295,1
user_35698,2021-08-30 23:43:00,32,5,7,2,5,1,9,12,16,3,6,0,0,4.742577,4.94778,2.945914,3.370746,4.349055,4.777307,0.672733,0.741256,0
user_35699,2021-09-06 00:41:00,46,0,1,0,1,2,14,20,18,15,0,0,0,2.815433,4.911831,2.055119,3.564455,3.883206,2.931832,0.914296,0.934132,1
user_35700,2021-09-03 19:43:00,3,18,28,3,1,1,20,16,5,1,5,4,0,3.780314,3.66961,3.325385,1.487429,4.229962,4.644878,0.477582,0.306625,0
user_35701,2021-10-02 16:58:00,15,13,12,0,4,0,3,8,11,4,14,5,1,4.467675,4.781305,0.314952,3.557071,2.724551,2.417283,0.966187,0.486416,1
user_35702,2021-10-15 05:08:00,41,16,20,0,8,4,11,20,4,18,11,4,0,1.230936,1.689451,4.325574,4.172611,1.9009,2.390519,0.682357,0.905164,0
user_35703,2021-10-22 08:20:00,15,4,28,4,0,4,5,15,19,10,14,4,0,1.798294,0.767694,1.235477,1.686735,3.833579,4.292282,0.218687,0.75103,1
user_35704,2021-08-19 19:52:00,50,4,8,5,5,5,1,1,20,6,5,3,0,4.356448,4.731318,3.641696,3.617257,0.154864,0.494851,0.948672,0.490018,1
user_35705,2021-09-13 05:47:00,13,14,3,3,1,5,9,2,16,7,20,0,0,1.420259,0.712846,4.57594,1.136163,2.753679,0.556715,0.622358,0.448149,1
user_35706,2021-08-18 13:47:00,18,20,1,5,10,3,9,4,0,15,3,2,0,4.649231,3.064552,3.196311,2.202367,0.786939,2.578443,0.662071,0.637564,0
user_35707,2021-10-13 23:26:00,12,20,4,5,5,0,3,14,16,15,18,2,0,0.486321,1.86804,1.272685,3.982579,1.661109,0.458795,0.801577,0.852436,0
user_35708,2021-08-26 07:26:00,3,18,3,4,5,5,12,3,7,17,13,3,0,1.306052,3.998323,0.303009,3.913373,1.892401,3.188358,0.277987,0.367494,0
user_35709,2021-10-12 19:41:00,47,7,12,0,6,1,6,6,15,9,16,1,0,2.870986,3.091486,3.495799,3.089879,0.440962,1.626144,0.803892,0.684407,1
user_35710,2021-08-25 01:41:00,8,17,10,1,10,2,19,3,6,17,12,2,0,2.504799,4.453511,3.752797,1.091049,3.449882,0.34431,0.777445,0.202598,1
user_35711,2021-08-29 12:41:00,36,16,19,0,9,5,17,8,14,16,15,6,1,4.250767,4.89457,2.782717,0.632952,4.889557,4.85971,0.952916,0.501762,0
user_35712,2021-10-20 05:57:00,50,1,10,2,0,0,15,1,4,18,11,2,0,3.368286,0.281547,3.233067,3.608693,3.208345,4.174727,0.253102,0.757613,0
user_35713,2021-10-03 18:01:00,7,6,4,2,6,5,12,13,7,7,0,6,1,4.457988,2.248534,3.65985,2.339196,2.612817,3.697568,0.697769,0.613944,0
user_35714,2021-10-08 08:35:00,49,15,17,4,7,2,6,20,20,20,13,4,0,0.758197,0.393039,4.478452,2.506793,4.873906,1.698684,0.603012,0.867548,1
user_35715,2021-08-20 16:00:00,36,10,26,4,5,0,8,12,20,19,18,4,0,0.814665,4.085081,2.218395,4.894583,1.206425,0.762605,0.380656,0.758071,1
user_35716,2021-08-23 23:48:00,28,4,5,2,9,1,4,13,17,6,10,0,0,2.143362,2.796159,1.086701,4.800095,2.022894,3.263677,0.597943,0.903542,0
user_35717,2021-08-29 03:50:00,1,12,2,3,10,0,12,12,18,5,8,6,1,4.015543,1.750232,1.296625,0.340064,0.34125,0.840313,0.987015,0.830754,1
user_35718,2021-09-24 09:43:00,19,13,7,1,8,2,13,17,5,2,12,4,0,3.88174,0.263616,0.735845,0.177535,2.535481,2.666732,0.831861,0.320742,1
user_35719,2021-08-18 02:13:00,38,19,13,4,8,3,2,14,10,20,1,2,0,3.080786,2.073391,0.476536,3.710677,4.397349,4.900664,0.983596,0.528518,0
user_35720,2021-08-27 02:14:00,6,10,3,3,6,5,14,9,17,2,19,4,0,2.767992,3.917803,2.485951,1.557546,1.460177,2.349223,0.658593,0.92064,1
user_35721,2021-10-21 02:15:00,1,16,16,5,7,3,18,5,16,4,6,3,0,2.500316,4.09328,4.523021,1.002547,1.711032,3.930572,0.911462,0.564256,0
user_35722,2021-10-22 07:18:00,24,7,23,0,1,0,18,4,17,9,20,4,0,1.469593,1.200086,3.946806,2.64459,0.355487,3.990179,0.782164,0.449999,1
user_35723,2021-09-12 03:57:00,14,14,3,2,6,1,13,10,15,14,20,6,1,3.953406,1.370797,0.111555,3.529091,1.743768,0.47444,0.25842,0.714365,0
user_35724,2021-08-30 23:12:00,27,2,10,1,2,0,2,17,4,8,8,0,0,0.284499,3.910201,1.145854,3.721109,3.004573,2.888506,0.71221,0.328916,1
user_35725,2021-08-03 21:51:00,16,12,26,4,2,1,14,6,7,5,11,1,0,3.404269,3.561288,2.394288,4.863421,1.32802,2.523236,0.765902,0.21941,1
user_35726,2021-10-08 13:45:00,41,12,6,3,2,1,20,6,4,13,18,4,0,2.120828,1.450691,0.756564,3.773962,4.205714,1.71809,0.424054,0.804336,0
user_35727,2021-10-26 04:31:00,14,5,8,4,9,5,20,9,20,2,13,1,0,4.086918,3.674566,4.478925,2.364207,0.476282,4.694048,0.656193,0.507922,1
user_35728,2021-08-08 02:50:00,43,12,22,2,8,3,4,9,2,18,1,6,1,1.217814,3.174305,1.310545,3.177493,2.181346,0.225628,0.562923,0.682237,0
user_35729,2021-10-02 05:01:00,46,8,27,3,10,3,11,8,17,2,6,5,1,1.921256,3.5875,0.379142,4.076659,3.541299,4.86092,0.810981,0.497161,0
user_35730,2021-08-10 21:03:00,34,13,20,1,2,2,19,1,10,18,2,1,0,4.341139,0.824442,3.998728,1.286574,4.652858,2.583226,0.306717,0.634842,1
user_35731,2021-09-10 07:49:00,15,4,12,1,9,1,19,6,10,12,15,4,0,1.005468,2.839953,3.121502,1.767463,0.899034,2.097201,0.569002,0.885225,0
user_35732,2021-08-21 13:23:00,25,12,26,2,8,0,14,1,17,19,1,5,1,1.932327,2.153606,2.426409,4.100405,4.189697,4.307903,0.469856,0.419217,1
user_35733,2021-09-04 07:34:00,33,17,11,4,9,3,16,13,9,1,10,5,1,3.237885,1.622424,2.175657,3.009985,1.956142,3.115558,0.399766,0.962068,1
user_35734,2021-10-16 05:23:00,34,1,22,5,8,5,10,20,2,8,7,5,1,0.111719,1.285749,1.898402,3.862363,4.048961,4.219805,0.287493,0.874767,1
user_35735,2021-10-08 00:47:00,13,15,2,1,10,0,5,6,11,10,3,4,0,4.346159,2.743126,2.919797,4.080559,4.558367,4.273583,0.582397,0.968866,1
user_35736,2021-10-23 05:19:00,2,14,8,1,8,4,19,0,3,20,6,5,1,3.113498,4.664199,1.037613,1.183193,2.264173,2.715469,0.322896,0.704857,0
user_35737,2021-10-18 00:07:00,4,20,26,2,8,2,13,14,8,0,20,0,0,1.3753,2.992897,1.561177,1.552239,0.268845,3.272525,0.992998,0.572256,1
user_35738,2021-10-29 12:06:00,13,12,9,2,7,4,7,2,1,9,14,4,0,0.882335,1.065514,1.78009,2.26481,1.129557,3.285632,0.738392,0.482923,1
user_35739,2021-08-18 13:59:00,1,0,1,5,6,5,9,10,4,9,17,2,0,3.169497,0.827695,2.65415,2.929434,3.754543,2.278802,0.729439,0.491557,1
user_35740,2021-09-13 23:32:00,23,10,17,1,5,2,7,11,13,8,1,0,0,4.143665,0.284378,4.667117,3.580892,1.942401,3.032563,0.482077,0.725848,0
user_35741,2021-10-18 05:59:00,42,13,23,2,2,1,5,7,14,9,16,0,0,4.417627,0.420355,1.020075,0.428239,1.316309,1.589108,0.895801,0.5261,0
user_35742,2021-09-27 21:26:00,28,9,14,0,6,0,7,13,1,20,16,0,0,2.693056,0.706457,4.875884,4.410673,1.222502,3.999225,0.816853,0.442389,1
user_35743,2021-09-10 00:07:00,44,8,22,0,8,2,19,16,20,10,20,4,0,1.641836,2.416792,3.483178,1.252877,4.276405,4.749946,0.335964,0.585262,1
user_35744,2021-08-14 20:57:00,16,8,9,2,2,1,16,11,17,2,13,5,1,2.696412,3.129092,3.651623,1.781013,0.280162,3.198961,0.391858,0.637192,0
user_35745,2021-09-20 10:03:00,42,18,25,5,4,1,13,3,0,4,2,0,0,3.000312,2.284383,1.801998,3.348072,3.404919,4.496804,0.739575,0.605397,1
user_35746,2021-08-23 08:45:00,26,5,10,5,6,2,8,1,13,18,11,0,0,2.686784,0.87297,0.799222,3.609301,2.240649,3.481674,0.36434,0.788537,0
user_35747,2021-09-27 21:03:00,24,4,6,0,5,3,0,1,1,16,14,0,0,1.046764,2.433491,3.298218,3.474417,3.474351,1.218215,0.336202,0.232411,0
user_35748,2021-10-28 09:47:00,25,1,3,1,9,1,10,14,3,11,4,3,0,2.481189,0.940872,4.657034,2.323166,2.378119,2.192058,0.796616,0.514361,0
user_35749,2021-10-03 04:14:00,3,0,13,2,8,4,9,18,9,16,19,6,1,1.874178,2.416178,0.610733,1.178651,3.68247,0.915617,0.452298,0.968165,0
user_35750,2021-08-13 17:06:00,47,3,21,4,9,5,8,4,2,16,17,4,0,4.217627,0.853015,0.126167,4.130888,4.609801,4.936139,0.297102,0.992108,0
user_35751,2021-10-04 18:53:00,3,13,4,1,8,3,19,1,0,0,10,0,0,1.315866,0.352485,4.924765,0.421527,1.824195,1.620647,0.986919,0.379418,0
user_35752,2021-09-23 10:21:00,37,17,23,3,6,5,20,11,6,2,4,3,0,4.326536,2.761067,1.144879,3.320873,1.287988,2.262477,0.265169,0.935494,0
user_35753,2021-09-07 20:13:00,33,12,12,3,10,1,20,2,14,19,9,1,0,1.208413,2.185728,1.634331,2.66679,3.343655,2.054422,0.906675,0.851787,1
user_35754,2021-10-16 01:14:00,8,2,14,4,2,2,15,18,10,1,12,5,1,1.924775,4.556237,1.010472,1.248584,2.496017,2.9318,0.374301,0.562929,0
user_35755,2021-08-26 08:21:00,31,1,5,5,8,1,9,10,18,18,18,3,0,3.312455,4.760486,2.214202,2.021034,4.826958,0.32835,0.268359,0.923572,0
user_35756,2021-09-06 18:25:00,5,19,5,4,7,5,15,12,0,17,5,0,0,2.282976,0.52713,1.965708,2.364679,2.706616,1.148202,0.773004,0.256463,0
user_35757,2021-10-06 15:36:00,37,5,9,5,1,3,7,3,2,10,19,2,0,0.605294,2.242482,4.055558,3.172982,3.521235,1.037758,0.898734,0.845659,0
user_35758,2021-09-13 11:20:00,20,9,16,4,3,3,9,3,2,3,16,0,0,2.246182,2.678001,4.811025,2.612871,2.514233,2.007414,0.453833,0.585933,0
user_35759,2021-10-20 00:25:00,5,0,4,0,1,0,3,6,3,7,7,2,0,1.962123,2.020783,2.847759,2.532126,1.374969,3.520046,0.943597,0.425112,0
user_35760,2021-09-07 11:02:00,7,1,26,0,7,1,18,17,2,9,3,1,0,1.401068,3.677454,4.858264,4.326785,0.212207,1.914616,0.446866,0.576136,0
user_35761,2021-08-08 20:37:00,29,9,17,3,9,3,17,11,0,17,16,6,1,2.161967,4.637961,4.368509,4.438316,0.59748,4.558043,0.400722,0.592455,0
user_35762,2021-08-20 01:10:00,48,19,11,3,3,4,5,10,15,13,3,4,0,1.458896,0.693197,3.553797,3.342132,4.381587,1.973372,0.742692,0.570314,0
user_35763,2021-09-11 07:30:00,12,15,8,1,5,5,11,15,13,7,5,5,1,2.492514,3.344812,3.451473,2.615567,2.375217,0.167477,0.315057,0.548374,1
user_35764,2021-09-10 13:31:00,1,11,29,3,10,4,12,6,16,1,10,4,0,3.643257,0.919502,0.413925,0.881379,1.916339,4.554385,0.927533,0.95826,0
user_35765,2021-10-17 15:57:00,2,6,23,2,7,0,4,4,2,19,6,6,1,2.865293,1.052709,1.061311,3.852972,4.530139,2.6095,0.395787,0.605451,0
user_35766,2021-08-06 16:13:00,9,16,12,0,9,5,6,12,7,5,5,4,0,4.776237,0.813337,4.859357,1.506692,4.904372,1.959186,0.833101,0.83821,0
user_35767,2021-09-04 00:11:00,49,6,9,0,2,1,1,7,3,7,13,5,1,0.422073,2.334657,0.129062,2.625875,2.89643,1.836759,0.92767,0.281415,1
user_35768,2021-08-21 00:40:00,40,17,11,0,7,1,2,7,6,5,16,5,1,0.469579,1.811599,4.505738,3.183887,4.044276,1.17743,0.986029,0.768168,0
user_35769,2021-09-17 22:41:00,30,16,5,3,2,1,11,9,14,10,14,4,0,3.854596,4.11267,1.7159,3.9968,1.537098,3.015847,0.789441,0.76316,0
user_35770,2021-09-06 14:03:00,5,19,12,4,5,3,18,19,15,15,1,0,0,4.847574,4.97616,2.060826,1.340139,1.332847,1.499125,0.488492,0.3925,1
user_35771,2021-09-03 00:12:00,22,10,19,0,2,5,3,5,6,12,9,4,0,0.202906,0.171387,3.153306,0.589663,2.817639,3.196304,0.412308,0.442231,0
user_35772,2021-09-15 17:14:00,37,18,9,4,4,4,2,20,15,16,12,2,0,0.6253,1.721935,4.74201,4.261499,2.724499,2.149792,0.216527,0.916452,0
user_35773,2021-10-04 00:27:00,7,8,27,5,1,5,4,17,2,15,1,0,0,2.698256,0.483486,4.71723,0.436551,4.364111,2.202649,0.974073,0.858561,0
user_35774,2021-08-08 01:54:00,30,12,26,1,4,1,14,9,6,9,15,6,1,1.623258,2.425709,0.581467,3.78836,2.88542,1.760267,0.496758,0.344345,0
user_35775,2021-08-08 04:35:00,20,6,6,5,8,1,6,14,18,1,4,6,1,4.560977,2.971298,4.96028,1.049782,1.577205,0.68042,0.401852,0.534881,0
user_35776,2021-10-23 15:30:00,9,14,2,5,10,3,17,1,20,18,1,5,1,3.582945,1.290763,2.933748,0.709295,0.776721,2.749839,0.631954,0.319733,0
user_35777,2021-09-12 16:38:00,22,0,4,2,8,0,14,14,5,0,8,6,1,1.688771,0.430633,2.926758,4.38817,3.986104,2.667494,0.351958,0.269264,1
user_35778,2021-08-03 21:57:00,18,9,3,3,5,3,18,20,16,15,1,1,0,3.426028,3.949087,2.687897,2.359193,1.638084,1.482891,0.734271,0.996937,1
user_35779,2021-08-03 00:08:00,13,8,10,0,6,4,17,0,0,16,17,1,0,2.892459,3.032543,3.981903,4.379278,4.59334,1.108223,0.778507,0.726746,0
user_35780,2021-10-09 15:24:00,23,12,9,2,1,3,11,15,17,11,13,5,1,3.226917,0.364261,0.795658,3.840233,3.562732,1.308072,0.54053,0.877466,0
user_35781,2021-09-17 00:24:00,1,19,24,2,4,5,0,4,14,10,18,4,0,1.16541,3.989667,3.393502,0.816372,3.582802,2.199987,0.586287,0.846378,0
user_35782,2021-10-08 03:25:00,28,4,25,0,9,4,9,8,18,0,9,4,0,1.66189,0.560843,4.853152,4.081965,3.471725,1.196175,0.283545,0.554574,0
user_35783,2021-08-12 14:05:00,22,7,19,4,4,2,10,8,20,3,7,3,0,0.20114,1.298161,2.451984,4.186212,1.917888,0.783472,0.414024,0.414747,0
user_35784,2021-08-28 13:46:00,39,20,20,0,0,0,2,12,11,12,9,5,1,0.929181,4.314915,1.424554,0.711981,2.544056,1.26477,0.26328,0.590364,0
user_35785,2021-09-17 06:16:00,16,19,27,1,2,0,5,1,9,20,6,4,0,3.10909,1.862054,2.498348,4.043625,2.562474,4.927489,0.215888,0.760497,1
user_35786,2021-10-10 03:23:00,13,11,21,3,8,5,12,18,5,12,9,6,1,4.033476,1.984944,0.213752,2.933868,2.077899,0.998139,0.774252,0.925726,1
user_35787,2021-08-20 09:37:00,28,10,16,2,10,0,1,10,5,9,6,4,0,1.290914,2.914276,2.005893,3.229387,2.229089,2.452986,0.854193,0.605841,1
user_35788,2021-09-05 17:50:00,30,15,6,2,9,2,12,4,16,14,0,6,1,4.712141,3.722178,2.511673,1.95529,1.932158,1.01423,0.471008,0.733281,1
user_35789,2021-09-19 04:38:00,47,1,11,3,10,4,1,2,4,11,4,6,1,3.885497,0.77592,4.5916,1.637142,1.017452,3.193844,0.257659,0.219149,0
user_35790,2021-10-04 14:19:00,5,3,19,2,0,5,15,12,7,7,9,0,0,2.948609,1.190821,1.647907,3.112691,1.651902,0.430341,0.309159,0.89563,1
user_35791,2021-08-22 20:15:00,42,20,11,0,3,5,2,3,8,14,13,6,1,4.393097,1.056039,0.441336,3.556941,4.918771,4.345012,0.898328,0.26411,1
user_35792,2021-09-04 21:50:00,13,8,18,0,2,3,18,8,2,0,13,5,1,1.050668,3.281237,1.575047,4.274879,3.929962,1.726773,0.972948,0.612238,0
user_35793,2021-09-16 02:43:00,5,11,17,0,5,2,12,2,8,15,2,3,0,2.121162,1.25287,3.404022,3.120511,4.248192,2.940294,0.437284,0.826816,1
user_35794,2021-09-09 08:46:00,7,10,23,1,9,1,19,14,11,5,15,3,0,2.266313,3.737638,0.236135,1.118936,3.700842,3.397866,0.558452,0.973755,1
user_35795,2021-09-01 10:31:00,34,20,1,5,3,4,10,5,6,19,4,2,0,3.463036,2.334191,1.99282,1.576937,2.808838,1.218815,0.582985,0.37322,1
user_35796,2021-09-13 20:53:00,35,9,27,3,7,1,16,19,4,6,7,0,0,3.428199,2.540023,1.402609,3.599761,2.940728,4.549699,0.499002,0.224515,0
user_35797,2021-08-10 19:06:00,30,3,1,2,7,3,16,17,2,14,20,1,0,4.454722,0.945072,0.762397,0.974492,2.796848,3.280588,0.208299,0.982528,1
user_35798,2021-09-16 02:40:00,43,9,30,5,5,4,3,5,4,16,8,3,0,0.446352,0.847473,1.552921,4.243111,1.085257,4.630276,0.753985,0.467325,1
user_35799,2021-10-23 19:40:00,27,2,17,0,1,5,1,3,12,1,12,5,1,3.79986,4.77433,3.288914,1.29118,1.067652,0.445914,0.537334,0.483053,1
user_35800,2021-08-24 15:57:00,27,19,18,5,7,2,6,20,6,10,19,1,0,4.830109,1.719132,2.437538,3.297235,4.63983,2.588319,0.683952,0.919722,0
user_35801,2021-10-10 08:43:00,43,6,22,0,9,3,18,2,4,3,3,6,1,0.311181,0.180828,2.633565,4.161204,2.156536,0.302987,0.953006,0.775058,1
user_35802,2021-09-17 16:55:00,47,15,30,1,2,4,1,2,3,6,0,4,0,4.772097,0.811024,0.911709,0.404864,4.93035,3.695977,0.311823,0.480623,0
user_35803,2021-10-16 12:51:00,47,18,15,5,9,1,2,1,17,19,14,5,1,2.105241,3.24229,4.597429,3.401435,3.616889,1.336591,0.344388,0.989281,1
user_35804,2021-08-25 08:15:00,33,10,2,2,9,5,17,7,8,0,2,2,0,4.231541,2.403341,1.114335,2.763004,1.392122,3.319421,0.353077,0.455823,1
user_35805,2021-08-21 02:19:00,22,1,20,1,0,2,4,9,3,3,0,5,1,3.581182,4.968604,3.894423,0.520605,2.793599,0.566227,0.659506,0.614179,1
user_35806,2021-08-20 03:42:00,33,12,7,4,10,1,10,11,13,17,14,4,0,4.793705,0.772038,4.855781,4.0173,1.845012,0.432897,0.732552,0.931863,0
user_35807,2021-09-25 16:32:00,33,1,24,0,5,5,13,2,6,18,4,5,1,4.728018,0.886583,2.083158,2.154544,0.859404,2.733754,0.491928,0.687073,0
user_35808,2021-08-04 14:39:00,8,20,30,5,9,1,19,17,18,12,8,2,0,0.235732,1.684323,3.426364,4.540102,0.837635,3.399242,0.766081,0.999444,0
user_35809,2021-10-07 20:29:00,15,9,20,0,5,3,12,2,10,6,10,3,0,2.812264,3.341974,3.732971,4.198509,1.500106,4.830461,0.732981,0.243609,0
user_35810,2021-09-16 19:48:00,41,10,7,3,3,0,12,10,4,13,1,3,0,3.947068,3.064663,1.49284,0.73222,4.701182,0.95311,0.503827,0.388843,0
user_35811,2021-10-06 07:21:00,42,8,5,3,6,4,12,12,9,4,6,2,0,4.546916,4.008252,0.526916,4.064841,2.222772,3.428711,0.27671,0.667322,0
user_35812,2021-09-08 17:57:00,22,15,30,0,5,0,20,3,13,2,7,2,0,3.877894,3.350317,1.388066,2.842352,0.826965,2.543718,0.900769,0.645776,0
user_35813,2021-08-31 16:21:00,49,2,21,0,2,1,18,8,8,15,7,1,0,1.815051,2.688063,0.226827,0.892836,2.443967,3.60595,0.480315,0.939361,1
user_35814,2021-08-24 09:18:00,2,8,5,3,2,0,7,6,5,6,18,1,0,1.950511,1.658348,3.329953,4.394776,0.159846,4.224022,0.31055,0.267819,0
user_35815,2021-08-14 17:57:00,34,13,2,1,9,5,2,20,14,15,12,5,1,1.882655,4.813583,1.374137,3.49517,2.686784,1.410423,0.376868,0.786334,1
user_35816,2021-08-30 14:52:00,41,0,25,2,8,5,4,11,13,7,7,0,0,2.647238,2.878054,0.547695,4.764181,4.888121,0.884169,0.567207,0.409487,0
user_35817,2021-10-09 11:34:00,28,7,1,3,10,5,7,10,9,3,6,5,1,1.720096,4.751379,2.185099,2.208888,3.113654,1.689812,0.678987,0.656417,0
user_35818,2021-10-14 06:17:00,45,0,12,2,4,4,5,5,5,18,13,3,0,4.126341,4.0019,3.355987,2.690544,3.660632,3.804774,0.419496,0.618271,0
user_35819,2021-08-24 23:45:00,24,5,3,3,4,1,7,2,16,0,1,1,0,1.420102,1.405325,3.234821,2.714367,4.429472,3.976691,0.414678,0.215267,1
user_35820,2021-08-15 13:59:00,35,18,6,0,1,5,7,15,1,5,6,6,1,4.590805,0.393706,0.724481,0.901154,1.158206,4.481654,0.565449,0.590899,0
user_35821,2021-08-11 08:31:00,5,11,1,1,4,5,13,9,7,8,18,2,0,3.814777,0.864675,2.232586,3.423048,3.532361,4.306735,0.465897,0.292366,0
user_35822,2021-08-22 01:24:00,16,8,23,0,8,4,0,0,12,11,4,6,1,0.607467,0.805296,1.528631,4.163378,0.560149,1.006011,0.752881,0.743325,0
user_35823,2021-09-15 03:09:00,3,17,1,4,0,1,19,17,15,20,20,2,0,0.706522,2.125645,2.056267,3.451781,4.891067,0.912916,0.705982,0.709311,1
user_35824,2021-08-01 05:19:00,10,0,27,2,4,2,9,1,18,18,0,6,1,3.93923,4.690078,4.712414,4.907206,2.104426,4.470753,0.380267,0.295541,0
user_35825,2021-09-02 00:21:00,19,14,10,0,6,0,14,6,8,2,19,3,0,4.058185,4.738354,2.169726,3.038929,1.370156,0.443596,0.995458,0.250452,0
user_35826,2021-08-15 02:31:00,11,7,1,2,7,1,19,11,20,2,3,6,1,4.616348,1.236214,2.189761,3.896482,2.644037,4.859025,0.938587,0.508745,1
user_35827,2021-09-07 09:34:00,49,13,25,4,4,1,16,7,10,3,20,1,0,4.36138,3.645994,2.078703,0.135726,4.437033,2.794686,0.714139,0.345074,1
user_35828,2021-09-06 19:01:00,18,3,22,0,7,1,7,13,2,5,4,0,0,2.211771,0.133261,2.741369,3.001002,2.647968,4.532056,0.609725,0.317394,0
user_35829,2021-09-16 22:18:00,40,3,19,3,7,3,2,14,9,10,14,3,0,3.800063,1.136105,1.243975,3.355291,3.314979,2.09312,0.950897,0.845998,0
user_35830,2021-09-06 11:46:00,46,2,27,3,5,2,11,16,17,11,10,0,0,4.334281,3.476399,0.984789,1.564354,2.340722,1.603048,0.543381,0.59052,0
user_35831,2021-09-17 09:18:00,2,2,19,2,0,2,12,13,8,7,1,4,0,2.316348,3.543913,2.052322,1.053426,4.445483,3.024753,0.365576,0.524175,0
user_35832,2021-08-08 16:56:00,3,12,12,0,5,0,8,15,6,16,17,6,1,0.834276,0.626935,1.439982,2.707256,0.415657,3.331561,0.397881,0.879173,1
user_35833,2021-10-19 04:29:00,11,6,1,0,1,1,0,11,3,18,16,1,0,3.3423,4.330221,0.937412,4.820892,3.06642,4.086137,0.455811,0.510439,1
user_35834,2021-08-21 19:10:00,9,9,11,3,9,0,8,15,11,14,3,5,1,3.203025,3.854731,1.556072,2.220536,2.984327,1.030684,0.685782,0.706919,1
user_35835,2021-09-20 20:39:00,1,20,15,3,9,3,7,10,10,10,10,0,0,0.47591,3.180681,4.546155,1.328356,1.845198,4.527865,0.649795,0.572154,1
user_35836,2021-08-07 09:05:00,14,19,4,5,5,0,9,4,20,17,9,5,1,4.690994,2.882376,3.873195,4.824516,0.55458,0.531191,0.737179,0.796223,0
user_35837,2021-08-20 21:28:00,43,2,26,4,2,0,3,18,18,16,11,4,0,4.351286,1.320438,0.636438,1.254864,0.55697,1.285434,0.827994,0.297212,1
user_35838,2021-08-27 11:20:00,30,20,3,0,6,5,18,0,19,7,7,4,0,4.551882,3.100489,2.189499,3.487008,4.382336,0.116391,0.376732,0.543481,1
user_35839,2021-10-22 15:16:00,32,10,9,3,6,0,12,9,3,0,11,4,0,0.497419,2.196977,1.707454,3.439099,4.046386,3.138776,0.97797,0.595654,1
user_35840,2021-10-23 09:13:00,13,0,25,0,10,0,4,15,12,18,11,5,1,3.169674,4.137673,2.573057,2.593656,1.891995,4.407042,0.895421,0.584524,0
user_35841,2021-09-23 04:20:00,27,15,11,0,3,1,6,18,10,19,9,3,0,3.621316,0.754859,2.661529,2.519775,0.386388,2.690327,0.303364,0.609624,1
user_35842,2021-08-19 14:59:00,46,14,2,2,10,5,0,10,6,16,0,3,0,4.47738,3.18929,3.481853,2.241705,2.923947,0.619879,0.306874,0.974466,1
user_35843,2021-10-07 14:12:00,2,6,24,1,3,0,4,11,5,8,15,3,0,0.345235,2.120315,4.411659,0.388518,1.00927,2.281952,0.683052,0.776026,1
user_35844,2021-09-04 01:16:00,16,0,2,1,10,4,11,13,6,15,6,5,1,0.244657,1.654405,0.28707,1.819052,4.864704,2.606973,0.959326,0.334672,1
user_35845,2021-09-11 23:01:00,6,8,21,1,9,5,5,16,20,8,2,5,1,0.153417,4.499536,2.448891,0.163355,3.291682,1.751191,0.912556,0.640781,0
user_35846,2021-10-18 10:16:00,34,7,24,1,10,4,5,1,0,14,1,0,0,1.641119,3.900564,1.463719,0.948219,3.508297,0.286306,0.410361,0.828075,0
user_35847,2021-09-29 19:59:00,21,2,15,4,10,5,10,16,9,20,5,2,0,0.867294,2.670014,4.3288,1.443933,0.628383,0.418116,0.940785,0.970439,1
user_35848,2021-10-05 18:30:00,24,7,6,3,8,2,13,3,8,0,17,1,0,0.265732,4.380256,0.768341,2.931838,1.999119,0.320854,0.647295,0.66387,1
user_35849,2021-08-20 05:20:00,13,7,30,3,3,1,15,11,10,12,15,4,0,4.05783,3.855355,3.971271,2.268239,3.779177,1.95939,0.606879,0.385871,0
user_35850,2021-08-04 18:05:00,23,15,17,0,5,5,7,17,1,5,4,2,0,1.190973,1.56963,4.782889,4.545948,1.877935,0.947602,0.478705,0.596374,1
user_35851,2021-09-18 18:40:00,26,2,29,1,10,1,12,10,2,19,17,5,1,2.969977,0.679473,3.679517,4.438559,4.455456,1.305008,0.791382,0.676794,1
user_35852,2021-10-20 06:19:00,35,13,19,1,8,3,11,9,12,19,10,2,0,3.208282,1.853249,1.771159,4.420395,2.246617,1.744476,0.419095,0.425099,0
user_35853,2021-10-10 02:12:00,5,0,29,2,3,1,18,0,1,0,15,6,1,0.741743,4.761155,2.479706,2.357316,0.504316,1.53471,0.230965,0.407662,1
user_35854,2021-10-25 17:51:00,17,19,3,3,2,0,2,6,12,9,8,0,0,0.190927,0.532359,3.896004,3.01126,0.278295,4.070865,0.908686,0.378476,1
user_35855,2021-10-16 19:17:00,19,2,22,4,1,4,9,9,17,19,17,5,1,2.251735,1.927501,1.973322,3.303941,3.173092,1.648525,0.518028,0.554849,1
user_35856,2021-08-07 16:19:00,26,19,4,3,1,4,6,4,3,18,5,5,1,4.784939,1.818543,0.740282,1.844196,4.460354,3.428608,0.606575,0.315488,1
user_35857,2021-09-20 10:37:00,29,16,1,5,9,1,10,7,6,0,8,0,0,1.679179,3.04799,1.374815,2.936112,3.949087,4.685353,0.945323,0.511536,0
user_35858,2021-09-27 00:41:00,48,5,12,4,7,4,8,5,0,7,10,0,0,4.045718,2.551596,2.411125,0.788569,1.970329,1.691437,0.841844,0.843575,1
user_35859,2021-08-14 06:56:00,48,18,10,1,10,4,8,19,4,0,1,5,1,1.89903,1.144739,0.895591,0.6628,3.670603,4.8304,0.460478,0.544471,1
user_35860,2021-10-10 06:35:00,13,3,29,5,4,3,11,14,8,14,19,6,1,2.620987,3.373888,4.838133,4.36672,0.706535,1.32521,0.379856,0.593394,0
user_35861,2021-10-13 13:58:00,3,0,14,3,9,0,2,6,20,1,14,2,0,0.220429,0.128192,3.522961,1.325603,1.161816,1.875577,0.382277,0.676334,1
user_35862,2021-09-28 13:00:00,26,10,29,5,6,3,0,17,8,13,5,1,0,2.225231,3.58595,1.613482,4.374469,2.550246,0.290141,0.706234,0.590175,0
user_35863,2021-10-03 07:32:00,34,15,15,5,4,1,8,10,8,18,3,6,1,3.681433,3.042699,3.727326,4.272162,3.887723,1.460781,0.652039,0.329872,0
user_35864,2021-09-12 04:52:00,20,7,9,2,6,4,7,9,5,8,2,6,1,2.148659,0.975246,2.975688,4.492515,1.138197,3.810945,0.981675,0.875212,1
user_35865,2021-10-09 06:44:00,26,19,23,3,8,0,1,11,0,19,12,5,1,4.548278,0.177061,0.156824,2.763967,3.646462,0.867136,0.214123,0.602777,0
user_35866,2021-08-21 07:15:00,32,19,26,2,1,1,8,17,8,18,19,5,1,1.511147,4.452284,0.270522,2.642482,4.378359,2.600639,0.786198,0.588731,1
user_35867,2021-09-11 18:47:00,39,7,21,2,4,4,13,18,3,10,0,5,1,2.732977,3.571712,2.521122,3.874535,0.927846,4.350311,0.700669,0.503634,0
user_35868,2021-10-26 05:09:00,36,12,17,2,9,2,1,7,10,9,15,1,0,0.291804,1.420886,1.609429,4.234571,2.110269,1.274124,0.79964,0.895819,0
user_35869,2021-10-17 09:30:00,25,18,29,1,3,2,11,16,13,2,20,6,1,3.738586,4.572955,4.81895,3.510069,3.44799,3.425014,0.810252,0.271546,0
user_35870,2021-08-07 08:50:00,14,10,16,5,7,4,19,5,12,10,19,5,1,3.532466,0.119387,2.526056,1.297075,3.045566,0.957241,0.921001,0.706471,0
user_35871,2021-08-04 09:47:00,31,0,17,3,8,1,9,19,8,17,3,2,0,2.412845,2.398326,3.750506,3.072814,1.25932,0.115047,0.291332,0.948184,1
user_35872,2021-10-04 07:50:00,49,12,17,2,10,4,18,3,13,4,4,0,0,2.445796,0.682464,4.657704,2.681579,3.016017,0.116111,0.515677,0.85361,1
user_35873,2021-10-28 12:37:00,23,0,11,5,7,1,16,2,9,0,18,3,0,1.441191,1.079387,3.170881,0.127723,0.203598,3.462678,0.838498,0.596249,0
user_35874,2021-08-15 06:25:00,9,1,5,3,6,4,18,6,14,17,11,6,1,0.252773,2.616679,3.894228,1.365883,3.888359,3.911467,0.387327,0.915669,1
user_35875,2021-10-04 20:36:00,23,7,3,5,5,4,12,19,11,2,6,0,0,3.383373,1.43714,2.87994,2.819251,1.101527,1.049675,0.901075,0.841952,0
user_35876,2021-08-05 05:00:00,15,10,7,4,8,5,11,2,8,11,14,3,0,0.77694,4.250114,0.265255,2.973866,0.250911,3.184445,0.251181,0.927723,0
user_35877,2021-10-03 06:06:00,24,16,6,0,7,3,1,10,3,16,3,6,1,4.8668,2.019975,2.061521,0.65073,3.646891,0.432951,0.61103,0.968543,1
user_35878,2021-09-07 18:35:00,35,18,22,3,8,0,6,4,2,10,16,1,0,3.670618,4.783024,3.502291,2.045429,3.932029,1.790174,0.413565,0.605094,1
user_35879,2021-09-03 00:03:00,49,15,25,1,1,5,0,4,4,11,14,4,0,1.093956,3.219191,3.659278,4.420192,2.669684,2.879708,0.253151,0.248852,0
user_35880,2021-09-09 04:24:00,2,6,6,5,4,0,2,19,3,13,15,3,0,4.744542,3.253251,0.128584,4.880167,3.099272,2.905916,0.439614,0.806952,1
user_35881,2021-08-10 00:12:00,24,2,12,5,9,1,4,8,11,2,20,1,0,2.233417,2.084022,4.988241,3.673893,2.260239,3.091759,0.391225,0.647007,1
user_35882,2021-08-21 04:31:00,36,14,6,0,4,3,16,10,10,19,8,5,1,0.102921,0.44713,4.084648,1.155145,3.223656,3.843925,0.512088,0.295215,1
user_35883,2021-08-11 14:34:00,36,19,12,1,3,1,2,11,11,15,10,2,0,2.035394,1.867392,4.644711,2.079409,2.531958,4.387652,0.760458,0.609299,0
user_35884,2021-10-02 05:59:00,37,18,14,2,2,2,11,10,19,10,17,5,1,2.950254,3.443069,2.422637,1.857599,0.605595,3.419999,0.713689,0.610385,0
user_35885,2021-10-28 11:05:00,29,3,3,3,6,0,12,8,13,6,18,3,0,4.528131,4.454684,2.917505,2.954849,1.775976,1.820135,0.773513,0.675379,0
user_35886,2021-10-24 20:36:00,30,20,11,0,9,2,19,4,11,15,3,6,1,3.052166,0.936783,1.078654,4.108305,4.784266,4.079158,0.917887,0.463701,1
user_35887,2021-09-17 08:57:00,18,19,15,4,4,2,7,4,11,17,18,4,0,1.953034,4.393593,2.560899,2.907963,3.861775,1.424824,0.311641,0.631382,0
user_35888,2021-09-08 10:38:00,44,18,24,3,3,0,15,8,16,12,8,2,0,0.412429,2.550036,3.570856,0.454104,1.158653,1.205239,0.827133,0.688295,1
user_35889,2021-10-09 01:08:00,4,6,11,5,2,5,3,4,9,11,16,5,1,4.579761,1.679833,3.831914,4.739359,2.007748,2.400456,0.541799,0.335702,1
user_35890,2021-09-27 16:43:00,48,10,6,3,3,2,16,1,14,11,5,0,0,1.456292,1.57896,4.773781,2.48867,2.369802,2.414081,0.297379,0.846643,0
user_35891,2021-09-09 22:39:00,3,12,9,1,3,2,6,0,9,4,14,3,0,3.726069,3.031708,1.104175,2.8463,2.178507,4.205894,0.889404,0.917812,0
user_35892,2021-09-17 09:32:00,25,0,11,5,4,4,10,1,13,12,12,4,0,3.402698,0.735927,0.42951,1.694193,4.20893,3.860627,0.703269,0.521951,0
user_35893,2021-10-08 13:45:00,16,5,10,5,4,0,8,14,9,9,19,4,0,1.904534,1.702544,2.172116,2.57075,2.587081,1.359265,0.621531,0.360112,0
user_35894,2021-08-10 02:28:00,34,8,6,5,5,5,2,9,7,20,15,1,0,2.311799,2.056605,0.455229,4.59495,2.761842,0.91833,0.949944,0.573869,1
user_35895,2021-08-02 14:05:00,21,10,10,4,3,5,8,0,1,1,5,0,0,2.342367,1.529815,0.460663,1.797608,4.905069,3.682041,0.541065,0.738075,0
user_35896,2021-08-11 03:46:00,46,13,20,5,8,3,4,16,20,17,6,2,0,4.73833,4.998392,3.881848,0.324995,3.900737,0.994187,0.951852,0.284267,0
user_35897,2021-09-18 04:27:00,24,5,9,5,8,0,7,18,13,5,8,5,1,2.619728,4.04047,0.799489,2.083824,3.469109,0.669309,0.876483,0.599913,1
user_35898,2021-10-07 22:43:00,15,0,3,0,2,3,10,13,5,3,5,3,0,2.377768,4.640152,0.658911,4.255776,1.530251,2.951054,0.444414,0.726929,0
user_35899,2021-09-15 20:32:00,30,18,21,5,2,5,10,11,5,9,15,2,0,2.543641,0.434851,0.252397,2.208396,2.997156,1.033478,0.700502,0.985801,0
user_35900,2021-09-20 23:17:00,5,13,17,0,9,5,11,19,4,1,15,0,0,2.204127,4.260751,2.252707,2.172829,0.26767,4.971248,0.969735,0.913797,0
user_35901,2021-09-25 12:47:00,29,4,13,3,8,2,8,2,14,16,15,5,1,2.733015,4.671443,1.329345,0.505969,4.289072,1.000491,0.243471,0.351064,0
user_35902,2021-10-03 04:17:00,10,11,19,2,0,1,17,4,11,20,0,6,1,1.662756,4.692364,2.021629,3.077708,4.631355,2.097677,0.832675,0.242286,1
user_35903,2021-08-22 19:56:00,5,2,25,1,10,2,1,0,9,7,6,6,1,3.459191,0.239596,4.558515,4.738179,1.575225,2.75318,0.411029,0.316592,0
user_35904,2021-08-12 02:32:00,47,10,7,5,10,1,6,7,10,14,10,3,0,2.338339,1.789693,0.375145,4.294089,4.147842,1.811534,0.730687,0.755766,0
user_35905,2021-08-27 22:49:00,28,9,13,1,6,5,14,9,2,12,18,4,0,0.777461,4.514256,0.492222,3.951561,0.376408,0.783633,0.92989,0.934815,1
user_35906,2021-09-27 04:01:00,46,2,10,3,4,3,20,19,20,20,20,0,0,4.38745,1.077197,4.232212,0.925253,0.222628,1.733973,0.877393,0.427312,1
user_35907,2021-08-06 08:00:00,4,19,12,0,1,1,4,20,0,14,16,4,0,2.240701,3.424166,1.086635,2.934375,0.556527,4.323787,0.752554,0.785777,0
user_35908,2021-10-29 07:45:00,32,16,24,5,6,2,19,0,1,15,3,4,0,4.336444,1.246681,4.641854,4.740889,2.338302,0.771841,0.426321,0.253072,0
user_35909,2021-10-01 14:08:00,44,12,29,1,2,5,11,20,9,4,7,4,0,1.452918,3.361106,1.525796,1.814949,4.266336,4.418513,0.876633,0.240428,1
user_35910,2021-08-09 04:21:00,32,19,5,3,0,3,3,19,19,19,0,0,0,4.945684,4.525581,4.693513,1.699112,1.804881,2.429555,0.51664,0.619284,1
user_35911,2021-10-06 07:06:00,27,20,5,0,0,0,15,7,0,20,1,2,0,2.477419,4.175947,0.835222,1.180575,1.749273,0.130998,0.229464,0.509366,0
user_35912,2021-08-17 06:58:00,24,18,26,2,1,3,9,0,6,18,5,1,0,3.027343,1.174533,4.720616,2.868734,3.571453,1.848627,0.78976,0.210469,0
user_35913,2021-08-27 11:59:00,5,1,20,5,10,5,2,0,19,4,19,4,0,1.521205,2.434225,1.620425,2.759112,3.888455,3.479424,0.786213,0.648897,1
user_35914,2021-08-14 22:01:00,26,7,8,5,1,3,13,16,9,11,2,5,1,1.313634,4.607607,3.141046,3.193947,3.117923,3.777577,0.718972,0.317186,1
user_35915,2021-08-06 05:03:00,37,19,1,1,1,2,17,16,5,3,1,4,0,1.309152,2.92113,3.345137,1.784594,1.543698,2.032837,0.381219,0.227947,0
user_35916,2021-09-23 14:28:00,40,20,25,3,3,5,2,11,13,9,12,3,0,4.804014,4.042291,2.85255,4.827735,1.409908,2.425973,0.699183,0.371988,1
user_35917,2021-10-24 15:43:00,23,0,13,4,6,0,0,3,13,11,10,6,1,2.667911,1.242701,1.523931,3.275553,2.030931,3.077417,0.355969,0.832136,0
user_35918,2021-08-06 20:43:00,12,1,23,5,8,2,13,17,17,9,7,4,0,4.271646,2.353347,2.799251,3.739571,4.257605,1.051022,0.41104,0.211444,0
user_35919,2021-08-18 09:40:00,29,19,29,2,4,1,13,10,0,3,7,2,0,2.81735,4.066059,4.437903,1.562133,0.714373,1.23925,0.255145,0.717104,1
user_35920,2021-10-19 08:57:00,20,18,18,3,0,3,13,10,14,8,16,1,0,1.347754,2.768696,4.57762,0.151704,1.051354,1.89666,0.299084,0.56672,0
user_35921,2021-08-02 15:31:00,43,8,15,4,9,2,5,11,20,10,16,0,0,3.526154,4.518392,0.143105,4.006705,2.42755,3.449113,0.587545,0.991559,1
user_35922,2021-09-01 20:12:00,14,11,29,3,0,2,14,6,16,2,7,2,0,4.087373,4.238665,3.736821,2.527118,3.449558,4.47211,0.872134,0.61174,1
user_35923,2021-10-02 14:24:00,11,3,9,4,1,2,17,3,0,16,18,5,1,2.921436,0.425773,3.467226,0.465112,1.867987,0.542059,0.252662,0.479917,1
user_35924,2021-09-08 14:36:00,20,6,11,4,4,5,10,14,14,1,7,2,0,4.513686,4.870475,1.438991,2.035443,3.631292,1.842582,0.898706,0.663138,1
user_35925,2021-08-14 06:04:00,15,9,7,3,9,5,0,2,16,7,1,5,1,1.791408,1.544313,0.139696,2.661436,2.642957,2.2127,0.820921,0.45169,0
user_35926,2021-10-25 01:03:00,35,15,14,4,5,1,20,9,19,4,17,0,0,3.442701,1.293418,2.831364,3.044946,0.331351,0.949081,0.994413,0.921765,1
user_35927,2021-10-04 02:09:00,38,17,30,2,5,0,1,17,4,1,13,0,0,0.452272,1.370063,4.186025,1.633727,0.419121,1.452076,0.266488,0.890327,1
user_35928,2021-10-15 17:47:00,7,20,23,4,10,0,17,12,0,18,15,4,0,4.233708,2.663451,1.814141,1.25022,4.534828,3.135977,0.346595,0.466317,0
user_35929,2021-10-16 11:10:00,3,14,6,3,2,0,5,3,10,11,1,5,1,2.652919,2.174545,0.264072,4.872357,2.104592,3.648714,0.630708,0.307383,1
user_35930,2021-09-05 05:24:00,23,4,18,5,9,0,19,8,16,8,15,6,1,3.080004,4.706411,3.37208,1.746708,1.246475,2.134765,0.804457,0.730386,1
user_35931,2021-08-02 10:36:00,39,20,3,0,0,1,10,12,3,18,13,0,0,0.217686,4.321868,1.797981,1.433217,4.09176,1.119455,0.803067,0.722416,0
user_35932,2021-08-25 06:38:00,24,0,26,4,7,3,0,20,13,15,20,2,0,4.58409,3.036007,1.961979,0.610014,0.344806,3.450455,0.821702,0.287049,1
user_35933,2021-10-23 16:58:00,37,0,29,4,9,1,9,4,12,8,19,5,1,3.110644,0.407132,3.902654,0.734801,3.027616,2.005509,0.584016,0.26686,1
user_35934,2021-09-19 08:35:00,24,3,11,5,7,5,14,3,2,17,9,6,1,2.081422,4.637958,2.984334,1.784778,1.367578,3.033321,0.553179,0.473548,0
user_35935,2021-09-11 20:36:00,42,2,29,3,2,5,16,11,13,8,4,5,1,3.845281,3.043461,1.165801,2.651976,4.666975,3.795921,0.267616,0.945607,0
user_35936,2021-09-05 15:05:00,22,2,3,4,8,4,3,3,18,15,4,6,1,1.015752,1.679363,4.625611,2.303026,4.288451,1.967129,0.448121,0.320668,0
user_35937,2021-08-27 10:06:00,6,20,15,2,6,3,6,10,4,6,0,4,0,2.503906,1.415035,3.451379,4.390415,0.747421,2.455649,0.688566,0.33436,0
user_35938,2021-08-23 03:13:00,2,9,4,3,1,1,12,4,7,9,20,0,0,2.315327,2.821523,3.49268,4.981867,3.319825,0.138399,0.317354,0.963319,0
user_35939,2021-08-28 23:07:00,34,14,20,2,4,1,4,5,2,0,9,5,1,4.483645,0.804696,3.52163,3.523961,2.842458,4.067808,0.217003,0.266832,0
user_35940,2021-10-28 12:36:00,29,20,7,1,10,5,1,18,15,12,19,3,0,2.880343,1.523062,2.308696,0.847347,0.260008,1.748512,0.350376,0.946482,0
user_35941,2021-08-21 08:18:00,27,10,19,1,1,2,12,6,19,17,17,5,1,2.239405,0.952011,0.527309,3.534928,4.69428,0.312234,0.943088,0.75053,1
user_35942,2021-10-08 23:14:00,41,18,11,1,6,4,14,9,1,9,5,4,0,1.93432,4.857855,0.34587,3.512537,3.920389,0.522097,0.911896,0.362023,1
user_35943,2021-08-08 06:03:00,22,9,17,4,6,4,16,8,9,16,14,6,1,0.868857,0.675813,1.141729,1.994813,4.693218,0.875026,0.324157,0.662228,1
user_35944,2021-09-18 21:38:00,4,6,20,2,4,0,2,18,12,17,4,5,1,1.27035,4.921291,1.787784,0.336948,3.082967,0.171411,0.379559,0.589757,0
user_35945,2021-09-15 12:04:00,13,20,28,0,9,2,4,13,3,16,16,2,0,4.49058,2.206273,2.409692,2.7802,4.950197,2.470309,0.953479,0.799968,0
user_35946,2021-08-17 19:28:00,44,10,7,1,6,1,18,13,7,10,10,1,0,1.713019,2.317239,2.47374,1.673052,3.13633,2.081301,0.221828,0.623215,0
user_35947,2021-09-26 16:35:00,25,1,3,4,8,1,20,0,13,7,13,6,1,1.43534,4.244976,3.794367,3.004488,1.828038,0.451515,0.225303,0.565149,1
user_35948,2021-10-03 02:17:00,45,18,5,1,5,1,15,0,19,10,14,6,1,2.288378,1.284204,3.950999,2.00385,0.132034,0.272193,0.504267,0.337107,0
user_35949,2021-09-20 14:03:00,26,11,22,4,6,1,8,16,17,3,14,0,0,2.441786,0.5217,1.951513,0.392284,2.525321,4.691847,0.75516,0.949999,1
user_35950,2021-09-03 07:31:00,32,15,27,1,4,0,13,16,8,3,0,4,0,3.922164,1.352544,2.645324,0.662896,3.966103,0.848296,0.790454,0.608272,0
user_35951,2021-10-26 11:33:00,27,20,3,1,8,1,7,7,20,1,2,1,0,3.718397,2.915589,0.74018,2.427435,3.833967,3.666957,0.74043,0.325143,0
user_35952,2021-10-20 16:12:00,15,4,12,3,8,5,10,2,16,8,11,2,0,3.368409,3.631814,2.525341,0.632722,1.505946,3.326341,0.739806,0.883422,0
user_35953,2021-08-09 18:47:00,1,17,2,4,8,5,12,10,13,17,6,0,0,3.108418,3.224949,1.230404,4.752083,2.611881,4.369879,0.840514,0.693437,1
user_35954,2021-09-22 18:31:00,2,3,11,1,8,0,17,6,11,9,6,2,0,0.993859,2.275928,2.159035,1.835344,2.161497,2.271241,0.761204,0.360782,1
user_35955,2021-10-25 06:00:00,45,3,28,2,5,0,10,17,2,18,9,0,0,1.80915,1.6747,2.71034,1.001688,2.31579,0.105576,0.366316,0.727985,1
user_35956,2021-08-22 05:35:00,5,3,2,1,3,5,17,3,5,12,1,6,1,4.671064,2.599608,1.690895,2.998122,3.169274,3.024124,0.328412,0.203011,1
user_35957,2021-10-06 01:49:00,48,16,5,5,8,1,11,1,11,9,2,2,0,4.478979,0.90575,1.281861,4.545637,0.496062,0.531946,0.596767,0.644504,1
user_35958,2021-09-04 07:25:00,8,11,10,2,2,0,19,19,15,4,6,5,1,2.865168,0.184097,0.871242,3.875851,2.872094,4.906757,0.666758,0.267468,0
user_35959,2021-08-30 14:35:00,5,13,20,1,6,3,13,3,0,11,9,0,0,0.604627,2.36178,0.433525,1.497182,4.706107,4.142671,0.589858,0.236113,0
user_35960,2021-10-14 04:30:00,31,15,21,4,6,3,3,12,4,3,20,3,0,2.098257,0.759036,2.481664,1.696453,0.234615,0.448523,0.308185,0.436539,1
user_35961,2021-10-07 18:03:00,8,5,3,5,6,1,9,18,15,10,19,3,0,4.219806,4.747775,1.014979,0.934255,1.096609,4.070619,0.780047,0.620319,1
user_35962,2021-09-09 19:47:00,31,3,28,0,8,2,3,16,2,2,2,3,0,1.748556,4.511872,3.265159,4.079388,3.672361,2.071782,0.588159,0.879461,0
user_35963,2021-09-25 14:52:00,1,11,1,0,5,0,0,18,13,7,9,5,1,4.345525,0.10384,4.190532,3.284884,2.202427,3.228064,0.59013,0.847594,0
user_35964,2021-09-16 16:56:00,37,19,24,4,10,3,17,4,20,7,19,3,0,4.046927,4.325604,1.919695,2.696189,2.995472,2.77699,0.727582,0.263452,1
user_35965,2021-10-05 23:53:00,41,11,22,5,6,2,11,10,6,1,6,1,0,4.07913,1.496948,2.542446,0.867596,4.040533,2.467838,0.317584,0.506127,0
user_35966,2021-09-02 23:35:00,20,0,18,5,8,2,6,7,17,19,2,3,0,4.452505,1.123286,2.489872,0.558524,2.923067,4.209736,0.369926,0.447668,0
user_35967,2021-08-15 16:08:00,48,16,12,5,10,2,17,10,7,19,20,6,1,1.30757,0.468028,3.070739,0.626861,2.401548,4.155397,0.869921,0.714952,1
user_35968,2021-08-12 22:01:00,46,1,22,3,3,5,19,7,7,14,15,3,0,4.57767,2.694793,3.828442,4.870537,3.216803,3.908827,0.705261,0.853468,0
user_35969,2021-08-11 04:27:00,22,5,25,2,4,0,20,2,12,11,3,2,0,4.937312,4.386481,1.091704,3.031955,2.876831,2.464696,0.94168,0.872542,0
user_35970,2021-08-31 21:37:00,10,17,26,4,1,2,10,6,8,0,16,1,0,1.733438,2.471773,1.140115,2.027735,0.151684,4.597155,0.259179,0.34031,1
user_35971,2021-10-09 14:30:00,27,5,20,5,3,0,9,14,15,7,8,5,1,3.083784,2.662585,1.187058,2.826972,4.786833,3.38845,0.703719,0.929487,0
user_35972,2021-09-14 18:24:00,49,1,25,2,6,4,1,0,7,20,18,1,0,4.101424,2.282204,3.377339,0.909796,4.538388,2.821378,0.599879,0.21368,1
user_35973,2021-10-10 02:41:00,48,8,26,5,5,4,20,13,7,10,17,6,1,4.287108,4.691006,4.865728,2.479382,1.837106,3.906772,0.290226,0.204049,0
user_35974,2021-10-15 09:01:00,49,20,6,3,6,0,0,13,15,18,13,4,0,1.368383,3.546503,0.368832,3.871793,4.668697,2.869983,0.900153,0.282047,1
user_35975,2021-09-26 18:32:00,40,4,19,4,1,5,14,18,10,8,20,6,1,3.370948,4.808514,1.446634,0.908324,0.677769,4.883447,0.876715,0.355624,0
user_35976,2021-10-27 18:23:00,14,17,16,4,3,0,4,9,3,10,5,2,0,0.811218,1.271457,4.594895,2.038487,1.126233,4.097517,0.847793,0.294045,0
user_35977,2021-09-20 14:48:00,45,19,16,5,1,1,12,19,0,5,19,0,0,2.984635,0.232515,4.437082,2.354153,4.207856,2.610251,0.706098,0.555144,0
user_35978,2021-08-03 13:24:00,28,5,24,0,4,5,10,5,20,4,18,1,0,4.475749,4.951255,2.695969,3.109441,4.14353,4.381334,0.462224,0.281345,1
user_35979,2021-10-15 18:15:00,36,15,21,1,7,2,13,14,0,8,4,4,0,4.543056,3.038716,0.442012,3.321141,4.226668,2.047518,0.931824,0.629744,1
user_35980,2021-10-19 10:19:00,6,9,28,2,3,4,15,5,11,19,9,1,0,3.833148,4.797716,3.227241,1.351071,3.20089,2.793877,0.551867,0.745124,0
user_35981,2021-08-16 17:01:00,32,18,5,1,7,5,3,4,16,20,20,0,0,1.815884,4.319513,2.01282,3.852814,0.982871,4.905872,0.518761,0.334063,0
user_35982,2021-09-09 18:24:00,50,14,24,2,5,0,11,17,11,6,14,3,0,2.987931,3.465104,1.403173,4.638227,0.978567,2.336244,0.356231,0.967386,1
user_35983,2021-09-01 12:38:00,3,19,7,1,6,2,9,0,4,0,14,2,0,1.901966,4.001425,3.108633,0.444347,2.030165,3.860233,0.308553,0.287389,0
user_35984,2021-10-20 00:51:00,5,13,28,3,0,5,20,19,4,3,12,2,0,1.625526,3.387444,3.630002,4.630498,3.670137,0.902541,0.69449,0.487986,0
user_35985,2021-10-07 23:34:00,49,6,13,4,1,2,7,13,11,17,9,3,0,2.344098,3.25429,4.487375,3.072219,2.45645,1.549211,0.581352,0.894818,0
user_35986,2021-10-12 01:02:00,43,18,13,1,10,0,5,6,14,19,13,1,0,2.191466,4.840055,0.916265,4.941723,3.064522,1.034447,0.460167,0.470961,1
user_35987,2021-08-10 18:33:00,21,13,3,1,2,0,10,3,1,18,18,1,0,4.589037,4.505676,2.705384,1.027794,4.86022,1.253956,0.582346,0.412237,0
user_35988,2021-10-24 07:56:00,44,0,18,5,6,5,20,2,12,19,12,6,1,3.441381,0.884954,4.542602,2.704787,3.598963,2.468734,0.876556,0.69356,0
user_35989,2021-10-24 00:35:00,28,1,10,4,4,4,8,7,8,2,17,6,1,2.264418,4.2552,2.310182,2.542313,0.58224,4.588431,0.554009,0.744225,0
user_35990,2021-08-29 22:22:00,46,3,13,4,2,4,0,0,15,17,5,6,1,0.184996,0.538293,0.608058,1.505644,3.758815,4.588249,0.574813,0.716514,1
user_35991,2021-09-18 08:58:00,24,16,4,4,2,5,12,12,19,17,6,5,1,0.2257,4.726711,3.205133,2.144142,4.664445,1.530178,0.735108,0.482127,0
user_35992,2021-09-10 15:14:00,32,2,16,5,5,1,8,6,10,19,10,4,0,2.334086,1.275881,4.046607,4.760046,1.435679,1.960916,0.795682,0.50295,0
user_35993,2021-09-26 09:04:00,3,20,7,2,4,0,2,18,10,17,6,6,1,0.396031,3.51037,4.668665,0.780213,2.186684,4.788142,0.537958,0.238248,0
user_35994,2021-08-26 12:40:00,21,5,21,2,5,1,12,8,6,15,3,3,0,3.36083,2.647873,4.516402,2.641737,3.035326,0.271729,0.932596,0.436208,1
user_35995,2021-09-06 01:06:00,22,10,8,3,10,3,5,11,15,10,7,0,0,0.870586,4.975958,3.019635,4.10891,0.293338,2.904754,0.481746,0.250109,1
user_35996,2021-09-22 16:18:00,1,8,3,1,1,2,5,14,18,8,19,2,0,0.433178,3.950262,0.857986,1.962546,2.555279,1.984172,0.714371,0.474748,0
user_35997,2021-09-10 03:30:00,22,7,29,2,7,0,9,0,2,6,11,4,0,3.642953,3.023458,4.060137,3.587137,2.056656,4.210657,0.253158,0.940132,1
user_35998,2021-10-14 22:06:00,12,7,23,4,0,0,0,5,16,9,6,3,0,4.626364,3.860854,4.615997,1.563046,0.302661,2.373619,0.678938,0.622977,0
user_35999,2021-09-18 11:04:00,15,6,17,5,8,3,5,17,10,8,2,5,1,2.882061,1.613484,0.740824,2.229961,3.897497,4.206531,0.759851,0.766239,0
user_36000,2021-10-17 03:33:00,31,20,7,4,10,3,13,20,1,2,9,6,1,3.451051,3.41333,0.889905,3.837005,4.907322,3.603951,0.387406,0.815756,0
user_36001,2021-09-21 19:45:00,32,17,13,5,4,0,0,1,9,5,0,1,0,0.653989,4.519724,2.658148,3.777154,2.333324,2.797811,0.242082,0.592009,0
user_36002,2021-09-27 10:52:00,33,13,22,2,4,2,8,1,7,12,9,0,0,2.744736,0.973427,2.260748,4.995618,4.34859,1.67995,0.298766,0.610838,0
user_36003,2021-10-08 04:53:00,3,16,1,0,3,3,4,10,18,0,12,4,0,1.086089,1.885279,4.496363,0.868621,2.939861,0.82996,0.557509,0.731722,0
user_36004,2021-08-20 14:57:00,45,12,17,2,1,2,9,19,10,5,8,4,0,2.603853,0.97557,4.485483,0.566148,3.51953,3.11545,0.427962,0.84648,0
user_36005,2021-09-25 15:04:00,18,11,1,5,9,0,5,6,11,7,14,5,1,2.25317,1.450356,2.975097,2.550822,4.038427,4.897758,0.746322,0.768597,1
user_36006,2021-08-10 00:45:00,6,20,13,4,4,2,16,1,11,5,18,1,0,0.438746,1.51907,1.64214,0.457191,2.772639,3.31383,0.387951,0.822072,1
user_36007,2021-09-23 19:39:00,50,0,9,0,1,1,12,10,9,8,16,3,0,1.570338,3.859087,4.398453,4.983116,1.264553,0.82328,0.582197,0.884907,1
user_36008,2021-08-11 02:42:00,13,2,16,1,4,4,11,10,7,9,3,2,0,3.948704,0.768543,1.536133,2.61735,4.466823,4.615159,0.415869,0.754029,1
user_36009,2021-08-16 11:58:00,9,11,3,2,7,1,1,1,3,9,4,0,0,0.858883,4.973214,2.777948,1.321447,4.509827,2.876936,0.47063,0.630063,1
user_36010,2021-08-06 23:04:00,19,16,18,2,6,1,9,13,1,14,8,4,0,2.234668,3.573164,3.292541,4.690181,0.512905,1.608272,0.954947,0.412086,0
user_36011,2021-08-07 17:38:00,12,1,18,2,3,3,9,2,18,0,8,5,1,2.190874,3.433686,0.549225,0.73169,3.945104,0.927123,0.946058,0.911934,0
user_36012,2021-08-28 23:19:00,2,5,9,4,10,4,0,15,2,20,5,5,1,1.47016,0.758318,2.763167,3.039782,4.25976,3.096103,0.908322,0.483127,1
user_36013,2021-08-11 06:43:00,9,2,4,5,10,3,16,9,10,6,1,2,0,3.288644,0.128392,3.815795,3.788809,2.111868,1.536502,0.959146,0.89077,0
user_36014,2021-08-27 09:38:00,33,5,15,5,5,3,4,11,15,14,14,4,0,3.375474,3.692365,1.18295,2.551444,0.279176,2.022788,0.291449,0.532244,1
user_36015,2021-08-30 07:34:00,43,4,22,2,6,5,13,17,16,17,9,0,0,0.907084,0.229932,0.132846,4.546682,0.794985,3.062843,0.222184,0.682774,0
user_36016,2021-09-23 09:26:00,47,18,9,5,0,0,10,3,16,10,11,3,0,4.364569,3.738696,4.010374,1.851116,1.722492,4.678023,0.312586,0.347663,0
user_36017,2021-08-16 14:40:00,6,4,24,4,10,0,8,5,5,18,13,0,0,1.513948,1.792414,3.263801,2.150563,4.00785,1.665181,0.575448,0.947624,1
user_36018,2021-08-03 11:49:00,17,12,6,4,6,0,5,11,12,18,15,1,0,0.940471,3.4007,1.316426,4.396387,1.40074,0.658395,0.94505,0.857847,1
user_36019,2021-08-08 01:34:00,48,5,23,4,3,0,4,9,12,18,0,6,1,1.258795,3.372036,4.187198,4.91532,1.577157,1.897447,0.34244,0.30793,1
user_36020,2021-10-14 21:43:00,50,2,21,2,9,2,18,8,14,16,8,3,0,3.057558,4.635485,0.249485,2.397822,4.425108,2.428351,0.68041,0.284296,0
user_36021,2021-10-06 12:24:00,49,15,22,0,0,0,12,10,13,1,0,2,0,3.118744,0.181863,4.240629,3.306332,3.296621,4.544125,0.364342,0.527603,1
user_36022,2021-09-15 04:41:00,19,14,13,5,0,4,9,6,5,6,20,2,0,1.01365,0.529262,3.94787,0.448556,2.749481,4.597904,0.514816,0.813032,1
user_36023,2021-10-13 01:59:00,25,2,19,5,10,4,5,9,15,15,6,2,0,4.258885,2.014684,3.743412,2.992884,2.745676,3.026682,0.643581,0.246752,1
user_36024,2021-08-06 23:17:00,29,6,25,0,1,1,16,8,2,0,7,4,0,0.604268,0.116099,1.409339,1.511031,0.321986,3.644613,0.919222,0.93395,0
user_36025,2021-09-05 04:45:00,6,13,26,0,8,0,14,4,1,5,17,6,1,1.069479,0.530429,3.11674,0.908809,3.332892,2.627823,0.501444,0.768473,1
user_36026,2021-09-17 04:27:00,14,14,18,5,5,2,9,7,9,0,20,4,0,2.78052,4.596781,4.490085,4.434383,0.240885,1.850235,0.238705,0.647178,1
user_36027,2021-09-02 06:32:00,45,17,2,5,1,0,12,9,12,20,4,3,0,1.474973,1.928686,1.164058,0.818561,0.230663,3.891146,0.980969,0.446267,0
user_36028,2021-08-30 07:05:00,13,12,21,5,0,1,13,7,11,20,9,0,0,3.053501,3.006046,4.172651,4.243818,3.167411,2.846941,0.435001,0.944428,1
user_36029,2021-08-14 00:35:00,30,0,15,0,0,4,12,15,6,2,20,5,1,2.083365,0.877617,4.699443,2.42934,0.276861,4.470243,0.322964,0.786171,0
user_36030,2021-09-11 14:24:00,1,17,29,5,4,0,1,12,18,3,3,5,1,3.142485,3.424978,1.383729,0.821082,1.636695,1.436466,0.587647,0.407747,1
user_36031,2021-09-03 15:12:00,14,13,28,2,0,4,1,3,8,14,14,4,0,0.129287,3.529584,0.399454,2.195285,2.534474,1.427606,0.676288,0.759636,0
user_36032,2021-08-28 04:54:00,25,1,13,0,10,5,19,4,3,12,12,5,1,4.979942,0.62007,2.204552,3.886397,4.171666,3.625649,0.960165,0.827917,0
user_36033,2021-10-19 05:53:00,29,3,30,4,6,0,6,11,11,10,11,1,0,1.273712,0.827694,2.950453,1.603503,1.589225,4.902383,0.208101,0.484542,0
user_36034,2021-10-19 00:07:00,14,16,30,2,6,0,12,3,17,18,8,1,0,4.436083,0.609041,2.178146,2.263366,4.190075,3.181573,0.905112,0.692445,0
user_36035,2021-08-14 02:17:00,23,12,8,1,10,5,9,13,12,3,12,5,1,3.487659,2.36754,4.4075,3.094955,1.356988,0.430969,0.310119,0.722371,0
user_36036,2021-09-27 22:39:00,48,17,18,1,9,3,1,19,18,18,7,0,0,4.670205,2.935405,2.669505,3.711802,2.968059,4.045804,0.573362,0.722172,1
user_36037,2021-10-16 05:47:00,12,3,7,1,6,1,6,4,1,4,1,5,1,2.11721,4.412081,3.494379,1.800273,3.091459,0.519002,0.503415,0.761268,0
user_36038,2021-09-26 18:46:00,36,1,10,0,7,1,8,8,0,15,18,6,1,3.892553,2.174329,3.336114,4.764904,4.203888,0.494614,0.220757,0.290326,1
user_36039,2021-09-21 19:08:00,49,18,9,1,8,5,16,16,0,2,14,1,0,4.039631,1.567541,4.007934,1.34909,2.845318,3.93641,0.241854,0.750015,0
user_36040,2021-09-20 11:56:00,22,16,3,0,2,5,7,4,1,13,0,0,0,4.704832,1.334139,0.587454,2.335754,2.043442,0.319839,0.514977,0.536907,1
user_36041,2021-09-30 20:08:00,34,15,5,5,0,5,5,9,5,10,10,3,0,4.851455,2.601339,1.348726,3.289704,1.817159,2.60166,0.746044,0.686791,0
user_36042,2021-08-25 10:16:00,14,2,25,2,8,4,19,10,9,11,9,2,0,1.733971,2.963995,2.529786,2.498836,0.557424,2.72834,0.726378,0.992155,0
user_36043,2021-09-11 09:21:00,36,19,7,5,4,2,5,12,8,11,3,5,1,3.936873,2.115802,3.916647,0.179152,3.181779,3.375488,0.338789,0.693623,0
user_36044,2021-09-11 03:09:00,9,10,29,3,9,3,0,5,14,15,14,5,1,4.624675,3.24296,0.793299,3.868065,2.082873,0.55766,0.991631,0.923571,1
user_36045,2021-10-27 22:29:00,18,5,19,4,6,4,6,5,0,3,5,2,0,0.235409,3.349816,4.708708,1.782412,1.142071,1.499291,0.387517,0.574344,1
user_36046,2021-09-13 01:44:00,16,4,4,2,5,3,6,1,16,16,16,0,0,4.274924,4.133994,4.014266,2.242522,0.890132,1.398017,0.33997,0.939349,1
user_36047,2021-09-10 23:25:00,45,10,16,5,6,5,6,12,7,12,4,4,0,0.314241,4.083427,2.446629,2.792701,2.055505,3.67927,0.671788,0.360253,0
user_36048,2021-08-27 10:23:00,18,4,10,5,9,5,17,12,16,19,13,4,0,3.099373,4.455098,0.630773,4.906836,0.775682,1.931544,0.610715,0.647425,0
user_36049,2021-08-17 21:21:00,20,16,16,0,3,1,19,1,9,15,19,1,0,1.415646,0.100569,2.246108,4.341211,2.255706,1.259558,0.57094,0.306282,1
user_36050,2021-08-18 03:20:00,29,4,11,0,2,1,18,0,6,9,5,2,0,3.26773,2.891182,0.118957,2.198841,0.806612,2.326326,0.656874,0.755853,0
user_36051,2021-10-12 03:10:00,47,16,10,0,4,3,2,1,12,11,15,1,0,2.073207,1.406291,4.521786,1.67036,3.83361,4.217863,0.806285,0.38855,1
user_36052,2021-09-29 15:11:00,17,11,11,5,6,4,10,8,1,16,10,2,0,1.698395,2.436059,4.621826,0.783224,4.228928,2.001608,0.429602,0.779348,0
user_36053,2021-08-26 15:32:00,17,16,16,0,4,2,14,6,16,8,7,3,0,4.359056,3.239635,0.291676,3.938961,4.777246,2.392248,0.252994,0.757929,0
user_36054,2021-08-18 09:14:00,40,17,11,4,3,0,19,20,4,10,1,2,0,0.268103,2.095322,3.4221,3.631978,1.196328,0.875572,0.564158,0.468963,1
user_36055,2021-09-14 19:53:00,34,1,11,4,4,0,11,2,8,16,8,1,0,1.590542,2.384544,3.160563,3.191072,3.29693,3.848729,0.34675,0.808072,1
user_36056,2021-08-14 14:53:00,26,7,23,0,9,0,14,14,14,1,19,5,1,2.814937,3.48207,3.940561,2.33503,1.644993,3.350566,0.775898,0.504012,1
user_36057,2021-10-13 02:07:00,34,9,23,5,8,0,7,20,10,4,7,2,0,1.05113,2.360948,3.261809,2.741654,0.929066,4.948721,0.311005,0.835901,0
user_36058,2021-09-23 08:01:00,11,2,29,4,7,3,11,9,10,19,17,3,0,4.083813,2.849733,4.298287,4.976364,3.671239,3.208495,0.660531,0.433499,0
user_36059,2021-10-27 01:29:00,3,18,1,4,5,5,2,8,2,8,12,2,0,4.959347,3.60656,4.239768,2.749582,2.715353,4.097001,0.676436,0.357737,1
user_36060,2021-09-06 13:53:00,12,18,2,1,5,4,8,16,4,5,12,0,0,0.457697,1.953965,0.547189,3.347637,2.49096,1.408124,0.472603,0.911754,0
user_36061,2021-08-16 18:34:00,32,1,1,5,4,2,11,6,15,19,1,0,0,3.273833,4.382788,1.311475,0.377025,3.078169,2.449769,0.514496,0.981257,1
user_36062,2021-08-29 03:29:00,15,8,21,4,3,3,3,7,11,20,9,6,1,3.20936,0.114634,4.644477,4.139856,3.465611,1.567952,0.87741,0.700057,0
user_36063,2021-09-23 05:42:00,26,7,27,3,5,1,1,9,10,12,5,3,0,0.265749,4.903223,0.934567,0.169705,1.76905,1.004959,0.457921,0.837032,1
user_36064,2021-08-04 00:49:00,26,3,5,1,8,2,3,11,1,0,18,2,0,0.588572,2.186104,2.483124,3.991018,0.979698,4.950381,0.721612,0.874221,0
user_36065,2021-10-26 05:22:00,35,15,21,1,3,5,8,16,16,10,12,1,0,3.750729,4.659152,4.164148,4.283066,0.100494,2.683462,0.996887,0.700326,1
user_36066,2021-10-16 12:54:00,8,6,18,0,10,3,5,6,0,15,10,5,1,2.719962,0.435986,0.370436,0.620146,3.364849,4.283932,0.868813,0.432922,1
user_36067,2021-09-20 06:37:00,34,1,24,4,2,2,12,9,4,6,18,0,0,0.107878,0.362449,1.685657,3.831652,3.998421,0.865105,0.375791,0.959997,1
user_36068,2021-08-28 03:34:00,45,15,9,4,7,5,13,2,11,11,2,5,1,4.39885,0.643485,2.939488,1.745191,4.812483,4.822462,0.531338,0.39521,1
user_36069,2021-09-06 06:31:00,33,19,28,4,2,3,1,12,12,19,12,0,0,0.489661,4.751706,1.89573,3.069868,0.422667,2.903345,0.883541,0.771543,1
user_36070,2021-09-12 14:08:00,21,13,11,4,8,0,4,8,10,11,4,6,1,0.500799,2.072308,2.350398,3.049554,0.387041,2.329964,0.643788,0.252144,0
user_36071,2021-09-02 19:25:00,14,13,5,3,2,4,8,17,13,18,8,3,0,1.287096,2.418164,4.586579,4.110953,4.534559,1.625253,0.318051,0.462359,0
user_36072,2021-10-27 09:29:00,27,8,4,0,10,2,6,10,13,0,9,2,0,4.819854,1.333869,1.093135,2.097209,3.697362,0.162964,0.874004,0.490111,0
user_36073,2021-10-13 07:26:00,28,1,24,0,3,0,1,1,19,12,12,2,0,3.676549,2.295515,0.279217,0.567517,4.712583,4.959319,0.328257,0.789348,1
user_36074,2021-08-08 21:03:00,12,7,5,3,2,4,13,1,6,11,14,6,1,2.755746,0.428259,0.47077,0.334174,3.152539,1.14395,0.589852,0.254824,1
user_36075,2021-09-27 23:45:00,19,19,24,1,10,3,6,19,12,8,0,0,0,3.276391,1.225997,1.406306,3.754703,3.752405,4.028442,0.292071,0.526558,1
user_36076,2021-10-20 18:31:00,44,17,4,0,4,4,13,4,13,0,2,2,0,3.317731,0.163138,3.94272,0.45607,2.317266,1.718603,0.473819,0.330898,0
user_36077,2021-09-18 08:41:00,39,6,13,1,1,2,18,20,1,4,13,5,1,1.123762,4.354644,3.87874,2.039812,2.776461,0.205058,0.748055,0.465533,0
user_36078,2021-08-16 15:30:00,28,1,4,5,3,2,17,8,0,20,16,0,0,4.719862,3.623461,1.119869,4.308129,4.241868,3.09051,0.901543,0.722246,1
user_36079,2021-09-23 02:17:00,26,20,23,5,0,3,13,11,13,8,0,3,0,1.289845,3.141609,1.792171,1.126526,4.908093,1.322881,0.597021,0.770236,1
user_36080,2021-09-17 03:12:00,21,17,13,2,6,2,0,0,10,20,0,4,0,4.083861,1.817116,1.840575,2.496443,3.662818,0.768908,0.522818,0.758735,1
user_36081,2021-10-03 00:43:00,50,9,28,5,0,5,2,6,13,3,17,6,1,1.520126,4.066594,1.960349,3.283357,1.493298,1.990601,0.546956,0.615032,1
user_36082,2021-09-27 18:18:00,23,11,4,2,0,1,15,9,10,10,9,0,0,2.13084,1.693493,4.189854,4.816018,1.313132,4.159713,0.640615,0.666891,0
user_36083,2021-08-28 05:25:00,36,12,28,1,4,0,13,19,9,0,17,5,1,3.148141,1.384392,1.715019,2.846997,4.644012,2.950095,0.696161,0.542017,1
user_36084,2021-10-22 20:33:00,14,16,12,5,4,3,2,11,16,4,7,4,0,1.587315,2.30224,4.333102,3.038329,0.669795,3.273001,0.293901,0.97873,1
user_36085,2021-09-22 18:27:00,7,16,7,3,7,4,11,2,3,14,11,2,0,1.176035,3.633863,2.750316,3.199383,2.5981,0.462442,0.225037,0.848061,1
user_36086,2021-08-18 03:45:00,9,17,19,2,5,5,9,13,10,0,12,2,0,1.574123,2.957796,3.86442,2.481933,1.932055,1.811198,0.495586,0.780926,1
user_36087,2021-08-26 14:25:00,4,5,1,2,7,5,17,7,6,4,16,3,0,3.762572,1.666146,0.580622,3.587176,1.750699,4.093027,0.724096,0.301723,0
user_36088,2021-09-05 22:50:00,29,11,10,3,6,4,9,12,9,17,3,6,1,4.000085,3.588177,1.271292,1.365183,3.651336,4.784333,0.724636,0.441108,0
user_36089,2021-10-21 23:18:00,5,8,18,1,4,1,7,11,17,15,12,3,0,3.387267,2.01518,0.765758,4.397244,2.788277,3.527848,0.288888,0.795431,1
user_36090,2021-08-22 03:17:00,5,13,1,0,6,2,12,16,18,16,17,6,1,0.208483,3.419057,2.10359,2.128089,1.357862,2.594519,0.319206,0.436135,0
user_36091,2021-10-05 00:41:00,9,14,5,3,10,1,9,14,5,5,6,1,0,3.751524,4.939145,3.959812,4.854761,3.532598,3.38767,0.833055,0.493894,1
user_36092,2021-09-15 19:09:00,22,12,30,0,8,2,13,12,8,11,12,2,0,1.837894,3.620958,1.436036,4.976624,4.354423,3.57596,0.336179,0.669549,0
user_36093,2021-10-25 19:02:00,43,16,8,2,5,3,18,0,15,9,15,0,0,1.942261,3.111922,2.921839,2.330636,0.864809,0.267272,0.567072,0.940419,0
user_36094,2021-09-23 05:17:00,5,15,29,2,10,0,18,15,2,0,6,3,0,0.419562,0.592456,1.28292,3.346202,4.441392,1.156317,0.838724,0.827772,0
user_36095,2021-08-23 21:29:00,23,4,20,5,8,4,5,11,10,14,10,0,0,2.479463,3.452236,3.803964,2.96052,4.623321,2.58694,0.242143,0.321865,1
user_36096,2021-08-12 09:06:00,30,9,11,5,1,0,2,7,2,0,18,3,0,2.067595,4.086202,1.756233,2.095326,1.430931,1.040801,0.29211,0.763531,0
user_36097,2021-09-16 12:08:00,10,15,28,3,1,3,13,20,4,7,18,3,0,2.283916,4.254485,2.880091,3.618746,2.86167,4.990625,0.649569,0.248425,0
user_36098,2021-09-24 16:02:00,34,12,13,5,7,1,8,8,18,18,3,4,0,1.47989,0.33073,3.606126,4.51438,0.858097,1.668442,0.600239,0.865628,1
user_36099,2021-08-26 07:26:00,39,14,17,2,3,0,2,15,20,14,16,3,0,1.646749,2.044791,3.732406,1.627234,1.300674,3.844977,0.752148,0.946895,1
user_36100,2021-10-29 17:54:00,25,0,11,0,4,1,17,3,5,16,17,4,0,1.046839,2.17434,1.618357,1.971952,0.976941,0.293818,0.773593,0.52421,1
user_36101,2021-10-10 00:13:00,5,4,29,1,10,2,14,7,9,20,0,6,1,3.481756,1.34788,1.144961,0.330478,3.258632,0.955197,0.270436,0.905036,1
user_36102,2021-10-24 02:47:00,22,15,11,4,4,4,10,15,10,19,6,6,1,3.73494,3.556189,1.103118,4.103889,1.749168,4.292217,0.53092,0.626393,1
user_36103,2021-09-30 16:41:00,20,18,22,2,9,1,15,18,15,9,10,3,0,4.938515,4.449967,3.164311,2.0992,2.899196,2.560747,0.291002,0.907891,0
user_36104,2021-10-13 06:43:00,31,15,14,2,2,3,11,18,11,0,9,2,0,0.132356,3.072132,2.33437,3.050217,2.922763,2.211665,0.778041,0.942261,0
user_36105,2021-09-22 17:06:00,20,5,21,1,9,0,13,20,13,14,10,2,0,0.597232,1.583338,2.755609,4.213938,0.553146,4.445814,0.718949,0.499665,0
user_36106,2021-09-24 14:38:00,34,20,6,1,9,0,19,18,0,14,5,4,0,0.406319,4.647753,2.724074,0.868691,0.626118,2.356862,0.879316,0.816826,0
user_36107,2021-08-31 11:37:00,43,13,29,2,9,3,8,10,18,0,18,1,0,1.751106,0.244694,2.652924,2.345619,0.970615,4.113077,0.87744,0.458254,0
user_36108,2021-09-24 11:54:00,4,8,4,3,4,5,19,18,5,16,10,4,0,1.408655,0.895348,1.961106,0.567976,4.740976,3.474945,0.307406,0.599834,0
user_36109,2021-10-10 18:09:00,49,13,27,5,2,3,9,18,5,16,1,6,1,2.061576,3.263133,3.75181,1.595734,1.044846,4.680368,0.924492,0.48161,1
user_36110,2021-09-19 06:46:00,14,20,30,3,0,3,18,8,2,17,12,6,1,1.488035,4.338297,1.520267,3.785772,1.548193,4.348695,0.894882,0.288813,0
user_36111,2021-10-18 15:48:00,36,4,26,3,2,0,11,2,16,17,0,0,0,0.118209,0.718517,2.507374,3.012326,1.79118,2.938509,0.660663,0.305016,1
user_36112,2021-09-15 10:15:00,43,2,23,1,7,1,15,13,7,11,3,2,0,3.665074,4.741188,0.653608,3.549328,2.218729,2.065468,0.817964,0.931358,0
user_36113,2021-08-01 21:51:00,1,6,10,0,10,2,17,18,9,11,9,6,1,2.655949,4.57367,4.144476,0.937954,0.896326,0.780159,0.601095,0.303657,0
user_36114,2021-10-06 11:37:00,26,2,9,2,8,3,8,11,17,12,16,2,0,0.375585,4.592002,0.642091,2.08583,4.434385,1.803883,0.985779,0.751387,0
user_36115,2021-08-05 17:55:00,31,0,17,1,8,4,3,0,7,13,18,3,0,0.206496,1.339531,4.81536,1.76002,0.332954,4.635592,0.636617,0.931105,0
user_36116,2021-08-02 02:54:00,8,15,17,4,2,2,12,9,10,12,7,0,0,1.952552,2.021927,0.247295,1.557169,4.776707,1.371947,0.249052,0.784199,1
user_36117,2021-10-08 17:29:00,23,8,28,1,7,2,4,16,9,7,20,4,0,0.568506,2.670745,3.785088,3.089568,0.703954,1.653022,0.275293,0.492213,0
user_36118,2021-08-20 09:01:00,33,10,2,1,5,2,13,1,18,20,14,4,0,1.331923,2.954538,0.971157,0.890841,2.842598,1.416755,0.774547,0.971664,0
user_36119,2021-10-14 02:32:00,49,2,25,0,0,4,11,9,15,16,7,3,0,0.380328,4.281208,4.550451,4.808988,3.019874,1.857269,0.933314,0.863638,1
user_36120,2021-09-26 02:14:00,28,15,2,4,8,0,15,13,17,16,13,6,1,1.001627,4.569011,4.200209,1.900258,3.017161,0.573655,0.763176,0.648928,0
user_36121,2021-09-06 19:42:00,42,1,26,0,9,2,17,16,0,14,16,0,0,2.47464,0.393285,4.662368,1.818661,3.961243,2.543733,0.443738,0.994221,0
user_36122,2021-08-21 10:43:00,28,12,24,4,9,3,20,6,4,15,7,5,1,1.48424,4.528595,0.546584,2.086621,0.125227,1.648946,0.392443,0.328707,1
user_36123,2021-09-27 03:45:00,22,14,5,2,3,1,2,13,6,0,3,0,0,3.852508,0.102203,1.071797,4.625965,4.347363,3.529502,0.93651,0.275525,0
user_36124,2021-09-28 21:03:00,9,9,8,0,6,3,6,17,12,18,5,1,0,4.589623,4.182043,3.759467,1.953034,3.356303,3.533666,0.530639,0.332499,0
user_36125,2021-08-28 00:54:00,34,8,17,0,7,4,11,2,2,2,11,5,1,2.275674,4.909774,1.509348,2.085395,1.790688,1.779419,0.463011,0.71052,1
user_36126,2021-08-13 00:07:00,6,10,25,3,2,1,12,14,10,20,2,4,0,0.49168,2.865755,2.567839,1.594128,3.440065,1.575724,0.279709,0.398208,1
user_36127,2021-09-28 21:44:00,38,15,29,1,2,4,20,3,9,20,6,1,0,3.204052,2.437112,1.334508,3.849428,3.416207,2.663015,0.706503,0.456089,1
user_36128,2021-10-18 08:07:00,14,1,9,5,9,1,3,13,16,0,14,0,0,0.9791,4.472994,3.618304,3.668444,3.473541,2.822535,0.685719,0.724691,1
user_36129,2021-10-04 03:45:00,8,18,1,2,7,0,1,8,3,1,19,0,0,3.67017,2.099179,3.738879,4.877291,1.002169,0.421574,0.898608,0.830644,1
user_36130,2021-08-18 02:43:00,33,19,5,2,2,1,13,20,9,13,14,2,0,3.889401,4.496227,0.822956,3.723891,2.103741,3.218981,0.874704,0.486059,0
user_36131,2021-10-19 21:07:00,37,13,6,2,6,5,18,13,17,1,9,1,0,2.32702,3.532529,4.033326,2.791948,1.860432,4.302101,0.527288,0.533188,1
user_36132,2021-09-24 02:10:00,14,16,26,2,1,0,3,4,20,13,2,4,0,4.901002,0.986027,4.391117,1.396049,3.186072,3.935093,0.606751,0.680426,1
user_36133,2021-08-21 12:22:00,1,13,23,2,0,0,12,11,10,11,17,5,1,3.57584,4.064873,3.868314,3.1388,0.52037,4.679849,0.988747,0.664317,0
user_36134,2021-10-03 03:08:00,10,14,14,0,7,3,19,14,18,13,2,6,1,2.455725,1.54033,1.346814,4.215169,2.086922,3.87548,0.299448,0.854997,1
user_36135,2021-09-11 19:01:00,11,18,21,0,4,0,1,7,1,13,0,5,1,3.114085,3.482401,2.808962,2.53536,4.356389,1.467899,0.202738,0.553306,0
user_36136,2021-09-29 17:45:00,13,4,13,4,2,2,4,16,8,20,20,2,0,0.576654,1.799502,1.918104,1.424089,1.889485,0.649248,0.931359,0.345499,0
user_36137,2021-10-21 02:56:00,31,11,29,3,6,2,11,8,1,1,7,3,0,0.487482,0.395869,4.518961,1.292517,1.227134,3.762268,0.866232,0.287246,0
user_36138,2021-08-09 20:37:00,28,9,3,3,4,2,2,6,15,20,6,0,0,4.035995,3.893968,0.514014,1.815142,4.112948,2.946198,0.226252,0.629613,1
user_36139,2021-08-22 13:01:00,32,10,27,0,1,5,14,20,7,12,18,6,1,1.636483,0.428803,4.159753,3.402574,1.2919,1.783994,0.25612,0.563349,1
user_36140,2021-09-15 14:48:00,4,15,28,5,2,0,1,0,8,12,17,2,0,1.834678,0.543355,0.4492,4.906931,3.493058,4.681507,0.525263,0.200168,1
user_36141,2021-09-03 18:04:00,43,0,10,5,9,4,16,11,1,12,11,4,0,0.766139,4.299359,4.260097,1.1796,4.606144,0.664814,0.874701,0.800493,1
user_36142,2021-10-07 19:21:00,48,8,18,0,5,5,2,13,16,18,18,3,0,0.693976,2.653736,4.74613,0.446953,0.282364,2.460903,0.531287,0.360946,1
user_36143,2021-10-08 17:39:00,32,18,10,1,0,1,19,20,5,12,4,4,0,2.457447,3.069387,0.385737,1.513422,1.058951,4.435956,0.343896,0.802341,1
user_36144,2021-09-20 15:20:00,1,5,14,3,3,5,3,16,10,18,13,0,0,4.035342,3.889059,3.99401,3.764959,2.056646,2.844599,0.431599,0.686425,0
user_36145,2021-10-25 15:08:00,42,4,19,3,2,1,5,18,20,0,19,0,0,3.331088,4.640586,0.305967,2.95951,4.548314,2.65642,0.776368,0.843873,1
user_36146,2021-09-06 19:26:00,8,20,29,0,6,1,14,2,13,6,15,0,0,1.733955,4.024407,0.163392,1.578399,0.611208,4.865334,0.332603,0.986569,1
user_36147,2021-09-22 03:14:00,31,15,24,5,8,3,14,8,3,6,6,2,0,2.422225,1.308951,2.801353,0.821166,3.007741,3.074831,0.323159,0.960488,0
user_36148,2021-10-03 04:13:00,35,10,16,4,10,3,11,19,12,19,11,6,1,2.153615,1.242871,4.357983,3.482234,0.915164,0.522677,0.400973,0.323929,1
user_36149,2021-10-24 14:56:00,20,12,30,5,1,0,14,18,6,13,1,6,1,4.093458,2.694364,3.34367,3.968665,2.748721,4.406327,0.510771,0.682285,1
user_36150,2021-08-07 18:57:00,9,4,22,0,6,5,17,0,13,13,14,5,1,3.505637,3.339422,2.146702,3.21938,2.707794,3.60806,0.992052,0.998858,1
user_36151,2021-08-26 07:46:00,31,8,9,4,2,1,14,9,5,5,14,3,0,0.805428,1.687005,2.179306,2.798094,1.469242,1.601635,0.656621,0.420948,0
user_36152,2021-09-23 13:54:00,20,6,16,3,10,1,20,4,10,7,1,3,0,1.96168,1.678695,4.985767,1.049604,2.497822,2.640984,0.932605,0.408094,0
user_36153,2021-09-19 21:39:00,31,5,14,5,8,3,12,14,20,16,13,6,1,0.453003,2.071801,3.931585,4.969261,0.231629,0.584656,0.61289,0.630176,1
user_36154,2021-10-01 17:22:00,11,3,12,3,6,2,20,4,16,9,6,4,0,0.631988,1.893271,0.782759,4.066776,1.469637,3.488572,0.596573,0.868264,0
user_36155,2021-08-24 23:01:00,34,12,12,2,0,2,8,11,7,8,10,1,0,2.494851,2.273113,1.167502,1.163543,4.183477,0.537851,0.270104,0.471526,0
user_36156,2021-08-14 22:59:00,10,0,23,5,8,3,2,15,0,0,2,5,1,3.062185,4.596355,0.834994,4.269902,4.338834,2.052603,0.373674,0.457891,0
user_36157,2021-10-13 21:28:00,42,2,22,4,10,2,19,5,2,16,19,2,0,3.366546,3.03571,2.263837,4.150565,1.727111,3.557371,0.818066,0.692587,0
user_36158,2021-08-16 21:50:00,5,20,27,3,10,3,7,16,12,10,6,0,0,2.644844,4.726717,3.560055,3.722129,1.942515,1.491224,0.944037,0.571981,0
user_36159,2021-08-02 11:32:00,45,6,9,4,3,0,8,4,1,7,8,0,0,1.253191,3.400738,0.662334,1.477753,4.86608,2.852783,0.99173,0.208202,1
user_36160,2021-09-17 14:29:00,8,10,13,5,9,0,12,13,12,1,6,4,0,0.573813,3.178854,3.365904,2.201394,0.421011,3.085238,0.884428,0.889443,1
user_36161,2021-09-12 14:45:00,45,11,19,0,3,4,19,8,19,7,11,6,1,0.50763,1.918656,1.739269,3.129753,3.522676,1.240763,0.866114,0.388368,0
user_36162,2021-10-11 02:56:00,18,2,17,4,10,3,3,20,4,17,10,0,0,1.775672,4.011289,3.730499,0.170306,0.227261,3.467352,0.973668,0.630884,1
user_36163,2021-08-28 17:30:00,48,1,5,5,1,3,14,18,0,20,9,5,1,1.524932,1.672492,1.836697,1.694512,0.315272,4.33322,0.5748,0.996595,1
user_36164,2021-09-22 17:06:00,5,7,3,2,1,2,13,10,7,16,4,2,0,2.540312,4.106509,0.660371,2.493849,0.671105,3.032656,0.557426,0.596775,1
user_36165,2021-08-05 00:51:00,14,9,5,0,9,3,0,13,13,19,19,3,0,2.574257,2.930498,2.082134,1.066634,3.416947,2.675,0.213232,0.40475,0
user_36166,2021-08-13 23:36:00,8,2,30,4,7,2,3,2,20,9,20,4,0,0.438695,2.144814,1.841687,3.85612,4.843944,4.426196,0.758957,0.638689,0
user_36167,2021-08-01 08:50:00,43,5,24,4,5,0,7,17,19,8,17,6,1,0.782291,0.870372,3.27627,4.277495,1.290145,3.305276,0.414435,0.587899,1
user_36168,2021-10-03 23:29:00,35,7,25,1,3,3,6,16,1,3,2,6,1,2.642868,2.451086,3.967175,3.968705,2.40393,1.96968,0.969806,0.364725,1
user_36169,2021-10-22 17:26:00,16,14,5,3,8,1,4,6,2,5,20,4,0,0.484642,1.039013,2.059766,3.718695,4.780347,1.999029,0.376972,0.815814,0
user_36170,2021-10-25 21:40:00,19,14,19,0,4,5,5,7,3,19,6,0,0,0.395807,2.60774,2.239963,0.508369,0.577855,0.442839,0.650295,0.719665,0
user_36171,2021-10-16 07:22:00,7,8,6,3,5,0,18,19,6,7,16,5,1,1.217728,1.974068,0.577653,3.375689,0.181674,4.820018,0.288087,0.492306,0
user_36172,2021-08-26 07:53:00,30,11,15,4,6,5,4,20,3,5,7,3,0,3.764556,2.55757,3.692536,2.998822,3.193549,2.995713,0.656346,0.253274,1
user_36173,2021-10-17 20:56:00,36,20,8,3,8,2,3,5,20,10,16,6,1,2.621136,1.948208,4.207011,3.500781,1.977243,3.283542,0.477519,0.756546,1
user_36174,2021-08-13 03:11:00,17,12,5,0,4,1,18,13,14,9,6,4,0,2.641427,0.102356,1.102126,1.101605,2.533814,2.0767,0.543811,0.933405,1
user_36175,2021-08-03 02:00:00,26,2,4,3,3,2,15,7,14,1,20,1,0,0.463979,1.914298,0.94987,3.886266,4.359511,1.533819,0.216709,0.308983,1
user_36176,2021-08-21 11:16:00,39,0,22,2,5,4,11,19,1,14,14,5,1,0.344787,1.198333,1.684216,0.956008,1.546721,3.780188,0.281794,0.563527,0
user_36177,2021-10-02 11:35:00,7,16,22,3,0,3,13,16,7,1,4,5,1,0.918429,4.678136,2.90712,3.496287,4.854696,1.291455,0.939702,0.213085,0
user_36178,2021-08-26 15:07:00,16,17,1,3,6,5,0,12,11,9,5,3,0,4.158082,1.761713,1.747115,2.84757,0.368279,0.926475,0.518808,0.828461,0
user_36179,2021-10-11 14:11:00,47,16,28,1,7,2,2,18,0,5,11,0,0,1.63476,1.346475,1.826595,0.682202,0.732947,1.975422,0.404963,0.798279,0
user_36180,2021-10-04 19:48:00,18,19,21,0,1,2,9,2,5,0,4,0,0,3.503653,2.066167,1.948645,0.590712,3.910367,0.784706,0.882367,0.556222,1
user_36181,2021-10-18 05:22:00,29,13,3,5,7,0,7,14,20,10,7,0,0,1.496069,1.995113,2.698336,1.617343,0.121969,3.862893,0.772609,0.968122,0
user_36182,2021-08-20 08:19:00,33,12,4,5,8,1,3,0,3,1,4,4,0,4.35989,3.828626,0.422862,4.979711,4.580264,3.479444,0.709487,0.548007,0
user_36183,2021-08-05 07:00:00,15,3,30,5,0,3,14,11,12,0,17,3,0,1.531289,2.897548,1.916511,3.95876,4.781183,1.87854,0.379564,0.669049,1
user_36184,2021-08-02 14:14:00,36,15,16,3,4,3,15,11,5,1,13,0,0,3.423147,4.059557,4.000502,4.757833,2.772447,3.490149,0.551825,0.993542,1
user_36185,2021-10-14 12:25:00,32,2,6,4,9,2,2,6,12,3,16,3,0,3.389145,3.681948,3.042652,4.595099,2.617739,1.568022,0.556515,0.578871,1
user_36186,2021-09-19 01:57:00,35,7,26,5,1,1,2,2,11,17,1,6,1,4.396565,0.501741,3.363852,0.533613,1.286296,3.667887,0.293251,0.660341,0
user_36187,2021-08-15 14:27:00,49,11,14,5,8,1,15,10,3,3,11,6,1,0.514531,3.949408,4.324,4.714732,2.829728,4.52069,0.313726,0.848876,1
user_36188,2021-08-02 17:24:00,48,12,29,4,4,2,2,17,11,9,18,0,0,2.622463,1.452372,1.390418,3.755337,3.461097,2.040199,0.673667,0.222899,1
user_36189,2021-09-15 04:45:00,5,13,8,5,6,2,19,14,4,11,14,2,0,4.595571,0.572738,2.170111,1.602668,0.105654,1.055052,0.995515,0.731101,1
user_36190,2021-08-25 18:23:00,24,3,4,0,2,3,18,2,10,1,16,2,0,1.67992,3.115599,4.460533,4.142539,1.545411,0.8764,0.326621,0.440121,0
user_36191,2021-09-22 00:02:00,48,12,12,4,9,0,6,5,8,17,17,2,0,4.980592,2.67522,0.151547,2.690091,2.849806,1.675508,0.955289,0.808195,0
user_36192,2021-08-08 10:25:00,19,10,12,2,7,0,15,19,14,2,20,6,1,3.427379,0.7503,3.495097,2.107785,1.195418,0.96333,0.492686,0.413534,0
user_36193,2021-10-04 09:56:00,42,16,21,0,0,5,3,15,13,18,1,0,0,1.757336,1.61557,4.926636,0.882069,0.205108,1.118741,0.599214,0.200427,0
user_36194,2021-10-07 22:41:00,45,7,29,1,8,0,20,13,5,20,7,3,0,3.018787,4.899758,1.792099,1.611591,1.635263,0.21898,0.600574,0.668272,0
user_36195,2021-08-28 08:21:00,5,3,13,3,5,3,18,9,15,14,18,5,1,0.172532,3.126945,2.861027,3.555779,1.656004,2.160025,0.807613,0.736608,1
user_36196,2021-08-19 06:38:00,28,0,14,3,1,5,10,10,1,2,7,3,0,0.352964,0.395855,4.90622,1.378025,3.079564,2.424705,0.649275,0.830303,0
user_36197,2021-09-24 13:29:00,42,17,14,4,3,3,17,8,4,19,20,4,0,0.171445,2.549924,3.359952,1.902653,1.800617,4.058264,0.936761,0.961922,0
user_36198,2021-08-19 05:01:00,24,8,11,1,3,1,16,3,18,9,11,3,0,4.44087,1.136,3.179123,4.009531,1.869817,3.753632,0.44847,0.34192,1
user_36199,2021-09-28 01:52:00,43,17,25,1,7,1,2,15,19,12,6,1,0,2.214433,2.151316,0.421653,0.161474,1.468772,1.766204,0.997968,0.477496,0
user_36200,2021-08-21 17:02:00,46,0,12,5,10,3,2,13,6,15,19,5,1,0.681143,2.58385,3.443512,0.761584,4.881946,0.862384,0.437396,0.951968,0
user_36201,2021-09-04 01:21:00,46,12,30,0,1,2,8,17,3,16,14,5,1,4.656202,1.346924,3.317274,1.377578,4.967659,2.173035,0.420274,0.229702,1
user_36202,2021-10-17 05:10:00,48,15,18,5,10,4,12,9,4,16,4,6,1,2.120481,2.649327,1.407288,3.363704,0.983125,1.606582,0.277562,0.814252,0
user_36203,2021-08-20 17:38:00,5,7,26,5,9,2,16,2,18,11,12,4,0,2.631421,3.037003,0.609848,1.045837,2.882813,2.998394,0.645777,0.791497,1
user_36204,2021-10-19 19:42:00,24,18,21,3,6,3,3,6,9,11,2,1,0,3.740529,1.061033,2.881748,1.370037,4.255049,2.58358,0.659705,0.997752,0
user_36205,2021-08-25 01:38:00,15,19,26,5,8,1,5,7,12,15,13,2,0,1.61186,4.470574,3.422045,4.11019,4.082334,3.346009,0.439503,0.409236,1
user_36206,2021-09-27 21:37:00,31,18,23,5,4,4,13,4,5,17,20,0,0,1.823606,2.878783,3.903232,2.975984,1.779076,1.006591,0.289128,0.838534,0
user_36207,2021-09-02 19:49:00,28,15,13,1,6,3,3,11,2,10,4,3,0,1.673455,3.300987,2.989194,0.159187,0.889806,1.813321,0.881576,0.25619,1
user_36208,2021-08-26 17:04:00,44,8,14,1,4,1,1,9,0,10,17,3,0,3.920924,4.280359,1.535418,1.059833,1.737033,1.08437,0.569505,0.298624,1
user_36209,2021-08-15 04:34:00,2,10,24,5,10,3,11,0,19,16,7,6,1,0.581132,2.647994,1.810699,2.84967,3.866147,2.783605,0.701183,0.950204,1
user_36210,2021-08-02 03:06:00,5,1,4,1,8,1,3,15,4,2,14,0,0,4.273103,3.129365,4.542355,4.376825,0.572316,4.948177,0.647043,0.778708,1
user_36211,2021-09-25 08:16:00,32,6,16,4,4,2,10,8,18,10,4,5,1,0.711313,2.291207,4.653071,3.553533,1.175852,2.338504,0.21688,0.570983,0
user_36212,2021-08-24 19:51:00,11,15,12,5,6,1,19,11,15,3,15,1,0,2.415694,3.620086,4.808592,4.952944,2.093291,3.943012,0.316597,0.207401,0
user_36213,2021-09-18 15:04:00,46,17,27,3,10,0,0,12,19,12,16,5,1,2.737784,4.372298,3.697036,0.2982,3.842604,4.675785,0.954251,0.316396,1
user_36214,2021-10-24 14:40:00,18,1,29,3,3,5,11,17,19,5,0,6,1,3.713664,2.148893,3.584278,0.917384,4.063468,4.288948,0.300188,0.230407,0
user_36215,2021-10-16 01:18:00,34,5,7,1,3,5,8,19,13,10,5,5,1,0.552587,1.315163,4.394357,1.947496,3.631744,2.488796,0.598993,0.834049,1
user_36216,2021-10-21 04:08:00,16,5,26,3,3,0,19,13,6,12,15,3,0,0.903646,4.822839,3.567628,4.8764,0.893475,2.282025,0.407457,0.584175,0
user_36217,2021-10-25 12:28:00,39,0,7,0,4,4,8,0,9,20,10,0,0,2.051506,2.489447,3.191171,2.711115,0.241961,1.599753,0.415987,0.977378,1
user_36218,2021-09-11 00:52:00,5,12,15,0,6,2,12,5,10,2,18,5,1,3.558803,1.084168,4.858572,4.739226,2.374452,3.340308,0.548179,0.87973,1
user_36219,2021-09-28 02:30:00,48,14,8,3,5,1,1,0,0,0,13,1,0,4.705518,4.390268,0.894262,4.52162,3.30964,1.676804,0.517845,0.892541,1
user_36220,2021-09-13 02:47:00,45,13,10,4,7,0,8,17,13,10,9,0,0,4.651262,3.109611,1.386968,4.00083,3.712206,0.824213,0.669407,0.593202,1
user_36221,2021-09-24 21:48:00,1,14,21,2,6,0,19,9,11,1,16,4,0,2.357728,3.204248,2.386452,4.66862,0.638904,1.785606,0.639835,0.550438,0
user_36222,2021-08-03 05:00:00,14,8,7,3,1,1,20,6,8,2,3,1,0,1.640246,1.582505,2.978887,3.924124,1.015641,0.992536,0.685412,0.993578,1
user_36223,2021-09-26 15:44:00,21,1,27,5,7,4,20,8,8,0,6,6,1,0.307017,1.221966,2.385392,0.427214,1.734512,4.709574,0.487917,0.752178,0
user_36224,2021-10-26 09:41:00,15,11,2,3,7,1,8,18,8,18,17,1,0,2.085732,2.800194,4.419274,2.916022,1.850179,0.192204,0.47006,0.478163,0
user_36225,2021-08-03 19:05:00,14,13,9,2,6,0,12,8,2,20,13,1,0,1.521946,2.197466,1.164008,1.903865,2.202185,3.359816,0.870141,0.898686,1
user_36226,2021-08-24 06:40:00,41,12,12,5,1,3,5,6,12,8,14,1,0,2.865559,0.73266,4.204416,1.304623,3.158679,1.23859,0.582139,0.479503,0
user_36227,2021-09-30 01:56:00,29,12,4,0,8,4,13,11,9,13,9,3,0,4.010039,0.20826,0.409605,4.161091,2.545749,4.033183,0.746979,0.919639,0
user_36228,2021-09-01 15:14:00,31,6,5,3,0,4,0,17,5,3,2,2,0,4.32914,4.347359,3.156487,4.376517,1.621999,4.532211,0.226285,0.318934,0
user_36229,2021-09-23 21:07:00,40,10,2,5,6,4,1,3,11,3,17,3,0,3.407615,4.293489,0.516306,1.126904,2.101235,3.666631,0.582316,0.701246,1
user_36230,2021-10-10 22:06:00,33,19,27,4,9,2,4,10,20,15,1,6,1,0.751898,1.135532,3.186906,1.087197,4.842172,2.576898,0.253356,0.357531,0
user_36231,2021-08-19 14:53:00,33,8,30,0,1,5,11,4,13,2,8,3,0,1.746324,4.968389,2.914644,2.984343,3.579748,4.681809,0.872438,0.445274,0
user_36232,2021-10-11 17:41:00,39,13,18,2,9,4,17,3,12,5,4,0,0,4.09411,3.114702,4.505479,2.555892,3.840269,3.483361,0.886572,0.20602,0
user_36233,2021-10-20 00:56:00,29,7,9,3,5,1,1,14,5,15,4,2,0,3.137727,4.602894,1.484353,0.243046,4.227089,0.361663,0.98959,0.440337,1
user_36234,2021-10-17 11:37:00,18,15,20,5,1,2,12,20,6,19,18,6,1,3.780114,3.755803,2.854204,4.064618,3.488536,2.628203,0.503187,0.45405,1
user_36235,2021-10-05 07:15:00,33,1,16,1,10,3,9,13,17,11,2,1,0,0.688223,3.429071,2.685658,3.064182,2.978238,3.359334,0.645654,0.667855,1
user_36236,2021-10-16 13:38:00,42,19,26,5,9,3,8,6,1,17,20,5,1,4.003863,4.378482,4.299225,4.867542,0.753702,4.549666,0.801438,0.515791,0
user_36237,2021-10-01 05:56:00,3,0,18,3,2,2,11,8,18,13,9,4,0,4.822924,2.895091,2.884702,1.495123,3.468979,3.931648,0.571896,0.335516,0
user_36238,2021-10-19 21:02:00,41,19,9,5,9,4,19,4,7,3,12,1,0,3.009473,3.125017,3.682826,2.530606,3.974142,1.927082,0.84056,0.996286,0
user_36239,2021-09-01 11:26:00,12,15,2,4,10,1,14,15,12,9,18,2,0,3.516079,1.603986,2.059,3.354722,4.072224,3.227316,0.399404,0.706031,1
user_36240,2021-10-05 00:23:00,19,13,24,0,10,5,8,1,16,5,1,1,0,0.709573,2.387563,3.991663,0.994779,1.279068,2.892686,0.948029,0.287559,0
user_36241,2021-08-11 22:32:00,49,13,1,4,2,3,0,18,10,15,15,2,0,2.502662,0.393753,3.289072,3.404713,4.78277,0.35258,0.611702,0.591602,0
user_36242,2021-08-16 09:35:00,38,20,3,3,1,4,5,7,3,19,6,0,0,3.032978,1.879608,1.064255,3.254602,1.327141,2.91597,0.835361,0.681327,1
user_36243,2021-10-02 03:40:00,46,15,11,4,5,2,20,6,13,12,5,5,1,3.312747,3.053417,4.629792,4.655298,2.611665,3.071576,0.371314,0.764842,1
user_36244,2021-08-14 15:39:00,1,2,11,1,0,0,2,8,5,10,18,5,1,2.641785,3.363431,3.118745,2.840394,4.280465,3.616962,0.615146,0.427054,0
user_36245,2021-10-16 02:19:00,17,0,20,3,2,5,12,12,18,5,17,5,1,0.316416,0.544,3.135474,0.772721,3.992423,0.535328,0.817475,0.217327,1
user_36246,2021-08-29 04:44:00,2,16,19,2,4,1,15,19,5,7,13,6,1,2.477204,4.277697,2.348198,4.828361,3.192202,3.305725,0.525946,0.717271,0
user_36247,2021-09-28 21:33:00,47,14,6,0,5,2,4,13,16,12,20,1,0,1.929811,3.999329,2.74728,1.532583,2.000278,3.431027,0.955334,0.512071,1
user_36248,2021-08-02 06:09:00,10,1,9,1,10,4,8,19,14,20,8,0,0,3.566704,0.469603,0.274987,2.502316,1.599087,4.54674,0.316227,0.749084,0
user_36249,2021-10-13 10:21:00,17,11,20,3,8,2,13,16,10,4,11,2,0,2.937108,1.626239,3.665957,1.76132,1.639726,3.486917,0.648263,0.251785,1
user_36250,2021-10-29 09:09:00,11,15,2,1,9,1,13,6,4,19,1,4,0,3.809572,3.930255,1.644087,1.253708,2.430091,1.196126,0.37505,0.25175,0
user_36251,2021-10-08 22:18:00,46,16,9,2,7,3,2,16,11,0,0,4,0,0.74261,4.849779,1.277103,3.082276,3.127093,2.501493,0.592649,0.292597,0
user_36252,2021-08-13 18:34:00,42,16,28,3,1,0,13,20,6,15,8,4,0,1.726264,1.54493,3.415115,1.15632,0.247526,0.426202,0.623572,0.483739,0
user_36253,2021-09-08 15:01:00,1,16,9,3,9,2,15,14,6,8,15,2,0,4.564544,0.697049,4.762475,1.447053,4.028475,4.294916,0.315975,0.831197,1
user_36254,2021-10-20 18:29:00,10,20,16,1,4,1,20,19,0,11,1,2,0,2.513869,0.780559,3.083271,4.552876,3.554972,2.920573,0.676997,0.977256,0
user_36255,2021-09-01 07:00:00,24,1,6,1,3,1,17,16,17,15,20,2,0,1.868747,2.083403,1.992306,3.845431,2.920083,3.05664,0.388868,0.919504,1
user_36256,2021-10-04 09:01:00,15,9,20,1,2,1,5,12,5,14,19,0,0,1.712366,3.646806,2.493072,1.888404,0.820005,0.986543,0.537001,0.921112,0
user_36257,2021-08-07 07:11:00,21,4,16,4,0,0,4,10,0,5,10,5,1,1.411088,1.824479,3.928873,3.881613,1.957943,4.491491,0.711872,0.813448,0
user_36258,2021-10-08 19:21:00,26,5,17,4,6,3,13,11,4,17,15,4,0,4.110815,2.111002,2.65617,2.808738,1.487509,1.114583,0.200516,0.517846,1
user_36259,2021-09-21 21:00:00,21,0,17,4,0,3,15,2,1,9,17,1,0,4.71936,0.115259,1.446211,1.210422,2.746993,1.171056,0.351783,0.859209,1
user_36260,2021-08-20 19:14:00,44,0,19,0,2,3,14,18,16,14,1,4,0,3.280057,1.336904,3.526259,4.514546,4.804088,4.229691,0.365427,0.977291,0
user_36261,2021-08-28 15:23:00,15,19,26,5,10,2,4,3,5,11,13,5,1,4.841501,2.561344,1.902452,3.589189,4.447841,3.18453,0.26832,0.891467,0
user_36262,2021-09-16 21:26:00,6,17,21,1,0,5,5,19,0,0,6,3,0,1.288207,2.735009,4.503826,3.158871,2.334839,2.185104,0.293045,0.32126,0
user_36263,2021-09-09 12:36:00,10,10,8,3,7,5,15,13,9,2,19,3,0,4.525604,4.618131,1.032055,2.73471,2.437194,3.805651,0.867005,0.45521,1
user_36264,2021-09-15 01:08:00,48,1,19,2,7,3,17,2,1,4,9,2,0,1.093552,3.249233,4.130898,2.061142,0.582157,1.35264,0.720563,0.574487,1
user_36265,2021-08-07 22:10:00,12,1,11,5,0,5,17,11,18,2,1,5,1,2.150757,3.499811,1.665012,1.729582,2.193121,4.564242,0.801448,0.20013,0
user_36266,2021-08-11 17:17:00,47,20,5,3,7,5,2,1,18,8,2,2,0,3.654378,4.120934,2.150635,4.833647,4.392566,2.570022,0.231136,0.353514,0
user_36267,2021-10-02 23:28:00,16,0,7,3,4,2,11,1,12,18,4,5,1,4.870554,0.364266,3.25429,1.413446,4.691788,1.760159,0.785527,0.491092,1
user_36268,2021-08-02 22:00:00,28,19,10,0,4,4,6,18,15,0,18,0,0,4.431597,0.584596,4.077339,1.436936,2.394655,2.592008,0.422882,0.899447,0
user_36269,2021-10-17 20:46:00,12,2,30,3,10,3,8,1,15,3,5,6,1,1.448,3.33259,1.800981,2.190646,4.034187,0.642104,0.68089,0.904734,1
user_36270,2021-09-25 12:28:00,29,2,30,0,5,1,0,18,13,19,2,5,1,4.87743,0.306313,1.723911,3.114951,0.356915,3.953837,0.258474,0.342681,0
user_36271,2021-09-19 08:38:00,17,13,22,1,4,0,6,11,6,19,15,6,1,0.318263,0.387813,1.34995,4.797928,1.303364,2.408234,0.232887,0.848958,1
user_36272,2021-10-12 13:37:00,17,11,7,3,8,5,15,5,8,14,16,1,0,1.56641,0.604511,2.042857,3.074499,0.487551,3.638409,0.566517,0.672733,1
user_36273,2021-08-15 15:37:00,17,0,15,4,10,2,9,13,7,13,12,6,1,2.707792,1.695343,3.289946,0.312095,2.652207,3.246496,0.346003,0.237392,1
user_36274,2021-08-29 06:28:00,40,20,4,3,7,1,10,14,16,16,15,6,1,1.52968,1.448432,0.896402,0.511504,3.205776,0.244086,0.31306,0.500808,0
user_36275,2021-10-18 11:36:00,17,7,10,3,5,5,10,8,16,1,10,0,0,3.193436,4.915772,1.464111,1.512471,3.571476,3.332188,0.778987,0.852576,0
user_36276,2021-10-25 03:22:00,44,9,13,3,2,5,14,17,11,9,1,0,0,2.682865,0.399097,4.981128,4.374018,0.728804,1.593701,0.224824,0.629213,1
user_36277,2021-10-09 00:56:00,50,0,5,5,10,2,18,15,13,9,20,5,1,4.727545,2.32786,1.456279,2.110816,0.991618,2.475396,0.887211,0.984062,1
user_36278,2021-09-13 03:12:00,46,17,20,5,8,5,11,6,17,17,1,0,0,4.320483,0.142555,1.819153,2.994725,0.174627,0.178713,0.701312,0.539049,1
user_36279,2021-08-09 11:26:00,14,16,3,2,2,0,4,16,13,10,5,0,0,2.326673,0.354478,1.473336,1.492898,2.740472,1.705457,0.551794,0.288583,0
user_36280,2021-08-11 17:06:00,22,4,19,1,4,4,19,8,11,14,2,2,0,3.692652,1.478323,3.906937,2.110022,1.786578,4.108967,0.673557,0.27541,1
user_36281,2021-08-13 00:24:00,13,19,18,3,4,0,9,19,7,2,7,4,0,1.01803,3.259867,1.653905,2.306024,1.192876,1.972133,0.292667,0.70547,0
user_36282,2021-09-16 01:31:00,41,15,30,4,1,3,17,10,6,6,14,3,0,3.591454,1.323079,1.989237,4.432666,3.029905,3.760792,0.514884,0.414191,1
user_36283,2021-10-04 01:24:00,36,6,16,1,10,0,1,0,9,7,6,0,0,4.987252,3.519675,4.148562,3.959408,4.387815,0.38422,0.483171,0.213318,1
user_36284,2021-08-04 07:21:00,41,20,7,5,9,4,8,6,8,8,3,2,0,3.307381,4.326714,1.997491,0.239978,3.449445,2.082833,0.226304,0.284137,0
user_36285,2021-08-14 12:18:00,22,16,6,1,1,3,2,19,9,15,11,5,1,4.705997,1.938109,2.48976,2.467173,2.801699,4.988548,0.201118,0.212048,1
user_36286,2021-09-21 14:48:00,47,4,24,0,10,4,8,19,18,14,1,1,0,3.986882,0.804844,2.205203,4.047975,3.323942,1.709589,0.706587,0.275926,1
user_36287,2021-09-17 18:21:00,41,14,8,5,10,0,18,12,2,2,13,4,0,4.103388,1.436009,0.217274,4.829804,1.300053,1.030802,0.677627,0.815196,0
user_36288,2021-10-13 14:17:00,34,1,10,5,9,4,15,17,16,13,10,2,0,0.706636,3.02109,2.797323,4.465249,3.65587,3.657199,0.898128,0.416218,0
user_36289,2021-08-13 05:27:00,30,15,14,5,5,1,12,9,11,16,8,4,0,2.070629,3.72318,2.423222,0.301626,1.588666,3.545935,0.550456,0.347019,1
user_36290,2021-10-25 00:26:00,27,1,7,3,9,4,11,19,1,16,9,0,0,3.286358,2.156715,2.671045,0.392065,1.857256,4.555802,0.972668,0.981408,1
user_36291,2021-09-22 06:33:00,28,8,8,1,3,2,8,3,16,0,8,2,0,2.80056,1.02472,3.301706,2.683271,3.665161,4.760548,0.656214,0.380428,1
user_36292,2021-09-08 18:51:00,31,4,15,0,5,4,15,13,2,16,16,2,0,1.534861,3.505738,1.465492,0.565678,4.000541,4.888304,0.238292,0.579325,1
user_36293,2021-10-16 15:51:00,13,12,7,3,4,4,13,15,10,11,5,5,1,0.884997,1.704806,1.286819,4.995572,1.574129,0.206984,0.777225,0.80644,0
user_36294,2021-08-07 11:53:00,6,8,29,3,3,1,11,1,7,13,6,5,1,3.119946,2.536051,2.114432,4.406042,0.481408,0.84321,0.261182,0.441177,1
user_36295,2021-08-30 11:09:00,46,1,29,2,1,5,19,17,3,16,11,0,0,4.893291,1.264662,0.837857,0.274925,3.233928,3.937426,0.494219,0.3435,0
user_36296,2021-08-10 17:21:00,19,2,10,2,5,5,9,0,11,4,13,1,0,2.299315,2.131433,0.684736,4.953588,2.995021,3.570233,0.529714,0.925611,1
user_36297,2021-08-17 18:29:00,37,16,13,3,3,0,15,11,7,16,20,1,0,2.066354,1.093966,3.552477,0.227463,0.562763,1.033573,0.90246,0.601143,1
user_36298,2021-10-03 11:48:00,10,10,28,5,0,5,18,6,6,9,19,6,1,2.85674,3.620069,4.725419,1.225191,0.107159,3.817645,0.563191,0.894692,0
user_36299,2021-10-21 07:39:00,21,20,20,2,5,0,12,9,0,13,12,3,0,4.084663,3.455548,2.89024,1.472213,4.658431,2.342907,0.202729,0.445433,0
user_36300,2021-09-13 00:46:00,5,5,6,4,9,2,12,11,14,5,14,0,0,1.327065,2.714329,4.503492,3.650918,0.238245,2.571225,0.578791,0.419799,0
user_36301,2021-10-13 21:44:00,15,0,16,0,6,4,2,20,14,14,10,2,0,4.84174,1.805966,2.805348,3.003459,2.687826,3.725883,0.926452,0.914104,1
user_36302,2021-10-13 19:48:00,28,2,28,5,6,5,12,16,16,18,7,2,0,3.843745,3.590287,2.602193,1.94061,3.640362,0.640028,0.335242,0.983899,1
user_36303,2021-08-04 11:29:00,46,20,23,5,6,5,11,6,5,15,12,2,0,2.795771,1.796604,2.903405,3.465898,4.19642,4.255471,0.418837,0.563095,0
user_36304,2021-08-22 06:43:00,34,18,15,0,4,5,17,8,1,14,8,6,1,0.689476,3.141001,0.358449,3.160395,0.621052,0.297412,0.330215,0.907576,0
user_36305,2021-10-09 07:30:00,36,2,19,3,10,2,16,13,20,15,11,5,1,0.213404,2.880352,1.081243,3.266055,1.860054,4.908385,0.435636,0.355776,0
user_36306,2021-10-03 15:25:00,30,16,5,2,5,5,3,11,10,6,6,6,1,2.03152,4.581973,0.841868,0.877504,1.323817,1.723357,0.318295,0.906505,1
user_36307,2021-09-15 12:08:00,40,12,15,5,1,5,3,9,9,16,7,2,0,4.183218,4.348124,2.077069,3.36542,0.270054,3.177471,0.627365,0.264774,0
user_36308,2021-09-11 15:19:00,44,11,5,2,4,2,15,0,13,16,19,5,1,3.975125,1.548102,2.724241,4.792874,4.514537,0.252835,0.684663,0.923082,0
user_36309,2021-08-10 18:04:00,10,4,16,0,7,4,5,5,5,1,12,1,0,1.202533,1.644682,2.066268,3.414869,1.46489,4.787053,0.299447,0.67343,0
user_36310,2021-08-18 19:41:00,41,3,8,4,9,4,16,20,17,1,2,2,0,1.551495,4.017003,4.775291,1.086833,0.495411,3.660804,0.525986,0.869294,0
user_36311,2021-08-11 07:43:00,7,11,20,5,7,1,13,8,8,15,2,2,0,4.156053,2.754173,1.246465,2.610963,2.1989,0.903087,0.688571,0.991133,1
user_36312,2021-10-07 15:33:00,47,6,7,4,3,3,11,2,10,16,16,3,0,0.633927,2.270608,2.803765,4.23804,2.715597,3.925693,0.236931,0.603823,0
user_36313,2021-10-26 21:59:00,7,0,7,4,6,0,3,18,14,4,16,1,0,2.260113,3.563152,4.196143,3.654526,3.702225,4.858223,0.770287,0.849711,0
user_36314,2021-08-16 21:32:00,19,5,30,1,1,4,16,9,19,17,9,0,0,3.052932,3.972454,1.866154,0.810965,2.228172,3.504521,0.982357,0.77084,1
user_36315,2021-09-04 22:35:00,25,15,8,3,10,4,1,2,15,3,19,5,1,3.579566,4.689673,1.151591,1.470412,2.850733,2.479879,0.999193,0.871056,1
user_36316,2021-09-09 09:40:00,33,0,27,5,8,5,10,19,1,17,15,3,0,2.529627,4.315496,1.085691,4.618179,1.170245,3.198446,0.475349,0.445566,1
user_36317,2021-08-26 22:15:00,48,2,25,0,9,4,3,19,14,4,13,3,0,4.154644,2.403832,4.982156,0.298831,4.429476,2.413065,0.96561,0.313005,0
user_36318,2021-10-08 20:02:00,43,5,12,2,3,4,6,8,19,14,6,4,0,1.807039,3.951959,4.513858,0.285617,2.484326,1.677567,0.560837,0.94457,0
user_36319,2021-10-27 07:25:00,23,8,5,2,4,3,0,18,13,15,9,2,0,0.928556,0.595108,2.448103,3.874681,2.999098,4.232914,0.634287,0.397791,1
user_36320,2021-08-15 01:30:00,46,11,27,5,2,2,14,3,5,10,6,6,1,2.390505,2.651416,1.130705,3.217906,3.882909,3.516319,0.619115,0.943164,0
user_36321,2021-10-05 19:31:00,24,4,15,5,3,4,15,0,10,6,6,1,0,0.133673,2.250879,4.763243,4.157246,1.64358,3.874874,0.81919,0.713516,0
user_36322,2021-09-20 22:22:00,29,16,25,0,9,3,8,12,9,10,20,0,0,3.524986,3.578486,4.958959,0.79826,1.364718,3.121369,0.55136,0.563828,0
user_36323,2021-08-02 07:26:00,8,10,2,0,1,5,10,16,18,17,9,0,0,1.226533,1.302004,2.904303,2.124671,1.570643,2.063899,0.372305,0.973178,0
user_36324,2021-09-08 13:17:00,2,18,9,2,4,1,2,1,13,3,11,2,0,4.576526,0.783276,3.649671,3.218035,0.92477,3.067021,0.298738,0.815807,1
user_36325,2021-08-22 17:59:00,13,8,15,1,10,4,13,3,7,18,8,6,1,3.69173,3.06884,3.846889,0.47859,1.427883,0.573955,0.800318,0.69551,1
user_36326,2021-10-05 14:41:00,33,6,2,4,6,4,5,18,6,7,0,1,0,1.813066,0.727366,1.2551,3.628936,2.911163,4.070111,0.525216,0.308944,1
user_36327,2021-10-03 20:46:00,49,13,16,0,10,3,10,20,5,8,17,6,1,0.634336,0.260705,3.921515,2.213425,2.895055,2.42902,0.674736,0.7516,0
user_36328,2021-10-16 22:54:00,45,19,5,5,9,4,18,7,9,11,15,5,1,0.731171,2.313992,1.654845,3.199447,2.69185,4.027666,0.799642,0.537784,0
user_36329,2021-08-17 14:03:00,9,8,20,2,3,4,20,7,12,8,14,1,0,4.533038,4.946164,1.352711,2.405273,0.180928,4.884049,0.442103,0.908518,0
user_36330,2021-08-21 11:17:00,11,17,24,3,1,5,20,20,8,13,9,5,1,3.749814,3.119999,2.277226,1.551107,0.201579,2.517519,0.809567,0.819942,1
user_36331,2021-09-05 04:26:00,25,19,24,2,4,2,4,11,12,13,9,6,1,2.305003,1.188201,0.2846,4.775745,3.318392,2.269746,0.250667,0.944429,1
user_36332,2021-09-09 12:53:00,5,1,3,3,9,3,1,1,0,16,17,3,0,3.586353,0.183522,1.972571,3.307974,4.624428,3.823913,0.3141,0.707785,1
user_36333,2021-08-29 20:41:00,35,3,8,4,6,4,14,9,6,1,13,6,1,2.076226,3.075103,0.746556,2.623574,1.145023,3.77817,0.654794,0.511051,0
user_36334,2021-08-29 14:05:00,30,2,7,0,10,0,10,14,3,6,14,6,1,1.468039,1.44117,3.602439,4.750483,2.456216,3.291474,0.462934,0.523402,0
user_36335,2021-10-16 12:57:00,21,13,14,1,6,5,4,12,7,15,17,5,1,0.440014,4.873583,3.031381,1.974966,4.603237,0.325722,0.311032,0.360512,1
user_36336,2021-09-06 15:01:00,28,8,17,5,3,3,11,16,5,4,11,0,0,4.22861,2.204813,2.545826,3.864711,0.252974,0.486668,0.732019,0.953467,0
user_36337,2021-09-06 16:11:00,42,3,21,2,9,2,7,17,15,0,1,0,0,2.865886,1.731073,2.696964,1.985195,2.532212,3.033829,0.567,0.90487,0
user_36338,2021-08-31 16:43:00,49,5,26,2,10,1,16,0,1,7,13,1,0,3.414348,3.606032,4.625044,2.96635,2.263372,2.040757,0.656291,0.541447,0
user_36339,2021-08-02 01:08:00,2,7,4,2,6,2,3,15,0,3,6,0,0,1.890544,4.410675,2.728892,4.59691,4.179026,2.334551,0.851369,0.890109,1
user_36340,2021-10-05 05:43:00,30,12,4,4,8,2,2,1,9,9,10,1,0,1.702557,1.961371,2.13928,1.027808,1.458992,3.987724,0.406786,0.658286,0
user_36341,2021-10-17 14:47:00,24,17,6,2,0,3,17,9,12,9,10,6,1,4.278934,4.809201,3.988153,3.710516,2.922438,2.588491,0.977832,0.52252,0
user_36342,2021-10-09 04:37:00,34,18,1,1,2,2,2,6,6,17,14,5,1,0.508584,0.677647,4.645748,3.33344,3.590973,1.148638,0.249614,0.598685,0
user_36343,2021-10-05 06:12:00,19,9,26,4,5,3,6,3,13,12,10,1,0,3.359877,1.304383,0.282163,3.253552,4.054472,3.057932,0.75031,0.639199,0
user_36344,2021-08-26 16:42:00,34,13,8,3,8,1,5,4,1,13,8,3,0,2.065459,4.318361,1.647071,1.020953,2.062728,2.089239,0.423958,0.529991,1
user_36345,2021-09-06 23:56:00,41,7,22,4,7,0,16,2,20,20,12,0,0,4.008821,2.499619,4.360283,0.799155,1.521047,3.506099,0.780971,0.309861,0
user_36346,2021-10-17 14:16:00,30,3,25,2,10,4,15,2,13,6,13,6,1,1.179774,0.106956,3.562662,3.049446,2.265222,0.237923,0.503049,0.892046,0
user_36347,2021-09-22 17:34:00,50,1,28,0,1,1,6,18,15,0,4,2,0,4.613193,3.692849,3.453251,1.703245,4.622072,4.825349,0.774667,0.308649,0
user_36348,2021-10-17 07:38:00,40,17,6,3,4,3,0,0,2,18,0,6,1,1.333764,1.493768,0.77316,0.471327,2.804421,0.263348,0.910834,0.437748,0
user_36349,2021-10-01 08:53:00,18,18,30,3,8,4,5,20,1,0,14,4,0,3.916223,1.912754,0.622802,1.098643,4.386538,0.962287,0.985607,0.269522,0
user_36350,2021-08-14 05:50:00,4,19,30,4,5,0,12,11,8,20,6,5,1,3.893388,1.617993,1.309206,1.757215,1.617895,1.040568,0.616894,0.890147,1
user_36351,2021-09-12 02:05:00,7,4,22,2,0,2,12,14,1,20,2,6,1,0.881525,3.277377,4.126689,4.594848,2.648922,1.561502,0.763386,0.659061,1
user_36352,2021-08-10 13:13:00,34,6,28,4,0,2,2,14,16,5,11,1,0,3.917177,4.25312,2.140317,4.146724,1.083906,3.516882,0.210577,0.274845,1
user_36353,2021-10-20 04:07:00,35,11,1,2,7,1,5,20,10,11,6,2,0,3.68343,4.789742,0.181556,2.179296,2.266141,0.44611,0.221984,0.744199,1
user_36354,2021-10-07 10:18:00,28,1,7,1,9,0,20,17,16,14,12,3,0,3.419105,4.862683,1.347641,4.19398,3.903449,2.951998,0.610633,0.337856,0
user_36355,2021-09-14 15:05:00,24,13,12,4,6,5,8,0,15,12,18,1,0,2.306567,4.147372,2.448402,4.284021,1.834261,2.469688,0.243392,0.736116,1
user_36356,2021-08-29 11:45:00,43,12,1,0,7,4,0,10,3,12,16,6,1,1.65205,4.448621,4.870486,4.798179,3.268453,0.204997,0.971149,0.318718,0
user_36357,2021-10-29 18:59:00,46,12,14,4,3,0,14,1,15,15,0,4,0,1.43406,3.285513,3.489307,0.930701,4.613785,3.063448,0.3325,0.885869,0
user_36358,2021-10-18 21:41:00,23,7,28,5,9,5,10,12,20,11,1,0,0,4.869857,1.5673,4.678501,3.089147,4.696842,0.527214,0.689096,0.211907,1
user_36359,2021-08-15 07:07:00,9,17,8,5,9,2,8,9,2,18,14,6,1,4.534413,3.494654,4.842912,0.871,1.320756,3.244377,0.96509,0.567385,0
user_36360,2021-09-05 01:51:00,38,13,30,3,2,3,13,11,7,0,17,6,1,0.490369,0.859181,2.451707,3.267359,2.713965,1.780809,0.649493,0.304508,0
user_36361,2021-08-24 01:15:00,22,14,16,1,6,0,3,8,16,6,4,1,0,2.389918,1.403984,0.141781,3.346132,0.76776,4.930861,0.863228,0.498671,1
user_36362,2021-10-24 15:20:00,14,6,21,5,2,3,11,20,13,8,9,6,1,0.356129,4.109307,4.904749,2.562008,2.999378,2.554527,0.289718,0.851691,1
user_36363,2021-09-11 18:49:00,49,11,20,5,2,5,6,1,17,5,11,5,1,3.688857,3.229578,4.268659,3.758257,3.208059,3.219627,0.436829,0.786131,1
user_36364,2021-08-17 18:44:00,27,17,30,1,1,2,1,14,10,14,8,1,0,3.707678,3.132484,2.549961,0.832823,1.938653,0.364972,0.998311,0.504159,0
user_36365,2021-08-20 23:31:00,5,6,23,0,1,0,6,16,17,2,2,4,0,0.821781,3.438927,4.957299,4.317576,4.047008,4.873519,0.351003,0.45514,1
user_36366,2021-10-26 20:45:00,11,8,19,2,6,3,3,7,6,4,3,1,0,0.795647,0.465863,3.450251,3.287087,1.879296,0.36018,0.271798,0.988461,1
user_36367,2021-10-17 21:28:00,50,16,12,1,5,3,4,3,5,6,5,6,1,0.479466,3.241113,4.05559,4.984343,0.894459,2.363179,0.575276,0.371878,0
user_36368,2021-09-05 17:35:00,5,17,4,5,8,2,11,4,16,20,20,6,1,4.3797,3.199456,2.732624,1.521819,3.03738,3.741774,0.772862,0.726439,1
user_36369,2021-09-29 10:57:00,33,11,11,5,8,0,9,19,15,1,8,2,0,3.302277,0.748402,4.896191,2.358817,0.435395,2.932805,0.901056,0.897714,1
user_36370,2021-09-10 06:33:00,8,7,14,2,2,4,19,7,17,4,13,4,0,4.229554,1.499437,4.582435,3.794214,0.89007,4.353904,0.421084,0.5478,0
user_36371,2021-08-02 07:35:00,47,6,16,1,7,3,5,16,2,18,14,0,0,1.182777,2.297979,1.452713,2.91506,2.100825,4.59728,0.427944,0.474045,1
user_36372,2021-09-05 09:27:00,50,13,30,0,7,5,11,8,1,8,2,6,1,0.677045,1.953974,1.625814,4.103903,0.820861,4.886483,0.488074,0.238229,1
user_36373,2021-09-27 18:01:00,2,12,20,2,1,3,16,9,4,11,7,0,0,2.940263,4.573599,4.530831,1.716293,3.967456,0.929257,0.666,0.370485,1
user_36374,2021-08-16 00:21:00,45,4,4,2,2,3,9,10,0,13,18,0,0,1.507182,0.952795,0.850686,1.694227,2.826151,0.574213,0.259123,0.815746,0
user_36375,2021-10-10 06:37:00,48,18,2,3,9,3,2,14,14,18,5,6,1,1.198351,3.383028,0.443971,0.633734,3.54152,1.114003,0.230165,0.39799,0
user_36376,2021-10-10 02:59:00,29,16,15,4,0,0,4,5,1,11,9,6,1,4.960901,3.075576,0.709893,2.077081,1.099635,3.983833,0.439182,0.257214,1
user_36377,2021-10-11 05:07:00,28,20,2,0,5,5,16,14,7,14,15,0,0,0.292957,4.770463,1.406418,1.89477,3.77585,0.746029,0.493798,0.604886,0
user_36378,2021-09-22 07:13:00,46,20,30,3,4,2,17,7,20,2,5,2,0,1.648527,1.160098,1.020924,3.266411,1.337895,3.01475,0.343941,0.681783,1
user_36379,2021-09-23 19:49:00,20,13,2,3,1,2,20,1,2,11,3,3,0,0.508002,4.023668,3.688527,2.252156,4.705303,0.74138,0.614657,0.942679,0
user_36380,2021-10-03 12:05:00,36,6,27,5,6,5,11,3,0,14,5,6,1,4.916322,4.068734,4.010308,0.486214,1.527655,4.684053,0.967918,0.64332,1
user_36381,2021-09-25 16:39:00,8,0,14,2,8,4,17,9,5,2,11,5,1,4.119434,4.885288,2.058416,0.136195,4.575356,4.479142,0.317547,0.701181,1
user_36382,2021-08-20 12:43:00,32,11,9,0,6,0,14,10,8,9,5,4,0,2.528118,3.257362,1.851724,0.806854,1.606183,0.728669,0.210154,0.681101,0
user_36383,2021-10-25 19:51:00,17,16,19,1,0,3,17,1,7,4,2,0,0,3.631623,2.942764,3.36952,4.174311,3.31551,0.287307,0.435063,0.764644,1
user_36384,2021-09-27 14:21:00,31,10,22,4,5,5,20,5,10,10,18,0,0,1.808943,0.254878,0.896281,4.254462,2.170574,4.661627,0.394217,0.648314,1
user_36385,2021-08-21 19:48:00,5,11,3,0,0,4,12,2,20,2,1,5,1,0.618995,4.088146,3.146774,3.944564,4.432352,3.657822,0.641216,0.489926,1
user_36386,2021-08-28 23:50:00,29,0,28,5,5,3,20,6,4,4,17,5,1,3.035223,2.106169,1.244565,4.087446,2.211655,4.622748,0.54423,0.524037,1
user_36387,2021-10-10 18:48:00,23,15,30,5,0,1,4,7,15,6,16,6,1,2.648084,1.415933,1.52111,4.384028,0.212729,3.284547,0.657052,0.373637,1
user_36388,2021-10-28 06:02:00,27,20,26,0,5,2,11,6,13,17,18,3,0,4.228435,2.149328,1.496148,2.577357,0.943482,4.486298,0.67713,0.217179,0
user_36389,2021-09-06 03:36:00,3,19,22,2,10,2,6,14,13,5,15,0,0,2.635,0.381277,2.650209,0.174977,1.357794,2.174793,0.844545,0.436578,0
user_36390,2021-10-13 23:17:00,22,15,25,2,8,4,15,14,6,0,11,2,0,3.014239,1.323294,4.978736,1.895953,1.852701,0.425794,0.905363,0.418109,1
user_36391,2021-09-02 00:17:00,32,20,14,1,4,5,9,3,0,2,2,3,0,3.278967,2.852671,3.462849,1.143793,2.287029,0.697722,0.358007,0.614087,1
user_36392,2021-10-29 19:39:00,30,7,25,1,3,1,18,19,4,4,12,4,0,3.024744,3.011779,4.703252,2.047192,3.179764,0.520633,0.71351,0.30733,0
user_36393,2021-08-14 21:15:00,49,2,5,2,0,3,2,5,4,19,4,5,1,3.840251,2.217768,1.218789,0.182803,0.578515,0.124498,0.805429,0.634253,0
user_36394,2021-09-26 17:54:00,45,4,7,4,4,5,2,20,4,3,18,6,1,4.079218,2.011163,3.13413,1.463677,0.393914,2.938788,0.422718,0.668782,0
user_36395,2021-08-25 20:52:00,1,12,15,4,1,0,14,7,5,9,10,2,0,0.524606,0.372883,1.216034,0.991547,3.281509,0.419652,0.649105,0.452107,0
user_36396,2021-09-23 06:25:00,19,15,16,1,3,3,20,18,9,6,1,3,0,4.653957,0.557867,3.727831,0.542764,0.668322,3.565422,0.484373,0.515876,1
user_36397,2021-08-02 00:24:00,6,11,7,5,10,0,20,5,17,1,11,0,0,2.878767,3.534211,3.975999,2.862242,1.212528,4.761237,0.330704,0.380948,1
user_36398,2021-10-24 01:19:00,17,1,4,3,10,5,6,10,8,20,10,6,1,2.552232,0.78844,4.40576,4.954553,3.130625,2.598688,0.926892,0.605082,0
user_36399,2021-08-17 22:08:00,27,11,3,0,7,3,4,14,5,10,2,1,0,2.783243,1.402306,1.632492,0.599313,3.203354,1.95948,0.722307,0.718906,0
user_36400,2021-08-13 05:40:00,50,16,11,3,1,3,2,6,8,17,5,4,0,4.54935,0.398238,3.592808,3.741812,0.708251,1.293604,0.418074,0.633218,1
user_36401,2021-08-04 05:44:00,29,2,22,1,2,1,0,17,16,19,1,2,0,4.745149,4.176632,4.193231,3.783408,4.862795,0.842841,0.756628,0.31148,0
user_36402,2021-08-22 15:30:00,41,4,27,1,0,5,10,19,5,20,6,6,1,0.273032,0.402078,4.614959,3.298454,2.737892,0.14559,0.215107,0.813095,1
user_36403,2021-09-10 21:43:00,27,4,6,4,9,3,11,12,20,16,12,4,0,3.809948,1.747242,1.566859,4.960892,2.58631,0.153819,0.961234,0.634944,1
user_36404,2021-09-01 22:32:00,1,15,3,5,9,2,3,17,11,7,19,2,0,3.968834,2.833799,0.963899,4.539302,4.355093,0.981458,0.967228,0.745389,1
user_36405,2021-08-29 13:38:00,14,15,14,2,3,2,18,12,19,13,17,6,1,1.106464,2.84274,0.532784,4.826034,2.671291,2.522269,0.438526,0.948135,0
user_36406,2021-08-28 06:51:00,5,11,29,5,7,2,14,18,18,5,3,5,1,1.051917,2.438781,1.64599,4.056997,0.322722,3.413896,0.530618,0.280677,1
user_36407,2021-08-28 03:18:00,5,15,23,2,5,5,3,13,7,7,8,5,1,0.241668,2.976479,1.977868,1.454896,3.716172,4.317231,0.235879,0.866667,0
user_36408,2021-09-24 01:45:00,9,3,11,1,10,3,18,13,8,8,17,4,0,3.176248,1.162373,1.309483,1.003199,3.947406,4.581115,0.886933,0.41555,0
user_36409,2021-10-21 18:17:00,37,17,8,0,0,4,17,3,11,12,19,3,0,3.471907,1.901939,2.1562,4.294256,1.799963,4.429271,0.545603,0.215585,0
user_36410,2021-08-30 04:35:00,46,18,21,0,10,2,8,12,14,6,3,0,0,2.495259,0.129876,0.153948,4.880303,0.400897,3.477156,0.321647,0.743981,1
user_36411,2021-08-27 05:16:00,9,10,22,0,8,1,10,11,2,12,17,4,0,0.83994,3.214315,0.656534,0.684839,3.39242,3.303951,0.959098,0.708634,1
user_36412,2021-09-30 04:38:00,22,0,19,2,9,3,2,17,1,11,2,3,0,2.95693,4.155639,2.687594,4.108084,0.722277,1.234299,0.658062,0.705254,0
user_36413,2021-10-01 00:02:00,38,10,19,4,8,4,4,6,7,16,16,4,0,2.381412,1.231661,0.853632,4.085797,3.923973,0.769626,0.458599,0.981391,1
user_36414,2021-10-09 11:38:00,48,13,30,4,2,3,14,15,3,1,2,5,1,3.695045,4.69217,1.139767,1.358947,1.579135,2.674927,0.752101,0.268416,0
user_36415,2021-08-04 07:48:00,30,4,3,4,3,3,8,5,18,16,2,2,0,1.948581,4.808461,1.15632,3.656608,1.794054,1.462251,0.856713,0.57057,0
user_36416,2021-09-23 01:35:00,36,5,25,1,8,5,7,11,5,2,12,3,0,3.753826,1.329728,1.649069,4.626753,1.247948,1.096993,0.43589,0.37495,0
user_36417,2021-08-21 09:19:00,16,18,5,1,8,5,4,12,5,13,4,5,1,4.623783,3.002901,2.768369,3.381834,2.237649,3.906458,0.748155,0.793005,1
user_36418,2021-09-14 17:10:00,47,6,16,0,0,5,10,7,6,11,1,1,0,1.390804,0.142296,1.409358,4.175398,3.042309,4.793467,0.609853,0.418063,0
user_36419,2021-08-02 13:25:00,11,0,12,2,6,2,7,15,10,7,10,0,0,2.121296,1.690999,1.351365,3.081472,0.699201,4.720259,0.803736,0.795121,0
user_36420,2021-10-20 09:39:00,23,0,27,3,9,5,5,16,18,3,12,2,0,2.077924,1.412716,4.537764,1.351688,3.908657,2.233381,0.561905,0.541482,0
user_36421,2021-08-02 19:54:00,29,6,8,2,8,0,12,15,15,8,8,0,0,0.153612,1.306305,0.984197,4.330468,2.880824,2.383513,0.44381,0.584745,0
user_36422,2021-08-12 13:11:00,34,20,26,4,3,2,3,13,16,1,2,3,0,4.52267,2.025156,4.298342,1.851528,2.465612,2.274532,0.922247,0.582962,0
user_36423,2021-08-23 18:08:00,46,11,7,5,3,2,17,6,4,11,7,0,0,4.199707,3.889634,4.144462,3.798244,4.075587,0.302285,0.972956,0.726563,0
user_36424,2021-08-22 20:38:00,31,13,16,5,6,4,6,11,18,11,3,6,1,1.576186,4.77089,2.507876,3.754319,3.657212,2.324714,0.201132,0.85816,1
user_36425,2021-08-01 10:16:00,5,7,22,4,7,2,16,18,4,9,18,6,1,4.280748,3.197241,1.272226,1.254674,1.52737,1.589851,0.997221,0.87538,0
user_36426,2021-08-19 11:25:00,7,18,5,1,4,4,6,2,10,0,7,3,0,2.858311,3.37572,4.91101,1.005142,0.901309,0.242236,0.213748,0.729953,0
user_36427,2021-08-26 09:28:00,42,9,8,3,3,3,9,11,13,15,13,3,0,1.428883,2.220104,0.765139,4.898352,1.104692,3.376009,0.648316,0.385574,0
user_36428,2021-09-18 22:10:00,35,1,19,3,1,4,6,8,13,2,18,5,1,4.342424,1.169745,1.047761,4.391555,0.933976,1.491689,0.75292,0.349803,0
user_36429,2021-10-11 19:45:00,17,12,4,3,5,2,2,19,1,15,0,0,0,0.120563,0.208038,1.329124,4.827083,2.332169,4.596461,0.835638,0.612268,1
user_36430,2021-09-11 13:23:00,45,7,26,0,0,3,20,11,1,8,6,5,1,0.958472,3.333946,2.178524,3.433909,1.267894,3.735012,0.924081,0.354001,0
user_36431,2021-08-17 13:26:00,15,14,7,0,9,4,4,5,10,5,19,1,0,4.71474,4.675189,0.23877,0.205527,4.644011,4.766382,0.984971,0.470803,1
user_36432,2021-08-14 17:27:00,41,6,18,0,6,4,0,5,3,2,1,5,1,4.068545,2.609438,0.654995,0.468067,3.716697,1.98816,0.878947,0.497492,1
user_36433,2021-10-15 14:55:00,31,17,22,0,0,4,8,13,9,3,17,4,0,2.755858,4.451488,2.10345,2.194315,2.465303,3.679898,0.627051,0.975191,0
user_36434,2021-09-17 10:40:00,3,5,7,0,0,1,2,17,15,11,3,4,0,2.388064,0.651744,2.646278,1.512556,1.789836,4.915733,0.708633,0.787763,0
user_36435,2021-08-30 17:46:00,22,4,16,5,0,4,19,1,0,12,14,0,0,3.241427,1.013957,0.28673,0.804302,2.650142,2.732828,0.731488,0.809436,0
user_36436,2021-08-10 08:04:00,41,16,19,5,8,0,10,10,1,3,11,1,0,1.617309,1.531375,4.07034,0.586734,3.464265,2.692252,0.527536,0.593085,0
user_36437,2021-08-09 18:24:00,33,18,3,2,4,4,5,10,10,1,13,0,0,1.091761,3.908349,0.960513,3.022764,4.819427,4.490395,0.38138,0.657069,1
user_36438,2021-08-30 22:38:00,6,8,4,1,8,0,15,3,12,18,13,0,0,0.864945,1.19428,1.822964,4.489616,4.646988,2.538497,0.992864,0.549978,0
user_36439,2021-08-21 00:02:00,5,1,10,0,7,4,12,13,19,14,8,5,1,1.740113,0.808851,1.434598,1.779979,3.54956,0.631619,0.763979,0.531645,0
user_36440,2021-10-20 15:04:00,6,2,24,4,2,3,13,20,8,8,6,2,0,0.890316,3.852583,2.621251,2.328941,1.189548,3.988084,0.811711,0.569937,0
user_36441,2021-09-30 09:29:00,14,9,3,1,10,0,10,0,18,7,0,3,0,1.600649,1.924018,4.764792,2.756551,4.75208,3.972106,0.607201,0.833741,0
user_36442,2021-09-07 03:42:00,27,19,4,4,0,4,20,15,18,4,5,1,0,3.225569,1.870578,3.757838,2.074332,4.633528,1.458325,0.684706,0.470301,1
user_36443,2021-09-20 20:28:00,38,3,24,5,9,4,7,11,2,20,15,0,0,2.434551,0.622875,3.122816,3.147227,3.237977,4.58854,0.531549,0.299331,0
user_36444,2021-10-20 18:56:00,21,0,4,0,6,3,15,11,17,13,17,2,0,0.112489,1.293484,3.386209,2.543928,2.572008,2.362742,0.925917,0.346955,0
user_36445,2021-10-06 23:34:00,4,13,24,0,8,3,12,17,15,0,1,2,0,3.175888,1.678464,4.411471,2.081799,3.784523,2.544573,0.630786,0.524041,0
user_36446,2021-08-20 01:27:00,4,6,14,4,5,1,5,13,16,10,10,4,0,2.188739,4.954334,3.750998,3.899093,1.327389,0.576208,0.321217,0.294912,1
user_36447,2021-10-01 23:28:00,50,19,30,0,4,3,15,5,5,17,2,4,0,4.590609,0.361623,0.201108,0.980256,3.081805,1.914142,0.886387,0.795835,1
user_36448,2021-09-07 14:22:00,36,2,27,5,8,4,8,0,0,4,1,1,0,4.154648,3.251061,4.036302,0.910628,1.795898,0.484521,0.701224,0.505428,0
user_36449,2021-10-13 19:21:00,4,10,13,1,10,1,3,9,19,10,0,2,0,2.034296,4.493216,4.998059,2.215494,3.811651,1.251672,0.569171,0.641395,1
user_36450,2021-09-22 02:02:00,14,12,20,5,5,0,16,10,7,0,18,2,0,0.981421,2.86388,3.07955,0.816214,3.821015,3.505423,0.725292,0.230109,0
user_36451,2021-08-26 11:53:00,38,12,20,4,6,0,0,14,6,5,12,3,0,2.503422,4.474859,4.64592,0.125763,4.418911,3.437671,0.954616,0.563226,1
user_36452,2021-09-21 10:10:00,21,11,16,4,2,5,19,16,20,0,0,1,0,0.162771,2.10189,1.359429,2.369116,1.691624,0.872774,0.33537,0.983724,0
user_36453,2021-08-04 07:58:00,25,3,29,3,1,5,8,8,17,16,12,2,0,2.942442,1.83107,2.722548,2.286241,3.878931,3.260077,0.655876,0.61952,0
user_36454,2021-09-22 05:11:00,1,16,25,1,7,4,13,18,9,14,17,2,0,0.641698,3.816953,3.279293,0.818065,2.213913,1.8998,0.325979,0.638144,1
user_36455,2021-10-13 10:45:00,37,17,12,4,0,2,4,11,19,6,4,2,0,3.089796,4.426444,2.226497,4.003334,4.748956,3.573781,0.580453,0.245554,1
user_36456,2021-10-29 07:54:00,24,17,8,0,10,0,9,4,0,13,1,4,0,3.061139,1.109503,3.958861,1.292087,3.996473,4.665946,0.20306,0.731189,1
user_36457,2021-10-23 08:07:00,13,17,18,3,6,0,11,17,2,5,7,5,1,4.94315,1.00201,3.303112,0.623373,2.856929,1.720697,0.562038,0.530329,1
user_36458,2021-10-04 01:19:00,14,5,15,0,8,1,10,12,17,12,6,0,0,4.882823,2.529961,2.264896,1.026672,1.049153,3.630578,0.838285,0.616385,0
user_36459,2021-09-18 05:14:00,17,10,19,1,3,3,6,16,20,8,4,5,1,1.45879,0.524803,3.917851,4.734759,4.274612,3.078001,0.423005,0.507702,1
user_36460,2021-09-25 09:04:00,27,10,19,3,0,2,1,5,3,1,1,5,1,1.126777,4.303171,3.777482,1.979242,3.383098,0.829939,0.897576,0.832069,0
user_36461,2021-10-10 08:02:00,48,2,23,3,10,2,3,7,14,11,18,6,1,2.904128,2.30072,3.617111,4.975742,0.913257,4.39975,0.669281,0.944278,1
user_36462,2021-10-25 16:24:00,2,0,24,1,0,2,8,13,6,7,2,0,0,3.298745,3.566717,4.653883,0.345893,0.275102,1.113917,0.691188,0.97048,0
user_36463,2021-08-13 01:13:00,13,14,18,0,3,3,1,9,19,12,8,4,0,1.613319,2.520826,0.525837,3.75177,4.097395,0.203707,0.678193,0.269758,0
user_36464,2021-09-17 22:25:00,42,11,15,5,1,0,20,14,18,4,4,4,0,1.020592,0.768443,2.926662,3.345088,1.571148,0.497351,0.392973,0.581917,1
user_36465,2021-09-08 08:15:00,3,3,25,4,3,1,5,8,2,4,13,2,0,2.834638,4.582892,3.07038,4.177594,4.220505,3.645024,0.826553,0.783259,1
user_36466,2021-10-06 02:58:00,15,13,28,0,8,4,15,12,17,5,2,2,0,0.876588,4.060602,2.574813,4.585038,1.170131,4.001095,0.984388,0.777455,1
user_36467,2021-09-07 16:49:00,22,12,16,2,8,0,15,12,6,19,9,1,0,4.273099,3.877378,4.940571,1.607551,3.464755,4.41337,0.688093,0.424349,0
user_36468,2021-08-30 08:55:00,46,3,3,4,3,2,11,11,2,8,13,0,0,2.925642,0.709925,4.763691,4.955692,1.340793,0.355851,0.666024,0.703212,1
user_36469,2021-08-30 08:04:00,42,4,4,1,6,1,4,14,12,20,9,0,0,2.464826,1.459033,0.235758,1.427639,4.414174,0.84794,0.632313,0.82234,1
user_36470,2021-10-01 08:45:00,29,14,13,0,8,1,13,17,0,4,20,4,0,2.346087,2.960813,0.907512,2.030544,0.195464,2.164825,0.946333,0.533052,0
user_36471,2021-08-05 01:50:00,33,12,14,1,5,4,2,0,13,16,12,3,0,1.753691,3.474175,0.125897,4.88981,2.667842,0.190145,0.925873,0.528931,0
user_36472,2021-09-23 22:23:00,12,10,1,4,1,0,4,3,6,17,19,3,0,3.105813,2.156197,2.776231,4.277542,1.549609,3.47703,0.744839,0.759662,0
user_36473,2021-10-29 20:10:00,15,7,20,3,7,5,4,15,4,10,15,4,0,0.509252,1.558418,4.367208,2.476185,1.42491,4.105494,0.770355,0.586795,1
user_36474,2021-10-05 17:26:00,7,20,24,3,7,3,6,8,8,15,0,1,0,3.65265,1.933687,4.759436,2.864306,3.937812,0.167575,0.311053,0.914505,0
user_36475,2021-09-21 13:45:00,26,6,20,3,5,3,11,2,9,11,10,1,0,4.849669,2.224256,2.794087,0.476136,4.581075,4.746939,0.685315,0.977717,0
user_36476,2021-09-12 23:02:00,1,10,27,0,8,0,19,20,5,12,14,6,1,0.706379,2.873222,0.879625,0.718321,0.755321,0.826491,0.527366,0.697647,0
user_36477,2021-10-24 10:10:00,46,4,7,2,7,5,14,15,3,19,3,6,1,0.697868,2.041425,4.325435,1.661902,2.795699,4.320837,0.417681,0.647429,1
user_36478,2021-08-18 05:44:00,21,13,19,5,5,5,19,7,4,12,0,2,0,2.145576,2.218358,0.832799,1.460311,1.388037,1.93421,0.743949,0.901428,0
user_36479,2021-08-19 11:15:00,35,8,8,5,1,5,8,15,1,16,13,3,0,2.538344,0.315672,3.690062,1.000058,1.674719,4.234884,0.874328,0.212309,0
user_36480,2021-09-24 20:51:00,43,5,11,2,8,5,15,4,4,6,18,4,0,0.84533,4.662368,3.30824,3.274551,4.235419,4.536015,0.759395,0.96564,0
user_36481,2021-09-18 14:19:00,48,17,22,1,8,2,1,9,6,9,12,5,1,4.009336,2.097092,1.951847,4.79037,4.896738,0.330141,0.443589,0.902982,1
user_36482,2021-09-03 17:27:00,37,3,11,1,1,2,8,20,11,20,2,4,0,1.825493,0.793638,2.012701,3.010506,1.36298,3.045986,0.954856,0.332692,1
user_36483,2021-08-22 21:24:00,11,18,4,5,5,4,15,14,4,11,12,6,1,3.675738,4.362931,3.23369,4.746809,3.751331,4.105839,0.32521,0.819924,0
user_36484,2021-09-26 03:53:00,17,7,4,1,9,0,14,8,1,3,1,6,1,3.030257,1.630407,2.520205,2.948203,3.493284,2.089879,0.235302,0.900933,0
user_36485,2021-08-30 08:12:00,31,7,27,1,7,1,6,15,6,19,8,0,0,4.420103,2.586727,3.526265,4.074519,4.036784,3.286097,0.599829,0.275768,0
user_36486,2021-10-13 05:57:00,43,19,28,5,9,1,7,1,0,16,7,2,0,4.4007,0.871669,0.521624,0.633586,4.737455,2.506991,0.999882,0.630267,0
user_36487,2021-10-21 20:57:00,46,4,13,1,2,1,14,11,16,15,4,3,0,0.834192,2.521446,2.682612,1.068682,2.776422,1.03359,0.592671,0.629919,0
user_36488,2021-08-22 12:52:00,44,11,4,4,0,0,2,20,20,10,13,6,1,4.764859,3.865706,4.953112,4.587379,2.634279,0.504418,0.449372,0.501607,0
user_36489,2021-08-11 00:52:00,48,0,20,0,3,3,17,4,8,8,20,2,0,0.196422,2.001312,3.347718,4.342946,2.78575,1.459586,0.762688,0.996609,1
user_36490,2021-10-25 16:37:00,17,18,13,5,3,1,0,13,11,10,15,0,0,0.189409,0.411403,1.831708,4.299263,3.075514,2.347212,0.430449,0.248857,1
user_36491,2021-08-27 13:26:00,33,19,14,5,6,4,11,1,14,1,1,4,0,2.107441,0.596585,2.834292,2.089146,0.749035,4.836055,0.956028,0.404264,1
user_36492,2021-10-09 22:31:00,16,2,10,1,0,0,2,16,2,2,3,5,1,2.398644,1.056377,2.268899,4.087495,3.822672,4.99158,0.630405,0.944538,1
user_36493,2021-10-12 08:41:00,32,11,16,1,10,4,0,16,12,6,9,1,0,1.408974,1.714281,2.473796,0.485345,1.320676,3.535422,0.493514,0.542568,0
user_36494,2021-08-03 21:34:00,24,17,10,3,9,3,4,7,20,2,9,1,0,1.313802,4.279424,0.827646,4.710126,2.241552,1.972762,0.243013,0.257381,1
user_36495,2021-08-28 10:16:00,5,6,12,3,4,2,0,11,16,6,7,5,1,1.153883,3.948524,1.998688,3.071003,3.636206,0.44383,0.209824,0.395361,1
user_36496,2021-09-18 04:21:00,43,2,22,4,0,4,14,5,19,15,2,5,1,4.44188,1.394523,2.158378,3.013462,3.420764,4.413442,0.938015,0.932042,1
user_36497,2021-08-13 23:12:00,22,18,24,4,0,0,5,0,5,17,19,4,0,2.196922,0.923921,0.812888,4.274441,3.856012,4.827982,0.693887,0.405095,0
user_36498,2021-08-24 09:36:00,6,18,28,5,9,4,1,1,6,20,14,1,0,2.069356,1.07052,1.25891,3.683453,1.019422,3.254772,0.716942,0.99671,0
user_36499,2021-10-02 17:05:00,34,3,4,1,2,3,10,18,18,11,2,5,1,2.561585,3.736327,2.579565,0.131192,4.052437,1.489632,0.549146,0.494336,1
user_36500,2021-10-12 05:38:00,28,8,11,1,10,5,18,17,6,9,12,1,0,4.675008,4.405115,3.456076,0.599965,3.953331,1.056428,0.355469,0.948162,1
user_36501,2021-09-19 23:51:00,48,17,12,3,4,0,15,0,0,10,2,6,1,3.328491,4.810473,1.78852,1.456522,3.358048,2.827072,0.409071,0.203146,1
user_36502,2021-08-28 01:39:00,7,20,5,2,5,1,7,14,2,14,5,5,1,2.532714,3.001548,3.551638,1.232559,1.798354,0.514221,0.271221,0.895284,1
user_36503,2021-09-23 04:35:00,14,3,9,5,6,4,4,14,17,5,7,3,0,2.869624,2.385293,0.52841,1.85227,0.498911,3.162579,0.959428,0.479271,0
user_36504,2021-09-24 01:40:00,28,17,5,2,1,0,19,3,2,12,18,4,0,2.375933,4.066261,2.001836,3.554391,4.106334,2.993311,0.628431,0.392907,1
user_36505,2021-09-19 05:01:00,44,11,10,4,3,1,17,0,3,2,12,6,1,4.033566,4.801501,2.972463,4.81136,3.804288,0.85623,0.517786,0.516204,0
user_36506,2021-09-07 12:28:00,5,14,25,4,10,3,4,15,12,13,4,1,0,0.288273,2.876102,0.998305,4.642314,3.365596,1.35228,0.249383,0.746699,0
user_36507,2021-10-23 20:10:00,12,6,13,3,2,4,1,3,12,18,16,5,1,3.389784,0.704714,2.511742,3.88692,4.587976,4.917654,0.615176,0.469845,1
user_36508,2021-08-23 09:16:00,27,18,3,1,5,5,10,8,18,10,4,0,0,1.524954,1.666175,1.559389,0.434294,4.143711,1.484151,0.978335,0.341814,0
user_36509,2021-09-19 21:48:00,49,5,1,5,3,0,6,0,2,6,1,6,1,2.917569,2.47954,3.400657,2.167979,4.911065,3.243157,0.575441,0.452084,1
user_36510,2021-10-28 18:01:00,28,3,13,5,6,3,7,18,17,1,11,3,0,1.869561,3.74284,2.732586,3.962053,4.067067,2.031659,0.618746,0.835059,0
user_36511,2021-09-12 21:21:00,33,18,29,3,2,3,9,6,10,8,19,6,1,3.521417,1.256697,1.472132,4.093309,1.199968,4.148069,0.341828,0.80178,0
user_36512,2021-10-20 08:54:00,28,11,16,2,1,4,14,8,1,15,14,2,0,2.430871,4.079443,1.258889,3.178928,3.666736,0.865889,0.838115,0.746822,0
user_36513,2021-10-23 05:04:00,1,16,20,1,0,4,18,3,13,12,11,5,1,1.817055,2.542462,3.117761,3.493843,1.793465,0.576271,0.497937,0.893,0
user_36514,2021-09-23 13:50:00,6,4,19,5,9,2,10,16,16,5,12,3,0,2.186032,4.18938,4.700802,3.829273,2.216423,1.497449,0.98668,0.316077,1
user_36515,2021-09-05 20:43:00,21,2,25,2,1,0,9,4,18,5,6,6,1,0.3434,4.953266,4.271389,1.010338,2.691843,3.805538,0.679245,0.7701,0
user_36516,2021-09-03 22:57:00,5,1,23,1,1,3,0,1,13,11,6,4,0,4.203099,4.203435,2.839216,3.901277,2.305094,2.702379,0.879187,0.605466,1
user_36517,2021-09-25 13:29:00,32,5,10,3,2,5,17,6,14,9,2,5,1,1.787197,4.688443,2.25141,4.653164,2.502085,4.787785,0.922886,0.475054,1
user_36518,2021-10-09 16:07:00,20,19,24,3,5,5,13,3,4,9,9,5,1,2.501277,2.952168,4.054684,2.733887,3.104146,3.59499,0.900712,0.812029,1
user_36519,2021-10-04 16:43:00,8,10,29,2,0,3,16,18,10,10,2,0,0,2.320619,0.172691,0.706827,3.146683,2.628505,1.247575,0.54885,0.545243,1
user_36520,2021-10-17 06:33:00,11,4,2,4,10,4,9,1,4,1,16,6,1,2.168804,1.082088,0.501587,4.436452,4.289928,4.695241,0.748502,0.873254,1
user_36521,2021-10-06 18:22:00,3,8,14,0,7,5,14,14,14,1,7,2,0,0.901234,4.065183,2.583965,1.509666,2.269005,4.470493,0.54066,0.849293,1
user_36522,2021-09-30 23:57:00,17,7,22,4,3,1,3,5,18,3,3,3,0,2.314448,2.782893,1.6023,1.601876,0.72429,1.214371,0.695373,0.336266,0
user_36523,2021-08-05 10:34:00,1,10,22,3,0,0,9,2,6,1,15,3,0,4.608302,0.294294,0.251978,3.5187,1.486931,3.087878,0.531692,0.5597,0
user_36524,2021-08-03 01:00:00,2,8,21,3,9,5,2,4,12,10,12,1,0,0.591755,0.28823,4.066437,2.509462,3.032217,0.817425,0.344073,0.250592,1
user_36525,2021-08-02 18:44:00,38,8,20,0,6,1,17,19,18,18,14,0,0,3.373407,1.734868,3.475779,2.015654,1.182557,3.785691,0.747562,0.733238,1
user_36526,2021-08-19 18:25:00,49,18,3,4,0,2,0,3,9,8,10,3,0,3.377219,2.794737,1.048512,3.007096,4.09653,2.44846,0.799194,0.810064,0
user_36527,2021-09-15 17:58:00,49,6,4,4,6,1,6,0,11,13,3,2,0,4.277488,0.904255,4.448448,0.465417,0.328694,2.138853,0.77399,0.350657,0
user_36528,2021-09-20 15:50:00,17,3,10,2,4,4,20,10,4,20,18,0,0,4.680795,4.630636,1.794324,3.842978,2.185414,0.59729,0.657314,0.956897,0
user_36529,2021-10-16 20:13:00,3,16,23,5,10,4,3,13,9,16,15,5,1,1.945671,4.473431,3.02893,4.017802,4.46508,3.735579,0.46522,0.20538,0
user_36530,2021-09-03 10:38:00,3,4,4,3,4,0,10,5,6,3,3,4,0,1.151472,0.980554,0.995519,2.045327,3.935106,2.924767,0.967759,0.941745,0
user_36531,2021-09-01 10:46:00,24,12,12,4,7,2,15,18,3,4,20,2,0,2.347671,1.551163,4.53834,3.040606,3.246803,4.809422,0.947972,0.922821,0
user_36532,2021-08-11 06:15:00,13,6,9,4,2,0,1,10,4,13,20,2,0,4.896405,3.610257,0.891495,1.177643,4.896722,3.577291,0.593464,0.638883,1
user_36533,2021-09-19 23:12:00,6,6,12,4,7,5,5,13,2,19,18,6,1,3.523082,1.276714,3.99389,0.827015,1.609817,3.773653,0.279268,0.78246,1
user_36534,2021-08-19 14:11:00,3,17,24,2,1,2,11,12,1,3,2,3,0,1.719505,4.855085,3.324174,2.032839,3.166082,1.196563,0.823572,0.856413,0
user_36535,2021-08-29 06:18:00,48,15,27,1,7,5,20,12,2,11,11,6,1,4.083409,2.466201,1.168725,2.503185,4.821606,0.141956,0.386109,0.820873,0
user_36536,2021-09-24 10:39:00,26,19,6,5,4,5,7,8,17,13,10,4,0,2.372559,3.601982,4.959004,4.8555,0.794114,4.707814,0.865286,0.293018,1
user_36537,2021-10-12 14:38:00,14,11,27,4,10,1,17,11,15,3,20,1,0,3.621386,2.14248,4.661185,0.342189,1.077778,0.628885,0.472323,0.692713,0
user_36538,2021-08-27 21:52:00,32,17,15,1,1,1,2,6,6,16,10,4,0,2.702194,4.160722,1.213732,3.034728,1.811426,1.159264,0.699516,0.938613,0
user_36539,2021-09-25 08:34:00,16,20,16,2,4,5,13,20,4,20,11,5,1,1.425191,4.126959,0.96673,4.362305,2.006356,0.935299,0.306562,0.924765,1
user_36540,2021-08-22 19:20:00,6,19,30,1,1,5,7,6,14,6,13,6,1,4.500966,0.574963,4.749104,2.506732,0.953782,3.563436,0.854041,0.948642,0
user_36541,2021-08-09 15:47:00,18,13,30,3,7,3,1,13,13,15,5,0,0,3.75368,4.927317,1.020456,1.738107,0.854974,2.374879,0.414296,0.207089,1
user_36542,2021-09-10 14:08:00,42,18,17,4,2,0,20,11,9,16,1,4,0,3.359856,3.271816,0.377698,2.318601,2.475472,1.572822,0.706033,0.219103,0
user_36543,2021-10-04 21:14:00,46,16,28,0,9,1,9,15,14,16,16,0,0,3.890255,4.694144,2.297665,4.810644,2.46348,3.99226,0.973805,0.553537,0
user_36544,2021-09-09 19:55:00,30,8,26,4,7,0,6,7,3,9,15,3,0,3.24585,0.856605,2.252021,0.765371,3.394523,1.453405,0.427253,0.967522,0
user_36545,2021-09-14 22:48:00,20,9,30,0,10,3,2,8,10,7,1,1,0,0.345501,4.864887,3.849524,3.461835,3.959139,3.098229,0.425147,0.373486,0
user_36546,2021-08-02 22:27:00,29,2,25,3,4,2,9,17,19,16,6,0,0,4.752722,2.078944,0.650979,1.915498,0.211876,1.081477,0.767261,0.929494,0
user_36547,2021-08-26 06:25:00,48,13,3,2,2,2,14,5,1,4,15,3,0,0.296143,1.965035,4.358138,1.757883,0.276612,0.942104,0.338075,0.518949,0
user_36548,2021-10-02 04:03:00,39,10,21,4,10,1,15,8,7,0,1,5,1,0.795709,2.431988,4.659467,3.3272,3.032775,0.422563,0.988678,0.980716,1
user_36549,2021-10-21 21:38:00,39,3,16,4,0,3,7,14,12,1,13,3,0,1.559267,1.993715,1.076959,1.800069,3.768847,1.695185,0.639474,0.416243,0
user_36550,2021-10-26 15:38:00,10,9,7,1,2,1,2,7,5,9,14,1,0,0.941775,0.70684,0.404977,1.088218,4.804199,0.423526,0.338071,0.220572,1
user_36551,2021-09-26 03:11:00,20,14,11,3,7,4,6,3,14,15,10,6,1,1.669625,0.750927,0.712663,4.572616,2.703451,4.958113,0.448121,0.937358,0
user_36552,2021-08-12 17:30:00,43,15,8,5,3,1,20,11,10,20,12,3,0,2.63521,0.946287,3.254728,0.866388,3.760908,0.620407,0.787959,0.489058,1
user_36553,2021-08-13 08:33:00,34,13,12,0,10,4,15,5,1,18,8,4,0,1.620187,1.146588,0.882789,3.395005,0.758967,4.015806,0.520119,0.839953,1
user_36554,2021-08-07 20:28:00,25,5,2,3,6,5,1,7,10,0,14,5,1,3.999368,3.659901,0.607497,1.87918,4.87586,0.448792,0.586236,0.461571,0
user_36555,2021-09-16 01:32:00,49,0,28,4,4,2,17,10,7,2,1,3,0,2.049274,1.280177,1.767667,2.158693,2.546281,2.908831,0.349524,0.82972,0
user_36556,2021-09-11 08:56:00,6,14,27,4,4,3,10,7,18,18,14,5,1,3.568723,4.274197,3.927771,1.722558,3.848592,2.777653,0.423892,0.285999,1
user_36557,2021-08-31 07:47:00,31,0,20,0,10,3,5,18,15,1,3,1,0,2.887225,0.879326,0.145285,3.546647,4.069083,0.526703,0.2659,0.453649,1
user_36558,2021-09-10 03:46:00,21,18,11,5,7,3,1,0,7,1,12,4,0,1.256085,1.639403,4.330008,0.50087,3.733451,2.880605,0.334199,0.500547,0
user_36559,2021-08-08 15:50:00,40,8,21,4,8,5,12,20,12,8,13,6,1,3.570161,3.334517,4.688363,0.758747,1.612983,0.159471,0.802542,0.346195,0
user_36560,2021-08-22 23:18:00,23,17,19,1,2,2,6,1,19,16,0,6,1,0.725942,3.437966,4.265922,1.893555,1.510602,1.418402,0.982772,0.747519,0
user_36561,2021-09-30 00:12:00,19,2,7,2,8,2,4,10,7,5,12,3,0,4.27174,3.012461,2.572964,0.259699,2.452137,3.435756,0.649872,0.601748,0
user_36562,2021-09-28 15:32:00,42,11,30,2,6,0,0,13,7,1,14,1,0,2.655709,4.325743,0.682036,0.476111,1.3464,3.793791,0.490768,0.539958,0
user_36563,2021-08-10 16:05:00,26,15,5,4,2,3,2,19,2,12,2,1,0,0.229542,4.286752,4.876903,3.095727,3.492832,0.38613,0.639324,0.215856,1
user_36564,2021-10-27 07:57:00,35,14,16,0,5,5,3,19,18,11,9,2,0,1.054512,3.553035,0.91222,4.851062,4.718193,1.736694,0.967405,0.86215,0
user_36565,2021-09-17 18:30:00,16,0,13,3,6,4,15,16,12,8,16,4,0,4.952262,3.937212,2.932966,1.415777,1.509668,2.663645,0.428962,0.62552,1
user_36566,2021-09-07 17:28:00,31,14,29,0,5,0,1,0,12,7,15,1,0,2.836978,2.308312,3.018234,4.725327,4.051909,0.899797,0.85705,0.953555,0
user_36567,2021-08-30 20:05:00,49,2,21,4,10,0,11,19,14,5,19,0,0,2.640668,1.315426,4.724848,1.942809,1.593247,0.157494,0.760276,0.449709,0
user_36568,2021-08-03 16:15:00,11,3,9,3,6,2,8,10,2,5,14,1,0,3.932064,0.56659,4.015392,0.519805,0.11972,0.139486,0.289543,0.635724,0
user_36569,2021-08-19 21:28:00,22,6,28,5,4,3,3,16,5,15,4,3,0,4.740174,3.121044,1.369922,0.351568,3.984165,1.805923,0.370588,0.349672,1
user_36570,2021-08-25 01:59:00,29,12,1,1,7,1,10,15,11,14,1,2,0,3.864676,1.055093,3.814392,0.996922,2.127644,3.555386,0.641175,0.846544,1
user_36571,2021-08-14 06:35:00,33,6,24,4,2,5,19,9,5,19,18,5,1,3.140464,4.738936,1.267142,4.388532,1.931315,1.698596,0.244647,0.863638,0
user_36572,2021-09-10 16:29:00,37,19,28,3,8,3,7,18,9,2,1,4,0,4.034913,4.208974,1.102364,1.079251,0.313876,3.11202,0.78503,0.232804,1
user_36573,2021-08-06 13:57:00,15,0,28,0,5,3,10,2,14,10,17,4,0,1.96282,4.745882,4.791126,0.838584,2.159946,3.255898,0.855512,0.507483,1
user_36574,2021-09-06 02:17:00,2,5,2,4,10,5,11,1,11,14,3,0,0,3.153324,4.780017,1.634057,1.867362,2.806125,0.103475,0.207734,0.278465,0
user_36575,2021-10-28 16:31:00,6,5,13,0,9,3,0,14,6,14,8,3,0,4.533112,0.338481,2.062763,3.689112,4.065403,4.914748,0.685497,0.875452,1
user_36576,2021-10-18 09:02:00,29,5,8,5,4,5,3,8,11,13,0,0,0,3.711194,3.281734,4.427552,1.651952,4.801061,4.257413,0.363272,0.606069,1
user_36577,2021-08-22 19:08:00,1,3,17,2,2,5,10,1,12,6,15,6,1,1.590989,4.41107,0.309654,4.934971,4.350026,3.870855,0.374853,0.495367,1
user_36578,2021-08-23 21:42:00,25,19,10,5,8,1,19,15,9,9,10,0,0,0.192369,2.729209,3.837736,4.535694,0.936845,4.823523,0.317273,0.662587,1
user_36579,2021-09-26 18:52:00,20,12,9,2,2,0,5,13,0,13,4,6,1,3.330652,3.34064,1.683362,1.358706,2.736713,1.721065,0.525827,0.712468,1
user_36580,2021-10-23 00:15:00,37,9,24,4,10,2,11,18,18,4,17,5,1,0.336564,3.750856,2.50449,0.286572,2.9647,0.432669,0.807743,0.858283,1
user_36581,2021-08-06 23:59:00,50,16,8,2,7,1,17,18,8,11,12,4,0,4.729174,2.194918,1.957595,0.553853,3.509363,1.167115,0.866895,0.4987,0
user_36582,2021-09-22 10:15:00,35,14,26,4,1,0,12,1,13,17,5,2,0,0.133729,1.807397,3.813593,4.77955,2.418358,3.90357,0.8441,0.816552,1
user_36583,2021-08-31 19:27:00,37,7,29,0,5,0,3,13,3,9,1,1,0,0.26237,0.364008,4.927584,4.489156,2.265137,2.719193,0.342957,0.915236,0
user_36584,2021-10-10 16:28:00,6,9,3,5,4,1,1,9,9,11,9,6,1,2.289747,0.71951,1.294663,1.182837,0.722297,0.462628,0.825133,0.356082,1
user_36585,2021-09-01 21:00:00,26,19,25,5,8,2,2,10,7,18,5,2,0,4.685027,1.113446,4.057954,2.781815,4.870728,0.618134,0.25634,0.397912,1
user_36586,2021-09-16 21:10:00,23,14,13,5,7,1,10,3,2,19,1,3,0,2.613149,1.543906,2.066288,4.037715,3.354984,2.687813,0.490178,0.346374,0
user_36587,2021-09-22 10:13:00,13,16,16,2,9,5,15,13,10,16,7,2,0,1.593865,1.954296,3.678503,1.764763,0.709775,3.332304,0.890392,0.326105,0
user_36588,2021-09-08 00:43:00,46,3,6,0,10,0,3,6,14,7,8,2,0,0.100018,4.866866,1.82632,1.254878,3.424141,0.728198,0.698478,0.274711,1
user_36589,2021-10-01 02:22:00,30,13,27,1,4,4,12,5,11,0,12,4,0,1.836633,2.281778,2.683625,4.591026,4.88321,0.942899,0.830644,0.821908,1
user_36590,2021-09-01 11:17:00,16,14,8,3,8,4,5,5,9,4,7,2,0,0.951796,3.246372,3.22584,1.713754,1.8704,2.205565,0.634174,0.41838,1
user_36591,2021-08-30 22:26:00,11,1,29,5,6,5,10,16,14,1,10,0,0,4.992724,1.372067,4.099608,0.246161,4.720698,1.052096,0.551399,0.941533,1
user_36592,2021-10-26 05:19:00,18,12,14,4,1,2,14,20,1,4,8,1,0,0.79206,3.826588,4.456195,0.261094,0.813913,1.761686,0.35814,0.440888,1
user_36593,2021-08-09 13:44:00,30,20,18,1,9,5,6,12,9,7,11,0,0,2.24791,4.214282,1.660677,4.511909,2.379433,1.185823,0.678331,0.605432,0
user_36594,2021-10-01 14:36:00,39,7,28,3,7,1,20,5,7,6,16,4,0,1.402705,1.703233,3.005716,4.238606,4.349647,4.450746,0.333399,0.98539,1
user_36595,2021-08-11 02:53:00,24,4,23,4,10,4,19,4,12,6,10,2,0,2.274213,2.351138,0.292798,1.226051,2.922539,4.69651,0.358799,0.846519,0
user_36596,2021-10-06 08:39:00,37,5,5,4,8,5,18,2,16,11,17,2,0,0.129053,0.631847,2.973973,1.679576,2.645137,1.049665,0.218891,0.928683,0
user_36597,2021-09-01 07:35:00,31,10,15,2,9,1,13,17,10,1,2,2,0,2.554843,2.670394,3.120517,0.754114,3.84251,2.10842,0.239966,0.568778,1
user_36598,2021-08-06 14:34:00,15,12,8,3,8,4,1,16,7,2,13,4,0,1.434784,4.05646,3.724123,1.340109,0.418784,0.475826,0.365582,0.907046,0
user_36599,2021-08-13 22:00:00,14,1,13,0,4,4,13,5,8,6,17,4,0,2.767492,0.231492,2.313167,2.419842,0.54291,1.992227,0.596774,0.427625,1
user_36600,2021-09-04 20:54:00,41,13,22,4,5,0,14,15,4,3,4,5,1,0.892819,0.706927,0.638391,0.653137,1.443806,3.207746,0.973859,0.963929,0
user_36601,2021-10-23 21:21:00,17,7,12,0,3,3,4,15,2,5,8,5,1,3.016794,1.959744,0.594604,2.404337,1.533394,3.338633,0.60206,0.45819,0
user_36602,2021-08-27 16:16:00,13,15,29,2,2,4,6,4,10,1,0,4,0,1.357493,4.235146,1.309769,0.781514,2.079478,2.177043,0.91087,0.396307,1
user_36603,2021-08-15 00:46:00,48,9,9,5,10,3,6,9,12,0,5,6,1,4.11376,3.895774,4.954501,2.912484,3.303149,0.968799,0.781447,0.706061,0
user_36604,2021-09-17 07:37:00,23,2,13,3,8,5,14,16,7,7,2,4,0,3.379609,2.091099,2.609687,0.29653,0.588013,2.08202,0.434812,0.810798,1
user_36605,2021-10-01 13:33:00,13,12,21,3,8,3,9,16,8,18,11,4,0,4.159223,3.024261,4.747324,1.929598,2.835905,0.806349,0.84256,0.276717,1
user_36606,2021-09-04 02:32:00,50,6,26,3,0,1,17,2,14,20,12,5,1,4.098292,3.653295,0.587563,1.976032,3.55878,4.263672,0.308052,0.887677,0
user_36607,2021-09-12 17:14:00,21,13,22,0,6,0,13,6,12,9,15,6,1,2.929202,4.660955,3.589954,0.525445,1.824873,1.874747,0.384258,0.335934,0
user_36608,2021-10-27 00:09:00,40,10,30,2,4,5,6,14,16,10,10,2,0,3.233787,3.85498,1.499372,3.886347,1.349656,3.543687,0.933372,0.55869,1
user_36609,2021-09-05 23:15:00,27,19,9,1,2,3,9,6,3,12,6,6,1,3.278217,0.200135,0.204054,0.190485,0.799327,1.894559,0.556383,0.608069,1
user_36610,2021-09-09 10:00:00,9,17,30,5,0,0,19,20,5,16,0,3,0,2.212965,1.07579,2.721095,3.655579,4.595443,2.626666,0.604106,0.652237,1
user_36611,2021-10-11 04:02:00,43,11,16,4,7,2,6,19,7,16,4,0,0,1.895775,2.86645,4.216072,3.445019,0.356816,0.144724,0.727005,0.764378,1
user_36612,2021-08-02 15:28:00,3,1,26,3,6,1,16,5,3,17,0,0,0,1.733061,3.767969,0.30226,3.886383,2.55111,1.045411,0.908785,0.497229,1
user_36613,2021-08-18 22:59:00,44,1,14,0,0,2,11,9,3,9,18,2,0,1.693692,1.28005,1.508244,4.625765,3.52161,1.011315,0.523724,0.476668,0
user_36614,2021-10-06 06:11:00,47,4,23,4,4,4,0,16,4,7,14,2,0,2.094479,0.793408,2.803462,2.459908,3.667744,1.872662,0.726342,0.799951,1
user_36615,2021-09-10 00:15:00,32,10,20,0,10,5,17,16,6,11,2,4,0,0.843742,0.131707,3.966064,4.031146,2.356918,0.97683,0.2399,0.852735,0
user_36616,2021-10-19 03:28:00,31,19,30,0,2,3,7,4,3,16,17,1,0,4.574746,3.376317,4.95791,2.05779,4.43528,1.718008,0.396904,0.416775,1
user_36617,2021-08-16 03:31:00,44,10,18,3,1,5,2,14,13,10,20,0,0,3.158948,1.394196,3.162885,3.122592,0.102197,1.841123,0.436274,0.547916,1
user_36618,2021-09-08 14:14:00,3,15,9,2,5,2,15,18,14,11,1,2,0,0.357509,4.565203,3.470114,0.962653,1.2033,3.262413,0.573918,0.867349,0
user_36619,2021-09-05 11:11:00,9,8,7,1,6,3,13,10,17,20,5,6,1,0.994652,2.070581,3.383081,1.889089,3.615085,1.540465,0.337323,0.213399,1
user_36620,2021-09-18 14:36:00,23,9,20,3,10,2,20,15,9,5,17,5,1,1.866451,2.633528,3.314365,3.341568,4.009683,3.146798,0.344033,0.929571,0
user_36621,2021-09-23 03:28:00,47,13,26,2,0,3,6,11,15,18,10,3,0,3.821204,4.470518,3.950707,0.396638,1.581765,2.908455,0.659961,0.409621,0
user_36622,2021-09-15 00:15:00,26,6,28,2,1,5,1,20,16,18,18,2,0,1.732111,4.753421,1.225124,3.164366,4.400014,4.468707,0.639805,0.884855,1
user_36623,2021-09-21 13:02:00,28,5,25,4,8,2,20,10,13,7,19,1,0,1.779445,4.154201,0.141198,1.028679,0.802454,3.856944,0.402667,0.272684,1
user_36624,2021-08-24 06:10:00,13,9,18,1,10,0,15,17,11,6,11,1,0,2.404499,2.698361,2.93138,2.633336,2.685799,0.380346,0.528796,0.539957,1
user_36625,2021-08-01 14:14:00,40,4,15,1,2,3,6,13,18,12,7,6,1,0.236696,0.845145,2.092298,1.87139,2.88206,4.036168,0.735895,0.48715,0
user_36626,2021-10-04 06:20:00,12,6,7,5,6,1,15,6,12,1,19,0,0,4.661975,3.825349,4.567308,4.593818,0.294277,1.11914,0.262291,0.775749,1
user_36627,2021-08-19 14:01:00,48,5,11,1,9,4,10,16,2,20,14,3,0,0.917756,4.454296,2.933817,4.295481,2.226213,0.730241,0.224246,0.659106,0
user_36628,2021-08-06 01:37:00,4,1,23,4,2,5,10,7,2,19,12,4,0,3.27165,3.918277,4.54102,2.468401,0.102061,1.061213,0.459087,0.32385,0
user_36629,2021-10-09 07:28:00,33,3,9,2,9,4,11,14,4,1,17,5,1,2.292262,3.681169,1.328366,4.605626,1.740992,4.553916,0.482636,0.666287,0
user_36630,2021-10-10 12:32:00,25,0,12,5,0,1,20,5,20,10,20,6,1,2.780652,3.818692,2.233067,0.469869,0.628842,3.304473,0.448109,0.714933,1
user_36631,2021-08-05 10:54:00,47,11,1,5,8,5,13,10,6,13,7,3,0,3.972887,0.227983,0.976888,2.317286,2.758983,3.219212,0.587625,0.409402,1
user_36632,2021-09-19 19:47:00,30,3,15,2,3,2,5,11,17,10,20,6,1,2.920244,1.27326,1.370259,0.254675,4.303642,3.95566,0.273372,0.259009,0
user_36633,2021-08-26 07:13:00,50,1,27,2,0,5,17,10,4,15,7,3,0,3.686484,1.479388,0.596932,2.893741,3.981814,0.987167,0.941709,0.306602,1
user_36634,2021-10-05 15:16:00,15,15,22,2,5,2,18,20,8,17,14,1,0,0.408642,1.146681,3.567615,4.848921,4.907395,1.923654,0.919112,0.398599,1
user_36635,2021-09-09 15:05:00,3,11,14,4,8,0,18,2,19,6,7,3,0,1.597646,3.551307,1.181509,3.33955,3.629352,4.596075,0.710684,0.393836,0
user_36636,2021-08-28 11:54:00,19,14,21,2,9,2,0,8,7,4,8,5,1,4.39487,0.102135,4.302348,0.150077,2.194266,1.61177,0.892948,0.696666,1
user_36637,2021-08-30 21:32:00,47,0,19,5,10,4,16,11,4,15,8,0,0,0.333491,2.790213,0.752024,1.500936,3.888038,3.591357,0.216068,0.60904,0
user_36638,2021-10-03 03:43:00,3,9,29,5,4,0,7,4,14,13,7,6,1,0.688276,0.344639,0.103189,2.209954,1.871814,2.622691,0.450879,0.595507,0
user_36639,2021-08-20 22:05:00,3,16,22,1,5,0,17,13,4,4,6,4,0,1.306373,0.10319,0.581651,3.101641,4.757411,3.259001,0.833454,0.618755,1
user_36640,2021-09-25 18:49:00,49,15,10,1,8,4,8,13,6,3,19,5,1,0.438169,3.029849,2.057914,4.241853,4.236157,3.82286,0.336432,0.840089,1
user_36641,2021-10-14 03:14:00,35,10,4,2,1,0,5,7,1,10,11,3,0,4.098468,4.395884,4.720875,3.958738,1.468761,0.470179,0.972213,0.818573,0
user_36642,2021-10-09 05:45:00,15,5,23,3,2,5,10,9,12,2,7,5,1,4.454436,3.58437,2.280961,1.864171,3.671846,0.413475,0.476983,0.310219,1
user_36643,2021-08-27 14:47:00,13,2,9,3,10,1,17,17,20,7,18,4,0,0.767444,2.916134,1.701842,1.699593,0.649075,0.900316,0.356539,0.894524,1
user_36644,2021-10-15 22:26:00,24,15,16,2,3,2,17,2,10,0,5,4,0,4.971787,3.156991,3.456687,0.226156,3.925225,0.541498,0.377604,0.952568,0
user_36645,2021-10-12 20:04:00,10,20,19,1,9,5,19,15,7,5,6,1,0,0.124867,0.907827,1.694235,2.492862,3.553509,2.25326,0.465412,0.650803,0
user_36646,2021-08-09 12:00:00,9,5,2,5,4,3,9,0,10,1,19,0,0,4.354371,0.991661,1.257387,3.147571,2.990203,1.654409,0.633352,0.920491,1
user_36647,2021-10-06 14:27:00,44,9,29,3,2,3,5,11,13,4,9,2,0,4.412049,4.816088,3.908764,1.216191,1.586688,3.645917,0.455176,0.49132,1
user_36648,2021-09-21 15:27:00,7,20,12,3,0,1,14,8,15,18,15,1,0,4.698714,2.446767,3.858027,0.930132,0.416242,1.991411,0.567996,0.530166,1
user_36649,2021-09-18 14:43:00,37,4,16,4,10,3,12,1,2,10,11,5,1,2.289016,0.519423,1.741058,0.66772,4.907003,0.295879,0.97361,0.716011,1
user_36650,2021-09-26 16:10:00,41,1,23,1,5,4,4,16,2,9,11,6,1,2.608821,3.287009,1.034712,2.000987,2.400066,3.123417,0.886071,0.357268,0
user_36651,2021-10-28 03:34:00,4,2,21,3,9,5,11,2,2,5,16,3,0,4.410385,3.120313,2.86301,4.202933,1.393773,1.930566,0.85391,0.696128,0
user_36652,2021-08-03 09:54:00,14,10,14,2,5,4,14,9,20,18,18,1,0,2.155231,4.863096,2.131393,0.677082,1.157427,2.130819,0.385087,0.44406,0
user_36653,2021-09-17 09:12:00,7,7,10,3,3,0,0,13,12,10,19,4,0,4.524365,4.703031,0.765569,1.560701,0.667254,1.925113,0.203773,0.897981,0
user_36654,2021-10-01 08:14:00,10,16,2,5,8,3,10,10,0,16,1,4,0,2.818751,3.144722,2.067463,1.18212,3.623862,4.703579,0.789945,0.392482,0
user_36655,2021-10-11 19:05:00,13,6,6,5,9,1,14,15,3,14,9,0,0,4.262537,4.342324,1.611765,3.145811,0.917224,2.476526,0.879414,0.962301,1
user_36656,2021-09-15 20:57:00,47,11,30,0,9,1,9,5,15,17,15,2,0,0.196942,1.645845,3.190914,3.136917,1.920063,1.355109,0.678269,0.905244,0
user_36657,2021-10-13 13:40:00,47,3,27,1,3,4,14,15,19,0,11,2,0,1.474472,2.553719,2.448721,4.528577,2.970858,3.327609,0.649703,0.786528,0
user_36658,2021-08-26 10:43:00,20,5,23,5,9,4,10,4,0,20,8,3,0,4.539553,4.919292,2.519506,4.190311,1.474005,1.640014,0.270898,0.945717,0
user_36659,2021-09-13 11:01:00,43,11,20,2,7,4,15,5,8,5,1,0,0,4.976523,0.267461,0.739078,0.403024,0.804934,0.520538,0.707893,0.715974,1
user_36660,2021-08-27 01:11:00,14,12,7,0,9,4,5,13,18,14,18,4,0,2.386518,1.227538,3.448461,0.831321,1.311198,3.772722,0.708884,0.550902,0
user_36661,2021-10-27 11:14:00,43,7,25,3,7,3,16,1,1,6,20,2,0,2.273903,2.464426,1.265127,3.122155,2.235161,3.242024,0.919382,0.294271,0
user_36662,2021-09-23 09:38:00,23,12,6,2,5,4,17,1,10,18,19,3,0,4.026902,4.322078,1.829686,1.326877,2.783282,4.057727,0.980624,0.342108,1
user_36663,2021-08-31 20:16:00,49,20,28,5,7,2,17,5,11,9,15,1,0,4.315564,3.264488,0.172654,2.916314,4.745078,0.10461,0.956167,0.443883,1
user_36664,2021-09-19 02:12:00,7,12,9,5,9,2,9,2,9,15,0,6,1,1.125219,0.775159,3.688555,0.676238,0.438925,0.784721,0.265205,0.543222,1
user_36665,2021-09-06 09:08:00,15,4,13,5,8,5,18,7,4,11,8,0,0,2.673711,2.983855,2.835925,1.331782,4.020238,0.884733,0.536294,0.427906,0
user_36666,2021-10-27 08:39:00,25,11,18,5,8,5,15,13,16,17,4,2,0,4.556141,4.514205,3.99227,2.206163,2.037398,3.645963,0.840541,0.450149,1
user_36667,2021-08-12 03:46:00,28,11,16,5,1,2,5,5,0,5,0,3,0,3.98192,3.143187,4.792817,2.407117,0.132644,4.806929,0.253605,0.454388,1
user_36668,2021-09-04 16:48:00,30,13,28,1,2,5,11,18,9,0,0,5,1,0.637736,1.782177,4.490038,2.542837,1.741458,2.222528,0.711901,0.585218,1
user_36669,2021-09-16 14:43:00,23,8,22,1,0,1,16,11,20,8,7,3,0,2.288179,3.475262,1.888156,4.459952,3.389792,0.998294,0.357535,0.358972,1
user_36670,2021-08-27 23:43:00,49,16,11,5,6,3,9,7,11,4,8,4,0,1.94774,1.275428,3.840342,2.967844,0.410282,1.269523,0.705029,0.539011,1
user_36671,2021-08-02 03:13:00,48,14,29,0,5,5,18,11,11,17,9,0,0,3.053515,2.608499,0.367752,2.693111,0.637953,3.84757,0.865703,0.515101,1
user_36672,2021-10-12 14:05:00,16,2,1,1,7,5,13,17,6,6,8,1,0,0.879403,0.681913,3.242151,3.728762,4.655136,0.260019,0.739023,0.770011,1
user_36673,2021-08-18 10:56:00,36,15,2,0,2,5,16,17,19,8,3,2,0,0.779221,1.543975,3.74822,1.157102,4.097399,3.916845,0.70701,0.925422,0
user_36674,2021-08-21 09:54:00,50,3,7,3,7,5,19,14,11,2,17,5,1,1.663114,2.922331,4.966905,2.520671,4.277264,2.677302,0.722474,0.268728,1
user_36675,2021-10-06 17:50:00,2,16,25,1,1,4,0,8,6,7,5,2,0,0.13444,2.354608,1.907471,3.146695,1.746105,1.588404,0.818808,0.603371,0
user_36676,2021-10-13 14:42:00,21,5,8,0,7,4,11,1,0,16,8,2,0,3.074457,4.380761,1.087311,2.257444,0.140329,0.852355,0.305068,0.996053,0
user_36677,2021-09-06 13:48:00,47,3,11,4,5,4,1,13,12,7,10,0,0,3.323413,4.755932,3.379641,1.33796,2.230697,0.251598,0.820631,0.530618,0
user_36678,2021-09-25 16:11:00,30,3,8,3,0,1,14,3,15,9,9,5,1,2.380257,3.801591,1.528033,0.772153,2.284631,0.898221,0.407528,0.961959,0
user_36679,2021-09-28 23:36:00,28,16,27,5,8,4,16,10,0,18,9,1,0,0.694642,2.308847,3.114134,4.801611,2.178878,1.514339,0.994542,0.869643,0
user_36680,2021-10-10 01:10:00,6,4,12,3,5,4,11,3,18,20,11,6,1,1.910961,1.778735,0.576613,0.736435,0.81953,1.062333,0.512275,0.673149,1
user_36681,2021-09-28 23:18:00,25,0,24,2,0,4,5,16,1,15,16,1,0,4.640992,4.74811,4.281144,4.998554,2.277112,0.101372,0.494352,0.91012,1
user_36682,2021-10-21 00:52:00,21,17,26,0,5,2,12,5,19,3,4,3,0,2.645117,3.009894,2.749092,0.5567,4.457558,1.98744,0.251617,0.567645,1
user_36683,2021-09-06 01:28:00,41,16,8,2,3,5,1,12,17,5,14,0,0,3.801197,2.631493,4.11647,2.643044,2.13149,2.522862,0.555668,0.74269,0
user_36684,2021-10-21 11:12:00,23,4,6,0,10,2,2,12,19,5,14,3,0,0.772166,3.895241,0.111664,4.920232,3.302024,4.374114,0.999835,0.488793,0
user_36685,2021-09-15 19:47:00,12,14,28,5,7,4,2,1,2,8,12,2,0,2.082407,4.488925,3.099799,1.976346,0.674531,1.431863,0.268919,0.981407,1
user_36686,2021-10-19 00:29:00,13,13,12,5,3,1,10,1,10,19,18,1,0,0.294018,0.213486,1.079984,1.223857,4.906811,1.539568,0.931742,0.732638,1
user_36687,2021-10-20 10:54:00,23,7,29,3,1,0,12,1,20,17,8,2,0,0.515015,0.185135,4.993377,0.581474,2.446696,1.466205,0.24833,0.736258,1
user_36688,2021-09-28 08:41:00,39,19,1,1,4,2,4,3,15,4,9,1,0,0.865094,1.277531,1.014225,0.608712,1.857165,2.835149,0.90979,0.636293,0
user_36689,2021-10-09 08:56:00,3,19,4,1,9,1,18,4,5,17,18,5,1,0.799024,2.137142,1.233215,2.554526,0.14836,2.074751,0.977005,0.997853,1
user_36690,2021-10-24 02:55:00,12,20,25,0,3,0,5,7,19,3,5,6,1,4.075629,3.977872,3.349392,4.771602,1.229985,3.152362,0.276494,0.727622,1
user_36691,2021-10-11 13:11:00,19,7,16,1,5,2,1,19,1,7,5,0,0,1.81841,4.276885,3.102611,3.154085,4.97772,2.096524,0.314976,0.959457,0
user_36692,2021-10-07 15:31:00,5,19,17,4,8,1,8,4,16,10,10,3,0,0.97924,4.081204,1.099254,2.160311,1.752803,1.155272,0.892654,0.465373,0
user_36693,2021-09-01 13:53:00,22,17,9,0,6,3,9,19,16,15,10,2,0,2.416429,4.328152,3.214879,2.750452,2.721087,4.32598,0.931158,0.229609,0
user_36694,2021-10-25 18:38:00,22,17,26,4,10,3,13,14,16,10,13,0,0,3.441774,3.833211,4.878333,4.766499,1.360784,0.185617,0.659623,0.946171,1
user_36695,2021-09-05 23:59:00,39,13,12,5,5,4,13,11,7,12,16,6,1,4.445365,3.756914,1.978839,4.356329,1.746372,2.579999,0.923921,0.349897,0
user_36696,2021-10-17 16:15:00,42,15,24,1,10,3,7,14,12,20,9,6,1,3.182099,0.986736,1.630302,0.733113,2.011409,2.224759,0.967276,0.631396,1
user_36697,2021-09-24 23:17:00,37,18,20,5,2,0,19,16,16,12,1,4,0,0.50874,3.079965,0.281765,2.836558,4.853834,4.493277,0.399226,0.443089,0
user_36698,2021-09-19 20:45:00,16,9,17,2,8,4,15,7,8,16,6,6,1,4.398528,4.039215,2.664428,1.921225,4.94583,4.81529,0.601419,0.627216,0
user_36699,2021-08-11 12:35:00,42,15,18,1,4,1,17,12,19,4,0,2,0,0.928632,4.424772,0.201646,1.841079,2.823478,0.171278,0.45197,0.875148,1
user_36700,2021-09-22 14:01:00,46,10,27,2,8,1,14,6,18,12,5,2,0,4.198303,0.734158,2.257167,3.46587,3.191652,0.852618,0.606328,0.204133,0
user_36701,2021-10-05 14:16:00,29,11,21,3,6,5,6,1,13,17,18,1,0,2.713012,3.906677,0.151794,1.661033,1.350703,1.837576,0.709748,0.779279,1
user_36702,2021-10-18 22:15:00,21,5,29,0,2,3,19,13,11,6,17,0,0,4.827444,2.597695,0.756101,0.472743,4.58372,3.870442,0.200357,0.311568,1
user_36703,2021-10-19 03:49:00,42,17,2,3,7,2,16,1,4,13,6,1,0,4.19414,3.909689,0.437509,3.190146,2.142709,3.788476,0.804855,0.385633,1
user_36704,2021-08-18 13:02:00,17,4,19,2,1,5,16,2,16,10,9,2,0,1.196676,0.986729,0.773892,2.056628,1.2724,4.078465,0.259895,0.886775,1
user_36705,2021-10-14 08:09:00,12,17,8,0,4,1,15,18,0,4,4,3,0,1.95916,1.908024,2.590569,1.548096,3.336575,4.250077,0.301998,0.921809,1
user_36706,2021-10-13 04:28:00,5,14,4,5,8,0,14,6,11,5,4,2,0,4.949177,2.541298,3.083379,2.078972,4.813747,2.047452,0.260718,0.297302,0
user_36707,2021-09-02 18:05:00,11,13,26,0,0,5,2,18,13,2,15,3,0,4.908317,2.622922,2.133226,3.968641,2.23903,0.318522,0.788203,0.356962,1
user_36708,2021-09-16 20:42:00,39,14,2,4,9,2,2,8,4,0,1,3,0,2.352914,0.349382,1.568058,4.295627,1.243157,1.632501,0.941074,0.467819,0
user_36709,2021-08-04 05:35:00,28,8,7,0,0,0,10,9,4,2,18,2,0,3.640912,1.960263,2.408609,2.856845,1.363572,1.257888,0.778963,0.661026,0
user_36710,2021-08-26 07:44:00,5,10,28,3,6,3,15,15,7,20,0,3,0,3.266027,4.176501,1.218553,0.76896,2.73638,3.139015,0.433304,0.748127,1
user_36711,2021-08-20 06:30:00,48,10,17,1,0,5,4,1,11,1,10,4,0,2.293849,3.217651,1.073634,4.070618,4.430251,0.329421,0.721035,0.822218,0
user_36712,2021-08-08 14:01:00,38,12,1,1,6,0,14,14,5,20,14,6,1,1.688387,3.98171,4.179462,3.890543,1.791944,3.958003,0.886121,0.377493,0
user_36713,2021-09-21 12:36:00,22,14,23,0,1,2,5,19,1,5,7,1,0,2.632681,0.958534,2.899925,2.973393,4.258229,1.295122,0.931524,0.640738,0
user_36714,2021-08-05 05:14:00,36,3,28,1,3,0,12,16,6,16,6,3,0,3.885677,0.632802,4.156915,1.34559,3.648252,3.372336,0.531551,0.648779,1
user_36715,2021-08-02 17:02:00,11,4,15,0,9,3,6,8,12,6,14,0,0,3.486164,1.255644,0.342452,4.297714,1.762229,0.519426,0.732086,0.432778,0
user_36716,2021-10-06 22:24:00,14,13,27,1,8,3,4,9,20,7,1,2,0,1.078403,3.281097,2.034505,4.004009,2.598811,3.239042,0.469139,0.54269,0
user_36717,2021-08-24 01:50:00,29,20,21,3,8,4,12,8,15,17,3,1,0,4.26938,4.276978,3.755522,1.960033,2.747109,2.949905,0.467278,0.310444,0
user_36718,2021-08-08 06:16:00,17,10,28,0,9,1,9,5,11,3,9,6,1,2.773243,1.663576,4.965919,3.615448,4.60007,4.171625,0.236635,0.395638,1
user_36719,2021-09-19 20:17:00,17,12,28,4,10,2,14,15,16,12,8,6,1,3.206288,1.490969,1.481832,4.114026,4.04053,0.683903,0.769245,0.831752,0
user_36720,2021-08-04 09:11:00,11,12,12,4,0,5,1,2,5,9,14,2,0,4.99961,2.069594,4.265012,0.647169,3.911916,2.765379,0.849743,0.651455,0
user_36721,2021-10-05 06:03:00,49,18,1,3,10,2,8,4,8,15,2,1,0,4.50407,0.282087,2.699283,4.656382,3.429469,3.1715,0.493285,0.84087,1
user_36722,2021-09-25 08:28:00,35,20,27,1,6,2,2,10,1,16,7,5,1,4.791232,0.214667,3.096006,3.564265,3.784468,2.670598,0.72105,0.38622,0
user_36723,2021-10-29 10:41:00,38,5,30,4,0,2,6,7,16,6,19,4,0,4.018095,0.72797,0.90218,0.536561,4.844076,0.142449,0.560221,0.406171,1
user_36724,2021-08-17 18:43:00,4,15,10,5,1,5,10,3,18,8,20,1,0,3.568667,3.071289,0.951048,3.036438,4.70149,4.17648,0.790012,0.902131,0
user_36725,2021-08-11 11:07:00,19,12,5,2,6,0,15,14,5,12,10,2,0,0.156337,4.953047,0.154448,2.109424,4.321259,0.589123,0.632941,0.835546,0
user_36726,2021-08-22 16:25:00,5,3,12,2,10,2,11,10,8,8,20,6,1,1.298636,3.55941,1.316973,1.837696,2.844189,2.892309,0.203613,0.256125,1
user_36727,2021-10-01 10:53:00,30,1,10,1,8,3,5,3,8,5,15,4,0,4.173564,1.832096,3.543101,1.941311,1.431873,2.396257,0.626072,0.958187,1
user_36728,2021-08-09 08:43:00,25,1,23,0,4,5,11,2,9,7,9,0,0,1.597368,3.140627,4.621098,2.609276,2.30942,3.124198,0.56363,0.322595,0
user_36729,2021-10-22 21:44:00,6,4,17,0,6,1,14,10,0,5,8,4,0,3.60701,3.850598,4.003199,3.363865,2.491087,4.339457,0.92886,0.540246,0
user_36730,2021-09-25 20:35:00,21,2,3,3,3,0,10,20,12,0,8,5,1,1.422621,4.469137,2.404515,0.155825,4.572788,4.811089,0.411579,0.295668,1
user_36731,2021-08-24 19:35:00,2,18,10,5,4,2,15,7,18,16,4,1,0,4.785177,2.169271,4.534607,3.00871,0.998548,4.905016,0.836441,0.695773,1
user_36732,2021-09-24 18:59:00,17,17,29,3,10,3,16,11,4,20,9,4,0,4.901758,2.484121,4.091826,1.098339,0.249986,2.989678,0.412932,0.714389,1
user_36733,2021-10-22 14:41:00,36,8,22,4,0,1,4,8,13,15,12,4,0,4.242887,3.528334,1.316274,3.969238,3.516184,4.95488,0.2954,0.756695,0
user_36734,2021-08-19 12:35:00,44,6,4,1,8,1,3,16,2,0,20,3,0,0.985367,2.835334,1.68808,1.352944,1.480145,0.376304,0.302153,0.277233,0
user_36735,2021-08-09 17:26:00,11,17,2,1,7,0,19,3,10,20,6,0,0,0.915579,3.431527,2.576907,4.202233,1.132309,4.79723,0.336849,0.642851,0
user_36736,2021-10-27 17:22:00,27,9,26,0,8,0,11,12,6,15,18,2,0,4.592031,4.504334,2.985957,1.269164,1.693987,4.359104,0.25263,0.607691,0
user_36737,2021-08-21 16:52:00,10,0,8,2,5,1,0,9,2,11,2,5,1,2.536745,1.371812,2.606257,3.763932,0.540812,1.887137,0.651054,0.896934,0
user_36738,2021-10-22 00:58:00,4,2,8,5,9,5,7,6,11,10,3,4,0,1.298798,2.921274,3.658586,4.058874,1.62642,4.016355,0.851434,0.856362,1
user_36739,2021-09-06 19:25:00,44,3,7,2,10,3,19,15,5,2,10,0,0,1.531623,3.232122,4.432589,2.066385,0.239899,2.414738,0.9381,0.603243,0
user_36740,2021-10-19 11:54:00,37,5,28,0,7,3,18,6,9,18,16,1,0,4.010499,3.123323,4.166708,2.768395,2.953372,2.27375,0.437149,0.303791,0
user_36741,2021-10-02 15:43:00,11,10,3,4,4,2,15,15,20,12,18,5,1,4.804492,2.061341,3.505094,3.093483,1.062446,3.492666,0.422503,0.304159,0
user_36742,2021-10-14 03:36:00,45,5,8,5,6,1,16,12,0,17,20,3,0,1.715017,1.875441,0.787567,3.781093,2.759358,2.410641,0.609845,0.27902,1
user_36743,2021-10-12 18:13:00,12,9,28,3,1,3,17,12,8,19,6,1,0,1.911408,4.492812,4.246568,3.682607,2.14943,4.588038,0.879719,0.260709,0
user_36744,2021-08-20 05:24:00,43,4,16,4,2,2,16,13,0,11,5,4,0,3.366182,4.029841,1.231113,1.903379,1.09886,1.874122,0.333252,0.76144,0
user_36745,2021-10-11 12:24:00,45,6,26,3,9,4,1,9,4,2,7,0,0,2.227798,3.732474,3.189172,0.937863,3.735662,3.807414,0.761105,0.366091,1
user_36746,2021-10-21 16:58:00,12,9,6,5,5,4,5,7,5,17,6,3,0,2.669938,3.494625,3.182883,2.009028,4.042325,0.861421,0.203299,0.87984,0
user_36747,2021-09-30 06:32:00,1,13,10,1,7,3,5,9,10,7,14,3,0,0.581268,2.462111,0.725759,0.140418,3.007559,3.624226,0.216678,0.376898,0
user_36748,2021-10-14 07:13:00,14,6,8,4,2,5,14,2,13,17,19,3,0,4.799833,4.315022,0.440896,0.694949,4.210393,2.903622,0.254549,0.829487,0
user_36749,2021-10-01 03:40:00,29,5,20,4,10,4,20,16,1,18,8,4,0,3.975981,1.139644,0.450423,2.437134,4.734302,0.511218,0.343078,0.402717,0
user_36750,2021-08-05 09:54:00,1,7,2,4,9,1,0,17,6,0,11,3,0,0.622155,2.865722,1.280797,1.658763,3.788234,2.541205,0.784102,0.788201,1
user_36751,2021-09-16 07:27:00,37,4,1,1,5,3,2,4,2,6,10,3,0,1.473361,2.735428,4.101887,4.117946,4.396409,4.789111,0.934316,0.36842,1
user_36752,2021-08-30 01:03:00,1,7,12,2,9,3,14,5,16,14,8,0,0,4.056177,3.842157,4.733104,1.7742,1.517152,4.86899,0.478072,0.633661,0
user_36753,2021-09-23 16:41:00,42,3,9,3,6,5,6,19,1,0,19,3,0,3.450721,2.193479,3.440578,3.721309,0.348445,4.475444,0.527611,0.534844,0
user_36754,2021-08-04 17:40:00,49,0,23,2,8,1,13,9,5,19,18,2,0,2.527632,2.023159,3.228666,2.737563,2.840043,2.995372,0.44707,0.405748,1
user_36755,2021-09-09 23:12:00,9,4,10,4,10,5,7,4,0,17,17,3,0,3.834123,4.533195,0.739721,3.23368,4.042424,4.28831,0.803049,0.544335,1
user_36756,2021-08-27 09:02:00,22,10,21,3,2,4,5,11,19,15,9,4,0,2.817386,2.876249,2.937486,1.211115,2.548798,4.412726,0.455376,0.27055,0
user_36757,2021-10-01 03:01:00,49,5,13,4,9,0,17,3,0,0,9,4,0,3.72683,3.280302,4.198943,1.138742,2.322942,1.15371,0.219605,0.396489,0
user_36758,2021-10-26 11:04:00,30,15,25,3,8,5,20,9,13,9,18,1,0,4.946263,1.307688,0.721668,3.557313,4.615846,1.500309,0.856733,0.571155,0
user_36759,2021-08-12 02:56:00,31,16,30,4,1,3,17,19,0,3,8,3,0,4.895424,2.022907,2.663221,0.359289,0.331503,4.61772,0.960126,0.991756,0
user_36760,2021-08-24 10:55:00,13,14,26,3,9,2,17,5,6,11,11,1,0,2.533509,0.526709,2.124017,2.993841,4.896543,1.582631,0.586644,0.398744,0
user_36761,2021-09-14 08:21:00,47,6,30,0,3,1,0,18,14,16,20,1,0,1.993348,4.648638,4.307251,3.670622,1.030122,2.365166,0.304005,0.734,1
user_36762,2021-09-13 01:33:00,44,9,7,1,3,3,11,6,4,18,10,0,0,3.366402,4.142768,4.793495,3.888438,0.13842,0.441793,0.322889,0.666392,1
user_36763,2021-10-25 04:45:00,30,3,10,2,5,5,9,13,12,19,6,0,0,2.676811,4.275462,2.869186,0.537853,0.230849,0.520339,0.232018,0.522862,1
user_36764,2021-09-30 10:07:00,29,7,30,5,7,0,15,12,2,1,1,3,0,1.352932,1.20239,4.714539,1.187531,3.184619,3.914533,0.916409,0.484477,1
user_36765,2021-10-04 22:17:00,27,1,17,3,7,3,3,5,8,17,11,0,0,2.742775,0.478642,0.877887,2.692078,3.776632,3.923349,0.562725,0.397025,0
user_36766,2021-09-28 18:14:00,25,0,18,4,10,5,11,12,3,13,12,1,0,1.638655,3.351499,4.558812,3.740867,4.393495,0.197196,0.461569,0.448509,1
user_36767,2021-10-01 12:46:00,18,0,1,5,3,2,12,12,3,7,1,4,0,3.427127,1.201754,0.438364,2.286851,4.524593,2.25036,0.445463,0.476571,1
user_36768,2021-09-13 20:16:00,37,0,7,1,0,0,12,20,12,20,1,0,0,0.880275,0.409239,2.407335,2.980656,0.213395,3.705829,0.52196,0.30278,0
user_36769,2021-08-07 02:27:00,32,1,3,5,2,5,20,17,11,19,7,5,1,0.240929,1.329509,2.836371,1.199399,1.137276,1.524166,0.690811,0.599288,0
user_36770,2021-08-18 10:08:00,43,12,3,1,8,2,19,15,0,7,12,2,0,0.842928,2.782266,3.322006,1.546446,4.192036,0.552859,0.977396,0.388747,1
user_36771,2021-09-21 16:17:00,39,6,13,2,8,2,4,8,17,13,2,1,0,1.923761,2.587248,1.740317,1.534163,2.529995,1.234915,0.20107,0.734741,1
user_36772,2021-08-06 12:08:00,50,4,6,2,9,5,0,7,8,16,13,4,0,3.513093,4.931118,3.832431,3.945293,2.154801,2.889608,0.301539,0.442248,1
user_36773,2021-08-17 14:52:00,7,20,16,4,2,2,0,4,18,14,13,1,0,2.382065,4.782176,2.212347,0.564765,3.861025,1.651761,0.914376,0.303296,0
user_36774,2021-08-22 02:43:00,39,8,15,1,9,5,6,6,8,7,16,6,1,4.207436,4.838222,3.687779,3.81985,4.664157,1.546396,0.705014,0.788331,1
user_36775,2021-09-22 14:23:00,15,18,2,0,8,4,18,1,9,7,16,2,0,0.370766,2.485209,0.945458,3.9171,3.228572,1.101927,0.942753,0.570342,1
user_36776,2021-08-31 08:55:00,19,13,10,4,0,2,20,6,16,5,8,1,0,2.40042,0.557089,3.015819,2.805033,4.872443,2.862814,0.630017,0.755595,1
user_36777,2021-09-15 13:43:00,46,12,21,1,8,3,6,1,20,3,9,2,0,2.702567,0.553657,1.751596,2.648435,3.154949,2.780582,0.584369,0.45863,1
user_36778,2021-08-06 02:46:00,37,6,22,0,10,2,12,15,17,8,6,4,0,2.316793,2.601533,3.117483,1.227034,1.678002,1.104695,0.895551,0.261512,1
user_36779,2021-08-14 15:14:00,40,20,18,2,5,0,8,6,6,19,17,5,1,0.363421,1.542242,0.387979,0.536146,1.408854,2.734919,0.490738,0.671393,1
user_36780,2021-10-02 08:29:00,41,20,23,5,8,1,9,17,11,16,12,5,1,4.821749,1.108996,1.162001,0.753026,3.841559,0.690386,0.334158,0.63248,0
user_36781,2021-10-21 08:41:00,21,20,2,3,10,5,16,3,20,6,18,3,0,0.544787,1.845931,3.840344,1.601067,2.47859,3.843233,0.56435,0.206774,1
user_36782,2021-09-05 10:10:00,13,11,19,3,7,3,14,16,4,11,5,6,1,0.916069,0.607315,3.362382,0.205711,1.373956,3.243037,0.989313,0.313079,0
user_36783,2021-08-11 23:04:00,5,19,10,4,9,1,16,14,17,19,17,2,0,4.004119,0.34928,0.25361,3.915158,2.757106,2.646035,0.370828,0.612172,1
user_36784,2021-09-20 06:18:00,15,16,8,5,7,4,16,20,13,12,2,0,0,4.506677,4.819345,2.815231,1.168879,1.159236,3.603887,0.492669,0.886668,1
user_36785,2021-08-14 02:20:00,5,1,19,3,6,1,9,10,4,20,4,5,1,2.499684,0.388944,3.575065,4.416873,1.348085,0.876809,0.33939,0.420988,1
user_36786,2021-09-07 16:18:00,17,1,9,4,5,3,7,3,7,7,7,1,0,2.130336,2.361089,4.050312,4.611614,3.204482,2.070034,0.340489,0.65573,1
user_36787,2021-09-24 09:23:00,2,1,24,1,2,3,15,4,9,5,14,4,0,3.98631,2.740984,3.271799,1.65075,1.410085,2.453288,0.549262,0.654678,0
user_36788,2021-08-02 21:07:00,3,1,10,0,8,1,4,8,8,9,12,0,0,1.196023,4.929276,0.792319,2.185757,4.449265,3.216199,0.465451,0.932078,0
user_36789,2021-09-29 15:42:00,32,7,8,4,5,5,15,16,14,11,12,2,0,2.012743,1.6135,4.019878,4.450821,2.40411,1.808987,0.884978,0.503984,1
user_36790,2021-08-15 00:41:00,33,0,21,0,8,5,20,17,5,9,5,6,1,0.384717,3.103989,2.559034,1.775512,0.175684,0.902249,0.472086,0.56713,0
user_36791,2021-08-20 03:02:00,31,8,24,1,0,4,18,1,12,2,18,4,0,1.918529,2.996901,2.810976,4.011277,3.846586,4.912585,0.755314,0.7423,1
user_36792,2021-09-24 05:50:00,42,3,4,1,4,0,16,19,16,15,11,4,0,3.807082,3.505953,1.681658,1.176883,0.55783,2.982861,0.888294,0.620304,0
user_36793,2021-08-22 14:42:00,10,6,7,5,10,1,12,0,19,3,5,6,1,4.41865,4.660111,1.33087,1.715491,2.669581,2.607965,0.330133,0.695573,0
user_36794,2021-09-12 10:28:00,22,16,2,5,2,1,4,2,15,11,7,6,1,2.43903,3.816263,2.909203,1.882639,1.056791,0.372315,0.406137,0.508756,1
user_36795,2021-10-06 14:55:00,27,1,12,4,4,4,14,13,11,12,19,2,0,0.822422,1.634882,2.028682,4.204816,1.179315,1.588881,0.612803,0.281857,0
user_36796,2021-08-10 05:25:00,26,16,3,1,2,2,17,16,10,3,12,1,0,0.193519,1.507351,1.228567,0.130858,2.409851,1.144307,0.454311,0.492198,1
user_36797,2021-08-09 00:35:00,47,19,14,1,0,2,20,18,18,15,12,0,0,4.542762,4.693267,3.988018,1.472793,0.217528,2.72218,0.646219,0.512455,0
user_36798,2021-09-09 17:13:00,7,20,19,4,1,2,3,9,18,1,10,3,0,2.52266,0.161697,3.890695,4.916239,0.682053,4.020837,0.406951,0.310598,0
user_36799,2021-09-06 17:13:00,4,16,25,2,2,5,15,16,1,7,11,0,0,2.963355,4.764538,4.733582,1.463192,1.643719,0.838112,0.939435,0.673752,0
user_36800,2021-10-19 00:59:00,22,16,29,2,8,1,16,16,18,1,4,1,0,4.493667,2.410879,3.691664,3.666245,3.640355,4.565296,0.887509,0.764749,0
user_36801,2021-08-10 10:21:00,28,20,26,2,2,5,9,8,7,10,11,1,0,3.829737,2.449772,4.630281,0.740426,4.382706,4.838856,0.446422,0.906349,1
user_36802,2021-10-14 23:23:00,40,9,11,2,3,0,10,17,14,1,13,3,0,3.328246,1.405136,4.559832,2.916373,0.826242,0.110532,0.235787,0.796712,0
user_36803,2021-10-23 11:34:00,4,13,26,3,10,5,7,3,12,7,14,5,1,3.914231,4.894714,3.690043,0.776625,1.623066,4.547777,0.685338,0.563644,1
user_36804,2021-10-04 23:41:00,2,2,28,2,8,1,6,1,3,1,9,0,0,1.513886,2.372845,0.44849,3.206624,3.818821,4.00004,0.666107,0.767762,0
user_36805,2021-08-30 23:51:00,1,0,19,5,6,4,18,20,19,14,17,0,0,0.124339,4.927188,0.637329,1.947218,3.483501,2.780076,0.825145,0.335871,0
user_36806,2021-09-04 03:16:00,43,19,11,3,6,0,3,2,10,11,18,5,1,1.009714,0.454079,2.839381,0.981556,1.734187,2.776136,0.288012,0.274079,1
user_36807,2021-09-26 08:55:00,24,16,19,4,5,3,3,5,12,15,14,6,1,3.664007,3.028906,4.570025,1.978713,2.324745,1.863165,0.795495,0.656954,1
user_36808,2021-08-16 05:39:00,29,18,13,3,0,3,3,13,16,14,8,0,0,1.96906,3.018,0.90352,1.546216,0.358278,2.961968,0.817687,0.475568,0
user_36809,2021-08-26 15:09:00,17,19,15,2,8,0,3,12,6,18,11,3,0,2.437309,1.630369,1.988657,2.826695,3.646977,0.319507,0.409322,0.652418,1
user_36810,2021-09-23 05:32:00,34,15,1,0,10,0,11,0,11,18,6,3,0,0.56006,2.86979,4.598231,4.880739,3.265293,2.053344,0.78967,0.310137,1
user_36811,2021-09-23 10:13:00,12,15,27,2,0,4,11,14,10,4,16,3,0,0.468132,2.622096,4.805503,3.690412,0.913946,4.457018,0.294103,0.578363,0
user_36812,2021-10-13 21:34:00,48,4,25,5,10,0,18,3,12,15,15,2,0,3.63625,0.20299,2.226651,0.251021,1.499394,3.477934,0.750082,0.652789,0
user_36813,2021-09-22 04:49:00,17,12,14,0,1,0,5,3,16,13,1,2,0,3.605976,2.628961,3.385156,0.47312,4.621087,1.635303,0.650109,0.818485,0
user_36814,2021-09-26 21:01:00,24,0,24,1,4,3,19,18,2,0,10,6,1,3.413659,0.101416,1.258025,0.293887,0.126266,1.590839,0.963431,0.470808,0
user_36815,2021-08-05 11:55:00,13,9,2,2,10,5,0,12,3,20,9,3,0,2.63709,1.961808,1.343292,0.452084,0.658159,0.346003,0.775171,0.504143,1
user_36816,2021-10-17 02:00:00,23,7,14,0,8,3,7,17,5,6,0,6,1,2.964022,1.892547,0.122005,2.532852,2.768384,4.228847,0.216253,0.436919,1
user_36817,2021-10-18 05:25:00,2,3,24,2,4,5,1,9,18,4,8,0,0,1.153018,4.592694,1.708099,4.578292,3.131077,3.780312,0.458514,0.391266,1
user_36818,2021-08-27 05:18:00,13,11,7,4,0,0,7,14,3,8,10,4,0,1.319106,3.318883,2.616466,2.664179,0.40693,3.01978,0.733476,0.99175,0
user_36819,2021-10-27 23:59:00,31,17,25,5,8,5,3,13,20,13,20,2,0,3.301554,4.312628,0.363075,2.725765,1.934409,2.171768,0.260647,0.205371,0
user_36820,2021-10-20 19:28:00,32,2,8,0,2,0,9,17,4,12,10,2,0,2.91095,0.101982,4.822179,1.872593,4.003573,3.853282,0.497733,0.907269,0
user_36821,2021-08-07 07:43:00,24,12,19,2,3,1,12,9,2,1,14,5,1,3.819843,4.862904,1.775835,3.867938,4.600776,2.359499,0.363357,0.416191,0
user_36822,2021-08-15 21:19:00,24,13,22,5,10,0,4,4,1,13,13,6,1,0.119195,3.056567,2.639802,2.520479,2.199892,3.014131,0.975104,0.246251,1
user_36823,2021-09-18 19:42:00,16,20,28,2,5,2,9,1,5,17,16,5,1,2.265988,0.273311,0.778873,2.620746,2.544939,0.150013,0.259782,0.290132,1
user_36824,2021-08-22 03:11:00,42,14,17,5,6,2,7,15,3,1,10,6,1,3.580812,4.88368,1.502953,2.209375,4.743843,2.178312,0.424834,0.475411,0
user_36825,2021-09-17 00:50:00,47,9,23,4,0,2,20,15,3,14,10,4,0,2.413694,4.024237,1.598307,3.503362,0.668713,0.437244,0.666452,0.497151,1
user_36826,2021-08-31 08:23:00,32,10,25,1,3,1,6,7,7,15,15,1,0,2.833387,1.498313,4.956243,3.328011,0.380265,3.187868,0.656544,0.361623,0
user_36827,2021-10-17 05:01:00,26,9,12,1,4,5,17,16,19,10,0,6,1,4.387539,1.056945,2.442801,3.482939,4.727791,3.86966,0.406367,0.208009,0
user_36828,2021-10-10 04:49:00,18,8,19,3,3,4,6,9,14,4,9,6,1,0.426528,1.239163,2.245426,3.439663,1.863882,1.243944,0.978417,0.645244,1
user_36829,2021-08-30 20:25:00,36,20,21,0,9,5,18,15,19,15,14,0,0,2.037661,2.537493,3.309414,0.204686,3.201877,4.280924,0.230598,0.57506,0
user_36830,2021-10-28 11:33:00,34,5,2,5,0,4,8,12,9,12,11,3,0,2.781972,1.906052,2.047753,3.171522,3.298329,4.232698,0.716689,0.797061,0
user_36831,2021-09-04 14:01:00,19,4,13,1,4,5,7,7,13,15,12,5,1,4.786196,0.742492,2.339921,3.922056,1.21108,1.84381,0.279493,0.532018,0
user_36832,2021-09-19 08:39:00,20,12,13,5,2,2,8,12,0,1,10,6,1,2.531745,4.672534,3.758034,3.465438,1.08385,2.390153,0.215354,0.768679,0
user_36833,2021-09-14 04:46:00,8,8,5,5,0,1,16,12,1,13,15,1,0,1.513646,3.736016,4.207879,1.340504,3.147967,4.06073,0.676276,0.614065,0
user_36834,2021-10-17 10:34:00,16,3,6,4,7,2,11,8,11,2,1,6,1,4.098979,4.723274,4.080513,1.233181,1.475002,2.913721,0.308681,0.631852,0
user_36835,2021-10-04 03:21:00,40,5,24,3,1,5,15,5,1,12,9,0,0,0.197231,2.917949,1.766174,1.162019,3.175615,4.662464,0.49511,0.387898,1
user_36836,2021-08-11 03:34:00,47,2,12,3,7,0,14,19,14,3,3,2,0,3.235162,1.847204,0.232669,3.925303,4.847036,4.893826,0.248029,0.220787,0
user_36837,2021-08-23 13:04:00,15,5,21,2,6,1,20,12,2,0,3,0,0,1.953115,2.189951,0.332789,0.989857,2.860182,0.896235,0.965895,0.510504,1
user_36838,2021-10-13 00:08:00,39,19,30,0,3,1,8,13,17,19,20,2,0,1.804813,2.458249,3.848863,1.068412,0.639797,3.931578,0.720941,0.288108,0
user_36839,2021-08-29 00:25:00,2,18,5,4,9,0,1,10,19,16,13,6,1,3.673995,0.128914,1.449047,2.74189,0.227229,4.565737,0.318019,0.880606,0
user_36840,2021-09-06 17:09:00,9,18,30,3,5,1,12,19,9,0,17,0,0,4.492294,1.955704,1.530155,3.828847,2.522912,2.773687,0.74068,0.790401,1
user_36841,2021-10-18 14:36:00,4,18,29,0,8,0,19,7,16,2,13,0,0,1.66009,2.466908,0.950447,0.871304,3.501051,0.153985,0.842811,0.62148,1
user_36842,2021-08-26 00:18:00,38,20,30,5,2,4,8,17,7,11,4,3,0,4.565632,3.933544,0.398506,0.321132,2.581733,4.343265,0.799464,0.391618,1
user_36843,2021-08-18 01:23:00,43,14,4,4,9,0,2,1,12,15,19,2,0,3.801399,1.166652,4.954962,3.62915,3.17307,1.89219,0.510627,0.307202,0
user_36844,2021-08-15 13:56:00,12,15,30,1,1,0,15,9,10,16,11,6,1,1.17875,1.178047,4.002722,4.628864,0.288852,1.703425,0.570165,0.416873,1
user_36845,2021-10-08 23:44:00,38,16,13,5,5,5,15,9,17,10,6,4,0,4.950997,2.971411,1.255402,3.897398,3.813758,2.283665,0.572488,0.527351,0
user_36846,2021-09-26 20:27:00,31,10,5,2,4,2,5,5,4,2,7,6,1,4.48933,0.595746,3.891014,3.668012,4.08677,1.67601,0.667172,0.33184,0
user_36847,2021-10-05 03:51:00,22,12,6,1,8,1,8,12,7,6,4,1,0,1.272396,0.933605,4.484752,1.102326,2.844984,3.485194,0.374858,0.81392,1
user_36848,2021-08-28 03:55:00,2,18,24,4,3,3,20,2,5,3,12,5,1,4.325054,2.653394,4.68233,0.684484,2.954628,1.777325,0.738904,0.343238,0
user_36849,2021-08-11 05:24:00,3,5,9,4,4,1,10,0,7,5,0,2,0,4.680911,0.595657,2.484836,4.4545,2.703741,4.730705,0.355764,0.468891,0
user_36850,2021-08-07 21:11:00,15,1,16,0,5,1,6,16,8,7,18,5,1,2.428998,0.182893,0.887915,3.574683,3.536386,1.180606,0.492859,0.996062,0
user_36851,2021-08-02 17:13:00,39,5,9,4,1,2,1,8,20,10,6,0,0,4.820367,1.040114,1.840381,3.645324,1.236062,3.177917,0.266214,0.896597,1
user_36852,2021-08-23 17:21:00,2,3,16,4,0,4,14,17,2,8,7,0,0,1.311497,3.619031,3.684075,1.984975,3.669686,4.98755,0.61768,0.278328,0
user_36853,2021-09-05 07:29:00,27,13,8,2,7,2,17,19,10,11,3,6,1,1.927911,4.304393,3.962848,3.919446,0.412004,4.864415,0.833399,0.616462,0
user_36854,2021-09-03 15:49:00,41,15,11,1,6,0,9,14,4,1,11,4,0,0.287912,4.462745,4.797146,3.737739,3.546976,1.737111,0.951802,0.387506,0
user_36855,2021-10-25 05:17:00,4,5,15,0,2,0,1,11,8,3,17,0,0,4.841104,1.816254,3.13011,4.507768,4.174616,2.519541,0.776293,0.869274,0
user_36856,2021-10-26 12:45:00,21,4,19,0,5,4,3,11,18,20,5,1,0,1.871312,0.942712,4.815464,3.562669,2.153003,1.215101,0.898805,0.952583,1
user_36857,2021-09-04 04:00:00,2,5,19,4,8,5,12,15,8,15,14,5,1,2.618555,4.914027,0.641095,4.433204,1.406313,3.792748,0.551622,0.6957,1
user_36858,2021-08-19 01:23:00,1,14,6,4,6,0,18,15,9,17,13,3,0,1.4043,0.488778,3.4989,2.6092,1.536428,3.242527,0.565561,0.816246,0
user_36859,2021-08-17 21:42:00,48,2,29,3,5,3,13,12,18,8,19,1,0,2.353699,1.159706,3.940296,3.300384,3.330389,4.625166,0.279568,0.344838,0
user_36860,2021-09-10 10:54:00,50,10,26,0,9,2,9,17,18,18,10,4,0,3.518161,0.22021,1.727316,3.157117,4.899744,4.705501,0.797012,0.606908,1
user_36861,2021-08-18 09:17:00,26,10,26,4,7,3,15,17,14,8,17,2,0,3.9918,2.62052,1.376086,4.412446,0.667642,4.168836,0.681121,0.649668,1
user_36862,2021-08-14 04:43:00,40,19,11,0,2,2,2,10,6,20,4,5,1,4.436061,4.785921,3.838567,0.85197,2.323937,3.159261,0.440574,0.680323,1
user_36863,2021-08-24 04:19:00,22,18,23,5,4,1,16,6,17,13,12,1,0,4.965638,3.599169,3.192076,2.739952,0.435773,2.89695,0.791818,0.311699,1
user_36864,2021-10-21 06:59:00,10,9,11,2,10,2,11,12,12,1,20,3,0,0.133737,3.095527,0.191796,4.344329,0.33234,1.546183,0.597543,0.9899,1
user_36865,2021-08-06 23:09:00,16,6,26,0,3,5,4,16,4,1,18,4,0,0.838776,3.555189,4.31888,4.909312,2.330445,3.714987,0.412945,0.950053,1
user_36866,2021-10-23 14:00:00,16,13,28,5,10,3,6,17,3,5,12,5,1,2.506576,4.633168,4.61559,2.273347,3.878183,0.932758,0.298301,0.695726,0
user_36867,2021-08-10 09:59:00,26,20,5,4,7,2,10,17,16,20,3,1,0,0.990458,2.296029,0.414612,1.519684,4.921094,1.829175,0.642321,0.355122,1
user_36868,2021-10-09 17:31:00,36,5,17,0,9,0,7,12,9,11,17,5,1,0.77575,1.221953,3.742361,0.988122,4.834234,2.980727,0.899251,0.584568,1
user_36869,2021-08-11 07:07:00,31,16,19,3,4,2,14,14,9,2,17,2,0,3.56159,1.717565,0.564302,4.107328,3.123491,1.563,0.946208,0.8375,0
user_36870,2021-10-24 05:24:00,29,17,10,3,7,2,13,3,14,14,8,6,1,2.647725,4.534215,2.728478,1.59132,1.536911,2.491084,0.220716,0.718823,0
user_36871,2021-08-12 17:08:00,46,8,16,0,4,5,2,17,9,14,18,3,0,2.21034,3.631258,4.400113,2.462062,3.813047,4.056299,0.902066,0.93589,1
user_36872,2021-10-10 17:41:00,24,5,29,2,4,3,0,10,12,6,9,6,1,0.346563,1.793143,3.867249,0.178658,2.654016,3.930172,0.547662,0.996832,1
user_36873,2021-09-02 08:52:00,11,20,13,3,8,0,15,6,11,10,16,3,0,1.985856,4.550057,3.047924,4.040892,1.495078,2.198281,0.515015,0.964359,0
user_36874,2021-09-20 13:33:00,49,5,19,3,8,0,20,7,5,10,0,0,0,1.104858,2.494901,3.214177,0.793417,1.840163,0.98216,0.679869,0.742276,0
user_36875,2021-09-09 06:48:00,10,4,27,1,5,1,13,13,1,14,3,3,0,2.2227,4.198269,2.893916,4.072807,4.618679,0.95486,0.971037,0.895876,0
user_36876,2021-09-17 21:38:00,32,14,20,3,9,0,10,15,1,2,1,4,0,3.702124,3.418281,0.987163,3.665354,3.311974,2.915158,0.361125,0.218095,0
user_36877,2021-09-02 06:48:00,41,0,28,1,10,2,0,17,11,12,17,3,0,2.205967,1.3906,3.042085,4.992624,0.250113,2.878633,0.751783,0.777531,0
user_36878,2021-08-07 12:56:00,8,1,21,2,6,1,20,13,11,19,17,5,1,4.013977,2.295219,1.121331,4.872612,3.670571,3.654749,0.779401,0.887424,0
user_36879,2021-08-21 21:10:00,20,4,10,1,4,5,15,0,12,18,17,5,1,3.405397,2.0287,4.082449,0.483461,4.241406,4.84424,0.506269,0.364092,0
user_36880,2021-08-17 00:58:00,19,11,6,4,4,0,17,14,20,17,12,1,0,2.973013,1.934972,3.824868,1.828382,0.5843,3.401767,0.928896,0.622616,0
user_36881,2021-09-18 20:11:00,30,11,5,2,0,3,12,13,13,1,4,5,1,4.443262,4.372858,0.733098,3.127985,0.376962,2.251853,0.297693,0.956684,1
user_36882,2021-08-19 17:17:00,12,3,19,5,10,0,20,16,19,16,10,3,0,4.446351,0.702975,0.540037,1.591393,3.119978,3.806136,0.778546,0.520924,0
user_36883,2021-09-18 07:36:00,31,3,26,2,1,5,7,17,11,19,13,5,1,3.71269,2.657885,0.179275,3.003984,0.995843,1.055155,0.924052,0.800788,1
user_36884,2021-10-12 13:07:00,50,10,11,2,8,1,1,6,19,3,13,1,0,4.992384,4.863255,0.676449,3.093694,2.053965,1.467736,0.425986,0.324023,1
user_36885,2021-10-28 07:26:00,21,18,7,1,4,0,1,8,13,12,4,3,0,3.392325,3.360813,0.134947,2.485672,0.237864,2.455495,0.755246,0.859605,1
user_36886,2021-09-17 21:37:00,47,13,12,0,1,3,18,17,5,16,2,4,0,4.303274,0.209638,2.461789,1.920273,3.549593,1.42956,0.441884,0.922542,1
user_36887,2021-10-05 05:37:00,48,19,22,1,9,4,12,15,7,8,4,1,0,4.326476,4.49572,0.255622,2.605758,3.524792,3.59566,0.209366,0.438135,0
user_36888,2021-10-24 23:22:00,20,20,7,1,6,4,2,8,10,8,8,6,1,4.557678,0.960716,1.189532,3.618895,0.418513,3.963275,0.460805,0.3389,0
user_36889,2021-09-06 02:39:00,20,13,8,1,8,0,10,5,15,7,4,0,0,0.730981,1.090667,4.807716,1.399813,0.518247,0.584278,0.713868,0.534921,1
user_36890,2021-08-31 03:49:00,25,19,23,3,6,4,1,17,4,5,20,1,0,4.247451,2.99861,4.915201,2.89141,0.997523,4.180722,0.574905,0.444076,0
user_36891,2021-09-29 10:35:00,8,17,11,0,6,1,14,6,5,9,7,2,0,1.201358,3.056075,2.741236,0.330244,2.965924,3.541112,0.820831,0.25215,1
user_36892,2021-09-27 17:00:00,9,14,1,4,5,4,20,16,0,18,8,0,0,4.640302,4.769144,4.808228,2.800652,3.741751,3.979299,0.659438,0.804761,0
user_36893,2021-08-04 04:48:00,43,1,26,3,9,3,18,9,19,17,6,2,0,0.813188,3.409479,1.908021,1.08344,2.370318,3.774425,0.342956,0.205767,1
user_36894,2021-08-24 20:14:00,19,3,7,4,2,3,16,4,7,7,9,1,0,3.289612,1.367148,4.993774,4.97462,3.067828,1.700322,0.379288,0.765642,0
user_36895,2021-09-04 21:00:00,36,14,3,3,8,2,9,15,7,17,6,5,1,0.987996,4.342092,2.563161,2.826227,2.640938,0.718565,0.845881,0.481654,0
user_36896,2021-09-09 06:48:00,1,4,11,0,7,3,8,16,16,9,6,3,0,4.745924,2.395386,1.11938,2.396364,2.615318,0.788773,0.460256,0.860586,0
user_36897,2021-09-02 21:06:00,6,15,15,5,1,5,0,19,11,18,9,3,0,4.236664,0.328425,0.21798,3.774273,4.326449,4.460257,0.985756,0.753921,0
user_36898,2021-10-27 11:23:00,16,6,12,4,8,2,13,3,9,5,2,2,0,0.250573,1.003911,4.457389,4.140786,2.264321,0.915298,0.520879,0.676102,1
user_36899,2021-08-15 05:14:00,35,16,22,2,7,4,16,7,2,20,3,6,1,1.551424,1.429749,4.683541,1.718508,0.70684,1.71576,0.483245,0.659908,0
user_36900,2021-09-14 06:25:00,44,17,2,5,4,5,6,20,1,6,17,1,0,4.731816,0.709378,3.136065,4.953617,4.155751,0.629739,0.912832,0.331079,0
user_36901,2021-08-17 06:39:00,46,0,23,4,5,5,6,3,1,7,18,1,0,1.469992,1.547574,1.798403,0.74192,4.867224,0.359077,0.827814,0.517783,0
user_36902,2021-10-03 22:31:00,38,18,5,5,8,0,15,17,13,15,7,6,1,4.085212,2.954577,3.26113,1.102059,4.52936,4.261459,0.237372,0.208631,0
user_36903,2021-09-12 15:45:00,33,13,24,4,7,0,7,1,10,14,0,6,1,0.580809,1.788643,4.352674,4.980287,3.576194,2.111769,0.692231,0.647051,1
user_36904,2021-08-04 13:26:00,35,6,15,3,4,0,3,3,8,1,10,2,0,2.155003,2.67808,3.156514,4.514705,3.312104,3.110031,0.369329,0.911504,0
user_36905,2021-08-02 12:35:00,46,11,14,0,7,5,18,14,20,5,6,0,0,2.141087,1.667607,0.983967,3.483636,0.113591,0.744151,0.801914,0.233838,0
user_36906,2021-08-23 05:02:00,42,3,25,0,5,4,14,0,5,9,14,0,0,3.703072,3.0807,1.675266,4.608314,2.01811,0.150335,0.279957,0.208761,0
user_36907,2021-10-14 15:01:00,49,10,26,4,2,4,10,20,19,0,2,3,0,1.03197,0.268804,4.75674,3.084739,2.016898,1.931711,0.701298,0.305144,0
user_36908,2021-08-23 04:28:00,7,14,2,3,8,5,5,2,1,0,7,0,0,4.465088,0.960219,0.800954,0.546579,1.657426,0.970475,0.644765,0.384996,1
user_36909,2021-09-19 18:34:00,44,3,11,4,6,4,20,7,17,16,7,6,1,1.33158,2.351148,3.096603,1.664929,4.506845,2.384299,0.306505,0.508776,0
user_36910,2021-10-26 14:29:00,46,8,8,4,9,3,5,19,14,20,19,1,0,1.057779,3.358377,1.495738,2.443378,1.043209,4.377298,0.938342,0.781812,0
user_36911,2021-09-15 18:26:00,5,13,14,1,9,3,16,20,20,7,1,2,0,4.71184,2.991515,3.444116,0.430163,4.288618,1.234436,0.935228,0.327259,0
user_36912,2021-08-08 09:48:00,10,11,24,1,7,2,6,0,11,18,4,6,1,1.643879,4.432657,1.179287,3.29674,0.27093,4.722379,0.500776,0.3257,1
user_36913,2021-09-09 04:51:00,19,17,30,2,4,5,7,11,6,1,19,3,0,2.635278,2.958504,4.435025,4.890205,3.613444,3.994176,0.681705,0.547654,1
user_36914,2021-09-10 23:17:00,26,4,19,0,4,5,8,16,13,8,8,4,0,0.61328,0.335425,0.123415,0.152495,3.681632,0.262829,0.695824,0.669405,1
user_36915,2021-09-11 04:42:00,25,20,6,1,10,0,0,12,11,15,0,5,1,3.928051,0.150937,4.145333,2.584639,4.756677,1.089097,0.982606,0.994874,1
user_36916,2021-09-04 07:28:00,45,5,17,3,9,1,5,0,12,12,11,5,1,1.4721,3.43492,4.780026,2.370696,3.529403,2.150232,0.51024,0.716781,1
user_36917,2021-10-11 08:13:00,38,12,5,1,2,2,15,16,20,5,20,0,0,1.134204,2.623172,4.365018,4.092743,1.398227,2.769285,0.978097,0.329896,1
user_36918,2021-08-20 09:01:00,18,15,5,2,10,1,4,4,10,8,17,4,0,3.851338,4.5628,4.874686,1.37454,0.627486,2.35075,0.839993,0.720023,1
user_36919,2021-08-17 06:03:00,47,12,5,0,8,4,9,16,17,20,18,1,0,0.401988,3.63981,1.266526,1.267539,2.33382,4.017957,0.816527,0.951387,0
user_36920,2021-08-26 16:05:00,47,10,23,0,9,4,0,18,5,14,4,3,0,3.148515,2.032374,4.461202,0.847069,0.847843,3.572957,0.351587,0.439018,0
user_36921,2021-10-24 15:17:00,50,8,27,4,4,4,13,13,17,7,4,6,1,0.815885,1.032866,3.456797,3.191447,4.213598,4.324007,0.838854,0.288089,0
user_36922,2021-09-19 06:40:00,10,1,28,1,4,5,2,14,3,12,4,6,1,1.186101,2.059057,4.318682,3.926814,2.239714,4.162481,0.745884,0.263783,1
user_36923,2021-10-21 16:40:00,35,7,22,1,4,4,10,8,6,0,0,3,0,1.805267,2.55959,3.884114,2.29506,0.427328,3.952807,0.455915,0.336251,1
user_36924,2021-08-23 19:40:00,9,13,20,2,7,3,10,20,15,1,15,0,0,2.809828,2.259867,4.769085,3.802507,2.994545,0.377092,0.615526,0.519448,0
user_36925,2021-10-23 02:58:00,46,5,19,4,6,4,0,4,0,0,16,5,1,2.652063,1.923701,4.974522,4.44694,1.564184,0.817147,0.47394,0.972983,1
user_36926,2021-10-08 03:46:00,28,6,27,4,5,4,20,4,13,6,13,4,0,4.365041,0.91478,0.987041,3.675865,2.753655,1.899325,0.57478,0.2488,1
user_36927,2021-10-01 22:07:00,28,10,7,3,2,5,17,1,19,11,8,4,0,3.858152,2.407759,3.150597,3.44781,3.45743,2.450985,0.383779,0.763466,0
user_36928,2021-08-16 08:51:00,41,1,24,4,1,4,15,10,17,4,10,0,0,0.348566,4.631705,2.520994,3.43905,1.322521,4.402088,0.445417,0.525605,1
user_36929,2021-08-02 11:21:00,39,0,22,0,4,3,2,9,5,17,5,0,0,3.777568,2.611,1.690156,2.613852,0.8154,3.522324,0.907421,0.590752,0
user_36930,2021-10-07 18:10:00,45,6,16,4,10,0,6,13,2,7,7,3,0,3.172767,3.222033,4.412285,0.895977,4.775241,4.013235,0.528825,0.340662,1
user_36931,2021-09-14 10:50:00,42,17,11,3,7,2,4,8,14,1,16,1,0,0.537435,1.999831,0.952604,4.179754,3.604518,0.20766,0.310831,0.450703,0
user_36932,2021-09-22 03:14:00,20,8,25,1,5,4,20,15,13,2,2,2,0,1.272458,3.935007,3.437309,1.669376,0.68039,3.078997,0.749203,0.410981,1
user_36933,2021-09-18 08:11:00,32,1,21,2,9,3,1,13,18,8,12,5,1,1.772701,4.669732,4.482393,0.367205,1.977144,3.939284,0.677239,0.479922,1
user_36934,2021-09-04 11:12:00,49,5,15,2,8,4,5,16,1,18,14,5,1,3.598445,0.579122,1.175466,4.068428,1.381036,4.714262,0.531298,0.440594,0
user_36935,2021-10-11 20:13:00,3,8,26,3,9,3,1,6,8,13,19,0,0,4.332321,4.887897,4.687362,2.495416,3.171462,2.187072,0.796558,0.210353,1
user_36936,2021-09-04 06:27:00,45,15,5,5,7,3,5,12,12,12,6,5,1,0.731198,3.628193,4.163899,4.983413,3.235455,2.594901,0.625432,0.240943,0
user_36937,2021-08-04 12:43:00,31,8,15,0,0,4,18,19,2,17,13,2,0,1.570698,4.920894,2.553897,2.02437,2.643665,3.156363,0.731199,0.591533,0
user_36938,2021-09-12 02:03:00,16,5,14,1,4,3,18,12,3,12,5,6,1,1.894278,0.670715,1.508036,2.457964,1.237323,1.723676,0.77278,0.859851,1
user_36939,2021-09-10 17:24:00,43,18,11,4,3,3,9,5,10,8,7,4,0,0.914244,4.247731,2.78492,2.645898,1.005005,3.524388,0.566418,0.618173,0
user_36940,2021-10-01 04:24:00,19,16,12,2,7,1,8,14,6,12,16,4,0,3.209306,3.206443,0.722383,4.809239,1.662567,2.474123,0.291753,0.619919,0
user_36941,2021-10-04 21:00:00,44,14,16,0,4,2,9,18,1,18,19,0,0,3.513244,3.853555,3.929951,2.586772,4.151294,2.572849,0.917166,0.56174,0
user_36942,2021-08-12 23:08:00,38,10,6,1,8,4,6,6,1,11,16,3,0,4.873404,4.3755,0.131818,4.004923,1.333172,0.328534,0.632789,0.576203,0
user_36943,2021-08-24 00:52:00,6,13,29,1,9,4,3,1,3,8,6,1,0,2.668102,4.799556,1.213101,2.840751,3.114142,4.449686,0.61554,0.726715,1
user_36944,2021-09-02 04:55:00,37,3,20,1,8,2,15,5,10,19,12,3,0,4.57269,4.014574,1.612351,2.454627,4.612989,2.456801,0.578832,0.29469,1
user_36945,2021-08-20 03:49:00,34,12,12,2,10,0,1,17,6,9,13,4,0,1.916349,3.16376,2.532643,1.940782,1.558794,0.415121,0.666854,0.288695,0
user_36946,2021-09-09 15:37:00,25,20,20,0,9,0,5,6,0,8,17,3,0,1.014973,4.845524,0.43519,0.391151,3.150373,3.555384,0.604083,0.677435,0
user_36947,2021-10-19 15:45:00,14,19,12,4,9,5,14,16,1,13,5,1,0,0.554954,1.386292,1.623503,2.561037,4.273953,3.122756,0.361303,0.54357,1
user_36948,2021-09-25 23:16:00,7,10,1,0,8,2,15,9,17,20,19,5,1,2.467185,1.982427,4.932001,2.98761,4.486128,2.16477,0.240368,0.497061,0
user_36949,2021-10-08 19:38:00,5,18,8,5,5,2,5,12,12,7,0,4,0,3.202368,1.795874,3.852815,0.579902,2.030278,0.847731,0.383726,0.526284,1
user_36950,2021-09-15 11:30:00,29,20,5,1,7,1,10,19,0,5,5,2,0,0.957226,4.292741,0.119831,3.69319,0.347711,4.940319,0.22417,0.544112,0
user_36951,2021-10-13 19:00:00,36,20,12,3,8,0,1,5,17,18,7,2,0,3.441608,4.704773,4.999341,4.458918,4.066234,4.642131,0.30546,0.427945,1
user_36952,2021-10-09 19:37:00,22,8,24,0,2,1,16,15,16,4,19,5,1,0.905595,0.91069,4.452092,4.088402,0.906606,2.424262,0.533125,0.374895,0
user_36953,2021-10-03 02:49:00,13,19,8,3,4,2,18,13,2,1,4,6,1,4.38023,1.829548,2.26854,1.090018,0.829691,3.772903,0.873338,0.624389,1
user_36954,2021-10-19 10:52:00,16,5,17,2,1,1,15,15,20,15,16,1,0,4.760326,3.750297,3.94322,2.42934,1.16578,2.430548,0.875346,0.96945,1
user_36955,2021-10-19 06:27:00,3,18,7,2,10,3,17,7,16,10,8,1,0,4.816883,4.716958,4.218011,3.552739,4.893789,1.113621,0.340247,0.407879,0
user_36956,2021-10-09 03:33:00,20,9,1,1,10,0,10,11,13,7,0,5,1,2.069048,2.7653,1.602691,3.796955,3.116397,1.413781,0.353991,0.490622,0
user_36957,2021-08-07 04:51:00,2,2,17,4,0,1,8,19,18,20,5,5,1,2.885354,1.525166,2.725281,1.612266,0.760116,0.163567,0.716235,0.77154,1
user_36958,2021-10-26 12:34:00,50,2,16,4,2,1,19,18,5,11,16,1,0,1.770994,1.911548,4.980929,0.606256,2.297507,0.879199,0.56926,0.97041,0
user_36959,2021-08-05 02:43:00,16,11,8,4,5,3,15,14,19,12,13,3,0,0.128327,4.544437,4.608301,4.620633,0.516064,3.219742,0.430854,0.680805,0
user_36960,2021-08-23 15:11:00,45,10,8,3,3,4,3,20,10,5,11,0,0,4.79487,0.948303,3.092088,4.321623,3.31811,2.015891,0.395343,0.988873,1
user_36961,2021-08-18 04:00:00,42,9,28,0,4,0,0,11,18,1,3,2,0,0.234284,4.979443,4.888863,4.621776,2.072046,4.221686,0.918865,0.490559,1
user_36962,2021-09-19 18:52:00,48,9,20,3,5,0,3,0,2,7,5,6,1,4.449709,1.157376,1.736402,2.067483,2.234634,3.186928,0.963435,0.752135,1
user_36963,2021-10-29 03:28:00,49,0,2,0,1,0,9,3,1,16,18,4,0,4.347619,0.596272,0.555123,3.646031,0.242129,2.486601,0.404889,0.85101,1
user_36964,2021-10-15 02:38:00,18,2,22,2,10,4,18,6,16,20,9,4,0,4.194705,2.478949,0.444015,1.052747,2.650956,2.947657,0.919108,0.2164,1
user_36965,2021-09-22 11:40:00,17,18,25,0,1,3,9,1,1,4,18,2,0,4.550111,0.572004,2.972757,2.630183,3.419451,3.503081,0.994982,0.510987,0
user_36966,2021-10-07 00:44:00,40,2,15,0,9,1,18,3,15,7,5,3,0,0.989835,2.146244,1.073324,0.7278,1.330197,2.116428,0.801411,0.848396,1
user_36967,2021-08-11 23:35:00,27,8,18,0,3,5,19,19,9,11,19,2,0,3.897322,1.983871,0.51022,4.956674,4.316704,4.843455,0.633243,0.481178,0
user_36968,2021-08-25 17:12:00,49,16,5,5,7,2,11,8,17,18,10,2,0,4.008758,0.361385,4.742554,2.289032,1.513488,0.448517,0.831914,0.639522,1
user_36969,2021-10-15 14:26:00,17,19,6,1,5,0,20,7,8,2,0,4,0,1.920981,1.119503,2.019585,1.808282,2.731644,0.534261,0.492383,0.64406,1
user_36970,2021-09-07 13:15:00,44,13,15,3,5,5,18,2,5,1,14,1,0,4.944149,0.798954,3.382483,0.238535,1.608394,4.568241,0.957737,0.26318,0
user_36971,2021-09-22 07:46:00,43,4,6,4,9,3,3,0,5,16,18,2,0,4.906074,1.229693,0.175771,1.558247,4.427698,1.121794,0.757423,0.227363,0
user_36972,2021-08-26 21:50:00,9,10,22,1,4,0,2,9,12,10,17,3,0,4.673404,0.847165,1.838728,1.256208,0.702753,1.604939,0.989034,0.241839,1
user_36973,2021-09-22 02:22:00,31,12,23,1,6,0,6,3,2,3,5,2,0,1.733989,1.47926,4.237777,4.340336,2.653879,1.462584,0.854305,0.834756,0
user_36974,2021-08-11 01:05:00,17,16,26,0,0,4,10,15,8,3,7,2,0,3.763176,3.49219,1.935713,3.926217,2.661511,3.633171,0.228038,0.778136,1
user_36975,2021-08-05 16:52:00,30,18,29,1,6,4,2,1,9,1,2,3,0,4.546761,1.568123,1.696766,3.645427,3.228399,3.36988,0.418238,0.722019,0
user_36976,2021-09-03 22:09:00,22,3,22,3,3,3,13,2,8,3,5,4,0,0.585839,1.327783,0.600719,2.941191,0.65285,0.252222,0.704187,0.963699,1
user_36977,2021-10-11 02:02:00,24,1,8,2,5,4,19,10,10,7,13,0,0,2.388267,4.698274,2.222642,3.570046,0.750296,2.852048,0.297065,0.224491,1
user_36978,2021-09-07 17:59:00,17,19,18,2,10,4,11,1,4,7,17,1,0,3.924789,1.49043,1.137087,3.398771,3.483205,1.036503,0.83255,0.426681,1
user_36979,2021-10-26 06:26:00,49,13,28,0,9,4,5,2,2,17,11,1,0,4.549089,1.351335,0.509134,4.835222,4.479091,2.601105,0.735195,0.69789,1
user_36980,2021-10-21 08:34:00,18,5,24,4,8,1,19,3,2,3,9,3,0,4.670906,1.708478,0.805347,2.427696,3.234047,3.768163,0.349559,0.726769,0
user_36981,2021-09-21 23:36:00,20,19,29,0,3,1,14,16,11,0,10,1,0,2.620509,1.310686,3.639676,1.945949,4.400672,4.703475,0.827118,0.623513,0
user_36982,2021-10-13 20:39:00,20,4,13,3,9,0,4,8,19,12,18,2,0,0.719733,1.269508,0.305553,4.554735,4.18127,0.51526,0.895002,0.966897,1
user_36983,2021-10-29 12:49:00,47,18,9,1,6,5,19,9,12,5,0,4,0,3.187981,3.229298,3.069581,4.136328,0.700968,4.269663,0.229926,0.919567,0
user_36984,2021-10-24 16:20:00,27,6,2,0,4,1,14,1,6,6,12,6,1,3.001589,3.074135,2.664345,1.994886,0.9353,1.801021,0.589882,0.595091,1
user_36985,2021-10-02 16:33:00,22,20,24,3,8,2,5,20,14,14,18,5,1,2.482652,4.3571,4.881068,4.369836,2.71599,2.446599,0.332768,0.409963,0
user_36986,2021-10-10 09:03:00,7,9,18,4,3,2,3,19,1,6,19,6,1,1.153824,3.697779,3.699954,1.468804,1.112353,2.258584,0.765118,0.385032,1
user_36987,2021-10-02 02:27:00,43,9,2,0,0,5,20,14,3,4,19,5,1,4.470029,0.866358,1.100303,1.31491,4.512242,2.145518,0.989679,0.614722,0
user_36988,2021-09-11 07:10:00,42,10,21,3,8,4,15,16,1,15,4,5,1,2.76423,1.014654,4.021031,1.840826,2.038304,3.202329,0.784666,0.977468,0
user_36989,2021-09-25 17:05:00,46,19,2,4,5,5,14,17,7,10,2,5,1,3.794431,3.741933,1.117893,3.391604,3.641243,4.297538,0.718539,0.816692,0
user_36990,2021-08-09 12:32:00,37,12,26,5,3,3,14,16,11,19,17,0,0,3.989366,3.374646,3.683529,1.288904,4.373344,2.251411,0.528397,0.626606,0
user_36991,2021-10-18 05:32:00,34,15,19,2,7,3,16,14,17,15,13,0,0,4.311655,0.829964,0.726093,1.708513,1.135812,3.001939,0.234437,0.940876,1
user_36992,2021-09-19 11:24:00,6,3,17,1,1,5,18,18,15,8,4,6,1,0.551702,0.193512,3.734066,4.548797,2.38833,1.879169,0.47346,0.501216,1
user_36993,2021-09-04 02:18:00,4,17,17,2,3,0,9,10,14,10,1,5,1,0.872579,3.169335,4.876793,3.394328,2.315522,3.199097,0.507294,0.550911,1
user_36994,2021-08-25 11:09:00,21,2,17,5,2,4,0,16,16,17,13,2,0,4.754695,2.003005,3.842421,4.008183,3.974906,2.753867,0.888345,0.43675,0
user_36995,2021-09-01 04:35:00,19,17,3,1,7,3,10,10,7,5,20,2,0,4.122781,4.292596,2.891841,3.599962,0.747446,3.206232,0.721211,0.296253,1
user_36996,2021-10-27 03:09:00,31,15,26,5,0,1,8,15,16,17,11,2,0,2.689768,3.756168,3.442673,4.980316,0.13856,3.060252,0.230549,0.63009,1
user_36997,2021-08-22 11:15:00,48,17,20,2,5,1,9,12,4,2,7,6,1,2.953901,3.346008,1.886053,4.547209,2.386453,3.735324,0.272738,0.915676,1
user_36998,2021-10-09 03:09:00,27,1,14,4,10,3,4,1,0,4,17,5,1,2.010006,2.953848,3.738664,0.317081,1.759364,1.59881,0.787454,0.788115,0
user_36999,2021-08-09 05:16:00,21,1,4,1,9,0,19,18,7,13,17,0,0,1.288235,4.338935,4.629842,1.117594,3.501247,3.463934,0.681252,0.378037,0
user_37000,2021-08-05 00:26:00,24,19,25,2,7,0,6,20,9,7,0,3,0,3.656175,4.109275,1.126307,2.438485,3.663354,2.518216,0.307208,0.692865,1
user_37001,2021-09-30 01:09:00,27,2,21,1,4,2,11,13,14,7,4,3,0,4.872471,4.711085,2.452827,4.881634,3.504212,1.52042,0.889746,0.546595,0
user_37002,2021-08-04 07:00:00,33,6,10,0,9,0,18,3,2,9,17,2,0,0.755176,0.903434,2.910536,0.468527,1.04608,4.906603,0.209182,0.643063,1
user_37003,2021-08-23 17:06:00,30,9,25,2,2,0,16,0,6,13,9,0,0,1.441955,2.788581,2.678191,1.708698,2.986361,1.268979,0.683008,0.81869,1
user_37004,2021-10-22 12:43:00,3,10,7,3,10,4,19,11,5,9,4,4,0,0.850728,2.287339,1.524339,2.082937,3.898309,4.335243,0.366362,0.31602,1
user_37005,2021-10-24 17:31:00,50,7,23,4,1,4,12,12,2,15,13,6,1,3.596137,1.897299,3.991874,4.938329,1.855257,1.209108,0.733339,0.636049,0
user_37006,2021-10-02 06:17:00,9,6,17,4,9,4,14,4,15,9,14,5,1,2.090401,1.331405,4.878938,1.926666,4.106007,3.982173,0.509167,0.987642,0
user_37007,2021-08-03 16:41:00,3,3,20,5,8,2,5,6,18,9,11,1,0,1.017115,0.116391,2.621497,0.256642,4.005365,1.206295,0.522775,0.651818,1
user_37008,2021-09-11 21:47:00,46,9,26,0,7,0,10,3,8,8,16,5,1,4.628686,0.611817,1.090269,4.812758,4.429504,2.333191,0.771788,0.865924,1
user_37009,2021-09-28 09:06:00,33,16,22,3,3,1,19,1,10,9,17,1,0,2.022034,3.070594,4.377223,0.777268,4.622344,1.548185,0.49686,0.202662,0
user_37010,2021-08-26 15:07:00,4,11,25,4,10,5,6,17,6,6,7,3,0,0.125818,4.880067,3.336054,2.09455,3.551461,1.88394,0.410366,0.887755,1
user_37011,2021-09-19 09:05:00,11,19,1,5,1,5,3,18,18,3,10,6,1,1.573435,4.733719,0.442002,1.662571,4.168337,0.279804,0.494702,0.750347,0
user_37012,2021-08-21 10:26:00,2,18,17,1,7,2,11,11,6,15,3,5,1,3.66128,0.797373,2.395329,2.237722,1.050802,4.767421,0.516885,0.899698,0
user_37013,2021-08-02 02:01:00,41,3,28,2,1,0,18,1,4,1,18,0,0,4.967753,3.551181,1.777375,2.951174,4.550129,1.183523,0.760168,0.79966,1
user_37014,2021-10-06 23:31:00,6,1,28,4,7,1,3,16,0,11,2,2,0,2.731102,0.450371,2.13105,4.314729,1.124867,2.726742,0.483394,0.233387,0
user_37015,2021-10-20 15:42:00,7,20,20,0,8,0,20,20,1,0,4,2,0,4.122568,2.58857,2.830762,2.889233,0.959401,3.466214,0.24315,0.517544,1
user_37016,2021-08-12 23:05:00,35,13,12,1,7,2,19,15,5,7,17,3,0,4.601733,1.155183,1.161047,0.81403,1.974231,2.087204,0.807312,0.497907,1
user_37017,2021-08-13 03:12:00,14,6,10,1,5,3,12,0,10,5,17,4,0,4.55136,2.701888,4.564561,4.995929,4.501469,2.823826,0.272524,0.437289,0
user_37018,2021-10-20 20:32:00,2,11,10,2,6,2,18,15,5,0,16,2,0,3.000488,0.705413,1.571775,0.383549,1.226804,2.442322,0.981006,0.890121,1
user_37019,2021-08-24 13:40:00,38,0,30,0,3,4,10,15,9,2,9,1,0,3.977709,1.522205,4.467,2.556047,1.772739,4.27476,0.277244,0.648432,0
user_37020,2021-09-06 21:40:00,20,17,12,4,10,5,4,18,12,0,15,0,0,3.616455,4.565453,0.958313,3.056966,0.718931,3.667814,0.406818,0.586719,0
user_37021,2021-09-29 03:31:00,5,17,4,2,3,2,19,6,8,2,8,2,0,3.301423,0.304455,2.725882,4.836736,2.600133,2.505326,0.822457,0.559162,1
user_37022,2021-10-03 12:36:00,21,5,10,3,5,3,0,3,14,2,20,6,1,0.237804,0.48477,0.456014,1.740371,1.645976,2.655684,0.872923,0.666282,0
user_37023,2021-09-28 04:02:00,35,1,3,0,7,2,15,17,5,3,19,1,0,3.195635,2.938386,3.634384,0.846038,3.347918,4.675805,0.315507,0.43686,0
user_37024,2021-09-27 12:55:00,49,11,16,2,3,0,13,8,15,10,14,0,0,2.857848,1.724759,0.128414,4.049998,0.418839,4.722719,0.201731,0.556408,0
user_37025,2021-08-10 14:44:00,29,5,20,0,2,1,11,14,6,8,1,1,0,4.965293,4.511274,1.340113,1.712779,1.471046,3.410293,0.958864,0.319995,0
user_37026,2021-10-21 21:43:00,38,20,5,0,6,5,8,0,4,4,18,3,0,1.097778,2.249487,0.139261,0.632191,1.722285,3.032043,0.987228,0.665449,0
user_37027,2021-10-08 15:40:00,28,3,13,1,9,1,5,7,15,14,15,4,0,2.000312,4.857868,1.070213,3.142531,2.363218,4.113681,0.627786,0.450629,0
user_37028,2021-09-19 03:51:00,18,17,29,0,0,3,4,13,0,4,6,6,1,4.454683,3.182235,0.769303,1.216196,3.240043,3.19121,0.767646,0.881479,1
user_37029,2021-08-14 17:31:00,6,16,27,1,7,4,16,13,7,9,14,5,1,4.603697,4.968216,0.298475,3.663085,2.61375,3.323448,0.203181,0.283818,0
user_37030,2021-09-19 02:33:00,2,5,12,5,8,4,5,14,2,7,1,6,1,0.113849,3.841474,0.669609,4.232735,0.439886,1.415218,0.683997,0.33734,0
user_37031,2021-09-03 06:09:00,38,11,5,4,10,4,11,13,7,7,19,4,0,2.557457,1.385009,4.935492,0.667117,4.586793,1.082631,0.452626,0.941461,0
user_37032,2021-09-25 23:17:00,24,11,6,2,2,4,14,8,3,12,9,5,1,1.293895,3.877868,3.193046,2.48937,4.872413,0.473352,0.290733,0.369243,0
user_37033,2021-10-01 20:42:00,32,13,22,4,7,2,20,4,0,3,14,4,0,2.863975,2.40275,3.226974,3.396493,1.978688,2.216466,0.404532,0.519996,1
user_37034,2021-08-30 11:54:00,33,18,2,2,4,0,19,1,4,20,3,0,0,3.831777,1.739334,3.566644,1.024189,1.021185,2.15091,0.201026,0.548336,1
user_37035,2021-09-29 12:23:00,26,0,22,0,0,0,5,15,11,12,18,2,0,1.176745,4.064516,1.336291,4.841756,4.333883,0.426935,0.937177,0.453455,0
user_37036,2021-08-12 17:16:00,27,9,8,0,9,4,3,18,7,7,6,3,0,2.712656,1.985905,1.824534,0.272702,3.21434,3.625277,0.371641,0.21174,0
user_37037,2021-10-21 06:17:00,30,14,27,0,8,3,6,7,1,18,1,3,0,0.875918,4.718052,3.697616,0.495561,1.964552,3.615157,0.399368,0.532435,0
user_37038,2021-09-01 00:11:00,49,0,8,5,1,3,6,18,19,1,17,2,0,4.069707,3.895094,3.111441,3.165878,4.512558,1.053515,0.585574,0.640059,0
user_37039,2021-09-10 13:28:00,33,13,12,2,5,2,14,2,19,12,15,4,0,4.913668,4.753902,3.625741,1.360276,0.580746,1.622265,0.219888,0.849814,0
user_37040,2021-09-14 05:00:00,34,16,22,4,2,2,7,5,8,11,16,1,0,0.561155,3.765363,4.605922,3.747491,4.82378,3.548938,0.534678,0.352004,0
user_37041,2021-09-29 15:15:00,49,19,2,2,6,0,15,11,13,15,6,2,0,2.88903,1.632634,2.18085,3.297743,1.643305,1.846851,0.550658,0.380194,1
user_37042,2021-08-18 07:21:00,7,9,30,1,4,4,6,18,0,20,16,2,0,1.968094,4.179213,4.488109,4.631609,1.797351,2.978993,0.377202,0.804084,1
user_37043,2021-10-06 00:43:00,31,15,17,4,10,4,11,1,2,3,19,2,0,0.272656,0.790453,1.448092,3.782326,3.3432,4.856972,0.529972,0.455629,0
user_37044,2021-09-01 12:53:00,30,20,13,0,3,4,19,16,12,20,8,2,0,4.951449,4.926984,2.398307,1.328699,2.917953,0.626382,0.538391,0.625177,0
user_37045,2021-08-28 06:43:00,34,0,2,2,1,2,20,13,7,9,19,5,1,1.836448,0.895054,0.963056,0.636659,4.057579,2.674317,0.456491,0.93167,1
user_37046,2021-09-17 20:51:00,22,18,1,5,0,0,20,19,16,2,3,4,0,4.435628,0.395042,2.302873,4.881939,1.486049,2.931687,0.679564,0.61094,0
user_37047,2021-10-23 02:33:00,16,5,6,4,1,5,16,10,2,18,15,5,1,1.282092,3.249306,2.4383,4.305354,3.139068,0.522261,0.819627,0.905355,0
user_37048,2021-08-20 06:09:00,6,18,22,0,3,0,15,9,20,5,0,4,0,4.567732,2.92475,3.298597,0.469057,3.447268,4.517551,0.650916,0.880595,1
user_37049,2021-09-14 14:29:00,31,14,24,2,0,0,2,13,14,4,18,1,0,1.397774,0.712414,3.852908,1.840238,2.323898,2.467371,0.288375,0.625186,0
user_37050,2021-08-14 12:50:00,12,0,29,3,5,2,13,2,20,1,2,5,1,4.522755,1.705531,3.767158,0.800129,3.527648,0.17092,0.306166,0.805565,1
user_37051,2021-09-26 01:35:00,39,8,2,4,2,3,4,4,13,8,5,6,1,0.894637,1.059428,2.437068,1.123681,1.360846,1.690928,0.751151,0.960518,0
user_37052,2021-09-11 15:20:00,16,7,1,3,7,5,8,5,1,1,7,5,1,4.467419,2.23618,2.174045,1.240982,3.199244,2.568858,0.571444,0.840802,0
user_37053,2021-08-03 03:52:00,9,7,28,2,2,4,11,13,0,0,7,1,0,4.785099,4.11929,4.932451,2.054087,4.91449,4.95595,0.52246,0.341432,1
user_37054,2021-08-21 20:40:00,4,6,3,4,4,4,9,20,15,7,7,5,1,3.894791,3.736122,3.428388,0.548264,4.493746,4.032807,0.436299,0.78615,0
user_37055,2021-09-24 06:36:00,15,11,23,2,7,2,14,14,17,11,16,4,0,4.364677,2.541317,2.502625,4.625199,1.876026,1.54698,0.593016,0.500611,1
user_37056,2021-08-22 02:14:00,50,9,4,1,6,1,6,10,7,19,18,6,1,4.592457,0.570781,2.543391,1.953849,1.692147,1.451764,0.930036,0.378879,0
user_37057,2021-08-25 15:12:00,45,11,13,1,7,1,13,15,5,4,11,2,0,1.843528,2.804878,3.555673,4.69262,0.393031,4.950384,0.942311,0.550703,0
user_37058,2021-09-30 17:27:00,9,7,28,1,3,5,11,19,11,10,7,3,0,0.780816,3.68996,3.929412,4.458735,0.627548,4.893263,0.556507,0.543824,1
user_37059,2021-10-14 12:29:00,13,11,25,1,1,1,2,12,16,8,15,3,0,4.713264,2.092392,1.724352,4.358696,4.232354,3.764718,0.965332,0.259798,0
user_37060,2021-09-05 05:13:00,2,19,21,2,2,1,4,20,19,4,20,6,1,0.448884,3.813132,3.8741,4.22518,1.737995,2.38591,0.592916,0.733918,1
user_37061,2021-08-17 19:31:00,6,17,20,0,10,0,3,17,5,19,1,1,0,0.596593,2.692005,2.341761,2.265402,1.037588,4.094815,0.439913,0.745621,1
user_37062,2021-09-20 07:42:00,40,3,4,0,5,2,7,11,4,20,10,0,0,2.055249,2.150584,0.665863,1.13648,0.47673,4.510665,0.828188,0.689148,0
user_37063,2021-10-07 08:26:00,1,7,12,2,5,5,2,6,10,2,10,3,0,0.94044,4.76035,4.533268,1.019094,0.764106,1.50555,0.317188,0.684201,1
user_37064,2021-08-25 18:42:00,34,4,14,2,5,0,18,15,8,19,15,2,0,1.487673,2.261482,0.900694,3.479106,4.701879,3.584837,0.713004,0.633069,0
user_37065,2021-09-14 10:13:00,11,11,16,1,1,4,7,6,6,1,7,1,0,2.762526,3.629466,0.568847,1.055163,2.32147,4.113269,0.981142,0.472802,1
user_37066,2021-10-17 03:33:00,23,17,12,4,3,4,19,13,10,2,4,6,1,3.286688,0.39222,0.978538,4.778479,0.753563,4.809791,0.975884,0.674998,0
user_37067,2021-10-10 00:03:00,13,1,23,5,8,3,5,3,11,1,2,6,1,3.105025,0.959323,1.146922,3.936964,4.774566,2.213045,0.376335,0.23048,1
user_37068,2021-10-19 13:41:00,15,19,2,3,2,5,11,20,1,16,15,1,0,1.271095,3.876888,0.636541,1.339782,4.509586,2.080059,0.497041,0.434246,1
user_37069,2021-09-14 17:38:00,24,20,12,3,4,4,8,16,15,19,14,1,0,0.555584,2.94044,3.659406,3.379862,0.349754,3.182067,0.975206,0.331032,1
user_37070,2021-08-31 22:05:00,7,3,17,2,5,5,13,8,0,15,5,1,0,3.745495,3.386474,3.970293,0.267804,3.919474,4.552569,0.587687,0.685395,1
user_37071,2021-08-28 16:31:00,49,16,5,2,2,2,3,7,15,6,1,5,1,4.191284,3.45548,2.877112,2.343852,1.455888,2.765991,0.540514,0.655057,1
user_37072,2021-08-11 13:30:00,39,10,10,1,7,1,0,14,19,6,4,2,0,0.322517,1.654382,3.534891,0.176889,1.21139,3.384781,0.724041,0.458393,0
user_37073,2021-09-22 16:40:00,42,1,26,4,6,2,16,12,16,19,12,2,0,1.837761,4.179015,3.94997,2.680184,3.468916,4.717655,0.855632,0.594488,0
user_37074,2021-09-29 23:09:00,9,5,9,5,2,5,14,17,17,5,7,2,0,0.116787,1.827854,2.254798,3.948181,1.419942,1.024776,0.80303,0.620807,1
user_37075,2021-08-02 14:54:00,44,20,21,5,8,0,4,17,1,13,14,0,0,4.629391,4.932346,1.53364,4.192116,1.041598,1.818395,0.616866,0.225603,0
user_37076,2021-08-13 09:11:00,13,16,14,2,5,5,14,10,20,15,4,4,0,2.995606,3.183175,1.105977,1.30929,1.969468,4.931426,0.874705,0.62429,0
user_37077,2021-09-06 13:34:00,5,20,2,2,1,0,11,12,10,8,18,0,0,3.849512,2.220478,2.384176,3.626787,0.237932,3.361718,0.398858,0.312419,1
user_37078,2021-10-10 06:03:00,46,16,11,4,2,3,20,19,2,17,19,6,1,3.632455,3.256834,3.383247,0.904751,2.557168,3.350227,0.931527,0.770316,1
user_37079,2021-08-25 20:45:00,50,3,5,5,9,0,4,1,18,16,13,2,0,3.827188,2.645816,2.96882,3.421787,3.779892,3.659122,0.399858,0.666637,1
user_37080,2021-09-14 09:10:00,25,13,12,2,10,3,20,3,3,13,5,1,0,4.069265,1.237781,1.185151,2.854382,3.646782,0.640045,0.521048,0.89439,0
user_37081,2021-09-24 06:04:00,8,11,15,4,2,3,19,2,14,14,20,4,0,2.433466,0.700017,3.734346,2.634829,2.979739,2.672291,0.537507,0.456418,1
user_37082,2021-08-12 23:11:00,25,16,27,4,3,1,2,3,14,19,9,3,0,4.462397,0.919591,4.042033,4.62313,0.401476,1.08902,0.312802,0.898613,0
user_37083,2021-09-29 19:13:00,15,20,9,3,6,1,12,20,19,16,9,2,0,2.445966,3.627952,2.666092,0.168294,2.642618,3.603867,0.486926,0.603053,0
user_37084,2021-08-05 02:46:00,40,9,4,0,8,1,7,18,17,6,3,3,0,4.83327,3.069628,1.880699,3.674043,1.004245,2.309005,0.926105,0.333966,0
user_37085,2021-08-06 06:55:00,33,16,4,2,2,1,19,16,1,3,1,4,0,0.336068,1.654557,3.412676,4.467502,2.000367,0.972869,0.448941,0.381808,1
user_37086,2021-09-27 07:04:00,25,17,21,4,0,5,9,16,7,8,13,0,0,3.482038,2.371869,1.900193,1.282343,0.740958,4.725792,0.22513,0.77274,0
user_37087,2021-09-08 09:05:00,14,16,8,4,8,2,10,9,1,15,5,2,0,3.176149,3.277683,4.098692,2.181169,1.401939,2.533158,0.406657,0.902076,1
user_37088,2021-10-02 01:34:00,28,5,9,2,7,5,11,8,11,5,0,5,1,4.995843,2.915751,2.894923,3.536066,4.068242,4.185969,0.512386,0.50074,1
user_37089,2021-08-03 13:15:00,18,12,17,2,5,3,12,14,6,11,4,1,0,3.813178,0.459499,4.56011,3.365327,3.005995,1.369109,0.761292,0.319369,1
user_37090,2021-10-16 02:37:00,31,2,29,4,3,4,17,14,3,20,15,5,1,3.260348,4.614211,2.044539,0.299543,1.314736,3.295344,0.873209,0.94775,1
user_37091,2021-10-27 18:16:00,32,10,9,0,8,0,16,4,16,10,5,2,0,3.591423,0.103033,2.484989,3.407409,1.709226,0.423912,0.304215,0.368348,1
user_37092,2021-10-23 22:07:00,36,9,6,0,4,5,9,6,12,1,5,5,1,1.271371,2.121547,4.161747,3.299123,4.063205,3.862072,0.35267,0.324127,0
user_37093,2021-09-09 15:50:00,26,8,23,1,4,1,19,6,0,14,13,3,0,3.168344,1.735731,1.844803,2.065364,4.346869,0.371641,0.4153,0.316879,1
user_37094,2021-10-27 18:27:00,48,16,1,2,0,2,1,3,12,14,6,2,0,1.97191,4.393232,1.097523,2.79954,3.30011,4.217577,0.496325,0.722244,1
user_37095,2021-09-13 09:22:00,30,14,14,5,8,4,0,13,20,15,15,0,0,3.105607,0.332864,0.479108,3.137026,3.634921,4.444691,0.928222,0.533709,0
user_37096,2021-08-27 12:57:00,16,20,15,1,6,3,10,8,17,9,0,4,0,0.63507,0.332375,0.322954,1.674927,4.039407,3.827162,0.584224,0.708862,0
user_37097,2021-10-26 11:13:00,22,19,6,4,4,5,9,13,20,0,18,1,0,3.719599,1.618784,4.00312,2.772077,4.073829,1.801257,0.739145,0.410546,1
user_37098,2021-10-26 13:53:00,12,5,7,4,2,4,16,3,7,20,17,1,0,1.885698,1.944537,0.854975,3.085505,2.781139,4.778822,0.239817,0.680125,0
user_37099,2021-09-25 09:16:00,32,16,13,1,5,2,9,7,13,12,5,5,1,1.576463,3.217492,1.677925,0.232216,0.299796,4.860351,0.576429,0.54079,0
user_37100,2021-10-01 18:23:00,38,17,12,4,10,4,5,11,7,6,20,4,0,2.808298,0.57771,3.28998,3.155079,2.728571,2.024075,0.685931,0.729813,0
user_37101,2021-09-21 17:55:00,13,12,19,2,8,1,17,15,16,14,13,1,0,3.470802,4.747136,2.871135,2.167982,0.402258,2.94126,0.820049,0.816839,0
user_37102,2021-10-11 03:28:00,43,1,26,1,5,1,14,13,16,15,3,0,0,2.752298,2.531213,0.191227,2.242079,2.82465,3.575595,0.250264,0.421305,0
user_37103,2021-08-17 06:26:00,25,12,18,0,9,0,0,5,12,2,11,1,0,4.296908,2.724326,4.361969,0.865747,0.412714,4.421142,0.493746,0.409755,0
user_37104,2021-08-08 04:50:00,24,18,23,2,9,1,11,3,20,19,0,6,1,2.70915,4.087098,4.681557,0.885637,2.073211,0.657741,0.794823,0.624295,1
user_37105,2021-08-23 05:06:00,42,1,17,4,1,3,11,11,7,1,14,0,0,2.014567,0.595028,0.27925,3.590806,3.781627,0.154206,0.679627,0.226077,1
user_37106,2021-10-17 17:12:00,35,16,3,3,9,0,9,15,5,4,11,6,1,0.658943,0.204603,1.393057,1.982076,1.665474,3.462218,0.249722,0.462783,1
user_37107,2021-09-18 22:28:00,7,0,5,1,4,5,17,16,12,3,3,5,1,3.737098,3.208664,2.326762,3.165546,0.879769,3.895352,0.656547,0.404708,1
user_37108,2021-10-14 08:43:00,24,20,10,1,3,4,9,13,2,14,3,3,0,3.979305,4.252332,1.265756,2.920926,2.633801,2.374113,0.509184,0.280908,0
user_37109,2021-10-24 23:58:00,15,7,17,2,9,1,3,3,0,19,19,6,1,3.94644,1.906114,0.386136,3.233001,0.35537,1.65201,0.923014,0.874111,1
user_37110,2021-09-12 02:16:00,9,3,14,1,3,1,0,4,15,15,1,6,1,0.31445,4.169503,0.842437,0.851535,4.49553,3.434998,0.227623,0.902436,1
user_37111,2021-08-04 21:33:00,24,5,22,3,10,2,2,8,8,11,5,2,0,2.596874,2.957932,0.815661,3.602336,3.811991,3.500644,0.815677,0.53007,1
user_37112,2021-09-30 02:17:00,27,16,27,0,0,3,13,18,1,16,18,3,0,4.809521,4.407652,4.757652,3.617331,0.90424,1.316893,0.201801,0.334825,1
user_37113,2021-08-07 03:49:00,41,15,20,1,5,3,0,10,13,15,20,5,1,1.704349,1.899322,1.906394,4.080757,2.829879,0.802419,0.471991,0.654136,0
user_37114,2021-10-09 12:24:00,28,8,3,0,2,5,15,14,9,0,1,5,1,2.680639,3.651144,4.79041,2.645987,2.245003,0.392405,0.803087,0.866153,0
user_37115,2021-08-01 04:43:00,19,11,23,5,7,3,6,18,3,8,14,6,1,1.612714,2.773449,0.774082,2.875017,1.026844,1.951287,0.320297,0.578291,0
user_37116,2021-08-09 18:52:00,47,18,9,4,1,1,5,16,10,3,12,0,0,0.650184,4.09596,3.264107,4.186731,4.4392,4.295104,0.873522,0.421252,1
user_37117,2021-09-29 00:08:00,19,12,25,2,6,1,17,13,14,5,1,2,0,4.693259,3.017219,2.646043,2.292968,0.950953,3.45962,0.86514,0.600849,1
user_37118,2021-09-01 21:46:00,21,17,1,5,3,3,13,13,20,17,8,2,0,1.395299,0.59379,3.024309,2.870659,1.193308,2.310316,0.911324,0.535325,0
user_37119,2021-10-21 10:26:00,16,20,10,5,8,5,20,11,5,5,9,3,0,1.60598,4.456291,0.561174,0.284858,2.415621,2.064726,0.750185,0.271797,0
user_37120,2021-09-10 00:56:00,14,10,15,5,2,5,12,9,20,6,13,4,0,4.126182,4.707841,3.226951,1.139803,4.19226,4.736934,0.899054,0.949895,0
user_37121,2021-09-26 14:14:00,36,16,12,3,8,2,5,19,19,11,1,6,1,2.292393,2.232095,1.788533,0.411698,0.22903,2.607322,0.758367,0.436292,0
user_37122,2021-08-16 21:57:00,41,3,14,3,0,4,13,2,13,2,13,0,0,0.788835,4.025444,0.791715,0.690521,0.474096,4.051358,0.69512,0.583711,1
user_37123,2021-09-05 22:12:00,40,3,3,0,5,4,2,6,9,11,20,6,1,4.228219,2.027878,4.462594,4.374893,2.339985,2.099406,0.690074,0.849973,1
user_37124,2021-08-20 03:32:00,9,0,15,3,0,5,19,0,13,11,5,4,0,4.71697,2.940015,1.953819,1.593381,3.642403,3.762211,0.417491,0.244454,0
user_37125,2021-08-21 06:20:00,29,6,26,4,10,5,11,9,0,12,12,5,1,2.321255,3.374571,2.436408,4.448904,1.550743,3.912798,0.942316,0.551179,1
user_37126,2021-08-08 10:25:00,43,3,17,0,3,1,4,18,16,0,4,6,1,1.315237,2.48712,1.364245,2.343328,0.387892,3.087171,0.850952,0.258369,0
user_37127,2021-10-01 09:26:00,17,20,7,2,6,5,2,15,5,11,15,4,0,4.30142,0.426826,1.500066,3.880673,4.626427,4.919091,0.321802,0.385529,0
user_37128,2021-10-17 15:54:00,39,9,30,4,1,4,15,19,17,10,10,6,1,3.418743,4.998395,1.355523,3.7113,1.276247,2.243348,0.509622,0.769973,0
user_37129,2021-09-17 11:58:00,1,4,10,3,9,2,9,20,7,1,19,4,0,0.549503,1.516688,2.081659,4.955489,3.151671,4.433704,0.549532,0.422257,1
user_37130,2021-08-04 06:46:00,26,7,4,3,8,1,11,8,11,6,1,2,0,0.860012,1.656299,4.425745,3.914951,4.475693,4.354985,0.828209,0.973509,0
user_37131,2021-10-09 00:08:00,19,8,4,1,2,4,8,10,5,19,3,5,1,3.315631,0.136393,1.961711,2.622692,3.145851,3.626351,0.504761,0.956264,1
user_37132,2021-09-20 11:56:00,8,19,3,0,8,4,1,14,2,15,6,0,0,4.087048,4.599487,1.9472,1.148921,2.474126,2.001756,0.972602,0.623054,1
user_37133,2021-09-27 03:57:00,17,6,3,3,8,0,1,13,17,15,18,0,0,1.544534,4.761204,1.935349,4.318377,1.465026,2.697393,0.869479,0.929211,0
user_37134,2021-08-05 21:44:00,24,6,28,3,3,4,15,12,11,15,18,3,0,4.232777,2.466018,2.402643,3.743761,1.638007,3.333893,0.324535,0.426194,0
user_37135,2021-10-11 10:18:00,46,7,10,2,8,1,2,4,12,6,10,0,0,4.979385,2.198018,0.57774,1.587705,4.40501,0.938146,0.38676,0.264508,0
user_37136,2021-09-09 09:52:00,18,4,29,5,10,3,7,8,12,3,18,3,0,3.640077,0.567866,1.233864,2.984374,4.15919,1.393269,0.640198,0.871015,0
user_37137,2021-09-25 12:53:00,13,3,16,2,10,1,1,20,3,14,6,5,1,0.281275,4.328331,0.780776,0.653094,2.886201,4.611729,0.980524,0.3364,0
user_37138,2021-08-27 02:16:00,30,6,3,1,7,1,12,8,17,5,14,4,0,3.368799,2.904458,3.819149,1.083836,2.83531,4.717115,0.257308,0.98185,0
user_37139,2021-09-16 20:13:00,21,1,2,0,7,2,7,3,5,4,2,3,0,2.699959,2.023894,0.890807,1.024275,1.345389,1.438587,0.379883,0.386499,0
user_37140,2021-08-24 18:34:00,38,3,10,2,1,0,12,9,3,13,7,1,0,4.32116,4.799151,1.539502,1.631186,1.576098,0.266844,0.730292,0.885461,0
user_37141,2021-08-08 13:10:00,45,18,5,0,10,2,0,17,0,7,12,6,1,4.441612,4.292676,0.508043,3.155236,0.90149,3.845425,0.614263,0.64204,1
user_37142,2021-09-02 12:05:00,50,13,21,1,7,3,11,2,6,1,14,3,0,3.027254,4.038565,0.408087,3.860156,1.565368,3.879013,0.312549,0.219712,1
user_37143,2021-08-04 08:30:00,8,2,19,4,5,1,19,3,0,14,2,2,0,0.152013,1.927574,2.108864,3.114045,3.643184,3.111357,0.362412,0.626296,1
user_37144,2021-09-24 00:59:00,46,18,7,4,4,2,11,4,8,14,15,4,0,1.2166,4.917362,2.483485,4.978063,2.229641,3.201717,0.412178,0.718664,0
user_37145,2021-10-28 12:46:00,2,0,18,2,5,2,7,14,12,11,9,3,0,4.467342,3.485146,4.608509,1.849658,3.982774,2.178762,0.921885,0.708217,1
user_37146,2021-08-15 23:57:00,19,19,19,3,0,1,17,19,9,13,20,6,1,4.32105,0.94913,1.760251,1.394067,2.223343,0.928307,0.717272,0.616337,1
user_37147,2021-10-09 12:22:00,15,5,19,0,0,0,16,3,18,6,18,5,1,1.911402,1.806387,4.377423,2.383479,3.805789,3.681411,0.640872,0.216937,0
user_37148,2021-08-04 14:42:00,1,16,12,2,3,1,7,18,4,17,6,2,0,2.878832,2.122532,4.731612,1.173993,0.299903,1.691275,0.212968,0.552039,0
user_37149,2021-08-28 18:07:00,36,18,9,1,8,1,0,18,16,2,6,5,1,0.314983,1.30712,3.918507,1.22959,2.070036,1.28692,0.931547,0.597541,1
user_37150,2021-10-03 04:34:00,13,4,14,3,10,4,8,1,20,17,2,6,1,2.676847,3.994342,1.748463,0.26835,4.667852,1.397374,0.461791,0.391362,0
user_37151,2021-10-29 15:30:00,21,0,11,2,1,5,19,15,11,10,6,4,0,2.756669,0.653729,0.384924,3.604054,2.099724,4.074587,0.714291,0.61814,1
user_37152,2021-08-29 16:43:00,4,19,12,1,5,4,3,7,14,3,14,6,1,4.736026,3.080571,2.461158,2.473659,1.856696,1.81332,0.887292,0.721283,1
user_37153,2021-10-10 13:11:00,12,4,6,1,7,0,12,1,6,6,10,6,1,4.68242,3.485533,4.637738,2.262163,2.791411,3.919779,0.753263,0.435056,1
user_37154,2021-09-07 23:38:00,35,20,23,3,1,0,2,0,7,19,1,1,0,0.471497,3.786072,2.290095,3.33951,0.294722,4.26542,0.955619,0.801851,0
user_37155,2021-09-24 00:05:00,41,19,4,4,10,3,19,16,18,13,11,4,0,1.805901,3.97866,4.767928,2.285072,2.764942,2.078455,0.750673,0.57905,0
user_37156,2021-09-04 17:57:00,22,9,29,2,2,4,14,3,18,11,7,5,1,0.383415,1.797952,0.900284,2.901537,2.863677,2.240373,0.884417,0.355467,0
user_37157,2021-09-17 12:11:00,19,4,2,1,4,2,10,3,0,16,3,4,0,2.028185,2.384433,1.249644,4.895668,3.311528,4.739755,0.660533,0.895562,0
user_37158,2021-10-20 08:58:00,36,16,21,4,10,2,7,2,16,8,4,2,0,2.163236,3.324249,2.641568,0.376303,2.312339,4.189963,0.560117,0.386033,1
user_37159,2021-08-26 19:02:00,8,17,7,1,4,2,19,11,8,1,1,3,0,2.873895,3.278645,4.571024,0.321929,3.625857,0.2818,0.943012,0.503576,1
user_37160,2021-08-05 04:18:00,45,1,20,3,1,5,2,7,11,6,6,3,0,4.402348,1.344678,0.178721,4.551866,4.299153,2.434233,0.88175,0.986483,0
user_37161,2021-09-21 07:12:00,11,16,21,5,2,5,0,12,10,8,12,1,0,2.044734,3.33536,1.528462,1.041693,1.591651,1.073024,0.99022,0.341,1
user_37162,2021-08-26 13:32:00,4,14,26,5,4,3,1,0,6,15,13,3,0,4.890617,2.20813,1.168049,2.555212,4.799352,0.707593,0.460534,0.905519,1
user_37163,2021-08-06 01:46:00,48,11,5,0,4,2,16,15,6,19,12,4,0,3.839439,0.522107,0.917636,2.953533,3.456075,3.48684,0.531868,0.301845,0
user_37164,2021-08-29 19:40:00,39,2,18,5,4,2,15,10,17,15,18,6,1,1.885312,1.776269,0.851903,2.952728,3.305596,2.367811,0.974317,0.868426,1
user_37165,2021-08-11 15:40:00,21,8,11,5,7,0,18,19,12,5,3,2,0,4.961271,0.403768,3.904938,3.002741,1.312856,1.811325,0.978434,0.286826,0
user_37166,2021-09-13 09:36:00,2,14,2,4,6,5,6,16,15,13,2,0,0,4.224771,2.028989,1.462345,4.866583,0.609272,3.378752,0.719386,0.522705,1
user_37167,2021-10-04 18:19:00,36,9,20,2,8,0,17,7,16,11,20,0,0,1.23813,2.844513,3.954317,3.644172,0.588763,0.75581,0.556549,0.346431,1
user_37168,2021-10-09 19:28:00,28,16,4,5,6,3,7,17,5,19,13,5,1,1.233922,3.519582,2.670176,4.635786,0.914926,4.819051,0.586441,0.374512,1
user_37169,2021-09-02 12:37:00,47,14,30,5,9,4,19,20,19,3,12,3,0,1.429583,3.428559,2.437768,2.051373,3.821172,2.411897,0.569052,0.647979,0
user_37170,2021-10-22 19:36:00,41,6,6,4,3,5,20,17,17,4,13,4,0,3.125631,1.22495,2.520631,2.780196,0.573328,4.568153,0.704891,0.868666,1
user_37171,2021-10-29 09:23:00,3,1,29,5,5,3,7,18,4,7,15,4,0,2.712265,0.594724,0.990819,2.461359,3.171903,1.05896,0.66618,0.236253,1
user_37172,2021-10-26 10:30:00,47,9,11,3,7,5,8,1,2,19,11,1,0,3.525238,0.259021,3.527789,2.77707,2.048308,1.099481,0.561879,0.616334,0
user_37173,2021-08-29 12:06:00,7,13,11,5,2,1,2,16,7,8,20,6,1,4.441043,1.341203,4.65306,0.219394,3.909775,1.658965,0.576254,0.429617,1
user_37174,2021-09-12 23:22:00,9,12,22,5,9,0,1,9,1,9,12,6,1,2.542012,2.400353,2.105319,3.419858,4.035043,1.708665,0.862296,0.366418,0
user_37175,2021-10-26 07:14:00,13,4,30,3,5,0,16,19,7,6,1,1,0,1.193673,0.217053,0.626264,4.755336,1.377991,3.700823,0.363527,0.433453,1
user_37176,2021-09-28 22:02:00,14,8,18,5,2,5,8,10,4,16,6,1,0,0.727132,4.678672,0.446705,3.211284,3.105111,1.15019,0.617224,0.808462,0
user_37177,2021-10-01 01:37:00,42,5,18,1,0,0,17,12,10,2,11,4,0,3.614323,0.387563,3.521023,0.247086,2.844152,2.440172,0.206747,0.5645,0
user_37178,2021-09-15 14:07:00,5,9,7,3,9,1,13,17,9,11,2,2,0,3.31118,0.854712,3.633164,2.5752,1.284215,1.164783,0.951521,0.578448,1
user_37179,2021-10-24 11:51:00,46,20,20,4,5,2,17,16,9,17,20,6,1,1.145365,0.132402,3.067454,4.846607,4.825697,2.845551,0.929858,0.829891,1
user_37180,2021-09-10 12:23:00,14,17,17,3,7,1,2,13,4,12,18,4,0,4.173254,3.474239,2.426913,2.686194,2.229686,1.220584,0.931874,0.703511,1
user_37181,2021-08-09 03:39:00,31,1,30,1,9,0,7,18,5,4,15,0,0,1.530778,0.939991,3.845291,3.55289,0.478573,0.72695,0.367978,0.916857,0
user_37182,2021-08-17 12:14:00,48,1,13,0,6,5,13,16,18,20,8,1,0,1.73733,2.072893,1.313804,3.637551,2.376923,4.669512,0.277407,0.529645,0
user_37183,2021-10-12 19:20:00,36,5,9,5,1,4,17,15,4,18,4,1,0,0.52532,2.239483,1.176723,2.230961,4.994933,2.915771,0.817521,0.515012,0
user_37184,2021-10-09 15:14:00,37,6,2,1,9,3,20,2,19,11,10,5,1,4.48911,2.222138,2.312387,2.175428,2.985418,4.462906,0.273452,0.273945,0
user_37185,2021-10-26 14:45:00,30,7,11,0,2,5,13,20,6,12,16,1,0,0.452477,1.993245,0.372919,1.400221,3.954782,4.461534,0.50103,0.835657,0
user_37186,2021-08-08 23:55:00,15,6,29,5,4,1,16,10,3,15,13,6,1,4.636934,0.409106,3.103799,2.532364,4.037878,0.946068,0.880153,0.222999,1
user_37187,2021-10-09 11:51:00,9,10,22,2,9,4,16,19,9,6,4,5,1,0.995307,0.294338,2.274706,1.223935,3.007383,3.708717,0.290678,0.671439,1
user_37188,2021-09-11 04:50:00,39,9,23,5,4,1,19,3,0,0,0,5,1,3.903164,3.129399,2.890054,0.317629,4.104809,3.386394,0.597316,0.753876,0
user_37189,2021-08-30 15:51:00,22,0,21,3,4,0,14,0,6,14,12,0,0,1.471687,1.970538,0.478041,2.19863,0.255589,3.424185,0.774949,0.625484,1
user_37190,2021-10-27 22:38:00,4,0,9,2,2,5,20,11,1,10,4,2,0,2.207409,0.82797,0.234131,3.543499,4.710094,0.149293,0.720799,0.801945,1
user_37191,2021-09-20 07:14:00,33,5,18,3,4,3,12,15,8,12,20,0,0,3.334559,0.947952,0.46071,1.124275,2.389555,1.418356,0.667048,0.236846,0
user_37192,2021-09-06 00:33:00,25,9,21,5,9,0,10,18,4,6,15,0,0,0.639627,3.332797,4.567268,1.141706,2.023512,2.514202,0.207826,0.954209,1
user_37193,2021-08-22 13:37:00,44,4,3,1,4,3,16,3,1,16,16,6,1,3.84803,1.839643,0.176508,0.279139,0.58678,0.174783,0.662451,0.597579,1
user_37194,2021-09-16 23:25:00,38,10,27,4,6,3,14,20,6,20,0,3,0,4.757869,4.64088,3.021212,1.342093,2.56016,2.287084,0.587733,0.3164,0
user_37195,2021-10-22 20:49:00,14,19,19,5,6,4,11,11,11,6,6,4,0,0.619772,3.500734,1.890378,4.455981,0.947505,2.013188,0.599503,0.664912,1
user_37196,2021-09-15 00:42:00,29,6,13,4,4,4,16,14,6,19,10,2,0,2.772982,2.041624,2.405314,1.920087,1.483064,2.852028,0.877015,0.641749,0
user_37197,2021-08-20 23:06:00,16,1,23,4,9,1,17,9,12,2,14,4,0,1.60653,0.209021,0.146277,2.704799,4.076772,0.778333,0.982643,0.360862,0
user_37198,2021-09-15 06:39:00,6,16,12,2,8,1,7,19,0,12,0,2,0,1.459411,4.714173,1.622122,1.821257,3.220164,3.752947,0.376584,0.830957,0
user_37199,2021-08-26 20:58:00,50,2,29,0,6,3,7,11,19,10,9,3,0,2.45498,1.01425,4.60738,1.261123,2.458139,4.345142,0.544577,0.906927,0
user_37200,2021-10-04 04:08:00,28,18,19,5,6,1,11,11,17,5,19,0,0,4.94832,0.737171,2.517978,4.207869,1.446523,4.457487,0.491541,0.292743,1
user_37201,2021-09-30 21:27:00,28,14,30,5,1,4,14,11,5,18,5,3,0,1.220238,4.934275,0.862821,2.87126,3.233373,0.17496,0.79999,0.872841,0
user_37202,2021-08-06 08:36:00,2,2,10,4,2,3,11,15,0,10,6,4,0,0.699037,3.646683,1.669864,2.989075,3.73336,0.216403,0.914023,0.489087,0
user_37203,2021-10-05 14:00:00,24,10,7,0,4,0,12,7,11,1,13,1,0,2.385743,1.178699,0.833356,1.178971,2.921493,3.98188,0.343011,0.340645,1
user_37204,2021-10-24 17:48:00,19,3,25,0,4,5,6,5,19,20,2,6,1,2.059911,4.104851,3.32634,4.177373,4.039322,0.639509,0.371504,0.426288,1
user_37205,2021-08-17 10:56:00,32,18,4,5,3,0,14,18,15,15,5,1,0,3.810241,3.163421,0.793395,3.179268,0.854708,3.958431,0.604101,0.473697,0
user_37206,2021-09-13 10:04:00,13,14,24,1,7,1,1,7,10,9,12,0,0,2.942556,3.729797,3.582531,1.099321,1.39432,3.657221,0.659907,0.895696,0
user_37207,2021-10-23 21:27:00,17,14,6,2,6,3,17,3,10,6,14,5,1,2.140082,1.623067,1.843906,2.016838,1.102149,2.240121,0.483045,0.269867,0
user_37208,2021-08-25 15:33:00,17,5,17,4,2,5,2,4,11,6,16,2,0,4.976899,4.962904,1.782104,1.686748,0.349676,2.627304,0.409723,0.46783,0
user_37209,2021-09-18 23:50:00,11,3,17,4,1,0,11,17,13,9,16,5,1,2.943093,4.308149,4.961442,2.788574,4.876174,0.214954,0.740956,0.566529,1
user_37210,2021-08-20 11:07:00,34,12,3,5,5,1,20,8,3,19,6,4,0,1.018769,2.931587,4.130053,3.039623,3.682067,4.582943,0.58964,0.629568,0
user_37211,2021-10-07 03:12:00,17,8,7,1,1,0,17,4,11,18,7,3,0,3.46846,4.682435,4.026082,2.901777,2.144559,0.956324,0.420339,0.78509,0
user_37212,2021-10-22 09:39:00,8,20,12,2,4,5,14,17,13,6,14,4,0,1.542026,3.181328,1.2734,0.787408,3.851376,0.831748,0.886601,0.885708,1
user_37213,2021-09-27 07:44:00,6,0,19,2,8,2,19,10,3,3,15,0,0,0.56014,4.404889,2.096803,3.377378,1.957111,0.808903,0.43187,0.335551,1
user_37214,2021-08-08 21:58:00,29,9,1,0,5,0,4,8,4,4,13,6,1,4.096483,4.840622,0.544752,3.08164,3.603613,3.599094,0.714564,0.234064,1
user_37215,2021-08-15 08:22:00,9,1,9,5,6,2,1,6,2,20,8,6,1,1.322055,3.881631,1.724993,0.91918,1.916739,0.256742,0.779046,0.622014,1
user_37216,2021-08-26 07:55:00,33,7,17,5,5,0,20,7,11,14,2,3,0,3.961913,1.114123,1.030632,1.662487,1.079097,0.329872,0.921645,0.2398,1
user_37217,2021-10-23 11:02:00,26,7,29,3,2,5,15,18,19,9,17,5,1,4.960234,4.819927,1.054356,1.938193,0.458799,2.89085,0.334052,0.31418,0
user_37218,2021-10-27 06:58:00,19,15,9,3,2,5,14,17,9,16,6,2,0,0.210738,2.2382,4.440208,4.997608,4.104339,0.873098,0.282171,0.555297,0
user_37219,2021-08-05 12:02:00,20,4,20,1,9,2,13,17,10,11,4,3,0,0.973294,2.566651,1.460254,3.407201,4.475936,4.940894,0.23712,0.48257,0
user_37220,2021-08-23 08:59:00,36,16,10,5,9,3,10,8,12,0,11,0,0,3.058007,0.897819,1.508246,3.616872,1.114397,2.172182,0.231371,0.313417,0
user_37221,2021-08-02 14:40:00,33,20,6,0,2,1,5,16,20,2,16,0,0,1.326957,1.620397,2.671446,1.434346,4.510109,3.954694,0.55109,0.308411,1
user_37222,2021-08-07 00:37:00,16,11,3,1,9,3,6,14,0,3,8,5,1,2.296147,1.272923,3.128946,4.732942,4.378882,4.473573,0.925704,0.561193,0
user_37223,2021-10-20 15:18:00,50,17,22,4,1,2,18,4,16,0,1,2,0,2.155219,0.589859,1.348769,2.161404,1.738787,1.895727,0.938294,0.639757,1
user_37224,2021-08-13 09:43:00,36,6,2,0,8,1,12,3,9,1,17,4,0,4.031629,1.244175,1.42199,4.707655,4.501322,0.294937,0.331774,0.301911,1
user_37225,2021-08-27 14:19:00,16,20,30,0,4,3,16,1,6,13,18,4,0,4.408221,3.573813,0.84047,4.261666,3.420975,2.287393,0.840083,0.907085,1
user_37226,2021-09-30 16:33:00,41,4,7,1,9,3,4,10,3,10,19,3,0,3.559953,2.313276,2.064432,4.072681,1.144053,4.222995,0.841741,0.830989,0
user_37227,2021-10-23 03:44:00,22,12,10,3,9,2,2,17,17,14,17,5,1,2.794481,2.032016,0.889163,1.465927,2.594706,0.61573,0.55726,0.610396,0
user_37228,2021-10-29 07:02:00,8,14,11,0,0,5,4,1,16,12,1,4,0,3.525012,4.716834,2.668703,0.680709,1.848885,4.531201,0.972125,0.426869,0
user_37229,2021-08-17 10:24:00,19,7,16,1,2,3,12,8,13,12,15,1,0,1.619667,0.540249,0.347457,0.979621,4.589511,1.5165,0.381596,0.382013,0
user_37230,2021-08-29 20:59:00,25,5,1,3,1,5,17,19,14,5,0,6,1,0.725632,0.646819,4.739615,0.206601,1.68463,0.903476,0.827626,0.527605,0
user_37231,2021-10-04 21:27:00,45,14,23,1,4,5,4,15,18,6,1,0,0,1.685038,2.101063,1.334181,0.248698,2.828794,2.184584,0.460903,0.883683,0
user_37232,2021-09-10 15:48:00,22,20,10,0,9,2,9,6,16,20,14,4,0,0.952349,4.822896,2.753082,3.48443,2.833427,3.613384,0.748899,0.533736,0
user_37233,2021-09-02 08:41:00,39,7,28,5,5,3,12,17,4,14,13,3,0,4.695329,4.093306,2.981032,4.25007,1.733554,4.217155,0.471571,0.297143,1
user_37234,2021-08-21 10:56:00,32,17,4,1,6,3,19,17,16,15,4,5,1,4.643805,4.989645,0.983591,2.901166,4.219923,2.099945,0.481671,0.277472,0
user_37235,2021-08-10 20:29:00,41,19,6,1,2,1,16,15,20,20,4,1,0,3.751143,4.113371,2.566475,2.446344,1.85047,2.636215,0.687889,0.857396,0
user_37236,2021-09-21 05:41:00,12,9,6,0,1,0,12,11,2,20,20,1,0,0.344846,4.137913,0.278589,2.493572,1.186948,3.626594,0.840815,0.701366,0
user_37237,2021-08-18 06:56:00,48,17,25,5,4,4,3,5,11,0,16,2,0,4.422897,1.759465,2.02092,2.959531,4.5559,2.762269,0.866737,0.359012,1
user_37238,2021-09-03 03:14:00,43,2,13,5,9,3,1,8,5,17,10,4,0,0.126615,0.109548,4.10782,0.824701,2.948164,2.437008,0.218716,0.642331,0
user_37239,2021-09-08 11:13:00,29,3,26,4,10,5,18,8,18,1,0,2,0,1.652084,2.700859,1.486113,1.505688,2.225788,0.305023,0.978512,0.203001,1
user_37240,2021-10-20 12:15:00,32,13,26,0,4,1,16,1,7,19,17,2,0,3.688237,4.593929,1.283792,0.197289,1.570812,2.978875,0.351227,0.294156,1
user_37241,2021-09-19 21:03:00,46,6,8,0,3,3,18,20,20,20,14,6,1,0.512953,0.214884,2.654603,0.334158,4.142534,4.691724,0.332028,0.613314,1
user_37242,2021-08-13 18:42:00,33,18,9,1,6,0,5,17,7,3,20,4,0,3.36307,4.70812,3.86902,2.732908,4.063837,3.838836,0.229332,0.202793,1
user_37243,2021-09-16 03:51:00,23,11,17,0,2,3,11,6,6,13,2,3,0,1.922681,1.76726,4.263413,4.85147,3.54776,0.115985,0.353614,0.395851,1
user_37244,2021-09-25 08:01:00,41,13,30,0,10,5,18,4,3,6,9,5,1,2.730163,2.98816,2.755278,4.904951,2.437442,2.047551,0.897694,0.431238,0
user_37245,2021-08-21 23:36:00,44,18,3,3,5,5,20,6,1,11,9,5,1,0.721405,4.261273,4.033468,3.907845,3.450396,3.636337,0.505419,0.365345,1
user_37246,2021-10-21 09:13:00,10,15,7,4,2,0,10,13,3,4,12,3,0,3.622742,3.573911,3.989812,3.652292,3.753316,1.400009,0.734157,0.986333,0
user_37247,2021-10-22 19:52:00,3,17,17,0,5,1,1,11,11,19,13,4,0,1.492292,4.386816,0.627149,4.288784,0.70582,4.24041,0.855752,0.58436,0
user_37248,2021-08-10 07:00:00,41,6,5,0,5,4,9,15,19,19,6,1,0,2.002123,0.404498,2.074382,4.582283,3.218127,1.228986,0.652036,0.92905,0
user_37249,2021-08-23 11:17:00,50,9,14,0,9,2,5,16,15,10,12,0,0,1.984587,1.158077,2.601888,4.071711,3.337562,4.236385,0.822499,0.555383,1
user_37250,2021-09-19 17:55:00,2,18,10,2,8,4,19,9,20,1,14,6,1,3.978418,0.442423,4.442542,2.087474,1.415214,1.293744,0.492756,0.853695,1
user_37251,2021-09-07 14:47:00,16,8,11,2,3,0,14,7,17,5,12,1,0,3.098746,2.547968,0.298499,2.196123,2.688398,3.927742,0.686516,0.887903,0
user_37252,2021-09-02 21:07:00,41,1,16,2,0,0,13,18,14,20,3,3,0,0.79022,1.435662,0.728005,2.573983,2.767005,0.596552,0.375027,0.751329,0
user_37253,2021-10-15 03:26:00,13,16,4,1,5,5,11,2,7,12,9,4,0,1.682244,2.622759,0.180873,0.741194,4.137058,1.632364,0.968186,0.980727,1
user_37254,2021-08-25 01:20:00,6,14,13,1,0,1,0,14,3,10,12,2,0,3.983817,0.273841,4.559302,3.400572,1.830415,4.826595,0.449148,0.704101,0
user_37255,2021-09-14 13:30:00,32,1,2,2,1,3,11,0,10,11,2,1,0,2.057004,1.10469,4.236932,2.479715,0.64144,3.513877,0.32017,0.672107,0
user_37256,2021-08-28 23:03:00,50,2,30,0,0,5,3,1,13,3,9,5,1,3.659159,0.331444,4.865869,0.300726,2.77765,2.025073,0.947209,0.568507,1
user_37257,2021-09-23 04:49:00,31,5,15,0,6,5,18,16,14,8,8,3,0,0.739748,2.359646,0.653204,1.295948,1.995008,2.544778,0.699734,0.918521,1
user_37258,2021-09-18 05:06:00,46,9,25,4,5,5,20,16,19,11,12,5,1,1.917098,0.588414,4.456906,2.888159,2.319153,2.087117,0.622685,0.755903,0
user_37259,2021-10-19 12:12:00,23,7,15,0,6,2,17,12,16,12,3,1,0,0.217604,1.24735,2.00029,4.233845,3.275916,1.073272,0.78812,0.98895,1
user_37260,2021-10-25 07:32:00,8,4,8,3,4,4,5,10,4,13,12,0,0,0.933243,0.94076,2.083824,1.038634,1.878952,2.459169,0.775397,0.659478,1
user_37261,2021-10-24 14:56:00,5,1,6,5,7,4,4,7,2,13,10,6,1,2.12306,2.235983,1.430874,1.796343,2.523824,2.481502,0.862006,0.256312,0
user_37262,2021-09-25 09:36:00,6,13,26,3,1,0,11,0,9,11,6,5,1,1.652708,0.345826,2.552152,3.008804,4.68572,1.290612,0.21075,0.477258,1
user_37263,2021-09-13 01:22:00,50,15,21,1,4,4,8,3,9,19,2,0,0,1.428228,4.743541,1.390965,4.977977,2.19387,4.782673,0.720491,0.444102,0
user_37264,2021-09-26 21:04:00,12,2,10,4,2,2,1,5,2,2,9,6,1,4.75168,1.056498,2.252989,3.627606,2.710068,1.249444,0.36802,0.244414,0
user_37265,2021-10-09 12:21:00,31,11,22,1,7,5,9,8,16,5,19,5,1,2.969849,2.099739,3.886299,0.762318,0.290513,4.240284,0.771256,0.446182,0
user_37266,2021-10-04 04:45:00,49,2,15,2,7,4,7,11,20,4,1,0,0,3.659048,0.262653,1.907107,0.824594,1.001667,1.353976,0.97041,0.883989,0
user_37267,2021-09-17 23:41:00,36,12,6,0,7,1,0,4,9,4,20,4,0,2.043609,2.665556,4.301325,3.0826,2.531557,1.835325,0.530427,0.87034,1
user_37268,2021-10-08 01:05:00,9,8,18,2,5,3,8,8,6,20,2,4,0,2.725771,1.160801,4.077594,3.80207,1.097413,3.832942,0.299142,0.533397,0
user_37269,2021-10-25 10:00:00,46,4,15,3,4,0,2,12,14,4,15,0,0,3.896939,0.24192,1.084116,1.445404,4.826489,3.405345,0.676869,0.469553,0
user_37270,2021-09-04 10:58:00,27,3,9,1,6,1,19,5,9,2,17,5,1,4.01884,2.274078,1.644314,1.350831,1.08206,1.851938,0.66936,0.448908,1
user_37271,2021-10-04 15:43:00,12,6,15,2,8,2,7,13,16,18,15,0,0,4.808283,0.261377,0.947168,4.421491,1.539838,2.776848,0.940932,0.979799,1
user_37272,2021-10-17 14:58:00,22,5,18,1,4,0,16,18,17,7,0,6,1,1.511977,4.458869,2.858726,2.678675,2.320767,1.084965,0.336861,0.906181,0
user_37273,2021-08-14 22:50:00,14,12,5,3,5,2,15,18,14,13,17,5,1,1.331879,3.34944,1.019131,3.193077,2.648295,4.303394,0.828021,0.463728,1
user_37274,2021-09-19 22:43:00,38,19,26,3,8,4,13,0,0,18,20,6,1,3.022432,1.812236,0.371474,2.378198,1.625833,4.250817,0.845358,0.271178,0
user_37275,2021-09-12 01:36:00,44,6,15,2,6,3,10,10,6,11,14,6,1,1.64335,3.772826,2.963747,0.681182,2.654377,0.269342,0.551213,0.469142,1
user_37276,2021-09-13 04:34:00,16,15,21,3,7,5,8,18,10,8,10,0,0,2.598374,4.860016,0.384891,0.386815,0.965052,1.991097,0.628407,0.35623,1
user_37277,2021-08-29 16:31:00,36,5,30,2,9,3,12,1,12,10,20,6,1,1.870633,4.227289,4.938949,0.517932,3.66833,4.844001,0.321642,0.66411,0
user_37278,2021-10-11 06:45:00,38,5,17,5,4,5,7,18,13,20,17,0,0,1.172853,4.136679,2.78992,4.05951,4.276271,4.854017,0.594346,0.995486,0
user_37279,2021-09-04 04:11:00,25,2,25,0,7,3,10,18,12,12,14,5,1,1.747278,1.354987,0.294076,2.66084,0.518718,1.732996,0.463058,0.287009,1
user_37280,2021-08-02 02:30:00,32,3,15,5,3,2,1,13,5,10,3,0,0,1.632867,4.108323,0.99608,1.404987,3.20206,4.918487,0.531446,0.99621,1
user_37281,2021-08-04 02:02:00,22,5,7,3,6,1,3,17,4,7,8,2,0,3.533296,1.904269,2.046122,4.769635,0.836467,4.24396,0.24377,0.267671,1
user_37282,2021-10-27 17:17:00,18,7,2,5,6,2,9,3,15,7,15,2,0,2.164986,1.50139,3.22221,0.906843,4.958474,4.197126,0.767972,0.747623,1
user_37283,2021-10-01 00:17:00,17,6,23,1,0,2,10,13,12,19,15,4,0,3.150435,2.72094,2.895264,1.766988,0.920157,4.499158,0.683862,0.602832,0
user_37284,2021-08-06 12:18:00,12,11,11,5,8,4,3,12,20,8,4,4,0,1.388956,3.382349,2.423913,3.862633,4.879474,1.327992,0.708372,0.871352,1
user_37285,2021-08-27 20:47:00,49,8,3,1,6,1,13,17,19,0,15,4,0,3.651516,0.746267,2.892842,1.715821,3.50245,3.630951,0.90636,0.70837,0
user_37286,2021-10-25 20:56:00,47,4,27,1,4,1,1,14,8,3,6,0,0,3.653322,4.2337,0.648683,2.755218,0.737179,4.178367,0.659378,0.533352,0
user_37287,2021-08-10 02:09:00,45,6,25,5,0,0,12,13,7,7,12,1,0,3.308478,0.406319,0.602736,2.415933,0.414185,0.108336,0.679224,0.393918,1
user_37288,2021-09-20 03:17:00,45,7,18,2,7,3,7,17,15,19,1,0,0,4.098061,3.098416,3.279757,4.417156,4.052701,4.709269,0.820305,0.657699,1
user_37289,2021-08-01 23:54:00,7,18,2,0,0,5,19,11,19,3,11,6,1,3.910518,4.341959,0.534626,4.557728,0.113579,3.046618,0.867991,0.298802,0
user_37290,2021-09-09 14:03:00,24,16,7,1,4,5,12,11,3,2,0,3,0,4.058807,1.465251,0.25857,4.28915,2.206298,1.509598,0.91346,0.656403,1
user_37291,2021-10-27 06:16:00,22,19,8,2,8,2,0,14,2,11,13,2,0,3.902426,4.60184,1.573059,1.168104,0.753256,1.674594,0.482878,0.702794,0
user_37292,2021-10-12 15:59:00,16,7,8,4,9,2,5,17,8,17,2,1,0,2.130566,3.031843,1.491994,4.550792,3.326756,1.608195,0.326584,0.746549,1
user_37293,2021-10-19 15:14:00,8,1,7,5,7,3,15,16,15,13,8,1,0,3.670673,4.17629,4.3251,2.414538,3.950578,2.11108,0.71254,0.57146,1
user_37294,2021-09-06 18:54:00,30,8,19,2,3,4,18,14,13,17,15,0,0,2.872109,2.125771,1.750734,1.196727,3.534746,2.203299,0.294854,0.625994,0
user_37295,2021-08-13 02:38:00,26,0,23,5,7,2,2,14,14,0,8,4,0,0.833476,0.223469,4.339161,3.01255,4.963042,1.458421,0.220411,0.209473,1
user_37296,2021-08-05 16:47:00,28,13,20,1,8,3,5,9,8,11,7,3,0,2.600852,1.136156,2.05485,4.593243,2.003465,4.133943,0.501083,0.42842,1
user_37297,2021-08-13 05:51:00,27,2,2,1,2,2,4,0,11,10,15,4,0,1.787033,3.8289,1.349983,1.373719,4.011755,2.606606,0.505878,0.932445,1
user_37298,2021-09-12 17:17:00,7,12,6,1,5,4,5,3,11,5,4,6,1,2.991133,0.235469,4.903883,4.395533,4.482374,2.627642,0.364613,0.504557,1
user_37299,2021-09-20 23:21:00,14,8,3,2,4,4,12,9,19,17,4,0,0,4.51342,3.986476,1.661654,4.758643,2.159658,1.999038,0.229266,0.901961,1
user_37300,2021-10-19 10:06:00,1,13,25,5,9,4,0,20,18,20,19,1,0,3.124013,2.611042,0.638702,3.668298,0.212211,4.106269,0.616744,0.69949,0
user_37301,2021-09-06 02:21:00,27,18,29,2,10,4,9,15,2,14,7,0,0,2.516,0.196609,2.275503,0.645956,3.443172,4.416904,0.989278,0.26655,1
user_37302,2021-10-07 20:20:00,37,1,7,5,1,4,3,2,13,3,14,3,0,1.765464,2.283987,0.485704,2.168413,1.519849,2.651658,0.255067,0.459689,1
user_37303,2021-08-22 13:08:00,6,6,16,1,0,3,10,5,8,6,9,6,1,3.749501,0.299598,3.553225,1.673416,4.570852,2.871961,0.43792,0.879856,0
user_37304,2021-09-07 17:23:00,37,12,2,2,3,2,13,18,19,5,2,1,0,3.560523,1.642185,3.528779,4.773327,0.545432,4.004805,0.974442,0.500132,1
user_37305,2021-09-29 00:07:00,29,20,28,0,10,1,11,1,15,6,1,2,0,1.589928,0.661761,3.85734,3.441778,2.289545,3.048774,0.335968,0.832507,0
user_37306,2021-09-20 23:46:00,49,11,24,5,6,3,18,16,17,14,17,0,0,3.395275,1.179821,1.384656,0.808566,1.644589,1.97744,0.988458,0.9044,1
user_37307,2021-10-03 15:01:00,11,19,24,2,1,2,1,12,17,4,14,6,1,0.543153,1.356981,2.808276,4.315448,1.345123,4.309506,0.889304,0.298153,1
user_37308,2021-08-12 00:37:00,48,2,17,3,7,1,3,16,8,11,5,3,0,4.388285,1.684195,0.543676,3.429739,3.096744,2.903644,0.687399,0.302849,0
user_37309,2021-08-31 12:49:00,9,15,13,5,2,0,17,2,18,6,14,1,0,2.422509,0.927929,1.920838,3.04551,1.841074,3.167695,0.816317,0.235581,0
user_37310,2021-09-12 07:21:00,31,11,21,4,6,0,6,6,13,7,5,6,1,0.743318,4.800428,2.787709,0.239333,0.972882,0.268601,0.636538,0.545313,1
user_37311,2021-10-20 23:00:00,20,7,8,0,5,3,15,20,4,4,6,2,0,3.129636,3.863445,3.801778,0.618985,3.085901,3.618125,0.86713,0.485564,1
user_37312,2021-09-21 19:10:00,28,1,10,5,2,3,4,14,1,12,19,1,0,3.044722,3.152156,0.688521,0.481432,4.687896,2.504185,0.690157,0.221945,0
user_37313,2021-10-16 08:02:00,47,19,14,3,0,1,13,20,3,1,19,5,1,1.744187,1.538222,0.873991,2.314119,4.662948,3.74518,0.682375,0.204757,0
user_37314,2021-09-16 19:45:00,19,5,14,3,3,1,16,16,1,6,20,3,0,3.591028,3.563011,2.435605,2.942827,1.858448,3.115445,0.472273,0.287194,0
user_37315,2021-08-14 12:49:00,43,11,25,4,2,5,6,10,13,1,15,5,1,1.703791,3.870677,3.413023,2.787498,1.094009,4.702261,0.374326,0.785809,0
user_37316,2021-08-27 04:29:00,39,1,12,0,8,3,19,17,6,20,6,4,0,1.625589,1.076224,2.470998,1.200354,0.656196,0.109861,0.817365,0.220516,0
user_37317,2021-08-10 01:55:00,7,0,27,5,5,1,0,10,1,2,11,1,0,4.764048,0.97522,3.821398,2.570712,0.237287,4.4953,0.874172,0.823168,0
user_37318,2021-09-09 23:43:00,23,3,15,2,9,3,13,15,6,11,8,3,0,3.009726,4.742648,4.698646,0.709061,4.334286,2.234105,0.779451,0.495501,0
user_37319,2021-09-17 20:17:00,5,2,22,2,4,3,13,10,5,3,19,4,0,2.208097,1.521677,2.512174,3.717913,3.284975,4.891553,0.935759,0.825638,1
user_37320,2021-08-27 18:37:00,50,18,20,1,5,4,0,3,10,19,9,4,0,0.43018,0.17752,0.90816,3.339594,2.49502,1.628486,0.787691,0.433719,1
user_37321,2021-10-15 15:49:00,11,18,25,5,8,5,2,15,14,8,19,4,0,3.479584,0.239488,0.754392,0.398964,2.871574,2.277984,0.949373,0.853173,0
user_37322,2021-08-31 03:42:00,20,2,28,0,2,3,1,0,11,14,7,1,0,1.074444,1.092778,1.788719,2.260428,3.926061,4.966705,0.27763,0.490213,1
user_37323,2021-09-17 14:00:00,16,8,4,5,10,1,19,20,9,0,11,4,0,2.206827,0.171588,4.952561,3.021988,0.108356,1.254655,0.602092,0.986988,0
user_37324,2021-10-12 07:34:00,5,15,25,1,1,5,14,1,5,2,5,1,0,1.407074,3.383265,3.999407,0.634135,3.316246,3.415919,0.812433,0.507909,0
user_37325,2021-09-14 10:02:00,5,0,13,3,6,1,11,14,4,3,12,1,0,2.461646,0.54448,4.395837,4.921202,3.088421,2.601781,0.56109,0.498708,1
user_37326,2021-09-20 10:22:00,32,18,2,2,10,3,11,10,19,18,6,0,0,1.117151,1.374333,0.392015,2.583136,3.246943,2.933137,0.35853,0.764659,0
user_37327,2021-08-13 14:52:00,30,19,8,2,10,1,15,11,14,2,1,4,0,4.467446,4.200708,4.156359,0.699531,0.64212,3.269618,0.535016,0.941782,0
user_37328,2021-08-24 16:45:00,46,3,20,3,5,2,0,13,6,6,11,1,0,1.739419,4.782307,1.737525,3.233508,3.601117,3.494305,0.78144,0.96788,0
user_37329,2021-10-07 00:36:00,17,0,19,3,4,1,7,5,14,0,20,3,0,2.693962,0.746293,3.396838,3.366836,3.331736,3.297091,0.476154,0.642502,1
user_37330,2021-09-18 02:20:00,5,7,12,1,5,0,18,15,7,9,9,5,1,0.666913,2.249045,1.224974,3.986264,1.755134,2.928685,0.25973,0.429151,0
user_37331,2021-08-13 01:52:00,47,8,13,2,3,0,15,2,6,0,1,4,0,0.417309,3.743814,1.183978,2.653255,3.748611,4.4967,0.970811,0.578839,0
user_37332,2021-10-23 07:35:00,42,12,17,0,1,5,19,4,11,3,18,5,1,1.409845,3.056873,3.228628,3.01894,1.095415,1.941932,0.378646,0.699241,1
user_37333,2021-10-28 04:53:00,47,9,3,4,8,0,13,19,16,2,10,3,0,1.213434,3.067621,3.49257,0.671254,1.308064,3.409034,0.707924,0.260428,0
user_37334,2021-10-26 20:21:00,16,4,27,0,1,0,18,4,15,0,11,1,0,0.479982,0.207167,1.035091,2.345662,3.498138,2.000008,0.382166,0.754982,1
user_37335,2021-08-04 15:14:00,16,10,13,1,1,4,18,19,20,6,13,2,0,2.662169,4.764264,2.601368,1.644916,3.900348,4.838271,0.943341,0.669673,1
user_37336,2021-08-05 11:23:00,33,3,8,4,4,2,3,0,18,0,4,3,0,0.697222,3.037562,0.458483,1.632523,0.848407,0.559348,0.200847,0.307882,1
user_37337,2021-10-11 05:05:00,43,5,1,4,10,1,15,19,10,15,19,0,0,0.247227,3.655012,1.362853,4.661394,4.330314,2.668037,0.58375,0.889591,1
user_37338,2021-08-18 19:33:00,49,19,14,5,3,2,18,15,1,2,16,2,0,3.026081,0.38464,2.407841,2.048198,3.46608,2.033036,0.219276,0.511339,1
user_37339,2021-09-07 02:58:00,17,3,12,5,8,4,4,5,13,12,11,1,0,0.5836,3.304002,2.528565,4.783188,4.421026,0.966618,0.78736,0.815371,0
user_37340,2021-10-28 07:00:00,50,8,10,5,10,1,19,0,19,18,1,3,0,3.33266,0.48998,0.609537,1.304924,3.441742,3.206852,0.55322,0.40726,1
user_37341,2021-10-09 19:43:00,33,9,5,3,0,2,10,10,5,11,13,5,1,4.543223,0.889977,3.630912,2.674099,2.827426,2.204435,0.469561,0.978606,1
user_37342,2021-09-17 06:48:00,19,14,14,0,8,5,19,11,19,18,7,4,0,2.524245,2.163242,4.799623,1.454809,4.275562,1.93968,0.714023,0.422385,0
user_37343,2021-09-23 08:30:00,20,6,10,0,7,3,1,0,17,8,0,3,0,0.230116,4.882149,2.929114,4.634828,1.807587,2.307522,0.716487,0.296475,0
user_37344,2021-09-09 05:46:00,3,4,11,1,2,1,14,13,7,6,7,3,0,4.731793,4.035514,1.110126,3.050887,1.488313,4.837489,0.612406,0.79138,0
user_37345,2021-09-22 13:06:00,2,15,8,5,10,0,11,13,19,11,13,2,0,2.550186,4.157417,4.327599,1.136333,1.145417,1.80999,0.867908,0.529607,1
user_37346,2021-08-07 05:08:00,10,3,11,5,4,0,19,13,6,20,15,5,1,2.212564,2.680106,0.702018,3.74459,3.245816,0.437412,0.861761,0.572978,0
user_37347,2021-08-10 02:05:00,34,12,15,1,4,4,17,13,20,8,13,1,0,2.378773,0.974621,2.422037,4.151122,3.808033,1.762389,0.728309,0.628341,1
user_37348,2021-09-26 10:09:00,23,15,6,3,2,3,12,15,1,19,15,6,1,4.973265,4.212832,1.215925,1.442878,1.620105,4.061516,0.403797,0.998473,0
user_37349,2021-09-22 16:10:00,6,2,8,1,0,5,12,16,9,11,8,2,0,2.023646,0.287882,1.206319,4.911413,2.510745,4.917749,0.641095,0.271658,1
user_37350,2021-08-07 02:22:00,37,15,14,1,1,4,16,20,16,3,9,5,1,2.766579,0.769618,1.693516,1.75935,1.132319,2.51001,0.96193,0.365119,0
user_37351,2021-08-12 17:17:00,1,5,10,4,10,5,19,0,12,3,3,3,0,3.485166,0.963782,0.514678,2.220691,2.297967,4.06334,0.978223,0.641966,1
user_37352,2021-08-25 02:42:00,24,9,20,1,7,1,4,15,16,19,8,2,0,4.147137,3.930608,4.01416,0.645087,0.162377,2.401997,0.438717,0.587889,0
user_37353,2021-09-07 01:44:00,16,2,3,3,2,4,14,5,3,2,4,1,0,1.878015,3.02027,4.607628,2.406031,0.121917,2.012874,0.545805,0.780076,1
user_37354,2021-09-25 03:32:00,18,15,11,5,3,0,10,17,7,18,7,5,1,3.813717,2.52214,1.140347,3.435828,4.660579,1.296681,0.85062,0.423274,0
user_37355,2021-10-08 02:47:00,47,0,24,3,9,3,19,3,17,10,5,4,0,1.559463,0.374489,0.767354,3.867136,0.373197,0.553845,0.49145,0.442037,0
user_37356,2021-10-17 04:42:00,40,16,6,0,5,3,2,0,13,18,13,6,1,0.115029,1.377275,4.471455,3.074473,2.642734,3.695974,0.667733,0.780133,1
user_37357,2021-10-27 10:43:00,16,3,18,3,2,2,7,16,13,0,15,2,0,1.549488,2.366478,0.70218,1.465637,2.444136,1.00727,0.56428,0.511563,0
user_37358,2021-08-19 02:36:00,34,8,20,1,10,2,9,12,4,9,19,3,0,3.792372,0.260818,0.315226,0.7337,1.146835,0.398196,0.788093,0.255608,1
user_37359,2021-09-06 13:07:00,22,16,30,1,3,5,10,3,18,16,17,0,0,3.433366,2.573763,1.34212,0.288971,2.165955,3.396524,0.529676,0.455679,0
user_37360,2021-08-05 10:12:00,49,5,1,5,7,4,9,4,12,13,1,3,0,0.488926,4.887287,0.770178,4.201919,4.632857,4.768512,0.821983,0.314816,1
user_37361,2021-09-01 23:45:00,40,14,20,4,5,5,16,16,2,2,6,2,0,4.048475,2.342616,1.83867,0.837735,2.893497,1.052482,0.531247,0.504291,1
user_37362,2021-10-08 21:23:00,15,13,7,3,8,3,20,2,13,2,7,4,0,2.461006,4.585702,2.476411,2.420504,1.812997,0.619708,0.997024,0.573867,0
user_37363,2021-08-25 11:06:00,12,13,16,4,9,2,0,13,11,1,1,2,0,1.028169,3.669432,2.423303,1.822964,4.462709,3.459388,0.89308,0.421443,0
user_37364,2021-09-11 21:48:00,3,11,12,1,10,2,15,1,13,3,15,5,1,1.927483,3.075805,2.414891,3.828457,0.413202,2.647483,0.971665,0.911678,0
user_37365,2021-10-10 18:14:00,5,4,3,2,4,0,9,10,5,15,19,6,1,1.758473,2.267613,2.389471,4.127742,2.742755,4.639406,0.754208,0.954847,1
user_37366,2021-10-03 16:02:00,36,4,5,5,2,3,10,7,0,9,9,6,1,1.728247,0.274441,4.227035,2.36987,3.136185,1.253382,0.253053,0.550177,0
user_37367,2021-10-19 08:10:00,9,10,11,2,6,1,4,19,1,2,1,1,0,3.356594,3.361011,3.212295,3.658737,0.277877,0.993201,0.963261,0.553103,0
user_37368,2021-09-05 20:01:00,32,8,26,4,9,0,20,19,18,9,0,6,1,4.054553,3.957509,0.233441,0.863276,1.818577,2.557147,0.789957,0.560407,0
user_37369,2021-08-28 19:17:00,26,10,10,0,10,1,15,18,14,1,12,5,1,1.360943,1.068484,1.689764,0.511547,0.427219,4.780709,0.233026,0.829419,1
user_37370,2021-08-19 18:39:00,43,13,17,4,6,3,13,12,5,5,0,3,0,2.077273,3.677574,1.558296,2.27632,2.943037,0.300823,0.89035,0.809231,0
user_37371,2021-09-10 10:23:00,14,3,16,1,2,2,6,1,7,18,8,4,0,1.833603,4.352353,2.686994,3.172514,0.371392,4.310526,0.929444,0.95177,1
user_37372,2021-08-15 11:36:00,29,18,9,1,2,3,5,17,11,0,3,6,1,1.934942,1.271199,3.420669,3.600395,4.138188,1.746915,0.575199,0.940627,0
user_37373,2021-09-02 22:48:00,19,13,13,2,7,3,8,14,5,1,10,3,0,2.345865,3.276697,0.967116,1.76311,2.67185,0.405324,0.867187,0.392988,0
user_37374,2021-08-13 08:57:00,50,10,16,3,8,2,20,19,7,17,5,4,0,4.269254,4.877342,1.332626,2.070648,3.982591,4.162097,0.730085,0.469886,0
user_37375,2021-08-26 14:40:00,5,10,4,3,2,1,14,4,7,16,3,3,0,3.6989,1.95385,0.964756,3.588434,0.654108,2.127759,0.417107,0.429513,1
user_37376,2021-08-06 09:49:00,9,1,25,3,10,5,8,19,16,20,5,4,0,3.3904,1.775698,1.191262,0.306671,1.815139,1.20621,0.283432,0.657288,0
user_37377,2021-10-28 17:57:00,22,11,13,0,10,4,20,18,17,2,14,3,0,2.475582,0.225155,0.661466,2.557748,0.419234,0.419964,0.960874,0.452496,1
user_37378,2021-08-18 19:26:00,49,19,22,0,0,4,19,13,17,13,0,2,0,4.358034,0.575911,0.234152,1.144189,2.805944,2.64609,0.834995,0.915468,0
user_37379,2021-08-23 06:08:00,42,6,30,0,3,2,11,10,8,7,10,0,0,4.648102,0.442181,3.962141,3.554401,3.40926,1.771148,0.485665,0.314658,1
user_37380,2021-08-29 08:51:00,49,17,6,1,4,5,5,10,13,15,18,6,1,3.281245,2.111435,2.11309,4.069539,3.901483,1.314335,0.827318,0.777398,1
user_37381,2021-10-15 03:00:00,24,4,25,1,4,1,4,15,5,4,8,4,0,4.44738,0.469966,1.45001,3.612189,1.801431,4.320811,0.264403,0.681635,1
user_37382,2021-10-25 00:05:00,30,19,16,1,5,4,11,8,6,19,3,0,0,4.545241,3.761155,2.315349,1.425797,2.727097,0.49742,0.695362,0.741722,1
user_37383,2021-10-26 14:23:00,12,9,17,0,1,0,2,6,5,0,12,1,0,1.689246,0.306257,3.996025,1.880187,3.313708,1.438846,0.968348,0.91299,1
user_37384,2021-08-10 12:51:00,18,13,23,3,10,2,4,13,2,1,7,1,0,2.111325,0.298268,2.236878,0.823803,3.707049,4.56321,0.647543,0.947948,1
user_37385,2021-08-25 05:15:00,3,5,27,2,2,5,16,4,19,10,15,2,0,2.417404,0.23788,4.490061,3.016128,4.525692,3.517044,0.503832,0.202339,1
user_37386,2021-08-09 17:44:00,6,14,15,0,5,1,6,7,13,1,12,0,0,2.661914,1.876778,1.845286,3.982678,4.658866,3.392445,0.613817,0.823594,0
user_37387,2021-08-07 17:05:00,43,9,13,5,10,4,6,17,20,9,6,5,1,1.946199,1.745407,3.00147,1.149906,4.70691,4.321246,0.436967,0.441855,1
user_37388,2021-08-09 21:26:00,11,5,10,2,2,3,16,10,2,18,19,0,0,2.601494,4.774978,3.634729,0.146079,1.966022,0.598133,0.373021,0.919916,0
user_37389,2021-10-08 11:21:00,50,10,26,4,1,5,0,20,2,8,11,4,0,3.196845,2.753417,3.154699,2.189428,4.976604,0.672835,0.948869,0.433031,0
user_37390,2021-10-23 14:44:00,2,15,29,2,3,5,5,10,13,9,0,5,1,3.214665,3.353444,2.66286,4.422742,4.759899,2.113041,0.332637,0.288082,0
user_37391,2021-09-29 10:50:00,32,16,8,5,2,0,10,10,2,13,19,2,0,4.40906,2.302279,3.603762,3.777117,4.922245,1.798748,0.657405,0.499713,0
user_37392,2021-10-14 02:03:00,7,6,9,0,1,3,19,18,18,16,18,3,0,3.288664,1.656241,0.881148,3.162803,4.683256,4.783848,0.213291,0.442034,0
user_37393,2021-09-26 12:09:00,37,18,23,4,7,2,7,6,10,6,12,6,1,2.267561,2.477225,1.363261,3.914833,3.552087,1.691338,0.956445,0.86922,0
user_37394,2021-10-19 18:22:00,7,1,5,3,3,0,1,10,7,8,15,1,0,4.630431,4.912946,2.273691,1.881131,2.09849,3.683593,0.223797,0.937864,0
user_37395,2021-08-01 15:45:00,33,4,27,3,5,5,3,16,8,9,5,6,1,3.871654,1.145445,0.720956,1.673461,1.354052,1.733295,0.464495,0.359256,1
user_37396,2021-10-22 05:19:00,5,3,2,2,8,4,5,17,0,18,3,4,0,1.546957,4.83666,3.487744,2.83339,4.007488,2.769963,0.401875,0.990724,1
user_37397,2021-08-29 01:38:00,40,11,14,1,2,3,2,4,9,4,16,6,1,4.864589,0.34575,4.213999,1.89918,0.701269,0.543302,0.539989,0.328804,1
user_37398,2021-09-01 18:17:00,23,16,7,1,0,0,15,10,15,14,12,2,0,4.293518,2.408016,4.40232,2.995046,3.709574,3.26482,0.386695,0.84792,1
user_37399,2021-09-09 22:14:00,26,2,21,4,4,5,4,13,6,3,4,3,0,0.753996,1.75867,0.928392,0.645308,0.852933,2.073494,0.352273,0.479791,1
user_37400,2021-08-31 06:59:00,14,17,5,4,10,4,9,9,7,17,20,1,0,1.764649,1.594738,1.646514,1.987492,3.956019,1.119333,0.320381,0.370275,1
user_37401,2021-09-27 08:33:00,16,6,8,3,5,3,10,1,3,14,10,0,0,1.484821,3.219637,2.385944,1.115024,0.956471,1.487325,0.218491,0.784927,1
user_37402,2021-10-18 06:22:00,41,1,10,5,4,3,15,9,16,14,19,0,0,1.246255,3.911614,2.713079,2.197844,3.813025,1.410673,0.43866,0.359628,0
user_37403,2021-10-17 00:30:00,8,6,6,1,1,3,9,12,17,9,9,6,1,2.331195,3.97986,0.91309,2.407961,0.149751,1.328537,0.653048,0.351301,1
user_37404,2021-09-30 09:00:00,10,17,6,2,10,1,12,16,10,14,9,3,0,2.919987,1.36451,4.629518,0.967041,2.670958,0.577265,0.525691,0.642281,0
user_37405,2021-08-14 10:59:00,19,7,9,3,2,1,10,9,6,15,7,5,1,2.22,0.501828,0.795497,1.612129,2.331968,1.936448,0.842864,0.295927,0
user_37406,2021-08-20 21:15:00,25,19,26,0,6,4,2,10,13,15,9,4,0,3.039881,3.373921,2.289591,2.152908,1.292593,0.4738,0.938997,0.994449,1
user_37407,2021-10-11 20:31:00,2,8,17,5,5,3,7,15,14,17,5,0,0,4.643993,1.674599,4.604678,4.115223,1.900005,1.294087,0.251371,0.435676,1
user_37408,2021-10-23 14:00:00,4,4,18,0,2,3,12,9,5,12,16,5,1,2.429922,1.139868,0.959693,1.174348,2.10165,3.444591,0.708655,0.41744,1
user_37409,2021-08-24 19:17:00,39,11,24,4,10,1,13,5,14,5,3,1,0,4.519346,2.861846,1.237685,4.467385,4.706927,0.968356,0.784356,0.491904,1
user_37410,2021-10-11 20:13:00,23,14,20,3,8,3,14,4,19,4,7,0,0,1.440326,1.538399,2.827055,1.575247,1.418892,2.013175,0.447142,0.853502,0
user_37411,2021-10-09 23:51:00,44,16,26,1,5,2,5,6,13,3,3,5,1,0.358045,1.248396,3.920171,2.944138,0.694627,3.753713,0.220021,0.746956,0
user_37412,2021-10-06 05:12:00,32,4,23,3,1,5,13,15,17,12,7,2,0,2.712966,0.264155,2.5621,4.667403,2.366622,0.583674,0.442905,0.308316,0
user_37413,2021-10-24 02:41:00,9,10,22,5,8,0,16,3,17,1,14,6,1,3.820061,4.395867,1.460238,4.879603,4.023785,3.155553,0.367888,0.242353,0
user_37414,2021-10-02 06:48:00,23,8,8,3,7,0,14,10,11,14,19,5,1,0.32012,2.731214,2.790819,4.751532,0.325762,2.783993,0.761442,0.845274,1
user_37415,2021-10-29 00:39:00,40,10,26,4,7,4,11,3,8,13,4,4,0,1.616915,0.503935,1.069974,4.597496,0.575688,4.202522,0.872069,0.937817,0
user_37416,2021-10-05 15:56:00,2,2,27,0,0,5,6,8,15,3,6,1,0,1.867409,4.156052,2.706352,3.978556,1.877719,4.64537,0.243796,0.611226,1
user_37417,2021-08-14 02:16:00,49,9,3,0,8,5,13,4,9,0,17,5,1,4.838748,2.099068,2.192698,3.203304,2.275456,1.368163,0.222716,0.963989,1
user_37418,2021-09-25 22:18:00,2,1,19,5,0,3,12,16,5,2,5,5,1,0.836209,3.688491,0.55889,0.633791,3.697307,1.028699,0.219772,0.354764,1
user_37419,2021-10-13 10:48:00,22,1,24,4,3,0,2,10,6,20,19,2,0,4.048688,2.785328,1.437625,4.282337,4.545486,3.567854,0.957982,0.986334,1
user_37420,2021-09-27 22:24:00,21,1,1,4,0,5,14,4,17,18,11,0,0,2.866079,2.044927,1.678661,1.022554,4.908726,3.9977,0.434593,0.47707,0
user_37421,2021-10-17 16:15:00,18,10,19,5,6,1,2,6,12,6,6,6,1,1.097795,1.126802,3.967643,1.155098,2.699584,0.76654,0.837998,0.570405,1
user_37422,2021-10-09 01:01:00,16,19,22,1,5,1,17,14,6,10,17,5,1,2.905831,1.134498,3.74423,4.789408,2.860731,3.491954,0.80135,0.313919,1
user_37423,2021-10-24 08:29:00,42,7,17,4,7,0,13,2,0,17,11,6,1,1.480959,4.471201,2.528204,2.74894,3.138821,1.214626,0.954347,0.821565,0
user_37424,2021-08-28 09:10:00,3,10,8,3,0,3,7,3,1,0,18,5,1,1.923601,4.216925,2.708937,0.473196,0.423181,2.552078,0.792699,0.210688,1
user_37425,2021-10-09 05:54:00,30,19,16,2,8,4,19,15,0,9,5,5,1,3.367345,3.172287,2.902322,3.192485,1.057573,2.738204,0.655117,0.902682,0
user_37426,2021-10-03 16:01:00,29,5,7,1,3,4,16,8,0,7,3,6,1,4.739908,3.73542,2.187389,3.028558,4.534025,3.63558,0.722395,0.944634,0
user_37427,2021-10-18 20:13:00,36,18,20,0,1,1,6,9,10,8,8,0,0,2.625363,0.655027,2.749169,4.728953,1.158694,3.155721,0.350432,0.906504,1
user_37428,2021-09-18 21:47:00,25,18,10,4,0,0,16,5,18,10,8,5,1,1.513578,0.701467,2.350577,1.76352,3.802021,2.738785,0.898109,0.247834,1
user_37429,2021-10-21 10:51:00,29,10,7,4,8,4,1,7,3,8,9,3,0,2.807564,0.366348,4.766466,0.365597,0.452128,3.999219,0.847867,0.466265,1
user_37430,2021-08-28 03:39:00,3,6,28,5,4,5,8,0,4,12,18,5,1,1.877646,1.046544,4.327838,0.136871,1.282799,3.840778,0.401156,0.757983,0
user_37431,2021-09-01 10:04:00,40,5,28,1,6,4,6,7,4,2,11,2,0,1.633686,0.102428,2.713547,3.85516,4.686665,2.088231,0.488752,0.560823,0
user_37432,2021-09-16 12:39:00,34,14,9,5,1,4,12,17,4,20,16,3,0,3.979596,1.508864,2.969191,1.16821,3.651101,4.849979,0.986219,0.300399,0
user_37433,2021-10-01 21:29:00,16,20,11,0,3,4,7,19,18,16,20,4,0,3.326707,4.423797,1.285913,4.697628,4.185349,1.396695,0.461846,0.884502,1
user_37434,2021-10-22 00:13:00,40,20,16,2,0,1,0,20,12,5,0,4,0,3.728722,2.366528,2.331136,0.318907,0.680804,0.114108,0.744677,0.376276,0
user_37435,2021-08-26 18:02:00,17,12,12,0,0,1,3,12,0,1,17,3,0,4.184232,3.392581,0.313488,3.670591,2.989628,0.246582,0.559174,0.552868,1
user_37436,2021-09-14 16:21:00,11,18,5,0,1,3,2,5,18,20,17,1,0,0.627192,2.230513,1.942027,2.004085,1.815396,0.414722,0.850809,0.578301,0
user_37437,2021-08-23 12:10:00,17,0,22,3,1,5,2,20,7,17,18,0,0,2.39425,2.891524,4.933825,0.816459,3.667762,1.148161,0.980477,0.568786,1
user_37438,2021-09-19 11:29:00,34,16,14,0,1,3,18,1,1,5,6,6,1,1.669397,2.53909,4.926383,4.68715,3.245529,0.907446,0.213197,0.9262,1
user_37439,2021-10-10 13:50:00,1,2,5,4,10,1,20,15,0,18,0,6,1,0.696654,3.905416,2.390001,4.036822,3.40705,1.217076,0.266816,0.374397,1
user_37440,2021-09-24 22:55:00,44,3,3,0,5,5,6,11,3,20,20,4,0,3.015419,1.898764,4.457351,0.959744,2.423594,4.740944,0.992364,0.673376,0
user_37441,2021-09-13 05:16:00,42,15,27,3,8,3,13,19,13,10,10,0,0,2.498494,1.536346,2.83713,2.742713,1.449688,3.437654,0.452005,0.693974,0
user_37442,2021-09-26 17:37:00,40,8,12,0,2,1,15,7,2,4,7,6,1,3.588538,3.140557,3.436651,3.805094,0.222247,0.229556,0.472508,0.981493,1
user_37443,2021-08-13 19:38:00,42,3,14,2,6,1,4,13,0,10,3,4,0,2.457174,1.257263,2.892615,4.507473,2.366838,0.787717,0.739194,0.405263,0
user_37444,2021-09-06 02:35:00,4,12,16,5,9,5,10,1,9,2,18,0,0,2.935512,3.728808,4.114932,1.451216,4.779585,3.747923,0.817634,0.749118,1
user_37445,2021-08-19 13:06:00,12,0,25,4,6,1,7,11,20,13,6,3,0,3.993149,1.115748,3.494995,3.193098,1.826639,0.284187,0.7359,0.25484,0
user_37446,2021-10-28 13:47:00,32,13,17,1,4,5,2,17,18,11,6,3,0,2.025177,4.498568,0.529407,0.634766,2.220228,4.360379,0.767706,0.625187,0
user_37447,2021-09-17 22:12:00,30,2,8,0,2,1,2,11,9,5,3,4,0,0.354868,4.34852,2.614765,1.513327,1.531675,1.069034,0.653944,0.955597,0
user_37448,2021-10-26 23:03:00,30,17,3,2,0,5,15,16,8,14,11,1,0,1.463057,2.032313,4.125514,1.081296,1.90319,2.599212,0.582671,0.956086,1
user_37449,2021-10-08 04:53:00,15,0,22,0,3,5,20,17,19,19,4,4,0,0.323599,1.318902,4.753126,4.212118,3.393264,2.231649,0.971979,0.61721,0
user_37450,2021-09-15 05:51:00,30,3,8,5,6,5,14,0,18,7,16,2,0,1.679863,0.645374,3.539445,0.673562,2.099733,2.485164,0.991713,0.514631,0
user_37451,2021-08-14 01:31:00,9,3,2,2,1,5,18,11,9,2,9,5,1,1.449425,0.757193,2.196902,1.339406,3.604191,2.684204,0.675158,0.752111,1
user_37452,2021-10-28 19:38:00,29,7,24,4,8,5,16,0,12,8,12,3,0,0.447665,1.651021,2.884614,2.152884,0.69342,1.296291,0.525709,0.934962,0
user_37453,2021-09-04 22:02:00,38,2,17,3,8,3,19,17,6,6,4,5,1,4.370512,3.705136,1.120563,1.056739,0.177944,2.706446,0.800955,0.271463,0
user_37454,2021-09-03 00:02:00,24,0,25,5,2,3,0,0,7,2,1,4,0,0.867447,1.248996,4.726951,3.676822,0.564982,1.007407,0.894156,0.673723,0
user_37455,2021-10-18 13:49:00,45,16,6,4,9,1,8,6,5,16,12,0,0,4.73778,2.571733,0.297152,4.496188,2.923154,4.94287,0.856673,0.294376,1
user_37456,2021-08-10 03:57:00,48,12,25,4,4,2,14,4,18,17,13,1,0,1.45432,0.285479,1.802257,3.430878,4.168761,0.574347,0.241629,0.570736,0
user_37457,2021-10-27 05:38:00,16,10,10,1,1,0,17,1,3,19,10,2,0,2.224309,2.485064,4.068796,1.122646,2.81363,0.803568,0.735907,0.634748,0
user_37458,2021-10-06 23:44:00,8,20,23,3,2,4,10,0,20,16,9,2,0,4.289273,0.812639,0.567629,2.200248,3.459132,4.467657,0.564768,0.586679,1
user_37459,2021-08-02 10:12:00,38,11,30,1,0,2,18,17,8,8,17,0,0,3.193417,1.381755,1.987885,4.429058,2.257507,4.25784,0.303881,0.769511,0
user_37460,2021-09-26 04:09:00,39,4,23,4,0,3,12,3,12,7,16,6,1,3.598578,2.061067,2.879554,2.07816,3.213423,3.572183,0.241321,0.547061,0
user_37461,2021-09-06 08:24:00,33,0,28,4,0,2,3,4,17,15,4,0,0,0.268015,2.325412,3.699522,4.495507,1.673167,1.066758,0.733943,0.968981,1
user_37462,2021-09-07 05:52:00,1,20,6,5,5,2,0,16,13,16,20,1,0,4.613079,1.074572,2.095471,4.13946,3.115532,0.397326,0.580757,0.596932,1
user_37463,2021-08-17 02:00:00,8,16,16,3,6,1,19,5,12,0,10,1,0,1.341642,0.817726,4.373871,0.671456,3.596286,1.086607,0.56328,0.929024,0
user_37464,2021-10-21 12:32:00,40,10,6,3,3,4,11,13,12,19,15,3,0,0.377639,0.61968,4.248517,1.530248,1.914889,1.593796,0.226407,0.56909,1
user_37465,2021-10-20 18:43:00,3,15,14,5,10,3,14,7,13,3,6,2,0,3.017263,3.704945,0.59517,2.960305,3.427937,4.192442,0.533192,0.871272,0
user_37466,2021-10-24 13:15:00,3,1,3,4,3,4,2,14,19,14,19,6,1,3.894202,1.367847,2.939228,3.327615,3.655034,1.935851,0.687914,0.783032,1
user_37467,2021-09-24 15:00:00,17,2,13,1,8,3,19,10,2,4,4,4,0,1.618897,4.319215,2.174078,1.478608,2.373088,3.061876,0.633554,0.260497,1
user_37468,2021-10-14 16:40:00,17,11,5,5,0,3,14,3,6,1,17,3,0,1.670514,2.908794,2.745059,3.841593,0.179706,4.656949,0.252868,0.798897,0
user_37469,2021-08-21 06:56:00,25,4,22,3,8,1,14,15,2,14,1,5,1,4.459495,3.233788,3.461637,2.025422,2.033332,3.004862,0.203234,0.739017,0
user_37470,2021-10-26 12:38:00,49,12,13,5,7,0,10,15,2,15,1,1,0,2.451313,0.231455,3.43871,0.751334,4.356119,2.380352,0.695526,0.813437,1
user_37471,2021-10-12 06:50:00,14,6,9,2,7,3,9,3,7,1,5,1,0,0.477632,3.088691,0.698123,0.496972,2.762184,2.67552,0.887533,0.281154,1
user_37472,2021-10-28 09:59:00,42,11,25,4,2,0,2,5,17,7,12,3,0,2.751793,2.730301,0.290674,4.427951,0.596409,1.042143,0.535756,0.733151,0
user_37473,2021-10-25 00:15:00,22,8,4,5,7,2,20,1,9,19,6,0,0,1.583754,3.908229,1.55216,3.426287,1.864481,1.188165,0.435018,0.720448,0
user_37474,2021-08-22 14:29:00,7,17,25,1,10,0,19,18,18,4,12,6,1,3.58833,2.398958,2.494769,1.033523,4.313099,2.66259,0.80176,0.269818,1
user_37475,2021-08-05 14:04:00,30,14,14,4,3,1,14,0,2,8,7,3,0,1.821097,4.691692,3.869283,1.364769,4.734929,4.698349,0.417327,0.503315,1
user_37476,2021-08-09 22:19:00,37,12,6,3,6,2,1,14,3,0,8,0,0,4.223225,0.807723,4.810846,0.484998,4.17523,2.407999,0.880852,0.807507,0
user_37477,2021-08-26 04:29:00,37,7,12,0,4,1,0,17,9,2,1,3,0,1.339792,4.443011,3.820319,3.873446,3.607633,2.532593,0.532177,0.286212,1
user_37478,2021-08-17 10:55:00,32,4,20,0,1,0,12,19,19,2,6,1,0,3.649357,4.482354,1.717509,4.222601,1.437399,2.103258,0.93224,0.987936,0
user_37479,2021-10-01 11:43:00,17,18,8,4,3,5,5,11,5,20,18,4,0,0.908591,4.678407,3.703416,3.53127,4.616247,0.35601,0.424781,0.749608,1
user_37480,2021-09-25 11:08:00,15,13,1,4,5,5,5,12,20,16,20,5,1,0.319174,1.903111,1.850548,1.808558,4.022652,0.894123,0.611095,0.535736,0
user_37481,2021-08-08 01:30:00,28,19,19,4,2,3,19,6,8,15,19,6,1,0.433082,4.905256,3.046269,0.233233,4.571515,1.749825,0.601676,0.89703,0
user_37482,2021-10-17 17:18:00,45,1,14,5,3,3,17,15,9,10,6,6,1,2.041345,2.039291,2.253449,4.445623,4.493606,4.601208,0.221257,0.731158,1
user_37483,2021-10-20 21:38:00,50,2,5,4,2,0,8,16,19,7,6,2,0,1.922634,1.357751,1.235934,3.035378,0.813732,0.883217,0.722008,0.809866,1
user_37484,2021-08-28 21:08:00,3,2,19,5,4,3,10,7,13,12,18,5,1,1.374645,2.228258,3.65481,2.050403,2.936986,3.230669,0.417292,0.931101,1
user_37485,2021-10-11 17:51:00,47,11,15,5,9,4,14,14,12,12,13,0,0,2.87893,4.861199,2.582815,4.637764,0.366926,1.874309,0.261405,0.511436,0
user_37486,2021-09-15 15:18:00,35,4,30,5,2,0,15,10,16,5,18,2,0,3.385696,3.590808,0.673649,1.692427,0.696309,3.633832,0.259196,0.260889,0
user_37487,2021-09-20 17:46:00,9,1,21,1,5,4,7,7,18,17,6,0,0,4.492165,1.009717,4.663187,4.491358,4.780581,2.21125,0.604718,0.26947,1
user_37488,2021-09-03 13:15:00,6,3,5,0,7,4,20,6,19,0,4,4,0,2.732844,4.166023,4.503321,0.331445,3.227697,0.771046,0.885934,0.906011,1
user_37489,2021-10-24 15:39:00,8,14,21,3,9,1,12,14,4,10,12,6,1,0.814819,3.170534,0.456177,2.377104,4.746516,2.733829,0.592082,0.751443,1
user_37490,2021-10-16 05:33:00,14,3,21,3,0,3,16,1,12,12,11,5,1,2.993621,2.674646,1.417837,2.030898,1.381869,3.472866,0.631264,0.50235,1
user_37491,2021-10-07 19:09:00,11,3,18,5,9,0,8,18,6,5,5,3,0,1.540384,2.88408,1.225471,2.212318,0.718263,3.474567,0.426513,0.831718,1
user_37492,2021-08-23 18:08:00,20,18,25,3,8,3,5,11,14,6,18,0,0,2.561478,2.710328,3.896736,1.268186,1.479622,0.656398,0.76934,0.610282,0
user_37493,2021-09-08 04:31:00,37,3,22,4,5,1,1,6,10,14,7,2,0,2.959974,4.82597,4.060225,1.078886,4.358229,3.96859,0.523664,0.504549,1
user_37494,2021-09-26 03:06:00,11,11,5,4,7,5,16,2,18,17,7,6,1,0.534112,2.441957,2.205193,2.561549,3.874875,0.999179,0.644162,0.299965,1
user_37495,2021-09-11 07:34:00,22,2,29,5,2,3,18,6,0,11,1,5,1,1.636381,0.508589,4.431287,0.266526,4.735152,4.179578,0.844775,0.616035,0
user_37496,2021-09-24 10:57:00,32,13,26,3,1,0,18,18,10,2,14,4,0,1.09418,3.447226,0.720723,1.212447,4.58673,3.862016,0.370995,0.717617,1
user_37497,2021-10-13 19:11:00,36,16,27,0,7,1,16,19,9,12,18,2,0,4.556374,2.866084,3.346979,1.620213,2.388503,2.73014,0.294839,0.365573,1
user_37498,2021-08-04 17:47:00,22,6,17,5,5,3,11,8,11,2,16,2,0,2.901491,3.651163,2.043516,0.816471,1.1608,3.968404,0.265605,0.335709,1
user_37499,2021-09-30 17:02:00,25,8,6,0,10,5,18,11,15,5,19,3,0,4.760281,3.878614,1.390846,0.139308,4.638622,1.673176,0.958814,0.89551,0
user_37500,2021-08-13 18:47:00,4,16,8,0,4,3,9,20,16,11,0,4,0,4.068519,1.422009,1.283668,1.139516,4.449337,3.301216,0.535958,0.345799,0
user_37501,2021-09-16 17:25:00,43,3,22,4,2,2,4,13,0,11,6,3,0,3.029037,1.468617,4.409793,4.473786,0.413413,4.954859,0.687536,0.501966,0
user_37502,2021-08-25 02:25:00,8,8,13,4,1,5,14,3,1,13,3,2,0,2.017939,2.292654,1.647683,4.449972,4.991103,3.473898,0.531944,0.288031,0
user_37503,2021-10-22 03:15:00,50,6,22,2,9,2,8,4,7,6,17,4,0,1.630405,1.592923,2.07947,1.793701,3.943569,3.830818,0.650059,0.395735,1
user_37504,2021-09-30 17:50:00,34,20,10,3,7,3,3,1,19,12,16,3,0,4.808699,2.915688,1.808757,0.58521,2.764975,3.386631,0.584346,0.928884,0
user_37505,2021-09-01 04:50:00,5,16,30,3,1,5,13,13,7,15,20,2,0,3.741433,1.815355,4.527685,0.14047,4.495991,3.319987,0.60947,0.353195,0
user_37506,2021-10-25 04:40:00,36,11,5,3,8,1,13,11,9,7,7,0,0,2.85206,1.592177,3.035875,3.479355,4.703104,3.661086,0.807275,0.928571,1
user_37507,2021-10-25 00:51:00,49,10,12,5,0,1,6,6,12,11,6,0,0,1.707278,0.905511,2.741207,2.153756,4.984608,4.991798,0.438371,0.64451,0
user_37508,2021-08-24 02:38:00,29,7,24,2,2,5,19,17,14,12,16,1,0,1.791641,1.858292,3.241002,1.313248,2.055069,4.237521,0.601671,0.733698,1
user_37509,2021-10-18 18:24:00,9,0,4,1,8,4,0,16,19,17,20,0,0,3.469355,2.475048,2.331726,2.024388,0.264426,2.69531,0.6109,0.977591,1
user_37510,2021-08-18 02:13:00,31,7,28,0,5,5,5,9,17,17,6,2,0,0.103662,3.560623,4.398704,1.136874,3.763679,4.00069,0.211908,0.461564,1
user_37511,2021-08-12 13:56:00,49,7,30,0,8,1,13,3,18,10,12,3,0,4.275275,0.818734,1.249751,1.676403,0.561182,0.467068,0.378332,0.203008,1
user_37512,2021-08-19 15:21:00,28,0,16,3,8,0,15,3,11,3,0,3,0,3.845034,4.302664,3.978329,3.448597,4.138778,0.362586,0.981977,0.844703,0
user_37513,2021-09-25 06:13:00,21,3,9,3,2,4,16,5,7,12,19,5,1,1.026139,4.799025,3.794818,2.303473,0.886373,4.200474,0.461444,0.601273,0
user_37514,2021-10-12 05:22:00,9,10,15,4,5,5,16,17,6,14,17,1,0,3.614697,4.403953,3.178095,4.179743,3.22102,1.90859,0.931602,0.652889,1
user_37515,2021-08-11 10:38:00,46,11,22,5,4,3,16,3,11,4,19,2,0,3.962081,4.941701,3.827404,4.090203,1.623093,3.416693,0.272262,0.82886,0
user_37516,2021-10-16 07:57:00,20,4,27,1,3,3,16,11,17,16,15,5,1,1.483496,1.790059,3.536053,4.851427,3.816041,4.654838,0.328139,0.939962,1
user_37517,2021-09-23 02:37:00,21,18,5,4,3,4,5,2,10,0,9,3,0,3.788377,2.614601,0.309647,4.527702,0.852989,0.248672,0.8868,0.324755,0
user_37518,2021-08-28 04:00:00,6,7,4,5,3,3,11,13,17,4,9,5,1,2.293112,0.734414,2.77592,1.897067,1.277959,3.291945,0.763327,0.7917,1
user_37519,2021-08-28 04:17:00,22,9,24,5,6,5,15,10,5,1,1,5,1,1.891304,1.396368,3.067424,1.589442,0.785773,2.003787,0.55342,0.486976,1
user_37520,2021-09-03 18:23:00,36,15,5,1,3,1,17,8,13,4,7,4,0,4.545443,0.356592,0.704558,4.3757,4.343312,4.716001,0.319876,0.733073,1
user_37521,2021-09-17 22:14:00,17,20,6,1,7,0,19,6,12,9,10,4,0,1.972837,1.066943,3.851444,0.98907,3.845275,4.297383,0.635407,0.308311,0
user_37522,2021-10-01 00:48:00,19,15,22,2,3,3,2,7,14,5,13,4,0,1.825976,3.433973,2.371724,1.492996,3.072939,2.936155,0.271302,0.668647,0
user_37523,2021-10-03 11:38:00,26,8,27,5,0,5,14,0,19,8,13,6,1,2.18277,2.564251,1.598014,3.250924,3.988587,1.796696,0.987855,0.51722,1
user_37524,2021-10-26 01:48:00,19,1,19,2,1,0,20,11,12,3,19,1,0,3.150616,4.197841,2.677724,0.249798,2.609528,3.395381,0.635331,0.724687,0
user_37525,2021-09-03 12:05:00,50,10,28,4,5,4,20,7,13,6,11,4,0,2.229704,4.772768,1.936205,1.854348,1.831264,1.861195,0.855046,0.711408,1
user_37526,2021-09-01 12:17:00,21,15,18,2,10,2,1,20,16,6,20,2,0,2.104003,4.76297,2.689651,4.210585,4.668879,0.669538,0.533773,0.567644,0
user_37527,2021-09-20 22:28:00,2,6,16,2,4,5,12,0,11,20,17,0,0,4.216993,3.918169,2.247559,0.693064,1.335835,2.748422,0.395755,0.989042,1
user_37528,2021-10-09 08:15:00,41,20,22,5,10,0,12,8,15,5,16,5,1,1.823033,4.220178,2.730521,2.684374,0.745741,1.409522,0.489698,0.708484,0
user_37529,2021-08-03 05:55:00,45,4,26,1,4,3,17,12,17,19,5,1,0,3.277055,4.356278,0.700665,2.868915,2.54658,3.677828,0.971032,0.212288,1
user_37530,2021-08-23 05:25:00,4,8,7,0,6,4,0,0,5,14,11,0,0,0.721106,3.491531,1.517263,1.797121,2.597793,0.587999,0.533311,0.761791,0
user_37531,2021-09-05 17:05:00,37,10,4,3,10,5,1,9,14,18,14,6,1,3.703783,2.056026,4.418535,0.701897,0.405226,4.28448,0.446713,0.788122,0
user_37532,2021-09-05 05:25:00,44,9,20,2,5,4,13,2,10,11,6,6,1,1.261571,4.47673,0.487918,1.530473,2.95869,1.460886,0.938802,0.564664,1
user_37533,2021-09-01 06:51:00,14,12,13,3,4,3,11,11,11,9,10,2,0,1.362246,2.28347,2.755956,4.487333,4.423835,2.819992,0.819609,0.312758,1
user_37534,2021-08-16 21:02:00,40,4,24,3,6,2,16,7,20,2,11,0,0,0.193986,4.819048,2.931229,2.349329,2.070369,2.741857,0.737764,0.452176,1
user_37535,2021-09-28 02:09:00,11,14,5,4,1,1,17,17,11,18,5,1,0,3.426229,4.328939,3.745794,4.122168,4.728585,0.576133,0.524187,0.953846,1
user_37536,2021-08-18 15:41:00,34,1,4,4,5,5,6,19,7,10,8,2,0,4.571649,1.792692,4.496356,2.741319,2.55425,2.240939,0.552019,0.903789,0
user_37537,2021-08-08 08:38:00,38,3,19,5,8,3,19,13,19,10,10,6,1,1.533343,1.061973,1.377663,2.467469,0.265414,0.850598,0.234511,0.80456,0
user_37538,2021-08-04 05:54:00,46,19,25,4,2,1,10,4,0,0,5,2,0,3.80532,3.51951,0.467041,4.874409,0.75025,1.002107,0.372961,0.961979,0
user_37539,2021-08-12 11:20:00,29,6,15,2,6,4,10,17,19,20,4,3,0,0.976841,2.192431,1.834395,3.904446,1.359904,4.716917,0.755551,0.49928,0
user_37540,2021-09-16 11:51:00,22,4,9,4,7,0,15,0,3,18,15,3,0,2.233652,0.794651,2.095933,4.417015,3.533963,4.642782,0.521174,0.998111,1
user_37541,2021-08-10 00:09:00,8,6,8,4,6,2,0,0,7,8,15,1,0,0.354171,2.700829,4.655563,0.970575,4.582308,2.587034,0.295464,0.285164,1
user_37542,2021-08-19 14:25:00,35,20,27,3,9,0,1,16,6,11,7,3,0,2.919998,1.601777,3.621773,3.377974,3.999658,0.214421,0.573933,0.808003,0
user_37543,2021-10-01 21:29:00,48,16,16,4,10,1,1,4,8,4,7,4,0,1.663467,4.763699,1.351559,2.143419,2.636083,0.347289,0.244916,0.444002,1
user_37544,2021-10-11 02:34:00,28,17,16,5,8,1,14,12,7,13,12,0,0,1.22736,3.511719,3.030898,3.403976,3.556657,4.173671,0.235397,0.776076,0
user_37545,2021-10-28 09:37:00,28,19,24,0,7,5,14,16,15,8,2,3,0,3.549834,4.467418,2.50348,0.729971,2.639527,0.61062,0.29177,0.319592,1
user_37546,2021-10-26 08:32:00,41,1,24,4,3,1,20,5,6,10,3,1,0,0.172082,3.029513,2.896614,1.72464,1.22591,2.376796,0.294973,0.951348,0
user_37547,2021-10-25 14:52:00,45,9,10,3,6,1,20,2,15,17,20,0,0,3.894921,0.7839,4.102948,1.949387,1.1614,2.851121,0.55163,0.272589,0
user_37548,2021-08-28 00:18:00,24,20,20,4,4,1,15,15,5,17,17,5,1,1.338025,3.624252,2.852379,4.942665,1.106314,2.398033,0.394126,0.657897,1
user_37549,2021-08-21 02:04:00,2,5,10,5,4,1,14,17,3,3,8,5,1,0.152562,3.711725,2.027451,1.676248,3.786587,2.589634,0.577346,0.539393,0
user_37550,2021-10-01 12:25:00,44,9,24,1,7,4,10,10,10,5,3,4,0,1.910681,4.758064,0.546038,2.177175,2.987059,4.663809,0.227294,0.802353,1
user_37551,2021-08-12 22:36:00,28,5,27,4,0,5,7,15,18,10,19,3,0,3.496034,3.48294,3.840308,0.629158,1.879417,4.348121,0.41505,0.797267,1
user_37552,2021-08-08 12:29:00,43,18,21,1,0,5,8,20,13,9,2,6,1,3.734569,1.154437,0.151893,0.184817,0.529894,4.185636,0.883001,0.634525,0
user_37553,2021-08-13 11:22:00,14,11,30,5,5,3,0,17,7,2,1,4,0,2.778639,1.620627,1.932714,0.70849,1.034745,2.79976,0.916037,0.424619,0
user_37554,2021-08-16 04:53:00,24,17,11,0,9,4,5,15,9,20,12,0,0,0.755404,3.708787,4.077858,2.167858,3.308853,4.169942,0.702599,0.797174,0
user_37555,2021-10-17 17:07:00,33,7,27,1,5,3,2,7,3,19,12,6,1,4.196153,1.908846,2.049342,2.066221,1.114457,2.802236,0.967383,0.807849,1
user_37556,2021-10-26 01:05:00,50,5,17,4,2,4,17,14,4,10,19,1,0,2.208076,4.525839,0.298268,4.71433,3.059969,1.958751,0.246105,0.469168,0
user_37557,2021-08-07 02:27:00,50,9,2,0,8,4,14,7,15,5,20,5,1,3.571989,1.077669,2.585552,3.95498,2.412694,4.241575,0.676516,0.3667,1
user_37558,2021-08-10 21:11:00,11,7,5,4,6,2,3,16,4,11,4,1,0,1.063948,3.924464,3.250362,1.325116,2.490246,3.422002,0.599379,0.390443,1
user_37559,2021-08-20 15:43:00,6,6,29,5,5,4,7,7,20,5,2,4,0,4.887104,1.540069,4.276008,1.001262,3.05565,2.09286,0.2506,0.349718,0
user_37560,2021-10-10 12:08:00,11,15,9,3,1,2,17,1,4,3,8,6,1,2.186524,0.55087,3.033914,4.156015,2.911468,4.854678,0.322321,0.66082,0
user_37561,2021-08-02 06:33:00,48,17,12,4,8,2,16,20,1,0,10,0,0,0.132265,4.360603,1.377776,1.360493,2.742398,4.698582,0.245626,0.382637,1
user_37562,2021-08-02 07:27:00,10,2,6,2,2,3,5,3,20,10,12,0,0,3.212628,2.384156,3.418649,1.03105,1.037016,4.885204,0.993531,0.458217,0
user_37563,2021-08-15 21:04:00,28,5,24,0,8,2,0,11,15,5,11,6,1,0.375707,3.447225,4.406652,1.917002,3.039642,2.778954,0.843954,0.568397,1
user_37564,2021-09-06 22:39:00,37,10,3,3,1,1,3,20,14,6,8,0,0,2.043872,4.140968,0.179382,2.705668,1.442695,3.022793,0.845941,0.807287,1
user_37565,2021-10-08 12:32:00,24,20,1,0,7,3,8,13,15,11,13,4,0,1.922319,2.391912,2.845359,0.65738,2.944682,2.594489,0.866598,0.816215,0
user_37566,2021-09-11 04:50:00,35,0,28,3,2,4,10,2,17,18,2,5,1,4.035314,0.457162,4.253319,4.608994,2.31946,4.177097,0.541007,0.802753,1
user_37567,2021-09-27 17:11:00,48,3,4,1,8,4,16,18,17,5,14,0,0,2.448314,1.152002,1.897015,4.154845,3.131591,4.855918,0.74729,0.927585,1
user_37568,2021-09-17 08:30:00,45,0,21,5,4,4,18,16,6,15,1,4,0,3.181334,2.953957,3.303697,4.069983,2.710192,1.347549,0.329275,0.404516,1
user_37569,2021-10-15 20:30:00,7,1,15,0,3,1,13,13,12,8,7,4,0,0.725293,1.144634,4.63146,0.280529,1.35079,3.793066,0.260671,0.475524,0
user_37570,2021-10-28 23:57:00,18,5,29,0,7,2,5,1,3,4,2,3,0,2.962248,1.852379,0.549194,4.428449,1.18849,4.856561,0.800202,0.742775,0
user_37571,2021-08-11 11:00:00,7,4,24,0,0,0,11,12,8,6,15,2,0,0.84801,1.046649,1.618311,4.777048,1.095702,1.702941,0.765485,0.386946,0
user_37572,2021-08-11 12:13:00,39,1,24,1,2,2,9,1,3,9,16,2,0,3.249686,1.330158,2.019998,2.190612,1.692781,2.271856,0.599454,0.309004,1
user_37573,2021-08-28 07:49:00,6,4,30,1,5,4,10,11,12,15,15,5,1,1.624204,4.17739,0.226662,4.775484,2.382845,3.56137,0.718328,0.942669,0
user_37574,2021-09-11 18:59:00,45,18,21,1,0,2,12,15,9,13,7,5,1,4.217457,4.314535,0.577621,3.691789,4.554574,0.233439,0.310757,0.812629,0
user_37575,2021-09-18 18:47:00,32,20,11,0,4,5,17,3,6,18,15,5,1,2.881613,0.911894,3.660551,3.328814,4.428821,3.93021,0.302601,0.871855,1
user_37576,2021-10-25 18:25:00,41,18,18,4,9,1,7,4,4,19,13,0,0,2.6263,0.272161,1.991613,0.56717,1.84473,4.928057,0.890731,0.285158,1
user_37577,2021-08-01 14:27:00,32,15,13,0,9,1,1,6,2,10,1,6,1,4.580161,0.570456,4.707441,2.201659,4.91798,1.908367,0.563523,0.391355,0
user_37578,2021-09-24 19:45:00,30,12,17,5,2,5,11,11,20,20,16,4,0,1.958299,4.22978,0.532561,2.583632,0.796139,1.466452,0.836268,0.370457,1
user_37579,2021-08-19 13:50:00,18,2,4,4,4,4,9,8,12,11,7,3,0,3.32924,2.398919,2.941544,1.801141,3.095995,3.543466,0.429961,0.814132,0
user_37580,2021-09-26 18:50:00,42,14,20,0,3,2,3,17,10,5,1,6,1,1.661539,0.67853,2.443929,0.764784,4.119507,3.253998,0.41727,0.708035,0
user_37581,2021-10-20 17:26:00,37,6,24,1,7,4,19,12,1,3,6,2,0,3.021412,0.259397,3.86084,2.323087,1.486304,2.609089,0.932078,0.731356,0
user_37582,2021-08-09 13:33:00,38,11,23,1,2,4,14,12,1,10,8,0,0,3.677146,2.144162,0.418629,3.688308,3.730256,2.229309,0.632822,0.682132,1
user_37583,2021-10-14 18:03:00,6,13,29,5,9,2,20,16,13,19,7,3,0,2.241387,2.290181,4.76482,3.341193,2.568428,4.997282,0.257472,0.94094,1
user_37584,2021-10-27 16:21:00,8,6,1,1,3,5,11,7,6,9,6,2,0,3.234246,0.926572,0.10065,4.003915,0.93225,4.187591,0.875357,0.797387,0
user_37585,2021-10-14 16:59:00,45,18,3,1,4,5,1,16,17,2,9,3,0,1.423481,2.381221,0.275964,3.636912,3.854403,4.038733,0.961024,0.231626,0
user_37586,2021-10-07 13:13:00,45,7,21,1,10,1,7,16,14,12,13,3,0,0.1906,2.943968,1.902617,4.561985,1.483188,4.318829,0.253694,0.356688,0
user_37587,2021-10-20 17:57:00,36,9,15,5,4,0,5,14,10,19,6,2,0,1.63511,0.730069,1.272033,0.256627,3.622339,2.157113,0.974025,0.522574,1
user_37588,2021-08-12 16:42:00,30,15,17,3,1,2,3,8,8,9,17,3,0,3.513424,0.523173,0.256885,4.685211,0.156324,0.776236,0.813726,0.390101,1
user_37589,2021-08-06 17:17:00,38,11,2,1,9,1,1,14,15,16,14,4,0,3.023521,0.448019,1.771562,1.54179,4.788599,0.158349,0.991171,0.51168,1
user_37590,2021-08-21 20:50:00,29,2,16,5,8,3,14,4,0,2,13,5,1,1.961859,4.959351,1.889237,1.240367,2.098067,2.397116,0.451546,0.802192,0
user_37591,2021-08-27 00:53:00,46,20,14,3,3,4,4,8,10,18,3,4,0,3.769632,1.418086,1.116803,2.19056,0.751727,1.627869,0.309907,0.970905,1
user_37592,2021-09-07 09:51:00,7,15,26,4,4,3,16,19,0,11,0,1,0,2.851643,1.735231,1.065601,3.34058,4.312584,1.286589,0.802744,0.660569,1
user_37593,2021-09-28 06:06:00,28,8,28,4,9,5,10,12,16,7,4,1,0,4.905934,3.750798,1.882602,0.623189,2.977792,0.932264,0.514384,0.968274,0
user_37594,2021-09-13 23:49:00,50,5,28,1,1,4,12,1,1,16,4,0,0,1.689159,0.976641,4.249417,3.732431,4.390165,1.037077,0.561502,0.933806,1
user_37595,2021-08-18 05:37:00,24,9,27,4,5,1,14,9,9,4,12,2,0,3.412116,0.630356,1.496783,4.947638,1.953171,2.465113,0.819843,0.394095,1
user_37596,2021-09-02 12:09:00,24,20,5,2,5,1,14,10,5,8,7,3,0,3.524738,1.674106,4.963294,2.68823,2.463532,0.598665,0.300702,0.851968,1
user_37597,2021-09-27 21:07:00,33,14,18,0,2,2,16,4,11,12,20,0,0,1.222618,4.989047,4.816887,4.828513,4.509833,4.025034,0.446868,0.389725,1
user_37598,2021-08-19 23:56:00,1,16,5,3,4,3,4,15,9,19,7,3,0,4.929478,0.18025,4.122372,1.813521,2.868628,3.260688,0.244219,0.605535,1
user_37599,2021-10-18 08:45:00,24,3,29,3,3,2,2,16,1,14,3,0,0,2.766629,4.272599,2.891276,4.245163,3.610524,2.868274,0.739299,0.62052,1
user_37600,2021-08-15 04:20:00,14,14,30,3,10,0,17,3,4,17,0,6,1,4.844352,4.904836,0.879911,1.907678,2.606182,2.127742,0.633216,0.840584,1
user_37601,2021-10-06 04:56:00,12,13,12,5,10,3,6,1,15,13,6,2,0,3.669496,4.395169,2.477581,2.10151,0.973123,4.204815,0.984994,0.552754,1
user_37602,2021-08-25 01:12:00,40,17,14,2,2,1,12,15,12,10,20,2,0,1.888421,3.769532,3.264099,1.086859,4.658052,2.898456,0.865452,0.984687,0
user_37603,2021-10-04 11:51:00,41,2,24,0,0,5,11,8,13,18,9,0,0,3.858211,4.330796,4.977686,0.490311,0.296526,4.67116,0.388384,0.834636,0
user_37604,2021-09-27 14:35:00,43,3,23,4,9,1,8,0,5,15,1,0,0,4.133766,4.017794,3.95131,4.70708,4.404015,4.771824,0.738656,0.692362,1
user_37605,2021-08-22 20:37:00,23,7,28,0,4,3,14,16,12,8,0,6,1,0.158791,3.649257,4.404084,3.451916,2.460265,3.905693,0.389341,0.606087,0
user_37606,2021-09-11 10:04:00,26,7,29,0,7,2,17,18,7,6,6,5,1,1.002014,1.138511,3.377126,3.323575,2.943208,4.561582,0.306423,0.8405,1
user_37607,2021-09-11 10:46:00,43,0,21,2,2,2,4,12,9,9,10,5,1,4.865197,0.765361,0.561241,2.813205,2.317483,1.580833,0.967031,0.555517,0
user_37608,2021-09-26 05:24:00,36,18,5,3,0,4,4,18,18,1,6,6,1,0.89692,1.194671,2.509642,0.280811,4.16543,2.194125,0.60011,0.800492,1
user_37609,2021-08-26 06:24:00,9,16,12,0,5,4,5,17,19,6,14,3,0,3.807045,3.960364,2.227319,4.514738,0.373406,3.943921,0.643647,0.343336,1
user_37610,2021-08-04 06:07:00,30,20,11,4,3,5,6,14,3,5,10,2,0,0.959039,4.128105,2.895597,3.417626,0.137921,3.222499,0.406264,0.221773,0
user_37611,2021-09-21 16:46:00,9,12,6,0,10,4,2,1,10,5,19,1,0,4.332294,1.891761,2.432551,4.46721,2.634464,2.239832,0.754109,0.505422,0
user_37612,2021-09-25 09:22:00,24,8,30,5,8,1,10,1,14,12,15,5,1,2.701086,4.23095,3.65908,2.119343,3.556401,1.75914,0.470194,0.434198,1
user_37613,2021-08-02 02:34:00,5,16,19,5,4,1,4,19,0,0,3,0,0,3.312129,2.546267,1.649209,3.913038,4.157896,4.955359,0.381585,0.280023,1
user_37614,2021-09-20 13:11:00,49,9,17,0,7,4,11,6,10,6,4,0,0,0.810518,3.257805,1.357861,1.347262,3.67793,4.093451,0.804352,0.584196,0
user_37615,2021-09-18 05:03:00,2,6,16,1,4,5,13,7,0,10,6,5,1,0.525529,3.875638,1.885854,2.630714,1.858907,3.619732,0.911039,0.8963,1
user_37616,2021-09-28 20:58:00,28,16,13,4,3,4,12,0,4,1,8,1,0,4.727623,1.21313,3.639175,3.96946,1.19591,3.966334,0.779636,0.986508,0
user_37617,2021-08-24 14:37:00,46,8,8,4,9,0,0,2,14,6,5,1,0,0.998238,1.167592,4.98486,2.040302,2.66964,3.359506,0.307426,0.937905,1
user_37618,2021-08-29 00:23:00,17,17,12,5,5,4,15,19,2,12,18,6,1,0.581702,1.58521,0.468318,2.564742,1.313391,4.50079,0.503954,0.70049,1
user_37619,2021-08-10 06:16:00,16,16,16,5,0,5,17,13,18,6,0,1,0,0.991875,4.542916,1.010631,2.237817,1.069273,1.628037,0.894568,0.722856,1
user_37620,2021-10-09 02:27:00,37,19,10,0,10,4,15,1,19,19,4,5,1,0.382879,3.497045,3.420597,4.157833,2.522323,1.214266,0.594295,0.335743,1
user_37621,2021-09-21 04:42:00,17,1,18,2,4,2,16,15,5,16,0,1,0,2.517408,4.252777,4.632083,0.455042,4.231788,4.231374,0.357678,0.905483,1
user_37622,2021-09-09 01:50:00,47,12,23,0,4,2,15,17,6,16,20,3,0,3.508555,3.347458,1.341924,1.365464,0.389914,1.14704,0.998525,0.357771,1
user_37623,2021-10-13 23:16:00,41,16,23,1,3,0,13,1,10,16,5,2,0,2.610102,0.842886,1.455826,3.78548,0.983604,1.241771,0.872068,0.346806,0
user_37624,2021-10-28 11:16:00,25,16,10,3,8,4,6,12,2,0,0,3,0,2.859788,4.764083,3.46042,0.348103,0.173503,2.656984,0.550583,0.848091,0
user_37625,2021-10-29 17:42:00,19,7,9,4,9,0,10,3,12,20,18,4,0,1.648664,2.391003,4.100477,2.69796,0.16065,4.10555,0.481837,0.803168,0
user_37626,2021-08-28 11:28:00,7,8,23,5,7,0,4,15,3,16,0,5,1,0.283862,4.456274,2.372668,1.423325,0.419744,0.631557,0.266429,0.935993,1
user_37627,2021-09-20 21:20:00,31,14,4,3,7,1,13,17,11,13,3,0,0,4.541326,1.00603,3.658811,4.216343,3.471821,4.686421,0.954748,0.630986,0
user_37628,2021-10-14 04:43:00,24,17,1,3,7,1,6,1,13,20,7,3,0,3.991772,4.906531,3.068814,1.883291,4.636574,3.227612,0.606687,0.584462,0
user_37629,2021-10-22 02:56:00,35,12,17,4,4,5,20,14,8,4,0,4,0,4.190453,2.259415,4.21004,2.243601,1.775676,4.300566,0.663206,0.98553,1
user_37630,2021-09-10 05:06:00,21,15,26,4,0,3,13,4,3,16,3,4,0,3.931054,4.874225,4.34947,4.86561,4.448101,0.58828,0.38016,0.687024,0
user_37631,2021-10-23 00:15:00,41,8,24,0,0,1,2,10,7,8,19,5,1,2.000104,1.118342,0.219981,1.058021,2.256398,2.584008,0.666758,0.31396,0
user_37632,2021-10-20 07:58:00,26,15,15,0,7,0,0,10,9,16,18,2,0,3.516261,1.662879,2.850855,4.201934,3.318163,1.066603,0.811883,0.8625,0
user_37633,2021-09-04 11:50:00,41,12,12,0,1,1,18,11,8,2,9,5,1,0.868399,1.86141,2.79876,2.815643,1.818358,2.33627,0.858605,0.650589,1
user_37634,2021-10-27 20:17:00,38,11,7,3,4,1,13,6,5,13,2,2,0,4.013787,0.739651,2.786867,4.07353,1.068985,2.653416,0.619741,0.961429,1
user_37635,2021-10-19 04:10:00,3,9,1,5,8,2,13,5,15,0,5,1,0,3.981291,3.499125,3.840481,0.82866,1.525888,2.748225,0.29804,0.635106,0
user_37636,2021-09-24 18:21:00,34,5,5,2,2,5,18,13,1,9,14,4,0,0.166772,4.926779,1.653675,3.17531,3.862792,0.900534,0.710524,0.934037,0
user_37637,2021-10-13 17:59:00,46,2,9,4,4,2,18,5,15,5,6,2,0,1.959662,1.135049,3.401045,4.001817,1.178833,1.106233,0.649348,0.494988,1
user_37638,2021-09-20 09:28:00,46,14,22,3,5,1,12,15,15,20,6,0,0,1.991042,3.879407,1.066072,1.082359,3.874376,1.306743,0.749562,0.535747,1
user_37639,2021-10-19 14:57:00,41,16,2,1,9,3,15,18,19,19,11,1,0,3.280241,1.972285,2.768227,2.890101,1.49946,2.625463,0.753874,0.686903,0
user_37640,2021-09-01 00:04:00,36,7,17,5,9,5,0,14,18,1,20,2,0,1.015202,0.576295,3.415846,3.235946,3.357111,1.925101,0.904138,0.661337,0
user_37641,2021-10-22 08:09:00,40,8,22,3,10,1,12,19,4,2,9,4,0,0.637388,2.102202,3.259688,0.724928,1.894128,0.919259,0.588593,0.604875,0
user_37642,2021-09-27 08:03:00,27,10,5,0,3,4,20,13,5,10,10,0,0,2.34598,4.938191,1.895396,2.409251,1.397423,4.193247,0.649289,0.556079,1
user_37643,2021-10-18 03:13:00,10,12,3,0,6,5,11,6,3,15,11,0,0,3.992722,2.08134,1.390435,4.713155,0.649884,2.908538,0.735273,0.589458,0
user_37644,2021-08-01 17:43:00,36,8,26,2,8,1,16,0,9,0,11,6,1,0.820547,4.034318,2.552114,1.594993,0.153994,0.441201,0.324774,0.969756,0
user_37645,2021-09-01 05:29:00,26,18,6,4,9,3,8,17,3,8,13,2,0,1.015824,1.890812,3.98288,4.658134,2.80943,2.301071,0.767683,0.912566,0
user_37646,2021-09-29 06:33:00,14,12,6,3,2,4,9,16,8,13,10,2,0,1.3637,3.140938,3.120666,2.266293,2.762208,2.675758,0.921509,0.888912,0
user_37647,2021-09-22 16:27:00,45,9,7,1,6,4,1,20,7,15,12,2,0,1.471831,0.632929,1.327502,0.292076,1.760511,0.872954,0.692457,0.601378,0
user_37648,2021-10-07 09:26:00,27,14,29,4,1,3,4,11,20,15,5,3,0,3.383179,1.478441,4.043655,4.158938,2.818219,3.312071,0.676817,0.657376,1
user_37649,2021-10-23 16:12:00,17,3,1,1,4,1,16,4,5,15,16,5,1,0.281337,0.870459,0.982711,1.52216,0.934212,1.872827,0.39304,0.648361,1
user_37650,2021-10-14 15:22:00,34,0,2,5,1,3,14,9,19,4,10,3,0,2.470047,4.234699,2.24458,0.262776,3.444555,2.116784,0.856704,0.333877,1
user_37651,2021-10-03 20:23:00,50,18,26,0,3,2,19,17,10,20,13,6,1,2.67436,4.842828,2.833813,2.452528,2.161759,3.613652,0.665253,0.707585,0
user_37652,2021-08-02 04:59:00,32,15,3,4,9,4,6,15,7,7,6,0,0,0.260357,4.014041,3.893467,4.497003,0.149156,3.942496,0.744735,0.240237,1
user_37653,2021-08-05 03:28:00,37,5,6,3,3,0,20,7,5,10,8,3,0,4.986501,0.905478,1.876484,4.404334,1.031498,4.035811,0.99596,0.255239,0
user_37654,2021-09-14 14:42:00,36,6,13,4,2,5,7,1,12,11,10,1,0,1.300264,4.312838,0.128835,3.077415,2.019844,1.086313,0.471697,0.898644,0
user_37655,2021-10-27 03:05:00,6,9,27,3,0,0,15,1,2,0,12,2,0,4.254806,3.810707,0.712039,2.9852,4.862572,4.685777,0.50838,0.280558,1
user_37656,2021-08-25 04:28:00,13,11,24,3,3,5,18,19,19,14,15,2,0,2.859786,0.695564,0.869218,3.029747,1.344937,3.199015,0.237559,0.392709,0
user_37657,2021-09-25 08:09:00,5,12,13,4,1,2,5,12,8,15,18,5,1,1.222657,1.156334,4.327835,2.731412,2.754857,0.954394,0.212611,0.675036,1
user_37658,2021-08-28 06:47:00,6,12,2,2,9,1,11,3,7,18,3,5,1,4.235331,2.929477,3.035161,4.540161,4.987806,0.612477,0.795867,0.785371,0
user_37659,2021-10-03 04:08:00,39,0,20,1,3,3,8,11,10,13,0,6,1,1.084752,4.35511,2.107395,4.444849,3.939698,4.02383,0.473706,0.369332,1
user_37660,2021-09-28 07:25:00,27,7,13,1,3,3,6,7,19,17,1,1,0,3.745655,0.220275,0.294168,1.241161,4.654846,1.749207,0.768454,0.36903,1
user_37661,2021-08-07 15:15:00,28,5,1,0,6,3,15,7,8,0,8,5,1,2.70643,4.636332,1.440058,1.218571,4.907818,2.481527,0.958854,0.836492,1
user_37662,2021-09-28 05:33:00,45,2,23,2,2,2,14,20,10,12,7,1,0,2.562518,0.347167,4.058758,4.502894,4.374129,1.544145,0.504378,0.847807,1
user_37663,2021-10-12 21:06:00,28,13,17,1,0,5,2,7,10,15,5,1,0,4.597122,3.70755,1.391174,4.203099,1.175422,1.626875,0.900468,0.26906,0
user_37664,2021-10-07 02:55:00,38,5,4,4,3,3,2,4,12,18,9,3,0,1.330567,1.516554,1.368664,4.967472,0.403654,2.781887,0.849341,0.425418,0
user_37665,2021-10-19 13:20:00,18,9,21,5,1,0,2,16,8,10,20,1,0,0.745505,0.299224,2.594837,1.769887,3.840588,1.006875,0.691566,0.73832,0
user_37666,2021-08-29 20:55:00,34,16,26,4,9,0,15,7,13,8,13,6,1,4.285285,3.483425,2.512334,4.910514,0.732012,3.687652,0.612728,0.317146,1
user_37667,2021-09-11 20:42:00,37,12,14,5,0,3,7,9,17,18,18,5,1,3.092791,3.248353,0.718401,1.866251,2.169183,1.085333,0.539939,0.599408,1
user_37668,2021-10-06 05:30:00,27,20,2,4,6,1,12,11,8,5,13,2,0,2.565148,4.364733,1.512941,1.605987,2.540744,2.942324,0.406889,0.508847,0
user_37669,2021-08-05 03:57:00,39,5,18,1,6,1,13,8,10,17,5,3,0,2.628797,0.47023,0.222731,3.215702,2.911859,4.19957,0.849608,0.298592,1
user_37670,2021-08-31 22:12:00,25,6,21,0,9,3,1,10,3,20,7,1,0,1.210037,2.851622,4.724475,1.169962,3.764133,1.287951,0.697617,0.861613,1
user_37671,2021-08-11 22:32:00,38,0,10,0,10,1,7,3,10,12,4,2,0,2.419202,0.516371,2.979744,3.669453,2.325567,4.926926,0.419362,0.524095,0
user_37672,2021-08-16 13:25:00,41,11,6,1,5,0,5,18,3,12,17,0,0,3.367729,0.110273,3.215504,3.953206,4.91491,1.616542,0.434139,0.328332,1
user_37673,2021-10-15 17:50:00,16,18,19,2,1,0,1,13,1,0,11,4,0,3.687555,2.429977,3.945809,4.598262,2.44334,4.933595,0.75822,0.876307,0
user_37674,2021-10-12 03:07:00,24,14,18,5,4,1,15,12,16,3,7,1,0,4.952773,2.434351,1.320992,3.593748,2.525351,2.627377,0.596675,0.234339,0
user_37675,2021-10-07 03:10:00,22,11,30,5,4,2,4,20,9,14,6,3,0,4.143253,2.587608,2.792071,2.628309,3.628771,3.648856,0.875923,0.87416,1
user_37676,2021-08-19 22:29:00,17,3,13,4,2,0,7,10,0,10,19,3,0,0.846255,4.724283,3.433103,2.742147,3.723797,3.121714,0.793669,0.538405,1
user_37677,2021-08-30 14:02:00,30,16,1,2,1,4,13,17,14,3,20,0,0,2.695683,4.292241,1.725103,2.726939,2.656679,0.985292,0.234948,0.797945,1
user_37678,2021-08-14 14:09:00,1,10,23,5,8,3,18,2,17,6,14,5,1,4.962342,1.467446,4.218694,3.761068,2.766516,0.161627,0.202531,0.245549,1
user_37679,2021-10-24 01:16:00,25,13,19,5,3,3,11,13,15,7,17,6,1,2.002007,1.866339,0.90119,0.183274,3.749593,4.149734,0.760318,0.433066,1
user_37680,2021-09-20 04:14:00,50,12,17,4,0,0,4,2,7,15,6,0,0,2.580828,3.433787,1.725856,1.16043,4.180247,3.985029,0.873033,0.776588,0
user_37681,2021-09-17 02:46:00,24,19,13,0,4,0,4,5,17,19,4,4,0,1.671416,4.364153,3.621859,0.127781,0.929509,0.984003,0.317212,0.42883,0
user_37682,2021-10-18 13:38:00,4,4,8,5,1,2,10,17,19,15,15,0,0,3.930773,0.985371,3.357538,4.767163,1.889325,1.265237,0.542563,0.460396,0
user_37683,2021-09-25 06:22:00,10,13,19,3,9,4,2,10,18,8,14,5,1,3.989339,2.674338,0.996278,1.567042,3.5882,0.518207,0.563333,0.981496,0
user_37684,2021-09-12 12:04:00,35,19,26,5,4,2,6,3,1,0,12,6,1,4.216003,4.225282,3.704318,3.789869,1.980623,1.539973,0.84183,0.717818,0
user_37685,2021-08-27 23:08:00,30,0,16,5,10,3,16,5,15,18,6,4,0,3.881466,1.084865,1.601039,3.377382,4.99948,1.452527,0.747605,0.632716,0
user_37686,2021-09-20 07:27:00,42,12,20,0,6,2,3,6,13,20,6,0,0,1.496651,0.685389,2.275755,1.002463,4.417393,2.912352,0.559396,0.885986,0
user_37687,2021-09-29 18:09:00,36,1,2,3,2,2,5,4,17,19,13,2,0,1.773844,2.443828,2.384649,0.342133,2.611913,4.618919,0.42243,0.343808,1
user_37688,2021-08-27 23:39:00,3,19,15,5,1,0,13,2,15,13,20,4,0,1.559164,3.648555,2.972731,3.620047,3.19642,3.914431,0.264421,0.83388,0
user_37689,2021-09-26 21:11:00,22,18,10,0,3,0,17,3,15,20,10,6,1,4.497451,4.148213,2.63919,4.996214,3.904335,4.607372,0.368673,0.438497,0
user_37690,2021-08-03 02:00:00,20,16,19,2,7,1,10,15,18,13,4,1,0,3.060828,4.143942,3.067629,0.315548,0.653001,1.882805,0.968814,0.47116,1
user_37691,2021-10-04 04:53:00,43,12,4,1,2,1,17,14,18,9,18,0,0,4.57221,4.335268,4.988964,4.101235,4.072881,0.846301,0.688775,0.546038,1
user_37692,2021-08-31 15:40:00,37,7,26,3,7,4,16,14,10,18,20,1,0,4.879826,3.371608,4.167163,2.673125,4.104423,1.201637,0.621336,0.264328,1
user_37693,2021-09-24 10:26:00,4,1,3,0,0,3,4,5,8,10,12,4,0,2.232213,1.948599,0.696042,3.272125,2.449741,2.064723,0.91529,0.819886,1
user_37694,2021-10-28 14:23:00,46,15,4,2,6,1,7,20,16,19,5,3,0,3.059852,4.85597,4.703377,1.168301,0.222769,2.143147,0.330979,0.906696,1
user_37695,2021-08-19 08:42:00,2,19,4,4,3,4,19,19,5,0,5,3,0,2.647502,3.69065,0.63888,1.799996,1.009245,0.41716,0.841087,0.46435,0
user_37696,2021-09-18 19:04:00,42,0,15,3,7,0,9,13,18,3,10,5,1,4.526931,4.203117,2.898031,2.518971,2.983225,0.743832,0.775754,0.215126,1
user_37697,2021-08-30 18:44:00,16,13,12,2,7,4,9,6,2,7,7,0,0,3.901188,3.257272,4.953766,4.517096,3.487298,1.760353,0.772509,0.514144,1
user_37698,2021-08-08 13:48:00,17,20,6,2,4,3,4,18,10,19,1,6,1,0.225494,2.884376,1.223971,2.081408,0.204883,2.631306,0.66076,0.399476,0
user_37699,2021-10-24 01:08:00,5,15,8,2,9,5,11,5,11,17,8,6,1,1.865475,4.144642,2.640183,4.665689,4.828434,4.471993,0.439351,0.711654,1
user_37700,2021-10-24 10:32:00,38,16,24,0,4,0,3,13,9,1,7,6,1,3.020369,2.684544,4.960829,0.588045,4.242819,2.260432,0.799733,0.26894,0
user_37701,2021-10-08 00:57:00,50,9,29,1,4,5,16,3,17,11,18,4,0,1.465548,2.715554,2.350249,2.892459,3.588267,3.263112,0.895968,0.384205,1
user_37702,2021-08-30 03:32:00,40,14,3,2,4,0,4,17,13,9,12,0,0,2.522781,2.539562,0.732454,4.877097,0.764269,0.30555,0.297599,0.99411,1
user_37703,2021-10-21 12:07:00,49,12,11,1,10,5,20,15,3,19,14,3,0,0.955537,4.863113,3.103499,0.716412,3.701371,0.126698,0.601758,0.962609,0
user_37704,2021-08-23 05:54:00,39,6,2,4,7,0,11,0,0,2,5,0,0,3.738791,2.848585,2.389334,3.366218,4.917379,2.944591,0.706961,0.327439,0
user_37705,2021-08-25 02:01:00,43,17,23,5,7,4,8,0,8,3,9,2,0,4.847977,0.943524,3.468436,3.428224,1.539189,4.447973,0.262989,0.754905,0
user_37706,2021-10-23 13:04:00,27,7,22,0,7,4,5,11,16,8,18,5,1,0.207856,3.64341,3.48669,4.04341,2.714595,0.685268,0.450302,0.992417,1
user_37707,2021-10-26 04:17:00,14,5,2,3,0,0,2,20,3,3,5,1,0,4.217912,2.830831,3.349224,2.778306,3.196588,1.58942,0.933008,0.367885,1
user_37708,2021-10-16 03:26:00,41,7,23,4,3,5,16,10,7,16,5,5,1,4.61385,0.205792,3.098348,3.354632,4.378021,2.518553,0.994694,0.348977,0
user_37709,2021-10-05 13:22:00,43,4,23,5,4,4,8,6,3,11,10,1,0,1.197826,3.734577,3.003721,1.684515,1.786733,3.271131,0.418359,0.527886,1
user_37710,2021-09-28 06:53:00,22,18,16,5,3,2,19,19,20,17,10,1,0,3.720128,0.378241,1.42307,0.749453,3.314966,3.52411,0.846006,0.227246,1
user_37711,2021-09-03 20:54:00,45,2,3,0,0,4,5,7,5,19,18,4,0,2.298445,1.336697,2.599034,0.324741,0.527597,0.249452,0.621873,0.213824,0
user_37712,2021-09-22 13:00:00,17,7,26,5,7,4,10,15,16,1,13,2,0,4.965829,4.720927,4.018109,4.81178,3.889569,4.407497,0.635801,0.934787,1
user_37713,2021-09-11 23:50:00,15,12,17,0,4,3,5,20,15,6,4,5,1,0.358873,2.456249,1.365135,0.545179,3.48025,3.160443,0.595128,0.907418,1
user_37714,2021-10-04 06:00:00,43,4,12,1,10,4,0,4,20,9,14,0,0,1.607119,2.551253,3.481308,2.569809,0.84497,2.6068,0.806915,0.575268,0
user_37715,2021-08-29 08:44:00,24,14,14,2,5,0,8,19,9,4,6,6,1,0.9677,1.933297,0.409629,3.579384,1.227567,1.426882,0.424165,0.268907,0
user_37716,2021-09-29 18:25:00,45,4,4,5,10,1,14,16,12,11,0,2,0,1.462644,0.413651,3.032326,4.456768,3.216377,4.087162,0.268069,0.275959,1
user_37717,2021-10-14 09:29:00,5,3,5,2,9,1,12,0,1,8,1,3,0,3.843022,3.973031,0.28076,2.838649,2.21267,0.847892,0.435073,0.96553,0
user_37718,2021-09-02 05:55:00,41,20,28,1,3,5,11,13,9,1,17,3,0,3.650618,1.313405,0.31114,0.756349,4.500081,4.979246,0.766757,0.839233,0
user_37719,2021-08-07 05:37:00,41,17,20,4,5,5,3,9,0,17,8,5,1,2.953597,4.832563,4.65355,4.851543,2.164752,1.286534,0.851797,0.713468,0
user_37720,2021-10-26 15:59:00,35,18,18,0,4,2,4,6,12,10,16,1,0,2.96627,4.654095,0.374537,1.2992,4.425937,3.823514,0.369206,0.610746,0
user_37721,2021-10-22 00:00:00,43,18,3,1,4,5,2,20,17,8,18,4,0,3.399652,4.507465,2.289197,4.788035,3.209114,1.252141,0.927956,0.369811,1
user_37722,2021-10-10 21:30:00,32,14,26,1,4,0,4,12,10,16,7,6,1,2.928561,0.551756,4.135243,4.775815,2.817986,4.385751,0.745384,0.461662,1
user_37723,2021-09-27 12:59:00,40,20,20,5,10,4,15,9,19,9,16,0,0,1.550458,1.070423,0.161004,2.206745,1.8663,2.327406,0.670156,0.294978,0
user_37724,2021-10-13 16:24:00,17,14,8,5,4,1,6,7,11,2,0,2,0,4.860456,1.735214,1.613765,3.895786,3.51564,1.798182,0.392724,0.418715,1
user_37725,2021-08-20 07:45:00,4,12,26,0,10,3,1,17,7,19,3,4,0,2.429692,2.513033,2.396359,1.167215,0.336562,4.984949,0.373019,0.253676,0
user_37726,2021-09-26 21:47:00,24,13,13,4,5,0,19,2,18,6,16,6,1,4.197583,2.393889,0.99525,4.913056,0.654158,2.83777,0.569643,0.856403,1
user_37727,2021-08-02 12:45:00,8,1,27,4,7,0,14,16,5,6,16,0,0,3.85505,4.545458,3.953219,0.716223,0.820209,4.591671,0.308475,0.957651,1
user_37728,2021-09-07 11:49:00,3,20,21,1,2,2,19,13,18,13,5,1,0,4.430151,3.170035,4.546805,0.861472,1.917131,3.103952,0.831686,0.533372,0
user_37729,2021-09-03 17:35:00,9,7,11,3,4,2,12,9,9,5,3,4,0,3.427305,3.676679,4.718479,0.324155,0.146646,2.144134,0.587106,0.2351,0
user_37730,2021-10-03 23:28:00,9,16,19,3,5,3,13,14,9,13,9,6,1,4.011673,3.510415,0.628804,1.781286,4.387794,3.980753,0.442434,0.968191,1
user_37731,2021-10-13 12:11:00,26,5,18,1,2,2,3,14,15,8,15,2,0,4.431318,4.59561,2.536273,0.690962,4.473275,3.32463,0.584805,0.885735,0
user_37732,2021-08-28 15:14:00,21,17,2,1,0,3,17,1,4,18,16,5,1,0.871212,3.093087,0.324612,3.466497,1.133942,1.551847,0.518275,0.28557,1
user_37733,2021-10-09 21:18:00,18,18,28,1,10,2,7,5,11,19,19,5,1,0.530132,4.792098,2.329194,1.032215,3.433155,3.202942,0.916623,0.966115,1
user_37734,2021-08-26 06:34:00,37,6,23,3,7,2,1,5,9,6,19,3,0,2.149607,1.812886,3.730913,0.316028,2.194817,2.342743,0.536149,0.616961,1
user_37735,2021-09-14 17:00:00,48,17,12,5,0,4,17,15,2,0,18,1,0,0.586223,1.483392,0.510768,1.690841,2.141287,1.729862,0.219802,0.327256,0
user_37736,2021-10-25 22:18:00,11,12,19,0,8,0,8,0,15,9,7,0,0,2.1448,2.846608,2.353612,1.161237,4.893613,2.803858,0.69146,0.663947,1
user_37737,2021-08-30 06:40:00,6,18,26,4,0,0,4,3,8,4,20,0,0,0.848026,2.490026,4.644997,2.609846,2.855197,2.210564,0.507445,0.411794,0
user_37738,2021-08-06 14:42:00,18,2,26,3,6,1,17,10,20,16,3,4,0,2.218381,1.756286,1.029054,1.620736,0.695966,4.955311,0.406596,0.89422,1
user_37739,2021-10-01 14:43:00,23,10,9,1,0,5,13,7,13,11,6,4,0,0.150142,3.330101,1.24239,4.083462,4.892765,1.85053,0.846792,0.863576,0
user_37740,2021-09-02 03:01:00,24,2,15,5,6,1,0,1,2,19,4,3,0,3.403189,0.964192,2.576622,3.433541,2.212046,0.208003,0.760398,0.458722,0
user_37741,2021-10-17 19:23:00,49,6,28,0,0,5,8,10,4,2,12,6,1,0.780594,1.566617,3.266004,1.304529,3.757947,0.680371,0.540298,0.233739,0
user_37742,2021-10-29 20:38:00,18,12,5,1,1,0,0,11,7,17,19,4,0,0.108898,2.726689,1.947917,3.022655,4.516998,1.918023,0.483304,0.912241,0
user_37743,2021-08-19 08:42:00,35,3,22,5,10,4,15,8,16,15,19,3,0,4.420871,3.551003,3.316743,0.836857,4.087698,3.924445,0.816669,0.922871,0
user_37744,2021-10-24 00:11:00,46,1,13,4,7,1,0,3,20,3,0,6,1,1.414454,1.818676,3.876553,2.885489,1.116058,4.053495,0.717277,0.487861,1
user_37745,2021-10-10 13:15:00,37,8,29,3,4,2,8,13,14,18,2,6,1,3.600795,0.937217,4.416064,1.920064,4.370578,4.91345,0.887679,0.938884,1
user_37746,2021-08-05 13:20:00,20,18,8,0,2,0,1,7,2,6,18,3,0,1.09902,0.448048,2.155326,4.059176,3.811335,4.330924,0.381643,0.463799,0
user_37747,2021-10-02 23:51:00,20,20,28,5,0,4,0,8,18,0,18,5,1,0.604595,1.652604,0.504035,2.502836,4.33053,3.779945,0.875995,0.404845,0
user_37748,2021-10-29 12:10:00,30,1,13,4,10,0,1,10,5,7,16,4,0,2.948891,4.881295,4.144876,0.376624,3.621487,0.37371,0.41921,0.550052,0
user_37749,2021-08-13 04:45:00,23,10,3,5,9,3,15,18,6,20,10,4,0,0.205303,2.47762,1.877293,3.992688,3.513592,2.298108,0.669108,0.352072,0
user_37750,2021-10-09 01:53:00,14,2,22,1,2,0,3,0,13,3,13,5,1,1.839619,0.898563,4.287463,2.596711,3.467502,2.492311,0.504266,0.852319,0
user_37751,2021-09-30 20:04:00,39,0,19,3,10,5,2,8,1,12,7,3,0,1.541959,3.665273,3.494621,4.852126,1.396315,3.772571,0.94402,0.46808,1
user_37752,2021-08-05 00:14:00,24,9,15,4,9,5,16,10,6,0,9,3,0,3.903583,4.803399,3.310079,0.395999,1.778567,1.12156,0.25482,0.326327,1
user_37753,2021-10-21 17:42:00,29,14,30,1,2,0,0,7,8,14,7,3,0,1.585843,0.748777,0.285003,0.486263,2.064163,0.837017,0.329587,0.637889,0
user_37754,2021-08-14 04:37:00,17,9,6,2,5,0,17,14,17,10,13,5,1,4.821789,3.072995,2.562805,1.811181,0.905814,4.89671,0.794918,0.344438,0
user_37755,2021-09-27 03:15:00,19,10,8,0,0,5,18,1,17,1,14,0,0,1.612594,3.880308,4.943099,0.690005,4.594743,4.492082,0.52339,0.219714,0
user_37756,2021-10-03 12:11:00,33,8,20,5,3,2,14,1,20,9,0,6,1,2.539103,2.468843,1.074487,4.47382,2.925305,4.732036,0.858523,0.307317,0
user_37757,2021-09-27 06:53:00,47,7,20,2,7,1,2,16,4,16,14,0,0,4.319856,3.4464,1.533353,1.332406,0.610542,4.051537,0.947017,0.970931,0
user_37758,2021-10-03 01:16:00,16,15,15,0,4,2,1,17,18,9,4,6,1,1.595039,0.121243,2.121258,1.935487,3.725926,3.492264,0.963239,0.548235,0
user_37759,2021-10-16 10:57:00,25,4,23,0,10,5,15,11,8,20,19,5,1,0.724045,3.466902,1.963115,1.049194,2.16834,3.9282,0.896222,0.657555,0
user_37760,2021-09-24 19:47:00,41,12,2,2,5,2,9,3,19,11,19,4,0,3.173825,1.935575,3.570163,0.334772,3.813048,3.731874,0.799223,0.999384,0
user_37761,2021-10-04 20:24:00,50,7,6,2,5,1,18,4,11,1,7,0,0,3.623203,3.964854,1.250975,2.221741,3.465354,1.369714,0.458329,0.801359,0
user_37762,2021-08-08 14:18:00,4,15,11,4,0,3,8,9,4,15,0,6,1,4.734489,1.637269,2.582904,0.892343,2.390248,3.737971,0.604751,0.577674,0
user_37763,2021-08-25 03:48:00,2,6,23,2,8,3,17,0,14,3,20,2,0,3.971931,3.046943,0.870896,2.446155,4.872535,1.971593,0.268115,0.590458,1
user_37764,2021-08-30 22:05:00,13,18,14,1,9,5,6,18,15,19,2,0,0,4.2283,4.88992,3.316292,2.517184,4.313037,1.962223,0.848241,0.692452,1
user_37765,2021-10-20 08:36:00,28,10,1,1,9,5,10,12,17,20,13,2,0,0.52562,0.7611,3.367528,4.932377,1.960146,3.332012,0.962521,0.51836,1
user_37766,2021-08-21 08:50:00,2,14,4,1,3,2,13,0,14,1,17,5,1,1.365194,4.774305,4.022142,1.731488,2.128202,4.371552,0.490622,0.40517,0
user_37767,2021-08-02 00:31:00,28,6,28,0,2,1,12,9,3,1,0,0,0,3.943078,2.89093,3.706661,0.751435,1.368947,0.419455,0.805661,0.314067,0
user_37768,2021-10-12 13:49:00,41,19,29,3,4,5,1,18,8,13,14,1,0,3.980979,2.015258,3.912426,3.617034,1.46065,2.416821,0.697476,0.923479,1
user_37769,2021-08-21 04:04:00,47,9,3,0,1,2,11,0,7,4,0,5,1,3.235448,1.440864,0.453294,1.310343,4.444354,4.456733,0.31603,0.667886,0
user_37770,2021-10-14 08:26:00,49,6,2,1,2,1,5,7,12,8,2,3,0,3.124415,0.966791,1.623398,1.342073,2.208966,2.12391,0.458837,0.940571,0
user_37771,2021-10-15 18:36:00,41,10,5,3,5,3,14,7,2,0,2,4,0,4.331602,2.104424,1.245682,2.672944,1.65683,4.79547,0.579646,0.58872,1
user_37772,2021-08-27 02:34:00,12,9,2,3,7,1,16,5,3,14,11,4,0,3.410367,0.927941,3.617371,2.895184,3.492129,3.270664,0.282566,0.863635,1
user_37773,2021-09-07 03:00:00,18,16,11,4,3,0,17,18,19,9,17,1,0,3.29456,1.107868,3.967963,2.714044,4.796214,1.29568,0.980891,0.73816,0
user_37774,2021-10-07 16:28:00,15,19,22,4,7,3,13,6,17,9,13,3,0,3.14436,0.99763,0.716048,1.175614,1.903633,3.420712,0.592303,0.919984,0
user_37775,2021-10-14 00:52:00,21,19,15,3,4,1,15,2,19,8,6,3,0,3.225247,3.655855,1.453796,3.688563,1.277442,4.015134,0.332519,0.943138,0
user_37776,2021-09-10 22:31:00,43,1,29,2,8,2,15,10,1,8,19,4,0,3.429143,1.698248,1.278454,4.94626,0.823732,3.606037,0.765895,0.667974,0
user_37777,2021-10-18 00:31:00,2,3,22,4,2,2,17,8,5,14,1,0,0,1.962781,4.974054,4.143414,3.850713,3.852181,1.581233,0.81048,0.690689,0
user_37778,2021-10-26 23:34:00,47,6,30,2,5,4,18,3,19,7,2,1,0,3.587629,2.435663,0.607596,4.109254,0.631174,2.87878,0.691968,0.446314,0
user_37779,2021-09-07 21:04:00,21,11,7,5,2,2,17,4,20,14,15,1,0,1.117838,4.020431,2.230049,1.601679,3.457707,0.270194,0.313978,0.243928,1
user_37780,2021-10-14 10:05:00,10,20,9,3,5,0,13,12,4,12,9,3,0,4.407711,4.040859,0.350007,1.488003,2.823994,4.733677,0.807518,0.21236,1
user_37781,2021-08-17 22:54:00,39,12,12,3,1,3,7,3,15,13,0,1,0,4.305083,4.588765,2.680024,2.114079,3.747555,4.246832,0.732884,0.646664,0
user_37782,2021-08-27 02:24:00,33,9,7,3,0,1,17,18,11,6,7,4,0,2.480152,2.834592,3.984015,1.799887,1.331204,3.968436,0.573634,0.78272,0
user_37783,2021-08-14 17:29:00,37,13,24,2,2,4,7,14,7,0,8,5,1,3.872208,4.286355,0.727563,3.305832,0.897243,1.931932,0.593372,0.890404,0
user_37784,2021-08-14 05:34:00,29,13,16,4,7,4,17,2,17,11,14,5,1,1.513014,2.874698,3.982485,1.720912,1.602722,4.123549,0.419126,0.425812,1
user_37785,2021-08-09 18:46:00,45,2,12,0,2,4,6,11,15,7,13,0,0,1.908618,0.86507,1.575915,1.117163,2.428953,0.107255,0.825328,0.609157,0
user_37786,2021-09-30 02:30:00,18,18,27,1,5,5,15,13,13,0,19,3,0,4.863891,3.452485,1.543367,4.424962,2.942936,3.082056,0.658306,0.387155,0
user_37787,2021-09-15 10:16:00,44,20,11,1,5,1,8,0,4,12,6,2,0,4.168899,4.225541,1.060162,3.420741,4.64243,4.189675,0.818812,0.523448,0
user_37788,2021-10-17 16:56:00,39,9,9,5,4,2,15,6,18,7,12,6,1,2.578822,4.499469,3.718584,4.715657,1.028945,3.669914,0.695127,0.225191,0
user_37789,2021-08-01 10:20:00,41,8,26,5,9,1,3,18,18,13,6,6,1,0.451067,1.392818,4.530731,0.754629,1.188964,4.368277,0.720113,0.251926,1
user_37790,2021-08-30 02:36:00,4,19,6,2,6,5,0,9,17,5,6,0,0,4.514387,4.988961,3.473201,3.496492,0.656807,1.533277,0.315555,0.301854,0
user_37791,2021-08-26 15:27:00,30,5,30,5,6,3,2,3,7,11,18,3,0,2.893543,2.490419,3.211279,2.743593,1.838443,3.050605,0.604487,0.735138,0
user_37792,2021-09-24 18:09:00,37,18,14,3,0,0,12,10,12,8,7,4,0,1.026134,1.423665,2.244991,4.977549,4.592811,1.358156,0.313158,0.855473,1
user_37793,2021-10-16 13:47:00,32,1,16,5,2,3,15,19,17,13,12,5,1,4.705494,0.599894,0.786418,2.844174,0.845306,2.48497,0.604024,0.260092,1
user_37794,2021-08-20 02:15:00,22,3,5,1,9,0,16,8,11,16,10,4,0,0.469057,0.182146,2.913386,2.372299,2.197958,3.323691,0.472185,0.918853,0
user_37795,2021-10-14 07:09:00,36,12,14,3,10,4,5,7,5,5,13,3,0,3.778329,3.001583,3.507784,0.426099,0.23022,2.677463,0.643887,0.240053,0
user_37796,2021-09-24 13:43:00,45,3,26,3,7,5,17,6,14,13,1,4,0,0.271084,3.224639,1.229733,4.162129,3.751378,2.663984,0.831723,0.426572,0
user_37797,2021-08-14 03:26:00,44,10,6,1,1,4,4,6,9,13,20,5,1,0.443786,4.186366,3.267149,4.393719,2.449545,3.597247,0.390085,0.952379,1
user_37798,2021-08-21 01:04:00,15,19,22,0,8,5,3,1,8,6,14,5,1,3.316814,1.521586,1.841223,3.852085,3.856106,4.12567,0.565714,0.254459,1
user_37799,2021-09-27 21:20:00,44,5,21,5,2,2,5,9,9,11,6,0,0,1.567621,1.013439,4.770614,0.443456,3.947169,1.226122,0.334541,0.663303,0
user_37800,2021-09-08 06:15:00,27,10,8,1,7,5,2,8,1,10,5,2,0,3.014468,3.949683,4.129116,4.656112,4.357174,1.87072,0.925788,0.879542,0
user_37801,2021-10-08 21:29:00,20,3,11,5,7,4,14,4,0,19,2,4,0,4.010169,4.58306,3.816791,1.761035,3.631398,0.614157,0.868613,0.703474,1
user_37802,2021-08-20 23:36:00,30,11,24,3,6,1,15,7,1,14,4,4,0,1.72816,2.179327,4.267072,1.317155,3.369614,3.390916,0.766865,0.832185,0
user_37803,2021-09-29 13:59:00,48,9,25,4,4,2,1,16,7,3,9,2,0,1.881648,2.23342,2.8597,2.095995,1.538653,0.28428,0.355906,0.852054,0
user_37804,2021-08-01 07:57:00,8,19,4,2,7,3,15,14,5,8,4,6,1,0.26214,0.306035,3.690449,3.026116,0.720622,0.710116,0.336392,0.522133,0
user_37805,2021-08-13 08:30:00,11,1,25,3,7,5,5,11,0,15,7,4,0,1.367614,2.71737,2.847,0.609272,3.820255,0.717601,0.915399,0.405705,1
user_37806,2021-08-04 16:44:00,34,6,15,5,3,4,13,17,4,5,14,2,0,3.61144,1.554765,4.658361,3.094131,0.57884,3.034276,0.245889,0.417298,0
user_37807,2021-09-26 00:08:00,18,10,15,5,6,1,4,2,15,0,10,6,1,0.407702,3.998874,4.642654,3.797775,2.216212,4.094886,0.609106,0.925714,0
user_37808,2021-10-20 14:50:00,30,0,25,1,9,5,19,5,20,3,5,2,0,4.645183,1.521275,4.051351,4.388016,3.946778,0.723361,0.569593,0.518283,0
user_37809,2021-10-09 05:58:00,30,17,13,5,0,4,18,19,5,8,1,5,1,3.270441,1.403737,0.52329,1.513546,3.924807,1.751706,0.94548,0.645654,0
user_37810,2021-10-24 11:05:00,3,2,14,0,9,2,15,6,17,9,18,6,1,2.511436,1.82194,0.682299,4.83167,2.915987,0.321555,0.937108,0.321251,1
user_37811,2021-08-05 06:30:00,14,1,1,1,4,1,13,17,3,14,7,3,0,3.611719,1.218039,1.841991,4.838261,2.03612,0.726346,0.914063,0.218957,1
user_37812,2021-10-06 12:03:00,49,8,16,3,6,5,20,10,5,5,10,2,0,1.457013,0.947417,1.283048,1.730683,4.875524,0.940398,0.658092,0.971653,0
user_37813,2021-10-11 03:17:00,26,7,28,0,9,3,7,16,16,11,9,0,0,4.963591,1.014798,4.824675,0.575034,2.371936,1.908964,0.901344,0.795296,0
user_37814,2021-08-09 05:27:00,14,19,16,4,6,4,13,9,7,7,20,0,0,1.613125,0.818302,4.806764,3.066899,1.77976,4.56921,0.990483,0.995106,0
user_37815,2021-09-16 15:13:00,37,8,16,3,4,5,16,20,17,7,16,3,0,4.077694,2.933024,0.530987,3.420627,3.47011,2.766285,0.432565,0.405409,0
user_37816,2021-08-04 01:34:00,21,6,26,3,1,0,8,17,5,12,5,2,0,4.883982,3.643066,1.939309,2.521634,3.63684,4.885869,0.735977,0.780197,1
user_37817,2021-08-30 21:55:00,9,13,19,2,8,3,15,2,2,4,1,0,0,3.688452,4.38593,0.490453,2.078948,1.36679,2.8085,0.394859,0.488417,1
user_37818,2021-09-19 13:42:00,2,19,23,4,6,3,12,0,18,8,9,6,1,0.90521,0.804689,0.431362,1.007056,3.364585,3.206921,0.279636,0.253698,1
user_37819,2021-08-18 06:50:00,10,15,1,5,10,3,8,3,18,0,19,2,0,2.37647,1.266909,3.80525,1.540639,3.361345,3.348141,0.999563,0.998507,1
user_37820,2021-10-25 21:24:00,36,10,20,1,3,4,13,9,14,16,2,0,0,4.829865,2.999792,3.950956,4.437894,1.831098,2.634293,0.517893,0.514278,0
user_37821,2021-08-11 05:54:00,19,13,12,0,4,0,14,18,4,20,14,2,0,1.629489,0.85902,4.803864,4.57368,1.634514,1.91532,0.697111,0.758624,0
user_37822,2021-10-16 12:08:00,9,6,22,4,6,2,5,2,13,19,19,5,1,0.443833,2.940982,2.405845,0.727318,4.726506,0.779277,0.410468,0.871893,1
user_37823,2021-10-25 03:53:00,40,12,24,4,7,3,12,9,10,12,8,0,0,1.68668,4.703624,4.906046,2.384943,3.189593,1.23204,0.960901,0.648074,0
user_37824,2021-09-04 07:48:00,32,19,25,1,7,0,20,12,2,6,9,5,1,1.355636,3.055591,0.39004,1.769593,2.006145,4.760014,0.455466,0.610903,1
user_37825,2021-09-13 05:56:00,2,19,16,1,7,3,11,3,19,20,5,0,0,2.351336,2.97062,1.840138,3.819711,2.075889,0.691173,0.951395,0.913807,0
user_37826,2021-10-02 03:43:00,38,9,29,2,4,0,11,13,11,4,11,5,1,3.298565,4.867332,4.331029,1.968151,1.112665,2.878815,0.998996,0.560145,1
user_37827,2021-08-11 23:04:00,25,6,8,3,0,5,20,11,11,15,4,2,0,4.309902,3.459705,3.443982,3.874336,0.357116,3.113478,0.502916,0.933355,1
user_37828,2021-08-10 06:12:00,49,3,8,5,4,3,15,2,2,6,12,1,0,0.161543,3.491143,4.718485,4.998103,4.417144,3.463148,0.655273,0.502386,1
user_37829,2021-09-10 07:05:00,36,4,17,3,9,3,6,2,5,9,10,4,0,3.969486,4.304761,4.547554,1.502027,1.129979,3.75126,0.954461,0.301019,1
user_37830,2021-08-25 18:57:00,46,17,22,4,8,1,11,9,10,18,7,2,0,4.278462,3.921596,4.256767,4.866098,1.486227,4.209839,0.772161,0.98197,0
user_37831,2021-08-08 17:08:00,47,5,25,0,1,2,2,19,10,18,15,6,1,2.919917,2.458756,0.484407,4.912767,1.259091,2.80304,0.489748,0.671533,1
user_37832,2021-08-30 01:03:00,29,4,20,3,8,5,3,7,0,7,0,0,0,3.049994,3.768038,3.961315,1.621155,2.535321,1.048779,0.274561,0.293981,1
user_37833,2021-09-21 05:16:00,36,15,5,3,1,0,16,4,5,19,15,1,0,1.033867,1.065309,1.193071,0.860513,1.806607,2.076174,0.669479,0.940829,1
user_37834,2021-10-26 19:56:00,48,9,4,4,10,4,10,18,19,13,12,1,0,0.979832,1.374907,0.172402,1.75687,1.335891,3.901878,0.351771,0.769806,1
user_37835,2021-10-11 11:11:00,17,17,8,1,0,5,0,7,17,17,19,0,0,4.032084,4.985521,3.871651,4.895746,0.596531,1.678385,0.706851,0.824971,1
user_37836,2021-08-02 01:38:00,50,0,19,1,3,1,20,4,17,16,1,0,0,1.679218,2.195776,0.668807,4.077335,0.203493,1.770357,0.325703,0.7703,0
user_37837,2021-08-11 22:53:00,10,13,21,3,2,5,11,11,1,9,3,2,0,4.340468,4.431438,3.293233,2.065833,4.379338,0.390267,0.720207,0.674196,1
user_37838,2021-09-03 02:10:00,41,10,25,4,5,2,18,12,7,15,13,4,0,2.623813,4.42525,3.561063,2.627276,1.888502,3.025661,0.559047,0.849585,1
user_37839,2021-10-11 17:55:00,46,20,12,3,3,3,14,11,19,15,13,0,0,1.018195,0.448174,1.76255,2.965977,2.172742,1.602815,0.234682,0.416799,1
user_37840,2021-09-21 10:10:00,32,1,21,4,1,5,12,5,0,13,1,1,0,2.803663,2.041985,0.88577,0.228296,1.587647,0.932082,0.325294,0.814069,1
user_37841,2021-08-15 14:39:00,30,20,19,1,2,5,3,11,19,2,13,6,1,1.450578,1.791664,2.548416,3.437058,2.937378,2.376802,0.428607,0.473356,1
user_37842,2021-08-06 17:28:00,24,2,28,0,4,1,15,14,16,12,9,4,0,2.308135,1.618615,4.883802,3.005158,3.010684,0.774965,0.230965,0.288968,0
user_37843,2021-09-10 18:58:00,9,5,14,2,3,2,15,16,10,10,6,4,0,3.072899,2.019119,1.131519,3.090947,0.540913,1.611593,0.790758,0.265615,1
user_37844,2021-10-29 11:08:00,50,18,27,2,5,4,2,13,2,1,16,4,0,4.872709,3.295651,1.117223,3.285127,0.265092,1.931607,0.310326,0.840181,0
user_37845,2021-10-19 15:52:00,18,7,26,5,0,4,6,5,2,17,20,1,0,0.311639,1.66598,1.688117,3.794137,3.907155,2.184223,0.818482,0.964921,0
user_37846,2021-09-14 12:33:00,7,19,16,3,7,3,18,14,1,12,14,1,0,3.18049,4.324533,1.68942,2.419651,3.701273,3.362572,0.257846,0.273722,0
user_37847,2021-10-16 18:17:00,31,11,19,0,9,3,20,15,11,2,4,5,1,3.058434,0.219341,3.082549,4.032379,2.219401,0.498769,0.283324,0.888083,0
user_37848,2021-10-29 01:08:00,36,9,21,1,2,4,7,19,1,20,6,4,0,3.090399,3.173272,0.7666,4.524122,3.060019,0.78275,0.296527,0.291447,1
user_37849,2021-10-10 21:18:00,1,8,5,3,2,0,13,18,0,8,1,6,1,0.39586,4.465759,2.156695,0.222769,3.164939,4.296855,0.259827,0.39297,1
user_37850,2021-10-06 07:27:00,27,3,22,0,0,1,17,6,4,11,16,2,0,4.352635,2.083584,4.896297,2.514509,3.10406,4.479208,0.840734,0.551814,0
user_37851,2021-08-09 17:33:00,40,12,10,2,4,3,7,11,6,6,18,0,0,3.986896,2.405064,1.828908,2.531001,2.559319,1.847742,0.375014,0.421027,1
user_37852,2021-10-27 02:27:00,15,10,5,5,4,1,18,10,17,1,2,2,0,1.604006,0.733313,4.014541,2.31297,0.80244,4.268784,0.254975,0.626775,1
user_37853,2021-10-16 03:22:00,17,6,28,4,8,0,17,0,13,1,2,5,1,4.087239,2.480589,0.69103,1.413558,2.362371,4.85737,0.927638,0.21396,0
user_37854,2021-08-21 13:50:00,8,7,21,1,9,2,13,3,5,18,7,5,1,1.581828,4.852111,4.914577,3.783164,4.017959,3.433601,0.472163,0.880266,1
user_37855,2021-08-12 23:18:00,28,13,10,5,0,3,16,13,12,17,20,3,0,3.760591,4.851479,4.601608,2.961754,3.525519,4.642391,0.442044,0.347086,0
user_37856,2021-09-22 09:15:00,47,4,7,5,9,4,4,17,5,13,3,2,0,0.134097,3.895004,1.928337,4.284235,1.20169,4.426829,0.396014,0.359119,0
user_37857,2021-08-18 05:28:00,17,8,17,4,5,1,6,3,1,17,7,2,0,2.289528,4.877173,0.583265,2.29353,1.635161,3.268419,0.402202,0.808628,0
user_37858,2021-09-18 06:01:00,23,18,25,3,1,0,18,5,11,14,16,5,1,4.141887,0.247449,0.419451,2.277149,4.819452,2.634779,0.292283,0.35964,0
user_37859,2021-08-17 07:40:00,12,4,20,4,7,3,15,20,20,2,4,1,0,3.447074,1.685941,2.930015,4.713993,1.64938,0.975297,0.698684,0.690791,0
user_37860,2021-08-21 16:15:00,26,8,30,1,10,2,17,11,19,8,2,5,1,0.625526,3.912955,0.36241,1.526717,3.835777,0.460861,0.716037,0.940278,0
user_37861,2021-10-21 15:35:00,36,3,16,2,10,3,5,19,8,18,0,3,0,4.392589,0.399869,2.635656,0.10974,0.772091,3.7738,0.212205,0.505347,1
user_37862,2021-10-26 06:57:00,28,10,30,4,3,2,14,17,10,14,10,1,0,1.931107,0.715531,0.991158,0.140025,1.455093,2.634112,0.948178,0.968178,1
user_37863,2021-09-01 15:42:00,25,6,22,5,4,0,17,15,2,7,1,2,0,1.387602,4.338693,0.190692,0.206078,4.891148,4.666566,0.458057,0.339448,1
user_37864,2021-09-16 23:31:00,15,0,14,2,8,1,19,20,18,19,13,3,0,4.946783,0.279429,0.172104,3.393605,0.357693,0.553649,0.581363,0.224601,1
user_37865,2021-08-11 08:36:00,49,1,24,2,4,4,13,10,4,6,19,2,0,1.001606,3.836737,4.355779,4.674802,2.853863,4.282146,0.464061,0.699786,1
user_37866,2021-09-01 22:44:00,31,9,21,2,3,4,19,13,14,1,7,2,0,1.295454,1.894123,1.190881,1.893803,1.699581,0.27338,0.910361,0.521467,1
user_37867,2021-08-25 03:57:00,4,10,16,4,10,0,2,13,18,5,0,2,0,4.697501,3.783879,1.896815,2.018193,4.804962,2.910739,0.999452,0.647569,1
user_37868,2021-10-24 12:39:00,32,13,1,0,9,3,9,11,3,1,15,6,1,0.62582,3.736597,4.608065,0.602609,3.852222,3.627573,0.370732,0.558106,1
user_37869,2021-10-21 01:09:00,3,17,24,1,10,1,19,7,10,5,8,3,0,4.582703,4.100316,2.755311,3.1297,2.708696,1.958458,0.759474,0.400613,1
user_37870,2021-09-01 20:44:00,26,20,21,1,3,3,16,10,0,19,19,2,0,3.943587,2.262208,4.029749,3.378134,2.266189,1.299553,0.815222,0.908664,0
user_37871,2021-08-01 16:32:00,48,19,23,2,0,0,15,13,11,15,13,6,1,0.239738,0.722189,3.277588,2.453571,4.019109,4.137309,0.670201,0.80524,1
user_37872,2021-09-17 11:33:00,31,9,28,4,5,5,15,15,4,4,2,4,0,0.588433,2.930117,1.889832,2.822,2.581454,4.389504,0.709809,0.827711,0
user_37873,2021-09-28 15:24:00,27,14,11,0,0,0,16,4,13,3,12,1,0,2.380651,3.733096,0.365788,2.979654,3.94572,2.083114,0.93474,0.957374,0
user_37874,2021-08-15 04:09:00,22,0,23,4,3,1,10,10,14,16,3,6,1,2.360744,0.134002,1.886511,3.162145,4.037323,2.551925,0.918414,0.293078,1
user_37875,2021-10-14 12:54:00,16,10,14,3,0,4,6,8,7,14,18,3,0,3.097672,3.617077,4.543599,4.521351,1.38524,4.130874,0.742125,0.876799,0
user_37876,2021-10-26 16:03:00,39,12,5,0,10,0,11,10,13,20,5,1,0,0.809009,3.012791,1.151307,1.508755,3.695946,2.221694,0.919053,0.310141,1
user_37877,2021-10-20 13:26:00,10,16,14,4,2,3,20,15,8,3,18,2,0,0.901717,2.869408,3.159326,4.001794,0.611768,4.775237,0.3603,0.833492,0
user_37878,2021-09-04 07:04:00,22,8,17,3,6,1,13,2,9,8,4,5,1,1.035911,0.61677,4.472248,1.227518,0.74537,3.106155,0.41053,0.857963,0
user_37879,2021-10-12 16:07:00,44,10,13,0,4,5,1,5,8,6,13,1,0,3.431127,0.513741,2.20618,1.791065,1.469967,0.857144,0.551505,0.339692,0
user_37880,2021-08-08 11:44:00,23,15,8,1,4,1,12,3,15,16,9,6,1,2.415194,1.589478,0.749599,0.300756,1.290782,1.204426,0.490137,0.965024,0
user_37881,2021-09-17 21:44:00,21,14,28,3,4,5,3,4,3,0,0,4,0,0.60385,1.107874,2.491891,4.281869,3.013961,1.195218,0.907303,0.843468,0
user_37882,2021-08-18 16:24:00,39,0,7,2,5,3,4,2,7,0,0,2,0,4.976574,2.387427,3.133995,0.765417,0.179169,1.151573,0.775754,0.624281,0
user_37883,2021-08-09 02:03:00,39,10,1,3,8,2,4,13,14,13,5,0,0,1.76514,2.029646,0.795751,0.441863,0.466204,3.76532,0.239154,0.216844,0
user_37884,2021-10-14 17:25:00,31,2,8,5,7,5,18,5,8,15,10,3,0,4.644542,3.374426,4.440791,0.126976,0.103726,0.617491,0.386716,0.894449,1
user_37885,2021-08-07 14:01:00,38,7,23,2,1,5,7,12,6,13,18,5,1,1.042787,1.436546,0.479938,4.302618,3.300515,3.49736,0.999502,0.402153,0
user_37886,2021-09-06 16:35:00,13,20,25,5,10,4,12,6,14,11,12,0,0,2.861092,4.625298,4.258099,1.226296,3.6946,0.29063,0.900841,0.642225,1
user_37887,2021-08-31 10:50:00,33,18,28,5,0,0,13,11,4,5,6,1,0,0.231046,4.324833,3.476081,1.159457,1.68807,0.746588,0.843277,0.55013,1
user_37888,2021-10-14 09:55:00,6,18,5,0,10,1,1,8,16,1,11,3,0,1.711677,1.720173,4.184632,1.23781,0.300812,4.656858,0.875369,0.949153,1
user_37889,2021-08-05 05:46:00,36,10,30,3,10,1,15,5,16,7,20,3,0,2.772558,2.194899,4.541677,0.14403,3.972648,3.486839,0.690139,0.961091,1
user_37890,2021-08-02 12:49:00,7,4,5,1,6,4,0,16,17,4,14,0,0,0.12887,0.998952,1.996892,2.68467,2.748861,2.281357,0.352038,0.663937,1
user_37891,2021-08-13 14:46:00,19,1,7,4,0,0,20,17,3,5,20,4,0,4.29242,3.242545,2.863007,1.526702,0.322498,2.391228,0.77167,0.665746,0
user_37892,2021-09-14 03:38:00,29,6,9,2,8,0,3,18,19,1,2,1,0,4.751657,1.678093,1.760272,1.581355,3.604909,4.613396,0.760088,0.293313,1
user_37893,2021-10-29 19:50:00,17,0,22,4,0,1,9,9,2,2,3,4,0,1.665824,1.239645,0.110039,0.646665,4.614815,2.333378,0.947739,0.221223,0
user_37894,2021-10-02 01:12:00,40,1,28,1,9,1,19,2,11,7,2,5,1,3.867853,4.074322,2.329295,0.718367,3.154452,2.372452,0.749245,0.278512,1
user_37895,2021-10-13 02:48:00,34,7,28,4,8,0,18,7,11,13,3,2,0,0.355508,2.214275,0.647487,0.766583,3.788449,4.019561,0.550635,0.282853,0
user_37896,2021-09-24 03:03:00,48,4,28,5,5,5,11,2,15,1,4,4,0,3.033669,4.666833,3.369095,4.215095,1.255066,0.81154,0.703111,0.567887,1
user_37897,2021-08-18 10:41:00,43,0,10,3,6,0,15,6,10,19,12,2,0,0.255845,3.377655,1.089931,0.519071,4.804573,3.93897,0.308324,0.770714,1
user_37898,2021-08-06 21:25:00,9,4,6,1,9,2,14,17,8,12,6,4,0,1.833273,2.502865,1.332997,3.860416,4.094043,2.766976,0.206479,0.806106,1
user_37899,2021-08-20 20:52:00,14,17,5,0,4,0,20,16,5,12,14,4,0,3.005785,3.22782,1.921468,2.616356,1.403909,3.812116,0.349823,0.205583,0
user_37900,2021-09-24 12:41:00,29,7,1,0,8,1,1,7,18,7,14,4,0,4.35158,2.225149,3.118486,3.242012,1.527762,0.194168,0.256743,0.393149,0
user_37901,2021-08-08 20:30:00,16,12,12,2,8,0,3,4,14,15,8,6,1,1.226256,1.814632,3.140056,1.867952,2.191859,0.460566,0.943619,0.38431,1
user_37902,2021-08-20 02:32:00,23,19,1,5,3,3,13,7,8,20,2,4,0,3.153553,0.567737,0.735984,4.153487,2.810419,0.347463,0.506741,0.512066,0
user_37903,2021-09-20 21:16:00,49,6,6,0,7,5,8,2,11,17,20,0,0,1.542299,1.664212,2.221372,3.848393,2.411239,2.711102,0.506457,0.69003,0
user_37904,2021-10-13 11:28:00,22,1,18,4,0,5,11,1,4,2,12,2,0,4.470627,4.165291,4.305536,1.617994,2.100072,1.118866,0.222059,0.752333,0
user_37905,2021-10-25 22:17:00,30,12,16,1,7,1,8,18,15,17,17,0,0,2.952442,4.232181,2.484102,1.211946,4.460145,2.438689,0.248864,0.242582,0
user_37906,2021-10-29 17:25:00,18,16,15,0,10,4,16,17,13,0,2,4,0,2.066844,1.629884,1.821186,2.609747,3.983109,2.778862,0.478744,0.436743,1
user_37907,2021-10-25 18:32:00,16,15,28,4,2,0,10,1,7,3,17,0,0,3.333067,0.497788,0.914933,4.839331,1.425602,3.364619,0.790694,0.647954,1
user_37908,2021-10-06 20:46:00,14,14,14,1,9,2,7,12,18,9,0,2,0,2.098054,0.635285,1.375709,2.338516,3.573674,3.997993,0.899854,0.748972,1
user_37909,2021-08-03 13:14:00,10,5,9,1,1,5,11,0,17,11,0,1,0,4.04113,3.434385,2.436361,0.828773,0.272043,0.506506,0.542091,0.966571,0
user_37910,2021-08-19 11:32:00,50,20,12,4,4,1,20,11,5,1,12,3,0,4.679136,0.214407,2.26511,2.495164,3.878269,4.282567,0.822475,0.399643,0
user_37911,2021-09-30 19:05:00,39,5,27,5,1,2,16,15,16,0,7,3,0,3.633478,4.784559,0.259367,0.346618,4.25996,2.096568,0.700833,0.906695,0
user_37912,2021-08-16 00:12:00,9,2,16,0,1,0,17,3,4,11,13,0,0,2.165403,0.23138,0.200122,3.533493,0.438869,0.639202,0.222604,0.858292,1
user_37913,2021-08-18 09:46:00,29,8,9,0,5,1,12,16,14,16,10,2,0,1.224652,4.593255,0.428419,3.755296,0.465529,3.647164,0.866324,0.969894,0
user_37914,2021-10-13 18:42:00,19,12,26,0,3,1,11,7,18,5,8,2,0,0.876261,3.960179,4.217191,3.474244,4.346115,1.206106,0.882681,0.918689,1
user_37915,2021-10-20 04:31:00,18,0,18,1,7,2,10,19,5,3,11,2,0,4.696309,2.346579,4.174225,4.281638,2.573038,0.38813,0.902469,0.649559,1
user_37916,2021-08-07 09:37:00,16,13,9,3,4,1,11,0,14,0,11,5,1,4.849629,4.201234,2.2934,1.906432,1.158612,0.289556,0.367601,0.510629,1
user_37917,2021-10-29 16:38:00,7,20,9,2,0,2,8,2,4,18,20,4,0,0.882524,0.343672,4.508238,2.877634,1.458749,1.382298,0.851773,0.953875,0
user_37918,2021-09-27 10:43:00,34,12,8,5,3,3,1,2,1,14,9,0,0,4.636562,2.289644,1.959276,1.225859,0.389506,1.347034,0.298687,0.997841,0
user_37919,2021-10-12 08:37:00,32,6,3,4,8,5,19,20,20,3,8,1,0,4.920586,1.072833,0.984344,1.221322,4.40875,3.8115,0.72735,0.503092,0
user_37920,2021-09-02 14:14:00,35,7,30,2,10,0,18,14,4,14,9,3,0,0.984879,1.524738,3.001671,0.586728,1.362085,0.557277,0.454765,0.905401,0
user_37921,2021-08-21 06:10:00,42,17,4,5,3,2,7,12,19,16,15,5,1,4.130552,4.854941,1.683938,2.507271,4.541958,1.062778,0.706362,0.226184,0
user_37922,2021-08-01 19:22:00,12,11,11,4,1,0,20,1,5,14,1,6,1,0.292017,1.867751,3.348452,0.996684,1.988742,1.468225,0.31528,0.279129,1
user_37923,2021-08-06 10:29:00,41,1,14,4,8,5,2,14,2,10,9,4,0,4.173526,0.846991,0.768986,3.571739,3.299782,3.517078,0.424834,0.830568,0
user_37924,2021-08-04 16:48:00,38,1,19,5,7,1,20,10,18,19,10,2,0,2.66744,0.615962,4.746966,0.652158,3.499077,1.528131,0.528787,0.648888,1
user_37925,2021-09-28 17:16:00,7,10,20,1,10,3,17,14,17,0,13,1,0,2.181188,2.892047,4.892636,4.154655,1.531469,2.599444,0.98164,0.851601,1
user_37926,2021-08-05 19:09:00,32,6,10,5,5,0,16,19,19,3,8,3,0,4.699537,0.186988,1.381839,4.546133,2.555317,1.825933,0.259055,0.603151,0
user_37927,2021-10-29 23:45:00,36,2,15,3,7,4,20,20,1,15,19,4,0,1.201748,3.765196,1.619878,4.785885,2.286233,3.866346,0.67758,0.218146,1
user_37928,2021-10-28 01:01:00,28,20,29,2,8,4,3,19,9,3,4,3,0,0.219968,0.337921,3.470075,1.461791,4.299514,3.138591,0.865301,0.654447,0
user_37929,2021-08-30 21:06:00,27,13,8,5,2,3,9,11,9,12,18,0,0,2.928734,1.670224,0.771809,0.979317,4.932185,4.80435,0.852149,0.587262,1
user_37930,2021-10-26 00:40:00,12,1,3,5,7,4,2,10,15,13,15,1,0,0.451254,3.834979,0.626329,0.529505,1.691249,3.864404,0.899311,0.73792,1
user_37931,2021-10-06 15:18:00,26,7,21,3,0,5,18,12,6,2,14,2,0,4.06734,0.235041,4.175534,2.366605,1.345599,1.266775,0.900037,0.893084,1
user_37932,2021-10-17 08:21:00,6,16,25,5,4,3,15,12,3,13,13,6,1,4.084568,3.182166,1.032992,4.605909,4.226507,1.238498,0.782121,0.908824,1
user_37933,2021-08-10 18:45:00,31,4,1,0,1,4,16,9,12,20,14,1,0,1.054501,0.77274,3.888799,2.572219,0.997636,4.88658,0.53892,0.476616,1
user_37934,2021-09-10 21:39:00,31,16,8,1,7,0,5,5,18,8,19,4,0,3.068857,4.644321,1.653537,4.962715,1.236094,4.669781,0.362062,0.46409,0
user_37935,2021-09-26 07:49:00,35,16,13,4,8,1,16,1,7,12,11,6,1,3.579397,2.091061,0.769682,1.516039,0.439796,2.050777,0.53197,0.737135,0
user_37936,2021-08-24 05:25:00,30,13,5,4,8,5,11,11,16,13,5,1,0,2.120036,3.650545,1.865208,0.52271,0.183621,0.185465,0.917142,0.901382,0
user_37937,2021-10-28 10:34:00,24,5,27,1,8,0,14,11,2,1,17,3,0,0.520168,2.267088,2.839774,1.5,0.396674,2.565022,0.378524,0.375305,1
user_37938,2021-09-27 05:36:00,46,8,7,3,5,2,20,20,19,17,6,0,0,0.945753,3.885529,2.685916,0.832238,2.121905,4.434837,0.643515,0.684982,1
user_37939,2021-10-10 04:57:00,25,20,22,5,2,0,2,11,20,18,3,6,1,2.488023,4.522385,4.331114,4.406876,4.710555,4.822023,0.271989,0.775205,0
user_37940,2021-08-03 13:16:00,10,16,19,1,8,2,1,1,9,8,3,1,0,4.862842,0.277202,1.325303,1.139952,1.067853,0.324674,0.520394,0.632307,1
user_37941,2021-10-16 22:20:00,7,11,8,3,7,2,18,17,18,1,7,5,1,0.322202,1.08327,2.525273,4.825103,3.971949,1.489325,0.505893,0.626738,0
user_37942,2021-09-24 20:35:00,22,19,4,1,4,5,7,3,8,18,13,4,0,3.88003,1.532474,2.34595,2.900616,0.385668,1.141574,0.857128,0.762132,1
user_37943,2021-08-28 07:36:00,47,6,18,4,6,0,13,12,2,15,4,5,1,2.382337,2.405328,4.104611,4.249689,0.752137,0.565226,0.48115,0.834184,1
user_37944,2021-08-11 08:43:00,4,4,10,5,8,1,20,6,20,12,11,2,0,2.63091,2.326151,2.838582,4.52672,0.139586,0.244934,0.537181,0.467435,0
user_37945,2021-10-02 02:44:00,38,10,22,1,1,4,10,20,18,8,6,5,1,1.338575,2.016201,3.259752,4.562182,2.847389,2.524353,0.393878,0.743433,1
user_37946,2021-09-05 16:14:00,39,12,18,2,0,1,5,13,1,3,12,6,1,2.797196,2.301153,4.504948,0.319896,4.714543,0.33902,0.78565,0.43482,0
user_37947,2021-08-09 07:55:00,35,0,27,4,7,5,18,2,12,2,8,0,0,1.598932,0.542203,3.448553,0.442058,4.327408,0.656412,0.762613,0.333776,1
user_37948,2021-08-03 19:00:00,48,5,13,0,9,4,13,14,12,7,17,1,0,2.877251,3.953397,0.371682,2.613132,3.026085,3.091712,0.617109,0.623577,0
user_37949,2021-10-10 22:03:00,21,9,4,5,1,5,7,0,15,4,1,6,1,3.013004,2.391996,1.331165,2.307091,1.705321,1.372012,0.564877,0.744647,1
user_37950,2021-10-25 02:04:00,42,12,10,0,8,4,20,18,7,9,10,0,0,2.336224,3.657257,1.438358,2.004037,4.664274,0.424564,0.964477,0.839849,1
user_37951,2021-09-25 08:13:00,37,13,9,5,4,4,6,11,0,19,14,5,1,4.20631,3.090158,4.927028,1.546968,3.763468,4.376809,0.621302,0.214061,1
user_37952,2021-10-25 15:48:00,30,11,18,0,6,4,20,13,19,18,0,0,0,4.713093,4.337322,2.335939,1.811396,0.305489,4.809801,0.912808,0.677007,1
user_37953,2021-10-26 23:17:00,33,18,30,5,4,1,3,19,16,12,4,1,0,3.189261,1.421626,1.316668,0.510722,4.541007,2.067484,0.232078,0.722342,0
user_37954,2021-10-15 07:52:00,10,14,5,4,8,4,1,1,4,5,7,4,0,1.132939,4.452893,2.700851,4.975065,3.862494,0.524369,0.643647,0.683184,0
user_37955,2021-10-08 18:44:00,35,8,29,2,0,3,1,8,8,5,9,4,0,2.977052,3.397846,3.734049,1.524304,4.608732,0.463335,0.761629,0.613371,0
user_37956,2021-08-29 22:28:00,10,11,27,5,7,5,14,6,9,18,20,6,1,0.775826,1.717153,0.670612,0.892017,0.657595,2.530782,0.936666,0.324059,1
user_37957,2021-10-26 02:21:00,9,4,13,2,8,4,17,10,3,2,14,1,0,2.535069,4.668322,1.738564,3.816931,2.872327,3.512455,0.740564,0.760011,0
user_37958,2021-09-07 09:07:00,47,4,15,0,3,0,10,15,8,10,17,1,0,4.066943,3.324475,4.426144,1.405898,4.985585,1.593774,0.52968,0.808902,0
user_37959,2021-10-19 01:50:00,50,11,18,5,3,4,17,7,17,3,7,1,0,2.529916,3.875798,3.616551,3.369445,2.386166,1.564748,0.78156,0.59907,1
user_37960,2021-10-14 15:17:00,9,9,17,5,4,2,16,19,1,3,4,3,0,3.470424,4.880812,0.596305,1.124804,1.336501,0.132115,0.268243,0.768582,1
user_37961,2021-08-29 05:03:00,4,15,21,5,0,2,15,5,7,18,11,6,1,0.450101,2.956267,4.452111,3.707307,1.422544,2.551927,0.357826,0.330838,0
user_37962,2021-09-13 13:20:00,20,4,21,0,8,4,15,5,15,10,13,0,0,2.850914,3.167662,3.189086,0.74827,0.517762,4.376775,0.811158,0.95795,0
user_37963,2021-10-07 23:56:00,35,18,23,2,7,1,18,8,1,8,15,3,0,3.359187,1.13132,2.983393,4.659844,0.972663,4.317083,0.223994,0.855355,1
user_37964,2021-08-28 01:33:00,33,3,30,2,10,1,17,19,4,16,0,5,1,1.65829,3.22723,1.074091,2.059914,3.557595,0.311834,0.845299,0.366993,0
user_37965,2021-08-12 08:39:00,43,4,7,0,7,1,19,14,7,12,1,3,0,4.887737,3.155489,0.260017,1.079037,3.166704,1.63978,0.474031,0.744689,1
user_37966,2021-08-16 20:41:00,47,9,4,5,4,1,13,2,16,14,11,0,0,2.289919,4.835168,1.050898,0.966568,3.625808,4.384056,0.638546,0.916895,0
user_37967,2021-09-28 01:35:00,32,16,29,2,3,1,2,19,19,11,5,1,0,0.982957,4.490939,3.407664,0.585774,2.59881,4.537879,0.429843,0.992436,1
user_37968,2021-10-17 09:21:00,40,15,19,5,9,1,20,4,13,12,10,6,1,4.700608,4.509256,3.797163,3.108081,3.55885,1.970562,0.742121,0.616437,1
user_37969,2021-08-27 15:03:00,35,1,4,4,8,1,6,4,17,16,17,4,0,0.579654,4.397912,2.761026,1.830241,4.582039,0.183671,0.931147,0.454153,0
user_37970,2021-08-12 07:39:00,40,1,12,3,3,4,10,20,20,4,0,3,0,2.393977,4.874504,0.634637,2.698468,2.989742,0.662615,0.660089,0.75489,0
user_37971,2021-10-05 07:20:00,33,20,5,4,0,0,18,8,19,11,20,1,0,0.455542,3.661349,3.295548,1.775185,4.515923,4.872357,0.815894,0.356493,0
user_37972,2021-09-12 07:39:00,29,6,24,2,6,3,20,17,5,20,18,6,1,1.617569,2.336505,2.237891,2.615477,2.499875,1.241719,0.338781,0.428183,0
user_37973,2021-10-12 22:31:00,50,8,2,1,8,1,20,20,16,6,4,1,0,0.726385,2.159015,4.638046,3.612447,4.219068,4.541013,0.457908,0.281553,0
user_37974,2021-10-14 18:39:00,33,17,23,1,3,0,14,15,1,0,13,3,0,3.714325,0.686898,2.542413,0.824099,0.364239,2.134906,0.696326,0.554715,0
user_37975,2021-09-10 13:40:00,17,13,7,5,10,2,11,20,7,19,4,4,0,4.311233,4.49115,3.383896,2.41449,3.098641,4.34945,0.722346,0.74631,1
user_37976,2021-08-07 07:44:00,22,11,13,2,8,4,20,19,7,1,5,5,1,0.71818,0.721161,3.013539,2.182076,1.417555,3.662718,0.389079,0.569363,1
user_37977,2021-10-03 05:17:00,43,4,6,1,3,1,12,16,11,6,6,6,1,2.285654,4.647703,4.918795,0.924398,4.793254,4.240394,0.621174,0.402184,1
user_37978,2021-10-17 19:07:00,43,17,12,3,6,5,2,4,2,8,4,6,1,2.17918,4.346614,1.944072,4.502526,4.899498,0.51392,0.575896,0.354154,0
user_37979,2021-10-19 14:13:00,21,19,3,4,1,3,16,3,2,8,11,1,0,4.619099,4.876133,4.430583,1.451572,4.744587,3.438118,0.500588,0.584407,0
user_37980,2021-09-13 21:01:00,16,14,15,1,2,0,11,7,18,4,1,0,0,3.981483,2.289543,0.306963,1.973671,4.52682,4.015533,0.980139,0.608244,1
user_37981,2021-09-24 10:45:00,37,8,16,3,9,2,5,16,6,14,18,4,0,3.103789,4.544994,2.79394,1.169172,0.79797,1.173548,0.289634,0.969909,0
user_37982,2021-08-20 00:42:00,2,2,22,0,3,1,6,1,5,6,7,4,0,3.513753,3.620502,4.552485,3.641496,4.646647,3.521705,0.761984,0.354879,1
user_37983,2021-09-24 19:27:00,1,10,4,3,8,4,7,3,3,19,19,4,0,3.308732,2.503688,3.483339,3.890844,2.748052,0.726169,0.944074,0.284467,1
user_37984,2021-08-24 01:01:00,8,20,3,2,5,2,15,1,1,17,15,1,0,0.20336,4.26504,2.516068,4.754159,3.978313,3.424271,0.568714,0.429116,1
user_37985,2021-10-05 14:56:00,38,10,27,4,0,1,0,3,5,3,2,1,0,3.22071,1.716016,3.433544,4.30091,1.517563,2.176445,0.805604,0.684982,1
user_37986,2021-10-18 18:13:00,18,20,14,2,8,5,10,20,5,4,17,0,0,3.183652,4.506508,0.885816,1.371657,4.945742,3.417737,0.542505,0.996771,1
user_37987,2021-08-25 10:01:00,30,2,21,2,10,5,2,1,10,11,14,2,0,2.644099,3.264012,3.798577,2.916666,4.925847,1.001543,0.610763,0.913357,0
user_37988,2021-09-04 12:32:00,29,12,15,4,9,2,13,14,1,12,4,5,1,3.082823,2.959247,4.601675,4.842134,3.22179,2.765151,0.82536,0.80785,1
user_37989,2021-10-22 18:42:00,30,18,6,3,9,3,6,6,17,10,7,4,0,2.631685,4.996217,2.087362,1.91802,3.733295,1.221263,0.936638,0.224641,0
user_37990,2021-10-09 06:29:00,42,4,5,5,8,4,2,1,9,3,1,5,1,3.58683,0.856513,3.888058,4.43342,1.342751,1.580445,0.203515,0.580237,0
user_37991,2021-09-26 14:18:00,14,14,15,0,9,4,13,4,18,9,8,6,1,4.547148,3.036385,3.341603,4.099599,1.498974,3.232505,0.439569,0.729411,1
user_37992,2021-10-06 22:42:00,45,20,7,2,8,4,19,4,7,6,10,2,0,3.559201,2.458161,2.374982,4.740401,4.358685,3.818942,0.804455,0.555007,0
user_37993,2021-09-05 01:36:00,3,3,22,0,5,4,2,1,12,20,17,6,1,4.316383,0.755657,4.001741,3.854148,4.805725,1.119269,0.57112,0.484856,0
user_37994,2021-08-02 10:28:00,5,12,19,0,6,5,4,16,7,13,11,0,0,3.094344,0.273067,0.745851,4.119076,4.260884,2.956648,0.241531,0.202807,1
user_37995,2021-08-20 03:18:00,3,9,27,0,0,0,0,17,2,0,1,4,0,4.203604,1.967986,0.465137,4.576853,0.362916,3.43513,0.410689,0.890617,1
user_37996,2021-09-15 00:13:00,40,13,22,0,0,0,6,11,15,8,5,2,0,0.613734,3.853922,1.939767,0.705499,4.962236,1.954123,0.439604,0.974164,0
user_37997,2021-10-09 05:20:00,10,9,10,4,10,1,17,7,10,17,2,5,1,2.207476,0.128799,1.411452,2.241869,1.112306,1.159111,0.756125,0.885586,0
user_37998,2021-08-16 13:52:00,49,19,10,3,0,3,11,2,2,19,10,0,0,1.180759,4.897496,0.263252,0.242707,2.726845,2.884965,0.961152,0.805226,1
user_37999,2021-08-02 18:14:00,22,11,15,2,7,5,9,3,8,1,12,0,0,3.31844,4.444328,4.930649,0.452551,0.292305,3.61264,0.781847,0.519071,0
