user,total_emails_sent,total_files_accessed,total_logon_sessions,total_usb_activities,user_employee_full_name,user_unique_identifier,personality_trait_openness,personality_trait_conscientiousness,personality_trait_extraversion,personality_trait_agreeableness,personality_trait_neuroticism,anomaly_score,isolation_forest_threat_label
AAC0070,0.0,0.0,690.0,0.0,Anastasia Ava Curry,AAC0070,34,45,35,23,37,0.157078469311133,0
AAE0190,4711.0,0.0,0.0,0.0,August Armando Evans,AAE0190,36,30,14,50,29,0.07340188572346418,0
AAF0535,480.0,0.0,0.0,0.0,Athena Amelia Foreman,AAF0535,17,21,36,33,31,0.1469555199630745,0
AAF0791,3012.0,0.0,0.0,0.0,Aladdin Abraham Foley,AAF0791,14,40,40,50,34,0.051251561274723634,0
AAL0706,336.0,0.0,0.0,0.0,April Alika Levy,AAL0706,37,14,28,13,25,0.1343233599350369,0
AAM0658,659.0,0.0,0.0,0.0,Abel Adam Morton,AAM0658,43,35,37,36,22,0.14477175865798192,0
AAN0823,339.0,0.0,0.0,0.0,Anthony Aidan Nixon,AAN0823,24,16,45,24,28,0.13714026288367437,0
AAP0946,0.0,0.0,1185.0,0.0,Amaya Amy Patterson,AAP0946,37,30,13,35,23,0.1113818226597546,0
AAR0716,0.0,0.0,993.0,0.0,Amir August Roy,AAR0716,43,18,44,30,34,0.13184562066698613,0
AAS0442,145.0,0.0,0.0,0.0,Amal Alexander Shelton,AAS0442,36,43,22,22,31,0.16987986387053722,0
AAS0850,0.0,4613.0,963.0,686.0,Alfreda Aline Sweeney,AAS0850,15,22,34,22,40,-0.0015028657033131498,1
AAV0450,336.0,0.0,0.0,0.0,Aspen Amber Vinson,AAV0450,44,24,36,41,33,0.1584496531133281,0
AAW0353,1000.0,0.0,0.0,0.0,Armando Albert Walter,AAW0353,49,45,19,25,34,0.13562170501437348,0
ABC0174,4239.0,0.0,0.0,0.0,Allegra Bree Coffey,ABC0174,15,41,34,13,32,0.06302170941720076,0
ABC0253,3015.0,0.0,0.0,0.0,Alec Boris Chase,ABC0253,21,15,41,30,28,0.1239003609039957,0
ABG0865,0.0,0.0,1680.0,0.0,Anthony Bruce Graham,ABG0865,46,36,18,38,42,0.05552631749288084,0
ABH0663,1006.0,0.0,0.0,0.0,Alan Benjamin Holder,ABH0663,47,49,41,11,34,0.08494334292172812,0
ABH0821,0.0,374.0,1148.0,310.0,Akeem Brent Holland,ABH0821,15,35,37,26,30,0.08987257235132512,0
ABM0089,0.0,0.0,690.0,0.0,Aladdin Brody Mclean,ABM0089,33,11,46,44,27,0.10255257817686886,0
ABM0173,0.0,0.0,532.0,0.0,Alma Barbara Moon,ABM0173,32,38,17,39,26,0.16522306474698234,0
ABM0845,340.0,0.0,0.0,0.0,Ariel Bertha Murphy,ABM0845,45,21,35,50,29,0.11567072062567951,0
ABN0239,3023.0,0.0,0.0,0.0,Amaya Britanni Newton,ABN0239,21,37,20,39,25,0.13909716955057505,0
ABS0125,0.0,0.0,964.0,0.0,Allegra Brianna Stanton,ABS0125,41,49,34,20,31,0.14826960243505077,0
ABT0490,0.0,0.0,690.0,0.0,Abigail Brianna Terrell,ABT0490,39,33,27,40,27,0.1766080265452275,0
ABW0271,0.0,0.0,690.0,0.0,Amanda Beatrice Wall,ABW0271,17,23,40,22,23,0.13096445230014742,0
ACB0077,0.0,0.0,690.0,0.0,Aiko Candace Brock,ACB0077,43,47,27,24,33,0.1533902542782134,0
ACB0393,0.0,0.0,690.0,0.0,Adele Carol Banks,ACB0393,40,40,17,23,25,0.17678039162508424,0
ACC0042,3676.0,0.0,0.0,0.0,Alfonso Colin Cooley,ACC0042,23,19,37,20,31,0.1342660713874938,0
ACC0950,0.0,0.0,1539.0,0.0,Arden Chaim Cohen,ACC0950,26,10,21,45,28,0.06864059104761566,0
ACP0847,0.0,0.0,690.0,0.0,Ali Cullen Perry,ACP0847,40,47,21,35,28,0.1633473247564982,0
ACR0100,0.0,373.0,960.0,219.0,Amy Cara Reid,ACR0100,41,40,24,42,26,0.11124818746006826,0
ACS0457,0.0,0.0,690.0,0.0,Allen Chandler Stephenson,ACS0457,44,14,14,15,28,0.12839552257215303,0
ACV0812,3040.0,0.0,0.0,0.0,Alden Caesar Velez,ACV0812,42,37,12,45,28,0.11124008061954,0
ACW0546,0.0,0.0,954.0,0.0,Albert Colt Wiggins,ACW0546,19,36,30,34,34,0.14117951741165197,0
ACW0801,0.0,0.0,690.0,0.0,Allen Conan Winters,ACW0801,18,44,35,38,30,0.1495849574258531,0
ADC0391,3057.0,0.0,0.0,0.0,Axel Donovan Compton,ADC0391,50,43,40,33,38,0.08898805217385919,0
ADD0846,333.0,0.0,0.0,0.0,Aretha Dorothy Deleon,ADD0846,18,19,25,12,35,0.10055575949803158,0
ADF0397,3038.0,0.0,0.0,0.0,Ariana Doris Frazier,ADF0397,39,16,10,40,35,0.08997046391436797,0
ADH0427,0.0,0.0,690.0,0.0,Aaron Dolan Hill,ADH0427,18,16,17,44,24,0.11307102723244933,0
AEM0896,0.0,0.0,690.0,0.0,Armando Elijah Mcpherson,AEM0896,25,39,17,46,35,0.134794116755999,0
AES0827,336.0,0.0,0.0,0.0,Addison Edward Snyder,AES0827,39,40,34,38,23,0.15927054573845584,0
AGB0186,1003.0,0.0,0.0,0.0,Alfonso Gage Blankenship,AGB0186,18,10,41,15,35,0.07503324028736968,0
AGB0643,1012.0,0.0,0.0,0.0,Armand Gabriel Brewer,AGB0643,32,39,20,44,27,0.16032996871243088,0
AGW0029,0.0,0.0,690.0,0.0,Allen Garrison Wright,AGW0029,22,47,13,25,30,0.12353022081610782,0
AHC0142,3382.0,0.0,0.0,0.0,Azalia Halee Cantu,AHC0142,34,23,40,15,26,0.13751091237422575,0
AHD0110,0.0,0.0,1302.0,0.0,Ann Hannah Dickerson,AHD0110,31,34,32,24,39,0.1130935140170945,0
AHD0848,376.0,0.0,0.0,0.0,Aladdin Hu Day,AHD0848,24,30,49,16,30,0.11606721137517445,0
AHG0634,463.0,0.0,0.0,0.0,Amir Hayden Gray,AHG0634,31,36,42,41,27,0.14256748577406075,0
AHM0091,0.0,0.0,690.0,0.0,Aidan Hilel Morton,AHM0091,46,30,34,35,27,0.16548151152411744,0
AHM0410,3063.0,0.0,0.0,0.0,Addison Hiram Morrow,AHM0410,34,43,15,18,26,0.1401875621076354,0
AHS0205,0.0,2043.0,818.0,225.0,Amela Hannah Sweeney,AHS0205,36,38,31,22,29,0.11743162822742514,0
AIB0005,0.0,0.0,1148.0,0.0,Azalia Inez Benton,AIB0005,40,47,20,22,23,0.11660524123512522,0
AIB0948,328.0,0.0,0.0,0.0,Ariel Ina Barrett,AIB0948,42,31,27,20,31,0.16865637561180113,0
AIH0675,2994.0,0.0,0.0,0.0,Aline Iris Hurst,AIH0675,25,39,38,40,37,0.11178868610569659,0
AIM0627,5009.0,0.0,0.0,0.0,Adam Ishmael Mcdaniel,AIM0627,36,39,16,41,23,0.09963105698052166,0
AIP0394,3044.0,0.0,0.0,0.0,Anika Isabella Pennington,AIP0394,17,16,38,14,26,0.10205982662515611,0
AIP0982,3328.0,0.0,0.0,0.0,Althea Ina Palmer,AIP0982,43,20,43,41,33,0.11083547448028225,0
AIS0405,2995.0,0.0,0.0,0.0,Amaya Iola Sawyer,AIS0405,40,45,14,37,35,0.12478021080170293,0
AJC0840,364.0,0.0,0.0,0.0,Anne Jane Carey,AJC0840,14,24,19,33,37,0.1078766689319528,0
AJD0074,3781.0,0.0,0.0,0.0,Alden Jesse Day,AJD0074,19,37,45,22,34,0.09634833739589838,0
AJF0370,3927.0,0.0,0.0,0.0,Arthur John Floyd,AJF0370,37,33,11,15,36,0.08800931937785866,0
AJH0175,4976.0,0.0,0.0,0.0,Aurora Jael Hopkins,AJH0175,19,19,16,33,37,0.06635631898451588,0
AJH0410,0.0,0.0,1406.0,0.0,Amelia Justina Horn,AJH0410,30,41,46,19,30,0.11078730035134937,0
AJL0462,338.0,0.0,0.0,0.0,Akeem Jerry Lopez,AJL0462,16,24,44,31,28,0.13257062738065428,0
AJL0593,0.0,1062.0,986.0,5901.0,Amos Jermaine Lane,AJL0593,18,16,43,23,30,-0.013186954677730012,1
AJM0772,0.0,772.0,1134.0,6441.0,Adrienne Joelle Mclean,AJM0772,44,30,36,20,25,-0.03097535121906747,1
AJN0607,5022.0,0.0,0.0,0.0,Armand Jasper Nicholson,AJN0607,45,42,16,47,23,0.06843275760566969,0
AJO0389,0.0,8883.0,726.0,5894.0,Armando James Ortega,AJO0389,25,12,44,49,28,-0.09280133113695244,1
AJP0155,0.0,0.0,957.0,0.0,Adele Jorden Preston,AJP0155,50,45,18,47,25,0.09713032832570118,0
AJP0723,337.0,0.0,0.0,0.0,Ann Jolie Potts,AJP0723,24,29,17,12,29,0.13331801527806775,0
AJR0319,6434.0,0.0,0.0,0.0,Arthur Jacob Raymond,AJR0319,40,13,37,16,24,0.05240712020441485,0
AJR0932,1709.0,0.0,0.0,0.0,Amal Judah Rich,AJR0932,46,30,35,12,29,0.12443386649918586,0
AJV0013,0.0,497.0,1156.0,1340.0,Anika Judith Valentine,AJV0013,47,35,49,28,29,0.036852579896690885,0
AKB0574,0.0,0.0,690.0,0.0,Ashely Kai Bruce,AKB0574,39,42,24,34,29,0.17130342405957505,0
AKC0924,3047.0,0.0,0.0,0.0,Amena Karyn Christian,AKC0924,40,44,35,37,27,0.15311995111630144,0
AKF0709,331.0,0.0,0.0,0.0,Amity Kendall Foley,AKF0709,42,31,29,22,32,0.17162751782842928,0
AKH0758,1008.0,0.0,0.0,0.0,Adam Kendall Harrell,AKH0758,24,38,40,37,27,0.14873093055098952,0
AKK0329,1011.0,0.0,0.0,0.0,Anastasia Kylan Kaufman,AKK0329,45,22,25,39,22,0.121997503861548,0
AKP0783,0.0,0.0,690.0,0.0,Alyssa Kimberly Pratt,AKP0783,41,41,40,41,32,0.16181664393708162,0
AKR0057,2459.0,0.0,0.0,0.0,Aurora Katell Rhodes,AKR0057,50,41,20,18,30,0.11640229401100438,0
AKW0167,3685.0,0.0,0.0,0.0,Arsenio Kato Wilder,AKW0167,38,38,20,14,35,0.13391113852361486,0
ALB0033,0.0,0.0,957.0,0.0,Amela Libby Bird,ALB0033,49,38,27,13,31,0.11653927665375202,0
ALB0892,680.0,0.0,0.0,0.0,Arthur Lucian Bonner,ALB0892,25,19,44,22,30,0.13944787949966625,0
ALC0788,1004.0,0.0,0.0,0.0,Amy Lucy Chen,ALC0788,34,18,15,36,35,0.1316627341195582,0
ALD0529,993.0,0.0,0.0,0.0,Alma Leila Duncan,ALD0529,35,21,19,21,27,0.16919157647476207,0
ALD0544,2971.0,0.0,0.0,0.0,Ayanna Leandra Dunlap,ALD0544,16,18,18,13,32,0.09323078649230848,0
ALH0402,3039.0,0.0,0.0,0.0,Adena Lisandra Hardin,ALH0402,43,23,43,46,32,0.0947389363336385,0
ALM0073,0.0,0.0,1403.0,0.0,Ashton Lucius Mccarty,ALM0073,41,22,20,13,43,0.06114006713982334,0
AMD0077,5984.0,0.0,0.0,0.0,Ainsley MacKensie Doyle,AMD0077,23,19,12,25,25,0.04831038113950337,0
AMF0083,0.0,0.0,1002.0,0.0,Aladdin Mufutau Finch,AMF0083,36,14,21,39,22,0.12091154648229763,0
AMH0464,337.0,0.0,0.0,0.0,Alfreda Morgan Holloway,AMH0464,45,16,42,37,21,0.10761501775608595,0
AMH0794,2957.0,0.0,0.0,0.0,Ali Murphy Hurley,AMH0794,43,42,33,40,31,0.14714243243416314,0
AMH0857,0.0,0.0,774.0,0.0,Althea Myra Hamilton,AMH0857,30,38,35,42,28,0.17069616730655662,0
AMJ0297,330.0,0.0,0.0,0.0,Albert Mohammad Joseph,AMJ0297,16,43,50,18,28,0.08387333176537248,0
AMM0014,6029.0,0.0,0.0,0.0,Alec Mannix Mcneil,AMM0014,48,38,15,44,36,0.03298615090648993,0
AMO0751,0.0,0.0,690.0,0.0,Astra Montana Oliver,AMO0751,37,17,11,22,21,0.1104361683358599,0
AMP0662,0.0,0.0,690.0,0.0,Allegra Mia Pierce,AMP0662,45,45,17,19,28,0.15956473946535404,0
AMR0208,0.0,0.0,690.0,0.0,Ahmed Merrill Rodgers,AMR0208,46,43,12,30,33,0.13310077500711265,0
AMR0318,4974.0,0.0,0.0,0.0,Axel Malik Rosa,AMR0318,45,50,17,25,21,0.05376677492173776,0
AMR0400,2987.0,0.0,0.0,0.0,Aurelia Martina Reese,AMR0400,19,16,47,28,28,0.09588747793671226,0
AMS0762,0.0,0.0,690.0,0.0,Azalia MacKensie Schultz,AMS0762,48,47,29,23,30,0.13775745231313524,0
AMT0293,0.0,0.0,1524.0,0.0,Audra Madonna Tran,AMT0293,45,42,13,24,35,0.07918191575288291,0
AMV0036,4711.0,0.0,0.0,0.0,Aquila Mark Vega,AMV0036,43,36,42,37,26,0.10926828182142839,0
AMW0392,3956.0,0.0,0.0,0.0,Alea Maggie Whitfield,AMW0392,47,47,22,44,26,0.09861464772705647,0
ANM0123,270.0,0.0,0.0,0.0,Astra Nicole Maldonado,ANM0123,22,15,16,21,26,0.14263171126214097,0
ANO0020,0.0,0.0,690.0,0.0,Armand Norman Oconnor,ANO0020,26,27,11,21,34,0.13060358407866535,0
ANP0555,3009.0,0.0,0.0,0.0,Alexa Nadine Poole,ANP0555,13,40,42,23,28,0.10254543605517297,0
ANR0792,0.0,0.0,1037.0,0.0,Avram Nasim Roach,ANR0792,35,35,10,50,31,0.07099478055092567,0
ANT0430,3003.0,0.0,0.0,0.0,Amaya Noelle Terrell,ANT0430,12,19,23,48,31,0.07450652354213327,0
AOB0019,3638.0,0.0,0.0,0.0,Azalia Orli Beach,AOB0019,11,17,13,24,28,0.07784303282920285,0
AOK0844,370.0,0.0,0.0,0.0,Armand Odysseus Key,AOK0844,11,30,44,26,31,0.10982280902943625,0
AOS0987,3017.0,0.0,0.0,0.0,Alice Orli Stout,AOS0987,16,32,40,30,27,0.119007205314066,0
AOW0276,0.0,0.0,690.0,0.0,Amethyst Ocean Whitley,AOW0276,39,37,26,19,20,0.1492893298627611,0
APC0027,0.0,8435.0,730.0,5397.0,Akeem Paki Chapman,APC0027,22,19,16,32,25,-0.05733482740210927,1
APG0307,330.0,0.0,0.0,0.0,Aaron Porter Gutierrez,APG0307,43,39,36,43,22,0.14944626951943735,0
APR0631,0.0,0.0,690.0,0.0,Abraham Perry Reyes,APR0631,44,24,40,45,32,0.13614362494284643,0
AQD0820,3018.0,0.0,0.0,0.0,Akeem Quamar Davenport,AQD0820,41,31,27,24,39,0.12761440780191285,0
AQH0426,0.0,605.0,690.0,761.0,April Quon Hood,AQH0426,49,45,19,22,26,0.082298641614451,0
AQM0699,0.0,0.0,690.0,0.0,Ahmed Quinlan Melton,AQM0699,18,27,10,36,28,0.11397952071894529,0
ARA0252,2981.0,0.0,0.0,0.0,Alexander Rafael Arnold,ARA0252,39,39,27,21,35,0.14463613862088087,0
ARB0002,0.0,0.0,629.0,0.0,Abigail Rylee Bean,ARB0002,32,39,35,35,26,0.17949344074907259,0
ARB0834,207.0,0.0,0.0,0.0,Amelia Rhoda Burgess,ARB0834,40,42,40,49,26,0.13594214637766888,0
ARB0881,1016.0,0.0,0.0,0.0,Abel Reese Boone,ARB0881,38,46,43,10,35,0.09590083870314903,0
ARD0509,994.0,0.0,0.0,0.0,Abdul Ralph Deleon,ARD0509,50,40,35,32,32,0.1313993575471204,0
ARL0034,4670.0,0.0,0.0,0.0,August Ronan Lucas,ARL0034,41,39,27,21,26,0.1315016132398979,0
ARM0257,0.0,0.0,961.0,0.0,Anthony Reece Mckay,ARM0257,39,19,19,22,31,0.1644156799452512,0
ARR0934,0.0,212.0,1133.0,232.0,Amelia Ria Richmond,ARR0934,38,41,37,41,39,0.07918551486659225,0
ASA0282,0.0,0.0,689.0,0.0,Alisa Shaine Adkins,ASA0282,44,34,19,24,35,0.15979423842723872,0
ASB0796,2298.0,0.0,0.0,0.0,Ayanna Sylvia Blankenship,ASB0796,30,40,23,38,34,0.14811412643334665,0
ASD0577,329.0,0.0,0.0,0.0,Aquila Stewart Dejesus,ASD0577,40,48,36,14,37,0.1173073740108162,0
ASF0328,0.0,0.0,690.0,0.0,Autumn Shaeleigh Fox,ASF0328,50,42,25,22,28,0.15036586463892432,0
ASG0048,3631.0,0.0,0.0,0.0,Alec Scott Goff,ASG0048,41,36,19,24,37,0.13762778254959818,0
ASG0692,2990.0,0.0,0.0,0.0,Anastasia Sage Griffith,ASG0692,26,40,41,23,27,0.136882716483188,0
ASJ0543,0.0,0.0,714.0,0.0,Audrey Shea Joyce,ASJ0543,40,50,42,15,34,0.12546120986788994,0
ASJ0958,0.0,0.0,1202.0,0.0,Avye Sharon Jacobs,ASJ0958,33,47,20,16,34,0.1157834705236716,0
ASL0378,2992.0,0.0,0.0,0.0,Axel Seth Lewis,ASL0378,15,15,41,21,27,0.09374620943596401,0
ASL0677,0.0,0.0,690.0,0.0,Ayanna Stacey Leblanc,ASL0677,21,13,41,41,20,0.07900055289580993,0
ASM0229,0.0,0.0,690.0,0.0,Austin Stewart Mccarthy,ASM0229,21,33,37,32,26,0.1642089678192658,0
ASM0575,330.0,0.0,0.0,0.0,Aurora Sarah Manning,ASM0575,42,25,21,45,30,0.14794783745633977,0
ASN0508,0.0,325.0,1126.0,785.0,Amethyst Suki Norris,ASN0508,30,39,11,15,26,0.06363002532355233,0
ASO0737,0.0,0.0,494.0,0.0,Angelica Shelly Ortega,ASO0737,50,35,32,35,20,0.10410179468593372,0
ASR0889,0.0,217.0,1167.0,350.0,Athena Sylvia Russo,ASR0889,50,33,35,18,32,0.09402575198442586,0
ASS0206,4660.0,0.0,0.0,0.0,Ashely Sarah Shields,ASS0206,12,18,20,28,30,0.08151515779174578,0
ASS0517,1011.0,0.0,0.0,0.0,Alfreda Sierra Savage,ASS0517,36,35,47,44,32,0.10644597832926728,0
ASS0569,0.0,0.0,502.0,0.0,Autumn Sara Snider,ASS0569,41,39,17,45,16,0.09716809071638366,0
ASS0611,0.0,2965.0,1018.0,1321.0,Amber Shannon Sawyer,ASS0611,34,39,37,16,29,0.08052038269165818,0
ASV0946,331.0,0.0,0.0,0.0,Alice Sierra Valenzuela,ASV0946,35,12,46,17,26,0.11220621140222364,0
ASW0536,0.0,0.0,166.0,0.0,Adria Sasha Wise,ASW0536,33,30,24,22,31,0.1630455388685364,0
ATB0235,0.0,0.0,814.0,0.0,Andrew Tobias Briggs,ATB0235,18,33,42,22,21,0.10082135643019097,0
ATE0869,7519.0,0.0,0.0,0.0,Aquila Tanner Ellison,ATE0869,13,15,40,44,33,-0.013628529227678765,1
ATF0274,3019.0,0.0,0.0,0.0,Alea Tana Ferrell,ATF0274,20,45,48,27,28,0.0830731558849695,0
ATG0636,0.0,0.0,959.0,0.0,Anastasia Tamekah Gaines,ATG0636,41,41,38,39,37,0.13955065739764005,0
ATP0662,5103.0,0.0,0.0,0.0,Aurora Tatiana Payne,ATP0662,17,16,41,20,39,0.05423835397431076,0
ATT0650,0.0,0.0,690.0,0.0,Anastasia Tashya Trevino,ATT0650,49,46,10,19,26,0.10686866951167256,0
ATV0292,0.0,11872.0,1362.0,8070.0,Alexandra Tanisha Vargas,ATV0292,45,45,36,39,29,-0.1317437811747395,1
AUS0564,0.0,1097.0,1202.0,1347.0,Adele Ursa Suarez,AUS0564,43,45,17,43,34,0.02867107521556389,0
AVJ0078,0.0,1213.0,1251.0,1787.0,Ashely Violet Joyner,AVJ0078,40,18,45,26,34,0.030883039696281034,0
AVM0947,337.0,0.0,0.0,0.0,Ayanna Vivian Murray,AVM0947,10,25,30,44,39,0.07076640265224193,0
AVR0566,0.0,0.0,690.0,0.0,Aline Vanna Rojas,AVR0566,21,36,20,29,19,0.1285963051941521,0
AWM0764,1003.0,0.0,0.0,0.0,Akeem William Mayer,AWM0764,47,37,39,42,36,0.12805397438742167,0
AWR0559,0.0,0.0,690.0,0.0,Arden Wayne Riley,AWR0559,30,21,44,19,29,0.15895027148719393,0
AXB0237,0.0,0.0,690.0,0.0,Akeem Xanthus Bryant,AXB0237,27,10,10,13,34,0.06901985452145232,0
AXC0137,0.0,0.0,1536.0,0.0,Axel Xerxes Chapman,AXC0137,37,27,24,17,28,0.13086971631238659,0
AYD0147,0.0,0.0,690.0,0.0,Alika Yoko Duke,AYD0147,45,36,30,21,29,0.1787350833254161,0
AYN0502,0.0,573.0,1187.0,5833.0,Ayanna Yolanda Nielsen,AYN0502,49,30,18,37,31,-0.008517272805322218,1
AZH0595,0.0,0.0,690.0,0.0,Anne Zia Hawkins,AZH0595,43,37,48,22,27,0.13641711494121206,0
BAD0541,0.0,0.0,1094.0,0.0,Brett Aidan Duke,BAD0541,40,20,23,40,23,0.13289504021187998,0
BAG0190,0.0,0.0,690.0,0.0,Benjamin Alec Gutierrez,BAG0190,41,10,14,39,31,0.12015317760603744,0
BAH0875,5386.0,0.0,0.0,0.0,Brianna Aretha Hopper,BAH0875,43,19,26,17,30,0.0878605777398554,0
BAJ0654,986.0,0.0,0.0,0.0,Brock Aladdin Joyce,BAJ0654,36,10,47,10,41,0.03219157167517672,0
BAK0530,0.0,0.0,1491.0,0.0,Brenna Adria Kline,BAK0530,43,40,20,37,27,0.1207629389348493,0
BAK0964,340.0,0.0,0.0,0.0,Beatrice Alexis Kidd,BAK0964,25,16,22,18,28,0.15107839227399567,0
BAL0044,3696.0,0.0,0.0,0.0,Byron Armand Livingston,BAL0044,14,41,26,44,30,0.08507169603273362,0
BAM0611,5016.0,0.0,0.0,0.0,Brielle Aubrey Marks,BAM0611,25,30,39,23,25,0.10929736095765258,0
BAM0636,1001.0,0.0,0.0,0.0,Brenda Alika Matthews,BAM0636,13,40,46,42,39,0.04097491797427366,0
BAW0461,0.0,0.0,690.0,0.0,Barclay Adrian Weiss,BAW0461,42,22,25,37,33,0.1712485732042877,0
BBG0325,5032.0,0.0,0.0,0.0,Blair Bruno Grimes,BBG0325,41,50,30,37,40,0.07181719365293304,0
BBH0810,3035.0,0.0,0.0,0.0,Bruno Beau Hoover,BBH0810,40,25,10,21,32,0.11552236302392604,0
BBS0039,1679.0,0.0,0.0,0.0,Bevis Brady Sheppard,BBS0039,44,37,34,21,40,0.13199148801115618,0
BBS0422,3487.0,0.0,0.0,0.0,Buckminster Benjamin Swanson,BBS0422,39,42,29,41,18,0.09643374571823793,0
BBS0474,0.0,0.0,690.0,0.0,Bert Beau Sloan,BBS0474,34,20,19,26,34,0.1718398566255468,0
BCB0679,2439.0,0.0,0.0,0.0,Buckminster Connor Bush,BCB0679,46,36,39,31,31,0.13806189728129786,0
BCD0482,0.0,0.0,690.0,0.0,Beck Colin Dean,BCD0482,44,40,40,43,24,0.14459017388896372,0
BCM0382,0.0,0.0,690.0,0.0,Beck Cain Marsh,BCM0382,42,45,13,39,22,0.12973339092591463,0
BCM0653,1021.0,0.0,0.0,0.0,Bevis Christopher Mcknight,BCM0653,45,34,41,18,31,0.15119753586764406,0
BCR0581,329.0,0.0,0.0,0.0,Bruno Carter Robles,BCR0581,20,11,34,36,30,0.11860842248290393,0
BCS0314,0.0,132.0,1028.0,246.0,Beverly Cheryl Sweet,BCS0314,17,23,40,21,28,0.1225074455880622,0
BCV0304,0.0,0.0,690.0,0.0,Blake Chadwick Vaughan,BCV0304,22,23,27,39,28,0.15006733217296492,0
BDA0994,0.0,0.0,690.0,0.0,Barry Driscoll Anthony,BDA0994,48,22,26,26,31,0.15484819243596015,0
BDB0453,338.0,0.0,0.0,0.0,Brett Damian Beck,BDB0453,41,42,27,41,26,0.1680711853031469,0
BDI0533,1302.0,0.0,0.0,0.0,Bruno Donovan Ingram,BDI0533,37,36,15,41,19,0.1218182266488721,0
BDM0385,0.0,0.0,690.0,0.0,Bevis Dante Mayo,BDM0385,17,42,20,25,24,0.1456109987172342,0
BDV0168,2427.0,0.0,0.0,0.0,Blair Deborah Vaughn,BDV0168,45,31,19,21,31,0.14799222368273435,0
BEC0505,5019.0,0.0,0.0,0.0,Bruce Eden Clemons,BEC0505,35,21,30,19,32,0.11812464310788712,0
BEH0615,5123.0,0.0,0.0,0.0,Barclay Eaton Hensley,BEH0615,24,20,50,22,26,0.07280589551924421,0
BEK0623,0.0,640.0,962.0,279.0,Bruno Eric Kim,BEK0623,23,10,17,23,27,0.08495688040306915,0
BER0314,4963.0,0.0,0.0,0.0,Bianca Elizabeth Roach,BER0314,23,20,18,19,32,0.10826586149476064,0
BES0161,0.0,0.0,690.0,0.0,Bruce Ezra Santos,BES0161,42,30,23,45,29,0.15400430575910473,0
BGB0727,0.0,0.0,690.0,0.0,Benjamin Gary Baird,BGB0727,24,23,40,40,35,0.14090428561731366,0
BGC0538,0.0,291.0,996.0,271.0,Beau Giacomo Chang,BGC0538,22,18,19,34,36,0.10141716261242562,0
BGM0010,0.0,9241.0,1234.0,6283.0,Benjamin Griffin Mclaughlin,BGM0010,13,36,21,20,21,-0.11167426427341587,1
BGP0577,0.0,0.0,690.0,0.0,Brandon Griffin Pace,BGP0577,29,16,43,30,21,0.1152334100309228,0
BGR0068,0.0,11346.0,950.0,7330.0,Benjamin Gannon Rodriquez,BGR0068,39,22,26,40,26,-0.10611610402256322,1
BHC0665,2973.0,0.0,0.0,0.0,Blaine Helen Cervantes,BHC0665,14,21,12,12,32,0.03931825133966638,0
BHW0458,333.0,0.0,0.0,0.0,Beau Hall Watts,BHW0458,36,32,28,30,29,0.17879170829387037,0
BIB0251,0.0,0.0,690.0,0.0,Brynne Irma Britt,BIB0251,12,21,40,30,29,0.13263539530529023,0
BIB0407,0.0,0.0,690.0,0.0,Burton Isaiah Blevins,BIB0407,35,21,15,41,31,0.14589365991033354,0
BIH0745,2087.0,0.0,0.0,0.0,Benjamin Ignatius Hooper,BIH0745,43,39,50,27,25,0.10384767005051754,0
BIR0613,0.0,0.0,958.0,0.0,Benedict Ivan Rowe,BIR0613,17,37,37,37,24,0.126649322368302,0
BIR0678,0.0,0.0,690.0,0.0,Buffy Imogene Robles,BIR0678,39,43,21,21,24,0.17003048047079466,0
BIS0247,2984.0,0.0,0.0,0.0,Bryar Ivana Sweet,BIS0247,36,19,18,39,37,0.12657075014515246,0
BIS0988,0.0,0.0,690.0,0.0,Bree Isabelle Sweet,BIS0988,21,22,19,45,31,0.1396116654003402,0
BJC0265,0.0,0.0,690.0,0.0,Brennan Jesse Carlson,BJC0265,36,20,18,26,38,0.15021007979108414,0
BJE0520,0.0,1200.0,1027.0,739.0,Bruno Jakeem England,BJE0520,40,14,18,21,24,0.07452767825574996,0
BJG0097,0.0,0.0,690.0,0.0,Britanni Josephine Garrett,BJG0097,36,36,13,17,26,0.15400909294774007,0
BJG0120,0.0,0.0,690.0,0.0,Brian Jesse Gentry,BJG0120,42,14,17,35,32,0.1505759018309803,0
BJH0243,0.0,0.0,788.0,0.0,Barbara Jamalia Hahn,BJH0243,34,39,21,43,29,0.17126406984298448,0
BJH0354,4727.0,0.0,0.0,0.0,Bert Jason Henderson,BJH0354,22,21,31,20,36,0.09609424487124613,0
BJH0811,3038.0,0.0,0.0,0.0,Blaze Jakeem Hahn,BJH0811,48,39,44,14,40,0.067196503197958,0
BJM0111,1082.0,0.0,0.0,0.0,Bell Jorden Martinez,BJM0111,22,24,39,41,19,0.09406864879538113,0
BJP0134,338.0,0.0,0.0,0.0,Beck John Peters,BJP0134,42,17,44,21,39,0.11824500986055436,0
BJW0619,4973.0,0.0,0.0,0.0,Blaine Jelani Weeks,BJW0619,30,43,47,21,39,0.04900588437035103,0
BKM0084,0.0,0.0,690.0,0.0,Benjamin Keith Miranda,BKM0084,38,27,23,28,30,0.1828376839001732,0
BKM0492,0.0,150.0,1016.0,248.0,Baxter Knox Mejia,BKM0492,36,24,38,36,36,0.12832000697201917,0
BKW0374,3612.0,0.0,0.0,0.0,Blossom Keiko Weiss,BKW0374,41,38,17,46,27,0.13092171514067275,0
BLA0039,0.0,0.0,4564.0,0.0,Breanna Leila Alexander,BLA0039,37,30,24,40,29,0.066655617388514,0
BLB0114,3016.0,0.0,0.0,0.0,Brent Laith Beck,BLB0114,38,48,41,15,22,0.08197185851862987,0
BLB0583,0.0,557.0,1304.0,345.0,Blossom Lisandra Boyer,BLB0583,47,43,19,46,23,0.04070095946416352,0
BLL0527,0.0,0.0,690.0,0.0,Basia Lara Lloyd,BLL0527,49,37,42,21,26,0.1405243414091109,0
BLL0929,2981.0,0.0,0.0,0.0,Bethany Lydia Lyons,BLL0929,44,49,10,41,39,0.0644290331760643,0
BLM0712,0.0,0.0,955.0,0.0,Barclay Lamar Mclaughlin,BLM0712,33,36,23,42,19,0.11656852079509306,0
BLM0868,0.0,0.0,148.0,0.0,Barclay Levi Mckenzie,BLM0868,49,24,23,30,32,0.1371180086340425,0
BLS0678,1729.0,0.0,0.0,0.0,Benjamin Lewis Sweeney,BLS0678,35,17,43,28,31,0.14066877121206695,0
BLW0787,0.0,6912.0,1311.0,999.0,Branden Logan Whitehead,BLW0787,40,21,38,21,28,-0.004041089646688145,1
BMC0547,3034.0,0.0,0.0,0.0,Britanni Marah Cash,BMC0547,41,18,22,21,35,0.130386383973651,0
BMD0342,0.0,0.0,690.0,0.0,Bo Mira Dillard,BMD0342,46,30,25,23,21,0.1454851237720025,0
BMG0006,0.0,2318.0,1194.0,1373.0,Buffy Meredith Giles,BMG0006,34,38,21,36,19,0.008176777192536289,0
BMG0917,3039.0,0.0,0.0,0.0,Beverly Melissa Garner,BMG0917,43,36,41,23,34,0.14765115154789793,0
BML0845,0.0,0.0,1468.0,0.0,Burton Maxwell Levy,BML0845,43,29,17,21,32,0.1180864481564935,0
BMM0112,1013.0,0.0,0.0,0.0,Barry Martin Mason,BMM0112,40,36,24,40,25,0.163664837638407,0
BMR0341,0.0,0.0,690.0,0.0,Brenna Martha Russell,BMR0341,38,40,17,23,26,0.17638677504184724,0
BMS0877,1786.0,0.0,0.0,0.0,Brynn Madeline Sherman,BMS0877,31,50,11,43,33,0.07976449539350611,0
BMT0528,1010.0,0.0,0.0,0.0,Brittany Mona Terry,BMT0528,33,25,39,25,30,0.16652019318072342,0
BMW0898,0.0,0.0,689.0,0.0,Britanney Maile Wallace,BMW0898,32,37,41,42,27,0.15771058346248013,0
BNB0026,0.0,0.0,690.0,0.0,Benjamin Nash Boone,BNB0026,38,24,45,12,33,0.12156327318029153,0
BNB0478,0.0,1150.0,690.0,1966.0,Blaine Nora Brown,BNB0478,20,32,14,18,27,0.03747761750657952,0
BNB0938,0.0,0.0,952.0,0.0,Beau Nathan Brown,BNB0938,47,33,32,39,26,0.13836590963736406,0
BNF0925,0.0,982.0,1084.0,708.0,Benedict Noah Foreman,BNF0925,30,13,15,33,30,0.06526568100233177,0
BNG0237,3008.0,0.0,0.0,0.0,Brian Nathaniel Greer,BNG0237,39,36,36,47,27,0.13127359883976453,0
BNR0965,333.0,0.0,0.0,0.0,Basia Nevada Riggs,BNR0965,47,19,15,20,22,0.11901861402558828,0
BNT0819,0.0,0.0,494.0,0.0,Blake Noble Terrell,BNT0819,37,26,44,29,30,0.14495759246493128,0
BPB0061,0.0,0.0,690.0,0.0,Beck Phillip Blevins,BPB0061,25,25,27,13,30,0.14948332183897473,0
BPE0219,0.0,0.0,50.0,0.0,Benjamin Prescott Elliott,BPE0219,18,39,41,18,27,0.13169681151829893,0
BQD0092,0.0,0.0,690.0,0.0,Bo Quemby Durham,BQD0092,47,44,38,33,24,0.13193664059550148,0
BQS0525,142.0,0.0,0.0,0.0,Britanney Quail Snyder,BQS0525,42,38,19,45,30,0.15692606455048724,0
BRB0355,4389.0,0.0,0.0,0.0,Burke Randall Burnett,BRB0355,33,21,37,19,29,0.13790694857571056,0
BRB0807,0.0,0.0,690.0,0.0,Brianna Ruby Bender,BRB0807,21,39,13,25,17,0.08546800911185243,0
BRC0579,0.0,0.0,690.0,0.0,Benjamin Rahim Crane,BRC0579,24,10,45,17,32,0.10289426642530763,0
BRH0362,0.0,0.0,690.0,0.0,Burke Reed Haynes,BRH0362,26,15,33,47,33,0.12741212864253532,0
BRM0995,3044.0,0.0,0.0,0.0,Brianna Rebecca Mcintyre,BRM0995,20,11,32,26,40,0.06472097863968074,0
BRS0468,0.0,0.0,690.0,0.0,Brock Reese Stanley,BRS0468,26,29,12,14,32,0.12509547727774112,0
BRS0734,1497.0,0.0,0.0,0.0,Burke Rooney Stafford,BRS0734,32,39,47,10,30,0.09653247006075194,0
BRS0802,0.0,1649.0,1380.0,1849.0,Brenden Rahim Sweeney,BRS0802,27,22,39,21,41,0.017248530185625444,0
BRS0849,0.0,4853.0,1093.0,766.0,Burke Rigel Strong,BRS0849,15,36,43,39,29,-0.02583699564286024,1
BSA0431,3044.0,0.0,0.0,0.0,Blossom Scarlett Aguirre,BSA0431,50,41,19,40,29,0.11878807452848866,0
BSA0663,0.0,0.0,959.0,0.0,Benedict Sebastian Allen,BSA0663,39,18,44,31,28,0.14620741147659677,0
BSB0990,3015.0,0.0,0.0,0.0,Bruce Sawyer Barrera,BSB0990,34,44,13,43,37,0.10213339130163829,0
BSB0995,0.0,98.0,1268.0,326.0,Blythe Shelley Banks,BSB0995,40,46,30,22,21,0.07585432004532916,0
BSH0445,3043.0,0.0,0.0,0.0,Bethany Stephanie Haynes,BSH0445,38,22,30,15,21,0.11239053814399463,0
BSS0369,2300.0,0.0,0.0,0.0,Brenden Samuel Shaffer,BSS0369,39,42,34,14,32,0.13832051206129797,0
BSS0463,335.0,0.0,0.0,0.0,Bruno Stewart Silva,BSS0463,32,40,40,38,28,0.16428752594539647,0
BSS0707,0.0,0.0,953.0,0.0,Basil Shad Schwartz,BSS0707,32,19,37,47,35,0.12004148166716672,0
BTL0226,1862.0,0.0,0.0,0.0,Bernard Tobias Landry,BTL0226,36,44,37,38,31,0.1512827087562258,0
BTL0722,334.0,0.0,0.0,0.0,Blair Todd Long,BTL0722,39,41,36,17,49,0.10272431659710268,0
BTN0061,3031.0,0.0,0.0,0.0,Benjamin Tyrone Norman,BTN0061,42,21,22,20,22,0.12227173964915655,0
BTR0403,3003.0,0.0,0.0,0.0,Beck Troy Richards,BTR0403,47,47,21,17,28,0.11295161300946871,0
BTS0011,5930.0,0.0,0.0,0.0,Blaze Trevor Stone,BTS0011,25,42,16,25,29,0.07490830535488274,0
BTW0005,8950.0,0.0,0.0,0.0,Byron Tyrone Williamson,BTW0005,33,39,18,18,27,0.051269615344884834,0
BVC0790,3768.0,0.0,0.0,0.0,Blythe Veda Cooke,BVC0790,24,18,18,36,38,0.10302230327064016,0
BVN0514,327.0,0.0,0.0,0.0,Buffy Vivien Nichols,BVN0514,36,23,30,23,22,0.15358965455224577,0
BVW0318,0.0,0.0,690.0,0.0,Baker Vladimir Wells,BVW0318,38,27,24,35,24,0.16925230777278227,0
BWH0813,3035.0,0.0,0.0,0.0,Brock William Hunter,BWH0813,36,36,33,20,30,0.1603784288564945,0
BWP0202,3663.0,0.0,0.0,0.0,Baxter William Price,BWP0202,20,36,15,25,28,0.12783744657115736,0
BWW0834,0.0,0.0,689.0,0.0,Britanney Willa Wallace,BWW0834,16,38,14,43,18,0.0755478670168086,0
BXJ0010,6058.0,0.0,0.0,0.0,Bethany Xerxes Johnson,BXJ0010,46,24,30,35,34,0.06302526733408087,0
BYP0070,2060.0,0.0,0.0,0.0,Bertha Yetta Parrish,BYP0070,30,19,41,21,33,0.13904591452800075,0
BZT0160,0.0,925.0,1206.0,680.0,Bell Zoe Terry,BZT0160,37,43,19,20,29,0.10181053726755135,0
CAA0612,5372.0,0.0,0.0,0.0,Chelsea Aspen Allen,CAA0612,20,41,32,42,31,0.07906188319031793,0
CAB0388,2946.0,0.0,0.0,0.0,Cedric Alexander Bowers,CAB0388,37,33,23,40,36,0.1361428709244557,0
CAB0422,0.0,0.0,930.0,0.0,Cadman Allen Bailey,CAB0422,45,29,17,38,30,0.14747795107226025,0
CAB0614,5335.0,0.0,0.0,0.0,Cora Aurora Buckner,CAB0614,17,38,22,12,34,0.047483139566668164,0
CAB0705,0.0,0.0,690.0,0.0,Casey Adena Butler,CAB0705,12,17,40,21,23,0.1003464281472195,0
CAC0558,0.0,0.0,690.0,0.0,Courtney Alexis Cummings,CAC0558,42,46,22,26,29,0.16094229875061306,0
CAC0889,170.0,0.0,0.0,0.0,Caesar Allen Cash,CAC0889,46,49,32,41,27,0.13419152083638164,0
CAH0554,0.0,0.0,690.0,0.0,Cherokee Athena Horn,CAH0554,37,37,24,14,27,0.17287284071189668,0
CAH0936,1512.0,0.0,0.0,0.0,Constance Audrey Hicks,CAH0936,40,22,39,50,24,0.10109657776538711,0
CAJ0004,0.0,0.0,690.0,0.0,Clementine April Juarez,CAJ0004,36,50,36,48,30,0.1310375001764702,0
CAM0102,3038.0,0.0,0.0,0.0,Chandler Ashton Madden,CAM0102,31,44,19,15,27,0.13716762260906373,0
CAM0681,3033.0,0.0,0.0,0.0,Cole Aaron Mcfarland,CAM0681,41,43,45,10,28,0.08211309553796614,0
CAN0178,0.0,0.0,690.0,0.0,Calvin Asher Nguyen,CAN0178,46,25,30,42,41,0.11049052573537299,0
CAN0842,338.0,0.0,0.0,0.0,Chadwick Armand Nunez,CAN0842,38,41,22,39,29,0.17527313207127931,0
CAO0899,0.0,0.0,1212.0,0.0,Carson Amal Orr,CAO0899,38,34,11,17,33,0.10684561106941015,0
CAP0305,0.0,0.0,690.0,0.0,Chava Alisa Porter,CAP0305,45,33,22,23,26,0.17210412662951707,0
CAR0784,0.0,0.0,690.0,0.0,Chaney Amir Ross,CAR0784,43,19,22,46,28,0.14539260594415088,0
CAS0507,1003.0,0.0,0.0,0.0,Carla Amelia Shannon,CAS0507,14,46,33,11,25,0.07746707926282387,0
CAW0115,0.0,0.0,690.0,0.0,Cullen Arden Wolf,CAW0115,13,17,40,44,33,0.10383886156611788,0
CAW0771,0.0,0.0,690.0,0.0,Cameron Armando Witt,CAW0771,19,20,38,25,27,0.15740120783109457,0
CBB0365,3690.0,0.0,0.0,0.0,Cain Byron Baldwin,CBB0365,37,17,20,41,33,0.13266639205905623,0
CBB0609,0.0,0.0,690.0,0.0,Chantale Brenda Boone,CBB0609,32,37,22,48,18,0.1114006154261738,0
CBB0661,0.0,0.0,690.0,0.0,Conan Burton Blackburn,CBB0661,11,45,29,37,29,0.12264901454293886,0
CBG0398,3019.0,0.0,0.0,0.0,Courtney Brynn Garrett,CBG0398,40,21,41,10,24,0.095449335182267,0
CBG0490,5029.0,0.0,0.0,0.0,Callum Brendan Gonzalez,CBG0490,50,31,35,10,29,0.05019827555422063,0
CBH0656,0.0,1306.0,951.0,677.0,Cruz Benedict Hale,CBH0656,47,25,40,46,31,0.041878240477683515,0
CBJ0373,0.0,0.0,690.0,0.0,Cynthia Blythe Jenkins,CBJ0373,18,20,40,17,35,0.13473372965679226,0
CBL0969,0.0,8930.0,814.0,5412.0,Cora Breanna Lawson,CBL0969,32,36,41,17,38,-0.05955839435351118,1
CBM0387,0.0,0.0,668.0,0.0,Carl Branden Moses,CBM0387,34,20,40,39,36,0.15399438724860776,0
CBN0398,0.0,0.0,690.0,0.0,Cole Basil Nunez,CBN0398,19,23,12,22,28,0.12497459864968363,0
CCA0046,2157.0,0.0,0.0,0.0,Cyrus Connor Atkinson,CCA0046,36,43,25,15,28,0.15124477063424818,0
CCC0192,0.0,287.0,1109.0,247.0,Castor Cruz Curtis,CCC0192,10,16,19,33,25,0.06617204733816251,0
CCC0393,3056.0,0.0,0.0,0.0,Chaim Chadwick Chang,CCC0393,35,30,40,16,26,0.14110331018600503,0
CCC0632,0.0,1501.0,1048.0,5880.0,Castor Chaim Combs,CCC0632,17,19,21,30,25,-0.029832547368329854,1
CCD0463,0.0,0.0,474.0,0.0,Chancellor Cody Douglas,CCD0463,39,36,37,10,32,0.1284433777047841,0
CCF0877,0.0,0.0,690.0,0.0,Ciaran Casey Fuller,CCF0877,22,22,14,13,30,0.12166281655694022,0
CCH0182,1012.0,0.0,0.0,0.0,Clayton Clark Humphrey,CCH0182,42,44,47,23,29,0.11952774351732864,0
CCH0252,0.0,242.0,1059.0,260.0,Clementine Cherokee Hicks,CCH0252,43,42,45,24,33,0.09302316030057439,0
CCH0685,3049.0,0.0,0.0,0.0,Cora Clementine Higgins,CCH0685,47,24,42,34,29,0.1176367469902711,0
CCH0959,0.0,444.0,380.0,890.0,Cedric Cyrus Harrison,CCH0959,23,37,23,40,21,0.060716831891349354,0
CCL0068,2521.0,0.0,0.0,0.0,Camilla Camille Leach,CCL0068,13,16,23,19,23,0.07843742026380907,0
CCM0136,334.0,0.0,0.0,0.0,Cailin Casey Mckee,CCM0136,16,16,39,40,29,0.12744405427276395,0
CCM0467,335.0,0.0,0.0,0.0,Chester Caldwell Mendoza,CCM0467,43,40,19,26,25,0.16613384529650593,0
CCM0786,0.0,0.0,924.0,0.0,Carson Cairo Malone,CCM0786,25,38,21,41,36,0.14026013073541116,0
CCM0822,0.0,0.0,690.0,0.0,Cynthia Cheyenne Melton,CCM0822,40,43,12,35,23,0.13487860849227878,0
CCM0855,5114.0,0.0,0.0,0.0,Chanda Celeste Mosley,CCM0855,31,24,19,36,29,0.10967780836987151,0
CCN0067,0.0,0.0,690.0,0.0,Camden Calvin Norris,CCN0067,36,49,24,43,29,0.15287543584448865,0
CCO0065,0.0,744.0,297.0,443.0,Carson Caesar Olson,CCO0065,23,11,47,19,15,0.006365985951323649,0
CCR0509,0.0,0.0,690.0,0.0,Chase Castor Rush,CCR0509,18,16,26,44,34,0.12211178901291225,0
CCR0823,0.0,0.0,690.0,0.0,Cameran Cally Rodriquez,CCR0823,42,45,42,14,34,0.13659929669466347,0
CCR0863,5096.0,0.0,0.0,0.0,Charde Cynthia Rasmussen,CCR0863,20,30,37,14,29,0.08880351856030894,0
CCW0031,4717.0,0.0,0.0,0.0,Clinton Coby Wolfe,CCW0031,33,47,30,39,33,0.10631360147498825,0
CCW0524,1009.0,0.0,0.0,0.0,Camilla Claire Whitehead,CCW0524,40,25,20,21,25,0.17286296000346257,0
CDG0487,0.0,0.0,690.0,0.0,Cole Dorian Gibbs,CDG0487,42,30,19,38,31,0.1727226611939296,0
CDH0990,0.0,0.0,957.0,0.0,Chloe Darrel Hobbs,CDH0990,40,50,20,15,30,0.1392514733465008,0
CDM0220,0.0,5790.0,846.0,716.0,Craig Duncan Moreno,CDM0220,26,22,20,42,29,0.013308882145032674,0
CDP0582,0.0,0.0,690.0,0.0,Carter Demetrius Payne,CDP0582,36,15,18,27,32,0.1661321895315767,0
CDT0311,0.0,0.0,690.0,0.0,Cheyenne Dominique Terrell,CDT0311,42,43,24,36,25,0.1707200455564878,0
CEB0158,0.0,1431.0,1215.0,640.0,Chandler Erasmus Bradford,CEB0158,14,43,14,49,34,-0.02057943724018907,1
CEB0210,4610.0,0.0,0.0,0.0,Colin Evan Brown,CEB0210,42,24,44,23,34,0.10485513035830685,0
CEF0928,0.0,0.0,1211.0,0.0,Colette Eden Foley,CEF0928,18,44,32,50,25,0.06942882538747841,0
CEJ0109,2751.0,0.0,0.0,0.0,Casey Edward Joyce,CEJ0109,21,46,17,17,32,0.10859528261663276,0
CEJ0646,0.0,0.0,951.0,0.0,Callie Emerald Jordan,CEJ0646,22,22,38,15,29,0.1514335955071538,0
CEL0561,3001.0,0.0,0.0,0.0,Calvin Edan Love,CEL0561,40,39,36,19,40,0.12004196093791747,0
CEW0539,0.0,0.0,690.0,0.0,Caleb Ezra Weber,CEW0539,23,36,19,43,25,0.1545605569630924,0
CFB0034,0.0,0.0,690.0,0.0,Cassandra Francesca Buchanan,CFB0034,46,40,16,16,27,0.15035066524369983,0
CFB0167,0.0,0.0,690.0,0.0,Chiquita Fallon Burris,CFB0167,50,38,33,41,32,0.14098578849969556,0
CFB0216,0.0,327.0,1189.0,722.0,Constance Fiona Bryan,CFB0216,44,48,20,39,32,0.05830532731798255,0
CFG0959,338.0,0.0,0.0,0.0,Cassidy Florence Gibbs,CFG0959,42,21,24,17,20,0.1205606923750489,0
CFM0767,1005.0,0.0,0.0,0.0,Cecilia Freya Morgan,CFM0767,46,23,22,35,29,0.15364981503251907,0
CFW0264,524.0,0.0,0.0,0.0,Carl Ferdinand Wong,CFW0264,19,32,17,20,27,0.1506015409092264,0
CGA0629,5046.0,0.0,0.0,0.0,Cullen Gary Adams,CGA0629,36,35,24,49,28,0.09779643170316404,0
CGB0637,1020.0,0.0,0.0,0.0,Claudia Galena Baldwin,CGB0637,20,20,15,20,29,0.13623267837425684,0
CGF0337,1012.0,0.0,0.0,0.0,Chaim Grant Fernandez,CGF0337,32,30,43,15,31,0.14030451248257264,0
CGF0635,0.0,0.0,956.0,0.0,Callum Gray Farley,CGF0635,46,16,21,39,36,0.11680071672254272,0
CGH0679,0.0,0.0,125.0,0.0,Callie Glenna Hodge,CGH0679,33,45,41,39,37,0.1271237908244337,0
CGK0725,0.0,0.0,690.0,0.0,Connor Giacomo Knight,CGK0725,36,13,36,42,44,0.09965665047534156,0
CGS0138,0.0,0.0,690.0,0.0,Cherokee Germane Stokes,CGS0138,39,42,37,18,34,0.16776700045436976,0
CHG0146,4648.0,0.0,0.0,0.0,Cedric Herrod Gilliam,CHG0146,40,20,39,19,35,0.10396540216195888,0
CHH0472,0.0,534.0,1150.0,752.0,Cadman Hop Hayes,CHH0472,18,39,41,35,32,0.07487754721189999,0
CHM0821,338.0,0.0,0.0,0.0,Carter Harrison Maldonado,CHM0821,48,11,39,19,23,0.09794187267516336,0
CHP0446,0.0,0.0,690.0,0.0,Colby Howard Petersen,CHP0446,14,24,23,17,22,0.09845620795234333,0
CIG0052,3689.0,0.0,0.0,0.0,Chastity Ima Gibson,CIG0052,17,45,17,16,24,0.0934924579381678,0
CIL0124,0.0,227.0,151.0,190.0,Cynthia Inez Lowe,CIL0124,38,37,21,20,29,0.1308103649866304,0
CIM0271,2991.0,0.0,0.0,0.0,Colt Ishmael Mccall,CIM0271,24,27,10,20,38,0.08518953096605336,0
CIM0473,0.0,0.0,690.0,0.0,Cade Ignatius Mooney,CIM0473,14,22,40,26,28,0.13399083853156785,0
CIM0926,2004.0,0.0,0.0,0.0,Caldwell Ian Maxwell,CIM0926,31,25,41,17,31,0.1414457879322467,0
CJC0494,5031.0,0.0,0.0,0.0,Caleb Jonas Chang,CJC0494,40,39,39,42,42,0.0671013498444738,0
CJF0802,3030.0,0.0,0.0,0.0,Camille Julie Freeman,CJF0802,36,39,38,43,21,0.11250102353625652,0
CJG0470,337.0,0.0,0.0,0.0,Callum Jasper Gilmore,CJG0470,44,45,22,32,24,0.15436539695925477,0
CJH0702,337.0,0.0,0.0,0.0,Calvin Jarrod Hood,CJH0702,46,24,30,25,37,0.14326761846894126,0
CJK0200,3674.0,0.0,0.0,0.0,Cora Jane Kinney,CJK0200,40,29,24,38,31,0.14742167207427287,0
CJM0138,326.0,0.0,0.0,0.0,Colorado Joel Merrill,CJM0138,10,40,21,17,23,0.09027998680494281,0
CJM0521,1334.0,0.0,0.0,0.0,Cleo Jeanette Morales,CJM0521,13,18,37,18,24,0.1037821087455672,0
CJM0970,0.0,0.0,690.0,0.0,Chase Jakeem Manning,CJM0970,13,18,41,30,29,0.11906054525754933,0
CJP0221,0.0,7930.0,883.0,5929.0,Cyrus Jin Park,CJP0221,21,40,22,19,27,-0.0662667953506001,1
CJP0952,335.0,0.0,0.0,0.0,Cody Jonathan Potter,CJP0952,45,18,25,18,27,0.1551279558039687,0
CJR0414,0.0,3034.0,690.0,2013.0,Christian James Rutledge,CJR0414,44,17,26,48,24,0.00693648210901221,0
CJT0374,0.0,0.0,690.0,0.0,Cameron Jonathan Thomas,CJT0374,20,18,40,34,31,0.15282851034555628,0
CJV0286,1006.0,0.0,0.0,0.0,Colorado John Valentine,CJV0286,18,14,17,13,26,0.10686900472147559,0
CKB0427,3029.0,0.0,0.0,0.0,Cathleen Kelsey Burke,CKB0427,38,38,36,43,37,0.12530917553405424,0
CKB0482,5036.0,0.0,0.0,0.0,Colton Kaseem Bolton,CKB0482,36,48,37,46,25,0.07111972080002937,0
CKD0680,3045.0,0.0,0.0,0.0,Cheyenne Kay Dickerson,CKD0680,18,50,24,18,28,0.09137415609875849,0
CKH0144,3015.0,0.0,0.0,0.0,Chloe Keiko Holland,CKH0144,34,22,22,35,30,0.15163949523708792,0
CKP0721,337.0,0.0,0.0,0.0,Colt Kendall Perez,CKP0721,40,39,39,13,32,0.1488717015595677,0
CKW0746,0.0,0.0,1007.0,0.0,Cassidy Kay Ward,CKW0746,33,37,25,24,32,0.1646480550657538,0
CLB0748,0.0,0.0,690.0,0.0,Chase Lane Booth,CLB0748,33,45,13,44,26,0.1409245490471563,0
CLB0774,1000.0,0.0,0.0,0.0,Charde Lareina Barrett,CLB0774,49,23,22,17,31,0.1334749302622718,0
CLD0894,1011.0,0.0,0.0,0.0,Cheyenne Lesley Dominguez,CLD0894,19,21,50,16,36,0.08046523945669215,0
CLF0852,4988.0,0.0,0.0,0.0,Candice Lunea Fischer,CLF0852,36,45,28,18,26,0.1194273291015947,0
CLH0703,332.0,0.0,0.0,0.0,Colin Lawrence Holder,CLH0703,48,41,47,28,29,0.11847483211636062,0
CLM0315,0.0,0.0,690.0,0.0,Caleb Leroy Mccoy,CLM0315,10,41,20,28,32,0.12701587345541104,0
CLR0460,0.0,0.0,690.0,0.0,Chancellor Lee Ratliff,CLR0460,10,34,21,36,33,0.1268191228436213,0
CLS0296,336.0,0.0,0.0,0.0,Chiquita Linda Stokes,CLS0296,27,16,25,18,33,0.14403536808327327,0
CMB0645,0.0,0.0,690.0,0.0,Cassady Mercedes Bentley,CMB0645,32,30,15,20,28,0.16780555637148586,0
CMB0912,5723.0,0.0,0.0,0.0,Caleb Mason Ball,CMB0912,46,43,16,22,31,0.07456626804353361,0
CMD0693,0.0,0.0,1470.0,0.0,Christopher Murphy Dodson,CMD0693,21,38,15,34,25,0.10440589119956972,0
CMM0300,0.0,0.0,690.0,0.0,Cyrus Macaulay Middleton,CMM0300,50,19,31,36,32,0.13377690067587605,0
CMM0487,5005.0,0.0,0.0,0.0,Cora Maisie Mclean,CMM0487,39,22,42,40,30,0.11197687666729284,0
CMR0739,0.0,11211.0,1238.0,7615.0,Camilla Mona Rasmussen,CMR0739,42,13,44,44,25,-0.13249486654502207,1
CMS0454,336.0,0.0,0.0,0.0,Cameran Madonna Shepard,CMS0454,43,23,28,15,25,0.1542491477374684,0
CMW0297,0.0,0.0,690.0,0.0,Cora Maggy Wise,CMW0297,50,43,25,36,33,0.14093742452976576,0
CMW0783,996.0,0.0,0.0,0.0,Castor Mark Wolf,CMW0783,21,35,14,16,26,0.12620756844861097,0
CNB0900,1007.0,0.0,0.0,0.0,Colton Nathan Barber,CNB0900,34,43,38,16,27,0.1452821944203917,0
CNC0691,0.0,2359.0,742.0,255.0,Curran Nolan Carney,CNC0691,38,11,44,26,28,0.06781733761187092,0
CND0936,0.0,0.0,1074.0,0.0,Carly Nichole Dillon,CND0936,39,38,18,45,28,0.14278560387879485,0
CNE0352,5950.0,0.0,0.0,0.0,Cameron Noel Elliott,CNE0352,39,22,44,15,30,0.07226340602104064,0
CNM0800,2994.0,0.0,0.0,0.0,Charissa Nyssa Mcgee,CNM0800,32,11,40,38,24,0.09888067997527927,0
COF0120,2554.0,0.0,0.0,0.0,Clio Ocean Faulkner,COF0120,14,12,38,13,35,0.0407863700763017,0
COF0905,0.0,0.0,690.0,0.0,Colin Orson Finley,COF0905,36,43,25,38,28,0.17369643658493983,0
COM0321,5016.0,0.0,0.0,0.0,Claire Olivia Martin,COM0321,38,18,34,18,27,0.12344359826270951,0
CPG0322,5012.0,0.0,0.0,0.0,Connor Phelan Guerra,CPG0322,17,13,19,24,36,0.06893265929732861,0
CPS0014,0.0,0.0,953.0,0.0,Christen Portia Solis,CPS0014,33,38,24,23,30,0.17011837388842022,0
CPS0431,0.0,0.0,690.0,0.0,Chancellor Paki Sandoval,CPS0431,33,40,23,49,35,0.13223899581211718,0
CQC0853,0.0,0.0,948.0,0.0,Clinton Quinn Cameron,CQC0853,35,14,18,28,32,0.1467778244558206,0
CQH0701,334.0,0.0,0.0,0.0,Caldwell Quamar Head,CQH0701,35,50,39,50,32,0.107501197406769,0
CQH0730,5068.0,0.0,0.0,0.0,Cassady Quincy Hampton,CQH0730,21,18,37,49,27,0.06920823366178619,0
CQP0232,0.0,0.0,690.0,0.0,Carson Quinn Peters,CQP0232,38,13,10,41,29,0.10992400870523233,0
CQR0391,0.0,1975.0,952.0,1316.0,Celeste Quintessa Rivera,CQR0391,31,40,18,30,29,0.08017985077910811,0
CQW0652,974.0,0.0,0.0,0.0,Chastity Quyn Wilkerson,CQW0652,10,22,48,20,33,0.06541677025257375,0
CRA0098,0.0,0.0,716.0,0.0,Cassady Riley Alvarez,CRA0098,45,40,41,18,28,0.15701744895047004,0
CRD0624,638.0,0.0,0.0,0.0,Christine Reagan Deleon,CRD0624,26,22,17,39,32,0.13791481762549385,0
CRG0324,0.0,4818.0,958.0,742.0,Cora Rose Graves,CRG0324,45,36,43,35,32,0.002762194475717794,0
CRG0736,0.0,0.0,690.0,0.0,Castor Rafael Gregory,CRG0736,18,21,32,35,29,0.15648845549744517,0
CRK0916,3363.0,0.0,0.0,0.0,Chandler Raymond Kirk,CRK0916,32,46,26,19,32,0.13401880289439666,0
CRL0909,0.0,0.0,971.0,0.0,Cynthia Rhoda Little,CRL0909,31,43,15,19,27,0.14967610339284487,0
CRM0133,0.0,0.0,690.0,0.0,Carol Reagan Mcmillan,CRM0133,43,28,43,48,19,0.09275240975830884,0
CRM0666,0.0,2135.0,992.0,255.0,Chancellor Roth Manning,CRM0666,49,20,38,35,38,0.04744656677916603,0
CRM0852,0.0,2099.0,1188.0,1352.0,Camilla Ramona Mcleod,CRM0852,43,44,35,21,35,0.023905282492730717,0
CRO0027,3037.0,0.0,0.0,0.0,Cathleen Risa Oneal,CRO0027,19,30,28,46,26,0.09672549995010743,0
CRP0456,335.0,0.0,0.0,0.0,Cade Rajah Patterson,CRP0456,37,41,28,43,30,0.17082688811019087,0
CRW0064,0.0,0.0,690.0,0.0,Chandler Robert Warner,CRW0064,37,10,33,44,28,0.12940868081663398,0
CRW0908,0.0,0.0,965.0,0.0,Chancellor Rigel William,CRW0908,43,47,17,21,31,0.13656955050985653,0
CSB0080,3715.0,0.0,0.0,0.0,Catherine Savannah Bullock,CSB0080,35,19,39,34,36,0.12426385946187757,0
CSC0217,1158.0,0.0,0.0,0.0,Cathleen Samantha Craig,CSC0217,40,15,30,38,28,0.15761181784303285,0
CSC0581,0.0,0.0,955.0,0.0,Cameran Sheila Conrad,CSC0581,16,14,30,16,40,0.08953774384016161,0
CSF0671,0.0,949.0,1653.0,1010.0,Chastity Shaine Floyd,CSF0671,47,28,43,15,27,0.030537168380402657,0
CSF0929,0.0,10.0,304.0,20.0,Chaney Sean Fuentes,CSF0929,38,35,39,47,28,0.12761015990932761,0
CSG0227,0.0,0.0,1352.0,0.0,Callie Sierra Gates,CSG0227,16,40,20,10,28,0.09370041980188076,0
CSG0640,0.0,1305.0,1199.0,756.0,Chancellor Solomon Gray,CSG0640,21,22,19,40,26,0.03850856600944286,0
CSH0056,0.0,0.0,690.0,0.0,Carl Scott Hooper,CSH0056,34,21,12,15,31,0.13464214621118564,0
CSH0626,5340.0,0.0,0.0,0.0,Colin Stuart Holloway,CSH0626,33,17,41,18,23,0.08133344865480896,0
CSJ0340,1017.0,0.0,0.0,0.0,Charity Stacey Jennings,CSJ0340,45,24,19,38,25,0.14371371660529741,0
CSL0949,338.0,0.0,0.0,0.0,Cameron Shay Lester,CSL0949,36,20,18,25,28,0.17236130194831145,0
CSM0809,0.0,0.0,690.0,0.0,Chadwick Sebastian Mcclain,CSM0809,30,30,38,25,25,0.165894345538524,0
CSP0197,3676.0,0.0,0.0,0.0,Callum Scott Parrish,CSP0197,37,44,17,13,26,0.13099146970176329,0
CSP0983,0.0,0.0,690.0,0.0,Carissa September Pena,CSP0983,43,27,17,31,27,0.17227164869902378,0
CSW0588,0.0,0.0,690.0,0.0,Cassidy Serina Watson,CSW0588,35,42,35,44,29,0.1659760340438784,0
CTA0020,3640.0,0.0,0.0,0.0,Curran Tarik Ayala,CTA0020,36,50,11,22,34,0.09423240049588205,0
CTC0050,0.0,0.0,646.0,0.0,Christian Thomas Copeland,CTC0050,36,18,37,50,25,0.1259074372030718,0
CTE0576,0.0,0.0,690.0,0.0,Cole Thaddeus Ellison,CTE0576,30,18,40,48,24,0.11593244346816334,0
CTF0023,0.0,0.0,690.0,0.0,Chastity Tamara Fowler,CTF0023,41,44,24,10,32,0.1386723837652335,0
CTM0390,0.0,0.0,690.0,0.0,Ciaran Theodore Maxwell,CTM0390,47,21,23,35,30,0.15546628075919977,0
CTM0803,0.0,0.0,690.0,0.0,Cole Thor Manning,CTM0803,43,25,15,30,32,0.1552168195312379,0
CTR0215,0.0,1050.0,1477.0,7669.0,Christen Tashya Rodgers,CTR0215,43,41,21,42,36,-0.0667390395500691,1
CTR0341,1467.0,0.0,0.0,0.0,Cairo Theodore Robles,CTR0341,45,39,23,13,28,0.1422551400256178,0
CTR0697,334.0,0.0,0.0,0.0,Cherokee Tashya Ramirez,CTR0697,36,15,33,25,34,0.1610234651446653,0
CTW0500,4974.0,0.0,0.0,0.0,Chanda Tamekah William,CTW0500,38,36,20,35,35,0.12150023044780567,0
CTW0743,0.0,0.0,690.0,0.0,Caesar Tiger Wells,CTW0743,39,21,25,12,28,0.15263391965492623,0
CUC0118,0.0,0.0,690.0,0.0,Catherine Uta Calhoun,CUC0118,43,38,40,40,28,0.16256397320932303,0
CUD0505,0.0,0.0,690.0,0.0,Chava Ursa Dotson,CUD0505,19,14,35,33,26,0.14437856260079573,0
CUD0795,3023.0,0.0,0.0,0.0,Charity Uta Daniels,CUD0795,12,40,30,44,24,0.07624589101583656,0
CVR0454,0.0,0.0,690.0,0.0,Chadwick Valentine Roy,CVR0454,41,22,38,39,26,0.16240185133225254,0
CWA0310,0.0,0.0,606.0,0.0,Ciara Wynne Acevedo,CWA0310,21,20,47,20,31,0.13376939021387046,0
CWB0065,2985.0,0.0,0.0,0.0,Chadwick Wayne Bond,CWB0065,50,33,14,20,23,0.07810079986206037,0
CWR0502,4677.0,0.0,0.0,0.0,Colt Walter Reynolds,CWR0502,41,49,25,45,27,0.09595787930609984,0
CXC0336,1000.0,0.0,0.0,0.0,Casey Xerxes Conrad,CXC0336,23,19,34,35,34,0.14303499524007468,0
CYA0506,301.0,0.0,0.0,0.0,Cecilia Yuri Ashley,CYA0506,16,17,44,14,31,0.1042238252810398,0
CYM0808,0.0,0.0,690.0,0.0,Curran Yoshio Mcknight,CYM0808,47,22,25,12,27,0.12984111408355664,0
CZB0191,0.0,853.0,1146.0,7793.0,Caesar Zeus Black,CZB0191,43,23,20,13,26,-0.060476773182524535,1
DAA0286,0.0,0.0,690.0,0.0,Dahlia Alma Alvarado,DAA0286,43,41,30,22,25,0.1720749042301628,0
DAD0916,0.0,121.0,667.0,173.0,Diana Alea Dominguez,DAD0916,38,46,25,34,30,0.13054693758321734,0
DAG0558,2983.0,0.0,0.0,0.0,Deirdre Amaya Garcia,DAG0558,20,16,37,25,26,0.1370430292400973,0
DAL0189,0.0,0.0,978.0,0.0,Demetrius Armando Lara,DAL0189,29,18,26,16,36,0.13296502209014427,0
DAL0673,3008.0,0.0,0.0,0.0,Demetrius Alvin Levy,DAL0673,39,35,46,41,36,0.09058843227577651,0
DAR0885,109.0,0.0,0.0,0.0,Devin Abdul Rogers,DAR0885,43,43,44,41,25,0.13063923166671143,0
DAR0984,0.0,0.0,1123.0,0.0,Dara Alice Raymond,DAR0984,40,44,16,38,28,0.1353939894255985,0
DBB0384,3001.0,0.0,0.0,0.0,Demetrius Barry Bullock,DBB0384,40,41,28,37,27,0.15933116198197145,0
DBG0261,3011.0,0.0,0.0,0.0,Devin Brett Guzman,DBG0261,45,47,17,36,28,0.13062969069610336,0
DBM0279,0.0,0.0,382.0,0.0,Dane Bert Mcfadden,DBM0279,10,43,17,34,34,0.10106853703674562,0
DBS0235,3034.0,0.0,0.0,0.0,Dale Benjamin Sharpe,DBS0235,30,38,18,37,33,0.15021581848625631,0
DBV0277,0.0,0.0,690.0,0.0,Dillon Benjamin Valenzuela,DBV0277,23,25,22,21,23,0.14923223768117616,0
DBW0483,5068.0,0.0,0.0,0.0,Deborah Barbara White,DBW0483,17,16,25,21,37,0.06020478338767943,0
DCB0109,0.0,7617.0,950.0,5949.0,Desiree Claudia Booth,DCB0109,35,40,40,49,29,-0.0887377543526735,1
DCB0606,0.0,0.0,690.0,0.0,Darius Colt Bowen,DCB0606,21,15,28,35,20,0.1043575006778007,0
DCC0160,6027.0,0.0,0.0,0.0,Donovan Carlos Chapman,DCC0160,36,39,33,42,27,0.09041125962627922,0
DCH0627,0.0,0.0,156.0,0.0,Donna Carissa Herrera,DCH0627,13,30,43,40,31,0.10475556512511419,0
DCH0843,281.0,0.0,0.0,0.0,Dominic Calvin Hewitt,DCH0843,20,31,11,18,36,0.09326257483939882,0
DCM0467,0.0,0.0,690.0,0.0,Denton Casey Meadows,DCM0467,45,16,19,22,24,0.1428988574881112,0
DCM0757,0.0,0.0,689.0,0.0,Dennis Carson Mendoza,DCM0757,16,39,18,43,33,0.14066288895640555,0
DCW0087,0.0,1287.0,1108.0,1352.0,Dakota Clare Williamson,DCW0087,35,42,41,20,27,0.07250950540689949,0
DDA0476,5045.0,0.0,0.0,0.0,Dane Davis Atkins,DDA0476,36,25,39,13,39,0.06649771917101988,0
DDM0579,337.0,0.0,0.0,0.0,Dale Dorian Mercado,DDM0579,33,45,30,37,26,0.16743754736459515,0
DDM0776,0.0,197.0,1260.0,247.0,Dante David Mcgee,DDM0776,36,20,43,19,27,0.11327560392609692,0
DEB0782,1004.0,0.0,0.0,0.0,Dakota Edward Brady,DEB0782,42,47,32,21,36,0.13292154429559921,0
DEI0246,0.0,0.0,690.0,0.0,Darius Eagan Ingram,DEI0246,17,33,15,46,30,0.1170645110676039,0
DES0075,0.0,0.0,690.0,0.0,Damon Emerson Shelton,DES0075,40,23,10,19,33,0.1252843738409482,0
DEW0544,0.0,0.0,690.0,0.0,Dante Elmo Weber,DEW0544,34,24,38,40,28,0.1643150291165898,0
DEW0770,0.0,0.0,690.0,0.0,Drew Ezra Walsh,DEW0770,24,23,27,33,31,0.16169652356204706,0
DFF0273,0.0,0.0,690.0,0.0,Drake Fletcher French,DFF0273,22,19,22,23,31,0.1648433838554747,0
DFH0188,1012.0,0.0,0.0,0.0,Dean Flynn Hines,DFH0188,35,40,18,38,24,0.1593020618924304,0
DFR0218,3725.0,0.0,0.0,0.0,Daria Felicia Rowland,DFR0218,45,14,22,37,27,0.11643086263411812,0
DGC0484,0.0,8165.0,716.0,5886.0,Davis Gareth Cote,DGC0484,24,15,38,19,32,-0.05944603618099442,1
DGF0443,3007.0,0.0,0.0,0.0,Dustin Gage Franco,DGF0443,39,44,18,28,33,0.1464697953716727,0
DGM0754,431.0,0.0,0.0,0.0,Declan Gareth Mclaughlin,DGM0754,42,18,42,24,24,0.14123047188302806,0
DGN0480,4798.0,0.0,0.0,0.0,Donovan Garth Nieves,DGN0480,21,25,44,20,31,0.09947986672530063,0
DGW0752,4986.0,0.0,0.0,0.0,Dennis Gray Wilson,DGW0752,40,46,20,40,14,0.06242061985358671,0
DHB0696,0.0,0.0,635.0,0.0,Damon Hyatt Boyle,DHB0696,39,14,38,19,28,0.16719084937489648,0
DHH0260,0.0,0.0,110.0,0.0,Doris Harriet Humphrey,DHH0260,40,43,32,12,24,0.12731726263044335,0
DHM0353,0.0,0.0,690.0,0.0,Destiny Hadassah Mcclain,DHM0353,37,34,35,43,37,0.15107855794853964,0
DHM0937,3025.0,0.0,0.0,0.0,Dominic Howard Mcconnell,DHM0937,43,22,21,15,24,0.12435591462579981,0
DHS0151,0.0,0.0,690.0,0.0,Deirdre Hayley Stein,DHS0151,32,34,35,13,27,0.15856730092534949,0
DHW0130,0.0,0.0,690.0,0.0,Dean Harper Witt,DHW0130,11,39,24,40,26,0.12325028732494575,0
DIA0854,0.0,0.0,690.0,0.0,Demetria Ignacia Aguilar,DIA0854,34,37,36,17,36,0.16472983619628268,0
DIB0081,1418.0,0.0,0.0,0.0,Drew Ivan Beck,DIB0081,34,45,14,28,33,0.1371642705384774,0
DIB0207,0.0,0.0,690.0,0.0,Danielle Ila Benson,DIB0207,43,44,43,18,25,0.14074271671350025,0
DIB0285,1613.0,0.0,0.0,0.0,Deanna Imelda Blanchard,DIB0285,13,45,17,50,29,0.07601279428390362,0
DIC0988,3007.0,0.0,0.0,0.0,Dolan Igor Cortez,DIC0988,44,30,23,21,32,0.14725623940222127,0
DID0650,1022.0,0.0,0.0,0.0,Denise Ifeoma Doyle,DID0650,45,21,17,42,21,0.10580330344222127,0
DIL0607,0.0,2004.0,1118.0,1358.0,Dana Inga Leach,DIL0607,25,15,42,25,28,0.056412892465064535,0
DIM0254,0.0,0.0,908.0,0.0,Drake Ivan Mejia,DIM0254,18,23,22,48,27,0.11858418904944723,0
DIW0118,4658.0,0.0,0.0,0.0,Delilah Iliana Wilkinson,DIW0118,37,17,19,37,26,0.1230968761406544,0
DJB0159,6351.0,0.0,0.0,0.0,Dacey Jorden Bowen,DJB0159,20,37,27,38,37,0.0368443547518289,0
DJS0682,3003.0,0.0,0.0,0.0,Dexter Jamal Simon,DJS0682,22,23,36,13,30,0.1174753188700553,0
DJV0692,0.0,0.0,690.0,0.0,Dakota Jorden Velasquez,DJV0692,42,33,19,39,37,0.15243508518056648,0
DJW0698,0.0,0.0,732.0,0.0,Davis James Whitney,DJW0698,43,15,38,41,29,0.1378903197638004,0
DKB0356,0.0,0.0,959.0,0.0,Daquan Kevin Berg,DKB0356,36,18,30,40,30,0.15199132541180282,0
DKB0631,1007.0,0.0,0.0,0.0,Dai Keely Bullock,DKB0631,34,18,14,46,31,0.11259489208731543,0
DKB0775,0.0,0.0,690.0,0.0,Dylan Kaden Bonner,DKB0775,25,24,25,18,37,0.14782831806934704,0
DKF0483,0.0,0.0,962.0,0.0,Destiny Kelsie Fletcher,DKF0483,40,47,33,41,31,0.14327130991140652,0
DKP0403,0.0,675.0,1100.0,697.0,Dora Kiara Pearson,DKP0403,40,37,26,43,26,0.08617005619219664,0
DKS0893,0.0,0.0,690.0,0.0,Dieter Kendall Shaffer,DKS0893,40,10,16,30,36,0.11644137102715707,0
DLF0377,3025.0,0.0,0.0,0.0,Dean Lester Figueroa,DLF0377,39,35,19,27,34,0.15265956722840385,0
DLH0029,3040.0,0.0,0.0,0.0,Diana Leigh Hays,DLH0029,36,26,38,18,31,0.150827209144427,0
DLH0806,0.0,0.0,690.0,0.0,Denise Lacy Harmon,DLH0806,49,42,37,19,22,0.1170369996163581,0
DLM0051,7573.0,0.0,0.0,0.0,Declan Lester Moss,DLM0051,37,37,17,20,35,0.07095935133783576,0
DLS0375,0.0,0.0,960.0,0.0,Drew Lucian Sandoval,DLS0375,20,43,20,45,20,0.08997483297667197,0
DLS0383,2987.0,0.0,0.0,0.0,Diana Lillian Solis,DLS0383,10,21,12,25,24,0.05264500590255228,0
DMB0653,0.0,0.0,690.0,0.0,Delilah Melissa Boyer,DMB0653,16,25,42,19,34,0.13716052926443179,0
DMG0358,3691.0,0.0,0.0,0.0,Dorothy Marny Goff,DMG0358,19,39,14,25,29,0.11916151714198198,0
DMK0257,3008.0,0.0,0.0,0.0,Desirae Mari Koch,DMK0257,33,20,26,26,30,0.1496104863932825,0
DMM0623,5217.0,0.0,0.0,0.0,Doris Mona Michael,DMM0623,36,27,21,39,30,0.12319225911763154,0
DOL0332,1008.0,0.0,0.0,0.0,Damian Omar Le,DOL0332,32,40,41,18,24,0.14296608343200706,0
DOP0562,2986.0,0.0,0.0,0.0,Daryl Ocean Patel,DOP0562,42,16,37,39,31,0.1323078183191389,0
DOT0095,0.0,0.0,690.0,0.0,Declan Oren Torres,DOT0095,28,15,11,38,34,0.11409134178150304,0
DPB0652,0.0,0.0,690.0,0.0,Daniel Phillip Bauer,DPB0652,20,44,38,14,23,0.11616638237256621,0
DPM0423,3017.0,0.0,0.0,0.0,Dalton Perry Mejia,DPM0423,37,38,38,15,27,0.14597765056647216,0
DPS0262,946.0,0.0,0.0,0.0,Delilah Pearl Schneider,DPS0262,20,25,20,14,32,0.13378823313463512,0
DQM0392,0.0,267.0,984.0,756.0,Danielle Quon Mosley,DQM0392,41,43,17,37,43,0.05473457580818075,0
DRR0162,2737.0,0.0,0.0,0.0,Dante Raja Roberts,DRR0162,45,36,20,36,29,0.14834811408852744,0
DRR0242,3836.0,0.0,0.0,0.0,Daphne Ruby Reilly,DRR0242,39,19,40,41,33,0.12939974859520076,0
DRW0195,0.0,0.0,690.0,0.0,Damon Rashad Weaver,DRW0195,35,19,11,43,31,0.11901229840471828,0
DSB0731,4936.0,0.0,0.0,0.0,Daryl Skyler Brock,DSB0731,26,15,40,43,30,0.08447961036247936,0
DSL0441,0.0,209.0,681.0,873.0,Denise Serina Le,DSL0441,33,38,35,10,30,0.09616113734966025,0
DSM0591,338.0,0.0,0.0,0.0,Daria Samantha Mcbride,DSM0591,20,35,18,43,35,0.1268646707426126,0
DSR0228,0.0,0.0,690.0,0.0,Dorian Samson Randall,DSR0228,18,38,44,23,26,0.13693699606094545,0
DTE0302,0.0,0.0,690.0,0.0,Denton Thor Espinoza,DTE0302,41,19,18,40,21,0.13780197249857834,0
DTP0379,3311.0,0.0,0.0,0.0,Daquan Tucker Pugh,DTP0379,45,42,15,37,27,0.12871608187225936,0
DTP0863,0.0,0.0,690.0,0.0,Dillon Troy Prince,DTP0863,34,26,19,21,37,0.16252594329415748,0
DTT0076,6019.0,0.0,0.0,0.0,Dylan Tiger Terry,DTT0076,42,16,34,24,28,0.0761780242525032,0
DUW0537,0.0,1743.0,1093.0,1359.0,Duncan Ulysses Watts,DUW0537,34,10,45,15,32,0.013754543503364358,0
DVM0265,3022.0,0.0,0.0,0.0,Deborah Victoria Mcclure,DVM0265,47,40,10,24,31,0.104649768723732,0
DVS0259,0.0,0.0,690.0,0.0,Dane Vladimir Schmidt,DVS0259,17,44,20,46,26,0.13556015774501484,0
DVV0933,0.0,0.0,690.0,0.0,David Victor Valencia,DVV0933,13,30,25,39,32,0.1289722698264843,0
DVW0103,3049.0,0.0,0.0,0.0,Dante Vaughan Weber,DVW0103,40,45,44,21,29,0.12995557958313242,0
DWG0209,0.0,3516.0,4620.0,1262.0,Daquan Wing Gutierrez,DWG0209,39,10,16,46,18,-0.08622456861967953,1
DWM0143,0.0,0.0,690.0,0.0,Daquan Wesley Mcknight,DWM0143,25,41,45,42,32,0.12154971291064187,0
DWP0971,0.0,0.0,958.0,0.0,Darius William Perez,DWP0971,47,26,45,19,25,0.11928998687023279,0
DZB0401,0.0,0.0,690.0,0.0,Deborah Zenaida Blankenship,DZB0401,38,35,11,15,25,0.13557629263349352,0
DZC0228,3032.0,0.0,0.0,0.0,Declan Zachery Caldwell,DZC0228,37,37,34,21,38,0.1348672813002863,0
DZJ0261,0.0,0.0,194.0,0.0,Dominic Zeph Johns,DZJ0261,38,17,38,43,22,0.11967132428380556,0
DZO0452,0.0,0.0,690.0,0.0,Dorothy Zenia Odonnell,DZO0452,38,33,40,40,29,0.17075982334425927,0
EAF0790,0.0,0.0,690.0,0.0,Eden Ahmed Fitzgerald,EAF0790,19,31,25,49,26,0.12213878946363799,0
EAH0466,34.0,0.0,0.0,0.0,Ethan Arden Hays,EAH0466,41,38,29,38,25,0.17703286375450605,0
EAH0562,0.0,0.0,690.0,0.0,Eagan Arthur Holman,EAH0562,50,24,15,10,31,0.08823160369005523,0
EAL0240,0.0,0.0,690.0,0.0,Erich Addison Le,EAL0240,35,46,16,49,17,0.08923503609370065,0
EBB0031,0.0,0.0,690.0,0.0,Edward Benjamin Buck,EBB0031,36,37,23,33,27,0.1792933697264189,0
EBC0071,0.0,0.0,690.0,0.0,Evan Bevis Colon,EBC0071,44,28,14,15,26,0.1384408698763952,0
EBC0186,0.0,0.0,690.0,0.0,Eden Boris Chase,EBC0186,25,36,37,31,34,0.1653536837406146,0
EBC0390,3018.0,0.0,0.0,0.0,Eaton Burton Crane,EBC0390,40,40,40,22,33,0.1517855813707688,0
EBH0519,0.0,0.0,1122.0,0.0,Elmo Brendan Haynes,EBH0519,45,33,11,31,25,0.10674834983393178,0
EBH0612,0.0,592.0,1010.0,676.0,Emerald Bree Hart,EBH0612,39,43,25,18,25,0.10056627926347717,0
EBR0763,0.0,0.0,690.0,0.0,Emi Blossom Richard,EBR0763,41,17,40,22,34,0.16148005142365524,0
EBS0706,0.0,0.0,690.0,0.0,Eden Bernard Strickland,EBS0706,16,22,10,19,18,0.06273752801523647,0
ECC0383,0.0,2076.0,1007.0,1373.0,Evangeline Chava Curtis,ECC0383,39,38,37,14,27,0.06777619942201962,0
ECF0196,0.0,8937.0,790.0,5940.0,Emerald Camilla Frazier,ECF0196,38,43,25,23,28,-0.07367978380446938,1
ECF0828,207.0,0.0,0.0,0.0,Erasmus Cameron Franco,ECF0828,40,49,39,40,35,0.13827222877528178,0
ECL0930,3041.0,0.0,0.0,0.0,Edan Ciaran Larson,ECL0930,28,24,40,18,29,0.1421967788404645,0
ECP0997,0.0,0.0,620.0,0.0,Eagan Chase Pratt,ECP0997,27,30,23,17,29,0.16056976154909092,0
ECR0818,0.0,0.0,690.0,0.0,Edan Colton Richards,ECR0818,18,35,40,14,26,0.13036829091687624,0
ECR0822,339.0,0.0,0.0,0.0,Ella Cassandra Rivera,ECR0822,16,19,17,23,29,0.14179410202075676,0
ECS0954,0.0,0.0,690.0,0.0,Ezra Chadwick Sargent,ECS0954,20,40,40,19,23,0.1375471051292093,0
ECW0754,0.0,0.0,1189.0,0.0,Emmanuel Casey Wiggins,ECW0754,16,41,49,14,38,0.04684095410806466,0
EDA0684,304.0,0.0,0.0,0.0,Edward Dean Anthony,EDA0684,38,42,40,39,33,0.16466985488278985,0
EDB0714,255.0,0.0,0.0,0.0,Eden Deborah Ball,EDB0714,21,23,35,26,29,0.15920181551758994,0
EDM0346,0.0,0.0,1000.0,0.0,Elmo Drake Mcfadden,EDM0346,15,36,39,34,30,0.13097759875490905,0
EDP0470,0.0,0.0,690.0,0.0,Elmo Dale Patterson,EDP0470,27,30,19,21,34,0.16711178786353464,0
EFS0882,1009.0,0.0,0.0,0.0,Edward Finn Stokes,EFS0882,40,40,47,25,27,0.12905989418039165,0
EGD0132,195.0,0.0,0.0,0.0,Eric Gray Duncan,EGD0132,37,38,33,15,22,0.14087701544785008,0
EGD0409,1239.0,0.0,0.0,0.0,Elijah Gary Diaz,EGD0409,39,40,22,35,33,0.15995834116508328,0
EGK0893,997.0,0.0,0.0,0.0,Eagan Gannon Koch,EGK0893,21,30,11,47,27,0.08269404442916989,0
EGL0836,0.0,627.0,1116.0,1518.0,Emerald Glenna Lester,EGL0836,10,15,40,45,24,-0.0032543184380081636,1
EHB0420,3767.0,0.0,0.0,0.0,Erich Harding Bryant,EHB0420,45,42,38,17,20,0.07856015350495404,0
EHB0824,153.0,0.0,0.0,0.0,Eugenia Hannah Blanchard,EHB0824,46,39,22,44,31,0.14958387715598565,0
EHD0584,208.0,0.0,0.0,0.0,Ezra Hilel Dyer,EHD0584,38,40,42,43,22,0.13280338850180062,0
EHP0795,0.0,0.0,952.0,0.0,Edward Hu Pickett,EHP0795,42,49,20,15,27,0.13336576795143745,0
EHR0096,3019.0,0.0,0.0,0.0,Elaine Hanna Raymond,EHR0096,22,13,20,48,31,0.09921777837662887,0
EHS0481,0.0,0.0,690.0,0.0,Elvis Hamilton Sandoval,EHS0481,36,36,17,42,23,0.1553332928994432,0
EIM0156,3014.0,0.0,0.0,0.0,Eve Isadora Mckenzie,EIM0156,19,31,43,45,33,0.08588460281569638,0
EIP0997,3017.0,0.0,0.0,0.0,Emily Illana Perry,EIP0997,42,28,20,25,34,0.14895354461526633,0
EIS0041,3287.0,0.0,0.0,0.0,Emerald Imani Schmidt,EIS0041,41,44,17,48,30,0.118323047925944,0
EJM0433,0.0,0.0,955.0,0.0,Edward Joshua Mccarthy,EJM0433,40,13,36,40,33,0.14185967352649798,0
EJW0059,0.0,2254.0,969.0,317.0,Evelyn Jane Wong,EJW0059,37,35,19,33,32,0.08707568975847729,0
EJW0884,1026.0,0.0,0.0,0.0,Elton Jonas Williamson,EJW0884,46,20,32,26,31,0.15307208843265152,0
ELB0847,336.0,0.0,0.0,0.0,Emmanuel Lawrence Briggs,ELB0847,12,17,16,19,28,0.11183945545807433,0
ELH0960,333.0,0.0,0.0,0.0,Emerald Lysandra Hodges,ELH0960,40,43,26,41,22,0.15119856518083302,0
ELT0769,1004.0,0.0,0.0,0.0,Echo Leandra Torres,ELT0769,19,20,20,27,35,0.13466032627127456,0
EMB0531,990.0,0.0,0.0,0.0,Edan Marsden Briggs,EMB0531,31,41,31,36,36,0.14921279531050052,0
EMS0317,4965.0,0.0,0.0,0.0,Eden Merrill Stokes,EMS0317,15,21,44,10,31,0.036091465319067706,0
EMW0105,3646.0,0.0,0.0,0.0,Erich Malik Wolf,EMW0105,35,40,17,41,34,0.13748076271490023,0
EMW0772,998.0,0.0,0.0,0.0,Elvis Marshall Walton,EMW0772,46,41,20,12,28,0.1343548407117377,0
ENC0234,2268.0,0.0,0.0,0.0,Evelyn Nevada Curtis,ENC0234,21,23,32,19,23,0.12506311834161116,0
END0680,0.0,0.0,690.0,0.0,Elton Noah Durham,END0680,22,22,44,21,28,0.15651738517927133,0
ENL0100,3029.0,0.0,0.0,0.0,Ella Nita Lewis,ENL0100,39,18,42,35,21,0.1084568099970043,0
ENW0086,0.0,0.0,1179.0,0.0,Emerald Nomlanga Wilkerson,ENW0086,42,30,47,50,30,0.07118536799032243,0
EPP0584,0.0,0.0,113.0,0.0,Edward Plato Parks,EPP0584,21,12,10,34,25,0.08667150676396546,0
EPW0434,3053.0,0.0,0.0,0.0,Ethan Perry Wiggins,EPW0434,32,36,38,22,33,0.14290377530317205,0
EQR0340,0.0,0.0,750.0,0.0,Edan Quinn Randolph,EQR0340,23,12,32,19,23,0.1240403265860634,0
ERB0769,0.0,0.0,690.0,0.0,Ethan Robert Bryan,ERB0769,41,36,14,37,28,0.15903669173839574,0
ERH0449,332.0,0.0,0.0,0.0,Ella Rachel Hess,ERH0449,44,15,35,17,25,0.15060982227336778,0
ERL0366,0.0,2651.0,1316.0,1756.0,Ella Rhonda Logan,ERL0366,40,30,16,32,22,0.003742414716164766,0
ERW0745,0.0,0.0,953.0,0.0,Ezra Reuben Warner,ERW0745,47,13,38,36,25,0.1128016071690181,0
ESA0642,1004.0,0.0,0.0,0.0,Eliana Stephanie Albert,ESA0642,32,14,44,30,32,0.1254793083205077,0
ESB0859,0.0,2921.0,780.0,293.0,Ebony Sandra Bush,ESB0859,30,42,31,10,36,0.07384089447857961,0
ESH0135,327.0,0.0,0.0,0.0,Elaine Sonya Hughes,ESH0135,35,22,32,44,28,0.153880957018511,0
ESH0283,3049.0,0.0,0.0,0.0,Eve Shaeleigh Holman,ESH0283,44,30,35,18,31,0.14674407800569106,0
ESJ0670,4582.0,0.0,0.0,0.0,Eaton Samuel Jennings,ESJ0670,42,31,15,40,24,0.09727711974579661,0
ESN0827,0.0,0.0,689.0,0.0,Eve Skyler Nelson,ESN0827,42,39,17,42,32,0.16899341326459827,0
ESR0693,1475.0,0.0,0.0,0.0,Evelyn Sarah Reilly,ESR0693,35,23,25,21,31,0.1570535825812941,0
ETR0177,3711.0,0.0,0.0,0.0,Emerson Tyrone Rojas,ETR0177,18,15,41,26,39,0.07509055369026474,0
ETR0428,3034.0,0.0,0.0,0.0,Elton Tyler Richard,ETR0428,36,21,40,20,20,0.10810604918414618,0
EUC0551,0.0,0.0,970.0,0.0,Eric Ulric Conley,EUC0551,37,18,34,25,35,0.151682023877252,0
EVW0901,0.0,0.0,690.0,0.0,Edward Vance Woodard,EVW0901,41,45,19,39,34,0.16564142235642854,0
EWH0191,4649.0,0.0,0.0,0.0,Eugenia Whilemina Harrington,EWH0191,33,17,22,23,27,0.12905212837451357,0
EXS0046,0.0,0.0,690.0,0.0,Evelyn Xena Santana,EXS0046,41,35,50,35,32,0.1196638632053117,0
EZH0736,4974.0,0.0,0.0,0.0,Elton Zeus Horton,EZH0736,44,41,37,19,31,0.11008222083496355,0
EZT0640,1015.0,0.0,0.0,0.0,Eagan Zephania Talley,EZT0640,12,15,27,39,27,0.0960587168645009,0
FAH0982,0.0,0.0,733.0,0.0,Flynn Amos Huffman,FAH0982,42,20,11,20,24,0.11929470393878344,0
FAM0455,0.0,0.0,689.0,0.0,Francesca Aimee Mendoza,FAM0455,40,48,17,21,34,0.1535119271696978,0
FAW0032,4723.0,0.0,0.0,0.0,Frances Alisa Wiggins,FAW0032,43,24,17,37,37,0.08942084579199816,0
FBA0348,4704.0,0.0,0.0,0.0,Francis Brian Armstrong,FBA0348,41,44,40,36,27,0.11355722740558644,0
FBP0522,0.0,0.0,916.0,0.0,Fritz Buckminster Patton,FBP0522,37,27,24,50,28,0.13651531962425778,0
FBR0659,0.0,7550.0,690.0,5470.0,Fiona Brianna Reid,FBR0659,43,47,34,30,25,-0.07233900270918425,1
FBW0747,5369.0,0.0,0.0,0.0,Fuller Baker Warner,FBW0747,43,45,35,25,28,0.09656681748632195,0
FDE0117,4724.0,0.0,0.0,0.0,Fritz Dale Ellison,FDE0117,38,37,32,41,28,0.13530654968096767,0
FEB0306,329.0,0.0,0.0,0.0,Flynn Edward Brennan,FEB0306,40,42,26,25,31,0.17017813605213172,0
FEJ0567,0.0,0.0,1453.0,0.0,Fitzgerald Ethan Jimenez,FEJ0567,45,23,21,45,18,0.05325897496927734,0
FFC0891,566.0,0.0,0.0,0.0,Flavia Fiona Cannon,FFC0891,38,10,39,50,39,0.06969809158175844,0
FGW0853,4663.0,0.0,0.0,0.0,Florence Gloria Whitney,FGW0853,25,35,20,40,39,0.08661000024694787,0
FHO0630,4993.0,0.0,0.0,0.0,Frances Hermione Owens,FHO0630,28,44,23,12,26,0.0944200543339399,0
FHS0837,337.0,0.0,0.0,0.0,Fallon Harriet Shelton,FHS0837,23,37,14,42,34,0.13103647608699504,0
FIR0920,3006.0,0.0,0.0,0.0,Fay Ingrid Rodriquez,FIR0920,40,11,44,20,27,0.10796186028423416,0
FKB0163,3032.0,0.0,0.0,0.0,Francis Kane Buckner,FKB0163,39,35,25,39,22,0.1257696062699435,0
FKK0055,4039.0,0.0,0.0,0.0,Farrah Kim Keith,FKK0055,46,16,37,16,27,0.10504822620595539,0
FKR0134,0.0,0.0,420.0,0.0,Francesca Kylie Russo,FKR0134,35,43,26,38,34,0.1508299323138787,0
FLM0213,4668.0,0.0,0.0,0.0,Fitzgerald Len Merrill,FLM0213,20,41,46,15,24,0.05422788297266201,0
FLR0476,0.0,0.0,566.0,0.0,Ferdinand Leonard Roth,FLR0476,10,19,37,23,27,0.12270673347462574,0
FMG0527,790.0,0.0,0.0,0.0,Flynn Malcolm Gibson,FMG0527,43,38,35,38,28,0.1713185781738123,0
FOB0756,1242.0,0.0,0.0,0.0,Ferris Omar Barry,FOB0756,42,41,34,20,27,0.16186362448686242,0
FPC0954,340.0,0.0,0.0,0.0,Fletcher Perry Cantu,FPC0954,22,25,50,20,27,0.11485975608331261,0
FPS0900,0.0,0.0,690.0,0.0,Fiona Phyllis Swanson,FPS0900,38,48,39,16,30,0.14120100740560798,0
FQA0854,5005.0,0.0,0.0,0.0,Fulton Quinn Avery,FQA0854,41,38,30,34,26,0.12790914567865125,0
FRB0023,3668.0,0.0,0.0,0.0,Felicia Rhona Butler,FRB0023,45,14,12,14,14,0.016445885179269815,0
FRL0511,1004.0,0.0,0.0,0.0,Ferdinand Rashad Lee,FRL0511,20,30,47,20,30,0.11955140014514282,0
FRR0832,336.0,0.0,0.0,0.0,Forrest Rashad Richards,FRR0832,43,40,25,19,30,0.1679215677520724,0
FSB0399,2924.0,0.0,0.0,0.0,Ferris Stone Bender,FSB0399,23,22,15,37,26,0.11225370414350366,0
FSC0601,4180.0,0.0,0.0,0.0,Felicia Sloane Cabrera,FSC0601,37,30,37,15,30,0.12999357675877865,0
FSW0230,0.0,0.0,690.0,0.0,Ferris Samuel Weiss,FSW0230,22,10,19,35,28,0.132121300942737,0
FTM0406,2136.0,0.0,0.0,0.0,Finn Tucker Medina,FTM0406,31,15,38,16,34,0.12586063569143568,0
FTP0140,0.0,0.0,995.0,0.0,Fay Tatum Pierce,FTP0140,30,18,36,38,36,0.143492677128215,0
FTT0044,0.0,429.0,1144.0,311.0,Flynn Timothy Tanner,FTT0044,25,23,26,41,34,0.10047003745314192,0
FTV0941,0.0,0.0,689.0,0.0,Ferris Thomas Vargas,FTV0941,40,21,40,11,33,0.1352243515615954,0
FUM0015,6114.0,0.0,0.0,0.0,Fatima Ulla Mcclure,FUM0015,33,18,18,46,32,0.06723647030794166,0
FWM0707,333.0,0.0,0.0,0.0,Fitzgerald Wayne Miranda,FWM0707,50,36,35,18,34,0.13222080414334064,0
FXF0957,335.0,0.0,0.0,0.0,Felicia Xantha Farley,FXF0957,35,25,47,36,28,0.13681332481271663,0
GAF0060,3031.0,0.0,0.0,0.0,Grace Alma Fry,GAF0060,41,16,39,25,22,0.11492179343014852,0
GAF0570,3003.0,0.0,0.0,0.0,Gwendolyn Amaya Ferrell,GAF0570,31,15,38,46,35,0.09598718979906723,0
GAP0417,0.0,468.0,1108.0,762.0,Garrett Armando Porter,GAP0417,30,38,20,35,25,0.10663741125537918,0
GBC0129,0.0,0.0,690.0,0.0,Gillian Brenna Conley,GBC0129,21,41,24,24,32,0.16177884790395708,0
GBM0603,4673.0,0.0,0.0,0.0,Galena Britanney Merritt,GBM0603,39,42,42,24,37,0.09388014713008319,0
GBR0977,0.0,0.0,438.0,0.0,Garrison Burke Richards,GBR0977,44,19,16,30,33,0.13614620965434987,0
GCB0638,0.0,0.0,955.0,0.0,Gemma Charlotte Bartlett,GCB0638,42,14,37,16,32,0.13779119540023732,0
GCC0744,5063.0,0.0,0.0,0.0,Grady Craig Coffey,GCC0744,35,42,15,25,31,0.11608881171267393,0
GCC0945,337.0,0.0,0.0,0.0,George Cade Chen,GCC0945,30,39,18,25,27,0.17030138408732598,0
GCF0008,0.0,0.0,690.0,0.0,Guy Caesar Finch,GCF0008,23,23,19,19,30,0.16846953001171538,0
GCG0951,375.0,0.0,0.0,0.0,Grant Camden Gay,GCG0951,33,33,25,19,44,0.11072807137397495,0
GCI0248,0.0,0.0,962.0,0.0,Germaine Cameran Irwin,GCI0248,40,30,42,12,38,0.1151072426653853,0
GCJ0630,0.0,0.0,690.0,0.0,Gabriel Camden Joseph,GCJ0630,18,37,19,47,36,0.11642660940600624,0
GCL0016,4126.0,0.0,0.0,0.0,Gil Calvin Lindsay,GCL0016,45,32,20,24,34,0.13123269383194558,0
GCM0339,0.0,0.0,690.0,0.0,Grady Calvin Morin,GCM0339,37,31,18,37,25,0.17648437157875263,0
GCR0554,3008.0,0.0,0.0,0.0,Grace Charde Roth,GCR0554,16,16,41,23,37,0.09059214041589375,0
GCS0518,1001.0,0.0,0.0,0.0,Gregory Curran Sutton,GCS0518,41,36,23,38,21,0.13664128139438558,0
GCS0571,332.0,0.0,0.0,0.0,Glenna Caryn Sharpe,GCS0571,22,18,16,23,32,0.14268351961831388,0
GDF0704,338.0,0.0,0.0,0.0,Galena Deborah Francis,GDF0704,25,13,21,29,36,0.12769631911148738,0
GDK0694,0.0,0.0,1537.0,0.0,Garrison Davis Knight,GDK0694,41,15,18,43,26,0.08986487644062663,0
GEC0280,0.0,520.0,1202.0,712.0,Gisela Eleanor Carroll,GEC0280,50,50,30,33,30,0.03839643500844836,0
GEU0919,0.0,0.0,967.0,0.0,Griffin Erich Underwood,GEU0919,20,44,12,37,34,0.10691557352601799,0
GGG0825,0.0,0.0,248.0,0.0,Garrison George Guerrero,GGG0825,19,21,36,17,22,0.10975561560757385,0
GGH0657,0.0,0.0,690.0,0.0,Gareth Galvin Hendricks,GGH0657,34,39,26,42,30,0.17537563884397722,0
GGP0764,0.0,0.0,965.0,0.0,Ginger Geraldine Petty,GGP0764,14,21,37,16,26,0.11875220115058638,0
GHG0667,0.0,0.0,311.0,0.0,Giacomo Hamilton Giles,GHG0667,48,23,41,39,32,0.12559362835063564,0
GHH0288,336.0,0.0,0.0,0.0,Genevieve Hyacinth Head,GHH0288,12,36,40,36,30,0.11964180027760862,0
GHL0460,217.0,0.0,0.0,0.0,Geoffrey Harlan Lara,GHL0460,21,37,24,17,35,0.13605860023241817,0
GHS0949,0.0,0.0,690.0,0.0,Georgia Hope Shaffer,GHS0949,35,16,22,30,40,0.13592177057297644,0
GHW0944,0.0,0.0,690.0,0.0,Geoffrey Hamish Wise,GHW0944,25,17,23,15,28,0.1584463620362157,0
GIM1000,0.0,0.0,690.0,0.0,Griffin Ishmael Moore,GIM1000,17,18,37,37,24,0.12791299268266454,0
GJD0298,339.0,0.0,0.0,0.0,Grady Jordan Duran,GJD0298,43,39,12,40,27,0.14445993480097236,0
GJT0386,2998.0,0.0,0.0,0.0,Geoffrey Jin Tucker,GJT0386,24,13,49,34,26,0.07662607520575937,0
GJW0111,0.0,0.0,690.0,0.0,Gisela Jeanette Watkins,GJW0111,33,42,42,20,36,0.14905098045411164,0
GKC0892,0.0,0.0,690.0,0.0,George Kaseem Cline,GKC0892,21,14,47,17,23,0.10653204187307669,0
GKH0643,0.0,0.0,690.0,0.0,Gay Kylynn Holden,GKH0643,39,41,39,44,34,0.1538306208505446,0
GKO0078,6000.0,0.0,0.0,0.0,Gage Kaden Odonnell,GKO0078,44,46,21,24,29,0.07312793094055098,0
GKY0171,0.0,8922.0,962.0,5856.0,Gisela Kelsie Yates,GKY0171,20,22,40,29,30,-0.051609597552342956,1
GLH0154,0.0,519.0,1213.0,289.0,Glenna Leah Holman,GLH0154,40,35,21,48,31,0.08511682808839083,0
GLP0163,0.0,0.0,524.0,0.0,Guy Lev Parrish,GLP0163,35,27,25,20,26,0.16686336618968606,0
GLR0975,3687.0,0.0,0.0,0.0,Garrison Levi Rollins,GLR0975,33,44,26,24,24,0.134570630569957,0
GLW0148,0.0,0.0,690.0,0.0,Geraldine Linda Warner,GLW0148,41,36,40,14,33,0.15724771718958375,0
GLW0278,0.0,1069.0,1001.0,2014.0,Ginger Lana Watts,GLW0278,16,15,33,18,39,0.019529455304930554,0
GMF0738,5036.0,0.0,0.0,0.0,Gray Mason Fulton,GMF0738,30,40,45,20,18,0.04944763086737902,0
GMP0832,0.0,0.0,690.0,0.0,Georgia Madison Preston,GMP0832,37,32,24,24,34,0.1790456093273446,0
GND0780,0.0,0.0,1204.0,0.0,Graham Neville Davis,GND0780,15,10,18,40,14,0.02519471756019309,0
GNG0386,0.0,0.0,872.0,0.0,Garrett Nehru Gordon,GNG0386,30,15,23,26,27,0.1542357194093688,0
GNS0178,2947.0,0.0,0.0,0.0,Garrett Nicholas Solomon,GNS0178,30,17,42,26,33,0.1277169759268139,0
GNY0144,0.0,0.0,1155.0,0.0,Gloria Naida Young,GNY0144,31,41,23,19,25,0.14565928753470236,0
GNZ0953,334.0,0.0,0.0,0.0,Graiden Nehru Zimmerman,GNZ0953,26,18,26,36,29,0.1467274293679739,0
GOK0238,2104.0,0.0,0.0,0.0,Garrett Omar Kelly,GOK0238,33,43,27,40,33,0.1479205053523862,0
GQF0659,1002.0,0.0,0.0,0.0,Gisela Quintessa Fischer,GQF0659,40,16,30,29,28,0.16006940612394815,0
GQG0464,0.0,0.0,690.0,0.0,Guy Quamar Griffin,GQG0464,35,28,20,12,36,0.14417387119958164,0
GQP0743,4978.0,0.0,0.0,0.0,Gil Quincy Potter,GQP0743,47,39,19,39,25,0.10191792374969894,0
GRB0058,0.0,0.0,930.0,0.0,Genevieve Rhoda Barber,GRB0058,24,19,30,22,31,0.1577076345936368,0
GRC0025,0.0,0.0,690.0,0.0,George Rahim Cross,GRC0025,33,24,39,40,24,0.1525307285838256,0
GRC0145,3624.0,0.0,0.0,0.0,Gay Ria Cantu,GRC0145,30,43,24,46,27,0.12416100073888936,0
GRM0263,0.0,0.0,1005.0,0.0,Giacomo Russell Moreno,GRM0263,22,10,16,38,25,0.09871164305395264,0
GRM0868,5078.0,0.0,0.0,0.0,Gail Rhiannon Mcconnell,GRM0868,21,25,20,13,28,0.08774512692044206,0
GSB0575,0.0,0.0,690.0,0.0,Giselle Shellie Barnett,GSB0575,17,11,35,29,30,0.12689052298896725,0
GTC0331,0.0,0.0,690.0,0.0,Graiden Tanek Christensen,GTC0331,10,38,26,40,31,0.11751460671422415,0
GTD0116,4699.0,0.0,0.0,0.0,Grant Tyrone Doyle,GTD0116,43,19,45,20,31,0.09223341173569255,0
GTD0219,1262.0,0.0,0.0,0.0,Gareth Thomas Dickson,GTD0219,40,40,19,30,33,0.16392941312782006,0
GTD0898,1003.0,0.0,0.0,0.0,Guy Tad Daniel,GTD0898,23,23,39,15,29,0.1419311542763842,0
GTF0396,0.0,767.0,1078.0,720.0,George Tad Foster,GTF0396,39,38,18,50,26,0.06006317969038266,0
GVC0621,0.0,0.0,81.0,0.0,Grace Victoria Cummings,GVC0621,47,41,21,21,26,0.14450453481924197,0
GVR0785,0.0,0.0,690.0,0.0,Germane Vielka Rivas,GVR0785,41,41,27,29,31,0.17818695010335212,0
GWC0187,0.0,0.0,690.0,0.0,Gretchen Wendy Cleveland,GWC0187,39,40,25,20,40,0.14526475599991673,0
GWG0024,0.0,0.0,961.0,0.0,Gil Walker Gaines,GWG0024,41,29,38,42,27,0.15320678468700522,0
GZB0469,334.0,0.0,0.0,0.0,George Zachery Burch,GZB0469,46,39,22,45,28,0.14533213757562552,0
GZC0735,5847.0,0.0,0.0,0.0,Guy Zeus Chandler,GZC0735,44,16,15,27,25,0.061866859004436,0
HAC0282,2989.0,0.0,0.0,0.0,Hakeem Arden Curry,HAC0282,37,32,38,12,28,0.12623466740039718,0
HAC0651,0.0,0.0,178.0,0.0,Halee Autumn Craft,HAC0651,30,40,39,23,27,0.15319081003348933,0
HAD0246,4820.0,0.0,0.0,0.0,Holmes Arden Day,HAD0246,44,39,32,45,38,0.07617485620152015,0
HAH0248,2985.0,0.0,0.0,0.0,Hector Abraham Hayes,HAH0248,33,43,22,18,29,0.1519077525908169,0
HAH0760,998.0,0.0,0.0,0.0,Hilda Alice Hahn,HAH0760,34,17,22,37,30,0.159841655196507,0
HAJ0975,0.0,0.0,955.0,0.0,Hedwig Angelica Jacobs,HAJ0975,39,34,16,22,25,0.15712696848881724,0
HAM0510,0.0,534.0,904.0,6917.0,Harrison Alec Mccormick,HAM0510,25,13,10,30,38,-0.052539210040482454,1
HAM0985,3050.0,0.0,0.0,0.0,Hillary Ainsley Mccormick,HAM0985,20,17,29,16,20,0.07012548900649429,0
HAP0201,0.0,0.0,690.0,0.0,Hadassah Alma Prince,HAP0201,39,34,20,43,32,0.17473831834354214,0
HAS0258,0.0,0.0,1063.0,0.0,Helen Angela Shepard,HAS0258,41,39,38,44,21,0.10109976062874648,0
HAV0121,3056.0,0.0,0.0,0.0,Hu Akeem Vincent,HAV0121,46,43,38,37,27,0.13058525324684284,0
HBB0056,2989.0,0.0,0.0,0.0,Hayden Bernard Benson,HBB0056,37,33,30,21,27,0.15924478653093177,0
HBB0719,0.0,0.0,752.0,0.0,Helen Brooke Buchanan,HBB0719,47,34,15,15,28,0.14014999261759248,0
HBC0672,0.0,0.0,690.0,0.0,Hall Bruce Copeland,HBC0672,41,24,30,15,24,0.15455413960933195,0
HBO0413,2840.0,0.0,0.0,0.0,Harper Basil Obrien,HBO0413,41,35,18,15,18,0.09255254067813384,0
HCC0344,1000.0,0.0,0.0,0.0,Hayley Carolyn Cunningham,HCC0344,25,11,41,26,22,0.08674681056158845,0
HCE0726,0.0,0.0,532.0,0.0,Hakeem Cullen Ellis,HCE0726,42,17,33,25,28,0.15890916229335433,0
HCF0334,0.0,0.0,844.0,0.0,Hedwig Casey Farmer,HCF0334,23,41,33,20,33,0.16255450123059983,0
HCH0203,0.0,2044.0,1646.0,1884.0,Hall Curran Hood,HCH0203,22,46,30,42,32,-0.013020583819560283,1
HCH0753,0.0,0.0,690.0,0.0,Hiram Charles Hurley,HCH0753,36,21,45,44,20,0.09472417244977999,0
HCH0981,0.0,0.0,690.0,0.0,Holmes Castor Hanson,HCH0981,14,42,34,21,18,0.08300504891509691,0
HCL0113,3039.0,0.0,0.0,0.0,Hyacinth Clare Lindsay,HCL0113,43,22,40,39,34,0.13639089279991778,0
HCL0651,1017.0,0.0,0.0,0.0,Heather Cynthia Leonard,HCL0651,21,19,44,36,33,0.12189385291466187,0
HCM0267,3021.0,0.0,0.0,0.0,Hall Colorado Morin,HCM0267,36,45,39,20,32,0.14344847288682172,0
HCS0003,9097.0,0.0,0.0,0.0,Halla Cathleen Simmons,HCS0003,35,28,14,15,30,0.03950250779827991,0
HCS0965,0.0,0.0,690.0,0.0,Howard Connor Sutton,HCS0965,19,40,19,37,32,0.1534527083363157,0
HCV0478,5036.0,0.0,0.0,0.0,Harper Clark Vazquez,HCV0478,46,36,18,12,24,0.06481692548699869,0
HCW0419,3054.0,0.0,0.0,0.0,Hermione Casey Witt,HCW0419,40,21,35,34,35,0.13622428054112645,0
HDD0789,4727.0,0.0,0.0,0.0,Hashim Damon Dudley,HDD0789,44,39,30,10,29,0.0883761780358171,0
HDD0806,4143.0,0.0,0.0,0.0,Hedwig Dai Duffy,HDD0806,47,28,36,19,38,0.0904504141067744,0
HDE0756,0.0,0.0,690.0,0.0,Hector Davis Ellison,HDE0756,16,42,12,20,32,0.11832667445600081,0
HDH0928,3043.0,0.0,0.0,0.0,Hashim Damon Hebert,HDH0928,40,36,20,40,26,0.1590876337853256,0
HDJ0446,337.0,0.0,0.0,0.0,Hope Dawn Jensen,HDJ0446,18,17,45,27,35,0.11269643787926148,0
HDL0748,5016.0,0.0,0.0,0.0,Hedy Delilah Lopez,HDL0748,25,13,46,41,25,0.051936274862796505,0
HDR0897,0.0,0.0,690.0,0.0,Hu Duncan Rojas,HDR0897,37,27,41,35,39,0.1395423076062603,0
HDS0367,3626.0,0.0,0.0,0.0,Hayes Drake Stephenson,HDS0367,50,42,16,30,19,0.06560921948593212,0
HDW0495,0.0,0.0,690.0,0.0,Hamilton Donovan Waller,HDW0495,37,43,10,42,36,0.126324868943412,0
HFB0347,767.0,0.0,0.0,0.0,Heather Fredericka Baird,HFB0347,34,20,30,30,27,0.16656273687422957,0
HFF0415,0.0,0.0,690.0,0.0,Holmes Francis Foley,HFF0415,34,36,19,44,26,0.16779599705599219,0
HFJ0238,0.0,0.0,950.0,0.0,Hilda Freya Jacobson,HFJ0238,23,22,40,39,35,0.13611153723406377,0
HFP0394,0.0,0.0,956.0,0.0,Hunter Flynn Pope,HFP0394,25,41,45,36,36,0.11476508168080357,0
HGG0240,3021.0,0.0,0.0,0.0,Hedda Grace Gordon,HGG0240,20,26,24,36,31,0.12759503177344983,0
HGH0595,336.0,0.0,0.0,0.0,Hanae Gay Hogan,HGH0595,41,14,22,39,29,0.15516365815833716,0
HGN0287,3371.0,0.0,0.0,0.0,Halla Germaine Nolan,HGN0287,45,30,18,18,27,0.13436694723350212,0
HHB0090,0.0,0.0,984.0,0.0,Harper Herrod Baldwin,HHB0090,12,13,24,25,31,0.09630437169024064,0
HHB0156,0.0,0.0,690.0,0.0,Hakeem Herman Buck,HHB0156,18,30,25,29,22,0.1271540359050488,0
HHL0126,0.0,0.0,734.0,0.0,Hyacinth Hanae Leonard,HHL0126,40,37,28,39,30,0.17317342164008243,0
HIA0414,3007.0,0.0,0.0,0.0,Herman Ian Abbott,HIA0414,38,39,39,18,31,0.15362258866292544,0
HIW0536,4713.0,0.0,0.0,0.0,Honorato Ivan Wall,HIW0536,39,50,25,24,20,0.06355927529990668,0
HJA0018,3712.0,0.0,0.0,0.0,Honorato Joseph Adkins,HJA0018,39,43,47,37,32,0.1058090709107693,0
HJB0742,3494.0,0.0,0.0,0.0,Harlan Jason Benjamin,HJB0742,41,40,16,21,30,0.15107401339291637,0
HJC0591,0.0,0.0,690.0,0.0,Howard Jonathan Contreras,HJC0591,35,27,17,38,33,0.1666733177162419,0
HJK0496,0.0,0.0,690.0,0.0,Hector Jonah Kim,HJK0496,44,17,20,34,37,0.139084915465695,0
HJM0337,0.0,0.0,690.0,0.0,Haviva Jada Molina,HJM0337,33,34,18,17,25,0.17226757641167328,0
HJS0072,216.0,0.0,0.0,0.0,Honorato John Sloan,HJS0072,44,42,19,19,31,0.16432460579782604,0
HJV0721,0.0,0.0,690.0,0.0,Hiram Jasper Velez,HJV0721,21,37,23,34,26,0.16008161971383583,0
HKB0418,2922.0,0.0,0.0,0.0,Halee Kim Burnett,HKB0418,50,18,13,26,27,0.08371363053026759,0
HKF0831,336.0,0.0,0.0,0.0,Hiroko Kiona Faulkner,HKF0831,23,42,49,21,24,0.09720619358706106,0
HKH0136,0.0,0.0,642.0,0.0,Hanae Kiayada Holder,HKH0136,24,39,18,22,24,0.1658769692755067,0
HKH0249,0.0,0.0,458.0,0.0,Hamish Keith Hart,HKH0249,48,17,13,41,31,0.09865880445252062,0
HKI0171,4971.0,0.0,0.0,0.0,Halla Kendall Irwin,HKI0171,31,17,30,45,27,0.09540299220976955,0
HKK0961,0.0,401.0,704.0,5922.0,Honorato Kennedy Knox,HKK0961,20,16,16,30,31,-0.008132456273487354,1
HKP0055,0.0,0.0,690.0,0.0,Hammett Keegan Powell,HKP0055,19,39,20,38,36,0.13880605828821013,0
HKR0628,4998.0,0.0,0.0,0.0,Halee Keiko Rhodes,HKR0628,21,16,17,16,25,0.09627509403842505,0
HKW0211,0.0,0.0,4676.0,0.0,Hashim Kasper Woodard,HKW0211,10,24,24,27,30,0.031221064139004162,0
HLH0512,1425.0,0.0,0.0,0.0,Hadassah Leah Harris,HLH0512,15,42,36,22,32,0.120147690307491,0
HLM0933,3050.0,0.0,0.0,0.0,Hadley Leandra May,HLM0933,36,24,23,43,30,0.13989445526399086,0
HLP0506,0.0,0.0,690.0,0.0,Herrod Len Parker,HLP0506,38,15,21,30,31,0.16534602193099351,0
HMD0974,0.0,0.0,716.0,0.0,Hector Martin Daugherty,HMD0974,16,20,23,19,36,0.12694156424676573,0
HML0159,0.0,0.0,690.0,0.0,Hanna Miranda Lindsay,HML0159,48,23,46,14,30,0.10849913853621412,0
HMM0108,540.0,0.0,0.0,0.0,Hakeem Mason Mccall,HMM0108,33,41,17,43,25,0.1602701778220364,0
HMR0409,0.0,1541.0,1189.0,1313.0,Hilda Madonna Rodgers,HMR0409,43,37,17,40,31,0.04952624698317676,0
HMW0274,0.0,0.0,540.0,0.0,Halee Morgan Wilkins,HMW0274,41,41,26,40,33,0.15953913965384908,0
HMW0713,335.0,0.0,0.0,0.0,Heidi Mia Wilson,HMW0713,38,24,40,36,28,0.17303547070419117,0
HOB0994,2979.0,0.0,0.0,0.0,Harrison Oscar Burke,HOB0994,38,39,15,43,33,0.12990742129430138,0
HPH0075,7435.0,0.0,0.0,0.0,Harper Price Harris,HPH0075,40,42,48,25,28,0.026433794129950505,0
HPM0986,4697.0,0.0,0.0,0.0,Hasad Paki Mcfadden,HPM0986,41,36,38,23,24,0.11779350387255466,0
HPR0585,336.0,0.0,0.0,0.0,Hillary Piper Riddle,HPR0585,34,46,15,46,35,0.11680003882726386,0
HPS0247,0.0,244.0,1122.0,232.0,Hanna Priscilla Strickland,HPS0247,32,32,44,44,32,0.08762245463572088,0
HQC0608,0.0,7980.0,718.0,5428.0,Hermione Quynn Cross,HQC0608,42,17,43,15,28,-0.07456318287240682,1
HRA0239,0.0,0.0,690.0,0.0,Hope Remedios Andrews,HRA0239,40,41,14,14,30,0.14968493821917478,0
HRB0351,6750.0,0.0,0.0,0.0,Hadassah Riley Baker,HRB0351,19,12,43,42,36,-0.0013273888361234887,1
HRD0635,269.0,0.0,0.0,0.0,Hadley Rhona Dillon,HRD0635,24,35,18,32,24,0.14699847003383842,0
HRH0272,0.0,364.0,1006.0,245.0,Hammett Robert Herrera,HRH0272,47,19,14,40,30,0.07626682986663191,0
HRL0540,2988.0,0.0,0.0,0.0,Hedwig Regina Livingston,HRL0540,43,38,17,40,18,0.09496884946293699,0
HRL0797,0.0,0.0,188.0,0.0,Hanae Rhiannon Lindsey,HRL0797,37,39,17,17,22,0.14381457591635693,0
HRN0322,0.0,0.0,690.0,0.0,Haviva Riley Nelson,HRN0322,38,38,44,40,23,0.12878722493124356,0
HRW0550,3019.0,0.0,0.0,0.0,Howard Raphael Weiss,HRW0550,38,34,24,22,28,0.15876287491102103,0
HSB0196,5103.0,0.0,0.0,0.0,Hadley Sonya Bowen,HSB0196,44,13,43,30,33,0.07772847459121635,0
HSD0457,336.0,0.0,0.0,0.0,Hollee Shannon Dudley,HSD0457,38,19,20,42,27,0.1634633968603737,0
HSG0818,3038.0,0.0,0.0,0.0,Harrison Samuel Gonzales,HSG0818,18,19,48,36,31,0.07725322029529291,0
HSM0330,0.0,0.0,690.0,0.0,Herrod Stewart Monroe,HSM0330,43,20,17,22,35,0.1546640069275495,0
HSM0733,0.0,0.0,690.0,0.0,Honorato Salvador Morris,HSM0733,35,19,37,14,34,0.1582530583221694,0
HSP0290,338.0,0.0,0.0,0.0,Hakeem Stephen Peck,HSP0290,38,15,28,20,27,0.1658189349411573,0
HSS0018,0.0,0.0,721.0,0.0,Hiram Sawyer Sykes,HSS0018,30,18,15,39,25,0.1387958426683501,0
HSS0758,0.0,0.0,1111.0,0.0,Hunter Stephen Slater,HSS0758,37,45,19,24,34,0.14466559603593548,0
HTB0658,0.0,0.0,690.0,0.0,Holmes Troy Burnett,HTB0658,43,10,24,19,31,0.1310917055026437,0
HTF0641,1019.0,0.0,0.0,0.0,Hilel Tobias Flynn,HTF0641,38,24,18,22,28,0.1709261021545742,0
HTH0007,9116.0,0.0,0.0,0.0,Hyatt Trevor Hayes,HTH0007,37,38,41,20,36,0.04362509891878186,0
HTM0738,0.0,0.0,690.0,0.0,Hasad Tobias Mcconnell,HTM0738,20,17,24,18,31,0.1497626260284758,0
HTM0956,0.0,0.0,690.0,0.0,Hayes Tobias Mcdowell,HTM0956,24,49,38,19,32,0.14309483120529348,0
HTW0794,0.0,0.0,690.0,0.0,Halee Tallulah Wynn,HTW0794,34,30,23,20,34,0.17768408883186548,0
HVB0037,5454.0,0.0,0.0,0.0,Hollee Vanna Becker,HVB0037,17,42,41,44,26,0.03281884635854693,0
HVF0067,3058.0,0.0,0.0,0.0,Hector Vance Foster,HVF0067,44,35,22,43,41,0.10122672006219524,0
HWB0420,0.0,617.0,1201.0,711.0,Hakeem Walter Bond,HWB0420,46,44,16,42,29,0.039956975235085346,0
HWH0646,1014.0,0.0,0.0,0.0,Hadley Willa Hill,HWH0646,17,24,24,21,28,0.13634982513563598,0
HWM0342,1019.0,0.0,0.0,0.0,Hanae Wendy Meyer,HWM0342,45,44,41,39,34,0.13740814104194637,0
HWT0469,0.0,0.0,690.0,0.0,Hu William Tyson,HWT0469,39,35,50,44,33,0.10717744836556425,0
HWW0436,3331.0,0.0,0.0,0.0,Hayes William Wheeler,HWW0436,45,37,23,27,33,0.14175955286069775,0
HWY0038,1138.0,0.0,0.0,0.0,Howard Wing Yang,HWY0038,47,39,40,22,24,0.134975152015,0
HXL0968,211.0,0.0,0.0,0.0,Holly Xerxes Lara,HXL0968,45,21,35,40,34,0.15175779076574147,0
HYC0955,0.0,0.0,690.0,0.0,Hedy Yvette Cook,HYC0955,42,41,25,19,23,0.16097990872019086,0
IAB0194,0.0,319.0,1105.0,179.0,Ivan Allistair Bender,IAB0194,35,38,38,32,22,0.10247890735699428,0
IAF0204,0.0,0.0,960.0,0.0,Idona Amela Frederick,IAF0204,18,18,38,43,24,0.10176431766016891,0
IAF0828,0.0,0.0,690.0,0.0,Ingrid Alma Fields,IAF0828,37,42,39,40,27,0.16370532686660955,0
IAH0365,0.0,0.0,961.0,0.0,Ivan Avram Hanson,IAH0365,22,13,39,15,34,0.12895931354065793,0
IAK0372,0.0,0.0,690.0,0.0,India Aurelia Kirkland,IAK0372,40,42,37,17,20,0.13043521512644968,0
IAR0694,3481.0,0.0,0.0,0.0,Imani Aubrey Ray,IAR0694,12,17,44,40,34,0.0660521060411523,0
IAS0296,0.0,0.0,690.0,0.0,Ivory Ann Shelton,IAS0296,37,39,40,33,29,0.17290418990258744,0
IAS0626,0.0,407.0,1001.0,649.0,Ina Ainsley Stuart,IAS0626,33,43,21,30,31,0.1097146589824789,0
IAT0263,1762.0,0.0,0.0,0.0,Ivor Amir Tucker,IAT0263,28,23,30,30,27,0.1475880052877473,0
IBB0359,3631.0,0.0,0.0,0.0,Ira Brendan Ball,IBB0359,48,33,21,43,38,0.1029025658044655,0
IBB0696,333.0,0.0,0.0,0.0,Isadora Buffy Brewer,IBB0696,47,13,36,16,33,0.1178211207295839,0
IBC0664,0.0,0.0,690.0,0.0,Irene Beatrice Cotton,IBC0664,45,36,48,23,28,0.1363557881294032,0
IBM0671,3342.0,0.0,0.0,0.0,Ira Benjamin Mays,IBM0671,50,46,38,35,31,0.09706807323083111,0
IBP0883,996.0,0.0,0.0,0.0,Iona Brenda Payne,IBP0883,30,25,15,11,17,0.06760272734971884,0
IBS0766,0.0,2361.0,690.0,233.0,Ivan Beck Spencer,IBS0766,43,23,34,36,33,0.08184927916227475,0
IBS0836,359.0,0.0,0.0,0.0,Isadora Blaine Shepherd,IBS0836,10,44,50,38,27,0.043088448335065865,0
ICH0294,335.0,0.0,0.0,0.0,Idola Carly Haley,ICH0294,32,27,20,40,26,0.17202827976352703,0
ICP0596,0.0,0.0,969.0,0.0,Ivana Cecilia Patton,ICP0596,45,36,30,40,26,0.14187270500541116,0
ICS0956,244.0,0.0,0.0,0.0,Ivy Charissa Solis,ICS0956,22,20,18,35,26,0.15032721914914854,0
IDM0326,0.0,841.0,1291.0,1998.0,Imani Doris Meyer,IDM0326,41,35,45,38,27,0.011624429454809904,0
IDO0176,5026.0,0.0,0.0,0.0,Ira Dustin Oneill,IDO0176,34,39,40,24,26,0.1250494244370562,0
IEB0153,1806.0,0.0,0.0,0.0,Irma Eugenia Booker,IEB0153,44,25,39,24,36,0.14079076746173513,0
IHK0841,336.0,0.0,0.0,0.0,Ivor Herrod Kaufman,IHK0841,35,23,41,28,29,0.16538137627299665,0
IHS0045,0.0,0.0,1258.0,0.0,Ivy Hiroko Sears,IHS0045,37,36,21,30,38,0.11904982888342663,0
IHT0597,0.0,0.0,983.0,0.0,Isaiah Hyatt Talley,IHT0597,49,23,39,23,24,0.12679092799320096,0
IIA0092,2992.0,0.0,0.0,0.0,Ingrid Irene Atkins,IIA0092,39,30,42,14,27,0.12783728224242957,0
IIL0513,1329.0,0.0,0.0,0.0,Illana Isabelle Lamb,IIL0513,37,13,26,38,34,0.14425784756646326,0
IIS0810,0.0,0.0,690.0,0.0,Ivy Inez Sharpe,IIS0810,42,10,22,16,29,0.1281220769190115,0
IIW0249,3402.0,0.0,0.0,0.0,Igor Ishmael Ward,IIW0249,39,36,43,38,28,0.13740773989118543,0
IJM0139,337.0,0.0,0.0,0.0,Irene Jemima Meyers,IJM0139,45,17,15,30,35,0.1276054341642286,0
IJM0436,0.0,360.0,1117.0,1347.0,Ira Jared Mckenzie,IJM0436,37,36,21,38,24,0.08373492410812056,0
IJM0444,3000.0,0.0,0.0,0.0,Ian Jonas Morrow,IJM0444,36,35,39,35,26,0.14886818988196976,0
IJM0776,515.0,0.0,0.0,0.0,Indira Jocelyn Mack,IJM0776,41,35,19,41,32,0.1672230885245392,0
IJR0825,338.0,0.0,0.0,0.0,Ivor Jelani Robbins,IJR0825,38,42,39,46,32,0.14866779311834066,0
IJW0851,5041.0,0.0,0.0,0.0,Isadora Jael Waters,IJW0851,21,10,10,18,34,0.021194121309061842,0
IKP0472,481.0,0.0,0.0,0.0,Ivana Kaitlin Parsons,IKP0472,32,10,37,38,31,0.12856053451202526,0
IKR0401,2495.0,0.0,0.0,0.0,Ivor Kenneth Rollins,IKR0401,40,42,24,16,29,0.1403693897318395,0
IKT0755,0.0,0.0,690.0,0.0,India Karina Todd,IKT0755,38,14,50,19,39,0.09043254742922924,0
IKW0723,0.0,0.0,690.0,0.0,Ina Karyn Wilkerson,IKW0723,27,22,39,25,20,0.12167992402902977,0
ILB0480,0.0,0.0,672.0,0.0,Irma Liberty Burns,ILB0480,40,37,38,18,29,0.17804808869395633,0
ILC0838,338.0,0.0,0.0,0.0,Ivan Levi Craig,ILC0838,40,36,42,16,33,0.15111373916037857,0
ILH0958,337.0,0.0,0.0,0.0,Irene Lacota Huffman,ILH0958,28,17,20,19,24,0.15212749989125351,0
ILJ0526,1089.0,0.0,0.0,0.0,Idola Lana Jarvis,ILJ0526,33,50,23,46,25,0.11888456698128663,0
ILR0304,333.0,0.0,0.0,0.0,Ivory Leandra Rogers,ILR0304,20,22,18,46,30,0.12553001300201355,0
IMB0459,0.0,0.0,141.0,0.0,Ina Meredith Burnett,IMB0459,34,34,18,44,33,0.14888433004565982,0
IMB0481,5006.0,0.0,0.0,0.0,Isabelle Maggie Benjamin,IMB0481,19,41,38,43,38,0.05842718291292759,0
IMG0320,5032.0,0.0,0.0,0.0,Isabella Marah Graham,IMG0320,37,14,12,24,23,0.06563155026985412,0
IMP0530,1008.0,0.0,0.0,0.0,Irma Melanie Patrick,IMP0530,40,17,42,50,32,0.10509101455909897,0
IOT0332,0.0,0.0,690.0,0.0,Ivana Octavia Terrell,IOT0332,43,42,10,39,25,0.13921824073680628,0
IQW0294,0.0,0.0,468.0,0.0,Ima Quintessa Williams,IQW0294,16,21,43,24,27,0.12811927318669714,0
IRC0741,0.0,0.0,690.0,0.0,Illiana Raven Conner,IRC0741,35,44,25,20,37,0.1565089154629199,0
IRF0054,0.0,0.0,690.0,0.0,Iliana Ruth Foley,IRF0054,36,34,18,42,33,0.16885957973610005,0
IRF0104,0.0,0.0,690.0,0.0,Ira Rooney Franklin,IRF0104,14,43,18,36,31,0.13697802900339778,0
IRM0637,0.0,0.0,690.0,0.0,India Rinah Murphy,IRM0637,41,37,22,14,34,0.16430511496470002,0
IRM0931,4157.0,0.0,0.0,0.0,Ignatius Reese Morton,IRM0931,44,46,33,35,30,0.11699394372623367,0
IRT0491,5019.0,0.0,0.0,0.0,Iris Rhea Terrell,IRT0491,17,30,27,41,32,0.06991282355978834,0
IRW0197,0.0,0.0,690.0,0.0,Ignatius Randall Webster,IRW0197,44,41,35,42,27,0.16819614412490597,0
ISB0351,0.0,0.0,690.0,0.0,Ivana Sasha Blankenship,ISB0351,23,24,38,42,35,0.1361177668267115,0
ITG0649,0.0,0.0,690.0,0.0,Ivan Tanek Garrison,ITG0649,10,43,38,29,31,0.10943968031453255,0
IUB0565,2057.0,0.0,0.0,0.0,Isaiah Upton Buchanan,IUB0565,44,39,35,22,30,0.16125502675588144,0
IUY0279,3030.0,0.0,0.0,0.0,Igor Ulric Yang,IUY0279,38,38,17,21,29,0.16286781347589407,0
IWM0816,3013.0,0.0,0.0,0.0,Ira Wyatt Moss,IWM0816,35,42,50,44,28,0.07995262689991817,0
IWS0585,0.0,0.0,689.0,0.0,Illiana Wynter Simmons,IWS0585,20,22,49,23,28,0.12919981330862407,0
IYB0918,3024.0,0.0,0.0,0.0,Illana Yvette Bradshaw,IYB0918,17,21,42,14,30,0.09871022621252129,0
IYF0269,0.0,0.0,690.0,0.0,Iris Yeo Frye,IYF0269,33,22,33,21,30,0.18107475951104973,0
JAD0609,4968.0,0.0,0.0,0.0,Jana Amanda Dorsey,JAD0609,18,23,26,36,33,0.08028281867567072,0
JAJ0183,0.0,1570.0,1152.0,1386.0,Jayme Adrienne Jarvis,JAJ0183,30,41,40,39,36,0.040176187932641216,0
JAJ0849,427.0,0.0,0.0,0.0,Jaquelyn Angelica Jimenez,JAJ0849,22,24,23,23,33,0.15010163386301484,0
JAL0281,0.0,0.0,446.0,0.0,Justine Amy Lara,JAL0281,35,16,20,19,37,0.13977146010829172,0
JAM0382,2998.0,0.0,0.0,0.0,Jena Audrey Malone,JAM0382,25,23,41,17,23,0.10977552072589825,0
JAO0817,0.0,932.0,1144.0,1277.0,Jennifer Abigail Ortega,JAO0817,34,36,42,19,33,0.0828794868823155,0
JAR0172,0.0,0.0,963.0,0.0,Jane Amela Richards,JAR0172,41,40,22,31,28,0.16130968690824105,0
JAV0361,3659.0,0.0,0.0,0.0,Joseph Alan Vaughan,JAV0361,36,45,40,45,33,0.11010444403417402,0
JAW0003,0.0,512.0,955.0,260.0,Janna Aretha Woodward,JAW0003,21,21,35,20,28,0.13496748910199297,0
JAW0007,0.0,0.0,690.0,0.0,Jerome Alec Wallace,JAW0007,43,19,13,35,32,0.1409984152402013,0
JAW0168,0.0,0.0,690.0,0.0,Jaden Alisa Waller,JAW0168,47,38,38,36,29,0.15626624652931087,0
JBB0413,0.0,0.0,690.0,0.0,Jonas Blaine Barr,JBB0413,35,20,16,22,32,0.16347969854733557,0
JBD0616,5030.0,0.0,0.0,0.0,Jocelyn Brenna Daniels,JBD0616,40,21,25,37,27,0.11534291757495041,0
JBM0350,4752.0,0.0,0.0,0.0,Jocelyn Bree Mccray,JBM0350,37,21,12,45,25,0.06573194935715754,0
JBR0333,0.0,0.0,690.0,0.0,Jaime Blaine Robbins,JBR0333,37,40,44,43,24,0.13134112503257045,0
JBR0891,0.0,0.0,690.0,0.0,Joy Brynne Reese,JBR0891,32,20,28,18,23,0.15563694380636528,0
JBV0604,0.0,0.0,924.0,0.0,Joel Brenden Vasquez,JBV0604,36,13,14,25,34,0.12824548641573158,0
JCA0841,0.0,0.0,460.0,0.0,Julie Cecilia Arnold,JCA0841,21,16,43,21,20,0.08712877881709424,0
JCB0710,0.0,0.0,690.0,0.0,Jermaine Clarke Barnett,JCB0710,45,23,37,14,25,0.13723035658915134,0
JCC0225,3708.0,0.0,0.0,0.0,Jack Carlos Cannon,JCC0225,47,45,40,15,18,0.04993367964006312,0
JCG0316,4986.0,0.0,0.0,0.0,Josiah Chester Gray,JCG0316,47,36,32,25,33,0.10388023355642523,0
JCJ0477,0.0,0.0,963.0,0.0,Jolene Cameron Jacobs,JCJ0477,46,47,30,15,32,0.11685015662422282,0
JCL0430,0.0,0.0,959.0,0.0,Joseph Colorado Lester,JCL0430,40,35,25,33,26,0.16445088008413566,0
JCR0172,5926.0,0.0,0.0,0.0,Jaquelyn Cassandra Roberson,JCR0172,43,41,41,39,31,0.07488723127017716,0
JCR0289,338.0,0.0,0.0,0.0,Jena Chanda Rollins,JCR0289,32,43,33,33,29,0.1678637421820659,0
JCR0770,1003.0,0.0,0.0,0.0,Jared Cameron Rosa,JCR0770,40,47,24,21,27,0.1450774284628567,0
JCR0921,3040.0,0.0,0.0,0.0,Jonas Connor Riddle,JCR0921,47,46,31,40,34,0.11190642781710736,0
JCV0245,3039.0,0.0,0.0,0.0,James Cain Vargas,JCV0245,40,44,22,20,27,0.1532307584379024,0
JCW0740,0.0,0.0,690.0,0.0,Jesse Ciaran Whitley,JCW0740,26,26,46,41,43,0.08049922382953972,0
JCW0858,4981.0,0.0,0.0,0.0,Jeanette Cally Whitfield,JCW0858,14,35,22,41,39,0.059746889478400345,0
JDB0169,4657.0,0.0,0.0,0.0,Jonah Dakota Bird,JDB0169,20,14,23,48,33,0.07098248296330129,0
JDB0980,0.0,0.0,690.0,0.0,Jacob Dennis Briggs,JDB0980,41,47,15,38,37,0.12249353484744296,0
JDC0030,5071.0,0.0,0.0,0.0,Jenna Darrel Charles,JDC0030,31,18,19,21,26,0.11307956150524995,0
JDF0593,351.0,0.0,0.0,0.0,Jameson Damian Franco,JDF0593,30,45,11,41,29,0.11983310871561037,0
JDG0149,0.0,0.0,690.0,0.0,Justin Declan Gross,JDG0149,23,38,43,40,27,0.14099601778557752,0
JDH0545,0.0,344.0,1164.0,719.0,Jack Dexter Hester,JDH0545,24,36,32,27,30,0.10342048544336485,0
JDJ0017,0.0,0.0,141.0,0.0,James Demetrius Jacobson,JDJ0017,43,26,25,30,20,0.1383201445707531,0
JEB0076,0.0,0.0,690.0,0.0,Joelle Eleanor Best,JEB0076,39,49,41,14,27,0.1217086200320126,0
JED0704,0.0,794.0,1370.0,887.0,Jane Erica Davis,JED0704,36,39,15,17,28,0.0754647694621492,0
JEP0793,0.0,0.0,690.0,0.0,Joel Ezra Parks,JEP0793,18,25,24,44,36,0.11746368472866836,0
JER0404,3022.0,0.0,0.0,0.0,Jeanette Eliana Rivera,JER0404,38,46,18,16,30,0.13611223437923248,0
JFC0557,3002.0,0.0,0.0,0.0,Jade Felicia Caldwell,JFC0557,22,16,23,40,33,0.11778815164467882,0
JFC0757,1056.0,0.0,0.0,0.0,Jolene Frances Carey,JFC0757,31,21,38,36,38,0.13616238464582375,0
JFM0703,0.0,0.0,690.0,0.0,Joan Fiona Mercer,JFM0703,23,19,38,25,32,0.16235800301015219,0
JGC0105,0.0,0.0,1242.0,0.0,Jonathan Gary Casey,JGC0105,39,18,39,22,18,0.09734030943919197,0
JGF0556,0.0,6128.0,826.0,730.0,John Griffith Frost,JGF0556,47,20,46,30,17,-0.043700009184094446,1
JGM0934,3017.0,0.0,0.0,0.0,Jared Geoffrey Morin,JGM0934,30,22,41,22,31,0.13841477912656092,0
JGT0221,1452.0,0.0,0.0,0.0,Jonathan Gary Terry,JGT0221,45,30,16,40,18,0.09110816894571555,0
JHP0583,390.0,0.0,0.0,0.0,Jorden Helen Pierce,JHP0583,37,25,40,42,37,0.14236107221767663,0
JHW0820,0.0,0.0,690.0,0.0,James Harrison Wynn,JHW0820,36,32,11,42,30,0.13523003649044257,0
JIB0860,0.0,0.0,690.0,0.0,James Ivor Bowen,JIB0860,30,44,26,19,30,0.17600608229329445,0
JIG0128,3030.0,0.0,0.0,0.0,Josephine Indira Garza,JIG0128,25,45,35,18,27,0.13162450193858227,0
JIM0095,3677.0,0.0,0.0,0.0,Jane Ignacia Mcdonald,JIM0095,10,18,21,15,35,0.07140047271634353,0
JJB0127,2973.0,0.0,0.0,0.0,Jin Jonathan Buckley,JJB0127,26,21,38,30,32,0.1325558464069289,0
JJB0371,0.0,0.0,690.0,0.0,Judah John Barker,JJB0371,11,22,22,36,29,0.1359982777269324,0
JJB0700,337.0,0.0,0.0,0.0,Julie Jaime Burns,JJB0700,15,19,39,37,28,0.13193342868476587,0
JJB0986,0.0,0.0,689.0,0.0,Joshua Jamal Bowen,JJB0986,20,19,38,19,40,0.12432499927272822,0
JJF0924,0.0,0.0,690.0,0.0,Jackson John Fleming,JJF0924,40,22,36,18,29,0.1804921004826588,0
JJH0292,339.0,0.0,0.0,0.0,Jane Justina Hunt,JJH0292,35,23,38,39,28,0.16412858365087118,0
JJH0613,5027.0,0.0,0.0,0.0,Jael Jennifer Hansen,JJH0613,50,30,24,14,26,0.05821529345766008,0
JJM0203,1876.0,0.0,0.0,0.0,Jonathan John Martinez,JJM0203,37,36,18,30,28,0.16467020030898827,0
JJP0687,0.0,0.0,690.0,0.0,Jemima Jane Park,JJP0687,42,43,32,36,32,0.16983547206035227,0
JKB0126,3024.0,0.0,0.0,0.0,Jaden Kylan Buckley,JKB0126,43,24,19,33,28,0.13929695020122274,0
JKD0625,0.0,1300.0,966.0,7657.0,Jenna Kiona Dickerson,JKD0625,35,36,33,17,32,-0.025205689382988394,1
JKF0465,403.0,0.0,0.0,0.0,Jerry Kennan Fischer,JKF0465,10,37,12,17,32,0.07529750941006125,0
JKJ0698,429.0,0.0,0.0,0.0,Jescie Kristen Jenkins,JKJ0698,16,38,16,22,28,0.13741970297656347,0
JKM0303,330.0,0.0,0.0,0.0,Joel Kennan Mccarty,JKM0303,46,10,44,15,35,0.07983917738184959,0
JLC0833,0.0,0.0,608.0,0.0,Jakeem Leonard Clark,JLC0833,40,24,16,42,28,0.14416610006799463,0
JLH0035,0.0,0.0,690.0,0.0,Jeremy Logan Hill,JLH0035,18,39,20,39,25,0.15635022024343626,0
JLH0275,0.0,0.0,690.0,0.0,Jaden Lara Higgins,JLH0275,37,17,37,23,26,0.17527743374525045,0
JLH0732,0.0,478.0,1096.0,264.0,Jolene Lavinia Houston,JLH0732,42,44,41,41,21,0.04706912699208243,0
JLM0364,3537.0,0.0,0.0,0.0,Jacqueline Latifah Miles,JLM0364,35,22,15,25,37,0.11759275123792834,0
JLM0399,0.0,0.0,689.0,0.0,Jerome Levi Mcclain,JLM0399,16,25,40,30,23,0.12296356290445032,0
JLS0448,0.0,0.0,622.0,0.0,Jasper Lamar Spence,JLS0448,33,33,37,43,35,0.15615785471137228,0
JLW0053,4717.0,0.0,0.0,0.0,Jackson Linus Wilkerson,JLW0053,42,41,18,38,31,0.12684738552235558,0
JLW0437,0.0,0.0,690.0,0.0,John Leroy Whitehead,JLW0437,13,37,21,42,30,0.13529382687032082,0
JMB0069,0.0,0.0,690.0,0.0,Jolene Martha Blake,JMB0069,39,24,49,14,14,0.060587973987018096,0
JMB0308,2203.0,0.0,0.0,0.0,Jarrod Malik Burris,JMB0308,41,44,34,14,32,0.13750478373700498,0
JMC0198,0.0,0.0,970.0,0.0,Jorden Maris Clemons,JMC0198,41,40,26,14,30,0.15489426834056308,0
JMC0925,3372.0,0.0,0.0,0.0,Jade Maris Coleman,JMC0925,33,10,23,19,31,0.10526150967795767,0
JMD0520,1009.0,0.0,0.0,0.0,Jane Maite Dotson,JMD0520,21,45,16,38,29,0.13258241295650125,0
JMH0543,2003.0,0.0,0.0,0.0,Jermaine Mannix Hansen,JMH0543,44,25,37,13,34,0.12136908442579547,0
JMK0099,2989.0,0.0,0.0,0.0,Jakeem Magee Knight,JMK0099,40,37,41,41,25,0.13829026045184223,0
JML0909,1010.0,0.0,0.0,0.0,Jenette McKenzie Lynn,JML0909,24,32,39,40,21,0.11709564122014449,0
JMM0886,0.0,0.0,960.0,0.0,Joelle Molly Mccarty,JMM0886,39,40,25,42,33,0.15345588207969652,0
JMW0638,1007.0,0.0,0.0,0.0,Jonah Merritt Wilder,JMW0638,43,21,30,18,30,0.1605722777300696,0
JMW0648,0.0,0.0,690.0,0.0,Jelani Malachi Wagner,JMW0648,26,37,18,40,25,0.16193100405686106,0
JMW0835,0.0,0.0,690.0,0.0,Julie Michelle Weeks,JMW0835,35,34,44,20,30,0.16299426790189891,0
JNA0559,3020.0,0.0,0.0,0.0,Justine Nola Adkins,JNA0559,10,10,41,10,31,0.011666018026547431,0
JNC0320,0.0,923.0,1144.0,722.0,Jack Nicolas Christensen,JNC0320,30,25,39,41,29,0.07893424388792258,0
JNJ0556,3009.0,0.0,0.0,0.0,Jaden Nicole Johnston,JNJ0556,43,45,22,33,34,0.1430460517705756,0
JOL0024,3640.0,0.0,0.0,0.0,John Omar Lancaster,JOL0024,50,40,24,21,29,0.12190562213286799,0
JOL0996,0.0,0.0,690.0,0.0,Jescie Oprah Lara,JOL0996,35,50,43,22,26,0.13051607928591974,0
JOM0175,0.0,431.0,1099.0,248.0,Jane Odessa Mccullough,JOM0175,16,33,22,24,26,0.09577861505207635,0
JOM0750,5045.0,0.0,0.0,0.0,Jonathan Orlando Marsh,JOM0750,35,46,25,40,29,0.10936552261102628,0
JOS0323,0.0,882.0,1235.0,612.0,Jameson Orlando Sosa,JOS0323,17,20,18,39,34,0.05440939417974122,0
JPA0667,2980.0,0.0,0.0,0.0,John Price Atkins,JPA0667,49,42,34,35,27,0.12335799800846398,0
JPF0028,0.0,333.0,640.0,163.0,Jade Portia Foley,JPF0028,21,39,22,47,29,0.10569106736391648,0
JPM0871,0.0,0.0,955.0,0.0,Jackson Prescott Mooney,JPM0871,21,13,36,33,21,0.10142811973692195,0
JPW0741,4984.0,0.0,0.0,0.0,Josiah Preston Wall,JPW0741,40,38,44,30,33,0.09892367034990862,0
JQJ0479,0.0,0.0,690.0,0.0,Joy Quon Justice,JQJ0479,38,37,42,13,34,0.14791024391860375,0
JQV0922,0.0,396.0,579.0,363.0,Jada Quinn Vang,JQV0922,42,30,24,46,24,0.10517511183530875,0
JRB0424,0.0,232.0,1206.0,276.0,Jasmine Ria Banks,JRB0424,21,36,47,43,31,0.05928104107055576,0
JRB0942,0.0,0.0,690.0,0.0,John Robert Blankenship,JRB0942,20,22,46,38,33,0.12630708744681368,0
JRF0835,339.0,0.0,0.0,0.0,Jessica Rachel Freeman,JRF0835,44,33,18,37,18,0.12259987300541042,0
JRG0207,3842.0,0.0,0.0,0.0,Joseph Raja Gaines,JRG0207,42,37,40,21,27,0.15101168924130554,0
JRH0455,51.0,0.0,0.0,0.0,Jeremy Rooney Henderson,JRH0455,19,21,42,20,34,0.13802322894224567,0
JRL0574,331.0,0.0,0.0,0.0,Joy Rosalyn Leblanc,JRL0574,19,26,35,47,40,0.08404002454201809,0
JRS0362,3689.0,0.0,0.0,0.0,Jackson Rafael Sutton,JRS0362,50,50,14,37,24,0.05721620603458766,0
JRV0778,0.0,276.0,1179.0,672.0,Jaquelyn Rebekah Valenzuela,JRV0778,37,40,41,22,31,0.10359900562863178,0
JSA0775,991.0,0.0,0.0,0.0,Julian Samson Allen,JSA0775,50,46,42,19,33,0.10364894437458383,0
JSD0488,0.0,0.0,690.0,0.0,Jaquelyn September David,JSD0488,40,34,21,18,28,0.1817354488523205,0
JSH0330,1049.0,0.0,0.0,0.0,Judith Shaeleigh Hayden,JSH0330,20,16,23,24,28,0.14240814039277938,0
JSP0152,0.0,0.0,690.0,0.0,Josephine Sylvia Parsons,JSP0152,37,40,19,41,28,0.17788858700935256,0
JSW0862,0.0,0.0,690.0,0.0,James Sean Winters,JSW0862,12,42,27,18,31,0.11314603081676339,0
JTC0313,0.0,1938.0,690.0,722.0,Jennifer Teagan Colon,JTC0313,47,45,19,40,29,0.057400309938167915,0
JTM0223,1489.0,0.0,0.0,0.0,Jerry Tad Mccall,JTM0223,35,48,20,21,30,0.14608113263501105,0
JTS0389,3335.0,0.0,0.0,0.0,Josiah Thaddeus Stewart,JTS0389,31,36,11,44,32,0.09276382244621706,0
JTS0619,0.0,0.0,690.0,0.0,Jackson Theodore Sharp,JTS0619,25,47,29,34,28,0.14508478986170364,0
JTS0917,0.0,0.0,714.0,0.0,Joshua Taylor Sims,JTS0917,25,29,32,30,26,0.1685834903633207,0
JUC0443,0.0,0.0,690.0,0.0,Jolie Uta Cummings,JUC0443,34,35,26,40,37,0.14648212539608085,0
JUD0798,0.0,0.0,572.0,0.0,Julian Ulysses Davidson,JUD0798,29,47,33,46,29,0.11960614197735842,0
JVC0800,0.0,0.0,1210.0,0.0,Jeanette Vera Carlson,JVC0800,23,17,43,43,22,0.07329911675433587,0
JVM0660,0.0,0.0,690.0,0.0,Jackson Victor Mays,JVM0660,22,18,12,31,24,0.105119059663135,0
JVS0212,0.0,2050.0,4966.0,1345.0,Jerry Vincent Shepherd,JVS0212,17,13,10,18,34,-0.06278759846628768,1
JVW0042,0.0,0.0,690.0,0.0,Jena Vanna White,JVW0042,34,35,15,22,32,0.16311166399474925,0
JWS0948,0.0,362.0,1101.0,1371.0,Jameson William Schultz,JWS0948,23,34,39,36,33,0.08492998656793838,0
JXD0869,0.0,470.0,1424.0,325.0,John Xavier Duffy,JXD0869,21,25,25,15,32,0.09633639211155454,0
JXH0493,5008.0,0.0,0.0,0.0,Justin Xerxes Hansen,JXH0493,36,32,23,15,31,0.12111266329878367,0
JYB0548,0.0,0.0,690.0,0.0,Joy Yolanda Beck,JYB0548,41,36,21,11,27,0.15035725223986257,0
JYG0912,0.0,0.0,946.0,0.0,Jennifer Yetta Gibbs,JYG0912,40,37,16,20,25,0.1582831503713762,0
JYM0032,0.0,0.0,690.0,0.0,Jaquelyn Yoshi Mckinney,JYM0032,30,42,16,41,22,0.14094220340594488,0
JZA0447,0.0,1314.0,1290.0,6725.0,Jessamine Zelenia Alvarado,JZA0447,37,32,30,10,28,-0.04140702344413438,1
JZD0888,996.0,0.0,0.0,0.0,Jane Zia Day,JZD0888,20,20,30,14,30,0.12925100711929483,0
KAA0526,0.0,0.0,717.0,0.0,Kaitlin Amity Armstrong,KAA0526,39,44,39,28,26,0.1615390089798479,0
KAC0037,0.0,0.0,690.0,0.0,Kai Alexandra Carroll,KAC0037,48,45,17,22,28,0.14602072451721082,0
KAC0124,3058.0,0.0,0.0,0.0,Kathleen Aline Chan,KAC0124,33,14,30,18,33,0.12339055722183145,0
KAC0245,0.0,0.0,690.0,0.0,Keegan Ashton Cervantes,KAC0245,35,22,42,41,30,0.1581863985624291,0
KAG0412,0.0,0.0,871.0,0.0,Kiona Alyssa Gilmore,KAG0412,46,18,47,18,19,0.07549689933654785,0
KAJ0233,0.0,0.0,690.0,0.0,Kyle Ashton James,KAJ0233,24,32,46,22,36,0.12469457941355172,0
KAK0992,0.0,0.0,509.0,0.0,Kenyon Arthur Kent,KAK0992,50,36,39,39,34,0.11975287646913196,0
KAL0395,3021.0,0.0,0.0,0.0,Kay Alexa Logan,KAL0395,13,24,22,28,29,0.10477141187257433,0
KAS0887,0.0,0.0,690.0,0.0,Kiara Astra Small,KAS0887,22,18,49,15,28,0.12131530070221624,0
KAT0270,3045.0,0.0,0.0,0.0,Kirby Amity Tyson,KAT0270,21,24,39,23,27,0.14430198277405581,0
KAT0489,5023.0,0.0,0.0,0.0,Katell Amethyst Thornton,KAT0489,22,41,36,23,26,0.11512570614109902,0
KAV0428,0.0,0.0,1003.0,0.0,Kathleen Audrey Vargas,KAV0428,37,35,31,18,31,0.1712302190541899,0
KAW0462,0.0,264.0,995.0,243.0,Keaton Avram Whitley,KAW0462,14,23,17,39,27,0.07230536928970938,0
KBB0189,3719.0,0.0,0.0,0.0,Kaye Brianna Blair,KBB0189,49,23,16,33,30,0.1051781395747744,0
KBC0054,2980.0,0.0,0.0,0.0,Kyla Blythe Carter,KBC0054,42,43,17,41,32,0.13967708796329725,0
KBC0531,0.0,1473.0,183.0,962.0,Kibo Burke Camacho,KBC0531,23,17,25,37,25,0.04973405138163434,0
KBG0549,3365.0,0.0,0.0,0.0,Kylie Brielle Greer,KBG0549,16,19,37,10,32,0.072974275535366,0
KBL0260,3014.0,0.0,0.0,0.0,Kermit Beau Leach,KBL0260,16,15,48,16,32,0.05964912701255265,0
KBP0008,9145.0,0.0,0.0,0.0,Kirby Bo Pollard,KBP0008,23,18,40,11,34,8.987508627222862e-05,0
KBS0874,5062.0,0.0,0.0,0.0,Kay Brynne Spears,KBS0874,23,39,37,33,29,0.10587021211325504,0
KCB0534,0.0,2694.0,967.0,1367.0,Kelly Cade Barnes,KCB0534,48,30,43,21,27,0.04755070097152436,0
KCB0815,3061.0,0.0,0.0,0.0,Kaden Chastity Briggs,KCB0815,16,40,18,36,31,0.1242717891021779,0
KCF0045,3654.0,0.0,0.0,0.0,Kendall Ciaran Frank,KCF0045,40,39,16,27,31,0.14709541872020343,0
KCF0224,0.0,2332.0,1132.0,1332.0,Kirk Cade Franks,KCF0224,33,30,39,20,38,0.06682267716219215,0
KCL0381,0.0,0.0,1114.0,0.0,Karen Carolyn Langley,KCL0381,44,41,41,23,30,0.13710850929914575,0
KCL0761,0.0,0.0,980.0,0.0,Karleigh Candace Lowe,KCL0761,32,32,12,20,36,0.12266962169744094,0
KCO0122,3033.0,0.0,0.0,0.0,Kermit Coby Oliver,KCO0122,30,32,26,38,33,0.13550432374407734,0
KCS0173,4679.0,0.0,0.0,0.0,Kenyon Chancellor Sharpe,KCS0173,39,20,50,20,30,0.08648238449484497,0
KCS0524,0.0,0.0,690.0,0.0,Katelyn Cailin Solomon,KCS0524,33,41,40,45,27,0.15151914461861488,0
KDD0511,0.0,0.0,690.0,0.0,Keefe Darius Duran,KDD0511,43,26,24,40,26,0.17049062482137922,0
KDH0290,0.0,0.0,690.0,0.0,Karyn Deborah Hunter,KDH0290,28,38,15,23,23,0.14685661747858741,0
KDS0349,4745.0,0.0,0.0,0.0,Kim Dara Sullivan,KDS0349,18,23,20,32,29,0.10360083685198074,0
KDT0346,1003.0,0.0,0.0,0.0,Kibo Dolan Turner,KDT0346,36,41,10,22,33,0.1300250788607365,0
KEP0423,0.0,0.0,690.0,0.0,Kelly Elton Porter,KEP0423,41,28,43,25,29,0.16678351680552445,0
KES0729,5014.0,0.0,0.0,0.0,Kylie Elizabeth Santos,KES0729,20,10,24,45,31,0.058749344974909246,0
KFB0241,0.0,0.0,690.0,0.0,Kyra Fiona Bonner,KFB0241,38,49,42,40,31,0.136245173691334,0
KFB0590,0.0,0.0,690.0,0.0,Kevyn Frances Brennan,KFB0590,35,36,13,12,38,0.11302607504116446,0
KFD0578,0.0,0.0,690.0,0.0,Kirsten Faith Drake,KFD0578,38,33,46,50,21,0.08172576883656502,0
KGM0616,0.0,164.0,1418.0,353.0,Karleigh Gemma Morales,KGM0616,20,30,37,23,31,0.09369763583812613,0
KGR0690,0.0,0.0,960.0,0.0,Keane Gary Russo,KGR0690,43,10,18,24,31,0.1179685065989427,0
KHC0465,0.0,0.0,372.0,0.0,Kelly Hashim Carr,KHC0465,39,21,17,50,33,0.12176829085306279,0
KIL0618,0.0,0.0,690.0,0.0,Kendall Imani Lancaster,KIL0618,35,37,37,30,28,0.17835429983684142,0
KJA0152,3687.0,0.0,0.0,0.0,Kimberley Joy Anderson,KJA0152,16,16,39,38,34,0.09699383073157397,0
KJB0503,0.0,0.0,706.0,0.0,Kane Julian Burgess,KJB0503,42,25,22,25,31,0.1753965493801526,0
KJC0931,0.0,2521.0,1433.0,304.0,Kitra Jenette Chambers,KJC0931,34,42,37,14,34,0.05222286750673788,0
KJF0253,0.0,0.0,798.0,0.0,Kamal Judah Fox,KJF0253,44,17,35,17,38,0.12606295233848602,0
KJG0910,991.0,0.0,0.0,0.0,Kermit Jonas Gould,KJG0910,37,10,31,18,29,0.12863257727523786,0
KJJ0293,333.0,0.0,0.0,0.0,Kirk Jakeem Joyce,KJJ0293,41,42,23,39,33,0.1667331419320855,0
KJM0887,1005.0,0.0,0.0,0.0,Kibo Josiah Murray,KJM0887,31,47,14,16,32,0.11033123119088695,0
KJP0371,3700.0,0.0,0.0,0.0,Kyla Jocelyn Porter,KJP0371,36,21,25,15,30,0.13835736778082508,0
KJP0844,0.0,522.0,1419.0,307.0,Kitra Jenette Patel,KJP0844,39,23,19,37,42,0.0605190675830084,0
KJS0618,5059.0,0.0,0.0,0.0,Kay Janna Snider,KJS0618,19,15,20,10,37,0.030176538415073284,0
KJW0416,3037.0,0.0,0.0,0.0,Katell Jasmine Wiggins,KJW0416,50,46,39,41,30,0.09452695228469288,0
KKC0234,0.0,0.0,690.0,0.0,Kyla Katelyn Calhoun,KKC0234,38,43,41,22,33,0.1608210493120727,0
KKC0683,3054.0,0.0,0.0,0.0,Kessie Kay Cooper,KKC0683,32,37,37,48,35,0.10181117755261448,0
KKP0830,0.0,0.0,784.0,0.0,Kathleen Kelsie Page,KKP0830,39,41,20,43,27,0.1719812753034209,0
KKS0119,4684.0,0.0,0.0,0.0,Kimberley Kiona Sosa,KKS0119,15,28,39,33,27,0.0813000341022092,0
KKW0879,5158.0,0.0,0.0,0.0,Keane Kennan Watts,KKW0879,36,42,21,31,27,0.12026820327457954,0
KLF0685,0.0,844.0,941.0,704.0,Kevin Laith Fry,KLF0685,39,18,38,28,27,0.12156217631818844,0
KLH0596,279.0,0.0,0.0,0.0,Kasper Lance Huffman,KLH0596,30,10,35,12,29,0.10063590147193718,0
KLH0708,0.0,0.0,690.0,0.0,Kendall Lynn Hatfield,KLH0708,35,38,42,43,32,0.15804856709963078,0
KLM0639,1018.0,0.0,0.0,0.0,Katelyn Lani Murray,KLM0639,20,15,24,40,26,0.11973857372355151,0
KMB0922,3027.0,0.0,0.0,0.0,Keegan Marvin Benson,KMB0922,43,43,17,24,27,0.14720453525316207,0
KMD0580,0.0,0.0,690.0,0.0,Kitra MacKensie Dillon,KMD0580,22,10,41,16,31,0.10684790657669968,0
KMH0307,0.0,970.0,1186.0,1340.0,Kathleen Molly Hunter,KMH0307,37,19,34,19,33,0.08989715257591918,0
KMH0400,0.0,0.0,528.0,0.0,Kitra Montana Henderson,KMH0400,47,44,14,20,29,0.12068396971720546,0
KMH0998,0.0,0.0,690.0,0.0,Kelsie Mia Humphrey,KMH0998,39,38,38,18,27,0.17926461576533315,0
KMS0657,1006.0,0.0,0.0,0.0,Kay Maxine Skinner,KMS0657,17,31,21,17,29,0.14011204450942366,0
KMW0545,3025.0,0.0,0.0,0.0,Keely Mollie Weiss,KMW0545,19,16,18,23,32,0.12885588693933908,0
KNB0022,3646.0,0.0,0.0,0.0,Keane Nicholas Blevins,KNB0022,22,38,45,16,30,0.09892584535073057,0
KNC0291,0.0,0.0,689.0,0.0,Kendall Nevada Coffey,KNC0291,37,40,39,19,27,0.17935646446443165,0
KNG0672,2611.0,0.0,0.0,0.0,Kasimir Nehru Galloway,KNG0672,21,40,18,20,27,0.14279780542634435,0
KNW0405,0.0,0.0,690.0,0.0,Kirsten Nevada Wilkerson,KNW0405,32,33,19,32,36,0.16308857301509905,0
KNW0644,1015.0,0.0,0.0,0.0,Keiko Naida Webb,KNW0644,15,20,23,15,25,0.11831474602571712,0
KOM0357,0.0,0.0,690.0,0.0,Kelsey Olivia Mosley,KOM0357,34,43,35,22,32,0.1790882480975961,0
KPB0549,0.0,0.0,1358.0,0.0,Kylan Pamela Barry,KPB0549,33,38,27,46,30,0.1170543142938435,0
KPC0073,1311.0,0.0,0.0,0.0,Kareem Porter Collins,KPC0073,44,30,11,16,23,0.09647596517788087,0
KPP0452,341.0,0.0,0.0,0.0,Kai Penelope Peck,KPP0452,44,46,44,16,19,0.07894141299650653,0
KPR0497,5028.0,0.0,0.0,0.0,Kirk Palmer Rosales,KPR0497,50,43,43,20,29,0.06562253404714802,0
KQC0708,336.0,0.0,0.0,0.0,Kevyn Quin Charles,KQC0708,34,18,39,42,23,0.13659717369608876,0
KQS0415,3032.0,0.0,0.0,0.0,Kane Quinlan Stevenson,KQS0415,35,42,13,14,34,0.11297665373891524,0
KRG0158,3710.0,0.0,0.0,0.0,Kenyon Raja Galloway,KRG0158,34,38,42,14,27,0.12838762292104344,0
KRH0812,0.0,5899.0,1286.0,804.0,Kato Rafael Hubbard,KRH0812,41,14,24,15,16,-0.05055948535941257,1
KRL0062,3691.0,0.0,0.0,0.0,Keaton Ronan Leonard,KRL0062,37,16,17,20,33,0.12700775312099538,0
KRL0501,3871.0,0.0,0.0,0.0,Kirby Ruby Lyons,KRL0501,18,27,23,28,26,0.1179099923350565,0
KRM0541,3022.0,0.0,0.0,0.0,Kimberley Roary Maldonado,KRM0541,40,20,38,36,23,0.12818627180203085,0
KRV0372,3711.0,0.0,0.0,0.0,Kennedy Robert Vega,KRV0372,40,39,25,35,32,0.15350753034449227,0
KSC0255,0.0,0.0,966.0,0.0,Kai Susan Chaney,KSC0255,35,34,38,36,30,0.16705707380000334,0
KSH0569,2998.0,0.0,0.0,0.0,Kameko Signe Harrison,KSH0569,15,39,23,14,22,0.07063129622417952,0
KSM0561,0.0,0.0,690.0,0.0,Kenyon Salvador May,KSM0561,24,14,30,36,35,0.14391864835794466,0
KSP0357,2496.0,0.0,0.0,0.0,Kennedy Shad Parker,KSP0357,41,40,29,19,24,0.1423725832555512,0
KSP0966,333.0,0.0,0.0,0.0,Kenneth Steel Porter,KSP0966,42,36,19,24,35,0.16486616386612163,0
KTC0053,0.0,0.0,136.0,0.0,Kennan Thane Chavez,KTC0053,44,18,21,26,37,0.14107494109714847,0
KTG0001,0.0,0.0,958.0,0.0,Kaden Tarik Giles,KTG0001,23,20,15,37,36,0.11094408069632011,0
KTG0091,2992.0,0.0,0.0,0.0,Kendall Thaddeus Glover,KTG0091,46,41,16,15,29,0.12309625249975098,0
KTH0256,0.0,0.0,690.0,0.0,Kyle Troy Hull,KTH0256,42,20,20,45,27,0.15243744496462608,0
KTR0907,0.0,0.0,892.0,0.0,Kadeem Troy Randolph,KTR0907,21,26,26,24,42,0.11002206828922145,0
KTS0879,0.0,0.0,952.0,0.0,Kasper Thomas Shelton,KTS0879,33,13,20,21,25,0.14687029557099818,0
KVS0425,3014.0,0.0,0.0,0.0,Kirestin Vanna Sykes,KVS0425,20,19,21,30,35,0.12258382930342004,0
KVT0028,3041.0,0.0,0.0,0.0,Kessie Vielka Trevino,KVT0028,44,20,35,19,37,0.11186760058136253,0
KWC0004,8997.0,0.0,0.0,0.0,Kai Wynne Craft,KWC0004,23,38,39,20,27,0.03915192893772157,0
KWE0082,3028.0,0.0,0.0,0.0,Kane Walter Eaton,KWE0082,38,43,19,48,35,0.11370775715706344,0
KXF0634,0.0,0.0,690.0,0.0,Kirk Xanthus Fleming,KXF0634,10,34,15,39,33,0.10457343329889168,0
KZM0791,0.0,0.0,690.0,0.0,Kasper Zeph Moran,KZM0791,20,35,21,46,39,0.10327389767768164,0
LAD0514,0.0,0.0,997.0,0.0,Laura Aspen Dunlap,LAD0514,45,44,47,17,29,0.11525042618410214,0
LAF0991,3025.0,0.0,0.0,0.0,Lucas Ahmed Ferrell,LAF0991,40,39,36,22,34,0.15389200669425207,0
LAG0639,0.0,1560.0,1374.0,7915.0,Laith Arden Gardner,LAG0639,33,35,20,34,27,-0.04674141261928255,1
LAM0911,4728.0,0.0,0.0,0.0,Lillith Adena Matthews,LAM0911,42,43,27,38,22,0.10001021776507552,0
LAP0338,1420.0,0.0,0.0,0.0,Lynn Adena Pratt,LAP0338,42,23,33,45,31,0.1329670894033098,0
LAV0312,0.0,0.0,689.0,0.0,Lucy Anika Valenzuela,LAV0312,41,40,21,49,28,0.14555654966951137,0
LBC0356,3696.0,0.0,0.0,0.0,Logan Branden Cherry,LBC0356,40,30,40,21,41,0.1172845913143632,0
LBC0918,0.0,0.0,690.0,0.0,Lev Baxter Cabrera,LBC0918,36,37,15,37,29,0.1684031403059254,0
LBF0214,6135.0,0.0,0.0,0.0,Leslie Briar Fields,LBF0214,18,44,18,38,28,0.04202027055299329,0
LBH0942,3918.0,0.0,0.0,0.0,Lyle Brady Hayes,LBH0942,40,42,23,30,29,0.1502028158699733,0
LBM0101,0.0,0.0,690.0,0.0,Lila Brooke Mann,LBM0101,17,12,17,19,33,0.1200421674550955,0
LBW0600,0.0,2295.0,1116.0,283.0,Libby Bell Willis,LBW0600,38,33,46,22,32,0.062272080222342985,0
LCB0664,4697.0,0.0,0.0,0.0,Lysandra Chastity Brennan,LCB0664,16,19,36,24,32,0.10315469348736706,0
LCC0819,1413.0,0.0,0.0,0.0,Leslie Cassandra Colon,LCC0819,32,14,11,15,27,0.11071548363196931,0
LCD0622,4977.0,0.0,0.0,0.0,Leo Chaney Daugherty,LCD0622,30,26,13,14,26,0.08048949025414714,0
LCD0715,0.0,0.0,256.0,0.0,Lillith Chanda Delgado,LCD0715,24,23,36,38,29,0.14609958959081903,0
LCG0665,0.0,0.0,690.0,0.0,Lucius Cullen Gallagher,LCG0665,38,22,43,38,38,0.13459613694157596,0
LCM0360,0.0,0.0,690.0,0.0,Lance Curran Mathews,LCM0360,41,20,36,19,27,0.17807890939103554,0
LCP0957,0.0,0.0,690.0,0.0,Lev Colby Pope,LCP0957,37,11,38,17,31,0.13856413731907818,0
LDB0090,3657.0,0.0,0.0,0.0,Lani Dai Beard,LDB0090,40,14,39,41,34,0.11889781953303624,0
LDD0560,400.0,0.0,0.0,0.0,Leslie Denise Dillon,LDD0560,25,43,39,26,35,0.12395933213357047,0
LDF0262,0.0,0.0,690.0,0.0,Laith Dante Forbes,LDF0262,24,14,21,44,30,0.13633654794802658,0
LDG0459,332.0,0.0,0.0,0.0,Lacota Dahlia Good,LDG0459,20,41,10,50,34,0.06554902636000559,0
LDM0587,335.0,0.0,0.0,0.0,Lila Dana Mcintyre,LDM0587,49,20,23,21,26,0.14006537470276004,0
LEB0888,0.0,306.0,1257.0,333.0,Lucian Elijah Brooks,LEB0888,37,26,17,43,19,0.06449569901182128,0
LEH0789,0.0,0.0,690.0,0.0,Leo Edward Hopkins,LEH0789,37,25,44,13,32,0.13938541783336705,0
LEM0605,4958.0,0.0,0.0,0.0,Leo Elmo Monroe,LEM0605,46,50,40,39,26,0.06984350463841593,0
LFR0605,0.0,0.0,690.0,0.0,Lavinia Faith Ratliff,LFR0605,21,29,39,18,33,0.16140114853759385,0
LFS0071,3061.0,0.0,0.0,0.0,Lamar Francis Scott,LFS0071,48,31,14,17,25,0.09623432159785256,0
LGL0964,0.0,0.0,690.0,0.0,Laith Griffith Livingston,LGL0964,35,15,41,41,34,0.14080992196564573,0
LGR0884,0.0,0.0,962.0,0.0,Lee Griffin Rasmussen,LGR0884,49,13,18,22,35,0.10014001516709514,0
LGW0987,0.0,1742.0,1100.0,761.0,Lucas Grady Wyatt,LGW0987,32,12,44,38,26,0.03110066378796017,0
LHB0606,1161.0,0.0,0.0,0.0,Louis Hyatt Bruce,LHB0606,37,38,15,27,27,0.16097781902243952,0
LHB0967,330.0,0.0,0.0,0.0,Leo Hasad Byrd,LHB0967,37,38,41,47,33,0.14313568366059715,0
LHC0329,0.0,0.0,1249.0,0.0,Lamar Hakeem Conner,LHC0329,14,32,30,50,20,0.02740966233636255,0
LHL0309,4981.0,0.0,0.0,0.0,Lacota Hilda Lindsey,LHL0309,19,34,27,46,37,0.05291150066062156,0
LHN0151,1680.0,0.0,0.0,0.0,Lacota Helen Nash,LHN0151,13,15,19,32,26,0.10059685945538083,0
LHP0799,0.0,0.0,690.0,0.0,Lilah Hermione Parrish,LHP0799,38,35,41,44,30,0.15153119851762825,0
LIM0602,0.0,0.0,971.0,0.0,Leigh Ina Merrill,LIM0602,43,40,36,15,29,0.1580224435061809,0
LIM0674,3071.0,0.0,0.0,0.0,Leah Idola Moran,LIM0674,18,13,35,49,20,0.03661278095295162,0
LIO0759,0.0,0.0,690.0,0.0,Lynn Illiana Osborn,LIO0759,38,45,38,30,24,0.14855552381119885,0
LJB0106,0.0,0.0,690.0,0.0,Lane Jonathan Bridges,LJB0106,39,24,18,17,31,0.17397044401402728,0
LJB0826,336.0,0.0,0.0,0.0,Laith Jason Britt,LJB0826,38,21,39,15,32,0.15911125251000963,0
LJJ0905,1026.0,0.0,0.0,0.0,Lionel Jasper Johnston,LJJ0905,43,36,12,22,30,0.144265880871158,0
LJR0523,480.0,0.0,0.0,0.0,Lavinia Justine Richmond,LJR0523,32,21,11,33,25,0.11781447145257529,0
LJT0817,3024.0,0.0,0.0,0.0,Luke Jacob Talley,LJT0817,39,43,38,39,24,0.1399808263079534,0
LKF0122,0.0,0.0,690.0,0.0,Lysandra Keiko Franks,LKF0122,38,37,22,25,30,0.18141024604271438,0
LKF0701,0.0,4612.0,388.0,2905.0,Levi Keegan Foley,LKF0701,13,28,42,45,34,-0.04235550761319762,1
LKH0870,0.0,0.0,82.0,0.0,Lars Kenyon Harding,LKH0870,21,25,30,30,23,0.13682885230276443,0
LLV0602,5058.0,0.0,0.0,0.0,Lee Lacey Velez,LLV0602,36,10,36,37,33,0.08282950269996725,0
LMF0980,3690.0,0.0,0.0,0.0,Leonard Malachi Floyd,LMF0980,42,45,12,44,35,0.08294636045256198,0
LMH0724,0.0,0.0,690.0,0.0,Lawrence Mark Harrington,LMH0724,20,10,25,28,26,0.11960471048463339,0
LMR0049,0.0,3190.0,1026.0,305.0,Laura Moana Rowland,LMR0049,45,43,33,14,27,0.05011442752655271,0
LMT0062,0.0,0.0,690.0,0.0,Leah Molly Tate,LMT0062,21,21,40,26,28,0.16179954280709835,0
LNR0656,1015.0,0.0,0.0,0.0,Lacey Nomlanga Rasmussen,LNR0656,25,39,12,30,23,0.1004371451657654,0
LNS0989,3037.0,0.0,0.0,0.0,Lamar Nissim Strickland,LNS0989,34,38,45,30,31,0.12238866302982015,0
LOD0682,0.0,0.0,690.0,0.0,Lamar Oleg Donaldson,LOD0682,22,38,36,20,35,0.16156177934102056,0
LOF0311,5030.0,0.0,0.0,0.0,Lionel Omar Fisher,LOF0311,41,15,36,10,32,0.06197174780368497,0
LOM0086,1237.0,0.0,0.0,0.0,Lane Oleg Mclaughlin,LOM0086,18,10,34,23,33,0.09776701875702376,0
LPC0492,5075.0,0.0,0.0,0.0,Lenore Piper Cardenas,LPC0492,30,23,22,30,26,0.10957003197463261,0
LPH0572,36.0,0.0,0.0,0.0,Lunea Priscilla Hardy,LPH0572,40,13,17,38,36,0.13541418454104281,0
LPR0647,0.0,0.0,690.0,0.0,Lucius Plato Russell,LPR0647,22,20,16,39,29,0.13644362704485818,0
LQC0479,2853.0,0.0,0.0,0.0,Leilani Quail Callahan,LQC0479,27,38,34,17,36,0.11503957658912989,0
LQP0508,991.0,0.0,0.0,0.0,Lester Quamar Pearson,LQP0508,26,44,21,40,27,0.1430556088464091,0
LRL0873,0.0,1122.0,515.0,143.0,Lucian Rajah Lloyd,LRL0873,39,15,19,44,15,0.02525977202153007,0
LRR0148,5427.0,0.0,0.0,0.0,Libby Rosalyn Richard,LRR0148,21,19,14,14,29,0.06911941233821617,0
LRW0970,337.0,0.0,0.0,0.0,Lilah Renee Wagner,LRW0970,10,26,39,22,28,0.12162381840304798,0
LSE0108,0.0,0.0,690.0,0.0,Lillith Sade England,LSE0108,41,36,41,19,38,0.1401712565262005,0
LSH0223,0.0,0.0,690.0,0.0,Lars Scott Hatfield,LSH0223,21,23,10,34,27,0.11269818512087659,0
LTJ0022,0.0,2948.0,964.0,1968.0,Lester Thane Johns,LTJ0022,47,28,19,34,26,0.023936287578047888,0
LTS0860,5096.0,0.0,0.0,0.0,Leila Tallulah Steele,LTS0860,48,20,29,20,31,0.07901186948795191,0
LUA0184,0.0,0.0,830.0,0.0,Lana Uma Alexander,LUA0184,39,34,45,24,31,0.1481400902774691,0
LUP0038,0.0,3092.0,4560.0,267.0,Lucius Ulysses Phelps,LUP0038,49,40,43,34,31,-0.02051659940599182,1
LUR0896,867.0,0.0,0.0,0.0,Leonard Uriel Ramos,LUR0896,15,11,47,43,28,0.05433566038976012,0
LXW0999,0.0,6350.0,702.0,4173.0,Lana Xandra Waller,LXW0999,20,26,45,20,35,-0.024988562969366135,1
LYF0587,0.0,0.0,690.0,0.0,Lee Yen Frazier,LYF0587,35,30,36,34,37,0.16188892617245837,0
LZV0162,0.0,322.0,1136.0,266.0,Len Zachery Vaughn,LZV0162,47,20,46,47,32,0.04227757551467082,0
MAA0364,0.0,0.0,690.0,0.0,Miriam Autumn Acevedo,MAA0364,43,43,19,37,26,0.17187498730736595,0
MAB0066,0.0,0.0,1134.0,0.0,Maryam Althea Bird,MAB0066,36,32,20,32,30,0.16182081388060715,0
MAB0267,0.0,0.0,690.0,0.0,Madaline Alisa Bond,MAB0267,41,36,43,20,28,0.164916525982292,0
MAB0377,0.0,0.0,434.0,0.0,Morgan Avye Banks,MAB0377,19,43,20,19,25,0.14385885901193446,0
MAD0103,0.0,0.0,690.0,0.0,Melvin Alec Delgado,MAD0103,24,27,23,39,37,0.14206935011806027,0
MAD0496,1727.0,0.0,0.0,0.0,Martin Armand Douglas,MAD0496,34,30,40,42,24,0.1333530146758784,0
MAD0753,5049.0,0.0,0.0,0.0,Mallory Alexis Daniel,MAD0753,50,30,36,41,33,0.0719040029298686,0
MAE0331,1022.0,0.0,0.0,0.0,Magee Ashton Evans,MAE0331,36,39,18,12,28,0.152210466890834,0
MAH0149,3720.0,0.0,0.0,0.0,Myles August Heath,MAH0149,41,39,38,27,40,0.12017619124129952,0
MAH0864,5046.0,0.0,0.0,0.0,Malik Adrian Hebert,MAH0864,30,46,25,20,25,0.09298877007593553,0
MAP0557,0.0,0.0,967.0,0.0,Maggy Aspen Pitts,MAP0557,43,35,18,36,31,0.15512911002892082,0
MAR0955,284.0,0.0,0.0,0.0,Micah Abdul Rojas,MAR0955,36,44,23,44,25,0.15894226297066194,0
MAS0025,2706.0,0.0,0.0,0.0,Melissa Ava Stuart,MAS0025,23,14,20,21,23,0.10570752215769663,0
MAS0500,0.0,0.0,690.0,0.0,Merritt Abbot Salinas,MAS0500,43,36,15,43,40,0.12425479987259114,0
MAV0711,0.0,0.0,690.0,0.0,Mohammad Armando Vega,MAV0711,19,13,18,18,37,0.11453883466345954,0
MAW0166,4665.0,0.0,0.0,0.0,Meredith Ainsley Wolf,MAW0166,44,16,21,17,34,0.08947044984154051,0
MBG0438,2009.0,0.0,0.0,0.0,Melvin Brody Garza,MBG0438,38,17,37,16,29,0.15274649617411817,0
MBJ0312,5053.0,0.0,0.0,0.0,Meghan Brianna Jensen,MBJ0312,22,45,49,12,26,0.040454693724777946,0
MBR0724,338.0,0.0,0.0,0.0,Montana Basia Roberts,MBR0724,33,44,18,35,31,0.16953985752539896,0
MBS0355,0.0,0.0,658.0,0.0,Megan Brynn Snyder,MBS0355,34,43,30,11,24,0.13972384668687876,0
MBW0809,258.0,0.0,0.0,0.0,Marshall Benjamin Wilcox,MBW0809,43,45,44,18,19,0.10236572143826089,0
MCD0125,1542.0,0.0,0.0,0.0,Mallory Charissa Dixon,MCD0125,36,26,50,22,23,0.09673128964922545,0
MCF0327,5031.0,0.0,0.0,0.0,Martina Cassandra Fields,MCF0327,39,41,24,44,25,0.10720976176792102,0
MCF0456,0.0,0.0,951.0,0.0,Madeson Chanda Foley,MCF0456,19,23,45,47,31,0.08567660850994224,0
MCF0600,239.0,0.0,0.0,0.0,Maxwell Clark Faulkner,MCF0600,39,49,13,26,27,0.1266859158380617,0
MCH0731,0.0,0.0,689.0,0.0,Melodie Chastity Horne,MCH0731,35,30,38,21,24,0.16855738859208702,0
MCJ0324,4982.0,0.0,0.0,0.0,Melodie Chantale Joyce,MCJ0324,28,20,40,20,36,0.09203685545462498,0
MCL0139,0.0,0.0,1279.0,0.0,Myra Casey Lambert,MCL0139,18,35,12,18,33,0.08432182730373772,0
MCN0973,0.0,0.0,690.0,0.0,Macey Colleen Nash,MCN0973,39,39,41,14,29,0.15834612992416264,0
MCP0926,0.0,0.0,714.0,0.0,Martina Christine Petersen,MCP0926,49,41,37,43,25,0.13323003703209857,0
MCR0735,0.0,129.0,1190.0,240.0,Moana Cara Riggs,MCR0735,16,42,44,27,33,0.07511865916186156,0
MCR0951,0.0,0.0,963.0,0.0,Meredith Carly Richardson,MCR0951,32,40,44,46,23,0.1046326287685026,0
MCS0035,4650.0,0.0,0.0,0.0,Mallory Carol Spence,MCS0035,42,17,38,15,33,0.1003259886889763,0
MCT0720,337.0,0.0,0.0,0.0,Macey Christen Turner,MCT0720,34,12,20,22,37,0.128075481379251,0
MDG0601,0.0,0.0,794.0,0.0,Maxwell Driscoll Gross,MDG0601,22,37,33,20,29,0.17242506599836327,0
MDH0580,295.0,0.0,0.0,0.0,Morgan Deborah Hoover,MDH0580,41,37,18,40,31,0.1763443876767511,0
MDH0686,4020.0,0.0,0.0,0.0,Maxwell Dante Hutchinson,MDH0686,37,43,31,20,38,0.11608216535584287,0
MDM0625,5341.0,0.0,0.0,0.0,Melyssa Deirdre Morgan,MDM0625,18,42,36,27,24,0.06675534403051264,0
MDM0976,3700.0,0.0,0.0,0.0,Myles Donovan Macias,MDM0976,41,40,38,20,31,0.14713966516509785,0
MDS0121,0.0,0.0,1498.0,0.0,Melyssa Deborah Spence,MDS0121,32,43,25,26,28,0.1163252526742482,0
MEL0063,0.0,363.0,1276.0,270.0,Mufutau Elmo Lara,MEL0063,17,19,10,23,34,0.04634688589543512,0
MES0407,2998.0,0.0,0.0,0.0,Minerva Emerald Solomon,MES0407,38,44,25,47,37,0.10201339089286088,0
MES0501,0.0,0.0,690.0,0.0,Molly Eliana Suarez,MES0501,50,40,43,20,34,0.1273141165272193,0
MFV0897,996.0,0.0,0.0,0.0,Meredith Florence Valdez,MFV0897,18,13,23,25,33,0.11934636904942536,0
MGN0301,0.0,0.0,690.0,0.0,Morgan Gretchen Nunez,MGN0301,37,38,21,41,26,0.17773803295299123,0
MGS0974,4073.0,0.0,0.0,0.0,Mari Gretchen Shaw,MGS0974,17,39,39,40,27,0.098661457954283,0
MHA0798,3030.0,0.0,0.0,0.0,Montana Hannah Arnold,MHA0798,11,27,17,22,40,0.08268176755666584,0
MHG0244,2977.0,0.0,0.0,0.0,Matthew Harper Glass,MHG0244,42,46,21,15,22,0.11071762852652955,0
MHG0733,4973.0,0.0,0.0,0.0,Maxwell Hammett Green,MHG0733,43,30,24,42,29,0.11536938059917345,0
MHH0180,805.0,0.0,0.0,0.0,Merrill Hiram Hess,MHH0180,19,41,35,10,29,0.11222375398730577,0
MIB0904,1014.0,0.0,0.0,0.0,Margaret Illana Burch,MIB0904,22,21,34,38,25,0.14296363970130316,0
MIC0726,5039.0,0.0,0.0,0.0,Martin Ivan Cooper,MIC0726,32,41,43,17,23,0.09020915733285673,0
MIH0767,0.0,0.0,690.0,0.0,Maya Iona Huff,MIH0767,46,39,24,18,27,0.16857644396698013,0
MIK0681,0.0,0.0,1124.0,0.0,Melanie Iris Kaufman,MIK0681,40,42,19,10,25,0.11945307762262924,0
MIL0255,3036.0,0.0,0.0,0.0,Mercedes Ina Landry,MIL0255,38,16,39,21,27,0.14768822118869912,0
MIM0352,0.0,0.0,690.0,0.0,Macy Imani Mclean,MIM0352,10,19,38,18,34,0.11355724289320918,0
MIM0712,339.0,0.0,0.0,0.0,Mariko Ivana Mckee,MIM0712,16,15,39,23,22,0.1036695136501451,0
MIN0513,0.0,1745.0,954.0,1343.0,Melvin Isaac Nixon,MIN0513,37,26,14,41,33,0.0435925746454735,0
MJB0540,0.0,0.0,690.0,0.0,Minerva Jocelyn Buckner,MJB0540,41,18,18,10,33,0.12667032932822514,0
MJB0588,372.0,0.0,0.0,0.0,Mikayla Jaden Barron,MJB0588,39,24,15,47,38,0.10021557208212212,0
MJM0080,0.0,0.0,554.0,0.0,Martin Jonathan Martin,MJM0080,43,19,47,39,29,0.12408766799411552,0
MJM0510,1005.0,0.0,0.0,0.0,Macon Joseph Morrison,MJM0510,32,33,22,18,39,0.1367053839879238,0
MJO0963,0.0,0.0,1151.0,0.0,Mari Jamalia Owen,MJO0963,37,50,20,30,33,0.12897767725250497,0
MJR0336,0.0,0.0,690.0,0.0,Mollie Jemima Roth,MJR0336,31,37,36,42,31,0.17168714373678867,0
MJR0485,0.0,0.0,690.0,0.0,Malachi Jakeem Rush,MJR0485,49,18,24,48,31,0.12021431407491484,0
MJS0890,1022.0,0.0,0.0,0.0,Mira Jamalia Snow,MJS0890,10,26,16,11,29,0.06447091687596562,0
MKD0471,0.0,0.0,969.0,0.0,Mufutau Kadeem Dickson,MKD0471,36,44,12,41,29,0.12598678664833768,0
MKD0730,0.0,0.0,690.0,0.0,Magee Kane Delgado,MKD0730,19,20,25,13,30,0.13372465647743403,0
MKG0711,337.0,0.0,0.0,0.0,Myra Kay Greer,MKG0711,17,26,43,32,38,0.11148326194880487,0
MKL0941,2973.0,0.0,0.0,0.0,Madonna Kristen Love,MKL0941,16,26,20,38,30,0.12309874998328879,0
MKP0861,4983.0,0.0,0.0,0.0,Macon Kyle Pope,MKP0861,36,42,39,34,29,0.11279016357660049,0
MKS0204,3682.0,0.0,0.0,0.0,MacKenzie Kristen Stewart,MKS0204,21,30,21,16,31,0.13108721107559607,0
MKW0441,1011.0,0.0,0.0,0.0,Macy Karleigh Winters,MKW0441,15,25,45,20,34,0.09921953205304568,0
MLD0755,5065.0,0.0,0.0,0.0,Meredith Lunea Delaney,MLD0755,24,18,19,43,37,0.06708109254342387,0
MLG0475,337.0,0.0,0.0,0.0,Melodie Lee Glenn,MLG0475,45,16,18,19,25,0.14579615873762292,0
MLL0598,335.0,0.0,0.0,0.0,Marcia Lillian Lynn,MLL0598,44,17,23,49,29,0.13417076702084263,0
MLM0570,0.0,0.0,1159.0,0.0,McKenzie Leigh Mckee,MLM0570,48,38,17,10,29,0.09795729396036279,0
MLM0885,0.0,0.0,690.0,0.0,Matthew Lyle Manning,MLM0885,14,16,37,42,39,0.09022257421766666,0
MLM0950,404.0,0.0,0.0,0.0,Madison Lydia Morrison,MLM0950,24,20,29,23,36,0.1320406154541387,0
MLO0553,0.0,6654.0,1308.0,918.0,Mallory Lynn Osborn,MLO0553,17,19,42,18,26,-0.00837575371942334,1
MLP0668,3034.0,0.0,0.0,0.0,Medge Liberty Petersen,MLP0668,40,17,16,43,33,0.1144723211130631,0
MLS0438,0.0,0.0,690.0,0.0,Micah Lyle Sloan,MLS0438,14,39,29,40,30,0.13490832648042766,0
MMB0488,4439.0,0.0,0.0,0.0,Maggy Melissa Burt,MMB0488,21,18,16,24,27,0.11205615212380471,0
MMG0943,2999.0,0.0,0.0,0.0,MacKensie Mara Grant,MMG0943,23,27,28,34,26,0.1284365250600446,0
MMM0840,0.0,0.0,690.0,0.0,Minerva Maya Mcintyre,MMM0840,31,35,21,28,27,0.1766656414745314,0
MMO0264,0.0,7886.0,766.0,5398.0,Maxwell Mason Osborne,MMO0264,34,13,34,40,35,-0.06675819001826433,1
MMS0872,0.0,289.0,1161.0,295.0,Madeline Mia Schultz,MMS0872,31,34,36,21,26,0.1140405263392536,0
MNB0535,0.0,0.0,690.0,0.0,Merrill Neil Bishop,MNB0535,20,40,24,15,41,0.09716689505287457,0
MNC0717,338.0,0.0,0.0,0.0,Mufutau Nehru Contreras,MNC0717,30,37,22,22,34,0.16255298207646712,0
MNR0829,331.0,0.0,0.0,0.0,Maryam Nelle Ruiz,MNR0829,41,33,40,15,23,0.1390772839058711,0
MNS0224,3688.0,0.0,0.0,0.0,Medge Nichole Sims,MNS0224,46,21,22,45,30,0.10631093423059562,0
MNT0552,0.0,3849.0,690.0,2131.0,Miranda Natalie Tate,MNT0552,40,38,50,20,30,-0.004740598779094718,1
MOH0273,3463.0,0.0,0.0,0.0,Macaulay Otto Hopkins,MOH0273,39,40,47,50,26,0.07123907816613573,0
MOP0763,995.0,0.0,0.0,0.0,Merritt Oliver Phelps,MOP0763,43,41,22,20,33,0.16070116404086227,0
MOP0874,0.0,3321.0,961.0,1410.0,Minerva Ocean Pratt,MOP0874,40,35,43,47,34,4.105326297287881e-05,0
MOS0047,1892.0,0.0,0.0,0.0,Mariko Olga Snyder,MOS0047,49,39,24,34,23,0.11749977064330702,0
MPB0376,0.0,257.0,140.0,28.0,Moses Paul Bowers,MPB0376,40,21,23,37,21,0.11690970366154718,0
MPL0185,0.0,0.0,690.0,0.0,Maia Paloma Long,MPL0185,30,43,15,38,23,0.14161124130068947,0
MPM0060,0.0,0.0,973.0,0.0,Madaline Pamela Mcknight,MPM0060,38,35,36,26,21,0.13517631220906373,0
MPM0220,2307.0,0.0,0.0,0.0,Meghan Phoebe Macias,MPM0220,35,20,42,22,20,0.1069020416487198,0
MPS0594,0.0,0.0,602.0,0.0,Maxine Priscilla Stewart,MPS0594,38,39,33,10,30,0.14820616195843944,0
MPT0376,3195.0,0.0,0.0,0.0,Meredith Pamela Tanner,MPT0376,19,37,41,48,35,0.07712679846015336,0
MPW0904,0.0,0.0,967.0,0.0,Marsden Paul Wong,MPW0904,39,35,39,43,32,0.153613528551026,0
MQF0815,0.0,1014.0,866.0,7407.0,Moses Quincy Finch,MQF0815,17,19,43,28,25,-0.03946259834218735,1
MQM0127,0.0,1586.0,1460.0,1809.0,Maggie Quemby Mccray,MQM0127,33,41,21,22,35,0.038770730969303835,0
MRJ0321,0.0,0.0,690.0,0.0,Mariam Roary Jacobs,MRJ0321,42,45,42,20,24,0.1404526401571634,0
MRK0072,0.0,673.0,1000.0,1434.0,Melissa Ruby Knight,MRK0072,40,36,23,21,28,0.10709274491070592,0
MSC0284,0.0,0.0,806.0,0.0,Mercedes Stephanie Calderon,MSC0284,40,32,11,24,29,0.14179853312721952,0
MSD0674,0.0,2376.0,958.0,300.0,Marny Scarlett Dean,MSD0674,36,47,14,41,34,0.02937277229937796,0
MSD0939,2993.0,0.0,0.0,0.0,Miriam Shoshana Donovan,MSD0939,24,37,15,42,31,0.1287498105328273,0
MSF0206,0.0,0.0,690.0,0.0,Mikayla Sacha Figueroa,MSF0206,33,41,39,46,31,0.15348528241361276,0
MSG0839,335.0,0.0,0.0,0.0,Malcolm Sebastian Garrison,MSG0839,42,46,19,39,29,0.16093300122647408,0
MSH0040,2711.0,0.0,0.0,0.0,Megan Simone Hess,MSH0040,41,11,44,27,31,0.09962541428269267,0
MSK0921,0.0,0.0,690.0,0.0,Merrill Samuel Koch,MSK0921,30,38,10,50,31,0.09875591006572759,0
MSO0222,2546.0,0.0,0.0,0.0,Medge Serina Obrien,MSO0222,32,12,39,46,28,0.10001091618851743,0
MSP0516,0.0,0.0,960.0,0.0,Meredith Sonya Pratt,MSP0516,40,36,42,17,22,0.13187223357196642,0
MSS0001,12034.0,0.0,0.0,0.0,Mona Susan Shannon,MSS0001,21,44,24,45,19,-0.0453880476904891,1
MSZ0310,5011.0,0.0,0.0,0.0,Molly Sacha Zimmerman,MSZ0310,24,38,18,31,29,0.11438592634472738,0
MTB0620,5042.0,0.0,0.0,0.0,Malachi Thor Butler,MTB0620,38,44,41,50,28,0.06236824812870845,0
MTC0911,0.0,0.0,690.0,0.0,Martena Tatyana Cash,MTC0911,42,44,44,13,25,0.12064480986524961,0
MTP0573,0.0,166.0,1498.0,350.0,Moses Todd Perez,MTP0573,20,18,32,15,23,0.05837375383282806,0
MTT0901,82.0,0.0,0.0,0.0,Mohammad Taylor Terrell,MTT0901,41,34,30,40,30,0.17656741184190944,0
MUT0603,0.0,0.0,690.0,0.0,McKenzie Unity Tran,MUT0603,38,38,42,18,29,0.1697363979765485,0
MVB0515,1000.0,0.0,0.0,0.0,Mallory Virginia Bender,MVB0515,38,14,33,31,28,0.1556641238568039,0
MVF0594,335.0,0.0,0.0,0.0,Mohammad Vladimir Farrell,MVF0594,35,38,33,44,36,0.1482003072221592,0
MVH0373,701.0,0.0,0.0,0.0,Madonna Veronica Hardy,MVH0373,44,19,20,21,25,0.15557772031135897,0
MYB0285,0.0,0.0,690.0,0.0,MacKenzie Yael Beasley,MYB0285,40,43,14,22,32,0.15649020787679663,0
MYD0978,2687.0,0.0,0.0,0.0,Mark Yardley Dunlap,MYD0978,39,32,36,13,32,0.12895135542729447,0
MZL0458,0.0,0.0,690.0,0.0,Melissa Zelenia Lindsey,MZL0458,28,37,35,17,25,0.16741248924516988,0
MZP0236,0.0,7160.0,690.0,5423.0,Mariko Zephr Page,MZP0236,39,17,44,22,33,-0.05266796778087601,1
NAB0801,3028.0,0.0,0.0,0.0,Nelle April Bowen,NAB0801,28,34,10,41,29,0.0981289467046052,0
NAB0903,1063.0,0.0,0.0,0.0,Noah Andrew Beck,NAB0903,44,30,19,30,37,0.14321005774105477,0
NAD0041,0.0,0.0,690.0,0.0,Nicholas Anthony Dixon,NAD0041,44,17,23,36,38,0.13300064299657044,0
NAF0033,4678.0,0.0,0.0,0.0,Nicolas Alvin Fitzpatrick,NAF0033,34,40,19,35,29,0.1372598134162475,0
NAF0326,7121.0,0.0,0.0,0.0,Nichole Azalia Frye,NAF0326,33,15,25,20,30,0.06980991176817208,0
NAG0123,0.0,1767.0,1182.0,702.0,Nadine Anjolie Gregory,NAG0123,14,42,24,23,29,0.047933160805602726,0
NAH0503,5750.0,0.0,0.0,0.0,Nicole Aurelia Hanson,NAH0503,33,17,23,35,38,0.0795821162471298,0
NAJ0777,0.0,0.0,872.0,0.0,Nasim Amir Jackson,NAJ0777,22,15,26,43,34,0.12113349163761489,0
NAR0981,3022.0,0.0,0.0,0.0,Nigel Addison Rios,NAR0981,39,39,16,50,36,0.08989709158561682,0
NBC0412,3367.0,0.0,0.0,0.0,Nyssa Britanney Carver,NBC0412,14,25,18,18,31,0.11240207202572833,0
NBH0256,3022.0,0.0,0.0,0.0,Nicolas Brandon Hendrix,NBH0256,41,43,14,21,22,0.11440276424967871,0
NBP0030,0.0,0.0,690.0,0.0,Nicholas Bert Pittman,NBP0030,30,22,16,12,35,0.12087939478643128,0
NCE0097,3032.0,0.0,0.0,0.0,Nehru Cyrus Everett,NCE0097,48,36,20,11,35,0.08514297108490504,0
NCH0179,3707.0,0.0,0.0,0.0,Nina Camille Hodges,NCH0179,17,12,40,17,25,0.09093433763034792,0
NCK0295,334.0,0.0,0.0,0.0,Noble Clinton Klein,NCK0295,31,30,38,36,34,0.1656383110443202,0
NCK0421,2995.0,0.0,0.0,0.0,Nash Conan Knight,NCK0421,40,41,18,43,24,0.1390941288278445,0
NCO0666,3028.0,0.0,0.0,0.0,Nicholas Cade Owen,NCO0666,40,45,10,12,31,0.0920098132214256,0
NDA0686,0.0,0.0,1193.0,0.0,Nash Derek Alford,NDA0686,25,42,25,43,32,0.1229233652261611,0
NDM0417,3044.0,0.0,0.0,0.0,Noble Devin Mack,NDM0417,44,36,50,12,34,0.06667166393985635,0
NEC0824,0.0,0.0,690.0,0.0,Nolan Elmo Cherry,NEC0824,34,15,13,23,25,0.13723492167116308,0
NEE0218,0.0,0.0,690.0,0.0,Nita Evelyn Ellison,NEE0218,39,40,28,40,36,0.15637068198815973,0
NEE0521,0.0,0.0,690.0,0.0,Nicholas Edward Emerson,NEE0521,35,46,33,47,33,0.13710149992053478,0
NGC0058,3713.0,0.0,0.0,0.0,Nadine Gay Cross,NGC0058,44,45,39,15,27,0.11759315545522114,0
NGF0157,3540.0,0.0,0.0,0.0,Nissim Gil French,NGF0157,45,38,22,46,32,0.12255751237892376,0
NGF0599,0.0,0.0,690.0,0.0,Nicolas Gavin Farrell,NGF0599,24,50,16,42,33,0.1169977123967732,0
NGO0690,3017.0,0.0,0.0,0.0,Nigel Gareth Ochoa,NGO0690,43,41,41,17,24,0.12200048087916548,0
NHE0919,3037.0,0.0,0.0,0.0,Nigel Harrison Estrada,NHE0919,25,16,32,21,24,0.12183932970162625,0
NHH0185,1006.0,0.0,0.0,0.0,Nathaniel Hunter Heath,NHH0185,41,43,19,21,33,0.16372671897961644,0
NHW0572,0.0,0.0,962.0,0.0,Nelle Hadley Walker,NHW0572,40,43,21,43,29,0.15557942999043867,0
NIH0093,0.0,0.0,690.0,0.0,Nathan Igor Hogan,NIH0093,44,36,10,46,34,0.11210957511382419,0
NIH0969,330.0,0.0,0.0,0.0,Naida Imelda Hughes,NIH0969,43,25,43,22,22,0.13941963252989115,0
NJB0243,3045.0,0.0,0.0,0.0,Norman Jackson Beck,NJB0243,23,35,37,24,34,0.12361686336763994,0
NJC0705,337.0,0.0,0.0,0.0,Nicolas James Cantu,NJC0705,43,39,29,36,31,0.1723692622194325,0
NJG0654,0.0,0.0,690.0,0.0,Nina Justina Goodman,NJG0654,50,36,36,40,33,0.13948688933059533,0
NJM0628,0.0,0.0,690.0,0.0,Nelle Jade Mcdowell,NJM0628,42,34,21,50,20,0.11784125103723964,0
NJP0752,0.0,0.0,960.0,0.0,Nicholas Jason Potter,NJP0752,23,15,16,11,32,0.10225375381845947,0
NJR0453,0.0,0.0,690.0,0.0,Nerea Joy Richardson,NJR0453,39,44,10,32,31,0.13653916550905404,0
NKB0036,0.0,0.0,690.0,0.0,Nicholas Keane Barlow,NKB0036,34,41,19,32,27,0.17829327073945916,0
NKB0411,0.0,0.0,690.0,0.0,Nicole Karina Brock,NKB0411,44,37,36,23,32,0.17752359275779445,0
NKH0807,3028.0,0.0,0.0,0.0,Nicolas Kadeem Hayden,NKH0807,45,44,40,22,20,0.09084544825975677,0
NKH0979,3735.0,0.0,0.0,0.0,Nathan Kenneth Hicks,NKH0979,30,39,42,22,35,0.1306855759545154,0
NKP0236,2993.0,0.0,0.0,0.0,Nicholas Kato Pennington,NKP0236,45,41,19,40,31,0.14192672354258284,0
NKR0864,0.0,0.0,690.0,0.0,Natalie Kendall Riggs,NKR0864,34,39,23,13,23,0.14366361891694762,0
NLB0989,0.0,695.0,1003.0,732.0,Norman Levi Bentley,NLB0989,20,17,21,15,29,0.07768663903879719,0
NLC0876,0.0,0.0,494.0,0.0,Natalie Lysandra Christian,NLC0876,30,45,21,34,27,0.1473617604107828,0
NLO0131,335.0,0.0,0.0,0.0,Nevada Leilani Ortega,NLO0131,19,13,46,40,29,0.0993318751449015,0
NLP0555,0.0,0.0,690.0,0.0,Norman Leo Pierce,NLP0555,19,21,38,27,27,0.158621868274071,0
NLR0174,0.0,1729.0,1006.0,1892.0,Neil Leonard Rosales,NLR0174,33,26,26,32,31,0.0869555638492151,0
NMB0972,336.0,0.0,0.0,0.0,Naomi Meredith Baxter,NMB0972,45,22,17,20,29,0.15693522580857544,0
NMC0486,5044.0,0.0,0.0,0.0,Nicole Macey Craig,NMC0486,42,10,23,21,27,0.08239117648902039,0
NMF0780,1000.0,0.0,0.0,0.0,Noble Merrill Fuller,NMF0780,44,38,36,20,34,0.16075162950955857,0
NMG0766,1002.0,0.0,0.0,0.0,Nichole Melodie Gilbert,NMG0766,16,23,42,40,31,0.12065464518056601,0
NML0829,0.0,0.0,440.0,0.0,Nichole Maisie Leach,NML0829,26,31,17,14,25,0.1355949140884843,0
NMS0280,1260.0,0.0,0.0,0.0,Nell Mari Schneider,NMS0280,39,42,26,37,27,0.1636246831630061,0
NMV0507,0.0,0.0,690.0,0.0,Nicole Maris Valentine,NMV0507,39,30,21,11,36,0.13925065677798248,0
NNA0610,5045.0,0.0,0.0,0.0,Nola Nerea Ayala,NNA0610,21,35,18,43,26,0.08531255264323928,0
NNG0367,0.0,0.0,597.0,0.0,Nichole Nadine Garner,NNG0367,40,45,18,19,31,0.16770127880834207,0
NNS0059,3033.0,0.0,0.0,0.0,Noah Nathan Shaffer,NNS0059,42,23,48,23,25,0.1089066262380684,0
NOB0181,1368.0,0.0,0.0,0.0,Nevada Odette Bass,NOB0181,31,21,21,41,25,0.1397844506058606,0
NPB0217,0.0,0.0,314.0,0.0,Noah Perry Bolton,NPB0217,32,27,44,18,24,0.12575591005655984,0
NPH0533,0.0,0.0,967.0,0.0,Nelle Pearl Howe,NPH0533,39,44,21,23,20,0.1281775055906632,0
NQT0979,0.0,1720.0,998.0,688.0,Nicole Quincy Townsend,NQT0979,41,44,38,45,28,0.030014951620600194,0
NQW0750,0.0,0.0,690.0,0.0,Natalie Quyn Wilkins,NQW0750,44,43,10,46,31,0.11400920509759593,0
NRB0689,0.0,0.0,1128.0,0.0,Nolan Richard Blackburn,NRB0689,34,23,19,21,27,0.15577634030244547,0
NRD0548,2635.0,0.0,0.0,0.0,Nissim Rafael Delacruz,NRD0548,41,37,41,15,31,0.13914145726213267,0
NRF0137,334.0,0.0,0.0,0.0,Noel Reagan Foster,NRF0137,10,49,38,17,32,0.07381047351775522,0
NRF0610,0.0,0.0,690.0,0.0,Noelani Rebekah Farmer,NRF0610,45,35,27,44,29,0.1572188560962397,0
NRM0617,0.0,0.0,690.0,0.0,Nola Rinah Melton,NRM0617,41,16,50,25,31,0.1236632471153925,0
NRO0768,941.0,0.0,0.0,0.0,Nora Regina Oconnor,NRO0768,18,18,41,25,36,0.11711986374809263,0
NRR0945,0.0,0.0,690.0,0.0,Nicole Roary Roberts,NRR0945,22,24,37,45,22,0.10078185199966982,0
NSA0967,0.0,0.0,690.0,0.0,Neville Stephen Abbott,NSA0967,37,44,43,25,34,0.15195353672120726,0
NSC0597,333.0,0.0,0.0,0.0,Neve Sarah Crane,NSC0597,19,13,11,44,31,0.08297959496420976,0
NSC0622,0.0,0.0,690.0,0.0,Nelle Sharon Cherry,NSC0622,38,35,25,33,35,0.16803702204379967,0
NSS0876,4962.0,0.0,0.0,0.0,Natalie Sheila Santiago,NSS0876,26,20,25,42,31,0.09938395106095005,0
NTC0176,0.0,0.0,1062.0,0.0,Neil Tad Cochran,NTC0176,15,40,30,37,36,0.10995227731065726,0
NUG0614,0.0,796.0,900.0,7745.0,Nicole Uma Guthrie,NUG0614,38,41,39,12,23,-0.04322955144995555,1
NUL0471,333.0,0.0,0.0,0.0,Nero Uriel Little,NUL0471,35,38,38,26,37,0.14985144459111233,0
NWK0215,5547.0,0.0,0.0,0.0,Noelani Wynter Kennedy,NWK0215,21,19,45,18,24,0.06456345985572454,0
NWT0098,2829.0,0.0,0.0,0.0,Nehru Wyatt Tate,NWT0098,35,39,26,36,33,0.14960632276320313,0
NZT0335,0.0,0.0,690.0,0.0,Nyssa Zephr Tyler,NZT0335,20,17,43,23,37,0.1268228003275304,0
OAP0953,0.0,0.0,690.0,0.0,Oleg Ahmed Porter,OAP0953,39,21,18,16,35,0.1623833159280696,0
OAW0299,0.0,0.0,690.0,0.0,Orson Abbot Walker,OAW0299,37,30,29,39,36,0.1578889163758203,0
OBH0499,6229.0,0.0,0.0,0.0,Orson Barrett Houston,OBH0499,35,18,41,16,34,0.06631577791492105,0
OCB0146,0.0,5020.0,1135.0,683.0,Octavia Claudia Bell,OCB0146,44,43,32,17,33,-0.010246667719576052,1
OCB0805,3028.0,0.0,0.0,0.0,Oren Curran Brady,OCB0805,37,33,42,16,18,0.08346186790407684,0
OCC0316,0.0,0.0,690.0,0.0,Omar Christopher Calderon,OCC0316,39,50,22,41,25,0.1504851414322333,0
OCG0047,0.0,0.0,1173.0,0.0,Oscar Camden Graham,OCG0047,22,37,38,23,25,0.1374131803300369,0
OCL0135,0.0,0.0,730.0,0.0,Ocean Clementine Long,OCL0135,40,38,26,37,33,0.1727674020617635,0
OCS0865,5347.0,0.0,0.0,0.0,Oren Clinton Sharpe,OCS0865,29,24,43,35,32,0.08346731164965177,0
OEH0380,0.0,0.0,690.0,0.0,Octavius Evan Henderson,OEH0380,20,32,13,41,31,0.12519012864503665,0
OEM0048,0.0,0.0,690.0,0.0,Octavia Ella Murray,OEM0048,39,39,18,40,32,0.18026355094568802,0
OFS0338,0.0,0.0,690.0,0.0,Odysseus Finn Shepherd,OFS0338,26,42,18,43,34,0.1554732240341552,0
OHC0973,334.0,0.0,0.0,0.0,Otto Hedley Chase,OHC0973,42,24,42,17,35,0.14991939342698218,0
OHE0350,0.0,110.0,702.0,236.0,Odessa Hanna Estrada,OHE0350,45,34,27,14,26,0.12412060412904069,0
OHQ0406,0.0,0.0,690.0,0.0,Odessa Hayley Quinn,OHQ0406,39,34,12,40,26,0.14650499894934216,0
OJB0082,0.0,0.0,690.0,0.0,Olga Jane Bonner,OJB0082,39,24,16,17,37,0.1400046319107613,0
OJK0233,3041.0,0.0,0.0,0.0,Octavius Judah Kirby,OJK0233,40,36,14,22,33,0.1393692804925793,0
OKB0439,3044.0,0.0,0.0,0.0,Oleg Kane Britt,OKB0439,41,42,30,25,27,0.15602350486335942,0
OKC0107,3007.0,0.0,0.0,0.0,Octavius Kelly Castaneda,OKC0107,32,40,16,47,35,0.1091736665827171,0
OKC0525,0.0,0.0,1195.0,0.0,Olivia Kylee Castaneda,OKC0525,33,37,12,20,31,0.11831269504828085,0
OLB0749,1444.0,0.0,0.0,0.0,Oscar Laith Berger,OLB0749,43,35,20,39,36,0.1450066410257448,0
OLF0504,5032.0,0.0,0.0,0.0,Oliver Logan Fowler,OLF0504,41,43,20,41,31,0.11826320636102478,0
OLM0165,0.0,0.0,690.0,0.0,Olivia Lacy Mcpherson,OLM0165,50,41,10,37,32,0.10659777698226308,0
OLW0689,3025.0,0.0,0.0,0.0,Owen Len Wheeler,OLW0689,22,25,40,35,27,0.13439410585535527,0
OMA0668,0.0,0.0,690.0,0.0,Oleg Marvin Alvarez,OMA0668,19,20,21,35,26,0.15077721906363967,0
OMM0944,336.0,0.0,0.0,0.0,Octavia May Maddox,OMM0944,17,14,27,21,29,0.13167813643594262,0
OMS0101,3022.0,0.0,0.0,0.0,Ocean Maite Summers,OMS0101,20,12,21,22,29,0.11440831108442606,0
OMS0131,0.0,0.0,690.0,0.0,Odessa Mollie Sawyer,OMS0131,21,43,38,43,32,0.1383427444473353,0
ONL0276,3018.0,0.0,0.0,0.0,Octavia Nora Leblanc,ONL0276,48,46,17,41,20,0.07465247820119325,0
ONW0083,3002.0,0.0,0.0,0.0,Oscar Nolan Wooten,ONW0083,46,30,25,30,26,0.13529723479946232,0
OOB0432,0.0,0.0,965.0,0.0,Ora Orla Branch,OOB0432,19,29,27,46,27,0.11734531621567884,0
OPR0416,0.0,0.0,690.0,0.0,Odysseus Plato Reeves,OPR0416,43,38,20,38,30,0.17772569094817092,0
OQH0183,1004.0,0.0,0.0,0.0,Olivia Quynn Hardy,OQH0183,34,38,18,33,23,0.1532807492973891,0
ORB0473,333.0,0.0,0.0,0.0,Owen Ross Burks,ORB0473,38,44,46,38,38,0.1052896596383684,0
ORC0489,0.0,0.0,690.0,0.0,Oscar Reece Cote,ORC0489,20,14,21,22,26,0.14875037152977977,0
ORG0339,1023.0,0.0,0.0,0.0,Olivia Rose Galloway,ORG0339,50,28,46,47,20,0.03132298802625755,0
ORM0669,3019.0,0.0,0.0,0.0,Orla Ruth Mckenzie,ORM0669,44,39,28,39,36,0.12499563105069428,0
OSB0976,0.0,0.0,124.0,0.0,Odessa Susan Bowman,OSB0976,19,21,45,30,25,0.11413432466436763,0
OSH0655,1014.0,0.0,0.0,0.0,Olympia Shafira Harrison,OSH0655,16,21,42,39,28,0.12336263402847447,0
OST0939,0.0,0.0,690.0,0.0,Oscar Simon Terry,OST0939,16,39,17,39,26,0.1459088007379183,0
OUS0309,0.0,0.0,690.0,0.0,Octavius Ulric Sexton,OUS0309,30,27,19,16,21,0.13690054502369398,0
OVW0244,0.0,0.0,690.0,0.0,Orli Veda Weber,OVW0244,30,31,23,20,30,0.17682670817420437,0
OYM0026,2994.0,0.0,0.0,0.0,Orla Yolanda Middleton,OYM0026,23,26,18,36,28,0.13017161663529636,0
PAD0773,1012.0,0.0,0.0,0.0,Patience Audrey Douglas,PAD0773,36,21,14,16,38,0.11730083694958404,0
PAM0615,0.0,0.0,100.0,0.0,Price Abel Morrison,PAM0615,17,40,45,35,14,0.038666651790258966,0
PAS0349,0.0,316.0,411.0,2441.0,Palmer Ahmed Sutton,PAS0349,19,15,25,30,40,0.02618079852836075,0
PAW0040,0.0,0.0,4302.0,0.0,Prescott Anthony Whitley,PAW0040,42,45,42,44,29,0.02827826783866305,0
PBP0002,3629.0,0.0,0.0,0.0,Price Bevis Pittman,PBP0002,49,35,23,10,27,0.0832772586847817,0
PBS0418,0.0,0.0,690.0,0.0,Perry Brandon Spence,PBS0418,34,22,39,20,23,0.15907331087406856,0
PCL0813,0.0,0.0,690.0,0.0,Prescott Chase Lowe,PCL0813,27,17,47,39,32,0.12332626776335154,0
PCM0369,0.0,1884.0,946.0,8085.0,Pandora Charity Mullins,PCM0369,35,30,41,34,35,-0.029280735833007943,1
PDB0903,0.0,0.0,690.0,0.0,Paula Delilah Barnett,PDB0903,38,15,42,24,26,0.1560661021577231,0
PDD0188,0.0,0.0,690.0,0.0,Paula Dorothy Dalton,PDD0188,40,40,34,19,32,0.18133116528768967,0
PDH0697,0.0,0.0,776.0,0.0,Perry Deacon Harding,PDH0697,40,20,19,41,31,0.157251341599357,0
PDH0716,337.0,0.0,0.0,0.0,Phelan Dieter Hendricks,PDH0716,40,16,14,10,24,0.10425160609220768,0
PDW0259,2998.0,0.0,0.0,0.0,Patricia Denise Wright,PDW0259,43,32,38,36,33,0.14950871807091692,0
PES0085,3694.0,0.0,0.0,0.0,Patricia Emily Salazar,PES0085,35,24,18,30,22,0.11824498612578699,0
PEV0323,5304.0,0.0,0.0,0.0,Plato Ethan Valdez,PEV0323,47,34,40,22,29,0.09126231767492377,0
PGC0066,3676.0,0.0,0.0,0.0,Prescott Giacomo Conley,PGC0066,32,39,28,43,26,0.13829513530959964,0
PGH0184,673.0,0.0,0.0,0.0,Peter Gil Harrington,PGH0184,30,35,33,22,25,0.1589709290498027,0
PGK0085,0.0,0.0,690.0,0.0,Perry Griffin Key,PGK0085,47,13,17,24,23,0.11743536246372194,0
PGO0433,2993.0,0.0,0.0,0.0,Pearl Georgia Owen,PGO0433,44,40,19,46,35,0.11565609677766714,0
PHH0717,0.0,0.0,1361.0,0.0,Paloma Haviva Henry,PHH0717,17,16,40,20,31,0.1027958224156113,0
PHL0633,0.0,0.0,959.0,0.0,Porter Hop Livingston,PHL0633,22,22,40,42,28,0.13605906670764067,0
PHP0193,0.0,0.0,690.0,0.0,Phoebe Hedy Pittman,PHP0193,34,30,14,11,23,0.11219805537392602,0
PIB0855,0.0,0.0,226.0,0.0,Philip Isaiah Best,PIB0855,16,15,18,32,26,0.12311639971695254,0
PID0426,3001.0,0.0,0.0,0.0,Portia Illana David,PID0426,43,19,39,44,23,0.10167815422719373,0
PIS0522,994.0,0.0,0.0,0.0,Paula Isabelle Santiago,PIS0522,44,26,48,40,35,0.10138188762891176,0
PJE0714,0.0,0.0,318.0,0.0,Paki Jason Emerson,PJE0714,24,44,40,16,25,0.11959356113075698,0
PJY0906,0.0,0.0,690.0,0.0,Palmer Josiah Young,PJY0906,34,23,12,27,24,0.12115469390933947,0
PKB0281,3021.0,0.0,0.0,0.0,Preston Kennan Burns,PKB0281,39,12,44,26,25,0.10843939309571471,0
PKB0429,3022.0,0.0,0.0,0.0,Philip Keith Barron,PKB0429,34,42,43,40,22,0.10987053080090792,0
PLH0715,332.0,0.0,0.0,0.0,Penelope Lysandra Hayes,PLH0715,42,37,19,37,29,0.17671708421187388,0
PLH0862,5044.0,0.0,0.0,0.0,Prescott Laith Harding,PLH0862,32,37,25,16,32,0.1126537525601658,0
PMC0328,1003.0,0.0,0.0,0.0,Penelope Montana Colon,PMC0328,20,43,10,36,33,0.10234102316287552,0
PMJ0564,3014.0,0.0,0.0,0.0,Paula Madaline Jackson,PMJ0564,30,21,40,14,39,0.09002769605541872,0
PMV0850,340.0,0.0,0.0,0.0,Priscilla Martha Vinson,PMV0850,23,39,12,42,23,0.10385206077189724,0
PNC0141,0.0,0.0,967.0,0.0,Palmer Nathaniel Church,PNC0141,19,21,17,22,30,0.14507343917985788,0
PNH0761,992.0,0.0,0.0,0.0,Phelan Nissim Howell,PNH0761,36,49,27,32,30,0.1304762122402119,0
PNL0301,164.0,0.0,0.0,0.0,Philip Nathan Logan,PNL0301,50,43,30,43,31,0.13944187912057354,0
POB0343,1009.0,0.0,0.0,0.0,Preston Odysseus Bryan,POB0343,46,19,44,27,34,0.12190334071499392,0
POH0119,0.0,0.0,1157.0,0.0,Phoebe Orla Holloway,POH0119,38,41,14,36,32,0.1339742443034993,0
PPF0435,2759.0,0.0,0.0,0.0,Preston Plato Fischer,PPF0435,42,17,48,24,27,0.10887278008446333,0
PPR0402,0.0,0.0,690.0,0.0,Patrick Paul Robles,PPR0402,25,21,35,27,30,0.17210770759782862,0
PRM0153,0.0,0.0,690.0,0.0,Perry Reese Morton,PRM0153,22,39,23,22,26,0.16871810017196376,0
PRM0740,4999.0,0.0,0.0,0.0,Price Rashad Mullen,PRM0740,45,40,45,42,27,0.07677582370610314,0
PSF0133,200.0,0.0,0.0,0.0,Piper Sasha Fuentes,PSF0133,42,40,11,36,33,0.1367652273817776,0
PSS0935,0.0,0.0,690.0,0.0,Pearl Stella Silva,PSS0935,43,34,42,22,36,0.1463792324116558,0
PTA0303,0.0,0.0,690.0,0.0,Prescott Tyrone Abbott,PTA0303,14,43,39,44,29,0.11587730227885218,0
PTH0552,3018.0,0.0,0.0,0.0,Philip Travis Hartman,PTH0552,20,13,32,20,28,0.12064355293951923,0
PTH0830,411.0,0.0,0.0,0.0,Peter Tad Hartman,PTH0830,43,44,42,43,34,0.13780088200636492,0
PTM0966,0.0,0.0,168.0,0.0,Patricia Tashya Moran,PTM0966,30,38,18,18,27,0.15904674612969577,0
PYM0419,0.0,0.0,1178.0,0.0,Plato Yasir Mcgowan,PYM0419,16,40,20,38,33,0.12247472900539219,0
QBS0449,0.0,0.0,690.0,0.0,Quentin Benjamin Stout,QBS0449,30,19,30,26,28,0.1732364058352377,0
QCD0718,0.0,0.0,690.0,0.0,Quemby Charity Dudley,QCD0718,46,25,23,22,36,0.14569238016538216,0
QCH0110,884.0,0.0,0.0,0.0,Quinn Coby Hays,QCH0110,34,35,17,37,27,0.16337859571771673,0
QCT0226,0.0,0.0,690.0,0.0,Quentin Clinton Thomas,QCT0226,42,42,16,37,35,0.15316983808772278,0
QJR0688,3532.0,0.0,0.0,0.0,Quyn Jolie Rosario,QJR0688,19,18,22,26,35,0.11386933908857189,0
QKW0826,0.0,0.0,689.0,0.0,Quintessa Kaye Walter,QKW0826,37,48,15,42,25,0.1431448684972838,0
QNF0205,3670.0,0.0,0.0,0.0,Quentin Nolan Fitzpatrick,QNF0205,35,41,22,21,29,0.15723103088157386,0
QNP0216,3710.0,0.0,0.0,0.0,Quemby Nita Pollard,QNP0216,19,35,39,26,34,0.12070913295988817,0
QOP0491,0.0,0.0,690.0,0.0,Quamar Otto Padilla,QOP0491,17,21,45,18,29,0.13602228333495126,0
QOS0878,1547.0,0.0,0.0,0.0,Quynn Odessa Sanford,QOS0878,18,12,20,16,29,0.11362151582595642,0
QPM0727,4991.0,0.0,0.0,0.0,Quincy Preston Moses,QPM0727,43,40,18,34,34,0.10822155069218764,0
QRF0629,0.0,634.0,1656.0,404.0,Quon Rana Flynn,QRF0629,34,42,40,41,33,0.05647589190602109,0
QRH0348,0.0,0.0,644.0,0.0,Quynn Rylee Hood,QRH0348,44,42,21,27,22,0.14829989358178802,0
QRM0739,5400.0,0.0,0.0,0.0,Quail Rana Mclean,QRM0739,33,11,26,29,30,0.08678477464395129,0
QRM0914,0.0,0.0,690.0,0.0,Quincy Reece Merrill,QRM0914,43,22,24,31,33,0.17042423799406026,0
QSB0729,0.0,0.0,973.0,0.0,Quemby Summer Barry,QSB0729,47,33,40,42,30,0.13094926102068621,0
QSV0778,1011.0,0.0,0.0,0.0,Quintessa Shana Vance,QSV0778,17,23,36,35,33,0.13363482614297323,0
QTP0493,0.0,464.0,698.0,5384.0,Quyn Tara Patterson,QTP0493,17,41,40,20,31,0.012012314288286086,0
RAB0589,191.0,0.0,0.0,0.0,Raymond Arsenio Blackwell,RAB0589,36,35,26,14,31,0.15941899357729428,0
RAG0275,2993.0,0.0,0.0,0.0,Rashad Aristotle Guerrero,RAG0275,23,38,35,41,32,0.1334586533424022,0
RAH0440,3024.0,0.0,0.0,0.0,Rashad August Hatfield,RAH0440,18,15,43,16,24,0.09373505320134717,0
RAM0447,432.0,0.0,0.0,0.0,Ramona Alma Moses,RAM0447,35,12,23,45,39,0.09826207618925537,0
RAR0547,0.0,0.0,690.0,0.0,Rogan August Reed,RAR0547,43,41,20,45,25,0.15782006153831757,0
RAR0725,176.0,0.0,0.0,0.0,Raphael Aristotle Ray,RAR0725,32,32,25,20,35,0.16115380425855497,0
RAR0927,0.0,0.0,690.0,0.0,Ria Alice Rivas,RAR0927,39,48,45,16,27,0.10719592130650224,0
RAS0432,2984.0,0.0,0.0,0.0,Robert Aristotle Stevenson,RAS0432,44,47,40,41,16,0.06931760527869568,0
RAS0839,0.0,0.0,972.0,0.0,Rhona Aretha Sykes,RAS0839,20,50,32,40,25,0.10836889461297644,0
RAW0915,3490.0,0.0,0.0,0.0,Robert Ali Webb,RAW0915,43,50,21,43,24,0.10707842538743145,0
RBB0485,5019.0,0.0,0.0,0.0,Raphael Benjamin Bryan,RBB0485,40,40,35,30,26,0.12367005183134316,0
RBS0466,0.0,283.0,1590.0,399.0,Ryder Benjamin Salas,RBS0466,42,10,17,21,36,0.03717815621405163,0
RBV0804,0.0,0.0,690.0,0.0,Rina Bianca Velasquez,RBV0804,39,43,37,15,27,0.16160791007883835,0
RCB0768,0.0,0.0,690.0,0.0,Rina Charissa Bean,RCB0768,44,42,34,14,28,0.1492505786595923,0
RCC0617,5053.0,0.0,0.0,0.0,Rogan Chandler Coffey,RCC0617,33,50,13,12,27,0.058162502671982086,0
RCH0166,0.0,3493.0,922.0,2043.0,Robin Charlotte Hinton,RCH0166,24,17,39,24,27,0.03201252371958674,0
RCH0842,0.0,0.0,690.0,0.0,Robert Cooper Holloway,RCH0842,22,29,40,30,34,0.16579199967713193,0
RCP0785,1004.0,0.0,0.0,0.0,Reed Chaim Perkins,RCP0785,42,38,43,30,32,0.14748278415181376,0
RDA0843,0.0,0.0,636.0,0.0,Rhiannon Daphne Alston,RDA0843,40,37,21,48,28,0.15835094658012722,0
RDB0837,0.0,0.0,690.0,0.0,Rigel Dominic Bowman,RDB0837,21,40,24,30,32,0.16516996852042126,0
RDB0846,0.0,0.0,690.0,0.0,Rudyard Davis Barnett,RDB0846,42,23,14,33,28,0.1450886285386857,0
RDC0283,0.0,0.0,240.0,0.0,Ruth Daphne Carver,RDC0283,22,33,20,13,25,0.12662405770393548,0
RDH0439,0.0,0.0,690.0,0.0,Rudyard Drake Hampton,RDH0439,25,20,26,41,26,0.1444929185647304,0
RDM0115,3677.0,0.0,0.0,0.0,Rina Denise Mcgee,RDM0115,42,17,39,15,30,0.1317611806910386,0
RDM0150,1679.0,0.0,0.0,0.0,Raven Deirdre Morrison,RDM0150,39,15,37,26,30,0.15394679960261498,0
RDS0858,0.0,0.0,690.0,0.0,Ross Dean Sharpe,RDS0858,22,30,13,42,33,0.12464954479500007,0
RDT0424,3012.0,0.0,0.0,0.0,Rosalyn Daphne Tillman,RDT0424,38,44,19,34,28,0.15200837357122937,0
REA0782,0.0,0.0,690.0,0.0,Reece Emmanuel Adams,REA0782,18,20,42,22,26,0.1492232182624369,0
RFP0380,2996.0,0.0,0.0,0.0,Reuben Fulton Pugh,RFP0380,39,39,20,20,32,0.16406569897868684,0
RGG0064,1900.0,0.0,0.0,0.0,Riley Ginger Guy,RGG0064,36,19,20,42,34,0.14693322660941055,0
RGH0728,4114.0,0.0,0.0,0.0,Raymond Gray Hyde,RGH0728,19,20,37,18,29,0.12408226530730887,0
RGN0408,3026.0,0.0,0.0,0.0,Rhona Germane Nelson,RGN0408,11,21,22,22,32,0.10497365863777802,0
RHB0200,0.0,282.0,1226.0,365.0,Ria Hiroko Barnes,RHB0200,47,41,20,20,38,0.061427435273768705,0
RHC0335,1006.0,0.0,0.0,0.0,Roth Hu Conner,RHC0335,36,35,40,46,25,0.13705619659162982,0
RHH0968,0.0,0.0,690.0,0.0,Ryder Hector Henson,RHH0968,18,50,35,21,38,0.10919683012713055,0
RHL0992,1575.0,0.0,0.0,0.0,Rachel Hermione Le,RHL0992,36,10,39,37,36,0.10935266606938676,0
RHM0081,0.0,0.0,138.0,0.0,Remedios Hyacinth Montgomery,RHM0081,46,45,38,17,30,0.13605871876563957,0
RHO0732,5015.0,0.0,0.0,0.0,Risa Hillary Obrien,RHO0732,20,10,21,19,34,0.06294735361649506,0
RHP0132,0.0,0.0,690.0,0.0,Reuben Hu Preston,RHP0132,38,25,41,22,17,0.12174778579517692,0
RHP0484,5302.0,0.0,0.0,0.0,Randall Hashim Palmer,RHP0484,35,37,24,16,31,0.10360403942167656,0
RHR0856,0.0,1361.0,1025.0,704.0,Robert Harrison Richard,RHR0856,20,36,23,43,27,0.05621103196749533,0
RHT0831,0.0,0.0,690.0,0.0,Raja Holmes Tyler,RHT0831,13,25,36,23,34,0.13386948489636502,0
RHW0592,0.0,0.0,962.0,0.0,Robert Herrod Walter,RHW0592,28,20,39,37,26,0.15333736295991596,0
RHY0079,6102.0,0.0,0.0,0.0,Rose Hanae Yates,RHY0079,20,19,14,21,26,0.06423824336242023,0
RIB0011,0.0,0.0,1392.0,0.0,Ryder Ivan Bowers,RIB0011,20,23,10,33,26,0.07164135356358964,0
RID0019,0.0,0.0,957.0,0.0,Roth Isaac Dyer,RID0019,21,10,13,42,35,0.07607219211827887,0
RIH0777,996.0,0.0,0.0,0.0,Renee Ivana Hayden,RIH0777,26,44,19,16,27,0.14001210601549463,0
RJB0088,3002.0,0.0,0.0,0.0,Roary Jane Barrett,RJB0088,20,42,37,45,24,0.10178768930119053,0
RJH0445,0.0,0.0,690.0,0.0,Raphael Jarrod Hammond,RJH0445,18,24,35,36,31,0.15845127974961565,0
RJJ0788,0.0,0.0,690.0,0.0,Roanna Jillian Johnson,RJJ0788,40,40,13,21,28,0.16090971097435053,0
RJL0683,0.0,0.0,689.0,0.0,Rachel Jeanette Levine,RJL0683,42,37,28,10,31,0.1403403607219838,0
RJM0381,3024.0,0.0,0.0,0.0,Rogan Judah Mcintyre,RJM0381,41,47,44,41,25,0.09679285821472605,0
RJT0913,0.0,0.0,690.0,0.0,Rowan Justina Tyler,RJT0913,17,21,44,10,20,0.052140497141397346,0
RKD0604,2179.0,0.0,0.0,0.0,Rebecca Kelsie Daugherty,RKD0604,17,46,36,38,31,0.11007415631695672,0
RKF0164,2926.0,0.0,0.0,0.0,Ryan Kelly Frost,RKF0164,40,42,17,18,42,0.09823810983869091,0
RKO0962,0.0,0.0,1126.0,0.0,Rinah Kiayada Oconnor,RKO0962,37,45,20,39,34,0.15060521854773212,0
RKS0170,0.0,690.0,1160.0,6155.0,Raphael Keith Stephens,RKS0170,39,17,19,18,24,-0.020931579684095092,1
RLB0719,331.0,0.0,0.0,0.0,Risa Laura Bolton,RLB0719,14,18,15,40,35,0.09108483659957867,0
RLC0550,0.0,0.0,689.0,0.0,Russell Len Carpenter,RLC0550,37,22,20,35,26,0.17757019319343093,0
RLG0856,4908.0,0.0,0.0,0.0,Risa Lana Guthrie,RLG0856,18,36,42,18,26,0.09266154156531636,0
RLH0164,0.0,0.0,957.0,0.0,Rhea Lacey Harmon,RLH0164,42,36,17,19,30,0.16003443725859018,0
RLH0287,0.0,0.0,963.0,0.0,Robert Leonard Hernandez,RLH0287,37,45,42,43,31,0.13729519150619995,0
RLM0528,0.0,0.0,690.0,0.0,Rama Lesley Mcclain,RLM0528,40,50,42,22,32,0.14109111848137001,0
RLP0021,0.0,628.0,1476.0,367.0,Roth Laith Pena,RLP0021,37,40,20,17,32,0.09884670420788044,0
RMO0425,0.0,0.0,690.0,0.0,Riley Mari Owens,RMO0425,45,38,36,16,27,0.16496581127515508,0
RMS0266,3002.0,0.0,0.0,0.0,Roth Mannix Simon,RMS0266,33,40,25,23,37,0.13466772854061554,0
RMW0542,1406.0,0.0,0.0,0.0,Rae Melissa Wilson,RMW0542,17,21,20,13,41,0.08345752243565979,0
RMY0747,0.0,0.0,970.0,0.0,Roth Malcolm Yang,RMY0747,29,36,25,45,34,0.13665809298198894,0
RNA0266,0.0,0.0,950.0,0.0,Rose Nadine Ayers,RNA0266,18,12,40,40,30,0.10840117020060064,0
RNF0765,993.0,0.0,0.0,0.0,Ria Neve Flores,RNF0765,41,22,37,41,25,0.1513657343101435,0
RNL0695,3029.0,0.0,0.0,0.0,Reece Nicolas Lopez,RNL0695,47,41,44,19,36,0.10476279227373236,0
RNM0875,0.0,0.0,975.0,0.0,Ray Norman Morton,RNM0875,16,17,20,39,21,0.0887127753916217,0
RNP0211,4664.0,0.0,0.0,0.0,Rowan Neve Parks,RNP0211,39,15,25,40,30,0.12279270035188772,0
RNR0344,0.0,0.0,690.0,0.0,Rebekah Naomi Russell,RNR0344,16,23,37,20,30,0.15285267964450677,0
ROB0272,3002.0,0.0,0.0,0.0,Raymond Otto Bond,ROB0272,39,45,23,41,34,0.13671869216923488,0
ROM0811,0.0,0.0,690.0,0.0,Rebekah Orla Moreno,ROM0811,40,38,15,37,22,0.15117731787276611,0
RPH0848,0.0,757.0,1313.0,814.0,Rhona Paula Hammond,RPH0848,42,44,34,14,29,0.05738617377459265,0
RPM0498,0.0,0.0,690.0,0.0,Rhoda Pamela Mcleod,RPM0498,42,43,20,21,24,0.16665944321052806,0
RRA0938,3017.0,0.0,0.0,0.0,Rogan Reuben Alexander,RRA0938,35,36,21,38,29,0.15853843166988002,0
RRB0952,0.0,1244.0,1012.0,1412.0,Rebecca Rhiannon Battle,RRB0952,41,44,19,24,20,0.02857359879187993,0
RRC0553,675.0,0.0,0.0,0.0,Raya Regan Church,RRC0553,40,14,24,38,29,0.14766107143471568,0
RRP0568,2989.0,0.0,0.0,0.0,Rhonda Rhona Parsons,RRP0568,43,50,38,18,33,0.11782875397995451,0
RSB0102,0.0,0.0,690.0,0.0,Rose Shay Bishop,RSB0102,46,41,21,36,30,0.1627269763083189,0
RSC0089,3208.0,0.0,0.0,0.0,Robert Samuel Chen,RSC0089,41,26,35,21,29,0.158837396847747,0
RSC0642,0.0,0.0,690.0,0.0,Reagan Shafira Castaneda,RSC0642,39,37,42,17,18,0.11756038568352023,0
RSM0277,2993.0,0.0,0.0,0.0,Roanna Sacha Monroe,RSM0277,37,38,20,50,22,0.10267645994134728,0
RSO0354,0.0,0.0,965.0,0.0,Raven Shellie Owen,RSO0354,37,38,25,17,23,0.14922502837229717,0
RSP0404,0.0,0.0,690.0,0.0,Ramona Sandra Parrish,RSP0404,38,37,45,21,26,0.15109431867472406,0
RSR0867,0.0,0.0,690.0,0.0,Russell Sawyer Russell,RSR0867,20,35,46,15,32,0.11570918410151582,0
RTC0816,0.0,0.0,1117.0,0.0,Ross Tanner Clements,RTC0816,18,20,39,43,38,0.08728734540360045,0
RTH0015,0.0,2692.0,762.0,242.0,Rudyard Talon Hickman,RTH0015,39,23,40,35,30,0.09710381445318272,0
RTH0985,0.0,0.0,690.0,0.0,Raymond Tucker Holt,RTH0985,19,41,35,10,25,0.12028501238644473,0
RTO0313,5015.0,0.0,0.0,0.0,Raymond Tate Osborne,RTO0313,44,45,25,17,27,0.10529525401840623,0
RUM0880,5004.0,0.0,0.0,0.0,Roary Ursa Massey,RUM0880,40,37,17,38,26,0.12445627003101023,0
RVC0232,3068.0,0.0,0.0,0.0,Rama Vielka Clayton,RVC0232,34,20,47,38,25,0.10638276815886416,0
RVF0201,3692.0,0.0,0.0,0.0,Reuben Victor Freeman,RVF0201,36,32,38,29,28,0.15164547870359668,0
RYB0718,336.0,0.0,0.0,0.0,Ruth Yael Burris,RYB0718,19,18,42,13,21,0.07007597443831703,0
RYL0347,0.0,0.0,690.0,0.0,Rowan Yael Leon,RYL0347,35,39,26,22,21,0.15248936888487524,0
RZC0746,6893.0,0.0,0.0,0.0,Robert Zeus Cox,RZC0746,15,38,33,43,26,0.011630882117756758,0
SAA0999,3016.0,0.0,0.0,0.0,Shelly Audra Ayala,SAA0999,20,17,34,11,36,0.0760573821523367,0
SAB0781,1003.0,0.0,0.0,0.0,Serina Ariana Butler,SAB0781,36,35,24,30,28,0.16744297145467102,0
SAC0592,341.0,0.0,0.0,0.0,Serina Amena Chavez,SAC0592,24,18,23,42,26,0.13985238303610037,0
SAC0687,3034.0,0.0,0.0,0.0,Samantha Audrey Curtis,SAC0687,20,49,37,19,22,0.08224947950842443,0
SAC0882,0.0,0.0,953.0,0.0,Shaine Alexa Cobb,SAC0882,41,44,49,23,23,0.10255216384539922,0
SAH0599,334.0,0.0,0.0,0.0,Sylvia Ariana Head,SAH0599,13,22,44,18,22,0.08058452434455726,0
SAK0375,3649.0,0.0,0.0,0.0,Sonia Anne Kirkland,SAK0375,16,20,27,16,31,0.10190729819191369,0
SAK0517,0.0,482.0,1016.0,674.0,Savannah Audrey Keller,SAK0517,40,39,17,43,22,0.06935537350881948,0
SAO0920,0.0,0.0,567.0,0.0,Simone Amber Owens,SAO0920,14,43,36,17,23,0.09766582969156129,0
SAP0867,2138.0,0.0,0.0,0.0,Sawyer Arden Puckett,SAP0867,13,25,43,19,30,0.10943120359872816,0
SAT0194,3649.0,0.0,0.0,0.0,Sawyer Abel Turner,SAT0194,14,19,36,23,35,0.10220990803682306,0
SBD0434,0.0,0.0,690.0,0.0,Sade Beatrice Day,SBD0434,45,17,36,22,40,0.12419197557322248,0
SBD0913,1008.0,0.0,0.0,0.0,Sandra Beverly Diaz,SBD0913,45,16,19,19,42,0.09770206863465114,0
SBH0537,4812.0,0.0,0.0,0.0,Stephanie Briar Harrington,SBH0537,34,21,14,13,33,0.07282735586229028,0
SBK0161,6001.0,0.0,0.0,0.0,Sharon Britanni Kerr,SBK0161,14,27,23,41,39,0.027359599622578057,0
SBN0495,5107.0,0.0,0.0,0.0,Sonya Beatrice Nichols,SBN0495,39,22,43,24,21,0.0857239133028419,0
SBN0866,5047.0,0.0,0.0,0.0,Salvador Byron Norton,SBN0866,41,34,41,24,22,0.09998096589646915,0
SBN0971,434.0,0.0,0.0,0.0,Selma Barbara Nicholson,SBN0971,41,40,17,47,30,0.14199666725505217,0
SBQ0786,4659.0,0.0,0.0,0.0,Sasha Britanney Quinn,SBQ0786,41,17,19,44,34,0.09731486947428108,0
SBW0222,0.0,0.0,690.0,0.0,Sarah Bryar Whitfield,SBW0222,40,20,22,20,28,0.17812842992861716,0
SCB0534,1014.0,0.0,0.0,0.0,Sophia Cora Battle,SCB0534,20,18,35,22,29,0.1495334952832052,0
SCF0608,5377.0,0.0,0.0,0.0,Shana Callie Ferguson,SCF0608,35,18,42,42,36,0.0651668185792671,0
SCH0532,0.0,0.0,690.0,0.0,Sage Chantale Hunter,SCH0532,37,39,34,15,33,0.17298575213748313,0
SCP0130,1001.0,0.0,0.0,0.0,Shannon Chantale Price,SCP0130,42,18,35,32,24,0.14508203238485518,0
SDB0106,3031.0,0.0,0.0,0.0,Stewart Dale Berger,SDB0106,35,46,26,27,37,0.12329411480812263,0
SDF0017,3690.0,0.0,0.0,0.0,Skyler Deborah Frazier,SDF0017,11,40,39,18,30,0.09569620198905132,0
SDH0288,0.0,1131.0,1458.0,7739.0,Sean Declan Hull,SDH0288,44,21,11,44,28,-0.09398421921330569,1
SDO0170,5016.0,0.0,0.0,0.0,Samson Denton Oconnor,SDO0170,35,47,22,45,26,0.09319316727575833,0
SDP0142,0.0,0.0,690.0,0.0,Suki Daria Puckett,SDP0142,33,32,20,48,24,0.15301889815822883,0
SEB0150,0.0,0.0,690.0,0.0,Sybil Eliana Britt,SEB0150,31,48,23,37,29,0.15778084546960736,0
SED0886,1014.0,0.0,0.0,0.0,Shelley Eleanor Dawson,SED0886,22,18,18,35,28,0.1394288903672637,0
SEG0805,0.0,0.0,690.0,0.0,Sigourney Erin Gilbert,SEG0805,37,40,13,25,27,0.1588513235919019,0
SEJ0677,1535.0,0.0,0.0,0.0,Samuel Eden James,SEJ0677,44,39,23,36,25,0.15849260641854973,0
SER0165,3699.0,0.0,0.0,0.0,Stephanie Eliana Rasmussen,SER0165,20,15,24,17,27,0.11491972892411856,0
SES0477,5005.0,0.0,0.0,0.0,Sebastian Elliott Sexton,SES0477,38,40,13,39,29,0.11324560503619968,0
SFM0991,0.0,0.0,690.0,0.0,Stephanie Farrah Moreno,SFM0991,22,21,46,20,34,0.14034323838286022,0
SGB0140,336.0,0.0,0.0,0.0,Scott Gary Burks,SGB0140,50,45,40,16,24,0.10289172367144478,0
SGE0112,0.0,0.0,696.0,0.0,Suki Ginger Estes,SGE0112,41,45,36,36,32,0.17151350592645476,0
SGG0787,4651.0,0.0,0.0,0.0,Sara Gail George,SGG0787,14,27,10,20,31,0.04795986591870682,0
SGM0021,3682.0,0.0,0.0,0.0,Sybill Grace Mckay,SGM0021,41,12,26,41,33,0.11291179520905759,0
SGN0512,0.0,0.0,1012.0,0.0,Serina Ginger Nielsen,SGN0512,31,44,37,18,35,0.14443191988696108,0
SGS0268,3026.0,0.0,0.0,0.0,Sylvester Guy Sanders,SGS0268,47,45,30,19,22,0.10196899970559747,0
SHL0395,0.0,0.0,690.0,0.0,Sage Hanae Long,SHL0395,37,30,18,16,32,0.1763246465054849,0
SHP0861,0.0,0.0,690.0,0.0,Simone Holly Pratt,SHP0861,39,40,19,38,36,0.16232082008960474,0
SHR0334,1011.0,0.0,0.0,0.0,Salvador Herman Raymond,SHR0334,36,41,45,19,31,0.12863139720853795,0
SHW0128,0.0,0.0,690.0,0.0,Silas Hop Walker,SHW0128,27,39,16,34,33,0.15021945231528389,0
SHW0578,333.0,0.0,0.0,0.0,Seth Harlan Walls,SHW0578,39,42,14,49,31,0.12554906940462984,0
SHW0774,0.0,0.0,690.0,0.0,Sage Hilda Woodard,SHW0774,50,44,44,13,27,0.08982413384270449,0
SID0429,0.0,0.0,690.0,0.0,Serina Idola Douglas,SID0429,20,18,45,25,33,0.13635084082266885,0
SIF0182,0.0,479.0,1022.0,1335.0,Shannon Iola Frye,SIF0182,40,37,39,22,26,0.10645994324573965,0
SIJ0661,4681.0,0.0,0.0,0.0,Sarah Imelda Juarez,SIJ0661,40,17,14,15,21,0.06764761373600292,0
SJC0333,1011.0,0.0,0.0,0.0,Sloane Jade Cochran,SJC0333,22,39,31,36,29,0.15620350618507234,0
SJF0094,3360.0,0.0,0.0,0.0,Shea Jane Franks,SJF0094,35,19,16,44,30,0.11845770806827166,0
SJF0940,0.0,0.0,690.0,0.0,Shafira Jenette Fowler,SJF0940,39,50,39,19,39,0.1180058940418075,0
SJO0209,4775.0,0.0,0.0,0.0,Samson Jeremy Ortega,SJO0209,39,45,18,39,35,0.10873547041494691,0
SJP0744,0.0,0.0,690.0,0.0,Sloane John Peters,SJP0744,50,17,38,32,23,0.10764102825841437,0
SJW0451,339.0,0.0,0.0,0.0,Sharon Jemima Whitehead,SJW0451,43,30,16,50,28,0.11822057356631366,0
SKC0670,0.0,0.0,238.0,0.0,Scarlett Kerry Charles,SKC0670,43,45,19,39,27,0.15771846167734993,0
SKG0759,1002.0,0.0,0.0,0.0,Sonia Karly Goodwin,SKG0759,22,15,43,41,26,0.10695280885893665,0
SKN0177,0.0,8154.0,690.0,5923.0,Seth Kasper Nelson,SKN0177,24,23,42,25,29,-0.05176440128276805,1
SLB0049,6061.0,0.0,0.0,0.0,Summer Leilani Boyer,SLB0049,14,27,16,22,20,0.0020294982769596404,0
SLC0113,0.0,0.0,1178.0,0.0,Sade Lavinia Colon,SLC0113,44,46,43,42,25,0.09331511436965823,0
SLM0993,0.0,0.0,690.0,0.0,Sloane Lacey Mcmahon,SLM0993,35,39,20,19,34,0.1854450101063913,0
SLO0231,0.0,467.0,1264.0,1347.0,Suki Linda Odom,SLO0231,30,33,38,15,25,0.07113301494624269,0
SLP0762,1002.0,0.0,0.0,0.0,Sydnee Leilani Parsons,SLP0762,26,13,40,18,26,0.13229396343124333,0
SLT0907,499.0,0.0,0.0,0.0,Shelby Lila Turner,SLT0907,16,15,43,27,27,0.11920983981232458,0
SMB0012,0.0,0.0,690.0,0.0,Sharon Montana Barnett,SMB0012,40,39,30,26,31,0.1807587210658564,0
SMB0655,0.0,0.0,690.0,0.0,Suki Mallory Baker,SMB0655,30,33,14,15,31,0.14572165754725075,0
SMB0804,3039.0,0.0,0.0,0.0,Sierra Margaret Barker,SMB0804,38,10,19,36,33,0.11154904070092603,0
SMD0814,0.0,0.0,1111.0,0.0,Shaeleigh Melinda Diaz,SMD0814,13,30,30,30,31,0.12557433275963537,0
SMG0494,0.0,0.0,953.0,0.0,Sybill Mercedes Golden,SMG0494,36,39,21,30,31,0.16492139514525261,0
SMH0291,467.0,0.0,0.0,0.0,Shaeleigh MacKenzie Harris,SMH0291,23,22,10,24,32,0.11234503379420657,0
SMJ0486,0.0,0.0,392.0,0.0,Shellie Medge Jefferson,SMJ0486,37,41,17,40,32,0.15881226956136518,0
SMM0923,0.0,0.0,1136.0,0.0,Sloane Martha Mcleod,SMM0923,40,37,36,18,34,0.155971484523721,0
SMW0084,3044.0,0.0,0.0,0.0,Stephanie Mary Whitehead,SMW0084,20,37,39,48,27,0.10585164229329791,0
SMY0792,3021.0,0.0,0.0,0.0,Savannah Marcia Yang,SMY0792,43,37,39,42,25,0.13800082272000203,0
SNC0187,876.0,0.0,0.0,0.0,Stuart Nicolas Cervantes,SNC0187,40,41,42,30,27,0.1527108944032174,0
SNG0943,0.0,0.0,956.0,0.0,Stephen Nissim Graves,SNG0943,23,40,34,17,29,0.1575379423366886,0
SNL0096,0.0,0.0,178.0,0.0,Sonia Nerea Love,SNL0096,18,40,37,41,38,0.11003714734378828,0
SNS0094,0.0,0.0,690.0,0.0,Suki Noelle Savage,SNS0094,43,42,21,16,35,0.15243516497583232,0
SNS0129,3717.0,0.0,0.0,0.0,Sage Nichole Savage,SNS0129,26,10,43,35,30,0.08814480754616089,0
SOB0360,2436.0,0.0,0.0,0.0,Sean Omar Burgess,SOB0360,42,22,40,16,32,0.13556894762973387,0
SOB0586,331.0,0.0,0.0,0.0,Slade Orson Burch,SOB0586,45,35,23,24,30,0.16550021956447203,0
SOF0808,3027.0,0.0,0.0,0.0,Steel Orson Fields,SOF0808,45,40,38,22,27,0.14215398307445576,0
SOG0411,3003.0,0.0,0.0,0.0,Suki Ori Grant,SOG0411,26,19,21,24,23,0.1202143511471106,0
SPA0141,3635.0,0.0,0.0,0.0,Scarlet Pearl Ashley,SPA0141,43,22,10,21,29,0.10223988108546134,0
SPB0408,0.0,0.0,956.0,0.0,Shad Prescott Best,SPB0408,19,40,21,19,30,0.15096217597977019,0
SPB0713,0.0,0.0,690.0,0.0,Samuel Paul Burns,SPB0713,38,20,39,19,37,0.15289492964965262,0
SPD0384,0.0,0.0,1352.0,0.0,Sarah Penelope Duffy,SPD0384,32,40,36,23,32,0.1383932320379822,0
SPH0325,0.0,0.0,690.0,0.0,Sawyer Patrick Horne,SPH0325,40,14,40,12,25,0.11830437611531136,0
SPM0388,0.0,0.0,963.0,0.0,Shoshana Portia Mendoza,SPM0388,40,39,35,17,35,0.16163353402725433,0
SQE0179,0.0,0.0,690.0,0.0,Shelley Quynn Emerson,SQE0179,47,39,15,12,28,0.1291349662453049,0
SQP0157,0.0,0.0,1113.0,0.0,Salvador Quinn Price,SQP0157,12,39,20,17,26,0.10899304483977462,0
SRH0155,3892.0,0.0,0.0,0.0,Sasha Rina Huffman,SRH0155,34,14,37,45,28,0.11041791015608626,0
SRM0773,0.0,0.0,690.0,0.0,Solomon Ryan Mckinney,SRM0773,34,30,41,27,39,0.13808863778315256,0
SRM0851,0.0,0.0,690.0,0.0,Sacha Rhiannon Mayo,SRM0851,38,41,40,44,35,0.1437760243208202,0
SRS0231,3024.0,0.0,0.0,0.0,Sandra Roary Solomon,SRS0231,17,44,36,32,26,0.11370390077920017,0
SSB0779,0.0,0.0,689.0,0.0,Sylvester Sawyer Bennett,SSB0779,40,16,46,40,32,0.12870119858483647,0
SSC0749,0.0,0.0,689.0,0.0,Shaeleigh Stella Chambers,SSC0749,47,36,46,37,25,0.11630430569103067,0
SSE0978,0.0,0.0,690.0,0.0,Sybill Savannah Ellis,SSE0978,30,44,19,11,26,0.1443740452691223,0
SSG0250,3015.0,0.0,0.0,0.0,Steel Solomon Garrison,SSG0250,35,40,20,36,25,0.1614062775150552,0
SSH0799,3001.0,0.0,0.0,0.0,Sonya Samantha Hahn,SSH0799,23,18,31,31,40,0.09212843848950841,0
SSH0937,0.0,0.0,690.0,0.0,Selma Shana Haley,SSH0937,31,35,16,17,26,0.15810827589086923,0
SSJ0784,1291.0,0.0,0.0,0.0,Sarah Susan Jarvis,SSJ0784,19,39,12,45,34,0.08567253908765171,0
SSR0278,1688.0,0.0,0.0,0.0,Simone Scarlet Rose,SSR0278,34,32,45,15,24,0.11037425362825537,0
SSS0345,1011.0,0.0,0.0,0.0,Sybill Sage Shaw,SSS0345,40,21,38,16,20,0.11458658269225258,0
STA0107,0.0,0.0,959.0,0.0,Samuel Tad Acevedo,STA0107,23,17,34,18,19,0.10703313377432916,0
STR0421,0.0,0.0,690.0,0.0,Signe Tashya Reed,STR0421,42,50,38,26,22,0.10389295945579402,0
STW0702,0.0,0.0,690.0,0.0,Stephen Timothy Waters,STW0702,25,18,22,19,24,0.15460210726053836,0
SUV0051,0.0,520.0,1623.0,314.0,Stella Ursula Velasquez,SUV0051,43,45,12,16,30,0.04500564068781354,0
SVL0803,3033.0,0.0,0.0,0.0,Stephanie Victoria Lyons,SVL0803,27,35,20,36,32,0.1397122982516234,0
SVL0940,2991.0,0.0,0.0,0.0,September Vielka Livingston,SVL0940,15,42,26,15,34,0.07852784200376978,0
SVP0644,0.0,0.0,690.0,0.0,Simone Vielka Peck,SVP0644,38,39,20,21,32,0.18831337246505198,0
SVS0871,5038.0,0.0,0.0,0.0,Sylvia Velma Sweet,SVS0871,23,15,34,28,33,0.09217905974563767,0
SXM0895,1003.0,0.0,0.0,0.0,Sigourney Xandra Maddox,SXM0895,14,18,15,33,25,0.09633532250682175,0
SZG0295,0.0,0.0,960.0,0.0,Sloane Zachery Griffin,SZG0295,50,18,30,21,28,0.13474297366201082,0
TAC0270,0.0,0.0,690.0,0.0,Todd Amir Cote,TAC0270,13,16,18,18,31,0.11897447759545843,0
TAC0300,344.0,0.0,0.0,0.0,Timothy Arthur Carroll,TAC0300,15,38,18,18,36,0.11180047209139526,0
TAF0700,0.0,2375.0,690.0,2004.0,Tashya Adria Fowler,TAF0700,32,38,48,17,33,0.02653627616078713,0
TAG0114,0.0,0.0,574.0,0.0,Trevor Armand Greene,TAG0114,42,16,22,43,30,0.14645859133570793,0
TAP0551,1960.0,0.0,0.0,0.0,Tara Alma Potts,TAP0551,25,17,27,20,22,0.1103112702625279,0
TBF0598,0.0,0.0,1015.0,0.0,Tobias Brady Fletcher,TBF0598,35,19,28,19,30,0.16807320640355328,0
TBF0641,0.0,0.0,690.0,0.0,Tanya Blaine Ferrell,TBF0641,20,25,44,24,38,0.11923622318585425,0
TBH0308,0.0,0.0,690.0,0.0,Taylor Brady House,TBH0308,38,21,43,39,27,0.1595051507187073,0
TBT0461,339.0,0.0,0.0,0.0,Teagan Briar Townsend,TBT0461,43,42,13,30,28,0.14837472052973621,0
TCD0009,3674.0,0.0,0.0,0.0,Tasha Casey Dalton,TCD0009,44,28,44,38,23,0.0906778968422483,0
TCF0052,0.0,2497.0,704.0,1488.0,Thane Chaney Franklin,TCF0052,16,18,36,26,28,0.063012491069389,0
TCP0378,0.0,1708.0,690.0,1370.0,Tanisha Chelsea Preston,TCP0378,16,27,41,14,32,0.05466319445270795,0
TDB0268,0.0,8916.0,888.0,5942.0,Timothy Deacon Bates,TDB0268,38,23,40,21,32,-0.05341625403125938,1
TDB0568,0.0,0.0,690.0,0.0,Tyler Damian Boyd,TDB0568,38,21,18,29,35,0.16835509854848502,0
TDF0088,0.0,572.0,1074.0,929.0,Timon Dane Floyd,TDF0088,25,25,32,19,37,0.09279821458683957,0
TDG0962,336.0,0.0,0.0,0.0,Tyrone Damian Garner,TDG0962,42,40,36,26,21,0.14331327159843132,0
TDJ0998,3013.0,0.0,0.0,0.0,Tobias Dakota Jacobs,TDJ0998,34,40,10,42,36,0.09409982921663607,0
TDS0984,3735.0,0.0,0.0,0.0,Tara Dai Stevenson,TDS0984,39,39,15,40,38,0.12132325416481032,0
TEB0251,3029.0,0.0,0.0,0.0,Theodore Eagan Bass,TEB0251,44,50,22,13,36,0.09037240126368484,0
TEC0586,0.0,0.0,690.0,0.0,Tara Elizabeth Chen,TEC0586,43,21,35,18,24,0.15530004542730869,0
TEM0093,2158.0,0.0,0.0,0.0,Thaddeus Emery Martin,TEM0093,28,24,45,14,30,0.11206715337701306,0
TEM0977,3694.0,0.0,0.0,0.0,Tara Echo Myers,TEM0977,22,19,40,45,29,0.10277266313994898,0
TET0621,5032.0,0.0,0.0,0.0,Tyler Eden Talley,TET0621,30,37,44,32,27,0.09817347299415502,0
TGF0571,0.0,1078.0,1542.0,1023.0,Thomas Garrison Flynn,TGF0571,40,23,31,19,29,0.07336250747319512,0
TGM0589,0.0,359.0,1014.0,729.0,Tad Gabriel Mays,TGM0589,14,24,43,38,33,0.05593012823788912,0
THD0448,334.0,0.0,0.0,0.0,Tad Harlan Duncan,THD0448,41,32,29,38,32,0.17559558647286155,0
THD0781,0.0,0.0,690.0,0.0,Tasha Hollee Dalton,THD0781,37,42,19,21,29,0.1813894078134879,0
THR0873,5032.0,0.0,0.0,0.0,Teagan Hedy Romero,THR0873,37,44,21,40,38,0.10068841197698641,0
THS0145,0.0,801.0,1217.0,921.0,Tanek Harding Simpson,THS0145,23,19,36,18,28,0.08963086923510821,0
THY0079,0.0,0.0,690.0,0.0,Taylor Hedley Yates,THY0079,16,32,43,44,32,0.11846779366216459,0
TIW0299,337.0,0.0,0.0,0.0,Talon Ian Ware,TIW0299,34,19,19,12,31,0.14200751983972199,0
TJB0250,0.0,0.0,98.0,0.0,Thomas Jacob Booth,TJB0250,43,44,22,37,31,0.16075356243569822,0
TJB0302,334.0,0.0,0.0,0.0,Teegan Jillian Burris,TJB0302,42,47,24,40,29,0.15152963053624302,0
TJC0370,0.0,8214.0,726.0,5909.0,Thomas Jermaine Combs,TJC0370,37,17,46,46,28,-0.08360310740139443,1
TJD0996,3015.0,0.0,0.0,0.0,Thor Jameson Diaz,TJD0996,34,22,42,16,32,0.1272454230151916,0
TJG0582,336.0,0.0,0.0,0.0,Timon Jacob Gay,TJG0582,42,50,18,15,29,0.1306643841702686,0
TJR0895,0.0,0.0,820.0,0.0,Tamekah Jena Raymond,TJR0895,42,36,15,20,28,0.1588501908371811,0
TJS0397,0.0,0.0,690.0,0.0,Todd Jonathan Shields,TJS0397,44,23,21,40,28,0.1620321797624062,0
TKG0225,0.0,0.0,690.0,0.0,Tatyana Kendall Gamble,TKG0225,45,18,38,16,35,0.1331642363854551,0
TKW0289,0.0,305.0,1436.0,371.0,Tucker Kenneth Weeks,TKW0289,35,30,20,15,31,0.10990010294576913,0
TLG0199,0.0,0.0,991.0,0.0,Thomas Luke Gonzales,TLG0199,43,40,43,38,32,0.14249822102495424,0
TLH0648,1011.0,0.0,0.0,0.0,Tarik Linus Hubbard,TLH0648,32,35,18,24,26,0.1642690065400404,0
TLK0993,3014.0,0.0,0.0,0.0,Tallulah Liberty Kirby,TLK0993,41,36,40,35,22,0.12745941218374057,0
TLM0797,3009.0,0.0,0.0,0.0,Tobias Lucas Morin,TLM0797,43,42,34,23,36,0.1322192002850996,0
TMA0069,3057.0,0.0,0.0,0.0,Tobias Martin Ashley,TMA0069,33,38,42,14,33,0.12655157987288207,0
TML0765,0.0,965.0,1127.0,1310.0,Troy Michael Little,TML0765,37,15,20,11,23,0.03364960426109043,0
TMW0915,0.0,0.0,951.0,0.0,Tanisha Molly Washington,TMW0915,44,50,41,23,24,0.11058215427272478,0
TNM0961,247.0,0.0,0.0,0.0,Troy Nicolas Molina,TNM0961,37,50,39,17,32,0.14016914900152483,0
TOR0193,3640.0,0.0,0.0,0.0,Tarik Odysseus Rivera,TOR0193,30,40,25,45,30,0.12774008670843684,0
TPH0474,388.0,0.0,0.0,0.0,Tad Patrick Hardin,TPH0474,44,39,14,21,35,0.13514796500822535,0
TQH0728,0.0,0.0,690.0,0.0,Thaddeus Quamar Hampton,TQH0728,44,30,18,42,21,0.1356304807546695,0
TQS0212,4661.0,0.0,0.0,0.0,Tasha Quail Sanchez,TQS0212,14,42,45,20,27,0.05087427969953795,0
TRK0914,3002.0,0.0,0.0,0.0,Teagan Raven Kennedy,TRK0914,40,19,14,33,30,0.12699168126359367,0
TRW0379,0.0,0.0,1192.0,0.0,Thomas Ryder Wolfe,TRW0379,35,29,41,45,38,0.09118689671611624,0
TSB0437,1020.0,0.0,0.0,0.0,Tamara Shaeleigh Best,TSB0437,26,23,16,30,26,0.13763224869528728,0
TSG0906,1008.0,0.0,0.0,0.0,Thomas Shad Guthrie,TSG0906,41,21,40,28,28,0.16055530143390107,0
TSM0363,3629.0,0.0,0.0,0.0,TaShya Savannah Mcgowan,TSM0363,34,19,20,39,33,0.1415088728463817,0
TSM0927,3096.0,0.0,0.0,0.0,Tana Sonya Moody,TSM0927,33,21,10,37,26,0.10607569977232317,0
TSR0676,3015.0,0.0,0.0,0.0,Todd Scott Roth,TSR0676,43,40,26,19,33,0.1419294998674589,0
TST0116,0.0,0.0,1514.0,0.0,Taylor Samantha Torres,TST0116,42,12,43,25,35,0.07159410955460693,0
TTD1000,3000.0,0.0,0.0,0.0,Tiger Tucker Dawson,TTD1000,34,34,24,40,29,0.15077420803589747,0
TUB0881,0.0,1183.0,1111.0,719.0,Theodore Upton Barry,TUB0881,21,19,34,22,32,0.09063380914418628,0
TUC0632,1019.0,0.0,0.0,0.0,Troy Uriah Conway,TUC0632,38,44,10,13,31,0.11365662203682164,0
TUE0435,0.0,0.0,741.0,0.0,Theodore Uriah Edwards,TUE0435,42,37,36,37,23,0.1598712868516477,0
TVS0006,8994.0,0.0,0.0,0.0,Thomas Vladimir Stokes,TVS0006,43,43,37,20,41,0.017955309492232452,0
TVS0050,6253.0,0.0,0.0,0.0,Todd Vance Spears,TVS0050,40,38,18,30,29,0.09140458276299673,0
TWM0306,0.0,0.0,690.0,0.0,Tucker William Mosley,TWM0306,40,15,50,17,23,0.1028776469386884,0
TWW0515,0.0,2089.0,969.0,1363.0,Tanya Wanda Wise,TWW0515,40,32,46,34,33,0.041440413848294,0
TYB0779,989.0,0.0,0.0,0.0,TaShya Yoko Bailey,TYB0779,24,20,35,36,34,0.14635874140028254,0
TYR0442,0.0,1707.0,1206.0,708.0,Tate Yasir Roman,TYR0442,34,16,21,26,32,0.06966479191162667,0
TZD0878,0.0,1034.0,1000.0,729.0,Tanek Zeph Dorsey,TZD0878,37,19,31,12,40,0.06727591982884384,0
UAB0016,0.0,0.0,690.0,0.0,Urielle Alexis Bartlett,UAB0016,40,39,48,42,27,0.1275297526366891,0
UAD0771,996.0,0.0,0.0,0.0,Uriel Axel Diaz,UAD0771,46,34,15,30,31,0.14905068776750863,0
UAP0214,0.0,0.0,4474.0,0.0,Uta Adele Powers,UAP0214,38,36,32,42,25,0.05705303708553433,0
UBF0645,1005.0,0.0,0.0,0.0,Ursa Britanney Frederick,UBF0645,34,20,34,23,31,0.16426914474557386,0
UCH0519,812.0,0.0,0.0,0.0,Ulric Colt Holt,UCH0519,33,40,20,47,28,0.15694656610193258,0
UCS0227,3048.0,0.0,0.0,0.0,Uriel Charles Solomon,UCS0227,22,32,41,35,34,0.12410346635288672,0
UFK0208,4709.0,0.0,0.0,0.0,Ulric Ferdinand Knapp,UFK0208,18,34,22,23,30,0.1122779592758758,0
UIR0043,3720.0,0.0,0.0,0.0,Ursula Idona Richard,UIR0043,19,37,23,38,32,0.12205036220540622,0
UJB0444,0.0,0.0,1175.0,0.0,Uta Jayme Brennan,UJB0444,39,39,18,45,30,0.13708441030902296,0
UJB0529,0.0,0.0,690.0,0.0,Uta Jamalia Bullock,UJB0529,25,16,37,18,34,0.1574821325692366,0
UJC0737,4987.0,0.0,0.0,0.0,Urielle Jane Carter,UJC0737,16,12,12,38,25,0.03789614467001101,0
UKW0099,0.0,0.0,690.0,0.0,Upton Kevin Wilcox,UKW0099,42,46,20,43,33,0.15196936751291917,0
UKW0675,0.0,0.0,690.0,0.0,Uriel Kermit Wall,UKW0675,44,16,39,16,32,0.14630774572427319,0
UQR0361,0.0,0.0,690.0,0.0,Ursula Quail Robbins,UQR0361,42,23,41,17,39,0.12951777581461493,0
USH0199,3052.0,0.0,0.0,0.0,Upton Sebastian Holt,USH0199,44,39,46,36,25,0.10516497806882863,0
UVS0368,0.0,0.0,690.0,0.0,Upton Victor Stanton,UVS0368,20,21,37,36,29,0.16188585032989705,0
VAA0087,3011.0,0.0,0.0,0.0,Vincent Avram Aguirre,VAA0087,36,44,42,18,23,0.11845149685103512,0
VAD0688,0.0,0.0,1669.0,0.0,Veronica Alexa David,VAD0688,41,27,16,41,23,0.08121239880345194,0
VBM0960,0.0,0.0,690.0,0.0,Venus Bethany Macdonald,VBM0960,40,42,38,42,35,0.14852031969523888,0
VCC0396,3021.0,0.0,0.0,0.0,Vincent Craig Cunningham,VCC0396,21,45,16,37,23,0.10484774152328197,0
VCY0751,5021.0,0.0,0.0,0.0,Vincent Calvin Young,VCY0751,37,24,39,19,25,0.12058129909103149,0
VDB0894,0.0,1074.0,1102.0,1982.0,Vaughan Dillon Branch,VDB0894,39,21,21,17,25,0.05952697275709207,0
VDT0838,0.0,0.0,690.0,0.0,Vladimir Dale Tyson,VDT0838,46,17,32,40,24,0.13400789253518003,0
VEB0935,3011.0,0.0,0.0,0.0,Valentine Elton Britt,VEB0935,46,37,39,20,32,0.14153476665298625,0
VEP0043,0.0,0.0,690.0,0.0,Vaughan Emery Paul,VEP0043,34,30,50,14,33,0.11438439479684681,0
VEP0734,0.0,270.0,690.0,248.0,Vera Eve Pollard,VEP0734,32,46,14,19,30,0.10963976384749519,0
VFM0814,2110.0,0.0,0.0,0.0,Vernon Finn Mcgee,VFM0814,46,45,44,19,28,0.11510854770065371,0
VIA0063,4701.0,0.0,0.0,0.0,Vance Ira Alston,VIA0063,40,34,19,50,33,0.08446219583382791,0
VJB0695,0.0,0.0,961.0,0.0,Vance Joshua Booth,VJB0695,27,25,20,30,23,0.14374975637610338,0
VJP0518,0.0,0.0,690.0,0.0,Vivian Jenette Peters,VJP0518,42,41,43,22,36,0.14766502693255185,0
VLB0057,0.0,813.0,1228.0,1906.0,Vaughan Lucian Buck,VLB0057,16,19,21,37,30,0.03863273168676307,0
VLB0647,1018.0,0.0,0.0,0.0,Valentine Lucian Benjamin,VLB0647,48,40,42,47,24,0.10239723314939508,0
VMJ0147,4711.0,0.0,0.0,0.0,Vera Mollie Jenkins,VMJ0147,23,28,37,22,24,0.10409739277200736,0
VMJ0546,3016.0,0.0,0.0,0.0,Veda Martina Jacobson,VMJ0546,20,37,29,39,26,0.12979405020937435,0
VMT0475,0.0,0.0,690.0,0.0,Velma Marah Torres,VMT0475,22,24,38,15,22,0.11996179218164921,0
VNH0910,0.0,0.0,690.0,0.0,Vera Nicole Hardin,VNH0910,41,38,27,41,18,0.1254393326336144,0
VRL0117,0.0,0.0,690.0,0.0,Virginia Rama Leach,VRL0117,38,39,44,23,28,0.15831529022329016,0
VSA0230,2587.0,0.0,0.0,0.0,Vivian Sarah Arnold,VSA0230,47,15,25,14,29,0.09482343706886803,0
VSS0154,2301.0,0.0,0.0,0.0,Vernon Samuel Sawyer,VSS0154,43,49,10,40,30,0.09353203606104915,0
VTT0385,2964.0,0.0,0.0,0.0,Vladimir Thomas Todd,VTT0385,14,26,17,36,28,0.09934847153386694,0
VUB0709,0.0,0.0,690.0,0.0,Vladimir Uriel Barker,VUB0709,43,29,22,43,28,0.1658258588384796,0
VXA0673,0.0,182.0,1396.0,285.0,Vaughan Xerxes Anderson,VXA0673,36,47,18,45,31,0.06548660693198205,0
WAB0143,2211.0,0.0,0.0,0.0,William Aladdin Bennett,WAB0143,43,43,24,22,33,0.15128629304670482,0
WAR0440,0.0,0.0,690.0,0.0,Wyatt Aristotle Romero,WAR0440,21,17,15,38,30,0.12887946236078324,0
WAS0254,3052.0,0.0,0.0,0.0,William Aristotle Sampson,WAS0254,43,37,16,18,35,0.12925570972388845,0
WAW0242,0.0,0.0,798.0,0.0,Wing Aidan Waters,WAW0242,27,36,38,19,24,0.15200828361297508,0
WAW0624,0.0,654.0,1018.0,5934.0,William Abel Wiley,WAW0624,38,20,46,16,21,-0.03202516809671818,1
WBC0192,4704.0,0.0,0.0,0.0,Whoopi Britanney Camacho,WBC0192,47,36,39,39,27,0.10203416407459187,0
WBC0315,5019.0,0.0,0.0,0.0,William Beau Callahan,WBC0315,40,37,40,45,24,0.0875584077845738,0
WBY0542,0.0,0.0,690.0,0.0,Warren Bruno Yang,WBY0542,40,38,10,37,25,0.1488814774947007,0
WCC0009,0.0,0.0,684.0,0.0,Wade Castor Cabrera,WCC0009,12,29,17,10,27,0.09679617318324513,0
WCS0883,0.0,209.0,991.0,261.0,Whoopi Celeste Schultz,WCS0883,33,41,41,41,24,0.10244793211839148,0
WDD0366,3215.0,0.0,0.0,0.0,Wesley Dustin Dickerson,WDD0366,43,42,17,19,28,0.14472688593154132,0
WDO0870,4628.0,0.0,0.0,0.0,William Damian Oconnor,WDO0870,23,21,14,13,25,0.07448563015842591,0
WDV0573,353.0,0.0,0.0,0.0,Wang Dean Vasquez,WDV0573,48,36,13,31,33,0.13660495955144758,0
WGR0833,339.0,0.0,0.0,0.0,William Graham Rowe,WGR0833,38,46,24,38,42,0.10980168237784349,0
WGS0516,1006.0,0.0,0.0,0.0,Willa Giselle Stanton,WGS0516,11,20,39,20,29,0.12461066736630316,0
WHC0684,0.0,9859.0,1453.0,6556.0,William Hu Chang,WHC0684,33,13,43,18,32,-0.09808662102921373,1
WIF0497,0.0,0.0,1005.0,0.0,Wanda Irene Frazier,WIF0497,48,37,34,12,27,0.12349705907510988,0
WIF0691,3013.0,0.0,0.0,0.0,Wade Ira Frazier,WIF0691,33,39,37,30,24,0.13972811639401106,0
WIQ0567,3876.0,0.0,0.0,0.0,Willow Iliana Quinn,WIQ0567,25,41,10,47,39,0.060112683012938706,0
WJD0576,334.0,0.0,0.0,0.0,Willow Jaime Daniel,WJD0576,40,20,23,38,26,0.16539502674375883,0
WKC0202,0.0,0.0,876.0,0.0,Wylie Keane Conway,WKC0202,24,21,30,22,30,0.16386111901822292,0
WKD0013,6076.0,0.0,0.0,0.0,Wesley Kasper Duffy,WKD0013,42,36,40,27,34,0.08289452760117516,0
WKF0012,6056.0,0.0,0.0,0.0,Walter Kaseem Foley,WKF0012,37,44,20,45,23,0.06191238212765038,0
WLM0450,0.0,0.0,690.0,0.0,Willa Lara Marshall,WLM0450,42,47,19,27,38,0.13106453225103704,0
WLM0720,0.0,0.0,690.0,0.0,Warren Louis Mayo,WLM0720,15,10,30,19,31,0.10376546215321397,0
WLV0566,3007.0,0.0,0.0,0.0,Whilemina Liberty Velez,WLV0566,10,19,38,24,39,0.07705881806078363,0
WMD0345,0.0,0.0,690.0,0.0,Wallace Mannix Deleon,WMD0345,28,24,17,40,25,0.14741904606630213,0
WMH0866,0.0,132.0,1076.0,305.0,Whitney Melissa Harrington,WMH0866,41,45,41,33,33,0.10337010275794101,0
WMN0451,0.0,0.0,690.0,0.0,Walter Moses Noble,WMN0451,30,23,25,30,35,0.16735165279058734,0
WNB0908,999.0,0.0,0.0,0.0,Wing Noah Bonner,WNB0908,38,38,38,22,23,0.1460708623186484,0
WPE0538,1007.0,0.0,0.0,0.0,Whilemina Pandora England,WPE0538,21,16,23,22,35,0.12864796989119848,0
WPK0074,0.0,0.0,690.0,0.0,Willa Pearl Kidd,WPK0074,42,46,24,43,32,0.15198893151309822,0
WPR0368,4534.0,0.0,0.0,0.0,William Price Robles,WPR0368,48,34,40,17,31,0.0909840644758827,0
WRM0963,168.0,0.0,0.0,0.0,Wynter Rose Mercer,WRM0963,17,23,43,31,22,0.10265369892836312,0
WSN0932,0.0,0.0,689.0,0.0,Wendy Stacy Norman,WSN0932,42,46,17,14,31,0.1475113127515036,0
WSP0210,0.0,93.0,1995.0,281.0,Whilemina Shafira Perry,WSP0210,32,42,26,43,28,0.07549262515948046,0
WSR0241,3349.0,0.0,0.0,0.0,Wanda Samantha Rogers,WSR0241,35,27,15,25,29,0.14660067833681428,0
WTF0387,3034.0,0.0,0.0,0.0,William Trevor Fuentes,WTF0387,40,23,40,25,24,0.13895945214537797,0
WTR0563,2992.0,0.0,0.0,0.0,William Theodore Reeves,WTR0563,47,45,46,15,31,0.07592262959746293,0
WVB0343,0.0,454.0,1020.0,256.0,William Vernon Booth,WVB0343,35,21,20,38,27,0.1316663892321131,0
WVB0539,4629.0,0.0,0.0,0.0,Winter Veda Burks,WVB0539,43,16,18,42,31,0.10573959894475454,0
WWM0523,0.0,0.0,690.0,0.0,Willow Winifred Mcgowan,WWM0523,37,47,17,38,34,0.15568753310738892,0
WWR0317,0.0,2321.0,1091.0,1347.0,Wade Warren Rivers,WWR0317,16,35,20,13,39,0.00022717952610229464,0
WXH0872,5074.0,0.0,0.0,0.0,Wynne Xyla Hartman,WXH0872,17,20,19,21,25,0.09433646768777604,0
XAA0104,3039.0,0.0,0.0,0.0,Xander Aaron Acevedo,XAA0104,41,40,14,38,42,0.0991727994177532,0
XBB0890,0.0,0.0,832.0,0.0,Xenos Benjamin Byers,XBB0890,40,18,44,39,21,0.10629272968085057,0
XBN0229,2991.0,0.0,0.0,0.0,Xandra Briar Nielsen,XBN0229,34,16,17,40,29,0.13199547736151673,0
XBW0181,0.0,8327.0,934.0,5885.0,Xander Byron Walter,XBW0181,45,28,38,43,22,-0.08294650855937491,1
XHG0902,1013.0,0.0,0.0,0.0,Xenos Hayden Gallegos,XHG0902,44,35,23,47,14,0.08432004326556952,0
XHW0498,2827.0,0.0,0.0,0.0,Xerxes Howard Wilcox,XHW0498,37,47,48,23,35,0.08705761085653752,0
XLB0710,338.0,0.0,0.0,0.0,Xanthus Louis Buck,XLB0710,46,38,39,36,20,0.12441688433235959,0
XML0742,0.0,0.0,1094.0,0.0,Xanthus Malachi Larson,XML0742,46,34,16,37,26,0.12565867497502137,0
XOH0359,0.0,660.0,1182.0,342.0,Xavier Owen Huff,XOH0359,27,22,15,25,29,0.08885466803263281,0
XRG0760,0.0,1936.0,955.0,703.0,Xena Roary Goodman,XRG0760,33,37,46,15,35,0.05553210488981464,0
XRS0633,1012.0,0.0,0.0,0.0,Xenos Rudyard Small,XRS0633,34,39,39,40,23,0.14415309959419187,0
XUG0327,0.0,2001.0,1385.0,1921.0,Xena Uma Gibson,XUG0327,34,50,41,12,31,-0.002398552547778765,1
XWD0923,2443.0,0.0,0.0,0.0,Xander Walter Doyle,XWD0923,16,38,45,20,31,0.0919059123245985,0
XYW0563,0.0,0.0,580.0,0.0,Xander Yuli Waller,XYW0563,40,35,25,39,34,0.16324118832679552,0
YAP0560,0.0,287.0,1012.0,381.0,Yvonne Adena Porter,YAP0560,41,41,41,44,27,0.07746480671421369,0
YCE0983,3027.0,0.0,0.0,0.0,Yardley Cairo Elliott,YCE0983,39,21,42,30,36,0.12953114616684225,0
YCH0796,0.0,0.0,690.0,0.0,Yetta Chava Harvey,YCH0796,35,42,21,21,28,0.1811162683509236,0
YCS0499,0.0,2616.0,736.0,243.0,Yardley Caleb Sawyer,YCS0499,41,18,17,40,20,0.04478052106517927,0
YDG0180,0.0,0.0,866.0,0.0,Yvonne Desiree Gutierrez,YDG0180,23,20,31,19,29,0.1621091059135203,0
YDN0198,3693.0,0.0,0.0,0.0,Yasir Dexter Nelson,YDN0198,45,50,41,11,24,0.06393607997066819,0
YEV0793,3005.0,0.0,0.0,0.0,Yardley Ezra Vang,YEV0793,40,37,42,15,22,0.11276077575426724,0
YEV0902,0.0,915.0,712.0,5928.0,Yen Echo Velez,YEV0902,26,25,38,21,33,0.01097465578705037,0
YFT0298,0.0,0.0,690.0,0.0,Yeo Fredericka Thornton,YFT0298,38,13,36,20,20,0.1273602695937217,0
YIC0195,3716.0,0.0,0.0,0.0,Yolanda Idona Crosby,YIC0195,18,49,19,40,31,0.094966555833289,0
YJF0532,994.0,0.0,0.0,0.0,Yoshio Joseph Farmer,YJF0532,40,35,23,47,26,0.14123338430592142,0
YJV0699,340.0,0.0,0.0,0.0,Yvette Jeanette Vang,YJV0699,17,25,30,13,31,0.11425382123285655,0
YKW0319,0.0,662.0,1108.0,5426.0,Yuri Kylan Weaver,YKW0319,37,42,38,26,24,-0.0021910842155919985,1
YQH0930,0.0,0.0,954.0,0.0,Yolanda Quynn Horne,YQH0930,14,37,18,40,28,0.12946948463175006,0
YSJ0565,0.0,0.0,690.0,0.0,Yvonne Stacy Jordan,YSJ0565,39,37,46,14,36,0.12189812330631739,0
YWW0660,771.0,0.0,0.0,0.0,Yasir Wade Wilcox,YWW0660,39,35,37,10,36,0.11480548630718174,0
YXG0504,0.0,10073.0,1306.0,7289.0,Yeo Xyla Garner,YXG0504,48,33,21,34,27,-0.12310207837815057,1
ZAS0669,0.0,3389.0,928.0,2071.0,Zachery Ashton Stewart,ZAS0669,12,21,34,27,34,0.005308006570332813,0
ZCB0358,0.0,0.0,911.0,0.0,Zeph Christopher Battle,ZCB0358,41,18,43,19,30,0.1539843073520149,0
ZCF0590,329.0,0.0,0.0,0.0,Zane Cadman Fields,ZCF0590,42,42,42,25,31,0.15280725517968824,0
ZCL0880,0.0,0.0,690.0,0.0,Zelenia Charlotte Lamb,ZCL0880,10,41,22,16,22,0.08635402127379199,0
ZDW0859,5020.0,0.0,0.0,0.0,Zeph Dakota Wilkerson,ZDW0859,39,45,26,41,32,0.11433473680874817,0
ZED0676,0.0,237.0,1146.0,675.0,Zeus Edward Dawson,ZED0676,35,29,20,20,29,0.12487058164582526,0
ZER0363,0.0,0.0,124.0,0.0,Zeph Ezekiel Richards,ZER0363,40,24,23,27,29,0.16932115323758712,0
ZFM0468,336.0,0.0,0.0,0.0,Zenia Freya Macias,ZFM0468,35,16,20,45,30,0.14719508835719336,0
ZJE0857,5362.0,0.0,0.0,0.0,Zenaida Justine England,ZJE0857,35,34,36,38,31,0.11391924406282378,0
ZJS0269,3010.0,0.0,0.0,0.0,Zorita Jaime Spears,ZJS0269,30,34,16,35,27,0.13884971530393303,0
ZJW0947,0.0,0.0,953.0,0.0,Zoe Jena Williams,ZJW0947,35,48,38,18,22,0.11477243105029405,0
ZKC0722,0.0,0.0,690.0,0.0,Zorita Kylee Carr,ZKC0722,23,19,38,23,23,0.14601174922560806,0
ZKS0899,1015.0,0.0,0.0,0.0,Zenia Kiona Stevenson,ZKS0899,47,20,42,43,30,0.12439339856020543,0
ZLB0620,0.0,0.0,690.0,0.0,Zelenia Lydia Boyer,ZLB0620,40,18,25,35,28,0.17372828042336902,0
ZLW0169,0.0,0.0,690.0,0.0,Zephr Leslie Wilder,ZLW0169,32,46,39,17,33,0.15273367847846325,0
ZMC0284,2997.0,0.0,0.0,0.0,Zachary Myles Cardenas,ZMC0284,42,33,41,30,31,0.1507602670686614,0
ZNS0213,0.0,218.0,4852.0,670.0,Zelenia Neve Snider,ZNS0213,43,38,35,25,27,0.015466937706889894,0
ZSB0649,1017.0,0.0,0.0,0.0,Zia Shelley Blankenship,ZSB0649,23,25,36,14,26,0.1373020627438401,0
ZSK0258,3000.0,0.0,0.0,0.0,Zachery Samson Kerr,ZSK0258,38,35,21,37,25,0.15256769997248731,0
ZSL0305,337.0,0.0,0.0,0.0,Zena Sigourney Langley,ZSL0305,21,26,18,41,32,0.14591812105524454,0
ZSP0972,0.0,0.0,690.0,0.0,Zia Shoshana Pitts,ZSP0972,37,45,31,24,32,0.1724101745297908,0
